{"type": "FeatureCollection", "features": [{"type": "Feature", "id": 0, "geometry": {"type": "Polygon", "coordinates": [[[41.755558, 42.021609], [41.752345, 42.01761], [41.755494, 42.013281], [41.761855, 42.012951], [41.765067, 42.01695], [41.761919, 42.021279], [41.755558, 42.021609]]]}, "properties": {"i": 0, "h3": "882c211141fffff", "lon": 41.75871, "lat": 42.01728, "water_km2": 0.006, "dist_coast_km": 0.0, "persistence": 0.0, "mean_cover": 0.0, "max_cover": 0.0, "trend_cover": 0.0, "hot": 0.0, "n_obs": 1}}, {"type": "Feature", "id": 1, "geometry": {"type": "Polygon", "coordinates": [[[41.755494, 42.013281], [41.752282, 42.009282], [41.755431, 42.004953], [41.761791, 42.004623], [41.765003, 42.008622], [41.761855, 42.012951], [41.755494, 42.013281]]]}, "properties": {"i": 1, "h3": "882c211145fffff", "lon": 41.75864, "lat": 42.00895, "water_km2": 0.142, "dist_coast_km": 1.4, "persistence": 0.0, "mean_cover": 0.0, "max_cover": 0.0, "trend_cover": 0.0, "hot": 0.0, "n_obs": 1}}, {"type": "Feature", "id": 2, "geometry": {"type": "Polygon", "coordinates": [[[41.746047, 42.026268], [41.742835, 42.022269], [41.745984, 42.01794], [41.752345, 42.01761], [41.755558, 42.021609], [41.752409, 42.025938], [41.746047, 42.026268]]]}, "properties": {"i": 2, "h3": "882c211149fffff", "lon": 41.7492, "lat": 42.02194, "water_km2": 0.404, "dist_coast_km": 0.0, "persistence": 0.0, "mean_cover": 0.0, "max_cover": 0.0, "trend_cover": 0.0, "hot": 0.0, "n_obs": 1}}, {"type": "Feature", "id": 3, "geometry": {"type": "Polygon", "coordinates": [[[41.745984, 42.01794], [41.742772, 42.013941], [41.745922, 42.009612], [41.752282, 42.009282], [41.755494, 42.013281], [41.752345, 42.01761], [41.745984, 42.01794]]]}, "properties": {"i": 3, "h3": "882c21114dfffff", "lon": 41.74913, "lat": 42.01361, "water_km2": 0.678, "dist_coast_km": 1.4, "persistence": 0.0, "mean_cover": 0.0, "max_cover": 0.0, "trend_cover": 0.0, "hot": 0.0, "n_obs": 1}}, {"type": "Feature", "id": 4, "geometry": {"type": "Polygon", "coordinates": [[[41.755431, 42.004953], [41.752219, 42.000953], [41.755367, 41.996624], [41.761727, 41.996294], [41.764938, 42.000293], [41.761791, 42.004623], [41.755431, 42.004953]]]}, "properties": {"i": 4, "h3": "882c211169fffff", "lon": 41.75858, "lat": 42.00062, "water_km2": 0.252, "dist_coast_km": 1.4, "persistence": 0.0, "mean_cover": 0.0, "max_cover": 0.0, "trend_cover": 0.0, "hot": 0.0, "n_obs": 1}}, {"type": "Feature", "id": 5, "geometry": {"type": "Polygon", "coordinates": [[[41.755367, 41.996624], [41.752156, 41.992624], [41.755304, 41.988294], [41.761662, 41.987965], [41.764874, 41.991964], [41.761727, 41.996294], [41.755367, 41.996624]]]}, "properties": {"i": 5, "h3": "882c21116dfffff", "lon": 41.75852, "lat": 41.99229, "water_km2": 0.365, "dist_coast_km": 1.4, "persistence": 0.0, "mean_cover": 0.0, "max_cover": 0.0, "trend_cover": 0.0, "hot": 0.0, "n_obs": 1}}, {"type": "Feature", "id": 6, "geometry": {"type": "Polygon", "coordinates": [[[41.689286, 42.104165], [41.686072, 42.100167], [41.689229, 42.09584], [41.695599, 42.095512], [41.698813, 42.09951], [41.695657, 42.103836], [41.689286, 42.104165]]]}, "properties": {"i": 6, "h3": "882c211245fffff", "lon": 41.69244, "lat": 42.09984, "water_km2": 0.205, "dist_coast_km": 0.0, "persistence": 0.0, "mean_cover": 0.0, "max_cover": 0.0, "trend_cover": 0.0, "hot": 0.0, "n_obs": 1}}, {"type": "Feature", "id": 7, "geometry": {"type": "Polygon", "coordinates": [[[41.679813, 42.117144], [41.676599, 42.113146], [41.679757, 42.10882], [41.686129, 42.108492], [41.689343, 42.112489], [41.686185, 42.116816], [41.679813, 42.117144]]]}, "properties": {"i": 7, "h3": "882c211249fffff", "lon": 41.68297, "lat": 42.11282, "water_km2": 0.086, "dist_coast_km": 0.0, "persistence": 0.0, "mean_cover": 0.0, "max_cover": 0.0, "trend_cover": 0.0, "hot": 0.0, "n_obs": 1}}, {"type": "Feature", "id": 8, "geometry": {"type": "Polygon", "coordinates": [[[41.679757, 42.10882], [41.676543, 42.104821], [41.679701, 42.100495], [41.686072, 42.100167], [41.689286, 42.104165], [41.686129, 42.108492], [41.679757, 42.10882]]]}, "properties": {"i": 8, "h3": "882c21124dfffff", "lon": 41.68291, "lat": 42.10449, "water_km2": 0.579, "dist_coast_km": 0.0, "persistence": 0.0, "mean_cover": 0.0, "max_cover": 0.0, "trend_cover": 0.0, "hot": 0.0, "n_obs": 1}}, {"type": "Feature", "id": 9, "geometry": {"type": "Polygon", "coordinates": [[[41.698755, 42.091185], [41.695541, 42.087187], [41.698697, 42.08286], [41.705066, 42.082531], [41.708279, 42.086529], [41.705124, 42.090856], [41.698755, 42.091185]]]}, "properties": {"i": 9, "h3": "882c211261fffff", "lon": 41.70191, "lat": 42.08686, "water_km2": 0.496, "dist_coast_km": 0.0, "persistence": 0.0, "mean_cover": 0.0, "max_cover": 0.0, "trend_cover": 0.0, "hot": 0.0, "n_obs": 1}}, {"type": "Feature", "id": 10, "geometry": {"type": "Polygon", "coordinates": [[[41.698697, 42.08286], [41.695484, 42.078861], [41.698639, 42.074534], [41.705007, 42.074206], [41.708221, 42.078204], [41.705066, 42.082531], [41.698697, 42.08286]]]}, "properties": {"i": 10, "h3": "882c211265fffff", "lon": 41.70185, "lat": 42.07853, "water_km2": 0.732, "dist_coast_km": 1.4, "persistence": 0.0, "mean_cover": 0.0, "max_cover": 0.0, "trend_cover": 0.0, "hot": 0.0, "n_obs": 1}}, {"type": "Feature", "id": 11, "geometry": {"type": "Polygon", "coordinates": [[[41.708279, 42.086529], [41.705066, 42.082531], [41.708221, 42.078204], [41.714588, 42.077875], [41.717802, 42.081873], [41.714648, 42.0862], [41.708279, 42.086529]]]}, "properties": {"i": 11, "h3": "882c211267fffff", "lon": 41.71143, "lat": 42.0822, "water_km2": 0.081, "dist_coast_km": 0.0, "persistence": 0.0, "mean_cover": 0.0, "max_cover": 0.0, "trend_cover": 0.0, "hot": 0.0, "n_obs": 1}}, {"type": "Feature", "id": 12, "geometry": {"type": "Polygon", "coordinates": [[[41.689229, 42.09584], [41.686015, 42.091842], [41.689172, 42.087515], [41.695541, 42.087187], [41.698755, 42.091185], [41.695599, 42.095512], [41.689229, 42.09584]]]}, "properties": {"i": 12, "h3": "882c211269fffff", "lon": 41.69239, "lat": 42.09151, "water_km2": 0.671, "dist_coast_km": 0.0, "persistence": 0.0, "mean_cover": 0.0, "max_cover": 0.0, "trend_cover": 0.0, "hot": 0.0, "n_obs": 1}}, {"type": "Feature", "id": 13, "geometry": {"type": "Polygon", "coordinates": [[[41.689172, 42.087515], [41.685958, 42.083516], [41.689115, 42.079189], [41.695484, 42.078861], [41.698697, 42.08286], [41.695541, 42.087187], [41.689172, 42.087515]]]}, "properties": {"i": 13, "h3": "882c21126dfffff", "lon": 41.69233, "lat": 42.08319, "water_km2": 0.738, "dist_coast_km": 1.4, "persistence": 0.0, "mean_cover": 0.0, "max_cover": 0.0, "trend_cover": 0.0, "hot": 0.0, "n_obs": 1}}, {"type": "Feature", "id": 14, "geometry": {"type": "Polygon", "coordinates": [[[41.717563, 42.048568], [41.71435, 42.044569], [41.717503, 42.040241], [41.723868, 42.039912], [41.72708, 42.043911], [41.723928, 42.04824], [41.717563, 42.048568]]]}, "properties": {"i": 14, "h3": "882c211301fffff", "lon": 41.72072, "lat": 42.04424, "water_km2": 0.742, "dist_coast_km": 1.4, "persistence": 0.0, "mean_cover": 0.0, "max_cover": 0.0, "trend_cover": 0.0, "hot": 0.0, "n_obs": 1}}, {"type": "Feature", "id": 15, "geometry": {"type": "Polygon", "coordinates": [[[41.727141, 42.052238], [41.723928, 42.04824], [41.72708, 42.043911], [41.733444, 42.043582], [41.736657, 42.047581], [41.733506, 42.051909], [41.727141, 42.052238]]]}, "properties": {"i": 15, "h3": "882c211303fffff", "lon": 41.73029, "lat": 42.04791, "water_km2": 0.282, "dist_coast_km": 0.0, "persistence": 0.0, "mean_cover": 0.0, "max_cover": 0.0, "trend_cover": 0.0, "hot": 0.0, "n_obs": 1}}, {"type": "Feature", "id": 16, "geometry": {"type": "Polygon", "coordinates": [[[41.717503, 42.040241], [41.714291, 42.036241], [41.717443, 42.031913], [41.723807, 42.031585], [41.727019, 42.035584], [41.723868, 42.039912], [41.717503, 42.040241]]]}, "properties": {"i": 16, "h3": "882c211305fffff", "lon": 41.72066, "lat": 42.03591, "water_km2": 0.718, "dist_coast_km": 1.4, "persistence": 0.0, "mean_cover": 0.0, "max_cover": 0.0, "trend_cover": 0.0, "hot": 0.0, "n_obs": 1}}, {"type": "Feature", "id": 17, "geometry": {"type": "Polygon", "coordinates": [[[41.72708, 42.043911], [41.723868, 42.039912], [41.727019, 42.035584], [41.733383, 42.035255], [41.736596, 42.039254], [41.733444, 42.043582], [41.72708, 42.043911]]]}, "properties": {"i": 17, "h3": "882c211307fffff", "lon": 41.73023, "lat": 42.03958, "water_km2": 0.63, "dist_coast_km": 0.0, "persistence": 0.0, "mean_cover": 0.0, "max_cover": 0.0, "trend_cover": 0.0, "hot": 0.0, "n_obs": 1}}, {"type": "Feature", "id": 18, "geometry": {"type": "Polygon", "coordinates": [[[41.708044, 42.053225], [41.704832, 42.049225], [41.707985, 42.044898], [41.71435, 42.044569], [41.717563, 42.048568], [41.71441, 42.052896], [41.708044, 42.053225]]]}, "properties": {"i": 18, "h3": "882c211309fffff", "lon": 41.7112, "lat": 42.0489, "water_km2": 0.745, "dist_coast_km": 1.4, "persistence": 0.0, "mean_cover": 0.0, "max_cover": 0.0, "trend_cover": 0.0, "hot": 0.0, "n_obs": 1}}, {"type": "Feature", "id": 19, "geometry": {"type": "Polygon", "coordinates": [[[41.717623, 42.056895], [41.71441, 42.052896], [41.717563, 42.048568], [41.723928, 42.04824], [41.727141, 42.052238], [41.723988, 42.056566], [41.717623, 42.056895]]]}, "properties": {"i": 19, "h3": "882c21130bfffff", "lon": 41.72078, "lat": 42.05257, "water_km2": 0.695, "dist_coast_km": 0.0, "persistence": 0.0, "mean_cover": 0.0, "max_cover": 0.0, "trend_cover": 0.0, "hot": 0.0, "n_obs": 1}}, {"type": "Feature", "id": 20, "geometry": {"type": "Polygon", "coordinates": [[[41.707985, 42.044898], [41.704773, 42.040898], [41.707926, 42.03657], [41.714291, 42.036241], [41.717503, 42.040241], [41.71435, 42.044569], [41.707985, 42.044898]]]}, "properties": {"i": 20, "h3": "882c21130dfffff", "lon": 41.71114, "lat": 42.04057, "water_km2": 0.72, "dist_coast_km": 1.4, "persistence": 0.0, "mean_cover": 0.0, "max_cover": 0.0, "trend_cover": 0.0, "hot": 0.0, "n_obs": 1}}, {"type": "Feature", "id": 21, "geometry": {"type": "Polygon", "coordinates": [[[41.726959, 42.027256], [41.723747, 42.023256], [41.726898, 42.018928], [41.73326, 42.018599], [41.736472, 42.022598], [41.733322, 42.026927], [41.726959, 42.027256]]]}, "properties": {"i": 21, "h3": "882c211321fffff", "lon": 41.73011, "lat": 42.02293, "water_km2": 0.73, "dist_coast_km": 1.4, "persistence": 0.0, "mean_cover": 0.0, "max_cover": 0.0, "trend_cover": 0.0, "hot": 0.0, "n_obs": 1}}, {"type": "Feature", "id": 22, "geometry": {"type": "Polygon", "coordinates": [[[41.736534, 42.030926], [41.733322, 42.026927], [41.736472, 42.022598], [41.742835, 42.022269], [41.746047, 42.026268], [41.742897, 42.030597], [41.736534, 42.030926]]]}, "properties": {"i": 22, "h3": "882c211323fffff", "lon": 41.73968, "lat": 42.0266, "water_km2": 0.68, "dist_coast_km": 1.4, "persistence": 0.0, "mean_cover": 0.0, "max_cover": 0.0, "trend_cover": 0.0, "hot": 0.0, "n_obs": 1}}, {"type": "Feature", "id": 23, "geometry": {"type": "Polygon", "coordinates": [[[41.726898, 42.018928], [41.723687, 42.014927], [41.726837, 42.010599], [41.733199, 42.01027], [41.736411, 42.01427], [41.73326, 42.018599], [41.726898, 42.018928]]]}, "properties": {"i": 23, "h3": "882c211325fffff", "lon": 41.73005, "lat": 42.0146, "water_km2": 0.732, "dist_coast_km": 2.3, "persistence": 0.0, "mean_cover": 0.0, "max_cover": 0.0, "trend_cover": 0.0, "hot": 0.0, "n_obs": 1}}, {"type": "Feature", "id": 24, "geometry": {"type": "Polygon", "coordinates": [[[41.736472, 42.022598], [41.73326, 42.018599], [41.736411, 42.01427], [41.742772, 42.013941], [41.745984, 42.01794], [41.742835, 42.022269], [41.736472, 42.022598]]]}, "properties": {"i": 24, "h3": "882c211327fffff", "lon": 41.73962, "lat": 42.01827, "water_km2": 0.718, "dist_coast_km": 1.4, "persistence": 0.0, "mean_cover": 0.0, "max_cover": 0.0, "trend_cover": 0.0, "hot": 0.0, "n_obs": 1}}, {"type": "Feature", "id": 25, "geometry": {"type": "Polygon", "coordinates": [[[41.717443, 42.031913], [41.714232, 42.027913], [41.717384, 42.023585], [41.723747, 42.023256], [41.726959, 42.027256], [41.723807, 42.031585], [41.717443, 42.031913]]]}, "properties": {"i": 25, "h3": "882c211329fffff", "lon": 41.7206, "lat": 42.02758, "water_km2": 0.742, "dist_coast_km": 2.3, "persistence": 0.0, "mean_cover": 0.0, "max_cover": 0.0, "trend_cover": 0.0, "hot": 0.0, "n_obs": 1}}, {"type": "Feature", "id": 26, "geometry": {"type": "Polygon", "coordinates": [[[41.727019, 42.035584], [41.723807, 42.031585], [41.726959, 42.027256], [41.733322, 42.026927], [41.736534, 42.030926], [41.733383, 42.035255], [41.727019, 42.035584]]]}, "properties": {"i": 26, "h3": "882c21132bfffff", "lon": 41.73017, "lat": 42.03126, "water_km2": 0.735, "dist_coast_km": 1.4, "persistence": 0.0, "mean_cover": 0.0, "max_cover": 0.0, "trend_cover": 0.0, "hot": 0.0, "n_obs": 1}}, {"type": "Feature", "id": 27, "geometry": {"type": "Polygon", "coordinates": [[[41.717384, 42.023585], [41.714172, 42.019584], [41.717324, 42.015256], [41.723687, 42.014927], [41.726898, 42.018928], [41.723747, 42.023256], [41.717384, 42.023585]]]}, "properties": {"i": 27, "h3": "882c21132dfffff", "lon": 41.72054, "lat": 42.01926, "water_km2": 0.72, "dist_coast_km": 2.3, "persistence": 0.0, "mean_cover": 0.0, "max_cover": 0.0, "trend_cover": 0.0, "hot": 0.0, "n_obs": 1}}, {"type": "Feature", "id": 28, "geometry": {"type": "Polygon", "coordinates": [[[41.736596, 42.039254], [41.733383, 42.035255], [41.736534, 42.030926], [41.742897, 42.030597], [41.746109, 42.034595], [41.742959, 42.038924], [41.736596, 42.039254]]]}, "properties": {"i": 28, "h3": "882c21133dfffff", "lon": 41.73975, "lat": 42.03493, "water_km2": 0.211, "dist_coast_km": 0.0, "persistence": 0.0, "mean_cover": 0.0, "max_cover": 0.0, "trend_cover": 0.0, "hot": 0.0, "n_obs": 1}}, {"type": "Feature", "id": 29, "geometry": {"type": "Polygon", "coordinates": [[[41.688944, 42.054209], [41.685732, 42.050208], [41.688887, 42.045881], [41.695253, 42.045553], [41.698465, 42.049553], [41.695311, 42.053881], [41.688944, 42.054209]]]}, "properties": {"i": 29, "h3": "882c211341fffff", "lon": 41.6921, "lat": 42.04988, "water_km2": 0.74, "dist_coast_km": 2.3, "persistence": 0.0, "mean_cover": 0.0, "max_cover": 0.0, "trend_cover": 0.0, "hot": 0.0, "n_obs": 1}}, {"type": "Feature", "id": 30, "geometry": {"type": "Polygon", "coordinates": [[[41.698523, 42.057881], [41.695311, 42.053881], [41.698465, 42.049553], [41.704832, 42.049225], [41.708044, 42.053225], [41.70489, 42.057553], [41.698523, 42.057881]]]}, "properties": {"i": 30, "h3": "882c211343fffff", "lon": 41.70168, "lat": 42.05355, "water_km2": 0.732, "dist_coast_km": 1.4, "persistence": 0.0, "mean_cover": 0.0, "max_cover": 0.0, "trend_cover": 0.0, "hot": 0.0, "n_obs": 1}}, {"type": "Feature", "id": 31, "geometry": {"type": "Polygon", "coordinates": [[[41.688887, 42.045881], [41.685675, 42.04188], [41.68883, 42.037552], [41.695196, 42.037225], [41.698407, 42.041225], [41.695253, 42.045553], [41.688887, 42.045881]]]}, "properties": {"i": 31, "h3": "882c211345fffff", "lon": 41.69204, "lat": 42.04155, "water_km2": 0.725, "dist_coast_km": 2.3, "persistence": 0.0, "mean_cover": 0.0, "max_cover": 0.0, "trend_cover": 0.0, "hot": 0.0, "n_obs": 1}}, {"type": "Feature", "id": 32, "geometry": {"type": "Polygon", "coordinates": [[[41.698465, 42.049553], [41.695253, 42.045553], [41.698407, 42.041225], [41.704773, 42.040898], [41.707985, 42.044898], [41.704832, 42.049225], [41.698465, 42.049553]]]}, "properties": {"i": 32, "h3": "882c211347fffff", "lon": 41.70162, "lat": 42.04523, "water_km2": 0.73, "dist_coast_km": 2.3, "persistence": 0.0, "mean_cover": 0.0, "max_cover": 0.0, "trend_cover": 0.0, "hot": 0.0, "n_obs": 1}}, {"type": "Feature", "id": 33, "geometry": {"type": "Polygon", "coordinates": [[[41.67942, 42.058863], [41.676208, 42.054863], [41.679364, 42.050535], [41.685732, 42.050208], [41.688944, 42.054209], [41.685788, 42.058536], [41.67942, 42.058863]]]}, "properties": {"i": 33, "h3": "882c211349fffff", "lon": 41.68258, "lat": 42.05454, "water_km2": 0.745, "dist_coast_km": 2.7, "persistence": 0.0, "mean_cover": 0.0, "max_cover": 0.0, "trend_cover": 0.0, "hot": 0.0, "n_obs": 1}}, {"type": "Feature", "id": 34, "geometry": {"type": "Polygon", "coordinates": [[[41.689001, 42.062536], [41.685788, 42.058536], [41.688944, 42.054209], [41.695311, 42.053881], [41.698523, 42.057881], [41.695368, 42.062208], [41.689001, 42.062536]]]}, "properties": {"i": 34, "h3": "882c21134bfffff", "lon": 41.69216, "lat": 42.05821, "water_km2": 0.725, "dist_coast_km": 1.4, "persistence": 0.0, "mean_cover": 0.0, "max_cover": 0.0, "trend_cover": 0.0, "hot": 0.0, "n_obs": 1}}, {"type": "Feature", "id": 35, "geometry": {"type": "Polygon", "coordinates": [[[41.679364, 42.050535], [41.676153, 42.046534], [41.679308, 42.042207], [41.685675, 42.04188], [41.688887, 42.045881], [41.685732, 42.050208], [41.679364, 42.050535]]]}, "properties": {"i": 35, "h3": "882c21134dfffff", "lon": 41.68252, "lat": 42.04621, "water_km2": 0.72, "dist_coast_km": 3.3, "persistence": 0.0, "mean_cover": 0.0, "max_cover": 0.0, "trend_cover": 0.0, "hot": 0.0, "n_obs": 1}}, {"type": "Feature", "id": 36, "geometry": {"type": "Polygon", "coordinates": [[[41.708162, 42.069878], [41.704949, 42.065879], [41.708103, 42.061552], [41.714469, 42.061223], [41.717683, 42.065222], [41.714529, 42.069549], [41.708162, 42.069878]]]}, "properties": {"i": 36, "h3": "882c211351fffff", "lon": 41.71132, "lat": 42.06555, "water_km2": 0.742, "dist_coast_km": 0.0, "persistence": 0.0, "mean_cover": 0.0, "max_cover": 0.0, "trend_cover": 0.0, "hot": 0.0, "n_obs": 1}}, {"type": "Feature", "id": 37, "geometry": {"type": "Polygon", "coordinates": [[[41.717742, 42.073547], [41.714529, 42.069549], [41.717683, 42.065222], [41.724049, 42.064892], [41.727262, 42.06889], [41.724109, 42.073218], [41.717742, 42.073547]]]}, "properties": {"i": 37, "h3": "882c211353fffff", "lon": 41.7209, "lat": 42.06922, "water_km2": 0.032, "dist_coast_km": 0.0, "persistence": 0.0, "mean_cover": 0.0, "max_cover": 0.0, "trend_cover": 0.0, "hot": 0.0, "n_obs": 1}}, {"type": "Feature", "id": 38, "geometry": {"type": "Polygon", "coordinates": [[[41.708103, 42.061552], [41.70489, 42.057553], [41.708044, 42.053225], [41.71441, 42.052896], [41.717623, 42.056895], [41.714469, 42.061223], [41.708103, 42.061552]]]}, "properties": {"i": 38, "h3": "882c211355fffff", "lon": 41.71126, "lat": 42.05722, "water_km2": 0.72, "dist_coast_km": 0.0, "persistence": 0.0, "mean_cover": 0.0, "max_cover": 0.0, "trend_cover": 0.0, "hot": 0.0, "n_obs": 1}}, {"type": "Feature", "id": 39, "geometry": {"type": "Polygon", "coordinates": [[[41.717683, 42.065222], [41.714469, 42.061223], [41.717623, 42.056895], [41.723988, 42.056566], [41.727202, 42.060565], [41.724049, 42.064892], [41.717683, 42.065222]]]}, "properties": {"i": 39, "h3": "882c211357fffff", "lon": 41.72084, "lat": 42.06089, "water_km2": 0.38, "dist_coast_km": 0.0, "persistence": 0.0, "mean_cover": 0.0, "max_cover": 0.0, "trend_cover": 0.0, "hot": 0.0, "n_obs": 1}}, {"type": "Feature", "id": 40, "geometry": {"type": "Polygon", "coordinates": [[[41.698639, 42.074534], [41.695426, 42.070535], [41.698581, 42.066208], [41.704949, 42.065879], [41.708162, 42.069878], [41.705007, 42.074206], [41.698639, 42.074534]]]}, "properties": {"i": 40, "h3": "882c211359fffff", "lon": 41.70179, "lat": 42.07021, "water_km2": 0.732, "dist_coast_km": 1.4, "persistence": 0.0, "mean_cover": 0.0, "max_cover": 0.0, "trend_cover": 0.0, "hot": 0.0, "n_obs": 1}}, {"type": "Feature", "id": 41, "geometry": {"type": "Polygon", "coordinates": [[[41.708221, 42.078204], [41.705007, 42.074206], [41.708162, 42.069878], [41.714529, 42.069549], [41.717742, 42.073547], [41.714588, 42.077875], [41.708221, 42.078204]]]}, "properties": {"i": 41, "h3": "882c21135bfffff", "lon": 41.71137, "lat": 42.07388, "water_km2": 0.427, "dist_coast_km": 0.0, "persistence": 0.0, "mean_cover": 0.0, "max_cover": 0.0, "trend_cover": 0.0, "hot": 0.0, "n_obs": 1}}, {"type": "Feature", "id": 42, "geometry": {"type": "Polygon", "coordinates": [[[41.698581, 42.066208], [41.695368, 42.062208], [41.698523, 42.057881], [41.70489, 42.057553], [41.708103, 42.061552], [41.704949, 42.065879], [41.698581, 42.066208]]]}, "properties": {"i": 42, "h3": "882c21135dfffff", "lon": 41.70174, "lat": 42.06188, "water_km2": 0.73, "dist_coast_km": 1.4, "persistence": 0.0, "mean_cover": 0.0, "max_cover": 0.0, "trend_cover": 0.0, "hot": 0.0, "n_obs": 1}}, {"type": "Feature", "id": 43, "geometry": {"type": "Polygon", "coordinates": [[[41.69835, 42.032897], [41.695138, 42.028896], [41.698292, 42.024568], [41.704656, 42.02424], [41.707867, 42.028241], [41.704715, 42.032569], [41.69835, 42.032897]]]}, "properties": {"i": 43, "h3": "882c211361fffff", "lon": 41.7015, "lat": 42.02857, "water_km2": 0.73, "dist_coast_km": 3.3, "persistence": 0.0, "mean_cover": 0.0, "max_cover": 0.0, "trend_cover": 0.0, "hot": 0.0, "n_obs": 1}}, {"type": "Feature", "id": 44, "geometry": {"type": "Polygon", "coordinates": [[[41.707926, 42.03657], [41.704715, 42.032569], [41.707867, 42.028241], [41.714232, 42.027913], [41.717443, 42.031913], [41.714291, 42.036241], [41.707926, 42.03657]]]}, "properties": {"i": 44, "h3": "882c211363fffff", "lon": 41.71108, "lat": 42.03224, "water_km2": 0.745, "dist_coast_km": 2.3, "persistence": 0.0, "mean_cover": 0.0, "max_cover": 0.0, "trend_cover": 0.0, "hot": 0.0, "n_obs": 1}}, {"type": "Feature", "id": 45, "geometry": {"type": "Polygon", "coordinates": [[[41.698292, 42.024568], [41.695081, 42.020567], [41.698234, 42.016238], [41.704598, 42.015911], [41.707809, 42.019912], [41.704656, 42.02424], [41.698292, 42.024568]]]}, "properties": {"i": 45, "h3": "882c211365fffff", "lon": 41.70144, "lat": 42.02024, "water_km2": 0.732, "dist_coast_km": 3.3, "persistence": 0.0, "mean_cover": 0.0, "max_cover": 0.0, "trend_cover": 0.0, "hot": 0.0, "n_obs": 1}}, {"type": "Feature", "id": 46, "geometry": {"type": "Polygon", "coordinates": [[[41.707867, 42.028241], [41.704656, 42.02424], [41.707809, 42.019912], [41.714172, 42.019584], [41.717384, 42.023585], [41.714232, 42.027913], [41.707867, 42.028241]]]}, "properties": {"i": 46, "h3": "882c211367fffff", "lon": 41.71102, "lat": 42.02391, "water_km2": 0.72, "dist_coast_km": 2.3, "persistence": 0.0, "mean_cover": 0.0, "max_cover": 0.0, "trend_cover": 0.0, "hot": 0.0, "n_obs": 1}}, {"type": "Feature", "id": 47, "geometry": {"type": "Polygon", "coordinates": [[[41.68883, 42.037552], [41.685618, 42.033551], [41.688773, 42.029223], [41.695138, 42.028896], [41.69835, 42.032897], [41.695196, 42.037225], [41.68883, 42.037552]]]}, "properties": {"i": 47, "h3": "882c211369fffff", "lon": 41.69198, "lat": 42.03322, "water_km2": 0.74, "dist_coast_km": 4.5, "persistence": 0.0, "mean_cover": 0.0, "max_cover": 0.0, "trend_cover": 0.0, "hot": 0.0, "n_obs": 1}}, {"type": "Feature", "id": 48, "geometry": {"type": "Polygon", "coordinates": [[[41.698407, 42.041225], [41.695196, 42.037225], [41.69835, 42.032897], [41.704715, 42.032569], [41.707926, 42.03657], [41.704773, 42.040898], [41.698407, 42.041225]]]}, "properties": {"i": 48, "h3": "882c21136bfffff", "lon": 41.70156, "lat": 42.0369, "water_km2": 0.732, "dist_coast_km": 2.3, "persistence": 0.0, "mean_cover": 0.0, "max_cover": 0.0, "trend_cover": 0.0, "hot": 0.0, "n_obs": 1}}, {"type": "Feature", "id": 49, "geometry": {"type": "Polygon", "coordinates": [[[41.688773, 42.029223], [41.685562, 42.025222], [41.688716, 42.020893], [41.695081, 42.020567], [41.698292, 42.024568], [41.695138, 42.028896], [41.688773, 42.029223]]]}, "properties": {"i": 49, "h3": "882c21136dfffff", "lon": 41.69193, "lat": 42.02489, "water_km2": 0.725, "dist_coast_km": 4.5, "persistence": 0.0, "mean_cover": 0.0, "max_cover": 0.0, "trend_cover": 0.0, "hot": 0.0, "n_obs": 1}}, {"type": "Feature", "id": 50, "geometry": {"type": "Polygon", "coordinates": [[[41.517858, 42.262754], [41.514642, 42.258756], [41.517818, 42.254435], [41.524209, 42.254112], [41.527425, 42.25811], [41.52425, 42.262432], [41.517858, 42.262754]]]}, "properties": {"i": 50, "h3": "882c218001fffff", "lon": 41.52103, "lat": 42.25843, "water_km2": 0.725, "dist_coast_km": 9.6, "persistence": 0.0, "mean_cover": 0.0, "max_cover": 0.0, "trend_cover": 0.0, "hot": 0.0, "n_obs": 1}}, {"type": "Feature", "id": 51, "geometry": {"type": "Polygon", "coordinates": [[[41.527466, 42.26643], [41.52425, 42.262432], [41.527425, 42.25811], [41.533816, 42.257787], [41.537033, 42.261785], [41.533858, 42.266106], [41.527466, 42.26643]]]}, "properties": {"i": 51, "h3": "882c218003fffff", "lon": 41.53064, "lat": 42.26211, "water_km2": 0.725, "dist_coast_km": 8.2, "persistence": 0.0, "mean_cover": 0.0, "max_cover": 0.0, "trend_cover": 0.0, "hot": 0.0, "n_obs": 1}}, {"type": "Feature", "id": 52, "geometry": {"type": "Polygon", "coordinates": [[[41.517818, 42.254435], [41.514602, 42.250436], [41.517777, 42.246114], [41.524168, 42.245792], [41.527384, 42.24979], [41.524209, 42.254112], [41.517818, 42.254435]]]}, "properties": {"i": 52, "h3": "882c218005fffff", "lon": 41.52099, "lat": 42.25011, "water_km2": 0.738, "dist_coast_km": 9.8, "persistence": 0.0, "mean_cover": 0.0, "max_cover": 0.0, "trend_cover": 0.0, "hot": 0.0, "n_obs": 1}}, {"type": "Feature", "id": 53, "geometry": {"type": "Polygon", "coordinates": [[[41.527425, 42.25811], [41.524209, 42.254112], [41.527384, 42.24979], [41.533775, 42.249467], [41.536991, 42.253465], [41.533816, 42.257787], [41.527425, 42.25811]]]}, "properties": {"i": 53, "h3": "882c218007fffff", "lon": 41.5306, "lat": 42.25379, "water_km2": 0.738, "dist_coast_km": 8.2, "persistence": 0.0, "mean_cover": 0.0, "max_cover": 0.0, "trend_cover": 0.0, "hot": 0.0, "n_obs": 1}}, {"type": "Feature", "id": 54, "geometry": {"type": "Polygon", "coordinates": [[[41.508289, 42.267398], [41.505073, 42.263399], [41.50825, 42.259078], [41.514642, 42.258756], [41.517858, 42.262754], [41.514682, 42.267076], [41.508289, 42.267398]]]}, "properties": {"i": 54, "h3": "882c218009fffff", "lon": 41.51147, "lat": 42.26308, "water_km2": 0.722, "dist_coast_km": 9.6, "persistence": 0.0, "mean_cover": 0.0, "max_cover": 0.0, "trend_cover": 0.0, "hot": 0.0, "n_obs": 1}}, {"type": "Feature", "id": 55, "geometry": {"type": "Polygon", "coordinates": [[[41.517898, 42.271074], [41.514682, 42.267076], [41.517858, 42.262754], [41.52425, 42.262432], [41.527466, 42.26643], [41.524291, 42.270751], [41.517898, 42.271074]]]}, "properties": {"i": 55, "h3": "882c21800bfffff", "lon": 41.52107, "lat": 42.26675, "water_km2": 0.738, "dist_coast_km": 9.6, "persistence": 0.0, "mean_cover": 0.0, "max_cover": 0.0, "trend_cover": 0.0, "hot": 0.0, "n_obs": 1}}, {"type": "Feature", "id": 56, "geometry": {"type": "Polygon", "coordinates": [[[41.50825, 42.259078], [41.505034, 42.255079], [41.50821, 42.250758], [41.514602, 42.250436], [41.517818, 42.254435], [41.514642, 42.258756], [41.50825, 42.259078]]]}, "properties": {"i": 56, "h3": "882c21800dfffff", "lon": 41.51143, "lat": 42.25476, "water_km2": 0.745, "dist_coast_km": 9.6, "persistence": 0.0, "mean_cover": 0.0, "max_cover": 0.0, "trend_cover": 0.0, "hot": 0.0, "n_obs": 1}}, {"type": "Feature", "id": 57, "geometry": {"type": "Polygon", "coordinates": [[[41.537117, 42.278422], [41.5339, 42.274425], [41.537075, 42.270103], [41.543467, 42.269779], [41.546684, 42.273776], [41.543509, 42.278097], [41.537117, 42.278422]]]}, "properties": {"i": 57, "h3": "882c218011fffff", "lon": 41.54029, "lat": 42.2741, "water_km2": 0.722, "dist_coast_km": 7.8, "persistence": 0.0, "mean_cover": 0.0, "max_cover": 0.0, "trend_cover": 0.0, "hot": 0.0, "n_obs": 1}}, {"type": "Feature", "id": 58, "geometry": {"type": "Polygon", "coordinates": [[[41.546727, 42.282094], [41.543509, 42.278097], [41.546684, 42.273776], [41.553075, 42.273451], [41.556293, 42.277448], [41.553119, 42.281769], [41.546727, 42.282094]]]}, "properties": {"i": 58, "h3": "882c218013fffff", "lon": 41.5499, "lat": 42.27777, "water_km2": 0.742, "dist_coast_km": 6.6, "persistence": 0.0, "mean_cover": 0.0, "max_cover": 0.0, "trend_cover": 0.0, "hot": 0.0, "n_obs": 1}}, {"type": "Feature", "id": 59, "geometry": {"type": "Polygon", "coordinates": [[[41.537075, 42.270103], [41.533858, 42.266106], [41.537033, 42.261785], [41.543424, 42.261461], [41.546641, 42.265458], [41.543467, 42.269779], [41.537075, 42.270103]]]}, "properties": {"i": 59, "h3": "882c218015fffff", "lon": 41.54025, "lat": 42.26578, "water_km2": 0.742, "dist_coast_km": 8.2, "persistence": 0.0, "mean_cover": 0.0, "max_cover": 0.0, "trend_cover": 0.0, "hot": 0.0, "n_obs": 1}}, {"type": "Feature", "id": 60, "geometry": {"type": "Polygon", "coordinates": [[[41.546684, 42.273776], [41.543467, 42.269779], [41.546641, 42.265458], [41.553031, 42.265133], [41.556249, 42.26913], [41.553075, 42.273451], [41.546684, 42.273776]]]}, "properties": {"i": 60, "h3": "882c218017fffff", "lon": 41.54986, "lat": 42.26945, "water_km2": 0.72, "dist_coast_km": 6.6, "persistence": 0.0, "mean_cover": 0.0, "max_cover": 0.0, "trend_cover": 0.0, "hot": 0.0, "n_obs": 1}}, {"type": "Feature", "id": 61, "geometry": {"type": "Polygon", "coordinates": [[[41.527549, 42.283067], [41.524332, 42.279069], [41.527508, 42.274748], [41.5339, 42.274425], [41.537117, 42.278422], [41.533942, 42.282743], [41.527549, 42.283067]]]}, "properties": {"i": 61, "h3": "882c218019fffff", "lon": 41.53072, "lat": 42.27875, "water_km2": 0.732, "dist_coast_km": 7.8, "persistence": 0.0, "mean_cover": 0.0, "max_cover": 0.0, "trend_cover": 0.0, "hot": 0.0, "n_obs": 1}}, {"type": "Feature", "id": 62, "geometry": {"type": "Polygon", "coordinates": [[[41.537159, 42.286739], [41.533942, 42.282743], [41.537117, 42.278422], [41.543509, 42.278097], [41.546727, 42.282094], [41.543552, 42.286415], [41.537159, 42.286739]]]}, "properties": {"i": 62, "h3": "882c21801bfffff", "lon": 41.54033, "lat": 42.28242, "water_km2": 0.738, "dist_coast_km": 7.8, "persistence": 0.0, "mean_cover": 0.0, "max_cover": 0.0, "trend_cover": 0.0, "hot": 0.0, "n_obs": 1}}, {"type": "Feature", "id": 63, "geometry": {"type": "Polygon", "coordinates": [[[41.527508, 42.274748], [41.524291, 42.270751], [41.527466, 42.26643], [41.533858, 42.266106], [41.537075, 42.270103], [41.5339, 42.274425], [41.527508, 42.274748]]]}, "properties": {"i": 63, "h3": "882c21801dfffff", "lon": 41.53068, "lat": 42.27043, "water_km2": 0.732, "dist_coast_km": 7.8, "persistence": 0.0, "mean_cover": 0.0, "max_cover": 0.0, "trend_cover": 0.0, "hot": 0.0, "n_obs": 1}}, {"type": "Feature", "id": 64, "geometry": {"type": "Polygon", "coordinates": [[[41.527343, 42.24147], [41.524127, 42.237471], [41.527302, 42.233149], [41.533691, 42.232826], [41.536907, 42.236825], [41.533733, 42.241147], [41.527343, 42.24147]]]}, "properties": {"i": 64, "h3": "882c218021fffff", "lon": 41.53052, "lat": 42.23715, "water_km2": 0.74, "dist_coast_km": 8.5, "persistence": 0.0, "mean_cover": 0.0, "max_cover": 0.0, "trend_cover": 0.0, "hot": 0.0, "n_obs": 1}}, {"type": "Feature", "id": 65, "geometry": {"type": "Polygon", "coordinates": [[[41.536949, 42.245145], [41.533733, 42.241147], [41.536907, 42.236825], [41.543296, 42.236502], [41.546512, 42.2405], [41.543338, 42.244822], [41.536949, 42.245145]]]}, "properties": {"i": 65, "h3": "882c218023fffff", "lon": 41.54012, "lat": 42.24082, "water_km2": 0.715, "dist_coast_km": 8.5, "persistence": 0.0, "mean_cover": 0.0, "max_cover": 0.0, "trend_cover": 0.0, "hot": 0.0, "n_obs": 1}}, {"type": "Feature", "id": 66, "geometry": {"type": "Polygon", "coordinates": [[[41.527302, 42.233149], [41.524087, 42.229149], [41.527261, 42.224827], [41.533649, 42.224505], [41.536864, 42.228504], [41.533691, 42.232826], [41.527302, 42.233149]]]}, "properties": {"i": 66, "h3": "882c218025fffff", "lon": 41.53048, "lat": 42.22883, "water_km2": 0.725, "dist_coast_km": 8.5, "persistence": 0.0, "mean_cover": 0.0, "max_cover": 0.0, "trend_cover": 0.0, "hot": 0.0, "n_obs": 1}}, {"type": "Feature", "id": 67, "geometry": {"type": "Polygon", "coordinates": [[[41.536907, 42.236825], [41.533691, 42.232826], [41.536864, 42.228504], [41.543253, 42.228181], [41.546468, 42.23218], [41.543296, 42.236502], [41.536907, 42.236825]]]}, "properties": {"i": 67, "h3": "882c218027fffff", "lon": 41.54008, "lat": 42.2325, "water_km2": 0.748, "dist_coast_km": 8.5, "persistence": 0.0, "mean_cover": 0.0, "max_cover": 0.0, "trend_cover": 0.0, "hot": 0.0, "n_obs": 1}}, {"type": "Feature", "id": 68, "geometry": {"type": "Polygon", "coordinates": [[[41.517777, 42.246114], [41.514562, 42.242115], [41.517737, 42.237793], [41.524127, 42.237471], [41.527343, 42.24147], [41.524168, 42.245792], [41.517777, 42.246114]]]}, "properties": {"i": 68, "h3": "882c218029fffff", "lon": 41.52095, "lat": 42.24179, "water_km2": 0.728, "dist_coast_km": 9.8, "persistence": 0.0, "mean_cover": 0.0, "max_cover": 0.0, "trend_cover": 0.0, "hot": 0.0, "n_obs": 1}}, {"type": "Feature", "id": 69, "geometry": {"type": "Polygon", "coordinates": [[[41.527384, 42.24979], [41.524168, 42.245792], [41.527343, 42.24147], [41.533733, 42.241147], [41.536949, 42.245145], [41.533775, 42.249467], [41.527384, 42.24979]]]}, "properties": {"i": 69, "h3": "882c21802bfffff", "lon": 41.53056, "lat": 42.24547, "water_km2": 0.722, "dist_coast_km": 8.5, "persistence": 0.0, "mean_cover": 0.0, "max_cover": 0.0, "trend_cover": 0.0, "hot": 0.0, "n_obs": 1}}, {"type": "Feature", "id": 70, "geometry": {"type": "Polygon", "coordinates": [[[41.517737, 42.237793], [41.514522, 42.233793], [41.517697, 42.229472], [41.524087, 42.229149], [41.527302, 42.233149], [41.524127, 42.237471], [41.517737, 42.237793]]]}, "properties": {"i": 70, "h3": "882c21802dfffff", "lon": 41.52091, "lat": 42.23347, "water_km2": 0.735, "dist_coast_km": 9.8, "persistence": 0.0, "mean_cover": 0.0, "max_cover": 0.0, "trend_cover": 0.0, "hot": 0.0, "n_obs": 1}}, {"type": "Feature", "id": 71, "geometry": {"type": "Polygon", "coordinates": [[[41.546598, 42.257139], [41.543381, 42.253142], [41.546555, 42.24882], [41.552944, 42.248496], [41.556161, 42.252493], [41.552988, 42.256815], [41.546598, 42.257139]]]}, "properties": {"i": 71, "h3": "882c218031fffff", "lon": 41.54977, "lat": 42.25282, "water_km2": 0.722, "dist_coast_km": 6.9, "persistence": 0.0, "mean_cover": 0.0, "max_cover": 0.0, "trend_cover": 0.0, "hot": 0.0, "n_obs": 1}}, {"type": "Feature", "id": 72, "geometry": {"type": "Polygon", "coordinates": [[[41.556205, 42.260812], [41.552988, 42.256815], [41.556161, 42.252493], [41.56255, 42.252168], [41.565767, 42.256165], [41.562595, 42.260487], [41.556205, 42.260812]]]}, "properties": {"i": 72, "h3": "882c218033fffff", "lon": 41.55938, "lat": 42.25649, "water_km2": 0.73, "dist_coast_km": 5.5, "persistence": 0.0, "mean_cover": 0.0, "max_cover": 0.0, "trend_cover": 0.0, "hot": 0.0, "n_obs": 1}}, {"type": "Feature", "id": 73, "geometry": {"type": "Polygon", "coordinates": [[[41.546555, 42.24882], [41.543338, 42.244822], [41.546512, 42.2405], [41.5529, 42.240176], [41.556117, 42.244174], [41.552944, 42.248496], [41.546555, 42.24882]]]}, "properties": {"i": 73, "h3": "882c218035fffff", "lon": 41.54973, "lat": 42.2445, "water_km2": 0.74, "dist_coast_km": 7.1, "persistence": 0.0, "mean_cover": 0.0, "max_cover": 0.0, "trend_cover": 0.0, "hot": 0.0, "n_obs": 1}}, {"type": "Feature", "id": 74, "geometry": {"type": "Polygon", "coordinates": [[[41.556161, 42.252493], [41.552944, 42.248496], [41.556117, 42.244174], [41.562505, 42.243849], [41.565722, 42.247846], [41.56255, 42.252168], [41.556161, 42.252493]]]}, "properties": {"i": 74, "h3": "882c218037fffff", "lon": 41.55933, "lat": 42.24817, "water_km2": 0.732, "dist_coast_km": 5.8, "persistence": 0.0, "mean_cover": 0.0, "max_cover": 0.0, "trend_cover": 0.0, "hot": 0.0, "n_obs": 1}}, {"type": "Feature", "id": 75, "geometry": {"type": "Polygon", "coordinates": [[[41.537033, 42.261785], [41.533816, 42.257787], [41.536991, 42.253465], [41.543381, 42.253142], [41.546598, 42.257139], [41.543424, 42.261461], [41.537033, 42.261785]]]}, "properties": {"i": 75, "h3": "882c218039fffff", "lon": 41.54021, "lat": 42.25746, "water_km2": 0.718, "dist_coast_km": 8.2, "persistence": 0.0, "mean_cover": 0.0, "max_cover": 0.0, "trend_cover": 0.0, "hot": 0.0, "n_obs": 1}}, {"type": "Feature", "id": 76, "geometry": {"type": "Polygon", "coordinates": [[[41.546641, 42.265458], [41.543424, 42.261461], [41.546598, 42.257139], [41.552988, 42.256815], [41.556205, 42.260812], [41.553031, 42.265133], [41.546641, 42.265458]]]}, "properties": {"i": 76, "h3": "882c21803bfffff", "lon": 41.54981, "lat": 42.26114, "water_km2": 0.74, "dist_coast_km": 6.9, "persistence": 0.0, "mean_cover": 0.0, "max_cover": 0.0, "trend_cover": 0.0, "hot": 0.0, "n_obs": 1}}, {"type": "Feature", "id": 77, "geometry": {"type": "Polygon", "coordinates": [[[41.536991, 42.253465], [41.533775, 42.249467], [41.536949, 42.245145], [41.543338, 42.244822], [41.546555, 42.24882], [41.543381, 42.253142], [41.536991, 42.253465]]]}, "properties": {"i": 77, "h3": "882c21803dfffff", "lon": 41.54016, "lat": 42.24914, "water_km2": 0.748, "dist_coast_km": 8.5, "persistence": 0.0, "mean_cover": 0.0, "max_cover": 0.0, "trend_cover": 0.0, "hot": 0.0, "n_obs": 1}}, {"type": "Feature", "id": 78, "geometry": {"type": "Polygon", "coordinates": [[[41.489108, 42.268364], [41.485892, 42.264364], [41.489071, 42.260043], [41.495464, 42.259722], [41.49868, 42.263721], [41.495502, 42.268042], [41.489108, 42.268364]]]}, "properties": {"i": 78, "h3": "882c218041fffff", "lon": 41.49229, "lat": 42.26404, "water_km2": 0.73, "dist_coast_km": 11.0, "persistence": 0.0, "mean_cover": 0.0, "max_cover": 0.0, "trend_cover": 0.0, "hot": 0.0, "n_obs": 1}}, {"type": "Feature", "id": 79, "geometry": {"type": "Polygon", "coordinates": [[[41.498718, 42.272041], [41.495502, 42.268042], [41.49868, 42.263721], [41.505073, 42.263399], [41.508289, 42.267398], [41.505112, 42.271719], [41.498718, 42.272041]]]}, "properties": {"i": 79, "h3": "882c218043fffff", "lon": 41.5019, "lat": 42.26772, "water_km2": 0.722, "dist_coast_km": 10.3, "persistence": 0.0, "mean_cover": 0.0, "max_cover": 0.0, "trend_cover": 0.0, "hot": 0.0, "n_obs": 1}}, {"type": "Feature", "id": 80, "geometry": {"type": "Polygon", "coordinates": [[[41.489071, 42.260043], [41.485855, 42.256043], [41.489033, 42.251722], [41.495426, 42.251401], [41.498641, 42.255401], [41.495464, 42.259722], [41.489071, 42.260043]]]}, "properties": {"i": 80, "h3": "882c218045fffff", "lon": 41.49225, "lat": 42.25572, "water_km2": 0.732, "dist_coast_km": 11.0, "persistence": 0.0, "mean_cover": 0.0, "max_cover": 0.0, "trend_cover": 0.0, "hot": 0.0, "n_obs": 1}}, {"type": "Feature", "id": 81, "geometry": {"type": "Polygon", "coordinates": [[[41.49868, 42.263721], [41.495464, 42.259722], [41.498641, 42.255401], [41.505034, 42.255079], [41.50825, 42.259078], [41.505073, 42.263399], [41.49868, 42.263721]]]}, "properties": {"i": 81, "h3": "882c218047fffff", "lon": 41.50186, "lat": 42.2594, "water_km2": 0.74, "dist_coast_km": 11.0, "persistence": 0.0, "mean_cover": 0.0, "max_cover": 0.0, "trend_cover": 0.0, "hot": 0.0, "n_obs": 1}}, {"type": "Feature", "id": 82, "geometry": {"type": "Polygon", "coordinates": [[[41.479535, 42.273005], [41.476319, 42.269006], [41.479498, 42.264685], [41.485892, 42.264364], [41.489108, 42.268364], [41.485929, 42.272684], [41.479535, 42.273005]]]}, "properties": {"i": 82, "h3": "882c218049fffff", "lon": 41.48271, "lat": 42.26868, "water_km2": 0.72, "dist_coast_km": 11.6, "persistence": 0.0, "mean_cover": 0.0, "max_cover": 0.0, "trend_cover": 0.0, "hot": 0.0, "n_obs": 1}}, {"type": "Feature", "id": 83, "geometry": {"type": "Polygon", "coordinates": [[[41.489145, 42.276684], [41.485929, 42.272684], [41.489108, 42.268364], [41.495502, 42.268042], [41.498718, 42.272041], [41.49554, 42.276362], [41.489145, 42.276684]]]}, "properties": {"i": 83, "h3": "882c21804bfffff", "lon": 41.49232, "lat": 42.27236, "water_km2": 0.732, "dist_coast_km": 10.3, "persistence": 0.0, "mean_cover": 0.0, "max_cover": 0.0, "trend_cover": 0.0, "hot": 0.0, "n_obs": 1}}, {"type": "Feature", "id": 84, "geometry": {"type": "Polygon", "coordinates": [[[41.479498, 42.264685], [41.476283, 42.260685], [41.479462, 42.256364], [41.485855, 42.256043], [41.489071, 42.260043], [41.485892, 42.264364], [41.479498, 42.264685]]]}, "properties": {"i": 84, "h3": "882c21804dfffff", "lon": 41.48268, "lat": 42.26036, "water_km2": 0.742, "dist_coast_km": 12.3, "persistence": 0.0, "mean_cover": 0.0, "max_cover": 0.0, "trend_cover": 0.0, "hot": 0.0, "n_obs": 1}}, {"type": "Feature", "id": 85, "geometry": {"type": "Polygon", "coordinates": [[[41.508368, 42.284036], [41.505151, 42.280038], [41.508328, 42.275717], [41.514722, 42.275395], [41.517939, 42.279393], [41.514762, 42.283713], [41.508368, 42.284036]]]}, "properties": {"i": 85, "h3": "882c218051fffff", "lon": 41.51154, "lat": 42.27972, "water_km2": 0.72, "dist_coast_km": 9.0, "persistence": 0.0, "mean_cover": 0.0, "max_cover": 0.0, "trend_cover": 0.0, "hot": 0.0, "n_obs": 1}}, {"type": "Feature", "id": 86, "geometry": {"type": "Polygon", "coordinates": [[[41.517979, 42.287711], [41.514762, 42.283713], [41.517939, 42.279393], [41.524332, 42.279069], [41.527549, 42.283067], [41.524373, 42.287387], [41.517979, 42.287711]]]}, "properties": {"i": 86, "h3": "882c218053fffff", "lon": 41.52116, "lat": 42.28339, "water_km2": 0.74, "dist_coast_km": 9.0, "persistence": 0.0, "mean_cover": 0.0, "max_cover": 0.0, "trend_cover": 0.0, "hot": 0.0, "n_obs": 1}}, {"type": "Feature", "id": 87, "geometry": {"type": "Polygon", "coordinates": [[[41.508328, 42.275717], [41.505112, 42.271719], [41.508289, 42.267398], [41.514682, 42.267076], [41.517898, 42.271074], [41.514722, 42.275395], [41.508328, 42.275717]]]}, "properties": {"i": 87, "h3": "882c218055fffff", "lon": 41.51151, "lat": 42.2714, "water_km2": 0.745, "dist_coast_km": 9.0, "persistence": 0.0, "mean_cover": 0.0, "max_cover": 0.0, "trend_cover": 0.0, "hot": 0.0, "n_obs": 1}}, {"type": "Feature", "id": 88, "geometry": {"type": "Polygon", "coordinates": [[[41.517939, 42.279393], [41.514722, 42.275395], [41.517898, 42.271074], [41.524291, 42.270751], [41.527508, 42.274748], [41.524332, 42.279069], [41.517939, 42.279393]]]}, "properties": {"i": 88, "h3": "882c218057fffff", "lon": 41.52111, "lat": 42.27507, "water_km2": 0.722, "dist_coast_km": 9.0, "persistence": 0.0, "mean_cover": 0.0, "max_cover": 0.0, "trend_cover": 0.0, "hot": 0.0, "n_obs": 1}}, {"type": "Feature", "id": 89, "geometry": {"type": "Polygon", "coordinates": [[[41.498795, 42.288679], [41.495578, 42.284681], [41.498756, 42.28036], [41.505151, 42.280038], [41.508368, 42.284036], [41.50519, 42.288357], [41.498795, 42.288679]]]}, "properties": {"i": 89, "h3": "882c218059fffff", "lon": 41.50197, "lat": 42.28436, "water_km2": 0.728, "dist_coast_km": 9.8, "persistence": 0.0, "mean_cover": 0.0, "max_cover": 0.0, "trend_cover": 0.0, "hot": 0.0, "n_obs": 1}}, {"type": "Feature", "id": 90, "geometry": {"type": "Polygon", "coordinates": [[[41.508407, 42.292355], [41.50519, 42.288357], [41.508368, 42.284036], [41.514762, 42.283713], [41.517979, 42.287711], [41.514802, 42.292031], [41.508407, 42.292355]]]}, "properties": {"i": 90, "h3": "882c21805bfffff", "lon": 41.51158, "lat": 42.28803, "water_km2": 0.74, "dist_coast_km": 8.5, "persistence": 0.0, "mean_cover": 0.0, "max_cover": 0.0, "trend_cover": 0.0, "hot": 0.0, "n_obs": 1}}, {"type": "Feature", "id": 91, "geometry": {"type": "Polygon", "coordinates": [[[41.498756, 42.28036], [41.49554, 42.276362], [41.498718, 42.272041], [41.505112, 42.271719], [41.508328, 42.275717], [41.505151, 42.280038], [41.498756, 42.28036]]]}, "properties": {"i": 91, "h3": "882c21805dfffff", "lon": 41.50193, "lat": 42.27604, "water_km2": 0.738, "dist_coast_km": 10.3, "persistence": 0.0, "mean_cover": 0.0, "max_cover": 0.0, "trend_cover": 0.0, "hot": 0.0, "n_obs": 1}}, {"type": "Feature", "id": 92, "geometry": {"type": "Polygon", "coordinates": [[[41.498603, 42.24708], [41.495388, 42.24308], [41.498565, 42.238758], [41.504956, 42.238437], [41.508171, 42.242437], [41.504995, 42.246758], [41.498603, 42.24708]]]}, "properties": {"i": 92, "h3": "882c218061fffff", "lon": 41.50178, "lat": 42.24276, "water_km2": 0.742, "dist_coast_km": 11.2, "persistence": 0.0, "mean_cover": 0.0, "max_cover": 0.0, "trend_cover": 0.0, "hot": 0.0, "n_obs": 1}}, {"type": "Feature", "id": 93, "geometry": {"type": "Polygon", "coordinates": [[[41.50821, 42.250758], [41.504995, 42.246758], [41.508171, 42.242437], [41.514562, 42.242115], [41.517777, 42.246114], [41.514602, 42.250436], [41.50821, 42.250758]]]}, "properties": {"i": 93, "h3": "882c218063fffff", "lon": 41.51139, "lat": 42.24644, "water_km2": 0.718, "dist_coast_km": 9.8, "persistence": 0.0, "mean_cover": 0.0, "max_cover": 0.0, "trend_cover": 0.0, "hot": 0.0, "n_obs": 1}}, {"type": "Feature", "id": 94, "geometry": {"type": "Polygon", "coordinates": [[[41.498565, 42.238758], [41.49535, 42.234758], [41.498526, 42.230436], [41.504917, 42.230115], [41.508132, 42.234115], [41.504956, 42.238437], [41.498565, 42.238758]]]}, "properties": {"i": 94, "h3": "882c218065fffff", "lon": 41.50174, "lat": 42.23444, "water_km2": 0.72, "dist_coast_km": 11.2, "persistence": 0.0, "mean_cover": 0.0, "max_cover": 0.0, "trend_cover": 0.0, "hot": 0.0, "n_obs": 1}}, {"type": "Feature", "id": 95, "geometry": {"type": "Polygon", "coordinates": [[[41.508171, 42.242437], [41.504956, 42.238437], [41.508132, 42.234115], [41.514522, 42.233793], [41.517737, 42.237793], [41.514562, 42.242115], [41.508171, 42.242437]]]}, "properties": {"i": 95, "h3": "882c218067fffff", "lon": 41.51135, "lat": 42.23812, "water_km2": 0.745, "dist_coast_km": 9.8, "persistence": 0.0, "mean_cover": 0.0, "max_cover": 0.0, "trend_cover": 0.0, "hot": 0.0, "n_obs": 1}}, {"type": "Feature", "id": 96, "geometry": {"type": "Polygon", "coordinates": [[[41.489033, 42.251722], [41.485818, 42.247722], [41.488996, 42.243401], [41.495388, 42.24308], [41.498603, 42.24708], [41.495426, 42.251401], [41.489033, 42.251722]]]}, "properties": {"i": 96, "h3": "882c218069fffff", "lon": 41.49221, "lat": 42.2474, "water_km2": 0.732, "dist_coast_km": 11.2, "persistence": 0.0, "mean_cover": 0.0, "max_cover": 0.0, "trend_cover": 0.0, "hot": 0.0, "n_obs": 1}}, {"type": "Feature", "id": 97, "geometry": {"type": "Polygon", "coordinates": [[[41.498641, 42.255401], [41.495426, 42.251401], [41.498603, 42.24708], [41.504995, 42.246758], [41.50821, 42.250758], [41.505034, 42.255079], [41.498641, 42.255401]]]}, "properties": {"i": 97, "h3": "882c21806bfffff", "lon": 41.50182, "lat": 42.25108, "water_km2": 0.722, "dist_coast_km": 11.0, "persistence": 0.0, "mean_cover": 0.0, "max_cover": 0.0, "trend_cover": 0.0, "hot": 0.0, "n_obs": 1}}, {"type": "Feature", "id": 98, "geometry": {"type": "Polygon", "coordinates": [[[41.488996, 42.243401], [41.485781, 42.2394], [41.488958, 42.235078], [41.49535, 42.234758], [41.498565, 42.238758], [41.495388, 42.24308], [41.488996, 42.243401]]]}, "properties": {"i": 98, "h3": "882c21806dfffff", "lon": 41.49217, "lat": 42.23908, "water_km2": 0.73, "dist_coast_km": 11.2, "persistence": 0.0, "mean_cover": 0.0, "max_cover": 0.0, "trend_cover": 0.0, "hot": 0.0, "n_obs": 1}}, {"type": "Feature", "id": 99, "geometry": {"type": "Polygon", "coordinates": [[[41.58512, 42.288455], [41.581902, 42.284461], [41.585073, 42.280139], [41.591463, 42.279812], [41.594682, 42.283807], [41.591511, 42.288128], [41.58512, 42.288455]]]}, "properties": {"i": 99, "h3": "882c218081fffff", "lon": 41.58829, "lat": 42.28413, "water_km2": 0.742, "dist_coast_km": 3.3, "persistence": 0.0, "mean_cover": 0.0, "max_cover": 0.0, "trend_cover": 0.0, "hot": 0.0, "n_obs": 1}}, {"type": "Feature", "id": 100, "geometry": {"type": "Polygon", "coordinates": [[[41.59473, 42.292122], [41.591511, 42.288128], [41.594682, 42.283807], [41.601071, 42.283479], [41.60429, 42.287473], [41.60112, 42.291794], [41.59473, 42.292122]]]}, "properties": {"i": 100, "h3": "882c218083fffff", "lon": 41.5979, "lat": 42.2878, "water_km2": 0.728, "dist_coast_km": 2.3, "persistence": 0.0, "mean_cover": 0.0, "max_cover": 0.0, "trend_cover": 0.0, "hot": 0.0, "n_obs": 1}}, {"type": "Feature", "id": 101, "geometry": {"type": "Polygon", "coordinates": [[[41.585073, 42.280139], [41.581855, 42.276144], [41.585026, 42.271823], [41.591416, 42.271496], [41.594634, 42.275491], [41.591463, 42.279812], [41.585073, 42.280139]]]}, "properties": {"i": 101, "h3": "882c218085fffff", "lon": 41.58824, "lat": 42.27582, "water_km2": 0.72, "dist_coast_km": 4.1, "persistence": 0.0, "mean_cover": 0.0, "max_cover": 0.0, "trend_cover": 0.0, "hot": 0.0, "n_obs": 1}}, {"type": "Feature", "id": 102, "geometry": {"type": "Polygon", "coordinates": [[[41.594682, 42.283807], [41.591463, 42.279812], [41.594634, 42.275491], [41.601023, 42.275163], [41.604241, 42.279157], [41.601071, 42.283479], [41.594682, 42.283807]]]}, "properties": {"i": 102, "h3": "882c218087fffff", "lon": 41.59785, "lat": 42.27949, "water_km2": 0.73, "dist_coast_km": 2.7, "persistence": 0.0, "mean_cover": 0.0, "max_cover": 0.0, "trend_cover": 0.0, "hot": 0.0, "n_obs": 1}}, {"type": "Feature", "id": 103, "geometry": {"type": "Polygon", "coordinates": [[[41.575557, 42.293103], [41.572338, 42.289109], [41.575511, 42.284787], [41.581902, 42.284461], [41.58512, 42.288455], [41.581948, 42.292777], [41.575557, 42.293103]]]}, "properties": {"i": 103, "h3": "882c218089fffff", "lon": 41.57873, "lat": 42.28878, "water_km2": 0.742, "dist_coast_km": 3.3, "persistence": 0.0, "mean_cover": 0.0, "max_cover": 0.0, "trend_cover": 0.0, "hot": 0.0, "n_obs": 1}}, {"type": "Feature", "id": 104, "geometry": {"type": "Polygon", "coordinates": [[[41.585167, 42.296771], [41.581948, 42.292777], [41.58512, 42.288455], [41.591511, 42.288128], [41.59473, 42.292122], [41.591558, 42.296443], [41.585167, 42.296771]]]}, "properties": {"i": 104, "h3": "882c21808bfffff", "lon": 41.58834, "lat": 42.29245, "water_km2": 0.718, "dist_coast_km": 3.3, "persistence": 0.0, "mean_cover": 0.0, "max_cover": 0.0, "trend_cover": 0.0, "hot": 0.0, "n_obs": 1}}, {"type": "Feature", "id": 105, "geometry": {"type": "Polygon", "coordinates": [[[41.575511, 42.284787], [41.572293, 42.280792], [41.575465, 42.276471], [41.581855, 42.276144], [41.585073, 42.280139], [41.581902, 42.284461], [41.575511, 42.284787]]]}, "properties": {"i": 105, "h3": "882c21808dfffff", "lon": 41.57868, "lat": 42.28047, "water_km2": 0.718, "dist_coast_km": 4.1, "persistence": 0.0, "mean_cover": 0.0, "max_cover": 0.0, "trend_cover": 0.0, "hot": 0.0, "n_obs": 1}}, {"type": "Feature", "id": 106, "geometry": {"type": "Polygon", "coordinates": [[[41.604388, 42.304102], [41.601168, 42.300109], [41.604339, 42.295788], [41.610729, 42.295459], [41.613949, 42.299452], [41.610778, 42.303774], [41.604388, 42.304102]]]}, "properties": {"i": 106, "h3": "882c218091fffff", "lon": 41.60756, "lat": 42.29978, "water_km2": 0.735, "dist_coast_km": 2.3, "persistence": 0.0, "mean_cover": 0.0, "max_cover": 0.0, "trend_cover": 0.0, "hot": 0.0, "n_obs": 1}}, {"type": "Feature", "id": 107, "geometry": {"type": "Polygon", "coordinates": [[[41.613998, 42.307766], [41.610778, 42.303774], [41.613949, 42.299452], [41.620338, 42.299123], [41.623558, 42.303116], [41.620389, 42.307437], [41.613998, 42.307766]]]}, "properties": {"i": 107, "h3": "882c218093fffff", "lon": 41.61717, "lat": 42.30344, "water_km2": 0.715, "dist_coast_km": 0.0, "persistence": 0.0, "mean_cover": 0.0, "max_cover": 0.0, "trend_cover": 0.0, "hot": 0.0, "n_obs": 1}}, {"type": "Feature", "id": 108, "geometry": {"type": "Polygon", "coordinates": [[[41.604339, 42.295788], [41.60112, 42.291794], [41.60429, 42.287473], [41.61068, 42.287145], [41.613899, 42.291138], [41.610729, 42.295459], [41.604339, 42.295788]]]}, "properties": {"i": 108, "h3": "882c218095fffff", "lon": 41.60751, "lat": 42.29147, "water_km2": 0.725, "dist_coast_km": 2.3, "persistence": 0.0, "mean_cover": 0.0, "max_cover": 0.0, "trend_cover": 0.0, "hot": 0.0, "n_obs": 1}}, {"type": "Feature", "id": 109, "geometry": {"type": "Polygon", "coordinates": [[[41.613949, 42.299452], [41.610729, 42.295459], [41.613899, 42.291138], [41.620288, 42.290809], [41.623508, 42.294802], [41.620338, 42.299123], [41.613949, 42.299452]]]}, "properties": {"i": 109, "h3": "882c218097fffff", "lon": 41.61712, "lat": 42.29513, "water_km2": 0.745, "dist_coast_km": 1.4, "persistence": 0.0, "mean_cover": 0.0, "max_cover": 0.0, "trend_cover": 0.0, "hot": 0.0, "n_obs": 1}}, {"type": "Feature", "id": 110, "geometry": {"type": "Polygon", "coordinates": [[[41.594825, 42.308751], [41.591606, 42.304758], [41.594777, 42.300437], [41.601168, 42.300109], [41.604388, 42.304102], [41.601217, 42.308423], [41.594825, 42.308751]]]}, "properties": {"i": 110, "h3": "882c218099fffff", "lon": 41.598, "lat": 42.30443, "water_km2": 0.722, "dist_coast_km": 1.4, "persistence": 0.0, "mean_cover": 0.0, "max_cover": 0.0, "trend_cover": 0.0, "hot": 0.0, "n_obs": 1}}, {"type": "Feature", "id": 111, "geometry": {"type": "Polygon", "coordinates": [[[41.604437, 42.312416], [41.601217, 42.308423], [41.604388, 42.304102], [41.610778, 42.303774], [41.613998, 42.307766], [41.610828, 42.312087], [41.604437, 42.312416]]]}, "properties": {"i": 111, "h3": "882c21809bfffff", "lon": 41.60761, "lat": 42.30809, "water_km2": 0.728, "dist_coast_km": 1.4, "persistence": 0.0, "mean_cover": 0.0, "max_cover": 0.0, "trend_cover": 0.0, "hot": 0.0, "n_obs": 1}}, {"type": "Feature", "id": 112, "geometry": {"type": "Polygon", "coordinates": [[[41.594777, 42.300437], [41.591558, 42.296443], [41.59473, 42.292122], [41.60112, 42.291794], [41.604339, 42.295788], [41.601168, 42.300109], [41.594777, 42.300437]]]}, "properties": {"i": 112, "h3": "882c21809dfffff", "lon": 41.59795, "lat": 42.29612, "water_km2": 0.735, "dist_coast_km": 2.3, "persistence": 0.0, "mean_cover": 0.0, "max_cover": 0.0, "trend_cover": 0.0, "hot": 0.0, "n_obs": 1}}, {"type": "Feature", "id": 113, "geometry": {"type": "Polygon", "coordinates": [[[41.594586, 42.267174], [41.591368, 42.263179], [41.594538, 42.258857], [41.600926, 42.25853], [41.604144, 42.262525], [41.600974, 42.266847], [41.594586, 42.267174]]]}, "properties": {"i": 113, "h3": "882c2180a1fffff", "lon": 41.59776, "lat": 42.26285, "water_km2": 0.728, "dist_coast_km": 2.7, "persistence": 0.0, "mean_cover": 0.0, "max_cover": 0.0, "trend_cover": 0.0, "hot": 0.0, "n_obs": 1}}, {"type": "Feature", "id": 114, "geometry": {"type": "Polygon", "coordinates": [[[41.604193, 42.270841], [41.600974, 42.266847], [41.604144, 42.262525], [41.610531, 42.262197], [41.61375, 42.266192], [41.610581, 42.270514], [41.604193, 42.270841]]]}, "properties": {"i": 114, "h3": "882c2180a3fffff", "lon": 41.60736, "lat": 42.26652, "water_km2": 0.742, "dist_coast_km": 2.7, "persistence": 0.0, "mean_cover": 0.0, "max_cover": 0.0, "trend_cover": 0.0, "hot": 0.0, "n_obs": 1}}, {"type": "Feature", "id": 115, "geometry": {"type": "Polygon", "coordinates": [[[41.594538, 42.258857], [41.591321, 42.254862], [41.59449, 42.250539], [41.600877, 42.250213], [41.604095, 42.254208], [41.600926, 42.25853], [41.594538, 42.258857]]]}, "properties": {"i": 115, "h3": "882c2180a5fffff", "lon": 41.59771, "lat": 42.25453, "water_km2": 0.735, "dist_coast_km": 2.7, "persistence": 0.0, "mean_cover": 0.0, "max_cover": 0.0, "trend_cover": 0.0, "hot": 0.0, "n_obs": 1}}, {"type": "Feature", "id": 116, "geometry": {"type": "Polygon", "coordinates": [[[41.604144, 42.262525], [41.600926, 42.25853], [41.604095, 42.254208], [41.610482, 42.25388], [41.6137, 42.257875], [41.610531, 42.262197], [41.604144, 42.262525]]]}, "properties": {"i": 116, "h3": "882c2180a7fffff", "lon": 41.60731, "lat": 42.2582, "water_km2": 0.718, "dist_coast_km": 2.7, "persistence": 0.0, "mean_cover": 0.0, "max_cover": 0.0, "trend_cover": 0.0, "hot": 0.0, "n_obs": 1}}, {"type": "Feature", "id": 117, "geometry": {"type": "Polygon", "coordinates": [[[41.585026, 42.271823], [41.581808, 42.267827], [41.58498, 42.263506], [41.591368, 42.263179], [41.594586, 42.267174], [41.591416, 42.271496], [41.585026, 42.271823]]]}, "properties": {"i": 117, "h3": "882c2180a9fffff", "lon": 41.5882, "lat": 42.2675, "water_km2": 0.74, "dist_coast_km": 4.1, "persistence": 0.0, "mean_cover": 0.0, "max_cover": 0.0, "trend_cover": 0.0, "hot": 0.0, "n_obs": 1}}, {"type": "Feature", "id": 118, "geometry": {"type": "Polygon", "coordinates": [[[41.594634, 42.275491], [41.591416, 42.271496], [41.594586, 42.267174], [41.600974, 42.266847], [41.604193, 42.270841], [41.601023, 42.275163], [41.594634, 42.275491]]]}, "properties": {"i": 118, "h3": "882c2180abfffff", "lon": 41.5978, "lat": 42.27117, "water_km2": 0.732, "dist_coast_km": 2.7, "persistence": 0.0, "mean_cover": 0.0, "max_cover": 0.0, "trend_cover": 0.0, "hot": 0.0, "n_obs": 1}}, {"type": "Feature", "id": 119, "geometry": {"type": "Polygon", "coordinates": [[[41.58498, 42.263506], [41.581762, 42.25951], [41.584933, 42.255188], [41.591321, 42.254862], [41.594538, 42.258857], [41.591368, 42.263179], [41.58498, 42.263506]]]}, "properties": {"i": 119, "h3": "882c2180adfffff", "lon": 41.58815, "lat": 42.25918, "water_km2": 0.725, "dist_coast_km": 4.1, "persistence": 0.0, "mean_cover": 0.0, "max_cover": 0.0, "trend_cover": 0.0, "hot": 0.0, "n_obs": 1}}, {"type": "Feature", "id": 120, "geometry": {"type": "Polygon", "coordinates": [[[41.613849, 42.282823], [41.61063, 42.278829], [41.6138, 42.274508], [41.620187, 42.274179], [41.623406, 42.278172], [41.620238, 42.282494], [41.613849, 42.282823]]]}, "properties": {"i": 120, "h3": "882c2180b1fffff", "lon": 41.61702, "lat": 42.2785, "water_km2": 0.745, "dist_coast_km": 1.4, "persistence": 0.0, "mean_cover": 0.0, "max_cover": 0.0, "trend_cover": 0.0, "hot": 0.0, "n_obs": 1}}, {"type": "Feature", "id": 121, "geometry": {"type": "Polygon", "coordinates": [[[41.623457, 42.286487], [41.620238, 42.282494], [41.623406, 42.278172], [41.629794, 42.277843], [41.633013, 42.281836], [41.629845, 42.286158], [41.623457, 42.286487]]]}, "properties": {"i": 121, "h3": "882c2180b3fffff", "lon": 41.62663, "lat": 42.28217, "water_km2": 0.623, "dist_coast_km": 0.0, "persistence": 0.0, "mean_cover": 0.0, "max_cover": 0.0, "trend_cover": 0.0, "hot": 0.0, "n_obs": 1}}, {"type": "Feature", "id": 122, "geometry": {"type": "Polygon", "coordinates": [[[41.6138, 42.274508], [41.610581, 42.270514], [41.61375, 42.266192], [41.620137, 42.265863], [41.623356, 42.269857], [41.620187, 42.274179], [41.6138, 42.274508]]]}, "properties": {"i": 122, "h3": "882c2180b5fffff", "lon": 41.61697, "lat": 42.27019, "water_km2": 0.718, "dist_coast_km": 1.4, "persistence": 0.0, "mean_cover": 0.0, "max_cover": 0.0, "trend_cover": 0.0, "hot": 0.0, "n_obs": 1}}, {"type": "Feature", "id": 123, "geometry": {"type": "Polygon", "coordinates": [[[41.623406, 42.278172], [41.620187, 42.274179], [41.623356, 42.269857], [41.629743, 42.269528], [41.632962, 42.273521], [41.629794, 42.277843], [41.623406, 42.278172]]]}, "properties": {"i": 123, "h3": "882c2180b7fffff", "lon": 41.62657, "lat": 42.27385, "water_km2": 0.738, "dist_coast_km": 0.0, "persistence": 0.0, "mean_cover": 0.0, "max_cover": 0.0, "trend_cover": 0.0, "hot": 0.0, "n_obs": 1}}, {"type": "Feature", "id": 124, "geometry": {"type": "Polygon", "coordinates": [[[41.60429, 42.287473], [41.601071, 42.283479], [41.604241, 42.279157], [41.61063, 42.278829], [41.613849, 42.282823], [41.61068, 42.287145], [41.60429, 42.287473]]]}, "properties": {"i": 124, "h3": "882c2180b9fffff", "lon": 41.60746, "lat": 42.28315, "water_km2": 0.738, "dist_coast_km": 2.7, "persistence": 0.0, "mean_cover": 0.0, "max_cover": 0.0, "trend_cover": 0.0, "hot": 0.0, "n_obs": 1}}, {"type": "Feature", "id": 125, "geometry": {"type": "Polygon", "coordinates": [[[41.613899, 42.291138], [41.61068, 42.287145], [41.613849, 42.282823], [41.620238, 42.282494], [41.623457, 42.286487], [41.620288, 42.290809], [41.613899, 42.291138]]]}, "properties": {"i": 125, "h3": "882c2180bbfffff", "lon": 41.61707, "lat": 42.28682, "water_km2": 0.718, "dist_coast_km": 1.4, "persistence": 0.0, "mean_cover": 0.0, "max_cover": 0.0, "trend_cover": 0.0, "hot": 0.0, "n_obs": 1}}, {"type": "Feature", "id": 126, "geometry": {"type": "Polygon", "coordinates": [[[41.604241, 42.279157], [41.601023, 42.275163], [41.604193, 42.270841], [41.610581, 42.270514], [41.6138, 42.274508], [41.61063, 42.278829], [41.604241, 42.279157]]]}, "properties": {"i": 126, "h3": "882c2180bdfffff", "lon": 41.60741, "lat": 42.27484, "water_km2": 0.72, "dist_coast_km": 2.7, "persistence": 0.0, "mean_cover": 0.0, "max_cover": 0.0, "trend_cover": 0.0, "hot": 0.0, "n_obs": 1}}, {"type": "Feature", "id": 127, "geometry": {"type": "Polygon", "coordinates": [[[41.556381, 42.294081], [41.553163, 42.290086], [41.556337, 42.285765], [41.562729, 42.285439], [41.565947, 42.289435], [41.562773, 42.293756], [41.556381, 42.294081]]]}, "properties": {"i": 127, "h3": "882c2180c1fffff", "lon": 41.55955, "lat": 42.28976, "water_km2": 0.738, "dist_coast_km": 4.5, "persistence": 0.0, "mean_cover": 0.0, "max_cover": 0.0, "trend_cover": 0.0, "hot": 0.0, "n_obs": 1}}, {"type": "Feature", "id": 128, "geometry": {"type": "Polygon", "coordinates": [[[41.565992, 42.297751], [41.562773, 42.293756], [41.565947, 42.289435], [41.572338, 42.289109], [41.575557, 42.293103], [41.572384, 42.297424], [41.565992, 42.297751]]]}, "properties": {"i": 128, "h3": "882c2180c3fffff", "lon": 41.56917, "lat": 42.29343, "water_km2": 0.732, "dist_coast_km": 4.5, "persistence": 0.0, "mean_cover": 0.0, "max_cover": 0.0, "trend_cover": 0.0, "hot": 0.0, "n_obs": 1}}, {"type": "Feature", "id": 129, "geometry": {"type": "Polygon", "coordinates": [[[41.556337, 42.285765], [41.553119, 42.281769], [41.556293, 42.277448], [41.562684, 42.277122], [41.565902, 42.281118], [41.562729, 42.285439], [41.556337, 42.285765]]]}, "properties": {"i": 129, "h3": "882c2180c5fffff", "lon": 41.55951, "lat": 42.28144, "water_km2": 0.725, "dist_coast_km": 5.5, "persistence": 0.0, "mean_cover": 0.0, "max_cover": 0.0, "trend_cover": 0.0, "hot": 0.0, "n_obs": 1}}, {"type": "Feature", "id": 130, "geometry": {"type": "Polygon", "coordinates": [[[41.565947, 42.289435], [41.562729, 42.285439], [41.565902, 42.281118], [41.572293, 42.280792], [41.575511, 42.284787], [41.572338, 42.289109], [41.565947, 42.289435]]]}, "properties": {"i": 130, "h3": "882c2180c7fffff", "lon": 41.56912, "lat": 42.28511, "water_km2": 0.73, "dist_coast_km": 4.5, "persistence": 0.0, "mean_cover": 0.0, "max_cover": 0.0, "trend_cover": 0.0, "hot": 0.0, "n_obs": 1}}, {"type": "Feature", "id": 131, "geometry": {"type": "Polygon", "coordinates": [[[41.546813, 42.298728], [41.543595, 42.294732], [41.54677, 42.290411], [41.553163, 42.290086], [41.556381, 42.294081], [41.553206, 42.298402], [41.546813, 42.298728]]]}, "properties": {"i": 131, "h3": "882c2180c9fffff", "lon": 41.54999, "lat": 42.29441, "water_km2": 0.742, "dist_coast_km": 5.8, "persistence": 0.0, "mean_cover": 0.0, "max_cover": 0.0, "trend_cover": 0.0, "hot": 0.0, "n_obs": 1}}, {"type": "Feature", "id": 132, "geometry": {"type": "Polygon", "coordinates": [[[41.556425, 42.302397], [41.553206, 42.298402], [41.556381, 42.294081], [41.562773, 42.293756], [41.565992, 42.297751], [41.562818, 42.302072], [41.556425, 42.302397]]]}, "properties": {"i": 132, "h3": "882c2180cbfffff", "lon": 41.5596, "lat": 42.29808, "water_km2": 0.722, "dist_coast_km": 4.5, "persistence": 0.0, "mean_cover": 0.0, "max_cover": 0.0, "trend_cover": 0.0, "hot": 0.0, "n_obs": 1}}, {"type": "Feature", "id": 133, "geometry": {"type": "Polygon", "coordinates": [[[41.54677, 42.290411], [41.543552, 42.286415], [41.546727, 42.282094], [41.553119, 42.281769], [41.556337, 42.285765], [41.553163, 42.290086], [41.54677, 42.290411]]]}, "properties": {"i": 133, "h3": "882c2180cdfffff", "lon": 41.54994, "lat": 42.28609, "water_km2": 0.72, "dist_coast_km": 5.8, "persistence": 0.0, "mean_cover": 0.0, "max_cover": 0.0, "trend_cover": 0.0, "hot": 0.0, "n_obs": 1}}, {"type": "Feature", "id": 134, "geometry": {"type": "Polygon", "coordinates": [[[41.575649, 42.309734], [41.57243, 42.30574], [41.575603, 42.301419], [41.581995, 42.301092], [41.585214, 42.305086], [41.582041, 42.309407], [41.575649, 42.309734]]]}, "properties": {"i": 134, "h3": "882c2180d1fffff", "lon": 41.57882, "lat": 42.30541, "water_km2": 0.738, "dist_coast_km": 2.7, "persistence": 0.0, "mean_cover": 0.0, "max_cover": 0.0, "trend_cover": 0.0, "hot": 0.0, "n_obs": 1}}, {"type": "Feature", "id": 135, "geometry": {"type": "Polygon", "coordinates": [[[41.585261, 42.3134], [41.582041, 42.309407], [41.585214, 42.305086], [41.591606, 42.304758], [41.594825, 42.308751], [41.591653, 42.313072], [41.585261, 42.3134]]]}, "properties": {"i": 135, "h3": "882c2180d3fffff", "lon": 41.58843, "lat": 42.30908, "water_km2": 0.718, "dist_coast_km": 2.7, "persistence": 0.0, "mean_cover": 0.0, "max_cover": 0.0, "trend_cover": 0.0, "hot": 0.0, "n_obs": 1}}, {"type": "Feature", "id": 136, "geometry": {"type": "Polygon", "coordinates": [[[41.575603, 42.301419], [41.572384, 42.297424], [41.575557, 42.293103], [41.581948, 42.292777], [41.585167, 42.296771], [41.581995, 42.301092], [41.575603, 42.301419]]]}, "properties": {"i": 136, "h3": "882c2180d5fffff", "lon": 41.57878, "lat": 42.2971, "water_km2": 0.722, "dist_coast_km": 3.3, "persistence": 0.0, "mean_cover": 0.0, "max_cover": 0.0, "trend_cover": 0.0, "hot": 0.0, "n_obs": 1}}, {"type": "Feature", "id": 137, "geometry": {"type": "Polygon", "coordinates": [[[41.585214, 42.305086], [41.581995, 42.301092], [41.585167, 42.296771], [41.591558, 42.296443], [41.594777, 42.300437], [41.591606, 42.304758], [41.585214, 42.305086]]]}, "properties": {"i": 137, "h3": "882c2180d7fffff", "lon": 41.58839, "lat": 42.30076, "water_km2": 0.745, "dist_coast_km": 2.7, "persistence": 0.0, "mean_cover": 0.0, "max_cover": 0.0, "trend_cover": 0.0, "hot": 0.0, "n_obs": 1}}, {"type": "Feature", "id": 138, "geometry": {"type": "Polygon", "coordinates": [[[41.566082, 42.314381], [41.562863, 42.310387], [41.566037, 42.306066], [41.57243, 42.30574], [41.575649, 42.309734], [41.572475, 42.314054], [41.566082, 42.314381]]]}, "properties": {"i": 138, "h3": "882c2180d9fffff", "lon": 41.56926, "lat": 42.31006, "water_km2": 0.728, "dist_coast_km": 4.1, "persistence": 0.0, "mean_cover": 0.0, "max_cover": 0.0, "trend_cover": 0.0, "hot": 0.0, "n_obs": 1}}, {"type": "Feature", "id": 139, "geometry": {"type": "Polygon", "coordinates": [[[41.575695, 42.318048], [41.572475, 42.314054], [41.575649, 42.309734], [41.582041, 42.309407], [41.585261, 42.3134], [41.582088, 42.317721], [41.575695, 42.318048]]]}, "properties": {"i": 139, "h3": "882c2180dbfffff", "lon": 41.57887, "lat": 42.31373, "water_km2": 0.725, "dist_coast_km": 2.7, "persistence": 0.0, "mean_cover": 0.0, "max_cover": 0.0, "trend_cover": 0.0, "hot": 0.0, "n_obs": 1}}, {"type": "Feature", "id": 140, "geometry": {"type": "Polygon", "coordinates": [[[41.566037, 42.306066], [41.562818, 42.302072], [41.565992, 42.297751], [41.572384, 42.297424], [41.575603, 42.301419], [41.57243, 42.30574], [41.566037, 42.306066]]]}, "properties": {"i": 140, "h3": "882c2180ddfffff", "lon": 41.56921, "lat": 42.30175, "water_km2": 0.732, "dist_coast_km": 4.1, "persistence": 0.0, "mean_cover": 0.0, "max_cover": 0.0, "trend_cover": 0.0, "hot": 0.0, "n_obs": 1}}, {"type": "Feature", "id": 141, "geometry": {"type": "Polygon", "coordinates": [[[41.565857, 42.272801], [41.562639, 42.268805], [41.565812, 42.264483], [41.572201, 42.264158], [41.575419, 42.268154], [41.572247, 42.272475], [41.565857, 42.272801]]]}, "properties": {"i": 141, "h3": "882c2180e1fffff", "lon": 41.56903, "lat": 42.26848, "water_km2": 0.725, "dist_coast_km": 5.5, "persistence": 0.0, "mean_cover": 0.0, "max_cover": 0.0, "trend_cover": 0.0, "hot": 0.0, "n_obs": 1}}, {"type": "Feature", "id": 142, "geometry": {"type": "Polygon", "coordinates": [[[41.575465, 42.276471], [41.572247, 42.272475], [41.575419, 42.268154], [41.581808, 42.267827], [41.585026, 42.271823], [41.581855, 42.276144], [41.575465, 42.276471]]]}, "properties": {"i": 142, "h3": "882c2180e3fffff", "lon": 41.57864, "lat": 42.27215, "water_km2": 0.745, "dist_coast_km": 4.1, "persistence": 0.0, "mean_cover": 0.0, "max_cover": 0.0, "trend_cover": 0.0, "hot": 0.0, "n_obs": 1}}, {"type": "Feature", "id": 143, "geometry": {"type": "Polygon", "coordinates": [[[41.565812, 42.264483], [41.562595, 42.260487], [41.565767, 42.256165], [41.572156, 42.25584], [41.575373, 42.259836], [41.572201, 42.264158], [41.565812, 42.264483]]]}, "properties": {"i": 143, "h3": "882c2180e5fffff", "lon": 41.56898, "lat": 42.26016, "water_km2": 0.74, "dist_coast_km": 5.5, "persistence": 0.0, "mean_cover": 0.0, "max_cover": 0.0, "trend_cover": 0.0, "hot": 0.0, "n_obs": 1}}, {"type": "Feature", "id": 144, "geometry": {"type": "Polygon", "coordinates": [[[41.575419, 42.268154], [41.572201, 42.264158], [41.575373, 42.259836], [41.581762, 42.25951], [41.58498, 42.263506], [41.581808, 42.267827], [41.575419, 42.268154]]]}, "properties": {"i": 144, "h3": "882c2180e7fffff", "lon": 41.57859, "lat": 42.26383, "water_km2": 0.718, "dist_coast_km": 4.1, "persistence": 0.0, "mean_cover": 0.0, "max_cover": 0.0, "trend_cover": 0.0, "hot": 0.0, "n_obs": 1}}, {"type": "Feature", "id": 145, "geometry": {"type": "Polygon", "coordinates": [[[41.556293, 42.277448], [41.553075, 42.273451], [41.556249, 42.26913], [41.562639, 42.268805], [41.565857, 42.272801], [41.562684, 42.277122], [41.556293, 42.277448]]]}, "properties": {"i": 145, "h3": "882c2180e9fffff", "lon": 41.55947, "lat": 42.27313, "water_km2": 0.732, "dist_coast_km": 5.5, "persistence": 0.0, "mean_cover": 0.0, "max_cover": 0.0, "trend_cover": 0.0, "hot": 0.0, "n_obs": 1}}, {"type": "Feature", "id": 146, "geometry": {"type": "Polygon", "coordinates": [[[41.565902, 42.281118], [41.562684, 42.277122], [41.565857, 42.272801], [41.572247, 42.272475], [41.575465, 42.276471], [41.572293, 42.280792], [41.565902, 42.281118]]]}, "properties": {"i": 146, "h3": "882c2180ebfffff", "lon": 41.56907, "lat": 42.2768, "water_km2": 0.735, "dist_coast_km": 5.5, "persistence": 0.0, "mean_cover": 0.0, "max_cover": 0.0, "trend_cover": 0.0, "hot": 0.0, "n_obs": 1}}, {"type": "Feature", "id": 147, "geometry": {"type": "Polygon", "coordinates": [[[41.556249, 42.26913], [41.553031, 42.265133], [41.556205, 42.260812], [41.562595, 42.260487], [41.565812, 42.264483], [41.562639, 42.268805], [41.556249, 42.26913]]]}, "properties": {"i": 147, "h3": "882c2180edfffff", "lon": 41.55942, "lat": 42.26481, "water_km2": 0.73, "dist_coast_km": 5.5, "persistence": 0.0, "mean_cover": 0.0, "max_cover": 0.0, "trend_cover": 0.0, "hot": 0.0, "n_obs": 1}}, {"type": "Feature", "id": 148, "geometry": {"type": "Polygon", "coordinates": [[[41.517576, 42.204504], [41.514362, 42.200502], [41.517536, 42.19618], [41.523923, 42.195858], [41.527137, 42.199859], [41.523964, 42.204182], [41.517576, 42.204504]]]}, "properties": {"i": 148, "h3": "882c218101fffff", "lon": 41.52075, "lat": 42.20018, "water_km2": 0.73, "dist_coast_km": 9.6, "persistence": 0.0, "mean_cover": 0.0, "max_cover": 0.0, "trend_cover": 0.0, "hot": 0.0, "n_obs": 1}}, {"type": "Feature", "id": 149, "geometry": {"type": "Polygon", "coordinates": [[[41.527178, 42.208183], [41.523964, 42.204182], [41.527137, 42.199859], [41.533524, 42.199537], [41.536738, 42.203538], [41.533566, 42.20786], [41.527178, 42.208183]]]}, "properties": {"i": 149, "h3": "882c218103fffff", "lon": 41.53035, "lat": 42.20386, "water_km2": 0.742, "dist_coast_km": 8.2, "persistence": 0.0, "mean_cover": 0.0, "max_cover": 0.0, "trend_cover": 0.0, "hot": 0.0, "n_obs": 1}}, {"type": "Feature", "id": 150, "geometry": {"type": "Polygon", "coordinates": [[[41.517536, 42.19618], [41.514323, 42.192178], [41.517496, 42.187856], [41.523882, 42.187534], [41.527096, 42.191536], [41.523923, 42.195858], [41.517536, 42.19618]]]}, "properties": {"i": 150, "h3": "882c218105fffff", "lon": 41.52071, "lat": 42.19186, "water_km2": 0.738, "dist_coast_km": 9.6, "persistence": 0.0, "mean_cover": 0.0, "max_cover": 0.0, "trend_cover": 0.0, "hot": 0.0, "n_obs": 1}}, {"type": "Feature", "id": 151, "geometry": {"type": "Polygon", "coordinates": [[[41.527137, 42.199859], [41.523923, 42.195858], [41.527096, 42.191536], [41.533482, 42.191214], [41.536696, 42.195215], [41.533524, 42.199537], [41.527137, 42.199859]]]}, "properties": {"i": 151, "h3": "882c218107fffff", "lon": 41.53031, "lat": 42.19554, "water_km2": 0.72, "dist_coast_km": 8.2, "persistence": 0.0, "mean_cover": 0.0, "max_cover": 0.0, "trend_cover": 0.0, "hot": 0.0, "n_obs": 1}}, {"type": "Feature", "id": 152, "geometry": {"type": "Polygon", "coordinates": [[[41.508014, 42.209147], [41.5048, 42.205146], [41.507975, 42.200823], [41.514362, 42.200502], [41.517576, 42.204504], [41.514402, 42.208826], [41.508014, 42.209147]]]}, "properties": {"i": 152, "h3": "882c218109fffff", "lon": 41.51119, "lat": 42.20482, "water_km2": 0.74, "dist_coast_km": 9.6, "persistence": 0.0, "mean_cover": 0.0, "max_cover": 0.0, "trend_cover": 0.0, "hot": 0.0, "n_obs": 1}}, {"type": "Feature", "id": 153, "geometry": {"type": "Polygon", "coordinates": [[[41.517617, 42.212827], [41.514402, 42.208826], [41.517576, 42.204504], [41.523964, 42.204182], [41.527178, 42.208183], [41.524005, 42.212505], [41.517617, 42.212827]]]}, "properties": {"i": 153, "h3": "882c21810bfffff", "lon": 41.52079, "lat": 42.2085, "water_km2": 0.732, "dist_coast_km": 9.6, "persistence": 0.0, "mean_cover": 0.0, "max_cover": 0.0, "trend_cover": 0.0, "hot": 0.0, "n_obs": 1}}, {"type": "Feature", "id": 154, "geometry": {"type": "Polygon", "coordinates": [[[41.507975, 42.200823], [41.504761, 42.196822], [41.507935, 42.192499], [41.514323, 42.192178], [41.517536, 42.19618], [41.514362, 42.200502], [41.507975, 42.200823]]]}, "properties": {"i": 154, "h3": "882c21810dfffff", "lon": 41.51115, "lat": 42.1965, "water_km2": 0.722, "dist_coast_km": 9.6, "persistence": 0.0, "mean_cover": 0.0, "max_cover": 0.0, "trend_cover": 0.0, "hot": 0.0, "n_obs": 1}}, {"type": "Feature", "id": 155, "geometry": {"type": "Polygon", "coordinates": [[[41.536822, 42.220182], [41.533607, 42.216183], [41.53678, 42.21186], [41.543167, 42.211538], [41.546382, 42.215537], [41.54321, 42.219859], [41.536822, 42.220182]]]}, "properties": {"i": 155, "h3": "882c218111fffff", "lon": 41.54, "lat": 42.21586, "water_km2": 0.748, "dist_coast_km": 8.2, "persistence": 1.0, "mean_cover": 11.542, "max_cover": 11.542, "trend_cover": 0.0, "hot": 2.5291, "n_obs": 1}}, {"type": "Feature", "id": 156, "geometry": {"type": "Polygon", "coordinates": [[[41.546425, 42.223859], [41.54321, 42.219859], [41.546382, 42.215537], [41.552769, 42.215214], [41.555985, 42.219212], [41.552813, 42.223535], [41.546425, 42.223859]]]}, "properties": {"i": 156, "h3": "882c218113fffff", "lon": 41.5496, "lat": 42.21954, "water_km2": 0.725, "dist_coast_km": 7.1, "persistence": 0.0, "mean_cover": 0.0, "max_cover": 0.0, "trend_cover": 0.0, "hot": 0.0, "n_obs": 1}}, {"type": "Feature", "id": 157, "geometry": {"type": "Polygon", "coordinates": [[[41.53678, 42.21186], [41.533566, 42.20786], [41.536738, 42.203538], [41.543125, 42.203215], [41.546339, 42.207215], [41.543167, 42.211538], [41.53678, 42.21186]]]}, "properties": {"i": 157, "h3": "882c218115fffff", "lon": 41.53995, "lat": 42.20754, "water_km2": 0.718, "dist_coast_km": 8.2, "persistence": 0.0, "mean_cover": 0.0, "max_cover": 0.0, "trend_cover": 0.0, "hot": 0.0, "n_obs": 1}}, {"type": "Feature", "id": 158, "geometry": {"type": "Polygon", "coordinates": [[[41.546382, 42.215537], [41.543167, 42.211538], [41.546339, 42.207215], [41.552726, 42.206892], [41.555941, 42.210891], [41.552769, 42.215214], [41.546382, 42.215537]]]}, "properties": {"i": 158, "h3": "882c218117fffff", "lon": 41.54955, "lat": 42.21121, "water_km2": 0.738, "dist_coast_km": 6.9, "persistence": 1.0, "mean_cover": 17.547, "max_cover": 17.547, "trend_cover": 0.0, "hot": 2.9203, "n_obs": 1}}, {"type": "Feature", "id": 159, "geometry": {"type": "Polygon", "coordinates": [[[41.527261, 42.224827], [41.524046, 42.220827], [41.527219, 42.216505], [41.533607, 42.216183], [41.536822, 42.220182], [41.533649, 42.224505], [41.527261, 42.224827]]]}, "properties": {"i": 159, "h3": "882c218119fffff", "lon": 41.53043, "lat": 42.22051, "water_km2": 0.738, "dist_coast_km": 8.5, "persistence": 0.0, "mean_cover": 0.0, "max_cover": 0.0, "trend_cover": 0.0, "hot": 0.0, "n_obs": 1}}, {"type": "Feature", "id": 160, "geometry": {"type": "Polygon", "coordinates": [[[41.536864, 42.228504], [41.533649, 42.224505], [41.536822, 42.220182], [41.54321, 42.219859], [41.546425, 42.223859], [41.543253, 42.228181], [41.536864, 42.228504]]]}, "properties": {"i": 160, "h3": "882c21811bfffff", "lon": 41.54004, "lat": 42.22418, "water_km2": 0.718, "dist_coast_km": 8.5, "persistence": 0.0, "mean_cover": 0.0, "max_cover": 0.0, "trend_cover": 0.0, "hot": 0.0, "n_obs": 1}}, {"type": "Feature", "id": 161, "geometry": {"type": "Polygon", "coordinates": [[[41.527219, 42.216505], [41.524005, 42.212505], [41.527178, 42.208183], [41.533566, 42.20786], [41.53678, 42.21186], [41.533607, 42.216183], [41.527219, 42.216505]]]}, "properties": {"i": 161, "h3": "882c21811dfffff", "lon": 41.53039, "lat": 42.21218, "water_km2": 0.722, "dist_coast_km": 8.2, "persistence": 0.0, "mean_cover": 0.0, "max_cover": 0.0, "trend_cover": 0.0, "hot": 0.0, "n_obs": 1}}, {"type": "Feature", "id": 162, "geometry": {"type": "Polygon", "coordinates": [[[41.527055, 42.183211], [41.523842, 42.17921], [41.527014, 42.174886], [41.533399, 42.174565], [41.536612, 42.178567], [41.53344, 42.18289], [41.527055, 42.183211]]]}, "properties": {"i": 162, "h3": "882c218121fffff", "lon": 41.53023, "lat": 42.17889, "water_km2": 0.72, "dist_coast_km": 8.5, "persistence": 0.0, "mean_cover": 0.0, "max_cover": 0.0, "trend_cover": 0.0, "hot": 0.0, "n_obs": 1}}, {"type": "Feature", "id": 163, "geometry": {"type": "Polygon", "coordinates": [[[41.536654, 42.186891], [41.53344, 42.18289], [41.536612, 42.178567], [41.542997, 42.178244], [41.54621, 42.182245], [41.543039, 42.186569], [41.536654, 42.186891]]]}, "properties": {"i": 163, "h3": "882c218123fffff", "lon": 41.53983, "lat": 42.18257, "water_km2": 0.74, "dist_coast_km": 8.5, "persistence": 0.0, "mean_cover": 0.0, "max_cover": 0.0, "trend_cover": 0.0, "hot": 0.0, "n_obs": 1}}, {"type": "Feature", "id": 164, "geometry": {"type": "Polygon", "coordinates": [[[41.527014, 42.174886], [41.523801, 42.170884], [41.526973, 42.166561], [41.533357, 42.16624], [41.53657, 42.170242], [41.533399, 42.174565], [41.527014, 42.174886]]]}, "properties": {"i": 164, "h3": "882c218125fffff", "lon": 41.53019, "lat": 42.17056, "water_km2": 0.745, "dist_coast_km": 8.5, "persistence": 0.0, "mean_cover": 0.0, "max_cover": 0.0, "trend_cover": 0.0, "hot": 0.0, "n_obs": 1}}, {"type": "Feature", "id": 165, "geometry": {"type": "Polygon", "coordinates": [[[41.536612, 42.178567], [41.533399, 42.174565], [41.53657, 42.170242], [41.542954, 42.16992], [41.546167, 42.173921], [41.542997, 42.178244], [41.536612, 42.178567]]]}, "properties": {"i": 165, "h3": "882c218127fffff", "lon": 41.53978, "lat": 42.17424, "water_km2": 0.722, "dist_coast_km": 8.5, "persistence": 0.0, "mean_cover": 0.0, "max_cover": 0.0, "trend_cover": 0.0, "hot": 0.0, "n_obs": 1}}, {"type": "Feature", "id": 166, "geometry": {"type": "Polygon", "coordinates": [[[41.517496, 42.187856], [41.514283, 42.183854], [41.517456, 42.179531], [41.523842, 42.17921], [41.527055, 42.183211], [41.523882, 42.187534], [41.517496, 42.187856]]]}, "properties": {"i": 166, "h3": "882c218129fffff", "lon": 41.52067, "lat": 42.18353, "water_km2": 0.73, "dist_coast_km": 9.8, "persistence": 0.0, "mean_cover": 0.0, "max_cover": 0.0, "trend_cover": 0.0, "hot": 0.0, "n_obs": 1}}, {"type": "Feature", "id": 167, "geometry": {"type": "Polygon", "coordinates": [[[41.527096, 42.191536], [41.523882, 42.187534], [41.527055, 42.183211], [41.53344, 42.18289], [41.536654, 42.186891], [41.533482, 42.191214], [41.527096, 42.191536]]]}, "properties": {"i": 167, "h3": "882c21812bfffff", "lon": 41.53027, "lat": 42.18721, "water_km2": 0.745, "dist_coast_km": 8.2, "persistence": 0.0, "mean_cover": 0.0, "max_cover": 0.0, "trend_cover": 0.0, "hot": 0.0, "n_obs": 1}}, {"type": "Feature", "id": 168, "geometry": {"type": "Polygon", "coordinates": [[[41.517456, 42.179531], [41.514243, 42.175528], [41.517416, 42.171205], [41.523801, 42.170884], [41.527014, 42.174886], [41.523842, 42.17921], [41.517456, 42.179531]]]}, "properties": {"i": 168, "h3": "882c21812dfffff", "lon": 41.52063, "lat": 42.17521, "water_km2": 0.735, "dist_coast_km": 9.8, "persistence": 0.0, "mean_cover": 0.0, "max_cover": 0.0, "trend_cover": 0.0, "hot": 0.0, "n_obs": 1}}, {"type": "Feature", "id": 169, "geometry": {"type": "Polygon", "coordinates": [[[41.546296, 42.198892], [41.543082, 42.194892], [41.546253, 42.190569], [41.552638, 42.190246], [41.555853, 42.194246], [41.552682, 42.198569], [41.546296, 42.198892]]]}, "properties": {"i": 169, "h3": "882c218131fffff", "lon": 41.54947, "lat": 42.19457, "water_km2": 0.735, "dist_coast_km": 6.9, "persistence": 0.0, "mean_cover": 0.0, "max_cover": 0.0, "trend_cover": 0.0, "hot": 0.0, "n_obs": 1}}, {"type": "Feature", "id": 170, "geometry": {"type": "Polygon", "coordinates": [[[41.555897, 42.202569], [41.552682, 42.198569], [41.555853, 42.194246], [41.562237, 42.193923], [41.565452, 42.197922], [41.562282, 42.202245], [41.555897, 42.202569]]]}, "properties": {"i": 170, "h3": "882c218133fffff", "lon": 41.55907, "lat": 42.19825, "water_km2": 0.74, "dist_coast_km": 5.5, "persistence": 0.0, "mean_cover": 0.0, "max_cover": 0.0, "trend_cover": 0.0, "hot": 0.0, "n_obs": 1}}, {"type": "Feature", "id": 171, "geometry": {"type": "Polygon", "coordinates": [[[41.546253, 42.190569], [41.543039, 42.186569], [41.54621, 42.182245], [41.552595, 42.181923], [41.555809, 42.185923], [41.552638, 42.190246], [41.546253, 42.190569]]]}, "properties": {"i": 171, "h3": "882c218135fffff", "lon": 41.54942, "lat": 42.18625, "water_km2": 0.73, "dist_coast_km": 6.9, "persistence": 0.0, "mean_cover": 0.0, "max_cover": 0.0, "trend_cover": 0.0, "hot": 0.0, "n_obs": 1}}, {"type": "Feature", "id": 172, "geometry": {"type": "Polygon", "coordinates": [[[41.555853, 42.194246], [41.552638, 42.190246], [41.555809, 42.185923], [41.562193, 42.1856], [41.565407, 42.189599], [41.562237, 42.193923], [41.555853, 42.194246]]]}, "properties": {"i": 172, "h3": "882c218137fffff", "lon": 41.55902, "lat": 42.18992, "water_km2": 0.725, "dist_coast_km": 5.5, "persistence": 0.0, "mean_cover": 0.0, "max_cover": 0.0, "trend_cover": 0.0, "hot": 0.0, "n_obs": 1}}, {"type": "Feature", "id": 173, "geometry": {"type": "Polygon", "coordinates": [[[41.536738, 42.203538], [41.533524, 42.199537], [41.536696, 42.195215], [41.543082, 42.194892], [41.546296, 42.198892], [41.543125, 42.203215], [41.536738, 42.203538]]]}, "properties": {"i": 173, "h3": "882c218139fffff", "lon": 41.53991, "lat": 42.19921, "water_km2": 0.742, "dist_coast_km": 8.2, "persistence": 0.0, "mean_cover": 0.0, "max_cover": 0.0, "trend_cover": 0.0, "hot": 0.0, "n_obs": 1}}, {"type": "Feature", "id": 174, "geometry": {"type": "Polygon", "coordinates": [[[41.546339, 42.207215], [41.543125, 42.203215], [41.546296, 42.198892], [41.552682, 42.198569], [41.555897, 42.202569], [41.552726, 42.206892], [41.546339, 42.207215]]]}, "properties": {"i": 174, "h3": "882c21813bfffff", "lon": 41.54951, "lat": 42.20289, "water_km2": 0.728, "dist_coast_km": 6.9, "persistence": 0.0, "mean_cover": 0.0, "max_cover": 0.0, "trend_cover": 0.0, "hot": 0.0, "n_obs": 1}}, {"type": "Feature", "id": 175, "geometry": {"type": "Polygon", "coordinates": [[[41.536696, 42.195215], [41.533482, 42.191214], [41.536654, 42.186891], [41.543039, 42.186569], [41.546253, 42.190569], [41.543082, 42.194892], [41.536696, 42.195215]]]}, "properties": {"i": 175, "h3": "882c21813dfffff", "lon": 41.53987, "lat": 42.19089, "water_km2": 0.72, "dist_coast_km": 8.2, "persistence": 0.0, "mean_cover": 0.0, "max_cover": 0.0, "trend_cover": 0.0, "hot": 0.0, "n_obs": 1}}, {"type": "Feature", "id": 176, "geometry": {"type": "Polygon", "coordinates": [[[41.488846, 42.210109], [41.485633, 42.206107], [41.488809, 42.201784], [41.495198, 42.201464], [41.498411, 42.205466], [41.495236, 42.209789], [41.488846, 42.210109]]]}, "properties": {"i": 176, "h3": "882c218141fffff", "lon": 41.49202, "lat": 42.20579, "water_km2": 0.728, "dist_coast_km": 12.4, "persistence": 0.0, "mean_cover": 0.0, "max_cover": 0.0, "trend_cover": 0.0, "hot": 0.0, "n_obs": 1}}, {"type": "Feature", "id": 177, "geometry": {"type": "Polygon", "coordinates": [[[41.49845, 42.21379], [41.495236, 42.209789], [41.498411, 42.205466], [41.5048, 42.205146], [41.508014, 42.209147], [41.504839, 42.213469], [41.49845, 42.21379]]]}, "properties": {"i": 177, "h3": "882c218143fffff", "lon": 41.50163, "lat": 42.20947, "water_km2": 0.75, "dist_coast_km": 11.0, "persistence": 0.0, "mean_cover": 0.0, "max_cover": 0.0, "trend_cover": 0.0, "hot": 0.0, "n_obs": 1}}, {"type": "Feature", "id": 178, "geometry": {"type": "Polygon", "coordinates": [[[41.488809, 42.201784], [41.485596, 42.197782], [41.488772, 42.19346], [41.49516, 42.19314], [41.498373, 42.197142], [41.495198, 42.201464], [41.488809, 42.201784]]]}, "properties": {"i": 178, "h3": "882c218145fffff", "lon": 41.49198, "lat": 42.19746, "water_km2": 0.735, "dist_coast_km": 12.4, "persistence": 0.0, "mean_cover": 0.0, "max_cover": 0.0, "trend_cover": 0.0, "hot": 0.0, "n_obs": 1}}, {"type": "Feature", "id": 179, "geometry": {"type": "Polygon", "coordinates": [[[41.498411, 42.205466], [41.495198, 42.201464], [41.498373, 42.197142], [41.504761, 42.196822], [41.507975, 42.200823], [41.5048, 42.205146], [41.498411, 42.205466]]]}, "properties": {"i": 179, "h3": "882c218147fffff", "lon": 41.50159, "lat": 42.20114, "water_km2": 0.718, "dist_coast_km": 11.0, "persistence": 0.0, "mean_cover": 0.0, "max_cover": 0.0, "trend_cover": 0.0, "hot": 0.0, "n_obs": 1}}, {"type": "Feature", "id": 180, "geometry": {"type": "Polygon", "coordinates": [[[41.479279, 42.214751], [41.476066, 42.210748], [41.479243, 42.206426], [41.485633, 42.206107], [41.488846, 42.210109], [41.48567, 42.214431], [41.479279, 42.214751]]]}, "properties": {"i": 180, "h3": "882c218149fffff", "lon": 41.48246, "lat": 42.21043, "water_km2": 0.738, "dist_coast_km": 12.4, "persistence": 0.0, "mean_cover": 0.0, "max_cover": 0.0, "trend_cover": 0.0, "hot": 0.0, "n_obs": 1}}, {"type": "Feature", "id": 181, "geometry": {"type": "Polygon", "coordinates": [[[41.488884, 42.218433], [41.48567, 42.214431], [41.488846, 42.210109], [41.495236, 42.209789], [41.49845, 42.21379], [41.495274, 42.218112], [41.488884, 42.218433]]]}, "properties": {"i": 181, "h3": "882c21814bfffff", "lon": 41.49206, "lat": 42.21411, "water_km2": 0.738, "dist_coast_km": 11.0, "persistence": 0.0, "mean_cover": 0.0, "max_cover": 0.0, "trend_cover": 0.0, "hot": 0.0, "n_obs": 1}}, {"type": "Feature", "id": 182, "geometry": {"type": "Polygon", "coordinates": [[[41.479243, 42.206426], [41.47603, 42.202423], [41.479207, 42.198101], [41.485596, 42.197782], [41.488809, 42.201784], [41.485633, 42.206107], [41.479243, 42.206426]]]}, "properties": {"i": 182, "h3": "882c21814dfffff", "lon": 41.48242, "lat": 42.2021, "water_km2": 0.728, "dist_coast_km": 12.4, "persistence": 0.0, "mean_cover": 0.0, "max_cover": 0.0, "trend_cover": 0.0, "hot": 0.0, "n_obs": 1}}, {"type": "Feature", "id": 183, "geometry": {"type": "Polygon", "coordinates": [[[41.508092, 42.225793], [41.504878, 42.221792], [41.508053, 42.21747], [41.514442, 42.217149], [41.517657, 42.221149], [41.514482, 42.225472], [41.508092, 42.225793]]]}, "properties": {"i": 183, "h3": "882c218151fffff", "lon": 41.51127, "lat": 42.22147, "water_km2": 0.74, "dist_coast_km": 9.8, "persistence": 0.0, "mean_cover": 0.0, "max_cover": 0.0, "trend_cover": 0.0, "hot": 0.0, "n_obs": 1}}, {"type": "Feature", "id": 184, "geometry": {"type": "Polygon", "coordinates": [[[41.517697, 42.229472], [41.514482, 42.225472], [41.517657, 42.221149], [41.524046, 42.220827], [41.527261, 42.224827], [41.524087, 42.229149], [41.517697, 42.229472]]]}, "properties": {"i": 184, "h3": "882c218153fffff", "lon": 41.52087, "lat": 42.22515, "water_km2": 0.732, "dist_coast_km": 9.8, "persistence": 0.0, "mean_cover": 0.0, "max_cover": 0.0, "trend_cover": 0.0, "hot": 0.0, "n_obs": 1}}, {"type": "Feature", "id": 185, "geometry": {"type": "Polygon", "coordinates": [[[41.508053, 42.21747], [41.504839, 42.213469], [41.508014, 42.209147], [41.514402, 42.208826], [41.517617, 42.212827], [41.514442, 42.217149], [41.508053, 42.21747]]]}, "properties": {"i": 185, "h3": "882c218155fffff", "lon": 41.51123, "lat": 42.21315, "water_km2": 0.722, "dist_coast_km": 9.6, "persistence": 0.0, "mean_cover": 0.0, "max_cover": 0.0, "trend_cover": 0.0, "hot": 0.0, "n_obs": 1}}, {"type": "Feature", "id": 186, "geometry": {"type": "Polygon", "coordinates": [[[41.517657, 42.221149], [41.514442, 42.217149], [41.517617, 42.212827], [41.524005, 42.212505], [41.527219, 42.216505], [41.524046, 42.220827], [41.517657, 42.221149]]]}, "properties": {"i": 186, "h3": "882c218157fffff", "lon": 41.52083, "lat": 42.21683, "water_km2": 0.732, "dist_coast_km": 9.6, "persistence": 0.0, "mean_cover": 0.0, "max_cover": 0.0, "trend_cover": 0.0, "hot": 0.0, "n_obs": 1}}, {"type": "Feature", "id": 187, "geometry": {"type": "Polygon", "coordinates": [[[41.498526, 42.230436], [41.495312, 42.226435], [41.498488, 42.222113], [41.504878, 42.221792], [41.508092, 42.225793], [41.504917, 42.230115], [41.498526, 42.230436]]]}, "properties": {"i": 187, "h3": "882c218159fffff", "lon": 41.5017, "lat": 42.22611, "water_km2": 0.742, "dist_coast_km": 11.2, "persistence": 0.0, "mean_cover": 0.0, "max_cover": 0.0, "trend_cover": 0.0, "hot": 0.0, "n_obs": 1}}, {"type": "Feature", "id": 188, "geometry": {"type": "Polygon", "coordinates": [[[41.508132, 42.234115], [41.504917, 42.230115], [41.508092, 42.225793], [41.514482, 42.225472], [41.517697, 42.229472], [41.514522, 42.233793], [41.508132, 42.234115]]]}, "properties": {"i": 188, "h3": "882c21815bfffff", "lon": 41.51131, "lat": 42.22979, "water_km2": 0.72, "dist_coast_km": 9.8, "persistence": 0.0, "mean_cover": 0.0, "max_cover": 0.0, "trend_cover": 0.0, "hot": 0.0, "n_obs": 1}}, {"type": "Feature", "id": 189, "geometry": {"type": "Polygon", "coordinates": [[[41.498488, 42.222113], [41.495274, 42.218112], [41.49845, 42.21379], [41.504839, 42.213469], [41.508053, 42.21747], [41.504878, 42.221792], [41.498488, 42.222113]]]}, "properties": {"i": 189, "h3": "882c21815dfffff", "lon": 41.50166, "lat": 42.21779, "water_km2": 0.718, "dist_coast_km": 11.2, "persistence": 0.0, "mean_cover": 0.0, "max_cover": 0.0, "trend_cover": 0.0, "hot": 0.0, "n_obs": 1}}, {"type": "Feature", "id": 190, "geometry": {"type": "Polygon", "coordinates": [[[41.498335, 42.188817], [41.495122, 42.184815], [41.498296, 42.180492], [41.504683, 42.180172], [41.507896, 42.184174], [41.504722, 42.188497], [41.498335, 42.188817]]]}, "properties": {"i": 190, "h3": "882c218161fffff", "lon": 41.50151, "lat": 42.18449, "water_km2": 0.718, "dist_coast_km": 11.0, "persistence": 0.0, "mean_cover": 0.0, "max_cover": 0.0, "trend_cover": 0.0, "hot": 0.0, "n_obs": 1}}, {"type": "Feature", "id": 191, "geometry": {"type": "Polygon", "coordinates": [[[41.507935, 42.192499], [41.504722, 42.188497], [41.507896, 42.184174], [41.514283, 42.183854], [41.517496, 42.187856], [41.514323, 42.192178], [41.507935, 42.192499]]]}, "properties": {"i": 191, "h3": "882c218163fffff", "lon": 41.51111, "lat": 42.18818, "water_km2": 0.74, "dist_coast_km": 9.6, "persistence": 0.0, "mean_cover": 0.0, "max_cover": 0.0, "trend_cover": 0.0, "hot": 0.0, "n_obs": 1}}, {"type": "Feature", "id": 192, "geometry": {"type": "Polygon", "coordinates": [[[41.498296, 42.180492], [41.495084, 42.176489], [41.498258, 42.172166], [41.504644, 42.171846], [41.507857, 42.175849], [41.504683, 42.180172], [41.498296, 42.180492]]]}, "properties": {"i": 192, "h3": "882c218165fffff", "lon": 41.50147, "lat": 42.17617, "water_km2": 0.745, "dist_coast_km": 11.2, "persistence": 0.0, "mean_cover": 0.0, "max_cover": 0.0, "trend_cover": 0.0, "hot": 0.0, "n_obs": 1}}, {"type": "Feature", "id": 193, "geometry": {"type": "Polygon", "coordinates": [[[41.507896, 42.184174], [41.504683, 42.180172], [41.507857, 42.175849], [41.514243, 42.175528], [41.517456, 42.179531], [41.514283, 42.183854], [41.507896, 42.184174]]]}, "properties": {"i": 193, "h3": "882c218167fffff", "lon": 41.51107, "lat": 42.17985, "water_km2": 0.725, "dist_coast_km": 9.8, "persistence": 0.0, "mean_cover": 0.0, "max_cover": 0.0, "trend_cover": 0.0, "hot": 0.0, "n_obs": 1}}, {"type": "Feature", "id": 194, "geometry": {"type": "Polygon", "coordinates": [[[41.488772, 42.19346], [41.485559, 42.189457], [41.488734, 42.185134], [41.495122, 42.184815], [41.498335, 42.188817], [41.49516, 42.19314], [41.488772, 42.19346]]]}, "properties": {"i": 194, "h3": "882c218169fffff", "lon": 41.49195, "lat": 42.18914, "water_km2": 0.725, "dist_coast_km": 12.4, "persistence": 0.0, "mean_cover": 0.0, "max_cover": 0.0, "trend_cover": 0.0, "hot": 0.0, "n_obs": 1}}, {"type": "Feature", "id": 195, "geometry": {"type": "Polygon", "coordinates": [[[41.498373, 42.197142], [41.49516, 42.19314], [41.498335, 42.188817], [41.504722, 42.188497], [41.507935, 42.192499], [41.504761, 42.196822], [41.498373, 42.197142]]]}, "properties": {"i": 195, "h3": "882c21816bfffff", "lon": 41.50155, "lat": 42.19282, "water_km2": 0.748, "dist_coast_km": 11.0, "persistence": 0.0, "mean_cover": 0.0, "max_cover": 0.0, "trend_cover": 0.0, "hot": 0.0, "n_obs": 1}}, {"type": "Feature", "id": 196, "geometry": {"type": "Polygon", "coordinates": [[[41.488734, 42.185134], [41.485522, 42.181131], [41.488697, 42.176808], [41.495084, 42.176489], [41.498296, 42.180492], [41.495122, 42.184815], [41.488734, 42.185134]]]}, "properties": {"i": 196, "h3": "882c21816dfffff", "lon": 41.49191, "lat": 42.18081, "water_km2": 0.742, "dist_coast_km": 12.5, "persistence": 0.0, "mean_cover": 0.0, "max_cover": 0.0, "trend_cover": 0.0, "hot": 0.0, "n_obs": 1}}, {"type": "Feature", "id": 197, "geometry": {"type": "Polygon", "coordinates": [[[41.584792, 42.230232], [41.581576, 42.226235], [41.584745, 42.221912], [41.591131, 42.221586], [41.594347, 42.225583], [41.591178, 42.229906], [41.584792, 42.230232]]]}, "properties": {"i": 197, "h3": "882c218181fffff", "lon": 41.58796, "lat": 42.22591, "water_km2": 0.73, "dist_coast_km": 4.5, "persistence": 0.0, "mean_cover": 0.0, "max_cover": 0.0, "trend_cover": 0.0, "hot": 0.0, "n_obs": 1}}, {"type": "Feature", "id": 198, "geometry": {"type": "Polygon", "coordinates": [[[41.594395, 42.233902], [41.591178, 42.229906], [41.594347, 42.225583], [41.600732, 42.225257], [41.603949, 42.229253], [41.600781, 42.233576], [41.594395, 42.233902]]]}, "properties": {"i": 198, "h3": "882c218183fffff", "lon": 41.59756, "lat": 42.22958, "water_km2": 0.722, "dist_coast_km": 3.3, "persistence": 0.0, "mean_cover": 0.0, "max_cover": 0.0, "trend_cover": 0.0, "hot": 0.0, "n_obs": 1}}, {"type": "Feature", "id": 199, "geometry": {"type": "Polygon", "coordinates": [[[41.584745, 42.221912], [41.581529, 42.217914], [41.584698, 42.213591], [41.591083, 42.213266], [41.594299, 42.217263], [41.591131, 42.221586], [41.584745, 42.221912]]]}, "properties": {"i": 199, "h3": "882c218185fffff", "lon": 41.58791, "lat": 42.21759, "water_km2": 0.732, "dist_coast_km": 4.5, "persistence": 0.0, "mean_cover": 0.0, "max_cover": 0.0, "trend_cover": 0.0, "hot": 0.0, "n_obs": 1}}, {"type": "Feature", "id": 200, "geometry": {"type": "Polygon", "coordinates": [[[41.594347, 42.225583], [41.591131, 42.221586], [41.594299, 42.217263], [41.600684, 42.216937], [41.6039, 42.220934], [41.600732, 42.225257], [41.594347, 42.225583]]]}, "properties": {"i": 200, "h3": "882c218187fffff", "lon": 41.59752, "lat": 42.22126, "water_km2": 0.74, "dist_coast_km": 3.3, "persistence": 0.0, "mean_cover": 0.0, "max_cover": 0.0, "trend_cover": 0.0, "hot": 0.0, "n_obs": 1}}, {"type": "Feature", "id": 201, "geometry": {"type": "Polygon", "coordinates": [[[41.575235, 42.23488], [41.572019, 42.230882], [41.575189, 42.22656], [41.581576, 42.226235], [41.584792, 42.230232], [41.581622, 42.234554], [41.575235, 42.23488]]]}, "properties": {"i": 201, "h3": "882c218189fffff", "lon": 41.57841, "lat": 42.23056, "water_km2": 0.72, "dist_coast_km": 4.5, "persistence": 0.0, "mean_cover": 0.0, "max_cover": 0.0, "trend_cover": 0.0, "hot": 0.0, "n_obs": 1}}, {"type": "Feature", "id": 202, "geometry": {"type": "Polygon", "coordinates": [[[41.584839, 42.238551], [41.581622, 42.234554], [41.584792, 42.230232], [41.591178, 42.229906], [41.594395, 42.233902], [41.591226, 42.238225], [41.584839, 42.238551]]]}, "properties": {"i": 202, "h3": "882c21818bfffff", "lon": 41.58801, "lat": 42.23423, "water_km2": 0.735, "dist_coast_km": 4.5, "persistence": 0.0, "mean_cover": 0.0, "max_cover": 0.0, "trend_cover": 0.0, "hot": 0.0, "n_obs": 1}}, {"type": "Feature", "id": 203, "geometry": {"type": "Polygon", "coordinates": [[[41.575189, 42.22656], [41.571973, 42.222562], [41.575144, 42.218239], [41.581529, 42.217914], [41.584745, 42.221912], [41.581576, 42.226235], [41.575189, 42.22656]]]}, "properties": {"i": 203, "h3": "882c21818dfffff", "lon": 41.57836, "lat": 42.22224, "water_km2": 0.74, "dist_coast_km": 4.5, "persistence": 0.0, "mean_cover": 0.0, "max_cover": 0.0, "trend_cover": 0.0, "hot": 0.0, "n_obs": 1}}, {"type": "Feature", "id": 204, "geometry": {"type": "Polygon", "coordinates": [[[41.604046, 42.24589], [41.600829, 42.241895], [41.603998, 42.237572], [41.610383, 42.237245], [41.613601, 42.24124], [41.610433, 42.245563], [41.604046, 42.24589]]]}, "properties": {"i": 204, "h3": "882c218191fffff", "lon": 41.60722, "lat": 42.24157, "water_km2": 0.718, "dist_coast_km": 3.3, "persistence": 0.0, "mean_cover": 0.0, "max_cover": 0.0, "trend_cover": 0.0, "hot": 0.0, "n_obs": 1}}, {"type": "Feature", "id": 205, "geometry": {"type": "Polygon", "coordinates": [[[41.61365, 42.249558], [41.610433, 42.245563], [41.613601, 42.24124], [41.619986, 42.240913], [41.623204, 42.244907], [41.620036, 42.24923], [41.61365, 42.249558]]]}, "properties": {"i": 205, "h3": "882c218193fffff", "lon": 41.61682, "lat": 42.24524, "water_km2": 0.738, "dist_coast_km": 2.3, "persistence": 0.0, "mean_cover": 0.0, "max_cover": 0.0, "trend_cover": 0.0, "hot": 0.0, "n_obs": 1}}, {"type": "Feature", "id": 206, "geometry": {"type": "Polygon", "coordinates": [[[41.603998, 42.237572], [41.600781, 42.233576], [41.603949, 42.229253], [41.610334, 42.228926], [41.613551, 42.232922], [41.610383, 42.237245], [41.603998, 42.237572]]]}, "properties": {"i": 206, "h3": "882c218195fffff", "lon": 41.60717, "lat": 42.23325, "water_km2": 0.745, "dist_coast_km": 3.3, "persistence": 0.0, "mean_cover": 0.0, "max_cover": 0.0, "trend_cover": 0.0, "hot": 0.0, "n_obs": 1}}, {"type": "Feature", "id": 207, "geometry": {"type": "Polygon", "coordinates": [[[41.613601, 42.24124], [41.610383, 42.237245], [41.613551, 42.232922], [41.619936, 42.232595], [41.623153, 42.23659], [41.619986, 42.240913], [41.613601, 42.24124]]]}, "properties": {"i": 207, "h3": "882c218197fffff", "lon": 41.61677, "lat": 42.23692, "water_km2": 0.722, "dist_coast_km": 2.3, "persistence": 0.0, "mean_cover": 0.0, "max_cover": 0.0, "trend_cover": 0.0, "hot": 0.0, "n_obs": 1}}, {"type": "Feature", "id": 208, "geometry": {"type": "Polygon", "coordinates": [[[41.59449, 42.250539], [41.591273, 42.246544], [41.594443, 42.242221], [41.600829, 42.241895], [41.604046, 42.24589], [41.600877, 42.250213], [41.59449, 42.250539]]]}, "properties": {"i": 208, "h3": "882c218199fffff", "lon": 41.59766, "lat": 42.24622, "water_km2": 0.725, "dist_coast_km": 3.3, "persistence": 0.0, "mean_cover": 0.0, "max_cover": 0.0, "trend_cover": 0.0, "hot": 0.0, "n_obs": 1}}, {"type": "Feature", "id": 209, "geometry": {"type": "Polygon", "coordinates": [[[41.604095, 42.254208], [41.600877, 42.250213], [41.604046, 42.24589], [41.610433, 42.245563], [41.61365, 42.249558], [41.610482, 42.25388], [41.604095, 42.254208]]]}, "properties": {"i": 209, "h3": "882c21819bfffff", "lon": 41.60726, "lat": 42.24989, "water_km2": 0.745, "dist_coast_km": 3.3, "persistence": 0.0, "mean_cover": 0.0, "max_cover": 0.0, "trend_cover": 0.0, "hot": 0.0, "n_obs": 1}}, {"type": "Feature", "id": 210, "geometry": {"type": "Polygon", "coordinates": [[[41.594443, 42.242221], [41.591226, 42.238225], [41.594395, 42.233902], [41.600781, 42.233576], [41.603998, 42.237572], [41.600829, 42.241895], [41.594443, 42.242221]]]}, "properties": {"i": 210, "h3": "882c21819dfffff", "lon": 41.59761, "lat": 42.2379, "water_km2": 0.738, "dist_coast_km": 3.3, "persistence": 0.0, "mean_cover": 0.0, "max_cover": 0.0, "trend_cover": 0.0, "hot": 0.0, "n_obs": 1}}, {"type": "Feature", "id": 211, "geometry": {"type": "Polygon", "coordinates": [[[41.594252, 42.208943], [41.591036, 42.204945], [41.594204, 42.200622], [41.600587, 42.200296], [41.603803, 42.204294], [41.600635, 42.208617], [41.594252, 42.208943]]]}, "properties": {"i": 211, "h3": "882c2181a1fffff", "lon": 41.59742, "lat": 42.20462, "water_km2": 0.742, "dist_coast_km": 2.7, "persistence": 0.0, "mean_cover": 0.0, "max_cover": 0.0, "trend_cover": 0.0, "hot": 0.0, "n_obs": 1}}, {"type": "Feature", "id": 212, "geometry": {"type": "Polygon", "coordinates": [[[41.603852, 42.212614], [41.600635, 42.208617], [41.603803, 42.204294], [41.610186, 42.203967], [41.613402, 42.207964], [41.610235, 42.212287], [41.603852, 42.212614]]]}, "properties": {"i": 212, "h3": "882c2181a3fffff", "lon": 41.60702, "lat": 42.20829, "water_km2": 0.718, "dist_coast_km": 2.7, "persistence": 0.0, "mean_cover": 0.0, "max_cover": 0.0, "trend_cover": 0.0, "hot": 0.0, "n_obs": 1}}, {"type": "Feature", "id": 213, "geometry": {"type": "Polygon", "coordinates": [[[41.594204, 42.200622], [41.590988, 42.196624], [41.594156, 42.1923], [41.600539, 42.191975], [41.603754, 42.195973], [41.600587, 42.200296], [41.594204, 42.200622]]]}, "properties": {"i": 213, "h3": "882c2181a5fffff", "lon": 41.59737, "lat": 42.1963, "water_km2": 0.72, "dist_coast_km": 2.7, "persistence": 0.0, "mean_cover": 0.0, "max_cover": 0.0, "trend_cover": 0.0, "hot": 0.0, "n_obs": 1}}, {"type": "Feature", "id": 214, "geometry": {"type": "Polygon", "coordinates": [[[41.603803, 42.204294], [41.600587, 42.200296], [41.603754, 42.195973], [41.610137, 42.195646], [41.613352, 42.199644], [41.610186, 42.203967], [41.603803, 42.204294]]]}, "properties": {"i": 214, "h3": "882c2181a7fffff", "lon": 41.60697, "lat": 42.19997, "water_km2": 0.742, "dist_coast_km": 2.7, "persistence": 0.0, "mean_cover": 0.0, "max_cover": 0.0, "trend_cover": 0.0, "hot": 0.0, "n_obs": 1}}, {"type": "Feature", "id": 215, "geometry": {"type": "Polygon", "coordinates": [[[41.584698, 42.213591], [41.581483, 42.209593], [41.584652, 42.20527], [41.591036, 42.204945], [41.594252, 42.208943], [41.591083, 42.213266], [41.584698, 42.213591]]]}, "properties": {"i": 215, "h3": "882c2181a9fffff", "lon": 41.58787, "lat": 42.20927, "water_km2": 0.732, "dist_coast_km": 4.1, "persistence": 0.0, "mean_cover": 0.0, "max_cover": 0.0, "trend_cover": 0.0, "hot": 0.0, "n_obs": 1}}, {"type": "Feature", "id": 216, "geometry": {"type": "Polygon", "coordinates": [[[41.594299, 42.217263], [41.591083, 42.213266], [41.594252, 42.208943], [41.600635, 42.208617], [41.603852, 42.212614], [41.600684, 42.216937], [41.594299, 42.217263]]]}, "properties": {"i": 216, "h3": "882c2181abfffff", "lon": 41.59747, "lat": 42.21294, "water_km2": 0.72, "dist_coast_km": 2.7, "persistence": 0.0, "mean_cover": 0.0, "max_cover": 0.0, "trend_cover": 0.0, "hot": 0.0, "n_obs": 1}}, {"type": "Feature", "id": 217, "geometry": {"type": "Polygon", "coordinates": [[[41.584652, 42.20527], [41.581436, 42.201272], [41.584605, 42.196949], [41.590988, 42.196624], [41.594204, 42.200622], [41.591036, 42.204945], [41.584652, 42.20527]]]}, "properties": {"i": 217, "h3": "882c2181adfffff", "lon": 41.58782, "lat": 42.20095, "water_km2": 0.73, "dist_coast_km": 4.1, "persistence": 0.0, "mean_cover": 0.0, "max_cover": 0.0, "trend_cover": 0.0, "hot": 0.0, "n_obs": 1}}, {"type": "Feature", "id": 218, "geometry": {"type": "Polygon", "coordinates": [[[41.613501, 42.224603], [41.610285, 42.220607], [41.613452, 42.216284], [41.619835, 42.215957], [41.623052, 42.219953], [41.619885, 42.224276], [41.613501, 42.224603]]]}, "properties": {"i": 218, "h3": "882c2181b1fffff", "lon": 41.61667, "lat": 42.22028, "water_km2": 0.725, "dist_coast_km": 2.3, "persistence": 0.0, "mean_cover": 0.0, "max_cover": 0.0, "trend_cover": 0.0, "hot": 0.0, "n_obs": 1}}, {"type": "Feature", "id": 219, "geometry": {"type": "Polygon", "coordinates": [[[41.623103, 42.228272], [41.619885, 42.224276], [41.623052, 42.219953], [41.629435, 42.219625], [41.632652, 42.22362], [41.629486, 42.227944], [41.623103, 42.228272]]]}, "properties": {"i": 219, "h3": "882c2181b3fffff", "lon": 41.62627, "lat": 42.22395, "water_km2": 0.728, "dist_coast_km": 1.4, "persistence": 0.0, "mean_cover": 0.0, "max_cover": 0.0, "trend_cover": 0.0, "hot": 0.0, "n_obs": 1}}, {"type": "Feature", "id": 220, "geometry": {"type": "Polygon", "coordinates": [[[41.613452, 42.216284], [41.610235, 42.212287], [41.613402, 42.207964], [41.619785, 42.207637], [41.623001, 42.211634], [41.619835, 42.215957], [41.613452, 42.216284]]]}, "properties": {"i": 220, "h3": "882c2181b5fffff", "lon": 41.61662, "lat": 42.21196, "water_km2": 0.732, "dist_coast_km": 1.4, "persistence": 0.0, "mean_cover": 0.0, "max_cover": 0.0, "trend_cover": 0.0, "hot": 0.0, "n_obs": 1}}, {"type": "Feature", "id": 221, "geometry": {"type": "Polygon", "coordinates": [[[41.623052, 42.219953], [41.619835, 42.215957], [41.623001, 42.211634], [41.629384, 42.211306], [41.632601, 42.215302], [41.629435, 42.219625], [41.623052, 42.219953]]]}, "properties": {"i": 221, "h3": "882c2181b7fffff", "lon": 41.62622, "lat": 42.21563, "water_km2": 0.629, "dist_coast_km": 0.0, "persistence": 0.0, "mean_cover": 0.0, "max_cover": 0.0, "trend_cover": 0.0, "hot": 0.0, "n_obs": 1}}, {"type": "Feature", "id": 222, "geometry": {"type": "Polygon", "coordinates": [[[41.603949, 42.229253], [41.600732, 42.225257], [41.6039, 42.220934], [41.610285, 42.220607], [41.613501, 42.224603], [41.610334, 42.228926], [41.603949, 42.229253]]]}, "properties": {"i": 222, "h3": "882c2181b9fffff", "lon": 41.60712, "lat": 42.22493, "water_km2": 0.718, "dist_coast_km": 3.3, "persistence": 0.0, "mean_cover": 0.0, "max_cover": 0.0, "trend_cover": 0.0, "hot": 0.0, "n_obs": 1}}, {"type": "Feature", "id": 223, "geometry": {"type": "Polygon", "coordinates": [[[41.613551, 42.232922], [41.610334, 42.228926], [41.613501, 42.224603], [41.619885, 42.224276], [41.623103, 42.228272], [41.619936, 42.232595], [41.613551, 42.232922]]]}, "properties": {"i": 223, "h3": "882c2181bbfffff", "lon": 41.61672, "lat": 42.2286, "water_km2": 0.738, "dist_coast_km": 2.3, "persistence": 0.0, "mean_cover": 0.0, "max_cover": 0.0, "trend_cover": 0.0, "hot": 0.0, "n_obs": 1}}, {"type": "Feature", "id": 224, "geometry": {"type": "Polygon", "coordinates": [[[41.6039, 42.220934], [41.600684, 42.216937], [41.603852, 42.212614], [41.610235, 42.212287], [41.613452, 42.216284], [41.610285, 42.220607], [41.6039, 42.220934]]]}, "properties": {"i": 224, "h3": "882c2181bdfffff", "lon": 41.60707, "lat": 42.21661, "water_km2": 0.745, "dist_coast_km": 2.7, "persistence": 0.0, "mean_cover": 0.0, "max_cover": 0.0, "trend_cover": 0.0, "hot": 0.0, "n_obs": 1}}, {"type": "Feature", "id": 225, "geometry": {"type": "Polygon", "coordinates": [[[41.556073, 42.235854], [41.552857, 42.231856], [41.556029, 42.227533], [41.562416, 42.227209], [41.565632, 42.231207], [41.562461, 42.235529], [41.556073, 42.235854]]]}, "properties": {"i": 225, "h3": "882c2181c1fffff", "lon": 41.55924, "lat": 42.23153, "water_km2": 0.735, "dist_coast_km": 5.8, "persistence": 0.0, "mean_cover": 0.0, "max_cover": 0.0, "trend_cover": 0.0, "hot": 0.0, "n_obs": 1}}, {"type": "Feature", "id": 226, "geometry": {"type": "Polygon", "coordinates": [[[41.565677, 42.239527], [41.562461, 42.235529], [41.565632, 42.231207], [41.572019, 42.230882], [41.575235, 42.23488], [41.572065, 42.239202], [41.565677, 42.239527]]]}, "properties": {"i": 226, "h3": "882c2181c3fffff", "lon": 41.56885, "lat": 42.2352, "water_km2": 0.72, "dist_coast_km": 5.8, "persistence": 0.0, "mean_cover": 0.0, "max_cover": 0.0, "trend_cover": 0.0, "hot": 0.0, "n_obs": 1}}, {"type": "Feature", "id": 227, "geometry": {"type": "Polygon", "coordinates": [[[41.556029, 42.227533], [41.552813, 42.223535], [41.555985, 42.219212], [41.562371, 42.218888], [41.565587, 42.222887], [41.562416, 42.227209], [41.556029, 42.227533]]]}, "properties": {"i": 227, "h3": "882c2181c5fffff", "lon": 41.5592, "lat": 42.22321, "water_km2": 0.728, "dist_coast_km": 5.8, "persistence": 0.0, "mean_cover": 0.0, "max_cover": 0.0, "trend_cover": 0.0, "hot": 0.0, "n_obs": 1}}, {"type": "Feature", "id": 228, "geometry": {"type": "Polygon", "coordinates": [[[41.565632, 42.231207], [41.562416, 42.227209], [41.565587, 42.222887], [41.571973, 42.222562], [41.575189, 42.22656], [41.572019, 42.230882], [41.565632, 42.231207]]]}, "properties": {"i": 228, "h3": "882c2181c7fffff", "lon": 41.5688, "lat": 42.22688, "water_km2": 0.745, "dist_coast_km": 5.8, "persistence": 0.0, "mean_cover": 0.0, "max_cover": 0.0, "trend_cover": 0.0, "hot": 0.0, "n_obs": 1}}, {"type": "Feature", "id": 229, "geometry": {"type": "Polygon", "coordinates": [[[41.546512, 42.2405], [41.543296, 42.236502], [41.546468, 42.23218], [41.552857, 42.231856], [41.556073, 42.235854], [41.5529, 42.240176], [41.546512, 42.2405]]]}, "properties": {"i": 229, "h3": "882c2181c9fffff", "lon": 41.54968, "lat": 42.23618, "water_km2": 0.722, "dist_coast_km": 7.1, "persistence": 0.0, "mean_cover": 0.0, "max_cover": 0.0, "trend_cover": 0.0, "hot": 0.0, "n_obs": 1}}, {"type": "Feature", "id": 230, "geometry": {"type": "Polygon", "coordinates": [[[41.556117, 42.244174], [41.5529, 42.240176], [41.556073, 42.235854], [41.562461, 42.235529], [41.565677, 42.239527], [41.562505, 42.243849], [41.556117, 42.244174]]]}, "properties": {"i": 230, "h3": "882c2181cbfffff", "lon": 41.55929, "lat": 42.23985, "water_km2": 0.73, "dist_coast_km": 5.8, "persistence": 0.0, "mean_cover": 0.0, "max_cover": 0.0, "trend_cover": 0.0, "hot": 0.0, "n_obs": 1}}, {"type": "Feature", "id": 231, "geometry": {"type": "Polygon", "coordinates": [[[41.546468, 42.23218], [41.543253, 42.228181], [41.546425, 42.223859], [41.552813, 42.223535], [41.556029, 42.227533], [41.552857, 42.231856], [41.546468, 42.23218]]]}, "properties": {"i": 231, "h3": "882c2181cdfffff", "lon": 41.54964, "lat": 42.22786, "water_km2": 0.738, "dist_coast_km": 7.1, "persistence": 0.0, "mean_cover": 0.0, "max_cover": 0.0, "trend_cover": 0.0, "hot": 0.0, "n_obs": 1}}, {"type": "Feature", "id": 232, "geometry": {"type": "Polygon", "coordinates": [[[41.575327, 42.251518], [41.57211, 42.247521], [41.575281, 42.243199], [41.581669, 42.242873], [41.584886, 42.24687], [41.581715, 42.251192], [41.575327, 42.251518]]]}, "properties": {"i": 232, "h3": "882c2181d1fffff", "lon": 41.5785, "lat": 42.2472, "water_km2": 0.718, "dist_coast_km": 4.5, "persistence": 0.0, "mean_cover": 0.0, "max_cover": 0.0, "trend_cover": 0.0, "hot": 0.0, "n_obs": 1}}, {"type": "Feature", "id": 233, "geometry": {"type": "Polygon", "coordinates": [[[41.584933, 42.255188], [41.581715, 42.251192], [41.584886, 42.24687], [41.591273, 42.246544], [41.59449, 42.250539], [41.591321, 42.254862], [41.584933, 42.255188]]]}, "properties": {"i": 233, "h3": "882c2181d3fffff", "lon": 41.5881, "lat": 42.25087, "water_km2": 0.738, "dist_coast_km": 4.1, "persistence": 0.0, "mean_cover": 0.0, "max_cover": 0.0, "trend_cover": 0.0, "hot": 0.0, "n_obs": 1}}, {"type": "Feature", "id": 234, "geometry": {"type": "Polygon", "coordinates": [[[41.575281, 42.243199], [41.572065, 42.239202], [41.575235, 42.23488], [41.581622, 42.234554], [41.584839, 42.238551], [41.581669, 42.242873], [41.575281, 42.243199]]]}, "properties": {"i": 234, "h3": "882c2181d5fffff", "lon": 41.57845, "lat": 42.23888, "water_km2": 0.742, "dist_coast_km": 4.5, "persistence": 0.0, "mean_cover": 0.0, "max_cover": 0.0, "trend_cover": 0.0, "hot": 0.0, "n_obs": 1}}, {"type": "Feature", "id": 235, "geometry": {"type": "Polygon", "coordinates": [[[41.584886, 42.24687], [41.581669, 42.242873], [41.584839, 42.238551], [41.591226, 42.238225], [41.594443, 42.242221], [41.591273, 42.246544], [41.584886, 42.24687]]]}, "properties": {"i": 235, "h3": "882c2181d7fffff", "lon": 41.58806, "lat": 42.24255, "water_km2": 0.728, "dist_coast_km": 4.5, "persistence": 0.0, "mean_cover": 0.0, "max_cover": 0.0, "trend_cover": 0.0, "hot": 0.0, "n_obs": 1}}, {"type": "Feature", "id": 236, "geometry": {"type": "Polygon", "coordinates": [[[41.565767, 42.256165], [41.56255, 42.252168], [41.565722, 42.247846], [41.57211, 42.247521], [41.575327, 42.251518], [41.572156, 42.25584], [41.565767, 42.256165]]]}, "properties": {"i": 236, "h3": "882c2181d9fffff", "lon": 41.56894, "lat": 42.25184, "water_km2": 0.722, "dist_coast_km": 5.5, "persistence": 0.0, "mean_cover": 0.0, "max_cover": 0.0, "trend_cover": 0.0, "hot": 0.0, "n_obs": 1}}, {"type": "Feature", "id": 237, "geometry": {"type": "Polygon", "coordinates": [[[41.575373, 42.259836], [41.572156, 42.25584], [41.575327, 42.251518], [41.581715, 42.251192], [41.584933, 42.255188], [41.581762, 42.25951], [41.575373, 42.259836]]]}, "properties": {"i": 237, "h3": "882c2181dbfffff", "lon": 41.57854, "lat": 42.25551, "water_km2": 0.745, "dist_coast_km": 4.1, "persistence": 0.0, "mean_cover": 0.0, "max_cover": 0.0, "trend_cover": 0.0, "hot": 0.0, "n_obs": 1}}, {"type": "Feature", "id": 238, "geometry": {"type": "Polygon", "coordinates": [[[41.565722, 42.247846], [41.562505, 42.243849], [41.565677, 42.239527], [41.572065, 42.239202], [41.575281, 42.243199], [41.57211, 42.247521], [41.565722, 42.247846]]]}, "properties": {"i": 238, "h3": "882c2181ddfffff", "lon": 41.56889, "lat": 42.24352, "water_km2": 0.742, "dist_coast_km": 5.8, "persistence": 0.0, "mean_cover": 0.0, "max_cover": 0.0, "trend_cover": 0.0, "hot": 0.0, "n_obs": 1}}, {"type": "Feature", "id": 239, "geometry": {"type": "Polygon", "coordinates": [[[41.565542, 42.214566], [41.562327, 42.210567], [41.565497, 42.206244], [41.571882, 42.20592], [41.575098, 42.209918], [41.571928, 42.214241], [41.565542, 42.214566]]]}, "properties": {"i": 239, "h3": "882c2181e1fffff", "lon": 41.56871, "lat": 42.21024, "water_km2": 0.745, "dist_coast_km": 5.5, "persistence": 0.0, "mean_cover": 0.0, "max_cover": 0.0, "trend_cover": 0.0, "hot": 0.0, "n_obs": 1}}, {"type": "Feature", "id": 240, "geometry": {"type": "Polygon", "coordinates": [[[41.575144, 42.218239], [41.571928, 42.214241], [41.575098, 42.209918], [41.581483, 42.209593], [41.584698, 42.213591], [41.581529, 42.217914], [41.575144, 42.218239]]]}, "properties": {"i": 240, "h3": "882c2181e3fffff", "lon": 41.57831, "lat": 42.21392, "water_km2": 0.722, "dist_coast_km": 4.1, "persistence": 0.0, "mean_cover": 0.0, "max_cover": 0.0, "trend_cover": 0.0, "hot": 0.0, "n_obs": 1}}, {"type": "Feature", "id": 241, "geometry": {"type": "Polygon", "coordinates": [[[41.565497, 42.206244], [41.562282, 42.202245], [41.565452, 42.197922], [41.571837, 42.197598], [41.575052, 42.201597], [41.571882, 42.20592], [41.565497, 42.206244]]]}, "properties": {"i": 241, "h3": "882c2181e5fffff", "lon": 41.56867, "lat": 42.20192, "water_km2": 0.72, "dist_coast_km": 5.5, "persistence": 0.0, "mean_cover": 0.0, "max_cover": 0.0, "trend_cover": 0.0, "hot": 0.0, "n_obs": 1}}, {"type": "Feature", "id": 242, "geometry": {"type": "Polygon", "coordinates": [[[41.575098, 42.209918], [41.571882, 42.20592], [41.575052, 42.201597], [41.581436, 42.201272], [41.584652, 42.20527], [41.581483, 42.209593], [41.575098, 42.209918]]]}, "properties": {"i": 242, "h3": "882c2181e7fffff", "lon": 41.57827, "lat": 42.2056, "water_km2": 0.738, "dist_coast_km": 4.1, "persistence": 0.0, "mean_cover": 0.0, "max_cover": 0.0, "trend_cover": 0.0, "hot": 0.0, "n_obs": 1}}, {"type": "Feature", "id": 243, "geometry": {"type": "Polygon", "coordinates": [[[41.555985, 42.219212], [41.552769, 42.215214], [41.555941, 42.210891], [41.562327, 42.210567], [41.565542, 42.214566], [41.562371, 42.218888], [41.555985, 42.219212]]]}, "properties": {"i": 243, "h3": "882c2181e9fffff", "lon": 41.55916, "lat": 42.21489, "water_km2": 0.738, "dist_coast_km": 5.5, "persistence": 0.0, "mean_cover": 0.0, "max_cover": 0.0, "trend_cover": 0.0, "hot": 0.0, "n_obs": 1}}, {"type": "Feature", "id": 244, "geometry": {"type": "Polygon", "coordinates": [[[41.565587, 42.222887], [41.562371, 42.218888], [41.565542, 42.214566], [41.571928, 42.214241], [41.575144, 42.218239], [41.571973, 42.222562], [41.565587, 42.222887]]]}, "properties": {"i": 244, "h3": "882c2181ebfffff", "lon": 41.56876, "lat": 42.21856, "water_km2": 0.72, "dist_coast_km": 5.8, "persistence": 0.0, "mean_cover": 0.0, "max_cover": 0.0, "trend_cover": 0.0, "hot": 0.0, "n_obs": 1}}, {"type": "Feature", "id": 245, "geometry": {"type": "Polygon", "coordinates": [[[41.555941, 42.210891], [41.552726, 42.206892], [41.555897, 42.202569], [41.562282, 42.202245], [41.565497, 42.206244], [41.562327, 42.210567], [41.555941, 42.210891]]]}, "properties": {"i": 245, "h3": "882c2181edfffff", "lon": 41.55911, "lat": 42.20657, "water_km2": 0.725, "dist_coast_km": 5.5, "persistence": 0.0, "mean_cover": 0.0, "max_cover": 0.0, "trend_cover": 0.0, "hot": 0.0, "n_obs": 1}}, {"type": "Feature", "id": 246, "geometry": {"type": "Polygon", "coordinates": [[[41.450837, 42.295247], [41.447622, 42.291247], [41.450804, 42.286927], [41.457201, 42.286607], [41.460417, 42.290607], [41.457236, 42.294927], [41.450837, 42.295247]]]}, "properties": {"i": 246, "h3": "882c218201fffff", "lon": 41.45402, "lat": 42.29093, "water_km2": 0.404, "dist_coast_km": 13.4, "persistence": 0.0, "mean_cover": 0.0, "max_cover": 0.0, "trend_cover": 0.0, "hot": 0.0, "n_obs": 1}}, {"type": "Feature", "id": 247, "geometry": {"type": "Polygon", "coordinates": [[[41.460452, 42.298926], [41.457236, 42.294927], [41.460417, 42.290607], [41.466814, 42.290286], [41.470031, 42.294286], [41.46685, 42.298606], [41.460452, 42.298926]]]}, "properties": {"i": 247, "h3": "882c218203fffff", "lon": 41.46363, "lat": 42.29461, "water_km2": 0.732, "dist_coast_km": 12.4, "persistence": 0.0, "mean_cover": 0.0, "max_cover": 0.0, "trend_cover": 0.0, "hot": 0.0, "n_obs": 1}}, {"type": "Feature", "id": 248, "geometry": {"type": "Polygon", "coordinates": [[[41.450804, 42.286927], [41.447588, 42.282926], [41.45077, 42.278606], [41.457167, 42.278287], [41.460383, 42.282287], [41.457201, 42.286607], [41.450804, 42.286927]]]}, "properties": {"i": 248, "h3": "882c218205fffff", "lon": 41.45399, "lat": 42.28261, "water_km2": 0.61, "dist_coast_km": 14.2, "persistence": 0.0, "mean_cover": 0.0, "max_cover": 0.0, "trend_cover": 0.0, "hot": 0.0, "n_obs": 1}}, {"type": "Feature", "id": 249, "geometry": {"type": "Polygon", "coordinates": [[[41.460417, 42.290607], [41.457201, 42.286607], [41.460383, 42.282287], [41.466779, 42.281967], [41.469995, 42.285966], [41.466814, 42.290286], [41.460417, 42.290607]]]}, "properties": {"i": 249, "h3": "882c218207fffff", "lon": 41.4636, "lat": 42.28629, "water_km2": 0.73, "dist_coast_km": 12.4, "persistence": 0.0, "mean_cover": 0.0, "max_cover": 0.0, "trend_cover": 0.0, "hot": 0.0, "n_obs": 1}}, {"type": "Feature", "id": 250, "geometry": {"type": "Polygon", "coordinates": [[[41.450871, 42.303566], [41.447655, 42.299566], [41.450837, 42.295247], [41.457236, 42.294927], [41.460452, 42.298926], [41.45727, 42.303246], [41.450871, 42.303566]]]}, "properties": {"i": 250, "h3": "882c21820bfffff", "lon": 41.45405, "lat": 42.29925, "water_km2": 0.21, "dist_coast_km": 13.4, "persistence": 0.0, "mean_cover": 0.0, "max_cover": 0.0, "trend_cover": 0.0, "hot": 0.0, "n_obs": 1}}, {"type": "Feature", "id": 251, "geometry": {"type": "Polygon", "coordinates": [[[41.470102, 42.310923], [41.466885, 42.306924], [41.470066, 42.302605], [41.476464, 42.302283], [41.479681, 42.306282], [41.4765, 42.310601], [41.470102, 42.310923]]]}, "properties": {"i": 251, "h3": "882c218211fffff", "lon": 41.47328, "lat": 42.3066, "water_km2": 0.728, "dist_coast_km": 11.1, "persistence": 0.0, "mean_cover": 0.0, "max_cover": 0.0, "trend_cover": 0.0, "hot": 0.0, "n_obs": 1}}, {"type": "Feature", "id": 252, "geometry": {"type": "Polygon", "coordinates": [[[41.479717, 42.314599], [41.4765, 42.310601], [41.479681, 42.306282], [41.486078, 42.30596], [41.489295, 42.309958], [41.486115, 42.314277], [41.479717, 42.314599]]]}, "properties": {"i": 252, "h3": "882c218213fffff", "lon": 41.4829, "lat": 42.31028, "water_km2": 0.745, "dist_coast_km": 10.1, "persistence": 0.0, "mean_cover": 0.0, "max_cover": 0.0, "trend_cover": 0.0, "hot": 0.0, "n_obs": 1}}, {"type": "Feature", "id": 253, "geometry": {"type": "Polygon", "coordinates": [[[41.470066, 42.302605], [41.46685, 42.298606], [41.470031, 42.294286], [41.476428, 42.293965], [41.479644, 42.297963], [41.476464, 42.302283], [41.470066, 42.302605]]]}, "properties": {"i": 253, "h3": "882c218215fffff", "lon": 41.47325, "lat": 42.29828, "water_km2": 0.738, "dist_coast_km": 12.4, "persistence": 0.0, "mean_cover": 0.0, "max_cover": 0.0, "trend_cover": 0.0, "hot": 0.0, "n_obs": 1}}, {"type": "Feature", "id": 254, "geometry": {"type": "Polygon", "coordinates": [[[41.479681, 42.306282], [41.476464, 42.302283], [41.479644, 42.297963], [41.486041, 42.297642], [41.489258, 42.30164], [41.486078, 42.30596], [41.479681, 42.306282]]]}, "properties": {"i": 254, "h3": "882c218217fffff", "lon": 41.48286, "lat": 42.30196, "water_km2": 0.72, "dist_coast_km": 10.1, "persistence": 0.0, "mean_cover": 0.0, "max_cover": 0.0, "trend_cover": 0.0, "hot": 0.0, "n_obs": 1}}, {"type": "Feature", "id": 255, "geometry": {"type": "Polygon", "coordinates": [[[41.460521, 42.315563], [41.457304, 42.311565], [41.460486, 42.307245], [41.466885, 42.306924], [41.470102, 42.310923], [41.46692, 42.315242], [41.460521, 42.315563]]]}, "properties": {"i": 255, "h3": "882c218219fffff", "lon": 41.4637, "lat": 42.31124, "water_km2": 0.637, "dist_coast_km": 11.1, "persistence": 0.0, "mean_cover": 0.0, "max_cover": 0.0, "trend_cover": 0.0, "hot": 0.0, "n_obs": 1}}, {"type": "Feature", "id": 256, "geometry": {"type": "Polygon", "coordinates": [[[41.470137, 42.319241], [41.46692, 42.315242], [41.470102, 42.310923], [41.4765, 42.310601], [41.479717, 42.314599], [41.476536, 42.318919], [41.470137, 42.319241]]]}, "properties": {"i": 256, "h3": "882c21821bfffff", "lon": 41.47332, "lat": 42.31492, "water_km2": 0.735, "dist_coast_km": 11.1, "persistence": 0.0, "mean_cover": 0.0, "max_cover": 0.0, "trend_cover": 0.0, "hot": 0.0, "n_obs": 1}}, {"type": "Feature", "id": 257, "geometry": {"type": "Polygon", "coordinates": [[[41.460486, 42.307245], [41.45727, 42.303246], [41.460452, 42.298926], [41.46685, 42.298606], [41.470066, 42.302605], [41.466885, 42.306924], [41.460486, 42.307245]]]}, "properties": {"i": 257, "h3": "882c21821dfffff", "lon": 41.46367, "lat": 42.30293, "water_km2": 0.726, "dist_coast_km": 11.1, "persistence": 0.0, "mean_cover": 0.0, "max_cover": 0.0, "trend_cover": 0.0, "hot": 0.0, "n_obs": 1}}, {"type": "Feature", "id": 258, "geometry": {"type": "Polygon", "coordinates": [[[41.460348, 42.273967], [41.457133, 42.269966], [41.460313, 42.265646], [41.466709, 42.265326], [41.469924, 42.269326], [41.466744, 42.273646], [41.460348, 42.273967]]]}, "properties": {"i": 258, "h3": "882c218221fffff", "lon": 41.46353, "lat": 42.26965, "water_km2": 0.732, "dist_coast_km": 12.9, "persistence": 0.0, "mean_cover": 0.0, "max_cover": 0.0, "trend_cover": 0.0, "hot": 0.0, "n_obs": 1}}, {"type": "Feature", "id": 259, "geometry": {"type": "Polygon", "coordinates": [[[41.469959, 42.277646], [41.466744, 42.273646], [41.469924, 42.269326], [41.476319, 42.269006], [41.479535, 42.273005], [41.476355, 42.277326], [41.469959, 42.277646]]]}, "properties": {"i": 259, "h3": "882c218223fffff", "lon": 41.47314, "lat": 42.27333, "water_km2": 0.722, "dist_coast_km": 12.9, "persistence": 0.0, "mean_cover": 0.0, "max_cover": 0.0, "trend_cover": 0.0, "hot": 0.0, "n_obs": 1}}, {"type": "Feature", "id": 260, "geometry": {"type": "Polygon", "coordinates": [[[41.460313, 42.265646], [41.457098, 42.261645], [41.460279, 42.257324], [41.466673, 42.257004], [41.469888, 42.261005], [41.466709, 42.265326], [41.460313, 42.265646]]]}, "properties": {"i": 260, "h3": "882c218225fffff", "lon": 41.46349, "lat": 42.26132, "water_km2": 0.728, "dist_coast_km": 13.6, "persistence": 0.0, "mean_cover": 0.0, "max_cover": 0.0, "trend_cover": 0.0, "hot": 0.0, "n_obs": 1}}, {"type": "Feature", "id": 261, "geometry": {"type": "Polygon", "coordinates": [[[41.469924, 42.269326], [41.466709, 42.265326], [41.469888, 42.261005], [41.476283, 42.260685], [41.479498, 42.264685], [41.476319, 42.269006], [41.469924, 42.269326]]]}, "properties": {"i": 261, "h3": "882c218227fffff", "lon": 41.4731, "lat": 42.26501, "water_km2": 0.742, "dist_coast_km": 13.6, "persistence": 0.0, "mean_cover": 0.0, "max_cover": 0.0, "trend_cover": 0.0, "hot": 0.0, "n_obs": 1}}, {"type": "Feature", "id": 262, "geometry": {"type": "Polygon", "coordinates": [[[41.45077, 42.278606], [41.447555, 42.274606], [41.450737, 42.270285], [41.457133, 42.269966], [41.460348, 42.273967], [41.457167, 42.278287], [41.45077, 42.278606]]]}, "properties": {"i": 262, "h3": "882c218229fffff", "lon": 41.45395, "lat": 42.27429, "water_km2": 0.721, "dist_coast_km": 14.2, "persistence": 0.0, "mean_cover": 0.0, "max_cover": 0.0, "trend_cover": 0.0, "hot": 0.0, "n_obs": 1}}, {"type": "Feature", "id": 263, "geometry": {"type": "Polygon", "coordinates": [[[41.460383, 42.282287], [41.457167, 42.278287], [41.460348, 42.273967], [41.466744, 42.273646], [41.469959, 42.277646], [41.466779, 42.281967], [41.460383, 42.282287]]]}, "properties": {"i": 263, "h3": "882c21822bfffff", "lon": 41.46356, "lat": 42.27797, "water_km2": 0.73, "dist_coast_km": 12.9, "persistence": 0.0, "mean_cover": 0.0, "max_cover": 0.0, "trend_cover": 0.0, "hot": 0.0, "n_obs": 1}}, {"type": "Feature", "id": 264, "geometry": {"type": "Polygon", "coordinates": [[[41.450737, 42.270285], [41.447522, 42.266284], [41.450703, 42.261964], [41.457098, 42.261645], [41.460313, 42.265646], [41.457133, 42.269966], [41.450737, 42.270285]]]}, "properties": {"i": 264, "h3": "882c21822dfffff", "lon": 41.45392, "lat": 42.26597, "water_km2": 0.738, "dist_coast_km": 14.8, "persistence": 0.0, "mean_cover": 0.0, "max_cover": 0.0, "trend_cover": 0.0, "hot": 0.0, "n_obs": 1}}, {"type": "Feature", "id": 265, "geometry": {"type": "Polygon", "coordinates": [[[41.479608, 42.289645], [41.476391, 42.285646], [41.479571, 42.281325], [41.485967, 42.281004], [41.489183, 42.285003], [41.486004, 42.289323], [41.479608, 42.289645]]]}, "properties": {"i": 265, "h3": "882c218231fffff", "lon": 41.48279, "lat": 42.28532, "water_km2": 0.722, "dist_coast_km": 11.2, "persistence": 0.0, "mean_cover": 0.0, "max_cover": 0.0, "trend_cover": 0.0, "hot": 0.0, "n_obs": 1}}, {"type": "Feature", "id": 266, "geometry": {"type": "Polygon", "coordinates": [[[41.48922, 42.293322], [41.486004, 42.289323], [41.489183, 42.285003], [41.495578, 42.284681], [41.498795, 42.288679], [41.495616, 42.293], [41.48922, 42.293322]]]}, "properties": {"i": 266, "h3": "882c218233fffff", "lon": 41.4924, "lat": 42.289, "water_km2": 0.738, "dist_coast_km": 9.8, "persistence": 0.0, "mean_cover": 0.0, "max_cover": 0.0, "trend_cover": 0.0, "hot": 0.0, "n_obs": 1}}, {"type": "Feature", "id": 267, "geometry": {"type": "Polygon", "coordinates": [[[41.479571, 42.281325], [41.476355, 42.277326], [41.479535, 42.273005], [41.485929, 42.272684], [41.489145, 42.276684], [41.485967, 42.281004], [41.479571, 42.281325]]]}, "properties": {"i": 267, "h3": "882c218235fffff", "lon": 41.48275, "lat": 42.277, "water_km2": 0.745, "dist_coast_km": 11.6, "persistence": 0.0, "mean_cover": 0.0, "max_cover": 0.0, "trend_cover": 0.0, "hot": 0.0, "n_obs": 1}}, {"type": "Feature", "id": 268, "geometry": {"type": "Polygon", "coordinates": [[[41.489183, 42.285003], [41.485967, 42.281004], [41.489145, 42.276684], [41.49554, 42.276362], [41.498756, 42.28036], [41.495578, 42.284681], [41.489183, 42.285003]]]}, "properties": {"i": 268, "h3": "882c218237fffff", "lon": 41.49236, "lat": 42.28068, "water_km2": 0.728, "dist_coast_km": 10.3, "persistence": 0.0, "mean_cover": 0.0, "max_cover": 0.0, "trend_cover": 0.0, "hot": 0.0, "n_obs": 1}}, {"type": "Feature", "id": 269, "geometry": {"type": "Polygon", "coordinates": [[[41.470031, 42.294286], [41.466814, 42.290286], [41.469995, 42.285966], [41.476391, 42.285646], [41.479608, 42.289645], [41.476428, 42.293965], [41.470031, 42.294286]]]}, "properties": {"i": 269, "h3": "882c218239fffff", "lon": 41.47321, "lat": 42.28997, "water_km2": 0.725, "dist_coast_km": 12.4, "persistence": 0.0, "mean_cover": 0.0, "max_cover": 0.0, "trend_cover": 0.0, "hot": 0.0, "n_obs": 1}}, {"type": "Feature", "id": 270, "geometry": {"type": "Polygon", "coordinates": [[[41.479644, 42.297963], [41.476428, 42.293965], [41.479608, 42.289645], [41.486004, 42.289323], [41.48922, 42.293322], [41.486041, 42.297642], [41.479644, 42.297963]]]}, "properties": {"i": 270, "h3": "882c21823bfffff", "lon": 41.48282, "lat": 42.29364, "water_km2": 0.745, "dist_coast_km": 11.2, "persistence": 0.0, "mean_cover": 0.0, "max_cover": 0.0, "trend_cover": 0.0, "hot": 0.0, "n_obs": 1}}, {"type": "Feature", "id": 271, "geometry": {"type": "Polygon", "coordinates": [[[41.469995, 42.285966], [41.466779, 42.281967], [41.469959, 42.277646], [41.476355, 42.277326], [41.479571, 42.281325], [41.476391, 42.285646], [41.469995, 42.285966]]]}, "properties": {"i": 271, "h3": "882c21823dfffff", "lon": 41.47318, "lat": 42.28165, "water_km2": 0.74, "dist_coast_km": 12.9, "persistence": 0.0, "mean_cover": 0.0, "max_cover": 0.0, "trend_cover": 0.0, "hot": 0.0, "n_obs": 1}}, {"type": "Feature", "id": 272, "geometry": {"type": "Polygon", "coordinates": [[[41.450905, 42.311885], [41.447688, 42.307886], [41.450871, 42.303566], [41.45727, 42.303246], [41.460486, 42.307245], [41.457304, 42.311565], [41.450905, 42.311885]]]}, "properties": {"i": 272, "h3": "882c218257fffff", "lon": 41.45409, "lat": 42.30757, "water_km2": 0.045, "dist_coast_km": 12.2, "persistence": 0.0, "mean_cover": 0.0, "max_cover": 0.0, "trend_cover": 0.0, "hot": 0.0, "n_obs": 1}}, {"type": "Feature", "id": 273, "geometry": {"type": "Polygon", "coordinates": [[[41.441191, 42.283246], [41.437976, 42.279245], [41.441158, 42.274925], [41.447555, 42.274606], [41.45077, 42.278606], [41.447588, 42.282926], [41.441191, 42.283246]]]}, "properties": {"i": 273, "h3": "882c218263fffff", "lon": 41.44437, "lat": 42.27893, "water_km2": 0.026, "dist_coast_km": 14.2, "persistence": 0.0, "mean_cover": 0.0, "max_cover": 0.0, "trend_cover": 0.0, "hot": 0.0, "n_obs": 1}}, {"type": "Feature", "id": 274, "geometry": {"type": "Polygon", "coordinates": [[[41.441158, 42.274925], [41.437943, 42.270923], [41.441125, 42.266603], [41.447522, 42.266284], [41.450737, 42.270285], [41.447555, 42.274606], [41.441158, 42.274925]]]}, "properties": {"i": 274, "h3": "882c218267fffff", "lon": 41.44434, "lat": 42.2706, "water_km2": 0.174, "dist_coast_km": 14.2, "persistence": 0.0, "mean_cover": 0.0, "max_cover": 0.0, "trend_cover": 0.0, "hot": 0.0, "n_obs": 1}}, {"type": "Feature", "id": 275, "geometry": {"type": "Polygon", "coordinates": [[[41.51814, 42.320978], [41.514922, 42.316982], [41.5181, 42.312662], [41.524495, 42.312338], [41.527714, 42.316334], [41.524536, 42.320654], [41.51814, 42.320978]]]}, "properties": {"i": 275, "h3": "882c218281fffff", "lon": 41.52132, "lat": 42.31666, "water_km2": 0.745, "dist_coast_km": 8.2, "persistence": 0.0, "mean_cover": 0.0, "max_cover": 0.0, "trend_cover": 0.0, "hot": 0.0, "n_obs": 1}}, {"type": "Feature", "id": 276, "geometry": {"type": "Polygon", "coordinates": [[[41.527755, 42.32465], [41.524536, 42.320654], [41.527714, 42.316334], [41.534109, 42.316009], [41.537328, 42.320005], [41.534151, 42.324325], [41.527755, 42.32465]]]}, "properties": {"i": 276, "h3": "882c218283fffff", "lon": 41.53093, "lat": 42.32033, "water_km2": 0.72, "dist_coast_km": 6.2, "persistence": 0.0, "mean_cover": 0.0, "max_cover": 0.0, "trend_cover": 0.0, "hot": 0.0, "n_obs": 1}}, {"type": "Feature", "id": 277, "geometry": {"type": "Polygon", "coordinates": [[[41.5181, 42.312662], [41.514882, 42.308666], [41.518059, 42.304346], [41.524455, 42.304022], [41.527673, 42.308018], [41.524495, 42.312338], [41.5181, 42.312662]]]}, "properties": {"i": 277, "h3": "882c218285fffff", "lon": 41.52128, "lat": 42.30834, "water_km2": 0.72, "dist_coast_km": 8.2, "persistence": 0.0, "mean_cover": 0.0, "max_cover": 0.0, "trend_cover": 0.0, "hot": 0.0, "n_obs": 1}}, {"type": "Feature", "id": 278, "geometry": {"type": "Polygon", "coordinates": [[[41.527714, 42.316334], [41.524495, 42.312338], [41.527673, 42.308018], [41.534068, 42.307694], [41.537286, 42.311689], [41.534109, 42.316009], [41.527714, 42.316334]]]}, "properties": {"i": 278, "h3": "882c218287fffff", "lon": 41.53089, "lat": 42.31201, "water_km2": 0.738, "dist_coast_km": 6.9, "persistence": 0.0, "mean_cover": 0.0, "max_cover": 0.0, "trend_cover": 0.0, "hot": 0.0, "n_obs": 1}}, {"type": "Feature", "id": 279, "geometry": {"type": "Polygon", "coordinates": [[[41.508564, 42.325622], [41.505346, 42.321626], [41.508525, 42.317306], [41.514922, 42.316982], [41.51814, 42.320978], [41.514962, 42.325298], [41.508564, 42.325622]]]}, "properties": {"i": 279, "h3": "882c218289fffff", "lon": 41.51174, "lat": 42.3213, "water_km2": 0.735, "dist_coast_km": 6.9, "persistence": 0.0, "mean_cover": 0.0, "max_cover": 0.0, "trend_cover": 0.0, "hot": 0.0, "n_obs": 1}}, {"type": "Feature", "id": 280, "geometry": {"type": "Polygon", "coordinates": [[[41.51818, 42.329294], [41.514962, 42.325298], [41.51814, 42.320978], [41.524536, 42.320654], [41.527755, 42.32465], [41.524577, 42.328969], [41.51818, 42.329294]]]}, "properties": {"i": 280, "h3": "882c21828bfffff", "lon": 41.52136, "lat": 42.32497, "water_km2": 0.718, "dist_coast_km": 6.9, "persistence": 0.0, "mean_cover": 0.0, "max_cover": 0.0, "trend_cover": 0.0, "hot": 0.0, "n_obs": 1}}, {"type": "Feature", "id": 281, "geometry": {"type": "Polygon", "coordinates": [[[41.508525, 42.317306], [41.505307, 42.313309], [41.508486, 42.308989], [41.514882, 42.308666], [41.5181, 42.312662], [41.514922, 42.316982], [41.508525, 42.317306]]]}, "properties": {"i": 281, "h3": "882c21828dfffff", "lon": 41.5117, "lat": 42.31299, "water_km2": 0.725, "dist_coast_km": 8.2, "persistence": 0.0, "mean_cover": 0.0, "max_cover": 0.0, "trend_cover": 0.0, "hot": 0.0, "n_obs": 1}}, {"type": "Feature", "id": 282, "geometry": {"type": "Polygon", "coordinates": [[[41.537413, 42.336634], [41.534193, 42.332639], [41.53737, 42.32832], [41.543766, 42.327994], [41.546986, 42.331988], [41.543809, 42.336308], [41.537413, 42.336634]]]}, "properties": {"i": 282, "h3": "882c218291fffff", "lon": 41.54059, "lat": 42.33231, "water_km2": 0.728, "dist_coast_km": 6.2, "persistence": 0.0, "mean_cover": 0.0, "max_cover": 0.0, "trend_cover": 0.0, "hot": 0.0, "n_obs": 1}}, {"type": "Feature", "id": 283, "geometry": {"type": "Polygon", "coordinates": [[[41.547029, 42.340302], [41.543809, 42.336308], [41.546986, 42.331988], [41.553382, 42.331662], [41.556601, 42.335656], [41.553425, 42.339976], [41.547029, 42.340302]]]}, "properties": {"i": 283, "h3": "882c218293fffff", "lon": 41.55021, "lat": 42.33598, "water_km2": 0.728, "dist_coast_km": 4.0, "persistence": 0.0, "mean_cover": 0.0, "max_cover": 0.0, "trend_cover": 0.0, "hot": 0.0, "n_obs": 1}}, {"type": "Feature", "id": 284, "geometry": {"type": "Polygon", "coordinates": [[[41.53737, 42.32832], [41.534151, 42.324325], [41.537328, 42.320005], [41.543724, 42.319679], [41.546943, 42.323674], [41.543766, 42.327994], [41.53737, 42.32832]]]}, "properties": {"i": 284, "h3": "882c218295fffff", "lon": 41.54055, "lat": 42.324, "water_km2": 0.732, "dist_coast_km": 6.2, "persistence": 0.0, "mean_cover": 0.0, "max_cover": 0.0, "trend_cover": 0.0, "hot": 0.0, "n_obs": 1}}, {"type": "Feature", "id": 285, "geometry": {"type": "Polygon", "coordinates": [[[41.546986, 42.331988], [41.543766, 42.327994], [41.546943, 42.323674], [41.553338, 42.323348], [41.556557, 42.327342], [41.553382, 42.331662], [41.546986, 42.331988]]]}, "properties": {"i": 285, "h3": "882c218297fffff", "lon": 41.55016, "lat": 42.32767, "water_km2": 0.735, "dist_coast_km": 5.5, "persistence": 0.0, "mean_cover": 0.0, "max_cover": 0.0, "trend_cover": 0.0, "hot": 0.0, "n_obs": 1}}, {"type": "Feature", "id": 286, "geometry": {"type": "Polygon", "coordinates": [[[41.527838, 42.341279], [41.524618, 42.337284], [41.527796, 42.332964], [41.534193, 42.332639], [41.537413, 42.336634], [41.534235, 42.340954], [41.527838, 42.341279]]]}, "properties": {"i": 286, "h3": "882c218299fffff", "lon": 41.53102, "lat": 42.33696, "water_km2": 0.718, "dist_coast_km": 4.6, "persistence": 0.0, "mean_cover": 0.0, "max_cover": 0.0, "trend_cover": 0.0, "hot": 0.0, "n_obs": 1}}, {"type": "Feature", "id": 287, "geometry": {"type": "Polygon", "coordinates": [[[41.537455, 42.344948], [41.534235, 42.340954], [41.537413, 42.336634], [41.543809, 42.336308], [41.547029, 42.340302], [41.543852, 42.344622], [41.537455, 42.344948]]]}, "properties": {"i": 287, "h3": "882c21829bfffff", "lon": 41.54063, "lat": 42.34063, "water_km2": 0.735, "dist_coast_km": 4.6, "persistence": 0.0, "mean_cover": 0.0, "max_cover": 0.0, "trend_cover": 0.0, "hot": 0.0, "n_obs": 1}}, {"type": "Feature", "id": 288, "geometry": {"type": "Polygon", "coordinates": [[[41.527796, 42.332964], [41.524577, 42.328969], [41.527755, 42.32465], [41.534151, 42.324325], [41.53737, 42.32832], [41.534193, 42.332639], [41.527796, 42.332964]]]}, "properties": {"i": 288, "h3": "882c21829dfffff", "lon": 41.53097, "lat": 42.32864, "water_km2": 0.742, "dist_coast_km": 6.2, "persistence": 0.0, "mean_cover": 0.0, "max_cover": 0.0, "trend_cover": 0.0, "hot": 0.0, "n_obs": 1}}, {"type": "Feature", "id": 289, "geometry": {"type": "Polygon", "coordinates": [[[41.527631, 42.299701], [41.524414, 42.295705], [41.52759, 42.291384], [41.533984, 42.29106], [41.537202, 42.295057], [41.534026, 42.299377], [41.527631, 42.299701]]]}, "properties": {"i": 289, "h3": "882c2182a1fffff", "lon": 41.53081, "lat": 42.29538, "water_km2": 0.735, "dist_coast_km": 7.1, "persistence": 0.0, "mean_cover": 0.0, "max_cover": 0.0, "trend_cover": 0.0, "hot": 0.0, "n_obs": 1}}, {"type": "Feature", "id": 290, "geometry": {"type": "Polygon", "coordinates": [[[41.537244, 42.303373], [41.534026, 42.299377], [41.537202, 42.295057], [41.543595, 42.294732], [41.546813, 42.298728], [41.543638, 42.303048], [41.537244, 42.303373]]]}, "properties": {"i": 290, "h3": "882c2182a3fffff", "lon": 41.54042, "lat": 42.29905, "water_km2": 0.735, "dist_coast_km": 7.1, "persistence": 0.0, "mean_cover": 0.0, "max_cover": 0.0, "trend_cover": 0.0, "hot": 0.0, "n_obs": 1}}, {"type": "Feature", "id": 291, "geometry": {"type": "Polygon", "coordinates": [[[41.52759, 42.291384], [41.524373, 42.287387], [41.527549, 42.283067], [41.533942, 42.282743], [41.537159, 42.286739], [41.533984, 42.29106], [41.52759, 42.291384]]]}, "properties": {"i": 291, "h3": "882c2182a5fffff", "lon": 41.53077, "lat": 42.28706, "water_km2": 0.73, "dist_coast_km": 7.1, "persistence": 0.0, "mean_cover": 0.0, "max_cover": 0.0, "trend_cover": 0.0, "hot": 0.0, "n_obs": 1}}, {"type": "Feature", "id": 292, "geometry": {"type": "Polygon", "coordinates": [[[41.537202, 42.295057], [41.533984, 42.29106], [41.537159, 42.286739], [41.543552, 42.286415], [41.54677, 42.290411], [41.543595, 42.294732], [41.537202, 42.295057]]]}, "properties": {"i": 292, "h3": "882c2182a7fffff", "lon": 41.54038, "lat": 42.29074, "water_km2": 0.725, "dist_coast_km": 7.1, "persistence": 0.0, "mean_cover": 0.0, "max_cover": 0.0, "trend_cover": 0.0, "hot": 0.0, "n_obs": 1}}, {"type": "Feature", "id": 293, "geometry": {"type": "Polygon", "coordinates": [[[41.518059, 42.304346], [41.514842, 42.300349], [41.518019, 42.296029], [41.524414, 42.295705], [41.527631, 42.299701], [41.524455, 42.304022], [41.518059, 42.304346]]]}, "properties": {"i": 293, "h3": "882c2182a9fffff", "lon": 41.52124, "lat": 42.30003, "water_km2": 0.745, "dist_coast_km": 8.5, "persistence": 0.0, "mean_cover": 0.0, "max_cover": 0.0, "trend_cover": 0.0, "hot": 0.0, "n_obs": 1}}, {"type": "Feature", "id": 294, "geometry": {"type": "Polygon", "coordinates": [[[41.527673, 42.308018], [41.524455, 42.304022], [41.527631, 42.299701], [41.534026, 42.299377], [41.537244, 42.303373], [41.534068, 42.307694], [41.527673, 42.308018]]]}, "properties": {"i": 294, "h3": "882c2182abfffff", "lon": 41.53085, "lat": 42.3037, "water_km2": 0.725, "dist_coast_km": 6.9, "persistence": 0.0, "mean_cover": 0.0, "max_cover": 0.0, "trend_cover": 0.0, "hot": 0.0, "n_obs": 1}}, {"type": "Feature", "id": 295, "geometry": {"type": "Polygon", "coordinates": [[[41.518019, 42.296029], [41.514802, 42.292031], [41.517979, 42.287711], [41.524373, 42.287387], [41.52759, 42.291384], [41.524414, 42.295705], [41.518019, 42.296029]]]}, "properties": {"i": 295, "h3": "882c2182adfffff", "lon": 41.5212, "lat": 42.29171, "water_km2": 0.72, "dist_coast_km": 8.5, "persistence": 0.0, "mean_cover": 0.0, "max_cover": 0.0, "trend_cover": 0.0, "hot": 0.0, "n_obs": 1}}, {"type": "Feature", "id": 296, "geometry": {"type": "Polygon", "coordinates": [[[41.5469, 42.315359], [41.543681, 42.311364], [41.546856, 42.307044], [41.55325, 42.306718], [41.556469, 42.310713], [41.553294, 42.315033], [41.5469, 42.315359]]]}, "properties": {"i": 296, "h3": "882c2182b1fffff", "lon": 41.55008, "lat": 42.31104, "water_km2": 0.738, "dist_coast_km": 5.5, "persistence": 0.0, "mean_cover": 0.0, "max_cover": 0.0, "trend_cover": 0.0, "hot": 0.0, "n_obs": 1}}, {"type": "Feature", "id": 297, "geometry": {"type": "Polygon", "coordinates": [[[41.556513, 42.319028], [41.553294, 42.315033], [41.556469, 42.310713], [41.562863, 42.310387], [41.566082, 42.314381], [41.562907, 42.318702], [41.556513, 42.319028]]]}, "properties": {"i": 297, "h3": "882c2182b3fffff", "lon": 41.55969, "lat": 42.31471, "water_km2": 0.72, "dist_coast_km": 4.1, "persistence": 0.0, "mean_cover": 0.0, "max_cover": 0.0, "trend_cover": 0.0, "hot": 0.0, "n_obs": 1}}, {"type": "Feature", "id": 298, "geometry": {"type": "Polygon", "coordinates": [[[41.546856, 42.307044], [41.543638, 42.303048], [41.546813, 42.298728], [41.553206, 42.298402], [41.556425, 42.302397], [41.55325, 42.306718], [41.546856, 42.307044]]]}, "properties": {"i": 298, "h3": "882c2182b5fffff", "lon": 41.55003, "lat": 42.30272, "water_km2": 0.72, "dist_coast_km": 5.5, "persistence": 0.0, "mean_cover": 0.0, "max_cover": 0.0, "trend_cover": 0.0, "hot": 0.0, "n_obs": 1}}, {"type": "Feature", "id": 299, "geometry": {"type": "Polygon", "coordinates": [[[41.556469, 42.310713], [41.55325, 42.306718], [41.556425, 42.302397], [41.562818, 42.302072], [41.566037, 42.306066], [41.562863, 42.310387], [41.556469, 42.310713]]]}, "properties": {"i": 299, "h3": "882c2182b7fffff", "lon": 41.55964, "lat": 42.30639, "water_km2": 0.74, "dist_coast_km": 4.1, "persistence": 0.0, "mean_cover": 0.0, "max_cover": 0.0, "trend_cover": 0.0, "hot": 0.0, "n_obs": 1}}, {"type": "Feature", "id": 300, "geometry": {"type": "Polygon", "coordinates": [[[41.537328, 42.320005], [41.534109, 42.316009], [41.537286, 42.311689], [41.543681, 42.311364], [41.5469, 42.315359], [41.543724, 42.319679], [41.537328, 42.320005]]]}, "properties": {"i": 300, "h3": "882c2182b9fffff", "lon": 41.5405, "lat": 42.31568, "water_km2": 0.73, "dist_coast_km": 6.9, "persistence": 0.0, "mean_cover": 0.0, "max_cover": 0.0, "trend_cover": 0.0, "hot": 0.0, "n_obs": 1}}, {"type": "Feature", "id": 301, "geometry": {"type": "Polygon", "coordinates": [[[41.546943, 42.323674], [41.543724, 42.319679], [41.5469, 42.315359], [41.553294, 42.315033], [41.556513, 42.319028], [41.553338, 42.323348], [41.546943, 42.323674]]]}, "properties": {"i": 301, "h3": "882c2182bbfffff", "lon": 41.55012, "lat": 42.31935, "water_km2": 0.725, "dist_coast_km": 5.5, "persistence": 0.0, "mean_cover": 0.0, "max_cover": 0.0, "trend_cover": 0.0, "hot": 0.0, "n_obs": 1}}, {"type": "Feature", "id": 302, "geometry": {"type": "Polygon", "coordinates": [[[41.537286, 42.311689], [41.534068, 42.307694], [41.537244, 42.303373], [41.543638, 42.303048], [41.546856, 42.307044], [41.543681, 42.311364], [41.537286, 42.311689]]]}, "properties": {"i": 302, "h3": "882c2182bdfffff", "lon": 41.54046, "lat": 42.30737, "water_km2": 0.728, "dist_coast_km": 6.9, "persistence": 0.0, "mean_cover": 0.0, "max_cover": 0.0, "trend_cover": 0.0, "hot": 0.0, "n_obs": 1}}, {"type": "Feature", "id": 303, "geometry": {"type": "Polygon", "coordinates": [[[41.48937, 42.326591], [41.486152, 42.322594], [41.489333, 42.318275], [41.495731, 42.317952], [41.498948, 42.321949], [41.495769, 42.326269], [41.48937, 42.326591]]]}, "properties": {"i": 303, "h3": "882c2182c1fffff", "lon": 41.49255, "lat": 42.32227, "water_km2": 0.742, "dist_coast_km": 7.8, "persistence": 0.0, "mean_cover": 0.0, "max_cover": 0.0, "trend_cover": 0.0, "hot": 0.0, "n_obs": 1}}, {"type": "Feature", "id": 304, "geometry": {"type": "Polygon", "coordinates": [[[41.498987, 42.330265], [41.495769, 42.326269], [41.498948, 42.321949], [41.505346, 42.321626], [41.508564, 42.325622], [41.505385, 42.329942], [41.498987, 42.330265]]]}, "properties": {"i": 304, "h3": "882c2182c3fffff", "lon": 41.50217, "lat": 42.32595, "water_km2": 0.725, "dist_coast_km": 7.8, "persistence": 0.0, "mean_cover": 0.0, "max_cover": 0.0, "trend_cover": 0.0, "hot": 0.0, "n_obs": 1}}, {"type": "Feature", "id": 305, "geometry": {"type": "Polygon", "coordinates": [[[41.489333, 42.318275], [41.486115, 42.314277], [41.489295, 42.309958], [41.495692, 42.309635], [41.49891, 42.313632], [41.495731, 42.317952], [41.489333, 42.318275]]]}, "properties": {"i": 305, "h3": "882c2182c5fffff", "lon": 41.49251, "lat": 42.31396, "water_km2": 0.722, "dist_coast_km": 9.2, "persistence": 0.0, "mean_cover": 0.0, "max_cover": 0.0, "trend_cover": 0.0, "hot": 0.0, "n_obs": 1}}, {"type": "Feature", "id": 306, "geometry": {"type": "Polygon", "coordinates": [[[41.498948, 42.321949], [41.495731, 42.317952], [41.49891, 42.313632], [41.505307, 42.313309], [41.508525, 42.317306], [41.505346, 42.321626], [41.498948, 42.321949]]]}, "properties": {"i": 306, "h3": "882c2182c7fffff", "lon": 41.50213, "lat": 42.31763, "water_km2": 0.732, "dist_coast_km": 7.8, "persistence": 0.0, "mean_cover": 0.0, "max_cover": 0.0, "trend_cover": 0.0, "hot": 0.0, "n_obs": 1}}, {"type": "Feature", "id": 307, "geometry": {"type": "Polygon", "coordinates": [[[41.47979, 42.331233], [41.476572, 42.327236], [41.479754, 42.322917], [41.486152, 42.322594], [41.48937, 42.326591], [41.486189, 42.330911], [41.47979, 42.331233]]]}, "properties": {"i": 307, "h3": "882c2182c9fffff", "lon": 41.48297, "lat": 42.32691, "water_km2": 0.74, "dist_coast_km": 8.8, "persistence": 0.0, "mean_cover": 0.0, "max_cover": 0.0, "trend_cover": 0.0, "hot": 0.0, "n_obs": 1}}, {"type": "Feature", "id": 308, "geometry": {"type": "Polygon", "coordinates": [[[41.489408, 42.334907], [41.486189, 42.330911], [41.48937, 42.326591], [41.495769, 42.326269], [41.498987, 42.330265], [41.495807, 42.334584], [41.489408, 42.334907]]]}, "properties": {"i": 308, "h3": "882c2182cbfffff", "lon": 41.49259, "lat": 42.33059, "water_km2": 0.72, "dist_coast_km": 7.8, "persistence": 0.0, "mean_cover": 0.0, "max_cover": 0.0, "trend_cover": 0.0, "hot": 0.0, "n_obs": 1}}, {"type": "Feature", "id": 309, "geometry": {"type": "Polygon", "coordinates": [[[41.479754, 42.322917], [41.476536, 42.318919], [41.479717, 42.314599], [41.486115, 42.314277], [41.489333, 42.318275], [41.486152, 42.322594], [41.479754, 42.322917]]]}, "properties": {"i": 309, "h3": "882c2182cdfffff", "lon": 41.48293, "lat": 42.3186, "water_km2": 0.72, "dist_coast_km": 8.8, "persistence": 0.0, "mean_cover": 0.0, "max_cover": 0.0, "trend_cover": 0.0, "hot": 0.0, "n_obs": 1}}, {"type": "Feature", "id": 310, "geometry": {"type": "Polygon", "coordinates": [[[41.508643, 42.342252], [41.505424, 42.338257], [41.508604, 42.333937], [41.515002, 42.333613], [41.518221, 42.337609], [41.515042, 42.341928], [41.508643, 42.342252]]]}, "properties": {"i": 310, "h3": "882c2182d1fffff", "lon": 41.51182, "lat": 42.33793, "water_km2": 0.732, "dist_coast_km": 5.5, "persistence": 0.0, "mean_cover": 0.0, "max_cover": 0.0, "trend_cover": 0.0, "hot": 0.0, "n_obs": 1}}, {"type": "Feature", "id": 311, "geometry": {"type": "Polygon", "coordinates": [[[41.518261, 42.345923], [41.515042, 42.341928], [41.518221, 42.337609], [41.524618, 42.337284], [41.527838, 42.341279], [41.524659, 42.345598], [41.518261, 42.345923]]]}, "properties": {"i": 311, "h3": "882c2182d3fffff", "lon": 41.52144, "lat": 42.3416, "water_km2": 0.72, "dist_coast_km": 5.5, "persistence": 0.0, "mean_cover": 0.0, "max_cover": 0.0, "trend_cover": 0.0, "hot": 0.0, "n_obs": 1}}, {"type": "Feature", "id": 312, "geometry": {"type": "Polygon", "coordinates": [[[41.508604, 42.333937], [41.505385, 42.329942], [41.508564, 42.325622], [41.514962, 42.325298], [41.51818, 42.329294], [41.515002, 42.333613], [41.508604, 42.333937]]]}, "properties": {"i": 312, "h3": "882c2182d5fffff", "lon": 41.51178, "lat": 42.32962, "water_km2": 0.73, "dist_coast_km": 6.9, "persistence": 0.0, "mean_cover": 0.0, "max_cover": 0.0, "trend_cover": 0.0, "hot": 0.0, "n_obs": 1}}, {"type": "Feature", "id": 313, "geometry": {"type": "Polygon", "coordinates": [[[41.518221, 42.337609], [41.515002, 42.333613], [41.51818, 42.329294], [41.524577, 42.328969], [41.527796, 42.332964], [41.524618, 42.337284], [41.518221, 42.337609]]]}, "properties": {"i": 313, "h3": "882c2182d7fffff", "lon": 41.5214, "lat": 42.33329, "water_km2": 0.742, "dist_coast_km": 6.9, "persistence": 0.0, "mean_cover": 0.0, "max_cover": 0.0, "trend_cover": 0.0, "hot": 0.0, "n_obs": 1}}, {"type": "Feature", "id": 314, "geometry": {"type": "Polygon", "coordinates": [[[41.499064, 42.346895], [41.495845, 42.3429], [41.499025, 42.33858], [41.505424, 42.338257], [41.508643, 42.342252], [41.505463, 42.346572], [41.499064, 42.346895]]]}, "properties": {"i": 314, "h3": "882c2182d9fffff", "lon": 41.50224, "lat": 42.34258, "water_km2": 0.722, "dist_coast_km": 6.6, "persistence": 0.0, "mean_cover": 0.0, "max_cover": 0.0, "trend_cover": 0.0, "hot": 0.0, "n_obs": 1}}, {"type": "Feature", "id": 315, "geometry": {"type": "Polygon", "coordinates": [[[41.508682, 42.350567], [41.505463, 42.346572], [41.508643, 42.342252], [41.515042, 42.341928], [41.518261, 42.345923], [41.515082, 42.350242], [41.508682, 42.350567]]]}, "properties": {"i": 315, "h3": "882c2182dbfffff", "lon": 41.51186, "lat": 42.34625, "water_km2": 0.732, "dist_coast_km": 5.5, "persistence": 0.0, "mean_cover": 0.0, "max_cover": 0.0, "trend_cover": 0.0, "hot": 0.0, "n_obs": 1}}, {"type": "Feature", "id": 316, "geometry": {"type": "Polygon", "coordinates": [[[41.499025, 42.33858], [41.495807, 42.334584], [41.498987, 42.330265], [41.505385, 42.329942], [41.508604, 42.333937], [41.505424, 42.338257], [41.499025, 42.33858]]]}, "properties": {"i": 316, "h3": "882c2182ddfffff", "lon": 41.50221, "lat": 42.33426, "water_km2": 0.738, "dist_coast_km": 6.6, "persistence": 0.0, "mean_cover": 0.0, "max_cover": 0.0, "trend_cover": 0.0, "hot": 0.0, "n_obs": 1}}, {"type": "Feature", "id": 317, "geometry": {"type": "Polygon", "coordinates": [[[41.498872, 42.305315], [41.495654, 42.301318], [41.498833, 42.296998], [41.505229, 42.296675], [41.508446, 42.300672], [41.505268, 42.304992], [41.498872, 42.305315]]]}, "properties": {"i": 317, "h3": "882c2182e1fffff", "lon": 41.50205, "lat": 42.301, "water_km2": 0.73, "dist_coast_km": 9.2, "persistence": 0.0, "mean_cover": 0.0, "max_cover": 0.0, "trend_cover": 0.0, "hot": 0.0, "n_obs": 1}}, {"type": "Feature", "id": 318, "geometry": {"type": "Polygon", "coordinates": [[[41.508486, 42.308989], [41.505268, 42.304992], [41.508446, 42.300672], [41.514842, 42.300349], [41.518059, 42.304346], [41.514882, 42.308666], [41.508486, 42.308989]]]}, "properties": {"i": 318, "h3": "882c2182e3fffff", "lon": 41.51166, "lat": 42.30467, "water_km2": 0.738, "dist_coast_km": 8.2, "persistence": 0.0, "mean_cover": 0.0, "max_cover": 0.0, "trend_cover": 0.0, "hot": 0.0, "n_obs": 1}}, {"type": "Feature", "id": 319, "geometry": {"type": "Polygon", "coordinates": [[[41.498833, 42.296998], [41.495616, 42.293], [41.498795, 42.288679], [41.50519, 42.288357], [41.508407, 42.292355], [41.505229, 42.296675], [41.498833, 42.296998]]]}, "properties": {"i": 319, "h3": "882c2182e5fffff", "lon": 41.50201, "lat": 42.29268, "water_km2": 0.732, "dist_coast_km": 9.8, "persistence": 0.0, "mean_cover": 0.0, "max_cover": 0.0, "trend_cover": 0.0, "hot": 0.0, "n_obs": 1}}, {"type": "Feature", "id": 320, "geometry": {"type": "Polygon", "coordinates": [[[41.508446, 42.300672], [41.505229, 42.296675], [41.508407, 42.292355], [41.514802, 42.292031], [41.518019, 42.296029], [41.514842, 42.300349], [41.508446, 42.300672]]]}, "properties": {"i": 320, "h3": "882c2182e7fffff", "lon": 41.51162, "lat": 42.29635, "water_km2": 0.722, "dist_coast_km": 8.5, "persistence": 0.0, "mean_cover": 0.0, "max_cover": 0.0, "trend_cover": 0.0, "hot": 0.0, "n_obs": 1}}, {"type": "Feature", "id": 321, "geometry": {"type": "Polygon", "coordinates": [[[41.489295, 42.309958], [41.486078, 42.30596], [41.489258, 42.30164], [41.495654, 42.301318], [41.498872, 42.305315], [41.495692, 42.309635], [41.489295, 42.309958]]]}, "properties": {"i": 321, "h3": "882c2182e9fffff", "lon": 41.49248, "lat": 42.30564, "water_km2": 0.74, "dist_coast_km": 9.2, "persistence": 0.0, "mean_cover": 0.0, "max_cover": 0.0, "trend_cover": 0.0, "hot": 0.0, "n_obs": 1}}, {"type": "Feature", "id": 322, "geometry": {"type": "Polygon", "coordinates": [[[41.49891, 42.313632], [41.495692, 42.309635], [41.498872, 42.305315], [41.505268, 42.304992], [41.508486, 42.308989], [41.505307, 42.313309], [41.49891, 42.313632]]]}, "properties": {"i": 322, "h3": "882c2182ebfffff", "lon": 41.50209, "lat": 42.30931, "water_km2": 0.73, "dist_coast_km": 9.2, "persistence": 0.0, "mean_cover": 0.0, "max_cover": 0.0, "trend_cover": 0.0, "hot": 0.0, "n_obs": 1}}, {"type": "Feature", "id": 323, "geometry": {"type": "Polygon", "coordinates": [[[41.489258, 42.30164], [41.486041, 42.297642], [41.48922, 42.293322], [41.495616, 42.293], [41.498833, 42.296998], [41.495654, 42.301318], [41.489258, 42.30164]]]}, "properties": {"i": 323, "h3": "882c2182edfffff", "lon": 41.49244, "lat": 42.29732, "water_km2": 0.725, "dist_coast_km": 9.8, "persistence": 0.0, "mean_cover": 0.0, "max_cover": 0.0, "trend_cover": 0.0, "hot": 0.0, "n_obs": 1}}, {"type": "Feature", "id": 324, "geometry": {"type": "Polygon", "coordinates": [[[41.450602, 42.236996], [41.447388, 42.232993], [41.450568, 42.228672], [41.456961, 42.228353], [41.460175, 42.232356], [41.456996, 42.236677], [41.450602, 42.236996]]]}, "properties": {"i": 324, "h3": "882c218301fffff", "lon": 41.45378, "lat": 42.23267, "water_km2": 0.735, "dist_coast_km": 15.2, "persistence": 0.0, "mean_cover": 0.0, "max_cover": 0.0, "trend_cover": 0.0, "hot": 0.0, "n_obs": 1}}, {"type": "Feature", "id": 325, "geometry": {"type": "Polygon", "coordinates": [[[41.46021, 42.240679], [41.456996, 42.236677], [41.460175, 42.232356], [41.466568, 42.232037], [41.469782, 42.236039], [41.466603, 42.24036], [41.46021, 42.240679]]]}, "properties": {"i": 325, "h3": "882c218303fffff", "lon": 41.46339, "lat": 42.23636, "water_km2": 0.74, "dist_coast_km": 13.9, "persistence": 0.0, "mean_cover": 0.0, "max_cover": 0.0, "trend_cover": 0.0, "hot": 0.0, "n_obs": 1}}, {"type": "Feature", "id": 326, "geometry": {"type": "Polygon", "coordinates": [[[41.450568, 42.228672], [41.447355, 42.224669], [41.450535, 42.220348], [41.456927, 42.220029], [41.460141, 42.224032], [41.456961, 42.228353], [41.450568, 42.228672]]]}, "properties": {"i": 326, "h3": "882c218305fffff", "lon": 41.45375, "lat": 42.22435, "water_km2": 0.73, "dist_coast_km": 15.2, "persistence": 0.0, "mean_cover": 0.0, "max_cover": 0.0, "trend_cover": 0.0, "hot": 0.0, "n_obs": 1}}, {"type": "Feature", "id": 327, "geometry": {"type": "Polygon", "coordinates": [[[41.460175, 42.232356], [41.456961, 42.228353], [41.460141, 42.224032], [41.466533, 42.223713], [41.469746, 42.227715], [41.466568, 42.232037], [41.460175, 42.232356]]]}, "properties": {"i": 327, "h3": "882c218307fffff", "lon": 41.46335, "lat": 42.22803, "water_km2": 0.725, "dist_coast_km": 13.9, "persistence": 0.0, "mean_cover": 0.0, "max_cover": 0.0, "trend_cover": 0.0, "hot": 0.0, "n_obs": 1}}, {"type": "Feature", "id": 328, "geometry": {"type": "Polygon", "coordinates": [[[41.441027, 42.241635], [41.437814, 42.237632], [41.440995, 42.233311], [41.447388, 42.232993], [41.450602, 42.236996], [41.447422, 42.241317], [41.441027, 42.241635]]]}, "properties": {"i": 328, "h3": "882c218309fffff", "lon": 41.44421, "lat": 42.23731, "water_km2": 0.389, "dist_coast_km": 15.2, "persistence": 0.0, "mean_cover": 0.0, "max_cover": 0.0, "trend_cover": 0.0, "hot": 0.0, "n_obs": 1}}, {"type": "Feature", "id": 329, "geometry": {"type": "Polygon", "coordinates": [[[41.450636, 42.245319], [41.447422, 42.241317], [41.450602, 42.236996], [41.456996, 42.236677], [41.46021, 42.240679], [41.45703, 42.245], [41.450636, 42.245319]]]}, "properties": {"i": 329, "h3": "882c21830bfffff", "lon": 41.45382, "lat": 42.241, "water_km2": 0.73, "dist_coast_km": 15.2, "persistence": 0.0, "mean_cover": 0.0, "max_cover": 0.0, "trend_cover": 0.0, "hot": 0.0, "n_obs": 1}}, {"type": "Feature", "id": 330, "geometry": {"type": "Polygon", "coordinates": [[[41.440995, 42.233311], [41.437781, 42.229308], [41.440962, 42.224987], [41.447355, 42.224669], [41.450568, 42.228672], [41.447388, 42.232993], [41.440995, 42.233311]]]}, "properties": {"i": 330, "h3": "882c21830dfffff", "lon": 41.44418, "lat": 42.22899, "water_km2": 0.396, "dist_coast_km": 15.2, "persistence": 0.0, "mean_cover": 0.0, "max_cover": 0.0, "trend_cover": 0.0, "hot": 0.0, "n_obs": 1}}, {"type": "Feature", "id": 331, "geometry": {"type": "Polygon", "coordinates": [[[41.469853, 42.252683], [41.466638, 42.248682], [41.469817, 42.244361], [41.476211, 42.244041], [41.479425, 42.248042], [41.476247, 42.252363], [41.469853, 42.252683]]]}, "properties": {"i": 331, "h3": "882c218311fffff", "lon": 41.47303, "lat": 42.24836, "water_km2": 0.745, "dist_coast_km": 13.9, "persistence": 0.0, "mean_cover": 0.0, "max_cover": 0.0, "trend_cover": 0.0, "hot": 0.0, "n_obs": 1}}, {"type": "Feature", "id": 332, "geometry": {"type": "Polygon", "coordinates": [[[41.479462, 42.256364], [41.476247, 42.252363], [41.479425, 42.248042], [41.485818, 42.247722], [41.489033, 42.251722], [41.485855, 42.256043], [41.479462, 42.256364]]]}, "properties": {"i": 332, "h3": "882c218313fffff", "lon": 41.48264, "lat": 42.25204, "water_km2": 0.72, "dist_coast_km": 12.3, "persistence": 0.0, "mean_cover": 0.0, "max_cover": 0.0, "trend_cover": 0.0, "hot": 0.0, "n_obs": 1}}, {"type": "Feature", "id": 333, "geometry": {"type": "Polygon", "coordinates": [[[41.469817, 42.244361], [41.466603, 42.24036], [41.469782, 42.236039], [41.476174, 42.235719], [41.479389, 42.23972], [41.476211, 42.244041], [41.469817, 42.244361]]]}, "properties": {"i": 333, "h3": "882c218315fffff", "lon": 41.473, "lat": 42.24004, "water_km2": 0.72, "dist_coast_km": 13.9, "persistence": 0.0, "mean_cover": 0.0, "max_cover": 0.0, "trend_cover": 0.0, "hot": 0.0, "n_obs": 1}}, {"type": "Feature", "id": 334, "geometry": {"type": "Polygon", "coordinates": [[[41.479425, 42.248042], [41.476211, 42.244041], [41.479389, 42.23972], [41.485781, 42.2394], [41.488996, 42.243401], [41.485818, 42.247722], [41.479425, 42.248042]]]}, "properties": {"i": 334, "h3": "882c218317fffff", "lon": 41.4826, "lat": 42.24372, "water_km2": 0.74, "dist_coast_km": 12.5, "persistence": 0.0, "mean_cover": 0.0, "max_cover": 0.0, "trend_cover": 0.0, "hot": 0.0, "n_obs": 1}}, {"type": "Feature", "id": 335, "geometry": {"type": "Polygon", "coordinates": [[[41.460279, 42.257324], [41.457064, 42.253323], [41.460244, 42.249002], [41.466638, 42.248682], [41.469853, 42.252683], [41.466673, 42.257004], [41.460279, 42.257324]]]}, "properties": {"i": 335, "h3": "882c218319fffff", "lon": 41.46346, "lat": 42.253, "water_km2": 0.738, "dist_coast_km": 13.6, "persistence": 0.0, "mean_cover": 0.0, "max_cover": 0.0, "trend_cover": 0.0, "hot": 0.0, "n_obs": 1}}, {"type": "Feature", "id": 336, "geometry": {"type": "Polygon", "coordinates": [[[41.469888, 42.261005], [41.466673, 42.257004], [41.469853, 42.252683], [41.476247, 42.252363], [41.479462, 42.256364], [41.476283, 42.260685], [41.469888, 42.261005]]]}, "properties": {"i": 336, "h3": "882c21831bfffff", "lon": 41.47307, "lat": 42.25668, "water_km2": 0.72, "dist_coast_km": 13.6, "persistence": 0.0, "mean_cover": 0.0, "max_cover": 0.0, "trend_cover": 0.0, "hot": 0.0, "n_obs": 1}}, {"type": "Feature", "id": 337, "geometry": {"type": "Polygon", "coordinates": [[[41.460244, 42.249002], [41.45703, 42.245], [41.46021, 42.240679], [41.466603, 42.24036], [41.469817, 42.244361], [41.466638, 42.248682], [41.460244, 42.249002]]]}, "properties": {"i": 337, "h3": "882c21831dfffff", "lon": 41.46342, "lat": 42.24468, "water_km2": 0.725, "dist_coast_km": 13.9, "persistence": 0.0, "mean_cover": 0.0, "max_cover": 0.0, "trend_cover": 0.0, "hot": 0.0, "n_obs": 1}}, {"type": "Feature", "id": 338, "geometry": {"type": "Polygon", "coordinates": [[[41.460106, 42.215708], [41.456893, 42.211705], [41.460071, 42.207383], [41.466462, 42.207064], [41.469675, 42.211067], [41.466498, 42.215389], [41.460106, 42.215708]]]}, "properties": {"i": 338, "h3": "882c218321fffff", "lon": 41.46328, "lat": 42.21139, "water_km2": 0.722, "dist_coast_km": 13.7, "persistence": 0.0, "mean_cover": 0.0, "max_cover": 0.0, "trend_cover": 0.0, "hot": 0.0, "n_obs": 1}}, {"type": "Feature", "id": 339, "geometry": {"type": "Polygon", "coordinates": [[[41.469711, 42.219392], [41.466498, 42.215389], [41.469675, 42.211067], [41.476066, 42.210748], [41.479279, 42.214751], [41.476102, 42.219072], [41.469711, 42.219392]]]}, "properties": {"i": 339, "h3": "882c218323fffff", "lon": 41.47289, "lat": 42.21507, "water_km2": 0.745, "dist_coast_km": 13.7, "persistence": 0.0, "mean_cover": 0.0, "max_cover": 0.0, "trend_cover": 0.0, "hot": 0.0, "n_obs": 1}}, {"type": "Feature", "id": 340, "geometry": {"type": "Polygon", "coordinates": [[[41.460071, 42.207383], [41.456859, 42.203379], [41.460037, 42.199057], [41.466427, 42.198739], [41.46964, 42.202742], [41.466462, 42.207064], [41.460071, 42.207383]]]}, "properties": {"i": 340, "h3": "882c218325fffff", "lon": 41.46325, "lat": 42.20306, "water_km2": 0.742, "dist_coast_km": 13.7, "persistence": 0.0, "mean_cover": 0.0, "max_cover": 0.0, "trend_cover": 0.0, "hot": 0.0, "n_obs": 1}}, {"type": "Feature", "id": 341, "geometry": {"type": "Polygon", "coordinates": [[[41.469675, 42.211067], [41.466462, 42.207064], [41.46964, 42.202742], [41.47603, 42.202423], [41.479243, 42.206426], [41.476066, 42.210748], [41.469675, 42.211067]]]}, "properties": {"i": 341, "h3": "882c218327fffff", "lon": 41.47285, "lat": 42.20675, "water_km2": 0.72, "dist_coast_km": 13.7, "persistence": 0.0, "mean_cover": 0.0, "max_cover": 0.0, "trend_cover": 0.0, "hot": 0.0, "n_obs": 1}}, {"type": "Feature", "id": 342, "geometry": {"type": "Polygon", "coordinates": [[[41.450535, 42.220348], [41.447322, 42.216344], [41.450501, 42.212023], [41.456893, 42.211705], [41.460106, 42.215708], [41.456927, 42.220029], [41.450535, 42.220348]]]}, "properties": {"i": 342, "h3": "882c218329fffff", "lon": 41.45371, "lat": 42.21603, "water_km2": 0.735, "dist_coast_km": 15.1, "persistence": 0.0, "mean_cover": 0.0, "max_cover": 0.0, "trend_cover": 0.0, "hot": 0.0, "n_obs": 1}}, {"type": "Feature", "id": 343, "geometry": {"type": "Polygon", "coordinates": [[[41.460141, 42.224032], [41.456927, 42.220029], [41.460106, 42.215708], [41.466498, 42.215389], [41.469711, 42.219392], [41.466533, 42.223713], [41.460141, 42.224032]]]}, "properties": {"i": 343, "h3": "882c21832bfffff", "lon": 41.46332, "lat": 42.21971, "water_km2": 0.74, "dist_coast_km": 13.9, "persistence": 0.0, "mean_cover": 0.0, "max_cover": 0.0, "trend_cover": 0.0, "hot": 0.0, "n_obs": 1}}, {"type": "Feature", "id": 344, "geometry": {"type": "Polygon", "coordinates": [[[41.450501, 42.212023], [41.447289, 42.208019], [41.450468, 42.203697], [41.456859, 42.203379], [41.460071, 42.207383], [41.456893, 42.211705], [41.450501, 42.212023]]]}, "properties": {"i": 344, "h3": "882c21832dfffff", "lon": 41.45368, "lat": 42.2077, "water_km2": 0.732, "dist_coast_km": 15.1, "persistence": 0.0, "mean_cover": 0.0, "max_cover": 0.0, "trend_cover": 0.0, "hot": 0.0, "n_obs": 1}}, {"type": "Feature", "id": 345, "geometry": {"type": "Polygon", "coordinates": [[[41.479352, 42.231398], [41.476138, 42.227396], [41.479316, 42.223074], [41.485707, 42.222754], [41.488921, 42.226756], [41.485744, 42.231077], [41.479352, 42.231398]]]}, "properties": {"i": 345, "h3": "882c218331fffff", "lon": 41.48253, "lat": 42.22708, "water_km2": 0.74, "dist_coast_km": 12.5, "persistence": 0.0, "mean_cover": 0.0, "max_cover": 0.0, "trend_cover": 0.0, "hot": 0.0, "n_obs": 1}}, {"type": "Feature", "id": 346, "geometry": {"type": "Polygon", "coordinates": [[[41.488958, 42.235078], [41.485744, 42.231077], [41.488921, 42.226756], [41.495312, 42.226435], [41.498526, 42.230436], [41.49535, 42.234758], [41.488958, 42.235078]]]}, "properties": {"i": 346, "h3": "882c218333fffff", "lon": 41.49214, "lat": 42.23076, "water_km2": 0.735, "dist_coast_km": 11.2, "persistence": 0.0, "mean_cover": 0.0, "max_cover": 0.0, "trend_cover": 0.0, "hot": 0.0, "n_obs": 1}}, {"type": "Feature", "id": 347, "geometry": {"type": "Polygon", "coordinates": [[[41.479316, 42.223074], [41.476102, 42.219072], [41.479279, 42.214751], [41.48567, 42.214431], [41.488884, 42.218433], [41.485707, 42.222754], [41.479316, 42.223074]]]}, "properties": {"i": 347, "h3": "882c218335fffff", "lon": 41.48249, "lat": 42.21875, "water_km2": 0.724, "dist_coast_km": 12.5, "persistence": 0.0, "mean_cover": 0.0, "max_cover": 0.0, "trend_cover": 0.0, "hot": 0.0, "n_obs": 1}}, {"type": "Feature", "id": 348, "geometry": {"type": "Polygon", "coordinates": [[[41.488921, 42.226756], [41.485707, 42.222754], [41.488884, 42.218433], [41.495274, 42.218112], [41.498488, 42.222113], [41.495312, 42.226435], [41.488921, 42.226756]]]}, "properties": {"i": 348, "h3": "882c218337fffff", "lon": 41.4921, "lat": 42.22243, "water_km2": 0.728, "dist_coast_km": 11.2, "persistence": 0.0, "mean_cover": 0.0, "max_cover": 0.0, "trend_cover": 0.0, "hot": 0.0, "n_obs": 1}}, {"type": "Feature", "id": 349, "geometry": {"type": "Polygon", "coordinates": [[[41.469782, 42.236039], [41.466568, 42.232037], [41.469746, 42.227715], [41.476138, 42.227396], [41.479352, 42.231398], [41.476174, 42.235719], [41.469782, 42.236039]]]}, "properties": {"i": 349, "h3": "882c218339fffff", "lon": 41.47296, "lat": 42.23172, "water_km2": 0.745, "dist_coast_km": 13.9, "persistence": 0.0, "mean_cover": 0.0, "max_cover": 0.0, "trend_cover": 0.0, "hot": 0.0, "n_obs": 1}}, {"type": "Feature", "id": 350, "geometry": {"type": "Polygon", "coordinates": [[[41.479389, 42.23972], [41.476174, 42.235719], [41.479352, 42.231398], [41.485744, 42.231077], [41.488958, 42.235078], [41.485781, 42.2394], [41.479389, 42.23972]]]}, "properties": {"i": 350, "h3": "882c21833bfffff", "lon": 41.48257, "lat": 42.2354, "water_km2": 0.725, "dist_coast_km": 12.5, "persistence": 0.0, "mean_cover": 0.0, "max_cover": 0.0, "trend_cover": 0.0, "hot": 0.0, "n_obs": 1}}, {"type": "Feature", "id": 351, "geometry": {"type": "Polygon", "coordinates": [[[41.469746, 42.227715], [41.466533, 42.223713], [41.469711, 42.219392], [41.476102, 42.219072], [41.479316, 42.223074], [41.476138, 42.227396], [41.469746, 42.227715]]]}, "properties": {"i": 351, "h3": "882c21833dfffff", "lon": 41.47292, "lat": 42.22339, "water_km2": 0.718, "dist_coast_km": 13.9, "persistence": 0.0, "mean_cover": 0.0, "max_cover": 0.0, "trend_cover": 0.0, "hot": 0.0, "n_obs": 1}}, {"type": "Feature", "id": 352, "geometry": {"type": "Polygon", "coordinates": [[[41.441093, 42.258281], [41.437878, 42.254279], [41.44106, 42.249958], [41.447455, 42.24964], [41.450669, 42.253642], [41.447488, 42.257962], [41.441093, 42.258281]]]}, "properties": {"i": 352, "h3": "882c218351fffff", "lon": 41.44427, "lat": 42.25396, "water_km2": 0.344, "dist_coast_km": 14.8, "persistence": 0.0, "mean_cover": 0.0, "max_cover": 0.0, "trend_cover": 0.0, "hot": 0.0, "n_obs": 1}}, {"type": "Feature", "id": 353, "geometry": {"type": "Polygon", "coordinates": [[[41.450703, 42.261964], [41.447488, 42.257962], [41.450669, 42.253642], [41.457064, 42.253323], [41.460279, 42.257324], [41.457098, 42.261645], [41.450703, 42.261964]]]}, "properties": {"i": 353, "h3": "882c218353fffff", "lon": 41.45388, "lat": 42.25764, "water_km2": 0.728, "dist_coast_km": 14.8, "persistence": 0.0, "mean_cover": 0.0, "max_cover": 0.0, "trend_cover": 0.0, "hot": 0.0, "n_obs": 1}}, {"type": "Feature", "id": 354, "geometry": {"type": "Polygon", "coordinates": [[[41.44106, 42.249958], [41.437846, 42.245956], [41.441027, 42.241635], [41.447422, 42.241317], [41.450636, 42.245319], [41.447455, 42.24964], [41.44106, 42.249958]]]}, "properties": {"i": 354, "h3": "882c218355fffff", "lon": 41.44424, "lat": 42.24564, "water_km2": 0.353, "dist_coast_km": 15.2, "persistence": 0.0, "mean_cover": 0.0, "max_cover": 0.0, "trend_cover": 0.0, "hot": 0.0, "n_obs": 1}}, {"type": "Feature", "id": 355, "geometry": {"type": "Polygon", "coordinates": [[[41.450669, 42.253642], [41.447455, 42.24964], [41.450636, 42.245319], [41.45703, 42.245], [41.460244, 42.249002], [41.457064, 42.253323], [41.450669, 42.253642]]]}, "properties": {"i": 355, "h3": "882c218357fffff", "lon": 41.45385, "lat": 42.24932, "water_km2": 0.732, "dist_coast_km": 15.2, "persistence": 0.0, "mean_cover": 0.0, "max_cover": 0.0, "trend_cover": 0.0, "hot": 0.0, "n_obs": 1}}, {"type": "Feature", "id": 356, "geometry": {"type": "Polygon", "coordinates": [[[41.441125, 42.266603], [41.437911, 42.262601], [41.441093, 42.258281], [41.447488, 42.257962], [41.450703, 42.261964], [41.447522, 42.266284], [41.441125, 42.266603]]]}, "properties": {"i": 356, "h3": "882c21835bfffff", "lon": 41.44431, "lat": 42.26228, "water_km2": 0.307, "dist_coast_km": 14.8, "persistence": 0.0, "mean_cover": 0.0, "max_cover": 0.0, "trend_cover": 0.0, "hot": 0.0, "n_obs": 1}}, {"type": "Feature", "id": 357, "geometry": {"type": "Polygon", "coordinates": [[[41.440962, 42.224987], [41.437749, 42.220983], [41.440929, 42.216662], [41.447322, 42.216344], [41.450535, 42.220348], [41.447355, 42.224669], [41.440962, 42.224987]]]}, "properties": {"i": 357, "h3": "882c218363fffff", "lon": 41.44414, "lat": 42.22067, "water_km2": 0.432, "dist_coast_km": 15.2, "persistence": 0.0, "mean_cover": 0.0, "max_cover": 0.0, "trend_cover": 0.0, "hot": 0.0, "n_obs": 1}}, {"type": "Feature", "id": 358, "geometry": {"type": "Polygon", "coordinates": [[[41.440929, 42.216662], [41.437717, 42.212658], [41.440897, 42.208337], [41.447289, 42.208019], [41.450501, 42.212023], [41.447322, 42.216344], [41.440929, 42.216662]]]}, "properties": {"i": 358, "h3": "882c218367fffff", "lon": 41.44411, "lat": 42.21234, "water_km2": 0.438, "dist_coast_km": 15.1, "persistence": 0.0, "mean_cover": 0.0, "max_cover": 0.0, "trend_cover": 0.0, "hot": 0.0, "n_obs": 1}}, {"type": "Feature", "id": 359, "geometry": {"type": "Polygon", "coordinates": [[[41.623609, 42.311429], [41.620389, 42.307437], [41.623558, 42.303116], [41.629948, 42.302786], [41.633168, 42.306778], [41.629999, 42.311099], [41.623609, 42.311429]]]}, "properties": {"i": 359, "h3": "882c218545fffff", "lon": 41.62678, "lat": 42.30711, "water_km2": 0.059, "dist_coast_km": 0.0, "persistence": 0.0, "mean_cover": 0.0, "max_cover": 0.0, "trend_cover": 0.0, "hot": 0.0, "n_obs": 1}}, {"type": "Feature", "id": 360, "geometry": {"type": "Polygon", "coordinates": [[[41.614098, 42.324392], [41.610877, 42.3204], [41.614048, 42.316079], [41.620439, 42.31575], [41.62366, 42.319741], [41.62049, 42.324062], [41.614098, 42.324392]]]}, "properties": {"i": 360, "h3": "882c218549fffff", "lon": 41.61727, "lat": 42.32007, "water_km2": 0.264, "dist_coast_km": 0.0, "persistence": 0.0, "mean_cover": 0.0, "max_cover": 0.0, "trend_cover": 0.0, "hot": 0.0, "n_obs": 1}}, {"type": "Feature", "id": 361, "geometry": {"type": "Polygon", "coordinates": [[[41.614048, 42.316079], [41.610828, 42.312087], [41.613998, 42.307766], [41.620389, 42.307437], [41.623609, 42.311429], [41.620439, 42.31575], [41.614048, 42.316079]]]}, "properties": {"i": 361, "h3": "882c21854dfffff", "lon": 41.61722, "lat": 42.31176, "water_km2": 0.591, "dist_coast_km": 0.0, "persistence": 0.0, "mean_cover": 0.0, "max_cover": 0.0, "trend_cover": 0.0, "hot": 0.0, "n_obs": 1}}, {"type": "Feature", "id": 362, "geometry": {"type": "Polygon", "coordinates": [[[41.623558, 42.303116], [41.620338, 42.299123], [41.623508, 42.294802], [41.629897, 42.294472], [41.633117, 42.298464], [41.629948, 42.302786], [41.623558, 42.303116]]]}, "properties": {"i": 362, "h3": "882c218569fffff", "lon": 41.62673, "lat": 42.29879, "water_km2": 0.252, "dist_coast_km": 0.0, "persistence": 0.0, "mean_cover": 0.0, "max_cover": 0.0, "trend_cover": 0.0, "hot": 0.0, "n_obs": 1}}, {"type": "Feature", "id": 363, "geometry": {"type": "Polygon", "coordinates": [[[41.623508, 42.294802], [41.620288, 42.290809], [41.623457, 42.286487], [41.629845, 42.286158], [41.633065, 42.290151], [41.629897, 42.294472], [41.623508, 42.294802]]]}, "properties": {"i": 363, "h3": "882c21856dfffff", "lon": 41.62668, "lat": 42.29048, "water_km2": 0.437, "dist_coast_km": 0.0, "persistence": 0.0, "mean_cover": 0.0, "max_cover": 0.0, "trend_cover": 0.0, "hot": 0.0, "n_obs": 1}}, {"type": "Feature", "id": 364, "geometry": {"type": "Polygon", "coordinates": [[[41.585637, 42.379895], [41.582415, 42.375904], [41.58559, 42.371585], [41.591986, 42.371256], [41.595209, 42.375246], [41.592034, 42.379566], [41.585637, 42.379895]]]}, "properties": {"i": 364, "h3": "882c21862dfffff", "lon": 41.58881, "lat": 42.37558, "water_km2": 0.178, "dist_coast_km": 0.0, "persistence": 0.0, "mean_cover": 0.0, "max_cover": 0.0, "trend_cover": 0.0, "hot": 0.0, "n_obs": 1}}, {"type": "Feature", "id": 365, "geometry": {"type": "Polygon", "coordinates": [[[41.556955, 42.402147], [41.553732, 42.398156], [41.55691, 42.393837], [41.56331, 42.393509], [41.566533, 42.3975], [41.563355, 42.401818], [41.556955, 42.402147]]]}, "properties": {"i": 365, "h3": "882c218645fffff", "lon": 41.56013, "lat": 42.39783, "water_km2": 0.013, "dist_coast_km": 0.0, "persistence": 0.0, "mean_cover": 0.0, "max_cover": 0.0, "trend_cover": 0.0, "hot": 0.0, "n_obs": 1}}, {"type": "Feature", "id": 366, "geometry": {"type": "Polygon", "coordinates": [[[41.547375, 42.406793], [41.544152, 42.402802], [41.547331, 42.398483], [41.553732, 42.398156], [41.556955, 42.402147], [41.553776, 42.406465], [41.547375, 42.406793]]]}, "properties": {"i": 366, "h3": "882c21864dfffff", "lon": 41.55055, "lat": 42.40247, "water_km2": 0.48, "dist_coast_km": 0.0, "persistence": 0.0, "mean_cover": 0.0, "max_cover": 0.0, "trend_cover": 0.0, "hot": 0.0, "n_obs": 1}}, {"type": "Feature", "id": 367, "geometry": {"type": "Polygon", "coordinates": [[[41.566488, 42.38919], [41.563266, 42.385199], [41.566442, 42.38088], [41.572841, 42.380552], [41.576063, 42.384543], [41.572887, 42.388862], [41.566488, 42.38919]]]}, "properties": {"i": 367, "h3": "882c218661fffff", "lon": 41.56966, "lat": 42.38487, "water_km2": 0.357, "dist_coast_km": 0.0, "persistence": 0.0, "mean_cover": 0.0, "max_cover": 0.0, "trend_cover": 0.0, "hot": 0.0, "n_obs": 1}}, {"type": "Feature", "id": 368, "geometry": {"type": "Polygon", "coordinates": [[[41.566442, 42.38088], [41.563221, 42.376889], [41.566397, 42.37257], [41.572795, 42.372242], [41.576017, 42.376233], [41.572841, 42.380552], [41.566442, 42.38088]]]}, "properties": {"i": 368, "h3": "882c218665fffff", "lon": 41.56962, "lat": 42.37656, "water_km2": 0.722, "dist_coast_km": 0.0, "persistence": 0.0, "mean_cover": 0.0, "max_cover": 0.0, "trend_cover": 0.0, "hot": 0.0, "n_obs": 1}}, {"type": "Feature", "id": 369, "geometry": {"type": "Polygon", "coordinates": [[[41.576063, 42.384543], [41.572841, 42.380552], [41.576017, 42.376233], [41.582415, 42.375904], [41.585637, 42.379895], [41.582461, 42.384214], [41.576063, 42.384543]]]}, "properties": {"i": 369, "h3": "882c218667fffff", "lon": 41.57924, "lat": 42.38022, "water_km2": 0.432, "dist_coast_km": 0.0, "persistence": 0.0, "mean_cover": 0.0, "max_cover": 0.0, "trend_cover": 0.0, "hot": 0.0, "n_obs": 1}}, {"type": "Feature", "id": 370, "geometry": {"type": "Polygon", "coordinates": [[[41.55691, 42.393837], [41.553688, 42.389846], [41.556866, 42.385527], [41.563266, 42.385199], [41.566488, 42.38919], [41.56331, 42.393509], [41.55691, 42.393837]]]}, "properties": {"i": 370, "h3": "882c218669fffff", "lon": 41.56009, "lat": 42.38952, "water_km2": 0.451, "dist_coast_km": 0.0, "persistence": 0.0, "mean_cover": 0.0, "max_cover": 0.0, "trend_cover": 0.0, "hot": 0.0, "n_obs": 1}}, {"type": "Feature", "id": 371, "geometry": {"type": "Polygon", "coordinates": [[[41.556866, 42.385527], [41.553645, 42.381536], [41.556822, 42.377217], [41.563221, 42.376889], [41.566442, 42.38088], [41.563266, 42.385199], [41.556866, 42.385527]]]}, "properties": {"i": 371, "h3": "882c21866dfffff", "lon": 41.56004, "lat": 42.38121, "water_km2": 0.732, "dist_coast_km": 0.0, "persistence": 0.0, "mean_cover": 0.0, "max_cover": 0.0, "trend_cover": 0.0, "hot": 0.0, "n_obs": 1}}, {"type": "Feature", "id": 372, "geometry": {"type": "Polygon", "coordinates": [[[41.585449, 42.346652], [41.582228, 42.34266], [41.585402, 42.33834], [41.591796, 42.338012], [41.595017, 42.342003], [41.591844, 42.346323], [41.585449, 42.346652]]]}, "properties": {"i": 372, "h3": "882c218701fffff", "lon": 41.58862, "lat": 42.34233, "water_km2": 0.722, "dist_coast_km": 2.3, "persistence": 0.0, "mean_cover": 0.0, "max_cover": 0.0, "trend_cover": 0.0, "hot": 0.0, "n_obs": 1}}, {"type": "Feature", "id": 373, "geometry": {"type": "Polygon", "coordinates": [[[41.595065, 42.350315], [41.591844, 42.346323], [41.595017, 42.342003], [41.601411, 42.341674], [41.604632, 42.345666], [41.601459, 42.349986], [41.595065, 42.350315]]]}, "properties": {"i": 373, "h3": "882c218703fffff", "lon": 41.59824, "lat": 42.34599, "water_km2": 0.742, "dist_coast_km": 1.4, "persistence": 0.0, "mean_cover": 0.0, "max_cover": 0.0, "trend_cover": 0.0, "hot": 0.0, "n_obs": 1}}, {"type": "Feature", "id": 374, "geometry": {"type": "Polygon", "coordinates": [[[41.585402, 42.33834], [41.582181, 42.334347], [41.585355, 42.330027], [41.591748, 42.329699], [41.594969, 42.333691], [41.591796, 42.338012], [41.585402, 42.33834]]]}, "properties": {"i": 374, "h3": "882c218705fffff", "lon": 41.58858, "lat": 42.33402, "water_km2": 0.738, "dist_coast_km": 2.3, "persistence": 0.0, "mean_cover": 0.0, "max_cover": 0.0, "trend_cover": 0.0, "hot": 0.0, "n_obs": 1}}, {"type": "Feature", "id": 375, "geometry": {"type": "Polygon", "coordinates": [[[41.595017, 42.342003], [41.591796, 42.338012], [41.594969, 42.333691], [41.601362, 42.333362], [41.604583, 42.337354], [41.601411, 42.341674], [41.595017, 42.342003]]]}, "properties": {"i": 375, "h3": "882c218707fffff", "lon": 41.59819, "lat": 42.33768, "water_km2": 0.718, "dist_coast_km": 1.4, "persistence": 0.0, "mean_cover": 0.0, "max_cover": 0.0, "trend_cover": 0.0, "hot": 0.0, "n_obs": 1}}, {"type": "Feature", "id": 376, "geometry": {"type": "Polygon", "coordinates": [[[41.575879, 42.3513], [41.572658, 42.347308], [41.575833, 42.342988], [41.582228, 42.34266], [41.585449, 42.346652], [41.582275, 42.350972], [41.575879, 42.3513]]]}, "properties": {"i": 376, "h3": "882c218709fffff", "lon": 41.57905, "lat": 42.34698, "water_km2": 0.732, "dist_coast_km": 2.3, "persistence": 0.0, "mean_cover": 0.0, "max_cover": 0.0, "trend_cover": 0.0, "hot": 0.0, "n_obs": 1}}, {"type": "Feature", "id": 377, "geometry": {"type": "Polygon", "coordinates": [[[41.585496, 42.354964], [41.582275, 42.350972], [41.585449, 42.346652], [41.591844, 42.346323], [41.595065, 42.350315], [41.591891, 42.354635], [41.585496, 42.354964]]]}, "properties": {"i": 377, "h3": "882c21870bfffff", "lon": 41.58867, "lat": 42.35064, "water_km2": 0.735, "dist_coast_km": 1.4, "persistence": 0.0, "mean_cover": 0.0, "max_cover": 0.0, "trend_cover": 0.0, "hot": 0.0, "n_obs": 1}}, {"type": "Feature", "id": 378, "geometry": {"type": "Polygon", "coordinates": [[[41.575833, 42.342988], [41.572612, 42.338995], [41.575787, 42.334675], [41.582181, 42.334347], [41.585402, 42.33834], [41.582228, 42.34266], [41.575833, 42.342988]]]}, "properties": {"i": 378, "h3": "882c21870dfffff", "lon": 41.57901, "lat": 42.33867, "water_km2": 0.73, "dist_coast_km": 2.3, "persistence": 0.0, "mean_cover": 0.0, "max_cover": 0.0, "trend_cover": 0.0, "hot": 0.0, "n_obs": 1}}, {"type": "Feature", "id": 379, "geometry": {"type": "Polygon", "coordinates": [[[41.604681, 42.353977], [41.601459, 42.349986], [41.604632, 42.345666], [41.611026, 42.345336], [41.614247, 42.349327], [41.611075, 42.353647], [41.604681, 42.353977]]]}, "properties": {"i": 379, "h3": "882c218715fffff", "lon": 41.60785, "lat": 42.34966, "water_km2": 0.097, "dist_coast_km": 1.4, "persistence": 0.0, "mean_cover": 0.0, "max_cover": 0.0, "trend_cover": 0.0, "hot": 0.0, "n_obs": 1}}, {"type": "Feature", "id": 380, "geometry": {"type": "Polygon", "coordinates": [[[41.595161, 42.366936], [41.591939, 42.362946], [41.595113, 42.358626], [41.601508, 42.358297], [41.60473, 42.362287], [41.601556, 42.366607], [41.595161, 42.366936]]]}, "properties": {"i": 380, "h3": "882c218719fffff", "lon": 41.59833, "lat": 42.36262, "water_km2": 0.275, "dist_coast_km": 0.0, "persistence": 0.0, "mean_cover": 0.0, "max_cover": 0.0, "trend_cover": 0.0, "hot": 0.0, "n_obs": 1}}, {"type": "Feature", "id": 381, "geometry": {"type": "Polygon", "coordinates": [[[41.595113, 42.358626], [41.591891, 42.354635], [41.595065, 42.350315], [41.601459, 42.349986], [41.604681, 42.353977], [41.601508, 42.358297], [41.595113, 42.358626]]]}, "properties": {"i": 381, "h3": "882c21871dfffff", "lon": 41.59829, "lat": 42.35431, "water_km2": 0.605, "dist_coast_km": 0.0, "persistence": 0.0, "mean_cover": 0.0, "max_cover": 0.0, "trend_cover": 0.0, "hot": 0.0, "n_obs": 1}}, {"type": "Feature", "id": 382, "geometry": {"type": "Polygon", "coordinates": [[[41.594921, 42.325378], [41.591701, 42.321386], [41.594873, 42.317065], [41.601265, 42.316737], [41.604486, 42.320729], [41.601314, 42.32505], [41.594921, 42.325378]]]}, "properties": {"i": 382, "h3": "882c218721fffff", "lon": 41.59809, "lat": 42.32106, "water_km2": 0.72, "dist_coast_km": 1.4, "persistence": 0.0, "mean_cover": 0.0, "max_cover": 0.0, "trend_cover": 0.0, "hot": 0.0, "n_obs": 1}}, {"type": "Feature", "id": 383, "geometry": {"type": "Polygon", "coordinates": [[[41.604534, 42.329042], [41.601314, 42.32505], [41.604486, 42.320729], [41.610877, 42.3204], [41.614098, 42.324392], [41.610927, 42.328713], [41.604534, 42.329042]]]}, "properties": {"i": 383, "h3": "882c218723fffff", "lon": 41.60771, "lat": 42.32472, "water_km2": 0.73, "dist_coast_km": 1.4, "persistence": 0.0, "mean_cover": 0.0, "max_cover": 0.0, "trend_cover": 0.0, "hot": 0.0, "n_obs": 1}}, {"type": "Feature", "id": 384, "geometry": {"type": "Polygon", "coordinates": [[[41.594873, 42.317065], [41.591653, 42.313072], [41.594825, 42.308751], [41.601217, 42.308423], [41.604437, 42.312416], [41.601265, 42.316737], [41.594873, 42.317065]]]}, "properties": {"i": 384, "h3": "882c218725fffff", "lon": 41.59805, "lat": 42.31274, "water_km2": 0.74, "dist_coast_km": 1.4, "persistence": 0.0, "mean_cover": 0.0, "max_cover": 0.0, "trend_cover": 0.0, "hot": 0.0, "n_obs": 1}}, {"type": "Feature", "id": 385, "geometry": {"type": "Polygon", "coordinates": [[[41.604486, 42.320729], [41.601265, 42.316737], [41.604437, 42.312416], [41.610828, 42.312087], [41.614048, 42.316079], [41.610877, 42.3204], [41.604486, 42.320729]]]}, "properties": {"i": 385, "h3": "882c218727fffff", "lon": 41.60766, "lat": 42.31641, "water_km2": 0.73, "dist_coast_km": 1.4, "persistence": 0.0, "mean_cover": 0.0, "max_cover": 0.0, "trend_cover": 0.0, "hot": 0.0, "n_obs": 1}}, {"type": "Feature", "id": 386, "geometry": {"type": "Polygon", "coordinates": [[[41.585355, 42.330027], [41.582135, 42.326034], [41.585308, 42.321714], [41.591701, 42.321386], [41.594921, 42.325378], [41.591748, 42.329699], [41.585355, 42.330027]]]}, "properties": {"i": 386, "h3": "882c218729fffff", "lon": 41.58853, "lat": 42.32571, "water_km2": 0.72, "dist_coast_km": 2.7, "persistence": 0.0, "mean_cover": 0.0, "max_cover": 0.0, "trend_cover": 0.0, "hot": 0.0, "n_obs": 1}}, {"type": "Feature", "id": 387, "geometry": {"type": "Polygon", "coordinates": [[[41.594969, 42.333691], [41.591748, 42.329699], [41.594921, 42.325378], [41.601314, 42.32505], [41.604534, 42.329042], [41.601362, 42.333362], [41.594969, 42.333691]]]}, "properties": {"i": 387, "h3": "882c21872bfffff", "lon": 41.59814, "lat": 42.32937, "water_km2": 0.742, "dist_coast_km": 1.4, "persistence": 0.0, "mean_cover": 0.0, "max_cover": 0.0, "trend_cover": 0.0, "hot": 0.0, "n_obs": 1}}, {"type": "Feature", "id": 388, "geometry": {"type": "Polygon", "coordinates": [[[41.585308, 42.321714], [41.582088, 42.317721], [41.585261, 42.3134], [41.591653, 42.313072], [41.594873, 42.317065], [41.591701, 42.321386], [41.585308, 42.321714]]]}, "properties": {"i": 388, "h3": "882c21872dfffff", "lon": 41.58848, "lat": 42.31739, "water_km2": 0.742, "dist_coast_km": 2.7, "persistence": 0.0, "mean_cover": 0.0, "max_cover": 0.0, "trend_cover": 0.0, "hot": 0.0, "n_obs": 1}}, {"type": "Feature", "id": 389, "geometry": {"type": "Polygon", "coordinates": [[[41.614148, 42.332704], [41.610927, 42.328713], [41.614098, 42.324392], [41.62049, 42.324062], [41.623711, 42.328054], [41.62054, 42.332374], [41.614148, 42.332704]]]}, "properties": {"i": 389, "h3": "882c218735fffff", "lon": 41.61732, "lat": 42.32838, "water_km2": 0.042, "dist_coast_km": 0.0, "persistence": 0.0, "mean_cover": 0.0, "max_cover": 0.0, "trend_cover": 0.0, "hot": 0.0, "n_obs": 1}}, {"type": "Feature", "id": 390, "geometry": {"type": "Polygon", "coordinates": [[[41.604632, 42.345666], [41.601411, 42.341674], [41.604583, 42.337354], [41.610976, 42.337025], [41.614198, 42.341016], [41.611026, 42.345336], [41.604632, 42.345666]]]}, "properties": {"i": 390, "h3": "882c218739fffff", "lon": 41.6078, "lat": 42.34135, "water_km2": 0.335, "dist_coast_km": 1.4, "persistence": 0.0, "mean_cover": 0.0, "max_cover": 0.0, "trend_cover": 0.0, "hot": 0.0, "n_obs": 1}}, {"type": "Feature", "id": 391, "geometry": {"type": "Polygon", "coordinates": [[[41.604583, 42.337354], [41.601362, 42.333362], [41.604534, 42.329042], [41.610927, 42.328713], [41.614148, 42.332704], [41.610976, 42.337025], [41.604583, 42.337354]]]}, "properties": {"i": 391, "h3": "882c21873dfffff", "lon": 41.60776, "lat": 42.33303, "water_km2": 0.602, "dist_coast_km": 1.4, "persistence": 0.0, "mean_cover": 0.0, "max_cover": 0.0, "trend_cover": 0.0, "hot": 0.0, "n_obs": 1}}, {"type": "Feature", "id": 392, "geometry": {"type": "Polygon", "coordinates": [[[41.55669, 42.352282], [41.553469, 42.348289], [41.556645, 42.343969], [41.563042, 42.343642], [41.566262, 42.347635], [41.563086, 42.351955], [41.55669, 42.352282]]]}, "properties": {"i": 392, "h3": "882c218741fffff", "lon": 41.55987, "lat": 42.34796, "water_km2": 0.722, "dist_coast_km": 3.3, "persistence": 0.0, "mean_cover": 0.0, "max_cover": 0.0, "trend_cover": 0.0, "hot": 0.0, "n_obs": 1}}, {"type": "Feature", "id": 393, "geometry": {"type": "Polygon", "coordinates": [[[41.566307, 42.355947], [41.563086, 42.351955], [41.566262, 42.347635], [41.572658, 42.347308], [41.575879, 42.3513], [41.572704, 42.35562], [41.566307, 42.355947]]]}, "properties": {"i": 393, "h3": "882c218743fffff", "lon": 41.56948, "lat": 42.35163, "water_km2": 0.745, "dist_coast_km": 1.9, "persistence": 0.0, "mean_cover": 0.0, "max_cover": 0.0, "trend_cover": 0.0, "hot": 0.0, "n_obs": 1}}, {"type": "Feature", "id": 394, "geometry": {"type": "Polygon", "coordinates": [[[41.556645, 42.343969], [41.553425, 42.339976], [41.556601, 42.335656], [41.562997, 42.335329], [41.566217, 42.339323], [41.563042, 42.343642], [41.556645, 42.343969]]]}, "properties": {"i": 394, "h3": "882c218745fffff", "lon": 41.55982, "lat": 42.33965, "water_km2": 0.74, "dist_coast_km": 3.3, "persistence": 0.0, "mean_cover": 0.0, "max_cover": 0.0, "trend_cover": 0.0, "hot": 0.0, "n_obs": 1}}, {"type": "Feature", "id": 395, "geometry": {"type": "Polygon", "coordinates": [[[41.566262, 42.347635], [41.563042, 42.343642], [41.566217, 42.339323], [41.572612, 42.338995], [41.575833, 42.342988], [41.572658, 42.347308], [41.566262, 42.347635]]]}, "properties": {"i": 395, "h3": "882c218747fffff", "lon": 41.56944, "lat": 42.34332, "water_km2": 0.72, "dist_coast_km": 3.3, "persistence": 0.0, "mean_cover": 0.0, "max_cover": 0.0, "trend_cover": 0.0, "hot": 0.0, "n_obs": 1}}, {"type": "Feature", "id": 396, "geometry": {"type": "Polygon", "coordinates": [[[41.547115, 42.356928], [41.543895, 42.352935], [41.547072, 42.348615], [41.553469, 42.348289], [41.55669, 42.352282], [41.553513, 42.356602], [41.547115, 42.356928]]]}, "properties": {"i": 396, "h3": "882c218749fffff", "lon": 41.55029, "lat": 42.35261, "water_km2": 0.73, "dist_coast_km": 2.3, "persistence": 0.0, "mean_cover": 0.0, "max_cover": 0.0, "trend_cover": 0.0, "hot": 0.0, "n_obs": 1}}, {"type": "Feature", "id": 397, "geometry": {"type": "Polygon", "coordinates": [[[41.556734, 42.360594], [41.553513, 42.356602], [41.55669, 42.352282], [41.563086, 42.351955], [41.566307, 42.355947], [41.563131, 42.360267], [41.556734, 42.360594]]]}, "properties": {"i": 397, "h3": "882c21874bfffff", "lon": 41.55991, "lat": 42.35627, "water_km2": 0.735, "dist_coast_km": 1.9, "persistence": 0.0, "mean_cover": 0.0, "max_cover": 0.0, "trend_cover": 0.0, "hot": 0.0, "n_obs": 1}}, {"type": "Feature", "id": 398, "geometry": {"type": "Polygon", "coordinates": [[[41.547072, 42.348615], [41.543852, 42.344622], [41.547029, 42.340302], [41.553425, 42.339976], [41.556645, 42.343969], [41.553469, 42.348289], [41.547072, 42.348615]]]}, "properties": {"i": 398, "h3": "882c21874dfffff", "lon": 41.55025, "lat": 42.3443, "water_km2": 0.73, "dist_coast_km": 4.0, "persistence": 0.0, "mean_cover": 0.0, "max_cover": 0.0, "trend_cover": 0.0, "hot": 0.0, "n_obs": 1}}, {"type": "Feature", "id": 399, "geometry": {"type": "Polygon", "coordinates": [[[41.575971, 42.367923], [41.572749, 42.363931], [41.575925, 42.359612], [41.582321, 42.359283], [41.585543, 42.363275], [41.582368, 42.367594], [41.575971, 42.367923]]]}, "properties": {"i": 399, "h3": "882c218751fffff", "lon": 41.57915, "lat": 42.3636, "water_km2": 0.738, "dist_coast_km": 1.4, "persistence": 0.0, "mean_cover": 0.0, "max_cover": 0.0, "trend_cover": 0.0, "hot": 0.0, "n_obs": 1}}, {"type": "Feature", "id": 400, "geometry": {"type": "Polygon", "coordinates": [[[41.58559, 42.371585], [41.582368, 42.367594], [41.585543, 42.363275], [41.591939, 42.362946], [41.595161, 42.366936], [41.591986, 42.371256], [41.58559, 42.371585]]]}, "properties": {"i": 400, "h3": "882c218753fffff", "lon": 41.58876, "lat": 42.36727, "water_km2": 0.683, "dist_coast_km": 0.0, "persistence": 0.0, "mean_cover": 0.0, "max_cover": 0.0, "trend_cover": 0.0, "hot": 0.0, "n_obs": 1}}, {"type": "Feature", "id": 401, "geometry": {"type": "Polygon", "coordinates": [[[41.575925, 42.359612], [41.572704, 42.35562], [41.575879, 42.3513], [41.582275, 42.350972], [41.585496, 42.354964], [41.582321, 42.359283], [41.575925, 42.359612]]]}, "properties": {"i": 401, "h3": "882c218755fffff", "lon": 41.5791, "lat": 42.35529, "water_km2": 0.725, "dist_coast_km": 1.4, "persistence": 0.0, "mean_cover": 0.0, "max_cover": 0.0, "trend_cover": 0.0, "hot": 0.0, "n_obs": 1}}, {"type": "Feature", "id": 402, "geometry": {"type": "Polygon", "coordinates": [[[41.585543, 42.363275], [41.582321, 42.359283], [41.585496, 42.354964], [41.591891, 42.354635], [41.595113, 42.358626], [41.591939, 42.362946], [41.585543, 42.363275]]]}, "properties": {"i": 402, "h3": "882c218757fffff", "lon": 41.58872, "lat": 42.35895, "water_km2": 0.728, "dist_coast_km": 1.4, "persistence": 0.0, "mean_cover": 0.0, "max_cover": 0.0, "trend_cover": 0.0, "hot": 0.0, "n_obs": 1}}, {"type": "Feature", "id": 403, "geometry": {"type": "Polygon", "coordinates": [[[41.566397, 42.37257], [41.563176, 42.368578], [41.566352, 42.364259], [41.572749, 42.363931], [41.575971, 42.367923], [41.572795, 42.372242], [41.566397, 42.37257]]]}, "properties": {"i": 403, "h3": "882c218759fffff", "lon": 41.56957, "lat": 42.36825, "water_km2": 0.742, "dist_coast_km": 0.0, "persistence": 0.0, "mean_cover": 0.0, "max_cover": 0.0, "trend_cover": 0.0, "hot": 0.0, "n_obs": 1}}, {"type": "Feature", "id": 404, "geometry": {"type": "Polygon", "coordinates": [[[41.576017, 42.376233], [41.572795, 42.372242], [41.575971, 42.367923], [41.582368, 42.367594], [41.58559, 42.371585], [41.582415, 42.375904], [41.576017, 42.376233]]]}, "properties": {"i": 404, "h3": "882c21875bfffff", "lon": 41.57919, "lat": 42.37191, "water_km2": 0.72, "dist_coast_km": 0.0, "persistence": 0.0, "mean_cover": 0.0, "max_cover": 0.0, "trend_cover": 0.0, "hot": 0.0, "n_obs": 1}}, {"type": "Feature", "id": 405, "geometry": {"type": "Polygon", "coordinates": [[[41.566352, 42.364259], [41.563131, 42.360267], [41.566307, 42.355947], [41.572704, 42.35562], [41.575925, 42.359612], [41.572749, 42.363931], [41.566352, 42.364259]]]}, "properties": {"i": 405, "h3": "882c21875dfffff", "lon": 41.56953, "lat": 42.35994, "water_km2": 0.72, "dist_coast_km": 1.9, "persistence": 0.0, "mean_cover": 0.0, "max_cover": 0.0, "trend_cover": 0.0, "hot": 0.0, "n_obs": 1}}, {"type": "Feature", "id": 406, "geometry": {"type": "Polygon", "coordinates": [[[41.566172, 42.331009], [41.562952, 42.327016], [41.566127, 42.322695], [41.572521, 42.322369], [41.575741, 42.326362], [41.572567, 42.330682], [41.566172, 42.331009]]]}, "properties": {"i": 406, "h3": "882c218761fffff", "lon": 41.56935, "lat": 42.32669, "water_km2": 0.725, "dist_coast_km": 4.1, "persistence": 0.0, "mean_cover": 0.0, "max_cover": 0.0, "trend_cover": 0.0, "hot": 0.0, "n_obs": 1}}, {"type": "Feature", "id": 407, "geometry": {"type": "Polygon", "coordinates": [[[41.575787, 42.334675], [41.572567, 42.330682], [41.575741, 42.326362], [41.582135, 42.326034], [41.585355, 42.330027], [41.582181, 42.334347], [41.575787, 42.334675]]]}, "properties": {"i": 407, "h3": "882c218763fffff", "lon": 41.57896, "lat": 42.33035, "water_km2": 0.73, "dist_coast_km": 2.7, "persistence": 0.0, "mean_cover": 0.0, "max_cover": 0.0, "trend_cover": 0.0, "hot": 0.0, "n_obs": 1}}, {"type": "Feature", "id": 408, "geometry": {"type": "Polygon", "coordinates": [[[41.566127, 42.322695], [41.562907, 42.318702], [41.566082, 42.314381], [41.572475, 42.314054], [41.575695, 42.318048], [41.572521, 42.322369], [41.566127, 42.322695]]]}, "properties": {"i": 408, "h3": "882c218765fffff", "lon": 41.5693, "lat": 42.31838, "water_km2": 0.738, "dist_coast_km": 4.1, "persistence": 0.0, "mean_cover": 0.0, "max_cover": 0.0, "trend_cover": 0.0, "hot": 0.0, "n_obs": 1}}, {"type": "Feature", "id": 409, "geometry": {"type": "Polygon", "coordinates": [[[41.575741, 42.326362], [41.572521, 42.322369], [41.575695, 42.318048], [41.582088, 42.317721], [41.585308, 42.321714], [41.582135, 42.326034], [41.575741, 42.326362]]]}, "properties": {"i": 409, "h3": "882c218767fffff", "lon": 41.57891, "lat": 42.32204, "water_km2": 0.735, "dist_coast_km": 2.7, "persistence": 0.0, "mean_cover": 0.0, "max_cover": 0.0, "trend_cover": 0.0, "hot": 0.0, "n_obs": 1}}, {"type": "Feature", "id": 410, "geometry": {"type": "Polygon", "coordinates": [[[41.556601, 42.335656], [41.553382, 42.331662], [41.556557, 42.327342], [41.562952, 42.327016], [41.566172, 42.331009], [41.562997, 42.335329], [41.556601, 42.335656]]]}, "properties": {"i": 410, "h3": "882c218769fffff", "lon": 41.55978, "lat": 42.33134, "water_km2": 0.72, "dist_coast_km": 4.1, "persistence": 0.0, "mean_cover": 0.0, "max_cover": 0.0, "trend_cover": 0.0, "hot": 0.0, "n_obs": 1}}, {"type": "Feature", "id": 411, "geometry": {"type": "Polygon", "coordinates": [[[41.566217, 42.339323], [41.562997, 42.335329], [41.566172, 42.331009], [41.572567, 42.330682], [41.575787, 42.334675], [41.572612, 42.338995], [41.566217, 42.339323]]]}, "properties": {"i": 411, "h3": "882c21876bfffff", "lon": 41.56939, "lat": 42.335, "water_km2": 0.74, "dist_coast_km": 3.3, "persistence": 0.0, "mean_cover": 0.0, "max_cover": 0.0, "trend_cover": 0.0, "hot": 0.0, "n_obs": 1}}, {"type": "Feature", "id": 412, "geometry": {"type": "Polygon", "coordinates": [[[41.556557, 42.327342], [41.553338, 42.323348], [41.556513, 42.319028], [41.562907, 42.318702], [41.566127, 42.322695], [41.562952, 42.327016], [41.556557, 42.327342]]]}, "properties": {"i": 412, "h3": "882c21876dfffff", "lon": 41.55973, "lat": 42.32302, "water_km2": 0.742, "dist_coast_km": 4.1, "persistence": 0.0, "mean_cover": 0.0, "max_cover": 0.0, "trend_cover": 0.0, "hot": 0.0, "n_obs": 1}}, {"type": "Feature", "id": 413, "geometry": {"type": "Polygon", "coordinates": [[[41.584137, 42.113703], [41.580925, 42.109701], [41.584091, 42.105376], [41.590467, 42.105053], [41.593679, 42.109055], [41.590514, 42.11338], [41.584137, 42.113703]]]}, "properties": {"i": 413, "h3": "882c218801fffff", "lon": 41.5873, "lat": 42.10938, "water_km2": 0.742, "dist_coast_km": 6.6, "persistence": 0.0, "mean_cover": 0.0, "max_cover": 0.0, "trend_cover": 0.0, "hot": 0.0, "n_obs": 1}}, {"type": "Feature", "id": 414, "geometry": {"type": "Polygon", "coordinates": [[[41.593727, 42.117382], [41.590514, 42.11338], [41.593679, 42.109055], [41.600055, 42.108731], [41.603268, 42.112733], [41.600104, 42.117058], [41.593727, 42.117382]]]}, "properties": {"i": 414, "h3": "882c218803fffff", "lon": 41.59689, "lat": 42.11306, "water_km2": 0.72, "dist_coast_km": 5.5, "persistence": 0.0, "mean_cover": 0.0, "max_cover": 0.0, "trend_cover": 0.0, "hot": 0.0, "n_obs": 1}}, {"type": "Feature", "id": 415, "geometry": {"type": "Polygon", "coordinates": [[[41.584091, 42.105376], [41.580879, 42.101373], [41.584044, 42.097048], [41.59042, 42.096725], [41.593631, 42.100727], [41.590467, 42.105053], [41.584091, 42.105376]]]}, "properties": {"i": 415, "h3": "882c218805fffff", "lon": 41.58726, "lat": 42.10105, "water_km2": 0.722, "dist_coast_km": 6.6, "persistence": 0.0, "mean_cover": 0.0, "max_cover": 0.0, "trend_cover": 0.0, "hot": 0.0, "n_obs": 1}}, {"type": "Feature", "id": 416, "geometry": {"type": "Polygon", "coordinates": [[[41.593679, 42.109055], [41.590467, 42.105053], [41.593631, 42.100727], [41.600007, 42.100404], [41.603219, 42.104406], [41.600055, 42.108731], [41.593679, 42.109055]]]}, "properties": {"i": 416, "h3": "882c218807fffff", "lon": 41.59684, "lat": 42.10473, "water_km2": 0.745, "dist_coast_km": 5.5, "persistence": 0.0, "mean_cover": 0.0, "max_cover": 0.0, "trend_cover": 0.0, "hot": 0.0, "n_obs": 1}}, {"type": "Feature", "id": 417, "geometry": {"type": "Polygon", "coordinates": [[[41.574594, 42.118351], [41.571382, 42.114349], [41.574548, 42.110024], [41.580925, 42.109701], [41.584137, 42.113703], [41.580972, 42.118029], [41.574594, 42.118351]]]}, "properties": {"i": 417, "h3": "882c218809fffff", "lon": 41.57776, "lat": 42.11403, "water_km2": 0.732, "dist_coast_km": 6.6, "persistence": 0.0, "mean_cover": 0.0, "max_cover": 0.0, "trend_cover": 0.0, "hot": 0.0, "n_obs": 1}}, {"type": "Feature", "id": 418, "geometry": {"type": "Polygon", "coordinates": [[[41.584184, 42.12203], [41.580972, 42.118029], [41.584137, 42.113703], [41.590514, 42.11338], [41.593727, 42.117382], [41.590562, 42.121707], [41.584184, 42.12203]]]}, "properties": {"i": 418, "h3": "882c21880bfffff", "lon": 41.58735, "lat": 42.11771, "water_km2": 0.722, "dist_coast_km": 5.8, "persistence": 0.0, "mean_cover": 0.0, "max_cover": 0.0, "trend_cover": 0.0, "hot": 0.0, "n_obs": 1}}, {"type": "Feature", "id": 419, "geometry": {"type": "Polygon", "coordinates": [[[41.574548, 42.110024], [41.571336, 42.106021], [41.574502, 42.101696], [41.580879, 42.101373], [41.584091, 42.105376], [41.580925, 42.109701], [41.574548, 42.110024]]]}, "properties": {"i": 419, "h3": "882c21880dfffff", "lon": 41.57771, "lat": 42.1057, "water_km2": 0.732, "dist_coast_km": 6.6, "persistence": 0.0, "mean_cover": 0.0, "max_cover": 0.0, "trend_cover": 0.0, "hot": 0.0, "n_obs": 1}}, {"type": "Feature", "id": 420, "geometry": {"type": "Polygon", "coordinates": [[[41.603365, 42.129385], [41.600152, 42.125384], [41.603316, 42.121059], [41.609693, 42.120735], [41.612906, 42.124735], [41.609742, 42.129061], [41.603365, 42.129385]]]}, "properties": {"i": 420, "h3": "882c218811fffff", "lon": 41.60653, "lat": 42.12506, "water_km2": 0.73, "dist_coast_km": 4.5, "persistence": 0.0, "mean_cover": 0.0, "max_cover": 0.0, "trend_cover": 0.0, "hot": 0.0, "n_obs": 1}}, {"type": "Feature", "id": 421, "geometry": {"type": "Polygon", "coordinates": [[[41.612956, 42.133061], [41.609742, 42.129061], [41.612906, 42.124735], [41.619283, 42.12441], [41.622496, 42.12841], [41.619333, 42.132736], [41.612956, 42.133061]]]}, "properties": {"i": 421, "h3": "882c218813fffff", "lon": 41.61612, "lat": 42.12874, "water_km2": 0.725, "dist_coast_km": 3.3, "persistence": 0.0, "mean_cover": 0.0, "max_cover": 0.0, "trend_cover": 0.0, "hot": 0.0, "n_obs": 1}}, {"type": "Feature", "id": 422, "geometry": {"type": "Polygon", "coordinates": [[[41.603316, 42.121059], [41.600104, 42.117058], [41.603268, 42.112733], [41.609644, 42.112409], [41.612857, 42.11641], [41.609693, 42.120735], [41.603316, 42.121059]]]}, "properties": {"i": 422, "h3": "882c218815fffff", "lon": 41.60648, "lat": 42.11673, "water_km2": 0.735, "dist_coast_km": 5.5, "persistence": 0.0, "mean_cover": 0.0, "max_cover": 0.0, "trend_cover": 0.0, "hot": 0.0, "n_obs": 1}}, {"type": "Feature", "id": 423, "geometry": {"type": "Polygon", "coordinates": [[[41.612906, 42.124735], [41.609693, 42.120735], [41.612857, 42.11641], [41.619232, 42.116085], [41.622445, 42.120085], [41.619283, 42.12441], [41.612906, 42.124735]]]}, "properties": {"i": 423, "h3": "882c218817fffff", "lon": 41.61607, "lat": 42.12041, "water_km2": 0.74, "dist_coast_km": 3.3, "persistence": 0.0, "mean_cover": 0.0, "max_cover": 0.0, "trend_cover": 0.0, "hot": 0.0, "n_obs": 1}}, {"type": "Feature", "id": 424, "geometry": {"type": "Polygon", "coordinates": [[[41.593822, 42.134034], [41.590609, 42.130033], [41.593774, 42.125708], [41.600152, 42.125384], [41.603365, 42.129385], [41.6002, 42.13371], [41.593822, 42.134034]]]}, "properties": {"i": 424, "h3": "882c218819fffff", "lon": 41.59699, "lat": 42.12971, "water_km2": 0.72, "dist_coast_km": 4.5, "persistence": 0.0, "mean_cover": 0.0, "max_cover": 0.0, "trend_cover": 0.0, "hot": 0.0, "n_obs": 1}}, {"type": "Feature", "id": 425, "geometry": {"type": "Polygon", "coordinates": [[[41.603414, 42.137711], [41.6002, 42.13371], [41.603365, 42.129385], [41.609742, 42.129061], [41.612956, 42.133061], [41.609792, 42.137386], [41.603414, 42.137711]]]}, "properties": {"i": 425, "h3": "882c21881bfffff", "lon": 41.60658, "lat": 42.13339, "water_km2": 0.738, "dist_coast_km": 4.5, "persistence": 0.0, "mean_cover": 0.0, "max_cover": 0.0, "trend_cover": 0.0, "hot": 0.0, "n_obs": 1}}, {"type": "Feature", "id": 426, "geometry": {"type": "Polygon", "coordinates": [[[41.593774, 42.125708], [41.590562, 42.121707], [41.593727, 42.117382], [41.600104, 42.117058], [41.603316, 42.121059], [41.600152, 42.125384], [41.593774, 42.125708]]]}, "properties": {"i": 426, "h3": "882c21881dfffff", "lon": 41.59694, "lat": 42.12138, "water_km2": 0.742, "dist_coast_km": 4.5, "persistence": 0.0, "mean_cover": 0.0, "max_cover": 0.0, "trend_cover": 0.0, "hot": 0.0, "n_obs": 1}}, {"type": "Feature", "id": 427, "geometry": {"type": "Polygon", "coordinates": [[[41.593584, 42.092399], [41.590372, 42.088397], [41.593536, 42.084071], [41.599911, 42.083748], [41.603122, 42.08775], [41.599959, 42.092076], [41.593584, 42.092399]]]}, "properties": {"i": 427, "h3": "882c218821fffff", "lon": 41.59675, "lat": 42.08807, "water_km2": 0.745, "dist_coast_km": 6.6, "persistence": 0.0, "mean_cover": 0.0, "max_cover": 0.0, "trend_cover": 0.0, "hot": 0.0, "n_obs": 1}}, {"type": "Feature", "id": 428, "geometry": {"type": "Polygon", "coordinates": [[[41.603171, 42.096078], [41.599959, 42.092076], [41.603122, 42.08775], [41.609496, 42.087427], [41.612708, 42.091429], [41.609545, 42.095754], [41.603171, 42.096078]]]}, "properties": {"i": 428, "h3": "882c218823fffff", "lon": 41.60633, "lat": 42.09175, "water_km2": 0.73, "dist_coast_km": 6.6, "persistence": 0.0, "mean_cover": 0.0, "max_cover": 0.0, "trend_cover": 0.0, "hot": 0.0, "n_obs": 1}}, {"type": "Feature", "id": 429, "geometry": {"type": "Polygon", "coordinates": [[[41.593536, 42.084071], [41.590325, 42.080068], [41.593489, 42.075742], [41.599862, 42.075419], [41.603073, 42.079422], [41.599911, 42.083748], [41.593536, 42.084071]]]}, "properties": {"i": 429, "h3": "882c218825fffff", "lon": 41.5967, "lat": 42.07974, "water_km2": 0.72, "dist_coast_km": 7.8, "persistence": 0.0, "mean_cover": 0.0, "max_cover": 0.0, "trend_cover": 0.0, "hot": 0.0, "n_obs": 1}}, {"type": "Feature", "id": 430, "geometry": {"type": "Polygon", "coordinates": [[[41.603122, 42.08775], [41.599911, 42.083748], [41.603073, 42.079422], [41.609447, 42.079098], [41.612658, 42.083101], [41.609496, 42.087427], [41.603122, 42.08775]]]}, "properties": {"i": 430, "h3": "882c218827fffff", "lon": 41.60628, "lat": 42.08342, "water_km2": 0.735, "dist_coast_km": 7.8, "persistence": 0.0, "mean_cover": 0.0, "max_cover": 0.0, "trend_cover": 0.0, "hot": 0.0, "n_obs": 1}}, {"type": "Feature", "id": 431, "geometry": {"type": "Polygon", "coordinates": [[[41.584044, 42.097048], [41.580833, 42.093045], [41.583997, 42.088719], [41.590372, 42.088397], [41.593584, 42.092399], [41.59042, 42.096725], [41.584044, 42.097048]]]}, "properties": {"i": 431, "h3": "882c218829fffff", "lon": 41.58721, "lat": 42.09272, "water_km2": 0.742, "dist_coast_km": 7.8, "persistence": 0.0, "mean_cover": 0.0, "max_cover": 0.0, "trend_cover": 0.0, "hot": 0.0, "n_obs": 1}}, {"type": "Feature", "id": 432, "geometry": {"type": "Polygon", "coordinates": [[[41.593631, 42.100727], [41.59042, 42.096725], [41.593584, 42.092399], [41.599959, 42.092076], [41.603171, 42.096078], [41.600007, 42.100404], [41.593631, 42.100727]]]}, "properties": {"i": 432, "h3": "882c21882bfffff", "lon": 41.5968, "lat": 42.0964, "water_km2": 0.72, "dist_coast_km": 6.6, "persistence": 0.0, "mean_cover": 0.0, "max_cover": 0.0, "trend_cover": 0.0, "hot": 0.0, "n_obs": 1}}, {"type": "Feature", "id": 433, "geometry": {"type": "Polygon", "coordinates": [[[41.583997, 42.088719], [41.580786, 42.084716], [41.58395, 42.08039], [41.590325, 42.080068], [41.593536, 42.084071], [41.590372, 42.088397], [41.583997, 42.088719]]]}, "properties": {"i": 433, "h3": "882c21882dfffff", "lon": 41.58716, "lat": 42.08439, "water_km2": 0.72, "dist_coast_km": 7.8, "persistence": 0.0, "mean_cover": 0.0, "max_cover": 0.0, "trend_cover": 0.0, "hot": 0.0, "n_obs": 1}}, {"type": "Feature", "id": 434, "geometry": {"type": "Polygon", "coordinates": [[[41.612807, 42.108083], [41.609595, 42.104082], [41.612757, 42.099756], [41.619132, 42.099432], [41.622345, 42.103433], [41.619182, 42.107758], [41.612807, 42.108083]]]}, "properties": {"i": 434, "h3": "882c218831fffff", "lon": 41.61597, "lat": 42.10376, "water_km2": 0.74, "dist_coast_km": 4.5, "persistence": 0.0, "mean_cover": 0.0, "max_cover": 0.0, "trend_cover": 0.0, "hot": 0.0, "n_obs": 1}}, {"type": "Feature", "id": 435, "geometry": {"type": "Polygon", "coordinates": [[[41.622395, 42.111759], [41.619182, 42.107758], [41.622345, 42.103433], [41.628719, 42.103108], [41.631932, 42.107108], [41.62877, 42.111434], [41.622395, 42.111759]]]}, "properties": {"i": 435, "h3": "882c218833fffff", "lon": 41.62556, "lat": 42.10743, "water_km2": 0.718, "dist_coast_km": 3.3, "persistence": 0.0, "mean_cover": 0.0, "max_cover": 0.0, "trend_cover": 0.0, "hot": 0.0, "n_obs": 1}}, {"type": "Feature", "id": 436, "geometry": {"type": "Polygon", "coordinates": [[[41.612757, 42.099756], [41.609545, 42.095754], [41.612708, 42.091429], [41.619082, 42.091104], [41.622294, 42.095106], [41.619132, 42.099432], [41.612757, 42.099756]]]}, "properties": {"i": 436, "h3": "882c218835fffff", "lon": 41.61592, "lat": 42.09543, "water_km2": 0.725, "dist_coast_km": 5.5, "persistence": 0.0, "mean_cover": 0.0, "max_cover": 0.0, "trend_cover": 0.0, "hot": 0.0, "n_obs": 1}}, {"type": "Feature", "id": 437, "geometry": {"type": "Polygon", "coordinates": [[[41.622345, 42.103433], [41.619132, 42.099432], [41.622294, 42.095106], [41.628668, 42.094781], [41.63188, 42.098782], [41.628719, 42.103108], [41.622345, 42.103433]]]}, "properties": {"i": 437, "h3": "882c218837fffff", "lon": 41.62551, "lat": 42.09911, "water_km2": 0.745, "dist_coast_km": 4.5, "persistence": 0.0, "mean_cover": 0.0, "max_cover": 0.0, "trend_cover": 0.0, "hot": 0.0, "n_obs": 1}}, {"type": "Feature", "id": 438, "geometry": {"type": "Polygon", "coordinates": [[[41.603268, 42.112733], [41.600055, 42.108731], [41.603219, 42.104406], [41.609595, 42.104082], [41.612807, 42.108083], [41.609644, 42.112409], [41.603268, 42.112733]]]}, "properties": {"i": 438, "h3": "882c218839fffff", "lon": 41.60643, "lat": 42.10841, "water_km2": 0.73, "dist_coast_km": 5.5, "persistence": 0.0, "mean_cover": 0.0, "max_cover": 0.0, "trend_cover": 0.0, "hot": 0.0, "n_obs": 1}}, {"type": "Feature", "id": 439, "geometry": {"type": "Polygon", "coordinates": [[[41.612857, 42.11641], [41.609644, 42.112409], [41.612807, 42.108083], [41.619182, 42.107758], [41.622395, 42.111759], [41.619232, 42.116085], [41.612857, 42.11641]]]}, "properties": {"i": 439, "h3": "882c21883bfffff", "lon": 41.61602, "lat": 42.11208, "water_km2": 0.725, "dist_coast_km": 4.5, "persistence": 0.0, "mean_cover": 0.0, "max_cover": 0.0, "trend_cover": 0.0, "hot": 0.0, "n_obs": 1}}, {"type": "Feature", "id": 440, "geometry": {"type": "Polygon", "coordinates": [[[41.603219, 42.104406], [41.600007, 42.100404], [41.603171, 42.096078], [41.609545, 42.095754], [41.612757, 42.099756], [41.609595, 42.104082], [41.603219, 42.104406]]]}, "properties": {"i": 440, "h3": "882c21883dfffff", "lon": 41.60638, "lat": 42.10008, "water_km2": 0.735, "dist_coast_km": 6.6, "persistence": 0.0, "mean_cover": 0.0, "max_cover": 0.0, "trend_cover": 0.0, "hot": 0.0, "n_obs": 1}}, {"type": "Feature", "id": 441, "geometry": {"type": "Polygon", "coordinates": [[[41.555457, 42.119318], [41.552246, 42.115314], [41.555413, 42.11099], [41.561792, 42.110668], [41.565003, 42.114671], [41.561836, 42.118996], [41.555457, 42.119318]]]}, "properties": {"i": 441, "h3": "882c218841fffff", "lon": 41.55862, "lat": 42.11499, "water_km2": 0.745, "dist_coast_km": 9.0, "persistence": 0.0, "mean_cover": 0.0, "max_cover": 0.0, "trend_cover": 0.0, "hot": 0.0, "n_obs": 1}}, {"type": "Feature", "id": 442, "geometry": {"type": "Polygon", "coordinates": [[[41.565048, 42.122999], [41.561836, 42.118996], [41.565003, 42.114671], [41.571382, 42.114349], [41.574594, 42.118351], [41.571427, 42.122676], [41.565048, 42.122999]]]}, "properties": {"i": 442, "h3": "882c218843fffff", "lon": 41.56822, "lat": 42.11867, "water_km2": 0.725, "dist_coast_km": 7.1, "persistence": 0.0, "mean_cover": 0.0, "max_cover": 0.0, "trend_cover": 0.0, "hot": 0.0, "n_obs": 1}}, {"type": "Feature", "id": 443, "geometry": {"type": "Polygon", "coordinates": [[[41.555413, 42.11099], [41.552202, 42.106986], [41.55537, 42.102661], [41.561747, 42.10234], [41.564959, 42.106343], [41.561792, 42.110668], [41.555413, 42.11099]]]}, "properties": {"i": 443, "h3": "882c218845fffff", "lon": 41.55858, "lat": 42.10666, "water_km2": 0.72, "dist_coast_km": 9.0, "persistence": 0.0, "mean_cover": 0.0, "max_cover": 0.0, "trend_cover": 0.0, "hot": 0.0, "n_obs": 1}}, {"type": "Feature", "id": 444, "geometry": {"type": "Polygon", "coordinates": [[[41.565003, 42.114671], [41.561792, 42.110668], [41.564959, 42.106343], [41.571336, 42.106021], [41.574548, 42.110024], [41.571382, 42.114349], [41.565003, 42.114671]]]}, "properties": {"i": 444, "h3": "882c218847fffff", "lon": 41.56817, "lat": 42.11035, "water_km2": 0.742, "dist_coast_km": 7.8, "persistence": 0.0, "mean_cover": 0.0, "max_cover": 0.0, "trend_cover": 0.0, "hot": 0.0, "n_obs": 1}}, {"type": "Feature", "id": 445, "geometry": {"type": "Polygon", "coordinates": [[[41.545909, 42.123964], [41.542698, 42.11996], [41.545866, 42.115636], [41.552246, 42.115314], [41.555457, 42.119318], [41.552289, 42.123642], [41.545909, 42.123964]]]}, "properties": {"i": 445, "h3": "882c218849fffff", "lon": 41.54908, "lat": 42.11964, "water_km2": 0.735, "dist_coast_km": 8.5, "persistence": 0.0, "mean_cover": 0.0, "max_cover": 0.0, "trend_cover": 0.0, "hot": 0.0, "n_obs": 1}}, {"type": "Feature", "id": 446, "geometry": {"type": "Polygon", "coordinates": [[[41.555501, 42.127645], [41.552289, 42.123642], [41.555457, 42.119318], [41.561836, 42.118996], [41.565048, 42.122999], [41.561881, 42.127323], [41.555501, 42.127645]]]}, "properties": {"i": 446, "h3": "882c21884bfffff", "lon": 41.55867, "lat": 42.12332, "water_km2": 0.718, "dist_coast_km": 8.5, "persistence": 0.0, "mean_cover": 0.0, "max_cover": 0.0, "trend_cover": 0.0, "hot": 0.0, "n_obs": 1}}, {"type": "Feature", "id": 447, "geometry": {"type": "Polygon", "coordinates": [[[41.545866, 42.115636], [41.542655, 42.111632], [41.545823, 42.107307], [41.552202, 42.106986], [41.555413, 42.11099], [41.552246, 42.115314], [41.545866, 42.115636]]]}, "properties": {"i": 447, "h3": "882c21884dfffff", "lon": 41.54903, "lat": 42.11131, "water_km2": 0.73, "dist_coast_km": 9.0, "persistence": 0.0, "mean_cover": 0.0, "max_cover": 0.0, "trend_cover": 0.0, "hot": 0.0, "n_obs": 1}}, {"type": "Feature", "id": 448, "geometry": {"type": "Polygon", "coordinates": [[[41.574685, 42.135005], [41.571473, 42.131003], [41.574639, 42.126678], [41.581018, 42.126355], [41.584231, 42.130357], [41.581065, 42.134682], [41.574685, 42.135005]]]}, "properties": {"i": 448, "h3": "882c218851fffff", "lon": 41.57785, "lat": 42.13068, "water_km2": 0.732, "dist_coast_km": 5.8, "persistence": 0.0, "mean_cover": 0.0, "max_cover": 0.0, "trend_cover": 0.0, "hot": 0.0, "n_obs": 1}}, {"type": "Feature", "id": 449, "geometry": {"type": "Polygon", "coordinates": [[[41.584277, 42.138683], [41.581065, 42.134682], [41.584231, 42.130357], [41.590609, 42.130033], [41.593822, 42.134034], [41.590657, 42.138359], [41.584277, 42.138683]]]}, "properties": {"i": 449, "h3": "882c218853fffff", "lon": 41.58744, "lat": 42.13436, "water_km2": 0.725, "dist_coast_km": 5.5, "persistence": 0.0, "mean_cover": 0.0, "max_cover": 0.0, "trend_cover": 0.0, "hot": 0.0, "n_obs": 1}}, {"type": "Feature", "id": 450, "geometry": {"type": "Polygon", "coordinates": [[[41.574639, 42.126678], [41.571427, 42.122676], [41.574594, 42.118351], [41.580972, 42.118029], [41.584184, 42.12203], [41.581018, 42.126355], [41.574639, 42.126678]]]}, "properties": {"i": 450, "h3": "882c218855fffff", "lon": 41.57781, "lat": 42.12235, "water_km2": 0.73, "dist_coast_km": 5.8, "persistence": 0.0, "mean_cover": 0.0, "max_cover": 0.0, "trend_cover": 0.0, "hot": 0.0, "n_obs": 1}}, {"type": "Feature", "id": 451, "geometry": {"type": "Polygon", "coordinates": [[[41.584231, 42.130357], [41.581018, 42.126355], [41.584184, 42.12203], [41.590562, 42.121707], [41.593774, 42.125708], [41.590609, 42.130033], [41.584231, 42.130357]]]}, "properties": {"i": 451, "h3": "882c218857fffff", "lon": 41.5874, "lat": 42.12603, "water_km2": 0.74, "dist_coast_km": 5.8, "persistence": 0.0, "mean_cover": 0.0, "max_cover": 0.0, "trend_cover": 0.0, "hot": 0.0, "n_obs": 1}}, {"type": "Feature", "id": 452, "geometry": {"type": "Polygon", "coordinates": [[[41.565138, 42.139652], [41.561926, 42.13565], [41.565093, 42.131326], [41.571473, 42.131003], [41.574685, 42.135005], [41.571518, 42.139329], [41.565138, 42.139652]]]}, "properties": {"i": 452, "h3": "882c218859fffff", "lon": 41.56831, "lat": 42.13533, "water_km2": 0.722, "dist_coast_km": 6.9, "persistence": 0.0, "mean_cover": 0.0, "max_cover": 0.0, "trend_cover": 0.0, "hot": 0.0, "n_obs": 1}}, {"type": "Feature", "id": 453, "geometry": {"type": "Polygon", "coordinates": [[[41.574731, 42.143331], [41.571518, 42.139329], [41.574685, 42.135005], [41.581065, 42.134682], [41.584277, 42.138683], [41.581111, 42.143007], [41.574731, 42.143331]]]}, "properties": {"i": 453, "h3": "882c21885bfffff", "lon": 41.5779, "lat": 42.13901, "water_km2": 0.732, "dist_coast_km": 5.5, "persistence": 0.0, "mean_cover": 0.0, "max_cover": 0.0, "trend_cover": 0.0, "hot": 0.0, "n_obs": 1}}, {"type": "Feature", "id": 454, "geometry": {"type": "Polygon", "coordinates": [[[41.565093, 42.131326], [41.561881, 42.127323], [41.565048, 42.122999], [41.571427, 42.122676], [41.574639, 42.126678], [41.571473, 42.131003], [41.565093, 42.131326]]]}, "properties": {"i": 454, "h3": "882c21885dfffff", "lon": 41.56826, "lat": 42.127, "water_km2": 0.742, "dist_coast_km": 7.1, "persistence": 0.0, "mean_cover": 0.0, "max_cover": 0.0, "trend_cover": 0.0, "hot": 0.0, "n_obs": 1}}, {"type": "Feature", "id": 455, "geometry": {"type": "Polygon", "coordinates": [[[41.564914, 42.098014], [41.561703, 42.094011], [41.564869, 42.089685], [41.571245, 42.089364], [41.574456, 42.093367], [41.571291, 42.097693], [41.564914, 42.098014]]]}, "properties": {"i": 455, "h3": "882c218861fffff", "lon": 41.56808, "lat": 42.09369, "water_km2": 0.742, "dist_coast_km": 8.8, "persistence": 0.0, "mean_cover": 0.0, "max_cover": 0.0, "trend_cover": 0.0, "hot": 0.0, "n_obs": 1}}, {"type": "Feature", "id": 456, "geometry": {"type": "Polygon", "coordinates": [[[41.574502, 42.101696], [41.571291, 42.097693], [41.574456, 42.093367], [41.580833, 42.093045], [41.584044, 42.097048], [41.580879, 42.101373], [41.574502, 42.101696]]]}, "properties": {"i": 456, "h3": "882c218863fffff", "lon": 41.57767, "lat": 42.09737, "water_km2": 0.732, "dist_coast_km": 7.8, "persistence": 0.0, "mean_cover": 0.0, "max_cover": 0.0, "trend_cover": 0.0, "hot": 0.0, "n_obs": 1}}, {"type": "Feature", "id": 457, "geometry": {"type": "Polygon", "coordinates": [[[41.564869, 42.089685], [41.561658, 42.085681], [41.564824, 42.081355], [41.5712, 42.081034], [41.574411, 42.085038], [41.571245, 42.089364], [41.564869, 42.089685]]]}, "properties": {"i": 457, "h3": "882c218865fffff", "lon": 41.56803, "lat": 42.08536, "water_km2": 0.722, "dist_coast_km": 8.8, "persistence": 0.0, "mean_cover": 0.0, "max_cover": 0.0, "trend_cover": 0.0, "hot": 0.0, "n_obs": 1}}, {"type": "Feature", "id": 458, "geometry": {"type": "Polygon", "coordinates": [[[41.574456, 42.093367], [41.571245, 42.089364], [41.574411, 42.085038], [41.580786, 42.084716], [41.583997, 42.088719], [41.580833, 42.093045], [41.574456, 42.093367]]]}, "properties": {"i": 458, "h3": "882c218867fffff", "lon": 41.57762, "lat": 42.08904, "water_km2": 0.732, "dist_coast_km": 7.8, "persistence": 0.0, "mean_cover": 0.0, "max_cover": 0.0, "trend_cover": 0.0, "hot": 0.0, "n_obs": 1}}, {"type": "Feature", "id": 459, "geometry": {"type": "Polygon", "coordinates": [[[41.55537, 42.102661], [41.552159, 42.098657], [41.555326, 42.094332], [41.561703, 42.094011], [41.564914, 42.098014], [41.561747, 42.10234], [41.55537, 42.102661]]]}, "properties": {"i": 459, "h3": "882c218869fffff", "lon": 41.55854, "lat": 42.09834, "water_km2": 0.745, "dist_coast_km": 10.0, "persistence": 0.0, "mean_cover": 0.0, "max_cover": 0.0, "trend_cover": 0.0, "hot": 0.0, "n_obs": 1}}, {"type": "Feature", "id": 460, "geometry": {"type": "Polygon", "coordinates": [[[41.564959, 42.106343], [41.561747, 42.10234], [41.564914, 42.098014], [41.571291, 42.097693], [41.574502, 42.101696], [41.571336, 42.106021], [41.564959, 42.106343]]]}, "properties": {"i": 460, "h3": "882c21886bfffff", "lon": 41.56812, "lat": 42.10202, "water_km2": 0.722, "dist_coast_km": 7.8, "persistence": 0.0, "mean_cover": 0.0, "max_cover": 0.0, "trend_cover": 0.0, "hot": 0.0, "n_obs": 1}}, {"type": "Feature", "id": 461, "geometry": {"type": "Polygon", "coordinates": [[[41.555326, 42.094332], [41.552115, 42.090327], [41.555282, 42.086002], [41.561658, 42.085681], [41.564869, 42.089685], [41.561703, 42.094011], [41.555326, 42.094332]]]}, "properties": {"i": 461, "h3": "882c21886dfffff", "lon": 41.55849, "lat": 42.09001, "water_km2": 0.72, "dist_coast_km": 10.0, "persistence": 0.0, "mean_cover": 0.0, "max_cover": 0.0, "trend_cover": 0.0, "hot": 0.0, "n_obs": 1}}, {"type": "Feature", "id": 462, "geometry": {"type": "Polygon", "coordinates": [[[41.651266, 42.139428], [41.648052, 42.13543], [41.651213, 42.131104], [41.657588, 42.130777], [41.660802, 42.134775], [41.657642, 42.139101], [41.651266, 42.139428]]]}, "properties": {"i": 462, "h3": "882c218881fffff", "lon": 41.65443, "lat": 42.1351, "water_km2": 0.658, "dist_coast_km": 0.0, "persistence": 0.0, "mean_cover": 0.0, "max_cover": 0.0, "trend_cover": 0.0, "hot": 0.0, "n_obs": 1}}, {"type": "Feature", "id": 463, "geometry": {"type": "Polygon", "coordinates": [[[41.660857, 42.143098], [41.657642, 42.139101], [41.660802, 42.134775], [41.667177, 42.134447], [41.670392, 42.138445], [41.667232, 42.14277], [41.660857, 42.143098]]]}, "properties": {"i": 463, "h3": "882c218883fffff", "lon": 41.66402, "lat": 42.13877, "water_km2": 0.002, "dist_coast_km": 0.0, "persistence": 0.0, "mean_cover": 0.0, "max_cover": 0.0, "trend_cover": 0.0, "hot": 0.0, "n_obs": 1}}, {"type": "Feature", "id": 464, "geometry": {"type": "Polygon", "coordinates": [[[41.651213, 42.131104], [41.647999, 42.127106], [41.65116, 42.12278], [41.657534, 42.122453], [41.660748, 42.126452], [41.657588, 42.130777], [41.651213, 42.131104]]]}, "properties": {"i": 464, "h3": "882c218885fffff", "lon": 41.65437, "lat": 42.12678, "water_km2": 0.745, "dist_coast_km": 1.4, "persistence": 0.0, "mean_cover": 0.0, "max_cover": 0.0, "trend_cover": 0.0, "hot": 0.0, "n_obs": 1}}, {"type": "Feature", "id": 465, "geometry": {"type": "Polygon", "coordinates": [[[41.660802, 42.134775], [41.657588, 42.130777], [41.660748, 42.126452], [41.667122, 42.126124], [41.670337, 42.130122], [41.667177, 42.134447], [41.660802, 42.134775]]]}, "properties": {"i": 465, "h3": "882c218887fffff", "lon": 41.66396, "lat": 42.13045, "water_km2": 0.319, "dist_coast_km": 0.0, "persistence": 0.0, "mean_cover": 0.0, "max_cover": 0.0, "trend_cover": 0.0, "hot": 0.0, "n_obs": 1}}, {"type": "Feature", "id": 466, "geometry": {"type": "Polygon", "coordinates": [[[41.641728, 42.14408], [41.638514, 42.140082], [41.641676, 42.135757], [41.648052, 42.13543], [41.651266, 42.139428], [41.648105, 42.143753], [41.641728, 42.14408]]]}, "properties": {"i": 466, "h3": "882c218889fffff", "lon": 41.64489, "lat": 42.13976, "water_km2": 0.73, "dist_coast_km": 0.0, "persistence": 0.0, "mean_cover": 0.0, "max_cover": 0.0, "trend_cover": 0.0, "hot": 0.0, "n_obs": 1}}, {"type": "Feature", "id": 467, "geometry": {"type": "Polygon", "coordinates": [[[41.65132, 42.147751], [41.648105, 42.143753], [41.651266, 42.139428], [41.657642, 42.139101], [41.660857, 42.143098], [41.657696, 42.147424], [41.65132, 42.147751]]]}, "properties": {"i": 467, "h3": "882c21888bfffff", "lon": 41.65448, "lat": 42.14343, "water_km2": 0.526, "dist_coast_km": 0.0, "persistence": 0.0, "mean_cover": 0.0, "max_cover": 0.0, "trend_cover": 0.0, "hot": 0.0, "n_obs": 1}}, {"type": "Feature", "id": 468, "geometry": {"type": "Polygon", "coordinates": [[[41.641676, 42.135757], [41.638462, 42.131758], [41.641624, 42.127432], [41.647999, 42.127106], [41.651213, 42.131104], [41.648052, 42.13543], [41.641676, 42.135757]]]}, "properties": {"i": 468, "h3": "882c21888dfffff", "lon": 41.64484, "lat": 42.13143, "water_km2": 0.735, "dist_coast_km": 1.4, "persistence": 0.0, "mean_cover": 0.0, "max_cover": 0.0, "trend_cover": 0.0, "hot": 0.0, "n_obs": 1}}, {"type": "Feature", "id": 469, "geometry": {"type": "Polygon", "coordinates": [[[41.660694, 42.118127], [41.65748, 42.114129], [41.66064, 42.109803], [41.667012, 42.109475], [41.670226, 42.113474], [41.667067, 42.1178], [41.660694, 42.118127]]]}, "properties": {"i": 469, "h3": "882c2188a1fffff", "lon": 41.66385, "lat": 42.1138, "water_km2": 0.72, "dist_coast_km": 1.4, "persistence": 0.0, "mean_cover": 0.0, "max_cover": 0.0, "trend_cover": 0.0, "hot": 0.0, "n_obs": 1}}, {"type": "Feature", "id": 470, "geometry": {"type": "Polygon", "coordinates": [[[41.670281, 42.121798], [41.667067, 42.1178], [41.670226, 42.113474], [41.676599, 42.113146], [41.679813, 42.117144], [41.676655, 42.12147], [41.670281, 42.121798]]]}, "properties": {"i": 470, "h3": "882c2188a3fffff", "lon": 41.67344, "lat": 42.11747, "water_km2": 0.487, "dist_coast_km": 0.0, "persistence": 0.0, "mean_cover": 0.0, "max_cover": 0.0, "trend_cover": 0.0, "hot": 0.0, "n_obs": 1}}, {"type": "Feature", "id": 471, "geometry": {"type": "Polygon", "coordinates": [[[41.66064, 42.109803], [41.657426, 42.105804], [41.660585, 42.101477], [41.666958, 42.10115], [41.670171, 42.105149], [41.667012, 42.109475], [41.66064, 42.109803]]]}, "properties": {"i": 471, "h3": "882c2188a5fffff", "lon": 41.6638, "lat": 42.10548, "water_km2": 0.738, "dist_coast_km": 1.4, "persistence": 0.0, "mean_cover": 0.0, "max_cover": 0.0, "trend_cover": 0.0, "hot": 0.0, "n_obs": 1}}, {"type": "Feature", "id": 472, "geometry": {"type": "Polygon", "coordinates": [[[41.670226, 42.113474], [41.667012, 42.109475], [41.670171, 42.105149], [41.676543, 42.104821], [41.679757, 42.10882], [41.676599, 42.113146], [41.670226, 42.113474]]]}, "properties": {"i": 472, "h3": "882c2188a7fffff", "lon": 41.67338, "lat": 42.10915, "water_km2": 0.732, "dist_coast_km": 1.4, "persistence": 0.0, "mean_cover": 0.0, "max_cover": 0.0, "trend_cover": 0.0, "hot": 0.0, "n_obs": 1}}, {"type": "Feature", "id": 473, "geometry": {"type": "Polygon", "coordinates": [[[41.65116, 42.12278], [41.647946, 42.118781], [41.651106, 42.114455], [41.65748, 42.114129], [41.660694, 42.118127], [41.657534, 42.122453], [41.65116, 42.12278]]]}, "properties": {"i": 473, "h3": "882c2188a9fffff", "lon": 41.65432, "lat": 42.11845, "water_km2": 0.718, "dist_coast_km": 1.4, "persistence": 0.0, "mean_cover": 0.0, "max_cover": 0.0, "trend_cover": 0.0, "hot": 0.0, "n_obs": 1}}, {"type": "Feature", "id": 474, "geometry": {"type": "Polygon", "coordinates": [[[41.660748, 42.126452], [41.657534, 42.122453], [41.660694, 42.118127], [41.667067, 42.1178], [41.670281, 42.121798], [41.667122, 42.126124], [41.660748, 42.126452]]]}, "properties": {"i": 474, "h3": "882c2188abfffff", "lon": 41.66391, "lat": 42.12213, "water_km2": 0.742, "dist_coast_km": 0.0, "persistence": 0.0, "mean_cover": 0.0, "max_cover": 0.0, "trend_cover": 0.0, "hot": 0.0, "n_obs": 1}}, {"type": "Feature", "id": 475, "geometry": {"type": "Polygon", "coordinates": [[[41.651106, 42.114455], [41.647893, 42.110456], [41.651053, 42.10613], [41.657426, 42.105804], [41.66064, 42.109803], [41.65748, 42.114129], [41.651106, 42.114455]]]}, "properties": {"i": 475, "h3": "882c2188adfffff", "lon": 41.65427, "lat": 42.11013, "water_km2": 0.745, "dist_coast_km": 2.3, "persistence": 0.0, "mean_cover": 0.0, "max_cover": 0.0, "trend_cover": 0.0, "hot": 0.0, "n_obs": 1}}, {"type": "Feature", "id": 476, "geometry": {"type": "Polygon", "coordinates": [[[41.670337, 42.130122], [41.667122, 42.126124], [41.670281, 42.121798], [41.676655, 42.12147], [41.679869, 42.125468], [41.67671, 42.129793], [41.670337, 42.130122]]]}, "properties": {"i": 476, "h3": "882c2188bdfffff", "lon": 41.6735, "lat": 42.1258, "water_km2": 0.03, "dist_coast_km": 0.0, "persistence": 0.0, "mean_cover": 0.0, "max_cover": 0.0, "trend_cover": 0.0, "hot": 0.0, "n_obs": 1}}, {"type": "Feature", "id": 477, "geometry": {"type": "Polygon", "coordinates": [[[41.622597, 42.145059], [41.619383, 42.14106], [41.622546, 42.136735], [41.628923, 42.136409], [41.632137, 42.140408], [41.628974, 42.144733], [41.622597, 42.145059]]]}, "properties": {"i": 477, "h3": "882c2188c1fffff", "lon": 41.62576, "lat": 42.14073, "water_km2": 0.718, "dist_coast_km": 1.4, "persistence": 0.0, "mean_cover": 0.0, "max_cover": 0.0, "trend_cover": 0.0, "hot": 0.0, "n_obs": 1}}, {"type": "Feature", "id": 478, "geometry": {"type": "Polygon", "coordinates": [[[41.632189, 42.148732], [41.628974, 42.144733], [41.632137, 42.140408], [41.638514, 42.140082], [41.641728, 42.14408], [41.638566, 42.148405], [41.632189, 42.148732]]]}, "properties": {"i": 478, "h3": "882c2188c3fffff", "lon": 41.63535, "lat": 42.14441, "water_km2": 0.74, "dist_coast_km": 1.4, "persistence": 0.0, "mean_cover": 0.0, "max_cover": 0.0, "trend_cover": 0.0, "hot": 0.0, "n_obs": 1}}, {"type": "Feature", "id": 479, "geometry": {"type": "Polygon", "coordinates": [[[41.622546, 42.136735], [41.619333, 42.132736], [41.622496, 42.12841], [41.628872, 42.128085], [41.632086, 42.132084], [41.628923, 42.136409], [41.622546, 42.136735]]]}, "properties": {"i": 479, "h3": "882c2188c5fffff", "lon": 41.62571, "lat": 42.13241, "water_km2": 0.745, "dist_coast_km": 2.3, "persistence": 0.0, "mean_cover": 0.0, "max_cover": 0.0, "trend_cover": 0.0, "hot": 0.0, "n_obs": 1}}, {"type": "Feature", "id": 480, "geometry": {"type": "Polygon", "coordinates": [[[41.632137, 42.140408], [41.628923, 42.136409], [41.632086, 42.132084], [41.638462, 42.131758], [41.641676, 42.135757], [41.638514, 42.140082], [41.632137, 42.140408]]]}, "properties": {"i": 480, "h3": "882c2188c7fffff", "lon": 41.6353, "lat": 42.13608, "water_km2": 0.725, "dist_coast_km": 1.4, "persistence": 0.0, "mean_cover": 0.0, "max_cover": 0.0, "trend_cover": 0.0, "hot": 0.0, "n_obs": 1}}, {"type": "Feature", "id": 481, "geometry": {"type": "Polygon", "coordinates": [[[41.613055, 42.14971], [41.609841, 42.14571], [41.613005, 42.141386], [41.619383, 42.14106], [41.622597, 42.145059], [41.619433, 42.149384], [41.613055, 42.14971]]]}, "properties": {"i": 481, "h3": "882c2188c9fffff", "lon": 41.61622, "lat": 42.14539, "water_km2": 0.722, "dist_coast_km": 2.7, "persistence": 0.0, "mean_cover": 0.0, "max_cover": 0.0, "trend_cover": 0.0, "hot": 0.0, "n_obs": 1}}, {"type": "Feature", "id": 482, "geometry": {"type": "Polygon", "coordinates": [[[41.622647, 42.153383], [41.619433, 42.149384], [41.622597, 42.145059], [41.628974, 42.144733], [41.632189, 42.148732], [41.629026, 42.153057], [41.622647, 42.153383]]]}, "properties": {"i": 482, "h3": "882c2188cbfffff", "lon": 41.62581, "lat": 42.14906, "water_km2": 0.745, "dist_coast_km": 1.4, "persistence": 0.0, "mean_cover": 0.0, "max_cover": 0.0, "trend_cover": 0.0, "hot": 0.0, "n_obs": 1}}, {"type": "Feature", "id": 483, "geometry": {"type": "Polygon", "coordinates": [[[41.613005, 42.141386], [41.609792, 42.137386], [41.612956, 42.133061], [41.619333, 42.132736], [41.622546, 42.136735], [41.619383, 42.14106], [41.613005, 42.141386]]]}, "properties": {"i": 483, "h3": "882c2188cdfffff", "lon": 41.61617, "lat": 42.13706, "water_km2": 0.74, "dist_coast_km": 2.7, "persistence": 0.0, "mean_cover": 0.0, "max_cover": 0.0, "trend_cover": 0.0, "hot": 0.0, "n_obs": 1}}, {"type": "Feature", "id": 484, "geometry": {"type": "Polygon", "coordinates": [[[41.641833, 42.160726], [41.638618, 42.156728], [41.641781, 42.152403], [41.648158, 42.152076], [41.651373, 42.156074], [41.648211, 42.160399], [41.641833, 42.160726]]]}, "properties": {"i": 484, "h3": "882c2188d1fffff", "lon": 41.645, "lat": 42.1564, "water_km2": 0.729, "dist_coast_km": 0.0, "persistence": 0.0, "mean_cover": 0.0, "max_cover": 0.0, "trend_cover": 0.0, "hot": 0.0, "n_obs": 1}}, {"type": "Feature", "id": 485, "geometry": {"type": "Polygon", "coordinates": [[[41.651426, 42.164396], [41.648211, 42.160399], [41.651373, 42.156074], [41.65775, 42.155746], [41.660965, 42.159743], [41.657804, 42.164068], [41.651426, 42.164396]]]}, "properties": {"i": 485, "h3": "882c2188d3fffff", "lon": 41.65459, "lat": 42.16007, "water_km2": 0.12, "dist_coast_km": 0.0, "persistence": 0.0, "mean_cover": 0.0, "max_cover": 0.0, "trend_cover": 0.0, "hot": 0.0, "n_obs": 1}}, {"type": "Feature", "id": 486, "geometry": {"type": "Polygon", "coordinates": [[[41.641781, 42.152403], [41.638566, 42.148405], [41.641728, 42.14408], [41.648105, 42.143753], [41.65132, 42.147751], [41.648158, 42.152076], [41.641781, 42.152403]]]}, "properties": {"i": 486, "h3": "882c2188d5fffff", "lon": 41.64494, "lat": 42.14808, "water_km2": 0.735, "dist_coast_km": 0.0, "persistence": 0.0, "mean_cover": 0.0, "max_cover": 0.0, "trend_cover": 0.0, "hot": 0.0, "n_obs": 1}}, {"type": "Feature", "id": 487, "geometry": {"type": "Polygon", "coordinates": [[[41.651373, 42.156074], [41.648158, 42.152076], [41.65132, 42.147751], [41.657696, 42.147424], [41.660911, 42.151421], [41.65775, 42.155746], [41.651373, 42.156074]]]}, "properties": {"i": 487, "h3": "882c2188d7fffff", "lon": 41.65453, "lat": 42.15175, "water_km2": 0.188, "dist_coast_km": 0.0, "persistence": 0.0, "mean_cover": 0.0, "max_cover": 0.0, "trend_cover": 0.0, "hot": 0.0, "n_obs": 1}}, {"type": "Feature", "id": 488, "geometry": {"type": "Polygon", "coordinates": [[[41.632292, 42.165378], [41.629077, 42.16138], [41.63224, 42.157055], [41.638618, 42.156728], [41.641833, 42.160726], [41.63867, 42.165051], [41.632292, 42.165378]]]}, "properties": {"i": 488, "h3": "882c2188d9fffff", "lon": 41.63546, "lat": 42.16105, "water_km2": 0.74, "dist_coast_km": 1.4, "persistence": 0.0, "mean_cover": 0.0, "max_cover": 0.0, "trend_cover": 0.0, "hot": 0.0, "n_obs": 1}}, {"type": "Feature", "id": 489, "geometry": {"type": "Polygon", "coordinates": [[[41.641886, 42.169048], [41.63867, 42.165051], [41.641833, 42.160726], [41.648211, 42.160399], [41.651426, 42.164396], [41.648264, 42.168721], [41.641886, 42.169048]]]}, "properties": {"i": 489, "h3": "882c2188dbfffff", "lon": 41.64505, "lat": 42.16472, "water_km2": 0.694, "dist_coast_km": 0.0, "persistence": 0.0, "mean_cover": 0.0, "max_cover": 0.0, "trend_cover": 0.0, "hot": 0.0, "n_obs": 1}}, {"type": "Feature", "id": 490, "geometry": {"type": "Polygon", "coordinates": [[[41.63224, 42.157055], [41.629026, 42.153057], [41.632189, 42.148732], [41.638566, 42.148405], [41.641781, 42.152403], [41.638618, 42.156728], [41.63224, 42.157055]]]}, "properties": {"i": 490, "h3": "882c2188ddfffff", "lon": 41.6354, "lat": 42.15273, "water_km2": 0.722, "dist_coast_km": 1.4, "persistence": 0.0, "mean_cover": 0.0, "max_cover": 0.0, "trend_cover": 0.0, "hot": 0.0, "n_obs": 1}}, {"type": "Feature", "id": 491, "geometry": {"type": "Polygon", "coordinates": [[[41.632034, 42.123759], [41.628821, 42.11976], [41.631983, 42.115434], [41.638358, 42.115108], [41.641571, 42.119108], [41.63841, 42.123433], [41.632034, 42.123759]]]}, "properties": {"i": 491, "h3": "882c2188e1fffff", "lon": 41.6352, "lat": 42.11943, "water_km2": 0.725, "dist_coast_km": 2.3, "persistence": 0.0, "mean_cover": 0.0, "max_cover": 0.0, "trend_cover": 0.0, "hot": 0.0, "n_obs": 1}}, {"type": "Feature", "id": 492, "geometry": {"type": "Polygon", "coordinates": [[[41.641624, 42.127432], [41.63841, 42.123433], [41.641571, 42.119108], [41.647946, 42.118781], [41.65116, 42.12278], [41.647999, 42.127106], [41.641624, 42.127432]]]}, "properties": {"i": 492, "h3": "882c2188e3fffff", "lon": 41.64478, "lat": 42.12311, "water_km2": 0.728, "dist_coast_km": 1.4, "persistence": 0.0, "mean_cover": 0.0, "max_cover": 0.0, "trend_cover": 0.0, "hot": 0.0, "n_obs": 1}}, {"type": "Feature", "id": 493, "geometry": {"type": "Polygon", "coordinates": [[[41.631983, 42.115434], [41.62877, 42.111434], [41.631932, 42.107108], [41.638306, 42.106782], [41.641519, 42.110782], [41.638358, 42.115108], [41.631983, 42.115434]]]}, "properties": {"i": 493, "h3": "882c2188e5fffff", "lon": 41.63514, "lat": 42.11111, "water_km2": 0.738, "dist_coast_km": 3.3, "persistence": 0.0, "mean_cover": 0.0, "max_cover": 0.0, "trend_cover": 0.0, "hot": 0.0, "n_obs": 1}}, {"type": "Feature", "id": 494, "geometry": {"type": "Polygon", "coordinates": [[[41.641571, 42.119108], [41.638358, 42.115108], [41.641519, 42.110782], [41.647893, 42.110456], [41.651106, 42.114455], [41.647946, 42.118781], [41.641571, 42.119108]]]}, "properties": {"i": 494, "h3": "882c2188e7fffff", "lon": 41.64473, "lat": 42.11478, "water_km2": 0.738, "dist_coast_km": 2.3, "persistence": 0.0, "mean_cover": 0.0, "max_cover": 0.0, "trend_cover": 0.0, "hot": 0.0, "n_obs": 1}}, {"type": "Feature", "id": 495, "geometry": {"type": "Polygon", "coordinates": [[[41.622496, 42.12841], [41.619283, 42.12441], [41.622445, 42.120085], [41.628821, 42.11976], [41.632034, 42.123759], [41.628872, 42.128085], [41.622496, 42.12841]]]}, "properties": {"i": 495, "h3": "882c2188e9fffff", "lon": 41.62566, "lat": 42.12409, "water_km2": 0.718, "dist_coast_km": 2.3, "persistence": 0.0, "mean_cover": 0.0, "max_cover": 0.0, "trend_cover": 0.0, "hot": 0.0, "n_obs": 1}}, {"type": "Feature", "id": 496, "geometry": {"type": "Polygon", "coordinates": [[[41.632086, 42.132084], [41.628872, 42.128085], [41.632034, 42.123759], [41.63841, 42.123433], [41.641624, 42.127432], [41.638462, 42.131758], [41.632086, 42.132084]]]}, "properties": {"i": 496, "h3": "882c2188ebfffff", "lon": 41.63525, "lat": 42.12776, "water_km2": 0.74, "dist_coast_km": 2.3, "persistence": 0.0, "mean_cover": 0.0, "max_cover": 0.0, "trend_cover": 0.0, "hot": 0.0, "n_obs": 1}}, {"type": "Feature", "id": 497, "geometry": {"type": "Polygon", "coordinates": [[[41.622445, 42.120085], [41.619232, 42.116085], [41.622395, 42.111759], [41.62877, 42.111434], [41.631983, 42.115434], [41.628821, 42.11976], [41.622445, 42.120085]]]}, "properties": {"i": 497, "h3": "882c2188edfffff", "lon": 41.62561, "lat": 42.11576, "water_km2": 0.745, "dist_coast_km": 3.3, "persistence": 0.0, "mean_cover": 0.0, "max_cover": 0.0, "trend_cover": 0.0, "hot": 0.0, "n_obs": 1}}, {"type": "Feature", "id": 498, "geometry": {"type": "Polygon", "coordinates": [[[41.583811, 42.055399], [41.580601, 42.051394], [41.583764, 42.047068], [41.590136, 42.046746], [41.593346, 42.050751], [41.590183, 42.055077], [41.583811, 42.055399]]]}, "properties": {"i": 498, "h3": "882c218901fffff", "lon": 41.58697, "lat": 42.05107, "water_km2": 0.722, "dist_coast_km": 10.0, "persistence": 0.0, "mean_cover": 0.0, "max_cover": 0.0, "trend_cover": 0.0, "hot": 0.0, "n_obs": 1}}, {"type": "Feature", "id": 499, "geometry": {"type": "Polygon", "coordinates": [[[41.593393, 42.059082], [41.590183, 42.055077], [41.593346, 42.050751], [41.599718, 42.050428], [41.602928, 42.054432], [41.599766, 42.058759], [41.593393, 42.059082]]]}, "properties": {"i": 499, "h3": "882c218903fffff", "lon": 41.59656, "lat": 42.05476, "water_km2": 0.745, "dist_coast_km": 8.8, "persistence": 0.0, "mean_cover": 0.0, "max_cover": 0.0, "trend_cover": 0.0, "hot": 0.0, "n_obs": 1}}, {"type": "Feature", "id": 500, "geometry": {"type": "Polygon", "coordinates": [[[41.583764, 42.047068], [41.580554, 42.043063], [41.583717, 42.038736], [41.590089, 42.038414], [41.593298, 42.042419], [41.590136, 42.046746], [41.583764, 42.047068]]]}, "properties": {"i": 500, "h3": "882c218905fffff", "lon": 41.58693, "lat": 42.04274, "water_km2": 0.742, "dist_coast_km": 11.1, "persistence": 0.0, "mean_cover": 0.0, "max_cover": 0.0, "trend_cover": 0.0, "hot": 0.0, "n_obs": 1}}, {"type": "Feature", "id": 501, "geometry": {"type": "Polygon", "coordinates": [[[41.593346, 42.050751], [41.590136, 42.046746], [41.593298, 42.042419], [41.59967, 42.042097], [41.602879, 42.046102], [41.599718, 42.050428], [41.593346, 42.050751]]]}, "properties": {"i": 501, "h3": "882c218907fffff", "lon": 41.59651, "lat": 42.04642, "water_km2": 0.72, "dist_coast_km": 9.8, "persistence": 0.0, "mean_cover": 0.0, "max_cover": 0.0, "trend_cover": 0.0, "hot": 0.0, "n_obs": 1}}, {"type": "Feature", "id": 502, "geometry": {"type": "Polygon", "coordinates": [[[41.574273, 42.060047], [41.571064, 42.056042], [41.574228, 42.051716], [41.580601, 42.051394], [41.583811, 42.055399], [41.580647, 42.059726], [41.574273, 42.060047]]]}, "properties": {"i": 502, "h3": "882c218909fffff", "lon": 41.57744, "lat": 42.05572, "water_km2": 0.735, "dist_coast_km": 10.0, "persistence": 0.0, "mean_cover": 0.0, "max_cover": 0.0, "trend_cover": 0.0, "hot": 0.0, "n_obs": 1}}, {"type": "Feature", "id": 503, "geometry": {"type": "Polygon", "coordinates": [[[41.583857, 42.06373], [41.580647, 42.059726], [41.583811, 42.055399], [41.590183, 42.055077], [41.593393, 42.059082], [41.590231, 42.063408], [41.583857, 42.06373]]]}, "properties": {"i": 503, "h3": "882c21890bfffff", "lon": 41.58702, "lat": 42.0594, "water_km2": 0.745, "dist_coast_km": 10.0, "persistence": 0.0, "mean_cover": 0.0, "max_cover": 0.0, "trend_cover": 0.0, "hot": 0.0, "n_obs": 1}}, {"type": "Feature", "id": 504, "geometry": {"type": "Polygon", "coordinates": [[[41.574228, 42.051716], [41.571018, 42.04771], [41.574182, 42.043384], [41.580554, 42.043063], [41.583764, 42.047068], [41.580601, 42.051394], [41.574228, 42.051716]]]}, "properties": {"i": 504, "h3": "882c21890dfffff", "lon": 41.57739, "lat": 42.04739, "water_km2": 0.732, "dist_coast_km": 11.1, "persistence": 0.0, "mean_cover": 0.0, "max_cover": 0.0, "trend_cover": 0.0, "hot": 0.0, "n_obs": 1}}, {"type": "Feature", "id": 505, "geometry": {"type": "Polygon", "coordinates": [[[41.603025, 42.071092], [41.599814, 42.067089], [41.602976, 42.062763], [41.609349, 42.06244], [41.61256, 42.066443], [41.609398, 42.070769], [41.603025, 42.071092]]]}, "properties": {"i": 505, "h3": "882c218911fffff", "lon": 41.60619, "lat": 42.06677, "water_km2": 0.735, "dist_coast_km": 8.8, "persistence": 0.0, "mean_cover": 0.0, "max_cover": 0.0, "trend_cover": 0.0, "hot": 0.0, "n_obs": 1}}, {"type": "Feature", "id": 506, "geometry": {"type": "Polygon", "coordinates": [[[41.612609, 42.074772], [41.609398, 42.070769], [41.61256, 42.066443], [41.618932, 42.066119], [41.622143, 42.070122], [41.618982, 42.074448], [41.612609, 42.074772]]]}, "properties": {"i": 506, "h3": "882c218913fffff", "lon": 41.61577, "lat": 42.07045, "water_km2": 0.742, "dist_coast_km": 6.6, "persistence": 0.0, "mean_cover": 0.0, "max_cover": 0.0, "trend_cover": 0.0, "hot": 0.0, "n_obs": 1}}, {"type": "Feature", "id": 507, "geometry": {"type": "Polygon", "coordinates": [[[41.602976, 42.062763], [41.599766, 42.058759], [41.602928, 42.054432], [41.6093, 42.05411], [41.61251, 42.058113], [41.609349, 42.06244], [41.602976, 42.062763]]]}, "properties": {"i": 507, "h3": "882c218915fffff", "lon": 41.60614, "lat": 42.05844, "water_km2": 0.73, "dist_coast_km": 8.8, "persistence": 0.0, "mean_cover": 0.0, "max_cover": 0.0, "trend_cover": 0.0, "hot": 0.0, "n_obs": 1}}, {"type": "Feature", "id": 508, "geometry": {"type": "Polygon", "coordinates": [[[41.61256, 42.066443], [41.609349, 42.06244], [41.61251, 42.058113], [41.618882, 42.05779], [41.622092, 42.061792], [41.618932, 42.066119], [41.61256, 42.066443]]]}, "properties": {"i": 508, "h3": "882c218917fffff", "lon": 41.61572, "lat": 42.06212, "water_km2": 0.725, "dist_coast_km": 7.8, "persistence": 0.0, "mean_cover": 0.0, "max_cover": 0.0, "trend_cover": 0.0, "hot": 0.0, "n_obs": 1}}, {"type": "Feature", "id": 509, "geometry": {"type": "Polygon", "coordinates": [[[41.593489, 42.075742], [41.590278, 42.071738], [41.593441, 42.067412], [41.599814, 42.067089], [41.603025, 42.071092], [41.599862, 42.075419], [41.593489, 42.075742]]]}, "properties": {"i": 509, "h3": "882c218919fffff", "lon": 41.59665, "lat": 42.07142, "water_km2": 0.742, "dist_coast_km": 7.8, "persistence": 0.0, "mean_cover": 0.0, "max_cover": 0.0, "trend_cover": 0.0, "hot": 0.0, "n_obs": 1}}, {"type": "Feature", "id": 510, "geometry": {"type": "Polygon", "coordinates": [[[41.603073, 42.079422], [41.599862, 42.075419], [41.603025, 42.071092], [41.609398, 42.070769], [41.612609, 42.074772], [41.609447, 42.079098], [41.603073, 42.079422]]]}, "properties": {"i": 510, "h3": "882c21891bfffff", "lon": 41.60624, "lat": 42.0751, "water_km2": 0.73, "dist_coast_km": 7.8, "persistence": 0.0, "mean_cover": 0.0, "max_cover": 0.0, "trend_cover": 0.0, "hot": 0.0, "n_obs": 1}}, {"type": "Feature", "id": 511, "geometry": {"type": "Polygon", "coordinates": [[[41.593441, 42.067412], [41.590231, 42.063408], [41.593393, 42.059082], [41.599766, 42.058759], [41.602976, 42.062763], [41.599814, 42.067089], [41.593441, 42.067412]]]}, "properties": {"i": 511, "h3": "882c21891dfffff", "lon": 41.5966, "lat": 42.06309, "water_km2": 0.72, "dist_coast_km": 8.8, "persistence": 0.0, "mean_cover": 0.0, "max_cover": 0.0, "trend_cover": 0.0, "hot": 0.0, "n_obs": 1}}, {"type": "Feature", "id": 512, "geometry": {"type": "Polygon", "coordinates": [[[41.593251, 42.034088], [41.590042, 42.030082], [41.593203, 42.025755], [41.599573, 42.025433], [41.602782, 42.029438], [41.599621, 42.033766], [41.593251, 42.034088]]]}, "properties": {"i": 512, "h3": "882c218921fffff", "lon": 41.59641, "lat": 42.02976, "water_km2": 0.72, "dist_coast_km": 10.3, "persistence": 0.0, "mean_cover": 0.0, "max_cover": 0.0, "trend_cover": 0.0, "hot": 0.0, "n_obs": 1}}, {"type": "Feature", "id": 513, "geometry": {"type": "Polygon", "coordinates": [[[41.602831, 42.03777], [41.599621, 42.033766], [41.602782, 42.029438], [41.609152, 42.029116], [41.612362, 42.033121], [41.609201, 42.037448], [41.602831, 42.03777]]]}, "properties": {"i": 513, "h3": "882c218923fffff", "lon": 41.60599, "lat": 42.03344, "water_km2": 0.735, "dist_coast_km": 10.3, "persistence": 0.0, "mean_cover": 0.0, "max_cover": 0.0, "trend_cover": 0.0, "hot": 0.0, "n_obs": 1}}, {"type": "Feature", "id": 514, "geometry": {"type": "Polygon", "coordinates": [[[41.593203, 42.025755], [41.589994, 42.021749], [41.593156, 42.017422], [41.599525, 42.017101], [41.602734, 42.021106], [41.599573, 42.025433], [41.593203, 42.025755]]]}, "properties": {"i": 514, "h3": "882c218925fffff", "lon": 41.59636, "lat": 42.02143, "water_km2": 0.745, "dist_coast_km": 10.3, "persistence": 0.0, "mean_cover": 0.0, "max_cover": 0.0, "trend_cover": 0.0, "hot": 0.0, "n_obs": 1}}, {"type": "Feature", "id": 515, "geometry": {"type": "Polygon", "coordinates": [[[41.602782, 42.029438], [41.599573, 42.025433], [41.602734, 42.021106], [41.609103, 42.020784], [41.612312, 42.024789], [41.609152, 42.029116], [41.602782, 42.029438]]]}, "properties": {"i": 515, "h3": "882c218927fffff", "lon": 41.60594, "lat": 42.02511, "water_km2": 0.732, "dist_coast_km": 10.3, "persistence": 0.0, "mean_cover": 0.0, "max_cover": 0.0, "trend_cover": 0.0, "hot": 0.0, "n_obs": 1}}, {"type": "Feature", "id": 516, "geometry": {"type": "Polygon", "coordinates": [[[41.583717, 42.038736], [41.580508, 42.03473], [41.583671, 42.030403], [41.590042, 42.030082], [41.593251, 42.034088], [41.590089, 42.038414], [41.583717, 42.038736]]]}, "properties": {"i": 516, "h3": "882c218929fffff", "lon": 41.58688, "lat": 42.03441, "water_km2": 0.722, "dist_coast_km": 11.1, "persistence": 0.0, "mean_cover": 0.0, "max_cover": 0.0, "trend_cover": 0.0, "hot": 0.0, "n_obs": 1}}, {"type": "Feature", "id": 517, "geometry": {"type": "Polygon", "coordinates": [[[41.593298, 42.042419], [41.590089, 42.038414], [41.593251, 42.034088], [41.599621, 42.033766], [41.602831, 42.03777], [41.59967, 42.042097], [41.593298, 42.042419]]]}, "properties": {"i": 517, "h3": "882c21892bfffff", "lon": 41.59646, "lat": 42.03809, "water_km2": 0.748, "dist_coast_km": 9.8, "persistence": 0.0, "mean_cover": 0.0, "max_cover": 0.0, "trend_cover": 0.0, "hot": 0.0, "n_obs": 1}}, {"type": "Feature", "id": 518, "geometry": {"type": "Polygon", "coordinates": [[[41.583671, 42.030403], [41.580462, 42.026398], [41.583624, 42.02207], [41.589994, 42.021749], [41.593203, 42.025755], [41.590042, 42.030082], [41.583671, 42.030403]]]}, "properties": {"i": 518, "h3": "882c21892dfffff", "lon": 41.58683, "lat": 42.02608, "water_km2": 0.742, "dist_coast_km": 11.6, "persistence": 0.0, "mean_cover": 0.0, "max_cover": 0.0, "trend_cover": 0.0, "hot": 0.0, "n_obs": 1}}, {"type": "Feature", "id": 519, "geometry": {"type": "Polygon", "coordinates": [[[41.612461, 42.049783], [41.60925, 42.045779], [41.612411, 42.041452], [41.618781, 42.041129], [41.621992, 42.045132], [41.618831, 42.049459], [41.612461, 42.049783]]]}, "properties": {"i": 519, "h3": "882c218931fffff", "lon": 41.61562, "lat": 42.04546, "water_km2": 0.725, "dist_coast_km": 8.5, "persistence": 0.0, "mean_cover": 0.0, "max_cover": 0.0, "trend_cover": 0.0, "hot": 0.0, "n_obs": 1}}, {"type": "Feature", "id": 520, "geometry": {"type": "Polygon", "coordinates": [[[41.622042, 42.053463], [41.618831, 42.049459], [41.621992, 42.045132], [41.628362, 42.044809], [41.631572, 42.048812], [41.628413, 42.053139], [41.622042, 42.053463]]]}, "properties": {"i": 520, "h3": "882c218933fffff", "lon": 41.6252, "lat": 42.04914, "water_km2": 0.748, "dist_coast_km": 8.5, "persistence": 0.0, "mean_cover": 0.0, "max_cover": 0.0, "trend_cover": 0.0, "hot": 0.0, "n_obs": 1}}, {"type": "Feature", "id": 521, "geometry": {"type": "Polygon", "coordinates": [[[41.612411, 42.041452], [41.609201, 42.037448], [41.612362, 42.033121], [41.618731, 42.032798], [41.621941, 42.036802], [41.618781, 42.041129], [41.612411, 42.041452]]]}, "properties": {"i": 521, "h3": "882c218935fffff", "lon": 41.61557, "lat": 42.03712, "water_km2": 0.74, "dist_coast_km": 8.5, "persistence": 0.0, "mean_cover": 0.0, "max_cover": 0.0, "trend_cover": 0.0, "hot": 0.0, "n_obs": 1}}, {"type": "Feature", "id": 522, "geometry": {"type": "Polygon", "coordinates": [[[41.621992, 42.045132], [41.618781, 42.041129], [41.621941, 42.036802], [41.628311, 42.036478], [41.631521, 42.040482], [41.628362, 42.044809], [41.621992, 42.045132]]]}, "properties": {"i": 522, "h3": "882c218937fffff", "lon": 41.62515, "lat": 42.04081, "water_km2": 0.718, "dist_coast_km": 8.5, "persistence": 0.0, "mean_cover": 0.0, "max_cover": 0.0, "trend_cover": 0.0, "hot": 0.0, "n_obs": 1}}, {"type": "Feature", "id": 523, "geometry": {"type": "Polygon", "coordinates": [[[41.602928, 42.054432], [41.599718, 42.050428], [41.602879, 42.046102], [41.60925, 42.045779], [41.612461, 42.049783], [41.6093, 42.05411], [41.602928, 42.054432]]]}, "properties": {"i": 523, "h3": "882c218939fffff", "lon": 41.60609, "lat": 42.05011, "water_km2": 0.735, "dist_coast_km": 9.8, "persistence": 0.0, "mean_cover": 0.0, "max_cover": 0.0, "trend_cover": 0.0, "hot": 0.0, "n_obs": 1}}, {"type": "Feature", "id": 524, "geometry": {"type": "Polygon", "coordinates": [[[41.61251, 42.058113], [41.6093, 42.05411], [41.612461, 42.049783], [41.618831, 42.049459], [41.622042, 42.053463], [41.618882, 42.05779], [41.61251, 42.058113]]]}, "properties": {"i": 524, "h3": "882c21893bfffff", "lon": 41.61567, "lat": 42.05379, "water_km2": 0.74, "dist_coast_km": 7.8, "persistence": 0.0, "mean_cover": 0.0, "max_cover": 0.0, "trend_cover": 0.0, "hot": 0.0, "n_obs": 1}}, {"type": "Feature", "id": 525, "geometry": {"type": "Polygon", "coordinates": [[[41.602879, 42.046102], [41.59967, 42.042097], [41.602831, 42.03777], [41.609201, 42.037448], [41.612411, 42.041452], [41.60925, 42.045779], [41.602879, 42.046102]]]}, "properties": {"i": 525, "h3": "882c21893dfffff", "lon": 41.60604, "lat": 42.04177, "water_km2": 0.728, "dist_coast_km": 9.8, "persistence": 0.0, "mean_cover": 0.0, "max_cover": 0.0, "trend_cover": 0.0, "hot": 0.0, "n_obs": 1}}, {"type": "Feature", "id": 526, "geometry": {"type": "Polygon", "coordinates": [[[41.55515, 42.061009], [41.551941, 42.057004], [41.555106, 42.052678], [41.561481, 42.052357], [41.56469, 42.056363], [41.561525, 42.060689], [41.55515, 42.061009]]]}, "properties": {"i": 526, "h3": "882c218941fffff", "lon": 41.55832, "lat": 42.05668, "water_km2": 0.722, "dist_coast_km": 12.2, "persistence": 0.0, "mean_cover": 0.0, "max_cover": 0.0, "trend_cover": 0.0, "hot": 0.0, "n_obs": 1}}, {"type": "Feature", "id": 527, "geometry": {"type": "Polygon", "coordinates": [[[41.564735, 42.064694], [41.561525, 42.060689], [41.56469, 42.056363], [41.571064, 42.056042], [41.574273, 42.060047], [41.571109, 42.064373], [41.564735, 42.064694]]]}, "properties": {"i": 527, "h3": "882c218943fffff", "lon": 41.5679, "lat": 42.06037, "water_km2": 0.742, "dist_coast_km": 11.1, "persistence": 0.0, "mean_cover": 0.0, "max_cover": 0.0, "trend_cover": 0.0, "hot": 0.0, "n_obs": 1}}, {"type": "Feature", "id": 528, "geometry": {"type": "Polygon", "coordinates": [[[41.555106, 42.052678], [41.551898, 42.048671], [41.555063, 42.044345], [41.561436, 42.044025], [41.564645, 42.048031], [41.561481, 42.052357], [41.555106, 42.052678]]]}, "properties": {"i": 528, "h3": "882c218945fffff", "lon": 41.55827, "lat": 42.04835, "water_km2": 0.742, "dist_coast_km": 13.3, "persistence": 0.0, "mean_cover": 0.0, "max_cover": 0.0, "trend_cover": 0.0, "hot": 0.0, "n_obs": 1}}, {"type": "Feature", "id": 529, "geometry": {"type": "Polygon", "coordinates": [[[41.56469, 42.056363], [41.561481, 42.052357], [41.564645, 42.048031], [41.571018, 42.04771], [41.574228, 42.051716], [41.571064, 42.056042], [41.56469, 42.056363]]]}, "properties": {"i": 529, "h3": "882c218947fffff", "lon": 41.56785, "lat": 42.05204, "water_km2": 0.722, "dist_coast_km": 11.1, "persistence": 0.0, "mean_cover": 0.0, "max_cover": 0.0, "trend_cover": 0.0, "hot": 0.0, "n_obs": 1}}, {"type": "Feature", "id": 530, "geometry": {"type": "Polygon", "coordinates": [[[41.545609, 42.065655], [41.5424, 42.061649], [41.545566, 42.057324], [41.551941, 42.057004], [41.55515, 42.061009], [41.551985, 42.065335], [41.545609, 42.065655]]]}, "properties": {"i": 530, "h3": "882c218949fffff", "lon": 41.54878, "lat": 42.06133, "water_km2": 0.73, "dist_coast_km": 12.2, "persistence": 0.0, "mean_cover": 0.0, "max_cover": 0.0, "trend_cover": 0.0, "hot": 0.0, "n_obs": 1}}, {"type": "Feature", "id": 531, "geometry": {"type": "Polygon", "coordinates": [[[41.555194, 42.069341], [41.551985, 42.065335], [41.55515, 42.061009], [41.561525, 42.060689], [41.564735, 42.064694], [41.56157, 42.06902], [41.555194, 42.069341]]]}, "properties": {"i": 531, "h3": "882c21894bfffff", "lon": 41.55836, "lat": 42.06502, "water_km2": 0.745, "dist_coast_km": 12.2, "persistence": 0.0, "mean_cover": 0.0, "max_cover": 0.0, "trend_cover": 0.0, "hot": 0.0, "n_obs": 1}}, {"type": "Feature", "id": 532, "geometry": {"type": "Polygon", "coordinates": [[[41.545566, 42.057324], [41.542357, 42.053317], [41.545523, 42.048991], [41.551898, 42.048671], [41.555106, 42.052678], [41.551941, 42.057004], [41.545566, 42.057324]]]}, "properties": {"i": 532, "h3": "882c21894dfffff", "lon": 41.54873, "lat": 42.053, "water_km2": 0.735, "dist_coast_km": 12.2, "persistence": 0.0, "mean_cover": 0.0, "max_cover": 0.0, "trend_cover": 0.0, "hot": 0.0, "n_obs": 1}}, {"type": "Feature", "id": 533, "geometry": {"type": "Polygon", "coordinates": [[[41.574365, 42.076708], [41.571155, 42.072704], [41.574319, 42.068378], [41.580693, 42.068056], [41.583904, 42.07206], [41.58074, 42.076386], [41.574365, 42.076708]]]}, "properties": {"i": 533, "h3": "882c218951fffff", "lon": 41.57753, "lat": 42.07238, "water_km2": 0.732, "dist_coast_km": 8.8, "persistence": 0.0, "mean_cover": 0.0, "max_cover": 0.0, "trend_cover": 0.0, "hot": 0.0, "n_obs": 1}}, {"type": "Feature", "id": 534, "geometry": {"type": "Polygon", "coordinates": [[[41.58395, 42.08039], [41.58074, 42.076386], [41.583904, 42.07206], [41.590278, 42.071738], [41.593489, 42.075742], [41.590325, 42.080068], [41.58395, 42.08039]]]}, "properties": {"i": 534, "h3": "882c218953fffff", "lon": 41.58711, "lat": 42.07606, "water_km2": 0.745, "dist_coast_km": 8.8, "persistence": 0.0, "mean_cover": 0.0, "max_cover": 0.0, "trend_cover": 0.0, "hot": 0.0, "n_obs": 1}}, {"type": "Feature", "id": 535, "geometry": {"type": "Polygon", "coordinates": [[[41.574319, 42.068378], [41.571109, 42.064373], [41.574273, 42.060047], [41.580647, 42.059726], [41.583857, 42.06373], [41.580693, 42.068056], [41.574319, 42.068378]]]}, "properties": {"i": 535, "h3": "882c218955fffff", "lon": 41.57748, "lat": 42.06405, "water_km2": 0.732, "dist_coast_km": 10.0, "persistence": 0.0, "mean_cover": 0.0, "max_cover": 0.0, "trend_cover": 0.0, "hot": 0.0, "n_obs": 1}}, {"type": "Feature", "id": 536, "geometry": {"type": "Polygon", "coordinates": [[[41.583904, 42.07206], [41.580693, 42.068056], [41.583857, 42.06373], [41.590231, 42.063408], [41.593441, 42.067412], [41.590278, 42.071738], [41.583904, 42.07206]]]}, "properties": {"i": 536, "h3": "882c218957fffff", "lon": 41.58707, "lat": 42.06773, "water_km2": 0.72, "dist_coast_km": 8.8, "persistence": 0.0, "mean_cover": 0.0, "max_cover": 0.0, "trend_cover": 0.0, "hot": 0.0, "n_obs": 1}}, {"type": "Feature", "id": 537, "geometry": {"type": "Polygon", "coordinates": [[[41.564824, 42.081355], [41.561614, 42.077351], [41.564779, 42.073025], [41.571155, 42.072704], [41.574365, 42.076708], [41.5712, 42.081034], [41.564824, 42.081355]]]}, "properties": {"i": 537, "h3": "882c218959fffff", "lon": 41.56799, "lat": 42.07703, "water_km2": 0.742, "dist_coast_km": 10.0, "persistence": 0.0, "mean_cover": 0.0, "max_cover": 0.0, "trend_cover": 0.0, "hot": 0.0, "n_obs": 1}}, {"type": "Feature", "id": 538, "geometry": {"type": "Polygon", "coordinates": [[[41.574411, 42.085038], [41.5712, 42.081034], [41.574365, 42.076708], [41.58074, 42.076386], [41.58395, 42.08039], [41.580786, 42.084716], [41.574411, 42.085038]]]}, "properties": {"i": 538, "h3": "882c21895bfffff", "lon": 41.57758, "lat": 42.08071, "water_km2": 0.732, "dist_coast_km": 8.8, "persistence": 0.0, "mean_cover": 0.0, "max_cover": 0.0, "trend_cover": 0.0, "hot": 0.0, "n_obs": 1}}, {"type": "Feature", "id": 539, "geometry": {"type": "Polygon", "coordinates": [[[41.564779, 42.073025], [41.56157, 42.06902], [41.564735, 42.064694], [41.571109, 42.064373], [41.574319, 42.068378], [41.571155, 42.072704], [41.564779, 42.073025]]]}, "properties": {"i": 539, "h3": "882c21895dfffff", "lon": 41.56794, "lat": 42.0687, "water_km2": 0.725, "dist_coast_km": 10.0, "persistence": 0.0, "mean_cover": 0.0, "max_cover": 0.0, "trend_cover": 0.0, "hot": 0.0, "n_obs": 1}}, {"type": "Feature", "id": 540, "geometry": {"type": "Polygon", "coordinates": [[[41.5646, 42.039698], [41.561392, 42.035692], [41.564556, 42.031365], [41.570928, 42.031045], [41.574136, 42.035051], [41.570973, 42.039378], [41.5646, 42.039698]]]}, "properties": {"i": 540, "h3": "882c218961fffff", "lon": 41.56776, "lat": 42.03537, "water_km2": 0.72, "dist_coast_km": 12.2, "persistence": 0.0, "mean_cover": 0.0, "max_cover": 0.0, "trend_cover": 0.0, "hot": 0.0, "n_obs": 1}}, {"type": "Feature", "id": 541, "geometry": {"type": "Polygon", "coordinates": [[[41.574182, 42.043384], [41.570973, 42.039378], [41.574136, 42.035051], [41.580508, 42.03473], [41.583717, 42.038736], [41.580554, 42.043063], [41.574182, 42.043384]]]}, "properties": {"i": 541, "h3": "882c218963fffff", "lon": 41.57735, "lat": 42.03906, "water_km2": 0.732, "dist_coast_km": 11.1, "persistence": 0.0, "mean_cover": 0.0, "max_cover": 0.0, "trend_cover": 0.0, "hot": 0.0, "n_obs": 1}}, {"type": "Feature", "id": 542, "geometry": {"type": "Polygon", "coordinates": [[[41.564556, 42.031365], [41.561347, 42.027359], [41.564511, 42.023032], [41.570882, 42.022712], [41.574091, 42.026718], [41.570928, 42.031045], [41.564556, 42.031365]]]}, "properties": {"i": 542, "h3": "882c218965fffff", "lon": 41.56772, "lat": 42.02704, "water_km2": 0.745, "dist_coast_km": 12.9, "persistence": 0.0, "mean_cover": 0.0, "max_cover": 0.0, "trend_cover": 0.0, "hot": 0.0, "n_obs": 1}}, {"type": "Feature", "id": 543, "geometry": {"type": "Polygon", "coordinates": [[[41.574136, 42.035051], [41.570928, 42.031045], [41.574091, 42.026718], [41.580462, 42.026398], [41.583671, 42.030403], [41.580508, 42.03473], [41.574136, 42.035051]]]}, "properties": {"i": 543, "h3": "882c218967fffff", "lon": 41.5773, "lat": 42.03072, "water_km2": 0.735, "dist_coast_km": 11.6, "persistence": 0.0, "mean_cover": 0.0, "max_cover": 0.0, "trend_cover": 0.0, "hot": 0.0, "n_obs": 1}}, {"type": "Feature", "id": 544, "geometry": {"type": "Polygon", "coordinates": [[[41.555063, 42.044345], [41.551854, 42.040339], [41.555019, 42.036012], [41.561392, 42.035692], [41.5646, 42.039698], [41.561436, 42.044025], [41.555063, 42.044345]]]}, "properties": {"i": 544, "h3": "882c218969fffff", "lon": 41.55823, "lat": 42.04002, "water_km2": 0.722, "dist_coast_km": 13.3, "persistence": 0.0, "mean_cover": 0.0, "max_cover": 0.0, "trend_cover": 0.0, "hot": 0.0, "n_obs": 1}}, {"type": "Feature", "id": 545, "geometry": {"type": "Polygon", "coordinates": [[[41.564645, 42.048031], [41.561436, 42.044025], [41.5646, 42.039698], [41.570973, 42.039378], [41.574182, 42.043384], [41.571018, 42.04771], [41.564645, 42.048031]]]}, "properties": {"i": 545, "h3": "882c21896bfffff", "lon": 41.56781, "lat": 42.0437, "water_km2": 0.745, "dist_coast_km": 12.2, "persistence": 0.0, "mean_cover": 0.0, "max_cover": 0.0, "trend_cover": 0.0, "hot": 0.0, "n_obs": 1}}, {"type": "Feature", "id": 546, "geometry": {"type": "Polygon", "coordinates": [[[41.555019, 42.036012], [41.551811, 42.032005], [41.554975, 42.027678], [41.561347, 42.027359], [41.564556, 42.031365], [41.561392, 42.035692], [41.555019, 42.036012]]]}, "properties": {"i": 546, "h3": "882c21896dfffff", "lon": 41.55818, "lat": 42.03169, "water_km2": 0.742, "dist_coast_km": 14.2, "persistence": 0.0, "mean_cover": 0.0, "max_cover": 0.0, "trend_cover": 0.0, "hot": 0.0, "n_obs": 1}}, {"type": "Feature", "id": 547, "geometry": {"type": "Polygon", "coordinates": [[[41.650893, 42.081151], [41.647681, 42.07715], [41.65084, 42.072824], [41.65721, 42.072498], [41.660423, 42.076498], [41.657264, 42.080825], [41.650893, 42.081151]]]}, "properties": {"i": 547, "h3": "882c218981fffff", "lon": 41.65405, "lat": 42.07682, "water_km2": 0.745, "dist_coast_km": 4.5, "persistence": 0.0, "mean_cover": 0.0, "max_cover": 0.0, "trend_cover": 0.0, "hot": 0.0, "n_obs": 1}}, {"type": "Feature", "id": 548, "geometry": {"type": "Polygon", "coordinates": [[[41.660477, 42.084825], [41.657264, 42.080825], [41.660423, 42.076498], [41.666793, 42.076172], [41.670006, 42.080172], [41.666848, 42.084498], [41.660477, 42.084825]]]}, "properties": {"i": 548, "h3": "882c218983fffff", "lon": 41.66364, "lat": 42.0805, "water_km2": 0.725, "dist_coast_km": 3.3, "persistence": 0.0, "mean_cover": 0.0, "max_cover": 0.0, "trend_cover": 0.0, "hot": 0.0, "n_obs": 1}}, {"type": "Feature", "id": 549, "geometry": {"type": "Polygon", "coordinates": [[[41.65084, 42.072824], [41.647628, 42.068822], [41.650787, 42.064495], [41.657157, 42.06417], [41.660369, 42.068171], [41.65721, 42.072498], [41.65084, 42.072824]]]}, "properties": {"i": 549, "h3": "882c218985fffff", "lon": 41.654, "lat": 42.0685, "water_km2": 0.72, "dist_coast_km": 4.5, "persistence": 0.0, "mean_cover": 0.0, "max_cover": 0.0, "trend_cover": 0.0, "hot": 0.0, "n_obs": 1}}, {"type": "Feature", "id": 550, "geometry": {"type": "Polygon", "coordinates": [[[41.660423, 42.076498], [41.65721, 42.072498], [41.660369, 42.068171], [41.666738, 42.067844], [41.66995, 42.071845], [41.666793, 42.076172], [41.660423, 42.076498]]]}, "properties": {"i": 550, "h3": "882c218987fffff", "lon": 41.66358, "lat": 42.07217, "water_km2": 0.738, "dist_coast_km": 3.3, "persistence": 0.0, "mean_cover": 0.0, "max_cover": 0.0, "trend_cover": 0.0, "hot": 0.0, "n_obs": 1}}, {"type": "Feature", "id": 551, "geometry": {"type": "Polygon", "coordinates": [[[41.641362, 42.085803], [41.63815, 42.081802], [41.64131, 42.077476], [41.647681, 42.07715], [41.650893, 42.081151], [41.647734, 42.085477], [41.641362, 42.085803]]]}, "properties": {"i": 551, "h3": "882c218989fffff", "lon": 41.64452, "lat": 42.08148, "water_km2": 0.738, "dist_coast_km": 4.5, "persistence": 0.0, "mean_cover": 0.0, "max_cover": 0.0, "trend_cover": 0.0, "hot": 0.0, "n_obs": 1}}, {"type": "Feature", "id": 552, "geometry": {"type": "Polygon", "coordinates": [[[41.650946, 42.089478], [41.647734, 42.085477], [41.650893, 42.081151], [41.657264, 42.080825], [41.660477, 42.084825], [41.657318, 42.089152], [41.650946, 42.089478]]]}, "properties": {"i": 552, "h3": "882c21898bfffff", "lon": 41.65411, "lat": 42.08515, "water_km2": 0.72, "dist_coast_km": 3.3, "persistence": 0.0, "mean_cover": 0.0, "max_cover": 0.0, "trend_cover": 0.0, "hot": 0.0, "n_obs": 1}}, {"type": "Feature", "id": 553, "geometry": {"type": "Polygon", "coordinates": [[[41.64131, 42.077476], [41.638098, 42.073474], [41.641257, 42.069148], [41.647628, 42.068822], [41.65084, 42.072824], [41.647681, 42.07715], [41.64131, 42.077476]]]}, "properties": {"i": 553, "h3": "882c21898dfffff", "lon": 41.64447, "lat": 42.07315, "water_km2": 0.725, "dist_coast_km": 4.5, "persistence": 0.0, "mean_cover": 0.0, "max_cover": 0.0, "trend_cover": 0.0, "hot": 0.0, "n_obs": 1}}, {"type": "Feature", "id": 554, "geometry": {"type": "Polygon", "coordinates": [[[41.670116, 42.096824], [41.666903, 42.092825], [41.670061, 42.088498], [41.676431, 42.088171], [41.679645, 42.09217], [41.676487, 42.096496], [41.670116, 42.096824]]]}, "properties": {"i": 554, "h3": "882c218991fffff", "lon": 41.67327, "lat": 42.0925, "water_km2": 0.732, "dist_coast_km": 2.3, "persistence": 0.0, "mean_cover": 0.0, "max_cover": 0.0, "trend_cover": 0.0, "hot": 0.0, "n_obs": 1}}, {"type": "Feature", "id": 555, "geometry": {"type": "Polygon", "coordinates": [[[41.679701, 42.100495], [41.676487, 42.096496], [41.679645, 42.09217], [41.686015, 42.091842], [41.689229, 42.09584], [41.686072, 42.100167], [41.679701, 42.100495]]]}, "properties": {"i": 555, "h3": "882c218993fffff", "lon": 41.68286, "lat": 42.09617, "water_km2": 0.72, "dist_coast_km": 1.4, "persistence": 0.0, "mean_cover": 0.0, "max_cover": 0.0, "trend_cover": 0.0, "hot": 0.0, "n_obs": 1}}, {"type": "Feature", "id": 556, "geometry": {"type": "Polygon", "coordinates": [[[41.670061, 42.088498], [41.666848, 42.084498], [41.670006, 42.080172], [41.676376, 42.079845], [41.679589, 42.083844], [41.676431, 42.088171], [41.670061, 42.088498]]]}, "properties": {"i": 556, "h3": "882c218995fffff", "lon": 41.67322, "lat": 42.08417, "water_km2": 0.73, "dist_coast_km": 2.3, "persistence": 0.0, "mean_cover": 0.0, "max_cover": 0.0, "trend_cover": 0.0, "hot": 0.0, "n_obs": 1}}, {"type": "Feature", "id": 557, "geometry": {"type": "Polygon", "coordinates": [[[41.679645, 42.09217], [41.676431, 42.088171], [41.679589, 42.083844], [41.685958, 42.083516], [41.689172, 42.087515], [41.686015, 42.091842], [41.679645, 42.09217]]]}, "properties": {"i": 557, "h3": "882c218997fffff", "lon": 41.6828, "lat": 42.08784, "water_km2": 0.742, "dist_coast_km": 1.4, "persistence": 0.0, "mean_cover": 0.0, "max_cover": 0.0, "trend_cover": 0.0, "hot": 0.0, "n_obs": 1}}, {"type": "Feature", "id": 558, "geometry": {"type": "Polygon", "coordinates": [[[41.660585, 42.101477], [41.657372, 42.097478], [41.660531, 42.093151], [41.666903, 42.092825], [41.670116, 42.096824], [41.666958, 42.10115], [41.660585, 42.101477]]]}, "properties": {"i": 558, "h3": "882c218999fffff", "lon": 41.66374, "lat": 42.09715, "water_km2": 0.725, "dist_coast_km": 2.3, "persistence": 0.0, "mean_cover": 0.0, "max_cover": 0.0, "trend_cover": 0.0, "hot": 0.0, "n_obs": 1}}, {"type": "Feature", "id": 559, "geometry": {"type": "Polygon", "coordinates": [[[41.670171, 42.105149], [41.666958, 42.10115], [41.670116, 42.096824], [41.676487, 42.096496], [41.679701, 42.100495], [41.676543, 42.104821], [41.670171, 42.105149]]]}, "properties": {"i": 559, "h3": "882c21899bfffff", "lon": 41.67333, "lat": 42.10082, "water_km2": 0.73, "dist_coast_km": 1.4, "persistence": 0.0, "mean_cover": 0.0, "max_cover": 0.0, "trend_cover": 0.0, "hot": 0.0, "n_obs": 1}}, {"type": "Feature", "id": 560, "geometry": {"type": "Polygon", "coordinates": [[[41.660531, 42.093151], [41.657318, 42.089152], [41.660477, 42.084825], [41.666848, 42.084498], [41.670061, 42.088498], [41.666903, 42.092825], [41.660531, 42.093151]]]}, "properties": {"i": 560, "h3": "882c21899dfffff", "lon": 41.66369, "lat": 42.08883, "water_km2": 0.74, "dist_coast_km": 2.3, "persistence": 0.0, "mean_cover": 0.0, "max_cover": 0.0, "trend_cover": 0.0, "hot": 0.0, "n_obs": 1}}, {"type": "Feature", "id": 561, "geometry": {"type": "Polygon", "coordinates": [[[41.660314, 42.059843], [41.657103, 42.055841], [41.66026, 42.051514], [41.666629, 42.051188], [41.66984, 42.055189], [41.666683, 42.059517], [41.660314, 42.059843]]]}, "properties": {"i": 561, "h3": "882c2189a1fffff", "lon": 41.66347, "lat": 42.05552, "water_km2": 0.74, "dist_coast_km": 4.1, "persistence": 0.0, "mean_cover": 0.0, "max_cover": 0.0, "trend_cover": 0.0, "hot": 0.0, "n_obs": 1}}, {"type": "Feature", "id": 562, "geometry": {"type": "Polygon", "coordinates": [[[41.669895, 42.063517], [41.666683, 42.059517], [41.66984, 42.055189], [41.676208, 42.054863], [41.67942, 42.058863], [41.676264, 42.063191], [41.669895, 42.063517]]]}, "properties": {"i": 562, "h3": "882c2189a3fffff", "lon": 41.67305, "lat": 42.05919, "water_km2": 0.731, "dist_coast_km": 4.1, "persistence": 0.0, "mean_cover": 0.0, "max_cover": 0.0, "trend_cover": 0.0, "hot": 0.0, "n_obs": 1}}, {"type": "Feature", "id": 563, "geometry": {"type": "Polygon", "coordinates": [[[41.66026, 42.051514], [41.657049, 42.047512], [41.660206, 42.043185], [41.666574, 42.042859], [41.669785, 42.046861], [41.666629, 42.051188], [41.66026, 42.051514]]]}, "properties": {"i": 563, "h3": "882c2189a5fffff", "lon": 41.66342, "lat": 42.04719, "water_km2": 0.725, "dist_coast_km": 4.5, "persistence": 0.0, "mean_cover": 0.0, "max_cover": 0.0, "trend_cover": 0.0, "hot": 0.0, "n_obs": 1}}, {"type": "Feature", "id": 564, "geometry": {"type": "Polygon", "coordinates": [[[41.66984, 42.055189], [41.666629, 42.051188], [41.669785, 42.046861], [41.676153, 42.046534], [41.679364, 42.050535], [41.676208, 42.054863], [41.66984, 42.055189]]]}, "properties": {"i": 564, "h3": "882c2189a7fffff", "lon": 41.673, "lat": 42.05086, "water_km2": 0.73, "dist_coast_km": 4.1, "persistence": 0.0, "mean_cover": 0.0, "max_cover": 0.0, "trend_cover": 0.0, "hot": 0.0, "n_obs": 1}}, {"type": "Feature", "id": 565, "geometry": {"type": "Polygon", "coordinates": [[[41.650787, 42.064495], [41.647575, 42.060494], [41.650733, 42.056167], [41.657103, 42.055841], [41.660314, 42.059843], [41.657157, 42.06417], [41.650787, 42.064495]]]}, "properties": {"i": 565, "h3": "882c2189a9fffff", "lon": 41.65394, "lat": 42.06017, "water_km2": 0.745, "dist_coast_km": 5.5, "persistence": 0.0, "mean_cover": 0.0, "max_cover": 0.0, "trend_cover": 0.0, "hot": 0.0, "n_obs": 1}}, {"type": "Feature", "id": 566, "geometry": {"type": "Polygon", "coordinates": [[[41.660369, 42.068171], [41.657157, 42.06417], [41.660314, 42.059843], [41.666683, 42.059517], [41.669895, 42.063517], [41.666738, 42.067844], [41.660369, 42.068171]]]}, "properties": {"i": 566, "h3": "882c2189abfffff", "lon": 41.66353, "lat": 42.06384, "water_km2": 0.725, "dist_coast_km": 4.1, "persistence": 0.0, "mean_cover": 0.0, "max_cover": 0.0, "trend_cover": 0.0, "hot": 0.0, "n_obs": 1}}, {"type": "Feature", "id": 567, "geometry": {"type": "Polygon", "coordinates": [[[41.650733, 42.056167], [41.647522, 42.052165], [41.65068, 42.047838], [41.657049, 42.047512], [41.66026, 42.051514], [41.657103, 42.055841], [41.650733, 42.056167]]]}, "properties": {"i": 567, "h3": "882c2189adfffff", "lon": 41.65389, "lat": 42.05184, "water_km2": 0.72, "dist_coast_km": 5.5, "persistence": 0.0, "mean_cover": 0.0, "max_cover": 0.0, "trend_cover": 0.0, "hot": 0.0, "n_obs": 1}}, {"type": "Feature", "id": 568, "geometry": {"type": "Polygon", "coordinates": [[[41.679533, 42.075518], [41.67632, 42.071518], [41.679476, 42.067191], [41.685845, 42.066863], [41.689058, 42.070863], [41.685902, 42.07519], [41.679533, 42.075518]]]}, "properties": {"i": 568, "h3": "882c2189b1fffff", "lon": 41.68269, "lat": 42.07119, "water_km2": 0.745, "dist_coast_km": 2.3, "persistence": 0.0, "mean_cover": 0.0, "max_cover": 0.0, "trend_cover": 0.0, "hot": 0.0, "n_obs": 1}}, {"type": "Feature", "id": 569, "geometry": {"type": "Polygon", "coordinates": [[[41.689115, 42.079189], [41.685902, 42.07519], [41.689058, 42.070863], [41.695426, 42.070535], [41.698639, 42.074534], [41.695484, 42.078861], [41.689115, 42.079189]]]}, "properties": {"i": 569, "h3": "882c2189b3fffff", "lon": 41.69227, "lat": 42.07486, "water_km2": 0.725, "dist_coast_km": 1.4, "persistence": 0.0, "mean_cover": 0.0, "max_cover": 0.0, "trend_cover": 0.0, "hot": 0.0, "n_obs": 1}}, {"type": "Feature", "id": 570, "geometry": {"type": "Polygon", "coordinates": [[[41.679476, 42.067191], [41.676264, 42.063191], [41.67942, 42.058863], [41.685788, 42.058536], [41.689001, 42.062536], [41.685845, 42.066863], [41.679476, 42.067191]]]}, "properties": {"i": 570, "h3": "882c2189b5fffff", "lon": 41.68263, "lat": 42.06286, "water_km2": 0.72, "dist_coast_km": 2.7, "persistence": 0.0, "mean_cover": 0.0, "max_cover": 0.0, "trend_cover": 0.0, "hot": 0.0, "n_obs": 1}}, {"type": "Feature", "id": 571, "geometry": {"type": "Polygon", "coordinates": [[[41.689058, 42.070863], [41.685845, 42.066863], [41.689001, 42.062536], [41.695368, 42.062208], [41.698581, 42.066208], [41.695426, 42.070535], [41.689058, 42.070863]]]}, "properties": {"i": 571, "h3": "882c2189b7fffff", "lon": 41.69221, "lat": 42.06654, "water_km2": 0.738, "dist_coast_km": 1.4, "persistence": 0.0, "mean_cover": 0.0, "max_cover": 0.0, "trend_cover": 0.0, "hot": 0.0, "n_obs": 1}}, {"type": "Feature", "id": 572, "geometry": {"type": "Polygon", "coordinates": [[[41.670006, 42.080172], [41.666793, 42.076172], [41.66995, 42.071845], [41.67632, 42.071518], [41.679533, 42.075518], [41.676376, 42.079845], [41.670006, 42.080172]]]}, "properties": {"i": 572, "h3": "882c2189b9fffff", "lon": 41.67316, "lat": 42.07584, "water_km2": 0.735, "dist_coast_km": 3.3, "persistence": 0.0, "mean_cover": 0.0, "max_cover": 0.0, "trend_cover": 0.0, "hot": 0.0, "n_obs": 1}}, {"type": "Feature", "id": 573, "geometry": {"type": "Polygon", "coordinates": [[[41.679589, 42.083844], [41.676376, 42.079845], [41.679533, 42.075518], [41.685902, 42.07519], [41.689115, 42.079189], [41.685958, 42.083516], [41.679589, 42.083844]]]}, "properties": {"i": 573, "h3": "882c2189bbfffff", "lon": 41.68275, "lat": 42.07952, "water_km2": 0.72, "dist_coast_km": 2.3, "persistence": 0.0, "mean_cover": 0.0, "max_cover": 0.0, "trend_cover": 0.0, "hot": 0.0, "n_obs": 1}}, {"type": "Feature", "id": 574, "geometry": {"type": "Polygon", "coordinates": [[[41.66995, 42.071845], [41.666738, 42.067844], [41.669895, 42.063517], [41.676264, 42.063191], [41.679476, 42.067191], [41.67632, 42.071518], [41.66995, 42.071845]]]}, "properties": {"i": 574, "h3": "882c2189bdfffff", "lon": 41.67311, "lat": 42.06752, "water_km2": 0.72, "dist_coast_km": 3.3, "persistence": 0.0, "mean_cover": 0.0, "max_cover": 0.0, "trend_cover": 0.0, "hot": 0.0, "n_obs": 1}}, {"type": "Feature", "id": 575, "geometry": {"type": "Polygon", "coordinates": [[[41.622244, 42.086778], [41.619032, 42.082776], [41.622193, 42.07845], [41.628566, 42.078126], [41.631777, 42.082127], [41.628617, 42.086454], [41.622244, 42.086778]]]}, "properties": {"i": 575, "h3": "882c2189c1fffff", "lon": 41.6254, "lat": 42.08245, "water_km2": 0.748, "dist_coast_km": 5.5, "persistence": 0.0, "mean_cover": 0.0, "max_cover": 0.0, "trend_cover": 0.0, "hot": 0.0, "n_obs": 1}}, {"type": "Feature", "id": 576, "geometry": {"type": "Polygon", "coordinates": [[[41.631829, 42.090455], [41.628617, 42.086454], [41.631777, 42.082127], [41.63815, 42.081802], [41.641362, 42.085803], [41.638202, 42.090129], [41.631829, 42.090455]]]}, "properties": {"i": 576, "h3": "882c2189c3fffff", "lon": 41.63499, "lat": 42.08613, "water_km2": 0.728, "dist_coast_km": 4.5, "persistence": 0.0, "mean_cover": 0.0, "max_cover": 0.0, "trend_cover": 0.0, "hot": 0.0, "n_obs": 1}}, {"type": "Feature", "id": 577, "geometry": {"type": "Polygon", "coordinates": [[[41.622193, 42.07845], [41.618982, 42.074448], [41.622143, 42.070122], [41.628515, 42.069797], [41.631726, 42.073799], [41.628566, 42.078126], [41.622193, 42.07845]]]}, "properties": {"i": 577, "h3": "882c2189c5fffff", "lon": 41.62535, "lat": 42.07412, "water_km2": 0.718, "dist_coast_km": 6.6, "persistence": 0.0, "mean_cover": 0.0, "max_cover": 0.0, "trend_cover": 0.0, "hot": 0.0, "n_obs": 1}}, {"type": "Feature", "id": 578, "geometry": {"type": "Polygon", "coordinates": [[[41.631777, 42.082127], [41.628566, 42.078126], [41.631726, 42.073799], [41.638098, 42.073474], [41.64131, 42.077476], [41.63815, 42.081802], [41.631777, 42.082127]]]}, "properties": {"i": 578, "h3": "882c2189c7fffff", "lon": 41.63494, "lat": 42.0778, "water_km2": 0.738, "dist_coast_km": 5.5, "persistence": 0.0, "mean_cover": 0.0, "max_cover": 0.0, "trend_cover": 0.0, "hot": 0.0, "n_obs": 1}}, {"type": "Feature", "id": 579, "geometry": {"type": "Polygon", "coordinates": [[[41.612708, 42.091429], [41.609496, 42.087427], [41.612658, 42.083101], [41.619032, 42.082776], [41.622244, 42.086778], [41.619082, 42.091104], [41.612708, 42.091429]]]}, "properties": {"i": 579, "h3": "882c2189c9fffff", "lon": 41.61587, "lat": 42.0871, "water_km2": 0.74, "dist_coast_km": 5.5, "persistence": 0.0, "mean_cover": 0.0, "max_cover": 0.0, "trend_cover": 0.0, "hot": 0.0, "n_obs": 1}}, {"type": "Feature", "id": 580, "geometry": {"type": "Polygon", "coordinates": [[[41.622294, 42.095106], [41.619082, 42.091104], [41.622244, 42.086778], [41.628617, 42.086454], [41.631829, 42.090455], [41.628668, 42.094781], [41.622294, 42.095106]]]}, "properties": {"i": 580, "h3": "882c2189cbfffff", "lon": 41.62546, "lat": 42.09078, "water_km2": 0.718, "dist_coast_km": 4.5, "persistence": 0.0, "mean_cover": 0.0, "max_cover": 0.0, "trend_cover": 0.0, "hot": 0.0, "n_obs": 1}}, {"type": "Feature", "id": 581, "geometry": {"type": "Polygon", "coordinates": [[[41.612658, 42.083101], [41.609447, 42.079098], [41.612609, 42.074772], [41.618982, 42.074448], [41.622193, 42.07845], [41.619032, 42.082776], [41.612658, 42.083101]]]}, "properties": {"i": 581, "h3": "882c2189cdfffff", "lon": 41.61582, "lat": 42.07877, "water_km2": 0.722, "dist_coast_km": 6.6, "persistence": 0.0, "mean_cover": 0.0, "max_cover": 0.0, "trend_cover": 0.0, "hot": 0.0, "n_obs": 1}}, {"type": "Feature", "id": 582, "geometry": {"type": "Polygon", "coordinates": [[[41.641467, 42.102457], [41.638254, 42.098456], [41.641414, 42.09413], [41.647787, 42.093804], [41.651, 42.097804], [41.64784, 42.10213], [41.641467, 42.102457]]]}, "properties": {"i": 582, "h3": "882c2189d1fffff", "lon": 41.64463, "lat": 42.09813, "water_km2": 0.735, "dist_coast_km": 3.3, "persistence": 0.0, "mean_cover": 0.0, "max_cover": 0.0, "trend_cover": 0.0, "hot": 0.0, "n_obs": 1}}, {"type": "Feature", "id": 583, "geometry": {"type": "Polygon", "coordinates": [[[41.651053, 42.10613], [41.64784, 42.10213], [41.651, 42.097804], [41.657372, 42.097478], [41.660585, 42.101477], [41.657426, 42.105804], [41.651053, 42.10613]]]}, "properties": {"i": 583, "h3": "882c2189d3fffff", "lon": 41.65421, "lat": 42.1018, "water_km2": 0.72, "dist_coast_km": 2.3, "persistence": 0.0, "mean_cover": 0.0, "max_cover": 0.0, "trend_cover": 0.0, "hot": 0.0, "n_obs": 1}}, {"type": "Feature", "id": 584, "geometry": {"type": "Polygon", "coordinates": [[[41.641414, 42.09413], [41.638202, 42.090129], [41.641362, 42.085803], [41.647734, 42.085477], [41.650946, 42.089478], [41.647787, 42.093804], [41.641414, 42.09413]]]}, "properties": {"i": 584, "h3": "882c2189d5fffff", "lon": 41.64457, "lat": 42.0898, "water_km2": 0.728, "dist_coast_km": 3.3, "persistence": 0.0, "mean_cover": 0.0, "max_cover": 0.0, "trend_cover": 0.0, "hot": 0.0, "n_obs": 1}}, {"type": "Feature", "id": 585, "geometry": {"type": "Polygon", "coordinates": [[[41.651, 42.097804], [41.647787, 42.093804], [41.650946, 42.089478], [41.657318, 42.089152], [41.660531, 42.093151], [41.657372, 42.097478], [41.651, 42.097804]]]}, "properties": {"i": 585, "h3": "882c2189d7fffff", "lon": 41.65416, "lat": 42.09348, "water_km2": 0.742, "dist_coast_km": 3.3, "persistence": 0.0, "mean_cover": 0.0, "max_cover": 0.0, "trend_cover": 0.0, "hot": 0.0, "n_obs": 1}}, {"type": "Feature", "id": 586, "geometry": {"type": "Polygon", "coordinates": [[[41.631932, 42.107108], [41.628719, 42.103108], [41.63188, 42.098782], [41.638254, 42.098456], [41.641467, 42.102457], [41.638306, 42.106782], [41.631932, 42.107108]]]}, "properties": {"i": 586, "h3": "882c2189d9fffff", "lon": 41.63509, "lat": 42.10278, "water_km2": 0.728, "dist_coast_km": 3.3, "persistence": 0.0, "mean_cover": 0.0, "max_cover": 0.0, "trend_cover": 0.0, "hot": 0.0, "n_obs": 1}}, {"type": "Feature", "id": 587, "geometry": {"type": "Polygon", "coordinates": [[[41.641519, 42.110782], [41.638306, 42.106782], [41.641467, 42.102457], [41.64784, 42.10213], [41.651053, 42.10613], [41.647893, 42.110456], [41.641519, 42.110782]]]}, "properties": {"i": 587, "h3": "882c2189dbfffff", "lon": 41.64468, "lat": 42.10646, "water_km2": 0.728, "dist_coast_km": 2.3, "persistence": 0.0, "mean_cover": 0.0, "max_cover": 0.0, "trend_cover": 0.0, "hot": 0.0, "n_obs": 1}}, {"type": "Feature", "id": 588, "geometry": {"type": "Polygon", "coordinates": [[[41.63188, 42.098782], [41.628668, 42.094781], [41.631829, 42.090455], [41.638202, 42.090129], [41.641414, 42.09413], [41.638254, 42.098456], [41.63188, 42.098782]]]}, "properties": {"i": 588, "h3": "882c2189ddfffff", "lon": 41.63504, "lat": 42.09446, "water_km2": 0.738, "dist_coast_km": 4.5, "persistence": 0.0, "mean_cover": 0.0, "max_cover": 0.0, "trend_cover": 0.0, "hot": 0.0, "n_obs": 1}}, {"type": "Feature", "id": 589, "geometry": {"type": "Polygon", "coordinates": [[[41.631675, 42.065471], [41.628464, 42.061468], [41.631623, 42.057141], [41.637994, 42.056817], [41.641205, 42.060819], [41.638046, 42.065146], [41.631675, 42.065471]]]}, "properties": {"i": 589, "h3": "882c2189e1fffff", "lon": 41.63483, "lat": 42.06114, "water_km2": 0.738, "dist_coast_km": 6.6, "persistence": 0.0, "mean_cover": 0.0, "max_cover": 0.0, "trend_cover": 0.0, "hot": 0.0, "n_obs": 1}}, {"type": "Feature", "id": 590, "geometry": {"type": "Polygon", "coordinates": [[[41.641257, 42.069148], [41.638046, 42.065146], [41.641205, 42.060819], [41.647575, 42.060494], [41.650787, 42.064495], [41.647628, 42.068822], [41.641257, 42.069148]]]}, "properties": {"i": 590, "h3": "882c2189e3fffff", "lon": 41.64442, "lat": 42.06482, "water_km2": 0.738, "dist_coast_km": 5.5, "persistence": 0.0, "mean_cover": 0.0, "max_cover": 0.0, "trend_cover": 0.0, "hot": 0.0, "n_obs": 1}}, {"type": "Feature", "id": 591, "geometry": {"type": "Polygon", "coordinates": [[[41.631623, 42.057141], [41.628413, 42.053139], [41.631572, 42.048812], [41.637942, 42.048487], [41.641153, 42.05249], [41.637994, 42.056817], [41.631623, 42.057141]]]}, "properties": {"i": 591, "h3": "882c2189e5fffff", "lon": 41.63478, "lat": 42.05281, "water_km2": 0.728, "dist_coast_km": 6.6, "persistence": 0.0, "mean_cover": 0.0, "max_cover": 0.0, "trend_cover": 0.0, "hot": 0.0, "n_obs": 1}}, {"type": "Feature", "id": 592, "geometry": {"type": "Polygon", "coordinates": [[[41.641205, 42.060819], [41.637994, 42.056817], [41.641153, 42.05249], [41.647522, 42.052165], [41.650733, 42.056167], [41.647575, 42.060494], [41.641205, 42.060819]]]}, "properties": {"i": 592, "h3": "882c2189e7fffff", "lon": 41.64436, "lat": 42.05649, "water_km2": 0.728, "dist_coast_km": 5.5, "persistence": 0.0, "mean_cover": 0.0, "max_cover": 0.0, "trend_cover": 0.0, "hot": 0.0, "n_obs": 1}}, {"type": "Feature", "id": 593, "geometry": {"type": "Polygon", "coordinates": [[[41.622143, 42.070122], [41.618932, 42.066119], [41.622092, 42.061792], [41.628464, 42.061468], [41.631675, 42.065471], [41.628515, 42.069797], [41.622143, 42.070122]]]}, "properties": {"i": 593, "h3": "882c2189e9fffff", "lon": 41.6253, "lat": 42.0658, "water_km2": 0.748, "dist_coast_km": 7.8, "persistence": 0.0, "mean_cover": 0.0, "max_cover": 0.0, "trend_cover": 0.0, "hot": 0.0, "n_obs": 1}}, {"type": "Feature", "id": 594, "geometry": {"type": "Polygon", "coordinates": [[[41.631726, 42.073799], [41.628515, 42.069797], [41.631675, 42.065471], [41.638046, 42.065146], [41.641257, 42.069148], [41.638098, 42.073474], [41.631726, 42.073799]]]}, "properties": {"i": 594, "h3": "882c2189ebfffff", "lon": 41.63489, "lat": 42.06947, "water_km2": 0.728, "dist_coast_km": 5.5, "persistence": 0.0, "mean_cover": 0.0, "max_cover": 0.0, "trend_cover": 0.0, "hot": 0.0, "n_obs": 1}}, {"type": "Feature", "id": 595, "geometry": {"type": "Polygon", "coordinates": [[[41.622092, 42.061792], [41.618882, 42.05779], [41.622042, 42.053463], [41.628413, 42.053139], [41.631623, 42.057141], [41.628464, 42.061468], [41.622092, 42.061792]]]}, "properties": {"i": 595, "h3": "882c2189edfffff", "lon": 41.62525, "lat": 42.05747, "water_km2": 0.718, "dist_coast_km": 7.8, "persistence": 0.0, "mean_cover": 0.0, "max_cover": 0.0, "trend_cover": 0.0, "hot": 0.0, "n_obs": 1}}, {"type": "Feature", "id": 596, "geometry": {"type": "Polygon", "coordinates": [[[41.517295, 42.146226], [41.514084, 42.142222], [41.517255, 42.137898], [41.523638, 42.137578], [41.526849, 42.141582], [41.523678, 42.145905], [41.517295, 42.146226]]]}, "properties": {"i": 596, "h3": "882c218a01fffff", "lon": 41.52047, "lat": 42.1419, "water_km2": 0.738, "dist_coast_km": 11.0, "persistence": 0.0, "mean_cover": 0.0, "max_cover": 0.0, "trend_cover": 0.0, "hot": 0.0, "n_obs": 1}}, {"type": "Feature", "id": 597, "geometry": {"type": "Polygon", "coordinates": [[[41.52689, 42.149909], [41.523678, 42.145905], [41.526849, 42.141582], [41.533232, 42.141261], [41.536444, 42.145264], [41.533273, 42.149588], [41.52689, 42.149909]]]}, "properties": {"i": 597, "h3": "882c218a03fffff", "lon": 41.53006, "lat": 42.14558, "water_km2": 0.72, "dist_coast_km": 9.6, "persistence": 0.0, "mean_cover": 0.0, "max_cover": 0.0, "trend_cover": 0.0, "hot": 0.0, "n_obs": 1}}, {"type": "Feature", "id": 598, "geometry": {"type": "Polygon", "coordinates": [[[41.517255, 42.137898], [41.514044, 42.133894], [41.517215, 42.12957], [41.523597, 42.12925], [41.526808, 42.133254], [41.523638, 42.137578], [41.517255, 42.137898]]]}, "properties": {"i": 598, "h3": "882c218a05fffff", "lon": 41.52043, "lat": 42.13357, "water_km2": 0.728, "dist_coast_km": 11.2, "persistence": 0.0, "mean_cover": 0.0, "max_cover": 0.0, "trend_cover": 0.0, "hot": 0.0, "n_obs": 1}}, {"type": "Feature", "id": 599, "geometry": {"type": "Polygon", "coordinates": [[[41.526849, 42.141582], [41.523638, 42.137578], [41.526808, 42.133254], [41.53319, 42.132933], [41.536402, 42.136937], [41.533232, 42.141261], [41.526849, 42.141582]]]}, "properties": {"i": 599, "h3": "882c218a07fffff", "lon": 41.53002, "lat": 42.13726, "water_km2": 0.745, "dist_coast_km": 9.6, "persistence": 0.0, "mean_cover": 0.0, "max_cover": 0.0, "trend_cover": 0.0, "hot": 0.0, "n_obs": 1}}, {"type": "Feature", "id": 600, "geometry": {"type": "Polygon", "coordinates": [[[41.507739, 42.150869], [41.504528, 42.146865], [41.5077, 42.142542], [41.514084, 42.142222], [41.517295, 42.146226], [41.514123, 42.150549], [41.507739, 42.150869]]]}, "properties": {"i": 600, "h3": "882c218a09fffff", "lon": 41.51091, "lat": 42.14655, "water_km2": 0.725, "dist_coast_km": 11.0, "persistence": 0.0, "mean_cover": 0.0, "max_cover": 0.0, "trend_cover": 0.0, "hot": 0.0, "n_obs": 1}}, {"type": "Feature", "id": 601, "geometry": {"type": "Polygon", "coordinates": [[[41.517335, 42.154553], [41.514123, 42.150549], [41.517295, 42.146226], [41.523678, 42.145905], [41.52689, 42.149909], [41.523719, 42.154232], [41.517335, 42.154553]]]}, "properties": {"i": 601, "h3": "882c218a0bfffff", "lon": 41.52051, "lat": 42.15023, "water_km2": 0.728, "dist_coast_km": 11.0, "persistence": 0.0, "mean_cover": 0.0, "max_cover": 0.0, "trend_cover": 0.0, "hot": 0.0, "n_obs": 1}}, {"type": "Feature", "id": 602, "geometry": {"type": "Polygon", "coordinates": [[[41.5077, 42.142542], [41.504489, 42.138537], [41.507661, 42.134214], [41.514044, 42.133894], [41.517255, 42.137898], [41.514084, 42.142222], [41.5077, 42.142542]]]}, "properties": {"i": 602, "h3": "882c218a0dfffff", "lon": 41.51087, "lat": 42.13822, "water_km2": 0.738, "dist_coast_km": 11.0, "persistence": 0.0, "mean_cover": 0.0, "max_cover": 0.0, "trend_cover": 0.0, "hot": 0.0, "n_obs": 1}}, {"type": "Feature", "id": 603, "geometry": {"type": "Polygon", "coordinates": [[[41.536528, 42.161916], [41.533315, 42.157914], [41.536486, 42.15359], [41.542869, 42.153269], [41.546081, 42.157271], [41.542911, 42.161595], [41.536528, 42.161916]]]}, "properties": {"i": 603, "h3": "882c218a11fffff", "lon": 41.5397, "lat": 42.15759, "water_km2": 0.725, "dist_coast_km": 9.0, "persistence": 0.0, "mean_cover": 0.0, "max_cover": 0.0, "trend_cover": 0.0, "hot": 0.0, "n_obs": 1}}, {"type": "Feature", "id": 604, "geometry": {"type": "Polygon", "coordinates": [[[41.546124, 42.165596], [41.542911, 42.161595], [41.546081, 42.157271], [41.552464, 42.156949], [41.555677, 42.16095], [41.552507, 42.165274], [41.546124, 42.165596]]]}, "properties": {"i": 604, "h3": "882c218a13fffff", "lon": 41.54929, "lat": 42.16127, "water_km2": 0.732, "dist_coast_km": 7.8, "persistence": 0.0, "mean_cover": 0.0, "max_cover": 0.0, "trend_cover": 0.0, "hot": 0.0, "n_obs": 1}}, {"type": "Feature", "id": 605, "geometry": {"type": "Polygon", "coordinates": [[[41.536486, 42.15359], [41.533273, 42.149588], [41.536444, 42.145264], [41.542826, 42.144943], [41.546038, 42.148945], [41.542869, 42.153269], [41.536486, 42.15359]]]}, "properties": {"i": 605, "h3": "882c218a15fffff", "lon": 41.53966, "lat": 42.14927, "water_km2": 0.738, "dist_coast_km": 9.6, "persistence": 0.0, "mean_cover": 0.0, "max_cover": 0.0, "trend_cover": 0.0, "hot": 0.0, "n_obs": 1}}, {"type": "Feature", "id": 606, "geometry": {"type": "Polygon", "coordinates": [[[41.546081, 42.157271], [41.542869, 42.153269], [41.546038, 42.148945], [41.55242, 42.148623], [41.555633, 42.152625], [41.552464, 42.156949], [41.546081, 42.157271]]]}, "properties": {"i": 606, "h3": "882c218a17fffff", "lon": 41.54925, "lat": 42.15295, "water_km2": 0.732, "dist_coast_km": 7.8, "persistence": 0.0, "mean_cover": 0.0, "max_cover": 0.0, "trend_cover": 0.0, "hot": 0.0, "n_obs": 1}}, {"type": "Feature", "id": 607, "geometry": {"type": "Polygon", "coordinates": [[[41.526973, 42.166561], [41.52376, 42.162559], [41.526932, 42.158235], [41.533315, 42.157914], [41.536528, 42.161916], [41.533357, 42.16624], [41.526973, 42.166561]]]}, "properties": {"i": 607, "h3": "882c218a19fffff", "lon": 41.53014, "lat": 42.16224, "water_km2": 0.72, "dist_coast_km": 9.0, "persistence": 0.0, "mean_cover": 0.0, "max_cover": 0.0, "trend_cover": 0.0, "hot": 0.0, "n_obs": 1}}, {"type": "Feature", "id": 608, "geometry": {"type": "Polygon", "coordinates": [[[41.53657, 42.170242], [41.533357, 42.16624], [41.536528, 42.161916], [41.542911, 42.161595], [41.546124, 42.165596], [41.542954, 42.16992], [41.53657, 42.170242]]]}, "properties": {"i": 608, "h3": "882c218a1bfffff", "lon": 41.53974, "lat": 42.16592, "water_km2": 0.74, "dist_coast_km": 9.0, "persistence": 0.0, "mean_cover": 0.0, "max_cover": 0.0, "trend_cover": 0.0, "hot": 0.0, "n_obs": 1}}, {"type": "Feature", "id": 609, "geometry": {"type": "Polygon", "coordinates": [[[41.526932, 42.158235], [41.523719, 42.154232], [41.52689, 42.149909], [41.533273, 42.149588], [41.536486, 42.15359], [41.533315, 42.157914], [41.526932, 42.158235]]]}, "properties": {"i": 609, "h3": "882c218a1dfffff", "lon": 41.5301, "lat": 42.15391, "water_km2": 0.745, "dist_coast_km": 9.0, "persistence": 0.0, "mean_cover": 0.0, "max_cover": 0.0, "trend_cover": 0.0, "hot": 0.0, "n_obs": 1}}, {"type": "Feature", "id": 610, "geometry": {"type": "Polygon", "coordinates": [[[41.526767, 42.124926], [41.523556, 42.120922], [41.526726, 42.116597], [41.533107, 42.116277], [41.536318, 42.120281], [41.533148, 42.124606], [41.526767, 42.124926]]]}, "properties": {"i": 610, "h3": "882c218a21fffff", "lon": 41.52994, "lat": 42.1206, "water_km2": 0.745, "dist_coast_km": 9.8, "persistence": 0.0, "mean_cover": 0.0, "max_cover": 0.0, "trend_cover": 0.0, "hot": 0.0, "n_obs": 1}}, {"type": "Feature", "id": 611, "geometry": {"type": "Polygon", "coordinates": [[[41.53636, 42.128609], [41.533148, 42.124606], [41.536318, 42.120281], [41.542698, 42.11996], [41.545909, 42.123964], [41.542741, 42.128288], [41.53636, 42.128609]]]}, "properties": {"i": 611, "h3": "882c218a23fffff", "lon": 41.53953, "lat": 42.12428, "water_km2": 0.725, "dist_coast_km": 9.8, "persistence": 0.0, "mean_cover": 0.0, "max_cover": 0.0, "trend_cover": 0.0, "hot": 0.0, "n_obs": 1}}, {"type": "Feature", "id": 612, "geometry": {"type": "Polygon", "coordinates": [[[41.526726, 42.116597], [41.523515, 42.112593], [41.526685, 42.108268], [41.533065, 42.107948], [41.536276, 42.111952], [41.533107, 42.116277], [41.526726, 42.116597]]]}, "properties": {"i": 612, "h3": "882c218a25fffff", "lon": 41.5299, "lat": 42.11227, "water_km2": 0.72, "dist_coast_km": 10.3, "persistence": 0.0, "mean_cover": 0.0, "max_cover": 0.0, "trend_cover": 0.0, "hot": 0.0, "n_obs": 1}}, {"type": "Feature", "id": 613, "geometry": {"type": "Polygon", "coordinates": [[[41.536318, 42.120281], [41.533107, 42.116277], [41.536276, 42.111952], [41.542655, 42.111632], [41.545866, 42.115636], [41.542698, 42.11996], [41.536318, 42.120281]]]}, "properties": {"i": 613, "h3": "882c218a27fffff", "lon": 41.53949, "lat": 42.11596, "water_km2": 0.738, "dist_coast_km": 10.3, "persistence": 0.0, "mean_cover": 0.0, "max_cover": 0.0, "trend_cover": 0.0, "hot": 0.0, "n_obs": 1}}, {"type": "Feature", "id": 614, "geometry": {"type": "Polygon", "coordinates": [[[41.517215, 42.12957], [41.514004, 42.125566], [41.517175, 42.121241], [41.523556, 42.120922], [41.526767, 42.124926], [41.523597, 42.12925], [41.517215, 42.12957]]]}, "properties": {"i": 614, "h3": "882c218a29fffff", "lon": 41.52039, "lat": 42.12525, "water_km2": 0.738, "dist_coast_km": 11.2, "persistence": 0.0, "mean_cover": 0.0, "max_cover": 0.0, "trend_cover": 0.0, "hot": 0.0, "n_obs": 1}}, {"type": "Feature", "id": 615, "geometry": {"type": "Polygon", "coordinates": [[[41.526808, 42.133254], [41.523597, 42.12925], [41.526767, 42.124926], [41.533148, 42.124606], [41.53636, 42.128609], [41.53319, 42.132933], [41.526808, 42.133254]]]}, "properties": {"i": 615, "h3": "882c218a2bfffff", "lon": 41.52998, "lat": 42.12893, "water_km2": 0.72, "dist_coast_km": 9.8, "persistence": 0.0, "mean_cover": 0.0, "max_cover": 0.0, "trend_cover": 0.0, "hot": 0.0, "n_obs": 1}}, {"type": "Feature", "id": 616, "geometry": {"type": "Polygon", "coordinates": [[[41.517175, 42.121241], [41.513964, 42.117237], [41.517135, 42.112912], [41.523515, 42.112593], [41.526726, 42.116597], [41.523556, 42.120922], [41.517175, 42.121241]]]}, "properties": {"i": 616, "h3": "882c218a2dfffff", "lon": 41.52035, "lat": 42.11692, "water_km2": 0.728, "dist_coast_km": 11.6, "persistence": 0.0, "mean_cover": 0.0, "max_cover": 0.0, "trend_cover": 0.0, "hot": 0.0, "n_obs": 1}}, {"type": "Feature", "id": 617, "geometry": {"type": "Polygon", "coordinates": [[[41.545995, 42.140618], [41.542783, 42.136616], [41.545952, 42.132291], [41.552333, 42.13197], [41.555545, 42.135972], [41.552377, 42.140297], [41.545995, 42.140618]]]}, "properties": {"i": 617, "h3": "882c218a31fffff", "lon": 41.54916, "lat": 42.13629, "water_km2": 0.732, "dist_coast_km": 8.2, "persistence": 0.0, "mean_cover": 0.0, "max_cover": 0.0, "trend_cover": 0.0, "hot": 0.0, "n_obs": 1}}, {"type": "Feature", "id": 618, "geometry": {"type": "Polygon", "coordinates": [[[41.555589, 42.144299], [41.552377, 42.140297], [41.555545, 42.135972], [41.561926, 42.13565], [41.565138, 42.139652], [41.56197, 42.143976], [41.555589, 42.144299]]]}, "properties": {"i": 618, "h3": "882c218a33fffff", "lon": 41.55876, "lat": 42.13997, "water_km2": 0.72, "dist_coast_km": 6.9, "persistence": 0.0, "mean_cover": 0.0, "max_cover": 0.0, "trend_cover": 0.0, "hot": 0.0, "n_obs": 1}}, {"type": "Feature", "id": 619, "geometry": {"type": "Polygon", "coordinates": [[[41.545952, 42.132291], [41.542741, 42.128288], [41.545909, 42.123964], [41.552289, 42.123642], [41.555501, 42.127645], [41.552333, 42.13197], [41.545952, 42.132291]]]}, "properties": {"i": 619, "h3": "882c218a35fffff", "lon": 41.54912, "lat": 42.12797, "water_km2": 0.73, "dist_coast_km": 8.5, "persistence": 0.0, "mean_cover": 0.0, "max_cover": 0.0, "trend_cover": 0.0, "hot": 0.0, "n_obs": 1}}, {"type": "Feature", "id": 620, "geometry": {"type": "Polygon", "coordinates": [[[41.555545, 42.135972], [41.552333, 42.13197], [41.555501, 42.127645], [41.561881, 42.127323], [41.565093, 42.131326], [41.561926, 42.13565], [41.555545, 42.135972]]]}, "properties": {"i": 620, "h3": "882c218a37fffff", "lon": 41.55871, "lat": 42.13165, "water_km2": 0.745, "dist_coast_km": 7.1, "persistence": 0.0, "mean_cover": 0.0, "max_cover": 0.0, "trend_cover": 0.0, "hot": 0.0, "n_obs": 1}}, {"type": "Feature", "id": 621, "geometry": {"type": "Polygon", "coordinates": [[[41.536444, 42.145264], [41.533232, 42.141261], [41.536402, 42.136937], [41.542783, 42.136616], [41.545995, 42.140618], [41.542826, 42.144943], [41.536444, 42.145264]]]}, "properties": {"i": 621, "h3": "882c218a39fffff", "lon": 41.53961, "lat": 42.14094, "water_km2": 0.728, "dist_coast_km": 9.6, "persistence": 0.0, "mean_cover": 0.0, "max_cover": 0.0, "trend_cover": 0.0, "hot": 0.0, "n_obs": 1}}, {"type": "Feature", "id": 622, "geometry": {"type": "Polygon", "coordinates": [[[41.546038, 42.148945], [41.542826, 42.144943], [41.545995, 42.140618], [41.552377, 42.140297], [41.555589, 42.144299], [41.55242, 42.148623], [41.546038, 42.148945]]]}, "properties": {"i": 622, "h3": "882c218a3bfffff", "lon": 41.54921, "lat": 42.14462, "water_km2": 0.732, "dist_coast_km": 8.2, "persistence": 0.0, "mean_cover": 0.0, "max_cover": 0.0, "trend_cover": 0.0, "hot": 0.0, "n_obs": 1}}, {"type": "Feature", "id": 623, "geometry": {"type": "Polygon", "coordinates": [[[41.536402, 42.136937], [41.53319, 42.132933], [41.53636, 42.128609], [41.542741, 42.128288], [41.545952, 42.132291], [41.542783, 42.136616], [41.536402, 42.136937]]]}, "properties": {"i": 623, "h3": "882c218a3dfffff", "lon": 41.53957, "lat": 42.13261, "water_km2": 0.74, "dist_coast_km": 9.8, "persistence": 0.0, "mean_cover": 0.0, "max_cover": 0.0, "trend_cover": 0.0, "hot": 0.0, "n_obs": 1}}, {"type": "Feature", "id": 624, "geometry": {"type": "Polygon", "coordinates": [[[41.488585, 42.151827], [41.485374, 42.147822], [41.488548, 42.143499], [41.494932, 42.14318], [41.498143, 42.147185], [41.49497, 42.151508], [41.488585, 42.151827]]]}, "properties": {"i": 624, "h3": "882c218a41fffff", "lon": 41.49176, "lat": 42.1475, "water_km2": 0.74, "dist_coast_km": 13.6, "persistence": 0.0, "mean_cover": 0.0, "max_cover": 0.0, "trend_cover": 0.0, "hot": 0.0, "n_obs": 1}}, {"type": "Feature", "id": 625, "geometry": {"type": "Polygon", "coordinates": [[[41.498182, 42.155512], [41.49497, 42.151508], [41.498143, 42.147185], [41.504528, 42.146865], [41.507739, 42.150869], [41.504567, 42.155193], [41.498182, 42.155512]]]}, "properties": {"i": 625, "h3": "882c218a43fffff", "lon": 41.50135, "lat": 42.15119, "water_km2": 0.72, "dist_coast_km": 11.6, "persistence": 0.0, "mean_cover": 0.0, "max_cover": 0.0, "trend_cover": 0.0, "hot": 0.0, "n_obs": 1}}, {"type": "Feature", "id": 626, "geometry": {"type": "Polygon", "coordinates": [[[41.488548, 42.143499], [41.485337, 42.139494], [41.48851, 42.13517], [41.494894, 42.134852], [41.498105, 42.138857], [41.494932, 42.14318], [41.488548, 42.143499]]]}, "properties": {"i": 626, "h3": "882c218a45fffff", "lon": 41.49172, "lat": 42.13918, "water_km2": 0.725, "dist_coast_km": 13.6, "persistence": 0.0, "mean_cover": 0.0, "max_cover": 0.0, "trend_cover": 0.0, "hot": 0.0, "n_obs": 1}}, {"type": "Feature", "id": 627, "geometry": {"type": "Polygon", "coordinates": [[[41.498143, 42.147185], [41.494932, 42.14318], [41.498105, 42.138857], [41.504489, 42.138537], [41.5077, 42.142542], [41.504528, 42.146865], [41.498143, 42.147185]]]}, "properties": {"i": 627, "h3": "882c218a47fffff", "lon": 41.50132, "lat": 42.14286, "water_km2": 0.745, "dist_coast_km": 12.3, "persistence": 0.0, "mean_cover": 0.0, "max_cover": 0.0, "trend_cover": 0.0, "hot": 0.0, "n_obs": 1}}, {"type": "Feature", "id": 628, "geometry": {"type": "Polygon", "coordinates": [[[41.479025, 42.156469], [41.475813, 42.152464], [41.478988, 42.148141], [41.485374, 42.147822], [41.488585, 42.151827], [41.485411, 42.15615], [41.479025, 42.156469]]]}, "properties": {"i": 628, "h3": "882c218a49fffff", "lon": 41.4822, "lat": 42.15215, "water_km2": 0.732, "dist_coast_km": 12.9, "persistence": 0.0, "mean_cover": 0.0, "max_cover": 0.0, "trend_cover": 0.0, "hot": 0.0, "n_obs": 1}}, {"type": "Feature", "id": 629, "geometry": {"type": "Polygon", "coordinates": [[[41.488622, 42.160155], [41.485411, 42.15615], [41.488585, 42.151827], [41.49497, 42.151508], [41.498182, 42.155512], [41.495008, 42.159836], [41.488622, 42.160155]]]}, "properties": {"i": 629, "h3": "882c218a4bfffff", "lon": 41.4918, "lat": 42.15583, "water_km2": 0.725, "dist_coast_km": 12.9, "persistence": 0.0, "mean_cover": 0.0, "max_cover": 0.0, "trend_cover": 0.0, "hot": 0.0, "n_obs": 1}}, {"type": "Feature", "id": 630, "geometry": {"type": "Polygon", "coordinates": [[[41.478988, 42.148141], [41.475777, 42.144135], [41.478952, 42.139812], [41.485337, 42.139494], [41.488548, 42.143499], [41.485374, 42.147822], [41.478988, 42.148141]]]}, "properties": {"i": 630, "h3": "882c218a4dfffff", "lon": 41.48216, "lat": 42.14382, "water_km2": 0.735, "dist_coast_km": 13.6, "persistence": 0.0, "mean_cover": 0.0, "max_cover": 0.0, "trend_cover": 0.0, "hot": 0.0, "n_obs": 1}}, {"type": "Feature", "id": 631, "geometry": {"type": "Polygon", "coordinates": [[[41.507818, 42.167523], [41.504605, 42.16352], [41.507778, 42.159196], [41.514163, 42.158876], [41.517375, 42.162879], [41.514203, 42.167203], [41.507818, 42.167523]]]}, "properties": {"i": 631, "h3": "882c218a51fffff", "lon": 41.51099, "lat": 42.1632, "water_km2": 0.725, "dist_coast_km": 10.3, "persistence": 0.0, "mean_cover": 0.0, "max_cover": 0.0, "trend_cover": 0.0, "hot": 0.0, "n_obs": 1}}, {"type": "Feature", "id": 632, "geometry": {"type": "Polygon", "coordinates": [[[41.517416, 42.171205], [41.514203, 42.167203], [41.517375, 42.162879], [41.52376, 42.162559], [41.526973, 42.166561], [41.523801, 42.170884], [41.517416, 42.171205]]]}, "properties": {"i": 632, "h3": "882c218a53fffff", "lon": 41.52059, "lat": 42.16688, "water_km2": 0.728, "dist_coast_km": 10.3, "persistence": 0.0, "mean_cover": 0.0, "max_cover": 0.0, "trend_cover": 0.0, "hot": 0.0, "n_obs": 1}}, {"type": "Feature", "id": 633, "geometry": {"type": "Polygon", "coordinates": [[[41.507778, 42.159196], [41.504567, 42.155193], [41.507739, 42.150869], [41.514123, 42.150549], [41.517335, 42.154553], [41.514163, 42.158876], [41.507778, 42.159196]]]}, "properties": {"i": 633, "h3": "882c218a55fffff", "lon": 41.51095, "lat": 42.15487, "water_km2": 0.738, "dist_coast_km": 10.3, "persistence": 0.0, "mean_cover": 0.0, "max_cover": 0.0, "trend_cover": 0.0, "hot": 0.0, "n_obs": 1}}, {"type": "Feature", "id": 634, "geometry": {"type": "Polygon", "coordinates": [[[41.517375, 42.162879], [41.514163, 42.158876], [41.517335, 42.154553], [41.523719, 42.154232], [41.526932, 42.158235], [41.52376, 42.162559], [41.517375, 42.162879]]]}, "properties": {"i": 634, "h3": "882c218a57fffff", "lon": 41.52055, "lat": 42.15856, "water_km2": 0.74, "dist_coast_km": 10.3, "persistence": 0.0, "mean_cover": 0.0, "max_cover": 0.0, "trend_cover": 0.0, "hot": 0.0, "n_obs": 1}}, {"type": "Feature", "id": 635, "geometry": {"type": "Polygon", "coordinates": [[[41.498258, 42.172166], [41.495046, 42.168162], [41.49822, 42.163839], [41.504605, 42.16352], [41.507818, 42.167523], [41.504644, 42.171846], [41.498258, 42.172166]]]}, "properties": {"i": 635, "h3": "882c218a59fffff", "lon": 41.50143, "lat": 42.16784, "water_km2": 0.718, "dist_coast_km": 11.2, "persistence": 0.0, "mean_cover": 0.0, "max_cover": 0.0, "trend_cover": 0.0, "hot": 0.0, "n_obs": 1}}, {"type": "Feature", "id": 636, "geometry": {"type": "Polygon", "coordinates": [[[41.507857, 42.175849], [41.504644, 42.171846], [41.507818, 42.167523], [41.514203, 42.167203], [41.517416, 42.171205], [41.514243, 42.175528], [41.507857, 42.175849]]]}, "properties": {"i": 636, "h3": "882c218a5bfffff", "lon": 41.51103, "lat": 42.17153, "water_km2": 0.74, "dist_coast_km": 9.8, "persistence": 0.0, "mean_cover": 0.0, "max_cover": 0.0, "trend_cover": 0.0, "hot": 0.0, "n_obs": 1}}, {"type": "Feature", "id": 637, "geometry": {"type": "Polygon", "coordinates": [[[41.49822, 42.163839], [41.495008, 42.159836], [41.498182, 42.155512], [41.504567, 42.155193], [41.507778, 42.159196], [41.504605, 42.16352], [41.49822, 42.163839]]]}, "properties": {"i": 637, "h3": "882c218a5dfffff", "lon": 41.50139, "lat": 42.15952, "water_km2": 0.745, "dist_coast_km": 11.6, "persistence": 0.0, "mean_cover": 0.0, "max_cover": 0.0, "trend_cover": 0.0, "hot": 0.0, "n_obs": 1}}, {"type": "Feature", "id": 638, "geometry": {"type": "Polygon", "coordinates": [[[41.498067, 42.130528], [41.494856, 42.126523], [41.498029, 42.122199], [41.504411, 42.12188], [41.507622, 42.125885], [41.50445, 42.130209], [41.498067, 42.130528]]]}, "properties": {"i": 638, "h3": "882c218a61fffff", "lon": 41.50124, "lat": 42.1262, "water_km2": 0.745, "dist_coast_km": 12.5, "persistence": 0.0, "mean_cover": 0.0, "max_cover": 0.0, "trend_cover": 0.0, "hot": 0.0, "n_obs": 1}}, {"type": "Feature", "id": 639, "geometry": {"type": "Polygon", "coordinates": [[[41.507661, 42.134214], [41.50445, 42.130209], [41.507622, 42.125885], [41.514004, 42.125566], [41.517215, 42.12957], [41.514044, 42.133894], [41.507661, 42.134214]]]}, "properties": {"i": 639, "h3": "882c218a63fffff", "lon": 41.51083, "lat": 42.12989, "water_km2": 0.728, "dist_coast_km": 11.2, "persistence": 0.0, "mean_cover": 0.0, "max_cover": 0.0, "trend_cover": 0.0, "hot": 0.0, "n_obs": 1}}, {"type": "Feature", "id": 640, "geometry": {"type": "Polygon", "coordinates": [[[41.498029, 42.122199], [41.494818, 42.118193], [41.49799, 42.113869], [41.504372, 42.11355], [41.507583, 42.117556], [41.504411, 42.12188], [41.498029, 42.122199]]]}, "properties": {"i": 640, "h3": "882c218a65fffff", "lon": 41.5012, "lat": 42.11787, "water_km2": 0.72, "dist_coast_km": 12.5, "persistence": 0.0, "mean_cover": 0.0, "max_cover": 0.0, "trend_cover": 0.0, "hot": 0.0, "n_obs": 1}}, {"type": "Feature", "id": 641, "geometry": {"type": "Polygon", "coordinates": [[[41.507622, 42.125885], [41.504411, 42.12188], [41.507583, 42.117556], [41.513964, 42.117237], [41.517175, 42.121241], [41.514004, 42.125566], [41.507622, 42.125885]]]}, "properties": {"i": 641, "h3": "882c218a67fffff", "lon": 41.51079, "lat": 42.12156, "water_km2": 0.74, "dist_coast_km": 11.2, "persistence": 0.0, "mean_cover": 0.0, "max_cover": 0.0, "trend_cover": 0.0, "hot": 0.0, "n_obs": 1}}, {"type": "Feature", "id": 642, "geometry": {"type": "Polygon", "coordinates": [[[41.48851, 42.13517], [41.4853, 42.131165], [41.488473, 42.126841], [41.494856, 42.126523], [41.498067, 42.130528], [41.494894, 42.134852], [41.48851, 42.13517]]]}, "properties": {"i": 642, "h3": "882c218a69fffff", "lon": 41.49168, "lat": 42.13085, "water_km2": 0.74, "dist_coast_km": 13.9, "persistence": 0.0, "mean_cover": 0.0, "max_cover": 0.0, "trend_cover": 0.0, "hot": 0.0, "n_obs": 1}}, {"type": "Feature", "id": 643, "geometry": {"type": "Polygon", "coordinates": [[[41.498105, 42.138857], [41.494894, 42.134852], [41.498067, 42.130528], [41.50445, 42.130209], [41.507661, 42.134214], [41.504489, 42.138537], [41.498105, 42.138857]]]}, "properties": {"i": 643, "h3": "882c218a6bfffff", "lon": 41.50128, "lat": 42.13453, "water_km2": 0.722, "dist_coast_km": 12.3, "persistence": 0.0, "mean_cover": 0.0, "max_cover": 0.0, "trend_cover": 0.0, "hot": 0.0, "n_obs": 1}}, {"type": "Feature", "id": 644, "geometry": {"type": "Polygon", "coordinates": [[[41.488473, 42.126841], [41.485263, 42.122835], [41.488436, 42.118511], [41.494818, 42.118193], [41.498029, 42.122199], [41.494856, 42.126523], [41.488473, 42.126841]]]}, "properties": {"i": 644, "h3": "882c218a6dfffff", "lon": 41.49165, "lat": 42.12252, "water_km2": 0.725, "dist_coast_km": 13.9, "persistence": 0.0, "mean_cover": 0.0, "max_cover": 0.0, "trend_cover": 0.0, "hot": 0.0, "n_obs": 1}}, {"type": "Feature", "id": 645, "geometry": {"type": "Polygon", "coordinates": [[[41.584464, 42.171981], [41.58125, 42.167981], [41.584418, 42.163657], [41.590799, 42.163333], [41.594013, 42.167332], [41.590846, 42.171656], [41.584464, 42.171981]]]}, "properties": {"i": 645, "h3": "882c218a81fffff", "lon": 41.58763, "lat": 42.16766, "water_km2": 0.728, "dist_coast_km": 4.5, "persistence": 0.0, "mean_cover": 0.0, "max_cover": 0.0, "trend_cover": 0.0, "hot": 0.0, "n_obs": 1}}, {"type": "Feature", "id": 646, "geometry": {"type": "Polygon", "coordinates": [[[41.594061, 42.175656], [41.590846, 42.171656], [41.594013, 42.167332], [41.600394, 42.167007], [41.603608, 42.171006], [41.600442, 42.17533], [41.594061, 42.175656]]]}, "properties": {"i": 646, "h3": "882c218a83fffff", "lon": 41.59723, "lat": 42.17133, "water_km2": 0.732, "dist_coast_km": 3.3, "persistence": 0.0, "mean_cover": 0.0, "max_cover": 0.0, "trend_cover": 0.0, "hot": 0.0, "n_obs": 1}}, {"type": "Feature", "id": 647, "geometry": {"type": "Polygon", "coordinates": [[[41.584418, 42.163657], [41.581204, 42.159657], [41.584371, 42.155333], [41.590751, 42.155009], [41.593965, 42.159009], [41.590799, 42.163333], [41.584418, 42.163657]]]}, "properties": {"i": 647, "h3": "882c218a85fffff", "lon": 41.58758, "lat": 42.15933, "water_km2": 0.738, "dist_coast_km": 5.5, "persistence": 0.0, "mean_cover": 0.0, "max_cover": 0.0, "trend_cover": 0.0, "hot": 0.0, "n_obs": 1}}, {"type": "Feature", "id": 648, "geometry": {"type": "Polygon", "coordinates": [[[41.594013, 42.167332], [41.590799, 42.163333], [41.593965, 42.159009], [41.600345, 42.158684], [41.603559, 42.162683], [41.600394, 42.167007], [41.594013, 42.167332]]]}, "properties": {"i": 648, "h3": "882c218a87fffff", "lon": 41.59718, "lat": 42.16301, "water_km2": 0.72, "dist_coast_km": 4.1, "persistence": 0.0, "mean_cover": 0.0, "max_cover": 0.0, "trend_cover": 0.0, "hot": 0.0, "n_obs": 1}}, {"type": "Feature", "id": 649, "geometry": {"type": "Polygon", "coordinates": [[[41.574914, 42.176629], [41.5717, 42.172629], [41.574868, 42.168305], [41.58125, 42.167981], [41.584464, 42.171981], [41.581297, 42.176305], [41.574914, 42.176629]]]}, "properties": {"i": 649, "h3": "882c218a89fffff", "lon": 41.57808, "lat": 42.17231, "water_km2": 0.732, "dist_coast_km": 4.5, "persistence": 0.0, "mean_cover": 0.0, "max_cover": 0.0, "trend_cover": 0.0, "hot": 0.0, "n_obs": 1}}, {"type": "Feature", "id": 650, "geometry": {"type": "Polygon", "coordinates": [[[41.584511, 42.180304], [41.581297, 42.176305], [41.584464, 42.171981], [41.590846, 42.171656], [41.594061, 42.175656], [41.590893, 42.179979], [41.584511, 42.180304]]]}, "properties": {"i": 650, "h3": "882c218a8bfffff", "lon": 41.58768, "lat": 42.17598, "water_km2": 0.738, "dist_coast_km": 4.5, "persistence": 0.0, "mean_cover": 0.0, "max_cover": 0.0, "trend_cover": 0.0, "hot": 0.0, "n_obs": 1}}, {"type": "Feature", "id": 651, "geometry": {"type": "Polygon", "coordinates": [[[41.574868, 42.168305], [41.571655, 42.164305], [41.574823, 42.159981], [41.581204, 42.159657], [41.584418, 42.163657], [41.58125, 42.167981], [41.574868, 42.168305]]]}, "properties": {"i": 651, "h3": "882c218a8dfffff", "lon": 41.57804, "lat": 42.16398, "water_km2": 0.73, "dist_coast_km": 5.5, "persistence": 0.0, "mean_cover": 0.0, "max_cover": 0.0, "trend_cover": 0.0, "hot": 0.0, "n_obs": 1}}, {"type": "Feature", "id": 652, "geometry": {"type": "Polygon", "coordinates": [[[41.603705, 42.187651], [41.60049, 42.183653], [41.603657, 42.179329], [41.610038, 42.179003], [41.613253, 42.183001], [41.610087, 42.187325], [41.603705, 42.187651]]]}, "properties": {"i": 652, "h3": "882c218a91fffff", "lon": 41.60687, "lat": 42.18333, "water_km2": 0.74, "dist_coast_km": 3.3, "persistence": 0.0, "mean_cover": 0.0, "max_cover": 0.0, "trend_cover": 0.0, "hot": 0.0, "n_obs": 1}}, {"type": "Feature", "id": 653, "geometry": {"type": "Polygon", "coordinates": [[[41.613303, 42.191323], [41.610087, 42.187325], [41.613253, 42.183001], [41.619634, 42.182675], [41.62285, 42.186672], [41.619684, 42.190996], [41.613303, 42.191323]]]}, "properties": {"i": 653, "h3": "882c218a93fffff", "lon": 41.61647, "lat": 42.187, "water_km2": 0.73, "dist_coast_km": 1.4, "persistence": 0.0, "mean_cover": 0.0, "max_cover": 0.0, "trend_cover": 0.0, "hot": 0.0, "n_obs": 1}}, {"type": "Feature", "id": 654, "geometry": {"type": "Polygon", "coordinates": [[[41.603657, 42.179329], [41.600442, 42.17533], [41.603608, 42.171006], [41.609989, 42.170681], [41.613204, 42.174679], [41.610038, 42.179003], [41.603657, 42.179329]]]}, "properties": {"i": 654, "h3": "882c218a95fffff", "lon": 41.60682, "lat": 42.17501, "water_km2": 0.725, "dist_coast_km": 3.3, "persistence": 0.0, "mean_cover": 0.0, "max_cover": 0.0, "trend_cover": 0.0, "hot": 0.0, "n_obs": 1}}, {"type": "Feature", "id": 655, "geometry": {"type": "Polygon", "coordinates": [[[41.613253, 42.183001], [41.610038, 42.179003], [41.613204, 42.174679], [41.619584, 42.174353], [41.622799, 42.178351], [41.619634, 42.182675], [41.613253, 42.183001]]]}, "properties": {"i": 655, "h3": "882c218a97fffff", "lon": 41.61642, "lat": 42.17868, "water_km2": 0.73, "dist_coast_km": 2.3, "persistence": 0.0, "mean_cover": 0.0, "max_cover": 0.0, "trend_cover": 0.0, "hot": 0.0, "n_obs": 1}}, {"type": "Feature", "id": 656, "geometry": {"type": "Polygon", "coordinates": [[[41.594156, 42.1923], [41.590941, 42.188302], [41.594108, 42.183978], [41.60049, 42.183653], [41.603705, 42.187651], [41.600539, 42.191975], [41.594156, 42.1923]]]}, "properties": {"i": 656, "h3": "882c218a99fffff", "lon": 41.59732, "lat": 42.18798, "water_km2": 0.742, "dist_coast_km": 2.7, "persistence": 0.0, "mean_cover": 0.0, "max_cover": 0.0, "trend_cover": 0.0, "hot": 0.0, "n_obs": 1}}, {"type": "Feature", "id": 657, "geometry": {"type": "Polygon", "coordinates": [[[41.603754, 42.195973], [41.600539, 42.191975], [41.603705, 42.187651], [41.610087, 42.187325], [41.613303, 42.191323], [41.610137, 42.195646], [41.603754, 42.195973]]]}, "properties": {"i": 657, "h3": "882c218a9bfffff", "lon": 41.60692, "lat": 42.19165, "water_km2": 0.722, "dist_coast_km": 2.7, "persistence": 0.0, "mean_cover": 0.0, "max_cover": 0.0, "trend_cover": 0.0, "hot": 0.0, "n_obs": 1}}, {"type": "Feature", "id": 658, "geometry": {"type": "Polygon", "coordinates": [[[41.594108, 42.183978], [41.590893, 42.179979], [41.594061, 42.175656], [41.600442, 42.17533], [41.603657, 42.179329], [41.60049, 42.183653], [41.594108, 42.183978]]]}, "properties": {"i": 658, "h3": "882c218a9dfffff", "lon": 41.59728, "lat": 42.17965, "water_km2": 0.72, "dist_coast_km": 3.3, "persistence": 0.0, "mean_cover": 0.0, "max_cover": 0.0, "trend_cover": 0.0, "hot": 0.0, "n_obs": 1}}, {"type": "Feature", "id": 659, "geometry": {"type": "Polygon", "coordinates": [[[41.593917, 42.150684], [41.590704, 42.146684], [41.59387, 42.14236], [41.600249, 42.142035], [41.603462, 42.146035], [41.600297, 42.15036], [41.593917, 42.150684]]]}, "properties": {"i": 659, "h3": "882c218aa1fffff", "lon": 41.59708, "lat": 42.14636, "water_km2": 0.718, "dist_coast_km": 4.1, "persistence": 0.0, "mean_cover": 0.0, "max_cover": 0.0, "trend_cover": 0.0, "hot": 0.0, "n_obs": 1}}, {"type": "Feature", "id": 660, "geometry": {"type": "Polygon", "coordinates": [[[41.603511, 42.15436], [41.600297, 42.15036], [41.603462, 42.146035], [41.609841, 42.14571], [41.613055, 42.14971], [41.60989, 42.154034], [41.603511, 42.15436]]]}, "properties": {"i": 660, "h3": "882c218aa3fffff", "lon": 41.60668, "lat": 42.15004, "water_km2": 0.738, "dist_coast_km": 4.1, "persistence": 0.0, "mean_cover": 0.0, "max_cover": 0.0, "trend_cover": 0.0, "hot": 0.0, "n_obs": 1}}, {"type": "Feature", "id": 661, "geometry": {"type": "Polygon", "coordinates": [[[41.59387, 42.14236], [41.590657, 42.138359], [41.593822, 42.134034], [41.6002, 42.13371], [41.603414, 42.137711], [41.600249, 42.142035], [41.59387, 42.14236]]]}, "properties": {"i": 661, "h3": "882c218aa5fffff", "lon": 41.59704, "lat": 42.13803, "water_km2": 0.745, "dist_coast_km": 4.1, "persistence": 0.0, "mean_cover": 0.0, "max_cover": 0.0, "trend_cover": 0.0, "hot": 0.0, "n_obs": 1}}, {"type": "Feature", "id": 662, "geometry": {"type": "Polygon", "coordinates": [[[41.603462, 42.146035], [41.600249, 42.142035], [41.603414, 42.137711], [41.609792, 42.137386], [41.613005, 42.141386], [41.609841, 42.14571], [41.603462, 42.146035]]]}, "properties": {"i": 662, "h3": "882c218aa7fffff", "lon": 41.60663, "lat": 42.14171, "water_km2": 0.728, "dist_coast_km": 4.1, "persistence": 0.0, "mean_cover": 0.0, "max_cover": 0.0, "trend_cover": 0.0, "hot": 0.0, "n_obs": 1}}, {"type": "Feature", "id": 663, "geometry": {"type": "Polygon", "coordinates": [[[41.584371, 42.155333], [41.581157, 42.151333], [41.584324, 42.147008], [41.590704, 42.146684], [41.593917, 42.150684], [41.590751, 42.155009], [41.584371, 42.155333]]]}, "properties": {"i": 663, "h3": "882c218aa9fffff", "lon": 41.58754, "lat": 42.15101, "water_km2": 0.725, "dist_coast_km": 5.5, "persistence": 0.0, "mean_cover": 0.0, "max_cover": 0.0, "trend_cover": 0.0, "hot": 0.0, "n_obs": 1}}, {"type": "Feature", "id": 664, "geometry": {"type": "Polygon", "coordinates": [[[41.593965, 42.159009], [41.590751, 42.155009], [41.593917, 42.150684], [41.600297, 42.15036], [41.603511, 42.15436], [41.600345, 42.158684], [41.593965, 42.159009]]]}, "properties": {"i": 664, "h3": "882c218aabfffff", "lon": 41.59713, "lat": 42.15468, "water_km2": 0.73, "dist_coast_km": 4.1, "persistence": 0.0, "mean_cover": 0.0, "max_cover": 0.0, "trend_cover": 0.0, "hot": 0.0, "n_obs": 1}}, {"type": "Feature", "id": 665, "geometry": {"type": "Polygon", "coordinates": [[[41.584324, 42.147008], [41.581111, 42.143007], [41.584277, 42.138683], [41.590657, 42.138359], [41.59387, 42.14236], [41.590704, 42.146684], [41.584324, 42.147008]]]}, "properties": {"i": 665, "h3": "882c218aadfffff", "lon": 41.58749, "lat": 42.14268, "water_km2": 0.74, "dist_coast_km": 5.5, "persistence": 0.0, "mean_cover": 0.0, "max_cover": 0.0, "trend_cover": 0.0, "hot": 0.0, "n_obs": 1}}, {"type": "Feature", "id": 666, "geometry": {"type": "Polygon", "coordinates": [[[41.613154, 42.166357], [41.609939, 42.162358], [41.613104, 42.158033], [41.619483, 42.157708], [41.622698, 42.161706], [41.619534, 42.166031], [41.613154, 42.166357]]]}, "properties": {"i": 666, "h3": "882c218ab1fffff", "lon": 41.61632, "lat": 42.16203, "water_km2": 0.72, "dist_coast_km": 2.7, "persistence": 0.0, "mean_cover": 0.0, "max_cover": 0.0, "trend_cover": 0.0, "hot": 0.0, "n_obs": 1}}, {"type": "Feature", "id": 667, "geometry": {"type": "Polygon", "coordinates": [[[41.622749, 42.170029], [41.619534, 42.166031], [41.622698, 42.161706], [41.629077, 42.16138], [41.632292, 42.165378], [41.629128, 42.169702], [41.622749, 42.170029]]]}, "properties": {"i": 667, "h3": "882c218ab3fffff", "lon": 41.62591, "lat": 42.1657, "water_km2": 0.742, "dist_coast_km": 1.4, "persistence": 0.0, "mean_cover": 0.0, "max_cover": 0.0, "trend_cover": 0.0, "hot": 0.0, "n_obs": 1}}, {"type": "Feature", "id": 668, "geometry": {"type": "Polygon", "coordinates": [[[41.613104, 42.158033], [41.60989, 42.154034], [41.613055, 42.14971], [41.619433, 42.149384], [41.622647, 42.153383], [41.619483, 42.157708], [41.613104, 42.158033]]]}, "properties": {"i": 668, "h3": "882c218ab5fffff", "lon": 41.61627, "lat": 42.15371, "water_km2": 0.726, "dist_coast_km": 2.7, "persistence": 0.0, "mean_cover": 0.0, "max_cover": 0.0, "trend_cover": 0.0, "hot": 0.0, "n_obs": 1}}, {"type": "Feature", "id": 669, "geometry": {"type": "Polygon", "coordinates": [[[41.622698, 42.161706], [41.619483, 42.157708], [41.622647, 42.153383], [41.629026, 42.153057], [41.63224, 42.157055], [41.629077, 42.16138], [41.622698, 42.161706]]]}, "properties": {"i": 669, "h3": "882c218ab7fffff", "lon": 41.62586, "lat": 42.15738, "water_km2": 0.72, "dist_coast_km": 1.4, "persistence": 0.0, "mean_cover": 0.0, "max_cover": 0.0, "trend_cover": 0.0, "hot": 0.0, "n_obs": 1}}, {"type": "Feature", "id": 670, "geometry": {"type": "Polygon", "coordinates": [[[41.603608, 42.171006], [41.600394, 42.167007], [41.603559, 42.162683], [41.609939, 42.162358], [41.613154, 42.166357], [41.609989, 42.170681], [41.603608, 42.171006]]]}, "properties": {"i": 670, "h3": "882c218ab9fffff", "lon": 41.60677, "lat": 42.16668, "water_km2": 0.735, "dist_coast_km": 4.1, "persistence": 0.0, "mean_cover": 0.0, "max_cover": 0.0, "trend_cover": 0.0, "hot": 0.0, "n_obs": 1}}, {"type": "Feature", "id": 671, "geometry": {"type": "Polygon", "coordinates": [[[41.613204, 42.174679], [41.609989, 42.170681], [41.613154, 42.166357], [41.619534, 42.166031], [41.622749, 42.170029], [41.619584, 42.174353], [41.613204, 42.174679]]]}, "properties": {"i": 671, "h3": "882c218abbfffff", "lon": 41.61637, "lat": 42.17035, "water_km2": 0.735, "dist_coast_km": 2.3, "persistence": 0.0, "mean_cover": 0.0, "max_cover": 0.0, "trend_cover": 0.0, "hot": 0.0, "n_obs": 1}}, {"type": "Feature", "id": 672, "geometry": {"type": "Polygon", "coordinates": [[[41.603559, 42.162683], [41.600345, 42.158684], [41.603511, 42.15436], [41.60989, 42.154034], [41.613104, 42.158033], [41.609939, 42.162358], [41.603559, 42.162683]]]}, "properties": {"i": 672, "h3": "882c218abdfffff", "lon": 41.60672, "lat": 42.15836, "water_km2": 0.728, "dist_coast_km": 4.1, "persistence": 0.0, "mean_cover": 0.0, "max_cover": 0.0, "trend_cover": 0.0, "hot": 0.0, "n_obs": 1}}, {"type": "Feature", "id": 673, "geometry": {"type": "Polygon", "coordinates": [[[41.555765, 42.177599], [41.552551, 42.173599], [41.555721, 42.169275], [41.562104, 42.168952], [41.565317, 42.172953], [41.562148, 42.177276], [41.555765, 42.177599]]]}, "properties": {"i": 673, "h3": "882c218ac1fffff", "lon": 41.55893, "lat": 42.17328, "water_km2": 0.722, "dist_coast_km": 5.8, "persistence": 0.0, "mean_cover": 0.0, "max_cover": 0.0, "trend_cover": 0.0, "hot": 0.0, "n_obs": 1}}, {"type": "Feature", "id": 674, "geometry": {"type": "Polygon", "coordinates": [[[41.565362, 42.181276], [41.562148, 42.177276], [41.565317, 42.172953], [41.5717, 42.172629], [41.574914, 42.176629], [41.571746, 42.180953], [41.565362, 42.181276]]]}, "properties": {"i": 674, "h3": "882c218ac3fffff", "lon": 41.56853, "lat": 42.17695, "water_km2": 0.742, "dist_coast_km": 5.8, "persistence": 0.0, "mean_cover": 0.0, "max_cover": 0.0, "trend_cover": 0.0, "hot": 0.0, "n_obs": 1}}, {"type": "Feature", "id": 675, "geometry": {"type": "Polygon", "coordinates": [[[41.555721, 42.169275], [41.552507, 42.165274], [41.555677, 42.16095], [41.562059, 42.160627], [41.565273, 42.164628], [41.562104, 42.168952], [41.555721, 42.169275]]]}, "properties": {"i": 675, "h3": "882c218ac5fffff", "lon": 41.55889, "lat": 42.16495, "water_km2": 0.742, "dist_coast_km": 6.6, "persistence": 0.0, "mean_cover": 0.0, "max_cover": 0.0, "trend_cover": 0.0, "hot": 0.0, "n_obs": 1}}, {"type": "Feature", "id": 676, "geometry": {"type": "Polygon", "coordinates": [[[41.565317, 42.172953], [41.562104, 42.168952], [41.565273, 42.164628], [41.571655, 42.164305], [41.574868, 42.168305], [41.5717, 42.172629], [41.565317, 42.172953]]]}, "properties": {"i": 676, "h3": "882c218ac7fffff", "lon": 41.56849, "lat": 42.16863, "water_km2": 0.72, "dist_coast_km": 5.8, "persistence": 0.0, "mean_cover": 0.0, "max_cover": 0.0, "trend_cover": 0.0, "hot": 0.0, "n_obs": 1}}, {"type": "Feature", "id": 677, "geometry": {"type": "Polygon", "coordinates": [[[41.54621, 42.182245], [41.542997, 42.178244], [41.546167, 42.173921], [41.552551, 42.173599], [41.555765, 42.177599], [41.552595, 42.181923], [41.54621, 42.182245]]]}, "properties": {"i": 677, "h3": "882c218ac9fffff", "lon": 41.54938, "lat": 42.17792, "water_km2": 0.732, "dist_coast_km": 7.1, "persistence": 0.0, "mean_cover": 0.0, "max_cover": 0.0, "trend_cover": 0.0, "hot": 0.0, "n_obs": 1}}, {"type": "Feature", "id": 678, "geometry": {"type": "Polygon", "coordinates": [[[41.555809, 42.185923], [41.552595, 42.181923], [41.555765, 42.177599], [41.562148, 42.177276], [41.565362, 42.181276], [41.562193, 42.1856], [41.555809, 42.185923]]]}, "properties": {"i": 678, "h3": "882c218acbfffff", "lon": 41.55898, "lat": 42.1816, "water_km2": 0.74, "dist_coast_km": 5.8, "persistence": 0.0, "mean_cover": 0.0, "max_cover": 0.0, "trend_cover": 0.0, "hot": 0.0, "n_obs": 1}}, {"type": "Feature", "id": 679, "geometry": {"type": "Polygon", "coordinates": [[[41.546167, 42.173921], [41.542954, 42.16992], [41.546124, 42.165596], [41.552507, 42.165274], [41.555721, 42.169275], [41.552551, 42.173599], [41.546167, 42.173921]]]}, "properties": {"i": 679, "h3": "882c218acdfffff", "lon": 41.54934, "lat": 42.1696, "water_km2": 0.732, "dist_coast_km": 7.1, "persistence": 0.0, "mean_cover": 0.0, "max_cover": 0.0, "trend_cover": 0.0, "hot": 0.0, "n_obs": 1}}, {"type": "Feature", "id": 680, "geometry": {"type": "Polygon", "coordinates": [[[41.575006, 42.193275], [41.571791, 42.189276], [41.57496, 42.184952], [41.581343, 42.184628], [41.584558, 42.188627], [41.58139, 42.19295], [41.575006, 42.193275]]]}, "properties": {"i": 680, "h3": "882c218ad1fffff", "lon": 41.57817, "lat": 42.18895, "water_km2": 0.735, "dist_coast_km": 4.1, "persistence": 0.0, "mean_cover": 0.0, "max_cover": 0.0, "trend_cover": 0.0, "hot": 0.0, "n_obs": 1}}, {"type": "Feature", "id": 681, "geometry": {"type": "Polygon", "coordinates": [[[41.584605, 42.196949], [41.58139, 42.19295], [41.584558, 42.188627], [41.590941, 42.188302], [41.594156, 42.1923], [41.590988, 42.196624], [41.584605, 42.196949]]]}, "properties": {"i": 681, "h3": "882c218ad3fffff", "lon": 41.58777, "lat": 42.19263, "water_km2": 0.732, "dist_coast_km": 4.1, "persistence": 0.0, "mean_cover": 0.0, "max_cover": 0.0, "trend_cover": 0.0, "hot": 0.0, "n_obs": 1}}, {"type": "Feature", "id": 682, "geometry": {"type": "Polygon", "coordinates": [[[41.57496, 42.184952], [41.571746, 42.180953], [41.574914, 42.176629], [41.581297, 42.176305], [41.584511, 42.180304], [41.581343, 42.184628], [41.57496, 42.184952]]]}, "properties": {"i": 682, "h3": "882c218ad5fffff", "lon": 41.57813, "lat": 42.18063, "water_km2": 0.73, "dist_coast_km": 4.5, "persistence": 0.0, "mean_cover": 0.0, "max_cover": 0.0, "trend_cover": 0.0, "hot": 0.0, "n_obs": 1}}, {"type": "Feature", "id": 683, "geometry": {"type": "Polygon", "coordinates": [[[41.584558, 42.188627], [41.581343, 42.184628], [41.584511, 42.180304], [41.590893, 42.179979], [41.594108, 42.183978], [41.590941, 42.188302], [41.584558, 42.188627]]]}, "properties": {"i": 683, "h3": "882c218ad7fffff", "lon": 41.58773, "lat": 42.1843, "water_km2": 0.728, "dist_coast_km": 4.1, "persistence": 0.0, "mean_cover": 0.0, "max_cover": 0.0, "trend_cover": 0.0, "hot": 0.0, "n_obs": 1}}, {"type": "Feature", "id": 684, "geometry": {"type": "Polygon", "coordinates": [[[41.565452, 42.197922], [41.562237, 42.193923], [41.565407, 42.189599], [41.571791, 42.189276], [41.575006, 42.193275], [41.571837, 42.197598], [41.565452, 42.197922]]]}, "properties": {"i": 684, "h3": "882c218ad9fffff", "lon": 41.56862, "lat": 42.1936, "water_km2": 0.745, "dist_coast_km": 5.5, "persistence": 0.0, "mean_cover": 0.0, "max_cover": 0.0, "trend_cover": 0.0, "hot": 0.0, "n_obs": 1}}, {"type": "Feature", "id": 685, "geometry": {"type": "Polygon", "coordinates": [[[41.575052, 42.201597], [41.571837, 42.197598], [41.575006, 42.193275], [41.58139, 42.19295], [41.584605, 42.196949], [41.581436, 42.201272], [41.575052, 42.201597]]]}, "properties": {"i": 685, "h3": "882c218adbfffff", "lon": 41.57822, "lat": 42.19727, "water_km2": 0.725, "dist_coast_km": 4.1, "persistence": 0.0, "mean_cover": 0.0, "max_cover": 0.0, "trend_cover": 0.0, "hot": 0.0, "n_obs": 1}}, {"type": "Feature", "id": 686, "geometry": {"type": "Polygon", "coordinates": [[[41.565407, 42.189599], [41.562193, 42.1856], [41.565362, 42.181276], [41.571746, 42.180953], [41.57496, 42.184952], [41.571791, 42.189276], [41.565407, 42.189599]]]}, "properties": {"i": 686, "h3": "882c218addfffff", "lon": 41.56858, "lat": 42.18528, "water_km2": 0.72, "dist_coast_km": 5.5, "persistence": 0.0, "mean_cover": 0.0, "max_cover": 0.0, "trend_cover": 0.0, "hot": 0.0, "n_obs": 1}}, {"type": "Feature", "id": 687, "geometry": {"type": "Polygon", "coordinates": [[[41.565228, 42.156303], [41.562015, 42.152302], [41.565183, 42.147978], [41.571564, 42.147655], [41.574777, 42.151656], [41.571609, 42.15598], [41.565228, 42.156303]]]}, "properties": {"i": 687, "h3": "882c218ae1fffff", "lon": 41.5684, "lat": 42.15198, "water_km2": 0.72, "dist_coast_km": 6.6, "persistence": 0.0, "mean_cover": 0.0, "max_cover": 0.0, "trend_cover": 0.0, "hot": 0.0, "n_obs": 1}}, {"type": "Feature", "id": 688, "geometry": {"type": "Polygon", "coordinates": [[[41.574823, 42.159981], [41.571609, 42.15598], [41.574777, 42.151656], [41.581157, 42.151333], [41.584371, 42.155333], [41.581204, 42.159657], [41.574823, 42.159981]]]}, "properties": {"i": 688, "h3": "882c218ae3fffff", "lon": 41.57799, "lat": 42.15566, "water_km2": 0.732, "dist_coast_km": 5.5, "persistence": 0.0, "mean_cover": 0.0, "max_cover": 0.0, "trend_cover": 0.0, "hot": 0.0, "n_obs": 1}}, {"type": "Feature", "id": 689, "geometry": {"type": "Polygon", "coordinates": [[[41.565183, 42.147978], [41.56197, 42.143976], [41.565138, 42.139652], [41.571518, 42.139329], [41.574731, 42.143331], [41.571564, 42.147655], [41.565183, 42.147978]]]}, "properties": {"i": 689, "h3": "882c218ae5fffff", "lon": 41.56835, "lat": 42.14365, "water_km2": 0.742, "dist_coast_km": 6.9, "persistence": 0.0, "mean_cover": 0.0, "max_cover": 0.0, "trend_cover": 0.0, "hot": 0.0, "n_obs": 1}}, {"type": "Feature", "id": 690, "geometry": {"type": "Polygon", "coordinates": [[[41.574777, 42.151656], [41.571564, 42.147655], [41.574731, 42.143331], [41.581111, 42.143007], [41.584324, 42.147008], [41.581157, 42.151333], [41.574777, 42.151656]]]}, "properties": {"i": 690, "h3": "882c218ae7fffff", "lon": 41.57794, "lat": 42.14733, "water_km2": 0.73, "dist_coast_km": 5.5, "persistence": 0.0, "mean_cover": 0.0, "max_cover": 0.0, "trend_cover": 0.0, "hot": 0.0, "n_obs": 1}}, {"type": "Feature", "id": 691, "geometry": {"type": "Polygon", "coordinates": [[[41.555677, 42.16095], [41.552464, 42.156949], [41.555633, 42.152625], [41.562015, 42.152302], [41.565228, 42.156303], [41.562059, 42.160627], [41.555677, 42.16095]]]}, "properties": {"i": 691, "h3": "882c218ae9fffff", "lon": 41.55885, "lat": 42.15663, "water_km2": 0.722, "dist_coast_km": 6.6, "persistence": 0.0, "mean_cover": 0.0, "max_cover": 0.0, "trend_cover": 0.0, "hot": 0.0, "n_obs": 1}}, {"type": "Feature", "id": 692, "geometry": {"type": "Polygon", "coordinates": [[[41.565273, 42.164628], [41.562059, 42.160627], [41.565228, 42.156303], [41.571609, 42.15598], [41.574823, 42.159981], [41.571655, 42.164305], [41.565273, 42.164628]]]}, "properties": {"i": 692, "h3": "882c218aebfffff", "lon": 41.56844, "lat": 42.1603, "water_km2": 0.745, "dist_coast_km": 6.6, "persistence": 0.0, "mean_cover": 0.0, "max_cover": 0.0, "trend_cover": 0.0, "hot": 0.0, "n_obs": 1}}, {"type": "Feature", "id": 693, "geometry": {"type": "Polygon", "coordinates": [[[41.555633, 42.152625], [41.55242, 42.148623], [41.555589, 42.144299], [41.56197, 42.143976], [41.565183, 42.147978], [41.562015, 42.152302], [41.555633, 42.152625]]]}, "properties": {"i": 693, "h3": "882c218aedfffff", "lon": 41.5588, "lat": 42.1483, "water_km2": 0.742, "dist_coast_km": 6.9, "persistence": 0.0, "mean_cover": 0.0, "max_cover": 0.0, "trend_cover": 0.0, "hot": 0.0, "n_obs": 1}}, {"type": "Feature", "id": 694, "geometry": {"type": "Polygon", "coordinates": [[[41.517014, 42.087921], [41.513805, 42.083915], [41.516974, 42.07959], [41.523352, 42.079271], [41.526562, 42.083277], [41.523393, 42.087602], [41.517014, 42.087921]]]}, "properties": {"i": 694, "h3": "882c218b01fffff", "lon": 41.52018, "lat": 42.0836, "water_km2": 0.728, "dist_coast_km": 13.3, "persistence": 0.0, "mean_cover": 0.0, "max_cover": 0.0, "trend_cover": 0.0, "hot": 0.0, "n_obs": 1}}, {"type": "Feature", "id": 695, "geometry": {"type": "Polygon", "coordinates": [[[41.526603, 42.091608], [41.523393, 42.087602], [41.526562, 42.083277], [41.53294, 42.082958], [41.53615, 42.086963], [41.532982, 42.091288], [41.526603, 42.091608]]]}, "properties": {"i": 695, "h3": "882c218b03fffff", "lon": 41.52977, "lat": 42.08728, "water_km2": 0.745, "dist_coast_km": 11.1, "persistence": 0.0, "mean_cover": 0.0, "max_cover": 0.0, "trend_cover": 0.0, "hot": 0.0, "n_obs": 1}}, {"type": "Feature", "id": 696, "geometry": {"type": "Polygon", "coordinates": [[[41.516974, 42.07959], [41.513765, 42.075583], [41.516934, 42.071258], [41.523312, 42.070939], [41.526521, 42.074946], [41.523352, 42.079271], [41.516974, 42.07959]]]}, "properties": {"i": 696, "h3": "882c218b05fffff", "lon": 41.52014, "lat": 42.07526, "water_km2": 0.738, "dist_coast_km": 13.3, "persistence": 0.0, "mean_cover": 0.0, "max_cover": 0.0, "trend_cover": 0.0, "hot": 0.0, "n_obs": 1}}, {"type": "Feature", "id": 697, "geometry": {"type": "Polygon", "coordinates": [[[41.526562, 42.083277], [41.523352, 42.079271], [41.526521, 42.074946], [41.532898, 42.074626], [41.536108, 42.078632], [41.53294, 42.082958], [41.526562, 42.083277]]]}, "properties": {"i": 697, "h3": "882c218b07fffff", "lon": 41.52973, "lat": 42.07895, "water_km2": 0.72, "dist_coast_km": 12.2, "persistence": 0.0, "mean_cover": 0.0, "max_cover": 0.0, "trend_cover": 0.0, "hot": 0.0, "n_obs": 1}}, {"type": "Feature", "id": 698, "geometry": {"type": "Polygon", "coordinates": [[[41.507465, 42.092565], [41.504256, 42.088558], [41.507426, 42.084233], [41.513805, 42.083915], [41.517014, 42.087921], [41.513845, 42.092246], [41.507465, 42.092565]]]}, "properties": {"i": 698, "h3": "882c218b09fffff", "lon": 41.51064, "lat": 42.08824, "water_km2": 0.735, "dist_coast_km": 12.3, "persistence": 0.0, "mean_cover": 0.0, "max_cover": 0.0, "trend_cover": 0.0, "hot": 0.0, "n_obs": 1}}, {"type": "Feature", "id": 699, "geometry": {"type": "Polygon", "coordinates": [[[41.517054, 42.096252], [41.513845, 42.092246], [41.517014, 42.087921], [41.523393, 42.087602], [41.526603, 42.091608], [41.523434, 42.095933], [41.517054, 42.096252]]]}, "properties": {"i": 699, "h3": "882c218b0bfffff", "lon": 41.52022, "lat": 42.09193, "water_km2": 0.738, "dist_coast_km": 12.3, "persistence": 0.0, "mean_cover": 0.0, "max_cover": 0.0, "trend_cover": 0.0, "hot": 0.0, "n_obs": 1}}, {"type": "Feature", "id": 700, "geometry": {"type": "Polygon", "coordinates": [[[41.507426, 42.084233], [41.504217, 42.080226], [41.507387, 42.075901], [41.513765, 42.075583], [41.516974, 42.07959], [41.513805, 42.083915], [41.507426, 42.084233]]]}, "properties": {"i": 700, "h3": "882c218b0dfffff", "lon": 41.5106, "lat": 42.07991, "water_km2": 0.732, "dist_coast_km": 13.3, "persistence": 0.0, "mean_cover": 0.0, "max_cover": 0.0, "trend_cover": 0.0, "hot": 0.0, "n_obs": 1}}, {"type": "Feature", "id": 701, "geometry": {"type": "Polygon", "coordinates": [[[41.536234, 42.103623], [41.533023, 42.099618], [41.536192, 42.095293], [41.54257, 42.094973], [41.545781, 42.098978], [41.542613, 42.103303], [41.536234, 42.103623]]]}, "properties": {"i": 701, "h3": "882c218b11fffff", "lon": 41.5394, "lat": 42.0993, "water_km2": 0.742, "dist_coast_km": 11.1, "persistence": 0.0, "mean_cover": 0.0, "max_cover": 0.0, "trend_cover": 0.0, "hot": 0.0, "n_obs": 1}}, {"type": "Feature", "id": 702, "geometry": {"type": "Polygon", "coordinates": [[[41.545823, 42.107307], [41.542613, 42.103303], [41.545781, 42.098978], [41.552159, 42.098657], [41.55537, 42.102661], [41.552202, 42.106986], [41.545823, 42.107307]]]}, "properties": {"i": 702, "h3": "882c218b13fffff", "lon": 41.54899, "lat": 42.10298, "water_km2": 0.735, "dist_coast_km": 9.0, "persistence": 0.0, "mean_cover": 0.0, "max_cover": 0.0, "trend_cover": 0.0, "hot": 0.0, "n_obs": 1}}, {"type": "Feature", "id": 703, "geometry": {"type": "Polygon", "coordinates": [[[41.536192, 42.095293], [41.532982, 42.091288], [41.53615, 42.086963], [41.542527, 42.086643], [41.545738, 42.090648], [41.54257, 42.094973], [41.536192, 42.095293]]]}, "properties": {"i": 703, "h3": "882c218b15fffff", "lon": 41.53936, "lat": 42.09097, "water_km2": 0.725, "dist_coast_km": 11.1, "persistence": 0.0, "mean_cover": 0.0, "max_cover": 0.0, "trend_cover": 0.0, "hot": 0.0, "n_obs": 1}}, {"type": "Feature", "id": 704, "geometry": {"type": "Polygon", "coordinates": [[[41.545781, 42.098978], [41.54257, 42.094973], [41.545738, 42.090648], [41.552115, 42.090327], [41.555326, 42.094332], [41.552159, 42.098657], [41.545781, 42.098978]]]}, "properties": {"i": 704, "h3": "882c218b17fffff", "lon": 41.54895, "lat": 42.09465, "water_km2": 0.728, "dist_coast_km": 10.0, "persistence": 0.0, "mean_cover": 0.0, "max_cover": 0.0, "trend_cover": 0.0, "hot": 0.0, "n_obs": 1}}, {"type": "Feature", "id": 705, "geometry": {"type": "Polygon", "coordinates": [[[41.526685, 42.108268], [41.523475, 42.104263], [41.526644, 42.099938], [41.533023, 42.099618], [41.536234, 42.103623], [41.533065, 42.107948], [41.526685, 42.108268]]]}, "properties": {"i": 705, "h3": "882c218b19fffff", "lon": 41.52985, "lat": 42.10394, "water_km2": 0.745, "dist_coast_km": 10.3, "persistence": 0.0, "mean_cover": 0.0, "max_cover": 0.0, "trend_cover": 0.0, "hot": 0.0, "n_obs": 1}}, {"type": "Feature", "id": 706, "geometry": {"type": "Polygon", "coordinates": [[[41.536276, 42.111952], [41.533065, 42.107948], [41.536234, 42.103623], [41.542613, 42.103303], [41.545823, 42.107307], [41.542655, 42.111632], [41.536276, 42.111952]]]}, "properties": {"i": 706, "h3": "882c218b1bfffff", "lon": 41.53944, "lat": 42.10763, "water_km2": 0.728, "dist_coast_km": 10.3, "persistence": 0.0, "mean_cover": 0.0, "max_cover": 0.0, "trend_cover": 0.0, "hot": 0.0, "n_obs": 1}}, {"type": "Feature", "id": 707, "geometry": {"type": "Polygon", "coordinates": [[[41.526644, 42.099938], [41.523434, 42.095933], [41.526603, 42.091608], [41.532982, 42.091288], [41.536192, 42.095293], [41.533023, 42.099618], [41.526644, 42.099938]]]}, "properties": {"i": 707, "h3": "882c218b1dfffff", "lon": 41.52981, "lat": 42.09561, "water_km2": 0.72, "dist_coast_km": 11.1, "persistence": 0.0, "mean_cover": 0.0, "max_cover": 0.0, "trend_cover": 0.0, "hot": 0.0, "n_obs": 1}}, {"type": "Feature", "id": 708, "geometry": {"type": "Polygon", "coordinates": [[[41.52648, 42.066614], [41.523271, 42.062607], [41.526439, 42.058281], [41.532815, 42.057962], [41.536024, 42.061969], [41.532857, 42.066295], [41.52648, 42.066614]]]}, "properties": {"i": 708, "h3": "882c218b21fffff", "lon": 41.52965, "lat": 42.06229, "water_km2": 0.722, "dist_coast_km": 13.3, "persistence": 0.0, "mean_cover": 0.0, "max_cover": 0.0, "trend_cover": 0.0, "hot": 0.0, "n_obs": 1}}, {"type": "Feature", "id": 709, "geometry": {"type": "Polygon", "coordinates": [[[41.536066, 42.070301], [41.532857, 42.066295], [41.536024, 42.061969], [41.5424, 42.061649], [41.545609, 42.065655], [41.542442, 42.069981], [41.536066, 42.070301]]]}, "properties": {"i": 709, "h3": "882c218b23fffff", "lon": 41.53923, "lat": 42.06598, "water_km2": 0.74, "dist_coast_km": 13.3, "persistence": 0.0, "mean_cover": 0.0, "max_cover": 0.0, "trend_cover": 0.0, "hot": 0.0, "n_obs": 1}}, {"type": "Feature", "id": 710, "geometry": {"type": "Polygon", "coordinates": [[[41.526439, 42.058281], [41.52323, 42.054274], [41.526398, 42.049948], [41.532773, 42.049629], [41.535982, 42.053636], [41.532815, 42.057962], [41.526439, 42.058281]]]}, "properties": {"i": 710, "h3": "882c218b25fffff", "lon": 41.52961, "lat": 42.05396, "water_km2": 0.748, "dist_coast_km": 13.3, "persistence": 0.0, "mean_cover": 0.0, "max_cover": 0.0, "trend_cover": 0.0, "hot": 0.0, "n_obs": 1}}, {"type": "Feature", "id": 711, "geometry": {"type": "Polygon", "coordinates": [[[41.536024, 42.061969], [41.532815, 42.057962], [41.535982, 42.053636], [41.542357, 42.053317], [41.545566, 42.057324], [41.5424, 42.061649], [41.536024, 42.061969]]]}, "properties": {"i": 711, "h3": "882c218b27fffff", "lon": 41.53919, "lat": 42.05764, "water_km2": 0.725, "dist_coast_km": 13.3, "persistence": 0.0, "mean_cover": 0.0, "max_cover": 0.0, "trend_cover": 0.0, "hot": 0.0, "n_obs": 1}}, {"type": "Feature", "id": 712, "geometry": {"type": "Polygon", "coordinates": [[[41.516934, 42.071258], [41.513725, 42.067251], [41.516894, 42.062925], [41.523271, 42.062607], [41.52648, 42.066614], [41.523312, 42.070939], [41.516934, 42.071258]]]}, "properties": {"i": 712, "h3": "882c218b29fffff", "lon": 41.5201, "lat": 42.06693, "water_km2": 0.73, "dist_coast_km": 14.4, "persistence": 0.0, "mean_cover": 0.0, "max_cover": 0.0, "trend_cover": 0.0, "hot": 0.0, "n_obs": 1}}, {"type": "Feature", "id": 713, "geometry": {"type": "Polygon", "coordinates": [[[41.526521, 42.074946], [41.523312, 42.070939], [41.52648, 42.066614], [41.532857, 42.066295], [41.536066, 42.070301], [41.532898, 42.074626], [41.526521, 42.074946]]]}, "properties": {"i": 713, "h3": "882c218b2bfffff", "lon": 41.52969, "lat": 42.07062, "water_km2": 0.745, "dist_coast_km": 12.2, "persistence": 0.0, "mean_cover": 0.0, "max_cover": 0.0, "trend_cover": 0.0, "hot": 0.0, "n_obs": 1}}, {"type": "Feature", "id": 714, "geometry": {"type": "Polygon", "coordinates": [[[41.516894, 42.062925], [41.513686, 42.058918], [41.516854, 42.054592], [41.52323, 42.054274], [41.526439, 42.058281], [41.523271, 42.062607], [41.516894, 42.062925]]]}, "properties": {"i": 714, "h3": "882c218b2dfffff", "lon": 41.52006, "lat": 42.0586, "water_km2": 0.735, "dist_coast_km": 14.4, "persistence": 0.0, "mean_cover": 0.0, "max_cover": 0.0, "trend_cover": 0.0, "hot": 0.0, "n_obs": 1}}, {"type": "Feature", "id": 715, "geometry": {"type": "Polygon", "coordinates": [[[41.545695, 42.082318], [41.542485, 42.078312], [41.545652, 42.073987], [41.552028, 42.073667], [41.555238, 42.077672], [41.552072, 42.081997], [41.545695, 42.082318]]]}, "properties": {"i": 715, "h3": "882c218b31fffff", "lon": 41.54886, "lat": 42.07799, "water_km2": 0.73, "dist_coast_km": 11.1, "persistence": 0.0, "mean_cover": 0.0, "max_cover": 0.0, "trend_cover": 0.0, "hot": 0.0, "n_obs": 1}}, {"type": "Feature", "id": 716, "geometry": {"type": "Polygon", "coordinates": [[[41.555282, 42.086002], [41.552072, 42.081997], [41.555238, 42.077672], [41.561614, 42.077351], [41.564824, 42.081355], [41.561658, 42.085681], [41.555282, 42.086002]]]}, "properties": {"i": 716, "h3": "882c218b33fffff", "lon": 41.55845, "lat": 42.08168, "water_km2": 0.745, "dist_coast_km": 11.1, "persistence": 0.0, "mean_cover": 0.0, "max_cover": 0.0, "trend_cover": 0.0, "hot": 0.0, "n_obs": 1}}, {"type": "Feature", "id": 717, "geometry": {"type": "Polygon", "coordinates": [[[41.545652, 42.073987], [41.542442, 42.069981], [41.545609, 42.065655], [41.551985, 42.065335], [41.555194, 42.069341], [41.552028, 42.073667], [41.545652, 42.073987]]]}, "properties": {"i": 717, "h3": "882c218b35fffff", "lon": 41.54882, "lat": 42.06966, "water_km2": 0.735, "dist_coast_km": 11.1, "persistence": 0.0, "mean_cover": 0.0, "max_cover": 0.0, "trend_cover": 0.0, "hot": 0.0, "n_obs": 1}}, {"type": "Feature", "id": 718, "geometry": {"type": "Polygon", "coordinates": [[[41.555238, 42.077672], [41.552028, 42.073667], [41.555194, 42.069341], [41.56157, 42.06902], [41.564779, 42.073025], [41.561614, 42.077351], [41.555238, 42.077672]]]}, "properties": {"i": 718, "h3": "882c218b37fffff", "lon": 41.5584, "lat": 42.07335, "water_km2": 0.72, "dist_coast_km": 11.1, "persistence": 0.0, "mean_cover": 0.0, "max_cover": 0.0, "trend_cover": 0.0, "hot": 0.0, "n_obs": 1}}, {"type": "Feature", "id": 719, "geometry": {"type": "Polygon", "coordinates": [[[41.53615, 42.086963], [41.53294, 42.082958], [41.536108, 42.078632], [41.542485, 42.078312], [41.545695, 42.082318], [41.542527, 42.086643], [41.53615, 42.086963]]]}, "properties": {"i": 719, "h3": "882c218b39fffff", "lon": 41.53932, "lat": 42.08264, "water_km2": 0.74, "dist_coast_km": 12.2, "persistence": 0.0, "mean_cover": 0.0, "max_cover": 0.0, "trend_cover": 0.0, "hot": 0.0, "n_obs": 1}}, {"type": "Feature", "id": 720, "geometry": {"type": "Polygon", "coordinates": [[[41.545738, 42.090648], [41.542527, 42.086643], [41.545695, 42.082318], [41.552072, 42.081997], [41.555282, 42.086002], [41.552115, 42.090327], [41.545738, 42.090648]]]}, "properties": {"i": 720, "h3": "882c218b3bfffff", "lon": 41.5489, "lat": 42.08632, "water_km2": 0.738, "dist_coast_km": 10.0, "persistence": 0.0, "mean_cover": 0.0, "max_cover": 0.0, "trend_cover": 0.0, "hot": 0.0, "n_obs": 1}}, {"type": "Feature", "id": 721, "geometry": {"type": "Polygon", "coordinates": [[[41.536108, 42.078632], [41.532898, 42.074626], [41.536066, 42.070301], [41.542442, 42.069981], [41.545652, 42.073987], [41.542485, 42.078312], [41.536108, 42.078632]]]}, "properties": {"i": 721, "h3": "882c218b3dfffff", "lon": 41.53928, "lat": 42.07431, "water_km2": 0.725, "dist_coast_km": 12.2, "persistence": 0.0, "mean_cover": 0.0, "max_cover": 0.0, "trend_cover": 0.0, "hot": 0.0, "n_obs": 1}}, {"type": "Feature", "id": 722, "geometry": {"type": "Polygon", "coordinates": [[[41.488324, 42.093518], [41.485115, 42.089511], [41.488287, 42.085186], [41.494667, 42.084869], [41.497876, 42.088876], [41.494705, 42.093201], [41.488324, 42.093518]]]}, "properties": {"i": 722, "h3": "882c218b41fffff", "lon": 41.4915, "lat": 42.08919, "water_km2": 0.725, "dist_coast_km": 14.8, "persistence": 0.0, "mean_cover": 0.0, "max_cover": 0.0, "trend_cover": 0.0, "hot": 0.0, "n_obs": 1}}, {"type": "Feature", "id": 723, "geometry": {"type": "Polygon", "coordinates": [[[41.497914, 42.097208], [41.494705, 42.093201], [41.497876, 42.088876], [41.504256, 42.088558], [41.507465, 42.092565], [41.504294, 42.096889], [41.497914, 42.097208]]]}, "properties": {"i": 723, "h3": "882c218b43fffff", "lon": 41.50108, "lat": 42.09288, "water_km2": 0.748, "dist_coast_km": 13.6, "persistence": 0.0, "mean_cover": 0.0, "max_cover": 0.0, "trend_cover": 0.0, "hot": 0.0, "n_obs": 1}}, {"type": "Feature", "id": 724, "geometry": {"type": "Polygon", "coordinates": [[[41.488287, 42.085186], [41.485078, 42.081179], [41.488249, 42.076854], [41.494629, 42.076537], [41.497838, 42.080544], [41.494667, 42.084869], [41.488287, 42.085186]]]}, "properties": {"i": 724, "h3": "882c218b45fffff", "lon": 41.49146, "lat": 42.08086, "water_km2": 0.74, "dist_coast_km": 15.6, "persistence": 0.0, "mean_cover": 0.0, "max_cover": 0.0, "trend_cover": 0.0, "hot": 0.0, "n_obs": 1}}, {"type": "Feature", "id": 725, "geometry": {"type": "Polygon", "coordinates": [[[41.497876, 42.088876], [41.494667, 42.084869], [41.497838, 42.080544], [41.504217, 42.080226], [41.507426, 42.084233], [41.504256, 42.088558], [41.497876, 42.088876]]]}, "properties": {"i": 725, "h3": "882c218b47fffff", "lon": 41.50105, "lat": 42.08455, "water_km2": 0.72, "dist_coast_km": 13.6, "persistence": 0.0, "mean_cover": 0.0, "max_cover": 0.0, "trend_cover": 0.0, "hot": 0.0, "n_obs": 1}}, {"type": "Feature", "id": 726, "geometry": {"type": "Polygon", "coordinates": [[[41.47877, 42.09816], [41.475561, 42.094153], [41.478734, 42.089828], [41.485115, 42.089511], [41.488324, 42.093518], [41.485152, 42.097843], [41.47877, 42.09816]]]}, "properties": {"i": 726, "h3": "882c218b49fffff", "lon": 41.48194, "lat": 42.09384, "water_km2": 0.735, "dist_coast_km": 14.8, "persistence": 0.0, "mean_cover": 0.0, "max_cover": 0.0, "trend_cover": 0.0, "hot": 0.0, "n_obs": 1}}, {"type": "Feature", "id": 727, "geometry": {"type": "Polygon", "coordinates": [[[41.488361, 42.10185], [41.485152, 42.097843], [41.488324, 42.093518], [41.494705, 42.093201], [41.497914, 42.097208], [41.494742, 42.101532], [41.488361, 42.10185]]]}, "properties": {"i": 727, "h3": "882c218b4bfffff", "lon": 41.49153, "lat": 42.09753, "water_km2": 0.74, "dist_coast_km": 14.8, "persistence": 0.0, "mean_cover": 0.0, "max_cover": 0.0, "trend_cover": 0.0, "hot": 0.0, "n_obs": 1}}, {"type": "Feature", "id": 728, "geometry": {"type": "Polygon", "coordinates": [[[41.478734, 42.089828], [41.475525, 42.08582], [41.478698, 42.081496], [41.485078, 42.081179], [41.488287, 42.085186], [41.485115, 42.089511], [41.478734, 42.089828]]]}, "properties": {"i": 728, "h3": "882c218b4dfffff", "lon": 41.48191, "lat": 42.0855, "water_km2": 0.73, "dist_coast_km": 14.8, "persistence": 0.0, "mean_cover": 0.0, "max_cover": 0.0, "trend_cover": 0.0, "hot": 0.0, "n_obs": 1}}, {"type": "Feature", "id": 729, "geometry": {"type": "Polygon", "coordinates": [[[41.507543, 42.109226], [41.504333, 42.10522], [41.507504, 42.100896], [41.513884, 42.100577], [41.517095, 42.104582], [41.513924, 42.108907], [41.507543, 42.109226]]]}, "properties": {"i": 729, "h3": "882c218b51fffff", "lon": 41.51071, "lat": 42.1049, "water_km2": 0.738, "dist_coast_km": 11.6, "persistence": 0.0, "mean_cover": 0.0, "max_cover": 0.0, "trend_cover": 0.0, "hot": 0.0, "n_obs": 1}}, {"type": "Feature", "id": 730, "geometry": {"type": "Polygon", "coordinates": [[[41.517135, 42.112912], [41.513924, 42.108907], [41.517095, 42.104582], [41.523475, 42.104263], [41.526685, 42.108268], [41.523515, 42.112593], [41.517135, 42.112912]]]}, "properties": {"i": 730, "h3": "882c218b53fffff", "lon": 41.5203, "lat": 42.10859, "water_km2": 0.738, "dist_coast_km": 11.6, "persistence": 0.0, "mean_cover": 0.0, "max_cover": 0.0, "trend_cover": 0.0, "hot": 0.0, "n_obs": 1}}, {"type": "Feature", "id": 731, "geometry": {"type": "Polygon", "coordinates": [[[41.507504, 42.100896], [41.504294, 42.096889], [41.507465, 42.092565], [41.513845, 42.092246], [41.517054, 42.096252], [41.513884, 42.100577], [41.507504, 42.100896]]]}, "properties": {"i": 731, "h3": "882c218b55fffff", "lon": 41.51067, "lat": 42.09657, "water_km2": 0.728, "dist_coast_km": 12.3, "persistence": 0.0, "mean_cover": 0.0, "max_cover": 0.0, "trend_cover": 0.0, "hot": 0.0, "n_obs": 1}}, {"type": "Feature", "id": 732, "geometry": {"type": "Polygon", "coordinates": [[[41.517095, 42.104582], [41.513884, 42.100577], [41.517054, 42.096252], [41.523434, 42.095933], [41.526644, 42.099938], [41.523475, 42.104263], [41.517095, 42.104582]]]}, "properties": {"i": 732, "h3": "882c218b57fffff", "lon": 41.52026, "lat": 42.10026, "water_km2": 0.728, "dist_coast_km": 12.3, "persistence": 0.0, "mean_cover": 0.0, "max_cover": 0.0, "trend_cover": 0.0, "hot": 0.0, "n_obs": 1}}, {"type": "Feature", "id": 733, "geometry": {"type": "Polygon", "coordinates": [[[41.49799, 42.113869], [41.49478, 42.109863], [41.497952, 42.105538], [41.504333, 42.10522], [41.507543, 42.109226], [41.504372, 42.11355], [41.49799, 42.113869]]]}, "properties": {"i": 733, "h3": "882c218b59fffff", "lon": 41.50116, "lat": 42.10954, "water_km2": 0.745, "dist_coast_km": 12.9, "persistence": 0.0, "mean_cover": 0.0, "max_cover": 0.0, "trend_cover": 0.0, "hot": 0.0, "n_obs": 1}}, {"type": "Feature", "id": 734, "geometry": {"type": "Polygon", "coordinates": [[[41.507583, 42.117556], [41.504372, 42.11355], [41.507543, 42.109226], [41.513924, 42.108907], [41.517135, 42.112912], [41.513964, 42.117237], [41.507583, 42.117556]]]}, "properties": {"i": 734, "h3": "882c218b5bfffff", "lon": 41.51075, "lat": 42.11323, "water_km2": 0.728, "dist_coast_km": 11.6, "persistence": 0.0, "mean_cover": 0.0, "max_cover": 0.0, "trend_cover": 0.0, "hot": 0.0, "n_obs": 1}}, {"type": "Feature", "id": 735, "geometry": {"type": "Polygon", "coordinates": [[[41.497952, 42.105538], [41.494742, 42.101532], [41.497914, 42.097208], [41.504294, 42.096889], [41.507504, 42.100896], [41.504333, 42.10522], [41.497952, 42.105538]]]}, "properties": {"i": 735, "h3": "882c218b5dfffff", "lon": 41.50112, "lat": 42.10121, "water_km2": 0.72, "dist_coast_km": 12.9, "persistence": 0.0, "mean_cover": 0.0, "max_cover": 0.0, "trend_cover": 0.0, "hot": 0.0, "n_obs": 1}}, {"type": "Feature", "id": 736, "geometry": {"type": "Polygon", "coordinates": [[[41.497799, 42.072212], [41.494591, 42.068204], [41.497761, 42.063879], [41.504139, 42.063561], [41.507348, 42.067569], [41.504178, 42.071894], [41.497799, 42.072212]]]}, "properties": {"i": 736, "h3": "882c218b61fffff", "lon": 41.50097, "lat": 42.06789, "water_km2": 0.722, "dist_coast_km": 14.4, "persistence": 0.0, "mean_cover": 0.0, "max_cover": 0.0, "trend_cover": 0.0, "hot": 0.0, "n_obs": 1}}, {"type": "Feature", "id": 737, "geometry": {"type": "Polygon", "coordinates": [[[41.507387, 42.075901], [41.504178, 42.071894], [41.507348, 42.067569], [41.513725, 42.067251], [41.516934, 42.071258], [41.513765, 42.075583], [41.507387, 42.075901]]]}, "properties": {"i": 737, "h3": "882c218b63fffff", "lon": 41.51056, "lat": 42.07158, "water_km2": 0.738, "dist_coast_km": 13.3, "persistence": 0.0, "mean_cover": 0.0, "max_cover": 0.0, "trend_cover": 0.0, "hot": 0.0, "n_obs": 1}}, {"type": "Feature", "id": 738, "geometry": {"type": "Polygon", "coordinates": [[[41.497761, 42.063879], [41.494553, 42.05987], [41.497723, 42.055545], [41.5041, 42.055228], [41.507308, 42.059236], [41.504139, 42.063561], [41.497761, 42.063879]]]}, "properties": {"i": 738, "h3": "882c218b65fffff", "lon": 41.50093, "lat": 42.05955, "water_km2": 0.745, "dist_coast_km": 15.5, "persistence": 0.0, "mean_cover": 0.0, "max_cover": 0.0, "trend_cover": 0.0, "hot": 0.0, "n_obs": 1}}, {"type": "Feature", "id": 739, "geometry": {"type": "Polygon", "coordinates": [[[41.507348, 42.067569], [41.504139, 42.063561], [41.507308, 42.059236], [41.513686, 42.058918], [41.516894, 42.062925], [41.513725, 42.067251], [41.507348, 42.067569]]]}, "properties": {"i": 739, "h3": "882c218b67fffff", "lon": 41.51052, "lat": 42.06324, "water_km2": 0.728, "dist_coast_km": 14.4, "persistence": 0.0, "mean_cover": 0.0, "max_cover": 0.0, "trend_cover": 0.0, "hot": 0.0, "n_obs": 1}}, {"type": "Feature", "id": 740, "geometry": {"type": "Polygon", "coordinates": [[[41.488249, 42.076854], [41.485041, 42.072846], [41.488212, 42.068521], [41.494591, 42.068204], [41.497799, 42.072212], [41.494629, 42.076537], [41.488249, 42.076854]]]}, "properties": {"i": 740, "h3": "882c218b69fffff", "lon": 41.49142, "lat": 42.07253, "water_km2": 0.728, "dist_coast_km": 15.6, "persistence": 0.0, "mean_cover": 0.0, "max_cover": 0.0, "trend_cover": 0.0, "hot": 0.0, "n_obs": 1}}, {"type": "Feature", "id": 741, "geometry": {"type": "Polygon", "coordinates": [[[41.497838, 42.080544], [41.494629, 42.076537], [41.497799, 42.072212], [41.504178, 42.071894], [41.507387, 42.075901], [41.504217, 42.080226], [41.497838, 42.080544]]]}, "properties": {"i": 741, "h3": "882c218b6bfffff", "lon": 41.50101, "lat": 42.07622, "water_km2": 0.745, "dist_coast_km": 14.4, "persistence": 0.0, "mean_cover": 0.0, "max_cover": 0.0, "trend_cover": 0.0, "hot": 0.0, "n_obs": 1}}, {"type": "Feature", "id": 742, "geometry": {"type": "Polygon", "coordinates": [[[41.488212, 42.068521], [41.485004, 42.064512], [41.488175, 42.060187], [41.494553, 42.05987], [41.497761, 42.063879], [41.494591, 42.068204], [41.488212, 42.068521]]]}, "properties": {"i": 742, "h3": "882c218b6dfffff", "lon": 41.49138, "lat": 42.0642, "water_km2": 0.738, "dist_coast_km": 16.6, "persistence": 0.0, "mean_cover": 0.0, "max_cover": 0.0, "trend_cover": 0.0, "hot": 0.0, "n_obs": 1}}, {"type": "Feature", "id": 743, "geometry": {"type": "Polygon", "coordinates": [[[41.64241, 42.252238], [41.639192, 42.248245], [41.642358, 42.243922], [41.648742, 42.243592], [41.65196, 42.247586], [41.648795, 42.251909], [41.64241, 42.252238]]]}, "properties": {"i": 743, "h3": "882c218e0dfffff", "lon": 41.64558, "lat": 42.24792, "water_km2": 0.004, "dist_coast_km": 0.0, "persistence": 0.0, "mean_cover": 0.0, "max_cover": 0.0, "trend_cover": 0.0, "hot": 0.0, "n_obs": 1}}, {"type": "Feature", "id": 744, "geometry": {"type": "Polygon", "coordinates": [[[41.623305, 42.261541], [41.620087, 42.257547], [41.623254, 42.253225], [41.62964, 42.252896], [41.632859, 42.25689], [41.629691, 42.261212], [41.623305, 42.261541]]]}, "properties": {"i": 744, "h3": "882c218e41fffff", "lon": 41.62647, "lat": 42.25722, "water_km2": 0.735, "dist_coast_km": 0.0, "persistence": 0.0, "mean_cover": 0.0, "max_cover": 0.0, "trend_cover": 0.0, "hot": 0.0, "n_obs": 1}}, {"type": "Feature", "id": 745, "geometry": {"type": "Polygon", "coordinates": [[[41.63291, 42.265206], [41.629691, 42.261212], [41.632859, 42.25689], [41.639244, 42.256561], [41.642463, 42.260554], [41.639296, 42.264877], [41.63291, 42.265206]]]}, "properties": {"i": 745, "h3": "882c218e43fffff", "lon": 41.63608, "lat": 42.26088, "water_km2": 0.477, "dist_coast_km": 0.0, "persistence": 0.0, "mean_cover": 0.0, "max_cover": 0.0, "trend_cover": 0.0, "hot": 0.0, "n_obs": 1}}, {"type": "Feature", "id": 746, "geometry": {"type": "Polygon", "coordinates": [[[41.623254, 42.253225], [41.620036, 42.24923], [41.623204, 42.244907], [41.629589, 42.244579], [41.632807, 42.248573], [41.62964, 42.252896], [41.623254, 42.253225]]]}, "properties": {"i": 746, "h3": "882c218e45fffff", "lon": 41.62642, "lat": 42.2489, "water_km2": 0.728, "dist_coast_km": 1.4, "persistence": 0.0, "mean_cover": 0.0, "max_cover": 0.0, "trend_cover": 0.0, "hot": 0.0, "n_obs": 1}}, {"type": "Feature", "id": 747, "geometry": {"type": "Polygon", "coordinates": [[[41.632859, 42.25689], [41.62964, 42.252896], [41.632807, 42.248573], [41.639192, 42.248245], [41.64241, 42.252238], [41.639244, 42.256561], [41.632859, 42.25689]]]}, "properties": {"i": 747, "h3": "882c218e47fffff", "lon": 41.63603, "lat": 42.25257, "water_km2": 0.556, "dist_coast_km": 0.0, "persistence": 0.0, "mean_cover": 0.0, "max_cover": 0.0, "trend_cover": 0.0, "hot": 0.0, "n_obs": 1}}, {"type": "Feature", "id": 748, "geometry": {"type": "Polygon", "coordinates": [[[41.61375, 42.266192], [41.610531, 42.262197], [41.6137, 42.257875], [41.620087, 42.257547], [41.623305, 42.261541], [41.620137, 42.265863], [41.61375, 42.266192]]]}, "properties": {"i": 748, "h3": "882c218e49fffff", "lon": 41.61692, "lat": 42.26187, "water_km2": 0.742, "dist_coast_km": 1.4, "persistence": 0.0, "mean_cover": 0.0, "max_cover": 0.0, "trend_cover": 0.0, "hot": 0.0, "n_obs": 1}}, {"type": "Feature", "id": 749, "geometry": {"type": "Polygon", "coordinates": [[[41.623356, 42.269857], [41.620137, 42.265863], [41.623305, 42.261541], [41.629691, 42.261212], [41.63291, 42.265206], [41.629743, 42.269528], [41.623356, 42.269857]]]}, "properties": {"i": 749, "h3": "882c218e4bfffff", "lon": 41.62652, "lat": 42.26553, "water_km2": 0.725, "dist_coast_km": 0.0, "persistence": 0.0, "mean_cover": 0.0, "max_cover": 0.0, "trend_cover": 0.0, "hot": 0.0, "n_obs": 1}}, {"type": "Feature", "id": 750, "geometry": {"type": "Polygon", "coordinates": [[[41.6137, 42.257875], [41.610482, 42.25388], [41.61365, 42.249558], [41.620036, 42.24923], [41.623254, 42.253225], [41.620087, 42.257547], [41.6137, 42.257875]]]}, "properties": {"i": 750, "h3": "882c218e4dfffff", "lon": 41.61687, "lat": 42.25355, "water_km2": 0.72, "dist_coast_km": 1.4, "persistence": 0.0, "mean_cover": 0.0, "max_cover": 0.0, "trend_cover": 0.0, "hot": 0.0, "n_obs": 1}}, {"type": "Feature", "id": 751, "geometry": {"type": "Polygon", "coordinates": [[[41.633013, 42.281836], [41.629794, 42.277843], [41.632962, 42.273521], [41.639349, 42.273192], [41.642568, 42.277185], [41.639401, 42.281507], [41.633013, 42.281836]]]}, "properties": {"i": 751, "h3": "882c218e59fffff", "lon": 41.63618, "lat": 42.27751, "water_km2": 0.148, "dist_coast_km": 0.0, "persistence": 0.0, "mean_cover": 0.0, "max_cover": 0.0, "trend_cover": 0.0, "hot": 0.0, "n_obs": 1}}, {"type": "Feature", "id": 752, "geometry": {"type": "Polygon", "coordinates": [[[41.632962, 42.273521], [41.629743, 42.269528], [41.63291, 42.265206], [41.639296, 42.264877], [41.642515, 42.26887], [41.639349, 42.273192], [41.632962, 42.273521]]]}, "properties": {"i": 752, "h3": "882c218e5dfffff", "lon": 41.63613, "lat": 42.2692, "water_km2": 0.313, "dist_coast_km": 0.0, "persistence": 0.0, "mean_cover": 0.0, "max_cover": 0.0, "trend_cover": 0.0, "hot": 0.0, "n_obs": 1}}, {"type": "Feature", "id": 753, "geometry": {"type": "Polygon", "coordinates": [[[41.632755, 42.240256], [41.629538, 42.236262], [41.632704, 42.231939], [41.639087, 42.23161], [41.642305, 42.235605], [41.63914, 42.239928], [41.632755, 42.240256]]]}, "properties": {"i": 753, "h3": "882c218e61fffff", "lon": 41.63592, "lat": 42.23593, "water_km2": 0.556, "dist_coast_km": 1.4, "persistence": 0.0, "mean_cover": 0.0, "max_cover": 0.0, "trend_cover": 0.0, "hot": 0.0, "n_obs": 1}}, {"type": "Feature", "id": 754, "geometry": {"type": "Polygon", "coordinates": [[[41.632704, 42.231939], [41.629486, 42.227944], [41.632652, 42.22362], [41.639035, 42.223292], [41.642253, 42.227287], [41.639087, 42.23161], [41.632704, 42.231939]]]}, "properties": {"i": 754, "h3": "882c218e65fffff", "lon": 41.63587, "lat": 42.22762, "water_km2": 0.405, "dist_coast_km": 1.4, "persistence": 0.0, "mean_cover": 0.0, "max_cover": 0.0, "trend_cover": 0.0, "hot": 0.0, "n_obs": 1}}, {"type": "Feature", "id": 755, "geometry": {"type": "Polygon", "coordinates": [[[41.623204, 42.244907], [41.619986, 42.240913], [41.623153, 42.23659], [41.629538, 42.236262], [41.632755, 42.240256], [41.629589, 42.244579], [41.623204, 42.244907]]]}, "properties": {"i": 755, "h3": "882c218e69fffff", "lon": 41.62637, "lat": 42.24058, "water_km2": 0.732, "dist_coast_km": 1.4, "persistence": 0.0, "mean_cover": 0.0, "max_cover": 0.0, "trend_cover": 0.0, "hot": 0.0, "n_obs": 1}}, {"type": "Feature", "id": 756, "geometry": {"type": "Polygon", "coordinates": [[[41.632807, 42.248573], [41.629589, 42.244579], [41.632755, 42.240256], [41.63914, 42.239928], [41.642358, 42.243922], [41.639192, 42.248245], [41.632807, 42.248573]]]}, "properties": {"i": 756, "h3": "882c218e6bfffff", "lon": 41.63597, "lat": 42.24425, "water_km2": 0.617, "dist_coast_km": 1.4, "persistence": 0.0, "mean_cover": 0.0, "max_cover": 0.0, "trend_cover": 0.0, "hot": 0.0, "n_obs": 1}}, {"type": "Feature", "id": 757, "geometry": {"type": "Polygon", "coordinates": [[[41.623153, 42.23659], [41.619936, 42.232595], [41.623103, 42.228272], [41.629486, 42.227944], [41.632704, 42.231939], [41.629538, 42.236262], [41.623153, 42.23659]]]}, "properties": {"i": 757, "h3": "882c218e6dfffff", "lon": 41.62632, "lat": 42.23227, "water_km2": 0.73, "dist_coast_km": 1.4, "persistence": 0.0, "mean_cover": 0.0, "max_cover": 0.0, "trend_cover": 0.0, "hot": 0.0, "n_obs": 1}}, {"type": "Feature", "id": 758, "geometry": {"type": "Polygon", "coordinates": [[[41.622951, 42.203314], [41.619735, 42.199317], [41.6229, 42.194993], [41.629281, 42.194666], [41.632498, 42.198663], [41.629333, 42.202986], [41.622951, 42.203314]]]}, "properties": {"i": 758, "h3": "882c218f41fffff", "lon": 41.62612, "lat": 42.19899, "water_km2": 0.734, "dist_coast_km": 0.0, "persistence": 0.0, "mean_cover": 0.0, "max_cover": 0.0, "trend_cover": 0.0, "hot": 0.0, "n_obs": 1}}, {"type": "Feature", "id": 759, "geometry": {"type": "Polygon", "coordinates": [[[41.632549, 42.206982], [41.629333, 42.202986], [41.632498, 42.198663], [41.638879, 42.198335], [41.642095, 42.202331], [41.638931, 42.206655], [41.632549, 42.206982]]]}, "properties": {"i": 759, "h3": "882c218f43fffff", "lon": 41.63571, "lat": 42.20266, "water_km2": 0.023, "dist_coast_km": 0.0, "persistence": 0.0, "mean_cover": 0.0, "max_cover": 0.0, "trend_cover": 0.0, "hot": 0.0, "n_obs": 1}}, {"type": "Feature", "id": 760, "geometry": {"type": "Polygon", "coordinates": [[[41.6229, 42.194993], [41.619684, 42.190996], [41.62285, 42.186672], [41.62923, 42.186345], [41.632446, 42.190342], [41.629281, 42.194666], [41.6229, 42.194993]]]}, "properties": {"i": 760, "h3": "882c218f45fffff", "lon": 41.62607, "lat": 42.19067, "water_km2": 0.722, "dist_coast_km": 0.0, "persistence": 0.0, "mean_cover": 0.0, "max_cover": 0.0, "trend_cover": 0.0, "hot": 0.0, "n_obs": 1}}, {"type": "Feature", "id": 761, "geometry": {"type": "Polygon", "coordinates": [[[41.632498, 42.198663], [41.629281, 42.194666], [41.632446, 42.190342], [41.638827, 42.190015], [41.642043, 42.194011], [41.638879, 42.198335], [41.632498, 42.198663]]]}, "properties": {"i": 761, "h3": "882c218f47fffff", "lon": 41.63566, "lat": 42.19434, "water_km2": 0.165, "dist_coast_km": 0.0, "persistence": 0.0, "mean_cover": 0.0, "max_cover": 0.0, "trend_cover": 0.0, "hot": 0.0, "n_obs": 1}}, {"type": "Feature", "id": 762, "geometry": {"type": "Polygon", "coordinates": [[[41.613402, 42.207964], [41.610186, 42.203967], [41.613352, 42.199644], [41.619735, 42.199317], [41.622951, 42.203314], [41.619785, 42.207637], [41.613402, 42.207964]]]}, "properties": {"i": 762, "h3": "882c218f49fffff", "lon": 41.61657, "lat": 42.20364, "water_km2": 0.73, "dist_coast_km": 1.4, "persistence": 0.0, "mean_cover": 0.0, "max_cover": 0.0, "trend_cover": 0.0, "hot": 0.0, "n_obs": 1}}, {"type": "Feature", "id": 763, "geometry": {"type": "Polygon", "coordinates": [[[41.623001, 42.211634], [41.619785, 42.207637], [41.622951, 42.203314], [41.629333, 42.202986], [41.632549, 42.206982], [41.629384, 42.211306], [41.623001, 42.211634]]]}, "properties": {"i": 763, "h3": "882c218f4bfffff", "lon": 41.62617, "lat": 42.20731, "water_km2": 0.528, "dist_coast_km": 0.0, "persistence": 0.0, "mean_cover": 0.0, "max_cover": 0.0, "trend_cover": 0.0, "hot": 0.0, "n_obs": 1}}, {"type": "Feature", "id": 764, "geometry": {"type": "Polygon", "coordinates": [[[41.613352, 42.199644], [41.610137, 42.195646], [41.613303, 42.191323], [41.619684, 42.190996], [41.6229, 42.194993], [41.619735, 42.199317], [41.613352, 42.199644]]]}, "properties": {"i": 764, "h3": "882c218f4dfffff", "lon": 41.61652, "lat": 42.19532, "water_km2": 0.732, "dist_coast_km": 1.4, "persistence": 0.0, "mean_cover": 0.0, "max_cover": 0.0, "trend_cover": 0.0, "hot": 0.0, "n_obs": 1}}, {"type": "Feature", "id": 765, "geometry": {"type": "Polygon", "coordinates": [[[41.632652, 42.22362], [41.629435, 42.219625], [41.632601, 42.215302], [41.638983, 42.214974], [41.6422, 42.218969], [41.639035, 42.223292], [41.632652, 42.22362]]]}, "properties": {"i": 765, "h3": "882c218f59fffff", "lon": 41.63582, "lat": 42.2193, "water_km2": 0.119, "dist_coast_km": 1.4, "persistence": 0.0, "mean_cover": 0.0, "max_cover": 0.0, "trend_cover": 0.0, "hot": 0.0, "n_obs": 1}}, {"type": "Feature", "id": 766, "geometry": {"type": "Polygon", "coordinates": [[[41.632601, 42.215302], [41.629384, 42.211306], [41.632549, 42.206982], [41.638931, 42.206655], [41.642148, 42.21065], [41.638983, 42.214974], [41.632601, 42.215302]]]}, "properties": {"i": 766, "h3": "882c218f5dfffff", "lon": 41.63577, "lat": 42.21098, "water_km2": 0.006, "dist_coast_km": 0.0, "persistence": 0.0, "mean_cover": 0.0, "max_cover": 0.0, "trend_cover": 0.0, "hot": 0.0, "n_obs": 1}}, {"type": "Feature", "id": 767, "geometry": {"type": "Polygon", "coordinates": [[[41.632395, 42.182021], [41.629179, 42.178024], [41.632343, 42.1737], [41.638722, 42.173373], [41.641938, 42.17737], [41.638775, 42.181694], [41.632395, 42.182021]]]}, "properties": {"i": 767, "h3": "882c218f61fffff", "lon": 41.63556, "lat": 42.1777, "water_km2": 0.723, "dist_coast_km": 1.4, "persistence": 0.0, "mean_cover": 0.0, "max_cover": 0.0, "trend_cover": 0.0, "hot": 0.0, "n_obs": 1}}, {"type": "Feature", "id": 768, "geometry": {"type": "Polygon", "coordinates": [[[41.641991, 42.185691], [41.638775, 42.181694], [41.641938, 42.17737], [41.648317, 42.177042], [41.651533, 42.181038], [41.64837, 42.185363], [41.641991, 42.185691]]]}, "properties": {"i": 768, "h3": "882c218f63fffff", "lon": 41.64515, "lat": 42.18137, "water_km2": 0.006, "dist_coast_km": 0.0, "persistence": 0.0, "mean_cover": 0.0, "max_cover": 0.0, "trend_cover": 0.0, "hot": 0.0, "n_obs": 1}}, {"type": "Feature", "id": 769, "geometry": {"type": "Polygon", "coordinates": [[[41.632343, 42.1737], [41.629128, 42.169702], [41.632292, 42.165378], [41.63867, 42.165051], [41.641886, 42.169048], [41.638722, 42.173373], [41.632343, 42.1737]]]}, "properties": {"i": 769, "h3": "882c218f65fffff", "lon": 41.63551, "lat": 42.16938, "water_km2": 0.722, "dist_coast_km": 1.4, "persistence": 0.0, "mean_cover": 0.0, "max_cover": 0.0, "trend_cover": 0.0, "hot": 0.0, "n_obs": 1}}, {"type": "Feature", "id": 770, "geometry": {"type": "Polygon", "coordinates": [[[41.641938, 42.17737], [41.638722, 42.173373], [41.641886, 42.169048], [41.648264, 42.168721], [41.65148, 42.172717], [41.648317, 42.177042], [41.641938, 42.17737]]]}, "properties": {"i": 770, "h3": "882c218f67fffff", "lon": 41.6451, "lat": 42.17305, "water_km2": 0.331, "dist_coast_km": 0.0, "persistence": 0.0, "mean_cover": 0.0, "max_cover": 0.0, "trend_cover": 0.0, "hot": 0.0, "n_obs": 1}}, {"type": "Feature", "id": 771, "geometry": {"type": "Polygon", "coordinates": [[[41.62285, 42.186672], [41.619634, 42.182675], [41.622799, 42.178351], [41.629179, 42.178024], [41.632395, 42.182021], [41.62923, 42.186345], [41.62285, 42.186672]]]}, "properties": {"i": 771, "h3": "882c218f69fffff", "lon": 41.62601, "lat": 42.18235, "water_km2": 0.74, "dist_coast_km": 1.4, "persistence": 0.0, "mean_cover": 0.0, "max_cover": 0.0, "trend_cover": 0.0, "hot": 0.0, "n_obs": 1}}, {"type": "Feature", "id": 772, "geometry": {"type": "Polygon", "coordinates": [[[41.632446, 42.190342], [41.62923, 42.186345], [41.632395, 42.182021], [41.638775, 42.181694], [41.641991, 42.185691], [41.638827, 42.190015], [41.632446, 42.190342]]]}, "properties": {"i": 772, "h3": "882c218f6bfffff", "lon": 41.63561, "lat": 42.18602, "water_km2": 0.357, "dist_coast_km": 0.0, "persistence": 0.0, "mean_cover": 0.0, "max_cover": 0.0, "trend_cover": 0.0, "hot": 0.0, "n_obs": 1}}, {"type": "Feature", "id": 773, "geometry": {"type": "Polygon", "coordinates": [[[41.622799, 42.178351], [41.619584, 42.174353], [41.622749, 42.170029], [41.629128, 42.169702], [41.632343, 42.1737], [41.629179, 42.178024], [41.622799, 42.178351]]]}, "properties": {"i": 773, "h3": "882c218f6dfffff", "lon": 41.62596, "lat": 42.17403, "water_km2": 0.722, "dist_coast_km": 1.4, "persistence": 0.0, "mean_cover": 0.0, "max_cover": 0.0, "trend_cover": 0.0, "hot": 0.0, "n_obs": 1}}, {"type": "Feature", "id": 774, "geometry": {"type": "Polygon", "coordinates": [[[41.480119, 42.406057], [41.476899, 42.402064], [41.480083, 42.397746], [41.486487, 42.397422], [41.489708, 42.401416], [41.486524, 42.405733], [41.480119, 42.406057]]]}, "properties": {"i": 774, "h3": "882c219431fffff", "lon": 41.4833, "lat": 42.40174, "water_km2": 0.02, "dist_coast_km": 5.5, "persistence": 0.0, "mean_cover": 0.0, "max_cover": 0.0, "trend_cover": 0.0, "hot": 0.0, "n_obs": 1}}, {"type": "Feature", "id": 775, "geometry": {"type": "Polygon", "coordinates": [[[41.489745, 42.409727], [41.486524, 42.405733], [41.489708, 42.401416], [41.496112, 42.401091], [41.499333, 42.405084], [41.49615, 42.409402], [41.489745, 42.409727]]]}, "properties": {"i": 775, "h3": "882c219433fffff", "lon": 41.49293, "lat": 42.40541, "water_km2": 0.404, "dist_coast_km": 4.1, "persistence": 0.0, "mean_cover": 0.0, "max_cover": 0.0, "trend_cover": 0.0, "hot": 0.0, "n_obs": 1}}, {"type": "Feature", "id": 776, "geometry": {"type": "Polygon", "coordinates": [[[41.480083, 42.397746], [41.476862, 42.393752], [41.480046, 42.389434], [41.48645, 42.38911], [41.48967, 42.393104], [41.486487, 42.397422], [41.480083, 42.397746]]]}, "properties": {"i": 776, "h3": "882c219435fffff", "lon": 41.48327, "lat": 42.39343, "water_km2": 0.159, "dist_coast_km": 5.5, "persistence": 0.0, "mean_cover": 0.0, "max_cover": 0.0, "trend_cover": 0.0, "hot": 0.0, "n_obs": 1}}, {"type": "Feature", "id": 777, "geometry": {"type": "Polygon", "coordinates": [[[41.489708, 42.401416], [41.486487, 42.397422], [41.48967, 42.393104], [41.496074, 42.39278], [41.499295, 42.396773], [41.496112, 42.401091], [41.489708, 42.401416]]]}, "properties": {"i": 777, "h3": "882c219437fffff", "lon": 41.49289, "lat": 42.3971, "water_km2": 0.721, "dist_coast_km": 4.1, "persistence": 0.0, "mean_cover": 0.0, "max_cover": 0.0, "trend_cover": 0.0, "hot": 0.0, "n_obs": 1}}, {"type": "Feature", "id": 778, "geometry": {"type": "Polygon", "coordinates": [[[41.528168, 42.407774], [41.524946, 42.403782], [41.528127, 42.399464], [41.534529, 42.399137], [41.537751, 42.403129], [41.534571, 42.407447], [41.528168, 42.407774]]]}, "properties": {"i": 778, "h3": "882c2194a5fffff", "lon": 41.53135, "lat": 42.40346, "water_km2": 0.58, "dist_coast_km": 1.4, "persistence": 0.0, "mean_cover": 0.0, "max_cover": 0.0, "trend_cover": 0.0, "hot": 0.0, "n_obs": 1}}, {"type": "Feature", "id": 779, "geometry": {"type": "Polygon", "coordinates": [[[41.537793, 42.411438], [41.534571, 42.407447], [41.537751, 42.403129], [41.544152, 42.402802], [41.547375, 42.406793], [41.544195, 42.411111], [41.537793, 42.411438]]]}, "properties": {"i": 779, "h3": "882c2194a7fffff", "lon": 41.54097, "lat": 42.40712, "water_km2": 0.182, "dist_coast_km": 1.4, "persistence": 0.0, "mean_cover": 0.0, "max_cover": 0.0, "trend_cover": 0.0, "hot": 0.0, "n_obs": 1}}, {"type": "Feature", "id": 780, "geometry": {"type": "Polygon", "coordinates": [[[41.518584, 42.412418], [41.515362, 42.408426], [41.518543, 42.404108], [41.524946, 42.403782], [41.528168, 42.407774], [41.524987, 42.412092], [41.518584, 42.412418]]]}, "properties": {"i": 780, "h3": "882c2194adfffff", "lon": 41.52177, "lat": 42.4081, "water_km2": 0.136, "dist_coast_km": 2.7, "persistence": 0.0, "mean_cover": 0.0, "max_cover": 0.0, "trend_cover": 0.0, "hot": 0.0, "n_obs": 1}}, {"type": "Feature", "id": 781, "geometry": {"type": "Polygon", "coordinates": [[[41.499372, 42.413395], [41.49615, 42.409402], [41.499333, 42.405084], [41.505737, 42.404759], [41.508958, 42.408752], [41.505776, 42.41307], [41.499372, 42.413395]]]}, "properties": {"i": 781, "h3": "882c2194e5fffff", "lon": 41.50255, "lat": 42.40908, "water_km2": 0.082, "dist_coast_km": 4.1, "persistence": 0.0, "mean_cover": 0.0, "max_cover": 0.0, "trend_cover": 0.0, "hot": 0.0, "n_obs": 1}}, {"type": "Feature", "id": 782, "geometry": {"type": "Polygon", "coordinates": [[[41.46066, 42.348831], [41.457441, 42.344834], [41.460625, 42.340515], [41.467026, 42.340193], [41.470244, 42.34419], [41.467061, 42.348509], [41.46066, 42.348831]]]}, "properties": {"i": 782, "h3": "882c219507fffff", "lon": 41.46384, "lat": 42.34451, "water_km2": 0.001, "dist_coast_km": 8.8, "persistence": 0.0, "mean_cover": 0.0, "max_cover": 0.0, "trend_cover": 0.0, "hot": 0.0, "n_obs": 1}}, {"type": "Feature", "id": 783, "geometry": {"type": "Polygon", "coordinates": [[[41.470351, 42.369135], [41.467132, 42.365139], [41.470315, 42.360821], [41.476717, 42.360498], [41.479936, 42.364494], [41.476753, 42.368812], [41.470351, 42.369135]]]}, "properties": {"i": 783, "h3": "882c219511fffff", "lon": 41.47353, "lat": 42.36482, "water_km2": 0.127, "dist_coast_km": 7.8, "persistence": 0.0, "mean_cover": 0.0, "max_cover": 0.0, "trend_cover": 0.0, "hot": 0.0, "n_obs": 1}}, {"type": "Feature", "id": 784, "geometry": {"type": "Polygon", "coordinates": [[[41.479973, 42.372808], [41.476753, 42.368812], [41.479936, 42.364494], [41.486338, 42.364171], [41.489558, 42.368166], [41.486375, 42.372484], [41.479973, 42.372808]]]}, "properties": {"i": 784, "h3": "882c219513fffff", "lon": 41.48316, "lat": 42.36849, "water_km2": 0.705, "dist_coast_km": 5.8, "persistence": 0.0, "mean_cover": 0.0, "max_cover": 0.0, "trend_cover": 0.0, "hot": 0.0, "n_obs": 1}}, {"type": "Feature", "id": 785, "geometry": {"type": "Polygon", "coordinates": [[[41.470315, 42.360821], [41.467096, 42.356824], [41.47028, 42.352506], [41.476681, 42.352183], [41.4799, 42.35618], [41.476717, 42.360498], [41.470315, 42.360821]]]}, "properties": {"i": 785, "h3": "882c219515fffff", "lon": 41.4735, "lat": 42.3565, "water_km2": 0.323, "dist_coast_km": 7.8, "persistence": 0.0, "mean_cover": 0.0, "max_cover": 0.0, "trend_cover": 0.0, "hot": 0.0, "n_obs": 1}}, {"type": "Feature", "id": 786, "geometry": {"type": "Polygon", "coordinates": [[[41.479936, 42.364494], [41.476717, 42.360498], [41.4799, 42.35618], [41.486301, 42.355857], [41.48952, 42.359852], [41.486338, 42.364171], [41.479936, 42.364494]]]}, "properties": {"i": 786, "h3": "882c219517fffff", "lon": 41.48312, "lat": 42.36018, "water_km2": 0.732, "dist_coast_km": 6.6, "persistence": 0.0, "mean_cover": 0.0, "max_cover": 0.0, "trend_cover": 0.0, "hot": 0.0, "n_obs": 1}}, {"type": "Feature", "id": 787, "geometry": {"type": "Polygon", "coordinates": [[[41.470386, 42.377449], [41.467167, 42.373453], [41.470351, 42.369135], [41.476753, 42.368812], [41.479973, 42.372808], [41.47679, 42.377126], [41.470386, 42.377449]]]}, "properties": {"i": 787, "h3": "882c21951bfffff", "lon": 41.47357, "lat": 42.37313, "water_km2": 0.005, "dist_coast_km": 7.1, "persistence": 0.0, "mean_cover": 0.0, "max_cover": 0.0, "trend_cover": 0.0, "hot": 0.0, "n_obs": 1}}, {"type": "Feature", "id": 788, "geometry": {"type": "Polygon", "coordinates": [[[41.46059, 42.332198], [41.457373, 42.3282], [41.460556, 42.323881], [41.466955, 42.32356], [41.470173, 42.327558], [41.466991, 42.331877], [41.46059, 42.332198]]]}, "properties": {"i": 788, "h3": "882c219521fffff", "lon": 41.46377, "lat": 42.32788, "water_km2": 0.267, "dist_coast_km": 10.0, "persistence": 0.0, "mean_cover": 0.0, "max_cover": 0.0, "trend_cover": 0.0, "hot": 0.0, "n_obs": 1}}, {"type": "Feature", "id": 789, "geometry": {"type": "Polygon", "coordinates": [[[41.470208, 42.335874], [41.466991, 42.331877], [41.470173, 42.327558], [41.476572, 42.327236], [41.47979, 42.331233], [41.476609, 42.335552], [41.470208, 42.335874]]]}, "properties": {"i": 789, "h3": "882c219523fffff", "lon": 41.47339, "lat": 42.33156, "water_km2": 0.728, "dist_coast_km": 10.0, "persistence": 0.0, "mean_cover": 0.0, "max_cover": 0.0, "trend_cover": 0.0, "hot": 0.0, "n_obs": 1}}, {"type": "Feature", "id": 790, "geometry": {"type": "Polygon", "coordinates": [[[41.460556, 42.323881], [41.457338, 42.319883], [41.460521, 42.315563], [41.46692, 42.315242], [41.470137, 42.319241], [41.466955, 42.32356], [41.460556, 42.323881]]]}, "properties": {"i": 790, "h3": "882c219525fffff", "lon": 41.46374, "lat": 42.31956, "water_km2": 0.443, "dist_coast_km": 10.0, "persistence": 0.0, "mean_cover": 0.0, "max_cover": 0.0, "trend_cover": 0.0, "hot": 0.0, "n_obs": 1}}, {"type": "Feature", "id": 791, "geometry": {"type": "Polygon", "coordinates": [[[41.470173, 42.327558], [41.466955, 42.32356], [41.470137, 42.319241], [41.476536, 42.318919], [41.479754, 42.322917], [41.476572, 42.327236], [41.470173, 42.327558]]]}, "properties": {"i": 791, "h3": "882c219527fffff", "lon": 41.47335, "lat": 42.32324, "water_km2": 0.73, "dist_coast_km": 10.0, "persistence": 0.0, "mean_cover": 0.0, "max_cover": 0.0, "trend_cover": 0.0, "hot": 0.0, "n_obs": 1}}, {"type": "Feature", "id": 792, "geometry": {"type": "Polygon", "coordinates": [[[41.460625, 42.340515], [41.457407, 42.336517], [41.46059, 42.332198], [41.466991, 42.331877], [41.470208, 42.335874], [41.467026, 42.340193], [41.460625, 42.340515]]]}, "properties": {"i": 792, "h3": "882c21952bfffff", "lon": 41.46381, "lat": 42.3362, "water_km2": 0.085, "dist_coast_km": 8.8, "persistence": 0.0, "mean_cover": 0.0, "max_cover": 0.0, "trend_cover": 0.0, "hot": 0.0, "n_obs": 1}}, {"type": "Feature", "id": 793, "geometry": {"type": "Polygon", "coordinates": [[[41.479863, 42.347865], [41.476645, 42.343868], [41.479827, 42.339549], [41.486227, 42.339227], [41.489445, 42.343223], [41.486264, 42.347542], [41.479863, 42.347865]]]}, "properties": {"i": 793, "h3": "882c219531fffff", "lon": 41.48305, "lat": 42.34355, "water_km2": 0.738, "dist_coast_km": 7.8, "persistence": 0.0, "mean_cover": 0.0, "max_cover": 0.0, "trend_cover": 0.0, "hot": 0.0, "n_obs": 1}}, {"type": "Feature", "id": 794, "geometry": {"type": "Polygon", "coordinates": [[[41.489483, 42.351538], [41.486264, 42.347542], [41.489445, 42.343223], [41.495845, 42.3429], [41.499064, 42.346895], [41.495883, 42.351214], [41.489483, 42.351538]]]}, "properties": {"i": 794, "h3": "882c219533fffff", "lon": 41.49266, "lat": 42.34722, "water_km2": 0.72, "dist_coast_km": 6.6, "persistence": 0.0, "mean_cover": 0.0, "max_cover": 0.0, "trend_cover": 0.0, "hot": 0.0, "n_obs": 1}}, {"type": "Feature", "id": 795, "geometry": {"type": "Polygon", "coordinates": [[[41.479827, 42.339549], [41.476609, 42.335552], [41.47979, 42.331233], [41.486189, 42.330911], [41.489408, 42.334907], [41.486227, 42.339227], [41.479827, 42.339549]]]}, "properties": {"i": 795, "h3": "882c219535fffff", "lon": 41.48301, "lat": 42.33523, "water_km2": 0.725, "dist_coast_km": 7.8, "persistence": 0.0, "mean_cover": 0.0, "max_cover": 0.0, "trend_cover": 0.0, "hot": 0.0, "n_obs": 1}}, {"type": "Feature", "id": 796, "geometry": {"type": "Polygon", "coordinates": [[[41.489445, 42.343223], [41.486227, 42.339227], [41.489408, 42.334907], [41.495807, 42.334584], [41.499025, 42.33858], [41.495845, 42.3429], [41.489445, 42.343223]]]}, "properties": {"i": 796, "h3": "882c219537fffff", "lon": 41.49263, "lat": 42.3389, "water_km2": 0.745, "dist_coast_km": 6.6, "persistence": 0.0, "mean_cover": 0.0, "max_cover": 0.0, "trend_cover": 0.0, "hot": 0.0, "n_obs": 1}}, {"type": "Feature", "id": 797, "geometry": {"type": "Polygon", "coordinates": [[[41.47028, 42.352506], [41.467061, 42.348509], [41.470244, 42.34419], [41.476645, 42.343868], [41.479863, 42.347865], [41.476681, 42.352183], [41.47028, 42.352506]]]}, "properties": {"i": 797, "h3": "882c219539fffff", "lon": 41.47346, "lat": 42.34819, "water_km2": 0.506, "dist_coast_km": 8.8, "persistence": 0.0, "mean_cover": 0.0, "max_cover": 0.0, "trend_cover": 0.0, "hot": 0.0, "n_obs": 1}}, {"type": "Feature", "id": 798, "geometry": {"type": "Polygon", "coordinates": [[[41.4799, 42.35618], [41.476681, 42.352183], [41.479863, 42.347865], [41.486264, 42.347542], [41.489483, 42.351538], [41.486301, 42.355857], [41.4799, 42.35618]]]}, "properties": {"i": 798, "h3": "882c21953bfffff", "lon": 41.48308, "lat": 42.35186, "water_km2": 0.728, "dist_coast_km": 6.6, "persistence": 0.0, "mean_cover": 0.0, "max_cover": 0.0, "trend_cover": 0.0, "hot": 0.0, "n_obs": 1}}, {"type": "Feature", "id": 799, "geometry": {"type": "Polygon", "coordinates": [[[41.470244, 42.34419], [41.467026, 42.340193], [41.470208, 42.335874], [41.476609, 42.335552], [41.479827, 42.339549], [41.476645, 42.343868], [41.470244, 42.34419]]]}, "properties": {"i": 799, "h3": "882c21953dfffff", "lon": 41.47343, "lat": 42.33987, "water_km2": 0.681, "dist_coast_km": 8.8, "persistence": 0.0, "mean_cover": 0.0, "max_cover": 0.0, "trend_cover": 0.0, "hot": 0.0, "n_obs": 1}}, {"type": "Feature", "id": 800, "geometry": {"type": "Polygon", "coordinates": [[[41.518422, 42.379175], [41.515202, 42.375182], [41.518382, 42.370863], [41.524782, 42.370538], [41.528003, 42.374531], [41.524823, 42.378849], [41.518422, 42.379175]]]}, "properties": {"i": 800, "h3": "882c219581fffff", "lon": 41.5216, "lat": 42.37486, "water_km2": 0.73, "dist_coast_km": 3.3, "persistence": 0.0, "mean_cover": 0.0, "max_cover": 0.0, "trend_cover": 0.0, "hot": 0.0, "n_obs": 1}}, {"type": "Feature", "id": 801, "geometry": {"type": "Polygon", "coordinates": [[[41.528044, 42.382842], [41.524823, 42.378849], [41.528003, 42.374531], [41.534403, 42.374205], [41.537624, 42.378197], [41.534445, 42.382516], [41.528044, 42.382842]]]}, "properties": {"i": 801, "h3": "882c219583fffff", "lon": 41.53122, "lat": 42.37852, "water_km2": 0.738, "dist_coast_km": 2.3, "persistence": 0.0, "mean_cover": 0.0, "max_cover": 0.0, "trend_cover": 0.0, "hot": 0.0, "n_obs": 1}}, {"type": "Feature", "id": 802, "geometry": {"type": "Polygon", "coordinates": [[[41.518382, 42.370863], [41.515162, 42.366869], [41.518342, 42.36255], [41.524741, 42.362225], [41.527962, 42.366219], [41.524782, 42.370538], [41.518382, 42.370863]]]}, "properties": {"i": 802, "h3": "882c219585fffff", "lon": 41.52156, "lat": 42.36654, "water_km2": 0.732, "dist_coast_km": 4.5, "persistence": 0.0, "mean_cover": 0.0, "max_cover": 0.0, "trend_cover": 0.0, "hot": 0.0, "n_obs": 1}}, {"type": "Feature", "id": 803, "geometry": {"type": "Polygon", "coordinates": [[[41.528003, 42.374531], [41.524782, 42.370538], [41.527962, 42.366219], [41.534361, 42.365893], [41.537582, 42.369886], [41.534403, 42.374205], [41.528003, 42.374531]]]}, "properties": {"i": 803, "h3": "882c219587fffff", "lon": 41.53118, "lat": 42.37021, "water_km2": 0.72, "dist_coast_km": 2.3, "persistence": 0.0, "mean_cover": 0.0, "max_cover": 0.0, "trend_cover": 0.0, "hot": 0.0, "n_obs": 1}}, {"type": "Feature", "id": 804, "geometry": {"type": "Polygon", "coordinates": [[[41.50884, 42.383819], [41.50562, 42.379825], [41.508801, 42.375507], [41.515202, 42.375182], [41.518422, 42.379175], [41.515242, 42.383494], [41.50884, 42.383819]]]}, "properties": {"i": 804, "h3": "882c219589fffff", "lon": 41.51202, "lat": 42.3795, "water_km2": 0.742, "dist_coast_km": 3.3, "persistence": 0.0, "mean_cover": 0.0, "max_cover": 0.0, "trend_cover": 0.0, "hot": 0.0, "n_obs": 1}}, {"type": "Feature", "id": 805, "geometry": {"type": "Polygon", "coordinates": [[[41.518463, 42.387487], [41.515242, 42.383494], [41.518422, 42.379175], [41.524823, 42.378849], [41.528044, 42.382842], [41.524864, 42.387161], [41.518463, 42.387487]]]}, "properties": {"i": 805, "h3": "882c21958bfffff", "lon": 41.52164, "lat": 42.38317, "water_km2": 0.728, "dist_coast_km": 3.3, "persistence": 0.0, "mean_cover": 0.0, "max_cover": 0.0, "trend_cover": 0.0, "hot": 0.0, "n_obs": 1}}, {"type": "Feature", "id": 806, "geometry": {"type": "Polygon", "coordinates": [[[41.508801, 42.375507], [41.50558, 42.371513], [41.508761, 42.367194], [41.515162, 42.366869], [41.518382, 42.370863], [41.515202, 42.375182], [41.508801, 42.375507]]]}, "properties": {"i": 806, "h3": "882c21958dfffff", "lon": 41.51198, "lat": 42.37119, "water_km2": 0.722, "dist_coast_km": 3.3, "persistence": 0.0, "mean_cover": 0.0, "max_cover": 0.0, "trend_cover": 0.0, "hot": 0.0, "n_obs": 1}}, {"type": "Feature", "id": 807, "geometry": {"type": "Polygon", "coordinates": [[[41.537708, 42.394819], [41.534487, 42.390827], [41.537666, 42.386508], [41.544067, 42.386182], [41.547288, 42.390173], [41.544109, 42.394492], [41.537708, 42.394819]]]}, "properties": {"i": 807, "h3": "882c219591fffff", "lon": 41.54089, "lat": 42.3905, "water_km2": 0.74, "dist_coast_km": 1.4, "persistence": 0.0, "mean_cover": 0.0, "max_cover": 0.0, "trend_cover": 0.0, "hot": 0.0, "n_obs": 1}}, {"type": "Feature", "id": 808, "geometry": {"type": "Polygon", "coordinates": [[[41.547331, 42.398483], [41.544109, 42.394492], [41.547288, 42.390173], [41.553688, 42.389846], [41.55691, 42.393837], [41.553732, 42.398156], [41.547331, 42.398483]]]}, "properties": {"i": 808, "h3": "882c219593fffff", "lon": 41.55051, "lat": 42.39416, "water_km2": 0.717, "dist_coast_km": 0.0, "persistence": 0.0, "mean_cover": 0.0, "max_cover": 0.0, "trend_cover": 0.0, "hot": 0.0, "n_obs": 1}}, {"type": "Feature", "id": 809, "geometry": {"type": "Polygon", "coordinates": [[[41.537666, 42.386508], [41.534445, 42.382516], [41.537624, 42.378197], [41.544024, 42.377871], [41.547245, 42.381863], [41.544067, 42.386182], [41.537666, 42.386508]]]}, "properties": {"i": 809, "h3": "882c219595fffff", "lon": 41.54085, "lat": 42.38219, "water_km2": 0.718, "dist_coast_km": 2.3, "persistence": 0.0, "mean_cover": 0.0, "max_cover": 0.0, "trend_cover": 0.0, "hot": 0.0, "n_obs": 1}}, {"type": "Feature", "id": 810, "geometry": {"type": "Polygon", "coordinates": [[[41.547288, 42.390173], [41.544067, 42.386182], [41.547245, 42.381863], [41.553645, 42.381536], [41.556866, 42.385527], [41.553688, 42.389846], [41.547288, 42.390173]]]}, "properties": {"i": 810, "h3": "882c219597fffff", "lon": 41.55047, "lat": 42.38585, "water_km2": 0.74, "dist_coast_km": 0.0, "persistence": 0.0, "mean_cover": 0.0, "max_cover": 0.0, "trend_cover": 0.0, "hot": 0.0, "n_obs": 1}}, {"type": "Feature", "id": 811, "geometry": {"type": "Polygon", "coordinates": [[[41.528127, 42.399464], [41.524905, 42.395472], [41.528085, 42.391153], [41.534487, 42.390827], [41.537708, 42.394819], [41.534529, 42.399137], [41.528127, 42.399464]]]}, "properties": {"i": 811, "h3": "882c219599fffff", "lon": 41.53131, "lat": 42.39515, "water_km2": 0.73, "dist_coast_km": 1.4, "persistence": 0.0, "mean_cover": 0.0, "max_cover": 0.0, "trend_cover": 0.0, "hot": 0.0, "n_obs": 1}}, {"type": "Feature", "id": 812, "geometry": {"type": "Polygon", "coordinates": [[[41.537751, 42.403129], [41.534529, 42.399137], [41.537708, 42.394819], [41.544109, 42.394492], [41.547331, 42.398483], [41.544152, 42.402802], [41.537751, 42.403129]]]}, "properties": {"i": 812, "h3": "882c21959bfffff", "lon": 41.54093, "lat": 42.39881, "water_km2": 0.722, "dist_coast_km": 1.4, "persistence": 0.0, "mean_cover": 0.0, "max_cover": 0.0, "trend_cover": 0.0, "hot": 0.0, "n_obs": 1}}, {"type": "Feature", "id": 813, "geometry": {"type": "Polygon", "coordinates": [[[41.528085, 42.391153], [41.524864, 42.387161], [41.528044, 42.382842], [41.534445, 42.382516], [41.537666, 42.386508], [41.534487, 42.390827], [41.528085, 42.391153]]]}, "properties": {"i": 813, "h3": "882c21959dfffff", "lon": 41.53127, "lat": 42.38683, "water_km2": 0.725, "dist_coast_km": 1.4, "persistence": 0.0, "mean_cover": 0.0, "max_cover": 0.0, "trend_cover": 0.0, "hot": 0.0, "n_obs": 1}}, {"type": "Feature", "id": 814, "geometry": {"type": "Polygon", "coordinates": [[[41.52792, 42.357906], [41.5247, 42.353912], [41.527879, 42.349593], [41.534277, 42.349267], [41.537497, 42.353261], [41.534319, 42.35758], [41.52792, 42.357906]]]}, "properties": {"i": 814, "h3": "882c2195a1fffff", "lon": 41.5311, "lat": 42.35359, "water_km2": 0.718, "dist_coast_km": 3.3, "persistence": 0.0, "mean_cover": 0.0, "max_cover": 0.0, "trend_cover": 0.0, "hot": 0.0, "n_obs": 1}}, {"type": "Feature", "id": 815, "geometry": {"type": "Polygon", "coordinates": [[[41.537539, 42.361574], [41.534319, 42.35758], [41.537497, 42.353261], [41.543895, 42.352935], [41.547115, 42.356928], [41.543938, 42.361248], [41.537539, 42.361574]]]}, "properties": {"i": 815, "h3": "882c2195a3fffff", "lon": 41.54072, "lat": 42.35725, "water_km2": 0.74, "dist_coast_km": 3.3, "persistence": 0.0, "mean_cover": 0.0, "max_cover": 0.0, "trend_cover": 0.0, "hot": 0.0, "n_obs": 1}}, {"type": "Feature", "id": 816, "geometry": {"type": "Polygon", "coordinates": [[[41.527879, 42.349593], [41.524659, 42.345598], [41.527838, 42.341279], [41.534235, 42.340954], [41.537455, 42.344948], [41.534277, 42.349267], [41.527879, 42.349593]]]}, "properties": {"i": 816, "h3": "882c2195a5fffff", "lon": 41.53106, "lat": 42.34527, "water_km2": 0.745, "dist_coast_km": 4.6, "persistence": 0.0, "mean_cover": 0.0, "max_cover": 0.0, "trend_cover": 0.0, "hot": 0.0, "n_obs": 1}}, {"type": "Feature", "id": 817, "geometry": {"type": "Polygon", "coordinates": [[[41.537497, 42.353261], [41.534277, 42.349267], [41.537455, 42.344948], [41.543852, 42.344622], [41.547072, 42.348615], [41.543895, 42.352935], [41.537497, 42.353261]]]}, "properties": {"i": 817, "h3": "882c2195a7fffff", "lon": 41.54067, "lat": 42.34894, "water_km2": 0.722, "dist_coast_km": 4.6, "persistence": 0.0, "mean_cover": 0.0, "max_cover": 0.0, "trend_cover": 0.0, "hot": 0.0, "n_obs": 1}}, {"type": "Feature", "id": 818, "geometry": {"type": "Polygon", "coordinates": [[[41.518342, 42.36255], [41.515122, 42.358556], [41.518301, 42.354237], [41.5247, 42.353912], [41.52792, 42.357906], [41.524741, 42.362225], [41.518342, 42.36255]]]}, "properties": {"i": 818, "h3": "882c2195a9fffff", "lon": 41.52152, "lat": 42.35823, "water_km2": 0.725, "dist_coast_km": 4.5, "persistence": 0.0, "mean_cover": 0.0, "max_cover": 0.0, "trend_cover": 0.0, "hot": 0.0, "n_obs": 1}}, {"type": "Feature", "id": 819, "geometry": {"type": "Polygon", "coordinates": [[[41.527962, 42.366219], [41.524741, 42.362225], [41.52792, 42.357906], [41.534319, 42.35758], [41.537539, 42.361574], [41.534361, 42.365893], [41.527962, 42.366219]]]}, "properties": {"i": 819, "h3": "882c2195abfffff", "lon": 41.53114, "lat": 42.3619, "water_km2": 0.742, "dist_coast_km": 3.3, "persistence": 0.0, "mean_cover": 0.0, "max_cover": 0.0, "trend_cover": 0.0, "hot": 0.0, "n_obs": 1}}, {"type": "Feature", "id": 820, "geometry": {"type": "Polygon", "coordinates": [[[41.518301, 42.354237], [41.515082, 42.350242], [41.518261, 42.345923], [41.524659, 42.345598], [41.527879, 42.349593], [41.5247, 42.353912], [41.518301, 42.354237]]]}, "properties": {"i": 820, "h3": "882c2195adfffff", "lon": 41.52148, "lat": 42.34992, "water_km2": 0.738, "dist_coast_km": 5.5, "persistence": 0.0, "mean_cover": 0.0, "max_cover": 0.0, "trend_cover": 0.0, "hot": 0.0, "n_obs": 1}}, {"type": "Feature", "id": 821, "geometry": {"type": "Polygon", "coordinates": [[[41.547202, 42.373552], [41.543981, 42.369559], [41.547159, 42.36524], [41.553557, 42.364914], [41.556778, 42.368906], [41.553601, 42.373225], [41.547202, 42.373552]]]}, "properties": {"i": 821, "h3": "882c2195b1fffff", "lon": 41.55038, "lat": 42.36923, "water_km2": 0.738, "dist_coast_km": 1.4, "persistence": 0.0, "mean_cover": 0.0, "max_cover": 0.0, "trend_cover": 0.0, "hot": 0.0, "n_obs": 1}}, {"type": "Feature", "id": 822, "geometry": {"type": "Polygon", "coordinates": [[[41.556822, 42.377217], [41.553601, 42.373225], [41.556778, 42.368906], [41.563176, 42.368578], [41.566397, 42.37257], [41.563221, 42.376889], [41.556822, 42.377217]]]}, "properties": {"i": 822, "h3": "882c2195b3fffff", "lon": 41.56, "lat": 42.3729, "water_km2": 0.728, "dist_coast_km": 0.0, "persistence": 0.0, "mean_cover": 0.0, "max_cover": 0.0, "trend_cover": 0.0, "hot": 0.0, "n_obs": 1}}, {"type": "Feature", "id": 823, "geometry": {"type": "Polygon", "coordinates": [[[41.547159, 42.36524], [41.543938, 42.361248], [41.547115, 42.356928], [41.553513, 42.356602], [41.556734, 42.360594], [41.553557, 42.364914], [41.547159, 42.36524]]]}, "properties": {"i": 823, "h3": "882c2195b5fffff", "lon": 41.55034, "lat": 42.36092, "water_km2": 0.725, "dist_coast_km": 2.3, "persistence": 0.0, "mean_cover": 0.0, "max_cover": 0.0, "trend_cover": 0.0, "hot": 0.0, "n_obs": 1}}, {"type": "Feature", "id": 824, "geometry": {"type": "Polygon", "coordinates": [[[41.556778, 42.368906], [41.553557, 42.364914], [41.556734, 42.360594], [41.563131, 42.360267], [41.566352, 42.364259], [41.563176, 42.368578], [41.556778, 42.368906]]]}, "properties": {"i": 824, "h3": "882c2195b7fffff", "lon": 41.55995, "lat": 42.36459, "water_km2": 0.728, "dist_coast_km": 1.9, "persistence": 0.0, "mean_cover": 0.0, "max_cover": 0.0, "trend_cover": 0.0, "hot": 0.0, "n_obs": 1}}, {"type": "Feature", "id": 825, "geometry": {"type": "Polygon", "coordinates": [[[41.537624, 42.378197], [41.534403, 42.374205], [41.537582, 42.369886], [41.543981, 42.369559], [41.547202, 42.373552], [41.544024, 42.377871], [41.537624, 42.378197]]]}, "properties": {"i": 825, "h3": "882c2195b9fffff", "lon": 41.5408, "lat": 42.37388, "water_km2": 0.745, "dist_coast_km": 2.3, "persistence": 0.0, "mean_cover": 0.0, "max_cover": 0.0, "trend_cover": 0.0, "hot": 0.0, "n_obs": 1}}, {"type": "Feature", "id": 826, "geometry": {"type": "Polygon", "coordinates": [[[41.547245, 42.381863], [41.544024, 42.377871], [41.547202, 42.373552], [41.553601, 42.373225], [41.556822, 42.377217], [41.553645, 42.381536], [41.547245, 42.381863]]]}, "properties": {"i": 826, "h3": "882c2195bbfffff", "lon": 41.55042, "lat": 42.37754, "water_km2": 0.72, "dist_coast_km": 1.4, "persistence": 0.0, "mean_cover": 0.0, "max_cover": 0.0, "trend_cover": 0.0, "hot": 0.0, "n_obs": 1}}, {"type": "Feature", "id": 827, "geometry": {"type": "Polygon", "coordinates": [[[41.537582, 42.369886], [41.534361, 42.365893], [41.537539, 42.361574], [41.543938, 42.361248], [41.547159, 42.36524], [41.543981, 42.369559], [41.537582, 42.369886]]]}, "properties": {"i": 827, "h3": "882c2195bdfffff", "lon": 41.54076, "lat": 42.36557, "water_km2": 0.718, "dist_coast_km": 3.3, "persistence": 0.0, "mean_cover": 0.0, "max_cover": 0.0, "trend_cover": 0.0, "hot": 0.0, "n_obs": 1}}, {"type": "Feature", "id": 828, "geometry": {"type": "Polygon", "coordinates": [[[41.489633, 42.384792], [41.486413, 42.380798], [41.489595, 42.376479], [41.495997, 42.376155], [41.499218, 42.38015], [41.496036, 42.384468], [41.489633, 42.384792]]]}, "properties": {"i": 828, "h3": "882c2195c1fffff", "lon": 41.49282, "lat": 42.38047, "water_km2": 0.725, "dist_coast_km": 4.5, "persistence": 0.0, "mean_cover": 0.0, "max_cover": 0.0, "trend_cover": 0.0, "hot": 0.0, "n_obs": 1}}, {"type": "Feature", "id": 829, "geometry": {"type": "Polygon", "coordinates": [[[41.499256, 42.388462], [41.496036, 42.384468], [41.499218, 42.38015], [41.50562, 42.379825], [41.50884, 42.383819], [41.505659, 42.388137], [41.499256, 42.388462]]]}, "properties": {"i": 829, "h3": "882c2195c3fffff", "lon": 41.50244, "lat": 42.38414, "water_km2": 0.745, "dist_coast_km": 4.1, "persistence": 0.0, "mean_cover": 0.0, "max_cover": 0.0, "trend_cover": 0.0, "hot": 0.0, "n_obs": 1}}, {"type": "Feature", "id": 830, "geometry": {"type": "Polygon", "coordinates": [[[41.489595, 42.376479], [41.486375, 42.372484], [41.489558, 42.368166], [41.495959, 42.367842], [41.499179, 42.371837], [41.495997, 42.376155], [41.489595, 42.376479]]]}, "properties": {"i": 830, "h3": "882c2195c5fffff", "lon": 41.49278, "lat": 42.37216, "water_km2": 0.74, "dist_coast_km": 4.5, "persistence": 0.0, "mean_cover": 0.0, "max_cover": 0.0, "trend_cover": 0.0, "hot": 0.0, "n_obs": 1}}, {"type": "Feature", "id": 831, "geometry": {"type": "Polygon", "coordinates": [[[41.499218, 42.38015], [41.495997, 42.376155], [41.499179, 42.371837], [41.50558, 42.371513], [41.508801, 42.375507], [41.50562, 42.379825], [41.499218, 42.38015]]]}, "properties": {"i": 831, "h3": "882c2195c7fffff", "lon": 41.5024, "lat": 42.37583, "water_km2": 0.718, "dist_coast_km": 4.5, "persistence": 0.0, "mean_cover": 0.0, "max_cover": 0.0, "trend_cover": 0.0, "hot": 0.0, "n_obs": 1}}, {"type": "Feature", "id": 832, "geometry": {"type": "Polygon", "coordinates": [[[41.480046, 42.389434], [41.476826, 42.385439], [41.48001, 42.381121], [41.486413, 42.380798], [41.489633, 42.384792], [41.48645, 42.38911], [41.480046, 42.389434]]]}, "properties": {"i": 832, "h3": "882c2195c9fffff", "lon": 41.48323, "lat": 42.38512, "water_km2": 0.361, "dist_coast_km": 5.5, "persistence": 0.0, "mean_cover": 0.0, "max_cover": 0.0, "trend_cover": 0.0, "hot": 0.0, "n_obs": 1}}, {"type": "Feature", "id": 833, "geometry": {"type": "Polygon", "coordinates": [[[41.48967, 42.393104], [41.48645, 42.38911], [41.489633, 42.384792], [41.496036, 42.384468], [41.499256, 42.388462], [41.496074, 42.39278], [41.48967, 42.393104]]]}, "properties": {"i": 833, "h3": "882c2195cbfffff", "lon": 41.49285, "lat": 42.38879, "water_km2": 0.735, "dist_coast_km": 4.1, "persistence": 0.0, "mean_cover": 0.0, "max_cover": 0.0, "trend_cover": 0.0, "hot": 0.0, "n_obs": 1}}, {"type": "Feature", "id": 834, "geometry": {"type": "Polygon", "coordinates": [[[41.48001, 42.381121], [41.47679, 42.377126], [41.479973, 42.372808], [41.486375, 42.372484], [41.489595, 42.376479], [41.486413, 42.380798], [41.48001, 42.381121]]]}, "properties": {"i": 834, "h3": "882c2195cdfffff", "lon": 41.48319, "lat": 42.3768, "water_km2": 0.544, "dist_coast_km": 5.8, "persistence": 0.0, "mean_cover": 0.0, "max_cover": 0.0, "trend_cover": 0.0, "hot": 0.0, "n_obs": 1}}, {"type": "Feature", "id": 835, "geometry": {"type": "Polygon", "coordinates": [[[41.508919, 42.400441], [41.505698, 42.396448], [41.50888, 42.39213], [41.515282, 42.391805], [41.518503, 42.395798], [41.515322, 42.400116], [41.508919, 42.400441]]]}, "properties": {"i": 835, "h3": "882c2195d1fffff", "lon": 41.5121, "lat": 42.39612, "water_km2": 0.748, "dist_coast_km": 2.7, "persistence": 0.0, "mean_cover": 0.0, "max_cover": 0.0, "trend_cover": 0.0, "hot": 0.0, "n_obs": 1}}, {"type": "Feature", "id": 836, "geometry": {"type": "Polygon", "coordinates": [[[41.518543, 42.404108], [41.515322, 42.400116], [41.518503, 42.395798], [41.524905, 42.395472], [41.528127, 42.399464], [41.524946, 42.403782], [41.518543, 42.404108]]]}, "properties": {"i": 836, "h3": "882c2195d3fffff", "lon": 41.52172, "lat": 42.39979, "water_km2": 0.72, "dist_coast_km": 2.7, "persistence": 0.0, "mean_cover": 0.0, "max_cover": 0.0, "trend_cover": 0.0, "hot": 0.0, "n_obs": 1}}, {"type": "Feature", "id": 837, "geometry": {"type": "Polygon", "coordinates": [[[41.50888, 42.39213], [41.505659, 42.388137], [41.50884, 42.383819], [41.515242, 42.383494], [41.518463, 42.387487], [41.515282, 42.391805], [41.50888, 42.39213]]]}, "properties": {"i": 837, "h3": "882c2195d5fffff", "lon": 41.51206, "lat": 42.38781, "water_km2": 0.715, "dist_coast_km": 2.7, "persistence": 0.0, "mean_cover": 0.0, "max_cover": 0.0, "trend_cover": 0.0, "hot": 0.0, "n_obs": 1}}, {"type": "Feature", "id": 838, "geometry": {"type": "Polygon", "coordinates": [[[41.518503, 42.395798], [41.515282, 42.391805], [41.518463, 42.387487], [41.524864, 42.387161], [41.528085, 42.391153], [41.524905, 42.395472], [41.518503, 42.395798]]]}, "properties": {"i": 838, "h3": "882c2195d7fffff", "lon": 41.52168, "lat": 42.39148, "water_km2": 0.738, "dist_coast_km": 2.7, "persistence": 0.0, "mean_cover": 0.0, "max_cover": 0.0, "trend_cover": 0.0, "hot": 0.0, "n_obs": 1}}, {"type": "Feature", "id": 839, "geometry": {"type": "Polygon", "coordinates": [[[41.499333, 42.405084], [41.496112, 42.401091], [41.499295, 42.396773], [41.505698, 42.396448], [41.508919, 42.400441], [41.505737, 42.404759], [41.499333, 42.405084]]]}, "properties": {"i": 839, "h3": "882c2195d9fffff", "lon": 41.50252, "lat": 42.40077, "water_km2": 0.74, "dist_coast_km": 4.1, "persistence": 0.0, "mean_cover": 0.0, "max_cover": 0.0, "trend_cover": 0.0, "hot": 0.0, "n_obs": 1}}, {"type": "Feature", "id": 840, "geometry": {"type": "Polygon", "coordinates": [[[41.508958, 42.408752], [41.505737, 42.404759], [41.508919, 42.400441], [41.515322, 42.400116], [41.518543, 42.404108], [41.515362, 42.408426], [41.508958, 42.408752]]]}, "properties": {"i": 840, "h3": "882c2195dbfffff", "lon": 41.51214, "lat": 42.40443, "water_km2": 0.517, "dist_coast_km": 2.7, "persistence": 0.0, "mean_cover": 0.0, "max_cover": 0.0, "trend_cover": 0.0, "hot": 0.0, "n_obs": 1}}, {"type": "Feature", "id": 841, "geometry": {"type": "Polygon", "coordinates": [[[41.499295, 42.396773], [41.496074, 42.39278], [41.499256, 42.388462], [41.505659, 42.388137], [41.50888, 42.39213], [41.505698, 42.396448], [41.499295, 42.396773]]]}, "properties": {"i": 841, "h3": "882c2195ddfffff", "lon": 41.50248, "lat": 42.39246, "water_km2": 0.718, "dist_coast_km": 4.1, "persistence": 0.0, "mean_cover": 0.0, "max_cover": 0.0, "trend_cover": 0.0, "hot": 0.0, "n_obs": 1}}, {"type": "Feature", "id": 842, "geometry": {"type": "Polygon", "coordinates": [[[41.499141, 42.363524], [41.495921, 42.359529], [41.499102, 42.35521], [41.505502, 42.354886], [41.508722, 42.358881], [41.505541, 42.363199], [41.499141, 42.363524]]]}, "properties": {"i": 842, "h3": "882c2195e1fffff", "lon": 41.50232, "lat": 42.3592, "water_km2": 0.718, "dist_coast_km": 5.5, "persistence": 0.0, "mean_cover": 0.0, "max_cover": 0.0, "trend_cover": 0.0, "hot": 0.0, "n_obs": 1}}, {"type": "Feature", "id": 843, "geometry": {"type": "Polygon", "coordinates": [[[41.508761, 42.367194], [41.505541, 42.363199], [41.508722, 42.358881], [41.515122, 42.358556], [41.518342, 42.36255], [41.515162, 42.366869], [41.508761, 42.367194]]]}, "properties": {"i": 843, "h3": "882c2195e3fffff", "lon": 41.51194, "lat": 42.36287, "water_km2": 0.738, "dist_coast_km": 4.5, "persistence": 0.0, "mean_cover": 0.0, "max_cover": 0.0, "trend_cover": 0.0, "hot": 0.0, "n_obs": 1}}, {"type": "Feature", "id": 844, "geometry": {"type": "Polygon", "coordinates": [[[41.499102, 42.35521], [41.495883, 42.351214], [41.499064, 42.346895], [41.505463, 42.346572], [41.508682, 42.350567], [41.505502, 42.354886], [41.499102, 42.35521]]]}, "properties": {"i": 844, "h3": "882c2195e5fffff", "lon": 41.50228, "lat": 42.35089, "water_km2": 0.74, "dist_coast_km": 5.5, "persistence": 0.0, "mean_cover": 0.0, "max_cover": 0.0, "trend_cover": 0.0, "hot": 0.0, "n_obs": 1}}, {"type": "Feature", "id": 845, "geometry": {"type": "Polygon", "coordinates": [[[41.508722, 42.358881], [41.505502, 42.354886], [41.508682, 42.350567], [41.515082, 42.350242], [41.518301, 42.354237], [41.515122, 42.358556], [41.508722, 42.358881]]]}, "properties": {"i": 845, "h3": "882c2195e7fffff", "lon": 41.5119, "lat": 42.35456, "water_km2": 0.728, "dist_coast_km": 4.5, "persistence": 0.0, "mean_cover": 0.0, "max_cover": 0.0, "trend_cover": 0.0, "hot": 0.0, "n_obs": 1}}, {"type": "Feature", "id": 846, "geometry": {"type": "Polygon", "coordinates": [[[41.489558, 42.368166], [41.486338, 42.364171], [41.48952, 42.359852], [41.495921, 42.359529], [41.499141, 42.363524], [41.495959, 42.367842], [41.489558, 42.368166]]]}, "properties": {"i": 846, "h3": "882c2195e9fffff", "lon": 41.49274, "lat": 42.36385, "water_km2": 0.722, "dist_coast_km": 5.5, "persistence": 0.0, "mean_cover": 0.0, "max_cover": 0.0, "trend_cover": 0.0, "hot": 0.0, "n_obs": 1}}, {"type": "Feature", "id": 847, "geometry": {"type": "Polygon", "coordinates": [[[41.499179, 42.371837], [41.495959, 42.367842], [41.499141, 42.363524], [41.505541, 42.363199], [41.508761, 42.367194], [41.50558, 42.371513], [41.499179, 42.371837]]]}, "properties": {"i": 847, "h3": "882c2195ebfffff", "lon": 41.50236, "lat": 42.36752, "water_km2": 0.745, "dist_coast_km": 4.5, "persistence": 0.0, "mean_cover": 0.0, "max_cover": 0.0, "trend_cover": 0.0, "hot": 0.0, "n_obs": 1}}, {"type": "Feature", "id": 848, "geometry": {"type": "Polygon", "coordinates": [[[41.48952, 42.359852], [41.486301, 42.355857], [41.489483, 42.351538], [41.495883, 42.351214], [41.499102, 42.35521], [41.495921, 42.359529], [41.48952, 42.359852]]]}, "properties": {"i": 848, "h3": "882c2195edfffff", "lon": 41.4927, "lat": 42.35553, "water_km2": 0.742, "dist_coast_km": 5.5, "persistence": 0.0, "mean_cover": 0.0, "max_cover": 0.0, "trend_cover": 0.0, "hot": 0.0, "n_obs": 1}}, {"type": "Feature", "id": 849, "geometry": {"type": "Polygon", "coordinates": [[[41.450367, 42.178718], [41.447156, 42.174713], [41.450333, 42.17039], [41.456722, 42.170073], [41.459933, 42.174078], [41.456756, 42.1784], [41.450367, 42.178718]]]}, "properties": {"i": 849, "h3": "882c219881fffff", "lon": 41.45354, "lat": 42.1744, "water_km2": 0.735, "dist_coast_km": 15.2, "persistence": 0.0, "mean_cover": 0.0, "max_cover": 0.0, "trend_cover": 0.0, "hot": 0.0, "n_obs": 1}}, {"type": "Feature", "id": 850, "geometry": {"type": "Polygon", "coordinates": [[[41.459968, 42.182405], [41.456756, 42.1784], [41.459933, 42.174078], [41.466322, 42.17376], [41.469534, 42.177765], [41.466357, 42.182087], [41.459968, 42.182405]]]}, "properties": {"i": 850, "h3": "882c219883fffff", "lon": 41.46315, "lat": 42.17808, "water_km2": 0.722, "dist_coast_km": 13.9, "persistence": 0.0, "mean_cover": 0.0, "max_cover": 0.0, "trend_cover": 0.0, "hot": 0.0, "n_obs": 1}}, {"type": "Feature", "id": 851, "geometry": {"type": "Polygon", "coordinates": [[[41.450333, 42.17039], [41.447122, 42.166385], [41.4503, 42.162062], [41.456688, 42.161745], [41.459899, 42.16575], [41.456722, 42.170073], [41.450333, 42.17039]]]}, "properties": {"i": 851, "h3": "882c219885fffff", "lon": 41.45351, "lat": 42.16607, "water_km2": 0.73, "dist_coast_km": 15.6, "persistence": 0.0, "mean_cover": 0.0, "max_cover": 0.0, "trend_cover": 0.0, "hot": 0.0, "n_obs": 1}}, {"type": "Feature", "id": 852, "geometry": {"type": "Polygon", "coordinates": [[[41.459933, 42.174078], [41.456722, 42.170073], [41.459899, 42.16575], [41.466287, 42.165433], [41.469498, 42.169437], [41.466322, 42.17376], [41.459933, 42.174078]]]}, "properties": {"i": 852, "h3": "882c219887fffff", "lon": 41.46311, "lat": 42.16976, "water_km2": 0.745, "dist_coast_km": 13.9, "persistence": 0.0, "mean_cover": 0.0, "max_cover": 0.0, "trend_cover": 0.0, "hot": 0.0, "n_obs": 1}}, {"type": "Feature", "id": 853, "geometry": {"type": "Polygon", "coordinates": [[[41.440799, 42.183357], [41.437587, 42.179352], [41.440766, 42.175029], [41.447156, 42.174713], [41.450367, 42.178718], [41.447189, 42.18304], [41.440799, 42.183357]]]}, "properties": {"i": 853, "h3": "882c219889fffff", "lon": 41.44398, "lat": 42.17903, "water_km2": 0.524, "dist_coast_km": 15.2, "persistence": 0.0, "mean_cover": 0.0, "max_cover": 0.0, "trend_cover": 0.0, "hot": 0.0, "n_obs": 1}}, {"type": "Feature", "id": 854, "geometry": {"type": "Polygon", "coordinates": [[[41.450401, 42.187045], [41.447189, 42.18304], [41.450367, 42.178718], [41.456756, 42.1784], [41.459968, 42.182405], [41.45679, 42.186727], [41.450401, 42.187045]]]}, "properties": {"i": 854, "h3": "882c21988bfffff", "lon": 41.45358, "lat": 42.18272, "water_km2": 0.73, "dist_coast_km": 15.2, "persistence": 0.0, "mean_cover": 0.0, "max_cover": 0.0, "trend_cover": 0.0, "hot": 0.0, "n_obs": 1}}, {"type": "Feature", "id": 855, "geometry": {"type": "Polygon", "coordinates": [[[41.440766, 42.175029], [41.437555, 42.171024], [41.440734, 42.166701], [41.447122, 42.166385], [41.450333, 42.17039], [41.447156, 42.174713], [41.440766, 42.175029]]]}, "properties": {"i": 855, "h3": "882c21988dfffff", "lon": 41.44394, "lat": 42.17071, "water_km2": 0.566, "dist_coast_km": 15.2, "persistence": 0.0, "mean_cover": 0.0, "max_cover": 0.0, "trend_cover": 0.0, "hot": 0.0, "n_obs": 1}}, {"type": "Feature", "id": 856, "geometry": {"type": "Polygon", "coordinates": [[[41.469604, 42.194417], [41.466392, 42.190413], [41.469569, 42.186091], [41.475958, 42.185772], [41.47917, 42.189776], [41.475994, 42.194098], [41.469604, 42.194417]]]}, "properties": {"i": 856, "h3": "882c219891fffff", "lon": 41.47278, "lat": 42.19009, "water_km2": 0.72, "dist_coast_km": 13.7, "persistence": 0.0, "mean_cover": 0.0, "max_cover": 0.0, "trend_cover": 0.0, "hot": 0.0, "n_obs": 1}}, {"type": "Feature", "id": 857, "geometry": {"type": "Polygon", "coordinates": [[[41.479207, 42.198101], [41.475994, 42.194098], [41.47917, 42.189776], [41.485559, 42.189457], [41.488772, 42.19346], [41.485596, 42.197782], [41.479207, 42.198101]]]}, "properties": {"i": 857, "h3": "882c219893fffff", "lon": 41.48238, "lat": 42.19378, "water_km2": 0.738, "dist_coast_km": 12.4, "persistence": 0.0, "mean_cover": 0.0, "max_cover": 0.0, "trend_cover": 0.0, "hot": 0.0, "n_obs": 1}}, {"type": "Feature", "id": 858, "geometry": {"type": "Polygon", "coordinates": [[[41.469569, 42.186091], [41.466357, 42.182087], [41.469534, 42.177765], [41.475922, 42.177446], [41.479134, 42.18145], [41.475958, 42.185772], [41.469569, 42.186091]]]}, "properties": {"i": 858, "h3": "882c219895fffff", "lon": 41.47275, "lat": 42.18177, "water_km2": 0.745, "dist_coast_km": 13.9, "persistence": 0.0, "mean_cover": 0.0, "max_cover": 0.0, "trend_cover": 0.0, "hot": 0.0, "n_obs": 1}}, {"type": "Feature", "id": 859, "geometry": {"type": "Polygon", "coordinates": [[[41.47917, 42.189776], [41.475958, 42.185772], [41.479134, 42.18145], [41.485522, 42.181131], [41.488734, 42.185134], [41.485559, 42.189457], [41.47917, 42.189776]]]}, "properties": {"i": 859, "h3": "882c219897fffff", "lon": 41.48235, "lat": 42.18545, "water_km2": 0.73, "dist_coast_km": 12.4, "persistence": 0.0, "mean_cover": 0.0, "max_cover": 0.0, "trend_cover": 0.0, "hot": 0.0, "n_obs": 1}}, {"type": "Feature", "id": 860, "geometry": {"type": "Polygon", "coordinates": [[[41.460037, 42.199057], [41.456825, 42.195054], [41.460002, 42.190732], [41.466392, 42.190413], [41.469604, 42.194417], [41.466427, 42.198739], [41.460037, 42.199057]]]}, "properties": {"i": 860, "h3": "882c219899fffff", "lon": 41.46321, "lat": 42.19474, "water_km2": 0.722, "dist_coast_km": 13.7, "persistence": 0.0, "mean_cover": 0.0, "max_cover": 0.0, "trend_cover": 0.0, "hot": 0.0, "n_obs": 1}}, {"type": "Feature", "id": 861, "geometry": {"type": "Polygon", "coordinates": [[[41.46964, 42.202742], [41.466427, 42.198739], [41.469604, 42.194417], [41.475994, 42.194098], [41.479207, 42.198101], [41.47603, 42.202423], [41.46964, 42.202742]]]}, "properties": {"i": 861, "h3": "882c21989bfffff", "lon": 41.47282, "lat": 42.19842, "water_km2": 0.745, "dist_coast_km": 13.7, "persistence": 0.0, "mean_cover": 0.0, "max_cover": 0.0, "trend_cover": 0.0, "hot": 0.0, "n_obs": 1}}, {"type": "Feature", "id": 862, "geometry": {"type": "Polygon", "coordinates": [[[41.460002, 42.190732], [41.45679, 42.186727], [41.459968, 42.182405], [41.466357, 42.182087], [41.469569, 42.186091], [41.466392, 42.190413], [41.460002, 42.190732]]]}, "properties": {"i": 862, "h3": "882c21989dfffff", "lon": 41.46318, "lat": 42.18641, "water_km2": 0.742, "dist_coast_km": 13.7, "persistence": 0.0, "mean_cover": 0.0, "max_cover": 0.0, "trend_cover": 0.0, "hot": 0.0, "n_obs": 1}}, {"type": "Feature", "id": 863, "geometry": {"type": "Polygon", "coordinates": [[[41.459864, 42.157422], [41.456654, 42.153416], [41.45983, 42.149093], [41.466216, 42.148776], [41.469427, 42.152782], [41.466252, 42.157105], [41.459864, 42.157422]]]}, "properties": {"i": 863, "h3": "882c2198a1fffff", "lon": 41.46304, "lat": 42.1531, "water_km2": 0.745, "dist_coast_km": 14.2, "persistence": 0.0, "mean_cover": 0.0, "max_cover": 0.0, "trend_cover": 0.0, "hot": 0.0, "n_obs": 1}}, {"type": "Feature", "id": 864, "geometry": {"type": "Polygon", "coordinates": [[[41.469463, 42.16111], [41.466252, 42.157105], [41.469427, 42.152782], [41.475813, 42.152464], [41.479025, 42.156469], [41.47585, 42.160792], [41.469463, 42.16111]]]}, "properties": {"i": 864, "h3": "882c2198a3fffff", "lon": 41.47264, "lat": 42.15679, "water_km2": 0.72, "dist_coast_km": 14.2, "persistence": 0.0, "mean_cover": 0.0, "max_cover": 0.0, "trend_cover": 0.0, "hot": 0.0, "n_obs": 1}}, {"type": "Feature", "id": 865, "geometry": {"type": "Polygon", "coordinates": [[[41.45983, 42.149093], [41.456619, 42.145087], [41.459795, 42.140764], [41.466181, 42.140447], [41.469392, 42.144453], [41.466216, 42.148776], [41.45983, 42.149093]]]}, "properties": {"i": 865, "h3": "882c2198a5fffff", "lon": 41.46301, "lat": 42.14477, "water_km2": 0.72, "dist_coast_km": 14.8, "persistence": 0.0, "mean_cover": 0.0, "max_cover": 0.0, "trend_cover": 0.0, "hot": 0.0, "n_obs": 1}}, {"type": "Feature", "id": 866, "geometry": {"type": "Polygon", "coordinates": [[[41.469427, 42.152782], [41.466216, 42.148776], [41.469392, 42.144453], [41.475777, 42.144135], [41.478988, 42.148141], [41.475813, 42.152464], [41.469427, 42.152782]]]}, "properties": {"i": 866, "h3": "882c2198a7fffff", "lon": 41.4726, "lat": 42.14846, "water_km2": 0.745, "dist_coast_km": 14.8, "persistence": 0.0, "mean_cover": 0.0, "max_cover": 0.0, "trend_cover": 0.0, "hot": 0.0, "n_obs": 1}}, {"type": "Feature", "id": 867, "geometry": {"type": "Polygon", "coordinates": [[[41.4503, 42.162062], [41.447089, 42.158056], [41.450266, 42.153733], [41.456654, 42.153416], [41.459864, 42.157422], [41.456688, 42.161745], [41.4503, 42.162062]]]}, "properties": {"i": 867, "h3": "882c2198a9fffff", "lon": 41.45348, "lat": 42.15774, "water_km2": 0.735, "dist_coast_km": 15.6, "persistence": 0.0, "mean_cover": 0.0, "max_cover": 0.0, "trend_cover": 0.0, "hot": 0.0, "n_obs": 1}}, {"type": "Feature", "id": 868, "geometry": {"type": "Polygon", "coordinates": [[[41.459899, 42.16575], [41.456688, 42.161745], [41.459864, 42.157422], [41.466252, 42.157105], [41.469463, 42.16111], [41.466287, 42.165433], [41.459899, 42.16575]]]}, "properties": {"i": 868, "h3": "882c2198abfffff", "lon": 41.46308, "lat": 42.16143, "water_km2": 0.718, "dist_coast_km": 14.2, "persistence": 0.0, "mean_cover": 0.0, "max_cover": 0.0, "trend_cover": 0.0, "hot": 0.0, "n_obs": 1}}, {"type": "Feature", "id": 869, "geometry": {"type": "Polygon", "coordinates": [[[41.450266, 42.153733], [41.447056, 42.149727], [41.450233, 42.145404], [41.456619, 42.145087], [41.45983, 42.149093], [41.456654, 42.153416], [41.450266, 42.153733]]]}, "properties": {"i": 869, "h3": "882c2198adfffff", "lon": 41.45344, "lat": 42.14941, "water_km2": 0.732, "dist_coast_km": 16.1, "persistence": 0.0, "mean_cover": 0.0, "max_cover": 0.0, "trend_cover": 0.0, "hot": 0.0, "n_obs": 1}}, {"type": "Feature", "id": 870, "geometry": {"type": "Polygon", "coordinates": [[[41.479097, 42.173123], [41.475886, 42.169119], [41.479061, 42.164796], [41.485448, 42.164478], [41.48866, 42.168482], [41.485485, 42.172805], [41.479097, 42.173123]]]}, "properties": {"i": 870, "h3": "882c2198b1fffff", "lon": 41.48227, "lat": 42.1688, "water_km2": 0.73, "dist_coast_km": 12.5, "persistence": 0.0, "mean_cover": 0.0, "max_cover": 0.0, "trend_cover": 0.0, "hot": 0.0, "n_obs": 1}}, {"type": "Feature", "id": 871, "geometry": {"type": "Polygon", "coordinates": [[[41.488697, 42.176808], [41.485485, 42.172805], [41.48866, 42.168482], [41.495046, 42.168162], [41.498258, 42.172166], [41.495084, 42.176489], [41.488697, 42.176808]]]}, "properties": {"i": 871, "h3": "882c2198b3fffff", "lon": 41.49187, "lat": 42.17249, "water_km2": 0.725, "dist_coast_km": 12.5, "persistence": 0.0, "mean_cover": 0.0, "max_cover": 0.0, "trend_cover": 0.0, "hot": 0.0, "n_obs": 1}}, {"type": "Feature", "id": 872, "geometry": {"type": "Polygon", "coordinates": [[[41.479061, 42.164796], [41.47585, 42.160792], [41.479025, 42.156469], [41.485411, 42.15615], [41.488622, 42.160155], [41.485448, 42.164478], [41.479061, 42.164796]]]}, "properties": {"i": 872, "h3": "882c2198b5fffff", "lon": 41.48224, "lat": 42.16047, "water_km2": 0.735, "dist_coast_km": 12.9, "persistence": 0.0, "mean_cover": 0.0, "max_cover": 0.0, "trend_cover": 0.0, "hot": 0.0, "n_obs": 1}}, {"type": "Feature", "id": 873, "geometry": {"type": "Polygon", "coordinates": [[[41.48866, 42.168482], [41.485448, 42.164478], [41.488622, 42.160155], [41.495008, 42.159836], [41.49822, 42.163839], [41.495046, 42.168162], [41.48866, 42.168482]]]}, "properties": {"i": 873, "h3": "882c2198b7fffff", "lon": 41.49183, "lat": 42.16416, "water_km2": 0.74, "dist_coast_km": 12.9, "persistence": 0.0, "mean_cover": 0.0, "max_cover": 0.0, "trend_cover": 0.0, "hot": 0.0, "n_obs": 1}}, {"type": "Feature", "id": 874, "geometry": {"type": "Polygon", "coordinates": [[[41.469534, 42.177765], [41.466322, 42.17376], [41.469498, 42.169437], [41.475886, 42.169119], [41.479097, 42.173123], [41.475922, 42.177446], [41.469534, 42.177765]]]}, "properties": {"i": 874, "h3": "882c2198b9fffff", "lon": 41.47271, "lat": 42.17344, "water_km2": 0.718, "dist_coast_km": 13.9, "persistence": 0.0, "mean_cover": 0.0, "max_cover": 0.0, "trend_cover": 0.0, "hot": 0.0, "n_obs": 1}}, {"type": "Feature", "id": 875, "geometry": {"type": "Polygon", "coordinates": [[[41.479134, 42.18145], [41.475922, 42.177446], [41.479097, 42.173123], [41.485485, 42.172805], [41.488697, 42.176808], [41.485522, 42.181131], [41.479134, 42.18145]]]}, "properties": {"i": 875, "h3": "882c2198bbfffff", "lon": 41.48231, "lat": 42.17713, "water_km2": 0.735, "dist_coast_km": 12.5, "persistence": 0.0, "mean_cover": 0.0, "max_cover": 0.0, "trend_cover": 0.0, "hot": 0.0, "n_obs": 1}}, {"type": "Feature", "id": 876, "geometry": {"type": "Polygon", "coordinates": [[[41.469498, 42.169437], [41.466287, 42.165433], [41.469463, 42.16111], [41.47585, 42.160792], [41.479061, 42.164796], [41.475886, 42.169119], [41.469498, 42.169437]]]}, "properties": {"i": 876, "h3": "882c2198bdfffff", "lon": 41.47267, "lat": 42.16511, "water_km2": 0.748, "dist_coast_km": 14.2, "persistence": 0.0, "mean_cover": 0.0, "max_cover": 0.0, "trend_cover": 0.0, "hot": 0.0, "n_obs": 1}}, {"type": "Feature", "id": 877, "geometry": {"type": "Polygon", "coordinates": [[[41.440864, 42.200011], [41.437652, 42.196006], [41.440831, 42.191684], [41.447222, 42.191367], [41.450434, 42.195371], [41.447255, 42.199693], [41.440864, 42.200011]]]}, "properties": {"i": 877, "h3": "882c2198d1fffff", "lon": 41.44404, "lat": 42.19569, "water_km2": 0.481, "dist_coast_km": 15.1, "persistence": 0.0, "mean_cover": 0.0, "max_cover": 0.0, "trend_cover": 0.0, "hot": 0.0, "n_obs": 1}}, {"type": "Feature", "id": 878, "geometry": {"type": "Polygon", "coordinates": [[[41.450468, 42.203697], [41.447255, 42.199693], [41.450434, 42.195371], [41.456825, 42.195054], [41.460037, 42.199057], [41.456859, 42.203379], [41.450468, 42.203697]]]}, "properties": {"i": 878, "h3": "882c2198d3fffff", "lon": 41.45365, "lat": 42.19938, "water_km2": 0.732, "dist_coast_km": 15.1, "persistence": 0.0, "mean_cover": 0.0, "max_cover": 0.0, "trend_cover": 0.0, "hot": 0.0, "n_obs": 1}}, {"type": "Feature", "id": 879, "geometry": {"type": "Polygon", "coordinates": [[[41.440831, 42.191684], [41.43762, 42.187679], [41.440799, 42.183357], [41.447189, 42.18304], [41.450401, 42.187045], [41.447222, 42.191367], [41.440831, 42.191684]]]}, "properties": {"i": 879, "h3": "882c2198d5fffff", "lon": 41.44401, "lat": 42.18736, "water_km2": 0.521, "dist_coast_km": 15.1, "persistence": 0.0, "mean_cover": 0.0, "max_cover": 0.0, "trend_cover": 0.0, "hot": 0.0, "n_obs": 1}}, {"type": "Feature", "id": 880, "geometry": {"type": "Polygon", "coordinates": [[[41.450434, 42.195371], [41.447222, 42.191367], [41.450401, 42.187045], [41.45679, 42.186727], [41.460002, 42.190732], [41.456825, 42.195054], [41.450434, 42.195371]]]}, "properties": {"i": 880, "h3": "882c2198d7fffff", "lon": 41.45361, "lat": 42.19105, "water_km2": 0.732, "dist_coast_km": 15.1, "persistence": 0.0, "mean_cover": 0.0, "max_cover": 0.0, "trend_cover": 0.0, "hot": 0.0, "n_obs": 1}}, {"type": "Feature", "id": 881, "geometry": {"type": "Polygon", "coordinates": [[[41.440897, 42.208337], [41.437684, 42.204332], [41.440864, 42.200011], [41.447255, 42.199693], [41.450468, 42.203697], [41.447289, 42.208019], [41.440897, 42.208337]]]}, "properties": {"i": 881, "h3": "882c2198dbfffff", "lon": 41.44408, "lat": 42.20401, "water_km2": 0.479, "dist_coast_km": 15.1, "persistence": 0.0, "mean_cover": 0.0, "max_cover": 0.0, "trend_cover": 0.0, "hot": 0.0, "n_obs": 1}}, {"type": "Feature", "id": 882, "geometry": {"type": "Polygon", "coordinates": [[[41.440734, 42.166701], [41.437523, 42.162695], [41.440701, 42.158372], [41.447089, 42.158056], [41.4503, 42.162062], [41.447122, 42.166385], [41.440734, 42.166701]]]}, "properties": {"i": 882, "h3": "882c2198e3fffff", "lon": 41.44391, "lat": 42.16238, "water_km2": 0.572, "dist_coast_km": 15.6, "persistence": 0.0, "mean_cover": 0.0, "max_cover": 0.0, "trend_cover": 0.0, "hot": 0.0, "n_obs": 1}}, {"type": "Feature", "id": 883, "geometry": {"type": "Polygon", "coordinates": [[[41.431102, 42.154682], [41.427892, 42.150675], [41.43107, 42.146352], [41.437458, 42.146036], [41.440668, 42.150043], [41.437491, 42.154366], [41.431102, 42.154682]]]}, "properties": {"i": 883, "h3": "882c2198e5fffff", "lon": 41.43428, "lat": 42.15036, "water_km2": 0.001, "dist_coast_km": 16.9, "persistence": 0.0, "mean_cover": 0.0, "max_cover": 0.0, "trend_cover": 0.0, "hot": 0.0, "n_obs": 1}}, {"type": "Feature", "id": 884, "geometry": {"type": "Polygon", "coordinates": [[[41.440701, 42.158372], [41.437491, 42.154366], [41.440668, 42.150043], [41.447056, 42.149727], [41.450266, 42.153733], [41.447089, 42.158056], [41.440701, 42.158372]]]}, "properties": {"i": 884, "h3": "882c2198e7fffff", "lon": 41.44388, "lat": 42.15405, "water_km2": 0.608, "dist_coast_km": 15.6, "persistence": 0.0, "mean_cover": 0.0, "max_cover": 0.0, "trend_cover": 0.0, "hot": 0.0, "n_obs": 1}}, {"type": "Feature", "id": 885, "geometry": {"type": "Polygon", "coordinates": [[[41.450132, 42.120413], [41.446923, 42.116405], [41.450099, 42.112081], [41.456483, 42.111765], [41.459692, 42.115773], [41.456517, 42.120097], [41.450132, 42.120413]]]}, "properties": {"i": 885, "h3": "882c219981fffff", "lon": 41.45331, "lat": 42.11609, "water_km2": 0.732, "dist_coast_km": 16.9, "persistence": 0.0, "mean_cover": 0.0, "max_cover": 0.0, "trend_cover": 0.0, "hot": 0.0, "n_obs": 1}}, {"type": "Feature", "id": 886, "geometry": {"type": "Polygon", "coordinates": [[[41.459726, 42.124104], [41.456517, 42.120097], [41.459692, 42.115773], [41.466076, 42.115457], [41.469286, 42.119464], [41.466111, 42.123787], [41.459726, 42.124104]]]}, "properties": {"i": 886, "h3": "882c219983fffff", "lon": 41.4629, "lat": 42.11978, "water_km2": 0.748, "dist_coast_km": 15.2, "persistence": 0.0, "mean_cover": 0.0, "max_cover": 0.0, "trend_cover": 0.0, "hot": 0.0, "n_obs": 1}}, {"type": "Feature", "id": 887, "geometry": {"type": "Polygon", "coordinates": [[[41.450099, 42.112081], [41.44689, 42.108073], [41.450065, 42.103749], [41.456449, 42.103434], [41.459658, 42.107442], [41.456483, 42.111765], [41.450099, 42.112081]]]}, "properties": {"i": 887, "h3": "882c219985fffff", "lon": 41.45327, "lat": 42.10776, "water_km2": 0.732, "dist_coast_km": 16.9, "persistence": 0.0, "mean_cover": 0.0, "max_cover": 0.0, "trend_cover": 0.0, "hot": 0.0, "n_obs": 1}}, {"type": "Feature", "id": 888, "geometry": {"type": "Polygon", "coordinates": [[[41.459692, 42.115773], [41.456483, 42.111765], [41.459658, 42.107442], [41.466041, 42.107125], [41.46925, 42.111133], [41.466076, 42.115457], [41.459692, 42.115773]]]}, "properties": {"i": 888, "h3": "882c219987fffff", "lon": 41.46287, "lat": 42.11145, "water_km2": 0.722, "dist_coast_km": 15.6, "persistence": 0.0, "mean_cover": 0.0, "max_cover": 0.0, "trend_cover": 0.0, "hot": 0.0, "n_obs": 1}}, {"type": "Feature", "id": 889, "geometry": {"type": "Polygon", "coordinates": [[[41.440571, 42.125052], [41.437361, 42.121044], [41.440538, 42.116721], [41.446923, 42.116405], [41.450132, 42.120413], [41.446956, 42.124736], [41.440571, 42.125052]]]}, "properties": {"i": 889, "h3": "882c219989fffff", "lon": 41.44375, "lat": 42.12073, "water_km2": 0.684, "dist_coast_km": 16.6, "persistence": 0.0, "mean_cover": 0.0, "max_cover": 0.0, "trend_cover": 0.0, "hot": 0.0, "n_obs": 1}}, {"type": "Feature", "id": 890, "geometry": {"type": "Polygon", "coordinates": [[[41.450166, 42.128744], [41.446956, 42.124736], [41.450132, 42.120413], [41.456517, 42.120097], [41.459726, 42.124104], [41.456551, 42.128427], [41.450166, 42.128744]]]}, "properties": {"i": 890, "h3": "882c21998bfffff", "lon": 41.45334, "lat": 42.12442, "water_km2": 0.735, "dist_coast_km": 16.6, "persistence": 0.0, "mean_cover": 0.0, "max_cover": 0.0, "trend_cover": 0.0, "hot": 0.0, "n_obs": 1}}, {"type": "Feature", "id": 891, "geometry": {"type": "Polygon", "coordinates": [[[41.440538, 42.116721], [41.437329, 42.112712], [41.440505, 42.108389], [41.44689, 42.108073], [41.450099, 42.112081], [41.446923, 42.116405], [41.440538, 42.116721]]]}, "properties": {"i": 891, "h3": "882c21998dfffff", "lon": 41.44371, "lat": 42.1124, "water_km2": 0.681, "dist_coast_km": 16.9, "persistence": 0.0, "mean_cover": 0.0, "max_cover": 0.0, "trend_cover": 0.0, "hot": 0.0, "n_obs": 1}}, {"type": "Feature", "id": 892, "geometry": {"type": "Polygon", "coordinates": [[[41.469356, 42.136124], [41.466146, 42.132117], [41.469321, 42.127794], [41.475705, 42.127477], [41.478916, 42.131483], [41.475741, 42.135806], [41.469356, 42.136124]]]}, "properties": {"i": 892, "h3": "882c219991fffff", "lon": 41.47253, "lat": 42.1318, "water_km2": 0.745, "dist_coast_km": 15.2, "persistence": 0.0, "mean_cover": 0.0, "max_cover": 0.0, "trend_cover": 0.0, "hot": 0.0, "n_obs": 1}}, {"type": "Feature", "id": 893, "geometry": {"type": "Polygon", "coordinates": [[[41.478952, 42.139812], [41.475741, 42.135806], [41.478916, 42.131483], [41.4853, 42.131165], [41.48851, 42.13517], [41.485337, 42.139494], [41.478952, 42.139812]]]}, "properties": {"i": 893, "h3": "882c219993fffff", "lon": 41.48213, "lat": 42.13549, "water_km2": 0.732, "dist_coast_km": 13.6, "persistence": 0.0, "mean_cover": 0.0, "max_cover": 0.0, "trend_cover": 0.0, "hot": 0.0, "n_obs": 1}}, {"type": "Feature", "id": 894, "geometry": {"type": "Polygon", "coordinates": [[[41.469321, 42.127794], [41.466111, 42.123787], [41.469286, 42.119464], [41.475669, 42.119146], [41.478879, 42.123153], [41.475705, 42.127477], [41.469321, 42.127794]]]}, "properties": {"i": 894, "h3": "882c219995fffff", "lon": 41.4725, "lat": 42.12347, "water_km2": 0.72, "dist_coast_km": 15.2, "persistence": 0.0, "mean_cover": 0.0, "max_cover": 0.0, "trend_cover": 0.0, "hot": 0.0, "n_obs": 1}}, {"type": "Feature", "id": 895, "geometry": {"type": "Polygon", "coordinates": [[[41.478916, 42.131483], [41.475705, 42.127477], [41.478879, 42.123153], [41.485263, 42.122835], [41.488473, 42.126841], [41.4853, 42.131165], [41.478916, 42.131483]]]}, "properties": {"i": 895, "h3": "882c219997fffff", "lon": 41.48209, "lat": 42.12716, "water_km2": 0.735, "dist_coast_km": 13.9, "persistence": 0.0, "mean_cover": 0.0, "max_cover": 0.0, "trend_cover": 0.0, "hot": 0.0, "n_obs": 1}}, {"type": "Feature", "id": 896, "geometry": {"type": "Polygon", "coordinates": [[[41.459795, 42.140764], [41.456585, 42.136758], [41.459761, 42.132434], [41.466146, 42.132117], [41.469356, 42.136124], [41.466181, 42.140447], [41.459795, 42.140764]]]}, "properties": {"i": 896, "h3": "882c219999fffff", "lon": 41.46297, "lat": 42.13644, "water_km2": 0.748, "dist_coast_km": 14.8, "persistence": 0.0, "mean_cover": 0.0, "max_cover": 0.0, "trend_cover": 0.0, "hot": 0.0, "n_obs": 1}}, {"type": "Feature", "id": 897, "geometry": {"type": "Polygon", "coordinates": [[[41.469392, 42.144453], [41.466181, 42.140447], [41.469356, 42.136124], [41.475741, 42.135806], [41.478952, 42.139812], [41.475777, 42.144135], [41.469392, 42.144453]]]}, "properties": {"i": 897, "h3": "882c21999bfffff", "lon": 41.47257, "lat": 42.14013, "water_km2": 0.72, "dist_coast_km": 14.8, "persistence": 0.0, "mean_cover": 0.0, "max_cover": 0.0, "trend_cover": 0.0, "hot": 0.0, "n_obs": 1}}, {"type": "Feature", "id": 898, "geometry": {"type": "Polygon", "coordinates": [[[41.459761, 42.132434], [41.456551, 42.128427], [41.459726, 42.124104], [41.466111, 42.123787], [41.469321, 42.127794], [41.466146, 42.132117], [41.459761, 42.132434]]]}, "properties": {"i": 898, "h3": "882c21999dfffff", "lon": 41.46294, "lat": 42.12811, "water_km2": 0.72, "dist_coast_km": 15.2, "persistence": 0.0, "mean_cover": 0.0, "max_cover": 0.0, "trend_cover": 0.0, "hot": 0.0, "n_obs": 1}}, {"type": "Feature", "id": 899, "geometry": {"type": "Polygon", "coordinates": [[[41.459623, 42.09911], [41.456415, 42.095101], [41.459589, 42.090777], [41.465971, 42.090461], [41.469179, 42.094469], [41.466006, 42.098793], [41.459623, 42.09911]]]}, "properties": {"i": 899, "h3": "882c2199a1fffff", "lon": 41.4628, "lat": 42.09479, "water_km2": 0.725, "dist_coast_km": 16.1, "persistence": 0.0, "mean_cover": 0.0, "max_cover": 0.0, "trend_cover": 0.0, "hot": 0.0, "n_obs": 1}}, {"type": "Feature", "id": 900, "geometry": {"type": "Polygon", "coordinates": [[[41.469215, 42.102801], [41.466006, 42.098793], [41.469179, 42.094469], [41.475561, 42.094153], [41.47877, 42.09816], [41.475597, 42.102484], [41.469215, 42.102801]]]}, "properties": {"i": 900, "h3": "882c2199a3fffff", "lon": 41.47239, "lat": 42.09848, "water_km2": 0.742, "dist_coast_km": 16.1, "persistence": 0.0, "mean_cover": 0.0, "max_cover": 0.0, "trend_cover": 0.0, "hot": 0.0, "n_obs": 1}}, {"type": "Feature", "id": 901, "geometry": {"type": "Polygon", "coordinates": [[[41.459589, 42.090777], [41.45638, 42.086768], [41.459554, 42.082444], [41.465936, 42.082128], [41.469144, 42.086137], [41.465971, 42.090461], [41.459589, 42.090777]]]}, "properties": {"i": 901, "h3": "882c2199a5fffff", "lon": 41.46276, "lat": 42.08645, "water_km2": 0.745, "dist_coast_km": 16.1, "persistence": 0.0, "mean_cover": 0.0, "max_cover": 0.0, "trend_cover": 0.0, "hot": 0.0, "n_obs": 1}}, {"type": "Feature", "id": 902, "geometry": {"type": "Polygon", "coordinates": [[[41.469179, 42.094469], [41.465971, 42.090461], [41.469144, 42.086137], [41.475525, 42.08582], [41.478734, 42.089828], [41.475561, 42.094153], [41.469179, 42.094469]]]}, "properties": {"i": 902, "h3": "882c2199a7fffff", "lon": 41.47235, "lat": 42.09014, "water_km2": 0.722, "dist_coast_km": 16.1, "persistence": 0.0, "mean_cover": 0.0, "max_cover": 0.0, "trend_cover": 0.0, "hot": 0.0, "n_obs": 1}}, {"type": "Feature", "id": 903, "geometry": {"type": "Polygon", "coordinates": [[[41.450065, 42.103749], [41.446857, 42.099741], [41.450032, 42.095417], [41.456415, 42.095101], [41.459623, 42.09911], [41.456449, 42.103434], [41.450065, 42.103749]]]}, "properties": {"i": 903, "h3": "882c2199a9fffff", "lon": 41.45324, "lat": 42.09943, "water_km2": 0.732, "dist_coast_km": 17.4, "persistence": 0.0, "mean_cover": 0.0, "max_cover": 0.0, "trend_cover": 0.0, "hot": 0.0, "n_obs": 1}}, {"type": "Feature", "id": 904, "geometry": {"type": "Polygon", "coordinates": [[[41.459658, 42.107442], [41.456449, 42.103434], [41.459623, 42.09911], [41.466006, 42.098793], [41.469215, 42.102801], [41.466041, 42.107125], [41.459658, 42.107442]]]}, "properties": {"i": 904, "h3": "882c2199abfffff", "lon": 41.46283, "lat": 42.10312, "water_km2": 0.742, "dist_coast_km": 15.6, "persistence": 0.0, "mean_cover": 0.0, "max_cover": 0.0, "trend_cover": 0.0, "hot": 0.0, "n_obs": 1}}, {"type": "Feature", "id": 905, "geometry": {"type": "Polygon", "coordinates": [[[41.450032, 42.095417], [41.446823, 42.091408], [41.449998, 42.087084], [41.45638, 42.086768], [41.459589, 42.090777], [41.456415, 42.095101], [41.450032, 42.095417]]]}, "properties": {"i": 905, "h3": "882c2199adfffff", "lon": 41.45321, "lat": 42.09109, "water_km2": 0.732, "dist_coast_km": 17.4, "persistence": 0.0, "mean_cover": 0.0, "max_cover": 0.0, "trend_cover": 0.0, "hot": 0.0, "n_obs": 1}}, {"type": "Feature", "id": 906, "geometry": {"type": "Polygon", "coordinates": [[[41.478843, 42.114822], [41.475633, 42.110816], [41.478806, 42.106492], [41.485189, 42.106174], [41.488398, 42.110181], [41.485226, 42.114505], [41.478843, 42.114822]]]}, "properties": {"i": 906, "h3": "882c2199b1fffff", "lon": 41.48202, "lat": 42.1105, "water_km2": 0.738, "dist_coast_km": 14.2, "persistence": 0.0, "mean_cover": 0.0, "max_cover": 0.0, "trend_cover": 0.0, "hot": 0.0, "n_obs": 1}}, {"type": "Feature", "id": 907, "geometry": {"type": "Polygon", "coordinates": [[[41.488436, 42.118511], [41.485226, 42.114505], [41.488398, 42.110181], [41.49478, 42.109863], [41.49799, 42.113869], [41.494818, 42.118193], [41.488436, 42.118511]]]}, "properties": {"i": 907, "h3": "882c2199b3fffff", "lon": 41.49161, "lat": 42.11419, "water_km2": 0.74, "dist_coast_km": 14.2, "persistence": 0.0, "mean_cover": 0.0, "max_cover": 0.0, "trend_cover": 0.0, "hot": 0.0, "n_obs": 1}}, {"type": "Feature", "id": 908, "geometry": {"type": "Polygon", "coordinates": [[[41.478806, 42.106492], [41.475597, 42.102484], [41.47877, 42.09816], [41.485152, 42.097843], [41.488361, 42.10185], [41.485189, 42.106174], [41.478806, 42.106492]]]}, "properties": {"i": 908, "h3": "882c2199b5fffff", "lon": 41.48198, "lat": 42.10217, "water_km2": 0.73, "dist_coast_km": 14.2, "persistence": 0.0, "mean_cover": 0.0, "max_cover": 0.0, "trend_cover": 0.0, "hot": 0.0, "n_obs": 1}}, {"type": "Feature", "id": 909, "geometry": {"type": "Polygon", "coordinates": [[[41.488398, 42.110181], [41.485189, 42.106174], [41.488361, 42.10185], [41.494742, 42.101532], [41.497952, 42.105538], [41.49478, 42.109863], [41.488398, 42.110181]]]}, "properties": {"i": 909, "h3": "882c2199b7fffff", "lon": 41.49157, "lat": 42.10586, "water_km2": 0.725, "dist_coast_km": 14.2, "persistence": 0.0, "mean_cover": 0.0, "max_cover": 0.0, "trend_cover": 0.0, "hot": 0.0, "n_obs": 1}}, {"type": "Feature", "id": 910, "geometry": {"type": "Polygon", "coordinates": [[[41.469286, 42.119464], [41.466076, 42.115457], [41.46925, 42.111133], [41.475633, 42.110816], [41.478843, 42.114822], [41.475669, 42.119146], [41.469286, 42.119464]]]}, "properties": {"i": 910, "h3": "882c2199b9fffff", "lon": 41.47246, "lat": 42.11514, "water_km2": 0.745, "dist_coast_km": 15.6, "persistence": 0.0, "mean_cover": 0.0, "max_cover": 0.0, "trend_cover": 0.0, "hot": 0.0, "n_obs": 1}}, {"type": "Feature", "id": 911, "geometry": {"type": "Polygon", "coordinates": [[[41.478879, 42.123153], [41.475669, 42.119146], [41.478843, 42.114822], [41.485226, 42.114505], [41.488436, 42.118511], [41.485263, 42.122835], [41.478879, 42.123153]]]}, "properties": {"i": 911, "h3": "882c2199bbfffff", "lon": 41.48205, "lat": 42.11883, "water_km2": 0.732, "dist_coast_km": 13.9, "persistence": 0.0, "mean_cover": 0.0, "max_cover": 0.0, "trend_cover": 0.0, "hot": 0.0, "n_obs": 1}}, {"type": "Feature", "id": 912, "geometry": {"type": "Polygon", "coordinates": [[[41.46925, 42.111133], [41.466041, 42.107125], [41.469215, 42.102801], [41.475597, 42.102484], [41.478806, 42.106492], [41.475633, 42.110816], [41.46925, 42.111133]]]}, "properties": {"i": 912, "h3": "882c2199bdfffff", "lon": 41.47242, "lat": 42.10681, "water_km2": 0.72, "dist_coast_km": 15.6, "persistence": 0.0, "mean_cover": 0.0, "max_cover": 0.0, "trend_cover": 0.0, "hot": 0.0, "n_obs": 1}}, {"type": "Feature", "id": 913, "geometry": {"type": "Polygon", "coordinates": [[[41.431007, 42.129691], [41.427798, 42.125682], [41.430976, 42.121359], [41.437361, 42.121044], [41.440571, 42.125052], [41.437394, 42.129375], [41.431007, 42.129691]]]}, "properties": {"i": 913, "h3": "882c2199c3fffff", "lon": 41.43418, "lat": 42.12537, "water_km2": 0.011, "dist_coast_km": 18.0, "persistence": 0.0, "mean_cover": 0.0, "max_cover": 0.0, "trend_cover": 0.0, "hot": 0.0, "n_obs": 1}}, {"type": "Feature", "id": 914, "geometry": {"type": "Polygon", "coordinates": [[[41.430976, 42.121359], [41.427767, 42.117351], [41.430944, 42.113027], [41.437329, 42.112712], [41.440538, 42.116721], [41.437361, 42.121044], [41.430976, 42.121359]]]}, "properties": {"i": 914, "h3": "882c2199c7fffff", "lon": 41.43415, "lat": 42.11704, "water_km2": 0.014, "dist_coast_km": 18.0, "persistence": 0.0, "mean_cover": 0.0, "max_cover": 0.0, "trend_cover": 0.0, "hot": 0.0, "n_obs": 1}}, {"type": "Feature", "id": 915, "geometry": {"type": "Polygon", "coordinates": [[[41.440636, 42.141713], [41.437426, 42.137706], [41.440603, 42.133383], [41.446989, 42.133067], [41.450199, 42.137074], [41.447023, 42.141397], [41.440636, 42.141713]]]}, "properties": {"i": 915, "h3": "882c2199d1fffff", "lon": 41.44381, "lat": 42.13739, "water_km2": 0.649, "dist_coast_km": 16.1, "persistence": 0.0, "mean_cover": 0.0, "max_cover": 0.0, "trend_cover": 0.0, "hot": 0.0, "n_obs": 1}}, {"type": "Feature", "id": 916, "geometry": {"type": "Polygon", "coordinates": [[[41.450233, 42.145404], [41.447023, 42.141397], [41.450199, 42.137074], [41.456585, 42.136758], [41.459795, 42.140764], [41.456619, 42.145087], [41.450233, 42.145404]]]}, "properties": {"i": 916, "h3": "882c2199d3fffff", "lon": 41.45341, "lat": 42.14108, "water_km2": 0.723, "dist_coast_km": 16.1, "persistence": 0.0, "mean_cover": 0.0, "max_cover": 0.0, "trend_cover": 0.0, "hot": 0.0, "n_obs": 1}}, {"type": "Feature", "id": 917, "geometry": {"type": "Polygon", "coordinates": [[[41.440603, 42.133383], [41.437394, 42.129375], [41.440571, 42.125052], [41.446956, 42.124736], [41.450166, 42.128744], [41.446989, 42.133067], [41.440603, 42.133383]]]}, "properties": {"i": 917, "h3": "882c2199d5fffff", "lon": 41.44378, "lat": 42.12906, "water_km2": 0.652, "dist_coast_km": 16.6, "persistence": 0.0, "mean_cover": 0.0, "max_cover": 0.0, "trend_cover": 0.0, "hot": 0.0, "n_obs": 1}}, {"type": "Feature", "id": 918, "geometry": {"type": "Polygon", "coordinates": [[[41.450199, 42.137074], [41.446989, 42.133067], [41.450166, 42.128744], [41.456551, 42.128427], [41.459761, 42.132434], [41.456585, 42.136758], [41.450199, 42.137074]]]}, "properties": {"i": 918, "h3": "882c2199d7fffff", "lon": 41.45338, "lat": 42.13275, "water_km2": 0.73, "dist_coast_km": 16.6, "persistence": 0.0, "mean_cover": 0.0, "max_cover": 0.0, "trend_cover": 0.0, "hot": 0.0, "n_obs": 1}}, {"type": "Feature", "id": 919, "geometry": {"type": "Polygon", "coordinates": [[[41.43107, 42.146352], [41.427861, 42.142344], [41.431039, 42.138022], [41.437426, 42.137706], [41.440636, 42.141713], [41.437458, 42.146036], [41.43107, 42.146352]]]}, "properties": {"i": 919, "h3": "882c2199d9fffff", "lon": 41.43425, "lat": 42.14203, "water_km2": 0.002, "dist_coast_km": 17.4, "persistence": 0.0, "mean_cover": 0.0, "max_cover": 0.0, "trend_cover": 0.0, "hot": 0.0, "n_obs": 1}}, {"type": "Feature", "id": 920, "geometry": {"type": "Polygon", "coordinates": [[[41.440668, 42.150043], [41.437458, 42.146036], [41.440636, 42.141713], [41.447023, 42.141397], [41.450233, 42.145404], [41.447056, 42.149727], [41.440668, 42.150043]]]}, "properties": {"i": 920, "h3": "882c2199dbfffff", "lon": 41.44385, "lat": 42.14572, "water_km2": 0.614, "dist_coast_km": 16.1, "persistence": 0.0, "mean_cover": 0.0, "max_cover": 0.0, "trend_cover": 0.0, "hot": 0.0, "n_obs": 1}}, {"type": "Feature", "id": 921, "geometry": {"type": "Polygon", "coordinates": [[[41.431039, 42.138022], [41.427829, 42.134014], [41.431007, 42.129691], [41.437394, 42.129375], [41.440603, 42.133383], [41.437426, 42.137706], [41.431039, 42.138022]]]}, "properties": {"i": 921, "h3": "882c2199ddfffff", "lon": 41.43422, "lat": 42.1337, "water_km2": 0.006, "dist_coast_km": 17.4, "persistence": 0.0, "mean_cover": 0.0, "max_cover": 0.0, "trend_cover": 0.0, "hot": 0.0, "n_obs": 1}}, {"type": "Feature", "id": 922, "geometry": {"type": "Polygon", "coordinates": [[[41.430912, 42.104695], [41.427704, 42.100685], [41.430881, 42.096361], [41.437265, 42.096047], [41.440473, 42.100056], [41.437297, 42.10438], [41.430912, 42.104695]]]}, "properties": {"i": 922, "h3": "882c2199e1fffff", "lon": 41.43409, "lat": 42.10037, "water_km2": 0.036, "dist_coast_km": 18.3, "persistence": 0.0, "mean_cover": 0.0, "max_cover": 0.0, "trend_cover": 0.0, "hot": 0.0, "n_obs": 1}}, {"type": "Feature", "id": 923, "geometry": {"type": "Polygon", "coordinates": [[[41.440505, 42.108389], [41.437297, 42.10438], [41.440473, 42.100056], [41.446857, 42.099741], [41.450065, 42.103749], [41.44689, 42.108073], [41.440505, 42.108389]]]}, "properties": {"i": 923, "h3": "882c2199e3fffff", "lon": 41.44368, "lat": 42.10406, "water_km2": 0.709, "dist_coast_km": 16.9, "persistence": 0.0, "mean_cover": 0.0, "max_cover": 0.0, "trend_cover": 0.0, "hot": 0.0, "n_obs": 1}}, {"type": "Feature", "id": 924, "geometry": {"type": "Polygon", "coordinates": [[[41.430881, 42.096361], [41.427673, 42.092352], [41.430849, 42.088028], [41.437232, 42.087713], [41.44044, 42.091723], [41.437265, 42.096047], [41.430881, 42.096361]]]}, "properties": {"i": 924, "h3": "882c2199e5fffff", "lon": 41.43406, "lat": 42.09204, "water_km2": 0.052, "dist_coast_km": 18.7, "persistence": 0.0, "mean_cover": 0.0, "max_cover": 0.0, "trend_cover": 0.0, "hot": 0.0, "n_obs": 1}}, {"type": "Feature", "id": 925, "geometry": {"type": "Polygon", "coordinates": [[[41.440473, 42.100056], [41.437265, 42.096047], [41.44044, 42.091723], [41.446823, 42.091408], [41.450032, 42.095417], [41.446857, 42.099741], [41.440473, 42.100056]]]}, "properties": {"i": 925, "h3": "882c2199e7fffff", "lon": 41.44365, "lat": 42.09573, "water_km2": 0.702, "dist_coast_km": 17.4, "persistence": 0.0, "mean_cover": 0.0, "max_cover": 0.0, "trend_cover": 0.0, "hot": 0.0, "n_obs": 1}}, {"type": "Feature", "id": 926, "geometry": {"type": "Polygon", "coordinates": [[[41.430944, 42.113027], [41.427735, 42.109018], [41.430912, 42.104695], [41.437297, 42.10438], [41.440505, 42.108389], [41.437329, 42.112712], [41.430944, 42.113027]]]}, "properties": {"i": 926, "h3": "882c2199ebfffff", "lon": 41.43412, "lat": 42.1087, "water_km2": 0.028, "dist_coast_km": 18.3, "persistence": 0.0, "mean_cover": 0.0, "max_cover": 0.0, "trend_cover": 0.0, "hot": 0.0, "n_obs": 1}}, {"type": "Feature", "id": 927, "geometry": {"type": "Polygon", "coordinates": [[[41.669345, 41.980213], [41.666136, 41.976208], [41.66929, 41.971879], [41.675652, 41.971555], [41.678861, 41.975559], [41.675707, 41.979888], [41.669345, 41.980213]]]}, "properties": {"i": 927, "h3": "882c21c411fffff", "lon": 41.6725, "lat": 41.97588, "water_km2": 0.44, "dist_coast_km": 8.2, "persistence": 0.0, "mean_cover": 0.0, "max_cover": 0.0, "trend_cover": 0.0, "hot": 0.0, "n_obs": 1}}, {"type": "Feature", "id": 928, "geometry": {"type": "Polygon", "coordinates": [[[41.678916, 41.983892], [41.675707, 41.979888], [41.678861, 41.975559], [41.685222, 41.975234], [41.688431, 41.979237], [41.685279, 41.983566], [41.678916, 41.983892]]]}, "properties": {"i": 928, "h3": "882c21c413fffff", "lon": 41.68207, "lat": 41.97956, "water_km2": 0.72, "dist_coast_km": 6.9, "persistence": 0.0, "mean_cover": 0.0, "max_cover": 0.0, "trend_cover": 0.0, "hot": 0.0, "n_obs": 1}}, {"type": "Feature", "id": 929, "geometry": {"type": "Polygon", "coordinates": [[[41.678861, 41.975559], [41.675652, 41.971555], [41.678805, 41.967225], [41.685166, 41.9669], [41.688375, 41.970904], [41.685222, 41.975234], [41.678861, 41.975559]]]}, "properties": {"i": 929, "h3": "882c21c417fffff", "lon": 41.68201, "lat": 41.97123, "water_km2": 0.034, "dist_coast_km": 6.9, "persistence": 0.0, "mean_cover": 0.0, "max_cover": 0.0, "trend_cover": 0.0, "hot": 0.0, "n_obs": 1}}, {"type": "Feature", "id": 930, "geometry": {"type": "Polygon", "coordinates": [[[41.659827, 41.984866], [41.656619, 41.980861], [41.659773, 41.976533], [41.666136, 41.976208], [41.669345, 41.980213], [41.666191, 41.984542], [41.659827, 41.984866]]]}, "properties": {"i": 930, "h3": "882c21c419fffff", "lon": 41.66298, "lat": 41.98054, "water_km2": 0.725, "dist_coast_km": 8.2, "persistence": 0.0, "mean_cover": 0.0, "max_cover": 0.0, "trend_cover": 0.0, "hot": 0.0, "n_obs": 1}}, {"type": "Feature", "id": 931, "geometry": {"type": "Polygon", "coordinates": [[[41.6694, 41.988546], [41.666191, 41.984542], [41.669345, 41.980213], [41.675707, 41.979888], [41.678916, 41.983892], [41.675763, 41.988221], [41.6694, 41.988546]]]}, "properties": {"i": 931, "h3": "882c21c41bfffff", "lon": 41.67255, "lat": 41.98422, "water_km2": 0.732, "dist_coast_km": 7.8, "persistence": 0.0, "mean_cover": 0.0, "max_cover": 0.0, "trend_cover": 0.0, "hot": 0.0, "n_obs": 1}}, {"type": "Feature", "id": 932, "geometry": {"type": "Polygon", "coordinates": [[[41.659773, 41.976533], [41.656565, 41.972528], [41.659719, 41.968199], [41.666081, 41.967875], [41.66929, 41.971879], [41.666136, 41.976208], [41.659773, 41.976533]]]}, "properties": {"i": 932, "h3": "882c21c41dfffff", "lon": 41.66293, "lat": 41.9722, "water_km2": 0.064, "dist_coast_km": 8.2, "persistence": 0.0, "mean_cover": 0.0, "max_cover": 0.0, "trend_cover": 0.0, "hot": 0.0, "n_obs": 1}}, {"type": "Feature", "id": 933, "geometry": {"type": "Polygon", "coordinates": [[[41.621589, 41.978471], [41.618381, 41.974465], [41.621538, 41.970136], [41.627903, 41.969814], [41.63111, 41.97382], [41.627954, 41.978149], [41.621589, 41.978471]]]}, "properties": {"i": 933, "h3": "882c21c44bfffff", "lon": 41.62475, "lat": 41.97414, "water_km2": 0.138, "dist_coast_km": 12.2, "persistence": 0.0, "mean_cover": 0.0, "max_cover": 0.0, "trend_cover": 0.0, "hot": 0.0, "n_obs": 1}}, {"type": "Feature", "id": 934, "geometry": {"type": "Polygon", "coordinates": [[[41.640735, 41.985837], [41.637526, 41.981832], [41.640683, 41.977503], [41.647046, 41.97718], [41.650255, 41.981185], [41.647099, 41.985514], [41.640735, 41.985837]]]}, "properties": {"i": 934, "h3": "882c21c451fffff", "lon": 41.64389, "lat": 41.98151, "water_km2": 0.735, "dist_coast_km": 9.6, "persistence": 0.0, "mean_cover": 0.0, "max_cover": 0.0, "trend_cover": 0.0, "hot": 0.0, "n_obs": 1}}, {"type": "Feature", "id": 935, "geometry": {"type": "Polygon", "coordinates": [[[41.650308, 41.989519], [41.647099, 41.985514], [41.650255, 41.981185], [41.656619, 41.980861], [41.659827, 41.984866], [41.656672, 41.989195], [41.650308, 41.989519]]]}, "properties": {"i": 935, "h3": "882c21c453fffff", "lon": 41.65346, "lat": 41.98519, "water_km2": 0.72, "dist_coast_km": 8.8, "persistence": 0.0, "mean_cover": 0.0, "max_cover": 0.0, "trend_cover": 0.0, "hot": 0.0, "n_obs": 1}}, {"type": "Feature", "id": 936, "geometry": {"type": "Polygon", "coordinates": [[[41.640683, 41.977503], [41.637475, 41.973498], [41.64063, 41.969169], [41.646994, 41.968846], [41.650202, 41.972851], [41.647046, 41.97718], [41.640683, 41.977503]]]}, "properties": {"i": 936, "h3": "882c21c455fffff", "lon": 41.64384, "lat": 41.97317, "water_km2": 0.1, "dist_coast_km": 9.6, "persistence": 0.0, "mean_cover": 0.0, "max_cover": 0.0, "trend_cover": 0.0, "hot": 0.0, "n_obs": 1}}, {"type": "Feature", "id": 937, "geometry": {"type": "Polygon", "coordinates": [[[41.650255, 41.981185], [41.647046, 41.97718], [41.650202, 41.972851], [41.656565, 41.972528], [41.659773, 41.976533], [41.656619, 41.980861], [41.650255, 41.981185]]]}, "properties": {"i": 937, "h3": "882c21c457fffff", "lon": 41.65341, "lat": 41.97686, "water_km2": 0.504, "dist_coast_km": 9.6, "persistence": 0.0, "mean_cover": 0.0, "max_cover": 0.0, "trend_cover": 0.0, "hot": 0.0, "n_obs": 1}}, {"type": "Feature", "id": 938, "geometry": {"type": "Polygon", "coordinates": [[[41.631213, 41.990489], [41.628005, 41.986483], [41.631162, 41.982155], [41.637526, 41.981832], [41.640735, 41.985837], [41.637578, 41.990166], [41.631213, 41.990489]]]}, "properties": {"i": 938, "h3": "882c21c459fffff", "lon": 41.63437, "lat": 41.98616, "water_km2": 0.725, "dist_coast_km": 10.0, "persistence": 0.0, "mean_cover": 0.0, "max_cover": 0.0, "trend_cover": 0.0, "hot": 0.0, "n_obs": 1}}, {"type": "Feature", "id": 939, "geometry": {"type": "Polygon", "coordinates": [[[41.640787, 41.994171], [41.637578, 41.990166], [41.640735, 41.985837], [41.647099, 41.985514], [41.650308, 41.989519], [41.647152, 41.993847], [41.640787, 41.994171]]]}, "properties": {"i": 939, "h3": "882c21c45bfffff", "lon": 41.64394, "lat": 41.98984, "water_km2": 0.73, "dist_coast_km": 8.8, "persistence": 0.0, "mean_cover": 0.0, "max_cover": 0.0, "trend_cover": 0.0, "hot": 0.0, "n_obs": 1}}, {"type": "Feature", "id": 940, "geometry": {"type": "Polygon", "coordinates": [[[41.631162, 41.982155], [41.627954, 41.978149], [41.63111, 41.97382], [41.637475, 41.973498], [41.640683, 41.977503], [41.637526, 41.981832], [41.631162, 41.982155]]]}, "properties": {"i": 940, "h3": "882c21c45dfffff", "lon": 41.63432, "lat": 41.97783, "water_km2": 0.553, "dist_coast_km": 11.0, "persistence": 0.0, "mean_cover": 0.0, "max_cover": 0.0, "trend_cover": 0.0, "hot": 0.0, "n_obs": 1}}, {"type": "Feature", "id": 941, "geometry": {"type": "Polygon", "coordinates": [[[41.717145, 41.990265], [41.713935, 41.986263], [41.717085, 41.981934], [41.723445, 41.981607], [41.726655, 41.985608], [41.723505, 41.989938], [41.717145, 41.990265]]]}, "properties": {"i": 941, "h3": "882c21c481fffff", "lon": 41.7203, "lat": 41.98594, "water_km2": 0.722, "dist_coast_km": 4.1, "persistence": 0.0, "mean_cover": 0.0, "max_cover": 0.0, "trend_cover": 0.0, "hot": 0.0, "n_obs": 1}}, {"type": "Feature", "id": 942, "geometry": {"type": "Polygon", "coordinates": [[[41.726716, 41.993939], [41.723505, 41.989938], [41.726655, 41.985608], [41.733015, 41.98528], [41.736226, 41.989281], [41.733077, 41.993611], [41.726716, 41.993939]]]}, "properties": {"i": 942, "h3": "882c21c483fffff", "lon": 41.72987, "lat": 41.98961, "water_km2": 0.73, "dist_coast_km": 2.7, "persistence": 0.0, "mean_cover": 0.0, "max_cover": 0.0, "trend_cover": 0.0, "hot": 0.0, "n_obs": 1}}, {"type": "Feature", "id": 943, "geometry": {"type": "Polygon", "coordinates": [[[41.717085, 41.981934], [41.713875, 41.977932], [41.717025, 41.973602], [41.723385, 41.973275], [41.726595, 41.977277], [41.723445, 41.981607], [41.717085, 41.981934]]]}, "properties": {"i": 943, "h3": "882c21c485fffff", "lon": 41.72024, "lat": 41.9776, "water_km2": 0.694, "dist_coast_km": 4.1, "persistence": 0.0, "mean_cover": 0.0, "max_cover": 0.0, "trend_cover": 0.0, "hot": 0.0, "n_obs": 1}}, {"type": "Feature", "id": 944, "geometry": {"type": "Polygon", "coordinates": [[[41.726655, 41.985608], [41.723445, 41.981607], [41.726595, 41.977277], [41.732954, 41.976949], [41.736164, 41.980951], [41.733015, 41.98528], [41.726655, 41.985608]]]}, "properties": {"i": 944, "h3": "882c21c487fffff", "lon": 41.7298, "lat": 41.98128, "water_km2": 0.732, "dist_coast_km": 2.7, "persistence": 0.0, "mean_cover": 0.0, "max_cover": 0.0, "trend_cover": 0.0, "hot": 0.0, "n_obs": 1}}, {"type": "Feature", "id": 945, "geometry": {"type": "Polygon", "coordinates": [[[41.707632, 41.994922], [41.704422, 41.99092], [41.707574, 41.98659], [41.713935, 41.986263], [41.717145, 41.990265], [41.713994, 41.994594], [41.707632, 41.994922]]]}, "properties": {"i": 945, "h3": "882c21c489fffff", "lon": 41.71078, "lat": 41.99059, "water_km2": 0.722, "dist_coast_km": 4.1, "persistence": 0.0, "mean_cover": 0.0, "max_cover": 0.0, "trend_cover": 0.0, "hot": 0.0, "n_obs": 1}}, {"type": "Feature", "id": 946, "geometry": {"type": "Polygon", "coordinates": [[[41.717204, 41.998596], [41.713994, 41.994594], [41.717145, 41.990265], [41.723505, 41.989938], [41.726716, 41.993939], [41.723566, 41.998268], [41.717204, 41.998596]]]}, "properties": {"i": 946, "h3": "882c21c48bfffff", "lon": 41.72036, "lat": 41.99427, "water_km2": 0.74, "dist_coast_km": 4.1, "persistence": 0.0, "mean_cover": 0.0, "max_cover": 0.0, "trend_cover": 0.0, "hot": 0.0, "n_obs": 1}}, {"type": "Feature", "id": 947, "geometry": {"type": "Polygon", "coordinates": [[[41.707574, 41.98659], [41.704364, 41.982588], [41.707515, 41.978259], [41.713875, 41.977932], [41.717085, 41.981934], [41.713935, 41.986263], [41.707574, 41.98659]]]}, "properties": {"i": 947, "h3": "882c21c48dfffff", "lon": 41.71072, "lat": 41.98226, "water_km2": 0.742, "dist_coast_km": 4.1, "persistence": 0.0, "mean_cover": 0.0, "max_cover": 0.0, "trend_cover": 0.0, "hot": 0.0, "n_obs": 1}}, {"type": "Feature", "id": 948, "geometry": {"type": "Polygon", "coordinates": [[[41.736349, 42.005941], [41.733138, 42.001941], [41.736288, 41.997611], [41.742648, 41.997283], [41.745859, 42.001283], [41.74271, 42.005612], [41.736349, 42.005941]]]}, "properties": {"i": 948, "h3": "882c21c491fffff", "lon": 41.7395, "lat": 42.00161, "water_km2": 0.72, "dist_coast_km": 2.3, "persistence": 0.0, "mean_cover": 0.0, "max_cover": 0.0, "trend_cover": 0.0, "hot": 0.0, "n_obs": 1}}, {"type": "Feature", "id": 949, "geometry": {"type": "Polygon", "coordinates": [[[41.745922, 42.009612], [41.74271, 42.005612], [41.745859, 42.001283], [41.752219, 42.000953], [41.755431, 42.004953], [41.752282, 42.009282], [41.745922, 42.009612]]]}, "properties": {"i": 949, "h3": "882c21c493fffff", "lon": 41.74907, "lat": 42.00528, "water_km2": 0.745, "dist_coast_km": 1.4, "persistence": 0.0, "mean_cover": 0.0, "max_cover": 0.0, "trend_cover": 0.0, "hot": 0.0, "n_obs": 1}}, {"type": "Feature", "id": 950, "geometry": {"type": "Polygon", "coordinates": [[[41.736288, 41.997611], [41.733077, 41.993611], [41.736226, 41.989281], [41.742586, 41.988953], [41.745797, 41.992953], [41.742648, 41.997283], [41.736288, 41.997611]]]}, "properties": {"i": 950, "h3": "882c21c495fffff", "lon": 41.73944, "lat": 41.99328, "water_km2": 0.745, "dist_coast_km": 2.7, "persistence": 0.0, "mean_cover": 0.0, "max_cover": 0.0, "trend_cover": 0.0, "hot": 0.0, "n_obs": 1}}, {"type": "Feature", "id": 951, "geometry": {"type": "Polygon", "coordinates": [[[41.745859, 42.001283], [41.742648, 41.997283], [41.745797, 41.992953], [41.752156, 41.992624], [41.755367, 41.996624], [41.752219, 42.000953], [41.745859, 42.001283]]]}, "properties": {"i": 951, "h3": "882c21c497fffff", "lon": 41.74901, "lat": 41.99695, "water_km2": 0.72, "dist_coast_km": 1.4, "persistence": 0.0, "mean_cover": 0.0, "max_cover": 0.0, "trend_cover": 0.0, "hot": 0.0, "n_obs": 1}}, {"type": "Feature", "id": 952, "geometry": {"type": "Polygon", "coordinates": [[[41.726837, 42.010599], [41.723626, 42.006598], [41.726777, 42.002269], [41.733138, 42.001941], [41.736349, 42.005941], [41.733199, 42.01027], [41.726837, 42.010599]]]}, "properties": {"i": 952, "h3": "882c21c499fffff", "lon": 41.72999, "lat": 42.00627, "water_km2": 0.73, "dist_coast_km": 2.3, "persistence": 0.0, "mean_cover": 0.0, "max_cover": 0.0, "trend_cover": 0.0, "hot": 0.0, "n_obs": 1}}, {"type": "Feature", "id": 953, "geometry": {"type": "Polygon", "coordinates": [[[41.736411, 42.01427], [41.733199, 42.01027], [41.736349, 42.005941], [41.74271, 42.005612], [41.745922, 42.009612], [41.742772, 42.013941], [41.736411, 42.01427]]]}, "properties": {"i": 953, "h3": "882c21c49bfffff", "lon": 41.73956, "lat": 42.00994, "water_km2": 0.742, "dist_coast_km": 2.3, "persistence": 0.0, "mean_cover": 0.0, "max_cover": 0.0, "trend_cover": 0.0, "hot": 0.0, "n_obs": 1}}, {"type": "Feature", "id": 954, "geometry": {"type": "Polygon", "coordinates": [[[41.726777, 42.002269], [41.723566, 41.998268], [41.726716, 41.993939], [41.733077, 41.993611], [41.736288, 41.997611], [41.733138, 42.001941], [41.726777, 42.002269]]]}, "properties": {"i": 954, "h3": "882c21c49dfffff", "lon": 41.72993, "lat": 41.99794, "water_km2": 0.735, "dist_coast_km": 2.7, "persistence": 0.0, "mean_cover": 0.0, "max_cover": 0.0, "trend_cover": 0.0, "hot": 0.0, "n_obs": 1}}, {"type": "Feature", "id": 955, "geometry": {"type": "Polygon", "coordinates": [[[41.726595, 41.977277], [41.723385, 41.973275], [41.726534, 41.968945], [41.732893, 41.968618], [41.736103, 41.972619], [41.732954, 41.976949], [41.726595, 41.977277]]]}, "properties": {"i": 955, "h3": "882c21c4abfffff", "lon": 41.72974, "lat": 41.97295, "water_km2": 0.264, "dist_coast_km": 2.7, "persistence": 0.0, "mean_cover": 0.0, "max_cover": 0.0, "trend_cover": 0.0, "hot": 0.0, "n_obs": 1}}, {"type": "Feature", "id": 956, "geometry": {"type": "Polygon", "coordinates": [[[41.745734, 41.984623], [41.742523, 41.980622], [41.745672, 41.976292], [41.75203, 41.975964], [41.75524, 41.979964], [41.752093, 41.984294], [41.745734, 41.984623]]]}, "properties": {"i": 956, "h3": "882c21c4b1fffff", "lon": 41.74888, "lat": 41.98029, "water_km2": 0.72, "dist_coast_km": 1.4, "persistence": 0.0, "mean_cover": 0.0, "max_cover": 0.0, "trend_cover": 0.0, "hot": 0.0, "n_obs": 1}}, {"type": "Feature", "id": 957, "geometry": {"type": "Polygon", "coordinates": [[[41.755304, 41.988294], [41.752093, 41.984294], [41.75524, 41.979964], [41.761598, 41.979635], [41.764809, 41.983635], [41.761662, 41.987965], [41.755304, 41.988294]]]}, "properties": {"i": 957, "h3": "882c21c4b3fffff", "lon": 41.75845, "lat": 41.98396, "water_km2": 0.392, "dist_coast_km": 1.4, "persistence": 0.0, "mean_cover": 0.0, "max_cover": 0.0, "trend_cover": 0.0, "hot": 0.0, "n_obs": 1}}, {"type": "Feature", "id": 958, "geometry": {"type": "Polygon", "coordinates": [[[41.745672, 41.976292], [41.742461, 41.972291], [41.745609, 41.967961], [41.751967, 41.967633], [41.755177, 41.971634], [41.75203, 41.975964], [41.745672, 41.976292]]]}, "properties": {"i": 958, "h3": "882c21c4b5fffff", "lon": 41.74882, "lat": 41.97196, "water_km2": 0.214, "dist_coast_km": 1.4, "persistence": 0.0, "mean_cover": 0.0, "max_cover": 0.0, "trend_cover": 0.0, "hot": 0.0, "n_obs": 1}}, {"type": "Feature", "id": 959, "geometry": {"type": "Polygon", "coordinates": [[[41.75524, 41.979964], [41.75203, 41.975964], [41.755177, 41.971634], [41.761534, 41.971304], [41.764745, 41.975305], [41.761598, 41.979635], [41.75524, 41.979964]]]}, "properties": {"i": 959, "h3": "882c21c4b7fffff", "lon": 41.75839, "lat": 41.97563, "water_km2": 0.382, "dist_coast_km": 1.4, "persistence": 0.0, "mean_cover": 0.0, "max_cover": 0.0, "trend_cover": 0.0, "hot": 0.0, "n_obs": 1}}, {"type": "Feature", "id": 960, "geometry": {"type": "Polygon", "coordinates": [[[41.736226, 41.989281], [41.733015, 41.98528], [41.736164, 41.980951], [41.742523, 41.980622], [41.745734, 41.984623], [41.742586, 41.988953], [41.736226, 41.989281]]]}, "properties": {"i": 960, "h3": "882c21c4b9fffff", "lon": 41.73937, "lat": 41.98495, "water_km2": 0.72, "dist_coast_km": 2.7, "persistence": 0.0, "mean_cover": 0.0, "max_cover": 0.0, "trend_cover": 0.0, "hot": 0.0, "n_obs": 1}}, {"type": "Feature", "id": 961, "geometry": {"type": "Polygon", "coordinates": [[[41.745797, 41.992953], [41.742586, 41.988953], [41.745734, 41.984623], [41.752093, 41.984294], [41.755304, 41.988294], [41.752156, 41.992624], [41.745797, 41.992953]]]}, "properties": {"i": 961, "h3": "882c21c4bbfffff", "lon": 41.74894, "lat": 41.98862, "water_km2": 0.742, "dist_coast_km": 1.4, "persistence": 0.0, "mean_cover": 0.0, "max_cover": 0.0, "trend_cover": 0.0, "hot": 0.0, "n_obs": 1}}, {"type": "Feature", "id": 962, "geometry": {"type": "Polygon", "coordinates": [[[41.736164, 41.980951], [41.732954, 41.976949], [41.736103, 41.972619], [41.742461, 41.972291], [41.745672, 41.976292], [41.742523, 41.980622], [41.736164, 41.980951]]]}, "properties": {"i": 962, "h3": "882c21c4bdfffff", "lon": 41.73931, "lat": 41.97662, "water_km2": 0.662, "dist_coast_km": 2.7, "persistence": 0.0, "mean_cover": 0.0, "max_cover": 0.0, "trend_cover": 0.0, "hot": 0.0, "n_obs": 1}}, {"type": "Feature", "id": 963, "geometry": {"type": "Polygon", "coordinates": [[[41.688545, 41.995901], [41.685335, 41.991898], [41.688488, 41.98757], [41.69485, 41.987244], [41.69806, 41.991246], [41.694908, 41.995575], [41.688545, 41.995901]]]}, "properties": {"i": 963, "h3": "882c21c4c1fffff", "lon": 41.6917, "lat": 41.99157, "water_km2": 0.725, "dist_coast_km": 6.6, "persistence": 0.0, "mean_cover": 0.0, "max_cover": 0.0, "trend_cover": 0.0, "hot": 0.0, "n_obs": 1}}, {"type": "Feature", "id": 964, "geometry": {"type": "Polygon", "coordinates": [[[41.698118, 41.999577], [41.694908, 41.995575], [41.69806, 41.991246], [41.704422, 41.99092], [41.707632, 41.994922], [41.704481, 41.999251], [41.698118, 41.999577]]]}, "properties": {"i": 964, "h3": "882c21c4c3fffff", "lon": 41.70127, "lat": 41.99525, "water_km2": 0.728, "dist_coast_km": 5.5, "persistence": 0.0, "mean_cover": 0.0, "max_cover": 0.0, "trend_cover": 0.0, "hot": 0.0, "n_obs": 1}}, {"type": "Feature", "id": 965, "geometry": {"type": "Polygon", "coordinates": [[[41.688488, 41.98757], [41.685279, 41.983566], [41.688431, 41.979237], [41.694793, 41.978911], [41.698002, 41.982914], [41.69485, 41.987244], [41.688488, 41.98757]]]}, "properties": {"i": 965, "h3": "882c21c4c5fffff", "lon": 41.69164, "lat": 41.98324, "water_km2": 0.742, "dist_coast_km": 6.9, "persistence": 0.0, "mean_cover": 0.0, "max_cover": 0.0, "trend_cover": 0.0, "hot": 0.0, "n_obs": 1}}, {"type": "Feature", "id": 966, "geometry": {"type": "Polygon", "coordinates": [[[41.69806, 41.991246], [41.69485, 41.987244], [41.698002, 41.982914], [41.704364, 41.982588], [41.707574, 41.98659], [41.704422, 41.99092], [41.69806, 41.991246]]]}, "properties": {"i": 966, "h3": "882c21c4c7fffff", "lon": 41.70121, "lat": 41.98692, "water_km2": 0.735, "dist_coast_km": 5.5, "persistence": 0.0, "mean_cover": 0.0, "max_cover": 0.0, "trend_cover": 0.0, "hot": 0.0, "n_obs": 1}}, {"type": "Feature", "id": 967, "geometry": {"type": "Polygon", "coordinates": [[[41.679028, 42.000556], [41.675819, 41.996553], [41.678972, 41.992224], [41.685335, 41.991898], [41.688545, 41.995901], [41.685392, 42.00023], [41.679028, 42.000556]]]}, "properties": {"i": 967, "h3": "882c21c4c9fffff", "lon": 41.68218, "lat": 41.99623, "water_km2": 0.72, "dist_coast_km": 6.6, "persistence": 0.0, "mean_cover": 0.0, "max_cover": 0.0, "trend_cover": 0.0, "hot": 0.0, "n_obs": 1}}, {"type": "Feature", "id": 968, "geometry": {"type": "Polygon", "coordinates": [[[41.688602, 42.004233], [41.685392, 42.00023], [41.688545, 41.995901], [41.694908, 41.995575], [41.698118, 41.999577], [41.694965, 42.003906], [41.688602, 42.004233]]]}, "properties": {"i": 968, "h3": "882c21c4cbfffff", "lon": 41.69176, "lat": 41.9999, "water_km2": 0.74, "dist_coast_km": 6.6, "persistence": 0.0, "mean_cover": 0.0, "max_cover": 0.0, "trend_cover": 0.0, "hot": 0.0, "n_obs": 1}}, {"type": "Feature", "id": 969, "geometry": {"type": "Polygon", "coordinates": [[[41.678972, 41.992224], [41.675763, 41.988221], [41.678916, 41.983892], [41.685279, 41.983566], [41.688488, 41.98757], [41.685335, 41.991898], [41.678972, 41.992224]]]}, "properties": {"i": 969, "h3": "882c21c4cdfffff", "lon": 41.68213, "lat": 41.9879, "water_km2": 0.745, "dist_coast_km": 6.6, "persistence": 0.0, "mean_cover": 0.0, "max_cover": 0.0, "trend_cover": 0.0, "hot": 0.0, "n_obs": 1}}, {"type": "Feature", "id": 970, "geometry": {"type": "Polygon", "coordinates": [[[41.70775, 42.011582], [41.704539, 42.007581], [41.707691, 42.003252], [41.714053, 42.002925], [41.717264, 42.006926], [41.714113, 42.011255], [41.70775, 42.011582]]]}, "properties": {"i": 970, "h3": "882c21c4d1fffff", "lon": 41.7109, "lat": 42.00725, "water_km2": 0.72, "dist_coast_km": 3.3, "persistence": 0.0, "mean_cover": 0.0, "max_cover": 0.0, "trend_cover": 0.0, "hot": 0.0, "n_obs": 1}}, {"type": "Feature", "id": 971, "geometry": {"type": "Polygon", "coordinates": [[[41.717324, 42.015256], [41.714113, 42.011255], [41.717264, 42.006926], [41.723626, 42.006598], [41.726837, 42.010599], [41.723687, 42.014927], [41.717324, 42.015256]]]}, "properties": {"i": 971, "h3": "882c21c4d3fffff", "lon": 41.72048, "lat": 42.01093, "water_km2": 0.742, "dist_coast_km": 3.3, "persistence": 0.0, "mean_cover": 0.0, "max_cover": 0.0, "trend_cover": 0.0, "hot": 0.0, "n_obs": 1}}, {"type": "Feature", "id": 972, "geometry": {"type": "Polygon", "coordinates": [[[41.707691, 42.003252], [41.704481, 41.999251], [41.707632, 41.994922], [41.713994, 41.994594], [41.717204, 41.998596], [41.714053, 42.002925], [41.707691, 42.003252]]]}, "properties": {"i": 972, "h3": "882c21c4d5fffff", "lon": 41.71084, "lat": 41.99892, "water_km2": 0.745, "dist_coast_km": 4.1, "persistence": 0.0, "mean_cover": 0.0, "max_cover": 0.0, "trend_cover": 0.0, "hot": 0.0, "n_obs": 1}}, {"type": "Feature", "id": 973, "geometry": {"type": "Polygon", "coordinates": [[[41.717264, 42.006926], [41.714053, 42.002925], [41.717204, 41.998596], [41.723566, 41.998268], [41.726777, 42.002269], [41.723626, 42.006598], [41.717264, 42.006926]]]}, "properties": {"i": 973, "h3": "882c21c4d7fffff", "lon": 41.72042, "lat": 42.0026, "water_km2": 0.722, "dist_coast_km": 3.3, "persistence": 0.0, "mean_cover": 0.0, "max_cover": 0.0, "trend_cover": 0.0, "hot": 0.0, "n_obs": 1}}, {"type": "Feature", "id": 974, "geometry": {"type": "Polygon", "coordinates": [[[41.698234, 42.016238], [41.695023, 42.012237], [41.698176, 42.007908], [41.704539, 42.007581], [41.70775, 42.011582], [41.704598, 42.015911], [41.698234, 42.016238]]]}, "properties": {"i": 974, "h3": "882c21c4d9fffff", "lon": 41.70139, "lat": 42.01191, "water_km2": 0.73, "dist_coast_km": 4.5, "persistence": 0.0, "mean_cover": 0.0, "max_cover": 0.0, "trend_cover": 0.0, "hot": 0.0, "n_obs": 1}}, {"type": "Feature", "id": 975, "geometry": {"type": "Polygon", "coordinates": [[[41.707809, 42.019912], [41.704598, 42.015911], [41.70775, 42.011582], [41.714113, 42.011255], [41.717324, 42.015256], [41.714172, 42.019584], [41.707809, 42.019912]]]}, "properties": {"i": 975, "h3": "882c21c4dbfffff", "lon": 41.71096, "lat": 42.01558, "water_km2": 0.745, "dist_coast_km": 3.3, "persistence": 0.0, "mean_cover": 0.0, "max_cover": 0.0, "trend_cover": 0.0, "hot": 0.0, "n_obs": 1}}, {"type": "Feature", "id": 976, "geometry": {"type": "Polygon", "coordinates": [[[41.698176, 42.007908], [41.694965, 42.003906], [41.698118, 41.999577], [41.704481, 41.999251], [41.707691, 42.003252], [41.704539, 42.007581], [41.698176, 42.007908]]]}, "properties": {"i": 976, "h3": "882c21c4ddfffff", "lon": 41.70133, "lat": 42.00358, "water_km2": 0.735, "dist_coast_km": 4.5, "persistence": 0.0, "mean_cover": 0.0, "max_cover": 0.0, "trend_cover": 0.0, "hot": 0.0, "n_obs": 1}}, {"type": "Feature", "id": 977, "geometry": {"type": "Polygon", "coordinates": [[[41.697945, 41.974582], [41.694735, 41.970579], [41.697887, 41.966249], [41.704247, 41.965923], [41.707456, 41.969926], [41.704305, 41.974256], [41.697945, 41.974582]]]}, "properties": {"i": 977, "h3": "882c21c4e1fffff", "lon": 41.7011, "lat": 41.97025, "water_km2": 0.003, "dist_coast_km": 5.5, "persistence": 0.0, "mean_cover": 0.0, "max_cover": 0.0, "trend_cover": 0.0, "hot": 0.0, "n_obs": 1}}, {"type": "Feature", "id": 978, "geometry": {"type": "Polygon", "coordinates": [[[41.707515, 41.978259], [41.704305, 41.974256], [41.707456, 41.969926], [41.713816, 41.9696], [41.717025, 41.973602], [41.713875, 41.977932], [41.707515, 41.978259]]]}, "properties": {"i": 978, "h3": "882c21c4e3fffff", "lon": 41.71067, "lat": 41.97393, "water_km2": 0.318, "dist_coast_km": 4.1, "persistence": 0.0, "mean_cover": 0.0, "max_cover": 0.0, "trend_cover": 0.0, "hot": 0.0, "n_obs": 1}}, {"type": "Feature", "id": 979, "geometry": {"type": "Polygon", "coordinates": [[[41.688431, 41.979237], [41.685222, 41.975234], [41.688375, 41.970904], [41.694735, 41.970579], [41.697945, 41.974582], [41.694793, 41.978911], [41.688431, 41.979237]]]}, "properties": {"i": 979, "h3": "882c21c4e9fffff", "lon": 41.69158, "lat": 41.97491, "water_km2": 0.375, "dist_coast_km": 6.9, "persistence": 0.0, "mean_cover": 0.0, "max_cover": 0.0, "trend_cover": 0.0, "hot": 0.0, "n_obs": 1}}, {"type": "Feature", "id": 980, "geometry": {"type": "Polygon", "coordinates": [[[41.698002, 41.982914], [41.694793, 41.978911], [41.697945, 41.974582], [41.704305, 41.974256], [41.707515, 41.978259], [41.704364, 41.982588], [41.698002, 41.982914]]]}, "properties": {"i": 980, "h3": "882c21c4ebfffff", "lon": 41.70115, "lat": 41.97859, "water_km2": 0.72, "dist_coast_km": 5.5, "persistence": 0.0, "mean_cover": 0.0, "max_cover": 0.0, "trend_cover": 0.0, "hot": 0.0, "n_obs": 1}}, {"type": "Feature", "id": 981, "geometry": {"type": "Polygon", "coordinates": [[[41.583484, 41.997068], [41.580277, 41.993061], [41.583438, 41.988733], [41.589805, 41.988413], [41.593013, 41.99242], [41.589853, 41.996748], [41.583484, 41.997068]]]}, "properties": {"i": 981, "h3": "882c21c601fffff", "lon": 41.58665, "lat": 41.99274, "water_km2": 0.74, "dist_coast_km": 13.3, "persistence": 0.0, "mean_cover": 0.0, "max_cover": 0.0, "trend_cover": 0.0, "hot": 0.0, "n_obs": 1}}, {"type": "Feature", "id": 982, "geometry": {"type": "Polygon", "coordinates": [[[41.593061, 42.000754], [41.589853, 41.996748], [41.593013, 41.99242], [41.599381, 41.992099], [41.602588, 41.996105], [41.599429, 42.000433], [41.593061, 42.000754]]]}, "properties": {"i": 982, "h3": "882c21c603fffff", "lon": 41.59622, "lat": 41.99643, "water_km2": 0.718, "dist_coast_km": 12.2, "persistence": 0.0, "mean_cover": 0.0, "max_cover": 0.0, "trend_cover": 0.0, "hot": 0.0, "n_obs": 1}}, {"type": "Feature", "id": 983, "geometry": {"type": "Polygon", "coordinates": [[[41.583438, 41.988733], [41.58023, 41.984725], [41.583391, 41.980397], [41.589758, 41.980077], [41.592965, 41.984085], [41.589805, 41.988413], [41.583438, 41.988733]]]}, "properties": {"i": 983, "h3": "882c21c605fffff", "lon": 41.5866, "lat": 41.98441, "water_km2": 0.728, "dist_coast_km": 13.3, "persistence": 0.0, "mean_cover": 0.0, "max_cover": 0.0, "trend_cover": 0.0, "hot": 0.0, "n_obs": 1}}, {"type": "Feature", "id": 984, "geometry": {"type": "Polygon", "coordinates": [[[41.593013, 41.99242], [41.589805, 41.988413], [41.592965, 41.984085], [41.599332, 41.983764], [41.60254, 41.987771], [41.599381, 41.992099], [41.593013, 41.99242]]]}, "properties": {"i": 984, "h3": "882c21c607fffff", "lon": 41.59617, "lat": 41.98809, "water_km2": 0.748, "dist_coast_km": 12.2, "persistence": 0.0, "mean_cover": 0.0, "max_cover": 0.0, "trend_cover": 0.0, "hot": 0.0, "n_obs": 1}}, {"type": "Feature", "id": 985, "geometry": {"type": "Polygon", "coordinates": [[[41.573954, 42.001716], [41.570746, 41.997708], [41.573908, 41.993381], [41.580277, 41.993061], [41.583484, 41.997068], [41.580323, 42.001396], [41.573954, 42.001716]]]}, "properties": {"i": 985, "h3": "882c21c609fffff", "lon": 41.57712, "lat": 41.99739, "water_km2": 0.73, "dist_coast_km": 13.3, "persistence": 0.0, "mean_cover": 0.0, "max_cover": 0.0, "trend_cover": 0.0, "hot": 0.0, "n_obs": 1}}, {"type": "Feature", "id": 986, "geometry": {"type": "Polygon", "coordinates": [[[41.583531, 42.005403], [41.580323, 42.001396], [41.583484, 41.997068], [41.589853, 41.996748], [41.593061, 42.000754], [41.5899, 42.005082], [41.583531, 42.005403]]]}, "properties": {"i": 986, "h3": "882c21c60bfffff", "lon": 41.58669, "lat": 42.00108, "water_km2": 0.728, "dist_coast_km": 12.3, "persistence": 0.0, "mean_cover": 0.0, "max_cover": 0.0, "trend_cover": 0.0, "hot": 0.0, "n_obs": 1}}, {"type": "Feature", "id": 987, "geometry": {"type": "Polygon", "coordinates": [[[41.573908, 41.993381], [41.570701, 41.989373], [41.573862, 41.985045], [41.58023, 41.984725], [41.583438, 41.988733], [41.580277, 41.993061], [41.573908, 41.993381]]]}, "properties": {"i": 987, "h3": "882c21c60dfffff", "lon": 41.57707, "lat": 41.98905, "water_km2": 0.74, "dist_coast_km": 13.3, "persistence": 0.0, "mean_cover": 0.0, "max_cover": 0.0, "trend_cover": 0.0, "hot": 0.0, "n_obs": 1}}, {"type": "Feature", "id": 988, "geometry": {"type": "Polygon", "coordinates": [[[41.602685, 42.012773], [41.599477, 42.008767], [41.602637, 42.00444], [41.609005, 42.004118], [41.612213, 42.008123], [41.609054, 42.012451], [41.602685, 42.012773]]]}, "properties": {"i": 988, "h3": "882c21c611fffff", "lon": 41.60585, "lat": 42.00845, "water_km2": 0.728, "dist_coast_km": 11.1, "persistence": 0.0, "mean_cover": 0.0, "max_cover": 0.0, "trend_cover": 0.0, "hot": 0.0, "n_obs": 1}}, {"type": "Feature", "id": 989, "geometry": {"type": "Polygon", "coordinates": [[[41.612263, 42.016456], [41.609054, 42.012451], [41.612213, 42.008123], [41.618581, 42.007801], [41.62179, 42.011806], [41.618631, 42.016134], [41.612263, 42.016456]]]}, "properties": {"i": 989, "h3": "882c21c613fffff", "lon": 41.61542, "lat": 42.01213, "water_km2": 0.725, "dist_coast_km": 10.0, "persistence": 0.0, "mean_cover": 0.0, "max_cover": 0.0, "trend_cover": 0.0, "hot": 0.0, "n_obs": 1}}, {"type": "Feature", "id": 990, "geometry": {"type": "Polygon", "coordinates": [[[41.602637, 42.00444], [41.599429, 42.000433], [41.602588, 41.996105], [41.608956, 41.995784], [41.612164, 41.99979], [41.609005, 42.004118], [41.602637, 42.00444]]]}, "properties": {"i": 990, "h3": "882c21c615fffff", "lon": 41.6058, "lat": 42.00011, "water_km2": 0.738, "dist_coast_km": 12.2, "persistence": 0.0, "mean_cover": 0.0, "max_cover": 0.0, "trend_cover": 0.0, "hot": 0.0, "n_obs": 1}}, {"type": "Feature", "id": 991, "geometry": {"type": "Polygon", "coordinates": [[[41.612213, 42.008123], [41.609005, 42.004118], [41.612164, 41.99979], [41.618531, 41.999468], [41.62174, 42.003473], [41.618581, 42.007801], [41.612213, 42.008123]]]}, "properties": {"i": 991, "h3": "882c21c617fffff", "lon": 41.61537, "lat": 42.0038, "water_km2": 0.74, "dist_coast_km": 10.0, "persistence": 0.0, "mean_cover": 0.0, "max_cover": 0.0, "trend_cover": 0.0, "hot": 0.0, "n_obs": 1}}, {"type": "Feature", "id": 992, "geometry": {"type": "Polygon", "coordinates": [[[41.593156, 42.017422], [41.589947, 42.013416], [41.593108, 42.009089], [41.599477, 42.008767], [41.602685, 42.012773], [41.599525, 42.017101], [41.593156, 42.017422]]]}, "properties": {"i": 992, "h3": "882c21c619fffff", "lon": 41.59632, "lat": 42.01309, "water_km2": 0.718, "dist_coast_km": 11.1, "persistence": 0.0, "mean_cover": 0.0, "max_cover": 0.0, "trend_cover": 0.0, "hot": 0.0, "n_obs": 1}}, {"type": "Feature", "id": 993, "geometry": {"type": "Polygon", "coordinates": [[[41.602734, 42.021106], [41.599525, 42.017101], [41.602685, 42.012773], [41.609054, 42.012451], [41.612263, 42.016456], [41.609103, 42.020784], [41.602734, 42.021106]]]}, "properties": {"i": 993, "h3": "882c21c61bfffff", "lon": 41.60589, "lat": 42.01678, "water_km2": 0.738, "dist_coast_km": 11.1, "persistence": 0.0, "mean_cover": 0.0, "max_cover": 0.0, "trend_cover": 0.0, "hot": 0.0, "n_obs": 1}}, {"type": "Feature", "id": 994, "geometry": {"type": "Polygon", "coordinates": [[[41.593108, 42.009089], [41.5899, 42.005082], [41.593061, 42.000754], [41.599429, 42.000433], [41.602637, 42.00444], [41.599477, 42.008767], [41.593108, 42.009089]]]}, "properties": {"i": 994, "h3": "882c21c61dfffff", "lon": 41.59627, "lat": 42.00476, "water_km2": 0.745, "dist_coast_km": 11.1, "persistence": 0.0, "mean_cover": 0.0, "max_cover": 0.0, "trend_cover": 0.0, "hot": 0.0, "n_obs": 1}}, {"type": "Feature", "id": 995, "geometry": {"type": "Polygon", "coordinates": [[[41.602492, 41.979436], [41.599284, 41.975428], [41.602443, 41.9711], [41.608809, 41.970779], [41.612016, 41.974786], [41.608858, 41.979115], [41.602492, 41.979436]]]}, "properties": {"i": 995, "h3": "882c21c623fffff", "lon": 41.60565, "lat": 41.97511, "water_km2": 0.188, "dist_coast_km": 13.3, "persistence": 0.0, "mean_cover": 0.0, "max_cover": 0.0, "trend_cover": 0.0, "hot": 0.0, "n_obs": 1}}, {"type": "Feature", "id": 996, "geometry": {"type": "Polygon", "coordinates": [[[41.583391, 41.980397], [41.580184, 41.976389], [41.583345, 41.972061], [41.589711, 41.971741], [41.592918, 41.975749], [41.589758, 41.980077], [41.583391, 41.980397]]]}, "properties": {"i": 996, "h3": "882c21c629fffff", "lon": 41.58655, "lat": 41.97607, "water_km2": 0.249, "dist_coast_km": 14.4, "persistence": 0.0, "mean_cover": 0.0, "max_cover": 0.0, "trend_cover": 0.0, "hot": 0.0, "n_obs": 1}}, {"type": "Feature", "id": 997, "geometry": {"type": "Polygon", "coordinates": [[[41.592965, 41.984085], [41.589758, 41.980077], [41.592918, 41.975749], [41.599284, 41.975428], [41.602492, 41.979436], [41.599332, 41.983764], [41.592965, 41.984085]]]}, "properties": {"i": 997, "h3": "882c21c62bfffff", "lon": 41.59613, "lat": 41.97976, "water_km2": 0.63, "dist_coast_km": 13.3, "persistence": 0.0, "mean_cover": 0.0, "max_cover": 0.0, "trend_cover": 0.0, "hot": 0.0, "n_obs": 1}}, {"type": "Feature", "id": 998, "geometry": {"type": "Polygon", "coordinates": [[[41.612115, 41.991456], [41.608907, 41.987449], [41.612065, 41.983121], [41.618431, 41.982799], [41.621639, 41.986806], [41.618481, 41.991134], [41.612115, 41.991456]]]}, "properties": {"i": 998, "h3": "882c21c631fffff", "lon": 41.61527, "lat": 41.98713, "water_km2": 0.738, "dist_coast_km": 11.1, "persistence": 0.0, "mean_cover": 0.0, "max_cover": 0.0, "trend_cover": 0.0, "hot": 0.0, "n_obs": 1}}, {"type": "Feature", "id": 999, "geometry": {"type": "Polygon", "coordinates": [[[41.621689, 41.99514], [41.618481, 41.991134], [41.621639, 41.986806], [41.628005, 41.986483], [41.631213, 41.990489], [41.628056, 41.994817], [41.621689, 41.99514]]]}, "properties": {"i": 999, "h3": "882c21c633fffff", "lon": 41.62485, "lat": 41.99081, "water_km2": 0.72, "dist_coast_km": 11.1, "persistence": 0.0, "mean_cover": 0.0, "max_cover": 0.0, "trend_cover": 0.0, "hot": 0.0, "n_obs": 1}}, {"type": "Feature", "id": 1000, "geometry": {"type": "Polygon", "coordinates": [[[41.612065, 41.983121], [41.608858, 41.979115], [41.612016, 41.974786], [41.618381, 41.974465], [41.621589, 41.978471], [41.618431, 41.982799], [41.612065, 41.983121]]]}, "properties": {"i": 1000, "h3": "882c21c635fffff", "lon": 41.61522, "lat": 41.97879, "water_km2": 0.593, "dist_coast_km": 12.2, "persistence": 0.0, "mean_cover": 0.0, "max_cover": 0.0, "trend_cover": 0.0, "hot": 0.0, "n_obs": 1}}, {"type": "Feature", "id": 1001, "geometry": {"type": "Polygon", "coordinates": [[[41.621639, 41.986806], [41.618431, 41.982799], [41.621589, 41.978471], [41.627954, 41.978149], [41.631162, 41.982155], [41.628005, 41.986483], [41.621639, 41.986806]]]}, "properties": {"i": 1001, "h3": "882c21c637fffff", "lon": 41.6248, "lat": 41.98248, "water_km2": 0.745, "dist_coast_km": 12.2, "persistence": 0.0, "mean_cover": 0.0, "max_cover": 0.0, "trend_cover": 0.0, "hot": 0.0, "n_obs": 1}}, {"type": "Feature", "id": 1002, "geometry": {"type": "Polygon", "coordinates": [[[41.602588, 41.996105], [41.599381, 41.992099], [41.60254, 41.987771], [41.608907, 41.987449], [41.612115, 41.991456], [41.608956, 41.995784], [41.602588, 41.996105]]]}, "properties": {"i": 1002, "h3": "882c21c639fffff", "lon": 41.60575, "lat": 41.99178, "water_km2": 0.728, "dist_coast_km": 12.2, "persistence": 0.0, "mean_cover": 0.0, "max_cover": 0.0, "trend_cover": 0.0, "hot": 0.0, "n_obs": 1}}, {"type": "Feature", "id": 1003, "geometry": {"type": "Polygon", "coordinates": [[[41.612164, 41.99979], [41.608956, 41.995784], [41.612115, 41.991456], [41.618481, 41.991134], [41.621689, 41.99514], [41.618531, 41.999468], [41.612164, 41.99979]]]}, "properties": {"i": 1003, "h3": "882c21c63bfffff", "lon": 41.61532, "lat": 41.99546, "water_km2": 0.728, "dist_coast_km": 11.1, "persistence": 0.0, "mean_cover": 0.0, "max_cover": 0.0, "trend_cover": 0.0, "hot": 0.0, "n_obs": 1}}, {"type": "Feature", "id": 1004, "geometry": {"type": "Polygon", "coordinates": [[[41.60254, 41.987771], [41.599332, 41.983764], [41.602492, 41.979436], [41.608858, 41.979115], [41.612065, 41.983121], [41.608907, 41.987449], [41.60254, 41.987771]]]}, "properties": {"i": 1004, "h3": "882c21c63dfffff", "lon": 41.6057, "lat": 41.98344, "water_km2": 0.736, "dist_coast_km": 13.3, "persistence": 0.0, "mean_cover": 0.0, "max_cover": 0.0, "trend_cover": 0.0, "hot": 0.0, "n_obs": 1}}, {"type": "Feature", "id": 1005, "geometry": {"type": "Polygon", "coordinates": [[[41.554844, 42.002675], [41.551637, 41.998666], [41.5548, 41.994339], [41.56117, 41.99402], [41.564377, 41.998028], [41.561214, 42.002355], [41.554844, 42.002675]]]}, "properties": {"i": 1005, "h3": "882c21c641fffff", "lon": 41.55801, "lat": 41.99835, "water_km2": 0.742, "dist_coast_km": 15.6, "persistence": 0.0, "mean_cover": 0.0, "max_cover": 0.0, "trend_cover": 0.0, "hot": 0.0, "n_obs": 1}}, {"type": "Feature", "id": 1006, "geometry": {"type": "Polygon", "coordinates": [[[41.564421, 42.006363], [41.561214, 42.002355], [41.564377, 41.998028], [41.570746, 41.997708], [41.573954, 42.001716], [41.570792, 42.006043], [41.564421, 42.006363]]]}, "properties": {"i": 1006, "h3": "882c21c643fffff", "lon": 41.56758, "lat": 42.00204, "water_km2": 0.722, "dist_coast_km": 13.6, "persistence": 0.0, "mean_cover": 0.0, "max_cover": 0.0, "trend_cover": 0.0, "hot": 0.0, "n_obs": 1}}, {"type": "Feature", "id": 1007, "geometry": {"type": "Polygon", "coordinates": [[[41.5548, 41.994339], [41.551593, 41.99033], [41.554756, 41.986003], [41.561125, 41.985684], [41.564332, 41.989692], [41.56117, 41.99402], [41.5548, 41.994339]]]}, "properties": {"i": 1007, "h3": "882c21c645fffff", "lon": 41.55796, "lat": 41.99001, "water_km2": 0.721, "dist_coast_km": 15.6, "persistence": 0.0, "mean_cover": 0.0, "max_cover": 0.0, "trend_cover": 0.0, "hot": 0.0, "n_obs": 1}}, {"type": "Feature", "id": 1008, "geometry": {"type": "Polygon", "coordinates": [[[41.564377, 41.998028], [41.56117, 41.99402], [41.564332, 41.989692], [41.570701, 41.989373], [41.573908, 41.993381], [41.570746, 41.997708], [41.564377, 41.998028]]]}, "properties": {"i": 1008, "h3": "882c21c647fffff", "lon": 41.56754, "lat": 41.9937, "water_km2": 0.745, "dist_coast_km": 14.4, "persistence": 0.0, "mean_cover": 0.0, "max_cover": 0.0, "trend_cover": 0.0, "hot": 0.0, "n_obs": 1}}, {"type": "Feature", "id": 1009, "geometry": {"type": "Polygon", "coordinates": [[[41.545309, 42.00732], [41.542102, 42.003312], [41.545266, 41.998985], [41.551637, 41.998666], [41.554844, 42.002675], [41.55168, 42.007002], [41.545309, 42.00732]]]}, "properties": {"i": 1009, "h3": "882c21c649fffff", "lon": 41.54847, "lat": 42.00299, "water_km2": 0.726, "dist_coast_km": 14.8, "persistence": 0.0, "mean_cover": 0.0, "max_cover": 0.0, "trend_cover": 0.0, "hot": 0.0, "n_obs": 1}}, {"type": "Feature", "id": 1010, "geometry": {"type": "Polygon", "coordinates": [[[41.554887, 42.01101], [41.55168, 42.007002], [41.554844, 42.002675], [41.561214, 42.002355], [41.564421, 42.006363], [41.561258, 42.01069], [41.554887, 42.01101]]]}, "properties": {"i": 1010, "h3": "882c21c64bfffff", "lon": 41.55805, "lat": 42.00668, "water_km2": 0.722, "dist_coast_km": 14.8, "persistence": 0.0, "mean_cover": 0.0, "max_cover": 0.0, "trend_cover": 0.0, "hot": 0.0, "n_obs": 1}}, {"type": "Feature", "id": 1011, "geometry": {"type": "Polygon", "coordinates": [[[41.545266, 41.998985], [41.542059, 41.994976], [41.545223, 41.990648], [41.551593, 41.99033], [41.5548, 41.994339], [41.551637, 41.998666], [41.545266, 41.998985]]]}, "properties": {"i": 1011, "h3": "882c21c64dfffff", "lon": 41.54843, "lat": 41.99466, "water_km2": 0.735, "dist_coast_km": 15.6, "persistence": 0.0, "mean_cover": 0.0, "max_cover": 0.0, "trend_cover": 0.0, "hot": 0.0, "n_obs": 1}}, {"type": "Feature", "id": 1012, "geometry": {"type": "Polygon", "coordinates": [[[41.574045, 42.018385], [41.570837, 42.014378], [41.573999, 42.010051], [41.580369, 42.00973], [41.583577, 42.013737], [41.580416, 42.018064], [41.574045, 42.018385]]]}, "properties": {"i": 1012, "h3": "882c21c651fffff", "lon": 41.57721, "lat": 42.01406, "water_km2": 0.73, "dist_coast_km": 12.3, "persistence": 0.0, "mean_cover": 0.0, "max_cover": 0.0, "trend_cover": 0.0, "hot": 0.0, "n_obs": 1}}, {"type": "Feature", "id": 1013, "geometry": {"type": "Polygon", "coordinates": [[[41.583624, 42.02207], [41.580416, 42.018064], [41.583577, 42.013737], [41.589947, 42.013416], [41.593156, 42.017422], [41.589994, 42.021749], [41.583624, 42.02207]]]}, "properties": {"i": 1013, "h3": "882c21c653fffff", "lon": 41.58679, "lat": 42.01774, "water_km2": 0.725, "dist_coast_km": 11.6, "persistence": 0.0, "mean_cover": 0.0, "max_cover": 0.0, "trend_cover": 0.0, "hot": 0.0, "n_obs": 1}}, {"type": "Feature", "id": 1014, "geometry": {"type": "Polygon", "coordinates": [[[41.573999, 42.010051], [41.570792, 42.006043], [41.573954, 42.001716], [41.580323, 42.001396], [41.583531, 42.005403], [41.580369, 42.00973], [41.573999, 42.010051]]]}, "properties": {"i": 1014, "h3": "882c21c655fffff", "lon": 41.57716, "lat": 42.00572, "water_km2": 0.735, "dist_coast_km": 12.3, "persistence": 0.0, "mean_cover": 0.0, "max_cover": 0.0, "trend_cover": 0.0, "hot": 0.0, "n_obs": 1}}, {"type": "Feature", "id": 1015, "geometry": {"type": "Polygon", "coordinates": [[[41.583577, 42.013737], [41.580369, 42.00973], [41.583531, 42.005403], [41.5899, 42.005082], [41.593108, 42.009089], [41.589947, 42.013416], [41.583577, 42.013737]]]}, "properties": {"i": 1015, "h3": "882c21c657fffff", "lon": 41.58674, "lat": 42.00941, "water_km2": 0.74, "dist_coast_km": 12.3, "persistence": 0.0, "mean_cover": 0.0, "max_cover": 0.0, "trend_cover": 0.0, "hot": 0.0, "n_obs": 1}}, {"type": "Feature", "id": 1016, "geometry": {"type": "Polygon", "coordinates": [[[41.564511, 42.023032], [41.561303, 42.019025], [41.564466, 42.014698], [41.570837, 42.014378], [41.574045, 42.018385], [41.570882, 42.022712], [41.564511, 42.023032]]]}, "properties": {"i": 1016, "h3": "882c21c659fffff", "lon": 41.56767, "lat": 42.0187, "water_km2": 0.72, "dist_coast_km": 12.9, "persistence": 0.0, "mean_cover": 0.0, "max_cover": 0.0, "trend_cover": 0.0, "hot": 0.0, "n_obs": 1}}, {"type": "Feature", "id": 1017, "geometry": {"type": "Polygon", "coordinates": [[[41.574091, 42.026718], [41.570882, 42.022712], [41.574045, 42.018385], [41.580416, 42.018064], [41.583624, 42.02207], [41.580462, 42.026398], [41.574091, 42.026718]]]}, "properties": {"i": 1017, "h3": "882c21c65bfffff", "lon": 41.57725, "lat": 42.02239, "water_km2": 0.735, "dist_coast_km": 11.6, "persistence": 0.0, "mean_cover": 0.0, "max_cover": 0.0, "trend_cover": 0.0, "hot": 0.0, "n_obs": 1}}, {"type": "Feature", "id": 1018, "geometry": {"type": "Polygon", "coordinates": [[[41.564466, 42.014698], [41.561258, 42.01069], [41.564421, 42.006363], [41.570792, 42.006043], [41.573999, 42.010051], [41.570837, 42.014378], [41.564466, 42.014698]]]}, "properties": {"i": 1018, "h3": "882c21c65dfffff", "lon": 41.56763, "lat": 42.01037, "water_km2": 0.748, "dist_coast_km": 13.6, "persistence": 0.0, "mean_cover": 0.0, "max_cover": 0.0, "trend_cover": 0.0, "hot": 0.0, "n_obs": 1}}, {"type": "Feature", "id": 1019, "geometry": {"type": "Polygon", "coordinates": [[[41.564287, 41.981356], [41.561081, 41.977347], [41.564243, 41.973019], [41.57061, 41.9727], [41.573817, 41.976709], [41.570656, 41.981037], [41.564287, 41.981356]]]}, "properties": {"i": 1019, "h3": "882c21c661fffff", "lon": 41.56745, "lat": 41.97703, "water_km2": 0.308, "dist_coast_km": 15.5, "persistence": 0.0, "mean_cover": 0.0, "max_cover": 0.0, "trend_cover": 0.0, "hot": 0.0, "n_obs": 1}}, {"type": "Feature", "id": 1020, "geometry": {"type": "Polygon", "coordinates": [[[41.573862, 41.985045], [41.570656, 41.981037], [41.573817, 41.976709], [41.580184, 41.976389], [41.583391, 41.980397], [41.58023, 41.984725], [41.573862, 41.985045]]]}, "properties": {"i": 1020, "h3": "882c21c663fffff", "lon": 41.57702, "lat": 41.98072, "water_km2": 0.674, "dist_coast_km": 14.4, "persistence": 0.0, "mean_cover": 0.0, "max_cover": 0.0, "trend_cover": 0.0, "hot": 0.0, "n_obs": 1}}, {"type": "Feature", "id": 1021, "geometry": {"type": "Polygon", "coordinates": [[[41.554756, 41.986003], [41.55155, 41.981993], [41.554712, 41.977666], [41.561081, 41.977347], [41.564287, 41.981356], [41.561125, 41.985684], [41.554756, 41.986003]]]}, "properties": {"i": 1021, "h3": "882c21c669fffff", "lon": 41.55792, "lat": 41.98167, "water_km2": 0.718, "dist_coast_km": 16.6, "persistence": 0.0, "mean_cover": 0.0, "max_cover": 0.0, "trend_cover": 0.0, "hot": 0.0, "n_obs": 1}}, {"type": "Feature", "id": 1022, "geometry": {"type": "Polygon", "coordinates": [[[41.564332, 41.989692], [41.561125, 41.985684], [41.564287, 41.981356], [41.570656, 41.981037], [41.573862, 41.985045], [41.570701, 41.989373], [41.564332, 41.989692]]]}, "properties": {"i": 1022, "h3": "882c21c66bfffff", "lon": 41.56749, "lat": 41.98536, "water_km2": 0.718, "dist_coast_km": 14.4, "persistence": 0.0, "mean_cover": 0.0, "max_cover": 0.0, "trend_cover": 0.0, "hot": 0.0, "n_obs": 1}}, {"type": "Feature", "id": 1023, "geometry": {"type": "Polygon", "coordinates": [[[41.650521, 42.022847], [41.647311, 42.018844], [41.650467, 42.014516], [41.656834, 42.014191], [41.660044, 42.018194], [41.656887, 42.022522], [41.650521, 42.022847]]]}, "properties": {"i": 1023, "h3": "882c21c681fffff", "lon": 41.65368, "lat": 42.01852, "water_km2": 0.72, "dist_coast_km": 6.6, "persistence": 0.0, "mean_cover": 0.0, "max_cover": 0.0, "trend_cover": 0.0, "hot": 0.0, "n_obs": 1}}, {"type": "Feature", "id": 1024, "geometry": {"type": "Polygon", "coordinates": [[[41.660098, 42.026525], [41.656887, 42.022522], [41.660044, 42.018194], [41.66641, 42.017869], [41.66962, 42.021872], [41.666464, 42.0262], [41.660098, 42.026525]]]}, "properties": {"i": 1024, "h3": "882c21c683fffff", "lon": 41.66325, "lat": 42.0222, "water_km2": 0.738, "dist_coast_km": 5.5, "persistence": 0.0, "mean_cover": 0.0, "max_cover": 0.0, "trend_cover": 0.0, "hot": 0.0, "n_obs": 1}}, {"type": "Feature", "id": 1025, "geometry": {"type": "Polygon", "coordinates": [[[41.650467, 42.014516], [41.647258, 42.010512], [41.650414, 42.006184], [41.65678, 42.00586], [41.65999, 42.009863], [41.656834, 42.014191], [41.650467, 42.014516]]]}, "properties": {"i": 1025, "h3": "882c21c685fffff", "lon": 41.65362, "lat": 42.01019, "water_km2": 0.745, "dist_coast_km": 7.8, "persistence": 0.0, "mean_cover": 0.0, "max_cover": 0.0, "trend_cover": 0.0, "hot": 0.0, "n_obs": 1}}, {"type": "Feature", "id": 1026, "geometry": {"type": "Polygon", "coordinates": [[[41.660044, 42.018194], [41.656834, 42.014191], [41.65999, 42.009863], [41.666355, 42.009538], [41.669565, 42.013541], [41.66641, 42.017869], [41.660044, 42.018194]]]}, "properties": {"i": 1026, "h3": "882c21c687fffff", "lon": 41.6632, "lat": 42.01387, "water_km2": 0.725, "dist_coast_km": 6.6, "persistence": 0.0, "mean_cover": 0.0, "max_cover": 0.0, "trend_cover": 0.0, "hot": 0.0, "n_obs": 1}}, {"type": "Feature", "id": 1027, "geometry": {"type": "Polygon", "coordinates": [[[41.640996, 42.027499], [41.637786, 42.023496], [41.640944, 42.019168], [41.647311, 42.018844], [41.650521, 42.022847], [41.647364, 42.027175], [41.640996, 42.027499]]]}, "properties": {"i": 1027, "h3": "882c21c689fffff", "lon": 41.64415, "lat": 42.02317, "water_km2": 0.728, "dist_coast_km": 6.6, "persistence": 0.0, "mean_cover": 0.0, "max_cover": 0.0, "trend_cover": 0.0, "hot": 0.0, "n_obs": 1}}, {"type": "Feature", "id": 1028, "geometry": {"type": "Polygon", "coordinates": [[[41.650574, 42.031178], [41.647364, 42.027175], [41.650521, 42.022847], [41.656887, 42.022522], [41.660098, 42.026525], [41.656941, 42.030853], [41.650574, 42.031178]]]}, "properties": {"i": 1028, "h3": "882c21c68bfffff", "lon": 41.65373, "lat": 42.02685, "water_km2": 0.745, "dist_coast_km": 6.6, "persistence": 0.0, "mean_cover": 0.0, "max_cover": 0.0, "trend_cover": 0.0, "hot": 0.0, "n_obs": 1}}, {"type": "Feature", "id": 1029, "geometry": {"type": "Polygon", "coordinates": [[[41.640944, 42.019168], [41.637734, 42.015164], [41.640891, 42.010836], [41.647258, 42.010512], [41.650467, 42.014516], [41.647311, 42.018844], [41.640944, 42.019168]]]}, "properties": {"i": 1029, "h3": "882c21c68dfffff", "lon": 41.6441, "lat": 42.01484, "water_km2": 0.738, "dist_coast_km": 7.8, "persistence": 0.0, "mean_cover": 0.0, "max_cover": 0.0, "trend_cover": 0.0, "hot": 0.0, "n_obs": 1}}, {"type": "Feature", "id": 1030, "geometry": {"type": "Polygon", "coordinates": [[[41.66973, 42.038532], [41.666519, 42.03453], [41.669675, 42.030202], [41.676041, 42.029876], [41.679252, 42.033878], [41.676097, 42.038205], [41.66973, 42.038532]]]}, "properties": {"i": 1030, "h3": "882c21c691fffff", "lon": 41.67289, "lat": 42.0342, "water_km2": 0.73, "dist_coast_km": 4.5, "persistence": 0.0, "mean_cover": 0.0, "max_cover": 0.0, "trend_cover": 0.0, "hot": 0.0, "n_obs": 1}}, {"type": "Feature", "id": 1031, "geometry": {"type": "Polygon", "coordinates": [[[41.679308, 42.042207], [41.676097, 42.038205], [41.679252, 42.033878], [41.685618, 42.033551], [41.68883, 42.037552], [41.685675, 42.04188], [41.679308, 42.042207]]]}, "properties": {"i": 1031, "h3": "882c21c693fffff", "lon": 41.68246, "lat": 42.03788, "water_km2": 0.745, "dist_coast_km": 3.3, "persistence": 0.0, "mean_cover": 0.0, "max_cover": 0.0, "trend_cover": 0.0, "hot": 0.0, "n_obs": 1}}, {"type": "Feature", "id": 1032, "geometry": {"type": "Polygon", "coordinates": [[[41.669675, 42.030202], [41.666464, 42.0262], [41.66962, 42.021872], [41.675986, 42.021546], [41.679196, 42.025548], [41.676041, 42.029876], [41.669675, 42.030202]]]}, "properties": {"i": 1032, "h3": "882c21c695fffff", "lon": 41.67283, "lat": 42.02587, "water_km2": 0.735, "dist_coast_km": 5.5, "persistence": 0.0, "mean_cover": 0.0, "max_cover": 0.0, "trend_cover": 0.0, "hot": 0.0, "n_obs": 1}}, {"type": "Feature", "id": 1033, "geometry": {"type": "Polygon", "coordinates": [[[41.679252, 42.033878], [41.676041, 42.029876], [41.679196, 42.025548], [41.685562, 42.025222], [41.688773, 42.029223], [41.685618, 42.033551], [41.679252, 42.033878]]]}, "properties": {"i": 1033, "h3": "882c21c697fffff", "lon": 41.68241, "lat": 42.02955, "water_km2": 0.72, "dist_coast_km": 4.5, "persistence": 0.0, "mean_cover": 0.0, "max_cover": 0.0, "trend_cover": 0.0, "hot": 0.0, "n_obs": 1}}, {"type": "Feature", "id": 1034, "geometry": {"type": "Polygon", "coordinates": [[[41.660206, 42.043185], [41.656995, 42.039183], [41.660152, 42.034855], [41.666519, 42.03453], [41.66973, 42.038532], [41.666574, 42.042859], [41.660206, 42.043185]]]}, "properties": {"i": 1034, "h3": "882c21c699fffff", "lon": 41.66336, "lat": 42.03886, "water_km2": 0.74, "dist_coast_km": 4.5, "persistence": 0.0, "mean_cover": 0.0, "max_cover": 0.0, "trend_cover": 0.0, "hot": 0.0, "n_obs": 1}}, {"type": "Feature", "id": 1035, "geometry": {"type": "Polygon", "coordinates": [[[41.669785, 42.046861], [41.666574, 42.042859], [41.66973, 42.038532], [41.676097, 42.038205], [41.679308, 42.042207], [41.676153, 42.046534], [41.669785, 42.046861]]]}, "properties": {"i": 1035, "h3": "882c21c69bfffff", "lon": 41.67294, "lat": 42.04253, "water_km2": 0.732, "dist_coast_km": 4.5, "persistence": 0.0, "mean_cover": 0.0, "max_cover": 0.0, "trend_cover": 0.0, "hot": 0.0, "n_obs": 1}}, {"type": "Feature", "id": 1036, "geometry": {"type": "Polygon", "coordinates": [[[41.660152, 42.034855], [41.656941, 42.030853], [41.660098, 42.026525], [41.666464, 42.0262], [41.669675, 42.030202], [41.666519, 42.03453], [41.660152, 42.034855]]]}, "properties": {"i": 1036, "h3": "882c21c69dfffff", "lon": 41.66331, "lat": 42.03053, "water_km2": 0.725, "dist_coast_km": 5.5, "persistence": 0.0, "mean_cover": 0.0, "max_cover": 0.0, "trend_cover": 0.0, "hot": 0.0, "n_obs": 1}}, {"type": "Feature", "id": 1037, "geometry": {"type": "Polygon", "coordinates": [[[41.659935, 42.001531], [41.656726, 41.997527], [41.659881, 41.993199], [41.666245, 41.992874], [41.669455, 41.996878], [41.6663, 42.001207], [41.659935, 42.001531]]]}, "properties": {"i": 1037, "h3": "882c21c6a1fffff", "lon": 41.66309, "lat": 41.9972, "water_km2": 0.728, "dist_coast_km": 7.8, "persistence": 0.0, "mean_cover": 0.0, "max_cover": 0.0, "trend_cover": 0.0, "hot": 0.0, "n_obs": 1}}, {"type": "Feature", "id": 1038, "geometry": {"type": "Polygon", "coordinates": [[[41.66951, 42.00521], [41.6663, 42.001207], [41.669455, 41.996878], [41.675819, 41.996553], [41.679028, 42.000556], [41.675874, 42.004884], [41.66951, 42.00521]]]}, "properties": {"i": 1038, "h3": "882c21c6a3fffff", "lon": 41.67266, "lat": 42.00088, "water_km2": 0.73, "dist_coast_km": 6.6, "persistence": 0.0, "mean_cover": 0.0, "max_cover": 0.0, "trend_cover": 0.0, "hot": 0.0, "n_obs": 1}}, {"type": "Feature", "id": 1039, "geometry": {"type": "Polygon", "coordinates": [[[41.659881, 41.993199], [41.656672, 41.989195], [41.659827, 41.984866], [41.666191, 41.984542], [41.6694, 41.988546], [41.666245, 41.992874], [41.659881, 41.993199]]]}, "properties": {"i": 1039, "h3": "882c21c6a5fffff", "lon": 41.66304, "lat": 41.98887, "water_km2": 0.74, "dist_coast_km": 7.8, "persistence": 0.0, "mean_cover": 0.0, "max_cover": 0.0, "trend_cover": 0.0, "hot": 0.0, "n_obs": 1}}, {"type": "Feature", "id": 1040, "geometry": {"type": "Polygon", "coordinates": [[[41.669455, 41.996878], [41.666245, 41.992874], [41.6694, 41.988546], [41.675763, 41.988221], [41.678972, 41.992224], [41.675819, 41.996553], [41.669455, 41.996878]]]}, "properties": {"i": 1040, "h3": "882c21c6a7fffff", "lon": 41.67261, "lat": 41.99255, "water_km2": 0.732, "dist_coast_km": 7.8, "persistence": 0.0, "mean_cover": 0.0, "max_cover": 0.0, "trend_cover": 0.0, "hot": 0.0, "n_obs": 1}}, {"type": "Feature", "id": 1041, "geometry": {"type": "Polygon", "coordinates": [[[41.650414, 42.006184], [41.647205, 42.00218], [41.650361, 41.997852], [41.656726, 41.997527], [41.659935, 42.001531], [41.65678, 42.00586], [41.650414, 42.006184]]]}, "properties": {"i": 1041, "h3": "882c21c6a9fffff", "lon": 41.65357, "lat": 42.00186, "water_km2": 0.72, "dist_coast_km": 7.8, "persistence": 0.0, "mean_cover": 0.0, "max_cover": 0.0, "trend_cover": 0.0, "hot": 0.0, "n_obs": 1}}, {"type": "Feature", "id": 1042, "geometry": {"type": "Polygon", "coordinates": [[[41.65999, 42.009863], [41.65678, 42.00586], [41.659935, 42.001531], [41.6663, 42.001207], [41.66951, 42.00521], [41.666355, 42.009538], [41.65999, 42.009863]]]}, "properties": {"i": 1042, "h3": "882c21c6abfffff", "lon": 41.66315, "lat": 42.00553, "water_km2": 0.738, "dist_coast_km": 6.6, "persistence": 0.0, "mean_cover": 0.0, "max_cover": 0.0, "trend_cover": 0.0, "hot": 0.0, "n_obs": 1}}, {"type": "Feature", "id": 1043, "geometry": {"type": "Polygon", "coordinates": [[[41.650361, 41.997852], [41.647152, 41.993847], [41.650308, 41.989519], [41.656672, 41.989195], [41.659881, 41.993199], [41.656726, 41.997527], [41.650361, 41.997852]]]}, "properties": {"i": 1043, "h3": "882c21c6adfffff", "lon": 41.65352, "lat": 41.99352, "water_km2": 0.745, "dist_coast_km": 8.8, "persistence": 0.0, "mean_cover": 0.0, "max_cover": 0.0, "trend_cover": 0.0, "hot": 0.0, "n_obs": 1}}, {"type": "Feature", "id": 1044, "geometry": {"type": "Polygon", "coordinates": [[[41.67914, 42.017218], [41.67593, 42.013215], [41.679084, 42.008887], [41.685449, 42.008561], [41.688659, 42.012563], [41.685505, 42.016892], [41.67914, 42.017218]]]}, "properties": {"i": 1044, "h3": "882c21c6b1fffff", "lon": 41.68229, "lat": 42.01289, "water_km2": 0.72, "dist_coast_km": 5.5, "persistence": 0.0, "mean_cover": 0.0, "max_cover": 0.0, "trend_cover": 0.0, "hot": 0.0, "n_obs": 1}}, {"type": "Feature", "id": 1045, "geometry": {"type": "Polygon", "coordinates": [[[41.688716, 42.020893], [41.685505, 42.016892], [41.688659, 42.012563], [41.695023, 42.012237], [41.698234, 42.016238], [41.695081, 42.020567], [41.688716, 42.020893]]]}, "properties": {"i": 1045, "h3": "882c21c6b3fffff", "lon": 41.69187, "lat": 42.01657, "water_km2": 0.74, "dist_coast_km": 5.5, "persistence": 0.0, "mean_cover": 0.0, "max_cover": 0.0, "trend_cover": 0.0, "hot": 0.0, "n_obs": 1}}, {"type": "Feature", "id": 1046, "geometry": {"type": "Polygon", "coordinates": [[[41.679084, 42.008887], [41.675874, 42.004884], [41.679028, 42.000556], [41.685392, 42.00023], [41.688602, 42.004233], [41.685449, 42.008561], [41.679084, 42.008887]]]}, "properties": {"i": 1046, "h3": "882c21c6b5fffff", "lon": 41.68224, "lat": 42.00456, "water_km2": 0.745, "dist_coast_km": 5.5, "persistence": 0.0, "mean_cover": 0.0, "max_cover": 0.0, "trend_cover": 0.0, "hot": 0.0, "n_obs": 1}}, {"type": "Feature", "id": 1047, "geometry": {"type": "Polygon", "coordinates": [[[41.688659, 42.012563], [41.685449, 42.008561], [41.688602, 42.004233], [41.694965, 42.003906], [41.698176, 42.007908], [41.695023, 42.012237], [41.688659, 42.012563]]]}, "properties": {"i": 1047, "h3": "882c21c6b7fffff", "lon": 41.69181, "lat": 42.00823, "water_km2": 0.725, "dist_coast_km": 5.5, "persistence": 0.0, "mean_cover": 0.0, "max_cover": 0.0, "trend_cover": 0.0, "hot": 0.0, "n_obs": 1}}, {"type": "Feature", "id": 1048, "geometry": {"type": "Polygon", "coordinates": [[[41.66962, 42.021872], [41.66641, 42.017869], [41.669565, 42.013541], [41.67593, 42.013215], [41.67914, 42.017218], [41.675986, 42.021546], [41.66962, 42.021872]]]}, "properties": {"i": 1048, "h3": "882c21c6b9fffff", "lon": 41.67278, "lat": 42.01754, "water_km2": 0.73, "dist_coast_km": 5.5, "persistence": 0.0, "mean_cover": 0.0, "max_cover": 0.0, "trend_cover": 0.0, "hot": 0.0, "n_obs": 1}}, {"type": "Feature", "id": 1049, "geometry": {"type": "Polygon", "coordinates": [[[41.679196, 42.025548], [41.675986, 42.021546], [41.67914, 42.017218], [41.685505, 42.016892], [41.688716, 42.020893], [41.685562, 42.025222], [41.679196, 42.025548]]]}, "properties": {"i": 1049, "h3": "882c21c6bbfffff", "lon": 41.68235, "lat": 42.02122, "water_km2": 0.745, "dist_coast_km": 4.5, "persistence": 0.0, "mean_cover": 0.0, "max_cover": 0.0, "trend_cover": 0.0, "hot": 0.0, "n_obs": 1}}, {"type": "Feature", "id": 1050, "geometry": {"type": "Polygon", "coordinates": [[[41.669565, 42.013541], [41.666355, 42.009538], [41.66951, 42.00521], [41.675874, 42.004884], [41.679084, 42.008887], [41.67593, 42.013215], [41.669565, 42.013541]]]}, "properties": {"i": 1050, "h3": "882c21c6bdfffff", "lon": 41.67272, "lat": 42.00921, "water_km2": 0.735, "dist_coast_km": 6.6, "persistence": 0.0, "mean_cover": 0.0, "max_cover": 0.0, "trend_cover": 0.0, "hot": 0.0, "n_obs": 1}}, {"type": "Feature", "id": 1051, "geometry": {"type": "Polygon", "coordinates": [[[41.621891, 42.02847], [41.618681, 42.024466], [41.62184, 42.020139], [41.628209, 42.019815], [41.631418, 42.02382], [41.62826, 42.028147], [41.621891, 42.02847]]]}, "properties": {"i": 1051, "h3": "882c21c6c1fffff", "lon": 41.62505, "lat": 42.02414, "water_km2": 0.718, "dist_coast_km": 9.0, "persistence": 0.0, "mean_cover": 0.0, "max_cover": 0.0, "trend_cover": 0.0, "hot": 0.0, "n_obs": 1}}, {"type": "Feature", "id": 1052, "geometry": {"type": "Polygon", "coordinates": [[[41.631469, 42.032151], [41.62826, 42.028147], [41.631418, 42.02382], [41.637786, 42.023496], [41.640996, 42.027499], [41.637838, 42.031827], [41.631469, 42.032151]]]}, "properties": {"i": 1052, "h3": "882c21c6c3fffff", "lon": 41.63463, "lat": 42.02782, "water_km2": 0.738, "dist_coast_km": 7.8, "persistence": 0.0, "mean_cover": 0.0, "max_cover": 0.0, "trend_cover": 0.0, "hot": 0.0, "n_obs": 1}}, {"type": "Feature", "id": 1053, "geometry": {"type": "Polygon", "coordinates": [[[41.62184, 42.020139], [41.618631, 42.016134], [41.62179, 42.011806], [41.628158, 42.011483], [41.631367, 42.015488], [41.628209, 42.019815], [41.62184, 42.020139]]]}, "properties": {"i": 1053, "h3": "882c21c6c5fffff", "lon": 41.625, "lat": 42.01581, "water_km2": 0.745, "dist_coast_km": 10.0, "persistence": 0.0, "mean_cover": 0.0, "max_cover": 0.0, "trend_cover": 0.0, "hot": 0.0, "n_obs": 1}}, {"type": "Feature", "id": 1054, "geometry": {"type": "Polygon", "coordinates": [[[41.631418, 42.02382], [41.628209, 42.019815], [41.631367, 42.015488], [41.637734, 42.015164], [41.640944, 42.019168], [41.637786, 42.023496], [41.631418, 42.02382]]]}, "properties": {"i": 1054, "h3": "882c21c6c7fffff", "lon": 41.63458, "lat": 42.01949, "water_km2": 0.728, "dist_coast_km": 7.8, "persistence": 0.0, "mean_cover": 0.0, "max_cover": 0.0, "trend_cover": 0.0, "hot": 0.0, "n_obs": 1}}, {"type": "Feature", "id": 1055, "geometry": {"type": "Polygon", "coordinates": [[[41.612362, 42.033121], [41.609152, 42.029116], [41.612312, 42.024789], [41.618681, 42.024466], [41.621891, 42.02847], [41.618731, 42.032798], [41.612362, 42.033121]]]}, "properties": {"i": 1055, "h3": "882c21c6c9fffff", "lon": 41.61552, "lat": 42.02879, "water_km2": 0.725, "dist_coast_km": 9.0, "persistence": 0.0, "mean_cover": 0.0, "max_cover": 0.0, "trend_cover": 0.0, "hot": 0.0, "n_obs": 1}}, {"type": "Feature", "id": 1056, "geometry": {"type": "Polygon", "coordinates": [[[41.621941, 42.036802], [41.618731, 42.032798], [41.621891, 42.02847], [41.62826, 42.028147], [41.631469, 42.032151], [41.628311, 42.036478], [41.621941, 42.036802]]]}, "properties": {"i": 1056, "h3": "882c21c6cbfffff", "lon": 41.6251, "lat": 42.03247, "water_km2": 0.748, "dist_coast_km": 9.0, "persistence": 0.0, "mean_cover": 0.0, "max_cover": 0.0, "trend_cover": 0.0, "hot": 0.0, "n_obs": 1}}, {"type": "Feature", "id": 1057, "geometry": {"type": "Polygon", "coordinates": [[[41.612312, 42.024789], [41.609103, 42.020784], [41.612263, 42.016456], [41.618631, 42.016134], [41.62184, 42.020139], [41.618681, 42.024466], [41.612312, 42.024789]]]}, "properties": {"i": 1057, "h3": "882c21c6cdfffff", "lon": 41.61547, "lat": 42.02046, "water_km2": 0.74, "dist_coast_km": 9.0, "persistence": 0.0, "mean_cover": 0.0, "max_cover": 0.0, "trend_cover": 0.0, "hot": 0.0, "n_obs": 1}}, {"type": "Feature", "id": 1058, "geometry": {"type": "Polygon", "coordinates": [[[41.6411, 42.04416], [41.63789, 42.040157], [41.641048, 42.03583], [41.647416, 42.035506], [41.650627, 42.039508], [41.647469, 42.043836], [41.6411, 42.04416]]]}, "properties": {"i": 1058, "h3": "882c21c6d1fffff", "lon": 41.64426, "lat": 42.03983, "water_km2": 0.728, "dist_coast_km": 5.8, "persistence": 0.0, "mean_cover": 0.0, "max_cover": 0.0, "trend_cover": 0.0, "hot": 0.0, "n_obs": 1}}, {"type": "Feature", "id": 1059, "geometry": {"type": "Polygon", "coordinates": [[[41.65068, 42.047838], [41.647469, 42.043836], [41.650627, 42.039508], [41.656995, 42.039183], [41.660206, 42.043185], [41.657049, 42.047512], [41.65068, 42.047838]]]}, "properties": {"i": 1059, "h3": "882c21c6d3fffff", "lon": 41.65384, "lat": 42.04351, "water_km2": 0.742, "dist_coast_km": 5.8, "persistence": 0.0, "mean_cover": 0.0, "max_cover": 0.0, "trend_cover": 0.0, "hot": 0.0, "n_obs": 1}}, {"type": "Feature", "id": 1060, "geometry": {"type": "Polygon", "coordinates": [[[41.641048, 42.03583], [41.637838, 42.031827], [41.640996, 42.027499], [41.647364, 42.027175], [41.650574, 42.031178], [41.647416, 42.035506], [41.641048, 42.03583]]]}, "properties": {"i": 1060, "h3": "882c21c6d5fffff", "lon": 41.64421, "lat": 42.0315, "water_km2": 0.738, "dist_coast_km": 6.6, "persistence": 0.0, "mean_cover": 0.0, "max_cover": 0.0, "trend_cover": 0.0, "hot": 0.0, "n_obs": 1}}, {"type": "Feature", "id": 1061, "geometry": {"type": "Polygon", "coordinates": [[[41.650627, 42.039508], [41.647416, 42.035506], [41.650574, 42.031178], [41.656941, 42.030853], [41.660152, 42.034855], [41.656995, 42.039183], [41.650627, 42.039508]]]}, "properties": {"i": 1061, "h3": "882c21c6d7fffff", "lon": 41.65378, "lat": 42.03518, "water_km2": 0.72, "dist_coast_km": 5.8, "persistence": 0.0, "mean_cover": 0.0, "max_cover": 0.0, "trend_cover": 0.0, "hot": 0.0, "n_obs": 1}}, {"type": "Feature", "id": 1062, "geometry": {"type": "Polygon", "coordinates": [[[41.631572, 42.048812], [41.628362, 42.044809], [41.631521, 42.040482], [41.63789, 42.040157], [41.6411, 42.04416], [41.637942, 42.048487], [41.631572, 42.048812]]]}, "properties": {"i": 1062, "h3": "882c21c6d9fffff", "lon": 41.63473, "lat": 42.04448, "water_km2": 0.735, "dist_coast_km": 7.1, "persistence": 0.0, "mean_cover": 0.0, "max_cover": 0.0, "trend_cover": 0.0, "hot": 0.0, "n_obs": 1}}, {"type": "Feature", "id": 1063, "geometry": {"type": "Polygon", "coordinates": [[[41.641153, 42.05249], [41.637942, 42.048487], [41.6411, 42.04416], [41.647469, 42.043836], [41.65068, 42.047838], [41.647522, 42.052165], [41.641153, 42.05249]]]}, "properties": {"i": 1063, "h3": "882c21c6dbfffff", "lon": 41.64431, "lat": 42.04816, "water_km2": 0.738, "dist_coast_km": 5.8, "persistence": 0.0, "mean_cover": 0.0, "max_cover": 0.0, "trend_cover": 0.0, "hot": 0.0, "n_obs": 1}}, {"type": "Feature", "id": 1064, "geometry": {"type": "Polygon", "coordinates": [[[41.631521, 42.040482], [41.628311, 42.036478], [41.631469, 42.032151], [41.637838, 42.031827], [41.641048, 42.03583], [41.63789, 42.040157], [41.631521, 42.040482]]]}, "properties": {"i": 1064, "h3": "882c21c6ddfffff", "lon": 41.63468, "lat": 42.03615, "water_km2": 0.728, "dist_coast_km": 7.1, "persistence": 0.0, "mean_cover": 0.0, "max_cover": 0.0, "trend_cover": 0.0, "hot": 0.0, "n_obs": 1}}, {"type": "Feature", "id": 1065, "geometry": {"type": "Polygon", "coordinates": [[[41.631315, 42.007155], [41.628107, 42.00315], [41.631264, 41.998822], [41.63763, 41.998499], [41.640839, 42.002504], [41.637682, 42.006832], [41.631315, 42.007155]]]}, "properties": {"i": 1065, "h3": "882c21c6e1fffff", "lon": 41.63447, "lat": 42.00283, "water_km2": 0.725, "dist_coast_km": 8.8, "persistence": 0.0, "mean_cover": 0.0, "max_cover": 0.0, "trend_cover": 0.0, "hot": 0.0, "n_obs": 1}}, {"type": "Feature", "id": 1066, "geometry": {"type": "Polygon", "coordinates": [[[41.640891, 42.010836], [41.637682, 42.006832], [41.640839, 42.002504], [41.647205, 42.00218], [41.650414, 42.006184], [41.647258, 42.010512], [41.640891, 42.010836]]]}, "properties": {"i": 1066, "h3": "882c21c6e3fffff", "lon": 41.64405, "lat": 42.00651, "water_km2": 0.728, "dist_coast_km": 7.8, "persistence": 0.0, "mean_cover": 0.0, "max_cover": 0.0, "trend_cover": 0.0, "hot": 0.0, "n_obs": 1}}, {"type": "Feature", "id": 1067, "geometry": {"type": "Polygon", "coordinates": [[[41.631264, 41.998822], [41.628056, 41.994817], [41.631213, 41.990489], [41.637578, 41.990166], [41.640787, 41.994171], [41.63763, 41.998499], [41.631264, 41.998822]]]}, "properties": {"i": 1067, "h3": "882c21c6e5fffff", "lon": 41.63442, "lat": 41.99449, "water_km2": 0.742, "dist_coast_km": 10.0, "persistence": 0.0, "mean_cover": 0.0, "max_cover": 0.0, "trend_cover": 0.0, "hot": 0.0, "n_obs": 1}}, {"type": "Feature", "id": 1068, "geometry": {"type": "Polygon", "coordinates": [[[41.640839, 42.002504], [41.63763, 41.998499], [41.640787, 41.994171], [41.647152, 41.993847], [41.650361, 41.997852], [41.647205, 42.00218], [41.640839, 42.002504]]]}, "properties": {"i": 1068, "h3": "882c21c6e7fffff", "lon": 41.644, "lat": 41.99818, "water_km2": 0.738, "dist_coast_km": 8.8, "persistence": 0.0, "mean_cover": 0.0, "max_cover": 0.0, "trend_cover": 0.0, "hot": 0.0, "n_obs": 1}}, {"type": "Feature", "id": 1069, "geometry": {"type": "Polygon", "coordinates": [[[41.62179, 42.011806], [41.618581, 42.007801], [41.62174, 42.003473], [41.628107, 42.00315], [41.631315, 42.007155], [41.628158, 42.011483], [41.62179, 42.011806]]]}, "properties": {"i": 1069, "h3": "882c21c6e9fffff", "lon": 41.62495, "lat": 42.00748, "water_km2": 0.72, "dist_coast_km": 10.0, "persistence": 0.0, "mean_cover": 0.0, "max_cover": 0.0, "trend_cover": 0.0, "hot": 0.0, "n_obs": 1}}, {"type": "Feature", "id": 1070, "geometry": {"type": "Polygon", "coordinates": [[[41.631367, 42.015488], [41.628158, 42.011483], [41.631315, 42.007155], [41.637682, 42.006832], [41.640891, 42.010836], [41.637734, 42.015164], [41.631367, 42.015488]]]}, "properties": {"i": 1070, "h3": "882c21c6ebfffff", "lon": 41.63452, "lat": 42.01116, "water_km2": 0.74, "dist_coast_km": 8.8, "persistence": 0.0, "mean_cover": 0.0, "max_cover": 0.0, "trend_cover": 0.0, "hot": 0.0, "n_obs": 1}}, {"type": "Feature", "id": 1071, "geometry": {"type": "Polygon", "coordinates": [[[41.62174, 42.003473], [41.618531, 41.999468], [41.621689, 41.99514], [41.628056, 41.994817], [41.631264, 41.998822], [41.628107, 42.00315], [41.62174, 42.003473]]]}, "properties": {"i": 1071, "h3": "882c21c6edfffff", "lon": 41.6249, "lat": 41.99915, "water_km2": 0.745, "dist_coast_km": 11.1, "persistence": 0.0, "mean_cover": 0.0, "max_cover": 0.0, "trend_cover": 0.0, "hot": 0.0, "n_obs": 1}}, {"type": "Feature", "id": 1072, "geometry": {"type": "Polygon", "coordinates": [[[41.449664, 42.003723], [41.446459, 41.99971], [41.44963, 41.995384], [41.456006, 41.99507], [41.45921, 41.999083], [41.45604, 42.003409], [41.449664, 42.003723]]]}, "properties": {"i": 1072, "h3": "882c21d401fffff", "lon": 41.45283, "lat": 41.9994, "water_km2": 0.745, "dist_coast_km": 23.2, "persistence": 0.0, "mean_cover": 0.0, "max_cover": 0.0, "trend_cover": 0.0, "hot": 0.0, "n_obs": 1}}, {"type": "Feature", "id": 1073, "geometry": {"type": "Polygon", "coordinates": [[[41.459245, 42.007421], [41.45604, 42.003409], [41.45921, 41.999083], [41.465585, 41.998769], [41.468791, 42.002781], [41.46562, 42.007107], [41.459245, 42.007421]]]}, "properties": {"i": 1073, "h3": "882c21d403fffff", "lon": 41.46242, "lat": 42.0031, "water_km2": 0.732, "dist_coast_km": 21.0, "persistence": 0.0, "mean_cover": 0.0, "max_cover": 0.0, "trend_cover": 0.0, "hot": 0.0, "n_obs": 1}}, {"type": "Feature", "id": 1074, "geometry": {"type": "Polygon", "coordinates": [[[41.44963, 41.995384], [41.446426, 41.99137], [41.449597, 41.987044], [41.455971, 41.986731], [41.459176, 41.990744], [41.456006, 41.99507], [41.44963, 41.995384]]]}, "properties": {"i": 1074, "h3": "882c21d405fffff", "lon": 41.4528, "lat": 41.99106, "water_km2": 0.718, "dist_coast_km": 23.2, "persistence": 0.0, "mean_cover": 0.0, "max_cover": 0.0, "trend_cover": 0.0, "hot": 0.0, "n_obs": 1}}, {"type": "Feature", "id": 1075, "geometry": {"type": "Polygon", "coordinates": [[[41.45921, 41.999083], [41.456006, 41.99507], [41.459176, 41.990744], [41.46555, 41.99043], [41.468755, 41.994443], [41.465585, 41.998769], [41.45921, 41.999083]]]}, "properties": {"i": 1075, "h3": "882c21d407fffff", "lon": 41.46238, "lat": 41.99476, "water_km2": 0.731, "dist_coast_km": 21.9, "persistence": 0.0, "mean_cover": 0.0, "max_cover": 0.0, "trend_cover": 0.0, "hot": 0.0, "n_obs": 1}}, {"type": "Feature", "id": 1076, "geometry": {"type": "Polygon", "coordinates": [[[41.440115, 42.008362], [41.43691, 42.004349], [41.440083, 42.000023], [41.446459, 41.99971], [41.449664, 42.003723], [41.446492, 42.008049], [41.440115, 42.008362]]]}, "properties": {"i": 1076, "h3": "882c21d409fffff", "lon": 41.44329, "lat": 42.00404, "water_km2": 0.744, "dist_coast_km": 22.1, "persistence": 0.0, "mean_cover": 0.0, "max_cover": 0.0, "trend_cover": 0.0, "hot": 0.0, "n_obs": 1}}, {"type": "Feature", "id": 1077, "geometry": {"type": "Polygon", "coordinates": [[[41.449697, 42.012061], [41.446492, 42.008049], [41.449664, 42.003723], [41.45604, 42.003409], [41.459245, 42.007421], [41.456074, 42.011748], [41.449697, 42.012061]]]}, "properties": {"i": 1077, "h3": "882c21d40bfffff", "lon": 41.45287, "lat": 42.00774, "water_km2": 0.725, "dist_coast_km": 22.1, "persistence": 0.0, "mean_cover": 0.0, "max_cover": 0.0, "trend_cover": 0.0, "hot": 0.0, "n_obs": 1}}, {"type": "Feature", "id": 1078, "geometry": {"type": "Polygon", "coordinates": [[[41.440083, 42.000023], [41.436878, 41.996009], [41.44005, 41.991683], [41.446426, 41.99137], [41.44963, 41.995384], [41.446459, 41.99971], [41.440083, 42.000023]]]}, "properties": {"i": 1078, "h3": "882c21d40dfffff", "lon": 41.44325, "lat": 41.9957, "water_km2": 0.72, "dist_coast_km": 23.2, "persistence": 0.0, "mean_cover": 0.0, "max_cover": 0.0, "trend_cover": 0.0, "hot": 0.0, "n_obs": 1}}, {"type": "Feature", "id": 1079, "geometry": {"type": "Polygon", "coordinates": [[[41.468861, 42.019457], [41.465655, 42.015445], [41.468826, 42.011119], [41.475201, 42.010804], [41.478407, 42.014816], [41.475237, 42.019142], [41.468861, 42.019457]]]}, "properties": {"i": 1079, "h3": "882c21d411fffff", "lon": 41.47203, "lat": 42.01513, "water_km2": 0.748, "dist_coast_km": 21.0, "persistence": 0.0, "mean_cover": 0.0, "max_cover": 0.0, "trend_cover": 0.0, "hot": 0.0, "n_obs": 1}}, {"type": "Feature", "id": 1080, "geometry": {"type": "Polygon", "coordinates": [[[41.478443, 42.023153], [41.475237, 42.019142], [41.478407, 42.014816], [41.484783, 42.0145], [41.487989, 42.018511], [41.484819, 42.022837], [41.478443, 42.023153]]]}, "properties": {"i": 1080, "h3": "882c21d413fffff", "lon": 41.48161, "lat": 42.01883, "water_km2": 0.725, "dist_coast_km": 18.8, "persistence": 0.0, "mean_cover": 0.0, "max_cover": 0.0, "trend_cover": 0.0, "hot": 0.0, "n_obs": 1}}, {"type": "Feature", "id": 1081, "geometry": {"type": "Polygon", "coordinates": [[[41.468826, 42.011119], [41.46562, 42.007107], [41.468791, 42.002781], [41.475166, 42.002467], [41.478371, 42.006478], [41.475201, 42.010804], [41.468826, 42.011119]]]}, "properties": {"i": 1081, "h3": "882c21d415fffff", "lon": 41.472, "lat": 42.00679, "water_km2": 0.722, "dist_coast_km": 21.0, "persistence": 0.0, "mean_cover": 0.0, "max_cover": 0.0, "trend_cover": 0.0, "hot": 0.0, "n_obs": 1}}, {"type": "Feature", "id": 1082, "geometry": {"type": "Polygon", "coordinates": [[[41.478407, 42.014816], [41.475201, 42.010804], [41.478371, 42.006478], [41.484746, 42.006163], [41.487952, 42.010174], [41.484783, 42.0145], [41.478407, 42.014816]]]}, "properties": {"i": 1082, "h3": "882c21d417fffff", "lon": 41.48158, "lat": 42.01049, "water_km2": 0.745, "dist_coast_km": 19.9, "persistence": 0.0, "mean_cover": 0.0, "max_cover": 0.0, "trend_cover": 0.0, "hot": 0.0, "n_obs": 1}}, {"type": "Feature", "id": 1083, "geometry": {"type": "Polygon", "coordinates": [[[41.459313, 42.024097], [41.456108, 42.020085], [41.459279, 42.015759], [41.465655, 42.015445], [41.468861, 42.019457], [41.46569, 42.023782], [41.459313, 42.024097]]]}, "properties": {"i": 1083, "h3": "882c21d419fffff", "lon": 41.46248, "lat": 42.01977, "water_km2": 0.735, "dist_coast_km": 19.9, "persistence": 0.0, "mean_cover": 0.0, "max_cover": 0.0, "trend_cover": 0.0, "hot": 0.0, "n_obs": 1}}, {"type": "Feature", "id": 1084, "geometry": {"type": "Polygon", "coordinates": [[[41.468897, 42.027793], [41.46569, 42.023782], [41.468861, 42.019457], [41.475237, 42.019142], [41.478443, 42.023153], [41.475273, 42.027478], [41.468897, 42.027793]]]}, "properties": {"i": 1084, "h3": "882c21d41bfffff", "lon": 41.47207, "lat": 42.02347, "water_km2": 0.725, "dist_coast_km": 19.9, "persistence": 0.0, "mean_cover": 0.0, "max_cover": 0.0, "trend_cover": 0.0, "hot": 0.0, "n_obs": 1}}, {"type": "Feature", "id": 1085, "geometry": {"type": "Polygon", "coordinates": [[[41.459279, 42.015759], [41.456074, 42.011748], [41.459245, 42.007421], [41.46562, 42.007107], [41.468826, 42.011119], [41.465655, 42.015445], [41.459279, 42.015759]]]}, "properties": {"i": 1085, "h3": "882c21d41dfffff", "lon": 41.46245, "lat": 42.01143, "water_km2": 0.732, "dist_coast_km": 21.0, "persistence": 0.0, "mean_cover": 0.0, "max_cover": 0.0, "trend_cover": 0.0, "hot": 0.0, "n_obs": 1}}, {"type": "Feature", "id": 1086, "geometry": {"type": "Polygon", "coordinates": [[[41.459142, 41.982404], [41.455937, 41.978391], [41.459107, 41.974064], [41.465481, 41.973751], [41.468685, 41.977764], [41.465515, 41.982091], [41.459142, 41.982404]]]}, "properties": {"i": 1086, "h3": "882c21d421fffff", "lon": 41.46231, "lat": 41.97808, "water_km2": 0.179, "dist_coast_km": 22.6, "persistence": 0.0, "mean_cover": 0.0, "max_cover": 0.0, "trend_cover": 0.0, "hot": 0.0, "n_obs": 1}}, {"type": "Feature", "id": 1087, "geometry": {"type": "Polygon", "coordinates": [[[41.46872, 41.986104], [41.465515, 41.982091], [41.468685, 41.977764], [41.475058, 41.97745], [41.478262, 41.981463], [41.475094, 41.985789], [41.46872, 41.986104]]]}, "properties": {"i": 1087, "h3": "882c21d423fffff", "lon": 41.47189, "lat": 41.98178, "water_km2": 0.582, "dist_coast_km": 22.6, "persistence": 0.0, "mean_cover": 0.0, "max_cover": 0.0, "trend_cover": 0.0, "hot": 0.0, "n_obs": 1}}, {"type": "Feature", "id": 1088, "geometry": {"type": "Polygon", "coordinates": [[[41.449597, 41.987044], [41.446393, 41.98303], [41.449563, 41.978704], [41.455937, 41.978391], [41.459142, 41.982404], [41.455971, 41.986731], [41.449597, 41.987044]]]}, "properties": {"i": 1088, "h3": "882c21d429fffff", "lon": 41.45277, "lat": 41.98272, "water_km2": 0.625, "dist_coast_km": 23.9, "persistence": 0.0, "mean_cover": 0.0, "max_cover": 0.0, "trend_cover": 0.0, "hot": 0.0, "n_obs": 1}}, {"type": "Feature", "id": 1089, "geometry": {"type": "Polygon", "coordinates": [[[41.459176, 41.990744], [41.455971, 41.986731], [41.459142, 41.982404], [41.465515, 41.982091], [41.46872, 41.986104], [41.46555, 41.99043], [41.459176, 41.990744]]]}, "properties": {"i": 1089, "h3": "882c21d42bfffff", "lon": 41.46235, "lat": 41.98642, "water_km2": 0.723, "dist_coast_km": 21.9, "persistence": 0.0, "mean_cover": 0.0, "max_cover": 0.0, "trend_cover": 0.0, "hot": 0.0, "n_obs": 1}}, {"type": "Feature", "id": 1090, "geometry": {"type": "Polygon", "coordinates": [[[41.478335, 41.99814], [41.47513, 41.994128], [41.478298, 41.989802], [41.484672, 41.989487], [41.487877, 41.993499], [41.484709, 41.997825], [41.478335, 41.99814]]]}, "properties": {"i": 1090, "h3": "882c21d431fffff", "lon": 41.4815, "lat": 41.99381, "water_km2": 0.741, "dist_coast_km": 20.6, "persistence": 0.0, "mean_cover": 0.0, "max_cover": 0.0, "trend_cover": 0.0, "hot": 0.0, "n_obs": 1}}, {"type": "Feature", "id": 1091, "geometry": {"type": "Polygon", "coordinates": [[[41.487914, 42.001837], [41.484709, 41.997825], [41.487877, 41.993499], [41.49425, 41.993183], [41.497456, 41.997194], [41.494288, 42.001521], [41.487914, 42.001837]]]}, "properties": {"i": 1091, "h3": "882c21d433fffff", "lon": 41.49108, "lat": 41.99751, "water_km2": 0.73, "dist_coast_km": 20.6, "persistence": 0.0, "mean_cover": 0.0, "max_cover": 0.0, "trend_cover": 0.0, "hot": 0.0, "n_obs": 1}}, {"type": "Feature", "id": 1092, "geometry": {"type": "Polygon", "coordinates": [[[41.478298, 41.989802], [41.475094, 41.985789], [41.478262, 41.981463], [41.484635, 41.981148], [41.48784, 41.98516], [41.484672, 41.989487], [41.478298, 41.989802]]]}, "properties": {"i": 1092, "h3": "882c21d435fffff", "lon": 41.48147, "lat": 41.98547, "water_km2": 0.716, "dist_coast_km": 20.6, "persistence": 0.0, "mean_cover": 0.0, "max_cover": 0.0, "trend_cover": 0.0, "hot": 0.0, "n_obs": 1}}, {"type": "Feature", "id": 1093, "geometry": {"type": "Polygon", "coordinates": [[[41.487877, 41.993499], [41.484672, 41.989487], [41.48784, 41.98516], [41.494213, 41.984845], [41.497418, 41.988856], [41.49425, 41.993183], [41.487877, 41.993499]]]}, "properties": {"i": 1093, "h3": "882c21d437fffff", "lon": 41.49105, "lat": 41.98917, "water_km2": 0.732, "dist_coast_km": 20.6, "persistence": 0.0, "mean_cover": 0.0, "max_cover": 0.0, "trend_cover": 0.0, "hot": 0.0, "n_obs": 1}}, {"type": "Feature", "id": 1094, "geometry": {"type": "Polygon", "coordinates": [[[41.468791, 42.002781], [41.465585, 41.998769], [41.468755, 41.994443], [41.47513, 41.994128], [41.478335, 41.99814], [41.475166, 42.002467], [41.468791, 42.002781]]]}, "properties": {"i": 1094, "h3": "882c21d439fffff", "lon": 41.47196, "lat": 41.99845, "water_km2": 0.741, "dist_coast_km": 21.9, "persistence": 0.0, "mean_cover": 0.0, "max_cover": 0.0, "trend_cover": 0.0, "hot": 0.0, "n_obs": 1}}, {"type": "Feature", "id": 1095, "geometry": {"type": "Polygon", "coordinates": [[[41.478371, 42.006478], [41.475166, 42.002467], [41.478335, 41.99814], [41.484709, 41.997825], [41.487914, 42.001837], [41.484746, 42.006163], [41.478371, 42.006478]]]}, "properties": {"i": 1095, "h3": "882c21d43bfffff", "lon": 41.48154, "lat": 42.00215, "water_km2": 0.725, "dist_coast_km": 19.9, "persistence": 0.0, "mean_cover": 0.0, "max_cover": 0.0, "trend_cover": 0.0, "hot": 0.0, "n_obs": 1}}, {"type": "Feature", "id": 1096, "geometry": {"type": "Polygon", "coordinates": [[[41.468755, 41.994443], [41.46555, 41.99043], [41.46872, 41.986104], [41.475094, 41.985789], [41.478298, 41.989802], [41.47513, 41.994128], [41.468755, 41.994443]]]}, "properties": {"i": 1096, "h3": "882c21d43dfffff", "lon": 41.47192, "lat": 41.99012, "water_km2": 0.721, "dist_coast_km": 21.9, "persistence": 0.0, "mean_cover": 0.0, "max_cover": 0.0, "trend_cover": 0.0, "hot": 0.0, "n_obs": 1}}, {"type": "Feature", "id": 1097, "geometry": {"type": "Polygon", "coordinates": [[[41.430565, 42.013], [41.42736, 42.008987], [41.430533, 42.004661], [41.43691, 42.004349], [41.440115, 42.008362], [41.436943, 42.012688], [41.430565, 42.013]]]}, "properties": {"i": 1097, "h3": "882c21d443fffff", "lon": 41.43374, "lat": 42.00867, "water_km2": 0.248, "dist_coast_km": 23.2, "persistence": 0.0, "mean_cover": 0.0, "max_cover": 0.0, "trend_cover": 0.0, "hot": 0.0, "n_obs": 1}}, {"type": "Feature", "id": 1098, "geometry": {"type": "Polygon", "coordinates": [[[41.430533, 42.004661], [41.427329, 42.000647], [41.430502, 41.996321], [41.436878, 41.996009], [41.440083, 42.000023], [41.43691, 42.004349], [41.430533, 42.004661]]]}, "properties": {"i": 1098, "h3": "882c21d447fffff", "lon": 41.43371, "lat": 42.00034, "water_km2": 0.279, "dist_coast_km": 23.2, "persistence": 0.0, "mean_cover": 0.0, "max_cover": 0.0, "trend_cover": 0.0, "hot": 0.0, "n_obs": 1}}, {"type": "Feature", "id": 1099, "geometry": {"type": "Polygon", "coordinates": [[[41.44018, 42.025038], [41.436975, 42.021026], [41.440148, 42.0167], [41.446525, 42.016387], [41.44973, 42.020399], [41.446558, 42.024725], [41.44018, 42.025038]]]}, "properties": {"i": 1099, "h3": "882c21d451fffff", "lon": 41.44335, "lat": 42.02071, "water_km2": 0.75, "dist_coast_km": 21.0, "persistence": 0.0, "mean_cover": 0.0, "max_cover": 0.0, "trend_cover": 0.0, "hot": 0.0, "n_obs": 1}}, {"type": "Feature", "id": 1100, "geometry": {"type": "Polygon", "coordinates": [[[41.449764, 42.028737], [41.446558, 42.024725], [41.44973, 42.020399], [41.456108, 42.020085], [41.459313, 42.024097], [41.456142, 42.028423], [41.449764, 42.028737]]]}, "properties": {"i": 1100, "h3": "882c21d453fffff", "lon": 41.45294, "lat": 42.02441, "water_km2": 0.725, "dist_coast_km": 21.0, "persistence": 0.0, "mean_cover": 0.0, "max_cover": 0.0, "trend_cover": 0.0, "hot": 0.0, "n_obs": 1}}, {"type": "Feature", "id": 1101, "geometry": {"type": "Polygon", "coordinates": [[[41.440148, 42.0167], [41.436943, 42.012688], [41.440115, 42.008362], [41.446492, 42.008049], [41.449697, 42.012061], [41.446525, 42.016387], [41.440148, 42.0167]]]}, "properties": {"i": 1101, "h3": "882c21d455fffff", "lon": 41.44332, "lat": 42.01237, "water_km2": 0.72, "dist_coast_km": 22.1, "persistence": 0.0, "mean_cover": 0.0, "max_cover": 0.0, "trend_cover": 0.0, "hot": 0.0, "n_obs": 1}}, {"type": "Feature", "id": 1102, "geometry": {"type": "Polygon", "coordinates": [[[41.44973, 42.020399], [41.446525, 42.016387], [41.449697, 42.012061], [41.456074, 42.011748], [41.459279, 42.015759], [41.456108, 42.020085], [41.44973, 42.020399]]]}, "properties": {"i": 1102, "h3": "882c21d457fffff", "lon": 41.4529, "lat": 42.01607, "water_km2": 0.742, "dist_coast_km": 22.1, "persistence": 0.0, "mean_cover": 0.0, "max_cover": 0.0, "trend_cover": 0.0, "hot": 0.0, "n_obs": 1}}, {"type": "Feature", "id": 1103, "geometry": {"type": "Polygon", "coordinates": [[[41.430628, 42.029677], [41.427423, 42.025664], [41.430596, 42.021339], [41.436975, 42.021026], [41.44018, 42.025038], [41.437007, 42.029364], [41.430628, 42.029677]]]}, "properties": {"i": 1103, "h3": "882c21d459fffff", "lon": 41.4338, "lat": 42.02535, "water_km2": 0.203, "dist_coast_km": 22.1, "persistence": 0.0, "mean_cover": 0.0, "max_cover": 0.0, "trend_cover": 0.0, "hot": 0.0, "n_obs": 1}}, {"type": "Feature", "id": 1104, "geometry": {"type": "Polygon", "coordinates": [[[41.440213, 42.033376], [41.437007, 42.029364], [41.44018, 42.025038], [41.446558, 42.024725], [41.449764, 42.028737], [41.446591, 42.033062], [41.440213, 42.033376]]]}, "properties": {"i": 1104, "h3": "882c21d45bfffff", "lon": 41.44339, "lat": 42.02905, "water_km2": 0.722, "dist_coast_km": 21.0, "persistence": 0.0, "mean_cover": 0.0, "max_cover": 0.0, "trend_cover": 0.0, "hot": 0.0, "n_obs": 1}}, {"type": "Feature", "id": 1105, "geometry": {"type": "Polygon", "coordinates": [[[41.430596, 42.021339], [41.427391, 42.017326], [41.430565, 42.013], [41.436943, 42.012688], [41.440148, 42.0167], [41.436975, 42.021026], [41.430596, 42.021339]]]}, "properties": {"i": 1105, "h3": "882c21d45dfffff", "lon": 41.43377, "lat": 42.01701, "water_km2": 0.232, "dist_coast_km": 22.1, "persistence": 0.0, "mean_cover": 0.0, "max_cover": 0.0, "trend_cover": 0.0, "hot": 0.0, "n_obs": 1}}, {"type": "Feature", "id": 1106, "geometry": {"type": "Polygon", "coordinates": [[[41.43047, 41.987981], [41.427267, 41.983967], [41.430439, 41.979641], [41.436814, 41.979329], [41.440018, 41.983343], [41.436846, 41.987669], [41.43047, 41.987981]]]}, "properties": {"i": 1106, "h3": "882c21d461fffff", "lon": 41.43364, "lat": 41.98366, "water_km2": 0.055, "dist_coast_km": 24.3, "persistence": 0.0, "mean_cover": 0.0, "max_cover": 0.0, "trend_cover": 0.0, "hot": 0.0, "n_obs": 1}}, {"type": "Feature", "id": 1107, "geometry": {"type": "Polygon", "coordinates": [[[41.44005, 41.991683], [41.436846, 41.987669], [41.440018, 41.983343], [41.446393, 41.98303], [41.449597, 41.987044], [41.446426, 41.99137], [41.44005, 41.991683]]]}, "properties": {"i": 1107, "h3": "882c21d463fffff", "lon": 41.44322, "lat": 41.98736, "water_km2": 0.684, "dist_coast_km": 23.2, "persistence": 0.0, "mean_cover": 0.0, "max_cover": 0.0, "trend_cover": 0.0, "hot": 0.0, "n_obs": 1}}, {"type": "Feature", "id": 1108, "geometry": {"type": "Polygon", "coordinates": [[[41.440018, 41.983343], [41.436814, 41.979329], [41.439985, 41.975002], [41.44636, 41.97469], [41.449563, 41.978704], [41.446393, 41.98303], [41.440018, 41.983343]]]}, "properties": {"i": 1108, "h3": "882c21d467fffff", "lon": 41.44319, "lat": 41.97902, "water_km2": 0.136, "dist_coast_km": 23.9, "persistence": 0.0, "mean_cover": 0.0, "max_cover": 0.0, "trend_cover": 0.0, "hot": 0.0, "n_obs": 1}}, {"type": "Feature", "id": 1109, "geometry": {"type": "Polygon", "coordinates": [[[41.430502, 41.996321], [41.427298, 41.992307], [41.43047, 41.987981], [41.436846, 41.987669], [41.44005, 41.991683], [41.436878, 41.996009], [41.430502, 41.996321]]]}, "properties": {"i": 1109, "h3": "882c21d46bfffff", "lon": 41.43367, "lat": 41.992, "water_km2": 0.293, "dist_coast_km": 24.3, "persistence": 0.0, "mean_cover": 0.0, "max_cover": 0.0, "trend_cover": 0.0, "hot": 0.0, "n_obs": 1}}, {"type": "Feature", "id": 1110, "geometry": {"type": "Polygon", "coordinates": [[[41.516734, 42.02959], [41.513527, 42.025581], [41.516694, 42.021255], [41.523068, 42.020937], [41.526275, 42.024946], [41.523108, 42.029272], [41.516734, 42.02959]]]}, "properties": {"i": 1110, "h3": "882c21d481fffff", "lon": 41.5199, "lat": 42.02526, "water_km2": 0.732, "dist_coast_km": 16.6, "persistence": 0.0, "mean_cover": 0.0, "max_cover": 0.0, "trend_cover": 0.0, "hot": 0.0, "n_obs": 1}}, {"type": "Feature", "id": 1111, "geometry": {"type": "Polygon", "coordinates": [[[41.526316, 42.03328], [41.523108, 42.029272], [41.526275, 42.024946], [41.532649, 42.024628], [41.535856, 42.028636], [41.53269, 42.032962], [41.526316, 42.03328]]]}, "properties": {"i": 1111, "h3": "882c21d483fffff", "lon": 41.52948, "lat": 42.02895, "water_km2": 0.722, "dist_coast_km": 15.5, "persistence": 0.0, "mean_cover": 0.0, "max_cover": 0.0, "trend_cover": 0.0, "hot": 0.0, "n_obs": 1}}, {"type": "Feature", "id": 1112, "geometry": {"type": "Polygon", "coordinates": [[[41.516694, 42.021255], [41.513487, 42.017245], [41.516654, 42.012919], [41.523027, 42.012601], [41.526234, 42.01661], [41.523068, 42.020937], [41.516694, 42.021255]]]}, "properties": {"i": 1112, "h3": "882c21d485fffff", "lon": 41.51986, "lat": 42.01693, "water_km2": 0.732, "dist_coast_km": 17.4, "persistence": 0.0, "mean_cover": 0.0, "max_cover": 0.0, "trend_cover": 0.0, "hot": 0.0, "n_obs": 1}}, {"type": "Feature", "id": 1113, "geometry": {"type": "Polygon", "coordinates": [[[41.526275, 42.024946], [41.523068, 42.020937], [41.526234, 42.01661], [41.532607, 42.016293], [41.535814, 42.020301], [41.532649, 42.024628], [41.526275, 42.024946]]]}, "properties": {"i": 1113, "h3": "882c21d487fffff", "lon": 41.52944, "lat": 42.02062, "water_km2": 0.742, "dist_coast_km": 15.5, "persistence": 0.0, "mean_cover": 0.0, "max_cover": 0.0, "trend_cover": 0.0, "hot": 0.0, "n_obs": 1}}, {"type": "Feature", "id": 1114, "geometry": {"type": "Polygon", "coordinates": [[[41.507191, 42.034233], [41.503984, 42.030224], [41.507152, 42.025898], [41.513527, 42.025581], [41.516734, 42.02959], [41.513566, 42.033916], [41.507191, 42.034233]]]}, "properties": {"i": 1114, "h3": "882c21d489fffff", "lon": 41.51036, "lat": 42.02991, "water_km2": 0.725, "dist_coast_km": 16.6, "persistence": 0.0, "mean_cover": 0.0, "max_cover": 0.0, "trend_cover": 0.0, "hot": 0.0, "n_obs": 1}}, {"type": "Feature", "id": 1115, "geometry": {"type": "Polygon", "coordinates": [[[41.516774, 42.037924], [41.513566, 42.033916], [41.516734, 42.02959], [41.523108, 42.029272], [41.526316, 42.03328], [41.523149, 42.037607], [41.516774, 42.037924]]]}, "properties": {"i": 1115, "h3": "882c21d48bfffff", "lon": 41.51994, "lat": 42.0336, "water_km2": 0.732, "dist_coast_km": 16.6, "persistence": 0.0, "mean_cover": 0.0, "max_cover": 0.0, "trend_cover": 0.0, "hot": 0.0, "n_obs": 1}}, {"type": "Feature", "id": 1116, "geometry": {"type": "Polygon", "coordinates": [[[41.507152, 42.025898], [41.503945, 42.021889], [41.507113, 42.017562], [41.513487, 42.017245], [41.516694, 42.021255], [41.513527, 42.025581], [41.507152, 42.025898]]]}, "properties": {"i": 1116, "h3": "882c21d48dfffff", "lon": 41.51032, "lat": 42.02157, "water_km2": 0.745, "dist_coast_km": 16.6, "persistence": 0.0, "mean_cover": 0.0, "max_cover": 0.0, "trend_cover": 0.0, "hot": 0.0, "n_obs": 1}}, {"type": "Feature", "id": 1117, "geometry": {"type": "Polygon", "coordinates": [[[41.53594, 42.045303], [41.532732, 42.041296], [41.535898, 42.03697], [41.542272, 42.036651], [41.54548, 42.040658], [41.542315, 42.044984], [41.53594, 42.045303]]]}, "properties": {"i": 1117, "h3": "882c21d491fffff", "lon": 41.53911, "lat": 42.04098, "water_km2": 0.725, "dist_coast_km": 14.4, "persistence": 0.0, "mean_cover": 0.0, "max_cover": 0.0, "trend_cover": 0.0, "hot": 0.0, "n_obs": 1}}, {"type": "Feature", "id": 1118, "geometry": {"type": "Polygon", "coordinates": [[[41.545523, 42.048991], [41.542315, 42.044984], [41.54548, 42.040658], [41.551854, 42.040339], [41.555063, 42.044345], [41.551898, 42.048671], [41.545523, 42.048991]]]}, "properties": {"i": 1118, "h3": "882c21d493fffff", "lon": 41.54869, "lat": 42.04466, "water_km2": 0.73, "dist_coast_km": 13.3, "persistence": 0.0, "mean_cover": 0.0, "max_cover": 0.0, "trend_cover": 0.0, "hot": 0.0, "n_obs": 1}}, {"type": "Feature", "id": 1119, "geometry": {"type": "Polygon", "coordinates": [[[41.535898, 42.03697], [41.53269, 42.032962], [41.535856, 42.028636], [41.542229, 42.028317], [41.545437, 42.032324], [41.542272, 42.036651], [41.535898, 42.03697]]]}, "properties": {"i": 1119, "h3": "882c21d495fffff", "lon": 41.53906, "lat": 42.03264, "water_km2": 0.742, "dist_coast_km": 15.5, "persistence": 0.0, "mean_cover": 0.0, "max_cover": 0.0, "trend_cover": 0.0, "hot": 0.0, "n_obs": 1}}, {"type": "Feature", "id": 1120, "geometry": {"type": "Polygon", "coordinates": [[[41.54548, 42.040658], [41.542272, 42.036651], [41.545437, 42.032324], [41.551811, 42.032005], [41.555019, 42.036012], [41.551854, 42.040339], [41.54548, 42.040658]]]}, "properties": {"i": 1120, "h3": "882c21d497fffff", "lon": 41.54865, "lat": 42.03633, "water_km2": 0.738, "dist_coast_km": 13.3, "persistence": 0.0, "mean_cover": 0.0, "max_cover": 0.0, "trend_cover": 0.0, "hot": 0.0, "n_obs": 1}}, {"type": "Feature", "id": 1121, "geometry": {"type": "Polygon", "coordinates": [[[41.526398, 42.049948], [41.52319, 42.045941], [41.526357, 42.041614], [41.532732, 42.041296], [41.53594, 42.045303], [41.532773, 42.049629], [41.526398, 42.049948]]]}, "properties": {"i": 1121, "h3": "882c21d499fffff", "lon": 41.52957, "lat": 42.04562, "water_km2": 0.72, "dist_coast_km": 14.4, "persistence": 0.0, "mean_cover": 0.0, "max_cover": 0.0, "trend_cover": 0.0, "hot": 0.0, "n_obs": 1}}, {"type": "Feature", "id": 1122, "geometry": {"type": "Polygon", "coordinates": [[[41.535982, 42.053636], [41.532773, 42.049629], [41.53594, 42.045303], [41.542315, 42.044984], [41.545523, 42.048991], [41.542357, 42.053317], [41.535982, 42.053636]]]}, "properties": {"i": 1122, "h3": "882c21d49bfffff", "lon": 41.53915, "lat": 42.04931, "water_km2": 0.742, "dist_coast_km": 14.4, "persistence": 0.0, "mean_cover": 0.0, "max_cover": 0.0, "trend_cover": 0.0, "hot": 0.0, "n_obs": 1}}, {"type": "Feature", "id": 1123, "geometry": {"type": "Polygon", "coordinates": [[[41.526357, 42.041614], [41.523149, 42.037607], [41.526316, 42.03328], [41.53269, 42.032962], [41.535898, 42.03697], [41.532732, 42.041296], [41.526357, 42.041614]]]}, "properties": {"i": 1123, "h3": "882c21d49dfffff", "lon": 41.52952, "lat": 42.03729, "water_km2": 0.745, "dist_coast_km": 14.4, "persistence": 0.0, "mean_cover": 0.0, "max_cover": 0.0, "trend_cover": 0.0, "hot": 0.0, "n_obs": 1}}, {"type": "Feature", "id": 1124, "geometry": {"type": "Polygon", "coordinates": [[[41.526193, 42.008275], [41.522986, 42.004265], [41.526152, 41.999938], [41.532524, 41.999621], [41.53573, 42.00363], [41.532565, 42.007957], [41.526193, 42.008275]]]}, "properties": {"i": 1124, "h3": "882c21d4a1fffff", "lon": 41.52936, "lat": 42.00395, "water_km2": 0.742, "dist_coast_km": 16.1, "persistence": 0.0, "mean_cover": 0.0, "max_cover": 0.0, "trend_cover": 0.0, "hot": 0.0, "n_obs": 1}}, {"type": "Feature", "id": 1125, "geometry": {"type": "Polygon", "coordinates": [[[41.535772, 42.011966], [41.532565, 42.007957], [41.53573, 42.00363], [41.542102, 42.003312], [41.545309, 42.00732], [41.542144, 42.011647], [41.535772, 42.011966]]]}, "properties": {"i": 1125, "h3": "882c21d4a3fffff", "lon": 41.53894, "lat": 42.00764, "water_km2": 0.722, "dist_coast_km": 16.1, "persistence": 0.0, "mean_cover": 0.0, "max_cover": 0.0, "trend_cover": 0.0, "hot": 0.0, "n_obs": 1}}, {"type": "Feature", "id": 1126, "geometry": {"type": "Polygon", "coordinates": [[[41.526152, 41.999938], [41.522946, 41.995929], [41.526111, 41.991602], [41.532482, 41.991284], [41.535689, 41.995294], [41.532524, 41.999621], [41.526152, 41.999938]]]}, "properties": {"i": 1126, "h3": "882c21d4a5fffff", "lon": 41.52932, "lat": 41.99561, "water_km2": 0.72, "dist_coast_km": 16.8, "persistence": 0.0, "mean_cover": 0.0, "max_cover": 0.0, "trend_cover": 0.0, "hot": 0.0, "n_obs": 1}}, {"type": "Feature", "id": 1127, "geometry": {"type": "Polygon", "coordinates": [[[41.53573, 42.00363], [41.532524, 41.999621], [41.535689, 41.995294], [41.542059, 41.994976], [41.545266, 41.998985], [41.542102, 42.003312], [41.53573, 42.00363]]]}, "properties": {"i": 1127, "h3": "882c21d4a7fffff", "lon": 41.5389, "lat": 41.9993, "water_km2": 0.741, "dist_coast_km": 16.8, "persistence": 0.0, "mean_cover": 0.0, "max_cover": 0.0, "trend_cover": 0.0, "hot": 0.0, "n_obs": 1}}, {"type": "Feature", "id": 1128, "geometry": {"type": "Polygon", "coordinates": [[[41.516654, 42.012919], [41.513447, 42.008909], [41.516614, 42.004582], [41.522986, 42.004265], [41.526193, 42.008275], [41.523027, 42.012601], [41.516654, 42.012919]]]}, "properties": {"i": 1128, "h3": "882c21d4a9fffff", "lon": 41.51982, "lat": 42.00859, "water_km2": 0.735, "dist_coast_km": 17.4, "persistence": 0.0, "mean_cover": 0.0, "max_cover": 0.0, "trend_cover": 0.0, "hot": 0.0, "n_obs": 1}}, {"type": "Feature", "id": 1129, "geometry": {"type": "Polygon", "coordinates": [[[41.526234, 42.01661], [41.523027, 42.012601], [41.526193, 42.008275], [41.532565, 42.007957], [41.535772, 42.011966], [41.532607, 42.016293], [41.526234, 42.01661]]]}, "properties": {"i": 1129, "h3": "882c21d4abfffff", "lon": 41.5294, "lat": 42.01228, "water_km2": 0.722, "dist_coast_km": 16.1, "persistence": 0.0, "mean_cover": 0.0, "max_cover": 0.0, "trend_cover": 0.0, "hot": 0.0, "n_obs": 1}}, {"type": "Feature", "id": 1130, "geometry": {"type": "Polygon", "coordinates": [[[41.516614, 42.004582], [41.513408, 42.000572], [41.516574, 41.996246], [41.522946, 41.995929], [41.526152, 41.999938], [41.522986, 42.004265], [41.516614, 42.004582]]]}, "properties": {"i": 1130, "h3": "882c21d4adfffff", "lon": 41.51978, "lat": 42.00026, "water_km2": 0.732, "dist_coast_km": 18.1, "persistence": 0.0, "mean_cover": 0.0, "max_cover": 0.0, "trend_cover": 0.0, "hot": 0.0, "n_obs": 1}}, {"type": "Feature", "id": 1131, "geometry": {"type": "Polygon", "coordinates": [[[41.545395, 42.02399], [41.542187, 42.019982], [41.545352, 42.015656], [41.551724, 42.015337], [41.554931, 42.019344], [41.551767, 42.023671], [41.545395, 42.02399]]]}, "properties": {"i": 1131, "h3": "882c21d4b1fffff", "lon": 41.54856, "lat": 42.01966, "water_km2": 0.732, "dist_coast_km": 14.2, "persistence": 0.0, "mean_cover": 0.0, "max_cover": 0.0, "trend_cover": 0.0, "hot": 0.0, "n_obs": 1}}, {"type": "Feature", "id": 1132, "geometry": {"type": "Polygon", "coordinates": [[[41.554975, 42.027678], [41.551767, 42.023671], [41.554931, 42.019344], [41.561303, 42.019025], [41.564511, 42.023032], [41.561347, 42.027359], [41.554975, 42.027678]]]}, "properties": {"i": 1132, "h3": "882c21d4b3fffff", "lon": 41.55814, "lat": 42.02335, "water_km2": 0.722, "dist_coast_km": 14.2, "persistence": 0.0, "mean_cover": 0.0, "max_cover": 0.0, "trend_cover": 0.0, "hot": 0.0, "n_obs": 1}}, {"type": "Feature", "id": 1133, "geometry": {"type": "Polygon", "coordinates": [[[41.545352, 42.015656], [41.542144, 42.011647], [41.545309, 42.00732], [41.55168, 42.007002], [41.554887, 42.01101], [41.551724, 42.015337], [41.545352, 42.015656]]]}, "properties": {"i": 1133, "h3": "882c21d4b5fffff", "lon": 41.54852, "lat": 42.01133, "water_km2": 0.735, "dist_coast_km": 14.8, "persistence": 0.0, "mean_cover": 0.0, "max_cover": 0.0, "trend_cover": 0.0, "hot": 0.0, "n_obs": 1}}, {"type": "Feature", "id": 1134, "geometry": {"type": "Polygon", "coordinates": [[[41.554931, 42.019344], [41.551724, 42.015337], [41.554887, 42.01101], [41.561258, 42.01069], [41.564466, 42.014698], [41.561303, 42.019025], [41.554931, 42.019344]]]}, "properties": {"i": 1134, "h3": "882c21d4b7fffff", "lon": 41.5581, "lat": 42.01502, "water_km2": 0.74, "dist_coast_km": 14.8, "persistence": 0.0, "mean_cover": 0.0, "max_cover": 0.0, "trend_cover": 0.0, "hot": 0.0, "n_obs": 1}}, {"type": "Feature", "id": 1135, "geometry": {"type": "Polygon", "coordinates": [[[41.535856, 42.028636], [41.532649, 42.024628], [41.535814, 42.020301], [41.542187, 42.019982], [41.545395, 42.02399], [41.542229, 42.028317], [41.535856, 42.028636]]]}, "properties": {"i": 1135, "h3": "882c21d4b9fffff", "lon": 41.53902, "lat": 42.02431, "water_km2": 0.722, "dist_coast_km": 15.5, "persistence": 0.0, "mean_cover": 0.0, "max_cover": 0.0, "trend_cover": 0.0, "hot": 0.0, "n_obs": 1}}, {"type": "Feature", "id": 1136, "geometry": {"type": "Polygon", "coordinates": [[[41.545437, 42.032324], [41.542229, 42.028317], [41.545395, 42.02399], [41.551767, 42.023671], [41.554975, 42.027678], [41.551811, 42.032005], [41.545437, 42.032324]]]}, "properties": {"i": 1136, "h3": "882c21d4bbfffff", "lon": 41.5486, "lat": 42.028, "water_km2": 0.735, "dist_coast_km": 14.2, "persistence": 0.0, "mean_cover": 0.0, "max_cover": 0.0, "trend_cover": 0.0, "hot": 0.0, "n_obs": 1}}, {"type": "Feature", "id": 1137, "geometry": {"type": "Polygon", "coordinates": [[[41.535814, 42.020301], [41.532607, 42.016293], [41.535772, 42.011966], [41.542144, 42.011647], [41.545352, 42.015656], [41.542187, 42.019982], [41.535814, 42.020301]]]}, "properties": {"i": 1137, "h3": "882c21d4bdfffff", "lon": 41.53898, "lat": 42.01597, "water_km2": 0.745, "dist_coast_km": 16.1, "persistence": 0.0, "mean_cover": 0.0, "max_cover": 0.0, "trend_cover": 0.0, "hot": 0.0, "n_obs": 1}}, {"type": "Feature", "id": 1138, "geometry": {"type": "Polygon", "coordinates": [[[41.488063, 42.035183], [41.484856, 42.031173], [41.488026, 42.026847], [41.494402, 42.026531], [41.497608, 42.030541], [41.494439, 42.034867], [41.488063, 42.035183]]]}, "properties": {"i": 1138, "h3": "882c21d4c1fffff", "lon": 41.49123, "lat": 42.03086, "water_km2": 0.735, "dist_coast_km": 18.8, "persistence": 0.0, "mean_cover": 0.0, "max_cover": 0.0, "trend_cover": 0.0, "hot": 0.0, "n_obs": 1}}, {"type": "Feature", "id": 1139, "geometry": {"type": "Polygon", "coordinates": [[[41.497647, 42.038876], [41.494439, 42.034867], [41.497608, 42.030541], [41.503984, 42.030224], [41.507191, 42.034233], [41.504023, 42.038559], [41.497647, 42.038876]]]}, "properties": {"i": 1139, "h3": "882c21d4c3fffff", "lon": 41.50082, "lat": 42.03455, "water_km2": 0.722, "dist_coast_km": 16.6, "persistence": 0.0, "mean_cover": 0.0, "max_cover": 0.0, "trend_cover": 0.0, "hot": 0.0, "n_obs": 1}}, {"type": "Feature", "id": 1140, "geometry": {"type": "Polygon", "coordinates": [[[41.488026, 42.026847], [41.484819, 42.022837], [41.487989, 42.018511], [41.494364, 42.018195], [41.49757, 42.022205], [41.494402, 42.026531], [41.488026, 42.026847]]]}, "properties": {"i": 1140, "h3": "882c21d4c5fffff", "lon": 41.4912, "lat": 42.02252, "water_km2": 0.732, "dist_coast_km": 18.8, "persistence": 0.0, "mean_cover": 0.0, "max_cover": 0.0, "trend_cover": 0.0, "hot": 0.0, "n_obs": 1}}, {"type": "Feature", "id": 1141, "geometry": {"type": "Polygon", "coordinates": [[[41.497608, 42.030541], [41.494402, 42.026531], [41.49757, 42.022205], [41.503945, 42.021889], [41.507152, 42.025898], [41.503984, 42.030224], [41.497608, 42.030541]]]}, "properties": {"i": 1141, "h3": "882c21d4c7fffff", "lon": 41.50078, "lat": 42.02621, "water_km2": 0.745, "dist_coast_km": 17.7, "persistence": 0.0, "mean_cover": 0.0, "max_cover": 0.0, "trend_cover": 0.0, "hot": 0.0, "n_obs": 1}}, {"type": "Feature", "id": 1142, "geometry": {"type": "Polygon", "coordinates": [[[41.478516, 42.039825], [41.475309, 42.035815], [41.47848, 42.031489], [41.484856, 42.031173], [41.488063, 42.035183], [41.484893, 42.039509], [41.478516, 42.039825]]]}, "properties": {"i": 1142, "h3": "882c21d4c9fffff", "lon": 41.48169, "lat": 42.0355, "water_km2": 0.725, "dist_coast_km": 17.7, "persistence": 0.0, "mean_cover": 0.0, "max_cover": 0.0, "trend_cover": 0.0, "hot": 0.0, "n_obs": 1}}, {"type": "Feature", "id": 1143, "geometry": {"type": "Polygon", "coordinates": [[[41.4881, 42.043518], [41.484893, 42.039509], [41.488063, 42.035183], [41.494439, 42.034867], [41.497647, 42.038876], [41.494477, 42.043202], [41.4881, 42.043518]]]}, "properties": {"i": 1143, "h3": "882c21d4cbfffff", "lon": 41.49127, "lat": 42.03919, "water_km2": 0.73, "dist_coast_km": 17.7, "persistence": 0.0, "mean_cover": 0.0, "max_cover": 0.0, "trend_cover": 0.0, "hot": 0.0, "n_obs": 1}}, {"type": "Feature", "id": 1144, "geometry": {"type": "Polygon", "coordinates": [[[41.47848, 42.031489], [41.475273, 42.027478], [41.478443, 42.023153], [41.484819, 42.022837], [41.488026, 42.026847], [41.484856, 42.031173], [41.47848, 42.031489]]]}, "properties": {"i": 1144, "h3": "882c21d4cdfffff", "lon": 41.48165, "lat": 42.02716, "water_km2": 0.74, "dist_coast_km": 18.8, "persistence": 0.0, "mean_cover": 0.0, "max_cover": 0.0, "trend_cover": 0.0, "hot": 0.0, "n_obs": 1}}, {"type": "Feature", "id": 1145, "geometry": {"type": "Polygon", "coordinates": [[[41.507269, 42.050902], [41.504062, 42.046894], [41.50723, 42.042568], [41.513606, 42.04225], [41.516814, 42.046259], [41.513646, 42.050584], [41.507269, 42.050902]]]}, "properties": {"i": 1145, "h3": "882c21d4d1fffff", "lon": 41.51044, "lat": 42.04658, "water_km2": 0.728, "dist_coast_km": 15.5, "persistence": 0.0, "mean_cover": 0.0, "max_cover": 0.0, "trend_cover": 0.0, "hot": 0.0, "n_obs": 1}}, {"type": "Feature", "id": 1146, "geometry": {"type": "Polygon", "coordinates": [[[41.516854, 42.054592], [41.513646, 42.050584], [41.516814, 42.046259], [41.52319, 42.045941], [41.526398, 42.049948], [41.52323, 42.054274], [41.516854, 42.054592]]]}, "properties": {"i": 1146, "h3": "882c21d4d3fffff", "lon": 41.52002, "lat": 42.05027, "water_km2": 0.73, "dist_coast_km": 15.5, "persistence": 0.0, "mean_cover": 0.0, "max_cover": 0.0, "trend_cover": 0.0, "hot": 0.0, "n_obs": 1}}, {"type": "Feature", "id": 1147, "geometry": {"type": "Polygon", "coordinates": [[[41.50723, 42.042568], [41.504023, 42.038559], [41.507191, 42.034233], [41.513566, 42.033916], [41.516774, 42.037924], [41.513606, 42.04225], [41.50723, 42.042568]]]}, "properties": {"i": 1147, "h3": "882c21d4d5fffff", "lon": 41.5104, "lat": 42.03824, "water_km2": 0.74, "dist_coast_km": 15.5, "persistence": 0.0, "mean_cover": 0.0, "max_cover": 0.0, "trend_cover": 0.0, "hot": 0.0, "n_obs": 1}}, {"type": "Feature", "id": 1148, "geometry": {"type": "Polygon", "coordinates": [[[41.516814, 42.046259], [41.513606, 42.04225], [41.516774, 42.037924], [41.523149, 42.037607], [41.526357, 42.041614], [41.52319, 42.045941], [41.516814, 42.046259]]]}, "properties": {"i": 1148, "h3": "882c21d4d7fffff", "lon": 41.51998, "lat": 42.04193, "water_km2": 0.735, "dist_coast_km": 15.5, "persistence": 0.0, "mean_cover": 0.0, "max_cover": 0.0, "trend_cover": 0.0, "hot": 0.0, "n_obs": 1}}, {"type": "Feature", "id": 1149, "geometry": {"type": "Polygon", "coordinates": [[[41.497723, 42.055545], [41.494515, 42.051536], [41.497685, 42.047211], [41.504062, 42.046894], [41.507269, 42.050902], [41.5041, 42.055228], [41.497723, 42.055545]]]}, "properties": {"i": 1149, "h3": "882c21d4d9fffff", "lon": 41.50089, "lat": 42.05122, "water_km2": 0.72, "dist_coast_km": 15.5, "persistence": 0.0, "mean_cover": 0.0, "max_cover": 0.0, "trend_cover": 0.0, "hot": 0.0, "n_obs": 1}}, {"type": "Feature", "id": 1150, "geometry": {"type": "Polygon", "coordinates": [[[41.507308, 42.059236], [41.5041, 42.055228], [41.507269, 42.050902], [41.513646, 42.050584], [41.516854, 42.054592], [41.513686, 42.058918], [41.507308, 42.059236]]]}, "properties": {"i": 1150, "h3": "882c21d4dbfffff", "lon": 41.51048, "lat": 42.05491, "water_km2": 0.738, "dist_coast_km": 14.4, "persistence": 0.0, "mean_cover": 0.0, "max_cover": 0.0, "trend_cover": 0.0, "hot": 0.0, "n_obs": 1}}, {"type": "Feature", "id": 1151, "geometry": {"type": "Polygon", "coordinates": [[[41.497685, 42.047211], [41.494477, 42.043202], [41.497647, 42.038876], [41.504023, 42.038559], [41.50723, 42.042568], [41.504062, 42.046894], [41.497685, 42.047211]]]}, "properties": {"i": 1151, "h3": "882c21d4ddfffff", "lon": 41.50085, "lat": 42.04289, "water_km2": 0.748, "dist_coast_km": 16.6, "persistence": 0.0, "mean_cover": 0.0, "max_cover": 0.0, "trend_cover": 0.0, "hot": 0.0, "n_obs": 1}}, {"type": "Feature", "id": 1152, "geometry": {"type": "Polygon", "coordinates": [[[41.497532, 42.013869], [41.494326, 42.009858], [41.497494, 42.005532], [41.503868, 42.005216], [41.507074, 42.009226], [41.503906, 42.013552], [41.497532, 42.013869]]]}, "properties": {"i": 1152, "h3": "882c21d4e1fffff", "lon": 41.5007, "lat": 42.00954, "water_km2": 0.748, "dist_coast_km": 18.7, "persistence": 0.0, "mean_cover": 0.0, "max_cover": 0.0, "trend_cover": 0.0, "hot": 0.0, "n_obs": 1}}, {"type": "Feature", "id": 1153, "geometry": {"type": "Polygon", "coordinates": [[[41.507113, 42.017562], [41.503906, 42.013552], [41.507074, 42.009226], [41.513447, 42.008909], [41.516654, 42.012919], [41.513487, 42.017245], [41.507113, 42.017562]]]}, "properties": {"i": 1153, "h3": "882c21d4e3fffff", "lon": 41.51028, "lat": 42.01324, "water_km2": 0.722, "dist_coast_km": 17.4, "persistence": 0.0, "mean_cover": 0.0, "max_cover": 0.0, "trend_cover": 0.0, "hot": 0.0, "n_obs": 1}}, {"type": "Feature", "id": 1154, "geometry": {"type": "Polygon", "coordinates": [[[41.497494, 42.005532], [41.494288, 42.001521], [41.497456, 41.997194], [41.503829, 41.996878], [41.507035, 42.000889], [41.503868, 42.005216], [41.497494, 42.005532]]]}, "properties": {"i": 1154, "h3": "882c21d4e5fffff", "lon": 41.50066, "lat": 42.00121, "water_km2": 0.725, "dist_coast_km": 18.7, "persistence": 0.0, "mean_cover": 0.0, "max_cover": 0.0, "trend_cover": 0.0, "hot": 0.0, "n_obs": 1}}, {"type": "Feature", "id": 1155, "geometry": {"type": "Polygon", "coordinates": [[[41.507074, 42.009226], [41.503868, 42.005216], [41.507035, 42.000889], [41.513408, 42.000572], [41.516614, 42.004582], [41.513447, 42.008909], [41.507074, 42.009226]]]}, "properties": {"i": 1155, "h3": "882c21d4e7fffff", "lon": 41.51024, "lat": 42.0049, "water_km2": 0.745, "dist_coast_km": 17.4, "persistence": 0.0, "mean_cover": 0.0, "max_cover": 0.0, "trend_cover": 0.0, "hot": 0.0, "n_obs": 1}}, {"type": "Feature", "id": 1156, "geometry": {"type": "Polygon", "coordinates": [[[41.487989, 42.018511], [41.484783, 42.0145], [41.487952, 42.010174], [41.494326, 42.009858], [41.497532, 42.013869], [41.494364, 42.018195], [41.487989, 42.018511]]]}, "properties": {"i": 1156, "h3": "882c21d4e9fffff", "lon": 41.49116, "lat": 42.01418, "water_km2": 0.732, "dist_coast_km": 19.9, "persistence": 0.0, "mean_cover": 0.0, "max_cover": 0.0, "trend_cover": 0.0, "hot": 0.0, "n_obs": 1}}, {"type": "Feature", "id": 1157, "geometry": {"type": "Polygon", "coordinates": [[[41.49757, 42.022205], [41.494364, 42.018195], [41.497532, 42.013869], [41.503906, 42.013552], [41.507113, 42.017562], [41.503945, 42.021889], [41.49757, 42.022205]]]}, "properties": {"i": 1157, "h3": "882c21d4ebfffff", "lon": 41.50074, "lat": 42.01788, "water_km2": 0.722, "dist_coast_km": 17.7, "persistence": 0.0, "mean_cover": 0.0, "max_cover": 0.0, "trend_cover": 0.0, "hot": 0.0, "n_obs": 1}}, {"type": "Feature", "id": 1158, "geometry": {"type": "Polygon", "coordinates": [[[41.487952, 42.010174], [41.484746, 42.006163], [41.487914, 42.001837], [41.494288, 42.001521], [41.497494, 42.005532], [41.494326, 42.009858], [41.487952, 42.010174]]]}, "properties": {"i": 1158, "h3": "882c21d4edfffff", "lon": 41.49112, "lat": 42.00585, "water_km2": 0.735, "dist_coast_km": 19.9, "persistence": 0.0, "mean_cover": 0.0, "max_cover": 0.0, "trend_cover": 0.0, "hot": 0.0, "n_obs": 1}}, {"type": "Feature", "id": 1159, "geometry": {"type": "Polygon", "coordinates": [[[41.516494, 41.97957], [41.513289, 41.975559], [41.516454, 41.971232], [41.522824, 41.970915], [41.526029, 41.974926], [41.522865, 41.979254], [41.516494, 41.97957]]]}, "properties": {"i": 1159, "h3": "882c21d58bfffff", "lon": 41.51966, "lat": 41.97524, "water_km2": 0.038, "dist_coast_km": 18.9, "persistence": 0.0, "mean_cover": 0.0, "max_cover": 0.0, "trend_cover": 0.0, "hot": 0.0, "n_obs": 1}}, {"type": "Feature", "id": 1160, "geometry": {"type": "Polygon", "coordinates": [[[41.535647, 41.986957], [41.532441, 41.982947], [41.535605, 41.978619], [41.541974, 41.978302], [41.54518, 41.982312], [41.542017, 41.986639], [41.535647, 41.986957]]]}, "properties": {"i": 1160, "h3": "882c21d591fffff", "lon": 41.53881, "lat": 41.98263, "water_km2": 0.745, "dist_coast_km": 17.7, "persistence": 0.0, "mean_cover": 0.0, "max_cover": 0.0, "trend_cover": 0.0, "hot": 0.0, "n_obs": 1}}, {"type": "Feature", "id": 1161, "geometry": {"type": "Polygon", "coordinates": [[[41.545223, 41.990648], [41.542017, 41.986639], [41.54518, 41.982312], [41.55155, 41.981993], [41.554756, 41.986003], [41.551593, 41.99033], [41.545223, 41.990648]]]}, "properties": {"i": 1161, "h3": "882c21d593fffff", "lon": 41.54839, "lat": 41.98632, "water_km2": 0.726, "dist_coast_km": 15.6, "persistence": 0.0, "mean_cover": 0.0, "max_cover": 0.0, "trend_cover": 0.0, "hot": 0.0, "n_obs": 1}}, {"type": "Feature", "id": 1162, "geometry": {"type": "Polygon", "coordinates": [[[41.535605, 41.978619], [41.532399, 41.974609], [41.535563, 41.970282], [41.541932, 41.969964], [41.545138, 41.973974], [41.541974, 41.978302], [41.535605, 41.978619]]]}, "properties": {"i": 1162, "h3": "882c21d595fffff", "lon": 41.53877, "lat": 41.97429, "water_km2": 0.006, "dist_coast_km": 17.7, "persistence": 0.0, "mean_cover": 0.0, "max_cover": 0.0, "trend_cover": 0.0, "hot": 0.0, "n_obs": 1}}, {"type": "Feature", "id": 1163, "geometry": {"type": "Polygon", "coordinates": [[[41.54518, 41.982312], [41.541974, 41.978302], [41.545138, 41.973974], [41.551506, 41.973656], [41.554712, 41.977666], [41.55155, 41.981993], [41.54518, 41.982312]]]}, "properties": {"i": 1163, "h3": "882c21d597fffff", "lon": 41.54834, "lat": 41.97798, "water_km2": 0.36, "dist_coast_km": 16.6, "persistence": 0.0, "mean_cover": 0.0, "max_cover": 0.0, "trend_cover": 0.0, "hot": 0.0, "n_obs": 1}}, {"type": "Feature", "id": 1164, "geometry": {"type": "Polygon", "coordinates": [[[41.526111, 41.991602], [41.522905, 41.987591], [41.52607, 41.983264], [41.532441, 41.982947], [41.535647, 41.986957], [41.532482, 41.991284], [41.526111, 41.991602]]]}, "properties": {"i": 1164, "h3": "882c21d599fffff", "lon": 41.52928, "lat": 41.98727, "water_km2": 0.686, "dist_coast_km": 16.8, "persistence": 0.0, "mean_cover": 0.0, "max_cover": 0.0, "trend_cover": 0.0, "hot": 0.0, "n_obs": 1}}, {"type": "Feature", "id": 1165, "geometry": {"type": "Polygon", "coordinates": [[[41.535689, 41.995294], [41.532482, 41.991284], [41.535647, 41.986957], [41.542017, 41.986639], [41.545223, 41.990648], [41.542059, 41.994976], [41.535689, 41.995294]]]}, "properties": {"i": 1165, "h3": "882c21d59bfffff", "lon": 41.53885, "lat": 41.99097, "water_km2": 0.712, "dist_coast_km": 16.8, "persistence": 0.0, "mean_cover": 0.0, "max_cover": 0.0, "trend_cover": 0.0, "hot": 0.0, "n_obs": 1}}, {"type": "Feature", "id": 1166, "geometry": {"type": "Polygon", "coordinates": [[[41.52607, 41.983264], [41.522865, 41.979254], [41.526029, 41.974926], [41.532399, 41.974609], [41.535605, 41.978619], [41.532441, 41.982947], [41.52607, 41.983264]]]}, "properties": {"i": 1166, "h3": "882c21d59dfffff", "lon": 41.52923, "lat": 41.97894, "water_km2": 0.105, "dist_coast_km": 17.7, "persistence": 0.0, "mean_cover": 0.0, "max_cover": 0.0, "trend_cover": 0.0, "hot": 0.0, "n_obs": 1}}, {"type": "Feature", "id": 1167, "geometry": {"type": "Polygon", "coordinates": [[[41.49738, 41.980518], [41.494175, 41.976506], [41.497342, 41.972179], [41.503713, 41.971864], [41.506918, 41.975875], [41.503751, 41.980202], [41.49738, 41.980518]]]}, "properties": {"i": 1167, "h3": "882c21d5c3fffff", "lon": 41.50055, "lat": 41.97619, "water_km2": 0.086, "dist_coast_km": 20.1, "persistence": 0.0, "mean_cover": 0.0, "max_cover": 0.0, "trend_cover": 0.0, "hot": 0.0, "n_obs": 1}}, {"type": "Feature", "id": 1168, "geometry": {"type": "Polygon", "coordinates": [[[41.478262, 41.981463], [41.475058, 41.97745], [41.478226, 41.973123], [41.484598, 41.972809], [41.487803, 41.976821], [41.484635, 41.981148], [41.478262, 41.981463]]]}, "properties": {"i": 1168, "h3": "882c21d5c9fffff", "lon": 41.48143, "lat": 41.97714, "water_km2": 0.133, "dist_coast_km": 21.4, "persistence": 0.0, "mean_cover": 0.0, "max_cover": 0.0, "trend_cover": 0.0, "hot": 0.0, "n_obs": 1}}, {"type": "Feature", "id": 1169, "geometry": {"type": "Polygon", "coordinates": [[[41.48784, 41.98516], [41.484635, 41.981148], [41.487803, 41.976821], [41.494175, 41.976506], [41.49738, 41.980518], [41.494213, 41.984845], [41.48784, 41.98516]]]}, "properties": {"i": 1169, "h3": "882c21d5cbfffff", "lon": 41.49101, "lat": 41.98083, "water_km2": 0.521, "dist_coast_km": 21.4, "persistence": 0.0, "mean_cover": 0.0, "max_cover": 0.0, "trend_cover": 0.0, "hot": 0.0, "n_obs": 1}}, {"type": "Feature", "id": 1170, "geometry": {"type": "Polygon", "coordinates": [[[41.506996, 41.992552], [41.50379, 41.988541], [41.506957, 41.984214], [41.513328, 41.983897], [41.516534, 41.987908], [41.513368, 41.992235], [41.506996, 41.992552]]]}, "properties": {"i": 1170, "h3": "882c21d5d1fffff", "lon": 41.51016, "lat": 41.98822, "water_km2": 0.737, "dist_coast_km": 18.1, "persistence": 0.0, "mean_cover": 0.0, "max_cover": 0.0, "trend_cover": 0.0, "hot": 0.0, "n_obs": 1}}, {"type": "Feature", "id": 1171, "geometry": {"type": "Polygon", "coordinates": [[[41.516574, 41.996246], [41.513368, 41.992235], [41.516534, 41.987908], [41.522905, 41.987591], [41.526111, 41.991602], [41.522946, 41.995929], [41.516574, 41.996246]]]}, "properties": {"i": 1171, "h3": "882c21d5d3fffff", "lon": 41.51974, "lat": 41.99192, "water_km2": 0.718, "dist_coast_km": 18.1, "persistence": 0.0, "mean_cover": 0.0, "max_cover": 0.0, "trend_cover": 0.0, "hot": 0.0, "n_obs": 1}}, {"type": "Feature", "id": 1172, "geometry": {"type": "Polygon", "coordinates": [[[41.506957, 41.984214], [41.503751, 41.980202], [41.506918, 41.975875], [41.513289, 41.975559], [41.516494, 41.97957], [41.513328, 41.983897], [41.506957, 41.984214]]]}, "properties": {"i": 1172, "h3": "882c21d5d5fffff", "lon": 41.51012, "lat": 41.97989, "water_km2": 0.465, "dist_coast_km": 18.9, "persistence": 0.0, "mean_cover": 0.0, "max_cover": 0.0, "trend_cover": 0.0, "hot": 0.0, "n_obs": 1}}, {"type": "Feature", "id": 1173, "geometry": {"type": "Polygon", "coordinates": [[[41.516534, 41.987908], [41.513328, 41.983897], [41.516494, 41.97957], [41.522865, 41.979254], [41.52607, 41.983264], [41.522905, 41.987591], [41.516534, 41.987908]]]}, "properties": {"i": 1173, "h3": "882c21d5d7fffff", "lon": 41.5197, "lat": 41.98358, "water_km2": 0.635, "dist_coast_km": 18.9, "persistence": 0.0, "mean_cover": 0.0, "max_cover": 0.0, "trend_cover": 0.0, "hot": 0.0, "n_obs": 1}}, {"type": "Feature", "id": 1174, "geometry": {"type": "Polygon", "coordinates": [[[41.497456, 41.997194], [41.49425, 41.993183], [41.497418, 41.988856], [41.50379, 41.988541], [41.506996, 41.992552], [41.503829, 41.996878], [41.497456, 41.997194]]]}, "properties": {"i": 1174, "h3": "882c21d5d9fffff", "lon": 41.50062, "lat": 41.99287, "water_km2": 0.742, "dist_coast_km": 19.4, "persistence": 0.0, "mean_cover": 0.0, "max_cover": 0.0, "trend_cover": 0.0, "hot": 0.0, "n_obs": 1}}, {"type": "Feature", "id": 1175, "geometry": {"type": "Polygon", "coordinates": [[[41.507035, 42.000889], [41.503829, 41.996878], [41.506996, 41.992552], [41.513368, 41.992235], [41.516574, 41.996246], [41.513408, 42.000572], [41.507035, 42.000889]]]}, "properties": {"i": 1175, "h3": "882c21d5dbfffff", "lon": 41.5102, "lat": 41.99656, "water_km2": 0.72, "dist_coast_km": 18.1, "persistence": 0.0, "mean_cover": 0.0, "max_cover": 0.0, "trend_cover": 0.0, "hot": 0.0, "n_obs": 1}}, {"type": "Feature", "id": 1176, "geometry": {"type": "Polygon", "coordinates": [[[41.497418, 41.988856], [41.494213, 41.984845], [41.49738, 41.980518], [41.503751, 41.980202], [41.506957, 41.984214], [41.50379, 41.988541], [41.497418, 41.988856]]]}, "properties": {"i": 1176, "h3": "882c21d5ddfffff", "lon": 41.50058, "lat": 41.98453, "water_km2": 0.723, "dist_coast_km": 19.4, "persistence": 0.0, "mean_cover": 0.0, "max_cover": 0.0, "trend_cover": 0.0, "hot": 0.0, "n_obs": 1}}, {"type": "Feature", "id": 1177, "geometry": {"type": "Polygon", "coordinates": [[[41.449898, 42.062081], [41.446691, 42.058071], [41.449864, 42.053746], [41.456244, 42.053431], [41.459451, 42.057441], [41.456278, 42.061766], [41.449898, 42.062081]]]}, "properties": {"i": 1177, "h3": "882c21d681fffff", "lon": 41.45307, "lat": 42.05776, "water_km2": 0.735, "dist_coast_km": 18.9, "persistence": 0.0, "mean_cover": 0.0, "max_cover": 0.0, "trend_cover": 0.0, "hot": 0.0, "n_obs": 1}}, {"type": "Feature", "id": 1178, "geometry": {"type": "Polygon", "coordinates": [[[41.459485, 42.065776], [41.456278, 42.061766], [41.459451, 42.057441], [41.465831, 42.057126], [41.469038, 42.061136], [41.465866, 42.065461], [41.459485, 42.065776]]]}, "properties": {"i": 1178, "h3": "882c21d683fffff", "lon": 41.46266, "lat": 42.06145, "water_km2": 0.725, "dist_coast_km": 17.7, "persistence": 0.0, "mean_cover": 0.0, "max_cover": 0.0, "trend_cover": 0.0, "hot": 0.0, "n_obs": 1}}, {"type": "Feature", "id": 1179, "geometry": {"type": "Polygon", "coordinates": [[[41.449864, 42.053746], [41.446658, 42.049735], [41.449831, 42.04541], [41.45621, 42.045096], [41.459417, 42.049106], [41.456244, 42.053431], [41.449864, 42.053746]]]}, "properties": {"i": 1179, "h3": "882c21d685fffff", "lon": 41.45304, "lat": 42.04942, "water_km2": 0.738, "dist_coast_km": 19.9, "persistence": 0.0, "mean_cover": 0.0, "max_cover": 0.0, "trend_cover": 0.0, "hot": 0.0, "n_obs": 1}}, {"type": "Feature", "id": 1180, "geometry": {"type": "Polygon", "coordinates": [[[41.459451, 42.057441], [41.456244, 42.053431], [41.459417, 42.049106], [41.465796, 42.048791], [41.469003, 42.052801], [41.465831, 42.057126], [41.459451, 42.057441]]]}, "properties": {"i": 1180, "h3": "882c21d687fffff", "lon": 41.46262, "lat": 42.05312, "water_km2": 0.74, "dist_coast_km": 17.7, "persistence": 0.0, "mean_cover": 0.0, "max_cover": 0.0, "trend_cover": 0.0, "hot": 0.0, "n_obs": 1}}, {"type": "Feature", "id": 1181, "geometry": {"type": "Polygon", "coordinates": [[[41.440343, 42.06672], [41.437136, 42.06271], [41.44031, 42.058385], [41.446691, 42.058071], [41.449898, 42.062081], [41.446724, 42.066406], [41.440343, 42.06672]]]}, "properties": {"i": 1181, "h3": "882c21d689fffff", "lon": 41.44352, "lat": 42.0624, "water_km2": 0.718, "dist_coast_km": 18.9, "persistence": 0.0, "mean_cover": 0.0, "max_cover": 0.0, "trend_cover": 0.0, "hot": 0.0, "n_obs": 1}}, {"type": "Feature", "id": 1182, "geometry": {"type": "Polygon", "coordinates": [[[41.449931, 42.070416], [41.446724, 42.066406], [41.449898, 42.062081], [41.456278, 42.061766], [41.459485, 42.065776], [41.456312, 42.070101], [41.449931, 42.070416]]]}, "properties": {"i": 1182, "h3": "882c21d68bfffff", "lon": 41.4531, "lat": 42.06609, "water_km2": 0.735, "dist_coast_km": 18.9, "persistence": 0.0, "mean_cover": 0.0, "max_cover": 0.0, "trend_cover": 0.0, "hot": 0.0, "n_obs": 1}}, {"type": "Feature", "id": 1183, "geometry": {"type": "Polygon", "coordinates": [[[41.44031, 42.058385], [41.437104, 42.054374], [41.440278, 42.050049], [41.446658, 42.049735], [41.449864, 42.053746], [41.446691, 42.058071], [41.44031, 42.058385]]]}, "properties": {"i": 1183, "h3": "882c21d68dfffff", "lon": 41.44348, "lat": 42.05406, "water_km2": 0.745, "dist_coast_km": 18.9, "persistence": 0.0, "mean_cover": 0.0, "max_cover": 0.0, "trend_cover": 0.0, "hot": 0.0, "n_obs": 1}}, {"type": "Feature", "id": 1184, "geometry": {"type": "Polygon", "coordinates": [[[41.469109, 42.077803], [41.465901, 42.073795], [41.469073, 42.06947], [41.475453, 42.069154], [41.478661, 42.073162], [41.475489, 42.077487], [41.469109, 42.077803]]]}, "properties": {"i": 1184, "h3": "882c21d691fffff", "lon": 41.47228, "lat": 42.07348, "water_km2": 0.72, "dist_coast_km": 16.8, "persistence": 0.0, "mean_cover": 0.0, "max_cover": 0.0, "trend_cover": 0.0, "hot": 0.0, "n_obs": 1}}, {"type": "Feature", "id": 1185, "geometry": {"type": "Polygon", "coordinates": [[[41.478698, 42.081496], [41.475489, 42.077487], [41.478661, 42.073162], [41.485041, 42.072846], [41.488249, 42.076854], [41.485078, 42.081179], [41.478698, 42.081496]]]}, "properties": {"i": 1185, "h3": "882c21d693fffff", "lon": 41.48187, "lat": 42.07717, "water_km2": 0.738, "dist_coast_km": 15.6, "persistence": 0.0, "mean_cover": 0.0, "max_cover": 0.0, "trend_cover": 0.0, "hot": 0.0, "n_obs": 1}}, {"type": "Feature", "id": 1186, "geometry": {"type": "Polygon", "coordinates": [[[41.469073, 42.06947], [41.465866, 42.065461], [41.469038, 42.061136], [41.475417, 42.06082], [41.478625, 42.064829], [41.475453, 42.069154], [41.469073, 42.06947]]]}, "properties": {"i": 1186, "h3": "882c21d695fffff", "lon": 41.47225, "lat": 42.06514, "water_km2": 0.745, "dist_coast_km": 17.7, "persistence": 0.0, "mean_cover": 0.0, "max_cover": 0.0, "trend_cover": 0.0, "hot": 0.0, "n_obs": 1}}, {"type": "Feature", "id": 1187, "geometry": {"type": "Polygon", "coordinates": [[[41.478661, 42.073162], [41.475453, 42.069154], [41.478625, 42.064829], [41.485004, 42.064512], [41.488212, 42.068521], [41.485041, 42.072846], [41.478661, 42.073162]]]}, "properties": {"i": 1187, "h3": "882c21d697fffff", "lon": 41.48183, "lat": 42.06884, "water_km2": 0.73, "dist_coast_km": 15.6, "persistence": 0.0, "mean_cover": 0.0, "max_cover": 0.0, "trend_cover": 0.0, "hot": 0.0, "n_obs": 1}}, {"type": "Feature", "id": 1188, "geometry": {"type": "Polygon", "coordinates": [[[41.459554, 42.082444], [41.456346, 42.078435], [41.45952, 42.07411], [41.465901, 42.073795], [41.469109, 42.077803], [41.465936, 42.082128], [41.459554, 42.082444]]]}, "properties": {"i": 1188, "h3": "882c21d699fffff", "lon": 41.46273, "lat": 42.07812, "water_km2": 0.725, "dist_coast_km": 16.8, "persistence": 0.0, "mean_cover": 0.0, "max_cover": 0.0, "trend_cover": 0.0, "hot": 0.0, "n_obs": 1}}, {"type": "Feature", "id": 1189, "geometry": {"type": "Polygon", "coordinates": [[[41.469144, 42.086137], [41.465936, 42.082128], [41.469109, 42.077803], [41.475489, 42.077487], [41.478698, 42.081496], [41.475525, 42.08582], [41.469144, 42.086137]]]}, "properties": {"i": 1189, "h3": "882c21d69bfffff", "lon": 41.47232, "lat": 42.08181, "water_km2": 0.745, "dist_coast_km": 16.8, "persistence": 0.0, "mean_cover": 0.0, "max_cover": 0.0, "trend_cover": 0.0, "hot": 0.0, "n_obs": 1}}, {"type": "Feature", "id": 1190, "geometry": {"type": "Polygon", "coordinates": [[[41.45952, 42.07411], [41.456312, 42.070101], [41.459485, 42.065776], [41.465866, 42.065461], [41.469073, 42.06947], [41.465901, 42.073795], [41.45952, 42.07411]]]}, "properties": {"i": 1190, "h3": "882c21d69dfffff", "lon": 41.46269, "lat": 42.06979, "water_km2": 0.745, "dist_coast_km": 16.8, "persistence": 0.0, "mean_cover": 0.0, "max_cover": 0.0, "trend_cover": 0.0, "hot": 0.0, "n_obs": 1}}, {"type": "Feature", "id": 1191, "geometry": {"type": "Polygon", "coordinates": [[[41.459382, 42.04077], [41.456176, 42.036759], [41.459348, 42.032434], [41.465725, 42.032119], [41.468932, 42.03613], [41.46576, 42.040455], [41.459382, 42.04077]]]}, "properties": {"i": 1191, "h3": "882c21d6a1fffff", "lon": 41.46255, "lat": 42.03644, "water_km2": 0.738, "dist_coast_km": 18.8, "persistence": 0.0, "mean_cover": 0.0, "max_cover": 0.0, "trend_cover": 0.0, "hot": 0.0, "n_obs": 1}}, {"type": "Feature", "id": 1192, "geometry": {"type": "Polygon", "coordinates": [[[41.468967, 42.044466], [41.46576, 42.040455], [41.468932, 42.03613], [41.475309, 42.035815], [41.478516, 42.039825], [41.475345, 42.04415], [41.468967, 42.044466]]]}, "properties": {"i": 1192, "h3": "882c21d6a3fffff", "lon": 41.47214, "lat": 42.04014, "water_km2": 0.72, "dist_coast_km": 18.8, "persistence": 0.0, "mean_cover": 0.0, "max_cover": 0.0, "trend_cover": 0.0, "hot": 0.0, "n_obs": 1}}, {"type": "Feature", "id": 1193, "geometry": {"type": "Polygon", "coordinates": [[[41.459348, 42.032434], [41.456142, 42.028423], [41.459313, 42.024097], [41.46569, 42.023782], [41.468897, 42.027793], [41.465725, 42.032119], [41.459348, 42.032434]]]}, "properties": {"i": 1193, "h3": "882c21d6a5fffff", "lon": 41.46252, "lat": 42.02811, "water_km2": 0.73, "dist_coast_km": 19.9, "persistence": 0.0, "mean_cover": 0.0, "max_cover": 0.0, "trend_cover": 0.0, "hot": 0.0, "n_obs": 1}}, {"type": "Feature", "id": 1194, "geometry": {"type": "Polygon", "coordinates": [[[41.468932, 42.03613], [41.465725, 42.032119], [41.468897, 42.027793], [41.475273, 42.027478], [41.47848, 42.031489], [41.475309, 42.035815], [41.468932, 42.03613]]]}, "properties": {"i": 1194, "h3": "882c21d6a7fffff", "lon": 41.4721, "lat": 42.0318, "water_km2": 0.75, "dist_coast_km": 19.9, "persistence": 0.0, "mean_cover": 0.0, "max_cover": 0.0, "trend_cover": 0.0, "hot": 0.0, "n_obs": 1}}, {"type": "Feature", "id": 1195, "geometry": {"type": "Polygon", "coordinates": [[[41.449831, 42.04541], [41.446624, 42.041399], [41.449797, 42.037074], [41.456176, 42.036759], [41.459382, 42.04077], [41.45621, 42.045096], [41.449831, 42.04541]]]}, "properties": {"i": 1195, "h3": "882c21d6a9fffff", "lon": 41.453, "lat": 42.04108, "water_km2": 0.728, "dist_coast_km": 19.9, "persistence": 0.0, "mean_cover": 0.0, "max_cover": 0.0, "trend_cover": 0.0, "hot": 0.0, "n_obs": 1}}, {"type": "Feature", "id": 1196, "geometry": {"type": "Polygon", "coordinates": [[[41.459417, 42.049106], [41.45621, 42.045096], [41.459382, 42.04077], [41.46576, 42.040455], [41.468967, 42.044466], [41.465796, 42.048791], [41.459417, 42.049106]]]}, "properties": {"i": 1196, "h3": "882c21d6abfffff", "lon": 41.46259, "lat": 42.04478, "water_km2": 0.73, "dist_coast_km": 18.8, "persistence": 0.0, "mean_cover": 0.0, "max_cover": 0.0, "trend_cover": 0.0, "hot": 0.0, "n_obs": 1}}, {"type": "Feature", "id": 1197, "geometry": {"type": "Polygon", "coordinates": [[[41.449797, 42.037074], [41.446591, 42.033062], [41.449764, 42.028737], [41.456142, 42.028423], [41.459348, 42.032434], [41.456176, 42.036759], [41.449797, 42.037074]]]}, "properties": {"i": 1197, "h3": "882c21d6adfffff", "lon": 41.45297, "lat": 42.03275, "water_km2": 0.736, "dist_coast_km": 21.0, "persistence": 0.0, "mean_cover": 0.0, "max_cover": 0.0, "trend_cover": 0.0, "hot": 0.0, "n_obs": 1}}, {"type": "Feature", "id": 1198, "geometry": {"type": "Polygon", "coordinates": [[[41.478589, 42.056495], [41.475381, 42.052485], [41.478552, 42.04816], [41.48493, 42.047844], [41.488138, 42.051853], [41.484967, 42.056178], [41.478589, 42.056495]]]}, "properties": {"i": 1198, "h3": "882c21d6b1fffff", "lon": 41.48176, "lat": 42.05217, "water_km2": 0.728, "dist_coast_km": 16.6, "persistence": 0.0, "mean_cover": 0.0, "max_cover": 0.0, "trend_cover": 0.0, "hot": 0.0, "n_obs": 1}}, {"type": "Feature", "id": 1199, "geometry": {"type": "Polygon", "coordinates": [[[41.488175, 42.060187], [41.484967, 42.056178], [41.488138, 42.051853], [41.494515, 42.051536], [41.497723, 42.055545], [41.494553, 42.05987], [41.488175, 42.060187]]]}, "properties": {"i": 1199, "h3": "882c21d6b3fffff", "lon": 41.49135, "lat": 42.05586, "water_km2": 0.73, "dist_coast_km": 16.6, "persistence": 0.0, "mean_cover": 0.0, "max_cover": 0.0, "trend_cover": 0.0, "hot": 0.0, "n_obs": 1}}, {"type": "Feature", "id": 1200, "geometry": {"type": "Polygon", "coordinates": [[[41.478552, 42.04816], [41.475345, 42.04415], [41.478516, 42.039825], [41.484893, 42.039509], [41.4881, 42.043518], [41.48493, 42.047844], [41.478552, 42.04816]]]}, "properties": {"i": 1200, "h3": "882c21d6b5fffff", "lon": 41.48172, "lat": 42.04383, "water_km2": 0.738, "dist_coast_km": 17.7, "persistence": 0.0, "mean_cover": 0.0, "max_cover": 0.0, "trend_cover": 0.0, "hot": 0.0, "n_obs": 1}}, {"type": "Feature", "id": 1201, "geometry": {"type": "Polygon", "coordinates": [[[41.488138, 42.051853], [41.48493, 42.047844], [41.4881, 42.043518], [41.494477, 42.043202], [41.497685, 42.047211], [41.494515, 42.051536], [41.488138, 42.051853]]]}, "properties": {"i": 1201, "h3": "882c21d6b7fffff", "lon": 41.49131, "lat": 42.04753, "water_km2": 0.74, "dist_coast_km": 17.7, "persistence": 0.0, "mean_cover": 0.0, "max_cover": 0.0, "trend_cover": 0.0, "hot": 0.0, "n_obs": 1}}, {"type": "Feature", "id": 1202, "geometry": {"type": "Polygon", "coordinates": [[[41.469038, 42.061136], [41.465831, 42.057126], [41.469003, 42.052801], [41.475381, 42.052485], [41.478589, 42.056495], [41.475417, 42.06082], [41.469038, 42.061136]]]}, "properties": {"i": 1202, "h3": "882c21d6b9fffff", "lon": 41.47221, "lat": 42.05681, "water_km2": 0.72, "dist_coast_km": 17.7, "persistence": 0.0, "mean_cover": 0.0, "max_cover": 0.0, "trend_cover": 0.0, "hot": 0.0, "n_obs": 1}}, {"type": "Feature", "id": 1203, "geometry": {"type": "Polygon", "coordinates": [[[41.478625, 42.064829], [41.475417, 42.06082], [41.478589, 42.056495], [41.484967, 42.056178], [41.488175, 42.060187], [41.485004, 42.064512], [41.478625, 42.064829]]]}, "properties": {"i": 1203, "h3": "882c21d6bbfffff", "lon": 41.4818, "lat": 42.0605, "water_km2": 0.74, "dist_coast_km": 16.6, "persistence": 0.0, "mean_cover": 0.0, "max_cover": 0.0, "trend_cover": 0.0, "hot": 0.0, "n_obs": 1}}, {"type": "Feature", "id": 1204, "geometry": {"type": "Polygon", "coordinates": [[[41.469003, 42.052801], [41.465796, 42.048791], [41.468967, 42.044466], [41.475345, 42.04415], [41.478552, 42.04816], [41.475381, 42.052485], [41.469003, 42.052801]]]}, "properties": {"i": 1204, "h3": "882c21d6bdfffff", "lon": 41.47217, "lat": 42.04848, "water_km2": 0.745, "dist_coast_km": 18.8, "persistence": 0.0, "mean_cover": 0.0, "max_cover": 0.0, "trend_cover": 0.0, "hot": 0.0, "n_obs": 1}}, {"type": "Feature", "id": 1205, "geometry": {"type": "Polygon", "coordinates": [[[41.430786, 42.071359], [41.427579, 42.067348], [41.430754, 42.063023], [41.437136, 42.06271], [41.440343, 42.06672], [41.437168, 42.071045], [41.430786, 42.071359]]]}, "properties": {"i": 1205, "h3": "882c21d6c3fffff", "lon": 41.43396, "lat": 42.06703, "water_km2": 0.1, "dist_coast_km": 19.4, "persistence": 0.0, "mean_cover": 0.0, "max_cover": 0.0, "trend_cover": 0.0, "hot": 0.0, "n_obs": 1}}, {"type": "Feature", "id": 1206, "geometry": {"type": "Polygon", "coordinates": [[[41.430754, 42.063023], [41.427548, 42.059012], [41.430723, 42.054688], [41.437104, 42.054374], [41.44031, 42.058385], [41.437136, 42.06271], [41.430754, 42.063023]]]}, "properties": {"i": 1206, "h3": "882c21d6c7fffff", "lon": 41.43393, "lat": 42.0587, "water_km2": 0.121, "dist_coast_km": 20.1, "persistence": 0.0, "mean_cover": 0.0, "max_cover": 0.0, "trend_cover": 0.0, "hot": 0.0, "n_obs": 1}}, {"type": "Feature", "id": 1207, "geometry": {"type": "Polygon", "coordinates": [[[41.440408, 42.083389], [41.4372, 42.079379], [41.440375, 42.075055], [41.446757, 42.07474], [41.449965, 42.07875], [41.44679, 42.083074], [41.440408, 42.083389]]]}, "properties": {"i": 1207, "h3": "882c21d6d1fffff", "lon": 41.44358, "lat": 42.07906, "water_km2": 0.714, "dist_coast_km": 18.1, "persistence": 0.0, "mean_cover": 0.0, "max_cover": 0.0, "trend_cover": 0.0, "hot": 0.0, "n_obs": 1}}, {"type": "Feature", "id": 1208, "geometry": {"type": "Polygon", "coordinates": [[[41.449998, 42.087084], [41.44679, 42.083074], [41.449965, 42.07875], [41.456346, 42.078435], [41.459554, 42.082444], [41.45638, 42.086768], [41.449998, 42.087084]]]}, "properties": {"i": 1208, "h3": "882c21d6d3fffff", "lon": 41.45317, "lat": 42.08276, "water_km2": 0.732, "dist_coast_km": 18.1, "persistence": 0.0, "mean_cover": 0.0, "max_cover": 0.0, "trend_cover": 0.0, "hot": 0.0, "n_obs": 1}}, {"type": "Feature", "id": 1209, "geometry": {"type": "Polygon", "coordinates": [[[41.440375, 42.075055], [41.437168, 42.071045], [41.440343, 42.06672], [41.446724, 42.066406], [41.449931, 42.070416], [41.446757, 42.07474], [41.440375, 42.075055]]]}, "properties": {"i": 1209, "h3": "882c21d6d5fffff", "lon": 41.44355, "lat": 42.07073, "water_km2": 0.744, "dist_coast_km": 18.1, "persistence": 0.0, "mean_cover": 0.0, "max_cover": 0.0, "trend_cover": 0.0, "hot": 0.0, "n_obs": 1}}, {"type": "Feature", "id": 1210, "geometry": {"type": "Polygon", "coordinates": [[[41.449965, 42.07875], [41.446757, 42.07474], [41.449931, 42.070416], [41.456312, 42.070101], [41.45952, 42.07411], [41.456346, 42.078435], [41.449965, 42.07875]]]}, "properties": {"i": 1210, "h3": "882c21d6d7fffff", "lon": 41.45314, "lat": 42.07443, "water_km2": 0.732, "dist_coast_km": 18.1, "persistence": 0.0, "mean_cover": 0.0, "max_cover": 0.0, "trend_cover": 0.0, "hot": 0.0, "n_obs": 1}}, {"type": "Feature", "id": 1211, "geometry": {"type": "Polygon", "coordinates": [[[41.430849, 42.088028], [41.427642, 42.084018], [41.430817, 42.079694], [41.4372, 42.079379], [41.440408, 42.083389], [41.437232, 42.087713], [41.430849, 42.088028]]]}, "properties": {"i": 1211, "h3": "882c21d6d9fffff", "lon": 41.43402, "lat": 42.0837, "water_km2": 0.066, "dist_coast_km": 18.7, "persistence": 0.0, "mean_cover": 0.0, "max_cover": 0.0, "trend_cover": 0.0, "hot": 0.0, "n_obs": 1}}, {"type": "Feature", "id": 1212, "geometry": {"type": "Polygon", "coordinates": [[[41.44044, 42.091723], [41.437232, 42.087713], [41.440408, 42.083389], [41.44679, 42.083074], [41.449998, 42.087084], [41.446823, 42.091408], [41.44044, 42.091723]]]}, "properties": {"i": 1212, "h3": "882c21d6dbfffff", "lon": 41.44362, "lat": 42.0874, "water_km2": 0.731, "dist_coast_km": 17.4, "persistence": 0.0, "mean_cover": 0.0, "max_cover": 0.0, "trend_cover": 0.0, "hot": 0.0, "n_obs": 1}}, {"type": "Feature", "id": 1213, "geometry": {"type": "Polygon", "coordinates": [[[41.430817, 42.079694], [41.42761, 42.075683], [41.430786, 42.071359], [41.437168, 42.071045], [41.440375, 42.075055], [41.4372, 42.079379], [41.430817, 42.079694]]]}, "properties": {"i": 1213, "h3": "882c21d6ddfffff", "lon": 41.43399, "lat": 42.07537, "water_km2": 0.081, "dist_coast_km": 19.4, "persistence": 0.0, "mean_cover": 0.0, "max_cover": 0.0, "trend_cover": 0.0, "hot": 0.0, "n_obs": 1}}, {"type": "Feature", "id": 1214, "geometry": {"type": "Polygon", "coordinates": [[[41.430691, 42.046351], [41.427485, 42.042339], [41.43066, 42.038014], [41.437039, 42.037701], [41.440245, 42.041713], [41.437071, 42.046038], [41.430691, 42.046351]]]}, "properties": {"i": 1214, "h3": "882c21d6e1fffff", "lon": 41.43387, "lat": 42.04203, "water_km2": 0.163, "dist_coast_km": 21.1, "persistence": 0.0, "mean_cover": 0.0, "max_cover": 0.0, "trend_cover": 0.0, "hot": 0.0, "n_obs": 1}}, {"type": "Feature", "id": 1215, "geometry": {"type": "Polygon", "coordinates": [[[41.440278, 42.050049], [41.437071, 42.046038], [41.440245, 42.041713], [41.446624, 42.041399], [41.449831, 42.04541], [41.446658, 42.049735], [41.440278, 42.050049]]]}, "properties": {"i": 1215, "h3": "882c21d6e3fffff", "lon": 41.44345, "lat": 42.04572, "water_km2": 0.72, "dist_coast_km": 19.9, "persistence": 0.0, "mean_cover": 0.0, "max_cover": 0.0, "trend_cover": 0.0, "hot": 0.0, "n_obs": 1}}, {"type": "Feature", "id": 1216, "geometry": {"type": "Polygon", "coordinates": [[[41.43066, 42.038014], [41.427454, 42.034002], [41.430628, 42.029677], [41.437007, 42.029364], [41.440213, 42.033376], [41.437039, 42.037701], [41.43066, 42.038014]]]}, "properties": {"i": 1216, "h3": "882c21d6e5fffff", "lon": 41.43383, "lat": 42.03369, "water_km2": 0.189, "dist_coast_km": 21.1, "persistence": 0.0, "mean_cover": 0.0, "max_cover": 0.0, "trend_cover": 0.0, "hot": 0.0, "n_obs": 1}}, {"type": "Feature", "id": 1217, "geometry": {"type": "Polygon", "coordinates": [[[41.440245, 42.041713], [41.437039, 42.037701], [41.440213, 42.033376], [41.446591, 42.033062], [41.449797, 42.037074], [41.446624, 42.041399], [41.440245, 42.041713]]]}, "properties": {"i": 1217, "h3": "882c21d6e7fffff", "lon": 41.44342, "lat": 42.03739, "water_km2": 0.748, "dist_coast_km": 19.9, "persistence": 0.0, "mean_cover": 0.0, "max_cover": 0.0, "trend_cover": 0.0, "hot": 0.0, "n_obs": 1}}, {"type": "Feature", "id": 1218, "geometry": {"type": "Polygon", "coordinates": [[[41.430723, 42.054688], [41.427516, 42.050676], [41.430691, 42.046351], [41.437071, 42.046038], [41.440278, 42.050049], [41.437104, 42.054374], [41.430723, 42.054688]]]}, "properties": {"i": 1218, "h3": "882c21d6ebfffff", "lon": 41.4339, "lat": 42.05036, "water_km2": 0.144, "dist_coast_km": 20.1, "persistence": 0.0, "mean_cover": 0.0, "max_cover": 0.0, "trend_cover": 0.0, "hot": 0.0, "n_obs": 1}}]}