{"type": "FeatureCollection", "features": [{"type": "Feature", "geometry": {"type": "Polygon", "coordinates": [[[37.800784810346634, 44.717424059746875], [37.800786669605074, 44.717334055753724], [37.80066043764219, 44.717332730026975], [37.800664156524114, 44.71715272204452], [37.80091847871293, 44.717065369340276], [37.80091661967623, 44.717155373341996], [37.80104285126534, 44.7171566987815], [37.80103913355699, 44.717336706788785], [37.800784810346634, 44.717424059746875]]]}, "properties": {"zone_id": "novorossiysk-2025-06-08-001", "aoi": "novorossiysk", "date": "2025-06-08", "scene_id": "S2C_MSIL2A_20250608T081621_R121_T37TCK_20250608T121023", "scene_datetime_utc": "2025-06-08T08:16:21.025000+00:00", "detection_status": "detected", "detection_status_ru": "обнаружено", "lon": 37.80085, "lat": 44.71724, "n_pixels": 2, "zone_area_km2": 0.0008, "cover_m2": 6.7, "p_mean": 0.737, "p_max": 0.8, "cover_m2_km2": 8375.0, "h3": "882d728d65fffff", "valid_frac_scene": 0.973, "wind_ms": 3.5, "sea": "спокойное", "scene_reliable": true, "field_event_id": "S4:DOORS3:T12", "field_profile": "B", "field_date": "2024-06-04", "field_distance_km": 260.9, "field_date_gap_days": 369, "field_conc_items_km2": 48.97, "conc_A_items_km2": null, "conc_A_lo80": null, "conc_A_hi80": null, "conc_A_lo95": null, "conc_A_hi95": null, "conc_A_status": "unavailable", "conc_A_status_ru": "концентрация недоступна", "conc_A_reasons": "вне бассейна профиля: nw_atlantic_subtropical", "conc_A_model": "conc-A-c6bce5631d2b", "conc_B_items_km2": 621.6, "conc_B_lo80": 132.7, "conc_B_hi80": 2088.3, "conc_B_lo95": 82.8, "conc_B_hi95": 3910.2, "conc_B_status": "research_estimate", "conc_B_status_ru": "исследовательская оценка", "conc_B_reasons": "ближайшее полевое измерение в 261 км (> 60 км); log_dist_coast_km = 1.0 вне диапазона обучения [1.7; 5.0]", "conc_B_model": "conc-B-c6bce5631d2b"}}, {"type": "Feature", "geometry": {"type": "Polygon", "coordinates": [[[37.8195862176807, 44.71176842774708], [37.81958804743298, 44.71167842304998], [37.81946182690262, 44.71167711823284], [37.819463656841855, 44.71158711353836], [37.819717927059656, 44.71149971832087], [37.81971609752007, 44.711589723025], [37.819842317872045, 44.711591027559145], [37.81984048851943, 44.71168103226585], [37.81971426797192, 44.71167972772765], [37.81971243841519, 44.71176973242881], [37.8195862176807, 44.71176842774708]]]}, "properties": {"zone_id": "novorossiysk-2025-06-08-002", "aoi": "novorossiysk", "date": "2025-06-08", "scene_id": "S2C_MSIL2A_20250608T081621_R121_T37TCK_20250608T121023", "scene_datetime_utc": "2025-06-08T08:16:21.025000+00:00", "detection_status": "detected", "detection_status_ru": "обнаружено", "lon": 37.81965, "lat": 44.71163, "n_pixels": 1, "zone_area_km2": 0.0005, "cover_m2": 12.9, "p_mean": 0.969, "p_max": 0.969, "cover_m2_km2": 25800.0, "h3": "882d721253fffff", "valid_frac_scene": 0.973, "wind_ms": 3.5, "sea": "спокойное", "scene_reliable": true, "field_event_id": "S4:DOORS3:T12", "field_profile": "B", "field_date": "2024-06-04", "field_distance_km": 260.6, "field_date_gap_days": 369, "field_conc_items_km2": 48.97, "conc_A_items_km2": null, "conc_A_lo80": null, "conc_A_hi80": null, "conc_A_lo95": null, "conc_A_hi95": null, "conc_A_status": "unavailable", "conc_A_status_ru": "концентрация недоступна", "conc_A_reasons": "вне бассейна профиля: nw_atlantic_subtropical", "conc_A_model": "conc-A-c6bce5631d2b", "conc_B_items_km2": 592.0, "conc_B_lo80": 126.3, "conc_B_hi80": 1988.9, "conc_B_lo95": 78.8, "conc_B_hi95": 3724.1, "conc_B_status": "research_estimate", "conc_B_status_ru": "исследовательская оценка", "conc_B_reasons": "ближайшее полевое измерение в 261 км (> 60 км); log_dist_coast_km = 1.2 вне диапазона обучения [1.7; 5.0]", "conc_B_model": "conc-B-c6bce5631d2b"}}, {"type": "Feature", "geometry": {"type": "Polygon", "coordinates": [[[37.82022463648565, 44.71141493088241], [37.82022646522592, 44.71132492615905], [37.82010024543486, 44.71132362205551], [37.820102074362104, 44.71123361733473], [37.82035634208932, 44.71114622066377], [37.820354513561725, 44.71123622539417], [37.82048073317439, 44.7112375292147], [37.82047890483376, 44.711327533947696], [37.82035268502556, 44.711326230123106], [37.82035085648082, 44.71141623485054], [37.82022463648565, 44.71141493088241]]]}, "properties": {"zone_id": "novorossiysk-2025-06-08-003", "aoi": "novorossiysk", "date": "2025-06-08", "scene_id": "S2C_MSIL2A_20250608T081621_R121_T37TCK_20250608T121023", "scene_datetime_utc": "2025-06-08T08:16:21.025000+00:00", "detection_status": "detected", "detection_status_ru": "обнаружено", "lon": 37.82029, "lat": 44.71128, "n_pixels": 1, "zone_area_km2": 0.0005, "cover_m2": 16.5, "p_mean": 0.957, "p_max": 0.957, "cover_m2_km2": 33000.0, "h3": "882d721253fffff", "valid_frac_scene": 0.973, "wind_ms": 3.5, "sea": "спокойное", "scene_reliable": true, "field_event_id": "S4:DOORS3:T12", "field_profile": "B", "field_date": "2024-06-04", "field_distance_km": 260.6, "field_date_gap_days": 369, "field_conc_items_km2": 48.97, "conc_A_items_km2": null, "conc_A_lo80": null, "conc_A_hi80": null, "conc_A_lo95": null, "conc_A_hi95": null, "conc_A_status": "unavailable", "conc_A_status_ru": "концентрация недоступна", "conc_A_reasons": "вне бассейна профиля: nw_atlantic_subtropical", "conc_A_model": "conc-A-c6bce5631d2b", "conc_B_items_km2": 592.0, "conc_B_lo80": 126.3, "conc_B_hi80": 1988.9, "conc_B_lo95": 78.8, "conc_B_hi95": 3724.1, "conc_B_status": "research_estimate", "conc_B_status_ru": "исследовательская оценка", "conc_B_reasons": "ближайшее полевое измерение в 261 км (> 60 км); log_dist_coast_km = 1.2 вне диапазона обучения [1.7; 5.0]", "conc_B_model": "conc-B-c6bce5631d2b"}}, {"type": "Feature", "geometry": {"type": "Polygon", "coordinates": [[[37.82002889560715, 44.70862217566555], [37.82003072447279, 44.70853217090432], [37.819904510760146, 44.708530866648054], [37.819906339812725, 44.708440861889414], [37.82003255332986, 44.70844216614162], [37.820034382178356, 44.70835216137743], [37.820286808847314, 44.708354769455326], [37.820284980389836, 44.70844477422765], [37.82041119393268, 44.7084460780615], [37.820409365662144, 44.70853608283641], [37.82028315192379, 44.708534778998505], [37.82028132344917, 44.70862478376786], [37.82002889560715, 44.70862217566555]]]}, "properties": {"zone_id": "novorossiysk-2025-06-08-004", "aoi": "novorossiysk", "date": "2025-06-08", "scene_id": "S2C_MSIL2A_20250608T081621_R121_T37TCK_20250608T121023", "scene_datetime_utc": "2025-06-08T08:16:21.025000+00:00", "detection_status": "detected", "detection_status_ru": "обнаружено", "lon": 37.82016, "lat": 44.70849, "n_pixels": 2, "zone_area_km2": 0.0008, "cover_m2": 22.0, "p_mean": 0.749, "p_max": 0.769, "cover_m2_km2": 27500.0, "h3": "882d721253fffff", "valid_frac_scene": 0.973, "wind_ms": 3.5, "sea": "спокойное", "scene_reliable": true, "field_event_id": "S4:DOORS3:T12", "field_profile": "B", "field_date": "2024-06-04", "field_distance_km": 260.3, "field_date_gap_days": 369, "field_conc_items_km2": 48.97, "conc_A_items_km2": null, "conc_A_lo80": null, "conc_A_hi80": null, "conc_A_lo95": null, "conc_A_hi95": null, "conc_A_status": "unavailable", "conc_A_status_ru": "концентрация недоступна", "conc_A_reasons": "вне бассейна профиля: nw_atlantic_subtropical", "conc_A_model": "conc-A-c6bce5631d2b", "conc_B_items_km2": 592.0, "conc_B_lo80": 126.3, "conc_B_hi80": 1988.9, "conc_B_lo95": 78.8, "conc_B_hi95": 3724.1, "conc_B_status": "research_estimate", "conc_B_status_ru": "исследовательская оценка", "conc_B_reasons": "ближайшее полевое измерение в 260 км (> 60 км); log_dist_coast_km = 1.2 вне диапазона обучения [1.7; 5.0]", "conc_B_model": "conc-B-c6bce5631d2b"}}, {"type": "Feature", "geometry": {"type": "Polygon", "coordinates": [[[37.82203894771834, 44.702881411223444], [37.82204077310376, 44.70279140630628], [37.82191457177351, 44.702790104401835], [37.82191639734583, 44.70270009948725], [37.82217062479682, 44.7026126982244], [37.82216879962397, 44.70270270314858], [37.82229500077586, 44.70270400477012], [37.822293175789895, 44.70279400969688], [37.82216697444255, 44.702792708071286], [37.822165149252584, 44.70288271299251], [37.82203894771834, 44.702881411223444]]]}, "properties": {"zone_id": "novorossiysk-2025-06-08-005", "aoi": "novorossiysk", "date": "2025-06-08", "scene_id": "S2C_MSIL2A_20250608T081621_R121_T37TCK_20250608T121023", "scene_datetime_utc": "2025-06-08T08:16:21.025000+00:00", "detection_status": "detected", "detection_status_ru": "обнаружено", "lon": 37.8221, "lat": 44.70275, "n_pixels": 1, "zone_area_km2": 0.0005, "cover_m2": 11.4, "p_mean": 0.506, "p_max": 0.506, "cover_m2_km2": 22800.0, "h3": "882d721257fffff", "valid_frac_scene": 0.973, "wind_ms": 3.5, "sea": "спокойное", "scene_reliable": true, "field_event_id": "S4:DOORS3:T12", "field_profile": "B", "field_date": "2024-06-04", "field_distance_km": 259.7, "field_date_gap_days": 369, "field_conc_items_km2": 48.97, "conc_A_items_km2": null, "conc_A_lo80": null, "conc_A_hi80": null, "conc_A_lo95": null, "conc_A_hi95": null, "conc_A_status": "unavailable", "conc_A_status_ru": "концентрация недоступна", "conc_A_reasons": "вне бассейна профиля: nw_atlantic_subtropical", "conc_A_model": "conc-A-c6bce5631d2b", "conc_B_items_km2": 592.0, "conc_B_lo80": 126.3, "conc_B_hi80": 1988.9, "conc_B_lo95": 78.8, "conc_B_hi95": 3724.1, "conc_B_status": "research_estimate", "conc_B_status_ru": "исследовательская оценка", "conc_B_reasons": "ближайшее полевое измерение в 260 км (> 60 км); log_dist_coast_km = 1.2 вне диапазона обучения [1.7; 5.0]", "conc_B_model": "conc-B-c6bce5631d2b"}}, {"type": "Feature", "geometry": {"type": "Polygon", "coordinates": [[[37.815985344014805, 44.696427115110666], [37.815987178366996, 44.69633711028775], [37.8158609913317, 44.69633580184155], [37.81586282587068, 44.69624579702123], [37.81611703369872, 44.69615840893612], [37.8161151995591, 44.69624841376609], [37.8162413864162, 44.69624972192943], [37.816239552463365, 44.696339726762], [37.816113365410885, 44.69633841859457], [37.81611153125408, 44.69642842342156], [37.815985344014805, 44.696427115110666]]]}, "properties": {"zone_id": "novorossiysk-2025-06-08-006", "aoi": "novorossiysk", "date": "2025-06-08", "scene_id": "S2C_MSIL2A_20250608T081621_R121_T37TCK_20250608T121023", "scene_datetime_utc": "2025-06-08T08:16:21.025000+00:00", "detection_status": "detected", "detection_status_ru": "обнаружено", "lon": 37.81605, "lat": 44.69629, "n_pixels": 1, "zone_area_km2": 0.0005, "cover_m2": 3.1, "p_mean": 0.988, "p_max": 0.988, "cover_m2_km2": 6200.0, "h3": "882d72120bfffff", "valid_frac_scene": 0.973, "wind_ms": 3.5, "sea": "спокойное", "scene_reliable": true, "field_event_id": "S4:DOORS3:T12", "field_profile": "B", "field_date": "2024-06-04", "field_distance_km": 258.9, "field_date_gap_days": 369, "field_conc_items_km2": 48.97, "conc_A_items_km2": null, "conc_A_lo80": null, "conc_A_hi80": null, "conc_A_lo95": null, "conc_A_hi95": null, "conc_A_status": "unavailable", "conc_A_status_ru": "концентрация недоступна", "conc_A_reasons": "вне бассейна профиля: nw_atlantic_subtropical", "conc_A_model": "conc-A-c6bce5631d2b", "conc_B_items_km2": 570.3, "conc_B_lo80": 121.7, "conc_B_hi80": 1916.3, "conc_B_lo95": 75.9, "conc_B_hi95": 3588.1, "conc_B_status": "research_estimate", "conc_B_status_ru": "исследовательская оценка", "conc_B_reasons": "ближайшее полевое измерение в 259 км (> 60 км); log_dist_coast_km = 1.3 вне диапазона обучения [1.7; 5.0]", "conc_B_model": "conc-B-c6bce5631d2b"}}, {"type": "Feature", "geometry": {"type": "Polygon", "coordinates": [[[37.846116466570614, 44.69178424154486], [37.84611825395885, 44.691694235681], [37.84599207564916, 44.69169296062957], [37.84599386322437, 44.691602954768214], [37.846120041338715, 44.691604229815674], [37.8461218287102, 44.691514223948865], [37.84637418457333, 44.69151677361769], [37.84637239759253, 44.69160677949246], [37.84649857573199, 44.691608054121794], [37.84649678893817, 44.691698059999055], [37.84637061060336, 44.69169678536574], [37.846368823605815, 44.69178679123756], [37.846116466570614, 44.69178424154486]]]}, "properties": {"zone_id": "novorossiysk-2025-06-08-007", "aoi": "novorossiysk", "date": "2025-06-08", "scene_id": "S2C_MSIL2A_20250608T081621_R121_T37TCK_20250608T121023", "scene_datetime_utc": "2025-06-08T08:16:21.025000+00:00", "detection_status": "detected", "detection_status_ru": "обнаружено", "lon": 37.84625, "lat": 44.69165, "n_pixels": 2, "zone_area_km2": 0.0008, "cover_m2": 27.8, "p_mean": 0.831, "p_max": 0.855, "cover_m2_km2": 34750.0, "h3": "882d72123bfffff", "valid_frac_scene": 0.973, "wind_ms": 3.5, "sea": "спокойное", "scene_reliable": true, "field_event_id": "S4:DOORS3:T12", "field_profile": "B", "field_date": "2024-06-04", "field_distance_km": 259.0, "field_date_gap_days": 369, "field_conc_items_km2": 48.97, "conc_A_items_km2": null, "conc_A_lo80": null, "conc_A_hi80": null, "conc_A_lo95": null, "conc_A_hi95": null, "conc_A_status": "unavailable", "conc_A_status_ru": "концентрация недоступна", "conc_A_reasons": "вне бассейна профиля: nw_atlantic_subtropical", "conc_A_model": "conc-A-c6bce5631d2b", "conc_B_items_km2": 669.0, "conc_B_lo80": 142.9, "conc_B_hi80": 2247.5, "conc_B_lo95": 89.1, "conc_B_hi95": 4208.1, "conc_B_status": "research_estimate", "conc_B_status_ru": "исследовательская оценка", "conc_B_reasons": "ближайшее полевое измерение в 259 км (> 60 км); log_dist_coast_km = 0.8 вне диапазона обучения [1.7; 5.0]", "conc_B_model": "conc-B-c6bce5631d2b"}}, {"type": "Feature", "geometry": {"type": "Polygon", "coordinates": [[[37.8086436680978, 44.69130941920867], [37.80864551349341, 44.691219414544285], [37.808519337906844, 44.69121809810411], [37.80852118348914, 44.691128093442366], [37.808775379463235, 44.69104072150366], [37.80877353428025, 44.69113072617513], [37.80889970968877, 44.69113204233247], [37.80889786469246, 44.691222047006534], [37.80877168908861, 44.691220730845096], [37.808769843888335, 44.69131073551358], [37.8086436680978, 44.69130941920867]]]}, "properties": {"zone_id": "novorossiysk-2025-06-08-008", "aoi": "novorossiysk", "date": "2025-06-08", "scene_id": "S2C_MSIL2A_20250608T081621_R121_T37TCK_20250608T121023", "scene_datetime_utc": "2025-06-08T08:16:21.025000+00:00", "detection_status": "detected", "detection_status_ru": "обнаружено", "lon": 37.80871, "lat": 44.69118, "n_pixels": 1, "zone_area_km2": 0.0005, "cover_m2": 13.3, "p_mean": 0.839, "p_max": 0.839, "cover_m2_km2": 26600.0, "h3": "882d721209fffff", "valid_frac_scene": 0.973, "wind_ms": 3.5, "sea": "спокойное", "scene_reliable": true, "field_event_id": "S4:DOORS3:T12", "field_profile": "B", "field_date": "2024-06-04", "field_distance_km": 258.2, "field_date_gap_days": 369, "field_conc_items_km2": 48.97, "conc_A_items_km2": null, "conc_A_lo80": null, "conc_A_hi80": null, "conc_A_lo95": null, "conc_A_hi95": null, "conc_A_status": "unavailable", "conc_A_status_ru": "концентрация недоступна", "conc_A_reasons": "вне бассейна профиля: nw_atlantic_subtropical", "conc_A_model": "conc-A-c6bce5631d2b", "conc_B_items_km2": 570.3, "conc_B_lo80": 121.7, "conc_B_hi80": 1916.3, "conc_B_lo95": 75.9, "conc_B_hi95": 3588.1, "conc_B_status": "research_estimate", "conc_B_status_ru": "исследовательская оценка", "conc_B_reasons": "ближайшее полевое измерение в 258 км (> 60 км); log_dist_coast_km = 1.3 вне диапазона обучения [1.7; 5.0]", "conc_B_model": "conc-B-c6bce5631d2b"}}, {"type": "Feature", "geometry": {"type": "Polygon", "coordinates": [[[37.8082872919865, 44.690225413535096], [37.80828913786432, 44.690135408865224], [37.808162964647615, 44.69013409205626], [37.808166656767945, 44.6899540827203], [37.808420848085284, 44.68986671150399], [37.80841900242873, 44.689956716182415], [37.80854517527209, 44.689958032704425], [37.808541484323676, 44.69013804206506], [37.8082872919865, 44.690225413535096]]]}, "properties": {"zone_id": "novorossiysk-2025-06-08-009", "aoi": "novorossiysk", "date": "2025-06-08", "scene_id": "S2C_MSIL2A_20250608T081621_R121_T37TCK_20250608T121023", "scene_datetime_utc": "2025-06-08T08:16:21.025000+00:00", "detection_status": "detected", "detection_status_ru": "обнаружено", "lon": 37.80835, "lat": 44.69005, "n_pixels": 2, "zone_area_km2": 0.0008, "cover_m2": 17.3, "p_mean": 0.875, "p_max": 0.933, "cover_m2_km2": 21625.0, "h3": "882d721209fffff", "valid_frac_scene": 0.973, "wind_ms": 3.5, "sea": "спокойное", "scene_reliable": true, "field_event_id": "S4:DOORS3:T12", "field_profile": "B", "field_date": "2024-06-04", "field_distance_km": 258.1, "field_date_gap_days": 369, "field_conc_items_km2": 48.97, "conc_A_items_km2": null, "conc_A_lo80": null, "conc_A_hi80": null, "conc_A_lo95": null, "conc_A_hi95": null, "conc_A_status": "unavailable", "conc_A_status_ru": "концентрация недоступна", "conc_A_reasons": "вне бассейна профиля: nw_atlantic_subtropical", "conc_A_model": "conc-A-c6bce5631d2b", "conc_B_items_km2": 669.0, "conc_B_lo80": 142.9, "conc_B_hi80": 2247.5, "conc_B_lo95": 89.1, "conc_B_hi95": 4208.1, "conc_B_status": "research_estimate", "conc_B_status_ru": "исследовательская оценка", "conc_B_reasons": "ближайшее полевое измерение в 258 км (> 60 км); log_dist_coast_km = 0.8 вне диапазона обучения [1.7; 5.0]", "conc_B_model": "conc-B-c6bce5631d2b"}}, {"type": "Feature", "geometry": {"type": "Polygon", "coordinates": [[[37.82482518476187, 44.689946685086376], [37.824827005009595, 44.689856679874495], [37.82470083164433, 44.68985538134224], [37.82470265207885, 44.689765376132925], [37.824956818462596, 44.6896779678311], [37.82495499842725, 44.68976797304999], [37.82508117161425, 44.68976927129948], [37.825079351765694, 44.68985927652094], [37.82495317838338, 44.689857978267405], [37.824951358330985, 44.689947983483336], [37.82482518476187, 44.689946685086376]]]}, "properties": {"zone_id": "novorossiysk-2025-06-08-010", "aoi": "novorossiysk", "date": "2025-06-08", "scene_id": "S2C_MSIL2A_20250608T081621_R121_T37TCK_20250608T121023", "scene_datetime_utc": "2025-06-08T08:16:21.025000+00:00", "detection_status": "detected", "detection_status_ru": "обнаружено", "lon": 37.82489, "lat": 44.68981, "n_pixels": 1, "zone_area_km2": 0.0005, "cover_m2": 3.5, "p_mean": 0.808, "p_max": 0.808, "cover_m2_km2": 7000.0, "h3": "882d721203fffff", "valid_frac_scene": 0.973, "wind_ms": 3.5, "sea": "спокойное", "scene_reliable": true, "field_event_id": "S4:DOORS3:T12", "field_profile": "B", "field_date": "2024-06-04", "field_distance_km": 258.4, "field_date_gap_days": 369, "field_conc_items_km2": 48.97, "conc_A_items_km2": null, "conc_A_lo80": null, "conc_A_hi80": null, "conc_A_lo95": null, "conc_A_hi95": null, "conc_A_status": "unavailable", "conc_A_status_ru": "концентрация недоступна", "conc_A_reasons": "вне бассейна профиля: nw_atlantic_subtropical", "conc_A_model": "conc-A-c6bce5631d2b", "conc_B_items_km2": 570.3, "conc_B_lo80": 121.7, "conc_B_hi80": 1916.3, "conc_B_lo95": 75.9, "conc_B_hi95": 3588.1, "conc_B_status": "research_estimate", "conc_B_status_ru": "исследовательская оценка", "conc_B_reasons": "ближайшее полевое измерение в 258 км (> 60 км); log_dist_coast_km = 1.3 вне диапазона обучения [1.7; 5.0]", "conc_B_model": "conc-B-c6bce5631d2b"}}, {"type": "Feature", "geometry": {"type": "Polygon", "coordinates": [[[37.814859335505616, 44.68975366645469], [37.81486117117508, 44.68966366156281], [37.814734998681786, 44.68966235202516], [37.81473683453797, 44.68957234713589], [37.81486300683594, 44.689573656669474], [37.814864842488205, 44.68948365177463], [37.815117186719334, 44.689486270415536], [37.8151153514577, 44.689576275318544], [37.81524152378149, 44.68957758443403], [37.815239688706576, 44.68966758933964], [37.81511351618747, 44.68966628022006], [37.81511168090865, 44.689756285120104], [37.814859335505616, 44.68975366645469]]]}, "properties": {"zone_id": "novorossiysk-2025-06-08-011", "aoi": "novorossiysk", "date": "2025-06-08", "scene_id": "S2C_MSIL2A_20250608T081621_R121_T37TCK_20250608T121023", "scene_datetime_utc": "2025-06-08T08:16:21.025000+00:00", "detection_status": "detected", "detection_status_ru": "обнаружено", "lon": 37.81499, "lat": 44.68962, "n_pixels": 2, "zone_area_km2": 0.0008, "cover_m2": 7.5, "p_mean": 0.937, "p_max": 0.957, "cover_m2_km2": 9375.0, "h3": "882d721209fffff", "valid_frac_scene": 0.973, "wind_ms": 3.5, "sea": "спокойное", "scene_reliable": true, "field_event_id": "S4:DOORS3:T12", "field_profile": "B", "field_date": "2024-06-04", "field_distance_km": 258.2, "field_date_gap_days": 369, "field_conc_items_km2": 48.97, "conc_A_items_km2": null, "conc_A_lo80": null, "conc_A_hi80": null, "conc_A_lo95": null, "conc_A_hi95": null, "conc_A_status": "unavailable", "conc_A_status_ru": "концентрация недоступна", "conc_A_reasons": "вне бассейна профиля: nw_atlantic_subtropical", "conc_A_model": "conc-A-c6bce5631d2b", "conc_B_items_km2": 570.3, "conc_B_lo80": 121.7, "conc_B_hi80": 1916.3, "conc_B_lo95": 75.9, "conc_B_hi95": 3588.1, "conc_B_status": "research_estimate", "conc_B_status_ru": "исследовательская оценка", "conc_B_reasons": "ближайшее полевое измерение в 258 км (> 60 км); log_dist_coast_km = 1.3 вне диапазона обучения [1.7; 5.0]", "conc_B_model": "conc-B-c6bce5631d2b"}}, {"type": "Feature", "geometry": {"type": "Polygon", "coordinates": [[[37.82483610612028, 44.68940665379289], [37.82483792631683, 44.68931664857211], [37.824711754123484, 44.68931535006415], [37.82471357450682, 44.689225344845944], [37.82496773849559, 44.6891379364866], [37.82496591851141, 44.68922794171439], [37.82509209052649, 44.689229239939564], [37.82509027072909, 44.689319245169926], [37.8249640985187, 44.6893179469407], [37.82496227851746, 44.689407952165524], [37.82483610612028, 44.68940665379289]]]}, "properties": {"zone_id": "novorossiysk-2025-06-08-012", "aoi": "novorossiysk", "date": "2025-06-08", "scene_id": "S2C_MSIL2A_20250608T081621_R121_T37TCK_20250608T121023", "scene_datetime_utc": "2025-06-08T08:16:21.025000+00:00", "detection_status": "detected", "detection_status_ru": "обнаружено", "lon": 37.8249, "lat": 44.68927, "n_pixels": 1, "zone_area_km2": 0.0005, "cover_m2": 4.3, "p_mean": 0.655, "p_max": 0.655, "cover_m2_km2": 8600.0, "h3": "882d721201fffff", "valid_frac_scene": 0.973, "wind_ms": 3.5, "sea": "спокойное", "scene_reliable": true, "field_event_id": "S4:DOORS3:T12", "field_profile": "B", "field_date": "2024-06-04", "field_distance_km": 258.3, "field_date_gap_days": 369, "field_conc_items_km2": 48.97, "conc_A_items_km2": null, "conc_A_lo80": null, "conc_A_hi80": null, "conc_A_lo95": null, "conc_A_hi95": null, "conc_A_status": "unavailable", "conc_A_status_ru": "концентрация недоступна", "conc_A_reasons": "вне бассейна профиля: nw_atlantic_subtropical", "conc_A_model": "conc-A-c6bce5631d2b", "conc_B_items_km2": 570.3, "conc_B_lo80": 121.7, "conc_B_hi80": 1916.3, "conc_B_lo95": 75.9, "conc_B_hi95": 3588.1, "conc_B_status": "research_estimate", "conc_B_status_ru": "исследовательская оценка", "conc_B_reasons": "ближайшее полевое измерение в 258 км (> 60 км); log_dist_coast_km = 1.3 вне диапазона обучения [1.7; 5.0]", "conc_B_model": "conc-B-c6bce5631d2b"}}, {"type": "Feature", "geometry": {"type": "Polygon", "coordinates": [[[37.8226033005931, 44.687493150840396], [37.822605124125936, 44.687403145661484], [37.82247895618769, 44.687401844730346], [37.822480779907266, 44.687311839554006], [37.82273493872215, 44.68722443608289], [37.822733115401704, 44.687314441268825], [37.82285928316175, 44.68731574191722], [37.822857460028054, 44.68740574710572], [37.822731292072724, 44.68740444645327], [37.8227294687352, 44.687494451636255], [37.8226033005931, 44.687493150840396]]]}, "properties": {"zone_id": "novorossiysk-2025-06-08-013", "aoi": "novorossiysk", "date": "2025-06-08", "scene_id": "S2C_MSIL2A_20250608T081621_R121_T37TCK_20250608T121023", "scene_datetime_utc": "2025-06-08T08:16:21.025000+00:00", "detection_status": "detected", "detection_status_ru": "обнаружено", "lon": 37.82267, "lat": 44.68736, "n_pixels": 1, "zone_area_km2": 0.0005, "cover_m2": 3.1, "p_mean": 0.98, "p_max": 0.98, "cover_m2_km2": 6200.0, "h3": "882d721201fffff", "valid_frac_scene": 0.973, "wind_ms": 3.5, "sea": "спокойное", "scene_reliable": true, "field_event_id": "S4:DOORS3:T12", "field_profile": "B", "field_date": "2024-06-04", "field_distance_km": 258.1, "field_date_gap_days": 369, "field_conc_items_km2": 48.97, "conc_A_items_km2": null, "conc_A_lo80": null, "conc_A_hi80": null, "conc_A_lo95": null, "conc_A_hi95": null, "conc_A_status": "unavailable", "conc_A_status_ru": "концентрация недоступна", "conc_A_reasons": "вне бассейна профиля: nw_atlantic_subtropical", "conc_A_model": "conc-A-c6bce5631d2b", "conc_B_items_km2": 570.3, "conc_B_lo80": 121.7, "conc_B_hi80": 1916.3, "conc_B_lo95": 75.9, "conc_B_hi95": 3588.1, "conc_B_status": "research_estimate", "conc_B_status_ru": "исследовательская оценка", "conc_B_reasons": "ближайшее полевое измерение в 258 км (> 60 км); log_dist_coast_km = 1.3 вне диапазона обучения [1.7; 5.0]", "conc_B_model": "conc-B-c6bce5631d2b"}}, {"type": "Feature", "geometry": {"type": "Polygon", "coordinates": [[[37.840145268874714, 44.67479922710136], [37.84014706444803, 44.674709221158494], [37.84002092326684, 44.67470793989039], [37.84002451477859, 44.674527928008196], [37.84027859172163, 44.674440484437824], [37.840276796368705, 44.67453049038912], [37.840402937176385, 44.67453177137065], [37.84039934683566, 44.67471178327683], [37.840145268874714, 44.67479922710136]]]}, "properties": {"zone_id": "novorossiysk-2025-06-08-014", "aoi": "novorossiysk", "date": "2025-06-08", "scene_id": "S2C_MSIL2A_20250608T081621_R121_T37TCK_20250608T121023", "scene_datetime_utc": "2025-06-08T08:16:21.025000+00:00", "detection_status": "detected", "detection_status_ru": "обнаружено", "lon": 37.84021, "lat": 44.67462, "n_pixels": 2, "zone_area_km2": 0.0008, "cover_m2": 12.2, "p_mean": 0.749, "p_max": 0.882, "cover_m2_km2": 15250.0, "h3": "882d72123dfffff", "valid_frac_scene": 0.973, "wind_ms": 3.5, "sea": "спокойное", "scene_reliable": true, "field_event_id": "S4:DOORS3:T12", "field_profile": "B", "field_date": "2024-06-04", "field_distance_km": 257.1, "field_date_gap_days": 369, "field_conc_items_km2": 48.97, "conc_A_items_km2": null, "conc_A_lo80": null, "conc_A_hi80": null, "conc_A_lo95": null, "conc_A_hi95": null, "conc_A_status": "unavailable", "conc_A_status_ru": "концентрация недоступна", "conc_A_reasons": "вне бассейна профиля: nw_atlantic_subtropical", "conc_A_model": "conc-A-c6bce5631d2b", "conc_B_items_km2": 540.9, "conc_B_lo80": 115.4, "conc_B_hi80": 1817.6, "conc_B_lo95": 71.9, "conc_B_hi95": 3403.3, "conc_B_status": "research_estimate", "conc_B_status_ru": "исследовательская оценка", "conc_B_reasons": "ближайшее полевое измерение в 257 км (> 60 км)", "conc_B_model": "conc-B-c6bce5631d2b"}}, {"type": "Feature", "geometry": {"type": "Polygon", "coordinates": [[[37.882812852271044, 44.660460637582155], [37.882814580935054, 44.66037063007803], [37.8826884689776, 44.66036939624465], [37.882690197828545, 44.66027938874289], [37.882816309590964, 44.66028062257244], [37.882818038238774, 44.66019061506536], [37.88307026139781, 44.660193082299045], [37.883068533140076, 44.66028308981383], [37.88319464492678, 44.660284323225675], [37.88319291685598, 44.66037433074282], [37.88306680487424, 44.660373097327124], [37.88306507660032, 44.66046310483894], [37.882812852271044, 44.660460637582155]]]}, "properties": {"zone_id": "novorossiysk-2025-06-08-015", "aoi": "novorossiysk", "date": "2025-06-08", "scene_id": "S2C_MSIL2A_20250608T081621_R121_T37TCK_20250608T121023", "scene_datetime_utc": "2025-06-08T08:16:21.025000+00:00", "detection_status": "detected", "detection_status_ru": "обнаружено", "lon": 37.88294, "lat": 44.66033, "n_pixels": 2, "zone_area_km2": 0.0008, "cover_m2": 15.3, "p_mean": 0.937, "p_max": 0.984, "cover_m2_km2": 19125.0, "h3": "882d721009fffff", "valid_frac_scene": 0.973, "wind_ms": 3.5, "sea": "спокойное", "scene_reliable": true, "field_event_id": "S4:DOORS3:T13", "field_profile": "B", "field_date": "2024-06-04", "field_distance_km": 256.3, "field_date_gap_days": 369, "field_conc_items_km2": 263.57, "conc_A_items_km2": null, "conc_A_lo80": null, "conc_A_hi80": null, "conc_A_lo95": null, "conc_A_hi95": null, "conc_A_status": "unavailable", "conc_A_status_ru": "концентрация недоступна", "conc_A_reasons": "вне бассейна профиля: nw_atlantic_subtropical", "conc_A_model": "conc-A-c6bce5631d2b", "conc_B_items_km2": 592.0, "conc_B_lo80": 126.3, "conc_B_hi80": 1988.9, "conc_B_lo95": 78.8, "conc_B_hi95": 3724.1, "conc_B_status": "research_estimate", "conc_B_status_ru": "исследовательская оценка", "conc_B_reasons": "ближайшее полевое измерение в 256 км (> 60 км); log_dist_coast_km = 1.2 вне диапазона обучения [1.7; 5.0]", "conc_B_model": "conc-B-c6bce5631d2b"}}, {"type": "Feature", "geometry": {"type": "Polygon", "coordinates": [[[37.89732604086827, 44.66006155252107], [37.89732774705454, 44.659971544568165], [37.89720163534218, 44.6599703267689], [37.89720334171549, 44.65988031881832], [37.89745727073339, 44.65979274631032], [37.89745556475814, 44.65988275427], [37.89758167629145, 44.65988397178699], [37.89757997050325, 44.659973979748976], [37.897453858774895, 44.65997276222818], [37.897452152783664, 44.6600627701849], [37.89732604086827, 44.66006155252107]]]}, "properties": {"zone_id": "novorossiysk-2025-06-08-016", "aoi": "novorossiysk", "date": "2025-06-08", "scene_id": "S2C_MSIL2A_20250608T081621_R121_T37TCK_20250608T121023", "scene_datetime_utc": "2025-06-08T08:16:21.025000+00:00", "detection_status": "detected", "detection_status_ru": "обнаружено", "lon": 37.89739, "lat": 44.65993, "n_pixels": 1, "zone_area_km2": 0.0005, "cover_m2": 13.7, "p_mean": 0.557, "p_max": 0.557, "cover_m2_km2": 27400.0, "h3": "882d721003fffff", "valid_frac_scene": 0.973, "wind_ms": 3.5, "sea": "спокойное", "scene_reliable": true, "field_event_id": "S4:DOORS3:T13", "field_profile": "B", "field_date": "2024-06-04", "field_distance_km": 256.5, "field_date_gap_days": 369, "field_conc_items_km2": 263.57, "conc_A_items_km2": null, "conc_A_lo80": null, "conc_A_hi80": null, "conc_A_lo95": null, "conc_A_hi95": null, "conc_A_status": "unavailable", "conc_A_status_ru": "концентрация недоступна", "conc_A_reasons": "вне бассейна профиля: nw_atlantic_subtropical", "conc_A_model": "conc-A-c6bce5631d2b", "conc_B_items_km2": 621.6, "conc_B_lo80": 132.7, "conc_B_hi80": 2088.3, "conc_B_lo95": 82.8, "conc_B_hi95": 3910.2, "conc_B_status": "research_estimate", "conc_B_status_ru": "исследовательская оценка", "conc_B_reasons": "ближайшее полевое измерение в 256 км (> 60 км); log_dist_coast_km = 1.0 вне диапазона обучения [1.7; 5.0]", "conc_B_model": "conc-B-c6bce5631d2b"}}, {"type": "Feature", "geometry": {"type": "Polygon", "coordinates": [[[37.89708234986326, 44.6596090770344], [37.897084056399635, 44.6595190690817], [37.89695794567843, 44.65951785102301], [37.896959652401854, 44.65942784307264], [37.89721357978755, 44.659340271083764], [37.89721187346219, 44.659430279043214], [37.89733798400434, 44.659431496819664], [37.89733627786602, 44.659521504781445], [37.89721016712883, 44.65952028700118], [37.89720846078748, 44.65961029495768], [37.89708234986326, 44.6596090770344]]]}, "properties": {"zone_id": "novorossiysk-2025-06-08-017", "aoi": "novorossiysk", "date": "2025-06-08", "scene_id": "S2C_MSIL2A_20250608T081621_R121_T37TCK_20250608T121023", "scene_datetime_utc": "2025-06-08T08:16:21.025000+00:00", "detection_status": "detected", "detection_status_ru": "обнаружено", "lon": 37.89715, "lat": 44.65947, "n_pixels": 1, "zone_area_km2": 0.0005, "cover_m2": 9.0, "p_mean": 0.973, "p_max": 0.973, "cover_m2_km2": 18000.0, "h3": "882d721003fffff", "valid_frac_scene": 0.973, "wind_ms": 3.5, "sea": "спокойное", "scene_reliable": true, "field_event_id": "S4:DOORS3:T13", "field_profile": "B", "field_date": "2024-06-04", "field_distance_km": 256.4, "field_date_gap_days": 369, "field_conc_items_km2": 263.57, "conc_A_items_km2": null, "conc_A_lo80": null, "conc_A_hi80": null, "conc_A_lo95": null, "conc_A_hi95": null, "conc_A_status": "unavailable", "conc_A_status_ru": "концентрация недоступна", "conc_A_reasons": "вне бассейна профиля: nw_atlantic_subtropical", "conc_A_model": "conc-A-c6bce5631d2b", "conc_B_items_km2": 621.6, "conc_B_lo80": 132.7, "conc_B_hi80": 2088.3, "conc_B_lo95": 82.8, "conc_B_hi95": 3910.2, "conc_B_status": "research_estimate", "conc_B_status_ru": "исследовательская оценка", "conc_B_reasons": "ближайшее полевое измерение в 256 км (> 60 км); log_dist_coast_km = 1.0 вне диапазона обучения [1.7; 5.0]", "conc_B_model": "conc-B-c6bce5631d2b"}}, {"type": "Feature", "geometry": {"type": "Polygon", "coordinates": [[[37.892544075479215, 44.65947513125656], [37.89254578902877, 44.65938512343952], [37.892419678790965, 44.65938390037254], [37.892421392527524, 44.65929389255784], [37.892675325959566, 44.65920633072115], [37.892673612621095, 44.65929633854495], [37.892799722679925, 44.65929756132967], [37.892798009528455, 44.659387569155825], [37.8926718992746, 44.659386346367285], [37.89267018592008, 44.65947635418815], [37.892544075479215, 44.65947513125656]]]}, "properties": {"zone_id": "novorossiysk-2025-06-08-018", "aoi": "novorossiysk", "date": "2025-06-08", "scene_id": "S2C_MSIL2A_20250608T081621_R121_T37TCK_20250608T121023", "scene_datetime_utc": "2025-06-08T08:16:21.025000+00:00", "detection_status": "detected", "detection_status_ru": "обнаружено", "lon": 37.89261, "lat": 44.65934, "n_pixels": 1, "zone_area_km2": 0.0005, "cover_m2": 8.6, "p_mean": 0.831, "p_max": 0.831, "cover_m2_km2": 17200.0, "h3": "882d721001fffff", "valid_frac_scene": 0.973, "wind_ms": 3.5, "sea": "спокойное", "scene_reliable": true, "field_event_id": "S4:DOORS3:T13", "field_profile": "B", "field_date": "2024-06-04", "field_distance_km": 256.4, "field_date_gap_days": 369, "field_conc_items_km2": 263.57, "conc_A_items_km2": null, "conc_A_lo80": null, "conc_A_hi80": null, "conc_A_lo95": null, "conc_A_hi95": null, "conc_A_status": "unavailable", "conc_A_status_ru": "концентрация недоступна", "conc_A_reasons": "вне бассейна профиля: nw_atlantic_subtropical", "conc_A_model": "conc-A-c6bce5631d2b", "conc_B_items_km2": 621.6, "conc_B_lo80": 132.7, "conc_B_hi80": 2088.3, "conc_B_lo95": 82.8, "conc_B_hi95": 3910.2, "conc_B_status": "research_estimate", "conc_B_status_ru": "исследовательская оценка", "conc_B_reasons": "ближайшее полевое измерение в 256 км (> 60 км); log_dist_coast_km = 1.0 вне диапазона обучения [1.7; 5.0]", "conc_B_model": "conc-B-c6bce5631d2b"}}, {"type": "Feature", "geometry": {"type": "Polygon", "coordinates": [[[37.64279933128822, 44.65948069469884], [37.6428014311991, 44.6593906953357], [37.642551334691255, 44.65929769819873], [37.64255343497238, 44.65920769884193], [37.64280773087275, 44.65912069723729], [37.642809830744284, 44.65903069786815], [37.64293592837862, 44.65903219653151], [37.64293802804538, 44.658942197156186], [37.64318812367679, 44.6590351934407], [37.643186024390104, 44.65912519282387], [37.643312122248894, 44.65912669107437], [37.64330792403595, 44.65930668984556], [37.643181825787245, 44.659305191585716], [37.643179726471075, 44.65939519096438], [37.64292752961326, 44.659392194017784], [37.64292542989733, 44.65948219338559], [37.64279933128822, 44.65948069469884]]]}, "properties": {"zone_id": "novorossiysk-2025-06-08-019", "aoi": "novorossiysk", "date": "2025-06-08", "scene_id": "S2C_MSIL2A_20250608T081621_R121_T37TCK_20250608T121023", "scene_datetime_utc": "2025-06-08T08:16:21.025000+00:00", "detection_status": "detected", "detection_status_ru": "обнаружено", "lon": 37.64296, "lat": 44.65922, "n_pixels": 8, "zone_area_km2": 0.002, "cover_m2": 75.7, "p_mean": 0.771, "p_max": 0.98, "cover_m2_km2": 37850.0, "h3": "882d728b31fffff", "valid_frac_scene": 0.973, "wind_ms": 3.5, "sea": "спокойное", "scene_reliable": true, "field_event_id": "S4:DOORS3:T12", "field_profile": "B", "field_date": "2024-06-04", "field_distance_km": 251.9, "field_date_gap_days": 369, "field_conc_items_km2": 48.97, "conc_A_items_km2": null, "conc_A_lo80": null, "conc_A_hi80": null, "conc_A_lo95": null, "conc_A_hi95": null, "conc_A_status": "unavailable", "conc_A_status_ru": "концентрация недоступна", "conc_A_reasons": "вне бассейна профиля: nw_atlantic_subtropical", "conc_A_model": "conc-A-c6bce5631d2b", "conc_B_items_km2": 621.6, "conc_B_lo80": 132.7, "conc_B_hi80": 2088.3, "conc_B_lo95": 82.8, "conc_B_hi95": 3910.2, "conc_B_status": "research_estimate", "conc_B_status_ru": "исследовательская оценка", "conc_B_reasons": "ближайшее полевое измерение в 252 км (> 60 км); log_dist_coast_km = 1.0 вне диапазона обучения [1.7; 5.0]", "conc_B_model": "conc-B-c6bce5631d2b"}}, {"type": "Feature", "geometry": {"type": "MultiPolygon", "coordinates": [[[[37.899106939224936, 44.65926851503703], [37.89910864260885, 44.65917850701767], [37.89923475268569, 44.659179722694354], [37.89923304949681, 44.65926973071751], [37.89948527006447, 44.65927216166081], [37.899486972863286, 44.659182153630056], [37.89973919307279, 44.65918458400888], [37.89973749066403, 44.659274592047204], [37.89986360097577, 44.659275807031555], [37.89986530318949, 44.65918579898944], [37.90011752344684, 44.659188228532905], [37.900115821623174, 44.6592782365826], [37.90036804230246, 44.65928066557675], [37.90036634086089, 44.659370673632566], [37.90049245140752, 44.65937188792459], [37.900494152654055, 44.65928187986498], [37.90062026301363, 44.65928309401399], [37.900621964057166, 44.659193085949134], [37.90049585389263, 44.65919187180392], [37.90049925634587, 44.65901185567734], [37.900373146579355, 44.659010641400464], [37.90037484798905, 44.65892063333875], [37.899996519322436, 44.658916989684194], [37.89999481732765, 44.65900699773452], [37.899742597866386, 44.65900456792778], [37.89974089547357, 44.65909457596907], [37.89948867565413, 44.659092145597846], [37.899490378437, 44.659002137564144], [37.89923815903953, 44.658999706643606], [37.8992364558666, 44.659089714669726], [37.899110345984795, 44.65908849899683], [37.89911204935275, 44.658998490974504], [37.8987337203403, 44.658994843131865], [37.898732016387264, 44.6590848511428], [37.89860590653738, 44.65908363491302], [37.89860420238132, 44.65917364291867], [37.89873031242624, 44.65917485915225], [37.898728608457226, 44.65926486716024], [37.899106939224936, 44.65926851503703]]], [[[37.898478092344384, 44.659172426545865], [37.89847638798532, 44.65926243454624], [37.89835027776134, 44.659261218030416], [37.89834857319926, 44.659351226025535], [37.89847468361826, 44.659352442545156], [37.89847297924323, 44.659442450542585], [37.898726904480235, 44.659354875166734], [37.898728608457226, 44.65926486716024], [37.898478092344384, 44.659172426545865]]]]}, "properties": {"zone_id": "novorossiysk-2025-06-08-020", "aoi": "novorossiysk", "date": "2025-06-08", "scene_id": "S2C_MSIL2A_20250608T081621_R121_T37TCK_20250608T121023", "scene_datetime_utc": "2025-06-08T08:16:21.025000+00:00", "detection_status": "detected", "detection_status_ru": "обнаружено", "lon": 37.89964, "lat": 44.65914, "n_pixels": 13, "zone_area_km2": 0.0045, "cover_m2": 134.9, "p_mean": 0.917, "p_max": 0.996, "cover_m2_km2": 29977.8, "h3": "882d721003fffff", "valid_frac_scene": 0.973, "wind_ms": 3.5, "sea": "спокойное", "scene_reliable": true, "field_event_id": "S4:DOORS3:T13", "field_profile": "B", "field_date": "2024-06-04", "field_distance_km": 256.4, "field_date_gap_days": 369, "field_conc_items_km2": 263.57, "conc_A_items_km2": null, "conc_A_lo80": null, "conc_A_hi80": null, "conc_A_lo95": null, "conc_A_hi95": null, "conc_A_status": "unavailable", "conc_A_status_ru": "концентрация недоступна", "conc_A_reasons": "вне бассейна профиля: nw_atlantic_subtropical", "conc_A_model": "conc-A-c6bce5631d2b", "conc_B_items_km2": 621.6, "conc_B_lo80": 132.7, "conc_B_hi80": 2088.3, "conc_B_lo95": 82.8, "conc_B_hi95": 3910.2, "conc_B_status": "research_estimate", "conc_B_status_ru": "исследовательская оценка", "conc_B_reasons": "ближайшее полевое измерение в 256 км (> 60 км); log_dist_coast_km = 1.0 вне диапазона обучения [1.7; 5.0]", "conc_B_model": "conc-B-c6bce5631d2b"}}, {"type": "Feature", "geometry": {"type": "Polygon", "coordinates": [[[37.88107325294011, 44.65909323928342], [37.88107498421302, 44.65900323181109], [37.880948875294486, 44.65900199608638], [37.880952338206015, 44.65882198114499], [37.881206286324655, 44.65873444495917], [37.8812080173701, 44.65864443747707], [37.88133412552476, 44.65864567290792], [37.88133585636709, 44.65855566542049], [37.881588072310684, 44.65855813585683], [37.8815863418584, 44.658648143351975], [37.881712450037384, 44.65864937836517], [37.88171071977202, 44.65873938586268], [37.881456772368615, 44.65882692317769], [37.881455041696995, 44.65891693066456], [37.881201093139666, 44.6590044673966], [37.88119936206178, 44.65909447487278], [37.88107325294011, 44.65909323928342]]]}, "properties": {"zone_id": "novorossiysk-2025-06-08-021", "aoi": "novorossiysk", "date": "2025-06-08", "scene_id": "S2C_MSIL2A_20250608T081621_R121_T37TCK_20250608T121023", "scene_datetime_utc": "2025-06-08T08:16:21.025000+00:00", "detection_status": "detected", "detection_status_ru": "обнаружено", "lon": 37.8813, "lat": 44.65881, "n_pixels": 7, "zone_area_km2": 0.0018, "cover_m2": 78.0, "p_mean": 0.933, "p_max": 0.969, "cover_m2_km2": 43333.3, "h3": "882d721009fffff", "valid_frac_scene": 0.973, "wind_ms": 3.5, "sea": "спокойное", "scene_reliable": true, "field_event_id": "S4:DOORS3:T13", "field_profile": "B", "field_date": "2024-06-04", "field_distance_km": 256.1, "field_date_gap_days": 369, "field_conc_items_km2": 263.57, "conc_A_items_km2": null, "conc_A_lo80": null, "conc_A_hi80": null, "conc_A_lo95": null, "conc_A_hi95": null, "conc_A_status": "unavailable", "conc_A_status_ru": "концентрация недоступна", "conc_A_reasons": "вне бассейна профиля: nw_atlantic_subtropical", "conc_A_model": "conc-A-c6bce5631d2b", "conc_B_items_km2": 592.0, "conc_B_lo80": 126.3, "conc_B_hi80": 1988.9, "conc_B_lo95": 78.8, "conc_B_hi95": 3724.1, "conc_B_status": "research_estimate", "conc_B_status_ru": "исследовательская оценка", "conc_B_reasons": "ближайшее полевое измерение в 256 км (> 60 км); log_dist_coast_km = 1.2 вне диапазона обучения [1.7; 5.0]", "conc_B_model": "conc-B-c6bce5631d2b"}}, {"type": "Feature", "geometry": {"type": "Polygon", "coordinates": [[[37.882341261763564, 44.65874555885965], [37.882342991053825, 44.658655551342875], [37.882092504295144, 44.65856307505889], [37.882094233959236, 44.65847306754686], [37.88222034178059, 44.658474301995476], [37.882222071241564, 44.65838429447812], [37.88247255744759, 44.65847677047505], [37.882470828368554, 44.65856677799864], [37.88259693640922, 44.65856801203345], [37.882595207517106, 44.65865801955942], [37.882469099281415, 44.658656785520755], [37.88246737018618, 44.65874679304139], [37.882341261763564, 44.65874555885965]]]}, "properties": {"zone_id": "novorossiysk-2025-06-08-022", "aoi": "novorossiysk", "date": "2025-06-08", "scene_id": "S2C_MSIL2A_20250608T081621_R121_T37TCK_20250608T121023", "scene_datetime_utc": "2025-06-08T08:16:21.025000+00:00", "detection_status": "detected", "detection_status_ru": "обнаружено", "lon": 37.88234, "lat": 44.65857, "n_pixels": 2, "zone_area_km2": 0.0008, "cover_m2": 26.7, "p_mean": 0.808, "p_max": 0.925, "cover_m2_km2": 33375.0, "h3": "882d721009fffff", "valid_frac_scene": 0.973, "wind_ms": 3.5, "sea": "спокойное", "scene_reliable": true, "field_event_id": "S4:DOORS3:T13", "field_profile": "B", "field_date": "2024-06-04", "field_distance_km": 256.1, "field_date_gap_days": 369, "field_conc_items_km2": 263.57, "conc_A_items_km2": null, "conc_A_lo80": null, "conc_A_hi80": null, "conc_A_lo95": null, "conc_A_hi95": null, "conc_A_status": "unavailable", "conc_A_status_ru": "концентрация недоступна", "conc_A_reasons": "вне бассейна профиля: nw_atlantic_subtropical", "conc_A_model": "conc-A-c6bce5631d2b", "conc_B_items_km2": 592.0, "conc_B_lo80": 126.3, "conc_B_hi80": 1988.9, "conc_B_lo95": 78.8, "conc_B_hi95": 3724.1, "conc_B_status": "research_estimate", "conc_B_status_ru": "исследовательская оценка", "conc_B_reasons": "ближайшее полевое измерение в 256 км (> 60 км); log_dist_coast_km = 1.2 вне диапазона обучения [1.7; 5.0]", "conc_B_model": "conc-B-c6bce5631d2b"}}, {"type": "Feature", "geometry": {"type": "Polygon", "coordinates": [[[37.88146888684297, 44.658196870728354], [37.88147061744974, 44.65810686322969], [37.88134451045708, 44.658105627961184], [37.88134624125075, 44.65801562046488], [37.881600185249695, 44.657928083349475], [37.88159845485415, 44.658018090854966], [37.881724561668015, 44.65801932584118], [37.88172283145938, 44.65810933334905], [37.8815967244505, 44.65810809835897], [37.88159499403875, 44.6581981058615], [37.88146888684297, 44.658196870728354]]]}, "properties": {"zone_id": "novorossiysk-2025-06-08-023", "aoi": "novorossiysk", "date": "2025-06-08", "scene_id": "S2C_MSIL2A_20250608T081621_R121_T37TCK_20250608T121023", "scene_datetime_utc": "2025-06-08T08:16:21.025000+00:00", "detection_status": "detected", "detection_status_ru": "обнаружено", "lon": 37.88153, "lat": 44.65806, "n_pixels": 1, "zone_area_km2": 0.0005, "cover_m2": 6.7, "p_mean": 0.871, "p_max": 0.871, "cover_m2_km2": 13400.0, "h3": "882d721009fffff", "valid_frac_scene": 0.973, "wind_ms": 3.5, "sea": "спокойное", "scene_reliable": true, "field_event_id": "S4:DOORS3:T13", "field_profile": "B", "field_date": "2024-06-04", "field_distance_km": 256.1, "field_date_gap_days": 369, "field_conc_items_km2": 263.57, "conc_A_items_km2": null, "conc_A_lo80": null, "conc_A_hi80": null, "conc_A_lo95": null, "conc_A_hi95": null, "conc_A_status": "unavailable", "conc_A_status_ru": "концентрация недоступна", "conc_A_reasons": "вне бассейна профиля: nw_atlantic_subtropical", "conc_A_model": "conc-A-c6bce5631d2b", "conc_B_items_km2": 592.0, "conc_B_lo80": 126.3, "conc_B_hi80": 1988.9, "conc_B_lo95": 78.8, "conc_B_hi95": 3724.1, "conc_B_status": "research_estimate", "conc_B_status_ru": "исследовательская оценка", "conc_B_reasons": "ближайшее полевое измерение в 256 км (> 60 км); log_dist_coast_km = 1.2 вне диапазона обучения [1.7; 5.0]", "conc_B_model": "conc-B-c6bce5631d2b"}}, {"type": "Feature", "geometry": {"type": "Polygon", "coordinates": [[[37.610420266770475, 44.65792094184483], [37.610422416652916, 44.657830943678476], [37.61029632334058, 44.65782940914988], [37.61029847340788, 44.65773941098682], [37.61055280932013, 44.65765248172111], [37.610550659652766, 44.657742479895255], [37.610676752790305, 44.657744014140704], [37.6106746033078, 44.65783401231815], [37.610548509975324, 44.657832478067895], [37.61054636028781, 44.65792247623904], [37.610420266770475, 44.65792094184483]]]}, "properties": {"zone_id": "novorossiysk-2025-06-08-024", "aoi": "novorossiysk", "date": "2025-06-08", "scene_id": "S2C_MSIL2A_20250608T081621_R121_T37TCK_20250608T121023", "scene_datetime_utc": "2025-06-08T08:16:21.025000+00:00", "detection_status": "detected", "detection_status_ru": "обнаружено", "lon": 37.61049, "lat": 44.65779, "n_pixels": 1, "zone_area_km2": 0.0005, "cover_m2": 7.8, "p_mean": 0.992, "p_max": 0.992, "cover_m2_km2": 15600.0, "h3": "882d728b05fffff", "valid_frac_scene": 0.973, "wind_ms": 3.5, "sea": "спокойное", "scene_reliable": true, "field_event_id": "S4:DOORS3:T12", "field_profile": "B", "field_date": "2024-06-04", "field_distance_km": 251.2, "field_date_gap_days": 369, "field_conc_items_km2": 48.97, "conc_A_items_km2": null, "conc_A_lo80": null, "conc_A_hi80": null, "conc_A_lo95": null, "conc_A_hi95": null, "conc_A_status": "unavailable", "conc_A_status_ru": "концентрация недоступна", "conc_A_reasons": "вне бассейна профиля: nw_atlantic_subtropical", "conc_A_model": "conc-A-c6bce5631d2b", "conc_B_items_km2": 621.6, "conc_B_lo80": 132.7, "conc_B_hi80": 2088.3, "conc_B_lo95": 82.8, "conc_B_hi95": 3910.2, "conc_B_status": "research_estimate", "conc_B_status_ru": "исследовательская оценка", "conc_B_reasons": "ближайшее полевое измерение в 251 км (> 60 км); log_dist_coast_km = 1.0 вне диапазона обучения [1.7; 5.0]", "conc_B_model": "conc-B-c6bce5631d2b"}}, {"type": "Feature", "geometry": {"type": "Polygon", "coordinates": [[[37.64183467158418, 44.657578714038905], [37.64183677284805, 44.65748871468166], [37.64171067861635, 44.65748721484521], [37.641714881504456, 44.657307216135564], [37.641840975346284, 44.65730871596266], [37.641843076580635, 44.657218716600894], [37.64209526390395, 44.65722171582817], [37.64209316305947, 44.65731171519929], [37.64221925693082, 44.65731321460885], [37.642217156271435, 44.65740321398313], [37.64209106220515, 44.65740171456891], [37.64208896134099, 44.65749171393703], [37.64183467158418, 44.657578714038905]]]}, "properties": {"zone_id": "novorossiysk-2025-06-08-025", "aoi": "novorossiysk", "date": "2025-06-08", "scene_id": "S2C_MSIL2A_20250608T081621_R121_T37TCK_20250608T121023", "scene_datetime_utc": "2025-06-08T08:16:21.025000+00:00", "detection_status": "detected", "detection_status_ru": "обнаружено", "lon": 37.64194, "lat": 44.65738, "n_pixels": 3, "zone_area_km2": 0.001, "cover_m2": 27.5, "p_mean": 0.982, "p_max": 0.992, "cover_m2_km2": 27500.0, "h3": "882d728b31fffff", "valid_frac_scene": 0.973, "wind_ms": 3.5, "sea": "спокойное", "scene_reliable": true, "field_event_id": "S4:DOORS3:T12", "field_profile": "B", "field_date": "2024-06-04", "field_distance_km": 251.6, "field_date_gap_days": 369, "field_conc_items_km2": 48.97, "conc_A_items_km2": null, "conc_A_lo80": null, "conc_A_hi80": null, "conc_A_lo95": null, "conc_A_hi95": null, "conc_A_status": "unavailable", "conc_A_status_ru": "концентрация недоступна", "conc_A_reasons": "вне бассейна профиля: nw_atlantic_subtropical", "conc_A_model": "conc-A-c6bce5631d2b", "conc_B_items_km2": 621.6, "conc_B_lo80": 132.7, "conc_B_hi80": 2088.3, "conc_B_lo95": 82.8, "conc_B_hi95": 3910.2, "conc_B_status": "research_estimate", "conc_B_status_ru": "исследовательская оценка", "conc_B_reasons": "ближайшее полевое измерение в 252 км (> 60 км); log_dist_coast_km = 1.0 вне диапазона обучения [1.7; 5.0]", "conc_B_model": "conc-B-c6bce5631d2b"}}, {"type": "Feature", "geometry": {"type": "Polygon", "coordinates": [[[37.614004496653806, 44.65571389431732], [37.614006640827064, 44.655623895979424], [37.613880552106195, 44.655622365467075], [37.613886985150465, 44.65535237045868], [37.61414130537098, 44.65526543296689], [37.614139161432796, 44.65535543131558], [37.61426524958901, 44.65535696153529], [37.61425881829893, 44.65562695658666], [37.614004496653806, 44.65571389431732]]]}, "properties": {"zone_id": "novorossiysk-2025-06-08-026", "aoi": "novorossiysk", "date": "2025-06-08", "scene_id": "S2C_MSIL2A_20250608T081621_R121_T37TCK_20250608T121023", "scene_datetime_utc": "2025-06-08T08:16:21.025000+00:00", "detection_status": "detected", "detection_status_ru": "обнаружено", "lon": 37.61407, "lat": 44.65549, "n_pixels": 3, "zone_area_km2": 0.0011, "cover_m2": 25.1, "p_mean": 0.771, "p_max": 0.933, "cover_m2_km2": 22818.2, "h3": "882d728b05fffff", "valid_frac_scene": 0.973, "wind_ms": 3.5, "sea": "спокойное", "scene_reliable": true, "field_event_id": "S4:DOORS3:T12", "field_profile": "B", "field_date": "2024-06-04", "field_distance_km": 251.0, "field_date_gap_days": 369, "field_conc_items_km2": 48.97, "conc_A_items_km2": null, "conc_A_lo80": null, "conc_A_hi80": null, "conc_A_lo95": null, "conc_A_hi95": null, "conc_A_status": "unavailable", "conc_A_status_ru": "концентрация недоступна", "conc_A_reasons": "вне бассейна профиля: nw_atlantic_subtropical", "conc_A_model": "conc-A-c6bce5631d2b", "conc_B_items_km2": 621.6, "conc_B_lo80": 132.7, "conc_B_hi80": 2088.3, "conc_B_lo95": 82.8, "conc_B_hi95": 3910.2, "conc_B_status": "research_estimate", "conc_B_status_ru": "исследовательская оценка", "conc_B_reasons": "ближайшее полевое измерение в 251 км (> 60 км); log_dist_coast_km = 1.0 вне диапазона обучения [1.7; 5.0]", "conc_B_model": "conc-B-c6bce5631d2b"}}, {"type": "Feature", "geometry": {"type": "Polygon", "coordinates": [[[37.613374052175345, 44.65570624034003], [37.613376197323156, 44.65561624202603], [37.613250108652515, 44.65561471081786], [37.61325439930783, 44.65543471419488], [37.613128311037045, 44.655433182857124], [37.61313045654454, 44.65534318454815], [37.61325654462041, 44.655344715881135], [37.61325868992295, 44.65525471756588], [37.6135087208023, 44.65534777812964], [37.61350443094671, 44.65552777477475], [37.61363051944254, 44.65552930569981], [37.61362837469459, 44.65561930402487], [37.61350228600386, 44.655617773095024], [37.61350014105094, 44.655707771413816], [37.613374052175345, 44.65570624034003]]]}, "properties": {"zone_id": "novorossiysk-2025-06-08-027", "aoi": "novorossiysk", "date": "2025-06-08", "scene_id": "S2C_MSIL2A_20250608T081621_R121_T37TCK_20250608T121023", "scene_datetime_utc": "2025-06-08T08:16:21.025000+00:00", "detection_status": "detected", "detection_status_ru": "обнаружено", "lon": 37.61338, "lat": 44.65548, "n_pixels": 2, "zone_area_km2": 0.001, "cover_m2": 9.4, "p_mean": 0.861, "p_max": 0.894, "cover_m2_km2": 9400.0, "h3": "882d728b05fffff", "valid_frac_scene": 0.973, "wind_ms": 3.5, "sea": "спокойное", "scene_reliable": true, "field_event_id": "S4:DOORS3:T12", "field_profile": "B", "field_date": "2024-06-04", "field_distance_km": 251.0, "field_date_gap_days": 369, "field_conc_items_km2": 48.97, "conc_A_items_km2": null, "conc_A_lo80": null, "conc_A_hi80": null, "conc_A_lo95": null, "conc_A_hi95": null, "conc_A_status": "unavailable", "conc_A_status_ru": "концентрация недоступна", "conc_A_reasons": "вне бассейна профиля: nw_atlantic_subtropical", "conc_A_model": "conc-A-c6bce5631d2b", "conc_B_items_km2": 621.6, "conc_B_lo80": 132.7, "conc_B_hi80": 2088.3, "conc_B_lo95": 82.8, "conc_B_hi95": 3910.2, "conc_B_status": "research_estimate", "conc_B_status_ru": "исследовательская оценка", "conc_B_reasons": "ближайшее полевое измерение в 251 км (> 60 км); log_dist_coast_km = 1.0 вне диапазона обучения [1.7; 5.0]", "conc_B_model": "conc-B-c6bce5631d2b"}}, {"type": "Feature", "geometry": {"type": "Polygon", "coordinates": [[[37.65487863864166, 44.65530245611593], [37.654880719563394, 44.65521245623839], [37.654754629586016, 44.655210970862356], [37.65475671069292, 44.655120970987944], [37.65488280047538, 44.65512245635935], [37.65488488137762, 44.6550324564788], [37.655137060581936, 44.65503542679483], [37.655134980069526, 44.65512542668465], [37.65526106988121, 44.65512691163855], [37.655258989553985, 44.65521691153149], [37.655132899547375, 44.65521542657296], [37.65513081901548, 44.655305426459776], [37.65487863864166, 44.65530245611593]]]}, "properties": {"zone_id": "novorossiysk-2025-06-08-028", "aoi": "novorossiysk", "date": "2025-06-08", "scene_id": "S2C_MSIL2A_20250608T081621_R121_T37TCK_20250608T121023", "scene_datetime_utc": "2025-06-08T08:16:21.025000+00:00", "detection_status": "detected", "detection_status_ru": "обнаружено", "lon": 37.65501, "lat": 44.65517, "n_pixels": 2, "zone_area_km2": 0.0008, "cover_m2": 27.8, "p_mean": 0.592, "p_max": 0.659, "cover_m2_km2": 34750.0, "h3": "882d728959fffff", "valid_frac_scene": 0.973, "wind_ms": 3.5, "sea": "спокойное", "scene_reliable": true, "field_event_id": "S4:DOORS3:T12", "field_profile": "B", "field_date": "2024-06-04", "field_distance_km": 251.6, "field_date_gap_days": 369, "field_conc_items_km2": 48.97, "conc_A_items_km2": null, "conc_A_lo80": null, "conc_A_hi80": null, "conc_A_lo95": null, "conc_A_hi95": null, "conc_A_status": "unavailable", "conc_A_status_ru": "концентрация недоступна", "conc_A_reasons": "вне бассейна профиля: nw_atlantic_subtropical", "conc_A_model": "conc-A-c6bce5631d2b", "conc_B_items_km2": 621.6, "conc_B_lo80": 132.7, "conc_B_hi80": 2088.3, "conc_B_lo95": 82.8, "conc_B_hi95": 3910.2, "conc_B_status": "research_estimate", "conc_B_status_ru": "исследовательская оценка", "conc_B_reasons": "ближайшее полевое измерение в 252 км (> 60 км); log_dist_coast_km = 1.0 вне диапазона обучения [1.7; 5.0]", "conc_B_model": "conc-B-c6bce5631d2b"}}, {"type": "Feature", "geometry": {"type": "Polygon", "coordinates": [[[37.592584766903244, 44.65482172469374], [37.59258694413914, 44.65473172716348], [37.59246085850289, 44.65473017302799], [37.59246303592349, 44.654640175501086], [37.59271738383703, 44.654553286085076], [37.59271520681641, 44.6546432836232], [37.592841292278166, 44.65464483747552], [37.59283911544225, 44.65473483501698], [37.5927130297856, 44.65473328115981], [37.592710852744595, 44.65482327869492], [37.592584766903244, 44.65482172469374]]]}, "properties": {"zone_id": "novorossiysk-2025-06-08-029", "aoi": "novorossiysk", "date": "2025-06-08", "scene_id": "S2C_MSIL2A_20250608T081621_R121_T37TCK_20250608T121023", "scene_datetime_utc": "2025-06-08T08:16:21.025000+00:00", "detection_status": "detected", "detection_status_ru": "обнаружено", "lon": 37.59265, "lat": 44.65469, "n_pixels": 1, "zone_area_km2": 0.0005, "cover_m2": 4.3, "p_mean": 0.533, "p_max": 0.533, "cover_m2_km2": 8600.0, "h3": "882d728b6bfffff", "valid_frac_scene": 0.973, "wind_ms": 3.5, "sea": "спокойное", "scene_reliable": true, "field_event_id": "S4:DOORS3:T12", "field_profile": "B", "field_date": "2024-06-04", "field_distance_km": 250.6, "field_date_gap_days": 369, "field_conc_items_km2": 48.97, "conc_A_items_km2": null, "conc_A_lo80": null, "conc_A_hi80": null, "conc_A_lo95": null, "conc_A_hi95": null, "conc_A_status": "unavailable", "conc_A_status_ru": "концентрация недоступна", "conc_A_reasons": "вне бассейна профиля: nw_atlantic_subtropical", "conc_A_model": "conc-A-c6bce5631d2b", "conc_B_items_km2": 621.6, "conc_B_lo80": 132.7, "conc_B_hi80": 2088.3, "conc_B_lo95": 82.8, "conc_B_hi95": 3910.2, "conc_B_status": "research_estimate", "conc_B_status_ru": "исследовательская оценка", "conc_B_reasons": "ближайшее полевое измерение в 251 км (> 60 км); log_dist_coast_km = 1.0 вне диапазона обучения [1.7; 5.0]", "conc_B_model": "conc-B-c6bce5631d2b"}}, {"type": "Feature", "geometry": {"type": "Polygon", "coordinates": [[[37.59649994627377, 44.65459984097778], [37.596502117437396, 44.65450984329287], [37.596252118256345, 44.654416745862584], [37.59625428978943, 44.65432674818433], [37.59638037475671, 44.65432829812101], [37.596382546084726, 44.65423830043641], [37.59663471566002, 44.65424139988263], [37.59663254472178, 44.654331397576904], [37.59675862971956, 44.654332947096115], [37.59675428820237, 44.65451294248981], [37.59649994627377, 44.65459984097778]]]}, "properties": {"zone_id": "novorossiysk-2025-06-08-030", "aoi": "novorossiysk", "date": "2025-06-08", "scene_id": "S2C_MSIL2A_20250608T081621_R121_T37TCK_20250608T121023", "scene_datetime_utc": "2025-06-08T08:16:21.025000+00:00", "detection_status": "detected", "detection_status_ru": "обнаружено", "lon": 37.59653, "lat": 44.65441, "n_pixels": 3, "zone_area_km2": 0.001, "cover_m2": 23.9, "p_mean": 0.707, "p_max": 0.824, "cover_m2_km2": 23900.0, "h3": "882d728b63fffff", "valid_frac_scene": 0.973, "wind_ms": 3.5, "sea": "спокойное", "scene_reliable": true, "field_event_id": "S4:DOORS3:T12", "field_profile": "B", "field_date": "2024-06-04", "field_distance_km": 250.6, "field_date_gap_days": 369, "field_conc_items_km2": 48.97, "conc_A_items_km2": null, "conc_A_lo80": null, "conc_A_hi80": null, "conc_A_lo95": null, "conc_A_hi95": null, "conc_A_status": "unavailable", "conc_A_status_ru": "концентрация недоступна", "conc_A_reasons": "вне бассейна профиля: nw_atlantic_subtropical", "conc_A_model": "conc-A-c6bce5631d2b", "conc_B_items_km2": 621.6, "conc_B_lo80": 132.7, "conc_B_hi80": 2088.3, "conc_B_lo95": 82.8, "conc_B_hi95": 3910.2, "conc_B_status": "research_estimate", "conc_B_status_ru": "исследовательская оценка", "conc_B_reasons": "ближайшее полевое измерение в 251 км (> 60 км); log_dist_coast_km = 1.0 вне диапазона обучения [1.7; 5.0]", "conc_B_model": "conc-B-c6bce5631d2b"}}, {"type": "Feature", "geometry": {"type": "Polygon", "coordinates": [[[37.60849534181653, 44.65402645339405], [37.60849749438435, 44.65393645523961], [37.60837140961441, 44.65393491869049], [37.60837356236704, 44.65384492053932], [37.60862788388, 44.6537579953266], [37.608625731527226, 44.65384799348886], [37.608751816122435, 44.653849529754886], [37.60874966395448, 44.65393952792042], [37.60862357916437, 44.65393799164959], [37.608621426791444, 44.65402798980883], [37.60849534181653, 44.65402645339405]]]}, "properties": {"zone_id": "novorossiysk-2025-06-08-031", "aoi": "novorossiysk", "date": "2025-06-08", "scene_id": "S2C_MSIL2A_20250608T081621_R121_T37TCK_20250608T121023", "scene_datetime_utc": "2025-06-08T08:16:21.025000+00:00", "detection_status": "detected", "detection_status_ru": "обнаружено", "lon": 37.60856, "lat": 44.65389, "n_pixels": 1, "zone_area_km2": 0.0005, "cover_m2": 5.5, "p_mean": 0.914, "p_max": 0.914, "cover_m2_km2": 11000.0, "h3": "882d728b05fffff", "valid_frac_scene": 0.973, "wind_ms": 3.5, "sea": "спокойное", "scene_reliable": true, "field_event_id": "S4:DOORS3:T12", "field_profile": "B", "field_date": "2024-06-04", "field_distance_km": 250.7, "field_date_gap_days": 369, "field_conc_items_km2": 48.97, "conc_A_items_km2": null, "conc_A_lo80": null, "conc_A_hi80": null, "conc_A_lo95": null, "conc_A_hi95": null, "conc_A_status": "unavailable", "conc_A_status_ru": "концентрация недоступна", "conc_A_reasons": "вне бассейна профиля: nw_atlantic_subtropical", "conc_A_model": "conc-A-c6bce5631d2b", "conc_B_items_km2": 621.6, "conc_B_lo80": 132.7, "conc_B_hi80": 2088.3, "conc_B_lo95": 82.8, "conc_B_hi95": 3910.2, "conc_B_status": "research_estimate", "conc_B_status_ru": "исследовательская оценка", "conc_B_reasons": "ближайшее полевое измерение в 251 км (> 60 км); log_dist_coast_km = 1.0 вне диапазона обучения [1.7; 5.0]", "conc_B_model": "conc-B-c6bce5631d2b"}}, {"type": "Feature", "geometry": {"type": "Polygon", "coordinates": [[[37.606234438235646, 44.653638781851654], [37.60623659427112, 44.65354878377755], [37.60611051046234, 44.65354724474288], [37.60611266668261, 44.6534572466721], [37.60636698974089, 44.65337032651077], [37.606364833920495, 44.65346032459267], [37.60649091755458, 44.65346186334424], [37.60648876191897, 44.65355186142944], [37.606362678089994, 44.65355032267307], [37.6063605222494, 44.65364032075196], [37.606234438235646, 44.653638781851654]]]}, "properties": {"zone_id": "novorossiysk-2025-06-08-032", "aoi": "novorossiysk", "date": "2025-06-08", "scene_id": "S2C_MSIL2A_20250608T081621_R121_T37TCK_20250608T121023", "scene_datetime_utc": "2025-06-08T08:16:21.025000+00:00", "detection_status": "detected", "detection_status_ru": "обнаружено", "lon": 37.6063, "lat": 44.6535, "n_pixels": 1, "zone_area_km2": 0.0005, "cover_m2": 6.3, "p_mean": 0.953, "p_max": 0.953, "cover_m2_km2": 12600.0, "h3": "882d728b05fffff", "valid_frac_scene": 0.973, "wind_ms": 3.5, "sea": "спокойное", "scene_reliable": true, "field_event_id": "S4:DOORS3:T12", "field_profile": "B", "field_date": "2024-06-04", "field_distance_km": 250.7, "field_date_gap_days": 369, "field_conc_items_km2": 48.97, "conc_A_items_km2": null, "conc_A_lo80": null, "conc_A_hi80": null, "conc_A_lo95": null, "conc_A_hi95": null, "conc_A_status": "unavailable", "conc_A_status_ru": "концентрация недоступна", "conc_A_reasons": "вне бассейна профиля: nw_atlantic_subtropical", "conc_A_model": "conc-A-c6bce5631d2b", "conc_B_items_km2": 621.6, "conc_B_lo80": 132.7, "conc_B_hi80": 2088.3, "conc_B_lo95": 82.8, "conc_B_hi95": 3910.2, "conc_B_status": "research_estimate", "conc_B_status_ru": "исследовательская оценка", "conc_B_reasons": "ближайшее полевое измерение в 251 км (> 60 км); log_dist_coast_km = 1.0 вне диапазона обучения [1.7; 5.0]", "conc_B_model": "conc-B-c6bce5631d2b"}}, {"type": "Feature", "geometry": {"type": "Polygon", "coordinates": [[[37.60650600672119, 44.652831876705676], [37.606508162276036, 44.652741878608424], [37.60638208020101, 44.65274033989528], [37.606384235940645, 44.652650341801326], [37.60663855505082, 44.652563420973806], [37.606636399711036, 44.65265341907887], [37.606762481611376, 44.65265495750893], [37.606760326456374, 44.65274495561729], [37.60663424436116, 44.652743417182435], [37.60663208900119, 44.65283341528448], [37.60650600672119, 44.652831876705676]]]}, "properties": {"zone_id": "novorossiysk-2025-06-08-033", "aoi": "novorossiysk", "date": "2025-06-08", "scene_id": "S2C_MSIL2A_20250608T081621_R121_T37TCK_20250608T121023", "scene_datetime_utc": "2025-06-08T08:16:21.025000+00:00", "detection_status": "detected", "detection_status_ru": "обнаружено", "lon": 37.60657, "lat": 44.6527, "n_pixels": 1, "zone_area_km2": 0.0005, "cover_m2": 4.3, "p_mean": 0.871, "p_max": 0.871, "cover_m2_km2": 8600.0, "h3": "882d728b05fffff", "valid_frac_scene": 0.973, "wind_ms": 3.5, "sea": "спокойное", "scene_reliable": true, "field_event_id": "S4:DOORS3:T12", "field_profile": "B", "field_date": "2024-06-04", "field_distance_km": 250.6, "field_date_gap_days": 369, "field_conc_items_km2": 48.97, "conc_A_items_km2": null, "conc_A_lo80": null, "conc_A_hi80": null, "conc_A_lo95": null, "conc_A_hi95": null, "conc_A_status": "unavailable", "conc_A_status_ru": "концентрация недоступна", "conc_A_reasons": "вне бассейна профиля: nw_atlantic_subtropical", "conc_A_model": "conc-A-c6bce5631d2b", "conc_B_items_km2": 621.6, "conc_B_lo80": 132.7, "conc_B_hi80": 2088.3, "conc_B_lo95": 82.8, "conc_B_hi95": 3910.2, "conc_B_status": "research_estimate", "conc_B_status_ru": "исследовательская оценка", "conc_B_reasons": "ближайшее полевое измерение в 251 км (> 60 км); log_dist_coast_km = 1.0 вне диапазона обучения [1.7; 5.0]", "conc_B_model": "conc-B-c6bce5631d2b"}}, {"type": "Feature", "geometry": {"type": "Polygon", "coordinates": [[[37.87579230115692, 44.645177593568405], [37.875794039756435, 44.64508758603857], [37.87566796121818, 44.64508634478489], [37.87566970000443, 44.64499633725746], [37.87592359508766, 44.64490881208125], [37.875921856699314, 44.64499881961791], [37.87604793505896, 44.64500006058942], [37.87604619685736, 44.64509006812847], [37.87592011830282, 44.645088827153096], [37.875918379898195, 44.64517883468681], [37.87579230115692, 44.645177593568405]]]}, "properties": {"zone_id": "novorossiysk-2025-06-08-034", "aoi": "novorossiysk", "date": "2025-06-08", "scene_id": "S2C_MSIL2A_20250608T081621_R121_T37TCK_20250608T121023", "scene_datetime_utc": "2025-06-08T08:16:21.025000+00:00", "detection_status": "detected", "detection_status_ru": "обнаружено", "lon": 37.87586, "lat": 44.64504, "n_pixels": 1, "zone_area_km2": 0.0005, "cover_m2": 4.3, "p_mean": 0.914, "p_max": 0.914, "cover_m2_km2": 8600.0, "h3": "882d72106bfffff", "valid_frac_scene": 0.973, "wind_ms": 3.5, "sea": "спокойное", "scene_reliable": true, "field_event_id": "S4:DOORS3:T13", "field_profile": "B", "field_date": "2024-06-04", "field_distance_km": 254.6, "field_date_gap_days": 369, "field_conc_items_km2": 263.57, "conc_A_items_km2": null, "conc_A_lo80": null, "conc_A_hi80": null, "conc_A_lo95": null, "conc_A_hi95": null, "conc_A_status": "unavailable", "conc_A_status_ru": "концентрация недоступна", "conc_A_reasons": "вне бассейна профиля: nw_atlantic_subtropical", "conc_A_model": "conc-A-c6bce5631d2b", "conc_B_items_km2": 570.3, "conc_B_lo80": 121.7, "conc_B_hi80": 1916.3, "conc_B_lo95": 75.9, "conc_B_hi95": 3588.1, "conc_B_status": "research_estimate", "conc_B_status_ru": "исследовательская оценка", "conc_B_reasons": "ближайшее полевое измерение в 255 км (> 60 км); log_dist_coast_km = 1.3 вне диапазона обучения [1.7; 5.0]", "conc_B_model": "conc-B-c6bce5631d2b"}}, {"type": "Feature", "geometry": {"type": "Polygon", "coordinates": [[[37.62687470002275, 44.644796377932906], [37.62687682348118, 44.64470637893459], [37.62675075772844, 44.644704862920584], [37.62675288137172, 44.644614863925504], [37.62700713574127, 44.6445278967989], [37.62700501249754, 44.644617895804934], [37.627131078075365, 44.644619411535984], [37.62712895501649, 44.64470941054526], [37.62700288924386, 44.64470789480948], [37.627000765980235, 44.64479789381253], [37.62687470002275, 44.644796377932906]]]}, "properties": {"zone_id": "novorossiysk-2025-06-08-035", "aoi": "novorossiysk", "date": "2025-06-08", "scene_id": "S2C_MSIL2A_20250608T081621_R121_T37TCK_20250608T121023", "scene_datetime_utc": "2025-06-08T08:16:21.025000+00:00", "detection_status": "detected", "detection_status_ru": "обнаружено", "lon": 37.62694, "lat": 44.64466, "n_pixels": 1, "zone_area_km2": 0.0005, "cover_m2": 10.2, "p_mean": 0.502, "p_max": 0.502, "cover_m2_km2": 20400.0, "h3": "882d728b23fffff", "valid_frac_scene": 0.973, "wind_ms": 3.5, "sea": "спокойное", "scene_reliable": true, "field_event_id": "S4:DOORS3:T12", "field_profile": "B", "field_date": "2024-06-04", "field_distance_km": 250.0, "field_date_gap_days": 369, "field_conc_items_km2": 48.97, "conc_A_items_km2": null, "conc_A_lo80": null, "conc_A_hi80": null, "conc_A_lo95": null, "conc_A_hi95": null, "conc_A_status": "unavailable", "conc_A_status_ru": "концентрация недоступна", "conc_A_reasons": "вне бассейна профиля: nw_atlantic_subtropical", "conc_A_model": "conc-A-c6bce5631d2b", "conc_B_items_km2": 520.5, "conc_B_lo80": 111.0, "conc_B_hi80": 1749.2, "conc_B_lo95": 69.2, "conc_B_hi95": 3275.4, "conc_B_status": "research_estimate", "conc_B_status_ru": "исследовательская оценка", "conc_B_reasons": "ближайшее полевое измерение в 250 км (> 60 км)", "conc_B_model": "conc-B-c6bce5631d2b"}}, {"type": "Feature", "geometry": {"type": "Polygon", "coordinates": [[[37.8258784792775, 44.64404513089123], [37.825880294987094, 44.64395512491906], [37.825754221108824, 44.643953828591115], [37.82575603700478, 44.643863822621505], [37.82600999987786, 44.64377640915097], [37.826008184380115, 44.64386641513016], [37.826134258080536, 44.64386771117579], [37.82613244276915, 44.643957717157534], [37.82600636887388, 44.643956421107866], [37.826004553359134, 44.644046427084085], [37.8258784792775, 44.64404513089123]]]}, "properties": {"zone_id": "novorossiysk-2025-06-08-036", "aoi": "novorossiysk", "date": "2025-06-08", "scene_id": "S2C_MSIL2A_20250608T081621_R121_T37TCK_20250608T121023", "scene_datetime_utc": "2025-06-08T08:16:21.025000+00:00", "detection_status": "detected", "detection_status_ru": "обнаружено", "lon": 37.82594, "lat": 44.64391, "n_pixels": 1, "zone_area_km2": 0.0005, "cover_m2": 9.0, "p_mean": 0.643, "p_max": 0.643, "cover_m2_km2": 18000.0, "h3": "882d721357fffff", "valid_frac_scene": 0.973, "wind_ms": 3.5, "sea": "спокойное", "scene_reliable": true, "field_event_id": "S4:DOORS3:T12", "field_profile": "B", "field_date": "2024-06-04", "field_distance_km": 253.5, "field_date_gap_days": 369, "field_conc_items_km2": 48.97, "conc_A_items_km2": null, "conc_A_lo80": null, "conc_A_hi80": null, "conc_A_lo95": null, "conc_A_hi95": null, "conc_A_status": "unavailable", "conc_A_status_ru": "концентрация недоступна", "conc_A_reasons": "вне бассейна профиля: nw_atlantic_subtropical", "conc_A_model": "conc-A-c6bce5631d2b", "conc_B_items_km2": 466.2, "conc_B_lo80": 99.3, "conc_B_hi80": 1567.0, "conc_B_lo95": 61.9, "conc_B_hi95": 2934.3, "conc_B_status": "research_estimate", "conc_B_status_ru": "исследовательская оценка", "conc_B_reasons": "ближайшее полевое измерение в 253 км (> 60 км)", "conc_B_model": "conc-B-c6bce5631d2b"}}, {"type": "Feature", "geometry": {"type": "Polygon", "coordinates": [[[37.60547598007948, 44.64318668345566], [37.605478136502356, 44.64309668524526], [37.60535207537506, 44.64309514565482], [37.60535423198261, 44.6430051474477], [37.60548029291513, 44.64300668703334], [37.60548244931781, 44.64291668881993], [37.60573457082358, 44.642919767564294], [37.60573241481046, 44.64300976578732], [37.60585847577327, 44.64301130495565], [37.605856319944834, 44.64310130318197], [37.60573025878725, 44.64309976400883], [37.605728102753936, 44.64318976222884], [37.60547598007948, 44.64318668345566]]]}, "properties": {"zone_id": "novorossiysk-2025-06-08-037", "aoi": "novorossiysk", "date": "2025-06-08", "scene_id": "S2C_MSIL2A_20250608T081621_R121_T37TCK_20250608T121023", "scene_datetime_utc": "2025-06-08T08:16:21.025000+00:00", "detection_status": "detected", "detection_status_ru": "обнаружено", "lon": 37.60561, "lat": 44.64305, "n_pixels": 2, "zone_area_km2": 0.0008, "cover_m2": 11.4, "p_mean": 0.906, "p_max": 0.91, "cover_m2_km2": 14250.0, "h3": "882d728b29fffff", "valid_frac_scene": 0.973, "wind_ms": 3.5, "sea": "спокойное", "scene_reliable": true, "field_event_id": "S4:DOORS3:T12", "field_profile": "B", "field_date": "2024-06-04", "field_distance_km": 249.5, "field_date_gap_days": 369, "field_conc_items_km2": 48.97, "conc_A_items_km2": null, "conc_A_lo80": null, "conc_A_hi80": null, "conc_A_lo95": null, "conc_A_hi95": null, "conc_A_status": "unavailable", "conc_A_status_ru": "концентрация недоступна", "conc_A_reasons": "вне бассейна профиля: nw_atlantic_subtropical", "conc_A_model": "conc-A-c6bce5631d2b", "conc_B_items_km2": 520.5, "conc_B_lo80": 111.0, "conc_B_hi80": 1749.2, "conc_B_lo95": 69.2, "conc_B_hi95": 3275.4, "conc_B_status": "research_estimate", "conc_B_status_ru": "исследовательская оценка", "conc_B_reasons": "ближайшее полевое измерение в 250 км (> 60 км)", "conc_B_model": "conc-B-c6bce5631d2b"}}, {"type": "Feature", "geometry": {"type": "Polygon", "coordinates": [[[37.91782382713962, 44.64306294689912], [37.91782550062142, 44.64297293806212], [37.91769942487903, 44.642971743252055], [37.91770444586203, 44.64270171674344], [37.9178305210198, 44.64270291154231], [37.91783219447026, 44.64261290269943], [37.91808267135886, 44.64270530072263], [37.91807932521392, 44.6428853184189], [37.91833314905044, 44.64279769820268], [37.9183314763638, 44.64288770705753], [37.91845755195048, 44.64288890116813], [37.918455879450875, 44.64297891002523], [37.918329803669316, 44.6429777159109], [37.918328130967005, 44.643067724762815], [37.9182020549984, 44.643066530505614], [37.91820372789559, 44.64297652165743], [37.918077652129696, 44.64297532726481], [37.91807597903764, 44.643065336109274], [37.91782382713962, 44.64306294689912]]]}, "properties": {"zone_id": "novorossiysk-2025-06-08-038", "aoi": "novorossiysk", "date": "2025-06-08", "scene_id": "S2C_MSIL2A_20250608T081621_R121_T37TCK_20250608T121023", "scene_datetime_utc": "2025-06-08T08:16:21.025000+00:00", "detection_status": "detected", "detection_status_ru": "обнаружено", "lon": 37.91799, "lat": 44.64288, "n_pixels": 5, "zone_area_km2": 0.0017, "cover_m2": 29.4, "p_mean": 0.892, "p_max": 0.996, "cover_m2_km2": 17294.1, "h3": "882d721035fffff", "valid_frac_scene": 0.973, "wind_ms": 3.5, "sea": "спокойное", "scene_reliable": true, "field_event_id": "S4:DOORS3:T13", "field_profile": "B", "field_date": "2024-06-04", "field_distance_km": 254.9, "field_date_gap_days": 369, "field_conc_items_km2": 263.57, "conc_A_items_km2": null, "conc_A_lo80": null, "conc_A_hi80": null, "conc_A_lo95": null, "conc_A_hi95": null, "conc_A_status": "unavailable", "conc_A_status_ru": "концентрация недоступна", "conc_A_reasons": "вне бассейна профиля: nw_atlantic_subtropical", "conc_A_model": "conc-A-c6bce5631d2b", "conc_B_items_km2": 901.4, "conc_B_lo80": 192.7, "conc_B_hi80": 3027.3, "conc_B_lo95": 120.4, "conc_B_hi95": 5668.0, "conc_B_status": "research_estimate", "conc_B_status_ru": "исследовательская оценка", "conc_B_reasons": "ближайшее полевое измерение в 255 км (> 60 км); log_dist_coast_km = 0.0 вне диапазона обучения [1.7; 5.0]", "conc_B_model": "conc-B-c6bce5631d2b"}}, {"type": "Feature", "geometry": {"type": "Polygon", "coordinates": [[[37.86806458265027, 44.62754642478439], [37.86806633212394, 44.62745641721501], [37.86794029209266, 44.627455167816215], [37.86794379140481, 44.627275152680866], [37.86819761995113, 44.6271876437461], [37.868195870696745, 44.62727765132379], [37.86832191035499, 44.627278900436664], [37.868318412211046, 44.62745891559541], [37.86806458265027, 44.62754642478439]]]}, "properties": {"zone_id": "novorossiysk-2025-06-08-039", "aoi": "novorossiysk", "date": "2025-06-08", "scene_id": "S2C_MSIL2A_20250608T081621_R121_T37TCK_20250608T121023", "scene_datetime_utc": "2025-06-08T08:16:21.025000+00:00", "detection_status": "detected", "detection_status_ru": "обнаружено", "lon": 37.86813, "lat": 44.62737, "n_pixels": 2, "zone_area_km2": 0.0008, "cover_m2": 8.6, "p_mean": 0.886, "p_max": 0.89, "cover_m2_km2": 10750.0, "h3": "882d721333fffff", "valid_frac_scene": 0.973, "wind_ms": 3.5, "sea": "спокойное", "scene_reliable": true, "field_event_id": "S4:DOORS3:T13", "field_profile": "B", "field_date": "2024-06-04", "field_distance_km": 252.5, "field_date_gap_days": 369, "field_conc_items_km2": 263.57, "conc_A_items_km2": null, "conc_A_lo80": null, "conc_A_hi80": null, "conc_A_lo95": null, "conc_A_hi95": null, "conc_A_status": "unavailable", "conc_A_status_ru": "концентрация недоступна", "conc_A_reasons": "вне бассейна профиля: nw_atlantic_subtropical", "conc_A_model": "conc-A-c6bce5631d2b", "conc_B_items_km2": 511.1, "conc_B_lo80": 108.9, "conc_B_hi80": 1717.5, "conc_B_lo95": 67.9, "conc_B_hi95": 3216.0, "conc_B_status": "research_estimate", "conc_B_status_ru": "исследовательская оценка", "conc_B_reasons": "ближайшее полевое измерение в 253 км (> 60 км)", "conc_B_model": "conc-B-c6bce5631d2b"}}, {"type": "Feature", "geometry": {"type": "Polygon", "coordinates": [[[37.87089854648856, 44.62442360765366], [37.870900291392815, 44.62433359994687], [37.87077425799555, 44.62433235374368], [37.870777748168884, 44.62415233833346], [37.871031558877974, 44.624064822870125], [37.8710298141929, 44.62415483058524], [37.87115584721717, 44.62415607650255], [37.871152358211845, 44.62433609193609], [37.87089854648856, 44.62442360765366]]]}, "properties": {"zone_id": "novorossiysk-2025-06-08-040", "aoi": "novorossiysk", "date": "2025-06-08", "scene_id": "S2C_MSIL2A_20250608T081621_R121_T37TCK_20250608T121023", "scene_datetime_utc": "2025-06-08T08:16:21.025000+00:00", "detection_status": "detected", "detection_status_ru": "обнаружено", "lon": 37.87097, "lat": 44.62424, "n_pixels": 2, "zone_area_km2": 0.0008, "cover_m2": 11.0, "p_mean": 0.886, "p_max": 0.898, "cover_m2_km2": 13750.0, "h3": "882d721159fffff", "valid_frac_scene": 0.973, "wind_ms": 3.5, "sea": "спокойное", "scene_reliable": true, "field_event_id": "S4:DOORS3:T13", "field_profile": "B", "field_date": "2024-06-04", "field_distance_km": 252.2, "field_date_gap_days": 369, "field_conc_items_km2": 263.57, "conc_A_items_km2": null, "conc_A_lo80": null, "conc_A_hi80": null, "conc_A_lo95": null, "conc_A_hi95": null, "conc_A_status": "unavailable", "conc_A_status_ru": "концентрация недоступна", "conc_A_reasons": "вне бассейна профиля: nw_atlantic_subtropical", "conc_A_model": "conc-A-c6bce5631d2b", "conc_B_items_km2": 511.1, "conc_B_lo80": 108.9, "conc_B_hi80": 1717.5, "conc_B_lo95": 67.9, "conc_B_hi95": 3216.0, "conc_B_status": "research_estimate", "conc_B_status_ru": "исследовательская оценка", "conc_B_reasons": "ближайшее полевое измерение в 252 км (> 60 км)", "conc_B_model": "conc-B-c6bce5631d2b"}}, {"type": "Feature", "geometry": {"type": "Polygon", "coordinates": [[[37.8438138567637, 44.610828891631485], [37.84381564267248, 44.6107388845597], [37.84368963986926, 44.61073760877224], [37.84369142596421, 44.61064760170295], [37.8439452168875, 44.61056014605219], [37.843943431189956, 44.61065015313091], [37.84406943381537, 44.61065142863642], [37.844067648304, 44.61074143571767], [37.84394164548406, 44.61074016020817], [37.843939859769804, 44.61083016728394], [37.8438138567637, 44.610828891631485]]]}, "properties": {"zone_id": "novorossiysk-2025-06-08-041", "aoi": "novorossiysk", "date": "2025-06-08", "scene_id": "S2C_MSIL2A_20250608T081621_R121_T37TCK_20250608T121023", "scene_datetime_utc": "2025-06-08T08:16:21.025000+00:00", "detection_status": "detected", "detection_status_ru": "обнаружено", "lon": 37.84388, "lat": 44.61069, "n_pixels": 1, "zone_area_km2": 0.0005, "cover_m2": 3.9, "p_mean": 0.925, "p_max": 0.925, "cover_m2_km2": 7800.0, "h3": "882d721323fffff", "valid_frac_scene": 0.973, "wind_ms": 3.5, "sea": "спокойное", "scene_reliable": true, "field_event_id": "S4:DOORS3:T12", "field_profile": "B", "field_date": "2024-06-04", "field_distance_km": 250.3, "field_date_gap_days": 369, "field_conc_items_km2": 48.97, "conc_A_items_km2": null, "conc_A_lo80": null, "conc_A_hi80": null, "conc_A_lo95": null, "conc_A_hi95": null, "conc_A_status": "unavailable", "conc_A_status_ru": "концентрация недоступна", "conc_A_reasons": "вне бассейна профиля: nw_atlantic_subtropical", "conc_A_model": "conc-A-c6bce5631d2b", "conc_B_items_km2": 461.9, "conc_B_lo80": 98.4, "conc_B_hi80": 1552.6, "conc_B_lo95": 61.3, "conc_B_hi95": 2907.3, "conc_B_status": "research_estimate", "conc_B_status_ru": "исследовательская оценка", "conc_B_reasons": "ближайшее полевое измерение в 250 км (> 60 км)", "conc_B_model": "conc-B-c6bce5631d2b"}}, {"type": "Feature", "geometry": {"type": "Polygon", "coordinates": [[[37.84154580408435, 44.61080590612125], [37.84154759349458, 44.61071589912121], [37.841421590842, 44.61071462083207], [37.84142338043838, 44.61062461383452], [37.84167717456182, 44.61053716325884], [37.84167538536286, 44.610627170265836], [37.84180138783767, 44.61062844827302], [37.84179959882486, 44.61071845528253], [37.84167359615553, 44.61071717727136], [37.84167180693982, 44.610807184275394], [37.84154580408435, 44.61080590612125]]]}, "properties": {"zone_id": "novorossiysk-2025-06-08-042", "aoi": "novorossiysk", "date": "2025-06-08", "scene_id": "S2C_MSIL2A_20250608T081621_R121_T37TCK_20250608T121023", "scene_datetime_utc": "2025-06-08T08:16:21.025000+00:00", "detection_status": "detected", "detection_status_ru": "обнаружено", "lon": 37.84161, "lat": 44.61067, "n_pixels": 1, "zone_area_km2": 0.0005, "cover_m2": 5.5, "p_mean": 0.988, "p_max": 0.988, "cover_m2_km2": 11000.0, "h3": "882d721323fffff", "valid_frac_scene": 0.973, "wind_ms": 3.5, "sea": "спокойное", "scene_reliable": true, "field_event_id": "S4:DOORS3:T12", "field_profile": "B", "field_date": "2024-06-04", "field_distance_km": 250.2, "field_date_gap_days": 369, "field_conc_items_km2": 48.97, "conc_A_items_km2": null, "conc_A_lo80": null, "conc_A_hi80": null, "conc_A_lo95": null, "conc_A_hi95": null, "conc_A_status": "unavailable", "conc_A_status_ru": "концентрация недоступна", "conc_A_reasons": "вне бассейна профиля: nw_atlantic_subtropical", "conc_A_model": "conc-A-c6bce5631d2b", "conc_B_items_km2": 434.2, "conc_B_lo80": 92.4, "conc_B_hi80": 1459.5, "conc_B_lo95": 57.6, "conc_B_hi95": 2733.0, "conc_B_status": "research_estimate", "conc_B_status_ru": "исследовательская оценка", "conc_B_reasons": "ближайшее полевое измерение в 250 км (> 60 км)", "conc_B_model": "conc-B-c6bce5631d2b"}}, {"type": "Feature", "geometry": {"type": "Polygon", "coordinates": [[[37.71065543909913, 44.608412790351835], [37.71065743049128, 44.6083227877143], [37.71053143917292, 44.60832136508552], [37.71053343075022, 44.60823136245095], [37.7107874041864, 44.60814420491571], [37.71078541300734, 44.60823420756068], [37.71091140414988, 44.60823562990711], [37.71090941315596, 44.608325632555015], [37.71078342181897, 44.60832421020413], [37.71078143062126, 44.6084142128461], [37.71065543909913, 44.608412790351835]]]}, "properties": {"zone_id": "novorossiysk-2025-06-08-043", "aoi": "novorossiysk", "date": "2025-06-08", "scene_id": "S2C_MSIL2A_20250608T081621_R121_T37TCK_20250608T121023", "scene_datetime_utc": "2025-06-08T08:16:21.025000+00:00", "detection_status": "detected", "detection_status_ru": "обнаружено", "lon": 37.71072, "lat": 44.60828, "n_pixels": 1, "zone_area_km2": 0.0005, "cover_m2": 4.7, "p_mean": 0.718, "p_max": 0.718, "cover_m2_km2": 9400.0, "h3": "882d72c6c9fffff", "valid_frac_scene": 0.973, "wind_ms": 3.5, "sea": "спокойное", "scene_reliable": true, "field_event_id": "S4:DOORS3:T12", "field_profile": "B", "field_date": "2024-06-04", "field_distance_km": 247.4, "field_date_gap_days": 369, "field_conc_items_km2": 48.97, "conc_A_items_km2": null, "conc_A_lo80": null, "conc_A_hi80": null, "conc_A_lo95": null, "conc_A_hi95": null, "conc_A_status": "unavailable", "conc_A_status_ru": "концентрация недоступна", "conc_A_reasons": "вне бассейна профиля: nw_atlantic_subtropical", "conc_A_model": "conc-A-c6bce5631d2b", "conc_B_items_km2": 462.7, "conc_B_lo80": 98.6, "conc_B_hi80": 1555.2, "conc_B_lo95": 61.4, "conc_B_hi95": 2912.2, "conc_B_status": "research_estimate", "conc_B_status_ru": "исследовательская оценка", "conc_B_reasons": "ближайшее полевое измерение в 247 км (> 60 км)", "conc_B_model": "conc-B-c6bce5631d2b"}}, {"type": "Feature", "geometry": {"type": "Polygon", "coordinates": [[[37.631316491963595, 44.60604900536441], [37.63131860569808, 44.60595900558581], [37.63119262354381, 44.60595749549944], [37.63119473746281, 44.605867495724056], [37.63144881491267, 44.60578051596214], [37.6314467013924, 44.605870515748464], [37.631572683372035, 44.60587202555227], [37.631570570036274, 44.6059620253418], [37.63144458786223, 44.60596051553327], [37.63144247432216, 44.606050515316575], [37.631316491963595, 44.60604900536441]]]}, "properties": {"zone_id": "novorossiysk-2025-06-08-044", "aoi": "novorossiysk", "date": "2025-06-08", "scene_id": "S2C_MSIL2A_20250608T081621_R121_T37TCK_20250608T121023", "scene_datetime_utc": "2025-06-08T08:16:21.025000+00:00", "detection_status": "detected", "detection_status_ru": "обнаружено", "lon": 37.63138, "lat": 44.60591, "n_pixels": 1, "zone_area_km2": 0.0005, "cover_m2": 9.8, "p_mean": 0.616, "p_max": 0.616, "cover_m2_km2": 19600.0, "h3": "882d72d4b9fffff", "valid_frac_scene": 0.973, "wind_ms": 3.5, "sea": "спокойное", "scene_reliable": true, "field_event_id": "S4:DOORS3:T12", "field_profile": "B", "field_date": "2024-06-04", "field_distance_km": 245.9, "field_date_gap_days": 369, "field_conc_items_km2": 48.97, "conc_A_items_km2": null, "conc_A_lo80": null, "conc_A_hi80": null, "conc_A_lo95": null, "conc_A_hi95": null, "conc_A_status": "unavailable", "conc_A_status_ru": "концентрация недоступна", "conc_A_reasons": "вне бассейна профиля: nw_atlantic_subtropical", "conc_A_model": "conc-A-c6bce5631d2b", "conc_B_items_km2": 434.7, "conc_B_lo80": 92.5, "conc_B_hi80": 1461.2, "conc_B_lo95": 57.6, "conc_B_hi95": 2736.1, "conc_B_status": "research_estimate", "conc_B_status_ru": "исследовательская оценка", "conc_B_reasons": "ближайшее полевое измерение в 246 км (> 60 км)", "conc_B_model": "conc-B-c6bce5631d2b"}}, {"type": "Feature", "geometry": {"type": "Polygon", "coordinates": [[[37.87593941030592, 44.59836604107941], [37.87594114584424, 44.59827603280433], [37.87581516856993, 44.59827479272993], [37.875816904294524, 44.598184784457224], [37.876070593790125, 44.59809725617742], [37.87606885846246, 44.59818726445934], [37.876194835558614, 44.598188504252015], [37.87619310041723, 44.59827851253632], [37.876067123126674, 44.59827727273979], [37.876065387782766, 44.59836728101875], [37.87593941030592, 44.59836604107941]]]}, "properties": {"zone_id": "novorossiysk-2025-06-08-045", "aoi": "novorossiysk", "date": "2025-06-08", "scene_id": "S2C_MSIL2A_20250608T081621_R121_T37TCK_20250608T121023", "scene_datetime_utc": "2025-06-08T08:16:21.025000+00:00", "detection_status": "detected", "detection_status_ru": "обнаружено", "lon": 37.87601, "lat": 44.59823, "n_pixels": 1, "zone_area_km2": 0.0005, "cover_m2": 10.2, "p_mean": 0.6, "p_max": 0.6, "cover_m2_km2": 20400.0, "h3": "882d721147fffff", "valid_frac_scene": 0.973, "wind_ms": 3.5, "sea": "спокойное", "scene_reliable": true, "field_event_id": "S4:DOORS3:T13", "field_profile": "B", "field_date": "2024-06-04", "field_distance_km": 249.4, "field_date_gap_days": 369, "field_conc_items_km2": 263.57, "conc_A_items_km2": null, "conc_A_lo80": null, "conc_A_hi80": null, "conc_A_lo95": null, "conc_A_hi95": null, "conc_A_status": "unavailable", "conc_A_status_ru": "концентрация недоступна", "conc_A_reasons": "вне бассейна профиля: nw_atlantic_subtropical", "conc_A_model": "conc-A-c6bce5631d2b", "conc_B_items_km2": 496.8, "conc_B_lo80": 105.9, "conc_B_hi80": 1669.5, "conc_B_lo95": 66.0, "conc_B_hi95": 3126.2, "conc_B_status": "research_estimate", "conc_B_status_ru": "исследовательская оценка", "conc_B_reasons": "ближайшее полевое измерение в 249 км (> 60 км)", "conc_B_model": "conc-B-c6bce5631d2b"}}, {"type": "Feature", "geometry": {"type": "Polygon", "coordinates": [[[37.700942881869956, 44.59749968929143], [37.700944887497656, 44.59740968682653], [37.70081892024695, 44.59740825375757], [37.70082092605961, 44.59731825129564], [37.701074865596276, 44.59723111481334], [37.7010728601817, 44.597321117285716], [37.701198827256825, 44.59732255007242], [37.701196822027214, 44.59741255254776], [37.70107085475774, 44.597411119756586], [37.701068849324386, 44.597501122225985], [37.700942881869956, 44.59749968929143]]]}, "properties": {"zone_id": "novorossiysk-2025-06-08-046", "aoi": "novorossiysk", "date": "2025-06-08", "scene_id": "S2C_MSIL2A_20250608T081621_R121_T37TCK_20250608T121023", "scene_datetime_utc": "2025-06-08T08:16:21.025000+00:00", "detection_status": "detected", "detection_status_ru": "обнаружено", "lon": 37.70101, "lat": 44.59737, "n_pixels": 1, "zone_area_km2": 0.0005, "cover_m2": 3.9, "p_mean": 0.988, "p_max": 0.988, "cover_m2_km2": 7800.0, "h3": "882d72c61bfffff", "valid_frac_scene": 0.973, "wind_ms": 3.5, "sea": "спокойное", "scene_reliable": true, "field_event_id": "S4:DOORS3:T12", "field_profile": "B", "field_date": "2024-06-04", "field_distance_km": 246.1, "field_date_gap_days": 369, "field_conc_items_km2": 48.97, "conc_A_items_km2": null, "conc_A_lo80": null, "conc_A_hi80": null, "conc_A_lo95": null, "conc_A_hi95": null, "conc_A_status": "unavailable", "conc_A_status_ru": "концентрация недоступна", "conc_A_reasons": "вне бассейна профиля: nw_atlantic_subtropical", "conc_A_model": "conc-A-c6bce5631d2b", "conc_B_items_km2": 423.6, "conc_B_lo80": 90.2, "conc_B_hi80": 1424.1, "conc_B_lo95": 56.1, "conc_B_hi95": 2666.7, "conc_B_status": "research_estimate", "conc_B_status_ru": "исследовательская оценка", "conc_B_reasons": "ближайшее полевое измерение в 246 км (> 60 км)", "conc_B_model": "conc-B-c6bce5631d2b"}}, {"type": "Feature", "geometry": {"type": "Polygon", "coordinates": [[[37.87547543369055, 44.59629088958782], [37.87547716981959, 44.59620088129422], [37.87535119704891, 44.59619964075317], [37.875352933364205, 44.59610963246197], [37.8754789059405, 44.59611087299915], [37.87548064205329, 44.59602086470259], [37.87573258684148, 44.59602334535243], [37.87573085111747, 44.59611335365673], [37.87585682371813, 44.596114593777166], [37.87585508818038, 44.596204602083844], [37.875729115385326, 44.59620336195956], [37.87572737964506, 44.59629337026091], [37.87547543369055, 44.59629088958782]]]}, "properties": {"zone_id": "novorossiysk-2025-06-08-047", "aoi": "novorossiysk", "date": "2025-06-08", "scene_id": "S2C_MSIL2A_20250608T081621_R121_T37TCK_20250608T121023", "scene_datetime_utc": "2025-06-08T08:16:21.025000+00:00", "detection_status": "detected", "detection_status_ru": "обнаружено", "lon": 37.8756, "lat": 44.59616, "n_pixels": 2, "zone_area_km2": 0.0008, "cover_m2": 22.4, "p_mean": 0.575, "p_max": 0.588, "cover_m2_km2": 28000.0, "h3": "882d721147fffff", "valid_frac_scene": 0.973, "wind_ms": 3.5, "sea": "спокойное", "scene_reliable": true, "field_event_id": "S4:DOORS3:T13", "field_profile": "B", "field_date": "2024-06-04", "field_distance_km": 249.2, "field_date_gap_days": 369, "field_conc_items_km2": 263.57, "conc_A_items_km2": null, "conc_A_lo80": null, "conc_A_hi80": null, "conc_A_lo95": null, "conc_A_hi95": null, "conc_A_status": "unavailable", "conc_A_status_ru": "концентрация недоступна", "conc_A_reasons": "вне бассейна профиля: nw_atlantic_subtropical", "conc_A_model": "conc-A-c6bce5631d2b", "conc_B_items_km2": 496.8, "conc_B_lo80": 105.9, "conc_B_hi80": 1669.5, "conc_B_lo95": 66.0, "conc_B_hi95": 3126.2, "conc_B_status": "research_estimate", "conc_B_status_ru": "исследовательская оценка", "conc_B_reasons": "ближайшее полевое измерение в 249 км (> 60 км)", "conc_B_model": "conc-B-c6bce5631d2b"}}, {"type": "Feature", "geometry": {"type": "Polygon", "coordinates": [[[37.87536161481879, 44.59565959098375], [37.875363351085326, 44.59556958268368], [37.87523737968346, 44.595568342030816], [37.87523911613625, 44.59547833373314], [37.87536508734374, 44.59547957438213], [37.87536682359402, 44.595389566079085], [37.87561876564462, 44.59539204695258], [37.87561702978309, 44.595482055263346], [37.87574300101495, 44.59548329549559], [37.87574126533969, 44.595573303808756], [37.87561529391344, 44.59557206357264], [37.87561355803567, 44.59566207188046], [37.87536161481879, 44.59565959098375]]]}, "properties": {"zone_id": "novorossiysk-2025-06-08-048", "aoi": "novorossiysk", "date": "2025-06-08", "scene_id": "S2C_MSIL2A_20250608T081621_R121_T37TCK_20250608T121023", "scene_datetime_utc": "2025-06-08T08:16:21.025000+00:00", "detection_status": "detected", "detection_status_ru": "обнаружено", "lon": 37.87549, "lat": 44.59553, "n_pixels": 2, "zone_area_km2": 0.0008, "cover_m2": 14.5, "p_mean": 0.8, "p_max": 0.906, "cover_m2_km2": 18125.0, "h3": "882d721147fffff", "valid_frac_scene": 0.973, "wind_ms": 3.5, "sea": "спокойное", "scene_reliable": true, "field_event_id": "S4:DOORS3:T13", "field_profile": "B", "field_date": "2024-06-04", "field_distance_km": 249.1, "field_date_gap_days": 369, "field_conc_items_km2": 263.57, "conc_A_items_km2": null, "conc_A_lo80": null, "conc_A_hi80": null, "conc_A_lo95": null, "conc_A_hi95": null, "conc_A_status": "unavailable", "conc_A_status_ru": "концентрация недоступна", "conc_A_reasons": "вне бассейна профиля: nw_atlantic_subtropical", "conc_A_model": "conc-A-c6bce5631d2b", "conc_B_items_km2": 496.8, "conc_B_lo80": 105.9, "conc_B_hi80": 1669.5, "conc_B_lo95": 66.0, "conc_B_hi95": 3126.2, "conc_B_status": "research_estimate", "conc_B_status_ru": "исследовательская оценка", "conc_B_reasons": "ближайшее полевое измерение в 249 км (> 60 км)", "conc_B_model": "conc-B-c6bce5631d2b"}}, {"type": "Feature", "geometry": {"type": "Polygon", "coordinates": [[[37.89114578951022, 44.59383338559992], [37.89114750130254, 44.59374337678676], [37.89102153316816, 44.59374215358233], [37.8910249571175, 44.59356213595919], [37.89115092486316, 44.593563359155986], [37.89115263663145, 44.593473350338385], [37.89127860419075, 44.59347457339246], [37.89128031575667, 44.593384564569575], [37.89140628312962, 44.59338578748093], [37.89140457175807, 44.59347579630763], [37.89165821789956, 44.59338823288691], [37.89165650691673, 44.59347824172124], [37.89178247450808, 44.59347946421969], [37.89178076371161, 44.59356947305637], [37.8916547959259, 44.59356825055411], [37.891653084927064, 44.59365825938551], [37.89140286037851, 44.59356580513286], [37.891399437595354, 44.5937458227789], [37.89114578951022, 44.59383338559992]]]}, "properties": {"zone_id": "novorossiysk-2025-06-08-049", "aoi": "novorossiysk", "date": "2025-06-08", "scene_id": "S2C_MSIL2A_20250608T081621_R121_T37TCK_20250608T121023", "scene_datetime_utc": "2025-06-08T08:16:21.025000+00:00", "detection_status": "detected", "detection_status_ru": "обнаружено", "lon": 37.89134, "lat": 44.59359, "n_pixels": 4, "zone_area_km2": 0.0015, "cover_m2": 41.2, "p_mean": 0.652, "p_max": 0.737, "cover_m2_km2": 27466.7, "h3": "882d721105fffff", "valid_frac_scene": 0.973, "wind_ms": 3.5, "sea": "спокойное", "scene_reliable": true, "field_event_id": "S4:DOORS3:T13", "field_profile": "B", "field_date": "2024-06-04", "field_distance_km": 249.2, "field_date_gap_days": 369, "field_conc_items_km2": 263.57, "conc_A_items_km2": null, "conc_A_lo80": null, "conc_A_hi80": null, "conc_A_lo95": null, "conc_A_hi95": null, "conc_A_status": "unavailable", "conc_A_status_ru": "концентрация недоступна", "conc_A_reasons": "вне бассейна профиля: nw_atlantic_subtropical", "conc_A_model": "conc-A-c6bce5631d2b", "conc_B_items_km2": 496.8, "conc_B_lo80": 105.9, "conc_B_hi80": 1669.5, "conc_B_lo95": 66.0, "conc_B_hi95": 3126.2, "conc_B_status": "research_estimate", "conc_B_status_ru": "исследовательская оценка", "conc_B_reasons": "ближайшее полевое измерение в 249 км (> 60 км)", "conc_B_model": "conc-B-c6bce5631d2b"}}, {"type": "Feature", "geometry": {"type": "Polygon", "coordinates": [[[37.915849124831745, 44.593350376166626], [37.91585079846473, 44.593260366601754], [37.91572483033234, 44.59325917065349], [37.915729851767395, 44.592989141961205], [37.91598346028112, 44.59290152412193], [37.91598178687383, 44.59299153369645], [37.9162320489852, 44.593083934456544], [37.916230375950974, 44.593173944035556], [37.91597676660496, 44.59326156241111], [37.91597509316635, 44.593351571979724], [37.915849124831745, 44.593350376166626]]]}, "properties": {"zone_id": "novorossiysk-2025-06-08-050", "aoi": "novorossiysk", "date": "2025-06-08", "scene_id": "S2C_MSIL2A_20250608T081621_R121_T37TCK_20250608T121023", "scene_datetime_utc": "2025-06-08T08:16:21.025000+00:00", "detection_status": "detected", "detection_status_ru": "обнаружено", "lon": 37.91595, "lat": 44.59313, "n_pixels": 4, "zone_area_km2": 0.0012, "cover_m2": 52.5, "p_mean": 0.725, "p_max": 0.847, "cover_m2_km2": 43750.0, "h3": "882d72113dfffff", "valid_frac_scene": 0.973, "wind_ms": 3.5, "sea": "спокойное", "scene_reliable": true, "field_event_id": "S4:DOORS3:T13", "field_profile": "B", "field_date": "2024-06-04", "field_distance_km": 249.5, "field_date_gap_days": 369, "field_conc_items_km2": 263.57, "conc_A_items_km2": null, "conc_A_lo80": null, "conc_A_hi80": null, "conc_A_lo95": null, "conc_A_hi95": null, "conc_A_status": "unavailable", "conc_A_status_ru": "концентрация недоступна", "conc_A_reasons": "вне бассейна профиля: nw_atlantic_subtropical", "conc_A_model": "conc-A-c6bce5631d2b", "conc_B_items_km2": 592.0, "conc_B_lo80": 126.3, "conc_B_hi80": 1988.9, "conc_B_lo95": 78.8, "conc_B_hi95": 3724.1, "conc_B_status": "research_estimate", "conc_B_status_ru": "исследовательская оценка", "conc_B_reasons": "ближайшее полевое измерение в 249 км (> 60 км); log_dist_coast_km = 1.2 вне диапазона обучения [1.7; 5.0]", "conc_B_model": "conc-B-c6bce5631d2b"}}, {"type": "Feature", "geometry": {"type": "Polygon", "coordinates": [[[37.90350426618384, 44.59323251263979], [37.90350595886466, 44.59314250344278], [37.90337999150435, 44.593141293881594], [37.90338168437162, 44.59305128468687], [37.903507651537566, 44.59305249424429], [37.90350934420254, 44.59296248504433], [37.90376127816948, 44.5929649037349], [37.90375958589322, 44.593054912942414], [37.90388555308294, 44.593056122083105], [37.903883860993126, 44.59314613129292], [37.90375789360905, 44.59314492214844], [37.90375620131695, 44.593234931353], [37.90350426618384, 44.59323251263979]]]}, "properties": {"zone_id": "novorossiysk-2025-06-08-051", "aoi": "novorossiysk", "date": "2025-06-08", "scene_id": "S2C_MSIL2A_20250608T081621_R121_T37TCK_20250608T121023", "scene_datetime_utc": "2025-06-08T08:16:21.025000+00:00", "detection_status": "detected", "detection_status_ru": "обнаружено", "lon": 37.90363, "lat": 44.5931, "n_pixels": 2, "zone_area_km2": 0.0008, "cover_m2": 15.3, "p_mean": 0.676, "p_max": 0.761, "cover_m2_km2": 19125.0, "h3": "882d721107fffff", "valid_frac_scene": 0.973, "wind_ms": 3.5, "sea": "спокойное", "scene_reliable": true, "field_event_id": "S4:DOORS3:T13", "field_profile": "B", "field_date": "2024-06-04", "field_distance_km": 249.3, "field_date_gap_days": 369, "field_conc_items_km2": 263.57, "conc_A_items_km2": null, "conc_A_lo80": null, "conc_A_hi80": null, "conc_A_lo95": null, "conc_A_hi95": null, "conc_A_status": "unavailable", "conc_A_status_ru": "концентрация недоступна", "conc_A_reasons": "вне бассейна профиля: nw_atlantic_subtropical", "conc_A_model": "conc-A-c6bce5631d2b", "conc_B_items_km2": 540.9, "conc_B_lo80": 115.4, "conc_B_hi80": 1817.6, "conc_B_lo95": 71.9, "conc_B_hi95": 3403.3, "conc_B_status": "research_estimate", "conc_B_status_ru": "исследовательская оценка", "conc_B_reasons": "ближайшее полевое измерение в 249 км (> 60 км)", "conc_B_model": "conc-B-c6bce5631d2b"}}, {"type": "Feature", "geometry": {"type": "Polygon", "coordinates": [[[37.90287442848971, 44.593226463425886], [37.90287612214235, 44.59313645424776], [37.90275015482167, 44.59313524399203], [37.90275184866074, 44.5930452348162], [37.902877815787065, 44.593046445068154], [37.902879509423855, 44.59295643588707], [37.90300547636374, 44.59295764599634], [37.903007169798244, 44.592867636810006], [37.903257410267294, 44.59296006579815], [37.90325402415196, 44.59314008418149], [37.9031280568075, 44.59313887434248], [37.903126363543585, 44.59322888352817], [37.90287442848971, 44.593226463425886]]]}, "properties": {"zone_id": "novorossiysk-2025-06-08-052", "aoi": "novorossiysk", "date": "2025-06-08", "scene_id": "S2C_MSIL2A_20250608T081621_R121_T37TCK_20250608T121023", "scene_datetime_utc": "2025-06-08T08:16:21.025000+00:00", "detection_status": "detected", "detection_status_ru": "обнаружено", "lon": 37.90302, "lat": 44.59306, "n_pixels": 3, "zone_area_km2": 0.001, "cover_m2": 26.3, "p_mean": 0.665, "p_max": 0.706, "cover_m2_km2": 26300.0, "h3": "882d721107fffff", "valid_frac_scene": 0.973, "wind_ms": 3.5, "sea": "спокойное", "scene_reliable": true, "field_event_id": "S4:DOORS3:T13", "field_profile": "B", "field_date": "2024-06-04", "field_distance_km": 249.3, "field_date_gap_days": 369, "field_conc_items_km2": 263.57, "conc_A_items_km2": null, "conc_A_lo80": null, "conc_A_hi80": null, "conc_A_lo95": null, "conc_A_hi95": null, "conc_A_status": "unavailable", "conc_A_status_ru": "концентрация недоступна", "conc_A_reasons": "вне бассейна профиля: nw_atlantic_subtropical", "conc_A_model": "conc-A-c6bce5631d2b", "conc_B_items_km2": 540.9, "conc_B_lo80": 115.4, "conc_B_hi80": 1817.6, "conc_B_lo95": 71.9, "conc_B_hi95": 3403.3, "conc_B_status": "research_estimate", "conc_B_status_ru": "исследовательская оценка", "conc_B_reasons": "ближайшее полевое измерение в 249 км (> 60 км)", "conc_B_model": "conc-B-c6bce5631d2b"}}, {"type": "Feature", "geometry": {"type": "Polygon", "coordinates": [[[37.912968514427874, 44.58567082432657], [37.91297019205813, 44.58558081472608], [37.91284424063187, 44.58557961576213], [37.91284591844857, 44.585489606163904], [37.91309949834066, 44.58540199433824], [37.913097820920385, 44.585492003945426], [37.91322377216807, 44.585493202627895], [37.91322209493423, 44.58558321223734], [37.913096143492254, 44.58558201355114], [37.91309446605628, 44.58567202315537], [37.912968514427874, 44.58567082432657]]]}, "properties": {"zone_id": "novorossiysk-2025-06-08-053", "aoi": "novorossiysk", "date": "2025-06-08", "scene_id": "S2C_MSIL2A_20250608T081621_R121_T37TCK_20250608T121023", "scene_datetime_utc": "2025-06-08T08:16:21.025000+00:00", "detection_status": "detected", "detection_status_ru": "обнаружено", "lon": 37.91303, "lat": 44.58554, "n_pixels": 1, "zone_area_km2": 0.0005, "cover_m2": 3.9, "p_mean": 0.91, "p_max": 0.91, "cover_m2_km2": 7800.0, "h3": "882d721123fffff", "valid_frac_scene": 0.973, "wind_ms": 3.5, "sea": "спокойное", "scene_reliable": true, "field_event_id": "S4:DOORS3:T13", "field_profile": "B", "field_date": "2024-06-04", "field_distance_km": 248.6, "field_date_gap_days": 369, "field_conc_items_km2": 263.57, "conc_A_items_km2": null, "conc_A_lo80": null, "conc_A_hi80": null, "conc_A_lo95": null, "conc_A_hi95": null, "conc_A_status": "unavailable", "conc_A_status_ru": "концентрация недоступна", "conc_A_reasons": "вне бассейна профиля: nw_atlantic_subtropical", "conc_A_model": "conc-A-c6bce5631d2b", "conc_B_items_km2": 592.0, "conc_B_lo80": 126.3, "conc_B_hi80": 1988.9, "conc_B_lo95": 78.8, "conc_B_hi95": 3724.1, "conc_B_status": "research_estimate", "conc_B_status_ru": "исследовательская оценка", "conc_B_reasons": "ближайшее полевое измерение в 249 км (> 60 км); log_dist_coast_km = 1.2 вне диапазона обучения [1.7; 5.0]", "conc_B_model": "conc-B-c6bce5631d2b"}}, {"type": "Feature", "geometry": {"type": "Polygon", "coordinates": [[[37.91172915293486, 44.58457871354654], [37.911730832413696, 44.58448870396578], [37.911604883397395, 44.584487503658096], [37.91160656306264, 44.58439749407962], [37.911860139983396, 44.58430988496121], [37.91185846071456, 44.584399894548646], [37.91198440955231, 44.58440109457488], [37.911982730469894, 44.58449110416459], [37.91185678143786, 44.58448990413462], [37.911855102153304, 44.58457991371912], [37.91172915293486, 44.58457871354654]]]}, "properties": {"zone_id": "novorossiysk-2025-06-08-054", "aoi": "novorossiysk", "date": "2025-06-08", "scene_id": "S2C_MSIL2A_20250608T081621_R121_T37TCK_20250608T121023", "scene_datetime_utc": "2025-06-08T08:16:21.025000+00:00", "detection_status": "detected", "detection_status_ru": "обнаружено", "lon": 37.91179, "lat": 44.58444, "n_pixels": 1, "zone_area_km2": 0.0005, "cover_m2": 12.2, "p_mean": 0.722, "p_max": 0.722, "cover_m2_km2": 24400.0, "h3": "882d721123fffff", "valid_frac_scene": 0.973, "wind_ms": 3.5, "sea": "спокойное", "scene_reliable": true, "field_event_id": "S4:DOORS3:T13", "field_profile": "B", "field_date": "2024-06-04", "field_distance_km": 248.5, "field_date_gap_days": 369, "field_conc_items_km2": 263.57, "conc_A_items_km2": null, "conc_A_lo80": null, "conc_A_hi80": null, "conc_A_lo95": null, "conc_A_hi95": null, "conc_A_status": "unavailable", "conc_A_status_ru": "концентрация недоступна", "conc_A_reasons": "вне бассейна профиля: nw_atlantic_subtropical", "conc_A_model": "conc-A-c6bce5631d2b", "conc_B_items_km2": 592.0, "conc_B_lo80": 126.3, "conc_B_hi80": 1988.9, "conc_B_lo95": 78.8, "conc_B_hi95": 3724.1, "conc_B_status": "research_estimate", "conc_B_status_ru": "исследовательская оценка", "conc_B_reasons": "ближайшее полевое измерение в 248 км (> 60 км); log_dist_coast_km = 1.2 вне диапазона обучения [1.7; 5.0]", "conc_B_model": "conc-B-c6bce5631d2b"}}, {"type": "Feature", "geometry": {"type": "Polygon", "coordinates": [[[37.899891659362815, 44.58437526806363], [37.89989335709566, 44.584285258835465], [37.899767409016526, 44.58428404547828], [37.89977250275019, 44.58401401779627], [37.89964655526181, 44.584012804311605], [37.899651649506765, 44.58374277662767], [37.899777596412335, 44.583743990100984], [37.899779294283825, 44.583653980866266], [37.900031187730264, 44.58365640738875], [37.90002949024731, 44.58374641663105], [37.90027968701169, 44.58383885185405], [37.90027798990138, 44.583928861100944], [37.90002439775078, 44.584016444349054], [37.90002270023604, 44.58410645358544], [37.90014864794252, 44.58410766665732], [37.90014525327776, 44.58428768513324], [37.899891659362815, 44.58437526806363]]]}, "properties": {"zone_id": "novorossiysk-2025-06-08-055", "aoi": "novorossiysk", "date": "2025-06-08", "scene_id": "S2C_MSIL2A_20250608T081621_R121_T37TCK_20250608T121023", "scene_datetime_utc": "2025-06-08T08:16:21.025000+00:00", "detection_status": "detected", "detection_status_ru": "обнаружено", "lon": 37.89993, "lat": 44.58395, "n_pixels": 9, "zone_area_km2": 0.0024, "cover_m2": 66.3, "p_mean": 0.909, "p_max": 0.992, "cover_m2_km2": 27625.0, "h3": "882d721129fffff", "valid_frac_scene": 0.973, "wind_ms": 3.5, "sea": "спокойное", "scene_reliable": true, "field_event_id": "S4:DOORS3:T13", "field_profile": "B", "field_date": "2024-06-04", "field_distance_km": 248.2, "field_date_gap_days": 369, "field_conc_items_km2": 263.57, "conc_A_items_km2": null, "conc_A_lo80": null, "conc_A_hi80": null, "conc_A_lo95": null, "conc_A_hi95": null, "conc_A_status": "unavailable", "conc_A_status_ru": "концентрация недоступна", "conc_A_reasons": "вне бассейна профиля: nw_atlantic_subtropical", "conc_A_model": "conc-A-c6bce5631d2b", "conc_B_items_km2": 540.9, "conc_B_lo80": 115.4, "conc_B_hi80": 1817.6, "conc_B_lo95": 71.9, "conc_B_hi95": 3403.3, "conc_B_status": "research_estimate", "conc_B_status_ru": "исследовательская оценка", "conc_B_reasons": "ближайшее полевое измерение в 248 км (> 60 км)", "conc_B_model": "conc-B-c6bce5631d2b"}}, {"type": "Feature", "geometry": {"type": "Polygon", "coordinates": [[[37.9414762545523, 44.58359795699329], [37.941477888073216, 44.58350794651991], [37.94135193994709, 44.58350677903617], [37.94135520735455, 44.5833267580923], [37.94148115509212, 44.583327925568746], [37.94148278859011, 44.58323791509096], [37.941356841046805, 44.58323674761816], [37.94135847473141, 44.583146737142535], [37.94148442208045, 44.5831479046117], [37.941486055563146, 44.58305789413096], [37.94136010840838, 44.58305672666545], [37.9413617420777, 44.58296671618689], [37.94161526927947, 44.58287904048444], [37.94161363600633, 44.582969050971776], [37.94173958298211, 44.582970218155914], [37.9417379498956, 44.5830602286454], [37.94161200272555, 44.58305906145762], [37.94161036943712, 44.583149071941996], [37.941736316801446, 44.583150239133424], [37.94173468369965, 44.583240249619976], [37.941608736141056, 44.583239082424896], [37.941607102837345, 44.583329092906325], [37.94173305059021, 44.58333026010506], [37.94172978434841, 44.58351028107079], [37.9414762545523, 44.58359795699329]]]}, "properties": {"zone_id": "novorossiysk-2025-06-08-056", "aoi": "novorossiysk", "date": "2025-06-08", "scene_id": "S2C_MSIL2A_20250608T081621_R121_T37TCK_20250608T121023", "scene_datetime_utc": "2025-06-08T08:16:21.025000+00:00", "detection_status": "detected", "detection_status_ru": "обнаружено", "lon": 37.94155, "lat": 44.58326, "n_pixels": 4, "zone_area_km2": 0.0016, "cover_m2": 50.2, "p_mean": 0.703, "p_max": 0.827, "cover_m2_km2": 31375.0, "h3": "882d721addfffff", "valid_frac_scene": 0.973, "wind_ms": 3.5, "sea": "спокойное", "scene_reliable": true, "field_event_id": "S4:DOORS3:T13", "field_profile": "B", "field_date": "2024-06-04", "field_distance_km": 248.8, "field_date_gap_days": 369, "field_conc_items_km2": 263.57, "conc_A_items_km2": null, "conc_A_lo80": null, "conc_A_hi80": null, "conc_A_lo95": null, "conc_A_hi95": null, "conc_A_status": "unavailable", "conc_A_status_ru": "концентрация недоступна", "conc_A_reasons": "вне бассейна профиля: nw_atlantic_subtropical", "conc_A_model": "conc-A-c6bce5631d2b", "conc_B_items_km2": 669.0, "conc_B_lo80": 142.9, "conc_B_hi80": 2247.5, "conc_B_lo95": 89.1, "conc_B_hi95": 4208.1, "conc_B_status": "research_estimate", "conc_B_status_ru": "исследовательская оценка", "conc_B_reasons": "ближайшее полевое измерение в 249 км (> 60 км); log_dist_coast_km = 0.8 вне диапазона обучения [1.7; 5.0]", "conc_B_model": "conc-B-c6bce5631d2b"}}, {"type": "Feature", "geometry": {"type": "Polygon", "coordinates": [[[37.805741764130545, 44.580638685124285], [37.80574360689931, 44.58054867880386], [37.80561767103881, 44.58054736171128], [37.805621356938886, 44.580367349074194], [37.80574729241098, 44.58036866615854], [37.805749135153874, 44.58027865983366], [37.8060010057355, 44.580281293577634], [37.805999163381024, 44.58037129991074], [37.80612509887899, 44.580372616578586], [37.80612141453257, 44.580552629248565], [37.805995478646196, 44.580551312572496], [37.80599363626585, 44.580641318901144], [37.805741764130545, 44.580638685124285]]]}, "properties": {"zone_id": "novorossiysk-2025-06-08-057", "aoi": "novorossiysk", "date": "2025-06-08", "scene_id": "S2C_MSIL2A_20250608T081621_R121_T37TCK_20250608T121023", "scene_datetime_utc": "2025-06-08T08:16:21.025000+00:00", "detection_status": "detected", "detection_status_ru": "обнаружено", "lon": 37.80587, "lat": 44.58046, "n_pixels": 4, "zone_area_km2": 0.0012, "cover_m2": 22.4, "p_mean": 0.724, "p_max": 0.941, "cover_m2_km2": 18666.7, "h3": "882d72c4c3fffff", "valid_frac_scene": 0.973, "wind_ms": 3.5, "sea": "спокойное", "scene_reliable": true, "field_event_id": "S4:DOORS3:T12", "field_profile": "B", "field_date": "2024-06-04", "field_distance_km": 246.2, "field_date_gap_days": 369, "field_conc_items_km2": 48.97, "conc_A_items_km2": null, "conc_A_lo80": null, "conc_A_hi80": null, "conc_A_lo95": null, "conc_A_hi95": null, "conc_A_status": "unavailable", "conc_A_status_ru": "концентрация недоступна", "conc_A_reasons": "вне бассейна профиля: nw_atlantic_subtropical", "conc_A_model": "conc-A-c6bce5631d2b", "conc_B_items_km2": 389.9, "conc_B_lo80": 82.9, "conc_B_hi80": 1310.7, "conc_B_lo95": 51.6, "conc_B_hi95": 2454.5, "conc_B_status": "research_estimate", "conc_B_status_ru": "исследовательская оценка", "conc_B_reasons": "ближайшее полевое измерение в 246 км (> 60 км)", "conc_B_model": "conc-B-c6bce5631d2b"}}, {"type": "Feature", "geometry": {"type": "Polygon", "coordinates": [[[37.94308060061811, 44.57848135418864], [37.94308223137265, 44.57839134358768], [37.942956294227095, 44.57839017797772], [37.942957925168216, 44.578300167378934], [37.94308386211955, 44.57830133298526], [37.94308549285883, 44.578211322381364], [37.943337366395944, 44.57821365317022], [37.943335736045114, 44.5783036637814], [37.94346167301934, 44.57830482897119], [37.9434600428551, 44.57839483958453], [37.94333410568666, 44.57839367439109], [37.943332475320574, 44.57848368499933], [37.94308060061811, 44.57848135418864]]]}, "properties": {"zone_id": "novorossiysk-2025-06-08-058", "aoi": "novorossiysk", "date": "2025-06-08", "scene_id": "S2C_MSIL2A_20250608T081621_R121_T37TCK_20250608T121023", "scene_datetime_utc": "2025-06-08T08:16:21.025000+00:00", "detection_status": "detected", "detection_status_ru": "обнаружено", "lon": 37.94321, "lat": 44.57835, "n_pixels": 2, "zone_area_km2": 0.0008, "cover_m2": 26.3, "p_mean": 0.508, "p_max": 0.51, "cover_m2_km2": 32875.0, "h3": "882d721ac3fffff", "valid_frac_scene": 0.973, "wind_ms": 3.5, "sea": "спокойное", "scene_reliable": true, "field_event_id": "S4:DOORS3:T13", "field_profile": "B", "field_date": "2024-06-04", "field_distance_km": 248.3, "field_date_gap_days": 369, "field_conc_items_km2": 263.57, "conc_A_items_km2": null, "conc_A_lo80": null, "conc_A_hi80": null, "conc_A_lo95": null, "conc_A_hi95": null, "conc_A_status": "unavailable", "conc_A_status_ru": "концентрация недоступна", "conc_A_reasons": "вне бассейна профиля: nw_atlantic_subtropical", "conc_A_model": "conc-A-c6bce5631d2b", "conc_B_items_km2": 621.6, "conc_B_lo80": 132.7, "conc_B_hi80": 2088.3, "conc_B_lo95": 82.8, "conc_B_hi95": 3910.2, "conc_B_status": "research_estimate", "conc_B_status_ru": "исследовательская оценка", "conc_B_reasons": "ближайшее полевое измерение в 248 км (> 60 км); log_dist_coast_km = 1.0 вне диапазона обучения [1.7; 5.0]", "conc_B_model": "conc-B-c6bce5631d2b"}}, {"type": "Feature", "geometry": {"type": "Polygon", "coordinates": [[[37.81454477732244, 44.575148817321434], [37.81454660615994, 44.57505881062642], [37.814420681745965, 44.57505750336627], [37.81442251076906, 44.57496749667385], [37.81467618784345, 44.57488010434512], [37.81467435921723, 44.57497011104719], [37.81480028345415, 44.574971418025655], [37.81479845501353, 44.575061424730315], [37.81467253058245, 44.57506011774777], [37.814670701939114, 44.57515012444687], [37.81454477732244, 44.575148817321434]]]}, "properties": {"zone_id": "novorossiysk-2025-06-08-059", "aoi": "novorossiysk", "date": "2025-06-08", "scene_id": "S2C_MSIL2A_20250608T081621_R121_T37TCK_20250608T121023", "scene_datetime_utc": "2025-06-08T08:16:21.025000+00:00", "detection_status": "detected", "detection_status_ru": "обнаружено", "lon": 37.81461, "lat": 44.57501, "n_pixels": 1, "zone_area_km2": 0.0005, "cover_m2": 5.1, "p_mean": 0.647, "p_max": 0.647, "cover_m2_km2": 10200.0, "h3": "882d72c489fffff", "valid_frac_scene": 0.973, "wind_ms": 3.5, "sea": "спокойное", "scene_reliable": true, "field_event_id": "S4:DOORS3:T12", "field_profile": "B", "field_date": "2024-06-04", "field_distance_km": 245.8, "field_date_gap_days": 369, "field_conc_items_km2": 48.97, "conc_A_items_km2": null, "conc_A_lo80": null, "conc_A_hi80": null, "conc_A_lo95": null, "conc_A_hi95": null, "conc_A_status": "unavailable", "conc_A_status_ru": "концентрация недоступна", "conc_A_reasons": "вне бассейна профиля: nw_atlantic_subtropical", "conc_A_model": "conc-A-c6bce5631d2b", "conc_B_items_km2": 389.4, "conc_B_lo80": 82.8, "conc_B_hi80": 1309.1, "conc_B_lo95": 51.5, "conc_B_hi95": 2451.5, "conc_B_status": "research_estimate", "conc_B_status_ru": "исследовательская оценка", "conc_B_reasons": "ближайшее полевое измерение в 246 км (> 60 км)", "conc_B_model": "conc-B-c6bce5631d2b"}}, {"type": "Feature", "geometry": {"type": "Polygon", "coordinates": [[[37.9218538565443, 44.57522205437519], [37.921855519857495, 44.575132044345125], [37.921729590617566, 44.5751308553976], [37.92173125411717, 44.57504084536978], [37.92185718316291, 44.57504203431358], [37.92186050975039, 44.57486201424609], [37.92211402998219, 44.57477438165902], [37.92211236708849, 44.57486439170241], [37.92223829576921, 44.57486558022234], [37.92223663306192, 44.57495559026796], [37.92211070418701, 44.574954401744314], [37.922107378360714, 44.575134421823705], [37.9218538565443, 44.57522205437519]]]}, "properties": {"zone_id": "novorossiysk-2025-06-08-060", "aoi": "novorossiysk", "date": "2025-06-08", "scene_id": "S2C_MSIL2A_20250608T081621_R121_T37TCK_20250608T121023", "scene_datetime_utc": "2025-06-08T08:16:21.025000+00:00", "detection_status": "detected", "detection_status_ru": "обнаружено", "lon": 37.92198, "lat": 44.575, "n_pixels": 2, "zone_area_km2": 0.001, "cover_m2": 11.4, "p_mean": 0.753, "p_max": 0.914, "cover_m2_km2": 11400.0, "h3": "882d721ac9fffff", "valid_frac_scene": 0.973, "wind_ms": 3.5, "sea": "спокойное", "scene_reliable": true, "field_event_id": "S4:DOORS3:T13", "field_profile": "B", "field_date": "2024-06-04", "field_distance_km": 247.6, "field_date_gap_days": 369, "field_conc_items_km2": 263.57, "conc_A_items_km2": null, "conc_A_lo80": null, "conc_A_hi80": null, "conc_A_lo95": null, "conc_A_hi95": null, "conc_A_status": "unavailable", "conc_A_status_ru": "концентрация недоступна", "conc_A_reasons": "вне бассейна профиля: nw_atlantic_subtropical", "conc_A_model": "conc-A-c6bce5631d2b", "conc_B_items_km2": 540.9, "conc_B_lo80": 115.4, "conc_B_hi80": 1817.6, "conc_B_lo95": 71.9, "conc_B_hi95": 3403.3, "conc_B_status": "research_estimate", "conc_B_status_ru": "исследовательская оценка", "conc_B_reasons": "ближайшее полевое измерение в 248 км (> 60 км)", "conc_B_model": "conc-B-c6bce5631d2b"}}, {"type": "Feature", "geometry": {"type": "Polygon", "coordinates": [[[37.9012049243633, 44.57484519205563], [37.90120661950659, 44.57475518263701], [37.90108069194381, 44.574753970930544], [37.90108238727334, 44.57466396151422], [37.90133593695172, 44.57457637535539], [37.90133424201847, 44.57466638478077], [37.90146016940294, 44.5746675962058], [37.90145847465594, 44.57475760563347], [37.901332547077295, 44.574756394204655], [37.90133085212819, 44.57484640362706], [37.9012049243633, 44.57484519205563]]]}, "properties": {"zone_id": "novorossiysk-2025-06-08-061", "aoi": "novorossiysk", "date": "2025-06-08", "scene_id": "S2C_MSIL2A_20250608T081621_R121_T37TCK_20250608T121023", "scene_datetime_utc": "2025-06-08T08:16:21.025000+00:00", "detection_status": "detected", "detection_status_ru": "обнаружено", "lon": 37.90127, "lat": 44.57471, "n_pixels": 1, "zone_area_km2": 0.0005, "cover_m2": 4.7, "p_mean": 0.686, "p_max": 0.686, "cover_m2_km2": 9400.0, "h3": "882d72112dfffff", "valid_frac_scene": 0.973, "wind_ms": 3.5, "sea": "спокойное", "scene_reliable": true, "field_event_id": "S4:DOORS3:T13", "field_profile": "B", "field_date": "2024-06-04", "field_distance_km": 247.2, "field_date_gap_days": 369, "field_conc_items_km2": 263.57, "conc_A_items_km2": null, "conc_A_lo80": null, "conc_A_hi80": null, "conc_A_lo95": null, "conc_A_hi95": null, "conc_A_status": "unavailable", "conc_A_status_ru": "концентрация недоступна", "conc_A_reasons": "вне бассейна профиля: nw_atlantic_subtropical", "conc_A_model": "conc-A-c6bce5631d2b", "conc_B_items_km2": 496.8, "conc_B_lo80": 105.9, "conc_B_hi80": 1669.5, "conc_B_lo95": 66.0, "conc_B_hi95": 3126.2, "conc_B_status": "research_estimate", "conc_B_status_ru": "исследовательская оценка", "conc_B_reasons": "ближайшее полевое измерение в 247 км (> 60 км)", "conc_B_model": "conc-B-c6bce5631d2b"}}, {"type": "Feature", "geometry": {"type": "Polygon", "coordinates": [[[37.97185416183201, 44.56821100990994], [37.97185574762799, 44.56812099832246], [37.97172983149251, 44.56811986464396], [37.97173300345046, 44.56793984147166], [37.97185891919769, 44.56794097514308], [37.9718605049714, 44.56785096355118], [37.97211233609987, 44.56785323047056], [37.9721107507144, 44.56794324206953], [37.97223666648389, 44.567944375324565], [37.97223508128513, 44.568034386925596], [37.97210916532152, 44.568033253667025], [37.972107579921214, 44.56812326526306], [37.97185416183201, 44.56821100990994]]]}, "properties": {"zone_id": "novorossiysk-2025-06-08-062", "aoi": "novorossiysk", "date": "2025-06-08", "scene_id": "S2C_MSIL2A_20250608T081621_R121_T37TCK_20250608T121023", "scene_datetime_utc": "2025-06-08T08:16:21.025000+00:00", "detection_status": "detected", "detection_status_ru": "обнаружено", "lon": 37.97196, "lat": 44.56802, "n_pixels": 3, "zone_area_km2": 0.001, "cover_m2": 14.1, "p_mean": 0.83, "p_max": 0.839, "cover_m2_km2": 14100.0, "h3": "882d721a81fffff", "valid_frac_scene": 0.973, "wind_ms": 3.5, "sea": "спокойное", "scene_reliable": true, "field_event_id": "S4:DOORS3:T13", "field_profile": "B", "field_date": "2024-06-04", "field_distance_km": 247.6, "field_date_gap_days": 369, "field_conc_items_km2": 263.57, "conc_A_items_km2": null, "conc_A_lo80": null, "conc_A_hi80": null, "conc_A_lo95": null, "conc_A_hi95": null, "conc_A_status": "unavailable", "conc_A_status_ru": "концентрация недоступна", "conc_A_reasons": "вне бассейна профиля: nw_atlantic_subtropical", "conc_A_model": "conc-A-c6bce5631d2b", "conc_B_items_km2": 669.0, "conc_B_lo80": 142.9, "conc_B_hi80": 2247.5, "conc_B_lo95": 89.1, "conc_B_hi95": 4208.1, "conc_B_status": "research_estimate", "conc_B_status_ru": "исследовательская оценка", "conc_B_reasons": "ближайшее полевое измерение в 248 км (> 60 км); log_dist_coast_km = 0.8 вне диапазона обучения [1.7; 5.0]", "conc_B_model": "conc-B-c6bce5631d2b"}}, {"type": "Feature", "geometry": {"type": "Polygon", "coordinates": [[[37.92923831778292, 44.56403830359759], [37.929239969061285, 44.56394829317261], [37.929114063645585, 44.563947112598676], [37.929115715110306, 44.56385710217591], [37.929369176630125, 44.56376945274603], [37.92936752556128, 44.56385946317764], [37.92949343079836, 44.56386064347037], [37.929491779915864, 44.563950653904186], [37.929365874484716, 44.56394947360778], [37.92936422340042, 44.56403948403645], [37.92923831778292, 44.56403830359759]]]}, "properties": {"zone_id": "novorossiysk-2025-06-08-063", "aoi": "novorossiysk", "date": "2025-06-08", "scene_id": "S2C_MSIL2A_20250608T081621_R121_T37TCK_20250608T121023", "scene_datetime_utc": "2025-06-08T08:16:21.025000+00:00", "detection_status": "detected", "detection_status_ru": "обнаружено", "lon": 37.9293, "lat": 44.5639, "n_pixels": 1, "zone_area_km2": 0.0005, "cover_m2": 4.7, "p_mean": 0.886, "p_max": 0.886, "cover_m2_km2": 9400.0, "h3": "882d721a13fffff", "valid_frac_scene": 0.973, "wind_ms": 3.5, "sea": "спокойное", "scene_reliable": true, "field_event_id": "S4:DOORS3:T13", "field_profile": "B", "field_date": "2024-06-04", "field_distance_km": 246.5, "field_date_gap_days": 369, "field_conc_items_km2": 263.57, "conc_A_items_km2": null, "conc_A_lo80": null, "conc_A_hi80": null, "conc_A_lo95": null, "conc_A_hi95": null, "conc_A_status": "unavailable", "conc_A_status_ru": "концентрация недоступна", "conc_A_reasons": "вне бассейна профиля: nw_atlantic_subtropical", "conc_A_model": "conc-A-c6bce5631d2b", "conc_B_items_km2": 511.9, "conc_B_lo80": 109.1, "conc_B_hi80": 1720.2, "conc_B_lo95": 68.0, "conc_B_hi95": 3221.1, "conc_B_status": "research_estimate", "conc_B_status_ru": "исследовательская оценка", "conc_B_reasons": "ближайшее полевое измерение в 246 км (> 60 км)", "conc_B_model": "conc-B-c6bce5631d2b"}}, {"type": "Feature", "geometry": {"type": "MultiPolygon", "coordinates": [[[[37.97346965125948, 44.56228383254312], [37.97334374765141, 44.56228270075981], [37.97334533082299, 44.56219268903647], [37.97309510756953, 44.56210041334289], [37.97309352401722, 44.56219042506061], [37.972841717241096, 44.56218816052969], [37.972840133293246, 44.5622781722389], [37.972714229722236, 44.562277039761746], [37.972712645572905, 44.56236705146595], [37.97283854933799, 44.562368183946624], [37.97283696537532, 44.56245819565289], [37.973340581286045, 44.56246272420206], [37.973342164472434, 44.56237271248167], [37.97346806827456, 44.56237384426851], [37.97346965125948, 44.56228383254312]]], [[[37.97333741489105, 44.56264274763844], [37.97358764084668, 44.5627350228176], [37.97358922366715, 44.56264501109456], [37.9737151280663, 44.56264614261446], [37.973718293296876, 44.56246611915689], [37.97346806827456, 44.56237384426851], [37.973466485282245, 44.56246385599245], [37.973340581286045, 44.56246272420206], [37.97333741489105, 44.56264274763844]]]]}, "properties": {"zone_id": "novorossiysk-2025-06-08-064", "aoi": "novorossiysk", "date": "2025-06-08", "scene_id": "S2C_MSIL2A_20250608T081621_R121_T37TCK_20250608T121023", "scene_datetime_utc": "2025-06-08T08:16:21.025000+00:00", "detection_status": "detected", "detection_status_ru": "обнаружено", "lon": 37.97323, "lat": 44.56238, "n_pixels": 7, "zone_area_km2": 0.0023, "cover_m2": 50.2, "p_mean": 0.76, "p_max": 0.973, "cover_m2_km2": 21826.1, "h3": "882d721a87fffff", "valid_frac_scene": 0.973, "wind_ms": 3.5, "sea": "спокойное", "scene_reliable": true, "field_event_id": "S4:DOORS3:T13", "field_profile": "B", "field_date": "2024-06-04", "field_distance_km": 247.1, "field_date_gap_days": 369, "field_conc_items_km2": 263.57, "conc_A_items_km2": null, "conc_A_lo80": null, "conc_A_hi80": null, "conc_A_lo95": null, "conc_A_hi95": null, "conc_A_status": "unavailable", "conc_A_status_ru": "концентрация недоступна", "conc_A_reasons": "вне бассейна профиля: nw_atlantic_subtropical", "conc_A_model": "conc-A-c6bce5631d2b", "conc_B_items_km2": 592.0, "conc_B_lo80": 126.3, "conc_B_hi80": 1988.9, "conc_B_lo95": 78.8, "conc_B_hi95": 3724.1, "conc_B_status": "research_estimate", "conc_B_status_ru": "исследовательская оценка", "conc_B_reasons": "ближайшее полевое измерение в 247 км (> 60 км); log_dist_coast_km = 1.2 вне диапазона обучения [1.7; 5.0]", "conc_B_model": "conc-B-c6bce5631d2b"}}, {"type": "Feature", "geometry": {"type": "Polygon", "coordinates": [[[37.886078919719814, 44.56227508918115], [37.88608063744284, 44.562185080023305], [37.885954737641605, 44.5621838519104], [37.88595645555064, 44.56209384275491], [37.88620997228595, 44.5620062896697], [37.886208254773045, 44.56209629883433], [37.886334154396295, 44.562097526665895], [37.886332437069406, 44.56218753583288], [37.8862065372521, 44.562186307997464], [37.886204819723126, 44.56227631715915], [37.886078919719814, 44.56227508918115]]]}, "properties": {"zone_id": "novorossiysk-2025-06-08-065", "aoi": "novorossiysk", "date": "2025-06-08", "scene_id": "S2C_MSIL2A_20250608T081621_R121_T37TCK_20250608T121023", "scene_datetime_utc": "2025-06-08T08:16:21.025000+00:00", "detection_status": "detected", "detection_status_ru": "обнаружено", "lon": 37.88614, "lat": 44.56214, "n_pixels": 1, "zone_area_km2": 0.0005, "cover_m2": 5.5, "p_mean": 0.741, "p_max": 0.741, "cover_m2_km2": 11000.0, "h3": "882d721a51fffff", "valid_frac_scene": 0.973, "wind_ms": 3.5, "sea": "спокойное", "scene_reliable": true, "field_event_id": "S4:DOORS3:T13", "field_profile": "B", "field_date": "2024-06-04", "field_distance_km": 245.6, "field_date_gap_days": 369, "field_conc_items_km2": 263.57, "conc_A_items_km2": null, "conc_A_lo80": null, "conc_A_hi80": null, "conc_A_lo95": null, "conc_A_hi95": null, "conc_A_status": "unavailable", "conc_A_status_ru": "концентрация недоступна", "conc_A_reasons": "вне бассейна профиля: nw_atlantic_subtropical", "conc_A_model": "conc-A-c6bce5631d2b", "conc_B_items_km2": 442.4, "conc_B_lo80": 94.2, "conc_B_hi80": 1486.9, "conc_B_lo95": 58.7, "conc_B_hi95": 2784.4, "conc_B_status": "research_estimate", "conc_B_status_ru": "исследовательская оценка", "conc_B_reasons": "ближайшее полевое измерение в 246 км (> 60 км)", "conc_B_model": "conc-B-c6bce5631d2b"}}, {"type": "Feature", "geometry": {"type": "Polygon", "coordinates": [[[37.984349072782, 44.55941024904409], [37.98435063882763, 44.5593202369666], [37.98410040997377, 44.55922798529502], [37.98410197639282, 44.55913797322158], [37.9842278736412, 44.559139093083765], [37.984229439858886, 44.55904908100536], [37.98448123398954, 44.559051320306494], [37.984479668159935, 44.55914133239189], [37.98460556543029, 44.55914245183781], [37.98460243413718, 44.559322476011175], [37.984349072782, 44.55941024904409]]]}, "properties": {"zone_id": "novorossiysk-2025-06-08-066", "aoi": "novorossiysk", "date": "2025-06-08", "scene_id": "S2C_MSIL2A_20250608T081621_R121_T37TCK_20250608T121023", "scene_datetime_utc": "2025-06-08T08:16:21.025000+00:00", "detection_status": "detected", "detection_status_ru": "обнаружено", "lon": 37.98437, "lat": 44.55922, "n_pixels": 3, "zone_area_km2": 0.001, "cover_m2": 17.6, "p_mean": 0.969, "p_max": 0.988, "cover_m2_km2": 17600.0, "h3": "882d721abdfffff", "valid_frac_scene": 0.973, "wind_ms": 3.5, "sea": "спокойное", "scene_reliable": true, "field_event_id": "S4:DOORS3:T13", "field_profile": "B", "field_date": "2024-06-04", "field_distance_km": 246.9, "field_date_gap_days": 369, "field_conc_items_km2": 263.57, "conc_A_items_km2": null, "conc_A_lo80": null, "conc_A_hi80": null, "conc_A_lo95": null, "conc_A_hi95": null, "conc_A_status": "unavailable", "conc_A_status_ru": "концентрация недоступна", "conc_A_reasons": "вне бассейна профиля: nw_atlantic_subtropical", "conc_A_model": "conc-A-c6bce5631d2b", "conc_B_items_km2": 621.6, "conc_B_lo80": 132.7, "conc_B_hi80": 2088.3, "conc_B_lo95": 82.8, "conc_B_hi95": 3910.2, "conc_B_status": "research_estimate", "conc_B_status_ru": "исследовательская оценка", "conc_B_reasons": "ближайшее полевое измерение в 247 км (> 60 км); log_dist_coast_km = 1.0 вне диапазона обучения [1.7; 5.0]", "conc_B_model": "conc-B-c6bce5631d2b"}}, {"type": "Feature", "geometry": {"type": "Polygon", "coordinates": [[[37.983990178339795, 44.55832674452508], [37.98399174487959, 44.558236732440456], [37.98386584958622, 44.55823561233572], [37.98386898303189, 44.55805558816907], [37.98399487793719, 44.55805670826681], [37.983996444455, 44.557966696177786], [37.98424666776979, 44.558058948046046], [37.98424510163271, 44.5581489601406], [37.98437099675402, 44.55815007982559], [37.984369430803646, 44.558240091922166], [37.984243535488304, 44.558238972233674], [37.984241969336566, 44.55832898432529], [37.983990178339795, 44.55832674452508]]]}, "properties": {"zone_id": "novorossiysk-2025-06-08-067", "aoi": "novorossiysk", "date": "2025-06-08", "scene_id": "S2C_MSIL2A_20250608T081621_R121_T37TCK_20250608T121023", "scene_datetime_utc": "2025-06-08T08:16:21.025000+00:00", "detection_status": "detected", "detection_status_ru": "обнаружено", "lon": 37.9841, "lat": 44.55816, "n_pixels": 3, "zone_area_km2": 0.001, "cover_m2": 20.8, "p_mean": 0.88, "p_max": 0.945, "cover_m2_km2": 20800.0, "h3": "882d721abdfffff", "valid_frac_scene": 0.973, "wind_ms": 3.5, "sea": "спокойное", "scene_reliable": true, "field_event_id": "S4:DOORS3:T13", "field_profile": "B", "field_date": "2024-06-04", "field_distance_km": 246.8, "field_date_gap_days": 369, "field_conc_items_km2": 263.57, "conc_A_items_km2": null, "conc_A_lo80": null, "conc_A_hi80": null, "conc_A_lo95": null, "conc_A_hi95": null, "conc_A_status": "unavailable", "conc_A_status_ru": "концентрация недоступна", "conc_A_reasons": "вне бассейна профиля: nw_atlantic_subtropical", "conc_A_model": "conc-A-c6bce5631d2b", "conc_B_items_km2": 621.6, "conc_B_lo80": 132.7, "conc_B_hi80": 2088.3, "conc_B_lo95": 82.8, "conc_B_hi95": 3910.2, "conc_B_status": "research_estimate", "conc_B_status_ru": "исследовательская оценка", "conc_B_reasons": "ближайшее полевое измерение в 247 км (> 60 км); log_dist_coast_km = 1.0 вне диапазона обучения [1.7; 5.0]", "conc_B_model": "conc-B-c6bce5631d2b"}}, {"type": "Feature", "geometry": {"type": "Polygon", "coordinates": [[[37.981222050120344, 44.558212058085374], [37.98122362092147, 44.55812204607629], [37.981097725983616, 44.5581209229226], [37.981099296971415, 44.55803091091557], [37.98122519171524, 44.558032034065754], [37.98122676250167, 44.55794202205374], [37.981604446195156, 44.557945390661324], [37.981602875990816, 44.55803540268384], [37.98172877076403, 44.55803652527906], [37.98172720074637, 44.55812653730361], [37.98160130577912, 44.558125414704904], [37.98159973556009, 44.5582154267245], [37.981222050120344, 44.558212058085374]]]}, "properties": {"zone_id": "novorossiysk-2025-06-08-068", "aoi": "novorossiysk", "date": "2025-06-08", "scene_id": "S2C_MSIL2A_20250608T081621_R121_T37TCK_20250608T121023", "scene_datetime_utc": "2025-06-08T08:16:21.025000+00:00", "detection_status": "detected", "detection_status_ru": "обнаружено", "lon": 37.98141, "lat": 44.55808, "n_pixels": 3, "zone_area_km2": 0.0011, "cover_m2": 11.0, "p_mean": 0.791, "p_max": 0.953, "cover_m2_km2": 10000.0, "h3": "882d721aabfffff", "valid_frac_scene": 0.973, "wind_ms": 3.5, "sea": "спокойное", "scene_reliable": true, "field_event_id": "S4:DOORS3:T13", "field_profile": "B", "field_date": "2024-06-04", "field_distance_km": 246.7, "field_date_gap_days": 369, "field_conc_items_km2": 263.57, "conc_A_items_km2": null, "conc_A_lo80": null, "conc_A_hi80": null, "conc_A_lo95": null, "conc_A_hi95": null, "conc_A_status": "unavailable", "conc_A_status_ru": "концентрация недоступна", "conc_A_reasons": "вне бассейна профиля: nw_atlantic_subtropical", "conc_A_model": "conc-A-c6bce5631d2b", "conc_B_items_km2": 621.6, "conc_B_lo80": 132.7, "conc_B_hi80": 2088.3, "conc_B_lo95": 82.8, "conc_B_hi95": 3910.2, "conc_B_status": "research_estimate", "conc_B_status_ru": "исследовательская оценка", "conc_B_reasons": "ближайшее полевое измерение в 247 км (> 60 км); log_dist_coast_km = 1.0 вне диапазона обучения [1.7; 5.0]", "conc_B_model": "conc-B-c6bce5631d2b"}}, {"type": "Feature", "geometry": {"type": "Polygon", "coordinates": [[[37.972806097702254, 44.55705635840499], [37.97280768141433, 44.55696634661413], [37.9726817892992, 44.556965214206784], [37.972683373197896, 44.55687520241796], [37.97293674055077, 44.55678745528953], [37.97293515704752, 44.55687746708687], [37.97306104898345, 44.55687859921322], [37.97305946566682, 44.55696861101262], [37.97293357353687, 44.55696747888273], [37.97293199001881, 44.55705749067713], [37.972806097702254, 44.55705635840499]]]}, "properties": {"zone_id": "novorossiysk-2025-06-08-069", "aoi": "novorossiysk", "date": "2025-06-08", "scene_id": "S2C_MSIL2A_20250608T081621_R121_T37TCK_20250608T121023", "scene_datetime_utc": "2025-06-08T08:16:21.025000+00:00", "detection_status": "detected", "detection_status_ru": "обнаружено", "lon": 37.97287, "lat": 44.55692, "n_pixels": 1, "zone_area_km2": 0.0005, "cover_m2": 2.4, "p_mean": 0.831, "p_max": 0.831, "cover_m2_km2": 4800.0, "h3": "882d721aabfffff", "valid_frac_scene": 0.973, "wind_ms": 3.5, "sea": "спокойное", "scene_reliable": true, "field_event_id": "S4:DOORS3:T13", "field_profile": "B", "field_date": "2024-06-04", "field_distance_km": 246.5, "field_date_gap_days": 369, "field_conc_items_km2": 263.57, "conc_A_items_km2": null, "conc_A_lo80": null, "conc_A_hi80": null, "conc_A_lo95": null, "conc_A_hi95": null, "conc_A_status": "unavailable", "conc_A_status_ru": "концентрация недоступна", "conc_A_reasons": "вне бассейна профиля: nw_atlantic_subtropical", "conc_A_model": "conc-A-c6bce5631d2b", "conc_B_items_km2": 592.0, "conc_B_lo80": 126.3, "conc_B_hi80": 1988.9, "conc_B_lo95": 78.8, "conc_B_hi95": 3724.1, "conc_B_status": "research_estimate", "conc_B_status_ru": "исследовательская оценка", "conc_B_reasons": "ближайшее полевое измерение в 246 км (> 60 км); log_dist_coast_km = 1.2 вне диапазона обучения [1.7; 5.0]", "conc_B_model": "conc-B-c6bce5631d2b"}}, {"type": "Feature", "geometry": {"type": "Polygon", "coordinates": [[[37.971808470910624, 44.55650722463561], [37.97181005613032, 44.55641721286421], [37.971684165238585, 44.556416079368155], [37.97168733604375, 44.556236055828045], [37.97181322654748, 44.556237189317024], [37.971814811744935, 44.55614717754122], [37.972065007577186, 44.556239455878774], [37.97206342276033, 44.55632946766017], [37.972189313480314, 44.55633060073648], [37.97218772885005, 44.55642061251996], [37.97206183793607, 44.55641947944011], [37.97206025310438, 44.556509491218584], [37.971808470910624, 44.55650722463561]]]}, "properties": {"zone_id": "novorossiysk-2025-06-08-070", "aoi": "novorossiysk", "date": "2025-06-08", "scene_id": "S2C_MSIL2A_20250608T081621_R121_T37TCK_20250608T121023", "scene_datetime_utc": "2025-06-08T08:16:21.025000+00:00", "detection_status": "detected", "detection_status_ru": "обнаружено", "lon": 37.97192, "lat": 44.55634, "n_pixels": 3, "zone_area_km2": 0.001, "cover_m2": 11.4, "p_mean": 0.621, "p_max": 0.686, "cover_m2_km2": 11400.0, "h3": "882d721aabfffff", "valid_frac_scene": 0.973, "wind_ms": 3.5, "sea": "спокойное", "scene_reliable": true, "field_event_id": "S4:DOORS3:T13", "field_profile": "B", "field_date": "2024-06-04", "field_distance_km": 246.4, "field_date_gap_days": 369, "field_conc_items_km2": 263.57, "conc_A_items_km2": null, "conc_A_lo80": null, "conc_A_hi80": null, "conc_A_lo95": null, "conc_A_hi95": null, "conc_A_status": "unavailable", "conc_A_status_ru": "концентрация недоступна", "conc_A_reasons": "вне бассейна профиля: nw_atlantic_subtropical", "conc_A_model": "conc-A-c6bce5631d2b", "conc_B_items_km2": 592.0, "conc_B_lo80": 126.3, "conc_B_hi80": 1988.9, "conc_B_lo95": 78.8, "conc_B_hi95": 3724.1, "conc_B_status": "research_estimate", "conc_B_status_ru": "исследовательская оценка", "conc_B_reasons": "ближайшее полевое измерение в 246 км (> 60 км); log_dist_coast_km = 1.2 вне диапазона обучения [1.7; 5.0]", "conc_B_model": "conc-B-c6bce5631d2b"}}, {"type": "Feature", "geometry": {"type": "Polygon", "coordinates": [[[38.000920315272346, 44.55496509352516], [38.00092185553051, 44.55487508091878], [38.0007959668298, 44.55487397954067], [38.00079904771252, 44.55469395433036], [38.00105236438769, 44.55460614431985], [38.001050824345135, 44.55469615693407], [38.00117671267226, 44.55469725802782], [38.00117363295354, 44.55487728325877], [38.000920315272346, 44.55496509352516]]]}, "properties": {"zone_id": "novorossiysk-2025-06-08-071", "aoi": "novorossiysk", "date": "2025-06-08", "scene_id": "S2C_MSIL2A_20250608T081621_R121_T37TCK_20250608T121023", "scene_datetime_utc": "2025-06-08T08:16:21.025000+00:00", "detection_status": "detected", "detection_status_ru": "обнаружено", "lon": 38.00099, "lat": 44.55479, "n_pixels": 2, "zone_area_km2": 0.0008, "cover_m2": 14.5, "p_mean": 0.769, "p_max": 0.808, "cover_m2_km2": 18125.0, "h3": "882d721ab5fffff", "valid_frac_scene": 0.973, "wind_ms": 3.5, "sea": "спокойное", "scene_reliable": true, "field_event_id": "S4:DOORS3:T13", "field_profile": "B", "field_date": "2024-06-04", "field_distance_km": 246.7, "field_date_gap_days": 369, "field_conc_items_km2": 263.57, "conc_A_items_km2": null, "conc_A_lo80": null, "conc_A_hi80": null, "conc_A_lo95": null, "conc_A_hi95": null, "conc_A_status": "unavailable", "conc_A_status_ru": "концентрация недоступна", "conc_A_reasons": "вне бассейна профиля: nw_atlantic_subtropical", "conc_A_model": "conc-A-c6bce5631d2b", "conc_B_items_km2": 621.6, "conc_B_lo80": 132.7, "conc_B_hi80": 2088.3, "conc_B_lo95": 82.8, "conc_B_hi95": 3910.2, "conc_B_status": "research_estimate", "conc_B_status_ru": "исследовательская оценка", "conc_B_reasons": "ближайшее полевое измерение в 247 км (> 60 км); log_dist_coast_km = 1.0 вне диапазона обучения [1.7; 5.0]", "conc_B_model": "conc-B-c6bce5631d2b"}}, {"type": "Feature", "geometry": {"type": "Polygon", "coordinates": [[[37.99412542675528, 44.55472539555077], [37.994126977474956, 44.55463538312769], [37.99400108955273, 44.55463427426487], [37.99400419135829, 44.55445424942125], [37.994130078892525, 44.554455358277146], [37.99413162959043, 44.554365345849675], [37.99438340429266, 44.55436756313838], [37.99438185398275, 44.55445757557277], [37.99450774153874, 44.55445868401248], [37.994506191415574, 44.554548696448876], [37.99438030366559, 44.5545475880057], [37.99437875334116, 44.554637600437154], [37.99412542675528, 44.55472539555077]]]}, "properties": {"zone_id": "novorossiysk-2025-06-08-072", "aoi": "novorossiysk", "date": "2025-06-08", "scene_id": "S2C_MSIL2A_20250608T081621_R121_T37TCK_20250608T121023", "scene_datetime_utc": "2025-06-08T08:16:21.025000+00:00", "detection_status": "detected", "detection_status_ru": "обнаружено", "lon": 37.99423, "lat": 44.55453, "n_pixels": 3, "zone_area_km2": 0.001, "cover_m2": 23.5, "p_mean": 0.901, "p_max": 0.973, "cover_m2_km2": 23500.0, "h3": "882d721ab5fffff", "valid_frac_scene": 0.973, "wind_ms": 3.5, "sea": "спокойное", "scene_reliable": true, "field_event_id": "S4:DOORS3:T13", "field_profile": "B", "field_date": "2024-06-04", "field_distance_km": 246.6, "field_date_gap_days": 369, "field_conc_items_km2": 263.57, "conc_A_items_km2": null, "conc_A_lo80": null, "conc_A_hi80": null, "conc_A_lo95": null, "conc_A_hi95": null, "conc_A_status": "unavailable", "conc_A_status_ru": "концентрация недоступна", "conc_A_reasons": "вне бассейна профиля: nw_atlantic_subtropical", "conc_A_model": "conc-A-c6bce5631d2b", "conc_B_items_km2": 621.6, "conc_B_lo80": 132.7, "conc_B_hi80": 2088.3, "conc_B_lo95": 82.8, "conc_B_hi95": 3910.2, "conc_B_status": "research_estimate", "conc_B_status_ru": "исследовательская оценка", "conc_B_reasons": "ближайшее полевое измерение в 247 км (> 60 км); log_dist_coast_km = 1.0 вне диапазона обучения [1.7; 5.0]", "conc_B_model": "conc-B-c6bce5631d2b"}}, {"type": "Feature", "geometry": {"type": "Polygon", "coordinates": [[[38.00155745622275, 44.554520535219254], [38.001558995474895, 44.554430522588355], [38.00143310770816, 44.5544294219211], [38.00143464714711, 44.554339409292155], [38.00156053471985, 44.554340509955985], [38.001562073957594, 44.55425049732212], [38.00181384873669, 44.55425269822669], [38.00181230988693, 44.554342710867395], [38.00193819748127, 44.554343811115004], [38.00193665881831, 44.55443382375769], [38.00181077102997, 44.554432723506636], [38.00180923216582, 44.55452273614443], [38.00155745622275, 44.554520535219254]]]}, "properties": {"zone_id": "novorossiysk-2025-06-08-073", "aoi": "novorossiysk", "date": "2025-06-08", "scene_id": "S2C_MSIL2A_20250608T081621_R121_T37TCK_20250608T121023", "scene_datetime_utc": "2025-06-08T08:16:21.025000+00:00", "detection_status": "detected", "detection_status_ru": "обнаружено", "lon": 38.00169, "lat": 44.55439, "n_pixels": 2, "zone_area_km2": 0.0008, "cover_m2": 18.4, "p_mean": 0.68, "p_max": 0.776, "cover_m2_km2": 23000.0, "h3": "882d721ab5fffff", "valid_frac_scene": 0.973, "wind_ms": 3.5, "sea": "спокойное", "scene_reliable": true, "field_event_id": "S4:DOORS3:T13", "field_profile": "B", "field_date": "2024-06-04", "field_distance_km": 246.7, "field_date_gap_days": 369, "field_conc_items_km2": 263.57, "conc_A_items_km2": null, "conc_A_lo80": null, "conc_A_hi80": null, "conc_A_lo95": null, "conc_A_hi95": null, "conc_A_status": "unavailable", "conc_A_status_ru": "концентрация недоступна", "conc_A_reasons": "вне бассейна профиля: nw_atlantic_subtropical", "conc_A_model": "conc-A-c6bce5631d2b", "conc_B_items_km2": 621.6, "conc_B_lo80": 132.7, "conc_B_hi80": 2088.3, "conc_B_lo95": 82.8, "conc_B_hi95": 3910.2, "conc_B_status": "research_estimate", "conc_B_status_ru": "исследовательская оценка", "conc_B_reasons": "ближайшее полевое измерение в 247 км (> 60 км); log_dist_coast_km = 1.0 вне диапазона обучения [1.7; 5.0]", "conc_B_model": "conc-B-c6bce5631d2b"}}, {"type": "Feature", "geometry": {"type": "Polygon", "coordinates": [[[37.955626546538625, 44.55311944962822], [37.95562815651406, 44.553029438263856], [37.95550227357024, 44.553028287000075], [37.95550388373211, 44.55293827563784], [37.95575725900575, 44.552850566648615], [37.95575564923934, 44.552940578019495], [37.95588153200426, 44.55294172900226], [37.9558799224243, 44.553031740375275], [37.95575403946541, 44.55303058938894], [37.95575242968395, 44.553120600756884], [37.955626546538625, 44.55311944962822]]]}, "properties": {"zone_id": "novorossiysk-2025-06-08-074", "aoi": "novorossiysk", "date": "2025-06-08", "scene_id": "S2C_MSIL2A_20250608T081621_R121_T37TCK_20250608T121023", "scene_datetime_utc": "2025-06-08T08:16:21.025000+00:00", "detection_status": "detected", "detection_status_ru": "обнаружено", "lon": 37.95569, "lat": 44.55299, "n_pixels": 1, "zone_area_km2": 0.0005, "cover_m2": 15.7, "p_mean": 0.667, "p_max": 0.667, "cover_m2_km2": 31400.0, "h3": "882d721ae3fffff", "valid_frac_scene": 0.973, "wind_ms": 3.5, "sea": "спокойное", "scene_reliable": true, "field_event_id": "S4:DOORS3:T13", "field_profile": "B", "field_date": "2024-06-04", "field_distance_km": 245.7, "field_date_gap_days": 369, "field_conc_items_km2": 263.57, "conc_A_items_km2": null, "conc_A_lo80": null, "conc_A_hi80": null, "conc_A_lo95": null, "conc_A_hi95": null, "conc_A_status": "unavailable", "conc_A_status_ru": "концентрация недоступна", "conc_A_reasons": "вне бассейна профиля: nw_atlantic_subtropical", "conc_A_model": "conc-A-c6bce5631d2b", "conc_B_items_km2": 540.9, "conc_B_lo80": 115.4, "conc_B_hi80": 1817.6, "conc_B_lo95": 71.9, "conc_B_hi95": 3403.3, "conc_B_status": "research_estimate", "conc_B_status_ru": "исследовательская оценка", "conc_B_reasons": "ближайшее полевое измерение в 246 км (> 60 км)", "conc_B_model": "conc-B-c6bce5631d2b"}}]}