{"type": "FeatureCollection", "features": [{"type": "Feature", "id": 0, "geometry": {"type": "Polygon", "coordinates": [[[40.01813, 43.37701], [40.014907, 43.372998], [40.01824, 43.368722], [40.024794, 43.368458], [40.028017, 43.37247], [40.024685, 43.376746], [40.01813, 43.37701]]]}, "properties": {"i": 0, "h3": "882d560201fffff", "lon": 40.02146, "lat": 43.37273, "water_km2": 0.252, "dist_coast_km": 1.3, "persistence": 0.0, "mean_cover": 0.0, "max_cover": 0.0, "trend_cover": 0.0, "hot": 0.0, "n_obs": 22}}, {"type": "Feature", "id": 1, "geometry": {"type": "Polygon", "coordinates": [[[40.01824, 43.368722], [40.015017, 43.36471], [40.018349, 43.360434], [40.024903, 43.36017], [40.028126, 43.364182], [40.024794, 43.368458], [40.01824, 43.368722]]]}, "properties": {"i": 1, "h3": "882d560205fffff", "lon": 40.02157, "lat": 43.36445, "water_km2": 0.24, "dist_coast_km": 2.3, "persistence": 0.0, "mean_cover": 0.0, "max_cover": 0.0, "trend_cover": 0.0, "hot": 0.0, "n_obs": 22}}, {"type": "Feature", "id": 2, "geometry": {"type": "Polygon", "coordinates": [[[40.008241, 43.381549], [40.005018, 43.377537], [40.008352, 43.373261], [40.014907, 43.372998], [40.01813, 43.37701], [40.014797, 43.381286], [40.008241, 43.381549]]]}, "properties": {"i": 2, "h3": "882d560209fffff", "lon": 40.01157, "lat": 43.37727, "water_km2": 0.742, "dist_coast_km": 1.3, "persistence": 0.045, "mean_cover": 1.176, "max_cover": 25.88, "trend_cover": -0.2276, "hot": 0.0353, "n_obs": 22}}, {"type": "Feature", "id": 3, "geometry": {"type": "Polygon", "coordinates": [[[40.01802, 43.385297], [40.014797, 43.381286], [40.01813, 43.37701], [40.024685, 43.376746], [40.027908, 43.380758], [40.024575, 43.385033], [40.01802, 43.385297]]]}, "properties": {"i": 3, "h3": "882d56020bfffff", "lon": 40.02135, "lat": 43.38102, "water_km2": 0.259, "dist_coast_km": 1.3, "persistence": 0.0, "mean_cover": 0.0, "max_cover": 0.0, "trend_cover": 0.0, "hot": 0.0, "n_obs": 22}}, {"type": "Feature", "id": 4, "geometry": {"type": "Polygon", "coordinates": [[[40.008352, 43.373261], [40.00513, 43.369248], [40.008463, 43.364973], [40.015017, 43.36471], [40.01824, 43.368722], [40.014907, 43.372998], [40.008352, 43.373261]]]}, "properties": {"i": 4, "h3": "882d56020dfffff", "lon": 40.01168, "lat": 43.36899, "water_km2": 0.728, "dist_coast_km": 2.3, "persistence": 0.0, "mean_cover": 0.0, "max_cover": 0.0, "trend_cover": 0.0, "hot": 0.0, "n_obs": 22}}, {"type": "Feature", "id": 5, "geometry": {"type": "Polygon", "coordinates": [[[40.018349, 43.360434], [40.015128, 43.356421], [40.018459, 43.352144], [40.025012, 43.351881], [40.028234, 43.355894], [40.024903, 43.36017], [40.018349, 43.360434]]]}, "properties": {"i": 5, "h3": "882d560229fffff", "lon": 40.02168, "lat": 43.35616, "water_km2": 0.082, "dist_coast_km": 2.3, "persistence": 0.0, "mean_cover": 0.0, "max_cover": 0.0, "trend_cover": 0.0, "hot": 0.0, "n_obs": 22}}, {"type": "Feature", "id": 6, "geometry": {"type": "Polygon", "coordinates": [[[39.988571, 43.382337], [39.985349, 43.378324], [39.988684, 43.374048], [39.99524, 43.373786], [39.998462, 43.377799], [39.995128, 43.382075], [39.988571, 43.382337]]]}, "properties": {"i": 6, "h3": "882d560241fffff", "lon": 39.99191, "lat": 43.37806, "water_km2": 0.722, "dist_coast_km": 1.9, "persistence": 0.0, "mean_cover": 0.0, "max_cover": 0.0, "trend_cover": 0.0, "hot": 0.0, "n_obs": 22}}, {"type": "Feature", "id": 7, "geometry": {"type": "Polygon", "coordinates": [[[39.99835, 43.386087], [39.995128, 43.382075], [39.998462, 43.377799], [40.005018, 43.377537], [40.008241, 43.381549], [40.004907, 43.385824], [39.99835, 43.386087]]]}, "properties": {"i": 7, "h3": "882d560243fffff", "lon": 40.00168, "lat": 43.38181, "water_km2": 0.738, "dist_coast_km": 1.9, "persistence": 0.0, "mean_cover": 0.0, "max_cover": 0.0, "trend_cover": 0.0, "hot": 0.0, "n_obs": 22}}, {"type": "Feature", "id": 8, "geometry": {"type": "Polygon", "coordinates": [[[39.988684, 43.374048], [39.985462, 43.370035], [39.988797, 43.365759], [39.995352, 43.365498], [39.998574, 43.369511], [39.99524, 43.373786], [39.988684, 43.374048]]]}, "properties": {"i": 8, "h3": "882d560245fffff", "lon": 39.99202, "lat": 43.36977, "water_km2": 0.742, "dist_coast_km": 1.9, "persistence": 0.0, "mean_cover": 0.0, "max_cover": 0.0, "trend_cover": 0.0, "hot": 0.0, "n_obs": 22}}, {"type": "Feature", "id": 9, "geometry": {"type": "Polygon", "coordinates": [[[39.998462, 43.377799], [39.99524, 43.373786], [39.998574, 43.369511], [40.00513, 43.369248], [40.008352, 43.373261], [40.005018, 43.377537], [39.998462, 43.377799]]]}, "properties": {"i": 9, "h3": "882d560247fffff", "lon": 40.0018, "lat": 43.37352, "water_km2": 0.722, "dist_coast_km": 1.9, "persistence": 0.0, "mean_cover": 0.0, "max_cover": 0.0, "trend_cover": 0.0, "hot": 0.0, "n_obs": 22}}, {"type": "Feature", "id": 10, "geometry": {"type": "Polygon", "coordinates": [[[39.978678, 43.386874], [39.975456, 43.38286], [39.978792, 43.378585], [39.985349, 43.378324], [39.988571, 43.382337], [39.985236, 43.386612], [39.978678, 43.386874]]]}, "properties": {"i": 10, "h3": "882d560249fffff", "lon": 39.98201, "lat": 43.3826, "water_km2": 0.728, "dist_coast_km": 1.9, "persistence": 0.091, "mean_cover": 1.176, "max_cover": 22.64, "trend_cover": -0.2355, "hot": 0.0707, "n_obs": 22}}, {"type": "Feature", "id": 11, "geometry": {"type": "Polygon", "coordinates": [[[39.988458, 43.390625], [39.985236, 43.386612], [39.988571, 43.382337], [39.995128, 43.382075], [39.99835, 43.386087], [39.995016, 43.390362], [39.988458, 43.390625]]]}, "properties": {"i": 11, "h3": "882d56024bfffff", "lon": 39.99179, "lat": 43.38635, "water_km2": 0.269, "dist_coast_km": 0.0, "persistence": 0.045, "mean_cover": 0.73, "max_cover": 16.054, "trend_cover": -0.2656, "hot": 0.0249, "n_obs": 22}}, {"type": "Feature", "id": 12, "geometry": {"type": "Polygon", "coordinates": [[[39.978792, 43.378585], [39.97557, 43.374572], [39.978906, 43.370296], [39.985462, 43.370035], [39.988684, 43.374048], [39.985349, 43.378324], [39.978792, 43.378585]]]}, "properties": {"i": 12, "h3": "882d56024dfffff", "lon": 39.98213, "lat": 43.37431, "water_km2": 0.745, "dist_coast_km": 1.9, "persistence": 0.0, "mean_cover": 0.0, "max_cover": 0.0, "trend_cover": 0.0, "hot": 0.0, "n_obs": 22}}, {"type": "Feature", "id": 13, "geometry": {"type": "Polygon", "coordinates": [[[40.00813, 43.389836], [40.004907, 43.385824], [40.008241, 43.381549], [40.014797, 43.381286], [40.01802, 43.385297], [40.014686, 43.389573], [40.00813, 43.389836]]]}, "properties": {"i": 13, "h3": "882d560255fffff", "lon": 40.01146, "lat": 43.38556, "water_km2": 0.321, "dist_coast_km": 1.3, "persistence": 0.091, "mean_cover": 5.215, "max_cover": 63.468, "trend_cover": -0.9234, "hot": 0.1661, "n_obs": 22}}, {"type": "Feature", "id": 14, "geometry": {"type": "Polygon", "coordinates": [[[39.998238, 43.394374], [39.995016, 43.390362], [39.99835, 43.386087], [40.004907, 43.385824], [40.00813, 43.389836], [40.004796, 43.394111], [39.998238, 43.394374]]]}, "properties": {"i": 14, "h3": "882d56025dfffff", "lon": 40.00157, "lat": 43.3901, "water_km2": 0.004, "dist_coast_km": 0.0, "persistence": 0.0, "mean_cover": 0.0, "max_cover": 0.0, "trend_cover": 0.0, "hot": 0.0, "n_obs": 22}}, {"type": "Feature", "id": 15, "geometry": {"type": "Polygon", "coordinates": [[[39.998686, 43.361222], [39.995465, 43.357208], [39.998798, 43.352932], [40.005352, 43.35267], [40.008574, 43.356683], [40.005241, 43.360959], [39.998686, 43.361222]]]}, "properties": {"i": 15, "h3": "882d560261fffff", "lon": 40.00202, "lat": 43.35695, "water_km2": 0.336, "dist_coast_km": 3.3, "persistence": 0.0, "mean_cover": 0.0, "max_cover": 0.0, "trend_cover": 0.0, "hot": 0.0, "n_obs": 22}}, {"type": "Feature", "id": 16, "geometry": {"type": "Polygon", "coordinates": [[[40.008463, 43.364973], [40.005241, 43.360959], [40.008574, 43.356683], [40.015128, 43.356421], [40.018349, 43.360434], [40.015017, 43.36471], [40.008463, 43.364973]]]}, "properties": {"i": 16, "h3": "882d560263fffff", "lon": 40.0118, "lat": 43.3607, "water_km2": 0.698, "dist_coast_km": 2.3, "persistence": 0.0, "mean_cover": 0.0, "max_cover": 0.0, "trend_cover": 0.0, "hot": 0.0, "n_obs": 22}}, {"type": "Feature", "id": 17, "geometry": {"type": "Polygon", "coordinates": [[[39.988797, 43.365759], [39.985575, 43.361746], [39.98891, 43.35747], [39.995465, 43.357208], [39.998686, 43.361222], [39.995352, 43.365498], [39.988797, 43.365759]]]}, "properties": {"i": 17, "h3": "882d560269fffff", "lon": 39.99213, "lat": 43.36148, "water_km2": 0.725, "dist_coast_km": 3.7, "persistence": 0.0, "mean_cover": 0.0, "max_cover": 0.0, "trend_cover": 0.0, "hot": 0.0, "n_obs": 22}}, {"type": "Feature", "id": 18, "geometry": {"type": "Polygon", "coordinates": [[[39.998574, 43.369511], [39.995352, 43.365498], [39.998686, 43.361222], [40.005241, 43.360959], [40.008463, 43.364973], [40.00513, 43.369248], [39.998574, 43.369511]]]}, "properties": {"i": 18, "h3": "882d56026bfffff", "lon": 40.00191, "lat": 43.36524, "water_km2": 0.74, "dist_coast_km": 3.3, "persistence": 0.0, "mean_cover": 0.0, "max_cover": 0.0, "trend_cover": 0.0, "hot": 0.0, "n_obs": 22}}, {"type": "Feature", "id": 19, "geometry": {"type": "Polygon", "coordinates": [[[39.98891, 43.35747], [39.985689, 43.353456], [39.989023, 43.34918], [39.995577, 43.348918], [39.998798, 43.352932], [39.995465, 43.357208], [39.98891, 43.35747]]]}, "properties": {"i": 19, "h3": "882d56026dfffff", "lon": 39.99224, "lat": 43.35319, "water_km2": 0.006, "dist_coast_km": 3.7, "persistence": 0.0, "mean_cover": 0.0, "max_cover": 0.0, "trend_cover": 0.0, "hot": 0.0, "n_obs": 22}}, {"type": "Feature", "id": 20, "geometry": {"type": "Polygon", "coordinates": [[[39.880394, 43.382466], [39.877175, 43.378449], [39.880518, 43.374175], [39.887079, 43.373919], [39.890299, 43.377936], [39.886956, 43.38221], [39.880394, 43.382466]]]}, "properties": {"i": 20, "h3": "882d561001fffff", "lon": 39.88374, "lat": 43.37819, "water_km2": 0.735, "dist_coast_km": 6.2, "persistence": 0.0, "mean_cover": 0.0, "max_cover": 0.0, "trend_cover": 0.0, "hot": 0.0, "n_obs": 22}}, {"type": "Feature", "id": 21, "geometry": {"type": "Polygon", "coordinates": [[[39.890176, 43.386227], [39.886956, 43.38221], [39.890299, 43.377936], [39.89686, 43.37768], [39.90008, 43.381697], [39.896738, 43.38597], [39.890176, 43.386227]]]}, "properties": {"i": 21, "h3": "882d561003fffff", "lon": 39.89352, "lat": 43.38195, "water_km2": 0.73, "dist_coast_km": 6.2, "persistence": 0.0, "mean_cover": 0.0, "max_cover": 0.0, "trend_cover": 0.0, "hot": 0.0, "n_obs": 22}}, {"type": "Feature", "id": 22, "geometry": {"type": "Polygon", "coordinates": [[[39.880518, 43.374175], [39.877299, 43.370157], [39.880642, 43.365883], [39.887203, 43.365627], [39.890421, 43.369645], [39.887079, 43.373919], [39.880518, 43.374175]]]}, "properties": {"i": 22, "h3": "882d561005fffff", "lon": 39.88386, "lat": 43.3699, "water_km2": 0.725, "dist_coast_km": 6.2, "persistence": 0.0, "mean_cover": 0.0, "max_cover": 0.0, "trend_cover": 0.0, "hot": 0.0, "n_obs": 22}}, {"type": "Feature", "id": 23, "geometry": {"type": "Polygon", "coordinates": [[[39.890299, 43.377936], [39.887079, 43.373919], [39.890421, 43.369645], [39.896982, 43.369388], [39.900201, 43.373406], [39.89686, 43.37768], [39.890299, 43.377936]]]}, "properties": {"i": 23, "h3": "882d561007fffff", "lon": 39.89364, "lat": 43.37366, "water_km2": 0.74, "dist_coast_km": 6.2, "persistence": 0.0, "mean_cover": 0.0, "max_cover": 0.0, "trend_cover": 0.0, "hot": 0.0, "n_obs": 22}}, {"type": "Feature", "id": 24, "geometry": {"type": "Polygon", "coordinates": [[[39.870488, 43.386995], [39.867268, 43.382978], [39.870612, 43.378704], [39.877175, 43.378449], [39.880394, 43.382466], [39.877051, 43.38674], [39.870488, 43.386995]]]}, "properties": {"i": 24, "h3": "882d561009fffff", "lon": 39.87383, "lat": 43.38272, "water_km2": 0.725, "dist_coast_km": 6.9, "persistence": 0.0, "mean_cover": 0.0, "max_cover": 0.0, "trend_cover": 0.0, "hot": 0.0, "n_obs": 22}}, {"type": "Feature", "id": 25, "geometry": {"type": "Polygon", "coordinates": [[[39.88027, 43.390757], [39.877051, 43.38674], [39.880394, 43.382466], [39.886956, 43.38221], [39.890176, 43.386227], [39.886833, 43.390501], [39.88027, 43.390757]]]}, "properties": {"i": 25, "h3": "882d56100bfffff", "lon": 39.88361, "lat": 43.38648, "water_km2": 0.738, "dist_coast_km": 4.6, "persistence": 0.045, "mean_cover": 0.387, "max_cover": 8.508, "trend_cover": 0.0505, "hot": 0.0149, "n_obs": 22}}, {"type": "Feature", "id": 26, "geometry": {"type": "Polygon", "coordinates": [[[39.870612, 43.378704], [39.867394, 43.374686], [39.870737, 43.370412], [39.877299, 43.370157], [39.880518, 43.374175], [39.877175, 43.378449], [39.870612, 43.378704]]]}, "properties": {"i": 26, "h3": "882d56100dfffff", "lon": 39.87396, "lat": 43.37443, "water_km2": 0.735, "dist_coast_km": 6.9, "persistence": 0.0, "mean_cover": 0.0, "max_cover": 0.0, "trend_cover": 0.0, "hot": 0.0, "n_obs": 22}}, {"type": "Feature", "id": 27, "geometry": {"type": "Polygon", "coordinates": [[[39.899836, 43.398277], [39.896616, 43.39426], [39.899958, 43.389987], [39.90652, 43.389729], [39.90974, 43.393745], [39.906398, 43.398019], [39.899836, 43.398277]]]}, "properties": {"i": 27, "h3": "882d561011fffff", "lon": 39.90318, "lat": 43.394, "water_km2": 0.735, "dist_coast_km": 3.9, "persistence": 0.0, "mean_cover": 0.0, "max_cover": 0.0, "trend_cover": 0.0, "hot": 0.0, "n_obs": 22}}, {"type": "Feature", "id": 28, "geometry": {"type": "Polygon", "coordinates": [[[39.909619, 43.402035], [39.906398, 43.398019], [39.90974, 43.393745], [39.916302, 43.393487], [39.919522, 43.397503], [39.916181, 43.401776], [39.909619, 43.402035]]]}, "properties": {"i": 28, "h3": "882d561013fffff", "lon": 39.91296, "lat": 43.39776, "water_km2": 0.735, "dist_coast_km": 3.3, "persistence": 0.136, "mean_cover": 3.25, "max_cover": 44.818, "trend_cover": -0.6337, "hot": 0.1973, "n_obs": 22}}, {"type": "Feature", "id": 29, "geometry": {"type": "Polygon", "coordinates": [[[39.899958, 43.389987], [39.896738, 43.38597], [39.90008, 43.381697], [39.906641, 43.381439], [39.909861, 43.385456], [39.90652, 43.389729], [39.899958, 43.389987]]]}, "properties": {"i": 29, "h3": "882d561015fffff", "lon": 39.9033, "lat": 43.38571, "water_km2": 0.735, "dist_coast_km": 3.9, "persistence": 0.0, "mean_cover": 0.0, "max_cover": 0.0, "trend_cover": 0.0, "hot": 0.0, "n_obs": 22}}, {"type": "Feature", "id": 30, "geometry": {"type": "Polygon", "coordinates": [[[39.90974, 43.393745], [39.90652, 43.389729], [39.909861, 43.385456], [39.916422, 43.385198], [39.919642, 43.389214], [39.916302, 43.393487], [39.90974, 43.393745]]]}, "properties": {"i": 30, "h3": "882d561017fffff", "lon": 39.91308, "lat": 43.38947, "water_km2": 0.73, "dist_coast_km": 3.3, "persistence": 0.045, "mean_cover": 1.465, "max_cover": 32.232, "trend_cover": 0.2929, "hot": 0.041, "n_obs": 22}}, {"type": "Feature", "id": 31, "geometry": {"type": "Polygon", "coordinates": [[[39.88993, 43.402807], [39.88671, 43.398791], [39.890053, 43.394517], [39.896616, 43.39426], [39.899836, 43.398277], [39.896493, 43.40255], [39.88993, 43.402807]]]}, "properties": {"i": 31, "h3": "882d561019fffff", "lon": 39.89327, "lat": 43.39853, "water_km2": 0.74, "dist_coast_km": 4.6, "persistence": 0.0, "mean_cover": 0.0, "max_cover": 0.0, "trend_cover": 0.0, "hot": 0.0, "n_obs": 22}}, {"type": "Feature", "id": 32, "geometry": {"type": "Polygon", "coordinates": [[[39.899714, 43.406566], [39.896493, 43.40255], [39.899836, 43.398277], [39.906398, 43.398019], [39.909619, 43.402035], [39.906277, 43.406308], [39.899714, 43.406566]]]}, "properties": {"i": 32, "h3": "882d56101bfffff", "lon": 39.90306, "lat": 43.40229, "water_km2": 0.722, "dist_coast_km": 2.3, "persistence": 0.0, "mean_cover": 0.0, "max_cover": 0.0, "trend_cover": 0.0, "hot": 0.0, "n_obs": 22}}, {"type": "Feature", "id": 33, "geometry": {"type": "Polygon", "coordinates": [[[39.890053, 43.394517], [39.886833, 43.390501], [39.890176, 43.386227], [39.896738, 43.38597], [39.899958, 43.389987], [39.896616, 43.39426], [39.890053, 43.394517]]]}, "properties": {"i": 33, "h3": "882d56101dfffff", "lon": 39.8934, "lat": 43.39024, "water_km2": 0.73, "dist_coast_km": 4.6, "persistence": 0.0, "mean_cover": 0.0, "max_cover": 0.0, "trend_cover": 0.0, "hot": 0.0, "n_obs": 22}}, {"type": "Feature", "id": 34, "geometry": {"type": "Polygon", "coordinates": [[[39.890544, 43.361353], [39.887326, 43.357335], [39.890667, 43.35306], [39.897227, 43.352804], [39.900445, 43.356822], [39.897104, 43.361097], [39.890544, 43.361353]]]}, "properties": {"i": 34, "h3": "882d561021fffff", "lon": 39.89389, "lat": 43.35708, "water_km2": 0.26, "dist_coast_km": 7.7, "persistence": 0.0, "mean_cover": 0.0, "max_cover": 0.0, "trend_cover": 0.0, "hot": 0.0, "n_obs": 22}}, {"type": "Feature", "id": 35, "geometry": {"type": "Polygon", "coordinates": [[[39.900323, 43.365114], [39.897104, 43.361097], [39.900445, 43.356822], [39.907004, 43.356565], [39.910223, 43.360583], [39.906883, 43.364857], [39.900323, 43.365114]]]}, "properties": {"i": 35, "h3": "882d561023fffff", "lon": 39.90366, "lat": 43.36084, "water_km2": 0.639, "dist_coast_km": 6.9, "persistence": 0.0, "mean_cover": 0.0, "max_cover": 0.0, "trend_cover": 0.0, "hot": 0.0, "n_obs": 22}}, {"type": "Feature", "id": 36, "geometry": {"type": "Polygon", "coordinates": [[[39.880642, 43.365883], [39.877423, 43.361864], [39.880765, 43.35759], [39.887326, 43.357335], [39.890544, 43.361353], [39.887203, 43.365627], [39.880642, 43.365883]]]}, "properties": {"i": 36, "h3": "882d561029fffff", "lon": 39.88398, "lat": 43.36161, "water_km2": 0.692, "dist_coast_km": 7.7, "persistence": 0.0, "mean_cover": 0.0, "max_cover": 0.0, "trend_cover": 0.0, "hot": 0.0, "n_obs": 22}}, {"type": "Feature", "id": 37, "geometry": {"type": "Polygon", "coordinates": [[[39.890421, 43.369645], [39.887203, 43.365627], [39.890544, 43.361353], [39.897104, 43.361097], [39.900323, 43.365114], [39.896982, 43.369388], [39.890421, 43.369645]]]}, "properties": {"i": 37, "h3": "882d56102bfffff", "lon": 39.89376, "lat": 43.36537, "water_km2": 0.725, "dist_coast_km": 7.7, "persistence": 0.0, "mean_cover": 0.0, "max_cover": 0.0, "trend_cover": 0.0, "hot": 0.0, "n_obs": 22}}, {"type": "Feature", "id": 38, "geometry": {"type": "Polygon", "coordinates": [[[39.909982, 43.377165], [39.906762, 43.373149], [39.910103, 43.368874], [39.916662, 43.368617], [39.919882, 43.372633], [39.916542, 43.376908], [39.909982, 43.377165]]]}, "properties": {"i": 38, "h3": "882d561031fffff", "lon": 39.91332, "lat": 43.37289, "water_km2": 0.722, "dist_coast_km": 4.6, "persistence": 0.0, "mean_cover": 0.0, "max_cover": 0.0, "trend_cover": 0.0, "hot": 0.0, "n_obs": 22}}, {"type": "Feature", "id": 39, "geometry": {"type": "Polygon", "coordinates": [[[39.919762, 43.380924], [39.916542, 43.376908], [39.919882, 43.372633], [39.926442, 43.372375], [39.929662, 43.376391], [39.926322, 43.380665], [39.919762, 43.380924]]]}, "properties": {"i": 39, "h3": "882d561033fffff", "lon": 39.9231, "lat": 43.37665, "water_km2": 0.748, "dist_coast_km": 4.6, "persistence": 0.0, "mean_cover": 0.0, "max_cover": 0.0, "trend_cover": 0.0, "hot": 0.0, "n_obs": 22}}, {"type": "Feature", "id": 40, "geometry": {"type": "Polygon", "coordinates": [[[39.910103, 43.368874], [39.906883, 43.364857], [39.910223, 43.360583], [39.916783, 43.360325], [39.920002, 43.364342], [39.916662, 43.368617], [39.910103, 43.368874]]]}, "properties": {"i": 40, "h3": "882d561035fffff", "lon": 39.91344, "lat": 43.3646, "water_km2": 0.748, "dist_coast_km": 6.2, "persistence": 0.0, "mean_cover": 0.0, "max_cover": 0.0, "trend_cover": 0.0, "hot": 0.0, "n_obs": 22}}, {"type": "Feature", "id": 41, "geometry": {"type": "Polygon", "coordinates": [[[39.919882, 43.372633], [39.916662, 43.368617], [39.920002, 43.364342], [39.926561, 43.364084], [39.929781, 43.368101], [39.926442, 43.372375], [39.919882, 43.372633]]]}, "properties": {"i": 41, "h3": "882d561037fffff", "lon": 39.92322, "lat": 43.36836, "water_km2": 0.728, "dist_coast_km": 4.6, "persistence": 0.0, "mean_cover": 0.0, "max_cover": 0.0, "trend_cover": 0.0, "hot": 0.0, "n_obs": 22}}, {"type": "Feature", "id": 42, "geometry": {"type": "Polygon", "coordinates": [[[39.90008, 43.381697], [39.89686, 43.37768], [39.900201, 43.373406], [39.906762, 43.373149], [39.909982, 43.377165], [39.906641, 43.381439], [39.90008, 43.381697]]]}, "properties": {"i": 42, "h3": "882d561039fffff", "lon": 39.90342, "lat": 43.37742, "water_km2": 0.728, "dist_coast_km": 5.5, "persistence": 0.0, "mean_cover": 0.0, "max_cover": 0.0, "trend_cover": 0.0, "hot": 0.0, "n_obs": 22}}, {"type": "Feature", "id": 43, "geometry": {"type": "Polygon", "coordinates": [[[39.909861, 43.385456], [39.906641, 43.381439], [39.909982, 43.377165], [39.916542, 43.376908], [39.919762, 43.380924], [39.916422, 43.385198], [39.909861, 43.385456]]]}, "properties": {"i": 43, "h3": "882d56103bfffff", "lon": 39.9132, "lat": 43.38118, "water_km2": 0.742, "dist_coast_km": 4.6, "persistence": 0.0, "mean_cover": 0.0, "max_cover": 0.0, "trend_cover": 0.0, "hot": 0.0, "n_obs": 22}}, {"type": "Feature", "id": 44, "geometry": {"type": "Polygon", "coordinates": [[[39.900201, 43.373406], [39.896982, 43.369388], [39.900323, 43.365114], [39.906883, 43.364857], [39.910103, 43.368874], [39.906762, 43.373149], [39.900201, 43.373406]]]}, "properties": {"i": 44, "h3": "882d56103dfffff", "lon": 39.90354, "lat": 43.36913, "water_km2": 0.745, "dist_coast_km": 5.5, "persistence": 0.0, "mean_cover": 0.0, "max_cover": 0.0, "trend_cover": 0.0, "hot": 0.0, "n_obs": 22}}, {"type": "Feature", "id": 45, "geometry": {"type": "Polygon", "coordinates": [[[39.850796, 43.38776], [39.847578, 43.383742], [39.850923, 43.379469], [39.857487, 43.379214], [39.860705, 43.383233], [39.85736, 43.387506], [39.850796, 43.38776]]]}, "properties": {"i": 45, "h3": "882d561041fffff", "lon": 39.85414, "lat": 43.38349, "water_km2": 0.745, "dist_coast_km": 6.5, "persistence": 0.0, "mean_cover": 0.0, "max_cover": 0.0, "trend_cover": 0.0, "hot": 0.0, "n_obs": 22}}, {"type": "Feature", "id": 46, "geometry": {"type": "Polygon", "coordinates": [[[39.860579, 43.391524], [39.85736, 43.387506], [39.860705, 43.383233], [39.867268, 43.382978], [39.870488, 43.386995], [39.867143, 43.391269], [39.860579, 43.391524]]]}, "properties": {"i": 46, "h3": "882d561043fffff", "lon": 39.86392, "lat": 43.38725, "water_km2": 0.722, "dist_coast_km": 5.5, "persistence": 0.0, "mean_cover": 0.0, "max_cover": 0.0, "trend_cover": 0.0, "hot": 0.0, "n_obs": 22}}, {"type": "Feature", "id": 47, "geometry": {"type": "Polygon", "coordinates": [[[39.850923, 43.379469], [39.847705, 43.37545], [39.85105, 43.371176], [39.857613, 43.370922], [39.860831, 43.374941], [39.857487, 43.379214], [39.850923, 43.379469]]]}, "properties": {"i": 47, "h3": "882d561045fffff", "lon": 39.85427, "lat": 43.3752, "water_km2": 0.728, "dist_coast_km": 7.7, "persistence": 0.0, "mean_cover": 0.0, "max_cover": 0.0, "trend_cover": 0.0, "hot": 0.0, "n_obs": 22}}, {"type": "Feature", "id": 48, "geometry": {"type": "Polygon", "coordinates": [[[39.860705, 43.383233], [39.857487, 43.379214], [39.860831, 43.374941], [39.867394, 43.374686], [39.870612, 43.378704], [39.867268, 43.382978], [39.860705, 43.383233]]]}, "properties": {"i": 48, "h3": "882d561047fffff", "lon": 39.86405, "lat": 43.37896, "water_km2": 0.74, "dist_coast_km": 6.9, "persistence": 0.0, "mean_cover": 0.0, "max_cover": 0.0, "trend_cover": 0.0, "hot": 0.0, "n_obs": 22}}, {"type": "Feature", "id": 49, "geometry": {"type": "Polygon", "coordinates": [[[39.840886, 43.392287], [39.837667, 43.388269], [39.841013, 43.383996], [39.847578, 43.383742], [39.850796, 43.38776], [39.84745, 43.392033], [39.840886, 43.392287]]]}, "properties": {"i": 49, "h3": "882d561049fffff", "lon": 39.84423, "lat": 43.38801, "water_km2": 0.748, "dist_coast_km": 7.7, "persistence": 0.0, "mean_cover": 0.0, "max_cover": 0.0, "trend_cover": 0.0, "hot": 0.0, "n_obs": 22}}, {"type": "Feature", "id": 50, "geometry": {"type": "Polygon", "coordinates": [[[39.850669, 43.396052], [39.84745, 43.392033], [39.850796, 43.38776], [39.85736, 43.387506], [39.860579, 43.391524], [39.857234, 43.395797], [39.850669, 43.396052]]]}, "properties": {"i": 50, "h3": "882d56104bfffff", "lon": 39.85402, "lat": 43.39178, "water_km2": 0.725, "dist_coast_km": 6.5, "persistence": 0.0, "mean_cover": 0.0, "max_cover": 0.0, "trend_cover": 0.0, "hot": 0.0, "n_obs": 22}}, {"type": "Feature", "id": 51, "geometry": {"type": "Polygon", "coordinates": [[[39.841013, 43.383996], [39.837795, 43.379976], [39.841141, 43.375703], [39.847705, 43.37545], [39.850923, 43.379469], [39.847578, 43.383742], [39.841013, 43.383996]]]}, "properties": {"i": 51, "h3": "882d56104dfffff", "lon": 39.84436, "lat": 43.37972, "water_km2": 0.728, "dist_coast_km": 8.7, "persistence": 0.0, "mean_cover": 0.0, "max_cover": 0.0, "trend_cover": 0.0, "hot": 0.0, "n_obs": 22}}, {"type": "Feature", "id": 52, "geometry": {"type": "Polygon", "coordinates": [[[39.870238, 43.403576], [39.867018, 43.399559], [39.870363, 43.395286], [39.876926, 43.39503], [39.880146, 43.399047], [39.876802, 43.40332], [39.870238, 43.403576]]]}, "properties": {"i": 52, "h3": "882d561051fffff", "lon": 39.87358, "lat": 43.3993, "water_km2": 0.72, "dist_coast_km": 5.5, "persistence": 0.0, "mean_cover": 0.0, "max_cover": 0.0, "trend_cover": 0.0, "hot": 0.0, "n_obs": 22}}, {"type": "Feature", "id": 53, "geometry": {"type": "Polygon", "coordinates": [[[39.880022, 43.407337], [39.876802, 43.40332], [39.880146, 43.399047], [39.88671, 43.398791], [39.88993, 43.402807], [39.886586, 43.40708], [39.880022, 43.407337]]]}, "properties": {"i": 53, "h3": "882d561053fffff", "lon": 39.88337, "lat": 43.40306, "water_km2": 0.75, "dist_coast_km": 3.3, "persistence": 0.0, "mean_cover": 0.0, "max_cover": 0.0, "trend_cover": 0.0, "hot": 0.0, "n_obs": 22}}, {"type": "Feature", "id": 54, "geometry": {"type": "Polygon", "coordinates": [[[39.870363, 43.395286], [39.867143, 43.391269], [39.870488, 43.386995], [39.877051, 43.38674], [39.88027, 43.390757], [39.876926, 43.39503], [39.870363, 43.395286]]]}, "properties": {"i": 54, "h3": "882d561055fffff", "lon": 39.87371, "lat": 43.39101, "water_km2": 0.748, "dist_coast_km": 5.5, "persistence": 0.0, "mean_cover": 0.0, "max_cover": 0.0, "trend_cover": 0.0, "hot": 0.0, "n_obs": 22}}, {"type": "Feature", "id": 55, "geometry": {"type": "Polygon", "coordinates": [[[39.880146, 43.399047], [39.876926, 43.39503], [39.88027, 43.390757], [39.886833, 43.390501], [39.890053, 43.394517], [39.88671, 43.398791], [39.880146, 43.399047]]]}, "properties": {"i": 55, "h3": "882d561057fffff", "lon": 39.88349, "lat": 43.39477, "water_km2": 0.73, "dist_coast_km": 4.6, "persistence": 0.0, "mean_cover": 0.0, "max_cover": 0.0, "trend_cover": 0.0, "hot": 0.0, "n_obs": 22}}, {"type": "Feature", "id": 56, "geometry": {"type": "Polygon", "coordinates": [[[39.860327, 43.408105], [39.857108, 43.404087], [39.860453, 43.399815], [39.867018, 43.399559], [39.870238, 43.403576], [39.866893, 43.407849], [39.860327, 43.408105]]]}, "properties": {"i": 56, "h3": "882d561059fffff", "lon": 39.86367, "lat": 43.40383, "water_km2": 0.73, "dist_coast_km": 4.4, "persistence": 0.0, "mean_cover": 0.0, "max_cover": 0.0, "trend_cover": 0.0, "hot": 0.0, "n_obs": 22}}, {"type": "Feature", "id": 57, "geometry": {"type": "Polygon", "coordinates": [[[39.870113, 43.411866], [39.866893, 43.407849], [39.870238, 43.403576], [39.876802, 43.40332], [39.880022, 43.407337], [39.876678, 43.41161], [39.870113, 43.411866]]]}, "properties": {"i": 57, "h3": "882d56105bfffff", "lon": 39.87346, "lat": 43.40759, "water_km2": 0.74, "dist_coast_km": 4.4, "persistence": 0.0, "mean_cover": 0.0, "max_cover": 0.0, "trend_cover": 0.0, "hot": 0.0, "n_obs": 22}}, {"type": "Feature", "id": 58, "geometry": {"type": "Polygon", "coordinates": [[[39.860453, 43.399815], [39.857234, 43.395797], [39.860579, 43.391524], [39.867143, 43.391269], [39.870363, 43.395286], [39.867018, 43.399559], [39.860453, 43.399815]]]}, "properties": {"i": 58, "h3": "882d56105dfffff", "lon": 39.8638, "lat": 43.39554, "water_km2": 0.742, "dist_coast_km": 5.5, "persistence": 0.0, "mean_cover": 0.0, "max_cover": 0.0, "trend_cover": 0.0, "hot": 0.0, "n_obs": 22}}, {"type": "Feature", "id": 59, "geometry": {"type": "Polygon", "coordinates": [[[39.860957, 43.366648], [39.857739, 43.362629], [39.861083, 43.358355], [39.867644, 43.358101], [39.870862, 43.36212], [39.867519, 43.366394], [39.860957, 43.366648]]]}, "properties": {"i": 59, "h3": "882d561061fffff", "lon": 39.8643, "lat": 43.36237, "water_km2": 0.724, "dist_coast_km": 8.4, "persistence": 0.0, "mean_cover": 0.0, "max_cover": 0.0, "trend_cover": 0.0, "hot": 0.0, "n_obs": 22}}, {"type": "Feature", "id": 60, "geometry": {"type": "Polygon", "coordinates": [[[39.870737, 43.370412], [39.867519, 43.366394], [39.870862, 43.36212], [39.877423, 43.361864], [39.880642, 43.365883], [39.877299, 43.370157], [39.870737, 43.370412]]]}, "properties": {"i": 60, "h3": "882d561063fffff", "lon": 39.87408, "lat": 43.36614, "water_km2": 0.74, "dist_coast_km": 8.4, "persistence": 0.0, "mean_cover": 0.0, "max_cover": 0.0, "trend_cover": 0.0, "hot": 0.0, "n_obs": 22}}, {"type": "Feature", "id": 61, "geometry": {"type": "Polygon", "coordinates": [[[39.861083, 43.358355], [39.857865, 43.354336], [39.861208, 43.350062], [39.867769, 43.349807], [39.870987, 43.353827], [39.867644, 43.358101], [39.861083, 43.358355]]]}, "properties": {"i": 61, "h3": "882d561065fffff", "lon": 39.86443, "lat": 43.35408, "water_km2": 0.004, "dist_coast_km": 8.4, "persistence": 0.0, "mean_cover": 0.0, "max_cover": 0.0, "trend_cover": 0.0, "hot": 0.0, "n_obs": 22}}, {"type": "Feature", "id": 62, "geometry": {"type": "Polygon", "coordinates": [[[39.870862, 43.36212], [39.867644, 43.358101], [39.870987, 43.353827], [39.877547, 43.353571], [39.880765, 43.35759], [39.877423, 43.361864], [39.870862, 43.36212]]]}, "properties": {"i": 62, "h3": "882d561067fffff", "lon": 39.8742, "lat": 43.35785, "water_km2": 0.32, "dist_coast_km": 8.4, "persistence": 0.045, "mean_cover": 1.281, "max_cover": 28.186, "trend_cover": 0.1675, "hot": 0.0375, "n_obs": 22}}, {"type": "Feature", "id": 63, "geometry": {"type": "Polygon", "coordinates": [[[39.85105, 43.371176], [39.847832, 43.367157], [39.851177, 43.362883], [39.857739, 43.362629], [39.860957, 43.366648], [39.857613, 43.370922], [39.85105, 43.371176]]]}, "properties": {"i": 63, "h3": "882d561069fffff", "lon": 39.85439, "lat": 43.3669, "water_km2": 0.732, "dist_coast_km": 7.7, "persistence": 0.0, "mean_cover": 0.0, "max_cover": 0.0, "trend_cover": 0.0, "hot": 0.0, "n_obs": 22}}, {"type": "Feature", "id": 64, "geometry": {"type": "Polygon", "coordinates": [[[39.860831, 43.374941], [39.857613, 43.370922], [39.860957, 43.366648], [39.867519, 43.366394], [39.870737, 43.370412], [39.867394, 43.374686], [39.860831, 43.374941]]]}, "properties": {"i": 64, "h3": "882d56106bfffff", "lon": 39.86418, "lat": 43.37067, "water_km2": 0.73, "dist_coast_km": 6.9, "persistence": 0.0, "mean_cover": 0.0, "max_cover": 0.0, "trend_cover": 0.0, "hot": 0.0, "n_obs": 22}}, {"type": "Feature", "id": 65, "geometry": {"type": "Polygon", "coordinates": [[[39.851177, 43.362883], [39.847959, 43.358863], [39.851304, 43.35459], [39.857865, 43.354336], [39.861083, 43.358355], [39.857739, 43.362629], [39.851177, 43.362883]]]}, "properties": {"i": 65, "h3": "882d56106dfffff", "lon": 39.85452, "lat": 43.35861, "water_km2": 0.392, "dist_coast_km": 9.2, "persistence": 0.045, "mean_cover": 0.727, "max_cover": 15.986, "trend_cover": 0.095, "hot": 0.0248, "n_obs": 22}}, {"type": "Feature", "id": 66, "geometry": {"type": "Polygon", "coordinates": [[[39.948988, 43.40048], [39.945766, 43.396466], [39.949105, 43.392192], [39.955665, 43.391931], [39.958886, 43.395945], [39.955548, 43.400219], [39.948988, 43.40048]]]}, "properties": {"i": 66, "h3": "882d561085fffff", "lon": 39.95233, "lat": 43.39621, "water_km2": 0.605, "dist_coast_km": 1.9, "persistence": 0.136, "mean_cover": 2.342, "max_cover": 22.053, "trend_cover": 0.3785, "hot": 0.1646, "n_obs": 22}}, {"type": "Feature", "id": 67, "geometry": {"type": "Polygon", "coordinates": [[[39.958771, 43.404233], [39.955548, 43.400219], [39.958886, 43.395945], [39.965446, 43.395684], [39.968668, 43.399697], [39.965331, 43.403972], [39.958771, 43.404233]]]}, "properties": {"i": 67, "h3": "882d561087fffff", "lon": 39.96211, "lat": 43.39996, "water_km2": 0.141, "dist_coast_km": 0.0, "persistence": 0.0, "mean_cover": 0.0, "max_cover": 0.0, "trend_cover": 0.0, "hot": 0.0, "n_obs": 22}}, {"type": "Feature", "id": 68, "geometry": {"type": "Polygon", "coordinates": [[[39.93897, 43.413301], [39.935748, 43.409287], [39.939088, 43.405014], [39.945649, 43.404754], [39.948871, 43.408767], [39.945532, 43.413041], [39.93897, 43.413301]]]}, "properties": {"i": 68, "h3": "882d561089fffff", "lon": 39.94231, "lat": 43.40903, "water_km2": 0.068, "dist_coast_km": 1.3, "persistence": 0.0, "mean_cover": 0.0, "max_cover": 0.0, "trend_cover": 0.0, "hot": 0.0, "n_obs": 22}}, {"type": "Feature", "id": 69, "geometry": {"type": "Polygon", "coordinates": [[[39.939088, 43.405014], [39.935866, 43.401], [39.939206, 43.396726], [39.945766, 43.396466], [39.948988, 43.40048], [39.945649, 43.404754], [39.939088, 43.405014]]]}, "properties": {"i": 69, "h3": "882d56108dfffff", "lon": 39.94243, "lat": 43.40074, "water_km2": 0.623, "dist_coast_km": 1.3, "persistence": 0.0, "mean_cover": 0.0, "max_cover": 0.0, "trend_cover": 0.0, "hot": 0.0, "n_obs": 22}}, {"type": "Feature", "id": 70, "geometry": {"type": "Polygon", "coordinates": [[[39.959002, 43.387657], [39.955781, 43.383643], [39.959118, 43.379368], [39.965677, 43.379108], [39.968898, 43.383121], [39.965561, 43.387396], [39.959002, 43.387657]]]}, "properties": {"i": 70, "h3": "882d5610a1fffff", "lon": 39.96234, "lat": 43.38338, "water_km2": 0.732, "dist_coast_km": 1.9, "persistence": 0.091, "mean_cover": 0.852, "max_cover": 12.313, "trend_cover": -0.0585, "hot": 0.056, "n_obs": 22}}, {"type": "Feature", "id": 71, "geometry": {"type": "Polygon", "coordinates": [[[39.968783, 43.39141], [39.965561, 43.387396], [39.968898, 43.383121], [39.975456, 43.38286], [39.978678, 43.386874], [39.975342, 43.391148], [39.968783, 43.39141]]]}, "properties": {"i": 71, "h3": "882d5610a3fffff", "lon": 39.97212, "lat": 43.38714, "water_km2": 0.738, "dist_coast_km": 1.3, "persistence": 0.045, "mean_cover": 0.242, "max_cover": 5.317, "trend_cover": -0.0598, "hot": 0.0098, "n_obs": 22}}, {"type": "Feature", "id": 72, "geometry": {"type": "Polygon", "coordinates": [[[39.959118, 43.379368], [39.955897, 43.375354], [39.959234, 43.371079], [39.965792, 43.370818], [39.969013, 43.374833], [39.965677, 43.379108], [39.959118, 43.379368]]]}, "properties": {"i": 72, "h3": "882d5610a5fffff", "lon": 39.96246, "lat": 43.37509, "water_km2": 0.732, "dist_coast_km": 3.3, "persistence": 0.045, "mean_cover": 0.657, "max_cover": 14.455, "trend_cover": -0.1246, "hot": 0.023, "n_obs": 22}}, {"type": "Feature", "id": 73, "geometry": {"type": "Polygon", "coordinates": [[[39.968898, 43.383121], [39.965677, 43.379108], [39.969013, 43.374833], [39.97557, 43.374572], [39.978792, 43.378585], [39.975456, 43.38286], [39.968898, 43.383121]]]}, "properties": {"i": 73, "h3": "882d5610a7fffff", "lon": 39.97223, "lat": 43.37885, "water_km2": 0.732, "dist_coast_km": 2.3, "persistence": 0.045, "mean_cover": 0.706, "max_cover": 15.526, "trend_cover": -0.1366, "hot": 0.0243, "n_obs": 22}}, {"type": "Feature", "id": 74, "geometry": {"type": "Polygon", "coordinates": [[[39.949105, 43.392192], [39.945884, 43.388177], [39.949222, 43.383903], [39.955781, 43.383643], [39.959002, 43.387657], [39.955665, 43.391931], [39.949105, 43.392192]]]}, "properties": {"i": 74, "h3": "882d5610a9fffff", "lon": 39.95244, "lat": 43.38792, "water_km2": 0.722, "dist_coast_km": 1.9, "persistence": 0.136, "mean_cover": 1.308, "max_cover": 10.856, "trend_cover": 0.3312, "hot": 0.114, "n_obs": 22}}, {"type": "Feature", "id": 75, "geometry": {"type": "Polygon", "coordinates": [[[39.958886, 43.395945], [39.955665, 43.391931], [39.959002, 43.387657], [39.965561, 43.387396], [39.968783, 43.39141], [39.965446, 43.395684], [39.958886, 43.395945]]]}, "properties": {"i": 75, "h3": "882d5610abfffff", "lon": 39.96222, "lat": 43.39167, "water_km2": 0.74, "dist_coast_km": 1.9, "persistence": 0.091, "mean_cover": 0.747, "max_cover": 10.599, "trend_cover": -0.0959, "hot": 0.0507, "n_obs": 22}}, {"type": "Feature", "id": 76, "geometry": {"type": "Polygon", "coordinates": [[[39.949222, 43.383903], [39.946001, 43.379888], [39.949339, 43.375613], [39.955897, 43.375354], [39.959118, 43.379368], [39.955781, 43.383643], [39.949222, 43.383903]]]}, "properties": {"i": 76, "h3": "882d5610adfffff", "lon": 39.95256, "lat": 43.37963, "water_km2": 0.738, "dist_coast_km": 3.3, "persistence": 0.045, "mean_cover": 0.773, "max_cover": 17.016, "trend_cover": -0.0852, "hot": 0.026, "n_obs": 22}}, {"type": "Feature", "id": 77, "geometry": {"type": "Polygon", "coordinates": [[[39.97845, 43.403449], [39.975227, 43.399436], [39.978564, 43.395161], [39.985122, 43.394899], [39.988345, 43.398912], [39.985009, 43.403186], [39.97845, 43.403449]]]}, "properties": {"i": 77, "h3": "882d5610b1fffff", "lon": 39.98179, "lat": 43.39917, "water_km2": 0.008, "dist_coast_km": 0.0, "persistence": 0.0, "mean_cover": 0.0, "max_cover": 0.0, "trend_cover": 0.0, "hot": 0.0, "n_obs": 20}}, {"type": "Feature", "id": 78, "geometry": {"type": "Polygon", "coordinates": [[[39.978564, 43.395161], [39.975342, 43.391148], [39.978678, 43.386874], [39.985236, 43.386612], [39.988458, 43.390625], [39.985122, 43.394899], [39.978564, 43.395161]]]}, "properties": {"i": 78, "h3": "882d5610b5fffff", "lon": 39.9819, "lat": 43.39089, "water_km2": 0.199, "dist_coast_km": 0.0, "persistence": 0.0, "mean_cover": 0.0, "max_cover": 0.0, "trend_cover": 0.0, "hot": 0.0, "n_obs": 22}}, {"type": "Feature", "id": 79, "geometry": {"type": "Polygon", "coordinates": [[[39.968553, 43.407985], [39.965331, 43.403972], [39.968668, 43.399697], [39.975227, 43.399436], [39.97845, 43.403449], [39.975113, 43.407723], [39.968553, 43.407985]]]}, "properties": {"i": 79, "h3": "882d5610b9fffff", "lon": 39.97189, "lat": 43.40371, "water_km2": 0.003, "dist_coast_km": 0.0, "persistence": 0.0, "mean_cover": 0.0, "max_cover": 0.0, "trend_cover": 0.0, "hot": 0.0, "n_obs": 20}}, {"type": "Feature", "id": 80, "geometry": {"type": "Polygon", "coordinates": [[[39.968668, 43.399697], [39.965446, 43.395684], [39.968783, 43.39141], [39.975342, 43.391148], [39.978564, 43.395161], [39.975227, 43.399436], [39.968668, 43.399697]]]}, "properties": {"i": 80, "h3": "882d5610bdfffff", "lon": 39.97201, "lat": 43.39542, "water_km2": 0.296, "dist_coast_km": 1.3, "persistence": 0.0, "mean_cover": 0.0, "max_cover": 0.0, "trend_cover": 0.0, "hot": 0.0, "n_obs": 22}}, {"type": "Feature", "id": 81, "geometry": {"type": "Polygon", "coordinates": [[[39.919282, 43.414079], [39.916061, 43.410065], [39.919402, 43.405791], [39.925965, 43.405533], [39.929186, 43.409547], [39.925845, 43.41382], [39.919282, 43.414079]]]}, "properties": {"i": 81, "h3": "882d5610c1fffff", "lon": 39.92262, "lat": 43.40981, "water_km2": 0.73, "dist_coast_km": 1.9, "persistence": 0.091, "mean_cover": 1.763, "max_cover": 27.51, "trend_cover": -0.0366, "hot": 0.0924, "n_obs": 22}}, {"type": "Feature", "id": 82, "geometry": {"type": "Polygon", "coordinates": [[[39.929067, 43.417834], [39.925845, 43.41382], [39.929186, 43.409547], [39.935748, 43.409287], [39.93897, 43.413301], [39.93563, 43.417575], [39.929067, 43.417834]]]}, "properties": {"i": 82, "h3": "882d5610c3fffff", "lon": 39.93241, "lat": 43.41356, "water_km2": 0.144, "dist_coast_km": 1.3, "persistence": 0.0, "mean_cover": 0.0, "max_cover": 0.0, "trend_cover": 0.0, "hot": 0.0, "n_obs": 22}}, {"type": "Feature", "id": 83, "geometry": {"type": "Polygon", "coordinates": [[[39.919402, 43.405791], [39.916181, 43.401776], [39.919522, 43.397503], [39.926084, 43.397244], [39.929305, 43.401259], [39.925965, 43.405533], [39.919402, 43.405791]]]}, "properties": {"i": 83, "h3": "882d5610c5fffff", "lon": 39.92274, "lat": 43.40152, "water_km2": 0.732, "dist_coast_km": 1.9, "persistence": 0.182, "mean_cover": 3.334, "max_cover": 42.294, "trend_cover": -0.2973, "hot": 0.2666, "n_obs": 22}}, {"type": "Feature", "id": 84, "geometry": {"type": "Polygon", "coordinates": [[[39.929186, 43.409547], [39.925965, 43.405533], [39.929305, 43.401259], [39.935866, 43.401], [39.939088, 43.405014], [39.935748, 43.409287], [39.929186, 43.409547]]]}, "properties": {"i": 84, "h3": "882d5610c7fffff", "lon": 39.93253, "lat": 43.40527, "water_km2": 0.73, "dist_coast_km": 1.3, "persistence": 0.045, "mean_cover": 0.415, "max_cover": 9.132, "trend_cover": 0.0543, "hot": 0.0158, "n_obs": 22}}, {"type": "Feature", "id": 85, "geometry": {"type": "Polygon", "coordinates": [[[39.909377, 43.418611], [39.906156, 43.414596], [39.909498, 43.410323], [39.916061, 43.410065], [39.919282, 43.414079], [39.915941, 43.418353], [39.909377, 43.418611]]]}, "properties": {"i": 85, "h3": "882d5610c9fffff", "lon": 39.91272, "lat": 43.41434, "water_km2": 0.72, "dist_coast_km": 2.3, "persistence": 0.0, "mean_cover": 0.0, "max_cover": 0.0, "trend_cover": 0.0, "hot": 0.0, "n_obs": 22}}, {"type": "Feature", "id": 86, "geometry": {"type": "Polygon", "coordinates": [[[39.919162, 43.422367], [39.915941, 43.418353], [39.919282, 43.414079], [39.925845, 43.41382], [39.929067, 43.417834], [39.925726, 43.422108], [39.919162, 43.422367]]]}, "properties": {"i": 86, "h3": "882d5610cbfffff", "lon": 39.9225, "lat": 43.41809, "water_km2": 0.257, "dist_coast_km": 0.0, "persistence": 0.0, "mean_cover": 0.0, "max_cover": 0.0, "trend_cover": 0.0, "hot": 0.0, "n_obs": 22}}, {"type": "Feature", "id": 87, "geometry": {"type": "Polygon", "coordinates": [[[39.909498, 43.410323], [39.906277, 43.406308], [39.909619, 43.402035], [39.916181, 43.401776], [39.919402, 43.405791], [39.916061, 43.410065], [39.909498, 43.410323]]]}, "properties": {"i": 87, "h3": "882d5610cdfffff", "lon": 39.91284, "lat": 43.40605, "water_km2": 0.742, "dist_coast_km": 1.9, "persistence": 0.091, "mean_cover": 4.297, "max_cover": 68.132, "trend_cover": 0.1079, "hot": 0.1516, "n_obs": 22}}, {"type": "Feature", "id": 88, "geometry": {"type": "Polygon", "coordinates": [[[39.928829, 43.434408], [39.925607, 43.430394], [39.928948, 43.426121], [39.935511, 43.425861], [39.938734, 43.429875], [39.935393, 43.434148], [39.928829, 43.434408]]]}, "properties": {"i": 88, "h3": "882d5610d9fffff", "lon": 39.93217, "lat": 43.43013, "water_km2": 0.0, "dist_coast_km": 0.0, "persistence": 0.0, "mean_cover": 0.0, "max_cover": 0.0, "trend_cover": 0.0, "hot": 0.0, "n_obs": 22}}, {"type": "Feature", "id": 89, "geometry": {"type": "Polygon", "coordinates": [[[39.929424, 43.39297], [39.926203, 43.388955], [39.929543, 43.384681], [39.936103, 43.384422], [39.939324, 43.388437], [39.935985, 43.392711], [39.929424, 43.39297]]]}, "properties": {"i": 89, "h3": "882d5610e1fffff", "lon": 39.93276, "lat": 43.3887, "water_km2": 0.745, "dist_coast_km": 2.3, "persistence": 0.182, "mean_cover": 1.723, "max_cover": 12.107, "trend_cover": -0.2415, "hot": 0.1821, "n_obs": 22}}, {"type": "Feature", "id": 90, "geometry": {"type": "Polygon", "coordinates": [[[39.939206, 43.396726], [39.935985, 43.392711], [39.939324, 43.388437], [39.945884, 43.388177], [39.949105, 43.392192], [39.945766, 43.396466], [39.939206, 43.396726]]]}, "properties": {"i": 90, "h3": "882d5610e3fffff", "lon": 39.94255, "lat": 43.39245, "water_km2": 0.72, "dist_coast_km": 2.3, "persistence": 0.045, "mean_cover": 1.238, "max_cover": 27.233, "trend_cover": -0.0857, "hot": 0.0366, "n_obs": 22}}, {"type": "Feature", "id": 91, "geometry": {"type": "Polygon", "coordinates": [[[39.929543, 43.384681], [39.926322, 43.380665], [39.929662, 43.376391], [39.936221, 43.376132], [39.939442, 43.380148], [39.936103, 43.384422], [39.929543, 43.384681]]]}, "properties": {"i": 91, "h3": "882d5610e5fffff", "lon": 39.93288, "lat": 43.38041, "water_km2": 0.725, "dist_coast_km": 3.9, "persistence": 0.0, "mean_cover": 0.0, "max_cover": 0.0, "trend_cover": 0.0, "hot": 0.0, "n_obs": 22}}, {"type": "Feature", "id": 92, "geometry": {"type": "Polygon", "coordinates": [[[39.939324, 43.388437], [39.936103, 43.384422], [39.939442, 43.380148], [39.946001, 43.379888], [39.949222, 43.383903], [39.945884, 43.388177], [39.939324, 43.388437]]]}, "properties": {"i": 92, "h3": "882d5610e7fffff", "lon": 39.94266, "lat": 43.38416, "water_km2": 0.745, "dist_coast_km": 2.3, "persistence": 0.045, "mean_cover": 1.938, "max_cover": 42.637, "trend_cover": 0.5116, "hot": 0.049, "n_obs": 22}}, {"type": "Feature", "id": 93, "geometry": {"type": "Polygon", "coordinates": [[[39.919522, 43.397503], [39.916302, 43.393487], [39.919642, 43.389214], [39.926203, 43.388955], [39.929424, 43.39297], [39.926084, 43.397244], [39.919522, 43.397503]]]}, "properties": {"i": 93, "h3": "882d5610e9fffff", "lon": 39.92286, "lat": 43.39323, "water_km2": 0.74, "dist_coast_km": 3.3, "persistence": 0.091, "mean_cover": 2.24, "max_cover": 34.976, "trend_cover": -0.1596, "hot": 0.1069, "n_obs": 22}}, {"type": "Feature", "id": 94, "geometry": {"type": "Polygon", "coordinates": [[[39.929305, 43.401259], [39.926084, 43.397244], [39.929424, 43.39297], [39.935985, 43.392711], [39.939206, 43.396726], [39.935866, 43.401], [39.929305, 43.401259]]]}, "properties": {"i": 94, "h3": "882d5610ebfffff", "lon": 39.93265, "lat": 43.39699, "water_km2": 0.725, "dist_coast_km": 2.3, "persistence": 0.409, "mean_cover": 10.253, "max_cover": 61.663, "trend_cover": -0.0263, "hot": 0.9902, "n_obs": 22}}, {"type": "Feature", "id": 95, "geometry": {"type": "Polygon", "coordinates": [[[39.919642, 43.389214], [39.916422, 43.385198], [39.919762, 43.380924], [39.926322, 43.380665], [39.929543, 43.384681], [39.926203, 43.388955], [39.919642, 43.389214]]]}, "properties": {"i": 95, "h3": "882d5610edfffff", "lon": 39.92298, "lat": 43.38494, "water_km2": 0.72, "dist_coast_km": 3.3, "persistence": 0.0, "mean_cover": 0.0, "max_cover": 0.0, "trend_cover": 0.0, "hot": 0.0, "n_obs": 22}}, {"type": "Feature", "id": 96, "geometry": {"type": "Polygon", "coordinates": [[[39.949573, 43.359033], [39.946353, 43.355017], [39.94969, 43.350742], [39.956246, 43.350482], [39.959466, 43.354498], [39.95613, 43.358773], [39.949573, 43.359033]]]}, "properties": {"i": 96, "h3": "882d56118bfffff", "lon": 39.95291, "lat": 43.35476, "water_km2": 0.092, "dist_coast_km": 4.6, "persistence": 0.0, "mean_cover": 0.0, "max_cover": 0.0, "trend_cover": 0.0, "hot": 0.0, "n_obs": 22}}, {"type": "Feature", "id": 97, "geometry": {"type": "Polygon", "coordinates": [[[39.969128, 43.366543], [39.965907, 43.362528], [39.969243, 43.358253], [39.975799, 43.357992], [39.97902, 43.362007], [39.975685, 43.366282], [39.969128, 43.366543]]]}, "properties": {"i": 97, "h3": "882d561191fffff", "lon": 39.97246, "lat": 43.36227, "water_km2": 0.742, "dist_coast_km": 3.9, "persistence": 0.0, "mean_cover": 0.0, "max_cover": 0.0, "trend_cover": 0.0, "hot": 0.0, "n_obs": 22}}, {"type": "Feature", "id": 98, "geometry": {"type": "Polygon", "coordinates": [[[39.978906, 43.370296], [39.975685, 43.366282], [39.97902, 43.362007], [39.985575, 43.361746], [39.988797, 43.365759], [39.985462, 43.370035], [39.978906, 43.370296]]]}, "properties": {"i": 98, "h3": "882d561193fffff", "lon": 39.98224, "lat": 43.36602, "water_km2": 0.72, "dist_coast_km": 3.7, "persistence": 0.0, "mean_cover": 0.0, "max_cover": 0.0, "trend_cover": 0.0, "hot": 0.0, "n_obs": 22}}, {"type": "Feature", "id": 99, "geometry": {"type": "Polygon", "coordinates": [[[39.969243, 43.358253], [39.966022, 43.354238], [39.969358, 43.349962], [39.975913, 43.349702], [39.979134, 43.353717], [39.975799, 43.357992], [39.969243, 43.358253]]]}, "properties": {"i": 99, "h3": "882d561195fffff", "lon": 39.97258, "lat": 43.35398, "water_km2": 0.037, "dist_coast_km": 3.9, "persistence": 0.0, "mean_cover": 0.0, "max_cover": 0.0, "trend_cover": 0.0, "hot": 0.0, "n_obs": 22}}, {"type": "Feature", "id": 100, "geometry": {"type": "Polygon", "coordinates": [[[39.97902, 43.362007], [39.975799, 43.357992], [39.979134, 43.353717], [39.985689, 43.353456], [39.98891, 43.35747], [39.985575, 43.361746], [39.97902, 43.362007]]]}, "properties": {"i": 100, "h3": "882d561197fffff", "lon": 39.98235, "lat": 43.35773, "water_km2": 0.415, "dist_coast_km": 3.7, "persistence": 0.0, "mean_cover": 0.0, "max_cover": 0.0, "trend_cover": 0.0, "hot": 0.0, "n_obs": 22}}, {"type": "Feature", "id": 101, "geometry": {"type": "Polygon", "coordinates": [[[39.959234, 43.371079], [39.956014, 43.367064], [39.95935, 43.362789], [39.965907, 43.362528], [39.969128, 43.366543], [39.965792, 43.370818], [39.959234, 43.371079]]]}, "properties": {"i": 101, "h3": "882d561199fffff", "lon": 39.96257, "lat": 43.3668, "water_km2": 0.742, "dist_coast_km": 3.3, "persistence": 0.0, "mean_cover": 0.0, "max_cover": 0.0, "trend_cover": 0.0, "hot": 0.0, "n_obs": 22}}, {"type": "Feature", "id": 102, "geometry": {"type": "Polygon", "coordinates": [[[39.969013, 43.374833], [39.965792, 43.370818], [39.969128, 43.366543], [39.975685, 43.366282], [39.978906, 43.370296], [39.97557, 43.374572], [39.969013, 43.374833]]]}, "properties": {"i": 102, "h3": "882d56119bfffff", "lon": 39.97235, "lat": 43.37056, "water_km2": 0.722, "dist_coast_km": 2.3, "persistence": 0.0, "mean_cover": 0.0, "max_cover": 0.0, "trend_cover": 0.0, "hot": 0.0, "n_obs": 22}}, {"type": "Feature", "id": 103, "geometry": {"type": "Polygon", "coordinates": [[[39.95935, 43.362789], [39.95613, 43.358773], [39.959466, 43.354498], [39.966022, 43.354238], [39.969243, 43.358253], [39.965907, 43.362528], [39.95935, 43.362789]]]}, "properties": {"i": 103, "h3": "882d56119dfffff", "lon": 39.96269, "lat": 43.35851, "water_km2": 0.472, "dist_coast_km": 4.6, "persistence": 0.0, "mean_cover": 0.0, "max_cover": 0.0, "trend_cover": 0.0, "hot": 0.0, "n_obs": 22}}, {"type": "Feature", "id": 104, "geometry": {"type": "Polygon", "coordinates": [[[39.9299, 43.35981], [39.92668, 43.355793], [39.930018, 43.351518], [39.936576, 43.35126], [39.939795, 43.355276], [39.936458, 43.359551], [39.9299, 43.35981]]]}, "properties": {"i": 104, "h3": "882d5611c3fffff", "lon": 39.93324, "lat": 43.35553, "water_km2": 0.138, "dist_coast_km": 5.5, "persistence": 0.0, "mean_cover": 0.0, "max_cover": 0.0, "trend_cover": 0.0, "hot": 0.0, "n_obs": 22}}, {"type": "Feature", "id": 105, "geometry": {"type": "Polygon", "coordinates": [[[39.910223, 43.360583], [39.907004, 43.356565], [39.910344, 43.352291], [39.916903, 43.352033], [39.920122, 43.356051], [39.916783, 43.360325], [39.910223, 43.360583]]]}, "properties": {"i": 105, "h3": "882d5611c9fffff", "lon": 39.91356, "lat": 43.35631, "water_km2": 0.186, "dist_coast_km": 6.2, "persistence": 0.0, "mean_cover": 0.0, "max_cover": 0.0, "trend_cover": 0.0, "hot": 0.0, "n_obs": 22}}, {"type": "Feature", "id": 106, "geometry": {"type": "Polygon", "coordinates": [[[39.920002, 43.364342], [39.916783, 43.360325], [39.920122, 43.356051], [39.92668, 43.355793], [39.9299, 43.35981], [39.926561, 43.364084], [39.920002, 43.364342]]]}, "properties": {"i": 106, "h3": "882d5611cbfffff", "lon": 39.92334, "lat": 43.36007, "water_km2": 0.592, "dist_coast_km": 6.2, "persistence": 0.0, "mean_cover": 0.0, "max_cover": 0.0, "trend_cover": 0.0, "hot": 0.0, "n_obs": 22}}, {"type": "Feature", "id": 107, "geometry": {"type": "Polygon", "coordinates": [[[39.93956, 43.371858], [39.936339, 43.367842], [39.939678, 43.363567], [39.946235, 43.363308], [39.949456, 43.367323], [39.946118, 43.371598], [39.93956, 43.371858]]]}, "properties": {"i": 107, "h3": "882d5611d1fffff", "lon": 39.9429, "lat": 43.36758, "water_km2": 0.732, "dist_coast_km": 3.9, "persistence": 0.0, "mean_cover": 0.0, "max_cover": 0.0, "trend_cover": 0.0, "hot": 0.0, "n_obs": 22}}, {"type": "Feature", "id": 108, "geometry": {"type": "Polygon", "coordinates": [[[39.949339, 43.375613], [39.946118, 43.371598], [39.949456, 43.367323], [39.956014, 43.367064], [39.959234, 43.371079], [39.955897, 43.375354], [39.949339, 43.375613]]]}, "properties": {"i": 108, "h3": "882d5611d3fffff", "lon": 39.95268, "lat": 43.37134, "water_km2": 0.735, "dist_coast_km": 3.3, "persistence": 0.0, "mean_cover": 0.0, "max_cover": 0.0, "trend_cover": 0.0, "hot": 0.0, "n_obs": 22}}, {"type": "Feature", "id": 109, "geometry": {"type": "Polygon", "coordinates": [[[39.939678, 43.363567], [39.936458, 43.359551], [39.939795, 43.355276], [39.946353, 43.355017], [39.949573, 43.359033], [39.946235, 43.363308], [39.939678, 43.363567]]]}, "properties": {"i": 109, "h3": "882d5611d5fffff", "lon": 39.94302, "lat": 43.35929, "water_km2": 0.536, "dist_coast_km": 5.5, "persistence": 0.0, "mean_cover": 0.0, "max_cover": 0.0, "trend_cover": 0.0, "hot": 0.0, "n_obs": 22}}, {"type": "Feature", "id": 110, "geometry": {"type": "Polygon", "coordinates": [[[39.949456, 43.367323], [39.946235, 43.363308], [39.949573, 43.359033], [39.95613, 43.358773], [39.95935, 43.362789], [39.956014, 43.367064], [39.949456, 43.367323]]]}, "properties": {"i": 110, "h3": "882d5611d7fffff", "lon": 39.95279, "lat": 43.36305, "water_km2": 0.728, "dist_coast_km": 4.6, "persistence": 0.0, "mean_cover": 0.0, "max_cover": 0.0, "trend_cover": 0.0, "hot": 0.0, "n_obs": 22}}, {"type": "Feature", "id": 111, "geometry": {"type": "Polygon", "coordinates": [[[39.929662, 43.376391], [39.926442, 43.372375], [39.929781, 43.368101], [39.936339, 43.367842], [39.93956, 43.371858], [39.936221, 43.376132], [39.929662, 43.376391]]]}, "properties": {"i": 111, "h3": "882d5611d9fffff", "lon": 39.933, "lat": 43.37212, "water_km2": 0.738, "dist_coast_km": 3.9, "persistence": 0.091, "mean_cover": 1.789, "max_cover": 28.182, "trend_cover": -0.2249, "hot": 0.0932, "n_obs": 22}}, {"type": "Feature", "id": 112, "geometry": {"type": "Polygon", "coordinates": [[[39.939442, 43.380148], [39.936221, 43.376132], [39.93956, 43.371858], [39.946118, 43.371598], [39.949339, 43.375613], [39.946001, 43.379888], [39.939442, 43.380148]]]}, "properties": {"i": 112, "h3": "882d5611dbfffff", "lon": 39.94278, "lat": 43.37587, "water_km2": 0.728, "dist_coast_km": 3.9, "persistence": 0.0, "mean_cover": 0.0, "max_cover": 0.0, "trend_cover": 0.0, "hot": 0.0, "n_obs": 22}}, {"type": "Feature", "id": 113, "geometry": {"type": "Polygon", "coordinates": [[[39.929781, 43.368101], [39.926561, 43.364084], [39.9299, 43.35981], [39.936458, 43.359551], [39.939678, 43.363567], [39.936339, 43.367842], [39.929781, 43.368101]]]}, "properties": {"i": 113, "h3": "882d5611ddfffff", "lon": 39.93312, "lat": 43.36383, "water_km2": 0.732, "dist_coast_km": 5.5, "persistence": 0.045, "mean_cover": 0.17, "max_cover": 3.748, "trend_cover": -0.0028, "hot": 0.0071, "n_obs": 22}}, {"type": "Feature", "id": 114, "geometry": {"type": "Polygon", "coordinates": [[[39.811012, 43.414155], [39.807793, 43.410136], [39.811143, 43.405864], [39.81771, 43.405612], [39.820929, 43.40963], [39.81758, 43.413902], [39.811012, 43.414155]]]}, "properties": {"i": 114, "h3": "882d561201fffff", "lon": 39.81436, "lat": 43.40988, "water_km2": 0.742, "dist_coast_km": 8.3, "persistence": 0.0, "mean_cover": 0.0, "max_cover": 0.0, "trend_cover": 0.0, "hot": 0.0, "n_obs": 22}}, {"type": "Feature", "id": 115, "geometry": {"type": "Polygon", "coordinates": [[[39.820799, 43.417921], [39.81758, 43.413902], [39.820929, 43.40963], [39.827496, 43.409377], [39.830715, 43.413395], [39.827367, 43.417667], [39.820799, 43.417921]]]}, "properties": {"i": 115, "h3": "882d561203fffff", "lon": 39.82415, "lat": 43.41365, "water_km2": 0.725, "dist_coast_km": 8.3, "persistence": 0.045, "mean_cover": 0.983, "max_cover": 21.636, "trend_cover": 0.1122, "hot": 0.0311, "n_obs": 22}}, {"type": "Feature", "id": 116, "geometry": {"type": "Polygon", "coordinates": [[[39.811143, 43.405864], [39.807925, 43.401845], [39.811274, 43.397573], [39.817841, 43.39732], [39.821059, 43.401339], [39.81771, 43.405612], [39.811143, 43.405864]]]}, "properties": {"i": 116, "h3": "882d561205fffff", "lon": 39.81449, "lat": 43.40159, "water_km2": 0.725, "dist_coast_km": 8.3, "persistence": 0.0, "mean_cover": 0.0, "max_cover": 0.0, "trend_cover": 0.0, "hot": 0.0, "n_obs": 22}}, {"type": "Feature", "id": 117, "geometry": {"type": "Polygon", "coordinates": [[[39.820929, 43.40963], [39.81771, 43.405612], [39.821059, 43.401339], [39.827625, 43.401086], [39.830844, 43.405105], [39.827496, 43.409377], [39.820929, 43.40963]]]}, "properties": {"i": 117, "h3": "882d561207fffff", "lon": 39.82428, "lat": 43.40536, "water_km2": 0.745, "dist_coast_km": 8.3, "persistence": 0.0, "mean_cover": 0.0, "max_cover": 0.0, "trend_cover": 0.0, "hot": 0.0, "n_obs": 22}}, {"type": "Feature", "id": 118, "geometry": {"type": "Polygon", "coordinates": [[[39.801093, 43.418679], [39.797875, 43.41466], [39.801225, 43.410388], [39.807793, 43.410136], [39.811012, 43.414155], [39.807662, 43.418427], [39.801093, 43.418679]]]}, "properties": {"i": 118, "h3": "882d561209fffff", "lon": 39.80444, "lat": 43.41441, "water_km2": 0.745, "dist_coast_km": 9.6, "persistence": 0.0, "mean_cover": 0.0, "max_cover": 0.0, "trend_cover": 0.0, "hot": 0.0, "n_obs": 22}}, {"type": "Feature", "id": 119, "geometry": {"type": "Polygon", "coordinates": [[[39.810881, 43.422446], [39.807662, 43.418427], [39.811012, 43.414155], [39.81758, 43.413902], [39.820799, 43.417921], [39.81745, 43.422193], [39.810881, 43.422446]]]}, "properties": {"i": 119, "h3": "882d56120bfffff", "lon": 39.81423, "lat": 43.41817, "water_km2": 0.725, "dist_coast_km": 7.7, "persistence": 0.0, "mean_cover": 0.0, "max_cover": 0.0, "trend_cover": 0.0, "hot": 0.0, "n_obs": 22}}, {"type": "Feature", "id": 120, "geometry": {"type": "Polygon", "coordinates": [[[39.801225, 43.410388], [39.798007, 43.406369], [39.801357, 43.402097], [39.807925, 43.401845], [39.811143, 43.405864], [39.807793, 43.410136], [39.801225, 43.410388]]]}, "properties": {"i": 120, "h3": "882d56120dfffff", "lon": 39.80458, "lat": 43.40612, "water_km2": 0.728, "dist_coast_km": 9.6, "persistence": 0.0, "mean_cover": 0.0, "max_cover": 0.0, "trend_cover": 0.0, "hot": 0.0, "n_obs": 22}}, {"type": "Feature", "id": 121, "geometry": {"type": "Polygon", "coordinates": [[[39.830457, 43.429975], [39.827238, 43.425957], [39.830586, 43.421685], [39.837154, 43.421431], [39.840374, 43.425449], [39.837026, 43.42972], [39.830457, 43.429975]]]}, "properties": {"i": 121, "h3": "882d561211fffff", "lon": 39.83381, "lat": 43.4257, "water_km2": 0.722, "dist_coast_km": 6.5, "persistence": 0.0, "mean_cover": 0.0, "max_cover": 0.0, "trend_cover": 0.0, "hot": 0.0, "n_obs": 22}}, {"type": "Feature", "id": 122, "geometry": {"type": "Polygon", "coordinates": [[[39.840246, 43.433737], [39.837026, 43.42972], [39.840374, 43.425449], [39.846941, 43.425194], [39.850162, 43.429211], [39.846814, 43.433482], [39.840246, 43.433737]]]}, "properties": {"i": 122, "h3": "882d561213fffff", "lon": 39.84359, "lat": 43.42947, "water_km2": 0.75, "dist_coast_km": 6.5, "persistence": 0.0, "mean_cover": 0.0, "max_cover": 0.0, "trend_cover": 0.0, "hot": 0.0, "n_obs": 22}}, {"type": "Feature", "id": 123, "geometry": {"type": "Polygon", "coordinates": [[[39.830586, 43.421685], [39.827367, 43.417667], [39.830715, 43.413395], [39.837282, 43.413141], [39.840502, 43.417159], [39.837154, 43.421431], [39.830586, 43.421685]]]}, "properties": {"i": 123, "h3": "882d561215fffff", "lon": 39.83393, "lat": 43.41741, "water_km2": 0.75, "dist_coast_km": 6.5, "persistence": 0.0, "mean_cover": 0.0, "max_cover": 0.0, "trend_cover": 0.0, "hot": 0.0, "n_obs": 22}}, {"type": "Feature", "id": 124, "geometry": {"type": "Polygon", "coordinates": [[[39.840374, 43.425449], [39.837154, 43.421431], [39.840502, 43.417159], [39.847069, 43.416905], [39.850289, 43.420922], [39.846941, 43.425194], [39.840374, 43.425449]]]}, "properties": {"i": 124, "h3": "882d561217fffff", "lon": 39.84372, "lat": 43.42118, "water_km2": 0.728, "dist_coast_km": 6.5, "persistence": 0.0, "mean_cover": 0.0, "max_cover": 0.0, "trend_cover": 0.0, "hot": 0.0, "n_obs": 22}}, {"type": "Feature", "id": 125, "geometry": {"type": "Polygon", "coordinates": [[[39.820539, 43.4345], [39.817319, 43.430482], [39.820669, 43.426211], [39.827238, 43.425957], [39.830457, 43.429975], [39.827108, 43.434246], [39.820539, 43.4345]]]}, "properties": {"i": 125, "h3": "882d561219fffff", "lon": 39.82389, "lat": 43.43023, "water_km2": 0.73, "dist_coast_km": 7.7, "persistence": 0.0, "mean_cover": 0.0, "max_cover": 0.0, "trend_cover": 0.0, "hot": 0.0, "n_obs": 22}}, {"type": "Feature", "id": 126, "geometry": {"type": "Polygon", "coordinates": [[[39.830328, 43.438263], [39.827108, 43.434246], [39.830457, 43.429975], [39.837026, 43.42972], [39.840246, 43.433737], [39.836897, 43.438009], [39.830328, 43.438263]]]}, "properties": {"i": 126, "h3": "882d56121bfffff", "lon": 39.83368, "lat": 43.43399, "water_km2": 0.738, "dist_coast_km": 5.7, "persistence": 0.0, "mean_cover": 0.0, "max_cover": 0.0, "trend_cover": 0.0, "hot": 0.0, "n_obs": 22}}, {"type": "Feature", "id": 127, "geometry": {"type": "Polygon", "coordinates": [[[39.820669, 43.426211], [39.81745, 43.422193], [39.820799, 43.417921], [39.827367, 43.417667], [39.830586, 43.421685], [39.827238, 43.425957], [39.820669, 43.426211]]]}, "properties": {"i": 127, "h3": "882d56121dfffff", "lon": 39.82402, "lat": 43.42194, "water_km2": 0.74, "dist_coast_km": 7.7, "persistence": 0.0, "mean_cover": 0.0, "max_cover": 0.0, "trend_cover": 0.0, "hot": 0.0, "n_obs": 22}}, {"type": "Feature", "id": 128, "geometry": {"type": "Polygon", "coordinates": [[[39.821189, 43.393048], [39.817971, 43.389028], [39.821319, 43.384756], [39.827884, 43.384503], [39.831102, 43.388522], [39.827755, 43.392795], [39.821189, 43.393048]]]}, "properties": {"i": 128, "h3": "882d561221fffff", "lon": 39.82454, "lat": 43.38878, "water_km2": 0.732, "dist_coast_km": 8.9, "persistence": 0.0, "mean_cover": 0.0, "max_cover": 0.0, "trend_cover": 0.0, "hot": 0.0, "n_obs": 22}}, {"type": "Feature", "id": 129, "geometry": {"type": "Polygon", "coordinates": [[[39.830973, 43.396814], [39.827755, 43.392795], [39.831102, 43.388522], [39.837667, 43.388269], [39.840886, 43.392287], [39.837539, 43.39656], [39.830973, 43.396814]]]}, "properties": {"i": 129, "h3": "882d561223fffff", "lon": 39.83432, "lat": 43.39254, "water_km2": 0.735, "dist_coast_km": 7.7, "persistence": 0.0, "mean_cover": 0.0, "max_cover": 0.0, "trend_cover": 0.0, "hot": 0.0, "n_obs": 22}}, {"type": "Feature", "id": 130, "geometry": {"type": "Polygon", "coordinates": [[[39.821319, 43.384756], [39.818101, 43.380735], [39.821448, 43.376463], [39.828013, 43.37621], [39.831231, 43.38023], [39.827884, 43.384503], [39.821319, 43.384756]]]}, "properties": {"i": 130, "h3": "882d561225fffff", "lon": 39.82467, "lat": 43.38048, "water_km2": 0.738, "dist_coast_km": 9.8, "persistence": 0.0, "mean_cover": 0.0, "max_cover": 0.0, "trend_cover": 0.0, "hot": 0.0, "n_obs": 22}}, {"type": "Feature", "id": 131, "geometry": {"type": "Polygon", "coordinates": [[[39.831102, 43.388522], [39.827884, 43.384503], [39.831231, 43.38023], [39.837795, 43.379976], [39.841013, 43.383996], [39.837667, 43.388269], [39.831102, 43.388522]]]}, "properties": {"i": 131, "h3": "882d561227fffff", "lon": 39.83445, "lat": 43.38425, "water_km2": 0.722, "dist_coast_km": 7.7, "persistence": 0.0, "mean_cover": 0.0, "max_cover": 0.0, "trend_cover": 0.0, "hot": 0.0, "n_obs": 22}}, {"type": "Feature", "id": 132, "geometry": {"type": "Polygon", "coordinates": [[[39.811274, 43.397573], [39.808056, 43.393553], [39.811405, 43.38928], [39.817971, 43.389028], [39.821189, 43.393048], [39.817841, 43.39732], [39.811274, 43.397573]]]}, "properties": {"i": 132, "h3": "882d561229fffff", "lon": 39.81462, "lat": 43.3933, "water_km2": 0.738, "dist_coast_km": 8.9, "persistence": 0.0, "mean_cover": 0.0, "max_cover": 0.0, "trend_cover": 0.0, "hot": 0.0, "n_obs": 22}}, {"type": "Feature", "id": 133, "geometry": {"type": "Polygon", "coordinates": [[[39.821059, 43.401339], [39.817841, 43.39732], [39.821189, 43.393048], [39.827755, 43.392795], [39.830973, 43.396814], [39.827625, 43.401086], [39.821059, 43.401339]]]}, "properties": {"i": 133, "h3": "882d56122bfffff", "lon": 39.82441, "lat": 43.39707, "water_km2": 0.728, "dist_coast_km": 8.9, "persistence": 0.0, "mean_cover": 0.0, "max_cover": 0.0, "trend_cover": 0.0, "hot": 0.0, "n_obs": 22}}, {"type": "Feature", "id": 134, "geometry": {"type": "Polygon", "coordinates": [[[39.811405, 43.38928], [39.808187, 43.38526], [39.811535, 43.380988], [39.818101, 43.380735], [39.821319, 43.384756], [39.817971, 43.389028], [39.811405, 43.38928]]]}, "properties": {"i": 134, "h3": "882d56122dfffff", "lon": 39.81475, "lat": 43.38501, "water_km2": 0.738, "dist_coast_km": 8.9, "persistence": 0.0, "mean_cover": 0.0, "max_cover": 0.0, "trend_cover": 0.0, "hot": 0.0, "n_obs": 22}}, {"type": "Feature", "id": 135, "geometry": {"type": "Polygon", "coordinates": [[[39.84063, 43.408869], [39.837411, 43.404851], [39.840758, 43.400579], [39.847323, 43.400324], [39.850542, 43.404342], [39.847196, 43.408615], [39.84063, 43.408869]]]}, "properties": {"i": 135, "h3": "882d561231fffff", "lon": 39.84398, "lat": 43.4046, "water_km2": 0.732, "dist_coast_km": 7.0, "persistence": 0.0, "mean_cover": 0.0, "max_cover": 0.0, "trend_cover": 0.0, "hot": 0.0, "n_obs": 22}}, {"type": "Feature", "id": 136, "geometry": {"type": "Polygon", "coordinates": [[[39.850415, 43.412632], [39.847196, 43.408615], [39.850542, 43.404342], [39.857108, 43.404087], [39.860327, 43.408105], [39.856982, 43.412377], [39.850415, 43.412632]]]}, "properties": {"i": 136, "h3": "882d561233fffff", "lon": 39.85376, "lat": 43.40836, "water_km2": 0.73, "dist_coast_km": 5.7, "persistence": 0.0, "mean_cover": 0.0, "max_cover": 0.0, "trend_cover": 0.0, "hot": 0.0, "n_obs": 22}}, {"type": "Feature", "id": 137, "geometry": {"type": "Polygon", "coordinates": [[[39.840758, 43.400579], [39.837539, 43.39656], [39.840886, 43.392287], [39.84745, 43.392033], [39.850669, 43.396052], [39.847323, 43.400324], [39.840758, 43.400579]]]}, "properties": {"i": 137, "h3": "882d561235fffff", "lon": 39.8441, "lat": 43.39631, "water_km2": 0.728, "dist_coast_km": 7.7, "persistence": 0.0, "mean_cover": 0.0, "max_cover": 0.0, "trend_cover": 0.0, "hot": 0.0, "n_obs": 22}}, {"type": "Feature", "id": 138, "geometry": {"type": "Polygon", "coordinates": [[[39.850542, 43.404342], [39.847323, 43.400324], [39.850669, 43.396052], [39.857234, 43.395797], [39.860453, 43.399815], [39.857108, 43.404087], [39.850542, 43.404342]]]}, "properties": {"i": 138, "h3": "882d561237fffff", "lon": 39.85389, "lat": 43.40007, "water_km2": 0.74, "dist_coast_km": 5.7, "persistence": 0.0, "mean_cover": 0.0, "max_cover": 0.0, "trend_cover": 0.0, "hot": 0.0, "n_obs": 22}}, {"type": "Feature", "id": 139, "geometry": {"type": "Polygon", "coordinates": [[[39.830715, 43.413395], [39.827496, 43.409377], [39.830844, 43.405105], [39.837411, 43.404851], [39.84063, 43.408869], [39.837282, 43.413141], [39.830715, 43.413395]]]}, "properties": {"i": 139, "h3": "882d561239fffff", "lon": 39.83406, "lat": 43.40912, "water_km2": 0.722, "dist_coast_km": 7.0, "persistence": 0.0, "mean_cover": 0.0, "max_cover": 0.0, "trend_cover": 0.0, "hot": 0.0, "n_obs": 22}}, {"type": "Feature", "id": 140, "geometry": {"type": "Polygon", "coordinates": [[[39.840502, 43.417159], [39.837282, 43.413141], [39.84063, 43.408869], [39.847196, 43.408615], [39.850415, 43.412632], [39.847069, 43.416905], [39.840502, 43.417159]]]}, "properties": {"i": 140, "h3": "882d56123bfffff", "lon": 39.84385, "lat": 43.41289, "water_km2": 0.74, "dist_coast_km": 7.0, "persistence": 0.045, "mean_cover": 0.313, "max_cover": 6.889, "trend_cover": -0.114, "hot": 0.0124, "n_obs": 22}}, {"type": "Feature", "id": 141, "geometry": {"type": "Polygon", "coordinates": [[[39.830844, 43.405105], [39.827625, 43.401086], [39.830973, 43.396814], [39.837539, 43.39656], [39.840758, 43.400579], [39.837411, 43.404851], [39.830844, 43.405105]]]}, "properties": {"i": 141, "h3": "882d56123dfffff", "lon": 39.83419, "lat": 43.40083, "water_km2": 0.738, "dist_coast_km": 7.0, "persistence": 0.0, "mean_cover": 0.0, "max_cover": 0.0, "trend_cover": 0.0, "hot": 0.0, "n_obs": 22}}, {"type": "Feature", "id": 142, "geometry": {"type": "Polygon", "coordinates": [[[39.781384, 43.419435], [39.778166, 43.415414], [39.781518, 43.411143], [39.788088, 43.410892], [39.791306, 43.414912], [39.787954, 43.419183], [39.781384, 43.419435]]]}, "properties": {"i": 142, "h3": "882d561241fffff", "lon": 39.78474, "lat": 43.41516, "water_km2": 0.732, "dist_coast_km": 10.9, "persistence": 0.0, "mean_cover": 0.0, "max_cover": 0.0, "trend_cover": 0.0, "hot": 0.0, "n_obs": 22}}, {"type": "Feature", "id": 143, "geometry": {"type": "Polygon", "coordinates": [[[39.791173, 43.423203], [39.787954, 43.419183], [39.791306, 43.414912], [39.797875, 43.41466], [39.801093, 43.418679], [39.797742, 43.422951], [39.791173, 43.423203]]]}, "properties": {"i": 143, "h3": "882d561243fffff", "lon": 39.79452, "lat": 43.41893, "water_km2": 0.738, "dist_coast_km": 10.1, "persistence": 0.045, "mean_cover": 0.169, "max_cover": 3.723, "trend_cover": 0.0193, "hot": 0.0071, "n_obs": 22}}, {"type": "Feature", "id": 144, "geometry": {"type": "Polygon", "coordinates": [[[39.781518, 43.411143], [39.778301, 43.407123], [39.781652, 43.402851], [39.788221, 43.4026], [39.791438, 43.40662], [39.788088, 43.410892], [39.781518, 43.411143]]]}, "properties": {"i": 144, "h3": "882d561245fffff", "lon": 39.78487, "lat": 43.40687, "water_km2": 0.742, "dist_coast_km": 10.9, "persistence": 0.0, "mean_cover": 0.0, "max_cover": 0.0, "trend_cover": 0.0, "hot": 0.0, "n_obs": 22}}, {"type": "Feature", "id": 145, "geometry": {"type": "Polygon", "coordinates": [[[39.791306, 43.414912], [39.788088, 43.410892], [39.791438, 43.40662], [39.798007, 43.406369], [39.801225, 43.410388], [39.797875, 43.41466], [39.791306, 43.414912]]]}, "properties": {"i": 145, "h3": "882d561247fffff", "lon": 39.79466, "lat": 43.41064, "water_km2": 0.722, "dist_coast_km": 10.9, "persistence": 0.0, "mean_cover": 0.0, "max_cover": 0.0, "trend_cover": 0.0, "hot": 0.0, "n_obs": 22}}, {"type": "Feature", "id": 146, "geometry": {"type": "Polygon", "coordinates": [[[39.771461, 43.423956], [39.768243, 43.419936], [39.771596, 43.415665], [39.778166, 43.415414], [39.781384, 43.419435], [39.778032, 43.423706], [39.771461, 43.423956]]]}, "properties": {"i": 146, "h3": "882d561249fffff", "lon": 39.77481, "lat": 43.41969, "water_km2": 0.74, "dist_coast_km": 11.4, "persistence": 0.0, "mean_cover": 0.0, "max_cover": 0.0, "trend_cover": 0.0, "hot": 0.0, "n_obs": 22}}, {"type": "Feature", "id": 147, "geometry": {"type": "Polygon", "coordinates": [[[39.78125, 43.427725], [39.778032, 43.423706], [39.781384, 43.419435], [39.787954, 43.419183], [39.791173, 43.423203], [39.787821, 43.427474], [39.78125, 43.427725]]]}, "properties": {"i": 147, "h3": "882d56124bfffff", "lon": 39.7846, "lat": 43.42345, "water_km2": 0.728, "dist_coast_km": 10.1, "persistence": 0.045, "mean_cover": 0.221, "max_cover": 4.851, "trend_cover": -0.0037, "hot": 0.0091, "n_obs": 22}}, {"type": "Feature", "id": 148, "geometry": {"type": "Polygon", "coordinates": [[[39.771596, 43.415665], [39.768379, 43.411644], [39.771731, 43.407373], [39.778301, 43.407123], [39.781518, 43.411143], [39.778166, 43.415414], [39.771596, 43.415665]]]}, "properties": {"i": 148, "h3": "882d56124dfffff", "lon": 39.77495, "lat": 43.41139, "water_km2": 0.73, "dist_coast_km": 12.1, "persistence": 0.0, "mean_cover": 0.0, "max_cover": 0.0, "trend_cover": 0.0, "hot": 0.0, "n_obs": 22}}, {"type": "Feature", "id": 149, "geometry": {"type": "Polygon", "coordinates": [[[39.800829, 43.435259], [39.79761, 43.431241], [39.800961, 43.42697], [39.807531, 43.426717], [39.81075, 43.430735], [39.807399, 43.435007], [39.800829, 43.435259]]]}, "properties": {"i": 149, "h3": "882d561251fffff", "lon": 39.80418, "lat": 43.43099, "water_km2": 0.732, "dist_coast_km": 8.9, "persistence": 0.0, "mean_cover": 0.0, "max_cover": 0.0, "trend_cover": 0.0, "hot": 0.0, "n_obs": 22}}, {"type": "Feature", "id": 150, "geometry": {"type": "Polygon", "coordinates": [[[39.810619, 43.439025], [39.807399, 43.435007], [39.81075, 43.430735], [39.817319, 43.430482], [39.820539, 43.4345], [39.817189, 43.438771], [39.810619, 43.439025]]]}, "properties": {"i": 150, "h3": "882d561253fffff", "lon": 39.81397, "lat": 43.43475, "water_km2": 0.732, "dist_coast_km": 7.0, "persistence": 0.0, "mean_cover": 0.0, "max_cover": 0.0, "trend_cover": 0.0, "hot": 0.0, "n_obs": 22}}, {"type": "Feature", "id": 151, "geometry": {"type": "Polygon", "coordinates": [[[39.800961, 43.42697], [39.797742, 43.422951], [39.801093, 43.418679], [39.807662, 43.418427], [39.810881, 43.422446], [39.807531, 43.426717], [39.800961, 43.42697]]]}, "properties": {"i": 151, "h3": "882d561255fffff", "lon": 39.80431, "lat": 43.4227, "water_km2": 0.73, "dist_coast_km": 8.9, "persistence": 0.0, "mean_cover": 0.0, "max_cover": 0.0, "trend_cover": 0.0, "hot": 0.0, "n_obs": 22}}, {"type": "Feature", "id": 152, "geometry": {"type": "Polygon", "coordinates": [[[39.81075, 43.430735], [39.807531, 43.426717], [39.810881, 43.422446], [39.81745, 43.422193], [39.820669, 43.426211], [39.817319, 43.430482], [39.81075, 43.430735]]]}, "properties": {"i": 152, "h3": "882d561257fffff", "lon": 39.8141, "lat": 43.42646, "water_km2": 0.738, "dist_coast_km": 7.7, "persistence": 0.0, "mean_cover": 0.0, "max_cover": 0.0, "trend_cover": 0.0, "hot": 0.0, "n_obs": 22}}, {"type": "Feature", "id": 153, "geometry": {"type": "Polygon", "coordinates": [[[39.790907, 43.439783], [39.787688, 43.435764], [39.79104, 43.431493], [39.79761, 43.431241], [39.800829, 43.435259], [39.797478, 43.43953], [39.790907, 43.439783]]]}, "properties": {"i": 153, "h3": "882d561259fffff", "lon": 39.79426, "lat": 43.43551, "water_km2": 0.722, "dist_coast_km": 9.6, "persistence": 0.0, "mean_cover": 0.0, "max_cover": 0.0, "trend_cover": 0.0, "hot": 0.0, "n_obs": 22}}, {"type": "Feature", "id": 154, "geometry": {"type": "Polygon", "coordinates": [[[39.800697, 43.443549], [39.797478, 43.43953], [39.800829, 43.435259], [39.807399, 43.435007], [39.810619, 43.439025], [39.807268, 43.443296], [39.800697, 43.443549]]]}, "properties": {"i": 154, "h3": "882d56125bfffff", "lon": 39.80405, "lat": 43.43928, "water_km2": 0.74, "dist_coast_km": 8.3, "persistence": 0.0, "mean_cover": 0.0, "max_cover": 0.0, "trend_cover": 0.0, "hot": 0.0, "n_obs": 22}}, {"type": "Feature", "id": 155, "geometry": {"type": "Polygon", "coordinates": [[[39.79104, 43.431493], [39.787821, 43.427474], [39.791173, 43.423203], [39.797742, 43.422951], [39.800961, 43.42697], [39.79761, 43.431241], [39.79104, 43.431493]]]}, "properties": {"i": 155, "h3": "882d56125dfffff", "lon": 39.79439, "lat": 43.42722, "water_km2": 0.735, "dist_coast_km": 10.1, "persistence": 0.0, "mean_cover": 0.0, "max_cover": 0.0, "trend_cover": 0.0, "hot": 0.0, "n_obs": 22}}, {"type": "Feature", "id": 156, "geometry": {"type": "Polygon", "coordinates": [[[39.791571, 43.398328], [39.788354, 43.394308], [39.791704, 43.390036], [39.798271, 43.389784], [39.801489, 43.393805], [39.798139, 43.398077], [39.791571, 43.398328]]]}, "properties": {"i": 156, "h3": "882d561261fffff", "lon": 39.79492, "lat": 43.39406, "water_km2": 0.725, "dist_coast_km": 11.4, "persistence": 0.0, "mean_cover": 0.0, "max_cover": 0.0, "trend_cover": 0.0, "hot": 0.0, "n_obs": 22}}, {"type": "Feature", "id": 157, "geometry": {"type": "Polygon", "coordinates": [[[39.801357, 43.402097], [39.798139, 43.398077], [39.801489, 43.393805], [39.808056, 43.393553], [39.811274, 43.397573], [39.807925, 43.401845], [39.801357, 43.402097]]]}, "properties": {"i": 157, "h3": "882d561263fffff", "lon": 39.80471, "lat": 43.39782, "water_km2": 0.74, "dist_coast_km": 10.1, "persistence": 0.0, "mean_cover": 0.0, "max_cover": 0.0, "trend_cover": 0.0, "hot": 0.0, "n_obs": 22}}, {"type": "Feature", "id": 158, "geometry": {"type": "Polygon", "coordinates": [[[39.791704, 43.390036], [39.788487, 43.386015], [39.791837, 43.381742], [39.798404, 43.381491], [39.801621, 43.385512], [39.798271, 43.389784], [39.791704, 43.390036]]]}, "properties": {"i": 158, "h3": "882d561265fffff", "lon": 39.79505, "lat": 43.38576, "water_km2": 0.74, "dist_coast_km": 11.4, "persistence": 0.045, "mean_cover": 0.145, "max_cover": 3.18, "trend_cover": -0.0024, "hot": 0.0061, "n_obs": 22}}, {"type": "Feature", "id": 159, "geometry": {"type": "Polygon", "coordinates": [[[39.801489, 43.393805], [39.798271, 43.389784], [39.801621, 43.385512], [39.808187, 43.38526], [39.811405, 43.38928], [39.808056, 43.393553], [39.801489, 43.393805]]]}, "properties": {"i": 159, "h3": "882d561267fffff", "lon": 39.80484, "lat": 43.38953, "water_km2": 0.73, "dist_coast_km": 10.1, "persistence": 0.0, "mean_cover": 0.0, "max_cover": 0.0, "trend_cover": 0.0, "hot": 0.0, "n_obs": 22}}, {"type": "Feature", "id": 160, "geometry": {"type": "Polygon", "coordinates": [[[39.781652, 43.402851], [39.778435, 43.39883], [39.781786, 43.394558], [39.788354, 43.394308], [39.791571, 43.398328], [39.788221, 43.4026], [39.781652, 43.402851]]]}, "properties": {"i": 160, "h3": "882d561269fffff", "lon": 39.785, "lat": 43.39858, "water_km2": 0.722, "dist_coast_km": 11.4, "persistence": 0.045, "mean_cover": 1.653, "max_cover": 36.366, "trend_cover": 0.4364, "hot": 0.0443, "n_obs": 22}}, {"type": "Feature", "id": 161, "geometry": {"type": "Polygon", "coordinates": [[[39.791438, 43.40662], [39.788221, 43.4026], [39.791571, 43.398328], [39.798139, 43.398077], [39.801357, 43.402097], [39.798007, 43.406369], [39.791438, 43.40662]]]}, "properties": {"i": 161, "h3": "882d56126bfffff", "lon": 39.79479, "lat": 43.40235, "water_km2": 0.75, "dist_coast_km": 10.9, "persistence": 0.0, "mean_cover": 0.0, "max_cover": 0.0, "trend_cover": 0.0, "hot": 0.0, "n_obs": 22}}, {"type": "Feature", "id": 162, "geometry": {"type": "Polygon", "coordinates": [[[39.781786, 43.394558], [39.778569, 43.390537], [39.78192, 43.386265], [39.788487, 43.386015], [39.791704, 43.390036], [39.788354, 43.394308], [39.781786, 43.394558]]]}, "properties": {"i": 162, "h3": "882d56126dfffff", "lon": 39.78514, "lat": 43.39029, "water_km2": 0.748, "dist_coast_km": 11.4, "persistence": 0.0, "mean_cover": 0.0, "max_cover": 0.0, "trend_cover": 0.0, "hot": 0.0, "n_obs": 22}}, {"type": "Feature", "id": 163, "geometry": {"type": "Polygon", "coordinates": [[[39.879526, 43.440489], [39.876305, 43.436474], [39.87965, 43.432202], [39.886216, 43.431945], [39.889438, 43.43596], [39.886093, 43.440232], [39.879526, 43.440489]]]}, "properties": {"i": 163, "h3": "882d561281fffff", "lon": 39.88287, "lat": 43.43622, "water_km2": 0.728, "dist_coast_km": 2.3, "persistence": 0.0, "mean_cover": 0.0, "max_cover": 0.0, "trend_cover": 0.0, "hot": 0.0, "n_obs": 22}}, {"type": "Feature", "id": 164, "geometry": {"type": "Polygon", "coordinates": [[[39.889315, 43.444246], [39.886093, 43.440232], [39.889438, 43.43596], [39.896004, 43.435702], [39.899226, 43.439716], [39.895882, 43.443988], [39.889315, 43.444246]]]}, "properties": {"i": 164, "h3": "882d561283fffff", "lon": 39.89266, "lat": 43.43997, "water_km2": 0.738, "dist_coast_km": 2.3, "persistence": 0.0, "mean_cover": 0.0, "max_cover": 0.0, "trend_cover": 0.0, "hot": 0.0, "n_obs": 22}}, {"type": "Feature", "id": 165, "geometry": {"type": "Polygon", "coordinates": [[[39.87965, 43.432202], [39.876429, 43.428187], [39.879774, 43.423914], [39.88634, 43.423657], [39.889561, 43.427672], [39.886216, 43.431945], [39.87965, 43.432202]]]}, "properties": {"i": 165, "h3": "882d561285fffff", "lon": 39.883, "lat": 43.42793, "water_km2": 0.73, "dist_coast_km": 2.7, "persistence": 0.045, "mean_cover": 0.684, "max_cover": 15.042, "trend_cover": -0.1323, "hot": 0.0237, "n_obs": 22}}, {"type": "Feature", "id": 166, "geometry": {"type": "Polygon", "coordinates": [[[39.889438, 43.43596], [39.886216, 43.431945], [39.889561, 43.427672], [39.896126, 43.427415], [39.899348, 43.431429], [39.896004, 43.435702], [39.889438, 43.43596]]]}, "properties": {"i": 166, "h3": "882d561287fffff", "lon": 39.89278, "lat": 43.43169, "water_km2": 0.732, "dist_coast_km": 2.7, "persistence": 0.136, "mean_cover": 1.29, "max_cover": 13.92, "trend_cover": -0.0219, "hot": 0.113, "n_obs": 22}}, {"type": "Feature", "id": 167, "geometry": {"type": "Polygon", "coordinates": [[[39.869613, 43.445018], [39.866391, 43.441003], [39.869738, 43.436731], [39.876305, 43.436474], [39.879526, 43.440489], [39.87618, 43.444761], [39.869613, 43.445018]]]}, "properties": {"i": 167, "h3": "882d561289fffff", "lon": 39.87296, "lat": 43.44075, "water_km2": 0.722, "dist_coast_km": 3.3, "persistence": 0.0, "mean_cover": 0.0, "max_cover": 0.0, "trend_cover": 0.0, "hot": 0.0, "n_obs": 22}}, {"type": "Feature", "id": 168, "geometry": {"type": "Polygon", "coordinates": [[[39.879402, 43.448776], [39.87618, 43.444761], [39.879526, 43.440489], [39.886093, 43.440232], [39.889315, 43.444246], [39.88597, 43.448518], [39.879402, 43.448776]]]}, "properties": {"i": 168, "h3": "882d56128bfffff", "lon": 39.88275, "lat": 43.4445, "water_km2": 0.75, "dist_coast_km": 2.3, "persistence": 0.045, "mean_cover": 0.499, "max_cover": 10.98, "trend_cover": 0.1465, "hot": 0.0184, "n_obs": 22}}, {"type": "Feature", "id": 169, "geometry": {"type": "Polygon", "coordinates": [[[39.869738, 43.436731], [39.866517, 43.432715], [39.869863, 43.428443], [39.876429, 43.428187], [39.87965, 43.432202], [39.876305, 43.436474], [39.869738, 43.436731]]]}, "properties": {"i": 169, "h3": "882d56128dfffff", "lon": 39.87308, "lat": 43.43246, "water_km2": 0.745, "dist_coast_km": 4.0, "persistence": 0.0, "mean_cover": 0.0, "max_cover": 0.0, "trend_cover": 0.0, "hot": 0.0, "n_obs": 22}}, {"type": "Feature", "id": 170, "geometry": {"type": "Polygon", "coordinates": [[[39.898982, 43.456288], [39.895759, 43.452274], [39.899104, 43.448002], [39.90567, 43.447744], [39.908893, 43.451757], [39.905549, 43.456029], [39.898982, 43.456288]]]}, "properties": {"i": 170, "h3": "882d561291fffff", "lon": 39.90233, "lat": 43.45202, "water_km2": 0.161, "dist_coast_km": 0.0, "persistence": 0.0, "mean_cover": 0.0, "max_cover": 0.0, "trend_cover": 0.0, "hot": 0.0, "n_obs": 22}}, {"type": "Feature", "id": 171, "geometry": {"type": "Polygon", "coordinates": [[[39.899104, 43.448002], [39.895882, 43.443988], [39.899226, 43.439716], [39.905792, 43.439458], [39.909014, 43.443471], [39.90567, 43.447744], [39.899104, 43.448002]]]}, "properties": {"i": 171, "h3": "882d561295fffff", "lon": 39.90245, "lat": 43.44373, "water_km2": 0.399, "dist_coast_km": 1.3, "persistence": 0.0, "mean_cover": 0.0, "max_cover": 0.0, "trend_cover": 0.0, "hot": 0.0, "n_obs": 22}}, {"type": "Feature", "id": 172, "geometry": {"type": "Polygon", "coordinates": [[[39.889069, 43.460818], [39.885846, 43.456804], [39.889192, 43.452532], [39.895759, 43.452274], [39.898982, 43.456288], [39.895637, 43.46056], [39.889069, 43.460818]]]}, "properties": {"i": 172, "h3": "882d561299fffff", "lon": 39.89241, "lat": 43.45655, "water_km2": 0.739, "dist_coast_km": 1.3, "persistence": 0.0, "mean_cover": 0.0, "max_cover": 0.0, "trend_cover": 0.0, "hot": 0.0, "n_obs": 22}}, {"type": "Feature", "id": 173, "geometry": {"type": "Polygon", "coordinates": [[[39.89886, 43.464573], [39.895637, 43.46056], [39.898982, 43.456288], [39.905549, 43.456029], [39.908772, 43.460042], [39.905427, 43.464314], [39.89886, 43.464573]]]}, "properties": {"i": 173, "h3": "882d56129bfffff", "lon": 39.9022, "lat": 43.4603, "water_km2": 0.014, "dist_coast_km": 0.0, "persistence": 0.0, "mean_cover": 0.0, "max_cover": 0.0, "trend_cover": 0.0, "hot": 0.0, "n_obs": 22}}, {"type": "Feature", "id": 174, "geometry": {"type": "Polygon", "coordinates": [[[39.889192, 43.452532], [39.88597, 43.448518], [39.889315, 43.444246], [39.895882, 43.443988], [39.899104, 43.448002], [39.895759, 43.452274], [39.889192, 43.452532]]]}, "properties": {"i": 174, "h3": "882d56129dfffff", "lon": 39.89254, "lat": 43.44826, "water_km2": 0.722, "dist_coast_km": 2.3, "persistence": 0.0, "mean_cover": 0.0, "max_cover": 0.0, "trend_cover": 0.0, "hot": 0.0, "n_obs": 22}}, {"type": "Feature", "id": 175, "geometry": {"type": "Polygon", "coordinates": [[[39.889684, 43.419385], [39.886463, 43.415369], [39.889807, 43.411096], [39.896371, 43.410839], [39.899592, 43.414854], [39.896249, 43.419127], [39.889684, 43.419385]]]}, "properties": {"i": 175, "h3": "882d5612a1fffff", "lon": 39.89303, "lat": 43.41511, "water_km2": 0.742, "dist_coast_km": 3.3, "persistence": 0.045, "mean_cover": 1.512, "max_cover": 33.274, "trend_cover": -0.1047, "hot": 0.0419, "n_obs": 22}}, {"type": "Feature", "id": 176, "geometry": {"type": "Polygon", "coordinates": [[[39.89947, 43.423142], [39.896249, 43.419127], [39.899592, 43.414854], [39.906156, 43.414596], [39.909377, 43.418611], [39.906034, 43.422884], [39.89947, 43.423142]]]}, "properties": {"i": 176, "h3": "882d5612a3fffff", "lon": 39.90281, "lat": 43.41887, "water_km2": 0.722, "dist_coast_km": 1.3, "persistence": 0.227, "mean_cover": 6.809, "max_cover": 49.393, "trend_cover": -0.6508, "hot": 0.4671, "n_obs": 22}}, {"type": "Feature", "id": 177, "geometry": {"type": "Polygon", "coordinates": [[[39.889807, 43.411096], [39.886586, 43.40708], [39.88993, 43.402807], [39.896493, 43.40255], [39.899714, 43.406566], [39.896371, 43.410839], [39.889807, 43.411096]]]}, "properties": {"i": 177, "h3": "882d5612a5fffff", "lon": 39.89315, "lat": 43.40682, "water_km2": 0.725, "dist_coast_km": 3.3, "persistence": 0.0, "mean_cover": 0.0, "max_cover": 0.0, "trend_cover": 0.0, "hot": 0.0, "n_obs": 22}}, {"type": "Feature", "id": 178, "geometry": {"type": "Polygon", "coordinates": [[[39.899592, 43.414854], [39.896371, 43.410839], [39.899714, 43.406566], [39.906277, 43.406308], [39.909498, 43.410323], [39.906156, 43.414596], [39.899592, 43.414854]]]}, "properties": {"i": 178, "h3": "882d5612a7fffff", "lon": 39.90293, "lat": 43.41058, "water_km2": 0.748, "dist_coast_km": 2.3, "persistence": 0.0, "mean_cover": 0.0, "max_cover": 0.0, "trend_cover": 0.0, "hot": 0.0, "n_obs": 22}}, {"type": "Feature", "id": 179, "geometry": {"type": "Polygon", "coordinates": [[[39.879774, 43.423914], [39.876553, 43.419898], [39.879898, 43.415626], [39.886463, 43.415369], [39.889684, 43.419385], [39.88634, 43.423657], [39.879774, 43.423914]]]}, "properties": {"i": 179, "h3": "882d5612a9fffff", "lon": 39.88312, "lat": 43.41964, "water_km2": 0.738, "dist_coast_km": 2.7, "persistence": 0.091, "mean_cover": 0.725, "max_cover": 9.04, "trend_cover": -0.0042, "hot": 0.0496, "n_obs": 22}}, {"type": "Feature", "id": 180, "geometry": {"type": "Polygon", "coordinates": [[[39.889561, 43.427672], [39.88634, 43.423657], [39.889684, 43.419385], [39.896249, 43.419127], [39.89947, 43.423142], [39.896126, 43.427415], [39.889561, 43.427672]]]}, "properties": {"i": 180, "h3": "882d5612abfffff", "lon": 39.8929, "lat": 43.4234, "water_km2": 0.73, "dist_coast_km": 2.7, "persistence": 0.136, "mean_cover": 3.37, "max_cover": 39.216, "trend_cover": 0.914, "hot": 0.2011, "n_obs": 22}}, {"type": "Feature", "id": 181, "geometry": {"type": "Polygon", "coordinates": [[[39.879898, 43.415626], [39.876678, 43.41161], [39.880022, 43.407337], [39.886586, 43.40708], [39.889807, 43.411096], [39.886463, 43.415369], [39.879898, 43.415626]]]}, "properties": {"i": 181, "h3": "882d5612adfffff", "lon": 39.88324, "lat": 43.41135, "water_km2": 0.72, "dist_coast_km": 3.3, "persistence": 0.0, "mean_cover": 0.0, "max_cover": 0.0, "trend_cover": 0.0, "hot": 0.0, "n_obs": 22}}, {"type": "Feature", "id": 182, "geometry": {"type": "Polygon", "coordinates": [[[39.909135, 43.435185], [39.905913, 43.431171], [39.909256, 43.426898], [39.91582, 43.42664], [39.919042, 43.430654], [39.9157, 43.434926], [39.909135, 43.435185]]]}, "properties": {"i": 182, "h3": "882d5612b1fffff", "lon": 39.91248, "lat": 43.43091, "water_km2": 0.197, "dist_coast_km": 1.3, "persistence": 0.0, "mean_cover": 0.0, "max_cover": 0.0, "trend_cover": 0.0, "hot": 0.0, "n_obs": 22}}, {"type": "Feature", "id": 183, "geometry": {"type": "Polygon", "coordinates": [[[39.909256, 43.426898], [39.906034, 43.422884], [39.909377, 43.418611], [39.915941, 43.418353], [39.919162, 43.422367], [39.91582, 43.42664], [39.909256, 43.426898]]]}, "properties": {"i": 183, "h3": "882d5612b5fffff", "lon": 39.9126, "lat": 43.42263, "water_km2": 0.613, "dist_coast_km": 1.3, "persistence": 0.0, "mean_cover": 0.0, "max_cover": 0.0, "trend_cover": 0.0, "hot": 0.0, "n_obs": 22}}, {"type": "Feature", "id": 184, "geometry": {"type": "Polygon", "coordinates": [[[39.899226, 43.439716], [39.896004, 43.435702], [39.899348, 43.431429], [39.905913, 43.431171], [39.909135, 43.435185], [39.905792, 43.439458], [39.899226, 43.439716]]]}, "properties": {"i": 184, "h3": "882d5612b9fffff", "lon": 39.90257, "lat": 43.43544, "water_km2": 0.693, "dist_coast_km": 1.3, "persistence": 0.409, "mean_cover": 11.369, "max_cover": 57.712, "trend_cover": 0.1867, "hot": 1.0289, "n_obs": 22}}, {"type": "Feature", "id": 185, "geometry": {"type": "Polygon", "coordinates": [[[39.899348, 43.431429], [39.896126, 43.427415], [39.89947, 43.423142], [39.906034, 43.422884], [39.909256, 43.426898], [39.905913, 43.431171], [39.899348, 43.431429]]]}, "properties": {"i": 185, "h3": "882d5612bdfffff", "lon": 39.90269, "lat": 43.42716, "water_km2": 0.738, "dist_coast_km": 1.3, "persistence": 0.091, "mean_cover": 1.982, "max_cover": 28.714, "trend_cover": -0.3056, "hot": 0.0993, "n_obs": 22}}, {"type": "Feature", "id": 186, "geometry": {"type": "Polygon", "coordinates": [[[39.849907, 43.445786], [39.846687, 43.44177], [39.850034, 43.437499], [39.856603, 43.437243], [39.859823, 43.441259], [39.856476, 43.445531], [39.849907, 43.445786]]]}, "properties": {"i": 186, "h3": "882d5612c1fffff", "lon": 39.85326, "lat": 43.44151, "water_km2": 0.745, "dist_coast_km": 4.4, "persistence": 0.0, "mean_cover": 0.0, "max_cover": 0.0, "trend_cover": 0.0, "hot": 0.0, "n_obs": 22}}, {"type": "Feature", "id": 187, "geometry": {"type": "Polygon", "coordinates": [[[39.859697, 43.449546], [39.856476, 43.445531], [39.859823, 43.441259], [39.866391, 43.441003], [39.869613, 43.445018], [39.866266, 43.44929], [39.859697, 43.449546]]]}, "properties": {"i": 187, "h3": "882d5612c3fffff", "lon": 39.86304, "lat": 43.44527, "water_km2": 0.725, "dist_coast_km": 3.3, "persistence": 0.045, "mean_cover": 0.197, "max_cover": 4.327, "trend_cover": -0.0716, "hot": 0.0082, "n_obs": 22}}, {"type": "Feature", "id": 188, "geometry": {"type": "Polygon", "coordinates": [[[39.850034, 43.437499], [39.846814, 43.433482], [39.850162, 43.429211], [39.856729, 43.428955], [39.859949, 43.432971], [39.856603, 43.437243], [39.850034, 43.437499]]]}, "properties": {"i": 188, "h3": "882d5612c5fffff", "lon": 39.85338, "lat": 43.43323, "water_km2": 0.725, "dist_coast_km": 5.4, "persistence": 0.0, "mean_cover": 0.0, "max_cover": 0.0, "trend_cover": 0.0, "hot": 0.0, "n_obs": 22}}, {"type": "Feature", "id": 189, "geometry": {"type": "Polygon", "coordinates": [[[39.859823, 43.441259], [39.856603, 43.437243], [39.859949, 43.432971], [39.866517, 43.432715], [39.869738, 43.436731], [39.866391, 43.441003], [39.859823, 43.441259]]]}, "properties": {"i": 189, "h3": "882d5612c7fffff", "lon": 39.86317, "lat": 43.43699, "water_km2": 0.742, "dist_coast_km": 3.3, "persistence": 0.136, "mean_cover": 4.489, "max_cover": 66.548, "trend_cover": 0.9006, "hot": 0.2322, "n_obs": 22}}, {"type": "Feature", "id": 190, "geometry": {"type": "Polygon", "coordinates": [[[39.83999, 43.450313], [39.836769, 43.446297], [39.840118, 43.442025], [39.846687, 43.44177], [39.849907, 43.445786], [39.846559, 43.450058], [39.83999, 43.450313]]]}, "properties": {"i": 190, "h3": "882d5612c9fffff", "lon": 39.84334, "lat": 43.44604, "water_km2": 0.738, "dist_coast_km": 5.7, "persistence": 0.045, "mean_cover": 0.169, "max_cover": 3.722, "trend_cover": -0.0115, "hot": 0.0071, "n_obs": 22}}, {"type": "Feature", "id": 191, "geometry": {"type": "Polygon", "coordinates": [[[39.84978, 43.454073], [39.846559, 43.450058], [39.849907, 43.445786], [39.856476, 43.445531], [39.859697, 43.449546], [39.85635, 43.453817], [39.84978, 43.454073]]]}, "properties": {"i": 191, "h3": "882d5612cbfffff", "lon": 39.85313, "lat": 43.4498, "water_km2": 0.728, "dist_coast_km": 4.4, "persistence": 0.0, "mean_cover": 0.0, "max_cover": 0.0, "trend_cover": 0.0, "hot": 0.0, "n_obs": 22}}, {"type": "Feature", "id": 192, "geometry": {"type": "Polygon", "coordinates": [[[39.840118, 43.442025], [39.836897, 43.438009], [39.840246, 43.433737], [39.846814, 43.433482], [39.850034, 43.437499], [39.846687, 43.44177], [39.840118, 43.442025]]]}, "properties": {"i": 192, "h3": "882d5612cdfffff", "lon": 39.84347, "lat": 43.43775, "water_km2": 0.722, "dist_coast_km": 5.7, "persistence": 0.045, "mean_cover": 0.247, "max_cover": 5.428, "trend_cover": -0.0898, "hot": 0.01, "n_obs": 22}}, {"type": "Feature", "id": 193, "geometry": {"type": "Polygon", "coordinates": [[[39.869362, 43.46159], [39.866141, 43.457576], [39.869488, 43.453305], [39.876056, 43.453048], [39.879278, 43.457062], [39.875932, 43.461333], [39.869362, 43.46159]]]}, "properties": {"i": 193, "h3": "882d5612d1fffff", "lon": 39.87271, "lat": 43.45732, "water_km2": 0.73, "dist_coast_km": 2.7, "persistence": 0.045, "mean_cover": 0.684, "max_cover": 15.042, "trend_cover": 0.198, "hot": 0.0237, "n_obs": 22}}, {"type": "Feature", "id": 194, "geometry": {"type": "Polygon", "coordinates": [[[39.879154, 43.465347], [39.875932, 43.461333], [39.879278, 43.457062], [39.885846, 43.456804], [39.889069, 43.460818], [39.885723, 43.465089], [39.879154, 43.465347]]]}, "properties": {"i": 194, "h3": "882d5612d3fffff", "lon": 39.8825, "lat": 43.46108, "water_km2": 0.74, "dist_coast_km": 1.3, "persistence": 0.0, "mean_cover": 0.0, "max_cover": 0.0, "trend_cover": 0.0, "hot": 0.0, "n_obs": 22}}, {"type": "Feature", "id": 195, "geometry": {"type": "Polygon", "coordinates": [[[39.869488, 43.453305], [39.866266, 43.44929], [39.869613, 43.445018], [39.87618, 43.444761], [39.879402, 43.448776], [39.876056, 43.453048], [39.869488, 43.453305]]]}, "properties": {"i": 195, "h3": "882d5612d5fffff", "lon": 39.87283, "lat": 43.44903, "water_km2": 0.742, "dist_coast_km": 3.3, "persistence": 0.0, "mean_cover": 0.0, "max_cover": 0.0, "trend_cover": 0.0, "hot": 0.0, "n_obs": 22}}, {"type": "Feature", "id": 196, "geometry": {"type": "Polygon", "coordinates": [[[39.879278, 43.457062], [39.876056, 43.453048], [39.879402, 43.448776], [39.88597, 43.448518], [39.889192, 43.452532], [39.885846, 43.456804], [39.879278, 43.457062]]]}, "properties": {"i": 196, "h3": "882d5612d7fffff", "lon": 39.88262, "lat": 43.45279, "water_km2": 0.722, "dist_coast_km": 1.3, "persistence": 0.045, "mean_cover": 1.308, "max_cover": 28.767, "trend_cover": -0.253, "hot": 0.038, "n_obs": 22}}, {"type": "Feature", "id": 197, "geometry": {"type": "Polygon", "coordinates": [[[39.859445, 43.466118], [39.856223, 43.462104], [39.859571, 43.457833], [39.866141, 43.457576], [39.869362, 43.46159], [39.866015, 43.465862], [39.859445, 43.466118]]]}, "properties": {"i": 197, "h3": "882d5612d9fffff", "lon": 39.86279, "lat": 43.46185, "water_km2": 0.738, "dist_coast_km": 4.0, "persistence": 0.045, "mean_cover": 2.127, "max_cover": 46.793, "trend_cover": -0.4034, "hot": 0.0518, "n_obs": 22}}, {"type": "Feature", "id": 198, "geometry": {"type": "Polygon", "coordinates": [[[39.869237, 43.469876], [39.866015, 43.465862], [39.869362, 43.46159], [39.875932, 43.461333], [39.879154, 43.465347], [39.875807, 43.469618], [39.869237, 43.469876]]]}, "properties": {"i": 198, "h3": "882d5612dbfffff", "lon": 39.87258, "lat": 43.4656, "water_km2": 0.728, "dist_coast_km": 2.7, "persistence": 0.045, "mean_cover": 0.515, "max_cover": 11.32, "trend_cover": 0.151, "hot": 0.0189, "n_obs": 22}}, {"type": "Feature", "id": 199, "geometry": {"type": "Polygon", "coordinates": [[[39.859571, 43.457833], [39.85635, 43.453817], [39.859697, 43.449546], [39.866266, 43.44929], [39.869488, 43.453305], [39.866141, 43.457576], [39.859571, 43.457833]]]}, "properties": {"i": 199, "h3": "882d5612ddfffff", "lon": 39.86292, "lat": 43.45356, "water_km2": 0.732, "dist_coast_km": 2.7, "persistence": 0.0, "mean_cover": 0.0, "max_cover": 0.0, "trend_cover": 0.0, "hot": 0.0, "n_obs": 22}}, {"type": "Feature", "id": 200, "geometry": {"type": "Polygon", "coordinates": [[[39.860076, 43.424683], [39.856855, 43.420666], [39.860202, 43.416394], [39.866767, 43.416138], [39.869988, 43.420155], [39.866642, 43.424427], [39.860076, 43.424683]]]}, "properties": {"i": 200, "h3": "882d5612e1fffff", "lon": 39.86342, "lat": 43.42041, "water_km2": 0.738, "dist_coast_km": 4.0, "persistence": 0.0, "mean_cover": 0.0, "max_cover": 0.0, "trend_cover": 0.0, "hot": 0.0, "n_obs": 22}}, {"type": "Feature", "id": 201, "geometry": {"type": "Polygon", "coordinates": [[[39.869863, 43.428443], [39.866642, 43.424427], [39.869988, 43.420155], [39.876553, 43.419898], [39.879774, 43.423914], [39.876429, 43.428187], [39.869863, 43.428443]]]}, "properties": {"i": 201, "h3": "882d5612e3fffff", "lon": 39.87321, "lat": 43.42417, "water_km2": 0.73, "dist_coast_km": 4.0, "persistence": 0.0, "mean_cover": 0.0, "max_cover": 0.0, "trend_cover": 0.0, "hot": 0.0, "n_obs": 22}}, {"type": "Feature", "id": 202, "geometry": {"type": "Polygon", "coordinates": [[[39.860202, 43.416394], [39.856982, 43.412377], [39.860327, 43.408105], [39.866893, 43.407849], [39.870113, 43.411866], [39.866767, 43.416138], [39.860202, 43.416394]]]}, "properties": {"i": 202, "h3": "882d5612e5fffff", "lon": 39.86355, "lat": 43.41212, "water_km2": 0.732, "dist_coast_km": 4.4, "persistence": 0.0, "mean_cover": 0.0, "max_cover": 0.0, "trend_cover": 0.0, "hot": 0.0, "n_obs": 22}}, {"type": "Feature", "id": 203, "geometry": {"type": "Polygon", "coordinates": [[[39.869988, 43.420155], [39.866767, 43.416138], [39.870113, 43.411866], [39.876678, 43.41161], [39.879898, 43.415626], [39.876553, 43.419898], [39.869988, 43.420155]]]}, "properties": {"i": 203, "h3": "882d5612e7fffff", "lon": 39.87333, "lat": 43.41588, "water_km2": 0.732, "dist_coast_km": 4.4, "persistence": 0.0, "mean_cover": 0.0, "max_cover": 0.0, "trend_cover": 0.0, "hot": 0.0, "n_obs": 22}}, {"type": "Feature", "id": 204, "geometry": {"type": "Polygon", "coordinates": [[[39.850162, 43.429211], [39.846941, 43.425194], [39.850289, 43.420922], [39.856855, 43.420666], [39.860076, 43.424683], [39.856729, 43.428955], [39.850162, 43.429211]]]}, "properties": {"i": 204, "h3": "882d5612e9fffff", "lon": 39.85351, "lat": 43.42494, "water_km2": 0.738, "dist_coast_km": 5.4, "persistence": 0.0, "mean_cover": 0.0, "max_cover": 0.0, "trend_cover": 0.0, "hot": 0.0, "n_obs": 22}}, {"type": "Feature", "id": 205, "geometry": {"type": "Polygon", "coordinates": [[[39.859949, 43.432971], [39.856729, 43.428955], [39.860076, 43.424683], [39.866642, 43.424427], [39.869863, 43.428443], [39.866517, 43.432715], [39.859949, 43.432971]]]}, "properties": {"i": 205, "h3": "882d5612ebfffff", "lon": 39.8633, "lat": 43.4287, "water_km2": 0.725, "dist_coast_km": 4.0, "persistence": 0.0, "mean_cover": 0.0, "max_cover": 0.0, "trend_cover": 0.0, "hot": 0.0, "n_obs": 22}}, {"type": "Feature", "id": 206, "geometry": {"type": "Polygon", "coordinates": [[[39.850289, 43.420922], [39.847069, 43.416905], [39.850415, 43.412632], [39.856982, 43.412377], [39.860202, 43.416394], [39.856855, 43.420666], [39.850289, 43.420922]]]}, "properties": {"i": 206, "h3": "882d5612edfffff", "lon": 39.85364, "lat": 43.41665, "water_km2": 0.73, "dist_coast_km": 5.4, "persistence": 0.0, "mean_cover": 0.0, "max_cover": 0.0, "trend_cover": 0.0, "hot": 0.0, "n_obs": 22}}, {"type": "Feature", "id": 207, "geometry": {"type": "Polygon", "coordinates": [[[39.821708, 43.359875], [39.818491, 43.355854], [39.821838, 43.351581], [39.8284, 43.351328], [39.831617, 43.355349], [39.828271, 43.359623], [39.821708, 43.359875]]]}, "properties": {"i": 207, "h3": "882d561303fffff", "lon": 39.82505, "lat": 43.3556, "water_km2": 0.069, "dist_coast_km": 11.0, "persistence": 0.0, "mean_cover": 0.0, "max_cover": 0.0, "trend_cover": 0.0, "hot": 0.0, "n_obs": 22}}, {"type": "Feature", "id": 208, "geometry": {"type": "Polygon", "coordinates": [[[39.802016, 43.36063], [39.7988, 43.356608], [39.802148, 43.352335], [39.808712, 43.352084], [39.811928, 43.356106], [39.80858, 43.360379], [39.802016, 43.36063]]]}, "properties": {"i": 208, "h3": "882d561309fffff", "lon": 39.80536, "lat": 43.35636, "water_km2": 0.132, "dist_coast_km": 12.0, "persistence": 0.0, "mean_cover": 0.0, "max_cover": 0.0, "trend_cover": 0.0, "hot": 0.0, "n_obs": 22}}, {"type": "Feature", "id": 209, "geometry": {"type": "Polygon", "coordinates": [[[39.811797, 43.3644], [39.80858, 43.360379], [39.811928, 43.356106], [39.818491, 43.355854], [39.821708, 43.359875], [39.818361, 43.364148], [39.811797, 43.3644]]]}, "properties": {"i": 209, "h3": "882d56130bfffff", "lon": 39.81514, "lat": 43.36013, "water_km2": 0.517, "dist_coast_km": 11.0, "persistence": 0.0, "mean_cover": 0.0, "max_cover": 0.0, "trend_cover": 0.0, "hot": 0.0, "n_obs": 22}}, {"type": "Feature", "id": 210, "geometry": {"type": "Polygon", "coordinates": [[[39.83136, 43.371937], [39.828142, 43.367917], [39.831488, 43.363643], [39.838052, 43.36339], [39.841269, 43.36741], [39.837923, 43.371684], [39.83136, 43.371937]]]}, "properties": {"i": 210, "h3": "882d561311fffff", "lon": 39.83471, "lat": 43.36766, "water_km2": 0.722, "dist_coast_km": 8.7, "persistence": 0.045, "mean_cover": 2.245, "max_cover": 49.393, "trend_cover": 0.2561, "hot": 0.0535, "n_obs": 22}}, {"type": "Feature", "id": 211, "geometry": {"type": "Polygon", "coordinates": [[[39.841141, 43.375703], [39.837923, 43.371684], [39.841269, 43.36741], [39.847832, 43.367157], [39.85105, 43.371176], [39.847705, 43.37545], [39.841141, 43.375703]]]}, "properties": {"i": 211, "h3": "882d561313fffff", "lon": 39.84449, "lat": 43.37143, "water_km2": 0.742, "dist_coast_km": 8.7, "persistence": 0.0, "mean_cover": 0.0, "max_cover": 0.0, "trend_cover": 0.0, "hot": 0.0, "n_obs": 22}}, {"type": "Feature", "id": 212, "geometry": {"type": "Polygon", "coordinates": [[[39.831488, 43.363643], [39.828271, 43.359623], [39.831617, 43.355349], [39.83818, 43.355096], [39.841397, 43.359117], [39.838052, 43.36339], [39.831488, 43.363643]]]}, "properties": {"i": 212, "h3": "882d561315fffff", "lon": 39.83483, "lat": 43.35937, "water_km2": 0.464, "dist_coast_km": 10.0, "persistence": 0.0, "mean_cover": 0.0, "max_cover": 0.0, "trend_cover": 0.0, "hot": 0.0, "n_obs": 22}}, {"type": "Feature", "id": 213, "geometry": {"type": "Polygon", "coordinates": [[[39.841269, 43.36741], [39.838052, 43.36339], [39.841397, 43.359117], [39.847959, 43.358863], [39.851177, 43.362883], [39.847832, 43.367157], [39.841269, 43.36741]]]}, "properties": {"i": 213, "h3": "882d561317fffff", "lon": 39.84461, "lat": 43.36314, "water_km2": 0.73, "dist_coast_km": 10.0, "persistence": 0.045, "mean_cover": 0.269, "max_cover": 5.909, "trend_cover": 0.0306, "hot": 0.0108, "n_obs": 22}}, {"type": "Feature", "id": 214, "geometry": {"type": "Polygon", "coordinates": [[[39.821448, 43.376463], [39.818231, 43.372442], [39.821578, 43.368169], [39.828142, 43.367917], [39.83136, 43.371937], [39.828013, 43.37621], [39.821448, 43.376463]]]}, "properties": {"i": 214, "h3": "882d561319fffff", "lon": 39.8248, "lat": 43.37219, "water_km2": 0.725, "dist_coast_km": 9.8, "persistence": 0.0, "mean_cover": 0.0, "max_cover": 0.0, "trend_cover": 0.0, "hot": 0.0, "n_obs": 22}}, {"type": "Feature", "id": 215, "geometry": {"type": "Polygon", "coordinates": [[[39.831231, 43.38023], [39.828013, 43.37621], [39.83136, 43.371937], [39.837923, 43.371684], [39.841141, 43.375703], [39.837795, 43.379976], [39.831231, 43.38023]]]}, "properties": {"i": 215, "h3": "882d56131bfffff", "lon": 39.83458, "lat": 43.37596, "water_km2": 0.75, "dist_coast_km": 8.7, "persistence": 0.0, "mean_cover": 0.0, "max_cover": 0.0, "trend_cover": 0.0, "hot": 0.0, "n_obs": 22}}, {"type": "Feature", "id": 216, "geometry": {"type": "Polygon", "coordinates": [[[39.821578, 43.368169], [39.818361, 43.364148], [39.821708, 43.359875], [39.828271, 43.359623], [39.831488, 43.363643], [39.828142, 43.367917], [39.821578, 43.368169]]]}, "properties": {"i": 216, "h3": "882d56131dfffff", "lon": 39.82493, "lat": 43.3639, "water_km2": 0.748, "dist_coast_km": 11.0, "persistence": 0.0, "mean_cover": 0.0, "max_cover": 0.0, "trend_cover": 0.0, "hot": 0.0, "n_obs": 22}}, {"type": "Feature", "id": 217, "geometry": {"type": "Polygon", "coordinates": [[[39.841397, 43.359117], [39.83818, 43.355096], [39.841525, 43.350823], [39.848086, 43.350569], [39.851304, 43.35459], [39.847959, 43.358863], [39.841397, 43.359117]]]}, "properties": {"i": 217, "h3": "882d56133bfffff", "lon": 39.84474, "lat": 43.35484, "water_km2": 0.034, "dist_coast_km": 10.0, "persistence": 0.0, "mean_cover": 0.0, "max_cover": 0.0, "trend_cover": 0.0, "hot": 0.0, "n_obs": 22}}, {"type": "Feature", "id": 218, "geometry": {"type": "Polygon", "coordinates": [[[39.782321, 43.361382], [39.779106, 43.357359], [39.782455, 43.353086], [39.78902, 43.352836], [39.792236, 43.356859], [39.788887, 43.361132], [39.782321, 43.361382]]]}, "properties": {"i": 218, "h3": "882d561341fffff", "lon": 39.78567, "lat": 43.35711, "water_km2": 0.179, "dist_coast_km": 13.1, "persistence": 0.0, "mean_cover": 0.0, "max_cover": 0.0, "trend_cover": 0.0, "hot": 0.0, "n_obs": 22}}, {"type": "Feature", "id": 219, "geometry": {"type": "Polygon", "coordinates": [[[39.792103, 43.365154], [39.788887, 43.361132], [39.792236, 43.356859], [39.7988, 43.356608], [39.802016, 43.36063], [39.798668, 43.364903], [39.792103, 43.365154]]]}, "properties": {"i": 219, "h3": "882d561343fffff", "lon": 39.79545, "lat": 43.36088, "water_km2": 0.583, "dist_coast_km": 13.1, "persistence": 0.0, "mean_cover": 0.0, "max_cover": 0.0, "trend_cover": 0.0, "hot": 0.0, "n_obs": 22}}, {"type": "Feature", "id": 220, "geometry": {"type": "Polygon", "coordinates": [[[39.772405, 43.365904], [39.76919, 43.361881], [39.77254, 43.357609], [39.779106, 43.357359], [39.782321, 43.361382], [39.778971, 43.365655], [39.772405, 43.365904]]]}, "properties": {"i": 220, "h3": "882d561349fffff", "lon": 39.77576, "lat": 43.36163, "water_km2": 0.635, "dist_coast_km": 14.2, "persistence": 0.0, "mean_cover": 0.0, "max_cover": 0.0, "trend_cover": 0.0, "hot": 0.0, "n_obs": 22}}, {"type": "Feature", "id": 221, "geometry": {"type": "Polygon", "coordinates": [[[39.782188, 43.369677], [39.778971, 43.365655], [39.782321, 43.361382], [39.788887, 43.361132], [39.792103, 43.365154], [39.788753, 43.369427], [39.782188, 43.369677]]]}, "properties": {"i": 221, "h3": "882d56134bfffff", "lon": 39.78554, "lat": 43.3654, "water_km2": 0.735, "dist_coast_km": 13.1, "persistence": 0.0, "mean_cover": 0.0, "max_cover": 0.0, "trend_cover": 0.0, "hot": 0.0, "n_obs": 22}}, {"type": "Feature", "id": 222, "geometry": {"type": "Polygon", "coordinates": [[[39.801753, 43.377219], [39.798536, 43.373197], [39.801884, 43.368925], [39.808449, 43.368673], [39.811666, 43.372694], [39.808318, 43.376967], [39.801753, 43.377219]]]}, "properties": {"i": 222, "h3": "882d561351fffff", "lon": 39.8051, "lat": 43.37295, "water_km2": 0.74, "dist_coast_km": 10.9, "persistence": 0.0, "mean_cover": 0.0, "max_cover": 0.0, "trend_cover": 0.0, "hot": 0.0, "n_obs": 22}}, {"type": "Feature", "id": 223, "geometry": {"type": "Polygon", "coordinates": [[[39.811535, 43.380988], [39.808318, 43.376967], [39.811666, 43.372694], [39.818231, 43.372442], [39.821448, 43.376463], [39.818101, 43.380735], [39.811535, 43.380988]]]}, "properties": {"i": 223, "h3": "882d561353fffff", "lon": 39.81488, "lat": 43.37672, "water_km2": 0.73, "dist_coast_km": 9.8, "persistence": 0.0, "mean_cover": 0.0, "max_cover": 0.0, "trend_cover": 0.0, "hot": 0.0, "n_obs": 22}}, {"type": "Feature", "id": 224, "geometry": {"type": "Polygon", "coordinates": [[[39.801884, 43.368925], [39.798668, 43.364903], [39.802016, 43.36063], [39.80858, 43.360379], [39.811797, 43.3644], [39.808449, 43.368673], [39.801884, 43.368925]]]}, "properties": {"i": 224, "h3": "882d561355fffff", "lon": 39.80523, "lat": 43.36465, "water_km2": 0.73, "dist_coast_km": 12.0, "persistence": 0.0, "mean_cover": 0.0, "max_cover": 0.0, "trend_cover": 0.0, "hot": 0.0, "n_obs": 22}}, {"type": "Feature", "id": 225, "geometry": {"type": "Polygon", "coordinates": [[[39.811666, 43.372694], [39.808449, 43.368673], [39.811797, 43.3644], [39.818361, 43.364148], [39.821578, 43.368169], [39.818231, 43.372442], [39.811666, 43.372694]]]}, "properties": {"i": 225, "h3": "882d561357fffff", "lon": 39.81501, "lat": 43.36842, "water_km2": 0.74, "dist_coast_km": 9.8, "persistence": 0.0, "mean_cover": 0.0, "max_cover": 0.0, "trend_cover": 0.0, "hot": 0.0, "n_obs": 22}}, {"type": "Feature", "id": 226, "geometry": {"type": "Polygon", "coordinates": [[[39.791837, 43.381742], [39.78862, 43.377721], [39.79197, 43.373448], [39.798536, 43.373197], [39.801753, 43.377219], [39.798404, 43.381491], [39.791837, 43.381742]]]}, "properties": {"i": 226, "h3": "882d561359fffff", "lon": 39.79519, "lat": 43.37747, "water_km2": 0.732, "dist_coast_km": 12.1, "persistence": 0.0, "mean_cover": 0.0, "max_cover": 0.0, "trend_cover": 0.0, "hot": 0.0, "n_obs": 22}}, {"type": "Feature", "id": 227, "geometry": {"type": "Polygon", "coordinates": [[[39.801621, 43.385512], [39.798404, 43.381491], [39.801753, 43.377219], [39.808318, 43.376967], [39.811535, 43.380988], [39.808187, 43.38526], [39.801621, 43.385512]]]}, "properties": {"i": 227, "h3": "882d56135bfffff", "lon": 39.80497, "lat": 43.38124, "water_km2": 0.732, "dist_coast_km": 10.9, "persistence": 0.0, "mean_cover": 0.0, "max_cover": 0.0, "trend_cover": 0.0, "hot": 0.0, "n_obs": 22}}, {"type": "Feature", "id": 228, "geometry": {"type": "Polygon", "coordinates": [[[39.79197, 43.373448], [39.788753, 43.369427], [39.792103, 43.365154], [39.798668, 43.364903], [39.801884, 43.368925], [39.798536, 43.373197], [39.79197, 43.373448]]]}, "properties": {"i": 228, "h3": "882d56135dfffff", "lon": 39.79532, "lat": 43.36918, "water_km2": 0.732, "dist_coast_km": 12.1, "persistence": 0.0, "mean_cover": 0.0, "max_cover": 0.0, "trend_cover": 0.0, "hot": 0.0, "n_obs": 22}}, {"type": "Feature", "id": 229, "geometry": {"type": "Polygon", "coordinates": [[[39.986988, 43.498312], [39.983761, 43.494304], [39.987101, 43.490032], [39.993666, 43.489767], [39.996893, 43.493775], [39.993554, 43.498047], [39.986988, 43.498312]]]}, "properties": {"i": 229, "h3": "882d561441fffff", "lon": 39.99033, "lat": 43.49404, "water_km2": 0.001, "dist_coast_km": 0.0, "persistence": 0.0, "mean_cover": 0.0, "max_cover": 0.0, "trend_cover": 0.0, "hot": 0.0, "n_obs": 21}}, {"type": "Feature", "id": 230, "geometry": {"type": "Polygon", "coordinates": [[[39.986874, 43.506591], [39.983647, 43.502584], [39.986988, 43.498312], [39.993554, 43.498047], [39.996781, 43.502054], [39.993441, 43.506326], [39.986874, 43.506591]]]}, "properties": {"i": 230, "h3": "882d56144bfffff", "lon": 39.99021, "lat": 43.50232, "water_km2": 0.02, "dist_coast_km": 0.0, "persistence": 0.0, "mean_cover": 0.0, "max_cover": 0.0, "trend_cover": 0.0, "hot": 0.0, "n_obs": 21}}, {"type": "Feature", "id": 231, "geometry": {"type": "Polygon", "coordinates": [[[39.986761, 43.51487], [39.983534, 43.510863], [39.986874, 43.506591], [39.993441, 43.506326], [39.996668, 43.510333], [39.993329, 43.514605], [39.986761, 43.51487]]]}, "properties": {"i": 231, "h3": "882d561637fffff", "lon": 39.9901, "lat": 43.5106, "water_km2": 0.001, "dist_coast_km": 0.0, "persistence": 0.0, "mean_cover": 0.0, "max_cover": 0.0, "trend_cover": 0.0, "hot": 0.0, "n_obs": 22}}, {"type": "Feature", "id": 232, "geometry": {"type": "Polygon", "coordinates": [[[40.00624, 43.530629], [40.003012, 43.526623], [40.006351, 43.522352], [40.012919, 43.522086], [40.016147, 43.526091], [40.012808, 43.530363], [40.00624, 43.530629]]]}, "properties": {"i": 232, "h3": "882d5616e7fffff", "lon": 40.00958, "lat": 43.52636, "water_km2": 0.0, "dist_coast_km": 0.0, "persistence": 0.0, "mean_cover": 0.0, "max_cover": 0.0, "trend_cover": 0.0, "hot": 0.0, "n_obs": 22}}, {"type": "Feature", "id": 233, "geometry": {"type": "Polygon", "coordinates": [[[39.948403, 43.441912], [39.94518, 43.4379], [39.94852, 43.433627], [39.955083, 43.433365], [39.958306, 43.437377], [39.954967, 43.44165], [39.948403, 43.441912]]]}, "properties": {"i": 233, "h3": "882d56172dfffff", "lon": 39.95174, "lat": 43.43764, "water_km2": 0.0, "dist_coast_km": 0.0, "persistence": 0.0, "mean_cover": 0.0, "max_cover": 0.0, "trend_cover": 0.0, "hot": 0.0, "n_obs": 21}}, {"type": "Feature", "id": 234, "geometry": {"type": "Polygon", "coordinates": [[[39.918322, 43.480362], [39.915098, 43.47635], [39.918442, 43.472079], [39.925009, 43.471819], [39.928233, 43.47583], [39.92489, 43.480102], [39.918322, 43.480362]]]}, "properties": {"i": 234, "h3": "882d56174bfffff", "lon": 39.92167, "lat": 43.47609, "water_km2": 0.007, "dist_coast_km": 0.0, "persistence": 0.0, "mean_cover": 0.0, "max_cover": 0.0, "trend_cover": 0.0, "hot": 0.0, "n_obs": 21}}, {"type": "Feature", "id": 235, "geometry": {"type": "Polygon", "coordinates": [[[39.601281, 43.567018], [39.598062, 43.562998], [39.601434, 43.558733], [39.608023, 43.558489], [39.611242, 43.562509], [39.607871, 43.566774], [39.601281, 43.567018]]]}, "properties": {"i": 235, "h3": "882d568001fffff", "lon": 39.60465, "lat": 43.56275, "water_km2": 0.728, "dist_coast_km": 10.1, "persistence": 0.0, "mean_cover": 0.0, "max_cover": 0.0, "trend_cover": 0.0, "hot": 0.0, "n_obs": 22}}, {"type": "Feature", "id": 236, "geometry": {"type": "Polygon", "coordinates": [[[39.611091, 43.570794], [39.607871, 43.566774], [39.611242, 43.562509], [39.617832, 43.562265], [39.621051, 43.566285], [39.617681, 43.57055], [39.611091, 43.570794]]]}, "properties": {"i": 236, "h3": "882d568003fffff", "lon": 39.61446, "lat": 43.56653, "water_km2": 0.738, "dist_coast_km": 8.9, "persistence": 0.0, "mean_cover": 0.0, "max_cover": 0.0, "trend_cover": 0.0, "hot": 0.0, "n_obs": 22}}, {"type": "Feature", "id": 237, "geometry": {"type": "Polygon", "coordinates": [[[39.601434, 43.558733], [39.598215, 43.554712], [39.601586, 43.550447], [39.608175, 43.550203], [39.611394, 43.554224], [39.608023, 43.558489], [39.601434, 43.558733]]]}, "properties": {"i": 237, "h3": "882d568005fffff", "lon": 39.6048, "lat": 43.55447, "water_km2": 0.735, "dist_coast_km": 10.1, "persistence": 0.0, "mean_cover": 0.0, "max_cover": 0.0, "trend_cover": 0.0, "hot": 0.0, "n_obs": 22}}, {"type": "Feature", "id": 238, "geometry": {"type": "Polygon", "coordinates": [[[39.611242, 43.562509], [39.608023, 43.558489], [39.611394, 43.554224], [39.617983, 43.553979], [39.621202, 43.558], [39.617832, 43.562265], [39.611242, 43.562509]]]}, "properties": {"i": 238, "h3": "882d568007fffff", "lon": 39.61461, "lat": 43.55824, "water_km2": 0.735, "dist_coast_km": 8.9, "persistence": 0.0, "mean_cover": 0.0, "max_cover": 0.0, "trend_cover": 0.0, "hot": 0.0, "n_obs": 22}}, {"type": "Feature", "id": 239, "geometry": {"type": "Polygon", "coordinates": [[[39.591318, 43.571527], [39.588099, 43.567506], [39.591472, 43.563241], [39.598062, 43.562998], [39.601281, 43.567018], [39.597909, 43.571283], [39.591318, 43.571527]]]}, "properties": {"i": 239, "h3": "882d568009fffff", "lon": 39.59469, "lat": 43.56726, "water_km2": 0.725, "dist_coast_km": 10.1, "persistence": 0.0, "mean_cover": 0.0, "max_cover": 0.0, "trend_cover": 0.0, "hot": 0.0, "n_obs": 22}}, {"type": "Feature", "id": 240, "geometry": {"type": "Polygon", "coordinates": [[[39.601129, 43.575303], [39.597909, 43.571283], [39.601281, 43.567018], [39.607871, 43.566774], [39.611091, 43.570794], [39.60772, 43.575059], [39.601129, 43.575303]]]}, "properties": {"i": 240, "h3": "882d56800bfffff", "lon": 39.6045, "lat": 43.57104, "water_km2": 0.748, "dist_coast_km": 9.6, "persistence": 0.0, "mean_cover": 0.0, "max_cover": 0.0, "trend_cover": 0.0, "hot": 0.0, "n_obs": 22}}, {"type": "Feature", "id": 241, "geometry": {"type": "Polygon", "coordinates": [[[39.591472, 43.563241], [39.588253, 43.55922], [39.591625, 43.554955], [39.598215, 43.554712], [39.601434, 43.558733], [39.598062, 43.562998], [39.591472, 43.563241]]]}, "properties": {"i": 241, "h3": "882d56800dfffff", "lon": 39.59484, "lat": 43.55898, "water_km2": 0.738, "dist_coast_km": 11.4, "persistence": 0.0, "mean_cover": 0.0, "max_cover": 0.0, "trend_cover": 0.0, "hot": 0.0, "n_obs": 22}}, {"type": "Feature", "id": 242, "geometry": {"type": "Polygon", "coordinates": [[[39.62075, 43.582853], [39.61753, 43.578834], [39.620901, 43.574569], [39.627491, 43.574324], [39.630711, 43.578343], [39.627341, 43.582607], [39.62075, 43.582853]]]}, "properties": {"i": 242, "h3": "882d568011fffff", "lon": 39.62412, "lat": 43.57859, "water_km2": 0.745, "dist_coast_km": 8.3, "persistence": 0.0, "mean_cover": 0.0, "max_cover": 0.0, "trend_cover": 0.0, "hot": 0.0, "n_obs": 22}}, {"type": "Feature", "id": 243, "geometry": {"type": "Polygon", "coordinates": [[[39.630561, 43.586626], [39.627341, 43.582607], [39.630711, 43.578343], [39.637301, 43.578097], [39.640521, 43.582115], [39.637152, 43.58638], [39.630561, 43.586626]]]}, "properties": {"i": 243, "h3": "882d568013fffff", "lon": 39.63393, "lat": 43.58236, "water_km2": 0.72, "dist_coast_km": 7.0, "persistence": 0.0, "mean_cover": 0.0, "max_cover": 0.0, "trend_cover": 0.0, "hot": 0.0, "n_obs": 22}}, {"type": "Feature", "id": 244, "geometry": {"type": "Polygon", "coordinates": [[[39.620901, 43.574569], [39.617681, 43.57055], [39.621051, 43.566285], [39.627641, 43.566039], [39.63086, 43.570059], [39.627491, 43.574324], [39.620901, 43.574569]]]}, "properties": {"i": 244, "h3": "882d568015fffff", "lon": 39.62427, "lat": 43.5703, "water_km2": 0.728, "dist_coast_km": 8.3, "persistence": 0.0, "mean_cover": 0.0, "max_cover": 0.0, "trend_cover": 0.0, "hot": 0.0, "n_obs": 22}}, {"type": "Feature", "id": 245, "geometry": {"type": "Polygon", "coordinates": [[[39.630711, 43.578343], [39.627491, 43.574324], [39.63086, 43.570059], [39.63745, 43.569813], [39.64067, 43.573832], [39.637301, 43.578097], [39.630711, 43.578343]]]}, "properties": {"i": 245, "h3": "882d568017fffff", "lon": 39.63408, "lat": 43.57408, "water_km2": 0.74, "dist_coast_km": 7.0, "persistence": 0.0, "mean_cover": 0.0, "max_cover": 0.0, "trend_cover": 0.0, "hot": 0.0, "n_obs": 22}}, {"type": "Feature", "id": 246, "geometry": {"type": "Polygon", "coordinates": [[[39.610788, 43.587362], [39.607568, 43.583343], [39.610939, 43.579079], [39.61753, 43.578834], [39.62075, 43.582853], [39.617379, 43.587117], [39.610788, 43.587362]]]}, "properties": {"i": 246, "h3": "882d568019fffff", "lon": 39.61416, "lat": 43.5831, "water_km2": 0.745, "dist_coast_km": 8.3, "persistence": 0.0, "mean_cover": 0.0, "max_cover": 0.0, "trend_cover": 0.0, "hot": 0.0, "n_obs": 22}}, {"type": "Feature", "id": 247, "geometry": {"type": "Polygon", "coordinates": [[[39.6206, 43.591136], [39.617379, 43.587117], [39.62075, 43.582853], [39.627341, 43.582607], [39.630561, 43.586626], [39.627191, 43.59089], [39.6206, 43.591136]]]}, "properties": {"i": 247, "h3": "882d56801bfffff", "lon": 39.62397, "lat": 43.58687, "water_km2": 0.725, "dist_coast_km": 7.5, "persistence": 0.0, "mean_cover": 0.0, "max_cover": 0.0, "trend_cover": 0.0, "hot": 0.0, "n_obs": 22}}, {"type": "Feature", "id": 248, "geometry": {"type": "Polygon", "coordinates": [[[39.610939, 43.579079], [39.60772, 43.575059], [39.611091, 43.570794], [39.617681, 43.57055], [39.620901, 43.574569], [39.61753, 43.578834], [39.610939, 43.579079]]]}, "properties": {"i": 248, "h3": "882d56801dfffff", "lon": 39.61431, "lat": 43.57481, "water_km2": 0.722, "dist_coast_km": 8.3, "persistence": 0.0, "mean_cover": 0.0, "max_cover": 0.0, "trend_cover": 0.0, "hot": 0.0, "n_obs": 22}}, {"type": "Feature", "id": 249, "geometry": {"type": "Polygon", "coordinates": [[[39.611545, 43.545938], [39.608327, 43.541916], [39.611697, 43.537651], [39.618284, 43.537407], [39.621502, 43.541428], [39.618133, 43.545693], [39.611545, 43.545938]]]}, "properties": {"i": 249, "h3": "882d568021fffff", "lon": 39.61491, "lat": 43.54167, "water_km2": 0.75, "dist_coast_km": 9.8, "persistence": 0.0, "mean_cover": 0.0, "max_cover": 0.0, "trend_cover": 0.0, "hot": 0.0, "n_obs": 22}}, {"type": "Feature", "id": 250, "geometry": {"type": "Polygon", "coordinates": [[[39.621352, 43.549714], [39.618133, 43.545693], [39.621502, 43.541428], [39.62809, 43.541183], [39.631309, 43.545204], [39.62794, 43.549469], [39.621352, 43.549714]]]}, "properties": {"i": 250, "h3": "882d568023fffff", "lon": 39.62472, "lat": 43.54545, "water_km2": 0.725, "dist_coast_km": 9.8, "persistence": 0.0, "mean_cover": 0.0, "max_cover": 0.0, "trend_cover": 0.0, "hot": 0.0, "n_obs": 22}}, {"type": "Feature", "id": 251, "geometry": {"type": "Polygon", "coordinates": [[[39.611697, 43.537651], [39.608478, 43.533629], [39.611848, 43.529364], [39.618435, 43.52912], [39.621653, 43.533141], [39.618284, 43.537407], [39.611697, 43.537651]]]}, "properties": {"i": 251, "h3": "882d568025fffff", "lon": 39.61507, "lat": 43.53339, "water_km2": 0.728, "dist_coast_km": 9.8, "persistence": 0.0, "mean_cover": 0.0, "max_cover": 0.0, "trend_cover": 0.0, "hot": 0.0, "n_obs": 22}}, {"type": "Feature", "id": 252, "geometry": {"type": "Polygon", "coordinates": [[[39.621502, 43.541428], [39.618284, 43.537407], [39.621653, 43.533141], [39.628239, 43.532896], [39.631458, 43.536917], [39.62809, 43.541183], [39.621502, 43.541428]]]}, "properties": {"i": 252, "h3": "882d568027fffff", "lon": 39.62487, "lat": 43.53716, "water_km2": 0.742, "dist_coast_km": 9.8, "persistence": 0.0, "mean_cover": 0.0, "max_cover": 0.0, "trend_cover": 0.0, "hot": 0.0, "n_obs": 22}}, {"type": "Feature", "id": 253, "geometry": {"type": "Polygon", "coordinates": [[[39.601586, 43.550447], [39.598368, 43.546425], [39.601738, 43.54216], [39.608327, 43.541916], [39.611545, 43.545938], [39.608175, 43.550203], [39.601586, 43.550447]]]}, "properties": {"i": 253, "h3": "882d568029fffff", "lon": 39.60496, "lat": 43.54618, "water_km2": 0.74, "dist_coast_km": 10.9, "persistence": 0.0, "mean_cover": 0.0, "max_cover": 0.0, "trend_cover": 0.0, "hot": 0.0, "n_obs": 22}}, {"type": "Feature", "id": 254, "geometry": {"type": "Polygon", "coordinates": [[[39.611394, 43.554224], [39.608175, 43.550203], [39.611545, 43.545938], [39.618133, 43.545693], [39.621352, 43.549714], [39.617983, 43.553979], [39.611394, 43.554224]]]}, "properties": {"i": 254, "h3": "882d56802bfffff", "lon": 39.61476, "lat": 43.54996, "water_km2": 0.722, "dist_coast_km": 8.9, "persistence": 0.0, "mean_cover": 0.0, "max_cover": 0.0, "trend_cover": 0.0, "hot": 0.0, "n_obs": 22}}, {"type": "Feature", "id": 255, "geometry": {"type": "Polygon", "coordinates": [[[39.601738, 43.54216], [39.59852, 43.538138], [39.601891, 43.533873], [39.608478, 43.533629], [39.611697, 43.537651], [39.608327, 43.541916], [39.601738, 43.54216]]]}, "properties": {"i": 255, "h3": "882d56802dfffff", "lon": 39.60511, "lat": 43.53789, "water_km2": 0.725, "dist_coast_km": 10.9, "persistence": 0.0, "mean_cover": 0.0, "max_cover": 0.0, "trend_cover": 0.0, "hot": 0.0, "n_obs": 22}}, {"type": "Feature", "id": 256, "geometry": {"type": "Polygon", "coordinates": [[[39.63101, 43.561774], [39.62779, 43.557755], [39.631159, 43.553489], [39.637747, 43.553244], [39.640967, 43.557263], [39.637598, 43.561529], [39.63101, 43.561774]]]}, "properties": {"i": 256, "h3": "882d568031fffff", "lon": 39.63438, "lat": 43.55751, "water_km2": 0.722, "dist_coast_km": 7.7, "persistence": 0.0, "mean_cover": 0.0, "max_cover": 0.0, "trend_cover": 0.0, "hot": 0.0, "n_obs": 22}}, {"type": "Feature", "id": 257, "geometry": {"type": "Polygon", "coordinates": [[[39.640818, 43.565548], [39.637598, 43.561529], [39.640967, 43.557263], [39.647554, 43.557017], [39.650774, 43.561036], [39.647407, 43.565301], [39.640818, 43.565548]]]}, "properties": {"i": 257, "h3": "882d568033fffff", "lon": 39.64419, "lat": 43.56128, "water_km2": 0.745, "dist_coast_km": 7.7, "persistence": 0.0, "mean_cover": 0.0, "max_cover": 0.0, "trend_cover": 0.0, "hot": 0.0, "n_obs": 22}}, {"type": "Feature", "id": 258, "geometry": {"type": "Polygon", "coordinates": [[[39.631159, 43.553489], [39.62794, 43.549469], [39.631309, 43.545204], [39.637896, 43.544958], [39.641115, 43.548978], [39.637747, 43.553244], [39.631159, 43.553489]]]}, "properties": {"i": 258, "h3": "882d568035fffff", "lon": 39.63453, "lat": 43.54922, "water_km2": 0.75, "dist_coast_km": 8.7, "persistence": 0.0, "mean_cover": 0.0, "max_cover": 0.0, "trend_cover": 0.0, "hot": 0.0, "n_obs": 22}}, {"type": "Feature", "id": 259, "geometry": {"type": "Polygon", "coordinates": [[[39.640967, 43.557263], [39.637747, 43.553244], [39.641115, 43.548978], [39.647702, 43.548732], [39.650922, 43.552751], [39.647554, 43.557017], [39.640967, 43.557263]]]}, "properties": {"i": 259, "h3": "882d568037fffff", "lon": 39.64433, "lat": 43.553, "water_km2": 0.725, "dist_coast_km": 7.7, "persistence": 0.0, "mean_cover": 0.0, "max_cover": 0.0, "trend_cover": 0.0, "hot": 0.0, "n_obs": 22}}, {"type": "Feature", "id": 260, "geometry": {"type": "Polygon", "coordinates": [[[39.621051, 43.566285], [39.617832, 43.562265], [39.621202, 43.558], [39.62779, 43.557755], [39.63101, 43.561774], [39.627641, 43.566039], [39.621051, 43.566285]]]}, "properties": {"i": 260, "h3": "882d568039fffff", "lon": 39.62442, "lat": 43.56202, "water_km2": 0.732, "dist_coast_km": 8.9, "persistence": 0.0, "mean_cover": 0.0, "max_cover": 0.0, "trend_cover": 0.0, "hot": 0.0, "n_obs": 22}}, {"type": "Feature", "id": 261, "geometry": {"type": "Polygon", "coordinates": [[[39.63086, 43.570059], [39.627641, 43.566039], [39.63101, 43.561774], [39.637598, 43.561529], [39.640818, 43.565548], [39.63745, 43.569813], [39.63086, 43.570059]]]}, "properties": {"i": 261, "h3": "882d56803bfffff", "lon": 39.63423, "lat": 43.56579, "water_km2": 0.735, "dist_coast_km": 7.7, "persistence": 0.0, "mean_cover": 0.0, "max_cover": 0.0, "trend_cover": 0.0, "hot": 0.0, "n_obs": 22}}, {"type": "Feature", "id": 262, "geometry": {"type": "Polygon", "coordinates": [[[39.621202, 43.558], [39.617983, 43.553979], [39.621352, 43.549714], [39.62794, 43.549469], [39.631159, 43.553489], [39.62779, 43.557755], [39.621202, 43.558]]]}, "properties": {"i": 262, "h3": "882d56803dfffff", "lon": 39.62457, "lat": 43.55373, "water_km2": 0.742, "dist_coast_km": 8.9, "persistence": 0.0, "mean_cover": 0.0, "max_cover": 0.0, "trend_cover": 0.0, "hot": 0.0, "n_obs": 22}}, {"type": "Feature", "id": 263, "geometry": {"type": "Polygon", "coordinates": [[[39.571543, 43.572255], [39.568324, 43.568234], [39.571698, 43.56397], [39.57829, 43.563727], [39.581508, 43.567749], [39.578135, 43.572013], [39.571543, 43.572255]]]}, "properties": {"i": 263, "h3": "882d568041fffff", "lon": 39.57492, "lat": 43.56799, "water_km2": 0.745, "dist_coast_km": 10.7, "persistence": 0.0, "mean_cover": 0.0, "max_cover": 0.0, "trend_cover": 0.0, "hot": 0.0, "n_obs": 22}}, {"type": "Feature", "id": 264, "geometry": {"type": "Polygon", "coordinates": [[[39.581354, 43.576034], [39.578135, 43.572013], [39.581508, 43.567749], [39.588099, 43.567506], [39.591318, 43.571527], [39.587946, 43.575791], [39.581354, 43.576034]]]}, "properties": {"i": 264, "h3": "882d568043fffff", "lon": 39.58473, "lat": 43.57177, "water_km2": 0.725, "dist_coast_km": 10.1, "persistence": 0.0, "mean_cover": 0.0, "max_cover": 0.0, "trend_cover": 0.0, "hot": 0.0, "n_obs": 22}}, {"type": "Feature", "id": 265, "geometry": {"type": "Polygon", "coordinates": [[[39.571698, 43.56397], [39.56848, 43.559947], [39.571854, 43.555683], [39.578444, 43.555441], [39.581663, 43.559463], [39.57829, 43.563727], [39.571698, 43.56397]]]}, "properties": {"i": 265, "h3": "882d568045fffff", "lon": 39.57507, "lat": 43.55971, "water_km2": 0.728, "dist_coast_km": 12.4, "persistence": 0.0, "mean_cover": 0.0, "max_cover": 0.0, "trend_cover": 0.0, "hot": 0.0, "n_obs": 22}}, {"type": "Feature", "id": 266, "geometry": {"type": "Polygon", "coordinates": [[[39.581508, 43.567749], [39.57829, 43.563727], [39.581663, 43.559463], [39.588253, 43.55922], [39.591472, 43.563241], [39.588099, 43.567506], [39.581508, 43.567749]]]}, "properties": {"i": 266, "h3": "882d568047fffff", "lon": 39.58488, "lat": 43.56348, "water_km2": 0.748, "dist_coast_km": 11.4, "persistence": 0.0, "mean_cover": 0.0, "max_cover": 0.0, "trend_cover": 0.0, "hot": 0.0, "n_obs": 22}}, {"type": "Feature", "id": 267, "geometry": {"type": "Polygon", "coordinates": [[[39.561576, 43.576761], [39.558357, 43.57274], [39.561732, 43.568476], [39.568324, 43.568234], [39.571543, 43.572255], [39.568169, 43.576519], [39.561576, 43.576761]]]}, "properties": {"i": 267, "h3": "882d568049fffff", "lon": 39.56495, "lat": 43.5725, "water_km2": 0.74, "dist_coast_km": 10.7, "persistence": 0.0, "mean_cover": 0.0, "max_cover": 0.0, "trend_cover": 0.0, "hot": 0.0, "n_obs": 22}}, {"type": "Feature", "id": 268, "geometry": {"type": "Polygon", "coordinates": [[[39.571387, 43.580541], [39.568169, 43.576519], [39.571543, 43.572255], [39.578135, 43.572013], [39.581354, 43.576034], [39.57798, 43.580298], [39.571387, 43.580541]]]}, "properties": {"i": 268, "h3": "882d56804bfffff", "lon": 39.57476, "lat": 43.57628, "water_km2": 0.725, "dist_coast_km": 10.7, "persistence": 0.0, "mean_cover": 0.0, "max_cover": 0.0, "trend_cover": 0.0, "hot": 0.0, "n_obs": 22}}, {"type": "Feature", "id": 269, "geometry": {"type": "Polygon", "coordinates": [[[39.561732, 43.568476], [39.558514, 43.564453], [39.561889, 43.560189], [39.56848, 43.559947], [39.571698, 43.56397], [39.568324, 43.568234], [39.561732, 43.568476]]]}, "properties": {"i": 269, "h3": "882d56804dfffff", "lon": 39.56511, "lat": 43.56421, "water_km2": 0.722, "dist_coast_km": 12.4, "persistence": 0.0, "mean_cover": 0.0, "max_cover": 0.0, "trend_cover": 0.0, "hot": 0.0, "n_obs": 22}}, {"type": "Feature", "id": 270, "geometry": {"type": "Polygon", "coordinates": [[[39.591011, 43.588096], [39.587792, 43.584075], [39.591165, 43.579811], [39.597757, 43.579568], [39.600976, 43.583588], [39.597604, 43.587852], [39.591011, 43.588096]]]}, "properties": {"i": 270, "h3": "882d568051fffff", "lon": 39.59438, "lat": 43.58383, "water_km2": 0.73, "dist_coast_km": 8.4, "persistence": 0.0, "mean_cover": 0.0, "max_cover": 0.0, "trend_cover": 0.0, "hot": 0.0, "n_obs": 22}}, {"type": "Feature", "id": 271, "geometry": {"type": "Polygon", "coordinates": [[[39.600824, 43.591871], [39.597604, 43.587852], [39.600976, 43.583588], [39.607568, 43.583343], [39.610788, 43.587362], [39.607416, 43.591627], [39.600824, 43.591871]]]}, "properties": {"i": 271, "h3": "882d568053fffff", "lon": 39.6042, "lat": 43.58761, "water_km2": 0.74, "dist_coast_km": 7.9, "persistence": 0.0, "mean_cover": 0.0, "max_cover": 0.0, "trend_cover": 0.0, "hot": 0.0, "n_obs": 22}}, {"type": "Feature", "id": 272, "geometry": {"type": "Polygon", "coordinates": [[[39.591165, 43.579811], [39.587946, 43.575791], [39.591318, 43.571527], [39.597909, 43.571283], [39.601129, 43.575303], [39.597757, 43.579568], [39.591165, 43.579811]]]}, "properties": {"i": 272, "h3": "882d568055fffff", "lon": 39.59454, "lat": 43.57555, "water_km2": 0.742, "dist_coast_km": 10.1, "persistence": 0.0, "mean_cover": 0.0, "max_cover": 0.0, "trend_cover": 0.0, "hot": 0.0, "n_obs": 22}}, {"type": "Feature", "id": 273, "geometry": {"type": "Polygon", "coordinates": [[[39.600976, 43.583588], [39.597757, 43.579568], [39.601129, 43.575303], [39.60772, 43.575059], [39.610939, 43.579079], [39.607568, 43.583343], [39.600976, 43.583588]]]}, "properties": {"i": 273, "h3": "882d568057fffff", "lon": 39.60435, "lat": 43.57932, "water_km2": 0.728, "dist_coast_km": 9.6, "persistence": 0.0, "mean_cover": 0.0, "max_cover": 0.0, "trend_cover": 0.0, "hot": 0.0, "n_obs": 22}}, {"type": "Feature", "id": 274, "geometry": {"type": "Polygon", "coordinates": [[[39.581045, 43.592603], [39.577825, 43.588583], [39.581199, 43.584319], [39.587792, 43.584075], [39.591011, 43.588096], [39.587638, 43.592359], [39.581045, 43.592603]]]}, "properties": {"i": 274, "h3": "882d568059fffff", "lon": 39.58442, "lat": 43.58834, "water_km2": 0.73, "dist_coast_km": 8.4, "persistence": 0.0, "mean_cover": 0.0, "max_cover": 0.0, "trend_cover": 0.0, "hot": 0.0, "n_obs": 22}}, {"type": "Feature", "id": 275, "geometry": {"type": "Polygon", "coordinates": [[[39.590858, 43.596379], [39.587638, 43.592359], [39.591011, 43.588096], [39.597604, 43.587852], [39.600824, 43.591871], [39.597451, 43.596135], [39.590858, 43.596379]]]}, "properties": {"i": 275, "h3": "882d56805bfffff", "lon": 39.59423, "lat": 43.59212, "water_km2": 0.735, "dist_coast_km": 8.4, "persistence": 0.0, "mean_cover": 0.0, "max_cover": 0.0, "trend_cover": 0.0, "hot": 0.0, "n_obs": 22}}, {"type": "Feature", "id": 276, "geometry": {"type": "Polygon", "coordinates": [[[39.581199, 43.584319], [39.57798, 43.580298], [39.581354, 43.576034], [39.587946, 43.575791], [39.591165, 43.579811], [39.587792, 43.584075], [39.581199, 43.584319]]]}, "properties": {"i": 276, "h3": "882d56805dfffff", "lon": 39.58457, "lat": 43.58005, "water_km2": 0.74, "dist_coast_km": 10.1, "persistence": 0.0, "mean_cover": 0.0, "max_cover": 0.0, "trend_cover": 0.0, "hot": 0.0, "n_obs": 22}}, {"type": "Feature", "id": 277, "geometry": {"type": "Polygon", "coordinates": [[[39.581817, 43.551176], [39.578599, 43.547154], [39.581971, 43.542889], [39.588561, 43.542646], [39.591779, 43.546668], [39.588407, 43.550933], [39.581817, 43.551176]]]}, "properties": {"i": 277, "h3": "882d568061fffff", "lon": 39.58519, "lat": 43.54691, "water_km2": 0.735, "dist_coast_km": 12.1, "persistence": 0.0, "mean_cover": 0.0, "max_cover": 0.0, "trend_cover": 0.0, "hot": 0.0, "n_obs": 22}}, {"type": "Feature", "id": 278, "geometry": {"type": "Polygon", "coordinates": [[[39.591625, 43.554955], [39.588407, 43.550933], [39.591779, 43.546668], [39.598368, 43.546425], [39.601586, 43.550447], [39.598215, 43.554712], [39.591625, 43.554955]]]}, "properties": {"i": 278, "h3": "882d568063fffff", "lon": 39.595, "lat": 43.55069, "water_km2": 0.735, "dist_coast_km": 11.4, "persistence": 0.0, "mean_cover": 0.0, "max_cover": 0.0, "trend_cover": 0.0, "hot": 0.0, "n_obs": 22}}, {"type": "Feature", "id": 279, "geometry": {"type": "Polygon", "coordinates": [[[39.581971, 43.542889], [39.578754, 43.538866], [39.582126, 43.534601], [39.588714, 43.534359], [39.591932, 43.538381], [39.588561, 43.542646], [39.581971, 43.542889]]]}, "properties": {"i": 279, "h3": "882d568065fffff", "lon": 39.58534, "lat": 43.53862, "water_km2": 0.74, "dist_coast_km": 12.1, "persistence": 0.0, "mean_cover": 0.0, "max_cover": 0.0, "trend_cover": 0.0, "hot": 0.0, "n_obs": 22}}, {"type": "Feature", "id": 280, "geometry": {"type": "Polygon", "coordinates": [[[39.591779, 43.546668], [39.588561, 43.542646], [39.591932, 43.538381], [39.59852, 43.538138], [39.601738, 43.54216], [39.598368, 43.546425], [39.591779, 43.546668]]]}, "properties": {"i": 280, "h3": "882d568067fffff", "lon": 39.59515, "lat": 43.5424, "water_km2": 0.725, "dist_coast_km": 12.1, "persistence": 0.0, "mean_cover": 0.0, "max_cover": 0.0, "trend_cover": 0.0, "hot": 0.0, "n_obs": 22}}, {"type": "Feature", "id": 281, "geometry": {"type": "Polygon", "coordinates": [[[39.571854, 43.555683], [39.568636, 43.551661], [39.572009, 43.547396], [39.578599, 43.547154], [39.581817, 43.551176], [39.578444, 43.555441], [39.571854, 43.555683]]]}, "properties": {"i": 281, "h3": "882d568069fffff", "lon": 39.57523, "lat": 43.55142, "water_km2": 0.74, "dist_coast_km": 12.4, "persistence": 0.0, "mean_cover": 0.0, "max_cover": 0.0, "trend_cover": 0.0, "hot": 0.0, "n_obs": 22}}, {"type": "Feature", "id": 282, "geometry": {"type": "Polygon", "coordinates": [[[39.581663, 43.559463], [39.578444, 43.555441], [39.581817, 43.551176], [39.588407, 43.550933], [39.591625, 43.554955], [39.588253, 43.55922], [39.581663, 43.559463]]]}, "properties": {"i": 282, "h3": "882d56806bfffff", "lon": 39.58503, "lat": 43.5552, "water_km2": 0.728, "dist_coast_km": 11.4, "persistence": 0.0, "mean_cover": 0.0, "max_cover": 0.0, "trend_cover": 0.0, "hot": 0.0, "n_obs": 22}}, {"type": "Feature", "id": 283, "geometry": {"type": "Polygon", "coordinates": [[[39.572009, 43.547396], [39.568792, 43.543373], [39.572164, 43.539108], [39.578754, 43.538866], [39.581971, 43.542889], [39.578599, 43.547154], [39.572009, 43.547396]]]}, "properties": {"i": 283, "h3": "882d56806dfffff", "lon": 39.57538, "lat": 43.54313, "water_km2": 0.732, "dist_coast_km": 13.3, "persistence": 0.0, "mean_cover": 0.0, "max_cover": 0.0, "trend_cover": 0.0, "hot": 0.0, "n_obs": 22}}, {"type": "Feature", "id": 284, "geometry": {"type": "Polygon", "coordinates": [[[39.669954, 43.593425], [39.666732, 43.589408], [39.670099, 43.585143], [39.676688, 43.584895], [39.67991, 43.588911], [39.676543, 43.593176], [39.669954, 43.593425]]]}, "properties": {"i": 284, "h3": "882d568081fffff", "lon": 39.67332, "lat": 43.58916, "water_km2": 0.735, "dist_coast_km": 4.0, "persistence": 0.0, "mean_cover": 0.0, "max_cover": 0.0, "trend_cover": 0.0, "hot": 0.0, "n_obs": 22}}, {"type": "Feature", "id": 285, "geometry": {"type": "Polygon", "coordinates": [[[39.679765, 43.597192], [39.676543, 43.593176], [39.67991, 43.588911], [39.686498, 43.588662], [39.68972, 43.592678], [39.686354, 43.596943], [39.679765, 43.597192]]]}, "properties": {"i": 285, "h3": "882d568083fffff", "lon": 39.68313, "lat": 43.59293, "water_km2": 0.73, "dist_coast_km": 2.7, "persistence": 0.0, "mean_cover": 0.0, "max_cover": 0.0, "trend_cover": 0.0, "hot": 0.0, "n_obs": 22}}, {"type": "Feature", "id": 286, "geometry": {"type": "Polygon", "coordinates": [[[39.670099, 43.585143], [39.666878, 43.581126], [39.670245, 43.576861], [39.676833, 43.576613], [39.680054, 43.580629], [39.676688, 43.584895], [39.670099, 43.585143]]]}, "properties": {"i": 286, "h3": "882d568085fffff", "lon": 39.67347, "lat": 43.58088, "water_km2": 0.738, "dist_coast_km": 4.4, "persistence": 0.0, "mean_cover": 0.0, "max_cover": 0.0, "trend_cover": 0.0, "hot": 0.0, "n_obs": 22}}, {"type": "Feature", "id": 287, "geometry": {"type": "Polygon", "coordinates": [[[39.67991, 43.588911], [39.676688, 43.584895], [39.680054, 43.580629], [39.686642, 43.58038], [39.689864, 43.584397], [39.686498, 43.588662], [39.67991, 43.588911]]]}, "properties": {"i": 287, "h3": "882d568087fffff", "lon": 39.68328, "lat": 43.58465, "water_km2": 0.73, "dist_coast_km": 2.7, "persistence": 0.0, "mean_cover": 0.0, "max_cover": 0.0, "trend_cover": 0.0, "hot": 0.0, "n_obs": 22}}, {"type": "Feature", "id": 288, "geometry": {"type": "Polygon", "coordinates": [[[39.659996, 43.597938], [39.656775, 43.593921], [39.660143, 43.589656], [39.666732, 43.589408], [39.669954, 43.593425], [39.666586, 43.59769], [39.659996, 43.597938]]]}, "properties": {"i": 288, "h3": "882d568089fffff", "lon": 39.66336, "lat": 43.59367, "water_km2": 0.742, "dist_coast_km": 4.0, "persistence": 0.0, "mean_cover": 0.0, "max_cover": 0.0, "trend_cover": 0.0, "hot": 0.0, "n_obs": 22}}, {"type": "Feature", "id": 289, "geometry": {"type": "Polygon", "coordinates": [[[39.669808, 43.601706], [39.666586, 43.59769], [39.669954, 43.593425], [39.676543, 43.593176], [39.679765, 43.597192], [39.676398, 43.601457], [39.669808, 43.601706]]]}, "properties": {"i": 289, "h3": "882d56808bfffff", "lon": 39.67318, "lat": 43.59744, "water_km2": 0.72, "dist_coast_km": 4.0, "persistence": 0.0, "mean_cover": 0.0, "max_cover": 0.0, "trend_cover": 0.0, "hot": 0.0, "n_obs": 22}}, {"type": "Feature", "id": 290, "geometry": {"type": "Polygon", "coordinates": [[[39.660143, 43.589656], [39.656921, 43.585639], [39.660289, 43.581374], [39.666878, 43.581126], [39.670099, 43.585143], [39.666732, 43.589408], [39.660143, 43.589656]]]}, "properties": {"i": 290, "h3": "882d56808dfffff", "lon": 39.66351, "lat": 43.58539, "water_km2": 0.73, "dist_coast_km": 4.0, "persistence": 0.0, "mean_cover": 0.0, "max_cover": 0.0, "trend_cover": 0.0, "hot": 0.0, "n_obs": 22}}, {"type": "Feature", "id": 291, "geometry": {"type": "Polygon", "coordinates": [[[39.689433, 43.609239], [39.68621, 43.605223], [39.689577, 43.600959], [39.696166, 43.600709], [39.699389, 43.604724], [39.696023, 43.608989], [39.689433, 43.609239]]]}, "properties": {"i": 291, "h3": "882d568091fffff", "lon": 39.6928, "lat": 43.60497, "water_km2": 0.722, "dist_coast_km": 2.3, "persistence": 0.0, "mean_cover": 0.0, "max_cover": 0.0, "trend_cover": 0.0, "hot": 0.0, "n_obs": 22}}, {"type": "Feature", "id": 292, "geometry": {"type": "Polygon", "coordinates": [[[39.699246, 43.613003], [39.696023, 43.608989], [39.699389, 43.604724], [39.705977, 43.604473], [39.709201, 43.608487], [39.705836, 43.612752], [39.699246, 43.613003]]]}, "properties": {"i": 292, "h3": "882d568093fffff", "lon": 39.70261, "lat": 43.60874, "water_km2": 0.492, "dist_coast_km": 1.3, "persistence": 0.0, "mean_cover": 0.0, "max_cover": 0.0, "trend_cover": 0.0, "hot": 0.0, "n_obs": 22}}, {"type": "Feature", "id": 293, "geometry": {"type": "Polygon", "coordinates": [[[39.689577, 43.600959], [39.686354, 43.596943], [39.68972, 43.592678], [39.696309, 43.592428], [39.699531, 43.596444], [39.696166, 43.600709], [39.689577, 43.600959]]]}, "properties": {"i": 293, "h3": "882d568095fffff", "lon": 39.69294, "lat": 43.59669, "water_km2": 0.735, "dist_coast_km": 2.7, "persistence": 0.045, "mean_cover": 0.243, "max_cover": 5.335, "trend_cover": 0.0317, "hot": 0.0099, "n_obs": 22}}, {"type": "Feature", "id": 294, "geometry": {"type": "Polygon", "coordinates": [[[39.699389, 43.604724], [39.696166, 43.600709], [39.699531, 43.596444], [39.706119, 43.596193], [39.709342, 43.600208], [39.705977, 43.604473], [39.699389, 43.604724]]]}, "properties": {"i": 294, "h3": "882d568097fffff", "lon": 39.70275, "lat": 43.60046, "water_km2": 0.662, "dist_coast_km": 1.3, "persistence": 0.045, "mean_cover": 3.175, "max_cover": 69.859, "trend_cover": 0.4151, "hot": 0.065, "n_obs": 22}}, {"type": "Feature", "id": 295, "geometry": {"type": "Polygon", "coordinates": [[[39.679476, 43.613753], [39.676253, 43.609737], [39.679621, 43.605473], [39.68621, 43.605223], [39.689433, 43.609239], [39.686066, 43.613503], [39.679476, 43.613753]]]}, "properties": {"i": 295, "h3": "882d568099fffff", "lon": 39.68284, "lat": 43.60949, "water_km2": 0.72, "dist_coast_km": 2.3, "persistence": 0.0, "mean_cover": 0.0, "max_cover": 0.0, "trend_cover": 0.0, "hot": 0.0, "n_obs": 22}}, {"type": "Feature", "id": 296, "geometry": {"type": "Polygon", "coordinates": [[[39.68929, 43.617518], [39.686066, 43.613503], [39.689433, 43.609239], [39.696023, 43.608989], [39.699246, 43.613003], [39.69588, 43.617268], [39.68929, 43.617518]]]}, "properties": {"i": 296, "h3": "882d56809bfffff", "lon": 39.69266, "lat": 43.61325, "water_km2": 0.742, "dist_coast_km": 2.3, "persistence": 0.0, "mean_cover": 0.0, "max_cover": 0.0, "trend_cover": 0.0, "hot": 0.0, "n_obs": 22}}, {"type": "Feature", "id": 297, "geometry": {"type": "Polygon", "coordinates": [[[39.679621, 43.605473], [39.676398, 43.601457], [39.679765, 43.597192], [39.686354, 43.596943], [39.689577, 43.600959], [39.68621, 43.605223], [39.679621, 43.605473]]]}, "properties": {"i": 297, "h3": "882d56809dfffff", "lon": 39.68299, "lat": 43.60121, "water_km2": 0.745, "dist_coast_km": 2.3, "persistence": 0.0, "mean_cover": 0.0, "max_cover": 0.0, "trend_cover": 0.0, "hot": 0.0, "n_obs": 22}}, {"type": "Feature", "id": 298, "geometry": {"type": "Polygon", "coordinates": [[[39.680199, 43.572347], [39.676978, 43.56833], [39.680343, 43.564064], [39.68693, 43.563815], [39.690151, 43.567832], [39.686786, 43.572098], [39.680199, 43.572347]]]}, "properties": {"i": 298, "h3": "882d5680a1fffff", "lon": 39.68356, "lat": 43.56808, "water_km2": 0.725, "dist_coast_km": 3.3, "persistence": 0.045, "mean_cover": 1.377, "max_cover": 30.291, "trend_cover": -0.2876, "hot": 0.0394, "n_obs": 22}}, {"type": "Feature", "id": 299, "geometry": {"type": "Polygon", "coordinates": [[[39.690008, 43.576115], [39.686786, 43.572098], [39.690151, 43.567832], [39.696737, 43.567583], [39.699959, 43.5716], [39.696594, 43.575865], [39.690008, 43.576115]]]}, "properties": {"i": 299, "h3": "882d5680a3fffff", "lon": 39.69337, "lat": 43.57185, "water_km2": 0.742, "dist_coast_km": 3.3, "persistence": 0.0, "mean_cover": 0.0, "max_cover": 0.0, "trend_cover": 0.0, "hot": 0.0, "n_obs": 22}}, {"type": "Feature", "id": 300, "geometry": {"type": "Polygon", "coordinates": [[[39.680343, 43.564064], [39.677122, 43.560046], [39.680488, 43.55578], [39.687073, 43.555532], [39.690294, 43.559549], [39.68693, 43.563815], [39.680343, 43.564064]]]}, "properties": {"i": 300, "h3": "882d5680a5fffff", "lon": 39.68371, "lat": 43.5598, "water_km2": 0.74, "dist_coast_km": 4.4, "persistence": 0.045, "mean_cover": 0.915, "max_cover": 20.138, "trend_cover": -0.1771, "hot": 0.0295, "n_obs": 22}}, {"type": "Feature", "id": 301, "geometry": {"type": "Polygon", "coordinates": [[[39.690151, 43.567832], [39.68693, 43.563815], [39.690294, 43.559549], [39.69688, 43.5593], [39.700101, 43.563317], [39.696737, 43.567583], [39.690151, 43.567832]]]}, "properties": {"i": 301, "h3": "882d5680a7fffff", "lon": 39.69352, "lat": 43.56357, "water_km2": 0.725, "dist_coast_km": 4.4, "persistence": 0.0, "mean_cover": 0.0, "max_cover": 0.0, "trend_cover": 0.0, "hot": 0.0, "n_obs": 22}}, {"type": "Feature", "id": 302, "geometry": {"type": "Polygon", "coordinates": [[[39.670245, 43.576861], [39.667024, 43.572843], [39.67039, 43.568578], [39.676978, 43.56833], [39.680199, 43.572347], [39.676833, 43.576613], [39.670245, 43.576861]]]}, "properties": {"i": 302, "h3": "882d5680a9fffff", "lon": 39.67361, "lat": 43.5726, "water_km2": 0.73, "dist_coast_km": 4.4, "persistence": 0.0, "mean_cover": 0.0, "max_cover": 0.0, "trend_cover": 0.0, "hot": 0.0, "n_obs": 22}}, {"type": "Feature", "id": 303, "geometry": {"type": "Polygon", "coordinates": [[[39.680054, 43.580629], [39.676833, 43.576613], [39.680199, 43.572347], [39.686786, 43.572098], [39.690008, 43.576115], [39.686642, 43.58038], [39.680054, 43.580629]]]}, "properties": {"i": 303, "h3": "882d5680abfffff", "lon": 39.68342, "lat": 43.57636, "water_km2": 0.74, "dist_coast_km": 3.3, "persistence": 0.0, "mean_cover": 0.0, "max_cover": 0.0, "trend_cover": 0.0, "hot": 0.0, "n_obs": 22}}, {"type": "Feature", "id": 304, "geometry": {"type": "Polygon", "coordinates": [[[39.67039, 43.568578], [39.66717, 43.56456], [39.670536, 43.560294], [39.677122, 43.560046], [39.680343, 43.564064], [39.676978, 43.56833], [39.67039, 43.568578]]]}, "properties": {"i": 304, "h3": "882d5680adfffff", "lon": 39.67376, "lat": 43.56431, "water_km2": 0.745, "dist_coast_km": 5.5, "persistence": 0.0, "mean_cover": 0.0, "max_cover": 0.0, "trend_cover": 0.0, "hot": 0.0, "n_obs": 22}}, {"type": "Feature", "id": 305, "geometry": {"type": "Polygon", "coordinates": [[[39.699674, 43.588163], [39.696452, 43.584147], [39.699816, 43.579882], [39.706403, 43.579632], [39.709626, 43.583647], [39.706261, 43.587913], [39.699674, 43.588163]]]}, "properties": {"i": 305, "h3": "882d5680b1fffff", "lon": 39.70304, "lat": 43.5839, "water_km2": 0.742, "dist_coast_km": 1.3, "persistence": 0.0, "mean_cover": 0.0, "max_cover": 0.0, "trend_cover": 0.0, "hot": 0.0, "n_obs": 22}}, {"type": "Feature", "id": 306, "geometry": {"type": "Polygon", "coordinates": [[[39.709484, 43.591928], [39.706261, 43.587913], [39.709626, 43.583647], [39.716212, 43.583396], [39.719435, 43.587411], [39.716071, 43.591677], [39.709484, 43.591928]]]}, "properties": {"i": 306, "h3": "882d5680b3fffff", "lon": 39.71285, "lat": 43.58766, "water_km2": 0.304, "dist_coast_km": 0.0, "persistence": 0.0, "mean_cover": 0.0, "max_cover": 0.0, "trend_cover": 0.0, "hot": 0.0, "n_obs": 22}}, {"type": "Feature", "id": 307, "geometry": {"type": "Polygon", "coordinates": [[[39.699816, 43.579882], [39.696594, 43.575865], [39.699959, 43.5716], [39.706545, 43.57135], [39.709767, 43.575366], [39.706403, 43.579632], [39.699816, 43.579882]]]}, "properties": {"i": 307, "h3": "882d5680b5fffff", "lon": 39.70318, "lat": 43.57562, "water_km2": 0.72, "dist_coast_km": 2.3, "persistence": 0.0, "mean_cover": 0.0, "max_cover": 0.0, "trend_cover": 0.0, "hot": 0.0, "n_obs": 22}}, {"type": "Feature", "id": 308, "geometry": {"type": "Polygon", "coordinates": [[[39.709626, 43.583647], [39.706403, 43.579632], [39.709767, 43.575366], [39.716353, 43.575115], [39.719575, 43.57913], [39.716212, 43.583396], [39.709626, 43.583647]]]}, "properties": {"i": 308, "h3": "882d5680b7fffff", "lon": 39.71299, "lat": 43.57938, "water_km2": 0.575, "dist_coast_km": 1.3, "persistence": 0.0, "mean_cover": 0.0, "max_cover": 0.0, "trend_cover": 0.0, "hot": 0.0, "n_obs": 22}}, {"type": "Feature", "id": 309, "geometry": {"type": "Polygon", "coordinates": [[[39.68972, 43.592678], [39.686498, 43.588662], [39.689864, 43.584397], [39.696452, 43.584147], [39.699674, 43.588163], [39.696309, 43.592428], [39.68972, 43.592678]]]}, "properties": {"i": 309, "h3": "882d5680b9fffff", "lon": 39.69309, "lat": 43.58841, "water_km2": 0.735, "dist_coast_km": 2.7, "persistence": 0.0, "mean_cover": 0.0, "max_cover": 0.0, "trend_cover": 0.0, "hot": 0.0, "n_obs": 22}}, {"type": "Feature", "id": 310, "geometry": {"type": "Polygon", "coordinates": [[[39.699531, 43.596444], [39.696309, 43.592428], [39.699674, 43.588163], [39.706261, 43.587913], [39.709484, 43.591928], [39.706119, 43.596193], [39.699531, 43.596444]]]}, "properties": {"i": 310, "h3": "882d5680bbfffff", "lon": 39.7029, "lat": 43.59218, "water_km2": 0.735, "dist_coast_km": 1.3, "persistence": 0.0, "mean_cover": 0.0, "max_cover": 0.0, "trend_cover": 0.0, "hot": 0.0, "n_obs": 22}}, {"type": "Feature", "id": 311, "geometry": {"type": "Polygon", "coordinates": [[[39.689864, 43.584397], [39.686642, 43.58038], [39.690008, 43.576115], [39.696594, 43.575865], [39.699816, 43.579882], [39.696452, 43.584147], [39.689864, 43.584397]]]}, "properties": {"i": 311, "h3": "882d5680bdfffff", "lon": 39.69323, "lat": 43.58013, "water_km2": 0.728, "dist_coast_km": 3.3, "persistence": 0.0, "mean_cover": 0.0, "max_cover": 0.0, "trend_cover": 0.0, "hot": 0.0, "n_obs": 22}}, {"type": "Feature", "id": 312, "geometry": {"type": "Polygon", "coordinates": [[[39.640224, 43.59868], [39.637003, 43.594662], [39.640373, 43.590398], [39.646963, 43.590151], [39.650184, 43.594168], [39.646815, 43.598433], [39.640224, 43.59868]]]}, "properties": {"i": 312, "h3": "882d5680c1fffff", "lon": 39.64359, "lat": 43.59442, "water_km2": 0.725, "dist_coast_km": 6.5, "persistence": 0.0, "mean_cover": 0.0, "max_cover": 0.0, "trend_cover": 0.0, "hot": 0.0, "n_obs": 22}}, {"type": "Feature", "id": 313, "geometry": {"type": "Polygon", "coordinates": [[[39.650037, 43.60245], [39.646815, 43.598433], [39.650184, 43.594168], [39.656775, 43.593921], [39.659996, 43.597938], [39.656628, 43.602202], [39.650037, 43.60245]]]}, "properties": {"i": 313, "h3": "882d5680c3fffff", "lon": 39.65341, "lat": 43.59819, "water_km2": 0.748, "dist_coast_km": 5.4, "persistence": 0.0, "mean_cover": 0.0, "max_cover": 0.0, "trend_cover": 0.0, "hot": 0.0, "n_obs": 22}}, {"type": "Feature", "id": 314, "geometry": {"type": "Polygon", "coordinates": [[[39.640373, 43.590398], [39.637152, 43.58638], [39.640521, 43.582115], [39.647111, 43.581868], [39.650332, 43.585886], [39.646963, 43.590151], [39.640373, 43.590398]]]}, "properties": {"i": 314, "h3": "882d5680c5fffff", "lon": 39.64374, "lat": 43.58613, "water_km2": 0.742, "dist_coast_km": 6.5, "persistence": 0.0, "mean_cover": 0.0, "max_cover": 0.0, "trend_cover": 0.0, "hot": 0.0, "n_obs": 22}}, {"type": "Feature", "id": 315, "geometry": {"type": "Polygon", "coordinates": [[[39.650184, 43.594168], [39.646963, 43.590151], [39.650332, 43.585886], [39.656921, 43.585639], [39.660143, 43.589656], [39.656775, 43.593921], [39.650184, 43.594168]]]}, "properties": {"i": 315, "h3": "882d5680c7fffff", "lon": 39.65355, "lat": 43.5899, "water_km2": 0.722, "dist_coast_km": 5.4, "persistence": 0.0, "mean_cover": 0.0, "max_cover": 0.0, "trend_cover": 0.0, "hot": 0.0, "n_obs": 22}}, {"type": "Feature", "id": 316, "geometry": {"type": "Polygon", "coordinates": [[[39.630262, 43.603191], [39.627041, 43.599173], [39.630412, 43.594909], [39.637003, 43.594662], [39.640224, 43.59868], [39.636854, 43.602944], [39.630262, 43.603191]]]}, "properties": {"i": 316, "h3": "882d5680c9fffff", "lon": 39.63363, "lat": 43.59893, "water_km2": 0.732, "dist_coast_km": 6.5, "persistence": 0.0, "mean_cover": 0.0, "max_cover": 0.0, "trend_cover": 0.0, "hot": 0.0, "n_obs": 22}}, {"type": "Feature", "id": 317, "geometry": {"type": "Polygon", "coordinates": [[[39.640076, 43.606961], [39.636854, 43.602944], [39.640224, 43.59868], [39.646815, 43.598433], [39.650037, 43.60245], [39.646667, 43.606714], [39.640076, 43.606961]]]}, "properties": {"i": 317, "h3": "882d5680cbfffff", "lon": 39.64345, "lat": 43.6027, "water_km2": 0.738, "dist_coast_km": 5.5, "persistence": 0.0, "mean_cover": 0.0, "max_cover": 0.0, "trend_cover": 0.0, "hot": 0.0, "n_obs": 22}}, {"type": "Feature", "id": 318, "geometry": {"type": "Polygon", "coordinates": [[[39.630412, 43.594909], [39.627191, 43.59089], [39.630561, 43.586626], [39.637152, 43.58638], [39.640373, 43.590398], [39.637003, 43.594662], [39.630412, 43.594909]]]}, "properties": {"i": 318, "h3": "882d5680cdfffff", "lon": 39.63378, "lat": 43.59064, "water_km2": 0.742, "dist_coast_km": 6.5, "persistence": 0.0, "mean_cover": 0.0, "max_cover": 0.0, "trend_cover": 0.0, "hot": 0.0, "n_obs": 22}}, {"type": "Feature", "id": 319, "geometry": {"type": "Polygon", "coordinates": [[[39.659703, 43.614499], [39.656481, 43.610483], [39.65985, 43.606219], [39.66644, 43.605971], [39.669663, 43.609986], [39.666294, 43.614251], [39.659703, 43.614499]]]}, "properties": {"i": 319, "h3": "882d5680d1fffff", "lon": 39.66307, "lat": 43.61023, "water_km2": 0.738, "dist_coast_km": 3.3, "persistence": 0.0, "mean_cover": 0.0, "max_cover": 0.0, "trend_cover": 0.0, "hot": 0.0, "n_obs": 22}}, {"type": "Feature", "id": 320, "geometry": {"type": "Polygon", "coordinates": [[[39.669517, 43.618266], [39.666294, 43.614251], [39.669663, 43.609986], [39.676253, 43.609737], [39.679476, 43.613753], [39.676108, 43.618017], [39.669517, 43.618266]]]}, "properties": {"i": 320, "h3": "882d5680d3fffff", "lon": 39.67289, "lat": 43.614, "water_km2": 0.73, "dist_coast_km": 3.3, "persistence": 0.045, "mean_cover": 0.61, "max_cover": 13.43, "trend_cover": -0.1275, "hot": 0.0217, "n_obs": 22}}, {"type": "Feature", "id": 321, "geometry": {"type": "Polygon", "coordinates": [[[39.65985, 43.606219], [39.656628, 43.602202], [39.659996, 43.597938], [39.666586, 43.59769], [39.669808, 43.601706], [39.66644, 43.605971], [39.65985, 43.606219]]]}, "properties": {"i": 321, "h3": "882d5680d5fffff", "lon": 39.66322, "lat": 43.60195, "water_km2": 0.722, "dist_coast_km": 3.3, "persistence": 0.0, "mean_cover": 0.0, "max_cover": 0.0, "trend_cover": 0.0, "hot": 0.0, "n_obs": 22}}, {"type": "Feature", "id": 322, "geometry": {"type": "Polygon", "coordinates": [[[39.669663, 43.609986], [39.66644, 43.605971], [39.669808, 43.601706], [39.676398, 43.601457], [39.679621, 43.605473], [39.676253, 43.609737], [39.669663, 43.609986]]]}, "properties": {"i": 322, "h3": "882d5680d7fffff", "lon": 39.67303, "lat": 43.60572, "water_km2": 0.745, "dist_coast_km": 3.3, "persistence": 0.0, "mean_cover": 0.0, "max_cover": 0.0, "trend_cover": 0.0, "hot": 0.0, "n_obs": 22}}, {"type": "Feature", "id": 323, "geometry": {"type": "Polygon", "coordinates": [[[39.649742, 43.619011], [39.646519, 43.614995], [39.649889, 43.610731], [39.656481, 43.610483], [39.659703, 43.614499], [39.656334, 43.618763], [39.649742, 43.619011]]]}, "properties": {"i": 323, "h3": "882d5680d9fffff", "lon": 39.65311, "lat": 43.61475, "water_km2": 0.735, "dist_coast_km": 4.4, "persistence": 0.0, "mean_cover": 0.0, "max_cover": 0.0, "trend_cover": 0.0, "hot": 0.0, "n_obs": 22}}, {"type": "Feature", "id": 324, "geometry": {"type": "Polygon", "coordinates": [[[39.659556, 43.622779], [39.656334, 43.618763], [39.659703, 43.614499], [39.666294, 43.614251], [39.669517, 43.618266], [39.666148, 43.62253], [39.659556, 43.622779]]]}, "properties": {"i": 324, "h3": "882d5680dbfffff", "lon": 39.66293, "lat": 43.61851, "water_km2": 0.72, "dist_coast_km": 2.3, "persistence": 0.0, "mean_cover": 0.0, "max_cover": 0.0, "trend_cover": 0.0, "hot": 0.0, "n_obs": 22}}, {"type": "Feature", "id": 325, "geometry": {"type": "Polygon", "coordinates": [[[39.649889, 43.610731], [39.646667, 43.606714], [39.650037, 43.60245], [39.656628, 43.602202], [39.65985, 43.606219], [39.656481, 43.610483], [39.649889, 43.610731]]]}, "properties": {"i": 325, "h3": "882d5680ddfffff", "lon": 39.65326, "lat": 43.60647, "water_km2": 0.728, "dist_coast_km": 4.4, "persistence": 0.0, "mean_cover": 0.0, "max_cover": 0.0, "trend_cover": 0.0, "hot": 0.0, "n_obs": 22}}, {"type": "Feature", "id": 326, "geometry": {"type": "Polygon", "coordinates": [[[39.650479, 43.577603], [39.647259, 43.573585], [39.650627, 43.56932], [39.657215, 43.569073], [39.660436, 43.573091], [39.657068, 43.577356], [39.650479, 43.577603]]]}, "properties": {"i": 326, "h3": "882d5680e1fffff", "lon": 39.65385, "lat": 43.57334, "water_km2": 0.735, "dist_coast_km": 5.7, "persistence": 0.0, "mean_cover": 0.0, "max_cover": 0.0, "trend_cover": 0.0, "hot": 0.0, "n_obs": 22}}, {"type": "Feature", "id": 327, "geometry": {"type": "Polygon", "coordinates": [[[39.660289, 43.581374], [39.657068, 43.577356], [39.660436, 43.573091], [39.667024, 43.572843], [39.670245, 43.576861], [39.666878, 43.581126], [39.660289, 43.581374]]]}, "properties": {"i": 327, "h3": "882d5680e3fffff", "lon": 39.66366, "lat": 43.57711, "water_km2": 0.73, "dist_coast_km": 4.4, "persistence": 0.0, "mean_cover": 0.0, "max_cover": 0.0, "trend_cover": 0.0, "hot": 0.0, "n_obs": 22}}, {"type": "Feature", "id": 328, "geometry": {"type": "Polygon", "coordinates": [[[39.650627, 43.56932], [39.647407, 43.565301], [39.650774, 43.561036], [39.657362, 43.560789], [39.660582, 43.564808], [39.657215, 43.569073], [39.650627, 43.56932]]]}, "properties": {"i": 328, "h3": "882d5680e5fffff", "lon": 39.65399, "lat": 43.56505, "water_km2": 0.725, "dist_coast_km": 6.5, "persistence": 0.0, "mean_cover": 0.0, "max_cover": 0.0, "trend_cover": 0.0, "hot": 0.0, "n_obs": 22}}, {"type": "Feature", "id": 329, "geometry": {"type": "Polygon", "coordinates": [[[39.660436, 43.573091], [39.657215, 43.569073], [39.660582, 43.564808], [39.66717, 43.56456], [39.67039, 43.568578], [39.667024, 43.572843], [39.660436, 43.573091]]]}, "properties": {"i": 329, "h3": "882d5680e7fffff", "lon": 39.6638, "lat": 43.56883, "water_km2": 0.742, "dist_coast_km": 4.4, "persistence": 0.0, "mean_cover": 0.0, "max_cover": 0.0, "trend_cover": 0.0, "hot": 0.0, "n_obs": 22}}, {"type": "Feature", "id": 330, "geometry": {"type": "Polygon", "coordinates": [[[39.640521, 43.582115], [39.637301, 43.578097], [39.64067, 43.573832], [39.647259, 43.573585], [39.650479, 43.577603], [39.647111, 43.581868], [39.640521, 43.582115]]]}, "properties": {"i": 330, "h3": "882d5680e9fffff", "lon": 39.64389, "lat": 43.57785, "water_km2": 0.73, "dist_coast_km": 7.0, "persistence": 0.0, "mean_cover": 0.0, "max_cover": 0.0, "trend_cover": 0.0, "hot": 0.0, "n_obs": 22}}, {"type": "Feature", "id": 331, "geometry": {"type": "Polygon", "coordinates": [[[39.650332, 43.585886], [39.647111, 43.581868], [39.650479, 43.577603], [39.657068, 43.577356], [39.660289, 43.581374], [39.656921, 43.585639], [39.650332, 43.585886]]]}, "properties": {"i": 331, "h3": "882d5680ebfffff", "lon": 39.6537, "lat": 43.58162, "water_km2": 0.738, "dist_coast_km": 5.7, "persistence": 0.0, "mean_cover": 0.0, "max_cover": 0.0, "trend_cover": 0.0, "hot": 0.0, "n_obs": 22}}, {"type": "Feature", "id": 332, "geometry": {"type": "Polygon", "coordinates": [[[39.64067, 43.573832], [39.63745, 43.569813], [39.640818, 43.565548], [39.647407, 43.565301], [39.650627, 43.56932], [39.647259, 43.573585], [39.64067, 43.573832]]]}, "properties": {"i": 332, "h3": "882d5680edfffff", "lon": 39.64404, "lat": 43.56957, "water_km2": 0.73, "dist_coast_km": 7.0, "persistence": 0.0, "mean_cover": 0.0, "max_cover": 0.0, "trend_cover": 0.0, "hot": 0.0, "n_obs": 22}}, {"type": "Feature", "id": 333, "geometry": {"type": "Polygon", "coordinates": [[[39.602348, 43.509007], [39.599131, 43.504984], [39.6025, 43.500717], [39.609085, 43.500475], [39.612302, 43.504498], [39.608933, 43.508764], [39.602348, 43.509007]]]}, "properties": {"i": 333, "h3": "882d568101fffff", "lon": 39.60572, "lat": 43.50474, "water_km2": 0.732, "dist_coast_km": 13.1, "persistence": 0.0, "mean_cover": 0.0, "max_cover": 0.0, "trend_cover": 0.0, "hot": 0.0, "n_obs": 22}}, {"type": "Feature", "id": 334, "geometry": {"type": "Polygon", "coordinates": [[[39.61215, 43.512787], [39.608933, 43.508764], [39.612302, 43.504498], [39.618887, 43.504254], [39.622104, 43.508277], [39.618736, 43.512543], [39.61215, 43.512787]]]}, "properties": {"i": 334, "h3": "882d568103fffff", "lon": 39.61552, "lat": 43.50852, "water_km2": 0.732, "dist_coast_km": 12.0, "persistence": 0.0, "mean_cover": 0.0, "max_cover": 0.0, "trend_cover": 0.0, "hot": 0.0, "n_obs": 22}}, {"type": "Feature", "id": 335, "geometry": {"type": "Polygon", "coordinates": [[[39.6025, 43.500717], [39.599284, 43.496694], [39.602652, 43.492427], [39.609236, 43.492184], [39.612453, 43.496208], [39.609085, 43.500475], [39.6025, 43.500717]]]}, "properties": {"i": 335, "h3": "882d568105fffff", "lon": 39.60587, "lat": 43.49645, "water_km2": 0.728, "dist_coast_km": 14.2, "persistence": 0.0, "mean_cover": 0.0, "max_cover": 0.0, "trend_cover": 0.0, "hot": 0.0, "n_obs": 22}}, {"type": "Feature", "id": 336, "geometry": {"type": "Polygon", "coordinates": [[[39.612302, 43.504498], [39.609085, 43.500475], [39.612453, 43.496208], [39.619037, 43.495965], [39.622254, 43.499988], [39.618887, 43.504254], [39.612302, 43.504498]]]}, "properties": {"i": 336, "h3": "882d568107fffff", "lon": 39.61567, "lat": 43.50023, "water_km2": 0.742, "dist_coast_km": 12.0, "persistence": 0.0, "mean_cover": 0.0, "max_cover": 0.0, "trend_cover": 0.0, "hot": 0.0, "n_obs": 22}}, {"type": "Feature", "id": 337, "geometry": {"type": "Polygon", "coordinates": [[[39.592392, 43.513516], [39.589175, 43.509492], [39.592545, 43.505226], [39.599131, 43.504984], [39.602348, 43.509007], [39.598978, 43.513273], [39.592392, 43.513516]]]}, "properties": {"i": 337, "h3": "882d568109fffff", "lon": 39.59576, "lat": 43.50925, "water_km2": 0.732, "dist_coast_km": 14.2, "persistence": 0.0, "mean_cover": 0.0, "max_cover": 0.0, "trend_cover": 0.0, "hot": 0.0, "n_obs": 22}}, {"type": "Feature", "id": 338, "geometry": {"type": "Polygon", "coordinates": [[[39.602195, 43.517296], [39.598978, 43.513273], [39.602348, 43.509007], [39.608933, 43.508764], [39.61215, 43.512787], [39.608782, 43.517053], [39.602195, 43.517296]]]}, "properties": {"i": 338, "h3": "882d56810bfffff", "lon": 39.60556, "lat": 43.51303, "water_km2": 0.738, "dist_coast_km": 13.1, "persistence": 0.0, "mean_cover": 0.0, "max_cover": 0.0, "trend_cover": 0.0, "hot": 0.0, "n_obs": 22}}, {"type": "Feature", "id": 339, "geometry": {"type": "Polygon", "coordinates": [[[39.592545, 43.505226], [39.589329, 43.501202], [39.592698, 43.496936], [39.599284, 43.496694], [39.6025, 43.500717], [39.599131, 43.504984], [39.592545, 43.505226]]]}, "properties": {"i": 339, "h3": "882d56810dfffff", "lon": 39.59591, "lat": 43.50096, "water_km2": 0.732, "dist_coast_km": 14.2, "persistence": 0.0, "mean_cover": 0.0, "max_cover": 0.0, "trend_cover": 0.0, "hot": 0.0, "n_obs": 22}}, {"type": "Feature", "id": 340, "geometry": {"type": "Polygon", "coordinates": [[[39.621803, 43.524854], [39.618585, 43.520832], [39.621953, 43.516566], [39.628539, 43.516321], [39.631757, 43.520343], [39.628389, 43.524609], [39.621803, 43.524854]]]}, "properties": {"i": 340, "h3": "882d568111fffff", "lon": 39.62517, "lat": 43.52059, "water_km2": 0.735, "dist_coast_km": 10.9, "persistence": 0.0, "mean_cover": 0.0, "max_cover": 0.0, "trend_cover": 0.0, "hot": 0.0, "n_obs": 22}}, {"type": "Feature", "id": 341, "geometry": {"type": "Polygon", "coordinates": [[[39.631607, 43.52863], [39.628389, 43.524609], [39.631757, 43.520343], [39.638342, 43.520098], [39.64156, 43.524119], [39.638193, 43.528385], [39.631607, 43.52863]]]}, "properties": {"i": 341, "h3": "882d568113fffff", "lon": 39.63497, "lat": 43.52436, "water_km2": 0.732, "dist_coast_km": 9.8, "persistence": 0.0, "mean_cover": 0.0, "max_cover": 0.0, "trend_cover": 0.0, "hot": 0.0, "n_obs": 22}}, {"type": "Feature", "id": 342, "geometry": {"type": "Polygon", "coordinates": [[[39.621953, 43.516566], [39.618736, 43.512543], [39.622104, 43.508277], [39.628688, 43.508033], [39.631906, 43.512055], [39.628539, 43.516321], [39.621953, 43.516566]]]}, "properties": {"i": 342, "h3": "882d568115fffff", "lon": 39.62532, "lat": 43.5123, "water_km2": 0.735, "dist_coast_km": 12.0, "persistence": 0.0, "mean_cover": 0.0, "max_cover": 0.0, "trend_cover": 0.0, "hot": 0.0, "n_obs": 22}}, {"type": "Feature", "id": 343, "geometry": {"type": "Polygon", "coordinates": [[[39.631757, 43.520343], [39.628539, 43.516321], [39.631906, 43.512055], [39.63849, 43.51181], [39.641708, 43.515831], [39.638342, 43.520098], [39.631757, 43.520343]]]}, "properties": {"i": 343, "h3": "882d568117fffff", "lon": 39.63512, "lat": 43.51608, "water_km2": 0.728, "dist_coast_km": 11.0, "persistence": 0.0, "mean_cover": 0.0, "max_cover": 0.0, "trend_cover": 0.0, "hot": 0.0, "n_obs": 22}}, {"type": "Feature", "id": 344, "geometry": {"type": "Polygon", "coordinates": [[[39.611848, 43.529364], [39.60863, 43.525341], [39.611999, 43.521076], [39.618585, 43.520832], [39.621803, 43.524854], [39.618435, 43.52912], [39.611848, 43.529364]]]}, "properties": {"i": 344, "h3": "882d568119fffff", "lon": 39.61522, "lat": 43.5251, "water_km2": 0.738, "dist_coast_km": 10.9, "persistence": 0.0, "mean_cover": 0.0, "max_cover": 0.0, "trend_cover": 0.0, "hot": 0.0, "n_obs": 22}}, {"type": "Feature", "id": 345, "geometry": {"type": "Polygon", "coordinates": [[[39.621653, 43.533141], [39.618435, 43.52912], [39.621803, 43.524854], [39.628389, 43.524609], [39.631607, 43.52863], [39.628239, 43.532896], [39.621653, 43.533141]]]}, "properties": {"i": 345, "h3": "882d56811bfffff", "lon": 39.62502, "lat": 43.52888, "water_km2": 0.73, "dist_coast_km": 10.9, "persistence": 0.0, "mean_cover": 0.0, "max_cover": 0.0, "trend_cover": 0.0, "hot": 0.0, "n_obs": 22}}, {"type": "Feature", "id": 346, "geometry": {"type": "Polygon", "coordinates": [[[39.611999, 43.521076], [39.608782, 43.517053], [39.61215, 43.512787], [39.618736, 43.512543], [39.621953, 43.516566], [39.618585, 43.520832], [39.611999, 43.521076]]]}, "properties": {"i": 346, "h3": "882d56811dfffff", "lon": 39.61537, "lat": 43.51681, "water_km2": 0.735, "dist_coast_km": 10.9, "persistence": 0.0, "mean_cover": 0.0, "max_cover": 0.0, "trend_cover": 0.0, "hot": 0.0, "n_obs": 22}}, {"type": "Feature", "id": 347, "geometry": {"type": "Polygon", "coordinates": [[[39.612604, 43.487918], [39.609388, 43.483894], [39.612755, 43.479627], [39.619338, 43.479384], [39.622554, 43.483407], [39.619188, 43.487674], [39.612604, 43.487918]]]}, "properties": {"i": 347, "h3": "882d568121fffff", "lon": 39.61597, "lat": 43.48365, "water_km2": 0.745, "dist_coast_km": 13.2, "persistence": 0.0, "mean_cover": 0.0, "max_cover": 0.0, "trend_cover": 0.0, "hot": 0.0, "n_obs": 22}}, {"type": "Feature", "id": 348, "geometry": {"type": "Polygon", "coordinates": [[[39.622404, 43.491698], [39.619188, 43.487674], [39.622554, 43.483407], [39.629137, 43.483164], [39.632354, 43.487187], [39.628987, 43.491454], [39.622404, 43.491698]]]}, "properties": {"i": 348, "h3": "882d568123fffff", "lon": 39.62577, "lat": 43.48743, "water_km2": 0.728, "dist_coast_km": 13.2, "persistence": 0.0, "mean_cover": 0.0, "max_cover": 0.0, "trend_cover": 0.0, "hot": 0.0, "n_obs": 22}}, {"type": "Feature", "id": 349, "geometry": {"type": "Polygon", "coordinates": [[[39.612755, 43.479627], [39.609539, 43.475602], [39.612906, 43.471335], [39.619489, 43.471092], [39.622704, 43.475116], [39.619338, 43.479384], [39.612755, 43.479627]]]}, "properties": {"i": 349, "h3": "882d568125fffff", "lon": 39.61612, "lat": 43.47536, "water_km2": 0.73, "dist_coast_km": 14.6, "persistence": 0.0, "mean_cover": 0.0, "max_cover": 0.0, "trend_cover": 0.0, "hot": 0.0, "n_obs": 22}}, {"type": "Feature", "id": 350, "geometry": {"type": "Polygon", "coordinates": [[[39.622554, 43.483407], [39.619338, 43.479384], [39.622704, 43.475116], [39.629286, 43.474873], [39.632503, 43.478896], [39.629137, 43.483164], [39.622554, 43.483407]]]}, "properties": {"i": 350, "h3": "882d568127fffff", "lon": 39.62592, "lat": 43.47914, "water_km2": 0.738, "dist_coast_km": 14.6, "persistence": 0.0, "mean_cover": 0.0, "max_cover": 0.0, "trend_cover": 0.0, "hot": 0.0, "n_obs": 22}}, {"type": "Feature", "id": 351, "geometry": {"type": "Polygon", "coordinates": [[[39.602652, 43.492427], [39.599436, 43.488403], [39.602804, 43.484136], [39.609388, 43.483894], [39.612604, 43.487918], [39.609236, 43.492184], [39.602652, 43.492427]]]}, "properties": {"i": 351, "h3": "882d568129fffff", "lon": 39.60602, "lat": 43.48816, "water_km2": 0.748, "dist_coast_km": 14.2, "persistence": 0.0, "mean_cover": 0.0, "max_cover": 0.0, "trend_cover": 0.0, "hot": 0.0, "n_obs": 22}}, {"type": "Feature", "id": 352, "geometry": {"type": "Polygon", "coordinates": [[[39.612453, 43.496208], [39.609236, 43.492184], [39.612604, 43.487918], [39.619188, 43.487674], [39.622404, 43.491698], [39.619037, 43.495965], [39.612453, 43.496208]]]}, "properties": {"i": 352, "h3": "882d56812bfffff", "lon": 39.61582, "lat": 43.49194, "water_km2": 0.722, "dist_coast_km": 13.2, "persistence": 0.0, "mean_cover": 0.0, "max_cover": 0.0, "trend_cover": 0.0, "hot": 0.0, "n_obs": 22}}, {"type": "Feature", "id": 353, "geometry": {"type": "Polygon", "coordinates": [[[39.602804, 43.484136], [39.599589, 43.480112], [39.602956, 43.475845], [39.609539, 43.475602], [39.612755, 43.479627], [39.609388, 43.483894], [39.602804, 43.484136]]]}, "properties": {"i": 353, "h3": "882d56812dfffff", "lon": 39.60617, "lat": 43.47987, "water_km2": 0.722, "dist_coast_km": 15.5, "persistence": 0.045, "mean_cover": 0.839, "max_cover": 18.454, "trend_cover": -0.1354, "hot": 0.0277, "n_obs": 22}}, {"type": "Feature", "id": 354, "geometry": {"type": "Polygon", "coordinates": [[[39.632055, 43.503766], [39.628838, 43.499744], [39.632204, 43.495477], [39.638788, 43.495232], [39.642005, 43.499255], [39.638639, 43.503521], [39.632055, 43.503766]]]}, "properties": {"i": 354, "h3": "882d568131fffff", "lon": 39.63542, "lat": 43.4995, "water_km2": 0.722, "dist_coast_km": 12.3, "persistence": 0.0, "mean_cover": 0.0, "max_cover": 0.0, "trend_cover": 0.0, "hot": 0.0, "n_obs": 22}}, {"type": "Feature", "id": 355, "geometry": {"type": "Polygon", "coordinates": [[[39.641857, 43.507543], [39.638639, 43.503521], [39.642005, 43.499255], [39.648588, 43.499009], [39.651806, 43.503031], [39.64844, 43.507298], [39.641857, 43.507543]]]}, "properties": {"i": 355, "h3": "882d568133fffff", "lon": 39.64522, "lat": 43.50328, "water_km2": 0.75, "dist_coast_km": 11.0, "persistence": 0.045, "mean_cover": 0.143, "max_cover": 3.137, "trend_cover": -0.0024, "hot": 0.0061, "n_obs": 22}}, {"type": "Feature", "id": 356, "geometry": {"type": "Polygon", "coordinates": [[[39.632204, 43.495477], [39.628987, 43.491454], [39.632354, 43.487187], [39.638936, 43.486943], [39.642153, 43.490965], [39.638788, 43.495232], [39.632204, 43.495477]]]}, "properties": {"i": 356, "h3": "882d568135fffff", "lon": 39.63557, "lat": 43.49121, "water_km2": 0.742, "dist_coast_km": 12.3, "persistence": 0.0, "mean_cover": 0.0, "max_cover": 0.0, "trend_cover": 0.0, "hot": 0.0, "n_obs": 22}}, {"type": "Feature", "id": 357, "geometry": {"type": "Polygon", "coordinates": [[[39.642005, 43.499255], [39.638788, 43.495232], [39.642153, 43.490965], [39.648735, 43.49072], [39.651953, 43.494742], [39.648588, 43.499009], [39.642005, 43.499255]]]}, "properties": {"i": 357, "h3": "882d568137fffff", "lon": 39.64537, "lat": 43.49499, "water_km2": 0.725, "dist_coast_km": 12.3, "persistence": 0.0, "mean_cover": 0.0, "max_cover": 0.0, "trend_cover": 0.0, "hot": 0.0, "n_obs": 22}}, {"type": "Feature", "id": 358, "geometry": {"type": "Polygon", "coordinates": [[[39.622104, 43.508277], [39.618887, 43.504254], [39.622254, 43.499988], [39.628838, 43.499744], [39.632055, 43.503766], [39.628688, 43.508033], [39.622104, 43.508277]]]}, "properties": {"i": 358, "h3": "882d568139fffff", "lon": 39.62547, "lat": 43.50401, "water_km2": 0.725, "dist_coast_km": 12.0, "persistence": 0.0, "mean_cover": 0.0, "max_cover": 0.0, "trend_cover": 0.0, "hot": 0.0, "n_obs": 22}}, {"type": "Feature", "id": 359, "geometry": {"type": "Polygon", "coordinates": [[[39.631906, 43.512055], [39.628688, 43.508033], [39.632055, 43.503766], [39.638639, 43.503521], [39.641857, 43.507543], [39.63849, 43.51181], [39.631906, 43.512055]]]}, "properties": {"i": 359, "h3": "882d56813bfffff", "lon": 39.63527, "lat": 43.50779, "water_km2": 0.745, "dist_coast_km": 11.0, "persistence": 0.0, "mean_cover": 0.0, "max_cover": 0.0, "trend_cover": 0.0, "hot": 0.0, "n_obs": 22}}, {"type": "Feature", "id": 360, "geometry": {"type": "Polygon", "coordinates": [[[39.622254, 43.499988], [39.619037, 43.495965], [39.622404, 43.491698], [39.628987, 43.491454], [39.632204, 43.495477], [39.628838, 43.499744], [39.622254, 43.499988]]]}, "properties": {"i": 360, "h3": "882d56813dfffff", "lon": 39.62562, "lat": 43.49572, "water_km2": 0.75, "dist_coast_km": 13.2, "persistence": 0.0, "mean_cover": 0.0, "max_cover": 0.0, "trend_cover": 0.0, "hot": 0.0, "n_obs": 22}}, {"type": "Feature", "id": 361, "geometry": {"type": "Polygon", "coordinates": [[[39.57263, 43.514241], [39.569414, 43.510217], [39.572786, 43.505951], [39.579373, 43.50571], [39.582589, 43.509734], [39.579218, 43.514], [39.57263, 43.514241]]]}, "properties": {"i": 361, "h3": "882d568141fffff", "lon": 39.576, "lat": 43.50998, "water_km2": 0.74, "dist_coast_km": 15.3, "persistence": 0.0, "mean_cover": 0.0, "max_cover": 0.0, "trend_cover": 0.0, "hot": 0.0, "n_obs": 22}}, {"type": "Feature", "id": 362, "geometry": {"type": "Polygon", "coordinates": [[[39.582434, 43.518024], [39.579218, 43.514], [39.582589, 43.509734], [39.589175, 43.509492], [39.592392, 43.513516], [39.589022, 43.517782], [39.582434, 43.518024]]]}, "properties": {"i": 362, "h3": "882d568143fffff", "lon": 39.58581, "lat": 43.51376, "water_km2": 0.73, "dist_coast_km": 14.2, "persistence": 0.0, "mean_cover": 0.0, "max_cover": 0.0, "trend_cover": 0.0, "hot": 0.0, "n_obs": 22}}, {"type": "Feature", "id": 363, "geometry": {"type": "Polygon", "coordinates": [[[39.572786, 43.505951], [39.56957, 43.501926], [39.572941, 43.497661], [39.579527, 43.497419], [39.582743, 43.501444], [39.579373, 43.50571], [39.572786, 43.505951]]]}, "properties": {"i": 363, "h3": "882d568145fffff", "lon": 39.57616, "lat": 43.50169, "water_km2": 0.73, "dist_coast_km": 15.3, "persistence": 0.045, "mean_cover": 0.22, "max_cover": 4.835, "trend_cover": -0.0037, "hot": 0.009, "n_obs": 22}}, {"type": "Feature", "id": 364, "geometry": {"type": "Polygon", "coordinates": [[[39.582589, 43.509734], [39.579373, 43.50571], [39.582743, 43.501444], [39.589329, 43.501202], [39.592545, 43.505226], [39.589175, 43.509492], [39.582589, 43.509734]]]}, "properties": {"i": 364, "h3": "882d568147fffff", "lon": 39.58596, "lat": 43.50547, "water_km2": 0.74, "dist_coast_km": 14.2, "persistence": 0.045, "mean_cover": 0.265, "max_cover": 5.829, "trend_cover": -0.0044, "hot": 0.0107, "n_obs": 22}}, {"type": "Feature", "id": 365, "geometry": {"type": "Polygon", "coordinates": [[[39.56267, 43.518748], [39.559454, 43.514723], [39.562827, 43.510458], [39.569414, 43.510217], [39.57263, 43.514241], [39.569259, 43.518507], [39.56267, 43.518748]]]}, "properties": {"i": 365, "h3": "882d568149fffff", "lon": 39.56604, "lat": 43.51448, "water_km2": 0.745, "dist_coast_km": 15.3, "persistence": 0.0, "mean_cover": 0.0, "max_cover": 0.0, "trend_cover": 0.0, "hot": 0.0, "n_obs": 22}}, {"type": "Feature", "id": 366, "geometry": {"type": "Polygon", "coordinates": [[[39.572475, 43.522531], [39.569259, 43.518507], [39.57263, 43.514241], [39.579218, 43.514], [39.582434, 43.518024], [39.579063, 43.522289], [39.572475, 43.522531]]]}, "properties": {"i": 366, "h3": "882d56814bfffff", "lon": 39.57585, "lat": 43.51827, "water_km2": 0.725, "dist_coast_km": 14.2, "persistence": 0.0, "mean_cover": 0.0, "max_cover": 0.0, "trend_cover": 0.0, "hot": 0.0, "n_obs": 22}}, {"type": "Feature", "id": 367, "geometry": {"type": "Polygon", "coordinates": [[[39.562827, 43.510458], [39.559611, 43.506433], [39.562983, 43.502167], [39.56957, 43.501926], [39.572786, 43.505951], [39.569414, 43.510217], [39.562827, 43.510458]]]}, "properties": {"i": 367, "h3": "882d56814dfffff", "lon": 39.5662, "lat": 43.50619, "water_km2": 0.728, "dist_coast_km": 15.3, "persistence": 0.0, "mean_cover": 0.0, "max_cover": 0.0, "trend_cover": 0.0, "hot": 0.0, "n_obs": 22}}, {"type": "Feature", "id": 368, "geometry": {"type": "Polygon", "coordinates": [[[39.592085, 43.530093], [39.588868, 43.526071], [39.592239, 43.521805], [39.598826, 43.521562], [39.602043, 43.525585], [39.598673, 43.52985], [39.592085, 43.530093]]]}, "properties": {"i": 368, "h3": "882d568151fffff", "lon": 39.59546, "lat": 43.52583, "water_km2": 0.728, "dist_coast_km": 13.1, "persistence": 0.0, "mean_cover": 0.0, "max_cover": 0.0, "trend_cover": 0.0, "hot": 0.0, "n_obs": 22}}, {"type": "Feature", "id": 369, "geometry": {"type": "Polygon", "coordinates": [[[39.601891, 43.533873], [39.598673, 43.52985], [39.602043, 43.525585], [39.60863, 43.525341], [39.611848, 43.529364], [39.608478, 43.533629], [39.601891, 43.533873]]]}, "properties": {"i": 369, "h3": "882d568153fffff", "lon": 39.60526, "lat": 43.52961, "water_km2": 0.745, "dist_coast_km": 12.0, "persistence": 0.0, "mean_cover": 0.0, "max_cover": 0.0, "trend_cover": 0.0, "hot": 0.0, "n_obs": 22}}, {"type": "Feature", "id": 370, "geometry": {"type": "Polygon", "coordinates": [[[39.592239, 43.521805], [39.589022, 43.517782], [39.592392, 43.513516], [39.598978, 43.513273], [39.602195, 43.517296], [39.598826, 43.521562], [39.592239, 43.521805]]]}, "properties": {"i": 370, "h3": "882d568155fffff", "lon": 39.59561, "lat": 43.51754, "water_km2": 0.738, "dist_coast_km": 13.1, "persistence": 0.0, "mean_cover": 0.0, "max_cover": 0.0, "trend_cover": 0.0, "hot": 0.0, "n_obs": 22}}, {"type": "Feature", "id": 371, "geometry": {"type": "Polygon", "coordinates": [[[39.602043, 43.525585], [39.598826, 43.521562], [39.602195, 43.517296], [39.608782, 43.517053], [39.611999, 43.521076], [39.60863, 43.525341], [39.602043, 43.525585]]]}, "properties": {"i": 371, "h3": "882d568157fffff", "lon": 39.60541, "lat": 43.52132, "water_km2": 0.728, "dist_coast_km": 12.0, "persistence": 0.0, "mean_cover": 0.0, "max_cover": 0.0, "trend_cover": 0.0, "hot": 0.0, "n_obs": 22}}, {"type": "Feature", "id": 372, "geometry": {"type": "Polygon", "coordinates": [[[39.582126, 43.534601], [39.578909, 43.530578], [39.58228, 43.526313], [39.588868, 43.526071], [39.592085, 43.530093], [39.588714, 43.534359], [39.582126, 43.534601]]]}, "properties": {"i": 372, "h3": "882d568159fffff", "lon": 39.5855, "lat": 43.53034, "water_km2": 0.722, "dist_coast_km": 13.1, "persistence": 0.0, "mean_cover": 0.0, "max_cover": 0.0, "trend_cover": 0.0, "hot": 0.0, "n_obs": 22}}, {"type": "Feature", "id": 373, "geometry": {"type": "Polygon", "coordinates": [[[39.591932, 43.538381], [39.588714, 43.534359], [39.592085, 43.530093], [39.598673, 43.52985], [39.601891, 43.533873], [39.59852, 43.538138], [39.591932, 43.538381]]]}, "properties": {"i": 373, "h3": "882d56815bfffff", "lon": 39.5953, "lat": 43.53412, "water_km2": 0.745, "dist_coast_km": 12.1, "persistence": 0.0, "mean_cover": 0.0, "max_cover": 0.0, "trend_cover": 0.0, "hot": 0.0, "n_obs": 22}}, {"type": "Feature", "id": 374, "geometry": {"type": "Polygon", "coordinates": [[[39.58228, 43.526313], [39.579063, 43.522289], [39.582434, 43.518024], [39.589022, 43.517782], [39.592239, 43.521805], [39.588868, 43.526071], [39.58228, 43.526313]]]}, "properties": {"i": 374, "h3": "882d56815dfffff", "lon": 39.58565, "lat": 43.52205, "water_km2": 0.75, "dist_coast_km": 13.1, "persistence": 0.0, "mean_cover": 0.0, "max_cover": 0.0, "trend_cover": 0.0, "hot": 0.0, "n_obs": 22}}, {"type": "Feature", "id": 375, "geometry": {"type": "Polygon", "coordinates": [[[39.582897, 43.493153], [39.579682, 43.489128], [39.583051, 43.484862], [39.589636, 43.48462], [39.592852, 43.488645], [39.589482, 43.492912], [39.582897, 43.493153]]]}, "properties": {"i": 375, "h3": "882d568161fffff", "lon": 39.58627, "lat": 43.48889, "water_km2": 0.728, "dist_coast_km": 15.3, "persistence": 0.0, "mean_cover": 0.0, "max_cover": 0.0, "trend_cover": 0.0, "hot": 0.0, "n_obs": 22}}, {"type": "Feature", "id": 376, "geometry": {"type": "Polygon", "coordinates": [[[39.592698, 43.496936], [39.589482, 43.492912], [39.592852, 43.488645], [39.599436, 43.488403], [39.602652, 43.492427], [39.599284, 43.496694], [39.592698, 43.496936]]]}, "properties": {"i": 376, "h3": "882d568163fffff", "lon": 39.59607, "lat": 43.49267, "water_km2": 0.742, "dist_coast_km": 15.3, "persistence": 0.0, "mean_cover": 0.0, "max_cover": 0.0, "trend_cover": 0.0, "hot": 0.0, "n_obs": 22}}, {"type": "Feature", "id": 377, "geometry": {"type": "Polygon", "coordinates": [[[39.583051, 43.484862], [39.579836, 43.480836], [39.583206, 43.47657], [39.589789, 43.476328], [39.593005, 43.480354], [39.589636, 43.48462], [39.583051, 43.484862]]]}, "properties": {"i": 377, "h3": "882d568165fffff", "lon": 39.58642, "lat": 43.4806, "water_km2": 0.748, "dist_coast_km": 16.5, "persistence": 0.0, "mean_cover": 0.0, "max_cover": 0.0, "trend_cover": 0.0, "hot": 0.0, "n_obs": 22}}, {"type": "Feature", "id": 378, "geometry": {"type": "Polygon", "coordinates": [[[39.592852, 43.488645], [39.589636, 43.48462], [39.593005, 43.480354], [39.599589, 43.480112], [39.602804, 43.484136], [39.599436, 43.488403], [39.592852, 43.488645]]]}, "properties": {"i": 378, "h3": "882d568167fffff", "lon": 39.59622, "lat": 43.48438, "water_km2": 0.725, "dist_coast_km": 14.2, "persistence": 0.0, "mean_cover": 0.0, "max_cover": 0.0, "trend_cover": 0.0, "hot": 0.0, "n_obs": 22}}, {"type": "Feature", "id": 379, "geometry": {"type": "Polygon", "coordinates": [[[39.572941, 43.497661], [39.569726, 43.493635], [39.573096, 43.489369], [39.579682, 43.489128], [39.582897, 43.493153], [39.579527, 43.497419], [39.572941, 43.497661]]]}, "properties": {"i": 379, "h3": "882d568169fffff", "lon": 39.57631, "lat": 43.49339, "water_km2": 0.735, "dist_coast_km": 16.3, "persistence": 0.0, "mean_cover": 0.0, "max_cover": 0.0, "trend_cover": 0.0, "hot": 0.0, "n_obs": 22}}, {"type": "Feature", "id": 380, "geometry": {"type": "Polygon", "coordinates": [[[39.582743, 43.501444], [39.579527, 43.497419], [39.582897, 43.493153], [39.589482, 43.492912], [39.592698, 43.496936], [39.589329, 43.501202], [39.582743, 43.501444]]]}, "properties": {"i": 380, "h3": "882d56816bfffff", "lon": 39.58611, "lat": 43.49718, "water_km2": 0.735, "dist_coast_km": 15.3, "persistence": 0.0, "mean_cover": 0.0, "max_cover": 0.0, "trend_cover": 0.0, "hot": 0.0, "n_obs": 22}}, {"type": "Feature", "id": 381, "geometry": {"type": "Polygon", "coordinates": [[[39.573096, 43.489369], [39.569881, 43.485344], [39.573251, 43.481077], [39.579836, 43.480836], [39.583051, 43.484862], [39.579682, 43.489128], [39.573096, 43.489369]]]}, "properties": {"i": 381, "h3": "882d56816dfffff", "lon": 39.57647, "lat": 43.4851, "water_km2": 0.738, "dist_coast_km": 16.3, "persistence": 0.0, "mean_cover": 0.0, "max_cover": 0.0, "trend_cover": 0.0, "hot": 0.0, "n_obs": 22}}, {"type": "Feature", "id": 382, "geometry": {"type": "Polygon", "coordinates": [[[39.670972, 43.53544], [39.667753, 43.531421], [39.671117, 43.527154], [39.677701, 43.526907], [39.680921, 43.530926], [39.677557, 43.535193], [39.670972, 43.53544]]]}, "properties": {"i": 382, "h3": "882d568181fffff", "lon": 39.67434, "lat": 43.53117, "water_km2": 0.722, "dist_coast_km": 7.7, "persistence": 0.0, "mean_cover": 0.0, "max_cover": 0.0, "trend_cover": 0.0, "hot": 0.0, "n_obs": 22}}, {"type": "Feature", "id": 383, "geometry": {"type": "Polygon", "coordinates": [[[39.680777, 43.539211], [39.677557, 43.535193], [39.680921, 43.530926], [39.687505, 43.530678], [39.690725, 43.534697], [39.687361, 43.538963], [39.680777, 43.539211]]]}, "properties": {"i": 383, "h3": "882d568183fffff", "lon": 39.68414, "lat": 43.53494, "water_km2": 0.745, "dist_coast_km": 5.5, "persistence": 0.0, "mean_cover": 0.0, "max_cover": 0.0, "trend_cover": 0.0, "hot": 0.0, "n_obs": 22}}, {"type": "Feature", "id": 384, "geometry": {"type": "Polygon", "coordinates": [[[39.671117, 43.527154], [39.667898, 43.523135], [39.671263, 43.518868], [39.677846, 43.518621], [39.681065, 43.52264], [39.677701, 43.526907], [39.671117, 43.527154]]]}, "properties": {"i": 384, "h3": "882d568185fffff", "lon": 39.67448, "lat": 43.52289, "water_km2": 0.75, "dist_coast_km": 7.7, "persistence": 0.0, "mean_cover": 0.0, "max_cover": 0.0, "trend_cover": 0.0, "hot": 0.0, "n_obs": 22}}, {"type": "Feature", "id": 385, "geometry": {"type": "Polygon", "coordinates": [[[39.680921, 43.530926], [39.677701, 43.526907], [39.681065, 43.52264], [39.687648, 43.522392], [39.690868, 43.526411], [39.687505, 43.530678], [39.680921, 43.530926]]]}, "properties": {"i": 385, "h3": "882d568187fffff", "lon": 39.68428, "lat": 43.52666, "water_km2": 0.728, "dist_coast_km": 6.9, "persistence": 0.0, "mean_cover": 0.0, "max_cover": 0.0, "trend_cover": 0.0, "hot": 0.0, "n_obs": 22}}, {"type": "Feature", "id": 386, "geometry": {"type": "Polygon", "coordinates": [[[39.661022, 43.539954], [39.657802, 43.535934], [39.661168, 43.531668], [39.667753, 43.531421], [39.670972, 43.53544], [39.667607, 43.539707], [39.661022, 43.539954]]]}, "properties": {"i": 386, "h3": "882d568189fffff", "lon": 39.66439, "lat": 43.53569, "water_km2": 0.73, "dist_coast_km": 6.5, "persistence": 0.0, "mean_cover": 0.0, "max_cover": 0.0, "trend_cover": 0.0, "hot": 0.0, "n_obs": 22}}, {"type": "Feature", "id": 387, "geometry": {"type": "Polygon", "coordinates": [[[39.670827, 43.543726], [39.667607, 43.539707], [39.670972, 43.53544], [39.677557, 43.535193], [39.680777, 43.539211], [39.677412, 43.543478], [39.670827, 43.543726]]]}, "properties": {"i": 387, "h3": "882d56818bfffff", "lon": 39.67419, "lat": 43.53946, "water_km2": 0.738, "dist_coast_km": 6.5, "persistence": 0.0, "mean_cover": 0.0, "max_cover": 0.0, "trend_cover": 0.0, "hot": 0.0, "n_obs": 22}}, {"type": "Feature", "id": 388, "geometry": {"type": "Polygon", "coordinates": [[[39.661168, 43.531668], [39.657949, 43.527648], [39.661314, 43.523381], [39.667898, 43.523135], [39.671117, 43.527154], [39.667753, 43.531421], [39.661168, 43.531668]]]}, "properties": {"i": 388, "h3": "882d56818dfffff", "lon": 39.66453, "lat": 43.5274, "water_km2": 0.742, "dist_coast_km": 7.7, "persistence": 0.0, "mean_cover": 0.0, "max_cover": 0.0, "trend_cover": 0.0, "hot": 0.0, "n_obs": 22}}, {"type": "Feature", "id": 389, "geometry": {"type": "Polygon", "coordinates": [[[39.690438, 43.551266], [39.687217, 43.547248], [39.690581, 43.542981], [39.697165, 43.542733], [39.700386, 43.54675], [39.697023, 43.551017], [39.690438, 43.551266]]]}, "properties": {"i": 389, "h3": "882d568191fffff", "lon": 39.6938, "lat": 43.547, "water_km2": 0.735, "dist_coast_km": 5.5, "persistence": 0.0, "mean_cover": 0.0, "max_cover": 0.0, "trend_cover": 0.0, "hot": 0.0, "n_obs": 22}}, {"type": "Feature", "id": 390, "geometry": {"type": "Polygon", "coordinates": [[[39.700244, 43.555034], [39.697023, 43.551017], [39.700386, 43.54675], [39.70697, 43.546501], [39.710191, 43.550518], [39.706828, 43.554785], [39.700244, 43.555034]]]}, "properties": {"i": 390, "h3": "882d568193fffff", "lon": 39.70361, "lat": 43.55077, "water_km2": 0.73, "dist_coast_km": 3.3, "persistence": 0.045, "mean_cover": 1.514, "max_cover": 33.306, "trend_cover": -0.2445, "hot": 0.0419, "n_obs": 22}}, {"type": "Feature", "id": 391, "geometry": {"type": "Polygon", "coordinates": [[[39.690581, 43.542981], [39.687361, 43.538963], [39.690725, 43.534697], [39.697308, 43.534448], [39.700529, 43.538466], [39.697165, 43.542733], [39.690581, 43.542981]]]}, "properties": {"i": 391, "h3": "882d568195fffff", "lon": 39.69394, "lat": 43.53871, "water_km2": 0.725, "dist_coast_km": 5.5, "persistence": 0.045, "mean_cover": 2.311, "max_cover": 50.845, "trend_cover": -0.4828, "hot": 0.0544, "n_obs": 22}}, {"type": "Feature", "id": 392, "geometry": {"type": "Polygon", "coordinates": [[[39.700386, 43.54675], [39.697165, 43.542733], [39.700529, 43.538466], [39.707112, 43.538217], [39.710333, 43.542234], [39.70697, 43.546501], [39.700386, 43.54675]]]}, "properties": {"i": 392, "h3": "882d568197fffff", "lon": 39.70375, "lat": 43.54248, "water_km2": 0.742, "dist_coast_km": 4.6, "persistence": 0.0, "mean_cover": 0.0, "max_cover": 0.0, "trend_cover": 0.0, "hot": 0.0, "n_obs": 22}}, {"type": "Feature", "id": 393, "geometry": {"type": "Polygon", "coordinates": [[[39.680488, 43.55578], [39.677267, 43.551762], [39.680632, 43.547496], [39.687217, 43.547248], [39.690438, 43.551266], [39.687073, 43.555532], [39.680488, 43.55578]]]}, "properties": {"i": 393, "h3": "882d568199fffff", "lon": 39.68385, "lat": 43.55151, "water_km2": 0.73, "dist_coast_km": 4.4, "persistence": 0.045, "mean_cover": 1.05, "max_cover": 23.1, "trend_cover": -0.2032, "hot": 0.0326, "n_obs": 22}}, {"type": "Feature", "id": 394, "geometry": {"type": "Polygon", "coordinates": [[[39.690294, 43.559549], [39.687073, 43.555532], [39.690438, 43.551266], [39.697023, 43.551017], [39.700244, 43.555034], [39.69688, 43.5593], [39.690294, 43.559549]]]}, "properties": {"i": 394, "h3": "882d56819bfffff", "lon": 39.69366, "lat": 43.55528, "water_km2": 0.738, "dist_coast_km": 4.4, "persistence": 0.0, "mean_cover": 0.0, "max_cover": 0.0, "trend_cover": 0.0, "hot": 0.0, "n_obs": 22}}, {"type": "Feature", "id": 395, "geometry": {"type": "Polygon", "coordinates": [[[39.680632, 43.547496], [39.677412, 43.543478], [39.680777, 43.539211], [39.687361, 43.538963], [39.690581, 43.542981], [39.687217, 43.547248], [39.680632, 43.547496]]]}, "properties": {"i": 395, "h3": "882d56819dfffff", "lon": 39.684, "lat": 43.54323, "water_km2": 0.73, "dist_coast_km": 5.5, "persistence": 0.091, "mean_cover": 1.294, "max_cover": 23.1, "trend_cover": -0.1874, "hot": 0.0755, "n_obs": 22}}, {"type": "Feature", "id": 396, "geometry": {"type": "Polygon", "coordinates": [[[39.681209, 43.514353], [39.67799, 43.510334], [39.681354, 43.506066], [39.687935, 43.505819], [39.691154, 43.509838], [39.687792, 43.514106], [39.681209, 43.514353]]]}, "properties": {"i": 396, "h3": "882d5681a1fffff", "lon": 39.68457, "lat": 43.51009, "water_km2": 0.73, "dist_coast_km": 8.4, "persistence": 0.091, "mean_cover": 3.248, "max_cover": 50.497, "trend_cover": -0.4953, "hot": 0.1315, "n_obs": 22}}, {"type": "Feature", "id": 397, "geometry": {"type": "Polygon", "coordinates": [[[39.691011, 43.518125], [39.687792, 43.514106], [39.691154, 43.509838], [39.697736, 43.50959], [39.700955, 43.513609], [39.697593, 43.517877], [39.691011, 43.518125]]]}, "properties": {"i": 397, "h3": "882d5681a3fffff", "lon": 39.69437, "lat": 43.51386, "water_km2": 0.738, "dist_coast_km": 8.4, "persistence": 0.0, "mean_cover": 0.0, "max_cover": 0.0, "trend_cover": 0.0, "hot": 0.0, "n_obs": 22}}, {"type": "Feature", "id": 398, "geometry": {"type": "Polygon", "coordinates": [[[39.681354, 43.506066], [39.678135, 43.502046], [39.681498, 43.497778], [39.688079, 43.497531], [39.691298, 43.501551], [39.687935, 43.505819], [39.681354, 43.506066]]]}, "properties": {"i": 398, "h3": "882d5681a5fffff", "lon": 39.68472, "lat": 43.5018, "water_km2": 0.732, "dist_coast_km": 8.4, "persistence": 0.0, "mean_cover": 0.0, "max_cover": 0.0, "trend_cover": 0.0, "hot": 0.0, "n_obs": 22}}, {"type": "Feature", "id": 399, "geometry": {"type": "Polygon", "coordinates": [[[39.691154, 43.509838], [39.687935, 43.505819], [39.691298, 43.501551], [39.697879, 43.501303], [39.701098, 43.505323], [39.697736, 43.50959], [39.691154, 43.509838]]]}, "properties": {"i": 399, "h3": "882d5681a7fffff", "lon": 39.69452, "lat": 43.50557, "water_km2": 0.735, "dist_coast_km": 8.4, "persistence": 0.0, "mean_cover": 0.0, "max_cover": 0.0, "trend_cover": 0.0, "hot": 0.0, "n_obs": 22}}, {"type": "Feature", "id": 400, "geometry": {"type": "Polygon", "coordinates": [[[39.671263, 43.518868], [39.668044, 43.514848], [39.671408, 43.510581], [39.67799, 43.510334], [39.681209, 43.514353], [39.677846, 43.518621], [39.671263, 43.518868]]]}, "properties": {"i": 400, "h3": "882d5681a9fffff", "lon": 39.67463, "lat": 43.5146, "water_km2": 0.725, "dist_coast_km": 9.2, "persistence": 0.0, "mean_cover": 0.0, "max_cover": 0.0, "trend_cover": 0.0, "hot": 0.0, "n_obs": 22}}, {"type": "Feature", "id": 401, "geometry": {"type": "Polygon", "coordinates": [[[39.681065, 43.52264], [39.677846, 43.518621], [39.681209, 43.514353], [39.687792, 43.514106], [39.691011, 43.518125], [39.687648, 43.522392], [39.681065, 43.52264]]]}, "properties": {"i": 401, "h3": "882d5681abfffff", "lon": 39.68443, "lat": 43.51837, "water_km2": 0.74, "dist_coast_km": 6.9, "persistence": 0.0, "mean_cover": 0.0, "max_cover": 0.0, "trend_cover": 0.0, "hot": 0.0, "n_obs": 22}}, {"type": "Feature", "id": 402, "geometry": {"type": "Polygon", "coordinates": [[[39.671408, 43.510581], [39.668189, 43.50656], [39.671553, 43.502293], [39.678135, 43.502046], [39.681354, 43.506066], [39.67799, 43.510334], [39.671408, 43.510581]]]}, "properties": {"i": 402, "h3": "882d5681adfffff", "lon": 39.67477, "lat": 43.50631, "water_km2": 0.735, "dist_coast_km": 9.2, "persistence": 0.0, "mean_cover": 0.0, "max_cover": 0.0, "trend_cover": 0.0, "hot": 0.0, "n_obs": 22}}, {"type": "Feature", "id": 403, "geometry": {"type": "Polygon", "coordinates": [[[39.700671, 43.530181], [39.697451, 43.526163], [39.700813, 43.521896], [39.707395, 43.521647], [39.710615, 43.525665], [39.707253, 43.529932], [39.700671, 43.530181]]]}, "properties": {"i": 403, "h3": "882d5681b1fffff", "lon": 39.70403, "lat": 43.52591, "water_km2": 0.745, "dist_coast_km": 6.2, "persistence": 0.0, "mean_cover": 0.0, "max_cover": 0.0, "trend_cover": 0.0, "hot": 0.0, "n_obs": 22}}, {"type": "Feature", "id": 404, "geometry": {"type": "Polygon", "coordinates": [[[39.710474, 43.53395], [39.707253, 43.529932], [39.710615, 43.525665], [39.717197, 43.525415], [39.720418, 43.529433], [39.717057, 43.5337], [39.710474, 43.53395]]]}, "properties": {"i": 404, "h3": "882d5681b3fffff", "lon": 39.71384, "lat": 43.52968, "water_km2": 0.725, "dist_coast_km": 5.5, "persistence": 0.0, "mean_cover": 0.0, "max_cover": 0.0, "trend_cover": 0.0, "hot": 0.0, "n_obs": 22}}, {"type": "Feature", "id": 405, "geometry": {"type": "Polygon", "coordinates": [[[39.700813, 43.521896], [39.697593, 43.517877], [39.700955, 43.513609], [39.707537, 43.513361], [39.710757, 43.517379], [39.707395, 43.521647], [39.700813, 43.521896]]]}, "properties": {"i": 405, "h3": "882d5681b5fffff", "lon": 39.70418, "lat": 43.51763, "water_km2": 0.728, "dist_coast_km": 6.2, "persistence": 0.045, "mean_cover": 0.343, "max_cover": 7.547, "trend_cover": -0.0057, "hot": 0.0134, "n_obs": 22}}, {"type": "Feature", "id": 406, "geometry": {"type": "Polygon", "coordinates": [[[39.710615, 43.525665], [39.707395, 43.521647], [39.710757, 43.517379], [39.717338, 43.51713], [39.720558, 43.521148], [39.717197, 43.525415], [39.710615, 43.525665]]]}, "properties": {"i": 406, "h3": "882d5681b7fffff", "lon": 39.71398, "lat": 43.5214, "water_km2": 0.738, "dist_coast_km": 5.5, "persistence": 0.0, "mean_cover": 0.0, "max_cover": 0.0, "trend_cover": 0.0, "hot": 0.0, "n_obs": 22}}, {"type": "Feature", "id": 407, "geometry": {"type": "Polygon", "coordinates": [[[39.690725, 43.534697], [39.687505, 43.530678], [39.690868, 43.526411], [39.697451, 43.526163], [39.700671, 43.530181], [39.697308, 43.534448], [39.690725, 43.534697]]]}, "properties": {"i": 407, "h3": "882d5681b9fffff", "lon": 39.69409, "lat": 43.53043, "water_km2": 0.745, "dist_coast_km": 6.9, "persistence": 0.045, "mean_cover": 0.55, "max_cover": 12.107, "trend_cover": -0.115, "hot": 0.0199, "n_obs": 22}}, {"type": "Feature", "id": 408, "geometry": {"type": "Polygon", "coordinates": [[[39.700529, 43.538466], [39.697308, 43.534448], [39.700671, 43.530181], [39.707253, 43.529932], [39.710474, 43.53395], [39.707112, 43.538217], [39.700529, 43.538466]]]}, "properties": {"i": 408, "h3": "882d5681bbfffff", "lon": 39.70389, "lat": 43.5342, "water_km2": 0.722, "dist_coast_km": 4.6, "persistence": 0.045, "mean_cover": 0.691, "max_cover": 15.198, "trend_cover": -0.131, "hot": 0.0239, "n_obs": 22}}, {"type": "Feature", "id": 409, "geometry": {"type": "Polygon", "coordinates": [[[39.690868, 43.526411], [39.687648, 43.522392], [39.691011, 43.518125], [39.697593, 43.517877], [39.700813, 43.521896], [39.697451, 43.526163], [39.690868, 43.526411]]]}, "properties": {"i": 409, "h3": "882d5681bdfffff", "lon": 39.69423, "lat": 43.52214, "water_km2": 0.725, "dist_coast_km": 6.9, "persistence": 0.0, "mean_cover": 0.0, "max_cover": 0.0, "trend_cover": 0.0, "hot": 0.0, "n_obs": 22}}, {"type": "Feature", "id": 410, "geometry": {"type": "Polygon", "coordinates": [[[39.641263, 43.540692], [39.638045, 43.536672], [39.641412, 43.532406], [39.647998, 43.53216], [39.651217, 43.53618], [39.64785, 43.540446], [39.641263, 43.540692]]]}, "properties": {"i": 410, "h3": "882d5681c1fffff", "lon": 39.64463, "lat": 43.53643, "water_km2": 0.73, "dist_coast_km": 8.7, "persistence": 0.0, "mean_cover": 0.0, "max_cover": 0.0, "trend_cover": 0.0, "hot": 0.0, "n_obs": 22}}, {"type": "Feature", "id": 411, "geometry": {"type": "Polygon", "coordinates": [[[39.651069, 43.544466], [39.64785, 43.540446], [39.651217, 43.53618], [39.657802, 43.535934], [39.661022, 43.539954], [39.657655, 43.54422], [39.651069, 43.544466]]]}, "properties": {"i": 411, "h3": "882d5681c3fffff", "lon": 39.65444, "lat": 43.5402, "water_km2": 0.738, "dist_coast_km": 7.7, "persistence": 0.0, "mean_cover": 0.0, "max_cover": 0.0, "trend_cover": 0.0, "hot": 0.0, "n_obs": 22}}, {"type": "Feature", "id": 412, "geometry": {"type": "Polygon", "coordinates": [[[39.641412, 43.532406], [39.638193, 43.528385], [39.64156, 43.524119], [39.648145, 43.523873], [39.651364, 43.527894], [39.647998, 43.53216], [39.641412, 43.532406]]]}, "properties": {"i": 412, "h3": "882d5681c5fffff", "lon": 39.64478, "lat": 43.52814, "water_km2": 0.735, "dist_coast_km": 9.8, "persistence": 0.0, "mean_cover": 0.0, "max_cover": 0.0, "trend_cover": 0.0, "hot": 0.0, "n_obs": 22}}, {"type": "Feature", "id": 413, "geometry": {"type": "Polygon", "coordinates": [[[39.651217, 43.53618], [39.647998, 43.53216], [39.651364, 43.527894], [39.657949, 43.527648], [39.661168, 43.531668], [39.657802, 43.535934], [39.651217, 43.53618]]]}, "properties": {"i": 413, "h3": "882d5681c7fffff", "lon": 39.65458, "lat": 43.53191, "water_km2": 0.735, "dist_coast_km": 8.7, "persistence": 0.045, "mean_cover": 0.655, "max_cover": 14.406, "trend_cover": 0.0856, "hot": 0.0229, "n_obs": 22}}, {"type": "Feature", "id": 414, "geometry": {"type": "Polygon", "coordinates": [[[39.631309, 43.545204], [39.62809, 43.541183], [39.631458, 43.536917], [39.638045, 43.536672], [39.641263, 43.540692], [39.637896, 43.544958], [39.631309, 43.545204]]]}, "properties": {"i": 414, "h3": "882d5681c9fffff", "lon": 39.63468, "lat": 43.54094, "water_km2": 0.725, "dist_coast_km": 8.7, "persistence": 0.0, "mean_cover": 0.0, "max_cover": 0.0, "trend_cover": 0.0, "hot": 0.0, "n_obs": 22}}, {"type": "Feature", "id": 415, "geometry": {"type": "Polygon", "coordinates": [[[39.641115, 43.548978], [39.637896, 43.544958], [39.641263, 43.540692], [39.64785, 43.540446], [39.651069, 43.544466], [39.647702, 43.548732], [39.641115, 43.548978]]]}, "properties": {"i": 415, "h3": "882d5681cbfffff", "lon": 39.64448, "lat": 43.54471, "water_km2": 0.742, "dist_coast_km": 8.7, "persistence": 0.0, "mean_cover": 0.0, "max_cover": 0.0, "trend_cover": 0.0, "hot": 0.0, "n_obs": 22}}, {"type": "Feature", "id": 416, "geometry": {"type": "Polygon", "coordinates": [[[39.631458, 43.536917], [39.628239, 43.532896], [39.631607, 43.52863], [39.638193, 43.528385], [39.641412, 43.532406], [39.638045, 43.536672], [39.631458, 43.536917]]]}, "properties": {"i": 416, "h3": "882d5681cdfffff", "lon": 39.63483, "lat": 43.53265, "water_km2": 0.738, "dist_coast_km": 9.8, "persistence": 0.0, "mean_cover": 0.0, "max_cover": 0.0, "trend_cover": 0.0, "hot": 0.0, "n_obs": 22}}, {"type": "Feature", "id": 417, "geometry": {"type": "Polygon", "coordinates": [[[39.660729, 43.556523], [39.657509, 43.552505], [39.660875, 43.548239], [39.667461, 43.547992], [39.670681, 43.55201], [39.667315, 43.556276], [39.660729, 43.556523]]]}, "properties": {"i": 417, "h3": "882d5681d1fffff", "lon": 39.6641, "lat": 43.55226, "water_km2": 0.745, "dist_coast_km": 5.5, "persistence": 0.0, "mean_cover": 0.0, "max_cover": 0.0, "trend_cover": 0.0, "hot": 0.0, "n_obs": 22}}, {"type": "Feature", "id": 418, "geometry": {"type": "Polygon", "coordinates": [[[39.670536, 43.560294], [39.667315, 43.556276], [39.670681, 43.55201], [39.677267, 43.551762], [39.680488, 43.55578], [39.677122, 43.560046], [39.670536, 43.560294]]]}, "properties": {"i": 418, "h3": "882d5681d3fffff", "lon": 39.6739, "lat": 43.55603, "water_km2": 0.722, "dist_coast_km": 5.5, "persistence": 0.0, "mean_cover": 0.0, "max_cover": 0.0, "trend_cover": 0.0, "hot": 0.0, "n_obs": 22}}, {"type": "Feature", "id": 419, "geometry": {"type": "Polygon", "coordinates": [[[39.660875, 43.548239], [39.657655, 43.54422], [39.661022, 43.539954], [39.667607, 43.539707], [39.670827, 43.543726], [39.667461, 43.547992], [39.660875, 43.548239]]]}, "properties": {"i": 419, "h3": "882d5681d5fffff", "lon": 39.66424, "lat": 43.54397, "water_km2": 0.728, "dist_coast_km": 6.5, "persistence": 0.0, "mean_cover": 0.0, "max_cover": 0.0, "trend_cover": 0.0, "hot": 0.0, "n_obs": 22}}, {"type": "Feature", "id": 420, "geometry": {"type": "Polygon", "coordinates": [[[39.670681, 43.55201], [39.667461, 43.547992], [39.670827, 43.543726], [39.677412, 43.543478], [39.680632, 43.547496], [39.677267, 43.551762], [39.670681, 43.55201]]]}, "properties": {"i": 420, "h3": "882d5681d7fffff", "lon": 39.67405, "lat": 43.54774, "water_km2": 0.735, "dist_coast_km": 6.5, "persistence": 0.0, "mean_cover": 0.0, "max_cover": 0.0, "trend_cover": 0.0, "hot": 0.0, "n_obs": 22}}, {"type": "Feature", "id": 421, "geometry": {"type": "Polygon", "coordinates": [[[39.650774, 43.561036], [39.647554, 43.557017], [39.650922, 43.552751], [39.657509, 43.552505], [39.660729, 43.556523], [39.657362, 43.560789], [39.650774, 43.561036]]]}, "properties": {"i": 421, "h3": "882d5681d9fffff", "lon": 39.65414, "lat": 43.55677, "water_km2": 0.745, "dist_coast_km": 6.5, "persistence": 0.0, "mean_cover": 0.0, "max_cover": 0.0, "trend_cover": 0.0, "hot": 0.0, "n_obs": 22}}, {"type": "Feature", "id": 422, "geometry": {"type": "Polygon", "coordinates": [[[39.660582, 43.564808], [39.657362, 43.560789], [39.660729, 43.556523], [39.667315, 43.556276], [39.670536, 43.560294], [39.66717, 43.56456], [39.660582, 43.564808]]]}, "properties": {"i": 422, "h3": "882d5681dbfffff", "lon": 39.66395, "lat": 43.56054, "water_km2": 0.725, "dist_coast_km": 5.5, "persistence": 0.0, "mean_cover": 0.0, "max_cover": 0.0, "trend_cover": 0.0, "hot": 0.0, "n_obs": 22}}, {"type": "Feature", "id": 423, "geometry": {"type": "Polygon", "coordinates": [[[39.650922, 43.552751], [39.647702, 43.548732], [39.651069, 43.544466], [39.657655, 43.54422], [39.660875, 43.548239], [39.657509, 43.552505], [39.650922, 43.552751]]]}, "properties": {"i": 423, "h3": "882d5681ddfffff", "lon": 39.65429, "lat": 43.54849, "water_km2": 0.722, "dist_coast_km": 7.7, "persistence": 0.0, "mean_cover": 0.0, "max_cover": 0.0, "trend_cover": 0.0, "hot": 0.0, "n_obs": 22}}, {"type": "Feature", "id": 424, "geometry": {"type": "Polygon", "coordinates": [[[39.651511, 43.519607], [39.648293, 43.515586], [39.651658, 43.511319], [39.658242, 43.511073], [39.66146, 43.515094], [39.658095, 43.519361], [39.651511, 43.519607]]]}, "properties": {"i": 424, "h3": "882d5681e1fffff", "lon": 39.65488, "lat": 43.51534, "water_km2": 0.75, "dist_coast_km": 10.0, "persistence": 0.0, "mean_cover": 0.0, "max_cover": 0.0, "trend_cover": 0.0, "hot": 0.0, "n_obs": 22}}, {"type": "Feature", "id": 425, "geometry": {"type": "Polygon", "coordinates": [[[39.661314, 43.523381], [39.658095, 43.519361], [39.66146, 43.515094], [39.668044, 43.514848], [39.671263, 43.518868], [39.667898, 43.523135], [39.661314, 43.523381]]]}, "properties": {"i": 425, "h3": "882d5681e3fffff", "lon": 39.66468, "lat": 43.51911, "water_km2": 0.722, "dist_coast_km": 7.7, "persistence": 0.0, "mean_cover": 0.0, "max_cover": 0.0, "trend_cover": 0.0, "hot": 0.0, "n_obs": 22}}, {"type": "Feature", "id": 426, "geometry": {"type": "Polygon", "coordinates": [[[39.651658, 43.511319], [39.64844, 43.507298], [39.651806, 43.503031], [39.658389, 43.502785], [39.661607, 43.506806], [39.658242, 43.511073], [39.651658, 43.511319]]]}, "properties": {"i": 426, "h3": "882d5681e5fffff", "lon": 39.65502, "lat": 43.50705, "water_km2": 0.728, "dist_coast_km": 10.0, "persistence": 0.0, "mean_cover": 0.0, "max_cover": 0.0, "trend_cover": 0.0, "hot": 0.0, "n_obs": 22}}, {"type": "Feature", "id": 427, "geometry": {"type": "Polygon", "coordinates": [[[39.66146, 43.515094], [39.658242, 43.511073], [39.661607, 43.506806], [39.668189, 43.50656], [39.671408, 43.510581], [39.668044, 43.514848], [39.66146, 43.515094]]]}, "properties": {"i": 427, "h3": "882d5681e7fffff", "lon": 39.66483, "lat": 43.51083, "water_km2": 0.745, "dist_coast_km": 9.2, "persistence": 0.045, "mean_cover": 0.455, "max_cover": 10.001, "trend_cover": -0.0501, "hot": 0.017, "n_obs": 22}}, {"type": "Feature", "id": 428, "geometry": {"type": "Polygon", "coordinates": [[[39.64156, 43.524119], [39.638342, 43.520098], [39.641708, 43.515831], [39.648293, 43.515586], [39.651511, 43.519607], [39.648145, 43.523873], [39.64156, 43.524119]]]}, "properties": {"i": 428, "h3": "882d5681e9fffff", "lon": 39.64493, "lat": 43.51985, "water_km2": 0.74, "dist_coast_km": 9.8, "persistence": 0.0, "mean_cover": 0.0, "max_cover": 0.0, "trend_cover": 0.0, "hot": 0.0, "n_obs": 22}}, {"type": "Feature", "id": 429, "geometry": {"type": "Polygon", "coordinates": [[[39.651364, 43.527894], [39.648145, 43.523873], [39.651511, 43.519607], [39.658095, 43.519361], [39.661314, 43.523381], [39.657949, 43.527648], [39.651364, 43.527894]]]}, "properties": {"i": 429, "h3": "882d5681ebfffff", "lon": 39.65473, "lat": 43.52363, "water_km2": 0.725, "dist_coast_km": 8.7, "persistence": 0.0, "mean_cover": 0.0, "max_cover": 0.0, "trend_cover": 0.0, "hot": 0.0, "n_obs": 22}}, {"type": "Feature", "id": 430, "geometry": {"type": "Polygon", "coordinates": [[[39.641708, 43.515831], [39.63849, 43.51181], [39.641857, 43.507543], [39.64844, 43.507298], [39.651658, 43.511319], [39.648293, 43.515586], [39.641708, 43.515831]]]}, "properties": {"i": 430, "h3": "882d5681edfffff", "lon": 39.64507, "lat": 43.51156, "water_km2": 0.722, "dist_coast_km": 11.0, "persistence": 0.0, "mean_cover": 0.0, "max_cover": 0.0, "trend_cover": 0.0, "hot": 0.0, "n_obs": 22}}, {"type": "Feature", "id": 431, "geometry": {"type": "Polygon", "coordinates": [[[39.541319, 43.602341], [39.5381, 43.598319], [39.541477, 43.594056], [39.548073, 43.593815], [39.551291, 43.597837], [39.547915, 43.602099], [39.541319, 43.602341]]]}, "properties": {"i": 431, "h3": "882d568203fffff", "lon": 39.5447, "lat": 43.59808, "water_km2": 0.017, "dist_coast_km": 11.0, "persistence": 0.0, "mean_cover": 0.0, "max_cover": 0.0, "trend_cover": 0.0, "hot": 0.0, "n_obs": 22}}, {"type": "Feature", "id": 432, "geometry": {"type": "Polygon", "coordinates": [[[39.541477, 43.594056], [39.538259, 43.590034], [39.541636, 43.585771], [39.548231, 43.58553], [39.551449, 43.589552], [39.548073, 43.593815], [39.541477, 43.594056]]]}, "properties": {"i": 432, "h3": "882d568207fffff", "lon": 39.54485, "lat": 43.58979, "water_km2": 0.026, "dist_coast_km": 11.0, "persistence": 0.0, "mean_cover": 0.0, "max_cover": 0.0, "trend_cover": 0.0, "hot": 0.0, "n_obs": 22}}, {"type": "Feature", "id": 433, "geometry": {"type": "Polygon", "coordinates": [[[39.550976, 43.614404], [39.547757, 43.610383], [39.551134, 43.60612], [39.55773, 43.605878], [39.560949, 43.609899], [39.557573, 43.614162], [39.550976, 43.614404]]]}, "properties": {"i": 433, "h3": "882d568211fffff", "lon": 39.55435, "lat": 43.61014, "water_km2": 0.661, "dist_coast_km": 8.7, "persistence": 0.0, "mean_cover": 0.0, "max_cover": 0.0, "trend_cover": 0.0, "hot": 0.0, "n_obs": 22}}, {"type": "Feature", "id": 434, "geometry": {"type": "Polygon", "coordinates": [[[39.560793, 43.618182], [39.557573, 43.614162], [39.560949, 43.609899], [39.567545, 43.609656], [39.570765, 43.613676], [39.567389, 43.617939], [39.560793, 43.618182]]]}, "properties": {"i": 434, "h3": "882d568213fffff", "lon": 39.56417, "lat": 43.61392, "water_km2": 0.738, "dist_coast_km": 7.7, "persistence": 0.0, "mean_cover": 0.0, "max_cover": 0.0, "trend_cover": 0.0, "hot": 0.0, "n_obs": 22}}, {"type": "Feature", "id": 435, "geometry": {"type": "Polygon", "coordinates": [[[39.551134, 43.60612], [39.547915, 43.602099], [39.551291, 43.597837], [39.557887, 43.597595], [39.561106, 43.601615], [39.55773, 43.605878], [39.551134, 43.60612]]]}, "properties": {"i": 435, "h3": "882d568215fffff", "lon": 39.55451, "lat": 43.60186, "water_km2": 0.687, "dist_coast_km": 8.7, "persistence": 0.0, "mean_cover": 0.0, "max_cover": 0.0, "trend_cover": 0.0, "hot": 0.0, "n_obs": 22}}, {"type": "Feature", "id": 436, "geometry": {"type": "Polygon", "coordinates": [[[39.560949, 43.609899], [39.55773, 43.605878], [39.561106, 43.601615], [39.567701, 43.601373], [39.57092, 43.605393], [39.567545, 43.609656], [39.560949, 43.609899]]]}, "properties": {"i": 436, "h3": "882d568217fffff", "lon": 39.56433, "lat": 43.60564, "water_km2": 0.728, "dist_coast_km": 7.7, "persistence": 0.045, "mean_cover": 0.343, "max_cover": 7.547, "trend_cover": 0.0391, "hot": 0.0134, "n_obs": 22}}, {"type": "Feature", "id": 437, "geometry": {"type": "Polygon", "coordinates": [[[39.541001, 43.618908], [39.537782, 43.614887], [39.54116, 43.610625], [39.547757, 43.610383], [39.550976, 43.614404], [39.547599, 43.618666], [39.541001, 43.618908]]]}, "properties": {"i": 437, "h3": "882d568219fffff", "lon": 39.54438, "lat": 43.61465, "water_km2": 0.007, "dist_coast_km": 9.8, "persistence": 0.0, "mean_cover": 0.0, "max_cover": 0.0, "trend_cover": 0.0, "hot": 0.0, "n_obs": 22}}, {"type": "Feature", "id": 438, "geometry": {"type": "Polygon", "coordinates": [[[39.550818, 43.622687], [39.547599, 43.618666], [39.550976, 43.614404], [39.557573, 43.614162], [39.560793, 43.618182], [39.557416, 43.622444], [39.550818, 43.622687]]]}, "properties": {"i": 438, "h3": "882d56821bfffff", "lon": 39.5542, "lat": 43.61842, "water_km2": 0.653, "dist_coast_km": 7.7, "persistence": 0.0, "mean_cover": 0.0, "max_cover": 0.0, "trend_cover": 0.0, "hot": 0.0, "n_obs": 22}}, {"type": "Feature", "id": 439, "geometry": {"type": "Polygon", "coordinates": [[[39.54116, 43.610625], [39.537941, 43.606604], [39.541319, 43.602341], [39.547915, 43.602099], [39.551134, 43.60612], [39.547757, 43.610383], [39.54116, 43.610625]]]}, "properties": {"i": 439, "h3": "882d56821dfffff", "lon": 39.54454, "lat": 43.60636, "water_km2": 0.011, "dist_coast_km": 9.8, "persistence": 0.0, "mean_cover": 0.0, "max_cover": 0.0, "trend_cover": 0.0, "hot": 0.0, "n_obs": 22}}, {"type": "Feature", "id": 440, "geometry": {"type": "Polygon", "coordinates": [[[39.541794, 43.577486], [39.538577, 43.573463], [39.541953, 43.569199], [39.548546, 43.568958], [39.551764, 43.572981], [39.548388, 43.577245], [39.541794, 43.577486]]]}, "properties": {"i": 440, "h3": "882d568221fffff", "lon": 39.54517, "lat": 43.57322, "water_km2": 0.041, "dist_coast_km": 12.3, "persistence": 0.0, "mean_cover": 0.0, "max_cover": 0.0, "trend_cover": 0.0, "hot": 0.0, "n_obs": 22}}, {"type": "Feature", "id": 441, "geometry": {"type": "Polygon", "coordinates": [[[39.551607, 43.581267], [39.548388, 43.577245], [39.551764, 43.572981], [39.558357, 43.57274], [39.561576, 43.576761], [39.5582, 43.581025], [39.551607, 43.581267]]]}, "properties": {"i": 441, "h3": "882d568223fffff", "lon": 39.55498, "lat": 43.577, "water_km2": 0.708, "dist_coast_km": 11.5, "persistence": 0.0, "mean_cover": 0.0, "max_cover": 0.0, "trend_cover": 0.0, "hot": 0.0, "n_obs": 22}}, {"type": "Feature", "id": 442, "geometry": {"type": "Polygon", "coordinates": [[[39.541953, 43.569199], [39.538736, 43.565176], [39.542111, 43.560912], [39.548704, 43.560672], [39.551922, 43.564695], [39.548546, 43.568958], [39.541953, 43.569199]]]}, "properties": {"i": 442, "h3": "882d568225fffff", "lon": 39.54533, "lat": 43.56494, "water_km2": 0.054, "dist_coast_km": 13.8, "persistence": 0.0, "mean_cover": 0.0, "max_cover": 0.0, "trend_cover": 0.0, "hot": 0.0, "n_obs": 22}}, {"type": "Feature", "id": 443, "geometry": {"type": "Polygon", "coordinates": [[[39.551764, 43.572981], [39.548546, 43.568958], [39.551922, 43.564695], [39.558514, 43.564453], [39.561732, 43.568476], [39.558357, 43.57274], [39.551764, 43.572981]]]}, "properties": {"i": 443, "h3": "882d568227fffff", "lon": 39.55514, "lat": 43.56872, "water_km2": 0.71, "dist_coast_km": 11.5, "persistence": 0.0, "mean_cover": 0.0, "max_cover": 0.0, "trend_cover": 0.0, "hot": 0.0, "n_obs": 22}}, {"type": "Feature", "id": 444, "geometry": {"type": "Polygon", "coordinates": [[[39.541636, 43.585771], [39.538418, 43.581749], [39.541794, 43.577486], [39.548388, 43.577245], [39.551607, 43.581267], [39.548231, 43.58553], [39.541636, 43.585771]]]}, "properties": {"i": 444, "h3": "882d56822bfffff", "lon": 39.54501, "lat": 43.58151, "water_km2": 0.032, "dist_coast_km": 12.3, "persistence": 0.0, "mean_cover": 0.0, "max_cover": 0.0, "trend_cover": 0.0, "hot": 0.0, "n_obs": 22}}, {"type": "Feature", "id": 445, "geometry": {"type": "Polygon", "coordinates": [[[39.561262, 43.593331], [39.558044, 43.58931], [39.561419, 43.585047], [39.568013, 43.584804], [39.571232, 43.588825], [39.567857, 43.593089], [39.561262, 43.593331]]]}, "properties": {"i": 445, "h3": "882d568231fffff", "lon": 39.56464, "lat": 43.58907, "water_km2": 0.725, "dist_coast_km": 9.2, "persistence": 0.0, "mean_cover": 0.0, "max_cover": 0.0, "trend_cover": 0.0, "hot": 0.0, "n_obs": 22}}, {"type": "Feature", "id": 446, "geometry": {"type": "Polygon", "coordinates": [[[39.571076, 43.59711], [39.567857, 43.593089], [39.571232, 43.588825], [39.577825, 43.588583], [39.581045, 43.592603], [39.57767, 43.596866], [39.571076, 43.59711]]]}, "properties": {"i": 446, "h3": "882d568233fffff", "lon": 39.57445, "lat": 43.59285, "water_km2": 0.74, "dist_coast_km": 9.2, "persistence": 0.0, "mean_cover": 0.0, "max_cover": 0.0, "trend_cover": 0.0, "hot": 0.0, "n_obs": 22}}, {"type": "Feature", "id": 447, "geometry": {"type": "Polygon", "coordinates": [[[39.561419, 43.585047], [39.5582, 43.581025], [39.561576, 43.576761], [39.568169, 43.576519], [39.571387, 43.580541], [39.568013, 43.584804], [39.561419, 43.585047]]]}, "properties": {"i": 447, "h3": "882d568235fffff", "lon": 39.56479, "lat": 43.58078, "water_km2": 0.732, "dist_coast_km": 10.7, "persistence": 0.091, "mean_cover": 1.46, "max_cover": 28.91, "trend_cover": -0.4807, "hot": 0.0818, "n_obs": 22}}, {"type": "Feature", "id": 448, "geometry": {"type": "Polygon", "coordinates": [[[39.571232, 43.588825], [39.568013, 43.584804], [39.571387, 43.580541], [39.57798, 43.580298], [39.581199, 43.584319], [39.577825, 43.588583], [39.571232, 43.588825]]]}, "properties": {"i": 448, "h3": "882d568237fffff", "lon": 39.57461, "lat": 43.58456, "water_km2": 0.735, "dist_coast_km": 9.2, "persistence": 0.0, "mean_cover": 0.0, "max_cover": 0.0, "trend_cover": 0.0, "hot": 0.0, "n_obs": 22}}, {"type": "Feature", "id": 449, "geometry": {"type": "Polygon", "coordinates": [[[39.551291, 43.597837], [39.548073, 43.593815], [39.551449, 43.589552], [39.558044, 43.58931], [39.561262, 43.593331], [39.557887, 43.597595], [39.551291, 43.597837]]]}, "properties": {"i": 449, "h3": "882d568239fffff", "lon": 39.55467, "lat": 43.59357, "water_km2": 0.678, "dist_coast_km": 10.0, "persistence": 0.0, "mean_cover": 0.0, "max_cover": 0.0, "trend_cover": 0.0, "hot": 0.0, "n_obs": 22}}, {"type": "Feature", "id": 450, "geometry": {"type": "Polygon", "coordinates": [[[39.561106, 43.601615], [39.557887, 43.597595], [39.561262, 43.593331], [39.567857, 43.593089], [39.571076, 43.59711], [39.567701, 43.601373], [39.561106, 43.601615]]]}, "properties": {"i": 450, "h3": "882d56823bfffff", "lon": 39.56448, "lat": 43.59735, "water_km2": 0.748, "dist_coast_km": 9.2, "persistence": 0.0, "mean_cover": 0.0, "max_cover": 0.0, "trend_cover": 0.0, "hot": 0.0, "n_obs": 22}}, {"type": "Feature", "id": 451, "geometry": {"type": "Polygon", "coordinates": [[[39.551449, 43.589552], [39.548231, 43.58553], [39.551607, 43.581267], [39.5582, 43.581025], [39.561419, 43.585047], [39.558044, 43.58931], [39.551449, 43.589552]]]}, "properties": {"i": 451, "h3": "882d56823dfffff", "lon": 39.55482, "lat": 43.58529, "water_km2": 0.705, "dist_coast_km": 10.0, "persistence": 0.0, "mean_cover": 0.0, "max_cover": 0.0, "trend_cover": 0.0, "hot": 0.0, "n_obs": 22}}, {"type": "Feature", "id": 452, "geometry": {"type": "Polygon", "coordinates": [[[39.600213, 43.625], [39.596992, 43.620982], [39.600366, 43.616719], [39.60696, 43.616473], [39.610181, 43.620491], [39.606808, 43.624755], [39.600213, 43.625]]]}, "properties": {"i": 452, "h3": "882d568281fffff", "lon": 39.60359, "lat": 43.62074, "water_km2": 0.568, "dist_coast_km": 4.6, "persistence": 0.0, "mean_cover": 0.0, "max_cover": 0.0, "trend_cover": 0.0, "hot": 0.0, "n_obs": 22}}, {"type": "Feature", "id": 453, "geometry": {"type": "Polygon", "coordinates": [[[39.61003, 43.628772], [39.606808, 43.624755], [39.610181, 43.620491], [39.616776, 43.620246], [39.619997, 43.624263], [39.616625, 43.628526], [39.61003, 43.628772]]]}, "properties": {"i": 453, "h3": "882d568283fffff", "lon": 39.6134, "lat": 43.62451, "water_km2": 0.182, "dist_coast_km": 3.9, "persistence": 0.0, "mean_cover": 0.0, "max_cover": 0.0, "trend_cover": 0.0, "hot": 0.0, "n_obs": 22}}, {"type": "Feature", "id": 454, "geometry": {"type": "Polygon", "coordinates": [[[39.600366, 43.616719], [39.597145, 43.6127], [39.600518, 43.608437], [39.607112, 43.608192], [39.610333, 43.61221], [39.60696, 43.616473], [39.600366, 43.616719]]]}, "properties": {"i": 454, "h3": "882d568285fffff", "lon": 39.60374, "lat": 43.61246, "water_km2": 0.742, "dist_coast_km": 6.2, "persistence": 0.0, "mean_cover": 0.0, "max_cover": 0.0, "trend_cover": 0.0, "hot": 0.0, "n_obs": 22}}, {"type": "Feature", "id": 455, "geometry": {"type": "Polygon", "coordinates": [[[39.610181, 43.620491], [39.60696, 43.616473], [39.610333, 43.61221], [39.616927, 43.611964], [39.620148, 43.615982], [39.616776, 43.620246], [39.610181, 43.620491]]]}, "properties": {"i": 455, "h3": "882d568287fffff", "lon": 39.61355, "lat": 43.61623, "water_km2": 0.722, "dist_coast_km": 5.7, "persistence": 0.0, "mean_cover": 0.0, "max_cover": 0.0, "trend_cover": 0.0, "hot": 0.0, "n_obs": 22}}, {"type": "Feature", "id": 456, "geometry": {"type": "Polygon", "coordinates": [[[39.590243, 43.629508], [39.587022, 43.625489], [39.590397, 43.621226], [39.596992, 43.620982], [39.600213, 43.625], [39.596839, 43.629263], [39.590243, 43.629508]]]}, "properties": {"i": 456, "h3": "882d568289fffff", "lon": 39.59362, "lat": 43.62524, "water_km2": 0.118, "dist_coast_km": 5.5, "persistence": 0.0, "mean_cover": 0.0, "max_cover": 0.0, "trend_cover": 0.0, "hot": 0.0, "n_obs": 22}}, {"type": "Feature", "id": 457, "geometry": {"type": "Polygon", "coordinates": [[[39.590397, 43.621226], [39.587176, 43.617208], [39.59055, 43.612945], [39.597145, 43.6127], [39.600366, 43.616719], [39.596992, 43.620982], [39.590397, 43.621226]]]}, "properties": {"i": 457, "h3": "882d56828dfffff", "lon": 39.59377, "lat": 43.61696, "water_km2": 0.745, "dist_coast_km": 5.5, "persistence": 0.0, "mean_cover": 0.0, "max_cover": 0.0, "trend_cover": 0.0, "hot": 0.0, "n_obs": 22}}, {"type": "Feature", "id": 458, "geometry": {"type": "Polygon", "coordinates": [[[39.610485, 43.603928], [39.607264, 43.599909], [39.610636, 43.595646], [39.617228, 43.5954], [39.620449, 43.599419], [39.617077, 43.603683], [39.610485, 43.603928]]]}, "properties": {"i": 458, "h3": "882d5682a1fffff", "lon": 39.61386, "lat": 43.59966, "water_km2": 0.735, "dist_coast_km": 7.5, "persistence": 0.0, "mean_cover": 0.0, "max_cover": 0.0, "trend_cover": 0.0, "hot": 0.0, "n_obs": 22}}, {"type": "Feature", "id": 459, "geometry": {"type": "Polygon", "coordinates": [[[39.620299, 43.607701], [39.617077, 43.603683], [39.620449, 43.599419], [39.627041, 43.599173], [39.630262, 43.603191], [39.626891, 43.607455], [39.620299, 43.607701]]]}, "properties": {"i": 459, "h3": "882d5682a3fffff", "lon": 39.62367, "lat": 43.60344, "water_km2": 0.73, "dist_coast_km": 5.7, "persistence": 0.0, "mean_cover": 0.0, "max_cover": 0.0, "trend_cover": 0.0, "hot": 0.0, "n_obs": 22}}, {"type": "Feature", "id": 460, "geometry": {"type": "Polygon", "coordinates": [[[39.610636, 43.595646], [39.607416, 43.591627], [39.610788, 43.587362], [39.617379, 43.587117], [39.6206, 43.591136], [39.617228, 43.5954], [39.610636, 43.595646]]]}, "properties": {"i": 460, "h3": "882d5682a5fffff", "lon": 39.61401, "lat": 43.59138, "water_km2": 0.728, "dist_coast_km": 7.5, "persistence": 0.0, "mean_cover": 0.0, "max_cover": 0.0, "trend_cover": 0.0, "hot": 0.0, "n_obs": 22}}, {"type": "Feature", "id": 461, "geometry": {"type": "Polygon", "coordinates": [[[39.620449, 43.599419], [39.617228, 43.5954], [39.6206, 43.591136], [39.627191, 43.59089], [39.630412, 43.594909], [39.627041, 43.599173], [39.620449, 43.599419]]]}, "properties": {"i": 461, "h3": "882d5682a7fffff", "lon": 39.62382, "lat": 43.59515, "water_km2": 0.74, "dist_coast_km": 7.5, "persistence": 0.0, "mean_cover": 0.0, "max_cover": 0.0, "trend_cover": 0.0, "hot": 0.0, "n_obs": 22}}, {"type": "Feature", "id": 462, "geometry": {"type": "Polygon", "coordinates": [[[39.600518, 43.608437], [39.597298, 43.604418], [39.600671, 43.600154], [39.607264, 43.599909], [39.610485, 43.603928], [39.607112, 43.608192], [39.600518, 43.608437]]]}, "properties": {"i": 462, "h3": "882d5682a9fffff", "lon": 39.60389, "lat": 43.60417, "water_km2": 0.73, "dist_coast_km": 6.2, "persistence": 0.0, "mean_cover": 0.0, "max_cover": 0.0, "trend_cover": 0.0, "hot": 0.0, "n_obs": 22}}, {"type": "Feature", "id": 463, "geometry": {"type": "Polygon", "coordinates": [[[39.610333, 43.61221], [39.607112, 43.608192], [39.610485, 43.603928], [39.617077, 43.603683], [39.620299, 43.607701], [39.616927, 43.611964], [39.610333, 43.61221]]]}, "properties": {"i": 463, "h3": "882d5682abfffff", "lon": 39.61371, "lat": 43.60795, "water_km2": 0.738, "dist_coast_km": 5.7, "persistence": 0.0, "mean_cover": 0.0, "max_cover": 0.0, "trend_cover": 0.0, "hot": 0.0, "n_obs": 22}}, {"type": "Feature", "id": 464, "geometry": {"type": "Polygon", "coordinates": [[[39.600671, 43.600154], [39.597451, 43.596135], [39.600824, 43.591871], [39.607416, 43.591627], [39.610636, 43.595646], [39.607264, 43.599909], [39.600671, 43.600154]]]}, "properties": {"i": 464, "h3": "882d5682adfffff", "lon": 39.60404, "lat": 43.59589, "water_km2": 0.73, "dist_coast_km": 7.9, "persistence": 0.0, "mean_cover": 0.0, "max_cover": 0.0, "trend_cover": 0.0, "hot": 0.0, "n_obs": 22}}, {"type": "Feature", "id": 465, "geometry": {"type": "Polygon", "coordinates": [[[39.629963, 43.619753], [39.626741, 43.615736], [39.630113, 43.611472], [39.636705, 43.611225], [39.639927, 43.615242], [39.636556, 43.619506], [39.629963, 43.619753]]]}, "properties": {"i": 465, "h3": "882d5682b1fffff", "lon": 39.63333, "lat": 43.61549, "water_km2": 0.738, "dist_coast_km": 5.5, "persistence": 0.0, "mean_cover": 0.0, "max_cover": 0.0, "trend_cover": 0.0, "hot": 0.0, "n_obs": 22}}, {"type": "Feature", "id": 466, "geometry": {"type": "Polygon", "coordinates": [[[39.639778, 43.623523], [39.636556, 43.619506], [39.639927, 43.615242], [39.646519, 43.614995], [39.649742, 43.619011], [39.646371, 43.623275], [39.639778, 43.623523]]]}, "properties": {"i": 466, "h3": "882d5682b3fffff", "lon": 39.64315, "lat": 43.61926, "water_km2": 0.676, "dist_coast_km": 3.7, "persistence": 0.0, "mean_cover": 0.0, "max_cover": 0.0, "trend_cover": 0.0, "hot": 0.0, "n_obs": 22}}, {"type": "Feature", "id": 467, "geometry": {"type": "Polygon", "coordinates": [[[39.630113, 43.611472], [39.626891, 43.607455], [39.630262, 43.603191], [39.636854, 43.602944], [39.640076, 43.606961], [39.636705, 43.611225], [39.630113, 43.611472]]]}, "properties": {"i": 467, "h3": "882d5682b5fffff", "lon": 39.63348, "lat": 43.60721, "water_km2": 0.738, "dist_coast_km": 5.5, "persistence": 0.0, "mean_cover": 0.0, "max_cover": 0.0, "trend_cover": 0.0, "hot": 0.0, "n_obs": 22}}, {"type": "Feature", "id": 468, "geometry": {"type": "Polygon", "coordinates": [[[39.639927, 43.615242], [39.636705, 43.611225], [39.640076, 43.606961], [39.646667, 43.606714], [39.649889, 43.610731], [39.646519, 43.614995], [39.639927, 43.615242]]]}, "properties": {"i": 468, "h3": "882d5682b7fffff", "lon": 39.6433, "lat": 43.61098, "water_km2": 0.732, "dist_coast_km": 5.5, "persistence": 0.0, "mean_cover": 0.0, "max_cover": 0.0, "trend_cover": 0.0, "hot": 0.0, "n_obs": 22}}, {"type": "Feature", "id": 469, "geometry": {"type": "Polygon", "coordinates": [[[39.619997, 43.624263], [39.616776, 43.620246], [39.620148, 43.615982], [39.626741, 43.615736], [39.629963, 43.619753], [39.626591, 43.624016], [39.619997, 43.624263]]]}, "properties": {"i": 469, "h3": "882d5682b9fffff", "lon": 39.62337, "lat": 43.62, "water_km2": 0.634, "dist_coast_km": 3.9, "persistence": 0.0, "mean_cover": 0.0, "max_cover": 0.0, "trend_cover": 0.0, "hot": 0.0, "n_obs": 22}}, {"type": "Feature", "id": 470, "geometry": {"type": "Polygon", "coordinates": [[[39.629813, 43.628033], [39.626591, 43.624016], [39.629963, 43.619753], [39.636556, 43.619506], [39.639778, 43.623523], [39.636407, 43.627786], [39.629813, 43.628033]]]}, "properties": {"i": 470, "h3": "882d5682bbfffff", "lon": 39.63318, "lat": 43.62377, "water_km2": 0.232, "dist_coast_km": 3.7, "persistence": 0.0, "mean_cover": 0.0, "max_cover": 0.0, "trend_cover": 0.0, "hot": 0.0, "n_obs": 22}}, {"type": "Feature", "id": 471, "geometry": {"type": "Polygon", "coordinates": [[[39.620148, 43.615982], [39.616927, 43.611964], [39.620299, 43.607701], [39.626891, 43.607455], [39.630113, 43.611472], [39.626741, 43.615736], [39.620148, 43.615982]]]}, "properties": {"i": 471, "h3": "882d5682bdfffff", "lon": 39.62352, "lat": 43.61172, "water_km2": 0.728, "dist_coast_km": 5.7, "persistence": 0.0, "mean_cover": 0.0, "max_cover": 0.0, "trend_cover": 0.0, "hot": 0.0, "n_obs": 22}}, {"type": "Feature", "id": 472, "geometry": {"type": "Polygon", "coordinates": [[[39.570453, 43.63024], [39.567233, 43.626221], [39.570609, 43.621958], [39.577205, 43.621715], [39.580426, 43.625733], [39.57705, 43.629996], [39.570453, 43.63024]]]}, "properties": {"i": 472, "h3": "882d5682c1fffff", "lon": 39.57383, "lat": 43.62598, "water_km2": 0.072, "dist_coast_km": 6.5, "persistence": 0.0, "mean_cover": 0.0, "max_cover": 0.0, "trend_cover": 0.0, "hot": 0.0, "n_obs": 22}}, {"type": "Feature", "id": 473, "geometry": {"type": "Polygon", "coordinates": [[[39.570609, 43.621958], [39.567389, 43.617939], [39.570765, 43.613676], [39.57736, 43.613432], [39.580581, 43.617452], [39.577205, 43.621715], [39.570609, 43.621958]]]}, "properties": {"i": 473, "h3": "882d5682c5fffff", "lon": 39.57398, "lat": 43.6177, "water_km2": 0.728, "dist_coast_km": 6.5, "persistence": 0.0, "mean_cover": 0.0, "max_cover": 0.0, "trend_cover": 0.0, "hot": 0.0, "n_obs": 22}}, {"type": "Feature", "id": 474, "geometry": {"type": "Polygon", "coordinates": [[[39.580426, 43.625733], [39.577205, 43.621715], [39.580581, 43.617452], [39.587176, 43.617208], [39.590397, 43.621226], [39.587022, 43.625489], [39.580426, 43.625733]]]}, "properties": {"i": 474, "h3": "882d5682c7fffff", "lon": 39.5838, "lat": 43.62147, "water_km2": 0.52, "dist_coast_km": 5.5, "persistence": 0.0, "mean_cover": 0.0, "max_cover": 0.0, "trend_cover": 0.0, "hot": 0.0, "n_obs": 22}}, {"type": "Feature", "id": 475, "geometry": {"type": "Polygon", "coordinates": [[[39.560636, 43.626464], [39.557416, 43.622444], [39.560793, 43.618182], [39.567389, 43.617939], [39.570609, 43.621958], [39.567233, 43.626221], [39.560636, 43.626464]]]}, "properties": {"i": 475, "h3": "882d5682cdfffff", "lon": 39.56401, "lat": 43.6222, "water_km2": 0.449, "dist_coast_km": 6.5, "persistence": 0.0, "mean_cover": 0.0, "max_cover": 0.0, "trend_cover": 0.0, "hot": 0.0, "n_obs": 22}}, {"type": "Feature", "id": 476, "geometry": {"type": "Polygon", "coordinates": [[[39.580735, 43.609169], [39.577515, 43.60515], [39.58089, 43.600886], [39.587484, 43.600643], [39.590704, 43.604662], [39.58733, 43.608926], [39.580735, 43.609169]]]}, "properties": {"i": 476, "h3": "882d5682e1fffff", "lon": 39.58411, "lat": 43.60491, "water_km2": 0.745, "dist_coast_km": 6.9, "persistence": 0.0, "mean_cover": 0.0, "max_cover": 0.0, "trend_cover": 0.0, "hot": 0.0, "n_obs": 22}}, {"type": "Feature", "id": 477, "geometry": {"type": "Polygon", "coordinates": [[[39.59055, 43.612945], [39.58733, 43.608926], [39.590704, 43.604662], [39.597298, 43.604418], [39.600518, 43.608437], [39.597145, 43.6127], [39.59055, 43.612945]]]}, "properties": {"i": 477, "h3": "882d5682e3fffff", "lon": 39.59392, "lat": 43.60868, "water_km2": 0.722, "dist_coast_km": 6.9, "persistence": 0.0, "mean_cover": 0.0, "max_cover": 0.0, "trend_cover": 0.0, "hot": 0.0, "n_obs": 22}}, {"type": "Feature", "id": 478, "geometry": {"type": "Polygon", "coordinates": [[[39.58089, 43.600886], [39.57767, 43.596866], [39.581045, 43.592603], [39.587638, 43.592359], [39.590858, 43.596379], [39.587484, 43.600643], [39.58089, 43.600886]]]}, "properties": {"i": 478, "h3": "882d5682e5fffff", "lon": 39.58426, "lat": 43.59662, "water_km2": 0.728, "dist_coast_km": 8.4, "persistence": 0.0, "mean_cover": 0.0, "max_cover": 0.0, "trend_cover": 0.0, "hot": 0.0, "n_obs": 22}}, {"type": "Feature", "id": 479, "geometry": {"type": "Polygon", "coordinates": [[[39.590704, 43.604662], [39.587484, 43.600643], [39.590858, 43.596379], [39.597451, 43.596135], [39.600671, 43.600154], [39.597298, 43.604418], [39.590704, 43.604662]]]}, "properties": {"i": 479, "h3": "882d5682e7fffff", "lon": 39.59408, "lat": 43.6004, "water_km2": 0.74, "dist_coast_km": 6.9, "persistence": 0.045, "mean_cover": 0.41, "max_cover": 9.009, "trend_cover": -0.0068, "hot": 0.0156, "n_obs": 22}}, {"type": "Feature", "id": 480, "geometry": {"type": "Polygon", "coordinates": [[[39.570765, 43.613676], [39.567545, 43.609656], [39.57092, 43.605393], [39.577515, 43.60515], [39.580735, 43.609169], [39.57736, 43.613432], [39.570765, 43.613676]]]}, "properties": {"i": 480, "h3": "882d5682e9fffff", "lon": 39.57414, "lat": 43.60941, "water_km2": 0.745, "dist_coast_km": 7.7, "persistence": 0.0, "mean_cover": 0.0, "max_cover": 0.0, "trend_cover": 0.0, "hot": 0.0, "n_obs": 22}}, {"type": "Feature", "id": 481, "geometry": {"type": "Polygon", "coordinates": [[[39.580581, 43.617452], [39.57736, 43.613432], [39.580735, 43.609169], [39.58733, 43.608926], [39.59055, 43.612945], [39.587176, 43.617208], [39.580581, 43.617452]]]}, "properties": {"i": 481, "h3": "882d5682ebfffff", "lon": 39.58396, "lat": 43.61319, "water_km2": 0.725, "dist_coast_km": 6.9, "persistence": 0.0, "mean_cover": 0.0, "max_cover": 0.0, "trend_cover": 0.0, "hot": 0.0, "n_obs": 22}}, {"type": "Feature", "id": 482, "geometry": {"type": "Polygon", "coordinates": [[[39.57092, 43.605393], [39.567701, 43.601373], [39.571076, 43.59711], [39.57767, 43.596866], [39.58089, 43.600886], [39.577515, 43.60515], [39.57092, 43.605393]]]}, "properties": {"i": 482, "h3": "882d5682edfffff", "lon": 39.5743, "lat": 43.60113, "water_km2": 0.722, "dist_coast_km": 7.7, "persistence": 0.0, "mean_cover": 0.0, "max_cover": 0.0, "trend_cover": 0.0, "hot": 0.0, "n_obs": 22}}, {"type": "Feature", "id": 483, "geometry": {"type": "Polygon", "coordinates": [[[39.542428, 43.544337], [39.539212, 43.540313], [39.542587, 43.536048], [39.549177, 43.535808], [39.552394, 43.539832], [39.54902, 43.544096], [39.542428, 43.544337]]]}, "properties": {"i": 483, "h3": "882d568303fffff", "lon": 39.5458, "lat": 43.54007, "water_km2": 0.094, "dist_coast_km": 15.3, "persistence": 0.0, "mean_cover": 0.0, "max_cover": 0.0, "trend_cover": 0.0, "hot": 0.0, "n_obs": 22}}, {"type": "Feature", "id": 484, "geometry": {"type": "Polygon", "coordinates": [[[39.542587, 43.536048], [39.539371, 43.532023], [39.542745, 43.527759], [39.549335, 43.527519], [39.552551, 43.531543], [39.549177, 43.535808], [39.542587, 43.536048]]]}, "properties": {"i": 484, "h3": "882d568307fffff", "lon": 39.54596, "lat": 43.53178, "water_km2": 0.106, "dist_coast_km": 16.6, "persistence": 0.0, "mean_cover": 0.0, "max_cover": 0.0, "trend_cover": 0.0, "hot": 0.0, "n_obs": 22}}, {"type": "Feature", "id": 485, "geometry": {"type": "Polygon", "coordinates": [[[39.552079, 43.556408], [39.548862, 43.552384], [39.552237, 43.54812], [39.558828, 43.547879], [39.562045, 43.551902], [39.558671, 43.556166], [39.552079, 43.556408]]]}, "properties": {"i": 485, "h3": "882d568311fffff", "lon": 39.55545, "lat": 43.55214, "water_km2": 0.715, "dist_coast_km": 13.0, "persistence": 0.0, "mean_cover": 0.0, "max_cover": 0.0, "trend_cover": 0.0, "hot": 0.0, "n_obs": 22}}, {"type": "Feature", "id": 486, "geometry": {"type": "Polygon", "coordinates": [[[39.561889, 43.560189], [39.558671, 43.556166], [39.562045, 43.551902], [39.568636, 43.551661], [39.571854, 43.555683], [39.56848, 43.559947], [39.561889, 43.560189]]]}, "properties": {"i": 486, "h3": "882d568313fffff", "lon": 39.56526, "lat": 43.55592, "water_km2": 0.748, "dist_coast_km": 12.4, "persistence": 0.0, "mean_cover": 0.0, "max_cover": 0.0, "trend_cover": 0.0, "hot": 0.0, "n_obs": 22}}, {"type": "Feature", "id": 487, "geometry": {"type": "Polygon", "coordinates": [[[39.552237, 43.54812], [39.54902, 43.544096], [39.552394, 43.539832], [39.558984, 43.539591], [39.562201, 43.543615], [39.558828, 43.547879], [39.552237, 43.54812]]]}, "properties": {"i": 487, "h3": "882d568315fffff", "lon": 39.55561, "lat": 43.54386, "water_km2": 0.738, "dist_coast_km": 14.6, "persistence": 0.0, "mean_cover": 0.0, "max_cover": 0.0, "trend_cover": 0.0, "hot": 0.0, "n_obs": 22}}, {"type": "Feature", "id": 488, "geometry": {"type": "Polygon", "coordinates": [[[39.562045, 43.551902], [39.558828, 43.547879], [39.562201, 43.543615], [39.568792, 43.543373], [39.572009, 43.547396], [39.568636, 43.551661], [39.562045, 43.551902]]]}, "properties": {"i": 488, "h3": "882d568317fffff", "lon": 39.56542, "lat": 43.54764, "water_km2": 0.728, "dist_coast_km": 13.3, "persistence": 0.0, "mean_cover": 0.0, "max_cover": 0.0, "trend_cover": 0.0, "hot": 0.0, "n_obs": 22}}, {"type": "Feature", "id": 489, "geometry": {"type": "Polygon", "coordinates": [[[39.542111, 43.560912], [39.538894, 43.556889], [39.54227, 43.552625], [39.548862, 43.552384], [39.552079, 43.556408], [39.548704, 43.560672], [39.542111, 43.560912]]]}, "properties": {"i": 489, "h3": "882d568319fffff", "lon": 39.54549, "lat": 43.55665, "water_km2": 0.063, "dist_coast_km": 13.8, "persistence": 0.0, "mean_cover": 0.0, "max_cover": 0.0, "trend_cover": 0.0, "hot": 0.0, "n_obs": 22}}, {"type": "Feature", "id": 490, "geometry": {"type": "Polygon", "coordinates": [[[39.551922, 43.564695], [39.548704, 43.560672], [39.552079, 43.556408], [39.558671, 43.556166], [39.561889, 43.560189], [39.558514, 43.564453], [39.551922, 43.564695]]]}, "properties": {"i": 490, "h3": "882d56831bfffff", "lon": 39.5553, "lat": 43.56043, "water_km2": 0.731, "dist_coast_km": 13.0, "persistence": 0.0, "mean_cover": 0.0, "max_cover": 0.0, "trend_cover": 0.0, "hot": 0.0, "n_obs": 22}}, {"type": "Feature", "id": 491, "geometry": {"type": "Polygon", "coordinates": [[[39.54227, 43.552625], [39.539053, 43.548601], [39.542428, 43.544337], [39.54902, 43.544096], [39.552237, 43.54812], [39.548862, 43.552384], [39.54227, 43.552625]]]}, "properties": {"i": 491, "h3": "882d56831dfffff", "lon": 39.54565, "lat": 43.54836, "water_km2": 0.076, "dist_coast_km": 15.3, "persistence": 0.0, "mean_cover": 0.0, "max_cover": 0.0, "trend_cover": 0.0, "hot": 0.0, "n_obs": 22}}, {"type": "Feature", "id": 492, "geometry": {"type": "Polygon", "coordinates": [[[39.542903, 43.519469], [39.539688, 43.515443], [39.543062, 43.511178], [39.54965, 43.510938], [39.552866, 43.514964], [39.549493, 43.519229], [39.542903, 43.519469]]]}, "properties": {"i": 492, "h3": "882d568321fffff", "lon": 39.54628, "lat": 43.5152, "water_km2": 0.142, "dist_coast_km": 16.3, "persistence": 0.0, "mean_cover": 0.0, "max_cover": 0.0, "trend_cover": 0.0, "hot": 0.0, "n_obs": 22}}, {"type": "Feature", "id": 493, "geometry": {"type": "Polygon", "coordinates": [[[39.552709, 43.523254], [39.549493, 43.519229], [39.552866, 43.514964], [39.559454, 43.514723], [39.56267, 43.518748], [39.559298, 43.523013], [39.552709, 43.523254]]]}, "properties": {"i": 493, "h3": "882d568323fffff", "lon": 39.55608, "lat": 43.51899, "water_km2": 0.742, "dist_coast_km": 15.4, "persistence": 0.0, "mean_cover": 0.0, "max_cover": 0.0, "trend_cover": 0.0, "hot": 0.0, "n_obs": 22}}, {"type": "Feature", "id": 494, "geometry": {"type": "Polygon", "coordinates": [[[39.543062, 43.511178], [39.539847, 43.507152], [39.54322, 43.502887], [39.549808, 43.502647], [39.553023, 43.506673], [39.54965, 43.510938], [39.543062, 43.511178]]]}, "properties": {"i": 494, "h3": "882d568325fffff", "lon": 39.54644, "lat": 43.50691, "water_km2": 0.156, "dist_coast_km": 16.3, "persistence": 0.0, "mean_cover": 0.0, "max_cover": 0.0, "trend_cover": 0.0, "hot": 0.0, "n_obs": 22}}, {"type": "Feature", "id": 495, "geometry": {"type": "Polygon", "coordinates": [[[39.552866, 43.514964], [39.54965, 43.510938], [39.553023, 43.506673], [39.559611, 43.506433], [39.562827, 43.510458], [39.559454, 43.514723], [39.552866, 43.514964]]]}, "properties": {"i": 495, "h3": "882d568327fffff", "lon": 39.55624, "lat": 43.5107, "water_km2": 0.725, "dist_coast_km": 16.3, "persistence": 0.0, "mean_cover": 0.0, "max_cover": 0.0, "trend_cover": 0.0, "hot": 0.0, "n_obs": 22}}, {"type": "Feature", "id": 496, "geometry": {"type": "Polygon", "coordinates": [[[39.542745, 43.527759], [39.539529, 43.523734], [39.542903, 43.519469], [39.549493, 43.519229], [39.552709, 43.523254], [39.549335, 43.527519], [39.542745, 43.527759]]]}, "properties": {"i": 496, "h3": "882d56832bfffff", "lon": 39.54612, "lat": 43.52349, "water_km2": 0.123, "dist_coast_km": 16.6, "persistence": 0.0, "mean_cover": 0.0, "max_cover": 0.0, "trend_cover": 0.0, "hot": 0.0, "n_obs": 22}}, {"type": "Feature", "id": 497, "geometry": {"type": "Polygon", "coordinates": [[[39.562358, 43.535326], [39.559141, 43.531302], [39.562514, 43.527037], [39.569103, 43.526796], [39.57232, 43.53082], [39.568947, 43.535085], [39.562358, 43.535326]]]}, "properties": {"i": 497, "h3": "882d568331fffff", "lon": 39.56573, "lat": 43.53106, "water_km2": 0.738, "dist_coast_km": 14.2, "persistence": 0.045, "mean_cover": 0.338, "max_cover": 7.444, "trend_cover": -0.0056, "hot": 0.0132, "n_obs": 22}}, {"type": "Feature", "id": 498, "geometry": {"type": "Polygon", "coordinates": [[[39.572164, 43.539108], [39.568947, 43.535085], [39.57232, 43.53082], [39.578909, 43.530578], [39.582126, 43.534601], [39.578754, 43.538866], [39.572164, 43.539108]]]}, "properties": {"i": 498, "h3": "882d568333fffff", "lon": 39.57554, "lat": 43.53484, "water_km2": 0.73, "dist_coast_km": 13.3, "persistence": 0.045, "mean_cover": 0.366, "max_cover": 8.058, "trend_cover": -0.0061, "hot": 0.0142, "n_obs": 22}}, {"type": "Feature", "id": 499, "geometry": {"type": "Polygon", "coordinates": [[[39.562514, 43.527037], [39.559298, 43.523013], [39.56267, 43.518748], [39.569259, 43.518507], [39.572475, 43.522531], [39.569103, 43.526796], [39.562514, 43.527037]]]}, "properties": {"i": 499, "h3": "882d568335fffff", "lon": 39.56589, "lat": 43.52277, "water_km2": 0.725, "dist_coast_km": 14.2, "persistence": 0.0, "mean_cover": 0.0, "max_cover": 0.0, "trend_cover": 0.0, "hot": 0.0, "n_obs": 22}}, {"type": "Feature", "id": 500, "geometry": {"type": "Polygon", "coordinates": [[[39.57232, 43.53082], [39.569103, 43.526796], [39.572475, 43.522531], [39.579063, 43.522289], [39.58228, 43.526313], [39.578909, 43.530578], [39.57232, 43.53082]]]}, "properties": {"i": 500, "h3": "882d568337fffff", "lon": 39.57569, "lat": 43.52655, "water_km2": 0.742, "dist_coast_km": 14.2, "persistence": 0.0, "mean_cover": 0.0, "max_cover": 0.0, "trend_cover": 0.0, "hot": 0.0, "n_obs": 22}}, {"type": "Feature", "id": 501, "geometry": {"type": "Polygon", "coordinates": [[[39.552394, 43.539832], [39.549177, 43.535808], [39.552551, 43.531543], [39.559141, 43.531302], [39.562358, 43.535326], [39.558984, 43.539591], [39.552394, 43.539832]]]}, "properties": {"i": 501, "h3": "882d568339fffff", "lon": 39.55577, "lat": 43.53557, "water_km2": 0.732, "dist_coast_km": 14.6, "persistence": 0.0, "mean_cover": 0.0, "max_cover": 0.0, "trend_cover": 0.0, "hot": 0.0, "n_obs": 22}}, {"type": "Feature", "id": 502, "geometry": {"type": "Polygon", "coordinates": [[[39.562201, 43.543615], [39.558984, 43.539591], [39.562358, 43.535326], [39.568947, 43.535085], [39.572164, 43.539108], [39.568792, 43.543373], [39.562201, 43.543615]]]}, "properties": {"i": 502, "h3": "882d56833bfffff", "lon": 39.56557, "lat": 43.53935, "water_km2": 0.735, "dist_coast_km": 13.3, "persistence": 0.0, "mean_cover": 0.0, "max_cover": 0.0, "trend_cover": 0.0, "hot": 0.0, "n_obs": 22}}, {"type": "Feature", "id": 503, "geometry": {"type": "Polygon", "coordinates": [[[39.552551, 43.531543], [39.549335, 43.527519], [39.552709, 43.523254], [39.559298, 43.523013], [39.562514, 43.527037], [39.559141, 43.531302], [39.552551, 43.531543]]]}, "properties": {"i": 503, "h3": "882d56833dfffff", "lon": 39.55592, "lat": 43.52728, "water_km2": 0.73, "dist_coast_km": 15.4, "persistence": 0.0, "mean_cover": 0.0, "max_cover": 0.0, "trend_cover": 0.0, "hot": 0.0, "n_obs": 22}}, {"type": "Feature", "id": 504, "geometry": {"type": "Polygon", "coordinates": [[[39.699104, 43.621282], [39.69588, 43.617268], [39.699246, 43.613003], [39.705836, 43.612752], [39.709059, 43.616766], [39.705694, 43.621031], [39.699104, 43.621282]]]}, "properties": {"i": 504, "h3": "882d56854dfffff", "lon": 39.70247, "lat": 43.61702, "water_km2": 0.238, "dist_coast_km": 0.0, "persistence": 0.0, "mean_cover": 0.0, "max_cover": 0.0, "trend_cover": 0.0, "hot": 0.0, "n_obs": 22}}, {"type": "Feature", "id": 505, "geometry": {"type": "Polygon", "coordinates": [[[39.709201, 43.608487], [39.705977, 43.604473], [39.709342, 43.600208], [39.71593, 43.599957], [39.719154, 43.603971], [39.715789, 43.608236], [39.709201, 43.608487]]]}, "properties": {"i": 505, "h3": "882d568569fffff", "lon": 39.71257, "lat": 43.60422, "water_km2": 0.0, "dist_coast_km": 1.3, "persistence": 0.0, "mean_cover": 0.0, "max_cover": 0.0, "trend_cover": 0.0, "hot": 0.0, "n_obs": 21}}, {"type": "Feature", "id": 506, "geometry": {"type": "Polygon", "coordinates": [[[39.709342, 43.600208], [39.706119, 43.596193], [39.709484, 43.591928], [39.716071, 43.591677], [39.719294, 43.595691], [39.71593, 43.599957], [39.709342, 43.600208]]]}, "properties": {"i": 506, "h3": "882d56856dfffff", "lon": 39.71271, "lat": 43.59594, "water_km2": 0.074, "dist_coast_km": 1.3, "persistence": 0.0, "mean_cover": 0.0, "max_cover": 0.0, "trend_cover": 0.0, "hot": 0.0, "n_obs": 22}}, {"type": "Feature", "id": 507, "geometry": {"type": "Polygon", "coordinates": [[[39.679187, 43.630311], [39.675963, 43.626296], [39.679332, 43.622032], [39.685923, 43.621782], [39.689146, 43.625797], [39.685779, 43.630061], [39.679187, 43.630311]]]}, "properties": {"i": 507, "h3": "882d568721fffff", "lon": 39.68255, "lat": 43.62605, "water_km2": 0.024, "dist_coast_km": 1.3, "persistence": 0.0, "mean_cover": 0.0, "max_cover": 0.0, "trend_cover": 0.0, "hot": 0.0, "n_obs": 22}}, {"type": "Feature", "id": 508, "geometry": {"type": "Polygon", "coordinates": [[[39.679332, 43.622032], [39.676108, 43.618017], [39.679476, 43.613753], [39.686066, 43.613503], [39.68929, 43.617518], [39.685923, 43.621782], [39.679332, 43.622032]]]}, "properties": {"i": 508, "h3": "882d568725fffff", "lon": 39.6827, "lat": 43.61777, "water_km2": 0.738, "dist_coast_km": 1.3, "persistence": 0.0, "mean_cover": 0.0, "max_cover": 0.0, "trend_cover": 0.0, "hot": 0.0, "n_obs": 22}}, {"type": "Feature", "id": 509, "geometry": {"type": "Polygon", "coordinates": [[[39.689146, 43.625797], [39.685923, 43.621782], [39.68929, 43.617518], [39.69588, 43.617268], [39.699104, 43.621282], [39.695737, 43.625546], [39.689146, 43.625797]]]}, "properties": {"i": 509, "h3": "882d568727fffff", "lon": 39.69251, "lat": 43.62153, "water_km2": 0.434, "dist_coast_km": 1.3, "persistence": 0.0, "mean_cover": 0.0, "max_cover": 0.0, "trend_cover": 0.0, "hot": 0.0, "n_obs": 22}}, {"type": "Feature", "id": 510, "geometry": {"type": "Polygon", "coordinates": [[[39.669372, 43.626546], [39.666148, 43.62253], [39.669517, 43.618266], [39.676108, 43.618017], [39.679332, 43.622032], [39.675963, 43.626296], [39.669372, 43.626546]]]}, "properties": {"i": 510, "h3": "882d56872dfffff", "lon": 39.67274, "lat": 43.62228, "water_km2": 0.375, "dist_coast_km": 2.3, "persistence": 0.0, "mean_cover": 0.0, "max_cover": 0.0, "trend_cover": 0.0, "hot": 0.0, "n_obs": 22}}, {"type": "Feature", "id": 511, "geometry": {"type": "Polygon", "coordinates": [[[39.649594, 43.627291], [39.646371, 43.623275], [39.649742, 43.619011], [39.656334, 43.618763], [39.659556, 43.622779], [39.656187, 43.627043], [39.649594, 43.627291]]]}, "properties": {"i": 511, "h3": "882d568765fffff", "lon": 39.65296, "lat": 43.62303, "water_km2": 0.304, "dist_coast_km": 3.3, "persistence": 0.0, "mean_cover": 0.0, "max_cover": 0.0, "trend_cover": 0.0, "hot": 0.0, "n_obs": 22}}, {"type": "Feature", "id": 512, "geometry": {"type": "Polygon", "coordinates": [[[39.673004, 43.419382], [39.669789, 43.415358], [39.673149, 43.411088], [39.679723, 43.410843], [39.682939, 43.414867], [39.679579, 43.419137], [39.673004, 43.419382]]]}, "properties": {"i": 512, "h3": "882d568801fffff", "lon": 39.67636, "lat": 43.41511, "water_km2": 0.73, "dist_coast_km": 18.3, "persistence": 0.0, "mean_cover": 0.0, "max_cover": 0.0, "trend_cover": 0.0, "hot": 0.0, "n_obs": 22}}, {"type": "Feature", "id": 513, "geometry": {"type": "Polygon", "coordinates": [[[39.682795, 43.423161], [39.679579, 43.419137], [39.682939, 43.414867], [39.689513, 43.414621], [39.692728, 43.418645], [39.68937, 43.422915], [39.682795, 43.423161]]]}, "properties": {"i": 513, "h3": "882d568803fffff", "lon": 39.68615, "lat": 43.41889, "water_km2": 0.738, "dist_coast_km": 16.0, "persistence": 0.045, "mean_cover": 0.266, "max_cover": 5.849, "trend_cover": -0.0044, "hot": 0.0107, "n_obs": 22}}, {"type": "Feature", "id": 514, "geometry": {"type": "Polygon", "coordinates": [[[39.673149, 43.411088], [39.669934, 43.407063], [39.673294, 43.402793], [39.679868, 43.402548], [39.683082, 43.406573], [39.679723, 43.410843], [39.673149, 43.411088]]]}, "properties": {"i": 514, "h3": "882d568805fffff", "lon": 39.67651, "lat": 43.40682, "water_km2": 0.735, "dist_coast_km": 18.3, "persistence": 0.0, "mean_cover": 0.0, "max_cover": 0.0, "trend_cover": 0.0, "hot": 0.0, "n_obs": 22}}, {"type": "Feature", "id": 515, "geometry": {"type": "Polygon", "coordinates": [[[39.682939, 43.414867], [39.679723, 43.410843], [39.683082, 43.406573], [39.689656, 43.406327], [39.692871, 43.410351], [39.689513, 43.414621], [39.682939, 43.414867]]]}, "properties": {"i": 515, "h3": "882d568807fffff", "lon": 39.6863, "lat": 43.4106, "water_km2": 0.732, "dist_coast_km": 17.6, "persistence": 0.0, "mean_cover": 0.0, "max_cover": 0.0, "trend_cover": 0.0, "hot": 0.0, "n_obs": 22}}, {"type": "Feature", "id": 516, "geometry": {"type": "Polygon", "coordinates": [[[39.663068, 43.423896], [39.659853, 43.419872], [39.663214, 43.415602], [39.669789, 43.415358], [39.673004, 43.419382], [39.669644, 43.423652], [39.663068, 43.423896]]]}, "properties": {"i": 516, "h3": "882d568809fffff", "lon": 39.66643, "lat": 43.41963, "water_km2": 0.725, "dist_coast_km": 16.9, "persistence": 0.0, "mean_cover": 0.0, "max_cover": 0.0, "trend_cover": 0.0, "hot": 0.0, "n_obs": 22}}, {"type": "Feature", "id": 517, "geometry": {"type": "Polygon", "coordinates": [[[39.672859, 43.427676], [39.669644, 43.423652], [39.673004, 43.419382], [39.679579, 43.419137], [39.682795, 43.423161], [39.679435, 43.427431], [39.672859, 43.427676]]]}, "properties": {"i": 517, "h3": "882d56880bfffff", "lon": 39.67622, "lat": 43.42341, "water_km2": 0.742, "dist_coast_km": 16.9, "persistence": 0.045, "mean_cover": 0.384, "max_cover": 8.451, "trend_cover": -0.0064, "hot": 0.0148, "n_obs": 22}}, {"type": "Feature", "id": 518, "geometry": {"type": "Polygon", "coordinates": [[[39.663214, 43.415602], [39.659999, 43.411577], [39.663359, 43.407307], [39.669934, 43.407063], [39.673149, 43.411088], [39.669789, 43.415358], [39.663214, 43.415602]]]}, "properties": {"i": 518, "h3": "882d56880dfffff", "lon": 39.66657, "lat": 43.41133, "water_km2": 0.74, "dist_coast_km": 18.3, "persistence": 0.045, "mean_cover": 0.385, "max_cover": 8.479, "trend_cover": -0.0064, "hot": 0.0148, "n_obs": 22}}, {"type": "Feature", "id": 519, "geometry": {"type": "Polygon", "coordinates": [[[39.692443, 43.435231], [39.689226, 43.431208], [39.692586, 43.426939], [39.69916, 43.426692], [39.702377, 43.430715], [39.699018, 43.434985], [39.692443, 43.435231]]]}, "properties": {"i": 519, "h3": "882d568811fffff", "lon": 39.6958, "lat": 43.43096, "water_km2": 0.74, "dist_coast_km": 16.0, "persistence": 0.0, "mean_cover": 0.0, "max_cover": 0.0, "trend_cover": 0.0, "hot": 0.0, "n_obs": 22}}, {"type": "Feature", "id": 520, "geometry": {"type": "Polygon", "coordinates": [[[39.702235, 43.439007], [39.699018, 43.434985], [39.702377, 43.430715], [39.708951, 43.430468], [39.712168, 43.43449], [39.70881, 43.43876], [39.702235, 43.439007]]]}, "properties": {"i": 520, "h3": "882d568813fffff", "lon": 39.70559, "lat": 43.43474, "water_km2": 0.728, "dist_coast_km": 13.8, "persistence": 0.0, "mean_cover": 0.0, "max_cover": 0.0, "trend_cover": 0.0, "hot": 0.0, "n_obs": 22}}, {"type": "Feature", "id": 521, "geometry": {"type": "Polygon", "coordinates": [[[39.692586, 43.426939], [39.68937, 43.422915], [39.692728, 43.418645], [39.699303, 43.418399], [39.702519, 43.422422], [39.69916, 43.426692], [39.692586, 43.426939]]]}, "properties": {"i": 521, "h3": "882d568815fffff", "lon": 39.69594, "lat": 43.42267, "water_km2": 0.73, "dist_coast_km": 16.0, "persistence": 0.045, "mean_cover": 0.342, "max_cover": 7.521, "trend_cover": -0.0057, "hot": 0.0134, "n_obs": 22}}, {"type": "Feature", "id": 522, "geometry": {"type": "Polygon", "coordinates": [[[39.702377, 43.430715], [39.69916, 43.426692], [39.702519, 43.422422], [39.709093, 43.422175], [39.712309, 43.426198], [39.708951, 43.430468], [39.702377, 43.430715]]]}, "properties": {"i": 522, "h3": "882d568817fffff", "lon": 39.70573, "lat": 43.42645, "water_km2": 0.738, "dist_coast_km": 15.3, "persistence": 0.045, "mean_cover": 0.169, "max_cover": 3.722, "trend_cover": -0.0028, "hot": 0.0071, "n_obs": 22}}, {"type": "Feature", "id": 523, "geometry": {"type": "Polygon", "coordinates": [[[39.682507, 43.439747], [39.679291, 43.435724], [39.682651, 43.431454], [39.689226, 43.431208], [39.692443, 43.435231], [39.689083, 43.439501], [39.682507, 43.439747]]]}, "properties": {"i": 523, "h3": "882d568819fffff", "lon": 39.68587, "lat": 43.43548, "water_km2": 0.75, "dist_coast_km": 14.6, "persistence": 0.0, "mean_cover": 0.0, "max_cover": 0.0, "trend_cover": 0.0, "hot": 0.0, "n_obs": 22}}, {"type": "Feature", "id": 524, "geometry": {"type": "Polygon", "coordinates": [[[39.6923, 43.443523], [39.689083, 43.439501], [39.692443, 43.435231], [39.699018, 43.434985], [39.702235, 43.439007], [39.698876, 43.443277], [39.6923, 43.443523]]]}, "properties": {"i": 524, "h3": "882d56881bfffff", "lon": 39.69566, "lat": 43.43925, "water_km2": 0.728, "dist_coast_km": 14.6, "persistence": 0.0, "mean_cover": 0.0, "max_cover": 0.0, "trend_cover": 0.0, "hot": 0.0, "n_obs": 22}}, {"type": "Feature", "id": 525, "geometry": {"type": "Polygon", "coordinates": [[[39.682651, 43.431454], [39.679435, 43.427431], [39.682795, 43.423161], [39.68937, 43.422915], [39.692586, 43.426939], [39.689226, 43.431208], [39.682651, 43.431454]]]}, "properties": {"i": 525, "h3": "882d56881dfffff", "lon": 39.68601, "lat": 43.42718, "water_km2": 0.728, "dist_coast_km": 16.0, "persistence": 0.0, "mean_cover": 0.0, "max_cover": 0.0, "trend_cover": 0.0, "hot": 0.0, "n_obs": 22}}, {"type": "Feature", "id": 526, "geometry": {"type": "Polygon", "coordinates": [[[39.683226, 43.398278], [39.680012, 43.394253], [39.68337, 43.389982], [39.689943, 43.389737], [39.693157, 43.393762], [39.689799, 43.398032], [39.683226, 43.398278]]]}, "properties": {"i": 526, "h3": "882d568821fffff", "lon": 39.68658, "lat": 43.39401, "water_km2": 0.745, "dist_coast_km": 19.0, "persistence": 0.0, "mean_cover": 0.0, "max_cover": 0.0, "trend_cover": 0.0, "hot": 0.0, "n_obs": 22}}, {"type": "Feature", "id": 527, "geometry": {"type": "Polygon", "coordinates": [[[39.693014, 43.402057], [39.689799, 43.398032], [39.693157, 43.393762], [39.699729, 43.393516], [39.702944, 43.39754], [39.699587, 43.401811], [39.693014, 43.402057]]]}, "properties": {"i": 527, "h3": "882d568823fffff", "lon": 39.69637, "lat": 43.39779, "water_km2": 0.73, "dist_coast_km": 17.8, "persistence": 0.0, "mean_cover": 0.0, "max_cover": 0.0, "trend_cover": 0.0, "hot": 0.0, "n_obs": 22}}, {"type": "Feature", "id": 528, "geometry": {"type": "Polygon", "coordinates": [[[39.68337, 43.389982], [39.680156, 43.385956], [39.683514, 43.381686], [39.690086, 43.381441], [39.6933, 43.385466], [39.689943, 43.389737], [39.68337, 43.389982]]]}, "properties": {"i": 528, "h3": "882d568825fffff", "lon": 39.68673, "lat": 43.38571, "water_km2": 0.725, "dist_coast_km": 19.0, "persistence": 0.0, "mean_cover": 0.0, "max_cover": 0.0, "trend_cover": 0.0, "hot": 0.0, "n_obs": 22}}, {"type": "Feature", "id": 529, "geometry": {"type": "Polygon", "coordinates": [[[39.693157, 43.393762], [39.689943, 43.389737], [39.6933, 43.385466], [39.699871, 43.38522], [39.703086, 43.389245], [39.699729, 43.393516], [39.693157, 43.393762]]]}, "properties": {"i": 529, "h3": "882d568827fffff", "lon": 39.69651, "lat": 43.38949, "water_km2": 0.745, "dist_coast_km": 17.8, "persistence": 0.045, "mean_cover": 0.526, "max_cover": 11.58, "trend_cover": -0.0088, "hot": 0.0192, "n_obs": 22}}, {"type": "Feature", "id": 530, "geometry": {"type": "Polygon", "coordinates": [[[39.673294, 43.402793], [39.670079, 43.398767], [39.673439, 43.394497], [39.680012, 43.394253], [39.683226, 43.398278], [39.679868, 43.402548], [39.673294, 43.402793]]]}, "properties": {"i": 530, "h3": "882d568829fffff", "lon": 39.67665, "lat": 43.39852, "water_km2": 0.738, "dist_coast_km": 19.9, "persistence": 0.045, "mean_cover": 0.435, "max_cover": 9.571, "trend_cover": -0.0072, "hot": 0.0164, "n_obs": 22}}, {"type": "Feature", "id": 531, "geometry": {"type": "Polygon", "coordinates": [[[39.683082, 43.406573], [39.679868, 43.402548], [39.683226, 43.398278], [39.689799, 43.398032], [39.693014, 43.402057], [39.689656, 43.406327], [39.683082, 43.406573]]]}, "properties": {"i": 531, "h3": "882d56882bfffff", "lon": 39.68644, "lat": 43.4023, "water_km2": 0.732, "dist_coast_km": 17.6, "persistence": 0.045, "mean_cover": 0.195, "max_cover": 4.283, "trend_cover": -0.0032, "hot": 0.0081, "n_obs": 22}}, {"type": "Feature", "id": 532, "geometry": {"type": "Polygon", "coordinates": [[[39.673439, 43.394497], [39.670225, 43.390471], [39.673583, 43.386201], [39.680156, 43.385956], [39.68337, 43.389982], [39.680012, 43.394253], [39.673439, 43.394497]]]}, "properties": {"i": 532, "h3": "882d56882dfffff", "lon": 39.6768, "lat": 43.39023, "water_km2": 0.73, "dist_coast_km": 19.9, "persistence": 0.0, "mean_cover": 0.0, "max_cover": 0.0, "trend_cover": 0.0, "hot": 0.0, "n_obs": 22}}, {"type": "Feature", "id": 533, "geometry": {"type": "Polygon", "coordinates": [[[39.702661, 43.414129], [39.699445, 43.410105], [39.702802, 43.405835], [39.709375, 43.405588], [39.712591, 43.409612], [39.709234, 43.413882], [39.702661, 43.414129]]]}, "properties": {"i": 533, "h3": "882d568831fffff", "lon": 39.70602, "lat": 43.40986, "water_km2": 0.73, "dist_coast_km": 16.9, "persistence": 0.045, "mean_cover": 0.977, "max_cover": 21.488, "trend_cover": -0.0163, "hot": 0.031, "n_obs": 22}}, {"type": "Feature", "id": 534, "geometry": {"type": "Polygon", "coordinates": [[[39.71245, 43.417905], [39.709234, 43.413882], [39.712591, 43.409612], [39.719163, 43.409365], [39.722379, 43.413387], [39.719023, 43.417658], [39.71245, 43.417905]]]}, "properties": {"i": 534, "h3": "882d568833fffff", "lon": 39.71581, "lat": 43.41363, "water_km2": 0.738, "dist_coast_km": 15.8, "persistence": 0.0, "mean_cover": 0.0, "max_cover": 0.0, "trend_cover": 0.0, "hot": 0.0, "n_obs": 22}}, {"type": "Feature", "id": 535, "geometry": {"type": "Polygon", "coordinates": [[[39.702802, 43.405835], [39.699587, 43.401811], [39.702944, 43.39754], [39.709516, 43.397294], [39.712732, 43.401318], [39.709375, 43.405588], [39.702802, 43.405835]]]}, "properties": {"i": 535, "h3": "882d568835fffff", "lon": 39.70616, "lat": 43.40156, "water_km2": 0.742, "dist_coast_km": 16.9, "persistence": 0.0, "mean_cover": 0.0, "max_cover": 0.0, "trend_cover": 0.0, "hot": 0.0, "n_obs": 22}}, {"type": "Feature", "id": 536, "geometry": {"type": "Polygon", "coordinates": [[[39.712591, 43.409612], [39.709375, 43.405588], [39.712732, 43.401318], [39.719304, 43.401071], [39.722519, 43.405094], [39.719163, 43.409365], [39.712591, 43.409612]]]}, "properties": {"i": 536, "h3": "882d568837fffff", "lon": 39.71595, "lat": 43.40534, "water_km2": 0.725, "dist_coast_km": 15.8, "persistence": 0.0, "mean_cover": 0.0, "max_cover": 0.0, "trend_cover": 0.0, "hot": 0.0, "n_obs": 22}}, {"type": "Feature", "id": 537, "geometry": {"type": "Polygon", "coordinates": [[[39.692728, 43.418645], [39.689513, 43.414621], [39.692871, 43.410351], [39.699445, 43.410105], [39.702661, 43.414129], [39.699303, 43.418399], [39.692728, 43.418645]]]}, "properties": {"i": 537, "h3": "882d568839fffff", "lon": 39.69609, "lat": 43.41438, "water_km2": 0.735, "dist_coast_km": 17.6, "persistence": 0.045, "mean_cover": 0.461, "max_cover": 10.137, "trend_cover": -0.0077, "hot": 0.0172, "n_obs": 22}}, {"type": "Feature", "id": 538, "geometry": {"type": "Polygon", "coordinates": [[[39.702519, 43.422422], [39.699303, 43.418399], [39.702661, 43.414129], [39.709234, 43.413882], [39.71245, 43.417905], [39.709093, 43.422175], [39.702519, 43.422422]]]}, "properties": {"i": 538, "h3": "882d56883bfffff", "lon": 39.70588, "lat": 43.41815, "water_km2": 0.738, "dist_coast_km": 15.3, "persistence": 0.0, "mean_cover": 0.0, "max_cover": 0.0, "trend_cover": 0.0, "hot": 0.0, "n_obs": 22}}, {"type": "Feature", "id": 539, "geometry": {"type": "Polygon", "coordinates": [[[39.692871, 43.410351], [39.689656, 43.406327], [39.693014, 43.402057], [39.699587, 43.401811], [39.702802, 43.405835], [39.699445, 43.410105], [39.692871, 43.410351]]]}, "properties": {"i": 539, "h3": "882d56883dfffff", "lon": 39.69623, "lat": 43.40608, "water_km2": 0.74, "dist_coast_km": 16.9, "persistence": 0.045, "mean_cover": 0.53, "max_cover": 11.659, "trend_cover": -0.0088, "hot": 0.0193, "n_obs": 22}}, {"type": "Feature", "id": 540, "geometry": {"type": "Polygon", "coordinates": [[[39.643338, 43.424629], [39.640123, 43.420603], [39.643486, 43.416334], [39.650062, 43.41609], [39.653277, 43.420116], [39.649915, 43.424385], [39.643338, 43.424629]]]}, "properties": {"i": 540, "h3": "882d568841fffff", "lon": 39.6467, "lat": 43.42036, "water_km2": 0.742, "dist_coast_km": 17.6, "persistence": 0.045, "mean_cover": 0.432, "max_cover": 9.507, "trend_cover": -0.0072, "hot": 0.0163, "n_obs": 22}}, {"type": "Feature", "id": 541, "geometry": {"type": "Polygon", "coordinates": [[[39.65313, 43.42841], [39.649915, 43.424385], [39.653277, 43.420116], [39.659853, 43.419872], [39.663068, 43.423896], [39.659706, 43.428166], [39.65313, 43.42841]]]}, "properties": {"i": 541, "h3": "882d568843fffff", "lon": 39.65649, "lat": 43.42414, "water_km2": 0.73, "dist_coast_km": 17.6, "persistence": 0.0, "mean_cover": 0.0, "max_cover": 0.0, "trend_cover": 0.0, "hot": 0.0, "n_obs": 22}}, {"type": "Feature", "id": 542, "geometry": {"type": "Polygon", "coordinates": [[[39.643486, 43.416334], [39.640271, 43.412308], [39.643634, 43.408038], [39.650209, 43.407795], [39.653423, 43.411821], [39.650062, 43.41609], [39.643486, 43.416334]]]}, "properties": {"i": 542, "h3": "882d568845fffff", "lon": 39.64685, "lat": 43.41206, "water_km2": 0.722, "dist_coast_km": 19.2, "persistence": 0.045, "mean_cover": 0.37, "max_cover": 8.142, "trend_cover": -0.0062, "hot": 0.0143, "n_obs": 22}}, {"type": "Feature", "id": 543, "geometry": {"type": "Polygon", "coordinates": [[[39.653277, 43.420116], [39.650062, 43.41609], [39.653423, 43.411821], [39.659999, 43.411577], [39.663214, 43.415602], [39.659853, 43.419872], [39.653277, 43.420116]]]}, "properties": {"i": 543, "h3": "882d568847fffff", "lon": 39.65664, "lat": 43.41585, "water_km2": 0.75, "dist_coast_km": 19.2, "persistence": 0.0, "mean_cover": 0.0, "max_cover": 0.0, "trend_cover": 0.0, "hot": 0.0, "n_obs": 22}}, {"type": "Feature", "id": 544, "geometry": {"type": "Polygon", "coordinates": [[[39.633397, 43.429141], [39.630183, 43.425115], [39.633546, 43.420846], [39.640123, 43.420603], [39.643338, 43.424629], [39.639975, 43.428897], [39.633397, 43.429141]]]}, "properties": {"i": 544, "h3": "882d568849fffff", "lon": 39.63676, "lat": 43.42487, "water_km2": 0.735, "dist_coast_km": 18.3, "persistence": 0.0, "mean_cover": 0.0, "max_cover": 0.0, "trend_cover": 0.0, "hot": 0.0, "n_obs": 22}}, {"type": "Feature", "id": 545, "geometry": {"type": "Polygon", "coordinates": [[[39.64319, 43.432923], [39.639975, 43.428897], [39.643338, 43.424629], [39.649915, 43.424385], [39.65313, 43.42841], [39.649767, 43.432679], [39.64319, 43.432923]]]}, "properties": {"i": 545, "h3": "882d56884bfffff", "lon": 39.64655, "lat": 43.42865, "water_km2": 0.73, "dist_coast_km": 17.6, "persistence": 0.045, "mean_cover": 1.123, "max_cover": 24.711, "trend_cover": -0.0187, "hot": 0.0342, "n_obs": 22}}, {"type": "Feature", "id": 546, "geometry": {"type": "Polygon", "coordinates": [[[39.633546, 43.420846], [39.630332, 43.41682], [39.633695, 43.412551], [39.640271, 43.412308], [39.643486, 43.416334], [39.640123, 43.420603], [39.633546, 43.420846]]]}, "properties": {"i": 546, "h3": "882d56884dfffff", "lon": 39.63691, "lat": 43.41658, "water_km2": 0.728, "dist_coast_km": 19.9, "persistence": 0.0, "mean_cover": 0.0, "max_cover": 0.0, "trend_cover": 0.0, "hot": 0.0, "n_obs": 22}}, {"type": "Feature", "id": 547, "geometry": {"type": "Polygon", "coordinates": [[[39.662776, 43.440483], [39.65956, 43.436459], [39.662922, 43.43219], [39.669498, 43.431945], [39.672714, 43.435969], [39.669353, 43.440238], [39.662776, 43.440483]]]}, "properties": {"i": 547, "h3": "882d568851fffff", "lon": 39.66614, "lat": 43.43621, "water_km2": 0.728, "dist_coast_km": 15.3, "persistence": 0.0, "mean_cover": 0.0, "max_cover": 0.0, "trend_cover": 0.0, "hot": 0.0, "n_obs": 22}}, {"type": "Feature", "id": 548, "geometry": {"type": "Polygon", "coordinates": [[[39.672569, 43.444262], [39.669353, 43.440238], [39.672714, 43.435969], [39.679291, 43.435724], [39.682507, 43.439747], [39.679146, 43.444016], [39.672569, 43.444262]]]}, "properties": {"i": 548, "h3": "882d568853fffff", "lon": 39.67593, "lat": 43.43999, "water_km2": 0.742, "dist_coast_km": 15.3, "persistence": 0.0, "mean_cover": 0.0, "max_cover": 0.0, "trend_cover": 0.0, "hot": 0.0, "n_obs": 22}}, {"type": "Feature", "id": 549, "geometry": {"type": "Polygon", "coordinates": [[[39.662922, 43.43219], [39.659706, 43.428166], [39.663068, 43.423896], [39.669644, 43.423652], [39.672859, 43.427676], [39.669498, 43.431945], [39.662922, 43.43219]]]}, "properties": {"i": 549, "h3": "882d568855fffff", "lon": 39.66628, "lat": 43.42792, "water_km2": 0.748, "dist_coast_km": 16.9, "persistence": 0.045, "mean_cover": 0.167, "max_cover": 3.672, "trend_cover": -0.0028, "hot": 0.007, "n_obs": 22}}, {"type": "Feature", "id": 550, "geometry": {"type": "Polygon", "coordinates": [[[39.672714, 43.435969], [39.669498, 43.431945], [39.672859, 43.427676], [39.679435, 43.427431], [39.682651, 43.431454], [39.679291, 43.435724], [39.672714, 43.435969]]]}, "properties": {"i": 550, "h3": "882d568857fffff", "lon": 39.67607, "lat": 43.4317, "water_km2": 0.722, "dist_coast_km": 16.9, "persistence": 0.0, "mean_cover": 0.0, "max_cover": 0.0, "trend_cover": 0.0, "hot": 0.0, "n_obs": 22}}, {"type": "Feature", "id": 551, "geometry": {"type": "Polygon", "coordinates": [[[39.652836, 43.444997], [39.64962, 43.440972], [39.652983, 43.436704], [39.65956, 43.436459], [39.662776, 43.440483], [39.659414, 43.444752], [39.652836, 43.444997]]]}, "properties": {"i": 551, "h3": "882d568859fffff", "lon": 39.6562, "lat": 43.44073, "water_km2": 0.735, "dist_coast_km": 16.0, "persistence": 0.0, "mean_cover": 0.0, "max_cover": 0.0, "trend_cover": 0.0, "hot": 0.0, "n_obs": 22}}, {"type": "Feature", "id": 552, "geometry": {"type": "Polygon", "coordinates": [[[39.66263, 43.448776], [39.659414, 43.444752], [39.662776, 43.440483], [39.669353, 43.440238], [39.672569, 43.444262], [39.669208, 43.44853], [39.66263, 43.448776]]]}, "properties": {"i": 552, "h3": "882d56885bfffff", "lon": 39.66599, "lat": 43.44451, "water_km2": 0.74, "dist_coast_km": 15.3, "persistence": 0.0, "mean_cover": 0.0, "max_cover": 0.0, "trend_cover": 0.0, "hot": 0.0, "n_obs": 22}}, {"type": "Feature", "id": 553, "geometry": {"type": "Polygon", "coordinates": [[[39.652983, 43.436704], [39.649767, 43.432679], [39.65313, 43.42841], [39.659706, 43.428166], [39.662922, 43.43219], [39.65956, 43.436459], [39.652983, 43.436704]]]}, "properties": {"i": 553, "h3": "882d56885dfffff", "lon": 39.65634, "lat": 43.43243, "water_km2": 0.74, "dist_coast_km": 17.6, "persistence": 0.0, "mean_cover": 0.0, "max_cover": 0.0, "trend_cover": 0.0, "hot": 0.0, "n_obs": 22}}, {"type": "Feature", "id": 554, "geometry": {"type": "Polygon", "coordinates": [[[39.65357, 43.403525], [39.650356, 43.399499], [39.653717, 43.395229], [39.660291, 43.394986], [39.663505, 43.399012], [39.660145, 43.403282], [39.65357, 43.403525]]]}, "properties": {"i": 554, "h3": "882d568861fffff", "lon": 39.65693, "lat": 43.39926, "water_km2": 0.742, "dist_coast_km": 20.6, "persistence": 0.045, "mean_cover": 0.144, "max_cover": 3.169, "trend_cover": -0.0024, "hot": 0.0061, "n_obs": 22}}, {"type": "Feature", "id": 555, "geometry": {"type": "Polygon", "coordinates": [[[39.663359, 43.407307], [39.660145, 43.403282], [39.663505, 43.399012], [39.670079, 43.398767], [39.673294, 43.402793], [39.669934, 43.407063], [39.663359, 43.407307]]]}, "properties": {"i": 555, "h3": "882d568863fffff", "lon": 39.66672, "lat": 43.40304, "water_km2": 0.732, "dist_coast_km": 18.3, "persistence": 0.045, "mean_cover": 0.657, "max_cover": 14.455, "trend_cover": -0.0109, "hot": 0.023, "n_obs": 22}}, {"type": "Feature", "id": 556, "geometry": {"type": "Polygon", "coordinates": [[[39.653717, 43.395229], [39.650504, 43.391203], [39.653864, 43.386933], [39.660438, 43.386689], [39.663651, 43.390716], [39.660291, 43.394986], [39.653717, 43.395229]]]}, "properties": {"i": 556, "h3": "882d568865fffff", "lon": 39.65708, "lat": 43.39096, "water_km2": 0.732, "dist_coast_km": 20.6, "persistence": 0.0, "mean_cover": 0.0, "max_cover": 0.0, "trend_cover": 0.0, "hot": 0.0, "n_obs": 22}}, {"type": "Feature", "id": 557, "geometry": {"type": "Polygon", "coordinates": [[[39.663505, 43.399012], [39.660291, 43.394986], [39.663651, 43.390716], [39.670225, 43.390471], [39.673439, 43.394497], [39.670079, 43.398767], [39.663505, 43.399012]]]}, "properties": {"i": 557, "h3": "882d568867fffff", "lon": 39.66687, "lat": 43.39474, "water_km2": 0.732, "dist_coast_km": 19.9, "persistence": 0.0, "mean_cover": 0.0, "max_cover": 0.0, "trend_cover": 0.0, "hot": 0.0, "n_obs": 22}}, {"type": "Feature", "id": 558, "geometry": {"type": "Polygon", "coordinates": [[[39.643634, 43.408038], [39.64042, 43.404012], [39.643781, 43.399742], [39.650356, 43.399499], [39.65357, 43.403525], [39.650209, 43.407795], [39.643634, 43.408038]]]}, "properties": {"i": 558, "h3": "882d568869fffff", "lon": 39.647, "lat": 43.40377, "water_km2": 0.745, "dist_coast_km": 19.2, "persistence": 0.045, "mean_cover": 0.144, "max_cover": 3.158, "trend_cover": -0.0024, "hot": 0.0061, "n_obs": 22}}, {"type": "Feature", "id": 559, "geometry": {"type": "Polygon", "coordinates": [[[39.653423, 43.411821], [39.650209, 43.407795], [39.65357, 43.403525], [39.660145, 43.403282], [39.663359, 43.407307], [39.659999, 43.411577], [39.653423, 43.411821]]]}, "properties": {"i": 559, "h3": "882d56886bfffff", "lon": 39.65678, "lat": 43.40755, "water_km2": 0.725, "dist_coast_km": 19.2, "persistence": 0.045, "mean_cover": 0.197, "max_cover": 4.327, "trend_cover": -0.0716, "hot": 0.0082, "n_obs": 22}}, {"type": "Feature", "id": 560, "geometry": {"type": "Polygon", "coordinates": [[[39.643781, 43.399742], [39.640568, 43.395716], [39.643929, 43.391446], [39.650504, 43.391203], [39.653717, 43.395229], [39.650356, 43.399499], [39.643781, 43.399742]]]}, "properties": {"i": 560, "h3": "882d56886dfffff", "lon": 39.64714, "lat": 43.39547, "water_km2": 0.73, "dist_coast_km": 20.6, "persistence": 0.045, "mean_cover": 0.269, "max_cover": 5.909, "trend_cover": -0.0045, "hot": 0.0108, "n_obs": 22}}, {"type": "Feature", "id": 561, "geometry": {"type": "Polygon", "coordinates": [[[39.741543, 43.445809], [39.738326, 43.441788], [39.741682, 43.437518], [39.748255, 43.437268], [39.751473, 43.441289], [39.748117, 43.445559], [39.741543, 43.445809]]]}, "properties": {"i": 561, "h3": "882d568881fffff", "lon": 39.7449, "lat": 43.44154, "water_km2": 0.732, "dist_coast_km": 12.3, "persistence": 0.0, "mean_cover": 0.0, "max_cover": 0.0, "trend_cover": 0.0, "hot": 0.0, "n_obs": 22}}, {"type": "Feature", "id": 562, "geometry": {"type": "Polygon", "coordinates": [[[39.751336, 43.449579], [39.748117, 43.445559], [39.751473, 43.441289], [39.758046, 43.441039], [39.761264, 43.445059], [39.75791, 43.449329], [39.751336, 43.449579]]]}, "properties": {"i": 562, "h3": "882d568883fffff", "lon": 39.75469, "lat": 43.44531, "water_km2": 0.735, "dist_coast_km": 11.5, "persistence": 0.0, "mean_cover": 0.0, "max_cover": 0.0, "trend_cover": 0.0, "hot": 0.0, "n_obs": 22}}, {"type": "Feature", "id": 563, "geometry": {"type": "Polygon", "coordinates": [[[39.741682, 43.437518], [39.738464, 43.433497], [39.74182, 43.429227], [39.748392, 43.428977], [39.75161, 43.432998], [39.748255, 43.437268], [39.741682, 43.437518]]]}, "properties": {"i": 563, "h3": "882d568885fffff", "lon": 39.74504, "lat": 43.43325, "water_km2": 0.742, "dist_coast_km": 13.8, "persistence": 0.0, "mean_cover": 0.0, "max_cover": 0.0, "trend_cover": 0.0, "hot": 0.0, "n_obs": 22}}, {"type": "Feature", "id": 564, "geometry": {"type": "Polygon", "coordinates": [[[39.751473, 43.441289], [39.748255, 43.437268], [39.75161, 43.432998], [39.758182, 43.432748], [39.7614, 43.436768], [39.758046, 43.441039], [39.751473, 43.441289]]]}, "properties": {"i": 564, "h3": "882d568887fffff", "lon": 39.75483, "lat": 43.43702, "water_km2": 0.725, "dist_coast_km": 11.5, "persistence": 0.0, "mean_cover": 0.0, "max_cover": 0.0, "trend_cover": 0.0, "hot": 0.0, "n_obs": 22}}, {"type": "Feature", "id": 565, "geometry": {"type": "Polygon", "coordinates": [[[39.731612, 43.450328], [39.728395, 43.446307], [39.731751, 43.442037], [39.738326, 43.441788], [39.741543, 43.445809], [39.738187, 43.450078], [39.731612, 43.450328]]]}, "properties": {"i": 565, "h3": "882d568889fffff", "lon": 39.73497, "lat": 43.44606, "water_km2": 0.74, "dist_coast_km": 12.3, "persistence": 0.0, "mean_cover": 0.0, "max_cover": 0.0, "trend_cover": 0.0, "hot": 0.0, "n_obs": 22}}, {"type": "Feature", "id": 566, "geometry": {"type": "Polygon", "coordinates": [[[39.741405, 43.454099], [39.738187, 43.450078], [39.741543, 43.445809], [39.748117, 43.445559], [39.751336, 43.449579], [39.74798, 43.453849], [39.741405, 43.454099]]]}, "properties": {"i": 566, "h3": "882d56888bfffff", "lon": 39.74476, "lat": 43.44983, "water_km2": 0.73, "dist_coast_km": 12.3, "persistence": 0.0, "mean_cover": 0.0, "max_cover": 0.0, "trend_cover": 0.0, "hot": 0.0, "n_obs": 22}}, {"type": "Feature", "id": 567, "geometry": {"type": "Polygon", "coordinates": [[[39.731751, 43.442037], [39.728534, 43.438016], [39.73189, 43.433746], [39.738464, 43.433497], [39.741682, 43.437518], [39.738326, 43.441788], [39.731751, 43.442037]]]}, "properties": {"i": 567, "h3": "882d56888dfffff", "lon": 39.73511, "lat": 43.43777, "water_km2": 0.732, "dist_coast_km": 12.3, "persistence": 0.0, "mean_cover": 0.0, "max_cover": 0.0, "trend_cover": 0.0, "hot": 0.0, "n_obs": 22}}, {"type": "Feature", "id": 568, "geometry": {"type": "Polygon", "coordinates": [[[39.760992, 43.461637], [39.757773, 43.457618], [39.761128, 43.453348], [39.767702, 43.453097], [39.770921, 43.457116], [39.767567, 43.461386], [39.760992, 43.461637]]]}, "properties": {"i": 568, "h3": "882d568891fffff", "lon": 39.76435, "lat": 43.45737, "water_km2": 0.732, "dist_coast_km": 9.2, "persistence": 0.0, "mean_cover": 0.0, "max_cover": 0.0, "trend_cover": 0.0, "hot": 0.0, "n_obs": 22}}, {"type": "Feature", "id": 569, "geometry": {"type": "Polygon", "coordinates": [[[39.770786, 43.465404], [39.767567, 43.461386], [39.770921, 43.457116], [39.777495, 43.456864], [39.780714, 43.460883], [39.77736, 43.465153], [39.770786, 43.465404]]]}, "properties": {"i": 569, "h3": "882d568893fffff", "lon": 39.77414, "lat": 43.46113, "water_km2": 0.735, "dist_coast_km": 9.2, "persistence": 0.0, "mean_cover": 0.0, "max_cover": 0.0, "trend_cover": 0.0, "hot": 0.0, "n_obs": 22}}, {"type": "Feature", "id": 570, "geometry": {"type": "Polygon", "coordinates": [[[39.761128, 43.453348], [39.75791, 43.449329], [39.761264, 43.445059], [39.767837, 43.444808], [39.771056, 43.448827], [39.767702, 43.453097], [39.761128, 43.453348]]]}, "properties": {"i": 570, "h3": "882d568895fffff", "lon": 39.76448, "lat": 43.44908, "water_km2": 0.73, "dist_coast_km": 10.7, "persistence": 0.0, "mean_cover": 0.0, "max_cover": 0.0, "trend_cover": 0.0, "hot": 0.0, "n_obs": 22}}, {"type": "Feature", "id": 571, "geometry": {"type": "Polygon", "coordinates": [[[39.770921, 43.457116], [39.767702, 43.453097], [39.771056, 43.448827], [39.777629, 43.448576], [39.780848, 43.452594], [39.777495, 43.456864], [39.770921, 43.457116]]]}, "properties": {"i": 571, "h3": "882d568897fffff", "lon": 39.77428, "lat": 43.45285, "water_km2": 0.738, "dist_coast_km": 9.2, "persistence": 0.0, "mean_cover": 0.0, "max_cover": 0.0, "trend_cover": 0.0, "hot": 0.0, "n_obs": 22}}, {"type": "Feature", "id": 572, "geometry": {"type": "Polygon", "coordinates": [[[39.751062, 43.466157], [39.747843, 43.462138], [39.751199, 43.457868], [39.757773, 43.457618], [39.760992, 43.461637], [39.757637, 43.465907], [39.751062, 43.466157]]]}, "properties": {"i": 572, "h3": "882d568899fffff", "lon": 39.75442, "lat": 43.46189, "water_km2": 0.725, "dist_coast_km": 10.0, "persistence": 0.0, "mean_cover": 0.0, "max_cover": 0.0, "trend_cover": 0.0, "hot": 0.0, "n_obs": 22}}, {"type": "Feature", "id": 573, "geometry": {"type": "Polygon", "coordinates": [[[39.760856, 43.469925], [39.757637, 43.465907], [39.760992, 43.461637], [39.767567, 43.461386], [39.770786, 43.465404], [39.767431, 43.469674], [39.760856, 43.469925]]]}, "properties": {"i": 573, "h3": "882d56889bfffff", "lon": 39.76421, "lat": 43.46566, "water_km2": 0.738, "dist_coast_km": 9.2, "persistence": 0.0, "mean_cover": 0.0, "max_cover": 0.0, "trend_cover": 0.0, "hot": 0.0, "n_obs": 22}}, {"type": "Feature", "id": 574, "geometry": {"type": "Polygon", "coordinates": [[[39.751199, 43.457868], [39.74798, 43.453849], [39.751336, 43.449579], [39.75791, 43.449329], [39.761128, 43.453348], [39.757773, 43.457618], [39.751199, 43.457868]]]}, "properties": {"i": 574, "h3": "882d56889dfffff", "lon": 39.75455, "lat": 43.4536, "water_km2": 0.74, "dist_coast_km": 10.0, "persistence": 0.0, "mean_cover": 0.0, "max_cover": 0.0, "trend_cover": 0.0, "hot": 0.0, "n_obs": 22}}, {"type": "Feature", "id": 575, "geometry": {"type": "Polygon", "coordinates": [[[39.751747, 43.424707], [39.748529, 43.420686], [39.751884, 43.416415], [39.758455, 43.416165], [39.761672, 43.420186], [39.758319, 43.424457], [39.751747, 43.424707]]]}, "properties": {"i": 575, "h3": "882d5688a1fffff", "lon": 39.7551, "lat": 43.42044, "water_km2": 0.725, "dist_coast_km": 12.7, "persistence": 0.045, "mean_cover": 0.197, "max_cover": 4.327, "trend_cover": -0.0033, "hot": 0.0082, "n_obs": 22}}, {"type": "Feature", "id": 576, "geometry": {"type": "Polygon", "coordinates": [[[39.761536, 43.428478], [39.758319, 43.424457], [39.761672, 43.420186], [39.768243, 43.419936], [39.771461, 43.423956], [39.768108, 43.428227], [39.761536, 43.428478]]]}, "properties": {"i": 576, "h3": "882d5688a3fffff", "lon": 39.76489, "lat": 43.42421, "water_km2": 0.742, "dist_coast_km": 11.4, "persistence": 0.0, "mean_cover": 0.0, "max_cover": 0.0, "trend_cover": 0.0, "hot": 0.0, "n_obs": 22}}, {"type": "Feature", "id": 577, "geometry": {"type": "Polygon", "coordinates": [[[39.751884, 43.416415], [39.748667, 43.412394], [39.752021, 43.408123], [39.758591, 43.407873], [39.761808, 43.411894], [39.758455, 43.416165], [39.751884, 43.416415]]]}, "properties": {"i": 577, "h3": "882d5688a5fffff", "lon": 39.75524, "lat": 43.41214, "water_km2": 0.738, "dist_coast_km": 13.3, "persistence": 0.0, "mean_cover": 0.0, "max_cover": 0.0, "trend_cover": 0.0, "hot": 0.0, "n_obs": 22}}, {"type": "Feature", "id": 578, "geometry": {"type": "Polygon", "coordinates": [[[39.761672, 43.420186], [39.758455, 43.416165], [39.761808, 43.411894], [39.768379, 43.411644], [39.771596, 43.415665], [39.768243, 43.419936], [39.761672, 43.420186]]]}, "properties": {"i": 578, "h3": "882d5688a7fffff", "lon": 39.76503, "lat": 43.41592, "water_km2": 0.73, "dist_coast_km": 12.1, "persistence": 0.0, "mean_cover": 0.0, "max_cover": 0.0, "trend_cover": 0.0, "hot": 0.0, "n_obs": 22}}, {"type": "Feature", "id": 579, "geometry": {"type": "Polygon", "coordinates": [[[39.74182, 43.429227], [39.738602, 43.425205], [39.741957, 43.420935], [39.748529, 43.420686], [39.751747, 43.424707], [39.748392, 43.428977], [39.74182, 43.429227]]]}, "properties": {"i": 579, "h3": "882d5688a9fffff", "lon": 39.74517, "lat": 43.42496, "water_km2": 0.72, "dist_coast_km": 13.8, "persistence": 0.0, "mean_cover": 0.0, "max_cover": 0.0, "trend_cover": 0.0, "hot": 0.0, "n_obs": 22}}, {"type": "Feature", "id": 580, "geometry": {"type": "Polygon", "coordinates": [[[39.75161, 43.432998], [39.748392, 43.428977], [39.751747, 43.424707], [39.758319, 43.424457], [39.761536, 43.428478], [39.758182, 43.432748], [39.75161, 43.432998]]]}, "properties": {"i": 580, "h3": "882d5688abfffff", "lon": 39.75496, "lat": 43.42873, "water_km2": 0.748, "dist_coast_km": 12.7, "persistence": 0.0, "mean_cover": 0.0, "max_cover": 0.0, "trend_cover": 0.0, "hot": 0.0, "n_obs": 22}}, {"type": "Feature", "id": 581, "geometry": {"type": "Polygon", "coordinates": [[[39.741957, 43.420935], [39.73874, 43.416913], [39.742095, 43.412643], [39.748667, 43.412394], [39.751884, 43.416415], [39.748529, 43.420686], [39.741957, 43.420935]]]}, "properties": {"i": 581, "h3": "882d5688adfffff", "lon": 39.74531, "lat": 43.41666, "water_km2": 0.748, "dist_coast_km": 13.8, "persistence": 0.0, "mean_cover": 0.0, "max_cover": 0.0, "trend_cover": 0.0, "hot": 0.0, "n_obs": 22}}, {"type": "Feature", "id": 582, "geometry": {"type": "Polygon", "coordinates": [[[39.771191, 43.440537], [39.767973, 43.436518], [39.771326, 43.432247], [39.777898, 43.431996], [39.781116, 43.436016], [39.777763, 43.440286], [39.771191, 43.440537]]]}, "properties": {"i": 582, "h3": "882d5688b1fffff", "lon": 39.77454, "lat": 43.43627, "water_km2": 0.745, "dist_coast_km": 10.7, "persistence": 0.0, "mean_cover": 0.0, "max_cover": 0.0, "trend_cover": 0.0, "hot": 0.0, "n_obs": 22}}, {"type": "Feature", "id": 583, "geometry": {"type": "Polygon", "coordinates": [[[39.780982, 43.444305], [39.777763, 43.440286], [39.781116, 43.436016], [39.787688, 43.435764], [39.790907, 43.439783], [39.787554, 43.444053], [39.780982, 43.444305]]]}, "properties": {"i": 583, "h3": "882d5688b3fffff", "lon": 39.78434, "lat": 43.44003, "water_km2": 0.725, "dist_coast_km": 9.6, "persistence": 0.0, "mean_cover": 0.0, "max_cover": 0.0, "trend_cover": 0.0, "hot": 0.0, "n_obs": 22}}, {"type": "Feature", "id": 584, "geometry": {"type": "Polygon", "coordinates": [[[39.771326, 43.432247], [39.768108, 43.428227], [39.771461, 43.423956], [39.778032, 43.423706], [39.78125, 43.427725], [39.777898, 43.431996], [39.771326, 43.432247]]]}, "properties": {"i": 584, "h3": "882d5688b5fffff", "lon": 39.77468, "lat": 43.42798, "water_km2": 0.725, "dist_coast_km": 11.4, "persistence": 0.0, "mean_cover": 0.0, "max_cover": 0.0, "trend_cover": 0.0, "hot": 0.0, "n_obs": 22}}, {"type": "Feature", "id": 585, "geometry": {"type": "Polygon", "coordinates": [[[39.781116, 43.436016], [39.777898, 43.431996], [39.78125, 43.427725], [39.787821, 43.427474], [39.79104, 43.431493], [39.787688, 43.435764], [39.781116, 43.436016]]]}, "properties": {"i": 585, "h3": "882d5688b7fffff", "lon": 39.78447, "lat": 43.43174, "water_km2": 0.745, "dist_coast_km": 10.1, "persistence": 0.0, "mean_cover": 0.0, "max_cover": 0.0, "trend_cover": 0.0, "hot": 0.0, "n_obs": 22}}, {"type": "Feature", "id": 586, "geometry": {"type": "Polygon", "coordinates": [[[39.761264, 43.445059], [39.758046, 43.441039], [39.7614, 43.436768], [39.767973, 43.436518], [39.771191, 43.440537], [39.767837, 43.444808], [39.761264, 43.445059]]]}, "properties": {"i": 586, "h3": "882d5688b9fffff", "lon": 39.76462, "lat": 43.44079, "water_km2": 0.742, "dist_coast_km": 10.7, "persistence": 0.0, "mean_cover": 0.0, "max_cover": 0.0, "trend_cover": 0.0, "hot": 0.0, "n_obs": 22}}, {"type": "Feature", "id": 587, "geometry": {"type": "Polygon", "coordinates": [[[39.771056, 43.448827], [39.767837, 43.444808], [39.771191, 43.440537], [39.777763, 43.440286], [39.780982, 43.444305], [39.777629, 43.448576], [39.771056, 43.448827]]]}, "properties": {"i": 587, "h3": "882d5688bbfffff", "lon": 39.77441, "lat": 43.44456, "water_km2": 0.725, "dist_coast_km": 10.7, "persistence": 0.0, "mean_cover": 0.0, "max_cover": 0.0, "trend_cover": 0.0, "hot": 0.0, "n_obs": 22}}, {"type": "Feature", "id": 588, "geometry": {"type": "Polygon", "coordinates": [[[39.7614, 43.436768], [39.758182, 43.432748], [39.761536, 43.428478], [39.768108, 43.428227], [39.771326, 43.432247], [39.767973, 43.436518], [39.7614, 43.436768]]]}, "properties": {"i": 588, "h3": "882d5688bdfffff", "lon": 39.76475, "lat": 43.4325, "water_km2": 0.728, "dist_coast_km": 11.4, "persistence": 0.0, "mean_cover": 0.0, "max_cover": 0.0, "trend_cover": 0.0, "hot": 0.0, "n_obs": 22}}, {"type": "Feature", "id": 589, "geometry": {"type": "Polygon", "coordinates": [[[39.711886, 43.451073], [39.708669, 43.447051], [39.712027, 43.442782], [39.718602, 43.442534], [39.72182, 43.446555], [39.718462, 43.450825], [39.711886, 43.451073]]]}, "properties": {"i": 589, "h3": "882d5688c1fffff", "lon": 39.71524, "lat": 43.4468, "water_km2": 0.725, "dist_coast_km": 13.0, "persistence": 0.045, "mean_cover": 0.246, "max_cover": 5.409, "trend_cover": -0.0041, "hot": 0.01, "n_obs": 22}}, {"type": "Feature", "id": 590, "geometry": {"type": "Polygon", "coordinates": [[[39.72168, 43.454846], [39.718462, 43.450825], [39.72182, 43.446555], [39.728395, 43.446307], [39.731612, 43.450328], [39.728255, 43.454597], [39.72168, 43.454846]]]}, "properties": {"i": 590, "h3": "882d5688c3fffff", "lon": 39.72504, "lat": 43.45058, "water_km2": 0.748, "dist_coast_km": 11.5, "persistence": 0.0, "mean_cover": 0.0, "max_cover": 0.0, "trend_cover": 0.0, "hot": 0.0, "n_obs": 22}}, {"type": "Feature", "id": 591, "geometry": {"type": "Polygon", "coordinates": [[[39.712027, 43.442782], [39.70881, 43.43876], [39.712168, 43.43449], [39.718742, 43.434242], [39.72196, 43.438264], [39.718602, 43.442534], [39.712027, 43.442782]]]}, "properties": {"i": 591, "h3": "882d5688c5fffff", "lon": 39.71538, "lat": 43.43851, "water_km2": 0.74, "dist_coast_km": 13.0, "persistence": 0.045, "mean_cover": 0.145, "max_cover": 3.18, "trend_cover": -0.0024, "hot": 0.0061, "n_obs": 22}}, {"type": "Feature", "id": 592, "geometry": {"type": "Polygon", "coordinates": [[[39.72182, 43.446555], [39.718602, 43.442534], [39.72196, 43.438264], [39.728534, 43.438016], [39.731751, 43.442037], [39.728395, 43.446307], [39.72182, 43.446555]]]}, "properties": {"i": 592, "h3": "882d5688c7fffff", "lon": 39.72518, "lat": 43.44229, "water_km2": 0.728, "dist_coast_km": 13.0, "persistence": 0.0, "mean_cover": 0.0, "max_cover": 0.0, "trend_cover": 0.0, "hot": 0.0, "n_obs": 22}}, {"type": "Feature", "id": 593, "geometry": {"type": "Polygon", "coordinates": [[[39.701951, 43.45559], [39.698733, 43.451568], [39.702093, 43.447299], [39.708669, 43.447051], [39.711886, 43.451073], [39.708527, 43.455342], [39.701951, 43.45559]]]}, "properties": {"i": 593, "h3": "882d5688c9fffff", "lon": 39.70531, "lat": 43.45132, "water_km2": 0.725, "dist_coast_km": 12.3, "persistence": 0.0, "mean_cover": 0.0, "max_cover": 0.0, "trend_cover": 0.0, "hot": 0.0, "n_obs": 22}}, {"type": "Feature", "id": 594, "geometry": {"type": "Polygon", "coordinates": [[[39.711745, 43.459363], [39.708527, 43.455342], [39.711886, 43.451073], [39.718462, 43.450825], [39.72168, 43.454846], [39.718321, 43.459115], [39.711745, 43.459363]]]}, "properties": {"i": 594, "h3": "882d5688cbfffff", "lon": 39.7151, "lat": 43.45509, "water_km2": 0.742, "dist_coast_km": 11.5, "persistence": 0.0, "mean_cover": 0.0, "max_cover": 0.0, "trend_cover": 0.0, "hot": 0.0, "n_obs": 22}}, {"type": "Feature", "id": 595, "geometry": {"type": "Polygon", "coordinates": [[[39.702093, 43.447299], [39.698876, 43.443277], [39.702235, 43.439007], [39.70881, 43.43876], [39.712027, 43.442782], [39.708669, 43.447051], [39.702093, 43.447299]]]}, "properties": {"i": 595, "h3": "882d5688cdfffff", "lon": 39.70545, "lat": 43.44303, "water_km2": 0.745, "dist_coast_km": 13.8, "persistence": 0.0, "mean_cover": 0.0, "max_cover": 0.0, "trend_cover": 0.0, "hot": 0.0, "n_obs": 22}}, {"type": "Feature", "id": 596, "geometry": {"type": "Polygon", "coordinates": [[[39.731334, 43.466907], [39.728116, 43.462887], [39.731473, 43.458617], [39.738049, 43.458368], [39.741267, 43.462388], [39.73791, 43.466657], [39.731334, 43.466907]]]}, "properties": {"i": 596, "h3": "882d5688d1fffff", "lon": 39.73469, "lat": 43.46264, "water_km2": 0.75, "dist_coast_km": 10.7, "persistence": 0.0, "mean_cover": 0.0, "max_cover": 0.0, "trend_cover": 0.0, "hot": 0.0, "n_obs": 22}}, {"type": "Feature", "id": 597, "geometry": {"type": "Polygon", "coordinates": [[[39.741129, 43.470677], [39.73791, 43.466657], [39.741267, 43.462388], [39.747843, 43.462138], [39.751062, 43.466157], [39.747705, 43.470427], [39.741129, 43.470677]]]}, "properties": {"i": 597, "h3": "882d5688d3fffff", "lon": 39.74449, "lat": 43.46641, "water_km2": 0.722, "dist_coast_km": 10.7, "persistence": 0.0, "mean_cover": 0.0, "max_cover": 0.0, "trend_cover": 0.0, "hot": 0.0, "n_obs": 22}}, {"type": "Feature", "id": 598, "geometry": {"type": "Polygon", "coordinates": [[[39.731473, 43.458617], [39.728255, 43.454597], [39.731612, 43.450328], [39.738187, 43.450078], [39.741405, 43.454099], [39.738049, 43.458368], [39.731473, 43.458617]]]}, "properties": {"i": 598, "h3": "882d5688d5fffff", "lon": 39.73483, "lat": 43.45435, "water_km2": 0.72, "dist_coast_km": 10.7, "persistence": 0.0, "mean_cover": 0.0, "max_cover": 0.0, "trend_cover": 0.0, "hot": 0.0, "n_obs": 22}}, {"type": "Feature", "id": 599, "geometry": {"type": "Polygon", "coordinates": [[[39.741267, 43.462388], [39.738049, 43.458368], [39.741405, 43.454099], [39.74798, 43.453849], [39.751199, 43.457868], [39.747843, 43.462138], [39.741267, 43.462388]]]}, "properties": {"i": 599, "h3": "882d5688d7fffff", "lon": 39.74462, "lat": 43.45812, "water_km2": 0.742, "dist_coast_km": 10.7, "persistence": 0.0, "mean_cover": 0.0, "max_cover": 0.0, "trend_cover": 0.0, "hot": 0.0, "n_obs": 22}}, {"type": "Feature", "id": 600, "geometry": {"type": "Polygon", "coordinates": [[[39.721399, 43.471425], [39.718181, 43.467405], [39.721539, 43.463136], [39.728116, 43.462887], [39.731334, 43.466907], [39.727976, 43.471176], [39.721399, 43.471425]]]}, "properties": {"i": 600, "h3": "882d5688d9fffff", "lon": 39.72476, "lat": 43.46716, "water_km2": 0.738, "dist_coast_km": 10.0, "persistence": 0.0, "mean_cover": 0.0, "max_cover": 0.0, "trend_cover": 0.0, "hot": 0.0, "n_obs": 22}}, {"type": "Feature", "id": 601, "geometry": {"type": "Polygon", "coordinates": [[[39.731195, 43.475195], [39.727976, 43.471176], [39.731334, 43.466907], [39.73791, 43.466657], [39.741129, 43.470677], [39.737772, 43.474946], [39.731195, 43.475195]]]}, "properties": {"i": 601, "h3": "882d5688dbfffff", "lon": 39.73455, "lat": 43.47093, "water_km2": 0.728, "dist_coast_km": 9.2, "persistence": 0.045, "mean_cover": 1.103, "max_cover": 24.257, "trend_cover": 0.3236, "hot": 0.0338, "n_obs": 22}}, {"type": "Feature", "id": 602, "geometry": {"type": "Polygon", "coordinates": [[[39.721539, 43.463136], [39.718321, 43.459115], [39.72168, 43.454846], [39.728255, 43.454597], [39.731473, 43.458617], [39.728116, 43.462887], [39.721539, 43.463136]]]}, "properties": {"i": 602, "h3": "882d5688ddfffff", "lon": 39.7249, "lat": 43.45887, "water_km2": 0.728, "dist_coast_km": 11.5, "persistence": 0.0, "mean_cover": 0.0, "max_cover": 0.0, "trend_cover": 0.0, "hot": 0.0, "n_obs": 22}}, {"type": "Feature", "id": 603, "geometry": {"type": "Polygon", "coordinates": [[[39.7221, 43.429973], [39.718883, 43.42595], [39.72224, 43.42168], [39.728813, 43.421432], [39.732029, 43.425454], [39.728673, 43.429724], [39.7221, 43.429973]]]}, "properties": {"i": 603, "h3": "882d5688e1fffff", "lon": 39.72546, "lat": 43.4257, "water_km2": 0.735, "dist_coast_km": 14.6, "persistence": 0.0, "mean_cover": 0.0, "max_cover": 0.0, "trend_cover": 0.0, "hot": 0.0, "n_obs": 22}}, {"type": "Feature", "id": 604, "geometry": {"type": "Polygon", "coordinates": [[[39.73189, 43.433746], [39.728673, 43.429724], [39.732029, 43.425454], [39.738602, 43.425205], [39.74182, 43.429227], [39.738464, 43.433497], [39.73189, 43.433746]]]}, "properties": {"i": 604, "h3": "882d5688e3fffff", "lon": 39.73525, "lat": 43.42948, "water_km2": 0.728, "dist_coast_km": 13.8, "persistence": 0.0, "mean_cover": 0.0, "max_cover": 0.0, "trend_cover": 0.0, "hot": 0.0, "n_obs": 22}}, {"type": "Feature", "id": 605, "geometry": {"type": "Polygon", "coordinates": [[[39.72224, 43.42168], [39.719023, 43.417658], [39.722379, 43.413387], [39.728952, 43.41314], [39.732168, 43.417162], [39.728813, 43.421432], [39.72224, 43.42168]]]}, "properties": {"i": 605, "h3": "882d5688e5fffff", "lon": 39.7256, "lat": 43.41741, "water_km2": 0.73, "dist_coast_km": 14.6, "persistence": 0.0, "mean_cover": 0.0, "max_cover": 0.0, "trend_cover": 0.0, "hot": 0.0, "n_obs": 22}}, {"type": "Feature", "id": 606, "geometry": {"type": "Polygon", "coordinates": [[[39.732029, 43.425454], [39.728813, 43.421432], [39.732168, 43.417162], [39.73874, 43.416913], [39.741957, 43.420935], [39.738602, 43.425205], [39.732029, 43.425454]]]}, "properties": {"i": 606, "h3": "882d5688e7fffff", "lon": 39.73539, "lat": 43.42118, "water_km2": 0.748, "dist_coast_km": 13.8, "persistence": 0.045, "mean_cover": 1.097, "max_cover": 24.133, "trend_cover": -0.0183, "hot": 0.0337, "n_obs": 22}}, {"type": "Feature", "id": 607, "geometry": {"type": "Polygon", "coordinates": [[[39.712168, 43.43449], [39.708951, 43.430468], [39.712309, 43.426198], [39.718883, 43.42595], [39.7221, 43.429973], [39.718742, 43.434242], [39.712168, 43.43449]]]}, "properties": {"i": 607, "h3": "882d5688e9fffff", "lon": 39.71553, "lat": 43.43022, "water_km2": 0.732, "dist_coast_km": 14.6, "persistence": 0.0, "mean_cover": 0.0, "max_cover": 0.0, "trend_cover": 0.0, "hot": 0.0, "n_obs": 22}}, {"type": "Feature", "id": 608, "geometry": {"type": "Polygon", "coordinates": [[[39.72196, 43.438264], [39.718742, 43.434242], [39.7221, 43.429973], [39.728673, 43.429724], [39.73189, 43.433746], [39.728534, 43.438016], [39.72196, 43.438264]]]}, "properties": {"i": 608, "h3": "882d5688ebfffff", "lon": 39.72532, "lat": 43.43399, "water_km2": 0.738, "dist_coast_km": 13.0, "persistence": 0.0, "mean_cover": 0.0, "max_cover": 0.0, "trend_cover": 0.0, "hot": 0.0, "n_obs": 22}}, {"type": "Feature", "id": 609, "geometry": {"type": "Polygon", "coordinates": [[[39.712309, 43.426198], [39.709093, 43.422175], [39.71245, 43.417905], [39.719023, 43.417658], [39.72224, 43.42168], [39.718883, 43.42595], [39.712309, 43.426198]]]}, "properties": {"i": 609, "h3": "882d5688edfffff", "lon": 39.71567, "lat": 43.42193, "water_km2": 0.732, "dist_coast_km": 14.6, "persistence": 0.0, "mean_cover": 0.0, "max_cover": 0.0, "trend_cover": 0.0, "hot": 0.0, "n_obs": 22}}, {"type": "Feature", "id": 610, "geometry": {"type": "Polygon", "coordinates": [[[39.674018, 43.361309], [39.670805, 43.357282], [39.674163, 43.35301], [39.680732, 43.352766], [39.683945, 43.356794], [39.680588, 43.361065], [39.674018, 43.361309]]]}, "properties": {"i": 610, "h3": "882d568901fffff", "lon": 39.67738, "lat": 43.35704, "water_km2": 0.11, "dist_coast_km": 21.5, "persistence": 0.0, "mean_cover": 0.0, "max_cover": 0.0, "trend_cover": 0.0, "hot": 0.0, "n_obs": 22}}, {"type": "Feature", "id": 611, "geometry": {"type": "Polygon", "coordinates": [[[39.683802, 43.365092], [39.680588, 43.361065], [39.683945, 43.356794], [39.690515, 43.356549], [39.693728, 43.360576], [39.690372, 43.364847], [39.683802, 43.365092]]]}, "properties": {"i": 611, "h3": "882d568903fffff", "lon": 39.68716, "lat": 43.36082, "water_km2": 0.511, "dist_coast_km": 20.3, "persistence": 0.045, "mean_cover": 0.279, "max_cover": 6.139, "trend_cover": -0.0046, "hot": 0.0112, "n_obs": 22}}, {"type": "Feature", "id": 612, "geometry": {"type": "Polygon", "coordinates": [[[39.664089, 43.365824], [39.660876, 43.361796], [39.664234, 43.357525], [39.670805, 43.357282], [39.674018, 43.361309], [39.67066, 43.36558], [39.664089, 43.365824]]]}, "properties": {"i": 612, "h3": "882d568909fffff", "lon": 39.66745, "lat": 43.36155, "water_km2": 0.56, "dist_coast_km": 21.5, "persistence": 0.0, "mean_cover": 0.0, "max_cover": 0.0, "trend_cover": 0.0, "hot": 0.0, "n_obs": 22}}, {"type": "Feature", "id": 613, "geometry": {"type": "Polygon", "coordinates": [[[39.673873, 43.369607], [39.67066, 43.36558], [39.674018, 43.361309], [39.680588, 43.361065], [39.683802, 43.365092], [39.680444, 43.369363], [39.673873, 43.369607]]]}, "properties": {"i": 613, "h3": "882d56890bfffff", "lon": 39.67723, "lat": 43.36534, "water_km2": 0.742, "dist_coast_km": 21.5, "persistence": 0.0, "mean_cover": 0.0, "max_cover": 0.0, "trend_cover": 0.0, "hot": 0.0, "n_obs": 22}}, {"type": "Feature", "id": 614, "geometry": {"type": "Polygon", "coordinates": [[[39.693443, 43.37717], [39.690229, 43.373144], [39.693586, 43.368873], [39.700156, 43.368628], [39.70337, 43.372653], [39.700014, 43.376924], [39.693443, 43.37717]]]}, "properties": {"i": 614, "h3": "882d568911fffff", "lon": 39.6968, "lat": 43.3729, "water_km2": 0.742, "dist_coast_km": 18.4, "persistence": 0.0, "mean_cover": 0.0, "max_cover": 0.0, "trend_cover": 0.0, "hot": 0.0, "n_obs": 22}}, {"type": "Feature", "id": 615, "geometry": {"type": "Polygon", "coordinates": [[[39.703228, 43.38095], [39.700014, 43.376924], [39.70337, 43.372653], [39.70994, 43.372407], [39.713154, 43.376432], [39.709799, 43.380703], [39.703228, 43.38095]]]}, "properties": {"i": 615, "h3": "882d568913fffff", "lon": 39.70658, "lat": 43.37668, "water_km2": 0.728, "dist_coast_km": 18.4, "persistence": 0.045, "mean_cover": 0.613, "max_cover": 13.476, "trend_cover": -0.0102, "hot": 0.0217, "n_obs": 22}}, {"type": "Feature", "id": 616, "geometry": {"type": "Polygon", "coordinates": [[[39.693586, 43.368873], [39.690372, 43.364847], [39.693728, 43.360576], [39.700298, 43.36033], [39.703512, 43.364356], [39.700156, 43.368628], [39.693586, 43.368873]]]}, "properties": {"i": 616, "h3": "882d568915fffff", "lon": 39.69694, "lat": 43.3646, "water_km2": 0.735, "dist_coast_km": 19.0, "persistence": 0.0, "mean_cover": 0.0, "max_cover": 0.0, "trend_cover": 0.0, "hot": 0.0, "n_obs": 22}}, {"type": "Feature", "id": 617, "geometry": {"type": "Polygon", "coordinates": [[[39.70337, 43.372653], [39.700156, 43.368628], [39.703512, 43.364356], [39.710081, 43.36411], [39.713295, 43.368136], [39.70994, 43.372407], [39.70337, 43.372653]]]}, "properties": {"i": 617, "h3": "882d568917fffff", "lon": 39.70673, "lat": 43.36838, "water_km2": 0.738, "dist_coast_km": 18.4, "persistence": 0.045, "mean_cover": 0.169, "max_cover": 3.722, "trend_cover": -0.0028, "hot": 0.0071, "n_obs": 22}}, {"type": "Feature", "id": 618, "geometry": {"type": "Polygon", "coordinates": [[[39.683514, 43.381686], [39.6803, 43.37766], [39.683658, 43.373389], [39.690229, 43.373144], [39.693443, 43.37717], [39.690086, 43.381441], [39.683514, 43.381686]]]}, "properties": {"i": 618, "h3": "882d568919fffff", "lon": 39.68687, "lat": 43.37742, "water_km2": 0.748, "dist_coast_km": 19.6, "persistence": 0.045, "mean_cover": 0.692, "max_cover": 15.214, "trend_cover": -0.0115, "hot": 0.0239, "n_obs": 22}}, {"type": "Feature", "id": 619, "geometry": {"type": "Polygon", "coordinates": [[[39.6933, 43.385466], [39.690086, 43.381441], [39.693443, 43.37717], [39.700014, 43.376924], [39.703228, 43.38095], [39.699871, 43.38522], [39.6933, 43.385466]]]}, "properties": {"i": 619, "h3": "882d56891bfffff", "lon": 39.69666, "lat": 43.3812, "water_km2": 0.722, "dist_coast_km": 18.4, "persistence": 0.045, "mean_cover": 0.345, "max_cover": 7.599, "trend_cover": -0.0058, "hot": 0.0135, "n_obs": 22}}, {"type": "Feature", "id": 620, "geometry": {"type": "Polygon", "coordinates": [[[39.683658, 43.373389], [39.680444, 43.369363], [39.683802, 43.365092], [39.690372, 43.364847], [39.693586, 43.368873], [39.690229, 43.373144], [39.683658, 43.373389]]]}, "properties": {"i": 620, "h3": "882d56891dfffff", "lon": 39.68702, "lat": 43.36912, "water_km2": 0.725, "dist_coast_km": 19.6, "persistence": 0.0, "mean_cover": 0.0, "max_cover": 0.0, "trend_cover": 0.0, "hot": 0.0, "n_obs": 22}}, {"type": "Feature", "id": 621, "geometry": {"type": "Polygon", "coordinates": [[[39.713436, 43.359839], [39.710222, 43.355813], [39.713576, 43.351541], [39.720144, 43.351295], [39.723358, 43.355321], [39.720004, 43.359592], [39.713436, 43.359839]]]}, "properties": {"i": 621, "h3": "882d568933fffff", "lon": 39.71679, "lat": 43.35557, "water_km2": 0.026, "dist_coast_km": 17.8, "persistence": 0.0, "mean_cover": 0.0, "max_cover": 0.0, "trend_cover": 0.0, "hot": 0.0, "n_obs": 22}}, {"type": "Feature", "id": 622, "geometry": {"type": "Polygon", "coordinates": [[[39.693728, 43.360576], [39.690515, 43.356549], [39.693871, 43.352277], [39.70044, 43.352032], [39.703653, 43.356059], [39.700298, 43.36033], [39.693728, 43.360576]]]}, "properties": {"i": 622, "h3": "882d568939fffff", "lon": 39.69708, "lat": 43.3563, "water_km2": 0.067, "dist_coast_km": 19.0, "persistence": 0.0, "mean_cover": 0.0, "max_cover": 0.0, "trend_cover": 0.0, "hot": 0.0, "n_obs": 22}}, {"type": "Feature", "id": 623, "geometry": {"type": "Polygon", "coordinates": [[[39.703512, 43.364356], [39.700298, 43.36033], [39.703653, 43.356059], [39.710222, 43.355813], [39.713436, 43.359839], [39.710081, 43.36411], [39.703512, 43.364356]]]}, "properties": {"i": 623, "h3": "882d56893bfffff", "lon": 39.70687, "lat": 43.36008, "water_km2": 0.442, "dist_coast_km": 19.0, "persistence": 0.0, "mean_cover": 0.0, "max_cover": 0.0, "trend_cover": 0.0, "hot": 0.0, "n_obs": 22}}, {"type": "Feature", "id": 624, "geometry": {"type": "Polygon", "coordinates": [[[39.644373, 43.366552], [39.64116, 43.362524], [39.64452, 43.358253], [39.651092, 43.358011], [39.654304, 43.362039], [39.650945, 43.36631], [39.644373, 43.366552]]]}, "properties": {"i": 624, "h3": "882d568941fffff", "lon": 39.64773, "lat": 43.36228, "water_km2": 0.625, "dist_coast_km": 22.8, "persistence": 0.0, "mean_cover": 0.0, "max_cover": 0.0, "trend_cover": 0.0, "hot": 0.0, "n_obs": 22}}, {"type": "Feature", "id": 625, "geometry": {"type": "Polygon", "coordinates": [[[39.654158, 43.370338], [39.650945, 43.36631], [39.654304, 43.362039], [39.660876, 43.361796], [39.664089, 43.365824], [39.66073, 43.370094], [39.654158, 43.370338]]]}, "properties": {"i": 625, "h3": "882d568943fffff", "lon": 39.65752, "lat": 43.36607, "water_km2": 0.725, "dist_coast_km": 22.8, "persistence": 0.0, "mean_cover": 0.0, "max_cover": 0.0, "trend_cover": 0.0, "hot": 0.0, "n_obs": 22}}, {"type": "Feature", "id": 626, "geometry": {"type": "Polygon", "coordinates": [[[39.654304, 43.362039], [39.651092, 43.358011], [39.654451, 43.35374], [39.661022, 43.353497], [39.664234, 43.357525], [39.660876, 43.361796], [39.654304, 43.362039]]]}, "properties": {"i": 626, "h3": "882d568947fffff", "lon": 39.65766, "lat": 43.35777, "water_km2": 0.174, "dist_coast_km": 22.8, "persistence": 0.0, "mean_cover": 0.0, "max_cover": 0.0, "trend_cover": 0.0, "hot": 0.0, "n_obs": 22}}, {"type": "Feature", "id": 627, "geometry": {"type": "Polygon", "coordinates": [[[39.634439, 43.371065], [39.631227, 43.367036], [39.634588, 43.362766], [39.64116, 43.362524], [39.644373, 43.366552], [39.641012, 43.370823], [39.634439, 43.371065]]]}, "properties": {"i": 627, "h3": "882d568949fffff", "lon": 39.6378, "lat": 43.36679, "water_km2": 0.74, "dist_coast_km": 22.9, "persistence": 0.0, "mean_cover": 0.0, "max_cover": 0.0, "trend_cover": 0.0, "hot": 0.0, "n_obs": 22}}, {"type": "Feature", "id": 628, "geometry": {"type": "Polygon", "coordinates": [[[39.644225, 43.374851], [39.641012, 43.370823], [39.644373, 43.366552], [39.650945, 43.36631], [39.654158, 43.370338], [39.650798, 43.374608], [39.644225, 43.374851]]]}, "properties": {"i": 628, "h3": "882d56894bfffff", "lon": 39.64759, "lat": 43.37058, "water_km2": 0.728, "dist_coast_km": 22.2, "persistence": 0.045, "mean_cover": 1.397, "max_cover": 30.726, "trend_cover": -0.0233, "hot": 0.0397, "n_obs": 22}}, {"type": "Feature", "id": 629, "geometry": {"type": "Polygon", "coordinates": [[[39.634588, 43.362766], [39.631376, 43.358737], [39.634737, 43.354467], [39.641308, 43.354225], [39.64452, 43.358253], [39.64116, 43.362524], [39.634588, 43.362766]]]}, "properties": {"i": 629, "h3": "882d56894dfffff", "lon": 39.63795, "lat": 43.3585, "water_km2": 0.222, "dist_coast_km": 24.1, "persistence": 0.0, "mean_cover": 0.0, "max_cover": 0.0, "trend_cover": 0.0, "hot": 0.0, "n_obs": 22}}, {"type": "Feature", "id": 630, "geometry": {"type": "Polygon", "coordinates": [[[39.663797, 43.382419], [39.660584, 43.378392], [39.663943, 43.374122], [39.670515, 43.373878], [39.673728, 43.377904], [39.67037, 43.382175], [39.663797, 43.382419]]]}, "properties": {"i": 630, "h3": "882d568951fffff", "lon": 39.66716, "lat": 43.37815, "water_km2": 0.73, "dist_coast_km": 20.9, "persistence": 0.045, "mean_cover": 0.244, "max_cover": 5.372, "trend_cover": -0.0041, "hot": 0.0099, "n_obs": 22}}, {"type": "Feature", "id": 631, "geometry": {"type": "Polygon", "coordinates": [[[39.673583, 43.386201], [39.67037, 43.382175], [39.673728, 43.377904], [39.6803, 43.37766], [39.683514, 43.381686], [39.680156, 43.385956], [39.673583, 43.386201]]]}, "properties": {"i": 631, "h3": "882d568953fffff", "lon": 39.67694, "lat": 43.38193, "water_km2": 0.745, "dist_coast_km": 20.9, "persistence": 0.0, "mean_cover": 0.0, "max_cover": 0.0, "trend_cover": 0.0, "hot": 0.0, "n_obs": 22}}, {"type": "Feature", "id": 632, "geometry": {"type": "Polygon", "coordinates": [[[39.663943, 43.374122], [39.66073, 43.370094], [39.664089, 43.365824], [39.67066, 43.36558], [39.673873, 43.369607], [39.670515, 43.373878], [39.663943, 43.374122]]]}, "properties": {"i": 632, "h3": "882d568955fffff", "lon": 39.6673, "lat": 43.36985, "water_km2": 0.748, "dist_coast_km": 20.9, "persistence": 0.045, "mean_cover": 0.715, "max_cover": 15.739, "trend_cover": -0.0119, "hot": 0.0245, "n_obs": 22}}, {"type": "Feature", "id": 633, "geometry": {"type": "Polygon", "coordinates": [[[39.673728, 43.377904], [39.670515, 43.373878], [39.673873, 43.369607], [39.680444, 43.369363], [39.683658, 43.373389], [39.6803, 43.37766], [39.673728, 43.377904]]]}, "properties": {"i": 633, "h3": "882d568957fffff", "lon": 39.67709, "lat": 43.37363, "water_km2": 0.725, "dist_coast_km": 20.9, "persistence": 0.045, "mean_cover": 0.393, "max_cover": 8.654, "trend_cover": -0.0066, "hot": 0.0151, "n_obs": 22}}, {"type": "Feature", "id": 634, "geometry": {"type": "Polygon", "coordinates": [[[39.653864, 43.386933], [39.650651, 43.382906], [39.654011, 43.378635], [39.660584, 43.378392], [39.663797, 43.382419], [39.660438, 43.386689], [39.653864, 43.386933]]]}, "properties": {"i": 634, "h3": "882d568959fffff", "lon": 39.65722, "lat": 43.38266, "water_km2": 0.73, "dist_coast_km": 22.2, "persistence": 0.045, "mean_cover": 0.244, "max_cover": 5.372, "trend_cover": -0.0041, "hot": 0.0099, "n_obs": 22}}, {"type": "Feature", "id": 635, "geometry": {"type": "Polygon", "coordinates": [[[39.663651, 43.390716], [39.660438, 43.386689], [39.663797, 43.382419], [39.67037, 43.382175], [39.673583, 43.386201], [39.670225, 43.390471], [39.663651, 43.390716]]]}, "properties": {"i": 635, "h3": "882d56895bfffff", "lon": 39.66701, "lat": 43.38645, "water_km2": 0.74, "dist_coast_km": 19.9, "persistence": 0.045, "mean_cover": 0.265, "max_cover": 5.829, "trend_cover": -0.0044, "hot": 0.0107, "n_obs": 22}}, {"type": "Feature", "id": 636, "geometry": {"type": "Polygon", "coordinates": [[[39.654011, 43.378635], [39.650798, 43.374608], [39.654158, 43.370338], [39.66073, 43.370094], [39.663943, 43.374122], [39.660584, 43.378392], [39.654011, 43.378635]]]}, "properties": {"i": 636, "h3": "882d56895dfffff", "lon": 39.65737, "lat": 43.37437, "water_km2": 0.748, "dist_coast_km": 22.2, "persistence": 0.0, "mean_cover": 0.0, "max_cover": 0.0, "trend_cover": 0.0, "hot": 0.0, "n_obs": 22}}, {"type": "Feature", "id": 637, "geometry": {"type": "Polygon", "coordinates": [[[39.742509, 43.387762], [39.739293, 43.383739], [39.742647, 43.379467], [39.749216, 43.379219], [39.752431, 43.383242], [39.749078, 43.387513], [39.742509, 43.387762]]]}, "properties": {"i": 637, "h3": "882d568981fffff", "lon": 39.74586, "lat": 43.38349, "water_km2": 0.728, "dist_coast_km": 15.3, "persistence": 0.045, "mean_cover": 0.27, "max_cover": 5.93, "trend_cover": -0.0045, "hot": 0.0108, "n_obs": 22}}, {"type": "Feature", "id": 638, "geometry": {"type": "Polygon", "coordinates": [[[39.752294, 43.391536], [39.749078, 43.387513], [39.752431, 43.383242], [39.759, 43.382993], [39.762216, 43.387015], [39.758864, 43.391287], [39.752294, 43.391536]]]}, "properties": {"i": 638, "h3": "882d568983fffff", "lon": 39.75565, "lat": 43.38726, "water_km2": 0.742, "dist_coast_km": 14.0, "persistence": 0.0, "mean_cover": 0.0, "max_cover": 0.0, "trend_cover": 0.0, "hot": 0.0, "n_obs": 22}}, {"type": "Feature", "id": 639, "geometry": {"type": "Polygon", "coordinates": [[[39.742647, 43.379467], [39.739432, 43.375443], [39.742785, 43.371172], [39.749353, 43.370923], [39.752568, 43.374947], [39.749216, 43.379219], [39.742647, 43.379467]]]}, "properties": {"i": 639, "h3": "882d568985fffff", "lon": 39.746, "lat": 43.3752, "water_km2": 0.745, "dist_coast_km": 15.8, "persistence": 0.0, "mean_cover": 0.0, "max_cover": 0.0, "trend_cover": 0.0, "hot": 0.0, "n_obs": 22}}, {"type": "Feature", "id": 640, "geometry": {"type": "Polygon", "coordinates": [[[39.752431, 43.383242], [39.749216, 43.379219], [39.752568, 43.374947], [39.759136, 43.374698], [39.762352, 43.378721], [39.759, 43.382993], [39.752431, 43.383242]]]}, "properties": {"i": 640, "h3": "882d568987fffff", "lon": 39.75578, "lat": 43.37897, "water_km2": 0.725, "dist_coast_km": 14.6, "persistence": 0.045, "mean_cover": 0.197, "max_cover": 4.327, "trend_cover": -0.0033, "hot": 0.0082, "n_obs": 22}}, {"type": "Feature", "id": 641, "geometry": {"type": "Polygon", "coordinates": [[[39.732585, 43.392281], [39.729369, 43.388258], [39.732724, 43.383987], [39.739293, 43.383739], [39.742509, 43.387762], [39.739155, 43.392033], [39.732585, 43.392281]]]}, "properties": {"i": 641, "h3": "882d568989fffff", "lon": 39.73594, "lat": 43.38801, "water_km2": 0.735, "dist_coast_km": 15.3, "persistence": 0.0, "mean_cover": 0.0, "max_cover": 0.0, "trend_cover": 0.0, "hot": 0.0, "n_obs": 22}}, {"type": "Feature", "id": 642, "geometry": {"type": "Polygon", "coordinates": [[[39.742371, 43.396056], [39.739155, 43.392033], [39.742509, 43.387762], [39.749078, 43.387513], [39.752294, 43.391536], [39.748941, 43.395807], [39.742371, 43.396056]]]}, "properties": {"i": 642, "h3": "882d56898bfffff", "lon": 39.74572, "lat": 43.39178, "water_km2": 0.738, "dist_coast_km": 15.3, "persistence": 0.0, "mean_cover": 0.0, "max_cover": 0.0, "trend_cover": 0.0, "hot": 0.0, "n_obs": 22}}, {"type": "Feature", "id": 643, "geometry": {"type": "Polygon", "coordinates": [[[39.732724, 43.383987], [39.729509, 43.379963], [39.732863, 43.375691], [39.739432, 43.375443], [39.742647, 43.379467], [39.739293, 43.383739], [39.732724, 43.383987]]]}, "properties": {"i": 643, "h3": "882d56898dfffff", "lon": 39.73608, "lat": 43.37972, "water_km2": 0.74, "dist_coast_km": 15.8, "persistence": 0.045, "mean_cover": 0.337, "max_cover": 7.419, "trend_cover": -0.0056, "hot": 0.0132, "n_obs": 22}}, {"type": "Feature", "id": 644, "geometry": {"type": "Polygon", "coordinates": [[[39.761944, 43.403602], [39.758727, 43.39958], [39.76208, 43.395309], [39.768649, 43.395059], [39.771866, 43.399081], [39.768514, 43.403352], [39.761944, 43.403602]]]}, "properties": {"i": 644, "h3": "882d568991fffff", "lon": 39.7653, "lat": 43.39933, "water_km2": 0.735, "dist_coast_km": 12.7, "persistence": 0.045, "mean_cover": 0.291, "max_cover": 6.403, "trend_cover": -0.0048, "hot": 0.0116, "n_obs": 22}}, {"type": "Feature", "id": 645, "geometry": {"type": "Polygon", "coordinates": [[[39.771731, 43.407373], [39.768514, 43.403352], [39.771866, 43.399081], [39.778435, 43.39883], [39.781652, 43.402851], [39.778301, 43.407123], [39.771731, 43.407373]]]}, "properties": {"i": 645, "h3": "882d568993fffff", "lon": 39.77508, "lat": 43.4031, "water_km2": 0.728, "dist_coast_km": 12.1, "persistence": 0.0, "mean_cover": 0.0, "max_cover": 0.0, "trend_cover": 0.0, "hot": 0.0, "n_obs": 22}}, {"type": "Feature", "id": 646, "geometry": {"type": "Polygon", "coordinates": [[[39.76208, 43.395309], [39.758864, 43.391287], [39.762216, 43.387015], [39.768784, 43.386766], [39.772001, 43.390787], [39.768649, 43.395059], [39.76208, 43.395309]]]}, "properties": {"i": 646, "h3": "882d568995fffff", "lon": 39.76543, "lat": 43.39104, "water_km2": 0.73, "dist_coast_km": 12.7, "persistence": 0.0, "mean_cover": 0.0, "max_cover": 0.0, "trend_cover": 0.0, "hot": 0.0, "n_obs": 22}}, {"type": "Feature", "id": 647, "geometry": {"type": "Polygon", "coordinates": [[[39.771866, 43.399081], [39.768649, 43.395059], [39.772001, 43.390787], [39.778569, 43.390537], [39.781786, 43.394558], [39.778435, 43.39883], [39.771866, 43.399081]]]}, "properties": {"i": 647, "h3": "882d568997fffff", "lon": 39.77522, "lat": 43.39481, "water_km2": 0.748, "dist_coast_km": 12.7, "persistence": 0.045, "mean_cover": 0.31, "max_cover": 6.82, "trend_cover": -0.0052, "hot": 0.0123, "n_obs": 22}}, {"type": "Feature", "id": 648, "geometry": {"type": "Polygon", "coordinates": [[[39.752021, 43.408123], [39.748804, 43.404101], [39.752158, 43.39983], [39.758727, 43.39958], [39.761944, 43.403602], [39.758591, 43.407873], [39.752021, 43.408123]]]}, "properties": {"i": 648, "h3": "882d568999fffff", "lon": 39.75537, "lat": 43.40385, "water_km2": 0.732, "dist_coast_km": 13.3, "persistence": 0.0, "mean_cover": 0.0, "max_cover": 0.0, "trend_cover": 0.0, "hot": 0.0, "n_obs": 22}}, {"type": "Feature", "id": 649, "geometry": {"type": "Polygon", "coordinates": [[[39.761808, 43.411894], [39.758591, 43.407873], [39.761944, 43.403602], [39.768514, 43.403352], [39.771731, 43.407373], [39.768379, 43.411644], [39.761808, 43.411894]]]}, "properties": {"i": 649, "h3": "882d56899bfffff", "lon": 39.76516, "lat": 43.40762, "water_km2": 0.738, "dist_coast_km": 12.1, "persistence": 0.0, "mean_cover": 0.0, "max_cover": 0.0, "trend_cover": 0.0, "hot": 0.0, "n_obs": 22}}, {"type": "Feature", "id": 650, "geometry": {"type": "Polygon", "coordinates": [[[39.752158, 43.39983], [39.748941, 43.395807], [39.752294, 43.391536], [39.758864, 43.391287], [39.76208, 43.395309], [39.758727, 43.39958], [39.752158, 43.39983]]]}, "properties": {"i": 650, "h3": "882d56899dfffff", "lon": 39.75551, "lat": 43.39556, "water_km2": 0.732, "dist_coast_km": 14.0, "persistence": 0.0, "mean_cover": 0.0, "max_cover": 0.0, "trend_cover": 0.0, "hot": 0.0, "n_obs": 22}}, {"type": "Feature", "id": 651, "geometry": {"type": "Polygon", "coordinates": [[[39.752705, 43.366651], [39.74949, 43.362628], [39.752842, 43.358355], [39.759408, 43.358107], [39.762623, 43.362131], [39.759272, 43.366403], [39.752705, 43.366651]]]}, "properties": {"i": 651, "h3": "882d5689a1fffff", "lon": 39.75606, "lat": 43.36238, "water_km2": 0.671, "dist_coast_km": 15.4, "persistence": 0.045, "mean_cover": 1.222, "max_cover": 26.884, "trend_cover": -0.0204, "hot": 0.0363, "n_obs": 22}}, {"type": "Feature", "id": 652, "geometry": {"type": "Polygon", "coordinates": [[[39.762488, 43.370426], [39.759272, 43.366403], [39.762623, 43.362131], [39.76919, 43.361881], [39.772405, 43.365904], [39.769055, 43.370177], [39.762488, 43.370426]]]}, "properties": {"i": 652, "h3": "882d5689a3fffff", "lon": 39.76584, "lat": 43.36615, "water_km2": 0.742, "dist_coast_km": 14.2, "persistence": 0.0, "mean_cover": 0.0, "max_cover": 0.0, "trend_cover": 0.0, "hot": 0.0, "n_obs": 22}}, {"type": "Feature", "id": 653, "geometry": {"type": "Polygon", "coordinates": [[[39.762623, 43.362131], [39.759408, 43.358107], [39.762759, 43.353834], [39.769325, 43.353585], [39.77254, 43.357609], [39.76919, 43.361881], [39.762623, 43.362131]]]}, "properties": {"i": 653, "h3": "882d5689a7fffff", "lon": 39.76597, "lat": 43.35786, "water_km2": 0.237, "dist_coast_km": 14.2, "persistence": 0.0, "mean_cover": 0.0, "max_cover": 0.0, "trend_cover": 0.0, "hot": 0.0, "n_obs": 22}}, {"type": "Feature", "id": 654, "geometry": {"type": "Polygon", "coordinates": [[[39.742785, 43.371172], [39.73957, 43.367148], [39.742922, 43.362876], [39.74949, 43.362628], [39.752705, 43.366651], [39.749353, 43.370923], [39.742785, 43.371172]]]}, "properties": {"i": 654, "h3": "882d5689a9fffff", "lon": 39.74614, "lat": 43.3669, "water_km2": 0.722, "dist_coast_km": 15.8, "persistence": 0.045, "mean_cover": 0.666, "max_cover": 14.655, "trend_cover": -0.0111, "hot": 0.0232, "n_obs": 22}}, {"type": "Feature", "id": 655, "geometry": {"type": "Polygon", "coordinates": [[[39.752568, 43.374947], [39.749353, 43.370923], [39.752705, 43.366651], [39.759272, 43.366403], [39.762488, 43.370426], [39.759136, 43.374698], [39.752568, 43.374947]]]}, "properties": {"i": 655, "h3": "882d5689abfffff", "lon": 39.75592, "lat": 43.37067, "water_km2": 0.748, "dist_coast_km": 14.6, "persistence": 0.045, "mean_cover": 0.191, "max_cover": 4.197, "trend_cover": -0.0032, "hot": 0.0079, "n_obs": 22}}, {"type": "Feature", "id": 656, "geometry": {"type": "Polygon", "coordinates": [[[39.742922, 43.362876], [39.739708, 43.358851], [39.74306, 43.354579], [39.749627, 43.354331], [39.752842, 43.358355], [39.74949, 43.362628], [39.742922, 43.362876]]]}, "properties": {"i": 656, "h3": "882d5689adfffff", "lon": 39.74627, "lat": 43.3586, "water_km2": 0.31, "dist_coast_km": 15.4, "persistence": 0.0, "mean_cover": 0.0, "max_cover": 0.0, "trend_cover": 0.0, "hot": 0.0, "n_obs": 22}}, {"type": "Feature", "id": 657, "geometry": {"type": "Polygon", "coordinates": [[[39.772136, 43.382494], [39.768919, 43.378471], [39.772271, 43.374199], [39.778837, 43.373949], [39.782054, 43.377971], [39.778703, 43.382244], [39.772136, 43.382494]]]}, "properties": {"i": 657, "h3": "882d5689b1fffff", "lon": 39.77549, "lat": 43.37822, "water_km2": 0.742, "dist_coast_km": 13.3, "persistence": 0.0, "mean_cover": 0.0, "max_cover": 0.0, "trend_cover": 0.0, "hot": 0.0, "n_obs": 22}}, {"type": "Feature", "id": 658, "geometry": {"type": "Polygon", "coordinates": [[[39.78192, 43.386265], [39.778703, 43.382244], [39.782054, 43.377971], [39.78862, 43.377721], [39.791837, 43.381742], [39.788487, 43.386015], [39.78192, 43.386265]]]}, "properties": {"i": 658, "h3": "882d5689b3fffff", "lon": 39.78527, "lat": 43.38199, "water_km2": 0.725, "dist_coast_km": 12.1, "persistence": 0.0, "mean_cover": 0.0, "max_cover": 0.0, "trend_cover": 0.0, "hot": 0.0, "n_obs": 22}}, {"type": "Feature", "id": 659, "geometry": {"type": "Polygon", "coordinates": [[[39.772271, 43.374199], [39.769055, 43.370177], [39.772405, 43.365904], [39.778971, 43.365655], [39.782188, 43.369677], [39.778837, 43.373949], [39.772271, 43.374199]]]}, "properties": {"i": 659, "h3": "882d5689b5fffff", "lon": 39.77562, "lat": 43.36993, "water_km2": 0.728, "dist_coast_km": 13.3, "persistence": 0.0, "mean_cover": 0.0, "max_cover": 0.0, "trend_cover": 0.0, "hot": 0.0, "n_obs": 22}}, {"type": "Feature", "id": 660, "geometry": {"type": "Polygon", "coordinates": [[[39.782054, 43.377971], [39.778837, 43.373949], [39.782188, 43.369677], [39.788753, 43.369427], [39.79197, 43.373448], [39.78862, 43.377721], [39.782054, 43.377971]]]}, "properties": {"i": 660, "h3": "882d5689b7fffff", "lon": 39.7854, "lat": 43.3737, "water_km2": 0.738, "dist_coast_km": 12.1, "persistence": 0.045, "mean_cover": 0.508, "max_cover": 11.167, "trend_cover": -0.0085, "hot": 0.0187, "n_obs": 22}}, {"type": "Feature", "id": 661, "geometry": {"type": "Polygon", "coordinates": [[[39.762216, 43.387015], [39.759, 43.382993], [39.762352, 43.378721], [39.768919, 43.378471], [39.772136, 43.382494], [39.768784, 43.386766], [39.762216, 43.387015]]]}, "properties": {"i": 661, "h3": "882d5689b9fffff", "lon": 39.76557, "lat": 43.38274, "water_km2": 0.745, "dist_coast_km": 13.3, "persistence": 0.0, "mean_cover": 0.0, "max_cover": 0.0, "trend_cover": 0.0, "hot": 0.0, "n_obs": 22}}, {"type": "Feature", "id": 662, "geometry": {"type": "Polygon", "coordinates": [[[39.772001, 43.390787], [39.768784, 43.386766], [39.772136, 43.382494], [39.778703, 43.382244], [39.78192, 43.386265], [39.778569, 43.390537], [39.772001, 43.390787]]]}, "properties": {"i": 662, "h3": "882d5689bbfffff", "lon": 39.77535, "lat": 43.38652, "water_km2": 0.725, "dist_coast_km": 12.7, "persistence": 0.0, "mean_cover": 0.0, "max_cover": 0.0, "trend_cover": 0.0, "hot": 0.0, "n_obs": 22}}, {"type": "Feature", "id": 663, "geometry": {"type": "Polygon", "coordinates": [[[39.762352, 43.378721], [39.759136, 43.374698], [39.762488, 43.370426], [39.769055, 43.370177], [39.772271, 43.374199], [39.768919, 43.378471], [39.762352, 43.378721]]]}, "properties": {"i": 663, "h3": "882d5689bdfffff", "lon": 39.7657, "lat": 43.37445, "water_km2": 0.722, "dist_coast_km": 13.3, "persistence": 0.0, "mean_cover": 0.0, "max_cover": 0.0, "trend_cover": 0.0, "hot": 0.0, "n_obs": 22}}, {"type": "Feature", "id": 664, "geometry": {"type": "Polygon", "coordinates": [[[39.712873, 43.393023], [39.709657, 43.388999], [39.713013, 43.384728], [39.719584, 43.384481], [39.722799, 43.388505], [39.719444, 43.392776], [39.712873, 43.393023]]]}, "properties": {"i": 664, "h3": "882d5689c1fffff", "lon": 39.71623, "lat": 43.38875, "water_km2": 0.722, "dist_coast_km": 16.6, "persistence": 0.0, "mean_cover": 0.0, "max_cover": 0.0, "trend_cover": 0.0, "hot": 0.0, "n_obs": 22}}, {"type": "Feature", "id": 665, "geometry": {"type": "Polygon", "coordinates": [[[39.722659, 43.3968], [39.719444, 43.392776], [39.722799, 43.388505], [39.729369, 43.388258], [39.732585, 43.392281], [39.72923, 43.396552], [39.722659, 43.3968]]]}, "properties": {"i": 665, "h3": "882d5689c3fffff", "lon": 39.72601, "lat": 43.39253, "water_km2": 0.742, "dist_coast_km": 16.6, "persistence": 0.045, "mean_cover": 0.264, "max_cover": 5.81, "trend_cover": -0.0044, "hot": 0.0107, "n_obs": 22}}, {"type": "Feature", "id": 666, "geometry": {"type": "Polygon", "coordinates": [[[39.713013, 43.384728], [39.709799, 43.380703], [39.713154, 43.376432], [39.719724, 43.376186], [39.722939, 43.38021], [39.719584, 43.384481], [39.713013, 43.384728]]]}, "properties": {"i": 666, "h3": "882d5689c5fffff", "lon": 39.71637, "lat": 43.38046, "water_km2": 0.738, "dist_coast_km": 17.1, "persistence": 0.045, "mean_cover": 0.411, "max_cover": 9.04, "trend_cover": -0.0068, "hot": 0.0156, "n_obs": 22}}, {"type": "Feature", "id": 667, "geometry": {"type": "Polygon", "coordinates": [[[39.722799, 43.388505], [39.719584, 43.384481], [39.722939, 43.38021], [39.729509, 43.379963], [39.732724, 43.383987], [39.729369, 43.388258], [39.722799, 43.388505]]]}, "properties": {"i": 667, "h3": "882d5689c7fffff", "lon": 39.72615, "lat": 43.38423, "water_km2": 0.732, "dist_coast_km": 16.6, "persistence": 0.045, "mean_cover": 0.535, "max_cover": 11.778, "trend_cover": -0.0089, "hot": 0.0195, "n_obs": 22}}, {"type": "Feature", "id": 668, "geometry": {"type": "Polygon", "coordinates": [[[39.702944, 43.39754], [39.699729, 43.393516], [39.703086, 43.389245], [39.709657, 43.388999], [39.712873, 43.393023], [39.709516, 43.397294], [39.702944, 43.39754]]]}, "properties": {"i": 668, "h3": "882d5689c9fffff", "lon": 39.7063, "lat": 43.39327, "water_km2": 0.725, "dist_coast_km": 17.8, "persistence": 0.0, "mean_cover": 0.0, "max_cover": 0.0, "trend_cover": 0.0, "hot": 0.0, "n_obs": 22}}, {"type": "Feature", "id": 669, "geometry": {"type": "Polygon", "coordinates": [[[39.712732, 43.401318], [39.709516, 43.397294], [39.712873, 43.393023], [39.719444, 43.392776], [39.722659, 43.3968], [39.719304, 43.401071], [39.712732, 43.401318]]]}, "properties": {"i": 669, "h3": "882d5689cbfffff", "lon": 39.71609, "lat": 43.39705, "water_km2": 0.748, "dist_coast_km": 16.6, "persistence": 0.0, "mean_cover": 0.0, "max_cover": 0.0, "trend_cover": 0.0, "hot": 0.0, "n_obs": 22}}, {"type": "Feature", "id": 670, "geometry": {"type": "Polygon", "coordinates": [[[39.703086, 43.389245], [39.699871, 43.38522], [39.703228, 43.38095], [39.709799, 43.380703], [39.713013, 43.384728], [39.709657, 43.388999], [39.703086, 43.389245]]]}, "properties": {"i": 670, "h3": "882d5689cdfffff", "lon": 39.70644, "lat": 43.38497, "water_km2": 0.745, "dist_coast_km": 17.8, "persistence": 0.0, "mean_cover": 0.0, "max_cover": 0.0, "trend_cover": 0.0, "hot": 0.0, "n_obs": 22}}, {"type": "Feature", "id": 671, "geometry": {"type": "Polygon", "coordinates": [[[39.732307, 43.408869], [39.729091, 43.404846], [39.732446, 43.400575], [39.739017, 43.400327], [39.742233, 43.40435], [39.738879, 43.408621], [39.732307, 43.408869]]]}, "properties": {"i": 671, "h3": "882d5689d1fffff", "lon": 39.73566, "lat": 43.4046, "water_km2": 0.742, "dist_coast_km": 14.6, "persistence": 0.0, "mean_cover": 0.0, "max_cover": 0.0, "trend_cover": 0.0, "hot": 0.0, "n_obs": 22}}, {"type": "Feature", "id": 672, "geometry": {"type": "Polygon", "coordinates": [[[39.742095, 43.412643], [39.738879, 43.408621], [39.742233, 43.40435], [39.748804, 43.404101], [39.752021, 43.408123], [39.748667, 43.412394], [39.742095, 43.412643]]]}, "properties": {"i": 672, "h3": "882d5689d3fffff", "lon": 39.74545, "lat": 43.40837, "water_km2": 0.728, "dist_coast_km": 14.6, "persistence": 0.0, "mean_cover": 0.0, "max_cover": 0.0, "trend_cover": 0.0, "hot": 0.0, "n_obs": 22}}, {"type": "Feature", "id": 673, "geometry": {"type": "Polygon", "coordinates": [[[39.732446, 43.400575], [39.72923, 43.396552], [39.732585, 43.392281], [39.739155, 43.392033], [39.742371, 43.396056], [39.739017, 43.400327], [39.732446, 43.400575]]]}, "properties": {"i": 673, "h3": "882d5689d5fffff", "lon": 39.7358, "lat": 43.3963, "water_km2": 0.73, "dist_coast_km": 15.3, "persistence": 0.0, "mean_cover": 0.0, "max_cover": 0.0, "trend_cover": 0.0, "hot": 0.0, "n_obs": 22}}, {"type": "Feature", "id": 674, "geometry": {"type": "Polygon", "coordinates": [[[39.742233, 43.40435], [39.739017, 43.400327], [39.742371, 43.396056], [39.748941, 43.395807], [39.752158, 43.39983], [39.748804, 43.404101], [39.742233, 43.40435]]]}, "properties": {"i": 674, "h3": "882d5689d7fffff", "lon": 39.74559, "lat": 43.40008, "water_km2": 0.735, "dist_coast_km": 14.6, "persistence": 0.045, "mean_cover": 0.218, "max_cover": 4.802, "trend_cover": -0.0036, "hot": 0.009, "n_obs": 22}}, {"type": "Feature", "id": 675, "geometry": {"type": "Polygon", "coordinates": [[[39.722379, 43.413387], [39.719163, 43.409365], [39.722519, 43.405094], [39.729091, 43.404846], [39.732307, 43.408869], [39.728952, 43.41314], [39.722379, 43.413387]]]}, "properties": {"i": 675, "h3": "882d5689d9fffff", "lon": 39.72574, "lat": 43.40912, "water_km2": 0.75, "dist_coast_km": 15.8, "persistence": 0.0, "mean_cover": 0.0, "max_cover": 0.0, "trend_cover": 0.0, "hot": 0.0, "n_obs": 22}}, {"type": "Feature", "id": 676, "geometry": {"type": "Polygon", "coordinates": [[[39.732168, 43.417162], [39.728952, 43.41314], [39.732307, 43.408869], [39.738879, 43.408621], [39.742095, 43.412643], [39.73874, 43.416913], [39.732168, 43.417162]]]}, "properties": {"i": 676, "h3": "882d5689dbfffff", "lon": 39.73552, "lat": 43.41289, "water_km2": 0.722, "dist_coast_km": 14.6, "persistence": 0.045, "mean_cover": 0.765, "max_cover": 16.826, "trend_cover": -0.0127, "hot": 0.0258, "n_obs": 22}}, {"type": "Feature", "id": 677, "geometry": {"type": "Polygon", "coordinates": [[[39.722519, 43.405094], [39.719304, 43.401071], [39.722659, 43.3968], [39.72923, 43.396552], [39.732446, 43.400575], [39.729091, 43.404846], [39.722519, 43.405094]]]}, "properties": {"i": 677, "h3": "882d5689ddfffff", "lon": 39.72588, "lat": 43.40082, "water_km2": 0.722, "dist_coast_km": 15.8, "persistence": 0.0, "mean_cover": 0.0, "max_cover": 0.0, "trend_cover": 0.0, "hot": 0.0, "n_obs": 22}}, {"type": "Feature", "id": 678, "geometry": {"type": "Polygon", "coordinates": [[[39.723079, 43.371914], [39.719864, 43.367889], [39.723218, 43.363618], [39.729787, 43.363371], [39.733001, 43.367395], [39.729648, 43.371667], [39.723079, 43.371914]]]}, "properties": {"i": 678, "h3": "882d5689e1fffff", "lon": 39.72643, "lat": 43.36764, "water_km2": 0.742, "dist_coast_km": 17.1, "persistence": 0.0, "mean_cover": 0.0, "max_cover": 0.0, "trend_cover": 0.0, "hot": 0.0, "n_obs": 22}}, {"type": "Feature", "id": 679, "geometry": {"type": "Polygon", "coordinates": [[[39.732863, 43.375691], [39.729648, 43.371667], [39.733001, 43.367395], [39.73957, 43.367148], [39.742785, 43.371172], [39.739432, 43.375443], [39.732863, 43.375691]]]}, "properties": {"i": 679, "h3": "882d5689e3fffff", "lon": 39.73622, "lat": 43.37142, "water_km2": 0.725, "dist_coast_km": 15.8, "persistence": 0.0, "mean_cover": 0.0, "max_cover": 0.0, "trend_cover": 0.0, "hot": 0.0, "n_obs": 22}}, {"type": "Feature", "id": 680, "geometry": {"type": "Polygon", "coordinates": [[[39.723218, 43.363618], [39.720004, 43.359592], [39.723358, 43.355321], [39.729926, 43.355074], [39.73314, 43.359099], [39.729787, 43.363371], [39.723218, 43.363618]]]}, "properties": {"i": 680, "h3": "882d5689e5fffff", "lon": 39.72657, "lat": 43.35935, "water_km2": 0.368, "dist_coast_km": 17.8, "persistence": 0.0, "mean_cover": 0.0, "max_cover": 0.0, "trend_cover": 0.0, "hot": 0.0, "n_obs": 22}}, {"type": "Feature", "id": 681, "geometry": {"type": "Polygon", "coordinates": [[[39.733001, 43.367395], [39.729787, 43.363371], [39.73314, 43.359099], [39.739708, 43.358851], [39.742922, 43.362876], [39.73957, 43.367148], [39.733001, 43.367395]]]}, "properties": {"i": 681, "h3": "882d5689e7fffff", "lon": 39.73635, "lat": 43.36312, "water_km2": 0.728, "dist_coast_km": 16.6, "persistence": 0.0, "mean_cover": 0.0, "max_cover": 0.0, "trend_cover": 0.0, "hot": 0.0, "n_obs": 22}}, {"type": "Feature", "id": 682, "geometry": {"type": "Polygon", "coordinates": [[[39.713154, 43.376432], [39.70994, 43.372407], [39.713295, 43.368136], [39.719864, 43.367889], [39.723079, 43.371914], [39.719724, 43.376186], [39.713154, 43.376432]]]}, "properties": {"i": 682, "h3": "882d5689e9fffff", "lon": 39.71651, "lat": 43.37216, "water_km2": 0.735, "dist_coast_km": 17.1, "persistence": 0.0, "mean_cover": 0.0, "max_cover": 0.0, "trend_cover": 0.0, "hot": 0.0, "n_obs": 22}}, {"type": "Feature", "id": 683, "geometry": {"type": "Polygon", "coordinates": [[[39.722939, 43.38021], [39.719724, 43.376186], [39.723079, 43.371914], [39.729648, 43.371667], [39.732863, 43.375691], [39.729509, 43.379963], [39.722939, 43.38021]]]}, "properties": {"i": 683, "h3": "882d5689ebfffff", "lon": 39.72629, "lat": 43.37594, "water_km2": 0.738, "dist_coast_km": 17.1, "persistence": 0.045, "mean_cover": 0.532, "max_cover": 11.698, "trend_cover": -0.0089, "hot": 0.0194, "n_obs": 22}}, {"type": "Feature", "id": 684, "geometry": {"type": "Polygon", "coordinates": [[[39.713295, 43.368136], [39.710081, 43.36411], [39.713436, 43.359839], [39.720004, 43.359592], [39.723218, 43.363618], [39.719864, 43.367889], [39.713295, 43.368136]]]}, "properties": {"i": 684, "h3": "882d5689edfffff", "lon": 39.71665, "lat": 43.36386, "water_km2": 0.732, "dist_coast_km": 17.8, "persistence": 0.0, "mean_cover": 0.0, "max_cover": 0.0, "trend_cover": 0.0, "hot": 0.0, "n_obs": 22}}, {"type": "Feature", "id": 685, "geometry": {"type": "Polygon", "coordinates": [[[39.603413, 43.450967], [39.600198, 43.44694], [39.603565, 43.442673], [39.610145, 43.442431], [39.61336, 43.446457], [39.609994, 43.450725], [39.603413, 43.450967]]]}, "properties": {"i": 685, "h3": "882d568a01fffff", "lon": 39.60678, "lat": 43.4467, "water_km2": 0.745, "dist_coast_km": 18.3, "persistence": 0.0, "mean_cover": 0.0, "max_cover": 0.0, "trend_cover": 0.0, "hot": 0.0, "n_obs": 22}}, {"type": "Feature", "id": 686, "geometry": {"type": "Polygon", "coordinates": [[[39.613209, 43.45475], [39.609994, 43.450725], [39.61336, 43.446457], [39.61994, 43.446214], [39.623155, 43.45024], [39.619789, 43.454507], [39.613209, 43.45475]]]}, "properties": {"i": 686, "h3": "882d568a03fffff", "lon": 39.61657, "lat": 43.45048, "water_km2": 0.722, "dist_coast_km": 16.0, "persistence": 0.0, "mean_cover": 0.0, "max_cover": 0.0, "trend_cover": 0.0, "hot": 0.0, "n_obs": 22}}, {"type": "Feature", "id": 687, "geometry": {"type": "Polygon", "coordinates": [[[39.603565, 43.442673], [39.600351, 43.438646], [39.603717, 43.434378], [39.610296, 43.434136], [39.613511, 43.438163], [39.610145, 43.442431], [39.603565, 43.442673]]]}, "properties": {"i": 687, "h3": "882d568a05fffff", "lon": 39.60693, "lat": 43.4384, "water_km2": 0.725, "dist_coast_km": 18.3, "persistence": 0.0, "mean_cover": 0.0, "max_cover": 0.0, "trend_cover": 0.0, "hot": 0.0, "n_obs": 22}}, {"type": "Feature", "id": 688, "geometry": {"type": "Polygon", "coordinates": [[[39.61336, 43.446457], [39.610145, 43.442431], [39.613511, 43.438163], [39.62009, 43.43792], [39.623305, 43.441946], [39.61994, 43.446214], [39.61336, 43.446457]]]}, "properties": {"i": 688, "h3": "882d568a07fffff", "lon": 39.61673, "lat": 43.44219, "water_km2": 0.748, "dist_coast_km": 17.6, "persistence": 0.0, "mean_cover": 0.0, "max_cover": 0.0, "trend_cover": 0.0, "hot": 0.0, "n_obs": 22}}, {"type": "Feature", "id": 689, "geometry": {"type": "Polygon", "coordinates": [[[39.593464, 43.455476], [39.59025, 43.451449], [39.593617, 43.447182], [39.600198, 43.44694], [39.603413, 43.450967], [39.600046, 43.455234], [39.593464, 43.455476]]]}, "properties": {"i": 689, "h3": "882d568a09fffff", "lon": 39.59683, "lat": 43.45121, "water_km2": 0.74, "dist_coast_km": 16.9, "persistence": 0.0, "mean_cover": 0.0, "max_cover": 0.0, "trend_cover": 0.0, "hot": 0.0, "n_obs": 22}}, {"type": "Feature", "id": 690, "geometry": {"type": "Polygon", "coordinates": [[[39.603261, 43.45926], [39.600046, 43.455234], [39.603413, 43.450967], [39.609994, 43.450725], [39.613209, 43.45475], [39.609842, 43.459018], [39.603261, 43.45926]]]}, "properties": {"i": 690, "h3": "882d568a0bfffff", "lon": 39.60663, "lat": 43.45499, "water_km2": 0.728, "dist_coast_km": 16.9, "persistence": 0.0, "mean_cover": 0.0, "max_cover": 0.0, "trend_cover": 0.0, "hot": 0.0, "n_obs": 22}}, {"type": "Feature", "id": 691, "geometry": {"type": "Polygon", "coordinates": [[[39.593617, 43.447182], [39.590403, 43.443155], [39.59377, 43.438887], [39.600351, 43.438646], [39.603565, 43.442673], [39.600198, 43.44694], [39.593617, 43.447182]]]}, "properties": {"i": 691, "h3": "882d568a0dfffff", "lon": 39.59698, "lat": 43.44291, "water_km2": 0.725, "dist_coast_km": 18.3, "persistence": 0.0, "mean_cover": 0.0, "max_cover": 0.0, "trend_cover": 0.0, "hot": 0.0, "n_obs": 22}}, {"type": "Feature", "id": 692, "geometry": {"type": "Polygon", "coordinates": [[[39.622855, 43.466825], [39.619639, 43.4628], [39.623005, 43.458532], [39.629585, 43.458289], [39.632801, 43.462314], [39.629436, 43.466581], [39.622855, 43.466825]]]}, "properties": {"i": 692, "h3": "882d568a11fffff", "lon": 39.62622, "lat": 43.46256, "water_km2": 0.725, "dist_coast_km": 16.0, "persistence": 0.0, "mean_cover": 0.0, "max_cover": 0.0, "trend_cover": 0.0, "hot": 0.0, "n_obs": 22}}, {"type": "Feature", "id": 693, "geometry": {"type": "Polygon", "coordinates": [[[39.632652, 43.470605], [39.629436, 43.466581], [39.632801, 43.462314], [39.639381, 43.46207], [39.642598, 43.466093], [39.639233, 43.470361], [39.632652, 43.470605]]]}, "properties": {"i": 693, "h3": "882d568a13fffff", "lon": 39.63602, "lat": 43.46634, "water_km2": 0.745, "dist_coast_km": 15.3, "persistence": 0.0, "mean_cover": 0.0, "max_cover": 0.0, "trend_cover": 0.0, "hot": 0.0, "n_obs": 22}}, {"type": "Feature", "id": 694, "geometry": {"type": "Polygon", "coordinates": [[[39.623005, 43.458532], [39.619789, 43.454507], [39.623155, 43.45024], [39.629735, 43.449997], [39.63295, 43.454021], [39.629585, 43.458289], [39.623005, 43.458532]]]}, "properties": {"i": 694, "h3": "882d568a15fffff", "lon": 39.62637, "lat": 43.45426, "water_km2": 0.75, "dist_coast_km": 16.0, "persistence": 0.0, "mean_cover": 0.0, "max_cover": 0.0, "trend_cover": 0.0, "hot": 0.0, "n_obs": 22}}, {"type": "Feature", "id": 695, "geometry": {"type": "Polygon", "coordinates": [[[39.632801, 43.462314], [39.629585, 43.458289], [39.63295, 43.454021], [39.63953, 43.453778], [39.642746, 43.457802], [39.639381, 43.46207], [39.632801, 43.462314]]]}, "properties": {"i": 695, "h3": "882d568a17fffff", "lon": 39.63617, "lat": 43.45805, "water_km2": 0.725, "dist_coast_km": 15.3, "persistence": 0.0, "mean_cover": 0.0, "max_cover": 0.0, "trend_cover": 0.0, "hot": 0.0, "n_obs": 22}}, {"type": "Feature", "id": 696, "geometry": {"type": "Polygon", "coordinates": [[[39.612906, 43.471335], [39.609691, 43.46731], [39.613058, 43.463043], [39.619639, 43.4628], [39.622855, 43.466825], [39.619489, 43.471092], [39.612906, 43.471335]]]}, "properties": {"i": 696, "h3": "882d568a19fffff", "lon": 39.61627, "lat": 43.46707, "water_km2": 0.732, "dist_coast_km": 14.6, "persistence": 0.0, "mean_cover": 0.0, "max_cover": 0.0, "trend_cover": 0.0, "hot": 0.0, "n_obs": 22}}, {"type": "Feature", "id": 697, "geometry": {"type": "Polygon", "coordinates": [[[39.622704, 43.475116], [39.619489, 43.471092], [39.622855, 43.466825], [39.629436, 43.466581], [39.632652, 43.470605], [39.629286, 43.474873], [39.622704, 43.475116]]]}, "properties": {"i": 697, "h3": "882d568a1bfffff", "lon": 39.62607, "lat": 43.47085, "water_km2": 0.738, "dist_coast_km": 14.6, "persistence": 0.0, "mean_cover": 0.0, "max_cover": 0.0, "trend_cover": 0.0, "hot": 0.0, "n_obs": 22}}, {"type": "Feature", "id": 698, "geometry": {"type": "Polygon", "coordinates": [[[39.613058, 43.463043], [39.609842, 43.459018], [39.613209, 43.45475], [39.619789, 43.454507], [39.623005, 43.458532], [39.619639, 43.4628], [39.613058, 43.463043]]]}, "properties": {"i": 698, "h3": "882d568a1dfffff", "lon": 39.61642, "lat": 43.45878, "water_km2": 0.742, "dist_coast_km": 16.0, "persistence": 0.0, "mean_cover": 0.0, "max_cover": 0.0, "trend_cover": 0.0, "hot": 0.0, "n_obs": 22}}, {"type": "Feature", "id": 699, "geometry": {"type": "Polygon", "coordinates": [[[39.613662, 43.429868], [39.610448, 43.425841], [39.613813, 43.421573], [39.620391, 43.421331], [39.623605, 43.425357], [39.62024, 43.429626], [39.613662, 43.429868]]]}, "properties": {"i": 699, "h3": "882d568a21fffff", "lon": 39.61703, "lat": 43.4256, "water_km2": 0.738, "dist_coast_km": 19.2, "persistence": 0.0, "mean_cover": 0.0, "max_cover": 0.0, "trend_cover": 0.0, "hot": 0.0, "n_obs": 22}}, {"type": "Feature", "id": 700, "geometry": {"type": "Polygon", "coordinates": [[[39.623455, 43.433652], [39.62024, 43.429626], [39.623605, 43.425357], [39.630183, 43.425115], [39.633397, 43.429141], [39.630033, 43.433409], [39.623455, 43.433652]]]}, "properties": {"i": 700, "h3": "882d568a23fffff", "lon": 39.62682, "lat": 43.42938, "water_km2": 0.732, "dist_coast_km": 19.2, "persistence": 0.0, "mean_cover": 0.0, "max_cover": 0.0, "trend_cover": 0.0, "hot": 0.0, "n_obs": 22}}, {"type": "Feature", "id": 701, "geometry": {"type": "Polygon", "coordinates": [[[39.613813, 43.421573], [39.610599, 43.417546], [39.613963, 43.413277], [39.620541, 43.413035], [39.623755, 43.417062], [39.620391, 43.421331], [39.613813, 43.421573]]]}, "properties": {"i": 701, "h3": "882d568a25fffff", "lon": 39.61718, "lat": 43.4173, "water_km2": 0.732, "dist_coast_km": 19.2, "persistence": 0.045, "mean_cover": 0.487, "max_cover": 10.707, "trend_cover": -0.0081, "hot": 0.018, "n_obs": 22}}, {"type": "Feature", "id": 702, "geometry": {"type": "Polygon", "coordinates": [[[39.623605, 43.425357], [39.620391, 43.421331], [39.623755, 43.417062], [39.630332, 43.41682], [39.633546, 43.420846], [39.630183, 43.425115], [39.623605, 43.425357]]]}, "properties": {"i": 702, "h3": "882d568a27fffff", "lon": 39.62697, "lat": 43.42109, "water_km2": 0.735, "dist_coast_km": 19.2, "persistence": 0.045, "mean_cover": 0.34, "max_cover": 7.47, "trend_cover": -0.0057, "hot": 0.0133, "n_obs": 22}}, {"type": "Feature", "id": 703, "geometry": {"type": "Polygon", "coordinates": [[[39.603717, 43.434378], [39.600503, 43.430351], [39.603869, 43.426083], [39.610448, 43.425841], [39.613662, 43.429868], [39.610296, 43.434136], [39.603717, 43.434378]]]}, "properties": {"i": 703, "h3": "882d568a29fffff", "lon": 39.60708, "lat": 43.43011, "water_km2": 0.742, "dist_coast_km": 19.9, "persistence": 0.045, "mean_cover": 0.6, "max_cover": 13.204, "trend_cover": -0.01, "hot": 0.0214, "n_obs": 22}}, {"type": "Feature", "id": 704, "geometry": {"type": "Polygon", "coordinates": [[[39.613511, 43.438163], [39.610296, 43.434136], [39.613662, 43.429868], [39.62024, 43.429626], [39.623455, 43.433652], [39.62009, 43.43792], [39.613511, 43.438163]]]}, "properties": {"i": 704, "h3": "882d568a2bfffff", "lon": 39.61688, "lat": 43.43389, "water_km2": 0.728, "dist_coast_km": 17.6, "persistence": 0.0, "mean_cover": 0.0, "max_cover": 0.0, "trend_cover": 0.0, "hot": 0.0, "n_obs": 22}}, {"type": "Feature", "id": 705, "geometry": {"type": "Polygon", "coordinates": [[[39.603869, 43.426083], [39.600655, 43.422056], [39.604021, 43.417787], [39.610599, 43.417546], [39.613813, 43.421573], [39.610448, 43.425841], [39.603869, 43.426083]]]}, "properties": {"i": 705, "h3": "882d568a2dfffff", "lon": 39.60723, "lat": 43.42181, "water_km2": 0.73, "dist_coast_km": 19.9, "persistence": 0.0, "mean_cover": 0.0, "max_cover": 0.0, "trend_cover": 0.0, "hot": 0.0, "n_obs": 22}}, {"type": "Feature", "id": 706, "geometry": {"type": "Polygon", "coordinates": [[[39.633099, 43.445728], [39.629884, 43.441703], [39.633248, 43.437435], [39.639827, 43.437191], [39.643042, 43.441216], [39.639678, 43.445485], [39.633099, 43.445728]]]}, "properties": {"i": 706, "h3": "882d568a31fffff", "lon": 39.63646, "lat": 43.44146, "water_km2": 0.73, "dist_coast_km": 16.9, "persistence": 0.0, "mean_cover": 0.0, "max_cover": 0.0, "trend_cover": 0.0, "hot": 0.0, "n_obs": 22}}, {"type": "Feature", "id": 707, "geometry": {"type": "Polygon", "coordinates": [[[39.642894, 43.449509], [39.639678, 43.445485], [39.643042, 43.441216], [39.64962, 43.440972], [39.652836, 43.444997], [39.649473, 43.449265], [39.642894, 43.449509]]]}, "properties": {"i": 707, "h3": "882d568a33fffff", "lon": 39.64626, "lat": 43.44524, "water_km2": 0.74, "dist_coast_km": 16.0, "persistence": 0.0, "mean_cover": 0.0, "max_cover": 0.0, "trend_cover": 0.0, "hot": 0.0, "n_obs": 22}}, {"type": "Feature", "id": 708, "geometry": {"type": "Polygon", "coordinates": [[[39.633248, 43.437435], [39.630033, 43.433409], [39.633397, 43.429141], [39.639975, 43.428897], [39.64319, 43.432923], [39.639827, 43.437191], [39.633248, 43.437435]]]}, "properties": {"i": 708, "h3": "882d568a35fffff", "lon": 39.63661, "lat": 43.43317, "water_km2": 0.738, "dist_coast_km": 18.3, "persistence": 0.0, "mean_cover": 0.0, "max_cover": 0.0, "trend_cover": 0.0, "hot": 0.0, "n_obs": 22}}, {"type": "Feature", "id": 709, "geometry": {"type": "Polygon", "coordinates": [[[39.643042, 43.441216], [39.639827, 43.437191], [39.64319, 43.432923], [39.649767, 43.432679], [39.652983, 43.436704], [39.64962, 43.440972], [39.643042, 43.441216]]]}, "properties": {"i": 709, "h3": "882d568a37fffff", "lon": 39.6464, "lat": 43.43695, "water_km2": 0.73, "dist_coast_km": 16.0, "persistence": 0.045, "mean_cover": 0.22, "max_cover": 4.835, "trend_cover": -0.0037, "hot": 0.009, "n_obs": 22}}, {"type": "Feature", "id": 710, "geometry": {"type": "Polygon", "coordinates": [[[39.623155, 43.45024], [39.61994, 43.446214], [39.623305, 43.441946], [39.629884, 43.441703], [39.633099, 43.445728], [39.629735, 43.449997], [39.623155, 43.45024]]]}, "properties": {"i": 710, "h3": "882d568a39fffff", "lon": 39.62652, "lat": 43.44597, "water_km2": 0.728, "dist_coast_km": 17.6, "persistence": 0.0, "mean_cover": 0.0, "max_cover": 0.0, "trend_cover": 0.0, "hot": 0.0, "n_obs": 22}}, {"type": "Feature", "id": 711, "geometry": {"type": "Polygon", "coordinates": [[[39.63295, 43.454021], [39.629735, 43.449997], [39.633099, 43.445728], [39.639678, 43.445485], [39.642894, 43.449509], [39.63953, 43.453778], [39.63295, 43.454021]]]}, "properties": {"i": 711, "h3": "882d568a3bfffff", "lon": 39.63631, "lat": 43.44975, "water_km2": 0.742, "dist_coast_km": 16.9, "persistence": 0.0, "mean_cover": 0.0, "max_cover": 0.0, "trend_cover": 0.0, "hot": 0.0, "n_obs": 22}}, {"type": "Feature", "id": 712, "geometry": {"type": "Polygon", "coordinates": [[[39.623305, 43.441946], [39.62009, 43.43792], [39.623455, 43.433652], [39.630033, 43.433409], [39.633248, 43.437435], [39.629884, 43.441703], [39.623305, 43.441946]]]}, "properties": {"i": 712, "h3": "882d568a3dfffff", "lon": 39.62667, "lat": 43.43768, "water_km2": 0.742, "dist_coast_km": 17.6, "persistence": 0.045, "mean_cover": 0.192, "max_cover": 4.225, "trend_cover": -0.0032, "hot": 0.008, "n_obs": 22}}, {"type": "Feature", "id": 713, "geometry": {"type": "Polygon", "coordinates": [[[39.573717, 43.456198], [39.570503, 43.452171], [39.573872, 43.447903], [39.580454, 43.447663], [39.583668, 43.45169], [39.580299, 43.455957], [39.573717, 43.456198]]]}, "properties": {"i": 713, "h3": "882d568a41fffff", "lon": 39.57709, "lat": 43.45193, "water_km2": 0.74, "dist_coast_km": 18.7, "persistence": 0.0, "mean_cover": 0.0, "max_cover": 0.0, "trend_cover": 0.0, "hot": 0.0, "n_obs": 22}}, {"type": "Feature", "id": 714, "geometry": {"type": "Polygon", "coordinates": [[[39.583514, 43.459984], [39.580299, 43.455957], [39.583668, 43.45169], [39.59025, 43.451449], [39.593464, 43.455476], [39.590096, 43.459743], [39.583514, 43.459984]]]}, "properties": {"i": 714, "h3": "882d568a43fffff", "lon": 39.58688, "lat": 43.45572, "water_km2": 0.732, "dist_coast_km": 17.8, "persistence": 0.0, "mean_cover": 0.0, "max_cover": 0.0, "trend_cover": 0.0, "hot": 0.0, "n_obs": 22}}, {"type": "Feature", "id": 715, "geometry": {"type": "Polygon", "coordinates": [[[39.573872, 43.447903], [39.570658, 43.443876], [39.574027, 43.439609], [39.580608, 43.439368], [39.583822, 43.443396], [39.580454, 43.447663], [39.573872, 43.447903]]]}, "properties": {"i": 715, "h3": "882d568a45fffff", "lon": 39.57724, "lat": 43.44364, "water_km2": 0.735, "dist_coast_km": 20.0, "persistence": 0.0, "mean_cover": 0.0, "max_cover": 0.0, "trend_cover": 0.0, "hot": 0.0, "n_obs": 22}}, {"type": "Feature", "id": 716, "geometry": {"type": "Polygon", "coordinates": [[[39.583668, 43.45169], [39.580454, 43.447663], [39.583822, 43.443396], [39.590403, 43.443155], [39.593617, 43.447182], [39.59025, 43.451449], [39.583668, 43.45169]]]}, "properties": {"i": 716, "h3": "882d568a47fffff", "lon": 39.58704, "lat": 43.44742, "water_km2": 0.73, "dist_coast_km": 19.2, "persistence": 0.0, "mean_cover": 0.0, "max_cover": 0.0, "trend_cover": 0.0, "hot": 0.0, "n_obs": 22}}, {"type": "Feature", "id": 717, "geometry": {"type": "Polygon", "coordinates": [[[39.563764, 43.460705], [39.56055, 43.456677], [39.56392, 43.45241], [39.570503, 43.452171], [39.573717, 43.456198], [39.570347, 43.460465], [39.563764, 43.460705]]]}, "properties": {"i": 717, "h3": "882d568a49fffff", "lon": 39.56713, "lat": 43.45644, "water_km2": 0.745, "dist_coast_km": 18.7, "persistence": 0.0, "mean_cover": 0.0, "max_cover": 0.0, "trend_cover": 0.0, "hot": 0.0, "n_obs": 22}}, {"type": "Feature", "id": 718, "geometry": {"type": "Polygon", "coordinates": [[[39.573562, 43.464492], [39.570347, 43.460465], [39.573717, 43.456198], [39.580299, 43.455957], [39.583514, 43.459984], [39.580145, 43.464251], [39.573562, 43.464492]]]}, "properties": {"i": 718, "h3": "882d568a4bfffff", "lon": 39.57693, "lat": 43.46022, "water_km2": 0.73, "dist_coast_km": 18.7, "persistence": 0.0, "mean_cover": 0.0, "max_cover": 0.0, "trend_cover": 0.0, "hot": 0.0, "n_obs": 22}}, {"type": "Feature", "id": 719, "geometry": {"type": "Polygon", "coordinates": [[[39.56392, 43.45241], [39.560706, 43.448383], [39.564076, 43.444116], [39.570658, 43.443876], [39.573872, 43.447903], [39.570503, 43.452171], [39.56392, 43.45241]]]}, "properties": {"i": 719, "h3": "882d568a4dfffff", "lon": 39.56729, "lat": 43.44814, "water_km2": 0.732, "dist_coast_km": 20.0, "persistence": 0.0, "mean_cover": 0.0, "max_cover": 0.0, "trend_cover": 0.0, "hot": 0.0, "n_obs": 22}}, {"type": "Feature", "id": 720, "geometry": {"type": "Polygon", "coordinates": [[[39.593158, 43.472062], [39.589943, 43.468036], [39.593311, 43.463769], [39.599894, 43.463527], [39.603109, 43.467553], [39.599741, 43.47182], [39.593158, 43.472062]]]}, "properties": {"i": 720, "h3": "882d568a51fffff", "lon": 39.59653, "lat": 43.46779, "water_km2": 0.73, "dist_coast_km": 15.5, "persistence": 0.0, "mean_cover": 0.0, "max_cover": 0.0, "trend_cover": 0.0, "hot": 0.0, "n_obs": 22}}, {"type": "Feature", "id": 721, "geometry": {"type": "Polygon", "coordinates": [[[39.602956, 43.475845], [39.599741, 43.47182], [39.603109, 43.467553], [39.609691, 43.46731], [39.612906, 43.471335], [39.609539, 43.475602], [39.602956, 43.475845]]]}, "properties": {"i": 721, "h3": "882d568a53fffff", "lon": 39.60632, "lat": 43.47158, "water_km2": 0.74, "dist_coast_km": 15.5, "persistence": 0.045, "mean_cover": 2.577, "max_cover": 56.704, "trend_cover": -0.4162, "hot": 0.0579, "n_obs": 22}}, {"type": "Feature", "id": 722, "geometry": {"type": "Polygon", "coordinates": [[[39.593311, 43.463769], [39.590096, 43.459743], [39.593464, 43.455476], [39.600046, 43.455234], [39.603261, 43.45926], [39.599894, 43.463527], [39.593311, 43.463769]]]}, "properties": {"i": 722, "h3": "882d568a55fffff", "lon": 39.59668, "lat": 43.4595, "water_km2": 0.735, "dist_coast_km": 16.9, "persistence": 0.0, "mean_cover": 0.0, "max_cover": 0.0, "trend_cover": 0.0, "hot": 0.0, "n_obs": 22}}, {"type": "Feature", "id": 723, "geometry": {"type": "Polygon", "coordinates": [[[39.603109, 43.467553], [39.599894, 43.463527], [39.603261, 43.45926], [39.609842, 43.459018], [39.613058, 43.463043], [39.609691, 43.46731], [39.603109, 43.467553]]]}, "properties": {"i": 723, "h3": "882d568a57fffff", "lon": 39.60648, "lat": 43.46329, "water_km2": 0.735, "dist_coast_km": 16.9, "persistence": 0.0, "mean_cover": 0.0, "max_cover": 0.0, "trend_cover": 0.0, "hot": 0.0, "n_obs": 22}}, {"type": "Feature", "id": 724, "geometry": {"type": "Polygon", "coordinates": [[[39.583206, 43.47657], [39.579991, 43.472544], [39.58336, 43.468277], [39.589943, 43.468036], [39.593158, 43.472062], [39.589789, 43.476328], [39.583206, 43.47657]]]}, "properties": {"i": 724, "h3": "882d568a59fffff", "lon": 39.58657, "lat": 43.4723, "water_km2": 0.722, "dist_coast_km": 16.5, "persistence": 0.045, "mean_cover": 0.321, "max_cover": 7.056, "trend_cover": -0.0053, "hot": 0.0126, "n_obs": 22}}, {"type": "Feature", "id": 725, "geometry": {"type": "Polygon", "coordinates": [[[39.593005, 43.480354], [39.589789, 43.476328], [39.593158, 43.472062], [39.599741, 43.47182], [39.602956, 43.475845], [39.599589, 43.480112], [39.593005, 43.480354]]]}, "properties": {"i": 725, "h3": "882d568a5bfffff", "lon": 39.59637, "lat": 43.47609, "water_km2": 0.75, "dist_coast_km": 15.5, "persistence": 0.0, "mean_cover": 0.0, "max_cover": 0.0, "trend_cover": 0.0, "hot": 0.0, "n_obs": 22}}, {"type": "Feature", "id": 726, "geometry": {"type": "Polygon", "coordinates": [[[39.58336, 43.468277], [39.580145, 43.464251], [39.583514, 43.459984], [39.590096, 43.459743], [39.593311, 43.463769], [39.589943, 43.468036], [39.58336, 43.468277]]]}, "properties": {"i": 726, "h3": "882d568a5dfffff", "lon": 39.58673, "lat": 43.46401, "water_km2": 0.745, "dist_coast_km": 17.8, "persistence": 0.0, "mean_cover": 0.0, "max_cover": 0.0, "trend_cover": 0.0, "hot": 0.0, "n_obs": 22}}, {"type": "Feature", "id": 727, "geometry": {"type": "Polygon", "coordinates": [[[39.583976, 43.435101], [39.580763, 43.431073], [39.58413, 43.426805], [39.59071, 43.426565], [39.593923, 43.430592], [39.590556, 43.43486], [39.583976, 43.435101]]]}, "properties": {"i": 727, "h3": "882d568a61fffff", "lon": 39.58734, "lat": 43.43083, "water_km2": 0.722, "dist_coast_km": 20.6, "persistence": 0.045, "mean_cover": 0.321, "max_cover": 7.056, "trend_cover": -0.0053, "hot": 0.0126, "n_obs": 22}}, {"type": "Feature", "id": 728, "geometry": {"type": "Polygon", "coordinates": [[[39.59377, 43.438887], [39.590556, 43.43486], [39.593923, 43.430592], [39.600503, 43.430351], [39.603717, 43.434378], [39.600351, 43.438646], [39.59377, 43.438887]]]}, "properties": {"i": 728, "h3": "882d568a63fffff", "lon": 39.59714, "lat": 43.43462, "water_km2": 0.753, "dist_coast_km": 18.3, "persistence": 0.0, "mean_cover": 0.0, "max_cover": 0.0, "trend_cover": 0.0, "hot": 0.0, "n_obs": 22}}, {"type": "Feature", "id": 729, "geometry": {"type": "Polygon", "coordinates": [[[39.58413, 43.426805], [39.580917, 43.422777], [39.584284, 43.418509], [39.590863, 43.418269], [39.594076, 43.422296], [39.59071, 43.426565], [39.58413, 43.426805]]]}, "properties": {"i": 729, "h3": "882d568a65fffff", "lon": 39.5875, "lat": 43.42254, "water_km2": 0.745, "dist_coast_km": 20.6, "persistence": 0.0, "mean_cover": 0.0, "max_cover": 0.0, "trend_cover": 0.0, "hot": 0.0, "n_obs": 22}}, {"type": "Feature", "id": 730, "geometry": {"type": "Polygon", "coordinates": [[[39.593923, 43.430592], [39.59071, 43.426565], [39.594076, 43.422296], [39.600655, 43.422056], [39.603869, 43.426083], [39.600503, 43.430351], [39.593923, 43.430592]]]}, "properties": {"i": 730, "h3": "882d568a67fffff", "lon": 39.59729, "lat": 43.42632, "water_km2": 0.728, "dist_coast_km": 19.9, "persistence": 0.045, "mean_cover": 0.196, "max_cover": 4.312, "trend_cover": -0.0033, "hot": 0.0081, "n_obs": 22}}, {"type": "Feature", "id": 731, "geometry": {"type": "Polygon", "coordinates": [[[39.574027, 43.439609], [39.570814, 43.435581], [39.574182, 43.431313], [39.580763, 43.431073], [39.583976, 43.435101], [39.580608, 43.439368], [39.574027, 43.439609]]]}, "properties": {"i": 731, "h3": "882d568a69fffff", "lon": 39.57739, "lat": 43.43534, "water_km2": 0.73, "dist_coast_km": 20.0, "persistence": 0.0, "mean_cover": 0.0, "max_cover": 0.0, "trend_cover": 0.0, "hot": 0.0, "n_obs": 22}}, {"type": "Feature", "id": 732, "geometry": {"type": "Polygon", "coordinates": [[[39.583822, 43.443396], [39.580608, 43.439368], [39.583976, 43.435101], [39.590556, 43.43486], [39.59377, 43.438887], [39.590403, 43.443155], [39.583822, 43.443396]]]}, "properties": {"i": 732, "h3": "882d568a6bfffff", "lon": 39.58719, "lat": 43.43913, "water_km2": 0.742, "dist_coast_km": 19.2, "persistence": 0.0, "mean_cover": 0.0, "max_cover": 0.0, "trend_cover": 0.0, "hot": 0.0, "n_obs": 22}}, {"type": "Feature", "id": 733, "geometry": {"type": "Polygon", "coordinates": [[[39.574182, 43.431313], [39.570969, 43.427285], [39.574337, 43.423017], [39.580917, 43.422777], [39.58413, 43.426805], [39.580763, 43.431073], [39.574182, 43.431313]]]}, "properties": {"i": 733, "h3": "882d568a6dfffff", "lon": 39.57755, "lat": 43.42705, "water_km2": 0.748, "dist_coast_km": 21.4, "persistence": 0.0, "mean_cover": 0.0, "max_cover": 0.0, "trend_cover": 0.0, "hot": 0.0, "n_obs": 22}}, {"type": "Feature", "id": 734, "geometry": {"type": "Polygon", "coordinates": [[[39.671989, 43.477426], [39.668771, 43.473404], [39.672134, 43.469136], [39.678713, 43.46889], [39.68193, 43.472911], [39.678569, 43.47718], [39.671989, 43.477426]]]}, "properties": {"i": 734, "h3": "882d568a81fffff", "lon": 39.67535, "lat": 43.47316, "water_km2": 0.725, "dist_coast_km": 12.3, "persistence": 0.0, "mean_cover": 0.0, "max_cover": 0.0, "trend_cover": 0.0, "hot": 0.0, "n_obs": 22}}, {"type": "Feature", "id": 735, "geometry": {"type": "Polygon", "coordinates": [[[39.681786, 43.481201], [39.678569, 43.47718], [39.68193, 43.472911], [39.688509, 43.472665], [39.691727, 43.476686], [39.688366, 43.480954], [39.681786, 43.481201]]]}, "properties": {"i": 735, "h3": "882d568a83fffff", "lon": 39.68515, "lat": 43.47693, "water_km2": 0.75, "dist_coast_km": 11.5, "persistence": 0.0, "mean_cover": 0.0, "max_cover": 0.0, "trend_cover": 0.0, "hot": 0.0, "n_obs": 22}}, {"type": "Feature", "id": 736, "geometry": {"type": "Polygon", "coordinates": [[[39.672134, 43.469136], [39.668917, 43.465113], [39.672279, 43.460845], [39.678857, 43.460599], [39.682075, 43.464621], [39.678713, 43.46889], [39.672134, 43.469136]]]}, "properties": {"i": 736, "h3": "882d568a85fffff", "lon": 39.6755, "lat": 43.46487, "water_km2": 0.742, "dist_coast_km": 13.8, "persistence": 0.0, "mean_cover": 0.0, "max_cover": 0.0, "trend_cover": 0.0, "hot": 0.0, "n_obs": 22}}, {"type": "Feature", "id": 737, "geometry": {"type": "Polygon", "coordinates": [[[39.68193, 43.472911], [39.678713, 43.46889], [39.682075, 43.464621], [39.688653, 43.464374], [39.69187, 43.468396], [39.688509, 43.472665], [39.68193, 43.472911]]]}, "properties": {"i": 737, "h3": "882d568a87fffff", "lon": 39.68529, "lat": 43.46864, "water_km2": 0.722, "dist_coast_km": 11.5, "persistence": 0.0, "mean_cover": 0.0, "max_cover": 0.0, "trend_cover": 0.0, "hot": 0.0, "n_obs": 22}}, {"type": "Feature", "id": 738, "geometry": {"type": "Polygon", "coordinates": [[[39.662045, 43.48194], [39.658828, 43.477918], [39.662191, 43.47365], [39.668771, 43.473404], [39.671989, 43.477426], [39.668626, 43.481694], [39.662045, 43.48194]]]}, "properties": {"i": 738, "h3": "882d568a89fffff", "lon": 39.66541, "lat": 43.47767, "water_km2": 0.725, "dist_coast_km": 12.3, "persistence": 0.0, "mean_cover": 0.0, "max_cover": 0.0, "trend_cover": 0.0, "hot": 0.0, "n_obs": 22}}, {"type": "Feature", "id": 739, "geometry": {"type": "Polygon", "coordinates": [[[39.671844, 43.485715], [39.668626, 43.481694], [39.671989, 43.477426], [39.678569, 43.47718], [39.681786, 43.481201], [39.678424, 43.485469], [39.671844, 43.485715]]]}, "properties": {"i": 739, "h3": "882d568a8bfffff", "lon": 39.67521, "lat": 43.48145, "water_km2": 0.742, "dist_coast_km": 12.3, "persistence": 0.0, "mean_cover": 0.0, "max_cover": 0.0, "trend_cover": 0.0, "hot": 0.0, "n_obs": 22}}, {"type": "Feature", "id": 740, "geometry": {"type": "Polygon", "coordinates": [[[39.662191, 43.47365], [39.658975, 43.469627], [39.662338, 43.465359], [39.668917, 43.465113], [39.672134, 43.469136], [39.668771, 43.473404], [39.662191, 43.47365]]]}, "properties": {"i": 740, "h3": "882d568a8dfffff", "lon": 39.66555, "lat": 43.46938, "water_km2": 0.75, "dist_coast_km": 12.3, "persistence": 0.0, "mean_cover": 0.0, "max_cover": 0.0, "trend_cover": 0.0, "hot": 0.0, "n_obs": 22}}, {"type": "Feature", "id": 741, "geometry": {"type": "Polygon", "coordinates": [[[39.691441, 43.493263], [39.688222, 43.489243], [39.691584, 43.484975], [39.698164, 43.484727], [39.701382, 43.488747], [39.698021, 43.493016], [39.691441, 43.493263]]]}, "properties": {"i": 741, "h3": "882d568a91fffff", "lon": 39.6948, "lat": 43.489, "water_km2": 0.748, "dist_coast_km": 10.0, "persistence": 0.0, "mean_cover": 0.0, "max_cover": 0.0, "trend_cover": 0.0, "hot": 0.0, "n_obs": 22}}, {"type": "Feature", "id": 742, "geometry": {"type": "Polygon", "coordinates": [[[39.70124, 43.497035], [39.698021, 43.493016], [39.701382, 43.488747], [39.707961, 43.488499], [39.71118, 43.492519], [39.70782, 43.496787], [39.70124, 43.497035]]]}, "properties": {"i": 742, "h3": "882d568a93fffff", "lon": 39.7046, "lat": 43.49277, "water_km2": 0.722, "dist_coast_km": 9.2, "persistence": 0.0, "mean_cover": 0.0, "max_cover": 0.0, "trend_cover": 0.0, "hot": 0.0, "n_obs": 22}}, {"type": "Feature", "id": 743, "geometry": {"type": "Polygon", "coordinates": [[[39.691584, 43.484975], [39.688366, 43.480954], [39.691727, 43.476686], [39.698306, 43.476438], [39.701524, 43.480459], [39.698164, 43.484727], [39.691584, 43.484975]]]}, "properties": {"i": 743, "h3": "882d568a95fffff", "lon": 39.69495, "lat": 43.48071, "water_km2": 0.722, "dist_coast_km": 11.5, "persistence": 0.0, "mean_cover": 0.0, "max_cover": 0.0, "trend_cover": 0.0, "hot": 0.0, "n_obs": 22}}, {"type": "Feature", "id": 744, "geometry": {"type": "Polygon", "coordinates": [[[39.701382, 43.488747], [39.698164, 43.484727], [39.701524, 43.480459], [39.708103, 43.480211], [39.711322, 43.484231], [39.707961, 43.488499], [39.701382, 43.488747]]]}, "properties": {"i": 744, "h3": "882d568a97fffff", "lon": 39.70474, "lat": 43.48448, "water_km2": 0.742, "dist_coast_km": 9.2, "persistence": 0.0, "mean_cover": 0.0, "max_cover": 0.0, "trend_cover": 0.0, "hot": 0.0, "n_obs": 22}}, {"type": "Feature", "id": 745, "geometry": {"type": "Polygon", "coordinates": [[[39.681498, 43.497778], [39.67828, 43.493758], [39.681642, 43.48949], [39.688222, 43.489243], [39.691441, 43.493263], [39.688079, 43.497531], [39.681498, 43.497778]]]}, "properties": {"i": 745, "h3": "882d568a99fffff", "lon": 39.68486, "lat": 43.49351, "water_km2": 0.738, "dist_coast_km": 10.0, "persistence": 0.0, "mean_cover": 0.0, "max_cover": 0.0, "trend_cover": 0.0, "hot": 0.0, "n_obs": 22}}, {"type": "Feature", "id": 746, "geometry": {"type": "Polygon", "coordinates": [[[39.691298, 43.501551], [39.688079, 43.497531], [39.691441, 43.493263], [39.698021, 43.493016], [39.70124, 43.497035], [39.697879, 43.501303], [39.691298, 43.501551]]]}, "properties": {"i": 746, "h3": "882d568a9bfffff", "lon": 39.69466, "lat": 43.49728, "water_km2": 0.728, "dist_coast_km": 10.0, "persistence": 0.0, "mean_cover": 0.0, "max_cover": 0.0, "trend_cover": 0.0, "hot": 0.0, "n_obs": 22}}, {"type": "Feature", "id": 747, "geometry": {"type": "Polygon", "coordinates": [[[39.681642, 43.48949], [39.678424, 43.485469], [39.681786, 43.481201], [39.688366, 43.480954], [39.691584, 43.484975], [39.688222, 43.489243], [39.681642, 43.48949]]]}, "properties": {"i": 747, "h3": "882d568a9dfffff", "lon": 39.685, "lat": 43.48522, "water_km2": 0.728, "dist_coast_km": 10.0, "persistence": 0.0, "mean_cover": 0.0, "max_cover": 0.0, "trend_cover": 0.0, "hot": 0.0, "n_obs": 22}}, {"type": "Feature", "id": 748, "geometry": {"type": "Polygon", "coordinates": [[[39.682219, 43.45633], [39.679002, 43.452308], [39.682363, 43.448039], [39.68894, 43.447793], [39.692156, 43.451815], [39.688796, 43.456084], [39.682219, 43.45633]]]}, "properties": {"i": 748, "h3": "882d568aa1fffff", "lon": 39.68558, "lat": 43.45206, "water_km2": 0.738, "dist_coast_km": 13.0, "persistence": 0.0, "mean_cover": 0.0, "max_cover": 0.0, "trend_cover": 0.0, "hot": 0.0, "n_obs": 22}}, {"type": "Feature", "id": 749, "geometry": {"type": "Polygon", "coordinates": [[[39.692013, 43.460106], [39.688796, 43.456084], [39.692156, 43.451815], [39.698733, 43.451568], [39.701951, 43.45559], [39.698591, 43.459859], [39.692013, 43.460106]]]}, "properties": {"i": 749, "h3": "882d568aa3fffff", "lon": 39.69537, "lat": 43.45584, "water_km2": 0.728, "dist_coast_km": 13.0, "persistence": 0.0, "mean_cover": 0.0, "max_cover": 0.0, "trend_cover": 0.0, "hot": 0.0, "n_obs": 22}}, {"type": "Feature", "id": 750, "geometry": {"type": "Polygon", "coordinates": [[[39.682363, 43.448039], [39.679146, 43.444016], [39.682507, 43.439747], [39.689083, 43.439501], [39.6923, 43.443523], [39.68894, 43.447793], [39.682363, 43.448039]]]}, "properties": {"i": 750, "h3": "882d568aa5fffff", "lon": 39.68572, "lat": 43.44377, "water_km2": 0.722, "dist_coast_km": 14.6, "persistence": 0.0, "mean_cover": 0.0, "max_cover": 0.0, "trend_cover": 0.0, "hot": 0.0, "n_obs": 22}}, {"type": "Feature", "id": 751, "geometry": {"type": "Polygon", "coordinates": [[[39.692156, 43.451815], [39.68894, 43.447793], [39.6923, 43.443523], [39.698876, 43.443277], [39.702093, 43.447299], [39.698733, 43.451568], [39.692156, 43.451815]]]}, "properties": {"i": 751, "h3": "882d568aa7fffff", "lon": 39.69552, "lat": 43.44755, "water_km2": 0.748, "dist_coast_km": 14.6, "persistence": 0.0, "mean_cover": 0.0, "max_cover": 0.0, "trend_cover": 0.0, "hot": 0.0, "n_obs": 22}}, {"type": "Feature", "id": 752, "geometry": {"type": "Polygon", "coordinates": [[[39.672279, 43.460845], [39.669062, 43.456822], [39.672424, 43.452554], [39.679002, 43.452308], [39.682219, 43.45633], [39.678857, 43.460599], [39.672279, 43.460845]]]}, "properties": {"i": 752, "h3": "882d568aa9fffff", "lon": 39.67564, "lat": 43.45658, "water_km2": 0.73, "dist_coast_km": 13.8, "persistence": 0.0, "mean_cover": 0.0, "max_cover": 0.0, "trend_cover": 0.0, "hot": 0.0, "n_obs": 22}}, {"type": "Feature", "id": 753, "geometry": {"type": "Polygon", "coordinates": [[[39.682075, 43.464621], [39.678857, 43.460599], [39.682219, 43.45633], [39.688796, 43.456084], [39.692013, 43.460106], [39.688653, 43.464374], [39.682075, 43.464621]]]}, "properties": {"i": 753, "h3": "882d568aabfffff", "lon": 39.68544, "lat": 43.46035, "water_km2": 0.738, "dist_coast_km": 13.0, "persistence": 0.0, "mean_cover": 0.0, "max_cover": 0.0, "trend_cover": 0.0, "hot": 0.0, "n_obs": 22}}, {"type": "Feature", "id": 754, "geometry": {"type": "Polygon", "coordinates": [[[39.672424, 43.452554], [39.669208, 43.44853], [39.672569, 43.444262], [39.679146, 43.444016], [39.682363, 43.448039], [39.679002, 43.452308], [39.672424, 43.452554]]]}, "properties": {"i": 754, "h3": "882d568aadfffff", "lon": 39.67579, "lat": 43.44828, "water_km2": 0.73, "dist_coast_km": 15.3, "persistence": 0.0, "mean_cover": 0.0, "max_cover": 0.0, "trend_cover": 0.0, "hot": 0.0, "n_obs": 22}}, {"type": "Feature", "id": 755, "geometry": {"type": "Polygon", "coordinates": [[[39.701666, 43.47217], [39.698448, 43.468149], [39.701808, 43.46388], [39.708386, 43.463632], [39.711604, 43.467653], [39.708244, 43.471922], [39.701666, 43.47217]]]}, "properties": {"i": 755, "h3": "882d568ab1fffff", "lon": 39.70503, "lat": 43.4679, "water_km2": 0.73, "dist_coast_km": 10.7, "persistence": 0.0, "mean_cover": 0.0, "max_cover": 0.0, "trend_cover": 0.0, "hot": 0.0, "n_obs": 22}}, {"type": "Feature", "id": 756, "geometry": {"type": "Polygon", "coordinates": [[[39.711463, 43.475942], [39.708244, 43.471922], [39.711604, 43.467653], [39.718181, 43.467405], [39.721399, 43.471425], [39.71804, 43.475694], [39.711463, 43.475942]]]}, "properties": {"i": 756, "h3": "882d568ab3fffff", "lon": 39.71482, "lat": 43.47167, "water_km2": 0.732, "dist_coast_km": 10.0, "persistence": 0.0, "mean_cover": 0.0, "max_cover": 0.0, "trend_cover": 0.0, "hot": 0.0, "n_obs": 22}}, {"type": "Feature", "id": 757, "geometry": {"type": "Polygon", "coordinates": [[[39.701808, 43.46388], [39.698591, 43.459859], [39.701951, 43.45559], [39.708527, 43.455342], [39.711745, 43.459363], [39.708386, 43.463632], [39.701808, 43.46388]]]}, "properties": {"i": 757, "h3": "882d568ab5fffff", "lon": 39.70517, "lat": 43.45961, "water_km2": 0.74, "dist_coast_km": 12.3, "persistence": 0.045, "mean_cover": 0.482, "max_cover": 10.599, "trend_cover": -0.008, "hot": 0.0179, "n_obs": 22}}, {"type": "Feature", "id": 758, "geometry": {"type": "Polygon", "coordinates": [[[39.711604, 43.467653], [39.708386, 43.463632], [39.711745, 43.459363], [39.718321, 43.459115], [39.721539, 43.463136], [39.718181, 43.467405], [39.711604, 43.467653]]]}, "properties": {"i": 758, "h3": "882d568ab7fffff", "lon": 39.71496, "lat": 43.46338, "water_km2": 0.73, "dist_coast_km": 11.5, "persistence": 0.045, "mean_cover": 0.317, "max_cover": 6.984, "trend_cover": -0.0053, "hot": 0.0125, "n_obs": 22}}, {"type": "Feature", "id": 759, "geometry": {"type": "Polygon", "coordinates": [[[39.691727, 43.476686], [39.688509, 43.472665], [39.69187, 43.468396], [39.698448, 43.468149], [39.701666, 43.47217], [39.698306, 43.476438], [39.691727, 43.476686]]]}, "properties": {"i": 759, "h3": "882d568ab9fffff", "lon": 39.69509, "lat": 43.47242, "water_km2": 0.74, "dist_coast_km": 11.5, "persistence": 0.0, "mean_cover": 0.0, "max_cover": 0.0, "trend_cover": 0.0, "hot": 0.0, "n_obs": 22}}, {"type": "Feature", "id": 760, "geometry": {"type": "Polygon", "coordinates": [[[39.701524, 43.480459], [39.698306, 43.476438], [39.701666, 43.47217], [39.708244, 43.471922], [39.711463, 43.475942], [39.708103, 43.480211], [39.701524, 43.480459]]]}, "properties": {"i": 760, "h3": "882d568abbfffff", "lon": 39.70488, "lat": 43.47619, "water_km2": 0.73, "dist_coast_km": 10.7, "persistence": 0.0, "mean_cover": 0.0, "max_cover": 0.0, "trend_cover": 0.0, "hot": 0.0, "n_obs": 22}}, {"type": "Feature", "id": 761, "geometry": {"type": "Polygon", "coordinates": [[[39.69187, 43.468396], [39.688653, 43.464374], [39.692013, 43.460106], [39.698591, 43.459859], [39.701808, 43.46388], [39.698448, 43.468149], [39.69187, 43.468396]]]}, "properties": {"i": 761, "h3": "882d568abdfffff", "lon": 39.69523, "lat": 43.46413, "water_km2": 0.735, "dist_coast_km": 13.0, "persistence": 0.0, "mean_cover": 0.0, "max_cover": 0.0, "trend_cover": 0.0, "hot": 0.0, "n_obs": 22}}, {"type": "Feature", "id": 762, "geometry": {"type": "Polygon", "coordinates": [[[39.642301, 43.482675], [39.639085, 43.478652], [39.642449, 43.474385], [39.64903, 43.47414], [39.652247, 43.478163], [39.648883, 43.48243], [39.642301, 43.482675]]]}, "properties": {"i": 762, "h3": "882d568ac1fffff", "lon": 39.64567, "lat": 43.47841, "water_km2": 0.738, "dist_coast_km": 13.8, "persistence": 0.0, "mean_cover": 0.0, "max_cover": 0.0, "trend_cover": 0.0, "hot": 0.0, "n_obs": 22}}, {"type": "Feature", "id": 763, "geometry": {"type": "Polygon", "coordinates": [[[39.6521, 43.486453], [39.648883, 43.48243], [39.652247, 43.478163], [39.658828, 43.477918], [39.662045, 43.48194], [39.658682, 43.486207], [39.6521, 43.486453]]]}, "properties": {"i": 763, "h3": "882d568ac3fffff", "lon": 39.65546, "lat": 43.48219, "water_km2": 0.73, "dist_coast_km": 13.0, "persistence": 0.0, "mean_cover": 0.0, "max_cover": 0.0, "trend_cover": 0.0, "hot": 0.0, "n_obs": 22}}, {"type": "Feature", "id": 764, "geometry": {"type": "Polygon", "coordinates": [[[39.642449, 43.474385], [39.639233, 43.470361], [39.642598, 43.466093], [39.649178, 43.465849], [39.652394, 43.469872], [39.64903, 43.47414], [39.642449, 43.474385]]]}, "properties": {"i": 764, "h3": "882d568ac5fffff", "lon": 39.64581, "lat": 43.47012, "water_km2": 0.725, "dist_coast_km": 13.8, "persistence": 0.0, "mean_cover": 0.0, "max_cover": 0.0, "trend_cover": 0.0, "hot": 0.0, "n_obs": 22}}, {"type": "Feature", "id": 765, "geometry": {"type": "Polygon", "coordinates": [[[39.652247, 43.478163], [39.64903, 43.47414], [39.652394, 43.469872], [39.658975, 43.469627], [39.662191, 43.47365], [39.658828, 43.477918], [39.652247, 43.478163]]]}, "properties": {"i": 765, "h3": "882d568ac7fffff", "lon": 39.65561, "lat": 43.4739, "water_km2": 0.742, "dist_coast_km": 13.0, "persistence": 0.0, "mean_cover": 0.0, "max_cover": 0.0, "trend_cover": 0.0, "hot": 0.0, "n_obs": 22}}, {"type": "Feature", "id": 766, "geometry": {"type": "Polygon", "coordinates": [[[39.632354, 43.487187], [39.629137, 43.483164], [39.632503, 43.478896], [39.639085, 43.478652], [39.642301, 43.482675], [39.638936, 43.486943], [39.632354, 43.487187]]]}, "properties": {"i": 766, "h3": "882d568ac9fffff", "lon": 39.63572, "lat": 43.48292, "water_km2": 0.732, "dist_coast_km": 13.8, "persistence": 0.0, "mean_cover": 0.0, "max_cover": 0.0, "trend_cover": 0.0, "hot": 0.0, "n_obs": 22}}, {"type": "Feature", "id": 767, "geometry": {"type": "Polygon", "coordinates": [[[39.642153, 43.490965], [39.638936, 43.486943], [39.642301, 43.482675], [39.648883, 43.48243], [39.6521, 43.486453], [39.648735, 43.49072], [39.642153, 43.490965]]]}, "properties": {"i": 767, "h3": "882d568acbfffff", "lon": 39.64552, "lat": 43.4867, "water_km2": 0.735, "dist_coast_km": 12.3, "persistence": 0.0, "mean_cover": 0.0, "max_cover": 0.0, "trend_cover": 0.0, "hot": 0.0, "n_obs": 22}}, {"type": "Feature", "id": 768, "geometry": {"type": "Polygon", "coordinates": [[[39.632503, 43.478896], [39.629286, 43.474873], [39.632652, 43.470605], [39.639233, 43.470361], [39.642449, 43.474385], [39.639085, 43.478652], [39.632503, 43.478896]]]}, "properties": {"i": 768, "h3": "882d568acdfffff", "lon": 39.63587, "lat": 43.47463, "water_km2": 0.728, "dist_coast_km": 13.8, "persistence": 0.0, "mean_cover": 0.0, "max_cover": 0.0, "trend_cover": 0.0, "hot": 0.0, "n_obs": 22}}, {"type": "Feature", "id": 769, "geometry": {"type": "Polygon", "coordinates": [[[39.661753, 43.498518], [39.658535, 43.494497], [39.661899, 43.490229], [39.66848, 43.489983], [39.671698, 43.494004], [39.668335, 43.498272], [39.661753, 43.498518]]]}, "properties": {"i": 769, "h3": "882d568ad1fffff", "lon": 39.66512, "lat": 43.49425, "water_km2": 0.735, "dist_coast_km": 10.7, "persistence": 0.0, "mean_cover": 0.0, "max_cover": 0.0, "trend_cover": 0.0, "hot": 0.0, "n_obs": 22}}, {"type": "Feature", "id": 770, "geometry": {"type": "Polygon", "coordinates": [[[39.671553, 43.502293], [39.668335, 43.498272], [39.671698, 43.494004], [39.67828, 43.493758], [39.681498, 43.497778], [39.678135, 43.502046], [39.671553, 43.502293]]]}, "properties": {"i": 770, "h3": "882d568ad3fffff", "lon": 39.67492, "lat": 43.49803, "water_km2": 0.735, "dist_coast_km": 10.7, "persistence": 0.0, "mean_cover": 0.0, "max_cover": 0.0, "trend_cover": 0.0, "hot": 0.0, "n_obs": 22}}, {"type": "Feature", "id": 771, "geometry": {"type": "Polygon", "coordinates": [[[39.661899, 43.490229], [39.658682, 43.486207], [39.662045, 43.48194], [39.668626, 43.481694], [39.671844, 43.485715], [39.66848, 43.489983], [39.661899, 43.490229]]]}, "properties": {"i": 771, "h3": "882d568ad5fffff", "lon": 39.66526, "lat": 43.48596, "water_km2": 0.738, "dist_coast_km": 10.7, "persistence": 0.0, "mean_cover": 0.0, "max_cover": 0.0, "trend_cover": 0.0, "hot": 0.0, "n_obs": 22}}, {"type": "Feature", "id": 772, "geometry": {"type": "Polygon", "coordinates": [[[39.671698, 43.494004], [39.66848, 43.489983], [39.671844, 43.485715], [39.678424, 43.485469], [39.681642, 43.48949], [39.67828, 43.493758], [39.671698, 43.494004]]]}, "properties": {"i": 772, "h3": "882d568ad7fffff", "lon": 39.67506, "lat": 43.48974, "water_km2": 0.73, "dist_coast_km": 10.7, "persistence": 0.045, "mean_cover": 1.221, "max_cover": 26.86, "trend_cover": -0.255, "hot": 0.0363, "n_obs": 22}}, {"type": "Feature", "id": 773, "geometry": {"type": "Polygon", "coordinates": [[[39.651806, 43.503031], [39.648588, 43.499009], [39.651953, 43.494742], [39.658535, 43.494497], [39.661753, 43.498518], [39.658389, 43.502785], [39.651806, 43.503031]]]}, "properties": {"i": 773, "h3": "882d568ad9fffff", "lon": 39.65517, "lat": 43.49876, "water_km2": 0.738, "dist_coast_km": 11.5, "persistence": 0.0, "mean_cover": 0.0, "max_cover": 0.0, "trend_cover": 0.0, "hot": 0.0, "n_obs": 22}}, {"type": "Feature", "id": 774, "geometry": {"type": "Polygon", "coordinates": [[[39.661607, 43.506806], [39.658389, 43.502785], [39.661753, 43.498518], [39.668335, 43.498272], [39.671553, 43.502293], [39.668189, 43.50656], [39.661607, 43.506806]]]}, "properties": {"i": 774, "h3": "882d568adbfffff", "lon": 39.66497, "lat": 43.50254, "water_km2": 0.728, "dist_coast_km": 9.2, "persistence": 0.0, "mean_cover": 0.0, "max_cover": 0.0, "trend_cover": 0.0, "hot": 0.0, "n_obs": 22}}, {"type": "Feature", "id": 775, "geometry": {"type": "Polygon", "coordinates": [[[39.651953, 43.494742], [39.648735, 43.49072], [39.6521, 43.486453], [39.658682, 43.486207], [39.661899, 43.490229], [39.658535, 43.494497], [39.651953, 43.494742]]]}, "properties": {"i": 775, "h3": "882d568addfffff", "lon": 39.65532, "lat": 43.49047, "water_km2": 0.735, "dist_coast_km": 11.5, "persistence": 0.0, "mean_cover": 0.0, "max_cover": 0.0, "trend_cover": 0.0, "hot": 0.0, "n_obs": 22}}, {"type": "Feature", "id": 776, "geometry": {"type": "Polygon", "coordinates": [[[39.652541, 43.461581], [39.649325, 43.457557], [39.652689, 43.453289], [39.659267, 43.453044], [39.662484, 43.457068], [39.659121, 43.461336], [39.652541, 43.461581]]]}, "properties": {"i": 776, "h3": "882d568ae1fffff", "lon": 39.6559, "lat": 43.45731, "water_km2": 0.748, "dist_coast_km": 14.6, "persistence": 0.0, "mean_cover": 0.0, "max_cover": 0.0, "trend_cover": 0.0, "hot": 0.0, "n_obs": 22}}, {"type": "Feature", "id": 777, "geometry": {"type": "Polygon", "coordinates": [[[39.662338, 43.465359], [39.659121, 43.461336], [39.662484, 43.457068], [39.669062, 43.456822], [39.672279, 43.460845], [39.668917, 43.465113], [39.662338, 43.465359]]]}, "properties": {"i": 777, "h3": "882d568ae3fffff", "lon": 39.6657, "lat": 43.46109, "water_km2": 0.725, "dist_coast_km": 13.8, "persistence": 0.0, "mean_cover": 0.0, "max_cover": 0.0, "trend_cover": 0.0, "hot": 0.0, "n_obs": 22}}, {"type": "Feature", "id": 778, "geometry": {"type": "Polygon", "coordinates": [[[39.652689, 43.453289], [39.649473, 43.449265], [39.652836, 43.444997], [39.659414, 43.444752], [39.66263, 43.448776], [39.659267, 43.453044], [39.652689, 43.453289]]]}, "properties": {"i": 778, "h3": "882d568ae5fffff", "lon": 39.65605, "lat": 43.44902, "water_km2": 0.728, "dist_coast_km": 16.0, "persistence": 0.0, "mean_cover": 0.0, "max_cover": 0.0, "trend_cover": 0.0, "hot": 0.0, "n_obs": 22}}, {"type": "Feature", "id": 779, "geometry": {"type": "Polygon", "coordinates": [[[39.662484, 43.457068], [39.659267, 43.453044], [39.66263, 43.448776], [39.669208, 43.44853], [39.672424, 43.452554], [39.669062, 43.456822], [39.662484, 43.457068]]]}, "properties": {"i": 779, "h3": "882d568ae7fffff", "lon": 39.66585, "lat": 43.4528, "water_km2": 0.738, "dist_coast_km": 13.8, "persistence": 0.0, "mean_cover": 0.0, "max_cover": 0.0, "trend_cover": 0.0, "hot": 0.0, "n_obs": 22}}, {"type": "Feature", "id": 780, "geometry": {"type": "Polygon", "coordinates": [[[39.642598, 43.466093], [39.639381, 43.46207], [39.642746, 43.457802], [39.649325, 43.457557], [39.652541, 43.461581], [39.649178, 43.465849], [39.642598, 43.466093]]]}, "properties": {"i": 780, "h3": "882d568ae9fffff", "lon": 39.64596, "lat": 43.46183, "water_km2": 0.745, "dist_coast_km": 15.3, "persistence": 0.0, "mean_cover": 0.0, "max_cover": 0.0, "trend_cover": 0.0, "hot": 0.0, "n_obs": 22}}, {"type": "Feature", "id": 781, "geometry": {"type": "Polygon", "coordinates": [[[39.652394, 43.469872], [39.649178, 43.465849], [39.652541, 43.461581], [39.659121, 43.461336], [39.662338, 43.465359], [39.658975, 43.469627], [39.652394, 43.469872]]]}, "properties": {"i": 781, "h3": "882d568aebfffff", "lon": 39.65576, "lat": 43.4656, "water_km2": 0.728, "dist_coast_km": 14.6, "persistence": 0.0, "mean_cover": 0.0, "max_cover": 0.0, "trend_cover": 0.0, "hot": 0.0, "n_obs": 22}}, {"type": "Feature", "id": 782, "geometry": {"type": "Polygon", "coordinates": [[[39.642746, 43.457802], [39.63953, 43.453778], [39.642894, 43.449509], [39.649473, 43.449265], [39.652689, 43.453289], [39.649325, 43.457557], [39.642746, 43.457802]]]}, "properties": {"i": 782, "h3": "882d568aedfffff", "lon": 39.64611, "lat": 43.45353, "water_km2": 0.725, "dist_coast_km": 15.3, "persistence": 0.0, "mean_cover": 0.0, "max_cover": 0.0, "trend_cover": 0.0, "hot": 0.0, "n_obs": 22}}, {"type": "Feature", "id": 783, "geometry": {"type": "Polygon", "coordinates": [[[39.604476, 43.392896], [39.601264, 43.388868], [39.604628, 43.384598], [39.611204, 43.384357], [39.614416, 43.388386], [39.611053, 43.392655], [39.604476, 43.392896]]]}, "properties": {"i": 783, "h3": "882d568b01fffff", "lon": 39.60784, "lat": 43.38863, "water_km2": 0.75, "dist_coast_km": 22.9, "persistence": 0.0, "mean_cover": 0.0, "max_cover": 0.0, "trend_cover": 0.0, "hot": 0.0, "n_obs": 22}}, {"type": "Feature", "id": 784, "geometry": {"type": "Polygon", "coordinates": [[[39.614265, 43.396684], [39.611053, 43.392655], [39.614416, 43.388386], [39.620992, 43.388145], [39.624204, 43.392173], [39.620841, 43.396442], [39.614265, 43.396684]]]}, "properties": {"i": 784, "h3": "882d568b03fffff", "lon": 39.61763, "lat": 43.39241, "water_km2": 0.728, "dist_coast_km": 22.2, "persistence": 0.0, "mean_cover": 0.0, "max_cover": 0.0, "trend_cover": 0.0, "hot": 0.0, "n_obs": 22}}, {"type": "Feature", "id": 785, "geometry": {"type": "Polygon", "coordinates": [[[39.604628, 43.384598], [39.601416, 43.380569], [39.60478, 43.376299], [39.611355, 43.376059], [39.614567, 43.380088], [39.611204, 43.384357], [39.604628, 43.384598]]]}, "properties": {"i": 785, "h3": "882d568b05fffff", "lon": 39.60799, "lat": 43.38033, "water_km2": 0.725, "dist_coast_km": 24.4, "persistence": 0.045, "mean_cover": 0.516, "max_cover": 11.359, "trend_cover": -0.0086, "hot": 0.0189, "n_obs": 22}}, {"type": "Feature", "id": 786, "geometry": {"type": "Polygon", "coordinates": [[[39.614416, 43.388386], [39.611204, 43.384357], [39.614567, 43.380088], [39.621142, 43.379847], [39.624354, 43.383875], [39.620992, 43.388145], [39.614416, 43.388386]]]}, "properties": {"i": 786, "h3": "882d568b07fffff", "lon": 39.61778, "lat": 43.38412, "water_km2": 0.745, "dist_coast_km": 22.2, "persistence": 0.045, "mean_cover": 0.359, "max_cover": 7.896, "trend_cover": -0.006, "hot": 0.0139, "n_obs": 22}}, {"type": "Feature", "id": 787, "geometry": {"type": "Polygon", "coordinates": [[[39.594535, 43.397406], [39.591323, 43.393377], [39.594688, 43.389108], [39.601264, 43.388868], [39.604476, 43.392896], [39.601112, 43.397165], [39.594535, 43.397406]]]}, "properties": {"i": 787, "h3": "882d568b09fffff", "lon": 39.5979, "lat": 43.39314, "water_km2": 0.738, "dist_coast_km": 22.9, "persistence": 0.045, "mean_cover": 0.749, "max_cover": 16.484, "trend_cover": -0.0125, "hot": 0.0254, "n_obs": 22}}, {"type": "Feature", "id": 788, "geometry": {"type": "Polygon", "coordinates": [[[39.604324, 43.401194], [39.601112, 43.397165], [39.604476, 43.392896], [39.611053, 43.392655], [39.614265, 43.396684], [39.610901, 43.400953], [39.604324, 43.401194]]]}, "properties": {"i": 788, "h3": "882d568b0bfffff", "lon": 39.60769, "lat": 43.39692, "water_km2": 0.728, "dist_coast_km": 22.9, "persistence": 0.0, "mean_cover": 0.0, "max_cover": 0.0, "trend_cover": 0.0, "hot": 0.0, "n_obs": 22}}, {"type": "Feature", "id": 789, "geometry": {"type": "Polygon", "coordinates": [[[39.594688, 43.389108], [39.591476, 43.385078], [39.59484, 43.380809], [39.601416, 43.380569], [39.604628, 43.384598], [39.601264, 43.388868], [39.594688, 43.389108]]]}, "properties": {"i": 789, "h3": "882d568b0dfffff", "lon": 39.59805, "lat": 43.38484, "water_km2": 0.73, "dist_coast_km": 22.9, "persistence": 0.0, "mean_cover": 0.0, "max_cover": 0.0, "trend_cover": 0.0, "hot": 0.0, "n_obs": 22}}, {"type": "Feature", "id": 790, "geometry": {"type": "Polygon", "coordinates": [[[39.623905, 43.408766], [39.620691, 43.404739], [39.624054, 43.40047], [39.63063, 43.400228], [39.633844, 43.404255], [39.630481, 43.408524], [39.623905, 43.408766]]]}, "properties": {"i": 790, "h3": "882d568b11fffff", "lon": 39.62727, "lat": 43.4045, "water_km2": 0.73, "dist_coast_km": 20.6, "persistence": 0.0, "mean_cover": 0.0, "max_cover": 0.0, "trend_cover": 0.0, "hot": 0.0, "n_obs": 22}}, {"type": "Feature", "id": 791, "geometry": {"type": "Polygon", "coordinates": [[[39.633695, 43.412551], [39.630481, 43.408524], [39.633844, 43.404255], [39.64042, 43.404012], [39.643634, 43.408038], [39.640271, 43.412308], [39.633695, 43.412551]]]}, "properties": {"i": 791, "h3": "882d568b13fffff", "lon": 39.63706, "lat": 43.40828, "water_km2": 0.75, "dist_coast_km": 19.9, "persistence": 0.0, "mean_cover": 0.0, "max_cover": 0.0, "trend_cover": 0.0, "hot": 0.0, "n_obs": 22}}, {"type": "Feature", "id": 792, "geometry": {"type": "Polygon", "coordinates": [[[39.624054, 43.40047], [39.620841, 43.396442], [39.624204, 43.392173], [39.63078, 43.391931], [39.633993, 43.395958], [39.63063, 43.400228], [39.624054, 43.40047]]]}, "properties": {"i": 792, "h3": "882d568b15fffff", "lon": 39.62742, "lat": 43.3962, "water_km2": 0.75, "dist_coast_km": 22.2, "persistence": 0.045, "mean_cover": 0.38, "max_cover": 8.366, "trend_cover": -0.0063, "hot": 0.0146, "n_obs": 22}}, {"type": "Feature", "id": 793, "geometry": {"type": "Polygon", "coordinates": [[[39.633844, 43.404255], [39.63063, 43.400228], [39.633993, 43.395958], [39.640568, 43.395716], [39.643781, 43.399742], [39.64042, 43.404012], [39.633844, 43.404255]]]}, "properties": {"i": 793, "h3": "882d568b17fffff", "lon": 39.63721, "lat": 43.39999, "water_km2": 0.722, "dist_coast_km": 19.9, "persistence": 0.0, "mean_cover": 0.0, "max_cover": 0.0, "trend_cover": 0.0, "hot": 0.0, "n_obs": 22}}, {"type": "Feature", "id": 794, "geometry": {"type": "Polygon", "coordinates": [[[39.613963, 43.413277], [39.61075, 43.40925], [39.614114, 43.404981], [39.620691, 43.404739], [39.623905, 43.408766], [39.620541, 43.413035], [39.613963, 43.413277]]]}, "properties": {"i": 794, "h3": "882d568b19fffff", "lon": 39.61733, "lat": 43.40901, "water_km2": 0.73, "dist_coast_km": 20.6, "persistence": 0.0, "mean_cover": 0.0, "max_cover": 0.0, "trend_cover": 0.0, "hot": 0.0, "n_obs": 22}}, {"type": "Feature", "id": 795, "geometry": {"type": "Polygon", "coordinates": [[[39.623755, 43.417062], [39.620541, 43.413035], [39.623905, 43.408766], [39.630481, 43.408524], [39.633695, 43.412551], [39.630332, 43.41682], [39.623755, 43.417062]]]}, "properties": {"i": 795, "h3": "882d568b1bfffff", "lon": 39.62712, "lat": 43.41279, "water_km2": 0.74, "dist_coast_km": 20.6, "persistence": 0.0, "mean_cover": 0.0, "max_cover": 0.0, "trend_cover": 0.0, "hot": 0.0, "n_obs": 22}}, {"type": "Feature", "id": 796, "geometry": {"type": "Polygon", "coordinates": [[[39.614114, 43.404981], [39.610901, 43.400953], [39.614265, 43.396684], [39.620841, 43.396442], [39.624054, 43.40047], [39.620691, 43.404739], [39.614114, 43.404981]]]}, "properties": {"i": 796, "h3": "882d568b1dfffff", "lon": 39.61748, "lat": 43.40071, "water_km2": 0.742, "dist_coast_km": 20.6, "persistence": 0.0, "mean_cover": 0.0, "max_cover": 0.0, "trend_cover": 0.0, "hot": 0.0, "n_obs": 22}}, {"type": "Feature", "id": 797, "geometry": {"type": "Polygon", "coordinates": [[[39.614718, 43.371789], [39.611506, 43.36776], [39.614868, 43.36349], [39.621442, 43.363249], [39.624654, 43.367278], [39.621292, 43.371548], [39.614718, 43.371789]]]}, "properties": {"i": 797, "h3": "882d568b21fffff", "lon": 39.61808, "lat": 43.36752, "water_km2": 0.74, "dist_coast_km": 23.7, "persistence": 0.0, "mean_cover": 0.0, "max_cover": 0.0, "trend_cover": 0.0, "hot": 0.0, "n_obs": 22}}, {"type": "Feature", "id": 798, "geometry": {"type": "Polygon", "coordinates": [[[39.624504, 43.375577], [39.621292, 43.371548], [39.624654, 43.367278], [39.631227, 43.367036], [39.634439, 43.371065], [39.631078, 43.375335], [39.624504, 43.375577]]]}, "properties": {"i": 798, "h3": "882d568b23fffff", "lon": 39.62787, "lat": 43.37131, "water_km2": 0.732, "dist_coast_km": 23.7, "persistence": 0.0, "mean_cover": 0.0, "max_cover": 0.0, "trend_cover": 0.0, "hot": 0.0, "n_obs": 22}}, {"type": "Feature", "id": 799, "geometry": {"type": "Polygon", "coordinates": [[[39.614868, 43.36349], [39.611657, 43.35946], [39.615019, 43.35519], [39.621592, 43.354949], [39.624803, 43.358978], [39.621442, 43.363249], [39.614868, 43.36349]]]}, "properties": {"i": 799, "h3": "882d568b25fffff", "lon": 39.61823, "lat": 43.35922, "water_km2": 0.288, "dist_coast_km": 25.2, "persistence": 0.0, "mean_cover": 0.0, "max_cover": 0.0, "trend_cover": 0.0, "hot": 0.0, "n_obs": 22}}, {"type": "Feature", "id": 800, "geometry": {"type": "Polygon", "coordinates": [[[39.624654, 43.367278], [39.621442, 43.363249], [39.624803, 43.358978], [39.631376, 43.358737], [39.634588, 43.362766], [39.631227, 43.367036], [39.624654, 43.367278]]]}, "properties": {"i": 800, "h3": "882d568b27fffff", "lon": 39.62802, "lat": 43.36301, "water_km2": 0.672, "dist_coast_km": 25.2, "persistence": 0.0, "mean_cover": 0.0, "max_cover": 0.0, "trend_cover": 0.0, "hot": 0.0, "n_obs": 22}}, {"type": "Feature", "id": 801, "geometry": {"type": "Polygon", "coordinates": [[[39.60478, 43.376299], [39.601568, 43.37227], [39.604932, 43.368], [39.611506, 43.36776], [39.614718, 43.371789], [39.611355, 43.376059], [39.60478, 43.376299]]]}, "properties": {"i": 801, "h3": "882d568b29fffff", "lon": 39.60814, "lat": 43.37203, "water_km2": 0.742, "dist_coast_km": 24.4, "persistence": 0.0, "mean_cover": 0.0, "max_cover": 0.0, "trend_cover": 0.0, "hot": 0.0, "n_obs": 22}}, {"type": "Feature", "id": 802, "geometry": {"type": "Polygon", "coordinates": [[[39.614567, 43.380088], [39.611355, 43.376059], [39.614718, 43.371789], [39.621292, 43.371548], [39.624504, 43.375577], [39.621142, 43.379847], [39.614567, 43.380088]]]}, "properties": {"i": 802, "h3": "882d568b2bfffff", "lon": 39.61793, "lat": 43.37582, "water_km2": 0.728, "dist_coast_km": 23.7, "persistence": 0.0, "mean_cover": 0.0, "max_cover": 0.0, "trend_cover": 0.0, "hot": 0.0, "n_obs": 22}}, {"type": "Feature", "id": 803, "geometry": {"type": "Polygon", "coordinates": [[[39.604932, 43.368], [39.60172, 43.36397], [39.605083, 43.3597], [39.611657, 43.35946], [39.614868, 43.36349], [39.611506, 43.36776], [39.604932, 43.368]]]}, "properties": {"i": 803, "h3": "882d568b2dfffff", "lon": 39.60829, "lat": 43.36373, "water_km2": 0.708, "dist_coast_km": 26.0, "persistence": 0.0, "mean_cover": 0.0, "max_cover": 0.0, "trend_cover": 0.0, "hot": 0.0, "n_obs": 22}}, {"type": "Feature", "id": 804, "geometry": {"type": "Polygon", "coordinates": [[[39.634142, 43.387661], [39.630929, 43.383633], [39.63429, 43.379363], [39.640864, 43.379121], [39.644077, 43.383149], [39.640716, 43.387419], [39.634142, 43.387661]]]}, "properties": {"i": 804, "h3": "882d568b31fffff", "lon": 39.6375, "lat": 43.38339, "water_km2": 0.73, "dist_coast_km": 21.4, "persistence": 0.0, "mean_cover": 0.0, "max_cover": 0.0, "trend_cover": 0.0, "hot": 0.0, "n_obs": 22}}, {"type": "Feature", "id": 805, "geometry": {"type": "Polygon", "coordinates": [[[39.643929, 43.391446], [39.640716, 43.387419], [39.644077, 43.383149], [39.650651, 43.382906], [39.653864, 43.386933], [39.650504, 43.391203], [39.643929, 43.391446]]]}, "properties": {"i": 805, "h3": "882d568b33fffff", "lon": 39.64729, "lat": 43.38718, "water_km2": 0.738, "dist_coast_km": 20.6, "persistence": 0.0, "mean_cover": 0.0, "max_cover": 0.0, "trend_cover": 0.0, "hot": 0.0, "n_obs": 22}}, {"type": "Feature", "id": 806, "geometry": {"type": "Polygon", "coordinates": [[[39.63429, 43.379363], [39.631078, 43.375335], [39.634439, 43.371065], [39.641012, 43.370823], [39.644225, 43.374851], [39.640864, 43.379121], [39.63429, 43.379363]]]}, "properties": {"i": 806, "h3": "882d568b35fffff", "lon": 39.63765, "lat": 43.37509, "water_km2": 0.738, "dist_coast_km": 22.9, "persistence": 0.0, "mean_cover": 0.0, "max_cover": 0.0, "trend_cover": 0.0, "hot": 0.0, "n_obs": 22}}, {"type": "Feature", "id": 807, "geometry": {"type": "Polygon", "coordinates": [[[39.644077, 43.383149], [39.640864, 43.379121], [39.644225, 43.374851], [39.650798, 43.374608], [39.654011, 43.378635], [39.650651, 43.382906], [39.644077, 43.383149]]]}, "properties": {"i": 807, "h3": "882d568b37fffff", "lon": 39.64744, "lat": 43.37888, "water_km2": 0.735, "dist_coast_km": 22.2, "persistence": 0.045, "mean_cover": 0.8, "max_cover": 17.607, "trend_cover": -0.0133, "hot": 0.0267, "n_obs": 22}}, {"type": "Feature", "id": 808, "geometry": {"type": "Polygon", "coordinates": [[[39.624204, 43.392173], [39.620992, 43.388145], [39.624354, 43.383875], [39.630929, 43.383633], [39.634142, 43.387661], [39.63078, 43.391931], [39.624204, 43.392173]]]}, "properties": {"i": 808, "h3": "882d568b39fffff", "lon": 39.62757, "lat": 43.3879, "water_km2": 0.722, "dist_coast_km": 22.2, "persistence": 0.0, "mean_cover": 0.0, "max_cover": 0.0, "trend_cover": 0.0, "hot": 0.0, "n_obs": 22}}, {"type": "Feature", "id": 809, "geometry": {"type": "Polygon", "coordinates": [[[39.633993, 43.395958], [39.63078, 43.391931], [39.634142, 43.387661], [39.640716, 43.387419], [39.643929, 43.391446], [39.640568, 43.395716], [39.633993, 43.395958]]]}, "properties": {"i": 809, "h3": "882d568b3bfffff", "lon": 39.63735, "lat": 43.39169, "water_km2": 0.742, "dist_coast_km": 21.4, "persistence": 0.045, "mean_cover": 0.432, "max_cover": 9.507, "trend_cover": -0.0072, "hot": 0.0163, "n_obs": 22}}, {"type": "Feature", "id": 810, "geometry": {"type": "Polygon", "coordinates": [[[39.624354, 43.383875], [39.621142, 43.379847], [39.624504, 43.375577], [39.631078, 43.375335], [39.63429, 43.379363], [39.630929, 43.383633], [39.624354, 43.383875]]]}, "properties": {"i": 810, "h3": "882d568b3dfffff", "lon": 39.62772, "lat": 43.37961, "water_km2": 0.742, "dist_coast_km": 23.7, "persistence": 0.0, "mean_cover": 0.0, "max_cover": 0.0, "trend_cover": 0.0, "hot": 0.0, "n_obs": 22}}, {"type": "Feature", "id": 811, "geometry": {"type": "Polygon", "coordinates": [[[39.574801, 43.398125], [39.57159, 43.394095], [39.574956, 43.389826], [39.581534, 43.389587], [39.584745, 43.393617], [39.581379, 43.397885], [39.574801, 43.398125]]]}, "properties": {"i": 811, "h3": "882d568b41fffff", "lon": 39.57817, "lat": 43.39386, "water_km2": 0.738, "dist_coast_km": 24.4, "persistence": 0.0, "mean_cover": 0.0, "max_cover": 0.0, "trend_cover": 0.0, "hot": 0.0, "n_obs": 22}}, {"type": "Feature", "id": 812, "geometry": {"type": "Polygon", "coordinates": [[[39.584591, 43.401915], [39.581379, 43.397885], [39.584745, 43.393617], [39.591323, 43.393377], [39.594535, 43.397406], [39.591169, 43.401675], [39.584591, 43.401915]]]}, "properties": {"i": 812, "h3": "882d568b43fffff", "lon": 39.58796, "lat": 43.39765, "water_km2": 0.738, "dist_coast_km": 23.7, "persistence": 0.0, "mean_cover": 0.0, "max_cover": 0.0, "trend_cover": 0.0, "hot": 0.0, "n_obs": 22}}, {"type": "Feature", "id": 813, "geometry": {"type": "Polygon", "coordinates": [[[39.574956, 43.389826], [39.571745, 43.385796], [39.575111, 43.381527], [39.581688, 43.381288], [39.584899, 43.385318], [39.581534, 43.389587], [39.574956, 43.389826]]]}, "properties": {"i": 813, "h3": "882d568b45fffff", "lon": 39.57832, "lat": 43.38556, "water_km2": 0.735, "dist_coast_km": 24.4, "persistence": 0.045, "mean_cover": 0.558, "max_cover": 12.272, "trend_cover": -0.0093, "hot": 0.0201, "n_obs": 22}}, {"type": "Feature", "id": 814, "geometry": {"type": "Polygon", "coordinates": [[[39.584745, 43.393617], [39.581534, 43.389587], [39.584899, 43.385318], [39.591476, 43.385078], [39.594688, 43.389108], [39.591323, 43.393377], [39.584745, 43.393617]]]}, "properties": {"i": 814, "h3": "882d568b47fffff", "lon": 39.58811, "lat": 43.38935, "water_km2": 0.73, "dist_coast_km": 23.7, "persistence": 0.045, "mean_cover": 0.195, "max_cover": 4.298, "trend_cover": -0.0033, "hot": 0.0081, "n_obs": 22}}, {"type": "Feature", "id": 815, "geometry": {"type": "Polygon", "coordinates": [[[39.564856, 43.402632], [39.561644, 43.398602], [39.565011, 43.394334], [39.57159, 43.394095], [39.574801, 43.398125], [39.571435, 43.402393], [39.564856, 43.402632]]]}, "properties": {"i": 815, "h3": "882d568b49fffff", "lon": 39.56822, "lat": 43.39836, "water_km2": 0.745, "dist_coast_km": 24.4, "persistence": 0.0, "mean_cover": 0.0, "max_cover": 0.0, "trend_cover": 0.0, "hot": 0.0, "n_obs": 22}}, {"type": "Feature", "id": 816, "geometry": {"type": "Polygon", "coordinates": [[[39.574646, 43.406423], [39.571435, 43.402393], [39.574801, 43.398125], [39.581379, 43.397885], [39.584591, 43.401915], [39.581225, 43.406183], [39.574646, 43.406423]]]}, "properties": {"i": 816, "h3": "882d568b4bfffff", "lon": 39.57801, "lat": 43.40215, "water_km2": 0.73, "dist_coast_km": 22.9, "persistence": 0.045, "mean_cover": 0.147, "max_cover": 3.223, "trend_cover": -0.0024, "hot": 0.0062, "n_obs": 22}}, {"type": "Feature", "id": 817, "geometry": {"type": "Polygon", "coordinates": [[[39.565011, 43.394334], [39.5618, 43.390303], [39.565167, 43.386035], [39.571745, 43.385796], [39.574956, 43.389826], [39.57159, 43.394095], [39.565011, 43.394334]]]}, "properties": {"i": 817, "h3": "882d568b4dfffff", "lon": 39.56838, "lat": 43.39006, "water_km2": 0.732, "dist_coast_km": 24.4, "persistence": 0.0, "mean_cover": 0.0, "max_cover": 0.0, "trend_cover": 0.0, "hot": 0.0, "n_obs": 22}}, {"type": "Feature", "id": 818, "geometry": {"type": "Polygon", "coordinates": [[[39.594229, 43.414], [39.591016, 43.409972], [39.594382, 43.405703], [39.60096, 43.405463], [39.604173, 43.409491], [39.600808, 43.41376], [39.594229, 43.414]]]}, "properties": {"i": 818, "h3": "882d568b51fffff", "lon": 39.59759, "lat": 43.40973, "water_km2": 0.732, "dist_coast_km": 21.4, "persistence": 0.0, "mean_cover": 0.0, "max_cover": 0.0, "trend_cover": 0.0, "hot": 0.0, "n_obs": 22}}, {"type": "Feature", "id": 819, "geometry": {"type": "Polygon", "coordinates": [[[39.604021, 43.417787], [39.600808, 43.41376], [39.604173, 43.409491], [39.61075, 43.40925], [39.613963, 43.413277], [39.610599, 43.417546], [39.604021, 43.417787]]]}, "properties": {"i": 819, "h3": "882d568b53fffff", "lon": 39.60739, "lat": 43.41352, "water_km2": 0.74, "dist_coast_km": 21.4, "persistence": 0.0, "mean_cover": 0.0, "max_cover": 0.0, "trend_cover": 0.0, "hot": 0.0, "n_obs": 22}}, {"type": "Feature", "id": 820, "geometry": {"type": "Polygon", "coordinates": [[[39.594382, 43.405703], [39.591169, 43.401675], [39.594535, 43.397406], [39.601112, 43.397165], [39.604324, 43.401194], [39.60096, 43.405463], [39.594382, 43.405703]]]}, "properties": {"i": 820, "h3": "882d568b55fffff", "lon": 39.59775, "lat": 43.40143, "water_km2": 0.735, "dist_coast_km": 21.4, "persistence": 0.045, "mean_cover": 0.243, "max_cover": 5.335, "trend_cover": -0.004, "hot": 0.0099, "n_obs": 22}}, {"type": "Feature", "id": 821, "geometry": {"type": "Polygon", "coordinates": [[[39.604173, 43.409491], [39.60096, 43.405463], [39.604324, 43.401194], [39.610901, 43.400953], [39.614114, 43.404981], [39.61075, 43.40925], [39.604173, 43.409491]]]}, "properties": {"i": 821, "h3": "882d568b57fffff", "lon": 39.60754, "lat": 43.40522, "water_km2": 0.735, "dist_coast_km": 21.4, "persistence": 0.045, "mean_cover": 0.146, "max_cover": 3.201, "trend_cover": -0.0024, "hot": 0.0062, "n_obs": 22}}, {"type": "Feature", "id": 822, "geometry": {"type": "Polygon", "coordinates": [[[39.584284, 43.418509], [39.581071, 43.41448], [39.584438, 43.410212], [39.591016, 43.409972], [39.594229, 43.414], [39.590863, 43.418269], [39.584284, 43.418509]]]}, "properties": {"i": 822, "h3": "882d568b59fffff", "lon": 39.58765, "lat": 43.41424, "water_km2": 0.73, "dist_coast_km": 22.2, "persistence": 0.045, "mean_cover": 0.903, "max_cover": 19.876, "trend_cover": -0.0151, "hot": 0.0293, "n_obs": 22}}, {"type": "Feature", "id": 823, "geometry": {"type": "Polygon", "coordinates": [[[39.594076, 43.422296], [39.590863, 43.418269], [39.594229, 43.414], [39.600808, 43.41376], [39.604021, 43.417787], [39.600655, 43.422056], [39.594076, 43.422296]]]}, "properties": {"i": 823, "h3": "882d568b5bfffff", "lon": 39.59744, "lat": 43.41803, "water_km2": 0.742, "dist_coast_km": 19.9, "persistence": 0.0, "mean_cover": 0.0, "max_cover": 0.0, "trend_cover": 0.0, "hot": 0.0, "n_obs": 22}}, {"type": "Feature", "id": 824, "geometry": {"type": "Polygon", "coordinates": [[[39.584438, 43.410212], [39.581225, 43.406183], [39.584591, 43.401915], [39.591169, 43.401675], [39.594382, 43.405703], [39.591016, 43.409972], [39.584438, 43.410212]]]}, "properties": {"i": 824, "h3": "882d568b5dfffff", "lon": 39.5878, "lat": 43.40594, "water_km2": 0.738, "dist_coast_km": 22.2, "persistence": 0.0, "mean_cover": 0.0, "max_cover": 0.0, "trend_cover": 0.0, "hot": 0.0, "n_obs": 22}}, {"type": "Feature", "id": 825, "geometry": {"type": "Polygon", "coordinates": [[[39.585053, 43.377019], [39.581842, 43.372988], [39.585207, 43.368719], [39.591782, 43.36848], [39.594993, 43.37251], [39.591629, 43.376779], [39.585053, 43.377019]]]}, "properties": {"i": 825, "h3": "882d568b61fffff", "lon": 39.58842, "lat": 43.37275, "water_km2": 0.725, "dist_coast_km": 25.2, "persistence": 0.0, "mean_cover": 0.0, "max_cover": 0.0, "trend_cover": 0.0, "hot": 0.0, "n_obs": 22}}, {"type": "Feature", "id": 826, "geometry": {"type": "Polygon", "coordinates": [[[39.59484, 43.380809], [39.591629, 43.376779], [39.594993, 43.37251], [39.601568, 43.37227], [39.60478, 43.376299], [39.601416, 43.380569], [39.59484, 43.380809]]]}, "properties": {"i": 826, "h3": "882d568b63fffff", "lon": 39.5982, "lat": 43.37654, "water_km2": 0.753, "dist_coast_km": 24.4, "persistence": 0.0, "mean_cover": 0.0, "max_cover": 0.0, "trend_cover": 0.0, "hot": 0.0, "n_obs": 22}}, {"type": "Feature", "id": 827, "geometry": {"type": "Polygon", "coordinates": [[[39.585207, 43.368719], [39.581996, 43.364688], [39.58536, 43.360419], [39.591935, 43.360179], [39.595146, 43.36421], [39.591782, 43.36848], [39.585207, 43.368719]]]}, "properties": {"i": 827, "h3": "882d568b65fffff", "lon": 39.58857, "lat": 43.36445, "water_km2": 0.748, "dist_coast_km": 26.7, "persistence": 0.0, "mean_cover": 0.0, "max_cover": 0.0, "trend_cover": 0.0, "hot": 0.0, "n_obs": 22}}, {"type": "Feature", "id": 828, "geometry": {"type": "Polygon", "coordinates": [[[39.594993, 43.37251], [39.591782, 43.36848], [39.595146, 43.36421], [39.60172, 43.36397], [39.604932, 43.368], [39.601568, 43.37227], [39.594993, 43.37251]]]}, "properties": {"i": 828, "h3": "882d568b67fffff", "lon": 39.59836, "lat": 43.36824, "water_km2": 0.722, "dist_coast_km": 24.4, "persistence": 0.0, "mean_cover": 0.0, "max_cover": 0.0, "trend_cover": 0.0, "hot": 0.0, "n_obs": 22}}, {"type": "Feature", "id": 829, "geometry": {"type": "Polygon", "coordinates": [[[39.575111, 43.381527], [39.5719, 43.377497], [39.575266, 43.373227], [39.581842, 43.372988], [39.585053, 43.377019], [39.581688, 43.381288], [39.575111, 43.381527]]]}, "properties": {"i": 829, "h3": "882d568b69fffff", "lon": 39.57848, "lat": 43.37726, "water_km2": 0.728, "dist_coast_km": 26.0, "persistence": 0.045, "mean_cover": 0.882, "max_cover": 19.406, "trend_cover": -0.0147, "hot": 0.0287, "n_obs": 22}}, {"type": "Feature", "id": 830, "geometry": {"type": "Polygon", "coordinates": [[[39.584899, 43.385318], [39.581688, 43.381288], [39.585053, 43.377019], [39.591629, 43.376779], [39.59484, 43.380809], [39.591476, 43.385078], [39.584899, 43.385318]]]}, "properties": {"i": 830, "h3": "882d568b6bfffff", "lon": 39.58826, "lat": 43.38105, "water_km2": 0.745, "dist_coast_km": 25.2, "persistence": 0.045, "mean_cover": 0.407, "max_cover": 8.949, "trend_cover": -0.0068, "hot": 0.0155, "n_obs": 22}}, {"type": "Feature", "id": 831, "geometry": {"type": "Polygon", "coordinates": [[[39.575266, 43.373227], [39.572055, 43.369196], [39.57542, 43.364927], [39.581996, 43.364688], [39.585207, 43.368719], [39.581842, 43.372988], [39.575266, 43.373227]]]}, "properties": {"i": 831, "h3": "882d568b6dfffff", "lon": 39.57863, "lat": 43.36896, "water_km2": 0.748, "dist_coast_km": 26.0, "persistence": 0.0, "mean_cover": 0.0, "max_cover": 0.0, "trend_cover": 0.0, "hot": 0.0, "n_obs": 22}}, {"type": "Feature", "id": 832, "geometry": {"type": "Polygon", "coordinates": [[[39.809176, 43.530166], [39.805953, 43.526152], [39.809307, 43.521884], [39.815884, 43.521629], [39.819107, 43.525642], [39.815753, 43.529911], [39.809176, 43.530166]]]}, "properties": {"i": 832, "h3": "882d568c01fffff", "lon": 39.81253, "lat": 43.5259, "water_km2": 0.722, "dist_coast_km": 1.9, "persistence": 0.0, "mean_cover": 0.0, "max_cover": 0.0, "trend_cover": 0.0, "hot": 0.0, "n_obs": 22}}, {"type": "Feature", "id": 833, "geometry": {"type": "Polygon", "coordinates": [[[39.818977, 43.533924], [39.815753, 43.529911], [39.819107, 43.525642], [39.825684, 43.525386], [39.828907, 43.529399], [39.825554, 43.533668], [39.818977, 43.533924]]]}, "properties": {"i": 833, "h3": "882d568c03fffff", "lon": 39.82233, "lat": 43.52966, "water_km2": 0.449, "dist_coast_km": 1.3, "persistence": 0.0, "mean_cover": 0.0, "max_cover": 0.0, "trend_cover": 0.0, "hot": 0.0, "n_obs": 22}}, {"type": "Feature", "id": 834, "geometry": {"type": "Polygon", "coordinates": [[[39.809307, 43.521884], [39.806085, 43.517869], [39.809439, 43.5136], [39.816015, 43.513345], [39.819237, 43.517359], [39.815884, 43.521629], [39.809307, 43.521884]]]}, "properties": {"i": 834, "h3": "882d568c05fffff", "lon": 39.81266, "lat": 43.51761, "water_km2": 0.73, "dist_coast_km": 1.9, "persistence": 0.0, "mean_cover": 0.0, "max_cover": 0.0, "trend_cover": 0.0, "hot": 0.0, "n_obs": 22}}, {"type": "Feature", "id": 835, "geometry": {"type": "Polygon", "coordinates": [[[39.819107, 43.525642], [39.815884, 43.521629], [39.819237, 43.517359], [39.825813, 43.517104], [39.829037, 43.521117], [39.825684, 43.525386], [39.819107, 43.525642]]]}, "properties": {"i": 835, "h3": "882d568c07fffff", "lon": 39.82246, "lat": 43.52137, "water_km2": 0.735, "dist_coast_km": 1.3, "persistence": 0.0, "mean_cover": 0.0, "max_cover": 0.0, "trend_cover": 0.0, "hot": 0.0, "n_obs": 22}}, {"type": "Feature", "id": 836, "geometry": {"type": "Polygon", "coordinates": [[[39.799243, 43.534689], [39.79602, 43.530675], [39.799375, 43.526407], [39.805953, 43.526152], [39.809176, 43.530166], [39.805821, 43.534435], [39.799243, 43.534689]]]}, "properties": {"i": 836, "h3": "882d568c09fffff", "lon": 39.8026, "lat": 43.53042, "water_km2": 0.722, "dist_coast_km": 1.9, "persistence": 0.045, "mean_cover": 0.697, "max_cover": 15.327, "trend_cover": -0.1723, "hot": 0.024, "n_obs": 22}}, {"type": "Feature", "id": 837, "geometry": {"type": "Polygon", "coordinates": [[[39.809045, 43.538448], [39.805821, 43.534435], [39.809176, 43.530166], [39.815753, 43.529911], [39.818977, 43.533924], [39.815623, 43.538193], [39.809045, 43.538448]]]}, "properties": {"i": 837, "h3": "882d568c0bfffff", "lon": 39.8124, "lat": 43.53418, "water_km2": 0.379, "dist_coast_km": 0.0, "persistence": 0.0, "mean_cover": 0.0, "max_cover": 0.0, "trend_cover": 0.0, "hot": 0.0, "n_obs": 22}}, {"type": "Feature", "id": 838, "geometry": {"type": "Polygon", "coordinates": [[[39.799375, 43.526407], [39.796153, 43.522392], [39.799508, 43.518124], [39.806085, 43.517869], [39.809307, 43.521884], [39.805953, 43.526152], [39.799375, 43.526407]]]}, "properties": {"i": 838, "h3": "882d568c0dfffff", "lon": 39.80273, "lat": 43.52214, "water_km2": 0.74, "dist_coast_km": 1.9, "persistence": 0.0, "mean_cover": 0.0, "max_cover": 0.0, "trend_cover": 0.0, "hot": 0.0, "n_obs": 22}}, {"type": "Feature", "id": 839, "geometry": {"type": "Polygon", "coordinates": [[[39.819368, 43.509076], [39.816145, 43.505062], [39.819498, 43.500792], [39.826073, 43.500537], [39.829295, 43.504551], [39.825943, 43.508821], [39.819368, 43.509076]]]}, "properties": {"i": 839, "h3": "882d568c21fffff", "lon": 39.82272, "lat": 43.50481, "water_km2": 0.75, "dist_coast_km": 2.3, "persistence": 0.0, "mean_cover": 0.0, "max_cover": 0.0, "trend_cover": 0.0, "hot": 0.0, "n_obs": 22}}, {"type": "Feature", "id": 840, "geometry": {"type": "Polygon", "coordinates": [[[39.829166, 43.512835], [39.825943, 43.508821], [39.829295, 43.504551], [39.83587, 43.504296], [39.839093, 43.508309], [39.835741, 43.512579], [39.829166, 43.512835]]]}, "properties": {"i": 840, "h3": "882d568c23fffff", "lon": 39.83252, "lat": 43.50857, "water_km2": 0.725, "dist_coast_km": 1.9, "persistence": 0.136, "mean_cover": 3.909, "max_cover": 51.927, "trend_cover": -0.6507, "hot": 0.217, "n_obs": 22}}, {"type": "Feature", "id": 841, "geometry": {"type": "Polygon", "coordinates": [[[39.819498, 43.500792], [39.816276, 43.496778], [39.819628, 43.492508], [39.826202, 43.492253], [39.829424, 43.496267], [39.826073, 43.500537], [39.819498, 43.500792]]]}, "properties": {"i": 841, "h3": "882d568c25fffff", "lon": 39.82285, "lat": 43.49652, "water_km2": 0.725, "dist_coast_km": 3.9, "persistence": 0.0, "mean_cover": 0.0, "max_cover": 0.0, "trend_cover": 0.0, "hot": 0.0, "n_obs": 22}}, {"type": "Feature", "id": 842, "geometry": {"type": "Polygon", "coordinates": [[[39.829295, 43.504551], [39.826073, 43.500537], [39.829424, 43.496267], [39.835998, 43.496012], [39.839221, 43.500026], [39.83587, 43.504296], [39.829295, 43.504551]]]}, "properties": {"i": 842, "h3": "882d568c27fffff", "lon": 39.83265, "lat": 43.50028, "water_km2": 0.738, "dist_coast_km": 1.9, "persistence": 0.0, "mean_cover": 0.0, "max_cover": 0.0, "trend_cover": 0.0, "hot": 0.0, "n_obs": 22}}, {"type": "Feature", "id": 843, "geometry": {"type": "Polygon", "coordinates": [[[39.809439, 43.5136], [39.806216, 43.509586], [39.80957, 43.505317], [39.816145, 43.505062], [39.819368, 43.509076], [39.816015, 43.513345], [39.809439, 43.5136]]]}, "properties": {"i": 843, "h3": "882d568c29fffff", "lon": 39.81279, "lat": 43.50933, "water_km2": 0.742, "dist_coast_km": 3.3, "persistence": 0.0, "mean_cover": 0.0, "max_cover": 0.0, "trend_cover": 0.0, "hot": 0.0, "n_obs": 22}}, {"type": "Feature", "id": 844, "geometry": {"type": "Polygon", "coordinates": [[[39.819237, 43.517359], [39.816015, 43.513345], [39.819368, 43.509076], [39.825943, 43.508821], [39.829166, 43.512835], [39.825813, 43.517104], [39.819237, 43.517359]]]}, "properties": {"i": 844, "h3": "882d568c2bfffff", "lon": 39.82259, "lat": 43.51309, "water_km2": 0.722, "dist_coast_km": 2.3, "persistence": 0.0, "mean_cover": 0.0, "max_cover": 0.0, "trend_cover": 0.0, "hot": 0.0, "n_obs": 22}}, {"type": "Feature", "id": 845, "geometry": {"type": "Polygon", "coordinates": [[[39.80957, 43.505317], [39.806348, 43.501302], [39.809701, 43.497032], [39.816276, 43.496778], [39.819498, 43.500792], [39.816145, 43.505062], [39.80957, 43.505317]]]}, "properties": {"i": 845, "h3": "882d568c2dfffff", "lon": 39.81292, "lat": 43.50105, "water_km2": 0.722, "dist_coast_km": 2.3, "persistence": 0.0, "mean_cover": 0.0, "max_cover": 0.0, "trend_cover": 0.0, "hot": 0.0, "n_obs": 22}}, {"type": "Feature", "id": 846, "geometry": {"type": "Polygon", "coordinates": [[[39.838836, 43.524874], [39.835612, 43.520861], [39.838964, 43.516592], [39.845539, 43.516335], [39.848763, 43.520348], [39.845412, 43.524617], [39.838836, 43.524874]]]}, "properties": {"i": 846, "h3": "882d568c31fffff", "lon": 39.84219, "lat": 43.5206, "water_km2": 0.278, "dist_coast_km": 0.0, "persistence": 0.0, "mean_cover": 0.0, "max_cover": 0.0, "trend_cover": 0.0, "hot": 0.0, "n_obs": 22}}, {"type": "Feature", "id": 847, "geometry": {"type": "Polygon", "coordinates": [[[39.838964, 43.516592], [39.835741, 43.512579], [39.839093, 43.508309], [39.845667, 43.508053], [39.84889, 43.512066], [39.845539, 43.516335], [39.838964, 43.516592]]]}, "properties": {"i": 847, "h3": "882d568c35fffff", "lon": 39.84232, "lat": 43.51232, "water_km2": 0.739, "dist_coast_km": 1.9, "persistence": 0.045, "mean_cover": 1.013, "max_cover": 22.285, "trend_cover": 0.2687, "hot": 0.0318, "n_obs": 22}}, {"type": "Feature", "id": 848, "geometry": {"type": "Polygon", "coordinates": [[[39.848763, 43.520348], [39.845539, 43.516335], [39.84889, 43.512066], [39.855464, 43.511809], [39.858688, 43.515821], [39.855338, 43.520091], [39.848763, 43.520348]]]}, "properties": {"i": 848, "h3": "882d568c37fffff", "lon": 39.85211, "lat": 43.51608, "water_km2": 0.013, "dist_coast_km": 1.3, "persistence": 0.0, "mean_cover": 0.0, "max_cover": 0.0, "trend_cover": 0.0, "hot": 0.0, "n_obs": 22}}, {"type": "Feature", "id": 849, "geometry": {"type": "Polygon", "coordinates": [[[39.828907, 43.529399], [39.825684, 43.525386], [39.829037, 43.521117], [39.835612, 43.520861], [39.838836, 43.524874], [39.835484, 43.529143], [39.828907, 43.529399]]]}, "properties": {"i": 849, "h3": "882d568c39fffff", "lon": 39.83226, "lat": 43.52513, "water_km2": 0.411, "dist_coast_km": 0.0, "persistence": 0.0, "mean_cover": 0.0, "max_cover": 0.0, "trend_cover": 0.0, "hot": 0.0, "n_obs": 22}}, {"type": "Feature", "id": 850, "geometry": {"type": "Polygon", "coordinates": [[[39.829037, 43.521117], [39.825813, 43.517104], [39.829166, 43.512835], [39.835741, 43.512579], [39.838964, 43.516592], [39.835612, 43.520861], [39.829037, 43.521117]]]}, "properties": {"i": 850, "h3": "882d568c3dfffff", "lon": 39.83239, "lat": 43.51685, "water_km2": 0.742, "dist_coast_km": 0.0, "persistence": 0.0, "mean_cover": 0.0, "max_cover": 0.0, "trend_cover": 0.0, "hot": 0.0, "n_obs": 22}}, {"type": "Feature", "id": 851, "geometry": {"type": "Polygon", "coordinates": [[[39.779506, 43.535451], [39.776284, 43.531436], [39.779641, 43.527168], [39.786219, 43.526915], [39.789442, 43.530929], [39.786086, 43.535198], [39.779506, 43.535451]]]}, "properties": {"i": 851, "h3": "882d568c41fffff", "lon": 39.78286, "lat": 43.53118, "water_km2": 0.745, "dist_coast_km": 2.3, "persistence": 0.0, "mean_cover": 0.0, "max_cover": 0.0, "trend_cover": 0.0, "hot": 0.0, "n_obs": 22}}, {"type": "Feature", "id": 852, "geometry": {"type": "Polygon", "coordinates": [[[39.789308, 43.539212], [39.786086, 43.535198], [39.789442, 43.530929], [39.79602, 43.530675], [39.799243, 43.534689], [39.795887, 43.538958], [39.789308, 43.539212]]]}, "properties": {"i": 852, "h3": "882d568c43fffff", "lon": 39.79266, "lat": 43.53494, "water_km2": 0.728, "dist_coast_km": 1.3, "persistence": 0.045, "mean_cover": 1.593, "max_cover": 35.038, "trend_cover": 0.1816, "hot": 0.0433, "n_obs": 22}}, {"type": "Feature", "id": 853, "geometry": {"type": "Polygon", "coordinates": [[[39.779641, 43.527168], [39.776418, 43.523153], [39.779775, 43.518885], [39.786353, 43.518631], [39.789575, 43.522646], [39.786219, 43.526915], [39.779641, 43.527168]]]}, "properties": {"i": 853, "h3": "882d568c45fffff", "lon": 39.783, "lat": 43.5229, "water_km2": 0.722, "dist_coast_km": 2.3, "persistence": 0.0, "mean_cover": 0.0, "max_cover": 0.0, "trend_cover": 0.0, "hot": 0.0, "n_obs": 22}}, {"type": "Feature", "id": 854, "geometry": {"type": "Polygon", "coordinates": [[[39.789442, 43.530929], [39.786219, 43.526915], [39.789575, 43.522646], [39.796153, 43.522392], [39.799375, 43.526407], [39.79602, 43.530675], [39.789442, 43.530929]]]}, "properties": {"i": 854, "h3": "882d568c47fffff", "lon": 39.7928, "lat": 43.52666, "water_km2": 0.742, "dist_coast_km": 2.3, "persistence": 0.0, "mean_cover": 0.0, "max_cover": 0.0, "trend_cover": 0.0, "hot": 0.0, "n_obs": 22}}, {"type": "Feature", "id": 855, "geometry": {"type": "Polygon", "coordinates": [[[39.769569, 43.539972], [39.766347, 43.535957], [39.769704, 43.531689], [39.776284, 43.531436], [39.779506, 43.535451], [39.776149, 43.539719], [39.769569, 43.539972]]]}, "properties": {"i": 855, "h3": "882d568c49fffff", "lon": 39.77293, "lat": 43.5357, "water_km2": 0.738, "dist_coast_km": 1.9, "persistence": 0.045, "mean_cover": 0.894, "max_cover": 19.674, "trend_cover": -0.2212, "hot": 0.029, "n_obs": 22}}, {"type": "Feature", "id": 856, "geometry": {"type": "Polygon", "coordinates": [[[39.779372, 43.543734], [39.776149, 43.539719], [39.779506, 43.535451], [39.786086, 43.535198], [39.789308, 43.539212], [39.785952, 43.54348], [39.779372, 43.543734]]]}, "properties": {"i": 856, "h3": "882d568c4bfffff", "lon": 39.78273, "lat": 43.53947, "water_km2": 0.725, "dist_coast_km": 1.3, "persistence": 0.045, "mean_cover": 0.59, "max_cover": 12.982, "trend_cover": 0.1565, "hot": 0.0211, "n_obs": 22}}, {"type": "Feature", "id": 857, "geometry": {"type": "Polygon", "coordinates": [[[39.769704, 43.531689], [39.766482, 43.527674], [39.76984, 43.523406], [39.776418, 43.523153], [39.779641, 43.527168], [39.776284, 43.531436], [39.769704, 43.531689]]]}, "properties": {"i": 857, "h3": "882d568c4dfffff", "lon": 39.77306, "lat": 43.52742, "water_km2": 0.722, "dist_coast_km": 3.3, "persistence": 0.0, "mean_cover": 0.0, "max_cover": 0.0, "trend_cover": 0.0, "hot": 0.0, "n_obs": 22}}, {"type": "Feature", "id": 858, "geometry": {"type": "Polygon", "coordinates": [[[39.799111, 43.542971], [39.795887, 43.538958], [39.799243, 43.534689], [39.805821, 43.534435], [39.809045, 43.538448], [39.80569, 43.542716], [39.799111, 43.542971]]]}, "properties": {"i": 858, "h3": "882d568c55fffff", "lon": 39.80247, "lat": 43.5387, "water_km2": 0.272, "dist_coast_km": 0.0, "persistence": 0.0, "mean_cover": 0.0, "max_cover": 0.0, "trend_cover": 0.0, "hot": 0.0, "n_obs": 22}}, {"type": "Feature", "id": 859, "geometry": {"type": "Polygon", "coordinates": [[[39.789175, 43.547494], [39.785952, 43.54348], [39.789308, 43.539212], [39.795887, 43.538958], [39.799111, 43.542971], [39.795755, 43.547239], [39.789175, 43.547494]]]}, "properties": {"i": 859, "h3": "882d568c5dfffff", "lon": 39.79253, "lat": 43.54323, "water_km2": 0.264, "dist_coast_km": 1.3, "persistence": 0.0, "mean_cover": 0.0, "max_cover": 0.0, "trend_cover": 0.0, "hot": 0.0, "n_obs": 22}}, {"type": "Feature", "id": 860, "geometry": {"type": "Polygon", "coordinates": [[[39.789708, 43.514363], [39.786486, 43.510347], [39.789842, 43.506078], [39.796418, 43.505825], [39.79964, 43.50984], [39.796285, 43.514109], [39.789708, 43.514363]]]}, "properties": {"i": 860, "h3": "882d568c61fffff", "lon": 39.79306, "lat": 43.51009, "water_km2": 0.735, "dist_coast_km": 3.9, "persistence": 0.0, "mean_cover": 0.0, "max_cover": 0.0, "trend_cover": 0.0, "hot": 0.0, "n_obs": 22}}, {"type": "Feature", "id": 861, "geometry": {"type": "Polygon", "coordinates": [[[39.799508, 43.518124], [39.796285, 43.514109], [39.79964, 43.50984], [39.806216, 43.509586], [39.809439, 43.5136], [39.806085, 43.517869], [39.799508, 43.518124]]]}, "properties": {"i": 861, "h3": "882d568c63fffff", "lon": 39.80286, "lat": 43.51385, "water_km2": 0.732, "dist_coast_km": 3.3, "persistence": 0.0, "mean_cover": 0.0, "max_cover": 0.0, "trend_cover": 0.0, "hot": 0.0, "n_obs": 22}}, {"type": "Feature", "id": 862, "geometry": {"type": "Polygon", "coordinates": [[[39.789842, 43.506078], [39.78662, 43.502063], [39.789975, 43.497794], [39.796551, 43.49754], [39.799772, 43.501556], [39.796418, 43.505825], [39.789842, 43.506078]]]}, "properties": {"i": 862, "h3": "882d568c65fffff", "lon": 39.7932, "lat": 43.50181, "water_km2": 0.735, "dist_coast_km": 3.9, "persistence": 0.0, "mean_cover": 0.0, "max_cover": 0.0, "trend_cover": 0.0, "hot": 0.0, "n_obs": 22}}, {"type": "Feature", "id": 863, "geometry": {"type": "Polygon", "coordinates": [[[39.79964, 43.50984], [39.796418, 43.505825], [39.799772, 43.501556], [39.806348, 43.501302], [39.80957, 43.505317], [39.806216, 43.509586], [39.79964, 43.50984]]]}, "properties": {"i": 863, "h3": "882d568c67fffff", "lon": 39.80299, "lat": 43.50557, "water_km2": 0.725, "dist_coast_km": 3.3, "persistence": 0.0, "mean_cover": 0.0, "max_cover": 0.0, "trend_cover": 0.0, "hot": 0.0, "n_obs": 22}}, {"type": "Feature", "id": 864, "geometry": {"type": "Polygon", "coordinates": [[[39.779775, 43.518885], [39.776553, 43.514869], [39.779909, 43.5106], [39.786486, 43.510347], [39.789708, 43.514363], [39.786353, 43.518631], [39.779775, 43.518885]]]}, "properties": {"i": 864, "h3": "882d568c69fffff", "lon": 39.78313, "lat": 43.51462, "water_km2": 0.735, "dist_coast_km": 3.9, "persistence": 0.0, "mean_cover": 0.0, "max_cover": 0.0, "trend_cover": 0.0, "hot": 0.0, "n_obs": 22}}, {"type": "Feature", "id": 865, "geometry": {"type": "Polygon", "coordinates": [[[39.789575, 43.522646], [39.786353, 43.518631], [39.789708, 43.514363], [39.796285, 43.514109], [39.799508, 43.518124], [39.796153, 43.522392], [39.789575, 43.522646]]]}, "properties": {"i": 865, "h3": "882d568c6bfffff", "lon": 39.79293, "lat": 43.51838, "water_km2": 0.73, "dist_coast_km": 2.3, "persistence": 0.0, "mean_cover": 0.0, "max_cover": 0.0, "trend_cover": 0.0, "hot": 0.0, "n_obs": 22}}, {"type": "Feature", "id": 866, "geometry": {"type": "Polygon", "coordinates": [[[39.779909, 43.5106], [39.776688, 43.506585], [39.780043, 43.502316], [39.78662, 43.502063], [39.789842, 43.506078], [39.786486, 43.510347], [39.779909, 43.5106]]]}, "properties": {"i": 866, "h3": "882d568c6dfffff", "lon": 39.78326, "lat": 43.50633, "water_km2": 0.735, "dist_coast_km": 3.9, "persistence": 0.0, "mean_cover": 0.0, "max_cover": 0.0, "trend_cover": 0.0, "hot": 0.0, "n_obs": 22}}, {"type": "Feature", "id": 867, "geometry": {"type": "Polygon", "coordinates": [[[39.810095, 43.472175], [39.806874, 43.468159], [39.810226, 43.463889], [39.816798, 43.463635], [39.820019, 43.467651], [39.816667, 43.471921], [39.810095, 43.472175]]]}, "properties": {"i": 867, "h3": "882d568d01fffff", "lon": 39.81345, "lat": 43.46791, "water_km2": 0.742, "dist_coast_km": 5.5, "persistence": 0.045, "mean_cover": 0.936, "max_cover": 20.598, "trend_cover": 0.1068, "hot": 0.03, "n_obs": 22}}, {"type": "Feature", "id": 868, "geometry": {"type": "Polygon", "coordinates": [[[39.819889, 43.475937], [39.816667, 43.471921], [39.820019, 43.467651], [39.826591, 43.467396], [39.829812, 43.471412], [39.826461, 43.475683], [39.819889, 43.475937]]]}, "properties": {"i": 868, "h3": "882d568d03fffff", "lon": 39.82324, "lat": 43.47167, "water_km2": 0.725, "dist_coast_km": 5.5, "persistence": 0.045, "mean_cover": 0.148, "max_cover": 3.245, "trend_cover": 0.0193, "hot": 0.0063, "n_obs": 22}}, {"type": "Feature", "id": 869, "geometry": {"type": "Polygon", "coordinates": [[[39.810226, 43.463889], [39.807005, 43.459872], [39.810357, 43.455601], [39.816928, 43.455348], [39.820149, 43.459364], [39.816798, 43.463635], [39.810226, 43.463889]]]}, "properties": {"i": 869, "h3": "882d568d05fffff", "lon": 39.81358, "lat": 43.45962, "water_km2": 0.722, "dist_coast_km": 6.5, "persistence": 0.091, "mean_cover": 0.666, "max_cover": 10.856, "trend_cover": -0.036, "hot": 0.0464, "n_obs": 22}}, {"type": "Feature", "id": 870, "geometry": {"type": "Polygon", "coordinates": [[[39.820019, 43.467651], [39.816798, 43.463635], [39.820149, 43.459364], [39.82672, 43.45911], [39.829941, 43.463126], [39.826591, 43.467396], [39.820019, 43.467651]]]}, "properties": {"i": 870, "h3": "882d568d07fffff", "lon": 39.82337, "lat": 43.46338, "water_km2": 0.745, "dist_coast_km": 6.5, "persistence": 0.045, "mean_cover": 0.144, "max_cover": 3.158, "trend_cover": 0.0416, "hot": 0.0061, "n_obs": 22}}, {"type": "Feature", "id": 871, "geometry": {"type": "Polygon", "coordinates": [[[39.800169, 43.476699], [39.796948, 43.472682], [39.800301, 43.468412], [39.806874, 43.468159], [39.810095, 43.472175], [39.806742, 43.476446], [39.800169, 43.476699]]]}, "properties": {"i": 871, "h3": "882d568d09fffff", "lon": 39.80352, "lat": 43.47243, "water_km2": 0.735, "dist_coast_km": 6.2, "persistence": 0.091, "mean_cover": 2.352, "max_cover": 45.351, "trend_cover": -0.3146, "hot": 0.11, "n_obs": 22}}, {"type": "Feature", "id": 872, "geometry": {"type": "Polygon", "coordinates": [[[39.809963, 43.480462], [39.806742, 43.476446], [39.810095, 43.472175], [39.816667, 43.471921], [39.819889, 43.475937], [39.816537, 43.480207], [39.809963, 43.480462]]]}, "properties": {"i": 872, "h3": "882d568d0bfffff", "lon": 39.81332, "lat": 43.47619, "water_km2": 0.73, "dist_coast_km": 5.5, "persistence": 0.0, "mean_cover": 0.0, "max_cover": 0.0, "trend_cover": 0.0, "hot": 0.0, "n_obs": 22}}, {"type": "Feature", "id": 873, "geometry": {"type": "Polygon", "coordinates": [[[39.800301, 43.468412], [39.797081, 43.464395], [39.800433, 43.460125], [39.807005, 43.459872], [39.810226, 43.463889], [39.806874, 43.468159], [39.800301, 43.468412]]]}, "properties": {"i": 873, "h3": "882d568d0dfffff", "lon": 39.80365, "lat": 43.46414, "water_km2": 0.725, "dist_coast_km": 7.7, "persistence": 0.0, "mean_cover": 0.0, "max_cover": 0.0, "trend_cover": 0.0, "hot": 0.0, "n_obs": 22}}, {"type": "Feature", "id": 874, "geometry": {"type": "Polygon", "coordinates": [[[39.829554, 43.487983], [39.826332, 43.483968], [39.829683, 43.479698], [39.836255, 43.479443], [39.839477, 43.483457], [39.836127, 43.487728], [39.829554, 43.487983]]]}, "properties": {"i": 874, "h3": "882d568d11fffff", "lon": 39.8329, "lat": 43.48371, "water_km2": 0.732, "dist_coast_km": 3.3, "persistence": 0.045, "mean_cover": 1.338, "max_cover": 29.445, "trend_cover": -0.2538, "hot": 0.0386, "n_obs": 22}}, {"type": "Feature", "id": 875, "geometry": {"type": "Polygon", "coordinates": [[[39.839349, 43.491742], [39.836127, 43.487728], [39.839477, 43.483457], [39.846049, 43.483201], [39.849272, 43.487215], [39.845922, 43.491486], [39.839349, 43.491742]]]}, "properties": {"i": 875, "h3": "882d568d13fffff", "lon": 39.8427, "lat": 43.48747, "water_km2": 0.735, "dist_coast_km": 3.3, "persistence": 0.091, "mean_cover": 1.188, "max_cover": 18.141, "trend_cover": 0.1684, "hot": 0.0712, "n_obs": 22}}, {"type": "Feature", "id": 876, "geometry": {"type": "Polygon", "coordinates": [[[39.829683, 43.479698], [39.826461, 43.475683], [39.829812, 43.471412], [39.836384, 43.471157], [39.839605, 43.475172], [39.836255, 43.479443], [39.829683, 43.479698]]]}, "properties": {"i": 876, "h3": "882d568d15fffff", "lon": 39.83303, "lat": 43.47543, "water_km2": 0.738, "dist_coast_km": 4.4, "persistence": 0.0, "mean_cover": 0.0, "max_cover": 0.0, "trend_cover": 0.0, "hot": 0.0, "n_obs": 22}}, {"type": "Feature", "id": 877, "geometry": {"type": "Polygon", "coordinates": [[[39.839477, 43.483457], [39.836255, 43.479443], [39.839605, 43.475172], [39.846177, 43.474916], [39.849399, 43.478931], [39.846049, 43.483201], [39.839477, 43.483457]]]}, "properties": {"i": 877, "h3": "882d568d17fffff", "lon": 39.84283, "lat": 43.47919, "water_km2": 0.725, "dist_coast_km": 4.4, "persistence": 0.0, "mean_cover": 0.0, "max_cover": 0.0, "trend_cover": 0.0, "hot": 0.0, "n_obs": 22}}, {"type": "Feature", "id": 878, "geometry": {"type": "Polygon", "coordinates": [[[39.819628, 43.492508], [39.816406, 43.488493], [39.819758, 43.484223], [39.826332, 43.483968], [39.829554, 43.487983], [39.826202, 43.492253], [39.819628, 43.492508]]]}, "properties": {"i": 878, "h3": "882d568d19fffff", "lon": 39.82298, "lat": 43.48824, "water_km2": 0.735, "dist_coast_km": 3.9, "persistence": 0.0, "mean_cover": 0.0, "max_cover": 0.0, "trend_cover": 0.0, "hot": 0.0, "n_obs": 22}}, {"type": "Feature", "id": 879, "geometry": {"type": "Polygon", "coordinates": [[[39.829424, 43.496267], [39.826202, 43.492253], [39.829554, 43.487983], [39.836127, 43.487728], [39.839349, 43.491742], [39.835998, 43.496012], [39.829424, 43.496267]]]}, "properties": {"i": 879, "h3": "882d568d1bfffff", "lon": 39.83278, "lat": 43.492, "water_km2": 0.732, "dist_coast_km": 3.3, "persistence": 0.0, "mean_cover": 0.0, "max_cover": 0.0, "trend_cover": 0.0, "hot": 0.0, "n_obs": 22}}, {"type": "Feature", "id": 880, "geometry": {"type": "Polygon", "coordinates": [[[39.819758, 43.484223], [39.816537, 43.480207], [39.819889, 43.475937], [39.826461, 43.475683], [39.829683, 43.479698], [39.826332, 43.483968], [39.819758, 43.484223]]]}, "properties": {"i": 880, "h3": "882d568d1dfffff", "lon": 39.82311, "lat": 43.47995, "water_km2": 0.732, "dist_coast_km": 5.5, "persistence": 0.091, "mean_cover": 3.48, "max_cover": 39.617, "trend_cover": -0.7011, "hot": 0.1363, "n_obs": 22}}, {"type": "Feature", "id": 881, "geometry": {"type": "Polygon", "coordinates": [[[39.820279, 43.451077], [39.817059, 43.44706], [39.820409, 43.442789], [39.826979, 43.442535], [39.830199, 43.446551], [39.826849, 43.450823], [39.820279, 43.451077]]]}, "properties": {"i": 881, "h3": "882d568d21fffff", "lon": 39.82363, "lat": 43.44681, "water_km2": 0.738, "dist_coast_km": 7.0, "persistence": 0.045, "mean_cover": 0.363, "max_cover": 7.976, "trend_cover": -0.006, "hot": 0.0141, "n_obs": 22}}, {"type": "Feature", "id": 882, "geometry": {"type": "Polygon", "coordinates": [[[39.83007, 43.454839], [39.826849, 43.450823], [39.830199, 43.446551], [39.836769, 43.446297], [39.83999, 43.450313], [39.836641, 43.454584], [39.83007, 43.454839]]]}, "properties": {"i": 882, "h3": "882d568d23fffff", "lon": 39.83342, "lat": 43.45057, "water_km2": 0.728, "dist_coast_km": 5.4, "persistence": 0.0, "mean_cover": 0.0, "max_cover": 0.0, "trend_cover": 0.0, "hot": 0.0, "n_obs": 22}}, {"type": "Feature", "id": 883, "geometry": {"type": "Polygon", "coordinates": [[[39.820409, 43.442789], [39.817189, 43.438771], [39.820539, 43.4345], [39.827108, 43.434246], [39.830328, 43.438263], [39.826979, 43.442535], [39.820409, 43.442789]]]}, "properties": {"i": 883, "h3": "882d568d25fffff", "lon": 39.82376, "lat": 43.43852, "water_km2": 0.732, "dist_coast_km": 7.0, "persistence": 0.0, "mean_cover": 0.0, "max_cover": 0.0, "trend_cover": 0.0, "hot": 0.0, "n_obs": 22}}, {"type": "Feature", "id": 884, "geometry": {"type": "Polygon", "coordinates": [[[39.830199, 43.446551], [39.826979, 43.442535], [39.830328, 43.438263], [39.836897, 43.438009], [39.840118, 43.442025], [39.836769, 43.446297], [39.830199, 43.446551]]]}, "properties": {"i": 884, "h3": "882d568d27fffff", "lon": 39.83355, "lat": 43.44228, "water_km2": 0.732, "dist_coast_km": 5.7, "persistence": 0.0, "mean_cover": 0.0, "max_cover": 0.0, "trend_cover": 0.0, "hot": 0.0, "n_obs": 22}}, {"type": "Feature", "id": 885, "geometry": {"type": "Polygon", "coordinates": [[[39.810357, 43.455601], [39.807137, 43.451584], [39.810488, 43.447313], [39.817059, 43.44706], [39.820279, 43.451077], [39.816928, 43.455348], [39.810357, 43.455601]]]}, "properties": {"i": 885, "h3": "882d568d29fffff", "lon": 39.81371, "lat": 43.45133, "water_km2": 0.74, "dist_coast_km": 6.5, "persistence": 0.0, "mean_cover": 0.0, "max_cover": 0.0, "trend_cover": 0.0, "hot": 0.0, "n_obs": 22}}, {"type": "Feature", "id": 886, "geometry": {"type": "Polygon", "coordinates": [[[39.820149, 43.459364], [39.816928, 43.455348], [39.820279, 43.451077], [39.826849, 43.450823], [39.83007, 43.454839], [39.82672, 43.45911], [39.820149, 43.459364]]]}, "properties": {"i": 886, "h3": "882d568d2bfffff", "lon": 39.8235, "lat": 43.45509, "water_km2": 0.725, "dist_coast_km": 6.5, "persistence": 0.0, "mean_cover": 0.0, "max_cover": 0.0, "trend_cover": 0.0, "hot": 0.0, "n_obs": 22}}, {"type": "Feature", "id": 887, "geometry": {"type": "Polygon", "coordinates": [[[39.810488, 43.447313], [39.807268, 43.443296], [39.810619, 43.439025], [39.817189, 43.438771], [39.820409, 43.442789], [39.817059, 43.44706], [39.810488, 43.447313]]]}, "properties": {"i": 887, "h3": "882d568d2dfffff", "lon": 39.81384, "lat": 43.44304, "water_km2": 0.73, "dist_coast_km": 7.0, "persistence": 0.0, "mean_cover": 0.0, "max_cover": 0.0, "trend_cover": 0.0, "hot": 0.0, "n_obs": 22}}, {"type": "Feature", "id": 888, "geometry": {"type": "Polygon", "coordinates": [[[39.839733, 43.466886], [39.836512, 43.462871], [39.839862, 43.4586], [39.846432, 43.458345], [39.849653, 43.46236], [39.846304, 43.466631], [39.839733, 43.466886]]]}, "properties": {"i": 888, "h3": "882d568d31fffff", "lon": 39.84308, "lat": 43.46262, "water_km2": 0.722, "dist_coast_km": 5.4, "persistence": 0.0, "mean_cover": 0.0, "max_cover": 0.0, "trend_cover": 0.0, "hot": 0.0, "n_obs": 22}}, {"type": "Feature", "id": 889, "geometry": {"type": "Polygon", "coordinates": [[[39.849526, 43.470646], [39.846304, 43.466631], [39.849653, 43.46236], [39.856223, 43.462104], [39.859445, 43.466118], [39.856097, 43.470389], [39.849526, 43.470646]]]}, "properties": {"i": 889, "h3": "882d568d33fffff", "lon": 39.85287, "lat": 43.46637, "water_km2": 0.74, "dist_coast_km": 4.0, "persistence": 0.0, "mean_cover": 0.0, "max_cover": 0.0, "trend_cover": 0.0, "hot": 0.0, "n_obs": 22}}, {"type": "Feature", "id": 890, "geometry": {"type": "Polygon", "coordinates": [[[39.839862, 43.4586], [39.836641, 43.454584], [39.83999, 43.450313], [39.846559, 43.450058], [39.84978, 43.454073], [39.846432, 43.458345], [39.839862, 43.4586]]]}, "properties": {"i": 890, "h3": "882d568d35fffff", "lon": 39.84321, "lat": 43.45433, "water_km2": 0.735, "dist_coast_km": 5.4, "persistence": 0.0, "mean_cover": 0.0, "max_cover": 0.0, "trend_cover": 0.0, "hot": 0.0, "n_obs": 22}}, {"type": "Feature", "id": 891, "geometry": {"type": "Polygon", "coordinates": [[[39.849653, 43.46236], [39.846432, 43.458345], [39.84978, 43.454073], [39.85635, 43.453817], [39.859571, 43.457833], [39.856223, 43.462104], [39.849653, 43.46236]]]}, "properties": {"i": 891, "h3": "882d568d37fffff", "lon": 39.853, "lat": 43.45809, "water_km2": 0.73, "dist_coast_km": 4.0, "persistence": 0.091, "mean_cover": 2.759, "max_cover": 35.455, "trend_cover": 0.022, "hot": 0.1204, "n_obs": 22}}, {"type": "Feature", "id": 892, "geometry": {"type": "Polygon", "coordinates": [[[39.829812, 43.471412], [39.826591, 43.467396], [39.829941, 43.463126], [39.836512, 43.462871], [39.839733, 43.466886], [39.836384, 43.471157], [39.829812, 43.471412]]]}, "properties": {"i": 892, "h3": "882d568d39fffff", "lon": 39.83316, "lat": 43.46714, "water_km2": 0.728, "dist_coast_km": 4.4, "persistence": 0.0, "mean_cover": 0.0, "max_cover": 0.0, "trend_cover": 0.0, "hot": 0.0, "n_obs": 22}}, {"type": "Feature", "id": 893, "geometry": {"type": "Polygon", "coordinates": [[[39.839605, 43.475172], [39.836384, 43.471157], [39.839733, 43.466886], [39.846304, 43.466631], [39.849526, 43.470646], [39.846177, 43.474916], [39.839605, 43.475172]]]}, "properties": {"i": 893, "h3": "882d568d3bfffff", "lon": 39.84296, "lat": 43.4709, "water_km2": 0.748, "dist_coast_km": 4.4, "persistence": 0.0, "mean_cover": 0.0, "max_cover": 0.0, "trend_cover": 0.0, "hot": 0.0, "n_obs": 22}}, {"type": "Feature", "id": 894, "geometry": {"type": "Polygon", "coordinates": [[[39.829941, 43.463126], [39.82672, 43.45911], [39.83007, 43.454839], [39.836641, 43.454584], [39.839862, 43.4586], [39.836512, 43.462871], [39.829941, 43.463126]]]}, "properties": {"i": 894, "h3": "882d568d3dfffff", "lon": 39.83329, "lat": 43.45886, "water_km2": 0.748, "dist_coast_km": 5.4, "persistence": 0.0, "mean_cover": 0.0, "max_cover": 0.0, "trend_cover": 0.0, "hot": 0.0, "n_obs": 22}}, {"type": "Feature", "id": 895, "geometry": {"type": "Polygon", "coordinates": [[[39.780446, 43.477458], [39.777226, 43.47344], [39.78058, 43.46917], [39.787154, 43.468918], [39.790374, 43.472935], [39.787021, 43.477205], [39.780446, 43.477458]]]}, "properties": {"i": 895, "h3": "882d568d41fffff", "lon": 39.7838, "lat": 43.47319, "water_km2": 0.74, "dist_coast_km": 6.9, "persistence": 0.0, "mean_cover": 0.0, "max_cover": 0.0, "trend_cover": 0.0, "hot": 0.0, "n_obs": 22}}, {"type": "Feature", "id": 896, "geometry": {"type": "Polygon", "coordinates": [[[39.790241, 43.481222], [39.787021, 43.477205], [39.790374, 43.472935], [39.796948, 43.472682], [39.800169, 43.476699], [39.796816, 43.480969], [39.790241, 43.481222]]]}, "properties": {"i": 896, "h3": "882d568d43fffff", "lon": 39.79359, "lat": 43.47695, "water_km2": 0.725, "dist_coast_km": 6.9, "persistence": 0.0, "mean_cover": 0.0, "max_cover": 0.0, "trend_cover": 0.0, "hot": 0.0, "n_obs": 22}}, {"type": "Feature", "id": 897, "geometry": {"type": "Polygon", "coordinates": [[[39.78058, 43.46917], [39.77736, 43.465153], [39.780714, 43.460883], [39.787287, 43.46063], [39.790507, 43.464648], [39.787154, 43.468918], [39.78058, 43.46917]]]}, "properties": {"i": 897, "h3": "882d568d45fffff", "lon": 39.78393, "lat": 43.4649, "water_km2": 0.728, "dist_coast_km": 8.4, "persistence": 0.0, "mean_cover": 0.0, "max_cover": 0.0, "trend_cover": 0.0, "hot": 0.0, "n_obs": 22}}, {"type": "Feature", "id": 898, "geometry": {"type": "Polygon", "coordinates": [[[39.790374, 43.472935], [39.787154, 43.468918], [39.790507, 43.464648], [39.797081, 43.464395], [39.800301, 43.468412], [39.796948, 43.472682], [39.790374, 43.472935]]]}, "properties": {"i": 898, "h3": "882d568d47fffff", "lon": 39.79373, "lat": 43.46867, "water_km2": 0.735, "dist_coast_km": 6.9, "persistence": 0.0, "mean_cover": 0.0, "max_cover": 0.0, "trend_cover": 0.0, "hot": 0.0, "n_obs": 22}}, {"type": "Feature", "id": 899, "geometry": {"type": "Polygon", "coordinates": [[[39.770516, 43.481979], [39.767296, 43.477962], [39.770651, 43.473692], [39.777226, 43.47344], [39.780446, 43.477458], [39.777091, 43.481727], [39.770516, 43.481979]]]}, "properties": {"i": 899, "h3": "882d568d49fffff", "lon": 39.77387, "lat": 43.47771, "water_km2": 0.742, "dist_coast_km": 7.7, "persistence": 0.0, "mean_cover": 0.0, "max_cover": 0.0, "trend_cover": 0.0, "hot": 0.0, "n_obs": 22}}, {"type": "Feature", "id": 900, "geometry": {"type": "Polygon", "coordinates": [[[39.780312, 43.485744], [39.777091, 43.481727], [39.780446, 43.477458], [39.787021, 43.477205], [39.790241, 43.481222], [39.786887, 43.485492], [39.780312, 43.485744]]]}, "properties": {"i": 900, "h3": "882d568d4bfffff", "lon": 39.78367, "lat": 43.48147, "water_km2": 0.725, "dist_coast_km": 6.9, "persistence": 0.0, "mean_cover": 0.0, "max_cover": 0.0, "trend_cover": 0.0, "hot": 0.0, "n_obs": 22}}, {"type": "Feature", "id": 901, "geometry": {"type": "Polygon", "coordinates": [[[39.770651, 43.473692], [39.767431, 43.469674], [39.770786, 43.465404], [39.77736, 43.465153], [39.78058, 43.46917], [39.777226, 43.47344], [39.770651, 43.473692]]]}, "properties": {"i": 901, "h3": "882d568d4dfffff", "lon": 39.77401, "lat": 43.46942, "water_km2": 0.73, "dist_coast_km": 7.7, "persistence": 0.0, "mean_cover": 0.0, "max_cover": 0.0, "trend_cover": 0.0, "hot": 0.0, "n_obs": 22}}, {"type": "Feature", "id": 902, "geometry": {"type": "Polygon", "coordinates": [[[39.799904, 43.493271], [39.796683, 43.489255], [39.800037, 43.484985], [39.806611, 43.484731], [39.809832, 43.488747], [39.806479, 43.493017], [39.799904, 43.493271]]]}, "properties": {"i": 902, "h3": "882d568d51fffff", "lon": 39.80326, "lat": 43.489, "water_km2": 0.722, "dist_coast_km": 4.6, "persistence": 0.0, "mean_cover": 0.0, "max_cover": 0.0, "trend_cover": 0.0, "hot": 0.0, "n_obs": 22}}, {"type": "Feature", "id": 903, "geometry": {"type": "Polygon", "coordinates": [[[39.809701, 43.497032], [39.806479, 43.493017], [39.809832, 43.488747], [39.816406, 43.488493], [39.819628, 43.492508], [39.816276, 43.496778], [39.809701, 43.497032]]]}, "properties": {"i": 903, "h3": "882d568d53fffff", "lon": 39.81305, "lat": 43.49276, "water_km2": 0.742, "dist_coast_km": 3.9, "persistence": 0.0, "mean_cover": 0.0, "max_cover": 0.0, "trend_cover": 0.0, "hot": 0.0, "n_obs": 22}}, {"type": "Feature", "id": 904, "geometry": {"type": "Polygon", "coordinates": [[[39.800037, 43.484985], [39.796816, 43.480969], [39.800169, 43.476699], [39.806742, 43.476446], [39.809963, 43.480462], [39.806611, 43.484731], [39.800037, 43.484985]]]}, "properties": {"i": 904, "h3": "882d568d55fffff", "lon": 39.80339, "lat": 43.48072, "water_km2": 0.74, "dist_coast_km": 6.2, "persistence": 0.0, "mean_cover": 0.0, "max_cover": 0.0, "trend_cover": 0.0, "hot": 0.0, "n_obs": 22}}, {"type": "Feature", "id": 905, "geometry": {"type": "Polygon", "coordinates": [[[39.809832, 43.488747], [39.806611, 43.484731], [39.809963, 43.480462], [39.816537, 43.480207], [39.819758, 43.484223], [39.816406, 43.488493], [39.809832, 43.488747]]]}, "properties": {"i": 905, "h3": "882d568d57fffff", "lon": 39.81318, "lat": 43.48448, "water_km2": 0.73, "dist_coast_km": 3.9, "persistence": 0.0, "mean_cover": 0.0, "max_cover": 0.0, "trend_cover": 0.0, "hot": 0.0, "n_obs": 22}}, {"type": "Feature", "id": 906, "geometry": {"type": "Polygon", "coordinates": [[[39.789975, 43.497794], [39.786754, 43.493777], [39.790108, 43.489508], [39.796683, 43.489255], [39.799904, 43.493271], [39.796551, 43.49754], [39.789975, 43.497794]]]}, "properties": {"i": 906, "h3": "882d568d59fffff", "lon": 39.79333, "lat": 43.49352, "water_km2": 0.728, "dist_coast_km": 5.5, "persistence": 0.0, "mean_cover": 0.0, "max_cover": 0.0, "trend_cover": 0.0, "hot": 0.0, "n_obs": 22}}, {"type": "Feature", "id": 907, "geometry": {"type": "Polygon", "coordinates": [[[39.799772, 43.501556], [39.796551, 43.49754], [39.799904, 43.493271], [39.806479, 43.493017], [39.809701, 43.497032], [39.806348, 43.501302], [39.799772, 43.501556]]]}, "properties": {"i": 907, "h3": "882d568d5bfffff", "lon": 39.80313, "lat": 43.49729, "water_km2": 0.748, "dist_coast_km": 4.6, "persistence": 0.0, "mean_cover": 0.0, "max_cover": 0.0, "trend_cover": 0.0, "hot": 0.0, "n_obs": 22}}, {"type": "Feature", "id": 908, "geometry": {"type": "Polygon", "coordinates": [[[39.790108, 43.489508], [39.786887, 43.485492], [39.790241, 43.481222], [39.796816, 43.480969], [39.800037, 43.484985], [39.796683, 43.489255], [39.790108, 43.489508]]]}, "properties": {"i": 908, "h3": "882d568d5dfffff", "lon": 39.79346, "lat": 43.48524, "water_km2": 0.745, "dist_coast_km": 5.5, "persistence": 0.0, "mean_cover": 0.0, "max_cover": 0.0, "trend_cover": 0.0, "hot": 0.0, "n_obs": 22}}, {"type": "Feature", "id": 909, "geometry": {"type": "Polygon", "coordinates": [[[39.79064, 43.45636], [39.787421, 43.452342], [39.790774, 43.448072], [39.797345, 43.447819], [39.800565, 43.451837], [39.797213, 43.456108], [39.79064, 43.45636]]]}, "properties": {"i": 909, "h3": "882d568d61fffff", "lon": 39.79399, "lat": 43.45209, "water_km2": 0.722, "dist_coast_km": 8.4, "persistence": 0.045, "mean_cover": 0.37, "max_cover": 8.142, "trend_cover": 0.0484, "hot": 0.0143, "n_obs": 22}}, {"type": "Feature", "id": 910, "geometry": {"type": "Polygon", "coordinates": [[[39.800433, 43.460125], [39.797213, 43.456108], [39.800565, 43.451837], [39.807137, 43.451584], [39.810357, 43.455601], [39.807005, 43.459872], [39.800433, 43.460125]]]}, "properties": {"i": 910, "h3": "882d568d63fffff", "lon": 39.80379, "lat": 43.45585, "water_km2": 0.748, "dist_coast_km": 7.7, "persistence": 0.091, "mean_cover": 0.429, "max_cover": 5.771, "trend_cover": 0.096, "hot": 0.0325, "n_obs": 22}}, {"type": "Feature", "id": 911, "geometry": {"type": "Polygon", "coordinates": [[[39.790774, 43.448072], [39.787554, 43.444053], [39.790907, 43.439783], [39.797478, 43.43953], [39.800697, 43.443549], [39.797345, 43.447819], [39.790774, 43.448072]]]}, "properties": {"i": 911, "h3": "882d568d65fffff", "lon": 39.79413, "lat": 43.4438, "water_km2": 0.75, "dist_coast_km": 9.6, "persistence": 0.0, "mean_cover": 0.0, "max_cover": 0.0, "trend_cover": 0.0, "hot": 0.0, "n_obs": 22}}, {"type": "Feature", "id": 912, "geometry": {"type": "Polygon", "coordinates": [[[39.800565, 43.451837], [39.797345, 43.447819], [39.800697, 43.443549], [39.807268, 43.443296], [39.810488, 43.447313], [39.807137, 43.451584], [39.800565, 43.451837]]]}, "properties": {"i": 912, "h3": "882d568d67fffff", "lon": 39.80392, "lat": 43.44757, "water_km2": 0.728, "dist_coast_km": 8.3, "persistence": 0.0, "mean_cover": 0.0, "max_cover": 0.0, "trend_cover": 0.0, "hot": 0.0, "n_obs": 22}}, {"type": "Feature", "id": 913, "geometry": {"type": "Polygon", "coordinates": [[[39.780714, 43.460883], [39.777495, 43.456864], [39.780848, 43.452594], [39.787421, 43.452342], [39.79064, 43.45636], [39.787287, 43.46063], [39.780714, 43.460883]]]}, "properties": {"i": 913, "h3": "882d568d69fffff", "lon": 39.78407, "lat": 43.45661, "water_km2": 0.73, "dist_coast_km": 8.4, "persistence": 0.0, "mean_cover": 0.0, "max_cover": 0.0, "trend_cover": 0.0, "hot": 0.0, "n_obs": 22}}, {"type": "Feature", "id": 914, "geometry": {"type": "Polygon", "coordinates": [[[39.790507, 43.464648], [39.787287, 43.46063], [39.79064, 43.45636], [39.797213, 43.456108], [39.800433, 43.460125], [39.797081, 43.464395], [39.790507, 43.464648]]]}, "properties": {"i": 914, "h3": "882d568d6bfffff", "lon": 39.79386, "lat": 43.46038, "water_km2": 0.74, "dist_coast_km": 8.4, "persistence": 0.0, "mean_cover": 0.0, "max_cover": 0.0, "trend_cover": 0.0, "hot": 0.0, "n_obs": 22}}, {"type": "Feature", "id": 915, "geometry": {"type": "Polygon", "coordinates": [[[39.780848, 43.452594], [39.777629, 43.448576], [39.780982, 43.444305], [39.787554, 43.444053], [39.790774, 43.448072], [39.787421, 43.452342], [39.780848, 43.452594]]]}, "properties": {"i": 915, "h3": "882d568d6dfffff", "lon": 39.7842, "lat": 43.44832, "water_km2": 0.74, "dist_coast_km": 9.6, "persistence": 0.0, "mean_cover": 0.0, "max_cover": 0.0, "trend_cover": 0.0, "hot": 0.0, "n_obs": 22}}, {"type": "Feature", "id": 916, "geometry": {"type": "Polygon", "coordinates": [[[39.878657, 43.498483], [39.875434, 43.49447], [39.878781, 43.4902], [39.885352, 43.489941], [39.888576, 43.493954], [39.885229, 43.498224], [39.878657, 43.498483]]]}, "properties": {"i": 916, "h3": "882d568d81fffff", "lon": 39.882, "lat": 43.49421, "water_km2": 0.388, "dist_coast_km": 0.0, "persistence": 0.045, "mean_cover": 4.871, "max_cover": 107.163, "trend_cover": 1.2859, "hot": 0.0805, "n_obs": 22}}, {"type": "Feature", "id": 917, "geometry": {"type": "Polygon", "coordinates": [[[39.878781, 43.4902], [39.875558, 43.486187], [39.878906, 43.481916], [39.885476, 43.481658], [39.888699, 43.485671], [39.885352, 43.489941], [39.878781, 43.4902]]]}, "properties": {"i": 917, "h3": "882d568d85fffff", "lon": 39.88213, "lat": 43.48593, "water_km2": 0.712, "dist_coast_km": 0.0, "persistence": 0.045, "mean_cover": 1.252, "max_cover": 27.543, "trend_cover": 0.2503, "hot": 0.0369, "n_obs": 22}}, {"type": "Feature", "id": 918, "geometry": {"type": "Polygon", "coordinates": [[[39.888576, 43.493954], [39.885352, 43.489941], [39.888699, 43.485671], [39.895269, 43.485412], [39.898493, 43.489424], [39.895147, 43.493695], [39.888576, 43.493954]]]}, "properties": {"i": 918, "h3": "882d568d87fffff", "lon": 39.89192, "lat": 43.48968, "water_km2": 0.0, "dist_coast_km": 0.0, "persistence": 0.0, "mean_cover": 0.0, "max_cover": 0.0, "trend_cover": 0.0, "hot": 0.0, "n_obs": 20}}, {"type": "Feature", "id": 919, "geometry": {"type": "Polygon", "coordinates": [[[39.868737, 43.503011], [39.865513, 43.498999], [39.868862, 43.494728], [39.875434, 43.49447], [39.878657, 43.498483], [39.875309, 43.502753], [39.868737, 43.503011]]]}, "properties": {"i": 919, "h3": "882d568d89fffff", "lon": 39.87209, "lat": 43.49874, "water_km2": 0.692, "dist_coast_km": 1.3, "persistence": 0.0, "mean_cover": 0.0, "max_cover": 0.0, "trend_cover": 0.0, "hot": 0.0, "n_obs": 22}}, {"type": "Feature", "id": 920, "geometry": {"type": "Polygon", "coordinates": [[[39.878533, 43.506765], [39.875309, 43.502753], [39.878657, 43.498483], [39.885229, 43.498224], [39.888453, 43.502236], [39.885105, 43.506507], [39.878533, 43.506765]]]}, "properties": {"i": 920, "h3": "882d568d8bfffff", "lon": 39.88188, "lat": 43.50249, "water_km2": 0.002, "dist_coast_km": 0.0, "persistence": 0.0, "mean_cover": 0.0, "max_cover": 0.0, "trend_cover": 0.0, "hot": 0.0, "n_obs": 22}}, {"type": "Feature", "id": 921, "geometry": {"type": "Polygon", "coordinates": [[[39.868862, 43.494728], [39.865639, 43.490715], [39.868987, 43.486445], [39.875558, 43.486187], [39.878781, 43.4902], [39.875434, 43.49447], [39.868862, 43.494728]]]}, "properties": {"i": 921, "h3": "882d568d8dfffff", "lon": 39.87221, "lat": 43.49046, "water_km2": 0.74, "dist_coast_km": 1.3, "persistence": 0.091, "mean_cover": 1.614, "max_cover": 26.497, "trend_cover": 0.0358, "hot": 0.0873, "n_obs": 22}}, {"type": "Feature", "id": 922, "geometry": {"type": "Polygon", "coordinates": [[[39.888822, 43.477387], [39.885599, 43.473374], [39.888945, 43.469103], [39.895514, 43.468844], [39.898737, 43.472857], [39.895392, 43.477128], [39.888822, 43.477387]]]}, "properties": {"i": 922, "h3": "882d568da1fffff", "lon": 39.89217, "lat": 43.47312, "water_km2": 0.357, "dist_coast_km": 1.3, "persistence": 0.045, "mean_cover": 0.699, "max_cover": 15.383, "trend_cover": -0.1129, "hot": 0.0241, "n_obs": 22}}, {"type": "Feature", "id": 923, "geometry": {"type": "Polygon", "coordinates": [[[39.888945, 43.469103], [39.885723, 43.465089], [39.889069, 43.460818], [39.895637, 43.46056], [39.89886, 43.464573], [39.895514, 43.468844], [39.888945, 43.469103]]]}, "properties": {"i": 923, "h3": "882d568da5fffff", "lon": 39.89229, "lat": 43.46483, "water_km2": 0.548, "dist_coast_km": 1.3, "persistence": 0.0, "mean_cover": 0.0, "max_cover": 0.0, "trend_cover": 0.0, "hot": 0.0, "n_obs": 22}}, {"type": "Feature", "id": 924, "geometry": {"type": "Polygon", "coordinates": [[[39.878906, 43.481916], [39.875683, 43.477903], [39.87903, 43.473632], [39.885599, 43.473374], [39.888822, 43.477387], [39.885476, 43.481658], [39.878906, 43.481916]]]}, "properties": {"i": 924, "h3": "882d568da9fffff", "lon": 39.88225, "lat": 43.47765, "water_km2": 0.725, "dist_coast_km": 1.3, "persistence": 0.0, "mean_cover": 0.0, "max_cover": 0.0, "trend_cover": 0.0, "hot": 0.0, "n_obs": 22}}, {"type": "Feature", "id": 925, "geometry": {"type": "Polygon", "coordinates": [[[39.888699, 43.485671], [39.885476, 43.481658], [39.888822, 43.477387], [39.895392, 43.477128], [39.898615, 43.481141], [39.895269, 43.485412], [39.888699, 43.485671]]]}, "properties": {"i": 925, "h3": "882d568dabfffff", "lon": 39.89205, "lat": 43.4814, "water_km2": 0.138, "dist_coast_km": 1.3, "persistence": 0.0, "mean_cover": 0.0, "max_cover": 0.0, "trend_cover": 0.0, "hot": 0.0, "n_obs": 22}}, {"type": "Feature", "id": 926, "geometry": {"type": "Polygon", "coordinates": [[[39.87903, 43.473632], [39.875807, 43.469618], [39.879154, 43.465347], [39.885723, 43.465089], [39.888945, 43.469103], [39.885599, 43.473374], [39.87903, 43.473632]]]}, "properties": {"i": 926, "h3": "882d568dadfffff", "lon": 39.88238, "lat": 43.46936, "water_km2": 0.735, "dist_coast_km": 1.3, "persistence": 0.045, "mean_cover": 0.728, "max_cover": 16.006, "trend_cover": -0.1175, "hot": 0.0249, "n_obs": 22}}, {"type": "Feature", "id": 927, "geometry": {"type": "Polygon", "coordinates": [[[39.918202, 43.488645], [39.914977, 43.484633], [39.918322, 43.480362], [39.92489, 43.480102], [39.928114, 43.484113], [39.92477, 43.488384], [39.918202, 43.488645]]]}, "properties": {"i": 927, "h3": "882d568db7fffff", "lon": 39.92155, "lat": 43.48437, "water_km2": 0.0, "dist_coast_km": 0.0, "persistence": 0.0, "mean_cover": 0.0, "max_cover": 0.0, "trend_cover": 0.0, "hot": 0.0, "n_obs": 21}}, {"type": "Feature", "id": 928, "geometry": {"type": "Polygon", "coordinates": [[[39.849017, 43.503783], [39.845794, 43.49977], [39.849145, 43.495499], [39.855717, 43.495243], [39.85894, 43.499256], [39.855591, 43.503526], [39.849017, 43.503783]]]}, "properties": {"i": 928, "h3": "882d568dc1fffff", "lon": 39.85237, "lat": 43.49951, "water_km2": 0.728, "dist_coast_km": 2.3, "persistence": 0.045, "mean_cover": 0.245, "max_cover": 5.39, "trend_cover": -0.0364, "hot": 0.01, "n_obs": 22}}, {"type": "Feature", "id": 929, "geometry": {"type": "Polygon", "coordinates": [[[39.858814, 43.507539], [39.855591, 43.503526], [39.85894, 43.499256], [39.865513, 43.498999], [39.868737, 43.503011], [39.865387, 43.507281], [39.858814, 43.507539]]]}, "properties": {"i": 929, "h3": "882d568dc3fffff", "lon": 39.86216, "lat": 43.50327, "water_km2": 0.735, "dist_coast_km": 1.3, "persistence": 0.091, "mean_cover": 1.722, "max_cover": 33.08, "trend_cover": 0.405, "hot": 0.091, "n_obs": 22}}, {"type": "Feature", "id": 930, "geometry": {"type": "Polygon", "coordinates": [[[39.849145, 43.495499], [39.845922, 43.491486], [39.849272, 43.487215], [39.855844, 43.486959], [39.859067, 43.490972], [39.855717, 43.495243], [39.849145, 43.495499]]]}, "properties": {"i": 930, "h3": "882d568dc5fffff", "lon": 39.85249, "lat": 43.49123, "water_km2": 0.725, "dist_coast_km": 2.3, "persistence": 0.045, "mean_cover": 2.139, "max_cover": 47.059, "trend_cover": -0.4057, "hot": 0.052, "n_obs": 22}}, {"type": "Feature", "id": 931, "geometry": {"type": "Polygon", "coordinates": [[[39.85894, 43.499256], [39.855717, 43.495243], [39.859067, 43.490972], [39.865639, 43.490715], [39.868862, 43.494728], [39.865513, 43.498999], [39.85894, 43.499256]]]}, "properties": {"i": 931, "h3": "882d568dc7fffff", "lon": 39.86229, "lat": 43.49499, "water_km2": 0.738, "dist_coast_km": 2.3, "persistence": 0.045, "mean_cover": 1.402, "max_cover": 30.841, "trend_cover": 0.4078, "hot": 0.0398, "n_obs": 22}}, {"type": "Feature", "id": 932, "geometry": {"type": "Polygon", "coordinates": [[[39.839093, 43.508309], [39.83587, 43.504296], [39.839221, 43.500026], [39.845794, 43.49977], [39.849017, 43.503783], [39.845667, 43.508053], [39.839093, 43.508309]]]}, "properties": {"i": 932, "h3": "882d568dc9fffff", "lon": 39.84244, "lat": 43.50404, "water_km2": 0.722, "dist_coast_km": 1.9, "persistence": 0.091, "mean_cover": 1.357, "max_cover": 18.997, "trend_cover": -0.274, "hot": 0.0779, "n_obs": 22}}, {"type": "Feature", "id": 933, "geometry": {"type": "Polygon", "coordinates": [[[39.84889, 43.512066], [39.845667, 43.508053], [39.849017, 43.503783], [39.855591, 43.503526], [39.858814, 43.507539], [39.855464, 43.511809], [39.84889, 43.512066]]]}, "properties": {"i": 933, "h3": "882d568dcbfffff", "lon": 39.85224, "lat": 43.5078, "water_km2": 0.738, "dist_coast_km": 1.3, "persistence": 0.045, "mean_cover": 0.386, "max_cover": 8.499, "trend_cover": 0.0772, "hot": 0.0148, "n_obs": 22}}, {"type": "Feature", "id": 934, "geometry": {"type": "Polygon", "coordinates": [[[39.839221, 43.500026], [39.835998, 43.496012], [39.839349, 43.491742], [39.845922, 43.491486], [39.849145, 43.495499], [39.845794, 43.49977], [39.839221, 43.500026]]]}, "properties": {"i": 934, "h3": "882d568dcdfffff", "lon": 39.84257, "lat": 43.49576, "water_km2": 0.738, "dist_coast_km": 3.3, "persistence": 0.136, "mean_cover": 2.538, "max_cover": 25.523, "trend_cover": -0.4517, "hot": 0.1723, "n_obs": 22}}, {"type": "Feature", "id": 935, "geometry": {"type": "Polygon", "coordinates": [[[39.868611, 43.511293], [39.865387, 43.507281], [39.868737, 43.503011], [39.875309, 43.502753], [39.878533, 43.506765], [39.875184, 43.511035], [39.868611, 43.511293]]]}, "properties": {"i": 935, "h3": "882d568dd5fffff", "lon": 39.87196, "lat": 43.50702, "water_km2": 0.134, "dist_coast_km": 0.0, "persistence": 0.0, "mean_cover": 0.0, "max_cover": 0.0, "trend_cover": 0.0, "hot": 0.0, "n_obs": 22}}, {"type": "Feature", "id": 936, "geometry": {"type": "Polygon", "coordinates": [[[39.858688, 43.515821], [39.855464, 43.511809], [39.858814, 43.507539], [39.865387, 43.507281], [39.868611, 43.511293], [39.865262, 43.515563], [39.858688, 43.515821]]]}, "properties": {"i": 936, "h3": "882d568dddfffff", "lon": 39.86204, "lat": 43.51155, "water_km2": 0.321, "dist_coast_km": 1.3, "persistence": 0.0, "mean_cover": 0.0, "max_cover": 0.0, "trend_cover": 0.0, "hot": 0.0, "n_obs": 22}}, {"type": "Feature", "id": 937, "geometry": {"type": "Polygon", "coordinates": [[[39.859193, 43.482688], [39.85597, 43.478674], [39.859319, 43.474404], [39.86589, 43.474147], [39.869112, 43.478161], [39.865764, 43.482431], [39.859193, 43.482688]]]}, "properties": {"i": 937, "h3": "882d568de1fffff", "lon": 39.86254, "lat": 43.47842, "water_km2": 0.745, "dist_coast_km": 3.3, "persistence": 0.136, "mean_cover": 1.148, "max_cover": 12.107, "trend_cover": -0.2087, "hot": 0.1043, "n_obs": 22}}, {"type": "Feature", "id": 938, "geometry": {"type": "Polygon", "coordinates": [[[39.868987, 43.486445], [39.865764, 43.482431], [39.869112, 43.478161], [39.875683, 43.477903], [39.878906, 43.481916], [39.875558, 43.486187], [39.868987, 43.486445]]]}, "properties": {"i": 938, "h3": "882d568de3fffff", "lon": 39.87234, "lat": 43.48217, "water_km2": 0.725, "dist_coast_km": 2.3, "persistence": 0.045, "mean_cover": 0.738, "max_cover": 16.227, "trend_cover": 0.2165, "hot": 0.0251, "n_obs": 22}}, {"type": "Feature", "id": 939, "geometry": {"type": "Polygon", "coordinates": [[[39.859319, 43.474404], [39.856097, 43.470389], [39.859445, 43.466118], [39.866015, 43.465862], [39.869237, 43.469876], [39.86589, 43.474147], [39.859319, 43.474404]]]}, "properties": {"i": 939, "h3": "882d568de5fffff", "lon": 39.86267, "lat": 43.47013, "water_km2": 0.728, "dist_coast_km": 3.3, "persistence": 0.045, "mean_cover": 0.368, "max_cover": 8.086, "trend_cover": 0.0975, "hot": 0.0142, "n_obs": 22}}, {"type": "Feature", "id": 940, "geometry": {"type": "Polygon", "coordinates": [[[39.869112, 43.478161], [39.86589, 43.474147], [39.869237, 43.469876], [39.875807, 43.469618], [39.87903, 43.473632], [39.875683, 43.477903], [39.869112, 43.478161]]]}, "properties": {"i": 940, "h3": "882d568de7fffff", "lon": 39.87246, "lat": 43.47389, "water_km2": 0.742, "dist_coast_km": 2.3, "persistence": 0.318, "mean_cover": 7.106, "max_cover": 44.893, "trend_cover": 0.5509, "hot": 0.6658, "n_obs": 22}}, {"type": "Feature", "id": 941, "geometry": {"type": "Polygon", "coordinates": [[[39.849272, 43.487215], [39.846049, 43.483201], [39.849399, 43.478931], [39.85597, 43.478674], [39.859193, 43.482688], [39.855844, 43.486959], [39.849272, 43.487215]]]}, "properties": {"i": 941, "h3": "882d568de9fffff", "lon": 39.85262, "lat": 43.48295, "water_km2": 0.742, "dist_coast_km": 3.3, "persistence": 0.045, "mean_cover": 0.384, "max_cover": 8.451, "trend_cover": 0.1127, "hot": 0.0148, "n_obs": 22}}, {"type": "Feature", "id": 942, "geometry": {"type": "Polygon", "coordinates": [[[39.859067, 43.490972], [39.855844, 43.486959], [39.859193, 43.482688], [39.865764, 43.482431], [39.868987, 43.486445], [39.865639, 43.490715], [39.859067, 43.490972]]]}, "properties": {"i": 942, "h3": "882d568debfffff", "lon": 39.86242, "lat": 43.4867, "water_km2": 0.722, "dist_coast_km": 2.3, "persistence": 0.182, "mean_cover": 2.739, "max_cover": 22.254, "trend_cover": 0.6988, "hot": 0.2398, "n_obs": 22}}, {"type": "Feature", "id": 943, "geometry": {"type": "Polygon", "coordinates": [[[39.849399, 43.478931], [39.846177, 43.474916], [39.849526, 43.470646], [39.856097, 43.470389], [39.859319, 43.474404], [39.85597, 43.478674], [39.849399, 43.478931]]]}, "properties": {"i": 943, "h3": "882d568dedfffff", "lon": 39.85275, "lat": 43.47466, "water_km2": 0.722, "dist_coast_km": 3.3, "persistence": 0.0, "mean_cover": 0.0, "max_cover": 0.0, "trend_cover": 0.0, "hot": 0.0, "n_obs": 22}}, {"type": "Feature", "id": 944, "geometry": {"type": "Polygon", "coordinates": [[[39.739608, 43.561814], [39.736386, 43.557798], [39.739747, 43.553531], [39.746329, 43.55328], [39.749552, 43.557295], [39.746192, 43.561562], [39.739608, 43.561814]]]}, "properties": {"i": 944, "h3": "882d568e01fffff", "lon": 39.74297, "lat": 43.55755, "water_km2": 0.742, "dist_coast_km": 1.9, "persistence": 0.182, "mean_cover": 3.745, "max_cover": 32.218, "trend_cover": -0.2566, "hot": 0.2831, "n_obs": 22}}, {"type": "Feature", "id": 945, "geometry": {"type": "Polygon", "coordinates": [[[39.749414, 43.565576], [39.746192, 43.561562], [39.749552, 43.557295], [39.756134, 43.557042], [39.759357, 43.561057], [39.755998, 43.565324], [39.749414, 43.565576]]]}, "properties": {"i": 945, "h3": "882d568e03fffff", "lon": 39.75277, "lat": 43.56131, "water_km2": 0.342, "dist_coast_km": 1.3, "persistence": 0.0, "mean_cover": 0.0, "max_cover": 0.0, "trend_cover": 0.0, "hot": 0.0, "n_obs": 22}}, {"type": "Feature", "id": 946, "geometry": {"type": "Polygon", "coordinates": [[[39.739747, 43.553531], [39.736525, 43.549516], [39.739885, 43.545249], [39.746467, 43.544997], [39.749689, 43.549012], [39.746329, 43.55328], [39.739747, 43.553531]]]}, "properties": {"i": 946, "h3": "882d568e05fffff", "lon": 39.74311, "lat": 43.54926, "water_km2": 0.72, "dist_coast_km": 3.3, "persistence": 0.136, "mean_cover": 4.778, "max_cover": 52.832, "trend_cover": 0.7371, "hot": 0.2392, "n_obs": 22}}, {"type": "Feature", "id": 947, "geometry": {"type": "Polygon", "coordinates": [[[39.749552, 43.557295], [39.746329, 43.55328], [39.749689, 43.549012], [39.756271, 43.54876], [39.759494, 43.552775], [39.756134, 43.557042], [39.749552, 43.557295]]]}, "properties": {"i": 947, "h3": "882d568e07fffff", "lon": 39.75291, "lat": 43.55303, "water_km2": 0.748, "dist_coast_km": 1.3, "persistence": 0.273, "mean_cover": 2.647, "max_cover": 18.362, "trend_cover": 0.3911, "hot": 0.3529, "n_obs": 22}}, {"type": "Feature", "id": 948, "geometry": {"type": "Polygon", "coordinates": [[[39.729663, 43.566332], [39.726441, 43.562316], [39.729802, 43.55805], [39.736386, 43.557798], [39.739608, 43.561814], [39.736247, 43.56608], [39.729663, 43.566332]]]}, "properties": {"i": 948, "h3": "882d568e09fffff", "lon": 39.73302, "lat": 43.56207, "water_km2": 0.735, "dist_coast_km": 1.9, "persistence": 0.091, "mean_cover": 1.843, "max_cover": 30.412, "trend_cover": -0.3632, "hot": 0.095, "n_obs": 22}}, {"type": "Feature", "id": 949, "geometry": {"type": "Polygon", "coordinates": [[[39.73947, 43.570095], [39.736247, 43.56608], [39.739608, 43.561814], [39.746192, 43.561562], [39.749414, 43.565576], [39.746054, 43.569843], [39.73947, 43.570095]]]}, "properties": {"i": 949, "h3": "882d568e0bfffff", "lon": 39.74283, "lat": 43.56583, "water_km2": 0.2, "dist_coast_km": 1.9, "persistence": 0.0, "mean_cover": 0.0, "max_cover": 0.0, "trend_cover": 0.0, "hot": 0.0, "n_obs": 22}}, {"type": "Feature", "id": 950, "geometry": {"type": "Polygon", "coordinates": [[[39.729802, 43.55805], [39.72658, 43.554034], [39.729942, 43.549767], [39.736525, 43.549516], [39.739747, 43.553531], [39.736386, 43.557798], [39.729802, 43.55805]]]}, "properties": {"i": 950, "h3": "882d568e0dfffff", "lon": 39.73316, "lat": 43.55378, "water_km2": 0.728, "dist_coast_km": 1.9, "persistence": 0.227, "mean_cover": 4.783, "max_cover": 39.35, "trend_cover": 0.6055, "hot": 0.3989, "n_obs": 22}}, {"type": "Feature", "id": 951, "geometry": {"type": "Polygon", "coordinates": [[[39.749827, 43.54073], [39.746605, 43.536714], [39.749964, 43.532446], [39.756544, 43.532194], [39.759766, 43.53621], [39.756408, 43.540478], [39.749827, 43.54073]]]}, "properties": {"i": 951, "h3": "882d568e21fffff", "lon": 39.75319, "lat": 43.53646, "water_km2": 0.732, "dist_coast_km": 2.3, "persistence": 0.182, "mean_cover": 1.971, "max_cover": 14.455, "trend_cover": 0.1625, "hot": 0.198, "n_obs": 22}}, {"type": "Feature", "id": 952, "geometry": {"type": "Polygon", "coordinates": [[[39.75963, 43.544493], [39.756408, 43.540478], [39.759766, 43.53621], [39.766347, 43.535957], [39.769569, 43.539972], [39.766211, 43.54424], [39.75963, 43.544493]]]}, "properties": {"i": 952, "h3": "882d568e23fffff", "lon": 39.76299, "lat": 43.54023, "water_km2": 0.732, "dist_coast_km": 1.9, "persistence": 0.182, "mean_cover": 2.336, "max_cover": 15.526, "trend_cover": -0.1178, "hot": 0.2191, "n_obs": 22}}, {"type": "Feature", "id": 953, "geometry": {"type": "Polygon", "coordinates": [[[39.749964, 43.532446], [39.746742, 43.52843], [39.750101, 43.524162], [39.756681, 43.52391], [39.759903, 43.527926], [39.756544, 43.532194], [39.749964, 43.532446]]]}, "properties": {"i": 953, "h3": "882d568e25fffff", "lon": 39.75332, "lat": 43.52818, "water_km2": 0.74, "dist_coast_km": 3.9, "persistence": 0.0, "mean_cover": 0.0, "max_cover": 0.0, "trend_cover": 0.0, "hot": 0.0, "n_obs": 22}}, {"type": "Feature", "id": 954, "geometry": {"type": "Polygon", "coordinates": [[[39.759766, 43.53621], [39.756544, 43.532194], [39.759903, 43.527926], [39.766482, 43.527674], [39.769704, 43.531689], [39.766347, 43.535957], [39.759766, 43.53621]]]}, "properties": {"i": 954, "h3": "882d568e27fffff", "lon": 39.76312, "lat": 43.53194, "water_km2": 0.728, "dist_coast_km": 3.3, "persistence": 0.045, "mean_cover": 0.735, "max_cover": 16.171, "trend_cover": 0.2157, "hot": 0.025, "n_obs": 22}}, {"type": "Feature", "id": 955, "geometry": {"type": "Polygon", "coordinates": [[[39.739885, 43.545249], [39.736663, 43.541233], [39.740023, 43.536965], [39.746605, 43.536714], [39.749827, 43.54073], [39.746467, 43.544997], [39.739885, 43.545249]]]}, "properties": {"i": 955, "h3": "882d568e29fffff", "lon": 39.74325, "lat": 43.54098, "water_km2": 0.74, "dist_coast_km": 3.3, "persistence": 0.091, "mean_cover": 2.096, "max_cover": 27.557, "trend_cover": 0.2029, "hot": 0.1027, "n_obs": 22}}, {"type": "Feature", "id": 956, "geometry": {"type": "Polygon", "coordinates": [[[39.749689, 43.549012], [39.746467, 43.544997], [39.749827, 43.54073], [39.756408, 43.540478], [39.75963, 43.544493], [39.756271, 43.54876], [39.749689, 43.549012]]]}, "properties": {"i": 956, "h3": "882d568e2bfffff", "lon": 39.75305, "lat": 43.54475, "water_km2": 0.728, "dist_coast_km": 2.3, "persistence": 0.091, "mean_cover": 1.103, "max_cover": 15.632, "trend_cover": 0.0677, "hot": 0.0676, "n_obs": 22}}, {"type": "Feature", "id": 957, "geometry": {"type": "Polygon", "coordinates": [[[39.740023, 43.536965], [39.736802, 43.532949], [39.740162, 43.528681], [39.746742, 43.52843], [39.749964, 43.532446], [39.746605, 43.536714], [39.740023, 43.536965]]]}, "properties": {"i": 957, "h3": "882d568e2dfffff", "lon": 39.74338, "lat": 43.5327, "water_km2": 0.732, "dist_coast_km": 4.6, "persistence": 0.045, "mean_cover": 0.876, "max_cover": 19.273, "trend_cover": 0.1751, "hot": 0.0286, "n_obs": 22}}, {"type": "Feature", "id": 958, "geometry": {"type": "Polygon", "coordinates": [[[39.769298, 43.556536], [39.766075, 43.552522], [39.769434, 43.548255], [39.776014, 43.548001], [39.779237, 43.552015], [39.77588, 43.556283], [39.769298, 43.556536]]]}, "properties": {"i": 958, "h3": "882d568e31fffff", "lon": 39.77266, "lat": 43.55227, "water_km2": 0.127, "dist_coast_km": 0.0, "persistence": 0.0, "mean_cover": 0.0, "max_cover": 0.0, "trend_cover": 0.0, "hot": 0.0, "n_obs": 22}}, {"type": "Feature", "id": 959, "geometry": {"type": "Polygon", "coordinates": [[[39.769434, 43.548255], [39.766211, 43.54424], [39.769569, 43.539972], [39.776149, 43.539719], [39.779372, 43.543734], [39.776014, 43.548001], [39.769434, 43.548255]]]}, "properties": {"i": 959, "h3": "882d568e35fffff", "lon": 39.77279, "lat": 43.54399, "water_km2": 0.735, "dist_coast_km": 1.9, "persistence": 0.0, "mean_cover": 0.0, "max_cover": 0.0, "trend_cover": 0.0, "hot": 0.0, "n_obs": 22}}, {"type": "Feature", "id": 960, "geometry": {"type": "Polygon", "coordinates": [[[39.779237, 43.552015], [39.776014, 43.548001], [39.779372, 43.543734], [39.785952, 43.54348], [39.789175, 43.547494], [39.785818, 43.551762], [39.779237, 43.552015]]]}, "properties": {"i": 960, "h3": "882d568e37fffff", "lon": 39.78259, "lat": 43.54775, "water_km2": 0.184, "dist_coast_km": 1.3, "persistence": 0.0, "mean_cover": 0.0, "max_cover": 0.0, "trend_cover": 0.0, "hot": 0.0, "n_obs": 22}}, {"type": "Feature", "id": 961, "geometry": {"type": "Polygon", "coordinates": [[[39.759357, 43.561057], [39.756134, 43.557042], [39.759494, 43.552775], [39.766075, 43.552522], [39.769298, 43.556536], [39.765939, 43.560804], [39.759357, 43.561057]]]}, "properties": {"i": 961, "h3": "882d568e39fffff", "lon": 39.76272, "lat": 43.55679, "water_km2": 0.239, "dist_coast_km": 1.3, "persistence": 0.0, "mean_cover": 0.0, "max_cover": 0.0, "trend_cover": 0.0, "hot": 0.0, "n_obs": 22}}, {"type": "Feature", "id": 962, "geometry": {"type": "Polygon", "coordinates": [[[39.759494, 43.552775], [39.756271, 43.54876], [39.75963, 43.544493], [39.766211, 43.54424], [39.769434, 43.548255], [39.766075, 43.552522], [39.759494, 43.552775]]]}, "properties": {"i": 962, "h3": "882d568e3dfffff", "lon": 39.76285, "lat": 43.54851, "water_km2": 0.735, "dist_coast_km": 1.9, "persistence": 0.091, "mean_cover": 2.061, "max_cover": 38.949, "trend_cover": 0.2601, "hot": 0.1017, "n_obs": 22}}, {"type": "Feature", "id": 963, "geometry": {"type": "Polygon", "coordinates": [[[39.709908, 43.567084], [39.706687, 43.563067], [39.71005, 43.558801], [39.716634, 43.558551], [39.719856, 43.562567], [39.716494, 43.566833], [39.709908, 43.567084]]]}, "properties": {"i": 963, "h3": "882d568e41fffff", "lon": 39.71327, "lat": 43.56282, "water_km2": 0.732, "dist_coast_km": 2.3, "persistence": 0.182, "mean_cover": 2.677, "max_cover": 20.344, "trend_cover": -0.3513, "hot": 0.2367, "n_obs": 22}}, {"type": "Feature", "id": 964, "geometry": {"type": "Polygon", "coordinates": [[[39.719716, 43.570849], [39.716494, 43.566833], [39.719856, 43.562567], [39.726441, 43.562316], [39.729663, 43.566332], [39.726301, 43.570598], [39.719716, 43.570849]]]}, "properties": {"i": 964, "h3": "882d568e43fffff", "lon": 39.72308, "lat": 43.56658, "water_km2": 0.732, "dist_coast_km": 2.3, "persistence": 0.182, "mean_cover": 2.604, "max_cover": 18.203, "trend_cover": -0.201, "hot": 0.2331, "n_obs": 22}}, {"type": "Feature", "id": 965, "geometry": {"type": "Polygon", "coordinates": [[[39.71005, 43.558801], [39.706828, 43.554785], [39.710191, 43.550518], [39.716775, 43.550268], [39.719997, 43.554284], [39.716634, 43.558551], [39.71005, 43.558801]]]}, "properties": {"i": 965, "h3": "882d568e45fffff", "lon": 39.71341, "lat": 43.55453, "water_km2": 0.738, "dist_coast_km": 2.3, "persistence": 0.136, "mean_cover": 1.384, "max_cover": 17.689, "trend_cover": 0.2116, "hot": 0.1185, "n_obs": 22}}, {"type": "Feature", "id": 966, "geometry": {"type": "Polygon", "coordinates": [[[39.719856, 43.562567], [39.716634, 43.558551], [39.719997, 43.554284], [39.72658, 43.554034], [39.729802, 43.55805], [39.726441, 43.562316], [39.719856, 43.562567]]]}, "properties": {"i": 966, "h3": "882d568e47fffff", "lon": 39.72322, "lat": 43.5583, "water_km2": 0.73, "dist_coast_km": 2.3, "persistence": 0.318, "mean_cover": 5.33, "max_cover": 29.009, "trend_cover": -0.3358, "hot": 0.5872, "n_obs": 22}}, {"type": "Feature", "id": 967, "geometry": {"type": "Polygon", "coordinates": [[[39.699959, 43.5716], [39.696737, 43.567583], [39.700101, 43.563317], [39.706687, 43.563067], [39.709908, 43.567084], [39.706545, 43.57135], [39.699959, 43.5716]]]}, "properties": {"i": 967, "h3": "882d568e49fffff", "lon": 39.70332, "lat": 43.56733, "water_km2": 0.742, "dist_coast_km": 2.3, "persistence": 0.045, "mean_cover": 0.72, "max_cover": 15.845, "trend_cover": -0.1504, "hot": 0.0247, "n_obs": 22}}, {"type": "Feature", "id": 968, "geometry": {"type": "Polygon", "coordinates": [[[39.709767, 43.575366], [39.706545, 43.57135], [39.709908, 43.567084], [39.716494, 43.566833], [39.719716, 43.570849], [39.716353, 43.575115], [39.709767, 43.575366]]]}, "properties": {"i": 968, "h3": "882d568e4bfffff", "lon": 39.71313, "lat": 43.5711, "water_km2": 0.718, "dist_coast_km": 1.3, "persistence": 0.227, "mean_cover": 3.674, "max_cover": 40.963, "trend_cover": -0.5368, "hot": 0.3505, "n_obs": 22}}, {"type": "Feature", "id": 969, "geometry": {"type": "Polygon", "coordinates": [[[39.700101, 43.563317], [39.69688, 43.5593], [39.700244, 43.555034], [39.706828, 43.554785], [39.71005, 43.558801], [39.706687, 43.563067], [39.700101, 43.563317]]]}, "properties": {"i": 969, "h3": "882d568e4dfffff", "lon": 39.70347, "lat": 43.55905, "water_km2": 0.73, "dist_coast_km": 3.3, "persistence": 0.136, "mean_cover": 1.685, "max_cover": 14.504, "trend_cover": -0.3143, "hot": 0.1347, "n_obs": 22}}, {"type": "Feature", "id": 970, "geometry": {"type": "Polygon", "coordinates": [[[39.729523, 43.574613], [39.726301, 43.570598], [39.729663, 43.566332], [39.736247, 43.56608], [39.73947, 43.570095], [39.736108, 43.574362], [39.729523, 43.574613]]]}, "properties": {"i": 970, "h3": "882d568e55fffff", "lon": 39.73289, "lat": 43.57035, "water_km2": 0.155, "dist_coast_km": 0.0, "persistence": 0.0, "mean_cover": 0.0, "max_cover": 0.0, "trend_cover": 0.0, "hot": 0.0, "n_obs": 22}}, {"type": "Feature", "id": 971, "geometry": {"type": "Polygon", "coordinates": [[[39.719435, 43.587411], [39.716212, 43.583396], [39.719575, 43.57913], [39.726161, 43.578879], [39.729384, 43.582894], [39.726021, 43.58716], [39.719435, 43.587411]]]}, "properties": {"i": 971, "h3": "882d568e59fffff", "lon": 39.7228, "lat": 43.58315, "water_km2": 0.007, "dist_coast_km": 1.3, "persistence": 0.0, "mean_cover": 0.0, "max_cover": 0.0, "trend_cover": 0.0, "hot": 0.0, "n_obs": 21}}, {"type": "Feature", "id": 972, "geometry": {"type": "Polygon", "coordinates": [[[39.719575, 43.57913], [39.716353, 43.575115], [39.719716, 43.570849], [39.726301, 43.570598], [39.729523, 43.574613], [39.726161, 43.578879], [39.719575, 43.57913]]]}, "properties": {"i": 972, "h3": "882d568e5dfffff", "lon": 39.72294, "lat": 43.57486, "water_km2": 0.391, "dist_coast_km": 1.3, "persistence": 0.0, "mean_cover": 0.0, "max_cover": 0.0, "trend_cover": 0.0, "hot": 0.0, "n_obs": 22}}, {"type": "Feature", "id": 973, "geometry": {"type": "Polygon", "coordinates": [[[39.720137, 43.546001], [39.716916, 43.541984], [39.720277, 43.537717], [39.72686, 43.537467], [39.730081, 43.541484], [39.72672, 43.545751], [39.720137, 43.546001]]]}, "properties": {"i": 973, "h3": "882d568e61fffff", "lon": 39.7235, "lat": 43.54173, "water_km2": 0.725, "dist_coast_km": 3.9, "persistence": 0.045, "mean_cover": 1.328, "max_cover": 29.209, "trend_cover": 0.3522, "hot": 0.0384, "n_obs": 22}}, {"type": "Feature", "id": 974, "geometry": {"type": "Polygon", "coordinates": [[[39.729942, 43.549767], [39.72672, 43.545751], [39.730081, 43.541484], [39.736663, 43.541233], [39.739885, 43.545249], [39.736525, 43.549516], [39.729942, 43.549767]]]}, "properties": {"i": 974, "h3": "882d568e63fffff", "lon": 39.7333, "lat": 43.5455, "water_km2": 0.745, "dist_coast_km": 3.3, "persistence": 0.0, "mean_cover": 0.0, "max_cover": 0.0, "trend_cover": 0.0, "hot": 0.0, "n_obs": 22}}, {"type": "Feature", "id": 975, "geometry": {"type": "Polygon", "coordinates": [[[39.720277, 43.537717], [39.717057, 43.5337], [39.720418, 43.529433], [39.726999, 43.529183], [39.73022, 43.5332], [39.72686, 43.537467], [39.720277, 43.537717]]]}, "properties": {"i": 975, "h3": "882d568e65fffff", "lon": 39.72364, "lat": 43.53345, "water_km2": 0.742, "dist_coast_km": 3.9, "persistence": 0.0, "mean_cover": 0.0, "max_cover": 0.0, "trend_cover": 0.0, "hot": 0.0, "n_obs": 22}}, {"type": "Feature", "id": 976, "geometry": {"type": "Polygon", "coordinates": [[[39.730081, 43.541484], [39.72686, 43.537467], [39.73022, 43.5332], [39.736802, 43.532949], [39.740023, 43.536965], [39.736663, 43.541233], [39.730081, 43.541484]]]}, "properties": {"i": 976, "h3": "882d568e67fffff", "lon": 39.73344, "lat": 43.53722, "water_km2": 0.722, "dist_coast_km": 3.3, "persistence": 0.0, "mean_cover": 0.0, "max_cover": 0.0, "trend_cover": 0.0, "hot": 0.0, "n_obs": 22}}, {"type": "Feature", "id": 977, "geometry": {"type": "Polygon", "coordinates": [[[39.710191, 43.550518], [39.70697, 43.546501], [39.710333, 43.542234], [39.716916, 43.541984], [39.720137, 43.546001], [39.716775, 43.550268], [39.710191, 43.550518]]]}, "properties": {"i": 977, "h3": "882d568e69fffff", "lon": 39.71355, "lat": 43.54625, "water_km2": 0.73, "dist_coast_km": 3.9, "persistence": 0.045, "mean_cover": 0.415, "max_cover": 9.132, "trend_cover": -0.067, "hot": 0.0158, "n_obs": 22}}, {"type": "Feature", "id": 978, "geometry": {"type": "Polygon", "coordinates": [[[39.719997, 43.554284], [39.716775, 43.550268], [39.720137, 43.546001], [39.72672, 43.545751], [39.729942, 43.549767], [39.72658, 43.554034], [39.719997, 43.554284]]]}, "properties": {"i": 978, "h3": "882d568e6bfffff", "lon": 39.72336, "lat": 43.55002, "water_km2": 0.74, "dist_coast_km": 2.3, "persistence": 0.182, "mean_cover": 2.433, "max_cover": 21.728, "trend_cover": 0.5027, "hot": 0.2243, "n_obs": 22}}, {"type": "Feature", "id": 979, "geometry": {"type": "Polygon", "coordinates": [[[39.710333, 43.542234], [39.707112, 43.538217], [39.710474, 43.53395], [39.717057, 43.5337], [39.720277, 43.537717], [39.716916, 43.541984], [39.710333, 43.542234]]]}, "properties": {"i": 979, "h3": "882d568e6dfffff", "lon": 39.71369, "lat": 43.53797, "water_km2": 0.742, "dist_coast_km": 3.9, "persistence": 0.0, "mean_cover": 0.0, "max_cover": 0.0, "trend_cover": 0.0, "hot": 0.0, "n_obs": 22}}, {"type": "Feature", "id": 980, "geometry": {"type": "Polygon", "coordinates": [[[39.740577, 43.503826], [39.737356, 43.499808], [39.740715, 43.495539], [39.747293, 43.495289], [39.750513, 43.499307], [39.747155, 43.503575], [39.740577, 43.503826]]]}, "properties": {"i": 980, "h3": "882d568f01fffff", "lon": 39.74393, "lat": 43.49956, "water_km2": 0.74, "dist_coast_km": 7.7, "persistence": 0.0, "mean_cover": 0.0, "max_cover": 0.0, "trend_cover": 0.0, "hot": 0.0, "n_obs": 22}}, {"type": "Feature", "id": 981, "geometry": {"type": "Polygon", "coordinates": [[[39.750376, 43.507592], [39.747155, 43.503575], [39.750513, 43.499307], [39.757091, 43.499055], [39.760311, 43.503072], [39.756954, 43.507341], [39.750376, 43.507592]]]}, "properties": {"i": 981, "h3": "882d568f03fffff", "lon": 39.75373, "lat": 43.50332, "water_km2": 0.722, "dist_coast_km": 5.5, "persistence": 0.0, "mean_cover": 0.0, "max_cover": 0.0, "trend_cover": 0.0, "hot": 0.0, "n_obs": 22}}, {"type": "Feature", "id": 982, "geometry": {"type": "Polygon", "coordinates": [[[39.740715, 43.495539], [39.737495, 43.491521], [39.740853, 43.487252], [39.74743, 43.487002], [39.75065, 43.49102], [39.747293, 43.495289], [39.740715, 43.495539]]]}, "properties": {"i": 982, "h3": "882d568f05fffff", "lon": 39.74407, "lat": 43.49127, "water_km2": 0.73, "dist_coast_km": 7.7, "persistence": 0.0, "mean_cover": 0.0, "max_cover": 0.0, "trend_cover": 0.0, "hot": 0.0, "n_obs": 22}}, {"type": "Feature", "id": 983, "geometry": {"type": "Polygon", "coordinates": [[[39.750513, 43.499307], [39.747293, 43.495289], [39.75065, 43.49102], [39.757227, 43.490769], [39.760448, 43.494786], [39.757091, 43.499055], [39.750513, 43.499307]]]}, "properties": {"i": 983, "h3": "882d568f07fffff", "lon": 39.75387, "lat": 43.49504, "water_km2": 0.738, "dist_coast_km": 6.9, "persistence": 0.0, "mean_cover": 0.0, "max_cover": 0.0, "trend_cover": 0.0, "hot": 0.0, "n_obs": 22}}, {"type": "Feature", "id": 984, "geometry": {"type": "Polygon", "coordinates": [[[39.730638, 43.508344], [39.727418, 43.504326], [39.730778, 43.500058], [39.737356, 43.499808], [39.740577, 43.503826], [39.737218, 43.508094], [39.730638, 43.508344]]]}, "properties": {"i": 984, "h3": "882d568f09fffff", "lon": 39.734, "lat": 43.50408, "water_km2": 0.745, "dist_coast_km": 6.2, "persistence": 0.0, "mean_cover": 0.0, "max_cover": 0.0, "trend_cover": 0.0, "hot": 0.0, "n_obs": 22}}, {"type": "Feature", "id": 985, "geometry": {"type": "Polygon", "coordinates": [[[39.740438, 43.512112], [39.737218, 43.508094], [39.740577, 43.503826], [39.747155, 43.503575], [39.750376, 43.507592], [39.747018, 43.511861], [39.740438, 43.512112]]]}, "properties": {"i": 985, "h3": "882d568f0bfffff", "lon": 39.7438, "lat": 43.50784, "water_km2": 0.722, "dist_coast_km": 6.2, "persistence": 0.045, "mean_cover": 0.345, "max_cover": 7.599, "trend_cover": -0.0235, "hot": 0.0135, "n_obs": 22}}, {"type": "Feature", "id": 986, "geometry": {"type": "Polygon", "coordinates": [[[39.730778, 43.500058], [39.727558, 43.49604], [39.730917, 43.491771], [39.737495, 43.491521], [39.740715, 43.495539], [39.737356, 43.499808], [39.730778, 43.500058]]]}, "properties": {"i": 986, "h3": "882d568f0dfffff", "lon": 39.73414, "lat": 43.49579, "water_km2": 0.728, "dist_coast_km": 7.7, "persistence": 0.0, "mean_cover": 0.0, "max_cover": 0.0, "trend_cover": 0.0, "hot": 0.0, "n_obs": 22}}, {"type": "Feature", "id": 987, "geometry": {"type": "Polygon", "coordinates": [[[39.760039, 43.519642], [39.756818, 43.515626], [39.760175, 43.511358], [39.766754, 43.511106], [39.769975, 43.515122], [39.766618, 43.51939], [39.760039, 43.519642]]]}, "properties": {"i": 987, "h3": "882d568f11fffff", "lon": 39.7634, "lat": 43.51537, "water_km2": 0.722, "dist_coast_km": 4.6, "persistence": 0.0, "mean_cover": 0.0, "max_cover": 0.0, "trend_cover": 0.0, "hot": 0.0, "n_obs": 22}}, {"type": "Feature", "id": 988, "geometry": {"type": "Polygon", "coordinates": [[[39.76984, 43.523406], [39.766618, 43.51939], [39.769975, 43.515122], [39.776553, 43.514869], [39.779775, 43.518885], [39.776418, 43.523153], [39.76984, 43.523406]]]}, "properties": {"i": 988, "h3": "882d568f13fffff", "lon": 39.7732, "lat": 43.51914, "water_km2": 0.745, "dist_coast_km": 3.3, "persistence": 0.0, "mean_cover": 0.0, "max_cover": 0.0, "trend_cover": 0.0, "hot": 0.0, "n_obs": 22}}, {"type": "Feature", "id": 989, "geometry": {"type": "Polygon", "coordinates": [[[39.760175, 43.511358], [39.756954, 43.507341], [39.760311, 43.503072], [39.766889, 43.502821], [39.77011, 43.506837], [39.766754, 43.511106], [39.760175, 43.511358]]]}, "properties": {"i": 989, "h3": "882d568f15fffff", "lon": 39.76353, "lat": 43.50709, "water_km2": 0.74, "dist_coast_km": 4.6, "persistence": 0.0, "mean_cover": 0.0, "max_cover": 0.0, "trend_cover": 0.0, "hot": 0.0, "n_obs": 22}}, {"type": "Feature", "id": 990, "geometry": {"type": "Polygon", "coordinates": [[[39.769975, 43.515122], [39.766754, 43.511106], [39.77011, 43.506837], [39.776688, 43.506585], [39.779909, 43.5106], [39.776553, 43.514869], [39.769975, 43.515122]]]}, "properties": {"i": 990, "h3": "882d568f17fffff", "lon": 39.77333, "lat": 43.51085, "water_km2": 0.728, "dist_coast_km": 4.6, "persistence": 0.0, "mean_cover": 0.0, "max_cover": 0.0, "trend_cover": 0.0, "hot": 0.0, "n_obs": 22}}, {"type": "Feature", "id": 991, "geometry": {"type": "Polygon", "coordinates": [[[39.750101, 43.524162], [39.74688, 43.520146], [39.750239, 43.515878], [39.756818, 43.515626], [39.760039, 43.519642], [39.756681, 43.52391], [39.750101, 43.524162]]]}, "properties": {"i": 991, "h3": "882d568f19fffff", "lon": 39.75346, "lat": 43.51989, "water_km2": 0.725, "dist_coast_km": 3.9, "persistence": 0.045, "mean_cover": 0.91, "max_cover": 20.014, "trend_cover": 0.2413, "hot": 0.0294, "n_obs": 22}}, {"type": "Feature", "id": 992, "geometry": {"type": "Polygon", "coordinates": [[[39.759903, 43.527926], [39.756681, 43.52391], [39.760039, 43.519642], [39.766618, 43.51939], [39.76984, 43.523406], [39.766482, 43.527674], [39.759903, 43.527926]]]}, "properties": {"i": 992, "h3": "882d568f1bfffff", "lon": 39.76326, "lat": 43.52366, "water_km2": 0.742, "dist_coast_km": 3.3, "persistence": 0.0, "mean_cover": 0.0, "max_cover": 0.0, "trend_cover": 0.0, "hot": 0.0, "n_obs": 22}}, {"type": "Feature", "id": 993, "geometry": {"type": "Polygon", "coordinates": [[[39.750239, 43.515878], [39.747018, 43.511861], [39.750376, 43.507592], [39.756954, 43.507341], [39.760175, 43.511358], [39.756818, 43.515626], [39.750239, 43.515878]]]}, "properties": {"i": 993, "h3": "882d568f1dfffff", "lon": 39.7536, "lat": 43.51161, "water_km2": 0.75, "dist_coast_km": 5.5, "persistence": 0.0, "mean_cover": 0.0, "max_cover": 0.0, "trend_cover": 0.0, "hot": 0.0, "n_obs": 22}}, {"type": "Feature", "id": 994, "geometry": {"type": "Polygon", "coordinates": [[[39.750787, 43.482733], [39.747568, 43.478715], [39.750925, 43.474445], [39.7575, 43.474195], [39.76072, 43.478213], [39.757364, 43.482482], [39.750787, 43.482733]]]}, "properties": {"i": 994, "h3": "882d568f21fffff", "lon": 39.75414, "lat": 43.47846, "water_km2": 0.722, "dist_coast_km": 8.4, "persistence": 0.0, "mean_cover": 0.0, "max_cover": 0.0, "trend_cover": 0.0, "hot": 0.0, "n_obs": 22}}, {"type": "Feature", "id": 995, "geometry": {"type": "Polygon", "coordinates": [[[39.760584, 43.4865], [39.757364, 43.482482], [39.76072, 43.478213], [39.767296, 43.477962], [39.770516, 43.481979], [39.76716, 43.486248], [39.760584, 43.4865]]]}, "properties": {"i": 995, "h3": "882d568f23fffff", "lon": 39.76394, "lat": 43.48223, "water_km2": 0.745, "dist_coast_km": 7.7, "persistence": 0.0, "mean_cover": 0.0, "max_cover": 0.0, "trend_cover": 0.0, "hot": 0.0, "n_obs": 22}}, {"type": "Feature", "id": 996, "geometry": {"type": "Polygon", "coordinates": [[[39.750925, 43.474445], [39.747705, 43.470427], [39.751062, 43.466157], [39.757637, 43.465907], [39.760856, 43.469925], [39.7575, 43.474195], [39.750925, 43.474445]]]}, "properties": {"i": 996, "h3": "882d568f25fffff", "lon": 39.75428, "lat": 43.47018, "water_km2": 0.75, "dist_coast_km": 8.4, "persistence": 0.409, "mean_cover": 5.946, "max_cover": 53.856, "trend_cover": -0.1164, "hot": 0.7929, "n_obs": 22}}, {"type": "Feature", "id": 997, "geometry": {"type": "Polygon", "coordinates": [[[39.76072, 43.478213], [39.7575, 43.474195], [39.760856, 43.469925], [39.767431, 43.469674], [39.770651, 43.473692], [39.767296, 43.477962], [39.76072, 43.478213]]]}, "properties": {"i": 997, "h3": "882d568f27fffff", "lon": 39.76408, "lat": 43.47394, "water_km2": 0.728, "dist_coast_km": 7.7, "persistence": 0.0, "mean_cover": 0.0, "max_cover": 0.0, "trend_cover": 0.0, "hot": 0.0, "n_obs": 22}}, {"type": "Feature", "id": 998, "geometry": {"type": "Polygon", "coordinates": [[[39.740853, 43.487252], [39.737633, 43.483234], [39.740991, 43.478965], [39.747568, 43.478715], [39.750787, 43.482733], [39.74743, 43.487002], [39.740853, 43.487252]]]}, "properties": {"i": 998, "h3": "882d568f29fffff", "lon": 39.74421, "lat": 43.48298, "water_km2": 0.73, "dist_coast_km": 9.2, "persistence": 0.0, "mean_cover": 0.0, "max_cover": 0.0, "trend_cover": 0.0, "hot": 0.0, "n_obs": 22}}, {"type": "Feature", "id": 999, "geometry": {"type": "Polygon", "coordinates": [[[39.75065, 43.49102], [39.74743, 43.487002], [39.750787, 43.482733], [39.757364, 43.482482], [39.760584, 43.4865], [39.757227, 43.490769], [39.75065, 43.49102]]]}, "properties": {"i": 999, "h3": "882d568f2bfffff", "lon": 39.75401, "lat": 43.48675, "water_km2": 0.738, "dist_coast_km": 6.9, "persistence": 0.045, "mean_cover": 0.967, "max_cover": 21.27, "trend_cover": -0.1561, "hot": 0.0307, "n_obs": 22}}, {"type": "Feature", "id": 1000, "geometry": {"type": "Polygon", "coordinates": [[[39.740991, 43.478965], [39.737772, 43.474946], [39.741129, 43.470677], [39.747705, 43.470427], [39.750925, 43.474445], [39.747568, 43.478715], [39.740991, 43.478965]]]}, "properties": {"i": 1000, "h3": "882d568f2dfffff", "lon": 39.74435, "lat": 43.4747, "water_km2": 0.742, "dist_coast_km": 9.2, "persistence": 0.0, "mean_cover": 0.0, "max_cover": 0.0, "trend_cover": 0.0, "hot": 0.0, "n_obs": 22}}, {"type": "Feature", "id": 1001, "geometry": {"type": "Polygon", "coordinates": [[[39.770245, 43.498552], [39.767025, 43.494535], [39.770381, 43.490266], [39.776957, 43.490014], [39.780178, 43.49403], [39.776822, 43.498299], [39.770245, 43.498552]]]}, "properties": {"i": 1001, "h3": "882d568f31fffff", "lon": 39.7736, "lat": 43.49428, "water_km2": 0.738, "dist_coast_km": 6.2, "persistence": 0.0, "mean_cover": 0.0, "max_cover": 0.0, "trend_cover": 0.0, "hot": 0.0, "n_obs": 22}}, {"type": "Feature", "id": 1002, "geometry": {"type": "Polygon", "coordinates": [[[39.780043, 43.502316], [39.776822, 43.498299], [39.780178, 43.49403], [39.786754, 43.493777], [39.789975, 43.497794], [39.78662, 43.502063], [39.780043, 43.502316]]]}, "properties": {"i": 1002, "h3": "882d568f33fffff", "lon": 39.7834, "lat": 43.49805, "water_km2": 0.73, "dist_coast_km": 5.5, "persistence": 0.0, "mean_cover": 0.0, "max_cover": 0.0, "trend_cover": 0.0, "hot": 0.0, "n_obs": 22}}, {"type": "Feature", "id": 1003, "geometry": {"type": "Polygon", "coordinates": [[[39.770381, 43.490266], [39.76716, 43.486248], [39.770516, 43.481979], [39.777091, 43.481727], [39.780312, 43.485744], [39.776957, 43.490014], [39.770381, 43.490266]]]}, "properties": {"i": 1003, "h3": "882d568f35fffff", "lon": 39.77374, "lat": 43.486, "water_km2": 0.725, "dist_coast_km": 6.2, "persistence": 0.0, "mean_cover": 0.0, "max_cover": 0.0, "trend_cover": 0.0, "hot": 0.0, "n_obs": 22}}, {"type": "Feature", "id": 1004, "geometry": {"type": "Polygon", "coordinates": [[[39.780178, 43.49403], [39.776957, 43.490014], [39.780312, 43.485744], [39.786887, 43.485492], [39.790108, 43.489508], [39.786754, 43.493777], [39.780178, 43.49403]]]}, "properties": {"i": 1004, "h3": "882d568f37fffff", "lon": 39.78353, "lat": 43.48976, "water_km2": 0.742, "dist_coast_km": 5.5, "persistence": 0.0, "mean_cover": 0.0, "max_cover": 0.0, "trend_cover": 0.0, "hot": 0.0, "n_obs": 22}}, {"type": "Feature", "id": 1005, "geometry": {"type": "Polygon", "coordinates": [[[39.760311, 43.503072], [39.757091, 43.499055], [39.760448, 43.494786], [39.767025, 43.494535], [39.770245, 43.498552], [39.766889, 43.502821], [39.760311, 43.503072]]]}, "properties": {"i": 1005, "h3": "882d568f39fffff", "lon": 39.76367, "lat": 43.4988, "water_km2": 0.735, "dist_coast_km": 6.2, "persistence": 0.0, "mean_cover": 0.0, "max_cover": 0.0, "trend_cover": 0.0, "hot": 0.0, "n_obs": 22}}, {"type": "Feature", "id": 1006, "geometry": {"type": "Polygon", "coordinates": [[[39.77011, 43.506837], [39.766889, 43.502821], [39.770245, 43.498552], [39.776822, 43.498299], [39.780043, 43.502316], [39.776688, 43.506585], [39.77011, 43.506837]]]}, "properties": {"i": 1006, "h3": "882d568f3bfffff", "lon": 39.77347, "lat": 43.50257, "water_km2": 0.73, "dist_coast_km": 4.6, "persistence": 0.0, "mean_cover": 0.0, "max_cover": 0.0, "trend_cover": 0.0, "hot": 0.0, "n_obs": 22}}, {"type": "Feature", "id": 1007, "geometry": {"type": "Polygon", "coordinates": [[[39.760448, 43.494786], [39.757227, 43.490769], [39.760584, 43.4865], [39.76716, 43.486248], [39.770381, 43.490266], [39.767025, 43.494535], [39.760448, 43.494786]]]}, "properties": {"i": 1007, "h3": "882d568f3dfffff", "lon": 39.7638, "lat": 43.49052, "water_km2": 0.725, "dist_coast_km": 6.2, "persistence": 0.0, "mean_cover": 0.0, "max_cover": 0.0, "trend_cover": 0.0, "hot": 0.0, "n_obs": 22}}, {"type": "Feature", "id": 1008, "geometry": {"type": "Polygon", "coordinates": [[[39.710898, 43.509093], [39.707678, 43.505074], [39.711039, 43.500806], [39.717619, 43.500557], [39.720839, 43.504576], [39.717478, 43.508844], [39.710898, 43.509093]]]}, "properties": {"i": 1008, "h3": "882d568f41fffff", "lon": 39.71426, "lat": 43.50483, "water_km2": 0.722, "dist_coast_km": 6.9, "persistence": 0.0, "mean_cover": 0.0, "max_cover": 0.0, "trend_cover": 0.0, "hot": 0.0, "n_obs": 22}}, {"type": "Feature", "id": 1009, "geometry": {"type": "Polygon", "coordinates": [[[39.720698, 43.512862], [39.717478, 43.508844], [39.720839, 43.504576], [39.727418, 43.504326], [39.730638, 43.508344], [39.727279, 43.512612], [39.720698, 43.512862]]]}, "properties": {"i": 1009, "h3": "882d568f43fffff", "lon": 39.72406, "lat": 43.50859, "water_km2": 0.748, "dist_coast_km": 6.9, "persistence": 0.0, "mean_cover": 0.0, "max_cover": 0.0, "trend_cover": 0.0, "hot": 0.0, "n_obs": 22}}, {"type": "Feature", "id": 1010, "geometry": {"type": "Polygon", "coordinates": [[[39.711039, 43.500806], [39.70782, 43.496787], [39.71118, 43.492519], [39.717759, 43.49227], [39.720979, 43.496289], [39.717619, 43.500557], [39.711039, 43.500806]]]}, "properties": {"i": 1010, "h3": "882d568f45fffff", "lon": 39.7144, "lat": 43.49654, "water_km2": 0.75, "dist_coast_km": 8.4, "persistence": 0.0, "mean_cover": 0.0, "max_cover": 0.0, "trend_cover": 0.0, "hot": 0.0, "n_obs": 22}}, {"type": "Feature", "id": 1011, "geometry": {"type": "Polygon", "coordinates": [[[39.720839, 43.504576], [39.717619, 43.500557], [39.720979, 43.496289], [39.727558, 43.49604], [39.730778, 43.500058], [39.727418, 43.504326], [39.720839, 43.504576]]]}, "properties": {"i": 1011, "h3": "882d568f47fffff", "lon": 39.7242, "lat": 43.50031, "water_km2": 0.728, "dist_coast_km": 6.9, "persistence": 0.0, "mean_cover": 0.0, "max_cover": 0.0, "trend_cover": 0.0, "hot": 0.0, "n_obs": 22}}, {"type": "Feature", "id": 1012, "geometry": {"type": "Polygon", "coordinates": [[[39.700955, 43.513609], [39.697736, 43.50959], [39.701098, 43.505323], [39.707678, 43.505074], [39.710898, 43.509093], [39.707537, 43.513361], [39.700955, 43.513609]]]}, "properties": {"i": 1012, "h3": "882d568f49fffff", "lon": 39.70432, "lat": 43.50934, "water_km2": 0.73, "dist_coast_km": 7.7, "persistence": 0.0, "mean_cover": 0.0, "max_cover": 0.0, "trend_cover": 0.0, "hot": 0.0, "n_obs": 22}}, {"type": "Feature", "id": 1013, "geometry": {"type": "Polygon", "coordinates": [[[39.710757, 43.517379], [39.707537, 43.513361], [39.710898, 43.509093], [39.717478, 43.508844], [39.720698, 43.512862], [39.717338, 43.51713], [39.710757, 43.517379]]]}, "properties": {"i": 1013, "h3": "882d568f4bfffff", "lon": 39.71412, "lat": 43.51311, "water_km2": 0.738, "dist_coast_km": 6.9, "persistence": 0.0, "mean_cover": 0.0, "max_cover": 0.0, "trend_cover": 0.0, "hot": 0.0, "n_obs": 22}}, {"type": "Feature", "id": 1014, "geometry": {"type": "Polygon", "coordinates": [[[39.701098, 43.505323], [39.697879, 43.501303], [39.70124, 43.497035], [39.70782, 43.496787], [39.711039, 43.500806], [39.707678, 43.505074], [39.701098, 43.505323]]]}, "properties": {"i": 1014, "h3": "882d568f4dfffff", "lon": 39.70446, "lat": 43.50105, "water_km2": 0.742, "dist_coast_km": 7.7, "persistence": 0.0, "mean_cover": 0.0, "max_cover": 0.0, "trend_cover": 0.0, "hot": 0.0, "n_obs": 22}}, {"type": "Feature", "id": 1015, "geometry": {"type": "Polygon", "coordinates": [[[39.73036, 43.524915], [39.727139, 43.520898], [39.730499, 43.51663], [39.737079, 43.51638], [39.7403, 43.520397], [39.736941, 43.524665], [39.73036, 43.524915]]]}, "properties": {"i": 1015, "h3": "882d568f51fffff", "lon": 39.73372, "lat": 43.52065, "water_km2": 0.738, "dist_coast_km": 4.6, "persistence": 0.0, "mean_cover": 0.0, "max_cover": 0.0, "trend_cover": 0.0, "hot": 0.0, "n_obs": 22}}, {"type": "Feature", "id": 1016, "geometry": {"type": "Polygon", "coordinates": [[[39.740162, 43.528681], [39.736941, 43.524665], [39.7403, 43.520397], [39.74688, 43.520146], [39.750101, 43.524162], [39.746742, 43.52843], [39.740162, 43.528681]]]}, "properties": {"i": 1016, "h3": "882d568f53fffff", "lon": 39.74352, "lat": 43.52441, "water_km2": 0.73, "dist_coast_km": 4.6, "persistence": 0.0, "mean_cover": 0.0, "max_cover": 0.0, "trend_cover": 0.0, "hot": 0.0, "n_obs": 22}}, {"type": "Feature", "id": 1017, "geometry": {"type": "Polygon", "coordinates": [[[39.730499, 43.51663], [39.727279, 43.512612], [39.730638, 43.508344], [39.737218, 43.508094], [39.740438, 43.512112], [39.737079, 43.51638], [39.730499, 43.51663]]]}, "properties": {"i": 1017, "h3": "882d568f55fffff", "lon": 39.73386, "lat": 43.51236, "water_km2": 0.725, "dist_coast_km": 6.2, "persistence": 0.0, "mean_cover": 0.0, "max_cover": 0.0, "trend_cover": 0.0, "hot": 0.0, "n_obs": 22}}, {"type": "Feature", "id": 1018, "geometry": {"type": "Polygon", "coordinates": [[[39.7403, 43.520397], [39.737079, 43.51638], [39.740438, 43.512112], [39.747018, 43.511861], [39.750239, 43.515878], [39.74688, 43.520146], [39.7403, 43.520397]]]}, "properties": {"i": 1018, "h3": "882d568f57fffff", "lon": 39.74366, "lat": 43.51613, "water_km2": 0.74, "dist_coast_km": 6.2, "persistence": 0.0, "mean_cover": 0.0, "max_cover": 0.0, "trend_cover": 0.0, "hot": 0.0, "n_obs": 22}}, {"type": "Feature", "id": 1019, "geometry": {"type": "Polygon", "coordinates": [[[39.720418, 43.529433], [39.717197, 43.525415], [39.720558, 43.521148], [39.727139, 43.520898], [39.73036, 43.524915], [39.726999, 43.529183], [39.720418, 43.529433]]]}, "properties": {"i": 1019, "h3": "882d568f59fffff", "lon": 39.72378, "lat": 43.52517, "water_km2": 0.728, "dist_coast_km": 5.5, "persistence": 0.0, "mean_cover": 0.0, "max_cover": 0.0, "trend_cover": 0.0, "hot": 0.0, "n_obs": 22}}, {"type": "Feature", "id": 1020, "geometry": {"type": "Polygon", "coordinates": [[[39.73022, 43.5332], [39.726999, 43.529183], [39.73036, 43.524915], [39.736941, 43.524665], [39.740162, 43.528681], [39.736802, 43.532949], [39.73022, 43.5332]]]}, "properties": {"i": 1020, "h3": "882d568f5bfffff", "lon": 39.73358, "lat": 43.52893, "water_km2": 0.735, "dist_coast_km": 4.6, "persistence": 0.0, "mean_cover": 0.0, "max_cover": 0.0, "trend_cover": 0.0, "hot": 0.0, "n_obs": 22}}, {"type": "Feature", "id": 1021, "geometry": {"type": "Polygon", "coordinates": [[[39.720558, 43.521148], [39.717338, 43.51713], [39.720698, 43.512862], [39.727279, 43.512612], [39.730499, 43.51663], [39.727139, 43.520898], [39.720558, 43.521148]]]}, "properties": {"i": 1021, "h3": "882d568f5dfffff", "lon": 39.72392, "lat": 43.51688, "water_km2": 0.725, "dist_coast_km": 5.5, "persistence": 0.0, "mean_cover": 0.0, "max_cover": 0.0, "trend_cover": 0.0, "hot": 0.0, "n_obs": 22}}, {"type": "Feature", "id": 1022, "geometry": {"type": "Polygon", "coordinates": [[[39.721119, 43.488002], [39.7179, 43.483982], [39.721259, 43.479714], [39.727837, 43.479464], [39.731056, 43.483484], [39.727697, 43.487752], [39.721119, 43.488002]]]}, "properties": {"i": 1022, "h3": "882d568f61fffff", "lon": 39.72448, "lat": 43.48373, "water_km2": 0.732, "dist_coast_km": 8.4, "persistence": 0.0, "mean_cover": 0.0, "max_cover": 0.0, "trend_cover": 0.0, "hot": 0.0, "n_obs": 22}}, {"type": "Feature", "id": 1023, "geometry": {"type": "Polygon", "coordinates": [[[39.730917, 43.491771], [39.727697, 43.487752], [39.731056, 43.483484], [39.737633, 43.483234], [39.740853, 43.487252], [39.737495, 43.491521], [39.730917, 43.491771]]]}, "properties": {"i": 1023, "h3": "882d568f63fffff", "lon": 39.73428, "lat": 43.4875, "water_km2": 0.735, "dist_coast_km": 7.7, "persistence": 0.0, "mean_cover": 0.0, "max_cover": 0.0, "trend_cover": 0.0, "hot": 0.0, "n_obs": 22}}, {"type": "Feature", "id": 1024, "geometry": {"type": "Polygon", "coordinates": [[[39.721259, 43.479714], [39.71804, 43.475694], [39.721399, 43.471425], [39.727976, 43.471176], [39.731195, 43.475195], [39.727837, 43.479464], [39.721259, 43.479714]]]}, "properties": {"i": 1024, "h3": "882d568f65fffff", "lon": 39.72462, "lat": 43.47544, "water_km2": 0.732, "dist_coast_km": 10.0, "persistence": 0.0, "mean_cover": 0.0, "max_cover": 0.0, "trend_cover": 0.0, "hot": 0.0, "n_obs": 22}}, {"type": "Feature", "id": 1025, "geometry": {"type": "Polygon", "coordinates": [[[39.731056, 43.483484], [39.727837, 43.479464], [39.731195, 43.475195], [39.737772, 43.474946], [39.740991, 43.478965], [39.737633, 43.483234], [39.731056, 43.483484]]]}, "properties": {"i": 1025, "h3": "882d568f67fffff", "lon": 39.73441, "lat": 43.47921, "water_km2": 0.735, "dist_coast_km": 9.2, "persistence": 0.0, "mean_cover": 0.0, "max_cover": 0.0, "trend_cover": 0.0, "hot": 0.0, "n_obs": 22}}, {"type": "Feature", "id": 1026, "geometry": {"type": "Polygon", "coordinates": [[[39.71118, 43.492519], [39.707961, 43.488499], [39.711322, 43.484231], [39.7179, 43.483982], [39.721119, 43.488002], [39.717759, 43.49227], [39.71118, 43.492519]]]}, "properties": {"i": 1026, "h3": "882d568f69fffff", "lon": 39.71454, "lat": 43.48825, "water_km2": 0.725, "dist_coast_km": 8.4, "persistence": 0.0, "mean_cover": 0.0, "max_cover": 0.0, "trend_cover": 0.0, "hot": 0.0, "n_obs": 22}}, {"type": "Feature", "id": 1027, "geometry": {"type": "Polygon", "coordinates": [[[39.720979, 43.496289], [39.717759, 43.49227], [39.721119, 43.488002], [39.727697, 43.487752], [39.730917, 43.491771], [39.727558, 43.49604], [39.720979, 43.496289]]]}, "properties": {"i": 1027, "h3": "882d568f6bfffff", "lon": 39.72434, "lat": 43.49202, "water_km2": 0.738, "dist_coast_km": 8.4, "persistence": 0.0, "mean_cover": 0.0, "max_cover": 0.0, "trend_cover": 0.0, "hot": 0.0, "n_obs": 22}}, {"type": "Feature", "id": 1028, "geometry": {"type": "Polygon", "coordinates": [[[39.711322, 43.484231], [39.708103, 43.480211], [39.711463, 43.475942], [39.71804, 43.475694], [39.721259, 43.479714], [39.7179, 43.483982], [39.711322, 43.484231]]]}, "properties": {"i": 1028, "h3": "882d568f6dfffff", "lon": 39.71468, "lat": 43.47996, "water_km2": 0.738, "dist_coast_km": 10.0, "persistence": 0.0, "mean_cover": 0.0, "max_cover": 0.0, "trend_cover": 0.0, "hot": 0.0, "n_obs": 22}}, {"type": "Feature", "id": 1029, "geometry": {"type": "Polygon", "coordinates": [[[39.540843, 43.627191], [39.537623, 43.62317], [39.541001, 43.618908], [39.547599, 43.618666], [39.550818, 43.622687], [39.547441, 43.626949], [39.540843, 43.627191]]]}, "properties": {"i": 1029, "h3": "882d569525fffff", "lon": 39.54422, "lat": 43.62293, "water_km2": 0.002, "dist_coast_km": 8.7, "persistence": 0.0, "mean_cover": 0.0, "max_cover": 0.0, "trend_cover": 0.0, "hot": 0.0, "n_obs": 22}}, {"type": "Feature", "id": 1030, "geometry": {"type": "Polygon", "coordinates": [[[39.550661, 43.630969], [39.547441, 43.626949], [39.550818, 43.622687], [39.557416, 43.622444], [39.560636, 43.626464], [39.557259, 43.630726], [39.550661, 43.630969]]]}, "properties": {"i": 1030, "h3": "882d569527fffff", "lon": 39.55404, "lat": 43.62671, "water_km2": 0.027, "dist_coast_km": 7.7, "persistence": 0.0, "mean_cover": 0.0, "max_cover": 0.0, "trend_cover": 0.0, "hot": 0.0, "n_obs": 22}}, {"type": "Feature", "id": 1031, "geometry": {"type": "Polygon", "coordinates": [[[39.543536, 43.486303], [39.540322, 43.482276], [39.543695, 43.47801], [39.550281, 43.477771], [39.553495, 43.481798], [39.550123, 43.486064], [39.543536, 43.486303]]]}, "properties": {"i": 1031, "h3": "882d569883fffff", "lon": 39.54691, "lat": 43.48204, "water_km2": 0.208, "dist_coast_km": 18.5, "persistence": 0.0, "mean_cover": 0.0, "max_cover": 0.0, "trend_cover": 0.0, "hot": 0.0, "n_obs": 22}}, {"type": "Feature", "id": 1032, "geometry": {"type": "Polygon", "coordinates": [[[39.543695, 43.47801], [39.540481, 43.473983], [39.543853, 43.469716], [39.550438, 43.469477], [39.553652, 43.473505], [39.550281, 43.477771], [39.543695, 43.47801]]]}, "properties": {"i": 1032, "h3": "882d569887fffff", "lon": 39.54707, "lat": 43.47374, "water_km2": 0.232, "dist_coast_km": 18.5, "persistence": 0.0, "mean_cover": 0.0, "max_cover": 0.0, "trend_cover": 0.0, "hot": 0.0, "n_obs": 22}}, {"type": "Feature", "id": 1033, "geometry": {"type": "Polygon", "coordinates": [[[39.55318, 43.498382], [39.549966, 43.494356], [39.553338, 43.49009], [39.559924, 43.48985], [39.563139, 43.493876], [39.559768, 43.498142], [39.55318, 43.498382]]]}, "properties": {"i": 1033, "h3": "882d569891fffff", "lon": 39.55655, "lat": 43.49412, "water_km2": 0.732, "dist_coast_km": 17.5, "persistence": 0.0, "mean_cover": 0.0, "max_cover": 0.0, "trend_cover": 0.0, "hot": 0.0, "n_obs": 22}}, {"type": "Feature", "id": 1034, "geometry": {"type": "Polygon", "coordinates": [[[39.562983, 43.502167], [39.559768, 43.498142], [39.563139, 43.493876], [39.569726, 43.493635], [39.572941, 43.497661], [39.56957, 43.501926], [39.562983, 43.502167]]]}, "properties": {"i": 1034, "h3": "882d569893fffff", "lon": 39.56635, "lat": 43.4979, "water_km2": 0.742, "dist_coast_km": 16.3, "persistence": 0.0, "mean_cover": 0.0, "max_cover": 0.0, "trend_cover": 0.0, "hot": 0.0, "n_obs": 22}}, {"type": "Feature", "id": 1035, "geometry": {"type": "Polygon", "coordinates": [[[39.553338, 43.49009], [39.550123, 43.486064], [39.553495, 43.481798], [39.560081, 43.481558], [39.563295, 43.485584], [39.559924, 43.48985], [39.553338, 43.49009]]]}, "properties": {"i": 1035, "h3": "882d569895fffff", "lon": 39.55671, "lat": 43.48582, "water_km2": 0.738, "dist_coast_km": 17.5, "persistence": 0.0, "mean_cover": 0.0, "max_cover": 0.0, "trend_cover": 0.0, "hot": 0.0, "n_obs": 22}}, {"type": "Feature", "id": 1036, "geometry": {"type": "Polygon", "coordinates": [[[39.563139, 43.493876], [39.559924, 43.48985], [39.563295, 43.485584], [39.569881, 43.485344], [39.573096, 43.489369], [39.569726, 43.493635], [39.563139, 43.493876]]]}, "properties": {"i": 1036, "h3": "882d569897fffff", "lon": 39.56651, "lat": 43.48961, "water_km2": 0.735, "dist_coast_km": 16.3, "persistence": 0.0, "mean_cover": 0.0, "max_cover": 0.0, "trend_cover": 0.0, "hot": 0.0, "n_obs": 22}}, {"type": "Feature", "id": 1037, "geometry": {"type": "Polygon", "coordinates": [[[39.54322, 43.502887], [39.540005, 43.498861], [39.543378, 43.494595], [39.549966, 43.494356], [39.55318, 43.498382], [39.549808, 43.502647], [39.54322, 43.502887]]]}, "properties": {"i": 1037, "h3": "882d569899fffff", "lon": 39.54659, "lat": 43.49862, "water_km2": 0.173, "dist_coast_km": 17.5, "persistence": 0.0, "mean_cover": 0.0, "max_cover": 0.0, "trend_cover": 0.0, "hot": 0.0, "n_obs": 22}}, {"type": "Feature", "id": 1038, "geometry": {"type": "Polygon", "coordinates": [[[39.553023, 43.506673], [39.549808, 43.502647], [39.55318, 43.498382], [39.559768, 43.498142], [39.562983, 43.502167], [39.559611, 43.506433], [39.553023, 43.506673]]]}, "properties": {"i": 1038, "h3": "882d56989bfffff", "lon": 39.5564, "lat": 43.50241, "water_km2": 0.742, "dist_coast_km": 16.3, "persistence": 0.0, "mean_cover": 0.0, "max_cover": 0.0, "trend_cover": 0.0, "hot": 0.0, "n_obs": 22}}, {"type": "Feature", "id": 1039, "geometry": {"type": "Polygon", "coordinates": [[[39.543378, 43.494595], [39.540164, 43.490569], [39.543536, 43.486303], [39.550123, 43.486064], [39.553338, 43.49009], [39.549966, 43.494356], [39.543378, 43.494595]]]}, "properties": {"i": 1039, "h3": "882d56989dfffff", "lon": 39.54675, "lat": 43.49033, "water_km2": 0.192, "dist_coast_km": 17.5, "persistence": 0.0, "mean_cover": 0.0, "max_cover": 0.0, "trend_cover": 0.0, "hot": 0.0, "n_obs": 22}}, {"type": "Feature", "id": 1040, "geometry": {"type": "Polygon", "coordinates": [[[39.544011, 43.461422], [39.540798, 43.457394], [39.544169, 43.453128], [39.550753, 43.452889], [39.553966, 43.456917], [39.550595, 43.461183], [39.544011, 43.461422]]]}, "properties": {"i": 1040, "h3": "882d5698a1fffff", "lon": 39.54738, "lat": 43.45716, "water_km2": 0.256, "dist_coast_km": 19.7, "persistence": 0.0, "mean_cover": 0.0, "max_cover": 0.0, "trend_cover": 0.0, "hot": 0.0, "n_obs": 22}}, {"type": "Feature", "id": 1041, "geometry": {"type": "Polygon", "coordinates": [[[39.553809, 43.465211], [39.550595, 43.461183], [39.553966, 43.456917], [39.56055, 43.456677], [39.563764, 43.460705], [39.560394, 43.464972], [39.553809, 43.465211]]]}, "properties": {"i": 1041, "h3": "882d5698a3fffff", "lon": 39.55718, "lat": 43.46094, "water_km2": 0.75, "dist_coast_km": 19.7, "persistence": 0.0, "mean_cover": 0.0, "max_cover": 0.0, "trend_cover": 0.0, "hot": 0.0, "n_obs": 22}}, {"type": "Feature", "id": 1042, "geometry": {"type": "Polygon", "coordinates": [[[39.544169, 43.453128], [39.540956, 43.449099], [39.544327, 43.444832], [39.55091, 43.444594], [39.554123, 43.448622], [39.550753, 43.452889], [39.544169, 43.453128]]]}, "properties": {"i": 1042, "h3": "882d5698a5fffff", "lon": 39.54754, "lat": 43.44886, "water_km2": 0.282, "dist_coast_km": 21.0, "persistence": 0.0, "mean_cover": 0.0, "max_cover": 0.0, "trend_cover": 0.0, "hot": 0.0, "n_obs": 22}}, {"type": "Feature", "id": 1043, "geometry": {"type": "Polygon", "coordinates": [[[39.553966, 43.456917], [39.550753, 43.452889], [39.554123, 43.448622], [39.560706, 43.448383], [39.56392, 43.45241], [39.56055, 43.456677], [39.553966, 43.456917]]]}, "properties": {"i": 1043, "h3": "882d5698a7fffff", "lon": 39.55734, "lat": 43.45265, "water_km2": 0.728, "dist_coast_km": 19.7, "persistence": 0.0, "mean_cover": 0.0, "max_cover": 0.0, "trend_cover": 0.0, "hot": 0.0, "n_obs": 22}}, {"type": "Feature", "id": 1044, "geometry": {"type": "Polygon", "coordinates": [[[39.543853, 43.469716], [39.540639, 43.465689], [39.544011, 43.461422], [39.550595, 43.461183], [39.553809, 43.465211], [39.550438, 43.469477], [39.543853, 43.469716]]]}, "properties": {"i": 1044, "h3": "882d5698abfffff", "lon": 39.54722, "lat": 43.46545, "water_km2": 0.241, "dist_coast_km": 19.7, "persistence": 0.0, "mean_cover": 0.0, "max_cover": 0.0, "trend_cover": 0.0, "hot": 0.0, "n_obs": 22}}, {"type": "Feature", "id": 1045, "geometry": {"type": "Polygon", "coordinates": [[[39.563452, 43.477292], [39.560237, 43.473265], [39.563608, 43.468998], [39.570192, 43.468758], [39.573406, 43.472785], [39.570037, 43.477051], [39.563452, 43.477292]]]}, "properties": {"i": 1045, "h3": "882d5698b1fffff", "lon": 39.56682, "lat": 43.47303, "water_km2": 0.748, "dist_coast_km": 17.5, "persistence": 0.0, "mean_cover": 0.0, "max_cover": 0.0, "trend_cover": 0.0, "hot": 0.0, "n_obs": 22}}, {"type": "Feature", "id": 1046, "geometry": {"type": "Polygon", "coordinates": [[[39.573251, 43.481077], [39.570037, 43.477051], [39.573406, 43.472785], [39.579991, 43.472544], [39.583206, 43.47657], [39.579836, 43.480836], [39.573251, 43.481077]]]}, "properties": {"i": 1046, "h3": "882d5698b3fffff", "lon": 39.57662, "lat": 43.47681, "water_km2": 0.722, "dist_coast_km": 17.5, "persistence": 0.0, "mean_cover": 0.0, "max_cover": 0.0, "trend_cover": 0.0, "hot": 0.0, "n_obs": 22}}, {"type": "Feature", "id": 1047, "geometry": {"type": "Polygon", "coordinates": [[[39.563608, 43.468998], [39.560394, 43.464972], [39.563764, 43.460705], [39.570347, 43.460465], [39.573562, 43.464492], [39.570192, 43.468758], [39.563608, 43.468998]]]}, "properties": {"i": 1047, "h3": "882d5698b5fffff", "lon": 39.56698, "lat": 43.46473, "water_km2": 0.72, "dist_coast_km": 18.7, "persistence": 0.0, "mean_cover": 0.0, "max_cover": 0.0, "trend_cover": 0.0, "hot": 0.0, "n_obs": 22}}, {"type": "Feature", "id": 1048, "geometry": {"type": "Polygon", "coordinates": [[[39.573406, 43.472785], [39.570192, 43.468758], [39.573562, 43.464492], [39.580145, 43.464251], [39.58336, 43.468277], [39.579991, 43.472544], [39.573406, 43.472785]]]}, "properties": {"i": 1048, "h3": "882d5698b7fffff", "lon": 39.57678, "lat": 43.46852, "water_km2": 0.748, "dist_coast_km": 17.5, "persistence": 0.0, "mean_cover": 0.0, "max_cover": 0.0, "trend_cover": 0.0, "hot": 0.0, "n_obs": 22}}, {"type": "Feature", "id": 1049, "geometry": {"type": "Polygon", "coordinates": [[[39.553495, 43.481798], [39.550281, 43.477771], [39.553652, 43.473505], [39.560237, 43.473265], [39.563452, 43.477292], [39.560081, 43.481558], [39.553495, 43.481798]]]}, "properties": {"i": 1049, "h3": "882d5698b9fffff", "lon": 39.55687, "lat": 43.47753, "water_km2": 0.738, "dist_coast_km": 18.5, "persistence": 0.0, "mean_cover": 0.0, "max_cover": 0.0, "trend_cover": 0.0, "hot": 0.0, "n_obs": 22}}, {"type": "Feature", "id": 1050, "geometry": {"type": "Polygon", "coordinates": [[[39.563295, 43.485584], [39.560081, 43.481558], [39.563452, 43.477292], [39.570037, 43.477051], [39.573251, 43.481077], [39.569881, 43.485344], [39.563295, 43.485584]]]}, "properties": {"i": 1050, "h3": "882d5698bbfffff", "lon": 39.56667, "lat": 43.48132, "water_km2": 0.728, "dist_coast_km": 17.5, "persistence": 0.0, "mean_cover": 0.0, "max_cover": 0.0, "trend_cover": 0.0, "hot": 0.0, "n_obs": 22}}, {"type": "Feature", "id": 1051, "geometry": {"type": "Polygon", "coordinates": [[[39.553652, 43.473505], [39.550438, 43.469477], [39.553809, 43.465211], [39.560394, 43.464972], [39.563608, 43.468998], [39.560237, 43.473265], [39.553652, 43.473505]]]}, "properties": {"i": 1051, "h3": "882d5698bdfffff", "lon": 39.55702, "lat": 43.46924, "water_km2": 0.725, "dist_coast_km": 18.5, "persistence": 0.0, "mean_cover": 0.0, "max_cover": 0.0, "trend_cover": 0.0, "hot": 0.0, "n_obs": 22}}, {"type": "Feature", "id": 1052, "geometry": {"type": "Polygon", "coordinates": [[[39.544643, 43.42824], [39.541431, 43.42421], [39.544801, 43.419942], [39.551382, 43.419704], [39.554594, 43.423734], [39.551225, 43.428001], [39.544643, 43.42824]]]}, "properties": {"i": 1052, "h3": "882d569983fffff", "lon": 39.54801, "lat": 43.42397, "water_km2": 0.326, "dist_coast_km": 22.3, "persistence": 0.0, "mean_cover": 0.0, "max_cover": 0.0, "trend_cover": 0.0, "hot": 0.0, "n_obs": 22}}, {"type": "Feature", "id": 1053, "geometry": {"type": "Polygon", "coordinates": [[[39.544801, 43.419942], [39.541589, 43.415912], [39.544959, 43.411645], [39.551539, 43.411407], [39.554751, 43.415437], [39.551382, 43.419704], [39.544801, 43.419942]]]}, "properties": {"i": 1053, "h3": "882d569987fffff", "lon": 39.54817, "lat": 43.41567, "water_km2": 0.348, "dist_coast_km": 23.7, "persistence": 0.0, "mean_cover": 0.0, "max_cover": 0.0, "trend_cover": 0.0, "hot": 0.0, "n_obs": 22}}, {"type": "Feature", "id": 1054, "geometry": {"type": "Polygon", "coordinates": [[[39.55428, 43.440327], [39.551068, 43.436298], [39.554437, 43.43203], [39.561019, 43.431792], [39.564232, 43.43582], [39.560863, 43.440088], [39.55428, 43.440327]]]}, "properties": {"i": 1054, "h3": "882d569991fffff", "lon": 39.55765, "lat": 43.43606, "water_km2": 0.735, "dist_coast_km": 21.0, "persistence": 0.0, "mean_cover": 0.0, "max_cover": 0.0, "trend_cover": 0.0, "hot": 0.0, "n_obs": 22}}, {"type": "Feature", "id": 1055, "geometry": {"type": "Polygon", "coordinates": [[[39.564076, 43.444116], [39.560863, 43.440088], [39.564232, 43.43582], [39.570814, 43.435581], [39.574027, 43.439609], [39.570658, 43.443876], [39.564076, 43.444116]]]}, "properties": {"i": 1055, "h3": "882d569993fffff", "lon": 39.56744, "lat": 43.43985, "water_km2": 0.732, "dist_coast_km": 20.0, "persistence": 0.0, "mean_cover": 0.0, "max_cover": 0.0, "trend_cover": 0.0, "hot": 0.0, "n_obs": 22}}, {"type": "Feature", "id": 1056, "geometry": {"type": "Polygon", "coordinates": [[[39.554437, 43.43203], [39.551225, 43.428001], [39.554594, 43.423734], [39.561175, 43.423495], [39.564388, 43.427524], [39.561019, 43.431792], [39.554437, 43.43203]]]}, "properties": {"i": 1056, "h3": "882d569995fffff", "lon": 39.55781, "lat": 43.42776, "water_km2": 0.732, "dist_coast_km": 22.3, "persistence": 0.0, "mean_cover": 0.0, "max_cover": 0.0, "trend_cover": 0.0, "hot": 0.0, "n_obs": 22}}, {"type": "Feature", "id": 1057, "geometry": {"type": "Polygon", "coordinates": [[[39.564232, 43.43582], [39.561019, 43.431792], [39.564388, 43.427524], [39.570969, 43.427285], [39.574182, 43.431313], [39.570814, 43.435581], [39.564232, 43.43582]]]}, "properties": {"i": 1057, "h3": "882d569997fffff", "lon": 39.5676, "lat": 43.43155, "water_km2": 0.74, "dist_coast_km": 21.4, "persistence": 0.0, "mean_cover": 0.0, "max_cover": 0.0, "trend_cover": 0.0, "hot": 0.0, "n_obs": 22}}, {"type": "Feature", "id": 1058, "geometry": {"type": "Polygon", "coordinates": [[[39.544327, 43.444832], [39.541114, 43.440803], [39.544485, 43.436536], [39.551068, 43.436298], [39.55428, 43.440327], [39.55091, 43.444594], [39.544327, 43.444832]]]}, "properties": {"i": 1058, "h3": "882d569999fffff", "lon": 39.5477, "lat": 43.44057, "water_km2": 0.293, "dist_coast_km": 21.0, "persistence": 0.0, "mean_cover": 0.0, "max_cover": 0.0, "trend_cover": 0.0, "hot": 0.0, "n_obs": 22}}, {"type": "Feature", "id": 1059, "geometry": {"type": "Polygon", "coordinates": [[[39.554123, 43.448622], [39.55091, 43.444594], [39.55428, 43.440327], [39.560863, 43.440088], [39.564076, 43.444116], [39.560706, 43.448383], [39.554123, 43.448622]]]}, "properties": {"i": 1059, "h3": "882d56999bfffff", "lon": 39.55749, "lat": 43.44435, "water_km2": 0.742, "dist_coast_km": 21.0, "persistence": 0.0, "mean_cover": 0.0, "max_cover": 0.0, "trend_cover": 0.0, "hot": 0.0, "n_obs": 22}}, {"type": "Feature", "id": 1060, "geometry": {"type": "Polygon", "coordinates": [[[39.544485, 43.436536], [39.541273, 43.432507], [39.544643, 43.42824], [39.551225, 43.428001], [39.554437, 43.43203], [39.551068, 43.436298], [39.544485, 43.436536]]]}, "properties": {"i": 1060, "h3": "882d56999dfffff", "lon": 39.54786, "lat": 43.43227, "water_km2": 0.319, "dist_coast_km": 22.3, "persistence": 0.0, "mean_cover": 0.0, "max_cover": 0.0, "trend_cover": 0.0, "hot": 0.0, "n_obs": 22}}, {"type": "Feature", "id": 1061, "geometry": {"type": "Polygon", "coordinates": [[[39.545117, 43.403346], [39.541906, 43.399316], [39.545274, 43.395047], [39.551854, 43.39481], [39.555065, 43.39884], [39.551697, 43.403109], [39.545117, 43.403346]]]}, "properties": {"i": 1061, "h3": "882d5699a1fffff", "lon": 39.54849, "lat": 43.39908, "water_km2": 0.378, "dist_coast_km": 25.2, "persistence": 0.0, "mean_cover": 0.0, "max_cover": 0.0, "trend_cover": 0.0, "hot": 0.0, "n_obs": 22}}, {"type": "Feature", "id": 1062, "geometry": {"type": "Polygon", "coordinates": [[[39.554908, 43.407139], [39.551697, 43.403109], [39.555065, 43.39884], [39.561644, 43.398602], [39.564856, 43.402632], [39.561488, 43.4069], [39.554908, 43.407139]]]}, "properties": {"i": 1062, "h3": "882d5699a3fffff", "lon": 39.55828, "lat": 43.40287, "water_km2": 0.748, "dist_coast_km": 23.7, "persistence": 0.0, "mean_cover": 0.0, "max_cover": 0.0, "trend_cover": 0.0, "hot": 0.0, "n_obs": 22}}, {"type": "Feature", "id": 1063, "geometry": {"type": "Polygon", "coordinates": [[[39.545274, 43.395047], [39.542064, 43.391016], [39.545432, 43.386748], [39.552011, 43.38651], [39.555222, 43.390541], [39.551854, 43.39481], [39.545274, 43.395047]]]}, "properties": {"i": 1063, "h3": "882d5699a5fffff", "lon": 39.54864, "lat": 43.39078, "water_km2": 0.409, "dist_coast_km": 25.2, "persistence": 0.0, "mean_cover": 0.0, "max_cover": 0.0, "trend_cover": 0.0, "hot": 0.0, "n_obs": 22}}, {"type": "Feature", "id": 1064, "geometry": {"type": "Polygon", "coordinates": [[[39.555065, 43.39884], [39.551854, 43.39481], [39.555222, 43.390541], [39.5618, 43.390303], [39.565011, 43.394334], [39.561644, 43.398602], [39.555065, 43.39884]]]}, "properties": {"i": 1064, "h3": "882d5699a7fffff", "lon": 39.55843, "lat": 43.39457, "water_km2": 0.725, "dist_coast_km": 25.2, "persistence": 0.0, "mean_cover": 0.0, "max_cover": 0.0, "trend_cover": 0.0, "hot": 0.0, "n_obs": 22}}, {"type": "Feature", "id": 1065, "geometry": {"type": "Polygon", "coordinates": [[[39.544959, 43.411645], [39.541747, 43.407614], [39.545117, 43.403346], [39.551697, 43.403109], [39.554908, 43.407139], [39.551539, 43.411407], [39.544959, 43.411645]]]}, "properties": {"i": 1065, "h3": "882d5699abfffff", "lon": 39.54833, "lat": 43.40738, "water_km2": 0.366, "dist_coast_km": 23.7, "persistence": 0.0, "mean_cover": 0.0, "max_cover": 0.0, "trend_cover": 0.0, "hot": 0.0, "n_obs": 22}}, {"type": "Feature", "id": 1066, "geometry": {"type": "Polygon", "coordinates": [[[39.564544, 43.419227], [39.561332, 43.415198], [39.5647, 43.41093], [39.571279, 43.410691], [39.574492, 43.41472], [39.571124, 43.418988], [39.564544, 43.419227]]]}, "properties": {"i": 1066, "h3": "882d5699b1fffff", "lon": 39.56791, "lat": 43.41496, "water_km2": 0.75, "dist_coast_km": 22.9, "persistence": 0.0, "mean_cover": 0.0, "max_cover": 0.0, "trend_cover": 0.0, "hot": 0.0, "n_obs": 22}}, {"type": "Feature", "id": 1067, "geometry": {"type": "Polygon", "coordinates": [[[39.574337, 43.423017], [39.571124, 43.418988], [39.574492, 43.41472], [39.581071, 43.41448], [39.584284, 43.418509], [39.580917, 43.422777], [39.574337, 43.423017]]]}, "properties": {"i": 1067, "h3": "882d5699b3fffff", "lon": 39.5777, "lat": 43.41875, "water_km2": 0.725, "dist_coast_km": 21.4, "persistence": 0.0, "mean_cover": 0.0, "max_cover": 0.0, "trend_cover": 0.0, "hot": 0.0, "n_obs": 22}}, {"type": "Feature", "id": 1068, "geometry": {"type": "Polygon", "coordinates": [[[39.5647, 43.41093], [39.561488, 43.4069], [39.564856, 43.402632], [39.571435, 43.402393], [39.574646, 43.406423], [39.571279, 43.410691], [39.5647, 43.41093]]]}, "properties": {"i": 1068, "h3": "882d5699b5fffff", "lon": 39.56807, "lat": 43.40666, "water_km2": 0.728, "dist_coast_km": 22.9, "persistence": 0.0, "mean_cover": 0.0, "max_cover": 0.0, "trend_cover": 0.0, "hot": 0.0, "n_obs": 22}}, {"type": "Feature", "id": 1069, "geometry": {"type": "Polygon", "coordinates": [[[39.574492, 43.41472], [39.571279, 43.410691], [39.574646, 43.406423], [39.581225, 43.406183], [39.584438, 43.410212], [39.581071, 43.41448], [39.574492, 43.41472]]]}, "properties": {"i": 1069, "h3": "882d5699b7fffff", "lon": 39.57786, "lat": 43.41045, "water_km2": 0.745, "dist_coast_km": 22.9, "persistence": 0.0, "mean_cover": 0.0, "max_cover": 0.0, "trend_cover": 0.0, "hot": 0.0, "n_obs": 22}}, {"type": "Feature", "id": 1070, "geometry": {"type": "Polygon", "coordinates": [[[39.554594, 43.423734], [39.551382, 43.419704], [39.554751, 43.415437], [39.561332, 43.415198], [39.564544, 43.419227], [39.561175, 43.423495], [39.554594, 43.423734]]]}, "properties": {"i": 1070, "h3": "882d5699b9fffff", "lon": 39.55796, "lat": 43.41947, "water_km2": 0.745, "dist_coast_km": 22.3, "persistence": 0.045, "mean_cover": 0.167, "max_cover": 3.685, "trend_cover": -0.0028, "hot": 0.007, "n_obs": 22}}, {"type": "Feature", "id": 1071, "geometry": {"type": "Polygon", "coordinates": [[[39.564388, 43.427524], [39.561175, 43.423495], [39.564544, 43.419227], [39.571124, 43.418988], [39.574337, 43.423017], [39.570969, 43.427285], [39.564388, 43.427524]]]}, "properties": {"i": 1071, "h3": "882d5699bbfffff", "lon": 39.56776, "lat": 43.42326, "water_km2": 0.725, "dist_coast_km": 21.4, "persistence": 0.045, "mean_cover": 0.246, "max_cover": 5.409, "trend_cover": -0.0041, "hot": 0.01, "n_obs": 22}}, {"type": "Feature", "id": 1072, "geometry": {"type": "Polygon", "coordinates": [[[39.554751, 43.415437], [39.551539, 43.411407], [39.554908, 43.407139], [39.561488, 43.4069], [39.5647, 43.41093], [39.561332, 43.415198], [39.554751, 43.415437]]]}, "properties": {"i": 1072, "h3": "882d5699bdfffff", "lon": 39.55812, "lat": 43.41117, "water_km2": 0.722, "dist_coast_km": 23.7, "persistence": 0.0, "mean_cover": 0.0, "max_cover": 0.0, "trend_cover": 0.0, "hot": 0.0, "n_obs": 22}}, {"type": "Feature", "id": 1073, "geometry": {"type": "Polygon", "coordinates": [[[39.58536, 43.360419], [39.58215, 43.356387], [39.585514, 43.352118], [39.592088, 43.351879], [39.595299, 43.355909], [39.591935, 43.360179], [39.58536, 43.360419]]]}, "properties": {"i": 1073, "h3": "882d56d4d9fffff", "lon": 39.58872, "lat": 43.35615, "water_km2": 0.008, "dist_coast_km": 26.7, "persistence": 0.0, "mean_cover": 0.0, "max_cover": 0.0, "trend_cover": 0.0, "hot": 0.0, "n_obs": 22}}, {"type": "Feature", "id": 1074, "geometry": {"type": "Polygon", "coordinates": [[[39.595146, 43.36421], [39.591935, 43.360179], [39.595299, 43.355909], [39.601872, 43.35567], [39.605083, 43.3597], [39.60172, 43.36397], [39.595146, 43.36421]]]}, "properties": {"i": 1074, "h3": "882d56d4dbfffff", "lon": 39.59851, "lat": 43.35994, "water_km2": 0.363, "dist_coast_km": 26.0, "persistence": 0.0, "mean_cover": 0.0, "max_cover": 0.0, "trend_cover": 0.0, "hot": 0.0, "n_obs": 22}}, {"type": "Feature", "id": 1075, "geometry": {"type": "Polygon", "coordinates": [[[39.545748, 43.370147], [39.542538, 43.366115], [39.545906, 43.361845], [39.552482, 43.361609], [39.555692, 43.365641], [39.552325, 43.36991], [39.545748, 43.370147]]]}, "properties": {"i": 1075, "h3": "882d56d683fffff", "lon": 39.54912, "lat": 43.36588, "water_km2": 0.449, "dist_coast_km": 28.3, "persistence": 0.0, "mean_cover": 0.0, "max_cover": 0.0, "trend_cover": 0.0, "hot": 0.0, "n_obs": 22}}, {"type": "Feature", "id": 1076, "geometry": {"type": "Polygon", "coordinates": [[[39.545906, 43.361845], [39.542696, 43.357813], [39.546063, 43.353543], [39.552639, 43.353307], [39.555849, 43.357339], [39.552482, 43.361609], [39.545906, 43.361845]]]}, "properties": {"i": 1076, "h3": "882d56d687fffff", "lon": 39.54927, "lat": 43.35758, "water_km2": 0.065, "dist_coast_km": 28.3, "persistence": 0.0, "mean_cover": 0.0, "max_cover": 0.0, "trend_cover": 0.0, "hot": 0.0, "n_obs": 22}}, {"type": "Feature", "id": 1077, "geometry": {"type": "Polygon", "coordinates": [[[39.555379, 43.382242], [39.552168, 43.37821], [39.555535, 43.373941], [39.562112, 43.373704], [39.565323, 43.377735], [39.561956, 43.382004], [39.555379, 43.382242]]]}, "properties": {"i": 1077, "h3": "882d56d691fffff", "lon": 39.55875, "lat": 43.37797, "water_km2": 0.73, "dist_coast_km": 26.7, "persistence": 0.0, "mean_cover": 0.0, "max_cover": 0.0, "trend_cover": 0.0, "hot": 0.0, "n_obs": 22}}, {"type": "Feature", "id": 1078, "geometry": {"type": "Polygon", "coordinates": [[[39.565167, 43.386035], [39.561956, 43.382004], [39.565323, 43.377735], [39.5719, 43.377497], [39.575111, 43.381527], [39.571745, 43.385796], [39.565167, 43.386035]]]}, "properties": {"i": 1078, "h3": "882d56d693fffff", "lon": 39.56853, "lat": 43.38177, "water_km2": 0.738, "dist_coast_km": 26.0, "persistence": 0.0, "mean_cover": 0.0, "max_cover": 0.0, "trend_cover": 0.0, "hot": 0.0, "n_obs": 22}}, {"type": "Feature", "id": 1079, "geometry": {"type": "Polygon", "coordinates": [[[39.555535, 43.373941], [39.552325, 43.36991], [39.555692, 43.365641], [39.562268, 43.365403], [39.565479, 43.369435], [39.562112, 43.373704], [39.555535, 43.373941]]]}, "properties": {"i": 1079, "h3": "882d56d695fffff", "lon": 39.5589, "lat": 43.36967, "water_km2": 0.732, "dist_coast_km": 26.7, "persistence": 0.0, "mean_cover": 0.0, "max_cover": 0.0, "trend_cover": 0.0, "hot": 0.0, "n_obs": 22}}, {"type": "Feature", "id": 1080, "geometry": {"type": "Polygon", "coordinates": [[[39.565323, 43.377735], [39.562112, 43.373704], [39.565479, 43.369435], [39.572055, 43.369196], [39.575266, 43.373227], [39.5719, 43.377497], [39.565323, 43.377735]]]}, "properties": {"i": 1080, "h3": "882d56d697fffff", "lon": 39.56869, "lat": 43.37347, "water_km2": 0.74, "dist_coast_km": 26.0, "persistence": 0.0, "mean_cover": 0.0, "max_cover": 0.0, "trend_cover": 0.0, "hot": 0.0, "n_obs": 22}}, {"type": "Feature", "id": 1081, "geometry": {"type": "Polygon", "coordinates": [[[39.545432, 43.386748], [39.542222, 43.382716], [39.54559, 43.378448], [39.552168, 43.37821], [39.555379, 43.382242], [39.552011, 43.38651], [39.545432, 43.386748]]]}, "properties": {"i": 1081, "h3": "882d56d699fffff", "lon": 39.5488, "lat": 43.38248, "water_km2": 0.413, "dist_coast_km": 26.7, "persistence": 0.0, "mean_cover": 0.0, "max_cover": 0.0, "trend_cover": 0.0, "hot": 0.0, "n_obs": 22}}, {"type": "Feature", "id": 1082, "geometry": {"type": "Polygon", "coordinates": [[[39.555222, 43.390541], [39.552011, 43.38651], [39.555379, 43.382242], [39.561956, 43.382004], [39.565167, 43.386035], [39.5618, 43.390303], [39.555222, 43.390541]]]}, "properties": {"i": 1082, "h3": "882d56d69bfffff", "lon": 39.55859, "lat": 43.38627, "water_km2": 0.74, "dist_coast_km": 25.2, "persistence": 0.0, "mean_cover": 0.0, "max_cover": 0.0, "trend_cover": 0.0, "hot": 0.0, "n_obs": 22}}, {"type": "Feature", "id": 1083, "geometry": {"type": "Polygon", "coordinates": [[[39.54559, 43.378448], [39.54238, 43.374416], [39.545748, 43.370147], [39.552325, 43.36991], [39.555535, 43.373941], [39.552168, 43.37821], [39.54559, 43.378448]]]}, "properties": {"i": 1083, "h3": "882d56d69dfffff", "lon": 39.54896, "lat": 43.37418, "water_km2": 0.44, "dist_coast_km": 26.7, "persistence": 0.0, "mean_cover": 0.0, "max_cover": 0.0, "trend_cover": 0.0, "hot": 0.0, "n_obs": 22}}, {"type": "Feature", "id": 1084, "geometry": {"type": "Polygon", "coordinates": [[[39.565634, 43.361134], [39.562425, 43.357102], [39.56579, 43.352832], [39.572365, 43.352594], [39.575575, 43.356626], [39.57221, 43.360896], [39.565634, 43.361134]]]}, "properties": {"i": 1084, "h3": "882d56d6b1fffff", "lon": 39.569, "lat": 43.35686, "water_km2": 0.059, "dist_coast_km": 27.5, "persistence": 0.0, "mean_cover": 0.0, "max_cover": 0.0, "trend_cover": 0.0, "hot": 0.0, "n_obs": 22}}, {"type": "Feature", "id": 1085, "geometry": {"type": "Polygon", "coordinates": [[[39.57542, 43.364927], [39.57221, 43.360896], [39.575575, 43.356626], [39.58215, 43.356387], [39.58536, 43.360419], [39.581996, 43.364688], [39.57542, 43.364927]]]}, "properties": {"i": 1085, "h3": "882d56d6b3fffff", "lon": 39.57879, "lat": 43.36066, "water_km2": 0.425, "dist_coast_km": 27.5, "persistence": 0.0, "mean_cover": 0.0, "max_cover": 0.0, "trend_cover": 0.0, "hot": 0.0, "n_obs": 22}}, {"type": "Feature", "id": 1086, "geometry": {"type": "Polygon", "coordinates": [[[39.555692, 43.365641], [39.552482, 43.361609], [39.555849, 43.357339], [39.562425, 43.357102], [39.565634, 43.361134], [39.562268, 43.365403], [39.555692, 43.365641]]]}, "properties": {"i": 1086, "h3": "882d56d6b9fffff", "lon": 39.55906, "lat": 43.36137, "water_km2": 0.496, "dist_coast_km": 28.3, "persistence": 0.0, "mean_cover": 0.0, "max_cover": 0.0, "trend_cover": 0.0, "hot": 0.0, "n_obs": 22}}, {"type": "Feature", "id": 1087, "geometry": {"type": "Polygon", "coordinates": [[[39.565479, 43.369435], [39.562268, 43.365403], [39.565634, 43.361134], [39.57221, 43.360896], [39.57542, 43.364927], [39.572055, 43.369196], [39.565479, 43.369435]]]}, "properties": {"i": 1087, "h3": "882d56d6bbfffff", "lon": 39.56884, "lat": 43.36517, "water_km2": 0.732, "dist_coast_km": 27.5, "persistence": 0.0, "mean_cover": 0.0, "max_cover": 0.0, "trend_cover": 0.0, "hot": 0.0, "n_obs": 22}}]}