{"type": "FeatureCollection", "features": [{"type": "Feature", "geometry": {"type": "Polygon", "coordinates": [[[131.79252432496955, 43.31857198626285], [131.79252020290332, 43.31848204751953], [131.7922697232644, 43.31839812790518], [131.79226560159873, 43.318308189139586], [131.79238878022286, 43.31830517964987], [131.79238053658608, 43.31812530213227], [131.79225735832443, 43.31812831160318], [131.79225323671582, 43.31803837283238], [131.79237641479622, 43.31803536337087], [131.79237229302538, 43.31794542460773], [131.79262277089995, 43.318029344050395], [131.7926268930523, 43.318119282792985], [131.79250371482868, 43.31812229252887], [131.79250783681883, 43.31821223127914], [131.79275831598113, 43.318296150385805], [131.79276656078147, 43.31847602784006], [131.79252432496955, 43.31857198626285]]]}, "properties": {"zone_id": "vladivostok-2025-11-26-001", "aoi": "vladivostok", "date": "2025-11-26", "scene_id": "S2A_MSIL2A_20251126T021121_R103_T52TGN_20251126T061210", "scene_datetime_utc": "2025-11-26T02:11:21.024000+00:00", "detection_status": "detected", "detection_status_ru": "обнаружено", "lon": 131.79251, "lat": 43.3183, "n_pixels": 4, "zone_area_km2": 0.0015, "cover_m2": 125.1, "p_mean": 0.842, "p_max": 0.969, "cover_m2_km2": 83400.0, "h3": "88316ccd15fffff", "valid_frac_scene": 0.999, "wind_ms": 2.8, "sea": "спокойное", "scene_reliable": true, "field_event_id": "S4:DOORS3:T23", "field_profile": "B", "field_date": "2024-06-10", "field_distance_km": 6963.8, "field_date_gap_days": 534, "field_conc_items_km2": 102.37, "conc_A_items_km2": null, "conc_A_lo80": null, "conc_A_hi80": null, "conc_A_lo95": null, "conc_A_hi95": null, "conc_A_status": "unavailable", "conc_A_status_ru": "концентрация недоступна", "conc_A_reasons": "вне бассейна профиля: nw_atlantic_subtropical", "conc_A_model": "conc-A-c6bce5631d2b", "conc_B_items_km2": null, "conc_B_lo80": null, "conc_B_hi80": null, "conc_B_lo95": null, "conc_B_hi95": null, "conc_B_status": "unavailable", "conc_B_status_ru": "концентрация недоступна", "conc_B_reasons": "вне бассейна профиля: black_sea", "conc_B_model": "conc-B-c6bce5631d2b"}}, {"type": "Feature", "geometry": {"type": "Polygon", "coordinates": [[[131.7911693532861, 43.31860508513042], [131.79116523321366, 43.318515146283694], [131.79104205403686, 43.31851815446732], [131.79103793416465, 43.318428215609465], [131.79128017192104, 43.31833226028772], [131.79126781138805, 43.31806244375494], [131.79139098962057, 43.31805943535332], [131.7913868692997, 43.317969496514976], [131.7916332253452, 43.31796347933308], [131.79162498403554, 43.31778360168881], [131.79150180638476, 43.3177866103272], [131.7914935655136, 43.317606732657204], [131.79173579930162, 43.317510776466705], [131.79173992007117, 43.31760071528552], [131.79186309732142, 43.31759770640096], [131.79187133928002, 43.317777584014564], [131.79174816166727, 43.31778059291793], [131.79175228249386, 43.31787053173154], [131.7920027592709, 43.317954452566596], [131.79200688049798, 43.31804439135793], [131.79213005861644, 43.31804138216141], [131.79213418004377, 43.318131320941596], [131.7920110017441, 43.31813433014754], [131.79201512300924, 43.31822426893541], [131.79176876599035, 43.31823028696863], [131.791772886912, 43.318320225773554], [131.7918960656122, 43.318317216813796], [131.7919043078751, 43.318497094399675], [131.79178112881237, 43.318500103378234], [131.7917852497911, 43.31859004217795], [131.7911693532861, 43.31860508513042]]]}, "properties": {"zone_id": "vladivostok-2025-11-26-002", "aoi": "vladivostok", "date": "2025-11-26", "scene_id": "S2A_MSIL2A_20251126T021121_R103_T52TGN_20251126T061210", "scene_datetime_utc": "2025-11-26T02:11:21.024000+00:00", "detection_status": "detected", "detection_status_ru": "обнаружено", "lon": 131.79158, "lat": 43.31822, "n_pixels": 21, "zone_area_km2": 0.005, "cover_m2": 696.9, "p_mean": 0.842, "p_max": 1.0, "cover_m2_km2": 139380.0, "h3": "88316ccd15fffff", "valid_frac_scene": 0.999, "wind_ms": 2.8, "sea": "спокойное", "scene_reliable": true, "field_event_id": "S4:DOORS3:T23", "field_profile": "B", "field_date": "2024-06-10", "field_distance_km": 6963.7, "field_date_gap_days": 534, "field_conc_items_km2": 102.37, "conc_A_items_km2": null, "conc_A_lo80": null, "conc_A_hi80": null, "conc_A_lo95": null, "conc_A_hi95": null, "conc_A_status": "unavailable", "conc_A_status_ru": "концентрация недоступна", "conc_A_reasons": "вне бассейна профиля: nw_atlantic_subtropical", "conc_A_model": "conc-A-c6bce5631d2b", "conc_B_items_km2": null, "conc_B_lo80": null, "conc_B_hi80": null, "conc_B_lo95": null, "conc_B_hi95": null, "conc_B_status": "unavailable", "conc_B_status_ru": "концентрация недоступна", "conc_B_reasons": "вне бассейна профиля: black_sea", "conc_B_model": "conc-B-c6bce5631d2b"}}, {"type": "Feature", "geometry": {"type": "Polygon", "coordinates": [[[131.79160850164433, 43.31742384637945], [131.79160438109403, 43.31733390754776], [131.79135802758591, 43.31733992459808], [131.79135390741715, 43.317249985745875], [131.79123073081578, 43.31725299406291], [131.79122661084727, 43.31716305519957], [131.7913497872674, 43.31716004689193], [131.79134566713662, 43.317070108036255], [131.79171519573916, 43.31706108234662], [131.7917193164136, 43.31715102117411], [131.7918424927577, 43.317148012336546], [131.79185073452612, 43.31732788996751], [131.79160850164433, 43.31742384637945]]]}, "properties": {"zone_id": "vladivostok-2025-11-26-003", "aoi": "vladivostok", "date": "2025-11-26", "scene_id": "S2A_MSIL2A_20251126T021121_R103_T52TGN_20251126T061210", "scene_datetime_utc": "2025-11-26T02:11:21.024000+00:00", "detection_status": "detected", "detection_status_ru": "обнаружено", "lon": 131.79157, "lat": 43.31722, "n_pixels": 4, "zone_area_km2": 0.0013, "cover_m2": 95.3, "p_mean": 0.976, "p_max": 0.992, "cover_m2_km2": 73307.7, "h3": "88316ccd15fffff", "valid_frac_scene": 0.999, "wind_ms": 2.8, "sea": "спокойное", "scene_reliable": true, "field_event_id": "S4:DOORS3:T23", "field_profile": "B", "field_date": "2024-06-10", "field_distance_km": 6963.8, "field_date_gap_days": 534, "field_conc_items_km2": 102.37, "conc_A_items_km2": null, "conc_A_lo80": null, "conc_A_hi80": null, "conc_A_lo95": null, "conc_A_hi95": null, "conc_A_status": "unavailable", "conc_A_status_ru": "концентрация недоступна", "conc_A_reasons": "вне бассейна профиля: nw_atlantic_subtropical", "conc_A_model": "conc-A-c6bce5631d2b", "conc_B_items_km2": null, "conc_B_lo80": null, "conc_B_hi80": null, "conc_B_lo95": null, "conc_B_hi95": null, "conc_B_status": "unavailable", "conc_B_status_ru": "концентрация недоступна", "conc_B_reasons": "вне бассейна профиля: black_sea", "conc_B_model": "conc-B-c6bce5631d2b"}}, {"type": "Feature", "geometry": {"type": "Polygon", "coordinates": [[[131.9336316227543, 43.314136588287326], [131.93362729324556, 43.3140466605719], [131.93350413843456, 43.31404982190848], [131.93349980912697, 43.313959894181394], [131.93362296375685, 43.31395673285467], [131.93361863428808, 43.31386680513572], [131.93386927295668, 43.313950409804], [131.93387360280767, 43.31404033750146], [131.9337504480366, 43.314043499102894], [131.93375477772642, 43.314133426808446], [131.9336316227543, 43.314136588287326]]]}, "properties": {"zone_id": "vladivostok-2025-11-26-004", "aoi": "vladivostok", "date": "2025-11-26", "scene_id": "S2A_MSIL2A_20251126T021121_R103_T52TGN_20251126T061210", "scene_datetime_utc": "2025-11-26T02:11:21.024000+00:00", "detection_status": "detected", "detection_status_ru": "обнаружено", "lon": 131.93369, "lat": 43.314, "n_pixels": 1, "zone_area_km2": 0.0005, "cover_m2": 24.3, "p_mean": 0.682, "p_max": 0.682, "cover_m2_km2": 48600.0, "h3": "88316cce97fffff", "valid_frac_scene": 0.999, "wind_ms": 2.8, "sea": "спокойное", "scene_reliable": true, "field_event_id": "S4:DOORS3:T23", "field_profile": "B", "field_date": "2024-06-10", "field_distance_km": 6973.5, "field_date_gap_days": 534, "field_conc_items_km2": 102.37, "conc_A_items_km2": null, "conc_A_lo80": null, "conc_A_hi80": null, "conc_A_lo95": null, "conc_A_hi95": null, "conc_A_status": "unavailable", "conc_A_status_ru": "концентрация недоступна", "conc_A_reasons": "вне бассейна профиля: nw_atlantic_subtropical", "conc_A_model": "conc-A-c6bce5631d2b", "conc_B_items_km2": null, "conc_B_lo80": null, "conc_B_hi80": null, "conc_B_lo95": null, "conc_B_hi95": null, "conc_B_status": "unavailable", "conc_B_status_ru": "концентрация недоступна", "conc_B_reasons": "вне бассейна профиля: black_sea", "conc_B_model": "conc-B-c6bce5631d2b"}}, {"type": "Feature", "geometry": {"type": "Polygon", "coordinates": [[[131.93435323002578, 43.31375790679243], [131.93434889951027, 43.313667979129185], [131.93410259155692, 43.313674303179944], [131.93409826142363, 43.31358437549517], [131.93397510759812, 43.31358753731206], [131.93397077766593, 43.313497609615645], [131.93409393131034, 43.31349444780864], [131.93408960121698, 43.313404520120336], [131.93421275466034, 43.31340135819078], [131.93421708493477, 43.31349128586922], [131.93434023853922, 43.313488123797384], [131.93433590808365, 43.31339819612882], [131.9345865456882, 43.313481799256465], [131.9345952073837, 43.31366165454875], [131.93435323002578, 43.31375790679243]]]}, "properties": {"zone_id": "vladivostok-2025-11-26-005", "aoi": "vladivostok", "date": "2025-11-26", "scene_id": "S2A_MSIL2A_20251126T021121_R103_T52TGN_20251126T061210", "scene_datetime_utc": "2025-11-26T02:11:21.024000+00:00", "detection_status": "detected", "detection_status_ru": "обнаружено", "lon": 131.93432, "lat": 43.31356, "n_pixels": 3, "zone_area_km2": 0.0012, "cover_m2": 62.4, "p_mean": 0.608, "p_max": 0.725, "cover_m2_km2": 52000.0, "h3": "88316cce97fffff", "valid_frac_scene": 0.999, "wind_ms": 2.8, "sea": "спокойное", "scene_reliable": true, "field_event_id": "S4:DOORS3:T23", "field_profile": "B", "field_date": "2024-06-10", "field_distance_km": 6973.6, "field_date_gap_days": 534, "field_conc_items_km2": 102.37, "conc_A_items_km2": null, "conc_A_lo80": null, "conc_A_hi80": null, "conc_A_lo95": null, "conc_A_hi95": null, "conc_A_status": "unavailable", "conc_A_status_ru": "концентрация недоступна", "conc_A_reasons": "вне бассейна профиля: nw_atlantic_subtropical", "conc_A_model": "conc-A-c6bce5631d2b", "conc_B_items_km2": null, "conc_B_lo80": null, "conc_B_hi80": null, "conc_B_lo95": null, "conc_B_hi95": null, "conc_B_status": "unavailable", "conc_B_status_ru": "концентрация недоступна", "conc_B_reasons": "вне бассейна профиля: black_sea", "conc_B_model": "conc-B-c6bce5631d2b"}}, {"type": "Feature", "geometry": {"type": "Polygon", "coordinates": [[[131.95787187007025, 43.310540482225065], [131.95786750536675, 43.31045055641438], [131.95774436050283, 43.31045374364011], [131.95773999600056, 43.3103638178177], [131.9578631406834, 43.310360630601934], [131.9578587760202, 43.310270704787705], [131.95760812271553, 43.310187153231034], [131.95760375845472, 43.31009722739335], [131.95772690261452, 43.310094040339834], [131.9577225381928, 43.310004114510335], [131.9579688260898, 43.30999774002605], [131.9579731908737, 43.31008766583563], [131.95809633497305, 43.310084478384944], [131.95810069995812, 43.31017440418281], [131.95797755567767, 43.31017759164346], [131.95798192050182, 43.310267517449496], [131.95823257461115, 43.310351068160266], [131.9582369398377, 43.310440993942855], [131.95811379503417, 43.31044418156576], [131.95811816009981, 43.310534107356524], [131.95787187007025, 43.310540482225065]]]}, "properties": {"zone_id": "vladivostok-2025-11-26-006", "aoi": "vladivostok", "date": "2025-11-26", "scene_id": "S2A_MSIL2A_20251126T021121_R103_T52TGN_20251126T061210", "scene_datetime_utc": "2025-11-26T02:11:21.024000+00:00", "detection_status": "detected", "detection_status_ru": "обнаружено", "lon": 131.95792, "lat": 43.31027, "n_pixels": 4, "zone_area_km2": 0.0016, "cover_m2": 131.4, "p_mean": 0.622, "p_max": 0.875, "cover_m2_km2": 82125.0, "h3": "88316c1b41fffff", "valid_frac_scene": 0.999, "wind_ms": 2.8, "sea": "спокойное", "scene_reliable": true, "field_event_id": "S4:DOORS3:T23", "field_profile": "B", "field_date": "2024-06-10", "field_distance_km": 6975.4, "field_date_gap_days": 534, "field_conc_items_km2": 102.37, "conc_A_items_km2": null, "conc_A_lo80": null, "conc_A_hi80": null, "conc_A_lo95": null, "conc_A_hi95": null, "conc_A_status": "unavailable", "conc_A_status_ru": "концентрация недоступна", "conc_A_reasons": "вне бассейна профиля: nw_atlantic_subtropical", "conc_A_model": "conc-A-c6bce5631d2b", "conc_B_items_km2": null, "conc_B_lo80": null, "conc_B_hi80": null, "conc_B_lo95": null, "conc_B_hi95": null, "conc_B_status": "unavailable", "conc_B_status_ru": "концентрация недоступна", "conc_B_reasons": "вне бассейна профиля: black_sea", "conc_B_model": "conc-B-c6bce5631d2b"}}, {"type": "Feature", "geometry": {"type": "Polygon", "coordinates": [[[131.780186017618, 43.310319030672524], [131.78018191493234, 43.31022909085463], [131.78005875133948, 43.31023208675475], [131.78005464885396, 43.31014214692576], [131.78017781226563, 43.310139151035], [131.780169606989, 43.309959271390554], [131.7802927700194, 43.30995627538605], [131.7802886672283, 43.309866335570575], [131.7805390960234, 43.309950282979685], [131.7805473023871, 43.310130162567965], [131.78067046572306, 43.31012716614738], [131.7806745691145, 43.310217105929574], [131.78055140559735, 43.31022010235952], [131.78055550882655, 43.31031004214933], [131.780186017618, 43.310319030672524]]]}, "properties": {"zone_id": "vladivostok-2025-11-26-007", "aoi": "vladivostok", "date": "2025-11-26", "scene_id": "S2A_MSIL2A_20251126T021121_R103_T52TGN_20251126T061210", "scene_datetime_utc": "2025-11-26T02:11:21.024000+00:00", "detection_status": "detected", "detection_status_ru": "обнаружено", "lon": 131.78036, "lat": 43.31013, "n_pixels": 5, "zone_area_km2": 0.0015, "cover_m2": 42.0, "p_mean": 0.796, "p_max": 0.984, "cover_m2_km2": 28000.0, "h3": "88316ccd31fffff", "valid_frac_scene": 0.999, "wind_ms": 2.8, "sea": "спокойное", "scene_reliable": true, "field_event_id": "S4:DOORS3:T23", "field_profile": "B", "field_date": "2024-06-10", "field_distance_km": 6963.5, "field_date_gap_days": 534, "field_conc_items_km2": 102.37, "conc_A_items_km2": null, "conc_A_lo80": null, "conc_A_hi80": null, "conc_A_lo95": null, "conc_A_hi95": null, "conc_A_status": "unavailable", "conc_A_status_ru": "концентрация недоступна", "conc_A_reasons": "вне бассейна профиля: nw_atlantic_subtropical", "conc_A_model": "conc-A-c6bce5631d2b", "conc_B_items_km2": null, "conc_B_lo80": null, "conc_B_hi80": null, "conc_B_lo95": null, "conc_B_hi95": null, "conc_B_status": "unavailable", "conc_B_status_ru": "концентрация недоступна", "conc_B_reasons": "вне бассейна профиля: black_sea", "conc_B_model": "conc-B-c6bce5631d2b"}}, {"type": "Feature", "geometry": {"type": "Polygon", "coordinates": [[[131.95820201858913, 43.30972158763254], [131.95819765352368, 43.30963166183576], [131.9578282239415, 43.30964122403849], [131.9578238594394, 43.30955129821008], [131.9577007163861, 43.30955448533626], [131.95769635208518, 43.30946455949612], [131.95793827316658, 43.30936825930929], [131.95793390854377, 43.30927833348553], [131.9580570510136, 43.30927514612444], [131.9580526862299, 43.30918522030885], [131.95829897074702, 43.30917884520943], [131.95830333589282, 43.3092687710051], [131.95842647830224, 43.309265583246855], [131.95843520901641, 43.30944543481298], [131.9585583517678, 43.30944224690243], [131.95856708292465, 43.30962209844153], [131.95844393981113, 43.309625286372], [131.9584483052387, 43.30971521214885], [131.95820201858913, 43.30972158763254]]]}, "properties": {"zone_id": "vladivostok-2025-11-26-008", "aoi": "vladivostok", "date": "2025-11-26", "scene_id": "S2A_MSIL2A_20251126T021121_R103_T52TGN_20251126T061210", "scene_datetime_utc": "2025-11-26T02:11:21.024000+00:00", "detection_status": "detected", "detection_status_ru": "обнаружено", "lon": 131.95817, "lat": 43.30946, "n_pixels": 12, "zone_area_km2": 0.0026, "cover_m2": 408.6, "p_mean": 0.681, "p_max": 0.996, "cover_m2_km2": 157153.8, "h3": "88316c1b41fffff", "valid_frac_scene": 0.999, "wind_ms": 2.8, "sea": "спокойное", "scene_reliable": true, "field_event_id": "S4:DOORS3:T23", "field_profile": "B", "field_date": "2024-06-10", "field_distance_km": 6975.5, "field_date_gap_days": 534, "field_conc_items_km2": 102.37, "conc_A_items_km2": null, "conc_A_lo80": null, "conc_A_hi80": null, "conc_A_lo95": null, "conc_A_hi95": null, "conc_A_status": "unavailable", "conc_A_status_ru": "концентрация недоступна", "conc_A_reasons": "вне бассейна профиля: nw_atlantic_subtropical", "conc_A_model": "conc-A-c6bce5631d2b", "conc_B_items_km2": null, "conc_B_lo80": null, "conc_B_hi80": null, "conc_B_lo95": null, "conc_B_hi95": null, "conc_B_status": "unavailable", "conc_B_status_ru": "концентрация недоступна", "conc_B_reasons": "вне бассейна профиля: black_sea", "conc_B_model": "conc-B-c6bce5631d2b"}}, {"type": "Feature", "geometry": {"type": "Polygon", "coordinates": [[[131.79922660525474, 43.308773802892304], [131.79922247471612, 43.308683864509206], [131.79909931624132, 43.30868688082608], [131.79909105558357, 43.30850700403581], [131.79933324112682, 43.30841103292845], [131.79933737178942, 43.308500971307325], [131.79946052986375, 43.30849795474442], [131.79946879160843, 43.308677831478136], [131.79922660525474, 43.308773802892304]]]}, "properties": {"zone_id": "vladivostok-2025-11-26-009", "aoi": "vladivostok", "date": "2025-11-26", "scene_id": "S2A_MSIL2A_20251126T021121_R103_T52TGN_20251126T061210", "scene_datetime_utc": "2025-11-26T02:11:21.024000+00:00", "detection_status": "detected", "detection_status_ru": "обнаружено", "lon": 131.79928, "lat": 43.30859, "n_pixels": 2, "zone_area_km2": 0.0008, "cover_m2": 14.5, "p_mean": 0.865, "p_max": 0.984, "cover_m2_km2": 18125.0, "h3": "88316ccd17fffff", "valid_frac_scene": 0.999, "wind_ms": 2.8, "sea": "спокойное", "scene_reliable": true, "field_event_id": "S4:DOORS3:T23", "field_profile": "B", "field_date": "2024-06-10", "field_distance_km": 6964.8, "field_date_gap_days": 534, "field_conc_items_km2": 102.37, "conc_A_items_km2": null, "conc_A_lo80": null, "conc_A_hi80": null, "conc_A_lo95": null, "conc_A_hi95": null, "conc_A_status": "unavailable", "conc_A_status_ru": "концентрация недоступна", "conc_A_reasons": "вне бассейна профиля: nw_atlantic_subtropical", "conc_A_model": "conc-A-c6bce5631d2b", "conc_B_items_km2": null, "conc_B_lo80": null, "conc_B_hi80": null, "conc_B_lo95": null, "conc_B_hi95": null, "conc_B_status": "unavailable", "conc_B_status_ru": "концентрация недоступна", "conc_B_reasons": "вне бассейна профиля: black_sea", "conc_B_model": "conc-B-c6bce5631d2b"}}, {"type": "Feature", "geometry": {"type": "Polygon", "coordinates": [[[131.80005566139258, 43.308033178314226], [131.8000515297384, 43.3079432399832], [131.79992837284627, 43.307946257151755], [131.7999242413923, 43.307856318809584], [131.80004739810326, 43.30785330165045], [131.80004326648722, 43.30776336331595], [131.80028957948971, 43.30775732861924], [131.80029371146804, 43.30784726693488], [131.80041686812186, 43.307844249378434], [131.80041273596237, 43.307754311072216], [131.80053589241595, 43.307751293392776], [131.80053176009437, 43.30766135509425], [131.80077807258206, 43.30765531935689], [131.8007822052659, 43.307745257636576], [131.8009053616623, 43.307742239559815], [131.80090949454637, 43.30783217782832], [131.8006673139131, 43.30792815215387], [131.80067144647305, 43.30801809043776], [131.80054828949508, 43.308021108277934], [131.8005441571163, 43.30793116998461], [131.80005566139258, 43.308033178314226]]]}, "properties": {"zone_id": "vladivostok-2025-11-26-010", "aoi": "vladivostok", "date": "2025-11-26", "scene_id": "S2A_MSIL2A_20251126T021121_R103_T52TGN_20251126T061210", "scene_datetime_utc": "2025-11-26T02:11:21.024000+00:00", "detection_status": "detected", "detection_status_ru": "обнаружено", "lon": 131.80045, "lat": 43.30785, "n_pixels": 5, "zone_area_km2": 0.0018, "cover_m2": 47.5, "p_mean": 0.803, "p_max": 0.973, "cover_m2_km2": 26388.9, "h3": "88316ccd17fffff", "valid_frac_scene": 0.999, "wind_ms": 2.8, "sea": "спокойное", "scene_reliable": true, "field_event_id": "S4:DOORS3:T23", "field_profile": "B", "field_date": "2024-06-10", "field_distance_km": 6964.9, "field_date_gap_days": 534, "field_conc_items_km2": 102.37, "conc_A_items_km2": null, "conc_A_lo80": null, "conc_A_hi80": null, "conc_A_lo95": null, "conc_A_hi95": null, "conc_A_status": "unavailable", "conc_A_status_ru": "концентрация недоступна", "conc_A_reasons": "вне бассейна профиля: nw_atlantic_subtropical", "conc_A_model": "conc-A-c6bce5631d2b", "conc_B_items_km2": null, "conc_B_lo80": null, "conc_B_hi80": null, "conc_B_lo95": null, "conc_B_hi95": null, "conc_B_status": "unavailable", "conc_B_status_ru": "концентрация недоступна", "conc_B_reasons": "вне бассейна профиля: black_sea", "conc_B_model": "conc-B-c6bce5631d2b"}}, {"type": "Feature", "geometry": {"type": "Polygon", "coordinates": [[[131.799291935549, 43.3075116490441], [131.79928780509604, 43.30742171064611], [131.7991646491764, 43.30742472696351], [131.79916051892363, 43.307334788554364], [131.79928367466215, 43.3073317722464], [131.7992795442473, 43.30724183384494], [131.7995258553048, 43.30723580085054], [131.79952998608195, 43.30732573923316], [131.79965314176326, 43.30732272252788], [131.7996572727406, 43.30741266089932], [131.7995341168781, 43.307415677614024], [131.7995382476934, 43.30750561599317], [131.799291935549, 43.3075116490441]]]}, "properties": {"zone_id": "vladivostok-2025-11-26-011", "aoi": "vladivostok", "date": "2025-11-26", "scene_id": "S2A_MSIL2A_20251126T021121_R103_T52TGN_20251126T061210", "scene_datetime_utc": "2025-11-26T02:11:21.024000+00:00", "detection_status": "detected", "detection_status_ru": "обнаружено", "lon": 131.79941, "lat": 43.30737, "n_pixels": 2, "zone_area_km2": 0.0008, "cover_m2": 16.9, "p_mean": 0.975, "p_max": 1.0, "cover_m2_km2": 21125.0, "h3": "88316ccd17fffff", "valid_frac_scene": 0.999, "wind_ms": 2.8, "sea": "спокойное", "scene_reliable": true, "field_event_id": "S4:DOORS3:T23", "field_profile": "B", "field_date": "2024-06-10", "field_distance_km": 6964.9, "field_date_gap_days": 534, "field_conc_items_km2": 102.37, "conc_A_items_km2": null, "conc_A_lo80": null, "conc_A_hi80": null, "conc_A_lo95": null, "conc_A_hi95": null, "conc_A_status": "unavailable", "conc_A_status_ru": "концентрация недоступна", "conc_A_reasons": "вне бассейна профиля: nw_atlantic_subtropical", "conc_A_model": "conc-A-c6bce5631d2b", "conc_B_items_km2": null, "conc_B_lo80": null, "conc_B_hi80": null, "conc_B_lo95": null, "conc_B_hi95": null, "conc_B_status": "unavailable", "conc_B_status_ru": "концентрация недоступна", "conc_B_reasons": "вне бассейна профиля: black_sea", "conc_B_model": "conc-B-c6bce5631d2b"}}, {"type": "Feature", "geometry": {"type": "Polygon", "coordinates": [[[131.964149225723, 43.30524562534833], [131.9641448525731, 43.30515569996473], [131.96402171909682, 43.30515889363857], [131.96401734614813, 43.30506896824323], [131.9641404794434, 43.305065774579376], [131.9641317332445, 43.304885923803326], [131.96425486615757, 43.30488273002705], [131.96425049290735, 43.30479280464633], [131.96450113192316, 43.304876342077414], [131.96450987920815, 43.30505619279362], [131.96426798602923, 43.30515250615854], [131.96427235936014, 43.30524243153216], [131.964149225723, 43.30524562534833]]]}, "properties": {"zone_id": "vladivostok-2025-11-26-012", "aoi": "vladivostok", "date": "2025-11-26", "scene_id": "S2A_MSIL2A_20251126T021121_R103_T52TGN_20251126T061210", "scene_datetime_utc": "2025-11-26T02:11:21.024000+00:00", "detection_status": "detected", "detection_status_ru": "обнаружено", "lon": 131.96428, "lat": 43.30502, "n_pixels": 3, "zone_area_km2": 0.0011, "cover_m2": 82.0, "p_mean": 0.656, "p_max": 0.722, "cover_m2_km2": 74545.5, "h3": "88316c1b5dfffff", "valid_frac_scene": 0.999, "wind_ms": 2.8, "sea": "спокойное", "scene_reliable": true, "field_event_id": "S4:DOORS3:T23", "field_profile": "B", "field_date": "2024-06-10", "field_distance_km": 6976.1, "field_date_gap_days": 534, "field_conc_items_km2": 102.37, "conc_A_items_km2": null, "conc_A_lo80": null, "conc_A_hi80": null, "conc_A_lo95": null, "conc_A_hi95": null, "conc_A_status": "unavailable", "conc_A_status_ru": "концентрация недоступна", "conc_A_reasons": "вне бассейна профиля: nw_atlantic_subtropical", "conc_A_model": "conc-A-c6bce5631d2b", "conc_B_items_km2": null, "conc_B_lo80": null, "conc_B_hi80": null, "conc_B_lo95": null, "conc_B_hi95": null, "conc_B_status": "unavailable", "conc_B_status_ru": "концентрация недоступна", "conc_B_reasons": "вне бассейна профиля: black_sea", "conc_B_model": "conc-B-c6bce5631d2b"}}, {"type": "Feature", "geometry": {"type": "Polygon", "coordinates": [[[131.76195080263227, 43.29428386588976], [131.76194672911618, 43.294193924430836], [131.7616963897064, 43.29410993359817], [131.76168824349242, 43.29393005063451], [131.76143790551217, 43.29384605919277], [131.76142976013506, 43.29366617618156], [131.76130662801825, 43.293669150985735], [131.76130255553892, 43.29357920946824], [131.7614256874747, 43.29357623467336], [131.76142161483313, 43.293486293163454], [131.7616719512899, 43.29357028468646], [131.76166787828626, 43.293480343195135], [131.76179100998462, 43.293477368012404], [131.76178693681877, 43.29338742652864], [131.76203319979706, 43.2933814757846], [131.76203727332503, 43.29347141724977], [131.762160404967, 43.293468441669894], [131.76217262620676, 43.29373826602717], [131.76204949402168, 43.29374124163493], [131.76206171488747, 43.29401106600453], [131.76218484761569, 43.29400809036887], [131.7621929953156, 43.294187973254715], [131.76195080263227, 43.29428386588976]]]}, "properties": {"zone_id": "vladivostok-2025-11-26-013", "aoi": "vladivostok", "date": "2025-11-26", "scene_id": "S2A_MSIL2A_20251126T021121_R103_T52TGN_20251126T061210", "scene_datetime_utc": "2025-11-26T02:11:21.024000+00:00", "detection_status": "detected", "detection_status_ru": "обнаружено", "lon": 131.76185, "lat": 43.29379, "n_pixels": 16, "zone_area_km2": 0.004, "cover_m2": 511.8, "p_mean": 0.786, "p_max": 0.992, "cover_m2_km2": 127950.0, "h3": "88316c52c3fffff", "valid_frac_scene": 0.999, "wind_ms": 2.8, "sea": "спокойное", "scene_reliable": true, "field_event_id": "S4:DOORS3:T23", "field_profile": "B", "field_date": "2024-06-10", "field_distance_km": 6963.2, "field_date_gap_days": 534, "field_conc_items_km2": 102.37, "conc_A_items_km2": null, "conc_A_lo80": null, "conc_A_hi80": null, "conc_A_lo95": null, "conc_A_hi95": null, "conc_A_status": "unavailable", "conc_A_status_ru": "концентрация недоступна", "conc_A_reasons": "вне бассейна профиля: nw_atlantic_subtropical", "conc_A_model": "conc-A-c6bce5631d2b", "conc_B_items_km2": null, "conc_B_lo80": null, "conc_B_hi80": null, "conc_B_lo95": null, "conc_B_hi95": null, "conc_B_status": "unavailable", "conc_B_status_ru": "концентрация недоступна", "conc_B_reasons": "вне бассейна профиля: black_sea", "conc_B_model": "conc-B-c6bce5631d2b"}}, {"type": "Feature", "geometry": {"type": "Polygon", "coordinates": [[[131.97805064639516, 43.292008662167646], [131.97804625478398, 43.29191873770988], [131.9779231495689, 43.291921945569406], [131.97791875815886, 43.29183202109984], [131.97804186319306, 43.29182881325035], [131.9780374716224, 43.29173888878904], [131.97828807320064, 43.29182239715446], [131.97829246515334, 43.29191232159395], [131.97816935997878, 43.29191552971806], [131.97817375177084, 43.2920054541658], [131.97805064639516, 43.292008662167646]]]}, "properties": {"zone_id": "vladivostok-2025-11-26-014", "aoi": "vladivostok", "date": "2025-11-26", "scene_id": "S2A_MSIL2A_20251126T021121_R103_T52TGN_20251126T061210", "scene_datetime_utc": "2025-11-26T02:11:21.024000+00:00", "detection_status": "detected", "detection_status_ru": "обнаружено", "lon": 131.97811, "lat": 43.29187, "n_pixels": 1, "zone_area_km2": 0.0005, "cover_m2": 6.3, "p_mean": 0.502, "p_max": 0.502, "cover_m2_km2": 12600.0, "h3": "88316c1b53fffff", "valid_frac_scene": 0.999, "wind_ms": 2.8, "sea": "спокойное", "scene_reliable": true, "field_event_id": "S4:DOORS3:T23", "field_profile": "B", "field_date": "2024-06-10", "field_distance_km": 6977.9, "field_date_gap_days": 534, "field_conc_items_km2": 102.37, "conc_A_items_km2": null, "conc_A_lo80": null, "conc_A_hi80": null, "conc_A_lo95": null, "conc_A_hi95": null, "conc_A_status": "unavailable", "conc_A_status_ru": "концентрация недоступна", "conc_A_reasons": "вне бассейна профиля: nw_atlantic_subtropical", "conc_A_model": "conc-A-c6bce5631d2b", "conc_B_items_km2": null, "conc_B_lo80": null, "conc_B_hi80": null, "conc_B_lo95": null, "conc_B_hi95": null, "conc_B_status": "unavailable", "conc_B_status_ru": "концентрация недоступна", "conc_B_reasons": "вне бассейна профиля: black_sea", "conc_B_model": "conc-B-c6bce5631d2b"}}, {"type": "Feature", "geometry": {"type": "Polygon", "coordinates": [[[131.94682464883581, 43.28606515943511], [131.94682030413335, 43.285975232342615], [131.9465697663782, 43.28589165290946], [131.9465654220775, 43.28580172579358], [131.94668851844304, 43.285798552039076], [131.94668417398154, 43.28570862493135], [131.9469303662908, 43.2857022770453], [131.94693471111398, 43.28579220413321], [131.9470578074194, 43.285789029981835], [131.9470621524435, 43.285878957058074], [131.94718524890973, 43.28587578276451], [131.9471895941347, 43.28596570982904], [131.9470664974876, 43.28596888413252], [131.9470708425518, 43.2860588112052], [131.94682464883581, 43.28606515943511]]]}, "properties": {"zone_id": "vladivostok-2025-11-26-015", "aoi": "vladivostok", "date": "2025-11-26", "scene_id": "S2A_MSIL2A_20251126T021121_R103_T52TGN_20251126T061210", "scene_datetime_utc": "2025-11-26T02:11:21.024000+00:00", "detection_status": "detected", "detection_status_ru": "обнаружено", "lon": 131.94688, "lat": 43.28588, "n_pixels": 4, "zone_area_km2": 0.0012, "cover_m2": 31.0, "p_mean": 0.935, "p_max": 0.996, "cover_m2_km2": 25833.3, "h3": "88316c1b07fffff", "valid_frac_scene": 0.999, "wind_ms": 2.8, "sea": "спокойное", "scene_reliable": true, "field_event_id": "S4:DOORS3:T23", "field_profile": "B", "field_date": "2024-06-10", "field_distance_km": 6976.2, "field_date_gap_days": 534, "field_conc_items_km2": 102.37, "conc_A_items_km2": null, "conc_A_lo80": null, "conc_A_hi80": null, "conc_A_lo95": null, "conc_A_hi95": null, "conc_A_status": "unavailable", "conc_A_status_ru": "концентрация недоступна", "conc_A_reasons": "вне бассейна профиля: nw_atlantic_subtropical", "conc_A_model": "conc-A-c6bce5631d2b", "conc_B_items_km2": null, "conc_B_lo80": null, "conc_B_hi80": null, "conc_B_lo95": null, "conc_B_hi95": null, "conc_B_status": "unavailable", "conc_B_status_ru": "концентрация недоступна", "conc_B_reasons": "вне бассейна профиля: black_sea", "conc_B_model": "conc-B-c6bce5631d2b"}}, {"type": "Feature", "geometry": {"type": "Polygon", "coordinates": [[[131.82064913615633, 43.284116500480295], [131.82064497761303, 43.28402656336194], [131.82052187115406, 43.28402960137008], [131.82051355448684, 43.283849727109164], [131.82075560799538, 43.28375371388444], [131.820759766662, 43.28384365099851], [131.82088287272083, 43.28384061274472], [131.82089119047347, 43.28402048694869], [131.82064913615633, 43.284116500480295]]]}, "properties": {"zone_id": "vladivostok-2025-11-26-016", "aoi": "vladivostok", "date": "2025-11-26", "scene_id": "S2A_MSIL2A_20251126T021121_R103_T52TGN_20251126T061210", "scene_datetime_utc": "2025-11-26T02:11:21.024000+00:00", "detection_status": "detected", "detection_status_ru": "обнаружено", "lon": 131.8207, "lat": 43.28394, "n_pixels": 2, "zone_area_km2": 0.0008, "cover_m2": 5.5, "p_mean": 0.796, "p_max": 0.984, "cover_m2_km2": 6875.0, "h3": "88316ccd81fffff", "valid_frac_scene": 0.999, "wind_ms": 2.8, "sea": "спокойное", "scene_reliable": true, "field_event_id": "S4:DOORS3:T23", "field_profile": "B", "field_date": "2024-06-10", "field_distance_km": 6967.8, "field_date_gap_days": 534, "field_conc_items_km2": 102.37, "conc_A_items_km2": null, "conc_A_lo80": null, "conc_A_hi80": null, "conc_A_lo95": null, "conc_A_hi95": null, "conc_A_status": "unavailable", "conc_A_status_ru": "концентрация недоступна", "conc_A_reasons": "вне бассейна профиля: nw_atlantic_subtropical", "conc_A_model": "conc-A-c6bce5631d2b", "conc_B_items_km2": null, "conc_B_lo80": null, "conc_B_hi80": null, "conc_B_lo95": null, "conc_B_hi95": null, "conc_B_status": "unavailable", "conc_B_status_ru": "концентрация недоступна", "conc_B_reasons": "вне бассейна профиля: black_sea", "conc_B_model": "conc-B-c6bce5631d2b"}}, {"type": "Feature", "geometry": {"type": "Polygon", "coordinates": [[[131.76202473583132, 43.282306763890645], [131.76202066390923, 43.282216822248444], [131.76189755494647, 43.28221979706354], [131.7618934832241, 43.28212985541031], [131.76201659200592, 43.2821268806045], [131.7620125201214, 43.28203693895884], [131.76226280951317, 43.282120930595894], [131.76226688177837, 43.28221087222125], [131.7621437728532, 43.28221384730101], [131.76214784495622, 43.282303788933916], [131.76202473583132, 43.282306763890645]]]}, "properties": {"zone_id": "vladivostok-2025-11-26-017", "aoi": "vladivostok", "date": "2025-11-26", "scene_id": "S2A_MSIL2A_20251126T021121_R103_T52TGN_20251126T061210", "scene_datetime_utc": "2025-11-26T02:11:21.024000+00:00", "detection_status": "detected", "detection_status_ru": "обнаружено", "lon": 131.76208, "lat": 43.28217, "n_pixels": 1, "zone_area_km2": 0.0005, "cover_m2": 4.3, "p_mean": 1.0, "p_max": 1.0, "cover_m2_km2": 8600.0, "h3": "88316c528bfffff", "valid_frac_scene": 0.999, "wind_ms": 2.8, "sea": "спокойное", "scene_reliable": true, "field_event_id": "S4:DOORS3:T23", "field_profile": "B", "field_date": "2024-06-10", "field_distance_km": 6963.9, "field_date_gap_days": 534, "field_conc_items_km2": 102.37, "conc_A_items_km2": null, "conc_A_lo80": null, "conc_A_hi80": null, "conc_A_lo95": null, "conc_A_hi95": null, "conc_A_status": "unavailable", "conc_A_status_ru": "концентрация недоступна", "conc_A_reasons": "вне бассейна профиля: nw_atlantic_subtropical", "conc_A_model": "conc-A-c6bce5631d2b", "conc_B_items_km2": null, "conc_B_lo80": null, "conc_B_hi80": null, "conc_B_lo95": null, "conc_B_hi95": null, "conc_B_status": "unavailable", "conc_B_status_ru": "концентрация недоступна", "conc_B_reasons": "вне бассейна профиля: black_sea", "conc_B_model": "conc-B-c6bce5631d2b"}}, {"type": "Feature", "geometry": {"type": "Polygon", "coordinates": [[[131.76199216098047, 43.2815872307046], [131.76198808920864, 43.28149728904858], [131.76186498169332, 43.28150026378934], [131.76186091012121, 43.281410322122284], [131.76198401745563, 43.28140734739083], [131.76197994572135, 43.28131740573134], [131.76223023206808, 43.281401397530935], [131.76223430418298, 43.2814913391701], [131.7621111967052, 43.281494314175504], [131.76211526865796, 43.28158425582223], [131.76199216098047, 43.2815872307046]]]}, "properties": {"zone_id": "vladivostok-2025-11-26-018", "aoi": "vladivostok", "date": "2025-11-26", "scene_id": "S2A_MSIL2A_20251126T021121_R103_T52TGN_20251126T061210", "scene_datetime_utc": "2025-11-26T02:11:21.024000+00:00", "detection_status": "detected", "detection_status_ru": "обнаружено", "lon": 131.76205, "lat": 43.28145, "n_pixels": 1, "zone_area_km2": 0.0005, "cover_m2": 8.2, "p_mean": 1.0, "p_max": 1.0, "cover_m2_km2": 16400.0, "h3": "88316c528bfffff", "valid_frac_scene": 0.999, "wind_ms": 2.8, "sea": "спокойное", "scene_reliable": true, "field_event_id": "S4:DOORS3:T23", "field_profile": "B", "field_date": "2024-06-10", "field_distance_km": 6964.0, "field_date_gap_days": 534, "field_conc_items_km2": 102.37, "conc_A_items_km2": null, "conc_A_lo80": null, "conc_A_hi80": null, "conc_A_lo95": null, "conc_A_hi95": null, "conc_A_status": "unavailable", "conc_A_status_ru": "концентрация недоступна", "conc_A_reasons": "вне бассейна профиля: nw_atlantic_subtropical", "conc_A_model": "conc-A-c6bce5631d2b", "conc_B_items_km2": null, "conc_B_lo80": null, "conc_B_hi80": null, "conc_B_lo95": null, "conc_B_hi95": null, "conc_B_status": "unavailable", "conc_B_status_ru": "концентрация недоступна", "conc_B_reasons": "вне бассейна профиля: black_sea", "conc_B_model": "conc-B-c6bce5631d2b"}}, {"type": "Feature", "geometry": {"type": "Polygon", "coordinates": [[[131.79321561135006, 43.27983802666905], [131.79321149383566, 43.279748087367885], [131.7929611752273, 43.279664164408], [131.79295705811265, 43.279574225084566], [131.79308015849773, 43.27957121698861], [131.79307604122118, 43.27948127767282], [131.7933263592109, 43.27956520039976], [131.79333047686822, 43.279655139695], [131.7934535773772, 43.279652131192705], [131.7934576952344, 43.27974207047682], [131.79333459454455, 43.2797450789885], [131.79333871223983, 43.27983501828028], [131.79321561135006, 43.27983802666905]]]}, "properties": {"zone_id": "vladivostok-2025-11-26-019", "aoi": "vladivostok", "date": "2025-11-26", "scene_id": "S2A_MSIL2A_20251126T021121_R103_T52TGN_20251126T061210", "scene_datetime_utc": "2025-11-26T02:11:21.024000+00:00", "detection_status": "detected", "detection_status_ru": "обнаружено", "lon": 131.79321, "lat": 43.27966, "n_pixels": 2, "zone_area_km2": 0.0008, "cover_m2": 19.2, "p_mean": 0.865, "p_max": 0.957, "cover_m2_km2": 24000.0, "h3": "88316ccdadfffff", "valid_frac_scene": 0.999, "wind_ms": 2.8, "sea": "спокойное", "scene_reliable": true, "field_event_id": "S4:DOORS3:T23", "field_profile": "B", "field_date": "2024-06-10", "field_distance_km": 6966.2, "field_date_gap_days": 534, "field_conc_items_km2": 102.37, "conc_A_items_km2": null, "conc_A_lo80": null, "conc_A_hi80": null, "conc_A_lo95": null, "conc_A_hi95": null, "conc_A_status": "unavailable", "conc_A_status_ru": "концентрация недоступна", "conc_A_reasons": "вне бассейна профиля: nw_atlantic_subtropical", "conc_A_model": "conc-A-c6bce5631d2b", "conc_B_items_km2": null, "conc_B_lo80": null, "conc_B_hi80": null, "conc_B_lo95": null, "conc_B_hi95": null, "conc_B_status": "unavailable", "conc_B_status_ru": "концентрация недоступна", "conc_B_reasons": "вне бассейна профиля: black_sea", "conc_B_model": "conc-B-c6bce5631d2b"}}, {"type": "Feature", "geometry": {"type": "Polygon", "coordinates": [[[131.78814360210276, 43.27672042426918], [131.78813949250653, 43.276630484529996], [131.7880163975312, 43.2766334871469], [131.7879876321541, 43.27600390885853], [131.78822970992823, 43.2759079638801], [131.7882338195537, 43.27599790362376], [131.7883569132251, 43.27599490080794], [131.78836102305038, 43.27608484054047], [131.78848411688364, 43.276081837582964], [131.7884923369528, 43.27626171702408], [131.78836924275782, 43.27626472000035], [131.78838568240025, 43.2766244788993], [131.78814360210276, 43.27672042426918]]]}, "properties": {"zone_id": "vladivostok-2025-11-26-020", "aoi": "vladivostok", "date": "2025-11-26", "scene_id": "S2A_MSIL2A_20251126T021121_R103_T52TGN_20251126T061210", "scene_datetime_utc": "2025-11-26T02:11:21.024000+00:00", "detection_status": "detected", "detection_status_ru": "обнаружено", "lon": 131.78821, "lat": 43.27628, "n_pixels": 9, "zone_area_km2": 0.0025, "cover_m2": 47.5, "p_mean": 0.858, "p_max": 0.996, "cover_m2_km2": 19000.0, "h3": "88316ccda5fffff", "valid_frac_scene": 0.999, "wind_ms": 2.8, "sea": "спокойное", "scene_reliable": true, "field_event_id": "S4:DOORS3:T23", "field_profile": "B", "field_date": "2024-06-10", "field_distance_km": 6966.1, "field_date_gap_days": 534, "field_conc_items_km2": 102.37, "conc_A_items_km2": null, "conc_A_lo80": null, "conc_A_hi80": null, "conc_A_lo95": null, "conc_A_hi95": null, "conc_A_status": "unavailable", "conc_A_status_ru": "концентрация недоступна", "conc_A_reasons": "вне бассейна профиля: nw_atlantic_subtropical", "conc_A_model": "conc-A-c6bce5631d2b", "conc_B_items_km2": null, "conc_B_lo80": null, "conc_B_hi80": null, "conc_B_lo95": null, "conc_B_hi95": null, "conc_B_status": "unavailable", "conc_B_status_ru": "концентрация недоступна", "conc_B_reasons": "вне бассейна профиля: black_sea", "conc_B_model": "conc-B-c6bce5631d2b"}}, {"type": "Feature", "geometry": {"type": "Polygon", "coordinates": [[[131.7885866599525, 43.27562913590696], [131.78858254986028, 43.27553919618452], [131.7884594571311, 43.27554219921803], [131.7884553472387, 43.275452259484474], [131.78857843978702, 43.27544925646034], [131.78857432973274, 43.27535931673443], [131.78882462482682, 43.275443250015215], [131.78882873526177, 43.275533189720626], [131.7887056425705, 43.27553619301871], [131.78870975284357, 43.27562613273178], [131.7885866599525, 43.27562913590696]]]}, "properties": {"zone_id": "vladivostok-2025-11-26-021", "aoi": "vladivostok", "date": "2025-11-26", "scene_id": "S2A_MSIL2A_20251126T021121_R103_T52TGN_20251126T061210", "scene_datetime_utc": "2025-11-26T02:11:21.024000+00:00", "detection_status": "detected", "detection_status_ru": "обнаружено", "lon": 131.78864, "lat": 43.27549, "n_pixels": 1, "zone_area_km2": 0.0005, "cover_m2": 5.1, "p_mean": 0.82, "p_max": 0.82, "cover_m2_km2": 10200.0, "h3": "88316ccda5fffff", "valid_frac_scene": 0.999, "wind_ms": 2.8, "sea": "спокойное", "scene_reliable": true, "field_event_id": "S4:DOORS3:T23", "field_profile": "B", "field_date": "2024-06-10", "field_distance_km": 6966.1, "field_date_gap_days": 534, "field_conc_items_km2": 102.37, "conc_A_items_km2": null, "conc_A_lo80": null, "conc_A_hi80": null, "conc_A_lo95": null, "conc_A_hi95": null, "conc_A_status": "unavailable", "conc_A_status_ru": "концентрация недоступна", "conc_A_reasons": "вне бассейна профиля: nw_atlantic_subtropical", "conc_A_model": "conc-A-c6bce5631d2b", "conc_B_items_km2": null, "conc_B_lo80": null, "conc_B_hi80": null, "conc_B_lo95": null, "conc_B_hi95": null, "conc_B_status": "unavailable", "conc_B_status_ru": "концентрация недоступна", "conc_B_reasons": "вне бассейна профиля: black_sea", "conc_B_model": "conc-B-c6bce5631d2b"}}, {"type": "Feature", "geometry": {"type": "Polygon", "coordinates": [[[131.78866865096606, 43.27472673552319], [131.7886645408826, 43.2746367957928], [131.78854144998087, 43.274639798864776], [131.78853323023247, 43.274459919380035], [131.78877530108616, 43.274363973415106], [131.78877941129358, 43.27445391314132], [131.78890250179575, 43.274450909823535], [131.7889107226292, 43.27463078925199], [131.78866865096606, 43.27472673552319]]]}, "properties": {"zone_id": "vladivostok-2025-11-26-022", "aoi": "vladivostok", "date": "2025-11-26", "scene_id": "S2A_MSIL2A_20251126T021121_R103_T52TGN_20251126T061210", "scene_datetime_utc": "2025-11-26T02:11:21.024000+00:00", "detection_status": "detected", "detection_status_ru": "обнаружено", "lon": 131.78872, "lat": 43.27455, "n_pixels": 2, "zone_area_km2": 0.0008, "cover_m2": 7.8, "p_mean": 0.994, "p_max": 1.0, "cover_m2_km2": 9750.0, "h3": "88316ccda5fffff", "valid_frac_scene": 0.999, "wind_ms": 2.8, "sea": "спокойное", "scene_reliable": true, "field_event_id": "S4:DOORS3:T23", "field_profile": "B", "field_date": "2024-06-10", "field_distance_km": 6966.2, "field_date_gap_days": 534, "field_conc_items_km2": 102.37, "conc_A_items_km2": null, "conc_A_lo80": null, "conc_A_hi80": null, "conc_A_lo95": null, "conc_A_hi95": null, "conc_A_status": "unavailable", "conc_A_status_ru": "концентрация недоступна", "conc_A_reasons": "вне бассейна профиля: nw_atlantic_subtropical", "conc_A_model": "conc-A-c6bce5631d2b", "conc_B_items_km2": null, "conc_B_lo80": null, "conc_B_hi80": null, "conc_B_lo95": null, "conc_B_hi95": null, "conc_B_status": "unavailable", "conc_B_status_ru": "концентрация недоступна", "conc_B_reasons": "вне бассейна профиля: black_sea", "conc_B_model": "conc-B-c6bce5631d2b"}}, {"type": "Feature", "geometry": {"type": "Polygon", "coordinates": [[[131.78876708072812, 43.27418409395749], [131.78876297057758, 43.274094154226084], [131.7886398807798, 43.27409715737405], [131.78863166089724, 43.273917277887264], [131.78887372947585, 43.273821331769355], [131.7888778397504, 43.27391127149657], [131.7890009291485, 43.2739082681028], [131.78900915011616, 43.274088147533284], [131.78876708072812, 43.27418409395749]]]}, "properties": {"zone_id": "vladivostok-2025-11-26-023", "aoi": "vladivostok", "date": "2025-11-26", "scene_id": "S2A_MSIL2A_20251126T021121_R103_T52TGN_20251126T061210", "scene_datetime_utc": "2025-11-26T02:11:21.024000+00:00", "detection_status": "detected", "detection_status_ru": "обнаружено", "lon": 131.78882, "lat": 43.274, "n_pixels": 2, "zone_area_km2": 0.0008, "cover_m2": 7.8, "p_mean": 0.682, "p_max": 0.855, "cover_m2_km2": 9750.0, "h3": "88316ccda5fffff", "valid_frac_scene": 0.999, "wind_ms": 2.8, "sea": "спокойное", "scene_reliable": true, "field_event_id": "S4:DOORS3:T23", "field_profile": "B", "field_date": "2024-06-10", "field_distance_km": 6966.3, "field_date_gap_days": 534, "field_conc_items_km2": 102.37, "conc_A_items_km2": null, "conc_A_lo80": null, "conc_A_hi80": null, "conc_A_lo95": null, "conc_A_hi95": null, "conc_A_status": "unavailable", "conc_A_status_ru": "концентрация недоступна", "conc_A_reasons": "вне бассейна профиля: nw_atlantic_subtropical", "conc_A_model": "conc-A-c6bce5631d2b", "conc_B_items_km2": null, "conc_B_lo80": null, "conc_B_hi80": null, "conc_B_lo95": null, "conc_B_hi95": null, "conc_B_status": "unavailable", "conc_B_status_ru": "концентрация недоступна", "conc_B_reasons": "вне бассейна профиля: black_sea", "conc_B_model": "conc-B-c6bce5631d2b"}}, {"type": "Feature", "geometry": {"type": "Polygon", "coordinates": [[[131.76378032093092, 43.27208979683092], [131.7637762478757, 43.271999855160814], [131.76365315969088, 43.27200283130703], [131.76364501399846, 43.27182294794305], [131.76388711644634, 43.27172705388959], [131.76389118962604, 43.27181699555556], [131.76401427741163, 43.271814019163386], [131.76402242418905, 43.27199390247157], [131.76378032093092, 43.27208979683092]]]}, "properties": {"zone_id": "vladivostok-2025-11-26-024", "aoi": "vladivostok", "date": "2025-11-26", "scene_id": "S2A_MSIL2A_20251126T021121_R103_T52TGN_20251126T061210", "scene_datetime_utc": "2025-11-26T02:11:21.024000+00:00", "detection_status": "detected", "detection_status_ru": "обнаружено", "lon": 131.76383, "lat": 43.27191, "n_pixels": 2, "zone_area_km2": 0.0008, "cover_m2": 5.5, "p_mean": 0.945, "p_max": 0.957, "cover_m2_km2": 6875.0, "h3": "88316c529dfffff", "valid_frac_scene": 0.999, "wind_ms": 2.8, "sea": "спокойное", "scene_reliable": true, "field_event_id": "S4:DOORS3:T23", "field_profile": "B", "field_date": "2024-06-10", "field_distance_km": 6964.7, "field_date_gap_days": 534, "field_conc_items_km2": 102.37, "conc_A_items_km2": null, "conc_A_lo80": null, "conc_A_hi80": null, "conc_A_lo95": null, "conc_A_hi95": null, "conc_A_status": "unavailable", "conc_A_status_ru": "концентрация недоступна", "conc_A_reasons": "вне бассейна профиля: nw_atlantic_subtropical", "conc_A_model": "conc-A-c6bce5631d2b", "conc_B_items_km2": null, "conc_B_lo80": null, "conc_B_hi80": null, "conc_B_lo95": null, "conc_B_hi95": null, "conc_B_status": "unavailable", "conc_B_status_ru": "концентрация недоступна", "conc_B_reasons": "вне бассейна профиля: black_sea", "conc_B_model": "conc-B-c6bce5631d2b"}}, {"type": "Feature", "geometry": {"type": "Polygon", "coordinates": [[[131.76592334594497, 43.2677160311122], [131.76591927035636, 43.267626089535895], [131.76579619120764, 43.26762906774883], [131.76578804044834, 43.267449184572435], [131.76603012229074, 43.267353286479334], [131.76603419800378, 43.26744322805152], [131.76615727675332, 43.26744024959267], [131.76616542859736, 43.26762013271322], [131.76592334594497, 43.2677160311122]]]}, "properties": {"zone_id": "vladivostok-2025-11-26-025", "aoi": "vladivostok", "date": "2025-11-26", "scene_id": "S2A_MSIL2A_20251126T021121_R103_T52TGN_20251126T061210", "scene_datetime_utc": "2025-11-26T02:11:21.024000+00:00", "detection_status": "detected", "detection_status_ru": "обнаружено", "lon": 131.76598, "lat": 43.26753, "n_pixels": 2, "zone_area_km2": 0.0008, "cover_m2": 10.2, "p_mean": 0.863, "p_max": 1.0, "cover_m2_km2": 12750.0, "h3": "88316c5295fffff", "valid_frac_scene": 0.999, "wind_ms": 2.8, "sea": "спокойное", "scene_reliable": true, "field_event_id": "S4:DOORS3:T23", "field_profile": "B", "field_date": "2024-06-10", "field_distance_km": 6965.1, "field_date_gap_days": 534, "field_conc_items_km2": 102.37, "conc_A_items_km2": null, "conc_A_lo80": null, "conc_A_hi80": null, "conc_A_lo95": null, "conc_A_hi95": null, "conc_A_status": "unavailable", "conc_A_status_ru": "концентрация недоступна", "conc_A_reasons": "вне бассейна профиля: nw_atlantic_subtropical", "conc_A_model": "conc-A-c6bce5631d2b", "conc_B_items_km2": null, "conc_B_lo80": null, "conc_B_hi80": null, "conc_B_lo95": null, "conc_B_hi95": null, "conc_B_status": "unavailable", "conc_B_status_ru": "концентрация недоступна", "conc_B_reasons": "вне бассейна профиля: black_sea", "conc_B_model": "conc-B-c6bce5631d2b"}}, {"type": "Feature", "geometry": {"type": "Polygon", "coordinates": [[[131.7926516887732, 43.26751632625234], [131.79264757385988, 43.26742638671358], [131.792524497906, 43.26742939367337], [131.79252038319243, 43.267339454123494], [131.79264345896556, 43.26733644717309], [131.79263934409022, 43.26724650763087], [131.79288961045484, 43.267330432875546], [131.7928937257107, 43.26742037239725], [131.7927706497948, 43.26742337962155], [131.79277476488886, 43.26751331915091], [131.7926516887732, 43.26751632625234]]]}, "properties": {"zone_id": "vladivostok-2025-11-26-026", "aoi": "vladivostok", "date": "2025-11-26", "scene_id": "S2A_MSIL2A_20251126T021121_R103_T52TGN_20251126T061210", "scene_datetime_utc": "2025-11-26T02:11:21.024000+00:00", "detection_status": "detected", "detection_status_ru": "обнаружено", "lon": 131.79271, "lat": 43.26738, "n_pixels": 1, "zone_area_km2": 0.0005, "cover_m2": 11.0, "p_mean": 0.643, "p_max": 0.643, "cover_m2_km2": 22000.0, "h3": "88316ccda7fffff", "valid_frac_scene": 0.999, "wind_ms": 2.8, "sea": "спокойное", "scene_reliable": true, "field_event_id": "S4:DOORS3:T23", "field_profile": "B", "field_date": "2024-06-10", "field_distance_km": 6966.9, "field_date_gap_days": 534, "field_conc_items_km2": 102.37, "conc_A_items_km2": null, "conc_A_lo80": null, "conc_A_hi80": null, "conc_A_lo95": null, "conc_A_hi95": null, "conc_A_status": "unavailable", "conc_A_status_ru": "концентрация недоступна", "conc_A_reasons": "вне бассейна профиля: nw_atlantic_subtropical", "conc_A_model": "conc-A-c6bce5631d2b", "conc_B_items_km2": null, "conc_B_lo80": null, "conc_B_hi80": null, "conc_B_lo95": null, "conc_B_hi95": null, "conc_B_status": "unavailable", "conc_B_status_ru": "концентрация недоступна", "conc_B_reasons": "вне бассейна профиля: black_sea", "conc_B_model": "conc-B-c6bce5631d2b"}}, {"type": "Feature", "geometry": {"type": "Polygon", "coordinates": [[[131.76633414041095, 43.265905285790645], [131.76633006447514, 43.26581534421701], [131.76607983798525, 43.265731359602505], [131.7660757624486, 43.2656414180068], [131.76619883756365, 43.2656384396018], [131.76619476186505, 43.26554849801365], [131.76644498773743, 43.26563248239502], [131.76644906381637, 43.265722423962806], [131.76657213905585, 43.265719445151746], [131.7665762153344, 43.265809386708504], [131.76645313991418, 43.26581236552887], [131.76645721603074, 43.26590230709323], [131.76633414041095, 43.265905285790645]]]}, "properties": {"zone_id": "vladivostok-2025-11-26-027", "aoi": "vladivostok", "date": "2025-11-26", "scene_id": "S2A_MSIL2A_20251126T021121_R103_T52TGN_20251126T061210", "scene_datetime_utc": "2025-11-26T02:11:21.024000+00:00", "detection_status": "detected", "detection_status_ru": "обнаружено", "lon": 131.76633, "lat": 43.26573, "n_pixels": 2, "zone_area_km2": 0.0008, "cover_m2": 6.7, "p_mean": 0.743, "p_max": 0.929, "cover_m2_km2": 8375.0, "h3": "88316c5295fffff", "valid_frac_scene": 0.999, "wind_ms": 2.8, "sea": "спокойное", "scene_reliable": true, "field_event_id": "S4:DOORS3:T23", "field_profile": "B", "field_date": "2024-06-10", "field_distance_km": 6965.2, "field_date_gap_days": 534, "field_conc_items_km2": 102.37, "conc_A_items_km2": null, "conc_A_lo80": null, "conc_A_hi80": null, "conc_A_lo95": null, "conc_A_hi95": null, "conc_A_status": "unavailable", "conc_A_status_ru": "концентрация недоступна", "conc_A_reasons": "вне бассейна профиля: nw_atlantic_subtropical", "conc_A_model": "conc-A-c6bce5631d2b", "conc_B_items_km2": null, "conc_B_lo80": null, "conc_B_hi80": null, "conc_B_lo95": null, "conc_B_hi95": null, "conc_B_status": "unavailable", "conc_B_status_ru": "концентрация недоступна", "conc_B_reasons": "вне бассейна профиля: black_sea", "conc_B_model": "conc-B-c6bce5631d2b"}}, {"type": "Feature", "geometry": {"type": "Polygon", "coordinates": [[[131.7918717623325, 43.263933774994356], [131.79186764908204, 43.26384383533929], [131.7917445802636, 43.26384684126214], [131.7917281281742, 43.26348708258692], [131.7916050600598, 43.26349008833997], [131.7916009472656, 43.263400148657446], [131.7917240151993, 43.26339714291379], [131.79171990224336, 43.26330720323891], [131.7919701510098, 43.26339113102976], [131.79197837770153, 43.26357101033674], [131.7921014459398, 43.26356800417759], [131.79211378666193, 43.26383782309687], [131.7918717623325, 43.263933774994356]]]}, "properties": {"zone_id": "vladivostok-2025-11-26-028", "aoi": "vladivostok", "date": "2025-11-26", "scene_id": "S2A_MSIL2A_20251126T021121_R103_T52TGN_20251126T061210", "scene_datetime_utc": "2025-11-26T02:11:21.024000+00:00", "detection_status": "detected", "detection_status_ru": "обнаружено", "lon": 131.79189, "lat": 43.26364, "n_pixels": 4, "zone_area_km2": 0.0016, "cover_m2": 20.4, "p_mean": 0.966, "p_max": 0.996, "cover_m2_km2": 12750.0, "h3": "88316ccda7fffff", "valid_frac_scene": 0.999, "wind_ms": 2.8, "sea": "спокойное", "scene_reliable": true, "field_event_id": "S4:DOORS3:T23", "field_profile": "B", "field_date": "2024-06-10", "field_distance_km": 6967.1, "field_date_gap_days": 534, "field_conc_items_km2": 102.37, "conc_A_items_km2": null, "conc_A_lo80": null, "conc_A_hi80": null, "conc_A_lo95": null, "conc_A_hi95": null, "conc_A_status": "unavailable", "conc_A_status_ru": "концентрация недоступна", "conc_A_reasons": "вне бассейна профиля: nw_atlantic_subtropical", "conc_A_model": "conc-A-c6bce5631d2b", "conc_B_items_km2": null, "conc_B_lo80": null, "conc_B_hi80": null, "conc_B_lo95": null, "conc_B_hi95": null, "conc_B_status": "unavailable", "conc_B_status_ru": "концентрация недоступна", "conc_B_reasons": "вне бассейна профиля: black_sea", "conc_B_model": "conc-B-c6bce5631d2b"}}, {"type": "Feature", "geometry": {"type": "Polygon", "coordinates": [[[131.7918265176203, 43.26294443869315], [131.79182240457845, 43.262854499019], [131.79169933774816, 43.26285750483856], [131.79169522490602, 43.262767565153275], [131.79181829155561, 43.262764559343125], [131.7918141785517, 43.26267461966548], [131.7920603114325, 43.26266860766726], [131.79206442479784, 43.2627585473261], [131.79218749139054, 43.262755541119226], [131.79219160495558, 43.26284548076695], [131.79206853818218, 43.2628484869832], [131.79207265158547, 43.26293842663856], [131.7918265176203, 43.26294443869315]]]}, "properties": {"zone_id": "vladivostok-2025-11-26-029", "aoi": "vladivostok", "date": "2025-11-26", "scene_id": "S2A_MSIL2A_20251126T021121_R103_T52TGN_20251126T061210", "scene_datetime_utc": "2025-11-26T02:11:21.024000+00:00", "detection_status": "detected", "detection_status_ru": "обнаружено", "lon": 131.79194, "lat": 43.26281, "n_pixels": 2, "zone_area_km2": 0.0008, "cover_m2": 9.8, "p_mean": 0.963, "p_max": 0.973, "cover_m2_km2": 12250.0, "h3": "88316ccda7fffff", "valid_frac_scene": 0.999, "wind_ms": 2.8, "sea": "спокойное", "scene_reliable": true, "field_event_id": "S4:DOORS3:T23", "field_profile": "B", "field_date": "2024-06-10", "field_distance_km": 6967.2, "field_date_gap_days": 534, "field_conc_items_km2": 102.37, "conc_A_items_km2": null, "conc_A_lo80": null, "conc_A_hi80": null, "conc_A_lo95": null, "conc_A_hi95": null, "conc_A_status": "unavailable", "conc_A_status_ru": "концентрация недоступна", "conc_A_reasons": "вне бассейна профиля: nw_atlantic_subtropical", "conc_A_model": "conc-A-c6bce5631d2b", "conc_B_items_km2": null, "conc_B_lo80": null, "conc_B_hi80": null, "conc_B_lo95": null, "conc_B_hi95": null, "conc_B_status": "unavailable", "conc_B_status_ru": "концентрация недоступна", "conc_B_reasons": "вне бассейна профиля: black_sea", "conc_B_model": "conc-B-c6bce5631d2b"}}, {"type": "Feature", "geometry": {"type": "Polygon", "coordinates": [[[131.77456833810788, 43.262734381160726], [131.7745642505017, 43.26264444016376], [131.77444118228905, 43.26264742740485], [131.77443300749476, 43.26246754538706], [131.77455607534594, 43.26246455816463], [131.77455198779631, 43.26237461716247], [131.77480221099168, 43.26245858332308], [131.77480629892162, 43.26254852430485], [131.77492936689697, 43.26254553667638], [131.7749334550265, 43.262635477647066], [131.77481038687043, 43.26263846528488], [131.77481447483808, 43.26272840626317], [131.77456833810788, 43.262734381160726]]]}, "properties": {"zone_id": "vladivostok-2025-11-26-030", "aoi": "vladivostok", "date": "2025-11-26", "scene_id": "S2A_MSIL2A_20251126T021121_R103_T52TGN_20251126T061210", "scene_datetime_utc": "2025-11-26T02:11:21.024000+00:00", "detection_status": "detected", "detection_status_ru": "обнаружено", "lon": 131.77466, "lat": 43.26257, "n_pixels": 3, "zone_area_km2": 0.001, "cover_m2": 10.2, "p_mean": 0.808, "p_max": 0.992, "cover_m2_km2": 10200.0, "h3": "88316c5291fffff", "valid_frac_scene": 0.999, "wind_ms": 2.8, "sea": "спокойное", "scene_reliable": true, "field_event_id": "S4:DOORS3:T23", "field_profile": "B", "field_date": "2024-06-10", "field_distance_km": 6966.0, "field_date_gap_days": 534, "field_conc_items_km2": 102.37, "conc_A_items_km2": null, "conc_A_lo80": null, "conc_A_hi80": null, "conc_A_lo95": null, "conc_A_hi95": null, "conc_A_status": "unavailable", "conc_A_status_ru": "концентрация недоступна", "conc_A_reasons": "вне бассейна профиля: nw_atlantic_subtropical", "conc_A_model": "conc-A-c6bce5631d2b", "conc_B_items_km2": null, "conc_B_lo80": null, "conc_B_hi80": null, "conc_B_lo95": null, "conc_B_hi95": null, "conc_B_status": "unavailable", "conc_B_status_ru": "концентрация недоступна", "conc_B_reasons": "вне бассейна профиля: black_sea", "conc_B_model": "conc-B-c6bce5631d2b"}}, {"type": "Feature", "geometry": {"type": "Polygon", "coordinates": [[[131.77762867342764, 43.26229989385859], [131.77762458137846, 43.26220995308815], [131.77750151436032, 43.26221294359779], [131.77749742251072, 43.26212300281628], [131.77762048934812, 43.26212001231598], [131.7776163973367, 43.26203007154209], [131.7778666229663, 43.262114030918696], [131.7778707153581, 43.26220397167217], [131.77774764837773, 43.26220696244627], [131.77775174060767, 43.262296903207364], [131.77762867342764, 43.26229989385859]]]}, "properties": {"zone_id": "vladivostok-2025-11-26-031", "aoi": "vladivostok", "date": "2025-11-26", "scene_id": "S2A_MSIL2A_20251126T021121_R103_T52TGN_20251126T061210", "scene_datetime_utc": "2025-11-26T02:11:21.024000+00:00", "detection_status": "detected", "detection_status_ru": "обнаружено", "lon": 131.77768, "lat": 43.26216, "n_pixels": 1, "zone_area_km2": 0.0005, "cover_m2": 3.1, "p_mean": 0.945, "p_max": 0.945, "cover_m2_km2": 6200.0, "h3": "88316c5293fffff", "valid_frac_scene": 0.999, "wind_ms": 2.8, "sea": "спокойное", "scene_reliable": true, "field_event_id": "S4:DOORS3:T23", "field_profile": "B", "field_date": "2024-06-10", "field_distance_km": 6966.2, "field_date_gap_days": 534, "field_conc_items_km2": 102.37, "conc_A_items_km2": null, "conc_A_lo80": null, "conc_A_hi80": null, "conc_A_lo95": null, "conc_A_hi95": null, "conc_A_status": "unavailable", "conc_A_status_ru": "концентрация недоступна", "conc_A_reasons": "вне бассейна профиля: nw_atlantic_subtropical", "conc_A_model": "conc-A-c6bce5631d2b", "conc_B_items_km2": null, "conc_B_lo80": null, "conc_B_hi80": null, "conc_B_lo95": null, "conc_B_hi95": null, "conc_B_status": "unavailable", "conc_B_status_ru": "концентрация недоступна", "conc_B_reasons": "вне бассейна профиля: black_sea", "conc_B_model": "conc-B-c6bce5631d2b"}}, {"type": "Feature", "geometry": {"type": "Polygon", "coordinates": [[[131.77675493034377, 43.262051002201844], [131.77675083961637, 43.26196106136083], [131.77662777300833, 43.2619640509168], [131.77661959197152, 43.261784169210884], [131.7764965257061, 43.261787158615945], [131.77649243539673, 43.261697217751056], [131.77661550148142, 43.26169422835534], [131.77661141101015, 43.26160428749805], [131.77685754276146, 43.261598308328594], [131.77686163359417, 43.2616882491672], [131.77698469962223, 43.26168525937479], [131.77698879065454, 43.261775200202315], [131.77686572444574, 43.261778190004065], [131.7768698153162, 43.26186813083921], [131.77699288170572, 43.261865141028096], [131.77699697277578, 43.261955081852186], [131.77675493034377, 43.262051002201844]]]}, "properties": {"zone_id": "vladivostok-2025-11-26-032", "aoi": "vladivostok", "date": "2025-11-26", "scene_id": "S2A_MSIL2A_20251126T021121_R103_T52TGN_20251126T061210", "scene_datetime_utc": "2025-11-26T02:11:21.024000+00:00", "detection_status": "detected", "detection_status_ru": "обнаружено", "lon": 131.77676, "lat": 43.2618, "n_pixels": 3, "zone_area_km2": 0.0012, "cover_m2": 15.3, "p_mean": 0.987, "p_max": 1.0, "cover_m2_km2": 12750.0, "h3": "88316c5293fffff", "valid_frac_scene": 0.999, "wind_ms": 2.8, "sea": "спокойное", "scene_reliable": true, "field_event_id": "S4:DOORS3:T23", "field_profile": "B", "field_date": "2024-06-10", "field_distance_km": 6966.2, "field_date_gap_days": 534, "field_conc_items_km2": 102.37, "conc_A_items_km2": null, "conc_A_lo80": null, "conc_A_hi80": null, "conc_A_lo95": null, "conc_A_hi95": null, "conc_A_status": "unavailable", "conc_A_status_ru": "концентрация недоступна", "conc_A_reasons": "вне бассейна профиля: nw_atlantic_subtropical", "conc_A_model": "conc-A-c6bce5631d2b", "conc_B_items_km2": null, "conc_B_lo80": null, "conc_B_hi80": null, "conc_B_lo95": null, "conc_B_hi95": null, "conc_B_status": "unavailable", "conc_B_status_ru": "концентрация недоступна", "conc_B_reasons": "вне бассейна профиля: black_sea", "conc_B_model": "conc-B-c6bce5631d2b"}}, {"type": "Feature", "geometry": {"type": "Polygon", "coordinates": [[[131.79294572707255, 43.25778480754294], [131.79294161312427, 43.25769486787327], [131.79281855680304, 43.25769787461188], [131.7928103293248, 43.25751799524857], [131.79256010399882, 43.25743406858855], [131.79255187735714, 43.25725418917726], [131.79267493281287, 43.25725118275003], [131.7926708193398, 43.25716124305118], [131.79292104366752, 43.257245169498944], [131.7929251575209, 43.257335109177276], [131.79304821310043, 43.25733210234403], [131.79305644122556, 43.2575119816767], [131.79317949714746, 43.25750897469246], [131.7931877257098, 43.25768885399941], [131.79294572707255, 43.25778480754294]]]}, "properties": {"zone_id": "vladivostok-2025-11-26-033", "aoi": "vladivostok", "date": "2025-11-26", "scene_id": "S2A_MSIL2A_20251126T021121_R103_T52TGN_20251126T061210", "scene_datetime_utc": "2025-11-26T02:11:21.024000+00:00", "detection_status": "detected", "detection_status_ru": "обнаружено", "lon": 131.79287, "lat": 43.25746, "n_pixels": 6, "zone_area_km2": 0.0018, "cover_m2": 36.1, "p_mean": 0.954, "p_max": 1.0, "cover_m2_km2": 20055.6, "h3": "88316c5749fffff", "valid_frac_scene": 0.999, "wind_ms": 2.8, "sea": "спокойное", "scene_reliable": true, "field_event_id": "S4:DOORS3:T23", "field_profile": "B", "field_date": "2024-06-10", "field_distance_km": 6967.5, "field_date_gap_days": 534, "field_conc_items_km2": 102.37, "conc_A_items_km2": null, "conc_A_lo80": null, "conc_A_hi80": null, "conc_A_lo95": null, "conc_A_hi95": null, "conc_A_status": "unavailable", "conc_A_status_ru": "концентрация недоступна", "conc_A_reasons": "вне бассейна профиля: nw_atlantic_subtropical", "conc_A_model": "conc-A-c6bce5631d2b", "conc_B_items_km2": null, "conc_B_lo80": null, "conc_B_hi80": null, "conc_B_lo95": null, "conc_B_hi95": null, "conc_B_status": "unavailable", "conc_B_status_ru": "концентрация недоступна", "conc_B_reasons": "вне бассейна профиля: black_sea", "conc_B_model": "conc-B-c6bce5631d2b"}}, {"type": "Feature", "geometry": {"type": "Polygon", "coordinates": [[[131.79140737308796, 43.25647178287579], [131.79140326159234, 43.25638184306742], [131.7912802077537, 43.256384848078696], [131.79126376268354, 43.256025088790345], [131.79101354553595, 43.255941158495986], [131.7910012130733, 43.25567133894999], [131.79075099773237, 43.255587408026024], [131.7907345562354, 43.255227648525064], [131.7908576078012, 43.25522464416463], [131.79085349729368, 43.25513470429444], [131.79110371087592, 43.25521863504715], [131.79111604359616, 43.25548845459099], [131.7912390956471, 43.2554854498058], [131.79125142907998, 43.255755269305865], [131.7915016457525, 43.255839199093664], [131.79151398049694, 43.2561090185166], [131.79176419897613, 43.25619294767477], [131.7917683109758, 43.256282887458426], [131.79164525737474, 43.25628589285693], [131.79164936921276, 43.256375832648246], [131.79140737308796, 43.25647178287579]]]}, "properties": {"zone_id": "vladivostok-2025-11-26-034", "aoi": "vladivostok", "date": "2025-11-26", "scene_id": "S2A_MSIL2A_20251126T021121_R103_T52TGN_20251126T061210", "scene_datetime_utc": "2025-11-26T02:11:21.024000+00:00", "detection_status": "detected", "detection_status_ru": "обнаружено", "lon": 131.7912, "lat": 43.25581, "n_pixels": 14, "zone_area_km2": 0.0042, "cover_m2": 63.1, "p_mean": 0.943, "p_max": 0.996, "cover_m2_km2": 15023.8, "h3": "88316c5741fffff", "valid_frac_scene": 0.999, "wind_ms": 2.8, "sea": "спокойное", "scene_reliable": true, "field_event_id": "S4:DOORS3:T23", "field_profile": "B", "field_date": "2024-06-10", "field_distance_km": 6967.5, "field_date_gap_days": 534, "field_conc_items_km2": 102.37, "conc_A_items_km2": null, "conc_A_lo80": null, "conc_A_hi80": null, "conc_A_lo95": null, "conc_A_hi95": null, "conc_A_status": "unavailable", "conc_A_status_ru": "концентрация недоступна", "conc_A_reasons": "вне бассейна профиля: nw_atlantic_subtropical", "conc_A_model": "conc-A-c6bce5631d2b", "conc_B_items_km2": null, "conc_B_lo80": null, "conc_B_hi80": null, "conc_B_lo95": null, "conc_B_hi95": null, "conc_B_status": "unavailable", "conc_B_status_ru": "концентрация недоступна", "conc_B_reasons": "вне бассейна профиля: black_sea", "conc_B_model": "conc-B-c6bce5631d2b"}}, {"type": "Feature", "geometry": {"type": "Polygon", "coordinates": [[[131.79060739450446, 43.25514071286435], [131.79060328437723, 43.25505077297366], [131.79048023313484, 43.25505377705093], [131.79047612320724, 43.25496383714911], [131.79059917426895, 43.25496083308123], [131.7905950641796, 43.254870893187075], [131.79047201329857, 43.25487389724557], [131.79046790340882, 43.25478395734031], [131.7907098945586, 43.25468800922162], [131.7907140047907, 43.25477794910987], [131.79083705545318, 43.25477494479636], [131.79084116588487, 43.25486488467348], [131.79071811504173, 43.25486788899637], [131.79072222531173, 43.254957828881146], [131.79084527633552, 43.25495482454887], [131.79084938680512, 43.25504476442252], [131.79060739450446, 43.25514071286435]]]}, "properties": {"zone_id": "vladivostok-2025-11-26-035", "aoi": "vladivostok", "date": "2025-11-26", "scene_id": "S2A_MSIL2A_20251126T021121_R103_T52TGN_20251126T061210", "scene_datetime_utc": "2025-11-26T02:11:21.024000+00:00", "detection_status": "detected", "detection_status_ru": "обнаружено", "lon": 131.79066, "lat": 43.25491, "n_pixels": 2, "zone_area_km2": 0.0009, "cover_m2": 7.5, "p_mean": 0.994, "p_max": 0.996, "cover_m2_km2": 8333.3, "h3": "88316c5741fffff", "valid_frac_scene": 0.999, "wind_ms": 2.8, "sea": "спокойное", "scene_reliable": true, "field_event_id": "S4:DOORS3:T23", "field_profile": "B", "field_date": "2024-06-10", "field_distance_km": 6967.6, "field_date_gap_days": 534, "field_conc_items_km2": 102.37, "conc_A_items_km2": null, "conc_A_lo80": null, "conc_A_hi80": null, "conc_A_lo95": null, "conc_A_hi95": null, "conc_A_status": "unavailable", "conc_A_status_ru": "концентрация недоступна", "conc_A_reasons": "вне бассейна профиля: nw_atlantic_subtropical", "conc_A_model": "conc-A-c6bce5631d2b", "conc_B_items_km2": null, "conc_B_lo80": null, "conc_B_hi80": null, "conc_B_lo95": null, "conc_B_hi95": null, "conc_B_status": "unavailable", "conc_B_status_ru": "концентрация недоступна", "conc_B_reasons": "вне бассейна профиля: black_sea", "conc_B_model": "conc-B-c6bce5631d2b"}}, {"type": "Feature", "geometry": {"type": "Polygon", "coordinates": [[[131.7899510458132, 43.254256332521486], [131.78994693677882, 43.254166392566546], [131.78969672904458, 43.254082459103806], [131.78969262040934, 43.25399251912662], [131.78981566959754, 43.25398951595513], [131.78981156080062, 43.2538995759856], [131.7900617679171, 43.253983509215566], [131.7900658770943, 43.2540734491646], [131.7901889264063, 43.254070445587146], [131.79019303578306, 43.254160385525054], [131.79006998629043, 43.254163389111895], [131.7900740955055, 43.25425332905748], [131.7899510458132, 43.254256332521486]]]}, "properties": {"zone_id": "vladivostok-2025-11-26-036", "aoi": "vladivostok", "date": "2025-11-26", "scene_id": "S2A_MSIL2A_20251126T021121_R103_T52TGN_20251126T061210", "scene_datetime_utc": "2025-11-26T02:11:21.024000+00:00", "detection_status": "detected", "detection_status_ru": "обнаружено", "lon": 131.78994, "lat": 43.25408, "n_pixels": 2, "zone_area_km2": 0.0008, "cover_m2": 7.5, "p_mean": 0.929, "p_max": 0.965, "cover_m2_km2": 9375.0, "h3": "88316c5741fffff", "valid_frac_scene": 0.999, "wind_ms": 2.8, "sea": "спокойное", "scene_reliable": true, "field_event_id": "S4:DOORS3:T23", "field_profile": "B", "field_date": "2024-06-10", "field_distance_km": 6967.6, "field_date_gap_days": 534, "field_conc_items_km2": 102.37, "conc_A_items_km2": null, "conc_A_lo80": null, "conc_A_hi80": null, "conc_A_lo95": null, "conc_A_hi95": null, "conc_A_status": "unavailable", "conc_A_status_ru": "концентрация недоступна", "conc_A_reasons": "вне бассейна профиля: nw_atlantic_subtropical", "conc_A_model": "conc-A-c6bce5631d2b", "conc_B_items_km2": null, "conc_B_lo80": null, "conc_B_hi80": null, "conc_B_lo95": null, "conc_B_hi95": null, "conc_B_status": "unavailable", "conc_B_status_ru": "концентрация недоступна", "conc_B_reasons": "вне бассейна профиля: black_sea", "conc_B_model": "conc-B-c6bce5631d2b"}}, {"type": "Feature", "geometry": {"type": "Polygon", "coordinates": [[[131.78892146515372, 43.25329101504937], [131.78891735777293, 43.253201075000305], [131.78879431007795, 43.25320407716204], [131.78878609573442, 43.253024197039935], [131.7890280828782, 43.25292825257693], [131.78903219038284, 43.25301819262182], [131.78915523767867, 43.25301519021448], [131.78916345310606, 43.2531950702803], [131.78892146515372, 43.25329101504937]]]}, "properties": {"zone_id": "vladivostok-2025-11-26-037", "aoi": "vladivostok", "date": "2025-11-26", "scene_id": "S2A_MSIL2A_20251126T021121_R103_T52TGN_20251126T061210", "scene_datetime_utc": "2025-11-26T02:11:21.024000+00:00", "detection_status": "detected", "detection_status_ru": "обнаружено", "lon": 131.78897, "lat": 43.25311, "n_pixels": 2, "zone_area_km2": 0.0008, "cover_m2": 9.4, "p_mean": 0.994, "p_max": 1.0, "cover_m2_km2": 11750.0, "h3": "88316c5741fffff", "valid_frac_scene": 0.999, "wind_ms": 2.8, "sea": "спокойное", "scene_reliable": true, "field_event_id": "S4:DOORS3:T23", "field_profile": "B", "field_date": "2024-06-10", "field_distance_km": 6967.5, "field_date_gap_days": 534, "field_conc_items_km2": 102.37, "conc_A_items_km2": null, "conc_A_lo80": null, "conc_A_hi80": null, "conc_A_lo95": null, "conc_A_hi95": null, "conc_A_status": "unavailable", "conc_A_status_ru": "концентрация недоступна", "conc_A_reasons": "вне бассейна профиля: nw_atlantic_subtropical", "conc_A_model": "conc-A-c6bce5631d2b", "conc_B_items_km2": null, "conc_B_lo80": null, "conc_B_hi80": null, "conc_B_lo95": null, "conc_B_hi95": null, "conc_B_status": "unavailable", "conc_B_status_ru": "концентрация недоступна", "conc_B_reasons": "вне бассейна профиля: black_sea", "conc_B_model": "conc-B-c6bce5631d2b"}}, {"type": "Feature", "geometry": {"type": "Polygon", "coordinates": [[[131.7872561630464, 43.25189099001944], [131.78725205831685, 43.25180104982075], [131.78712901326597, 43.25180405011402], [131.78712080422497, 43.25162416969268], [131.78687061065804, 43.25154022961318], [131.7868665065461, 43.25145028937943], [131.7871084908054, 43.25135434904769], [131.78710438637006, 43.251264408829236], [131.78735457908195, 43.251348348422695], [131.78735868389748, 43.25143828862069], [131.78723563958803, 43.25144128900865], [131.78723974424184, 43.25153122921427], [131.7874899382371, 43.251615168472554], [131.78749814836192, 43.25179504883766], [131.7872561630464, 43.25189099001944]]]}, "properties": {"zone_id": "vladivostok-2025-11-26-038", "aoi": "vladivostok", "date": "2025-11-26", "scene_id": "S2A_MSIL2A_20251126T021121_R103_T52TGN_20251126T061210", "scene_datetime_utc": "2025-11-26T02:11:21.024000+00:00", "detection_status": "detected", "detection_status_ru": "обнаружено", "lon": 131.7872, "lat": 43.25158, "n_pixels": 5, "zone_area_km2": 0.0017, "cover_m2": 18.4, "p_mean": 0.979, "p_max": 0.996, "cover_m2_km2": 10823.5, "h3": "88316c5745fffff", "valid_frac_scene": 0.999, "wind_ms": 2.8, "sea": "спокойное", "scene_reliable": true, "field_event_id": "S4:DOORS3:T23", "field_profile": "B", "field_date": "2024-06-10", "field_distance_km": 6967.5, "field_date_gap_days": 534, "field_conc_items_km2": 102.37, "conc_A_items_km2": null, "conc_A_lo80": null, "conc_A_hi80": null, "conc_A_lo95": null, "conc_A_hi95": null, "conc_A_status": "unavailable", "conc_A_status_ru": "концентрация недоступна", "conc_A_reasons": "вне бассейна профиля: nw_atlantic_subtropical", "conc_A_model": "conc-A-c6bce5631d2b", "conc_B_items_km2": null, "conc_B_lo80": null, "conc_B_hi80": null, "conc_B_lo95": null, "conc_B_hi95": null, "conc_B_status": "unavailable", "conc_B_status_ru": "концентрация недоступна", "conc_B_reasons": "вне бассейна профиля: black_sea", "conc_B_model": "conc-B-c6bce5631d2b"}}, {"type": "Feature", "geometry": {"type": "Polygon", "coordinates": [[[131.93518009493013, 43.218204860123514], [131.93517577762177, 43.21811493102037], [131.93505281622433, 43.21811808845598], [131.9350484991161, 43.21802815934121], [131.9351714603333, 43.21802500191544], [131.93516714306472, 43.21793507280876], [131.93541738270795, 43.218018686668], [131.9354217003569, 43.21810861575319], [131.93529873899928, 43.21811177345277], [131.9353030564879, 43.218201702546054], [131.93518009493013, 43.218204860123514]]]}, "properties": {"zone_id": "vladivostok-2025-11-26-039", "aoi": "vladivostok", "date": "2025-11-26", "scene_id": "S2A_MSIL2A_20251126T021121_R103_T52TGN_20251126T061210", "scene_datetime_utc": "2025-11-26T02:11:21.024000+00:00", "detection_status": "detected", "detection_status_ru": "обнаружено", "lon": 131.93524, "lat": 43.21807, "n_pixels": 1, "zone_area_km2": 0.0005, "cover_m2": 7.1, "p_mean": 0.976, "p_max": 0.976, "cover_m2_km2": 14200.0, "h3": "88316c1917fffff", "valid_frac_scene": 0.999, "wind_ms": 2.8, "sea": "спокойное", "scene_reliable": true, "field_event_id": "S4:DOORS3:T23", "field_profile": "B", "field_date": "2024-06-10", "field_distance_km": 6979.6, "field_date_gap_days": 534, "field_conc_items_km2": 102.37, "conc_A_items_km2": null, "conc_A_lo80": null, "conc_A_hi80": null, "conc_A_lo95": null, "conc_A_hi95": null, "conc_A_status": "unavailable", "conc_A_status_ru": "концентрация недоступна", "conc_A_reasons": "вне бассейна профиля: nw_atlantic_subtropical", "conc_A_model": "conc-A-c6bce5631d2b", "conc_B_items_km2": null, "conc_B_lo80": null, "conc_B_hi80": null, "conc_B_lo95": null, "conc_B_hi95": null, "conc_B_status": "unavailable", "conc_B_status_ru": "концентрация недоступна", "conc_B_reasons": "вне бассейна профиля: black_sea", "conc_B_model": "conc-B-c6bce5631d2b"}}, {"type": "Feature", "geometry": {"type": "Polygon", "coordinates": [[[131.7058330049064, 43.210177551566574], [131.70582902579636, 43.21008760456655], [131.70546011704891, 43.21009633560174], [131.7054561384981, 43.21000638857273], [131.7053331690593, 43.21000929864466], [131.70532919070712, 43.20991935160485], [131.7054521599657, 43.20991644154201], [131.70544818145154, 43.209826494509564], [131.7060630265678, 43.20981194226058], [131.70606700598339, 43.209901889247554], [131.70631294426204, 43.20989606740564], [131.70630896448586, 43.20980612043686], [131.70643193341738, 43.20980320932697], [131.70643591337387, 43.209893156286654], [131.7065588824673, 43.20989024503565], [131.70656286262243, 43.20998019198453], [131.70643989334866, 43.20998310324462], [131.70644387334184, 43.21007305020087], [131.7061939547461, 43.20998892536876], [131.70619793437868, 43.2100788723432], [131.70607496486957, 43.21008178321634], [131.70607894434022, 43.21017173019817], [131.7058330049064, 43.210177551566574]]]}, "properties": {"zone_id": "vladivostok-2025-11-26-040", "aoi": "vladivostok", "date": "2025-11-26", "scene_id": "S2A_MSIL2A_20251126T021121_R103_T52TGN_20251126T061210", "scene_datetime_utc": "2025-11-26T02:11:21.024000+00:00", "detection_status": "detected", "detection_status_ru": "обнаружено", "lon": 131.70589, "lat": 43.20997, "n_pixels": 8, "zone_area_km2": 0.0025, "cover_m2": 203.1, "p_mean": 0.838, "p_max": 0.945, "cover_m2_km2": 81240.0, "h3": "88316c50b5fffff", "valid_frac_scene": 0.999, "wind_ms": 2.8, "sea": "спокойное", "scene_reliable": true, "field_event_id": "S4:DOORS3:T23", "field_profile": "B", "field_date": "2024-06-10", "field_distance_km": 6964.6, "field_date_gap_days": 534, "field_conc_items_km2": 102.37, "conc_A_items_km2": null, "conc_A_lo80": null, "conc_A_hi80": null, "conc_A_lo95": null, "conc_A_hi95": null, "conc_A_status": "unavailable", "conc_A_status_ru": "концентрация недоступна", "conc_A_reasons": "вне бассейна профиля: nw_atlantic_subtropical", "conc_A_model": "conc-A-c6bce5631d2b", "conc_B_items_km2": null, "conc_B_lo80": null, "conc_B_hi80": null, "conc_B_lo95": null, "conc_B_hi95": null, "conc_B_status": "unavailable", "conc_B_status_ru": "концентрация недоступна", "conc_B_reasons": "вне бассейна профиля: black_sea", "conc_B_model": "conc-B-c6bce5631d2b"}}, {"type": "Feature", "geometry": {"type": "Polygon", "coordinates": [[[131.7250160598713, 43.209721899043736], [131.72501205263612, 43.20963195346755], [131.72488908594366, 43.20963488453897], [131.72488507890725, 43.209544938951915], [131.72500804541943, 43.20954200788963], [131.7250040382212, 43.209452062310014], [131.72524997082954, 43.20944619980774], [131.72525397838834, 43.20953614536904], [131.72537694484507, 43.209533213910724], [131.72538095260262, 43.20962315946115], [131.7252579859656, 43.20962609092862], [131.72526199356136, 43.2097160364865], [131.7250160598713, 43.209721899043736]]]}, "properties": {"zone_id": "vladivostok-2025-11-26-041", "aoi": "vladivostok", "date": "2025-11-26", "scene_id": "S2A_MSIL2A_20251126T021121_R103_T52TGN_20251126T061210", "scene_datetime_utc": "2025-11-26T02:11:21.024000+00:00", "detection_status": "detected", "detection_status_ru": "обнаружено", "lon": 131.72513, "lat": 43.20958, "n_pixels": 2, "zone_area_km2": 0.0008, "cover_m2": 40.4, "p_mean": 0.953, "p_max": 1.0, "cover_m2_km2": 50500.0, "h3": "88316c50bbfffff", "valid_frac_scene": 0.999, "wind_ms": 2.8, "sea": "спокойное", "scene_reliable": true, "field_event_id": "S4:DOORS3:T23", "field_profile": "B", "field_date": "2024-06-10", "field_distance_km": 6965.9, "field_date_gap_days": 534, "field_conc_items_km2": 102.37, "conc_A_items_km2": null, "conc_A_lo80": null, "conc_A_hi80": null, "conc_A_lo95": null, "conc_A_hi95": null, "conc_A_status": "unavailable", "conc_A_status_ru": "концентрация недоступна", "conc_A_reasons": "вне бассейна профиля: nw_atlantic_subtropical", "conc_A_model": "conc-A-c6bce5631d2b", "conc_B_items_km2": null, "conc_B_lo80": null, "conc_B_hi80": null, "conc_B_lo95": null, "conc_B_hi95": null, "conc_B_status": "unavailable", "conc_B_status_ru": "концентрация недоступна", "conc_B_reasons": "вне бассейна профиля: black_sea", "conc_B_model": "conc-B-c6bce5631d2b"}}, {"type": "Feature", "geometry": {"type": "Polygon", "coordinates": [[[131.70733207907338, 43.20789103067448], [131.70732809807834, 43.20780108374986], [131.70720513325986, 43.207803995715686], [131.70720115246343, 43.207714048780275], [131.70732411710162, 43.20771113682354], [131.70732013614327, 43.20762118989549], [131.70757004632296, 43.20770531251404], [131.7075740276602, 43.207795259422156], [131.70745106287845, 43.207798171652016], [131.70745504405377, 43.20788811856753], [131.70733207907338, 43.20789103067448]]]}, "properties": {"zone_id": "vladivostok-2025-11-26-042", "aoi": "vladivostok", "date": "2025-11-26", "scene_id": "S2A_MSIL2A_20251126T021121_R103_T52TGN_20251126T061210", "scene_datetime_utc": "2025-11-26T02:11:21.024000+00:00", "detection_status": "detected", "detection_status_ru": "обнаружено", "lon": 131.70739, "lat": 43.20775, "n_pixels": 1, "zone_area_km2": 0.0005, "cover_m2": 7.1, "p_mean": 0.992, "p_max": 0.992, "cover_m2_km2": 14200.0, "h3": "88316c50b5fffff", "valid_frac_scene": 0.999, "wind_ms": 2.8, "sea": "спокойное", "scene_reliable": true, "field_event_id": "S4:DOORS3:T23", "field_profile": "B", "field_date": "2024-06-10", "field_distance_km": 6964.8, "field_date_gap_days": 534, "field_conc_items_km2": 102.37, "conc_A_items_km2": null, "conc_A_lo80": null, "conc_A_hi80": null, "conc_A_lo95": null, "conc_A_hi95": null, "conc_A_status": "unavailable", "conc_A_status_ru": "концентрация недоступна", "conc_A_reasons": "вне бассейна профиля: nw_atlantic_subtropical", "conc_A_model": "conc-A-c6bce5631d2b", "conc_B_items_km2": null, "conc_B_lo80": null, "conc_B_hi80": null, "conc_B_lo95": null, "conc_B_hi95": null, "conc_B_status": "unavailable", "conc_B_status_ru": "концентрация недоступна", "conc_B_reasons": "вне бассейна профиля: black_sea", "conc_B_model": "conc-B-c6bce5631d2b"}}, {"type": "Feature", "geometry": {"type": "Polygon", "coordinates": [[[131.70873198075785, 43.20614708689305], [131.7087279979484, 43.20605714004508], [131.70860503677525, 43.206060053422036], [131.70860105416438, 43.205970106563235], [131.70872401515726, 43.205967193195384], [131.70872003238452, 43.205877246344], [131.70896993708794, 43.205961366063704], [131.70897392023957, 43.20605131289517], [131.70885095910316, 43.20605422653613], [131.7088549420929, 43.206144173374994], [131.70873198075785, 43.20614708689305]]]}, "properties": {"zone_id": "vladivostok-2025-11-26-043", "aoi": "vladivostok", "date": "2025-11-26", "scene_id": "S2A_MSIL2A_20251126T021121_R103_T52TGN_20251126T061210", "scene_datetime_utc": "2025-11-26T02:11:21.024000+00:00", "detection_status": "detected", "detection_status_ru": "обнаружено", "lon": 131.70879, "lat": 43.20601, "n_pixels": 1, "zone_area_km2": 0.0005, "cover_m2": 4.3, "p_mean": 0.875, "p_max": 0.875, "cover_m2_km2": 8600.0, "h3": "88316c50b5fffff", "valid_frac_scene": 0.999, "wind_ms": 2.8, "sea": "спокойное", "scene_reliable": true, "field_event_id": "S4:DOORS3:T23", "field_profile": "B", "field_date": "2024-06-10", "field_distance_km": 6965.0, "field_date_gap_days": 534, "field_conc_items_km2": 102.37, "conc_A_items_km2": null, "conc_A_lo80": null, "conc_A_hi80": null, "conc_A_lo95": null, "conc_A_hi95": null, "conc_A_status": "unavailable", "conc_A_status_ru": "концентрация недоступна", "conc_A_reasons": "вне бассейна профиля: nw_atlantic_subtropical", "conc_A_model": "conc-A-c6bce5631d2b", "conc_B_items_km2": null, "conc_B_lo80": null, "conc_B_hi80": null, "conc_B_lo95": null, "conc_B_hi95": null, "conc_B_status": "unavailable", "conc_B_status_ru": "концентрация недоступна", "conc_B_reasons": "вне бассейна профиля: black_sea", "conc_B_model": "conc-B-c6bce5631d2b"}}, {"type": "Feature", "geometry": {"type": "Polygon", "coordinates": [[[131.7109173799856, 43.205464996547846], [131.7109133940601, 43.20537504985182], [131.71079043447935, 43.20537796554097], [131.71078644875251, 43.205288018834125], [131.71090940815301, 43.20528510315407], [131.71090542226426, 43.2051951564546], [131.71115532689888, 43.20527927139798], [131.7111593131665, 43.2053692180775], [131.7110363536225, 43.20537213403066], [131.7110403397282, 43.20546208071758], [131.7109173799856, 43.205464996547846]]]}, "properties": {"zone_id": "vladivostok-2025-11-26-044", "aoi": "vladivostok", "date": "2025-11-26", "scene_id": "S2A_MSIL2A_20251126T021121_R103_T52TGN_20251126T061210", "scene_datetime_utc": "2025-11-26T02:11:21.024000+00:00", "detection_status": "detected", "detection_status_ru": "обнаружено", "lon": 131.71097, "lat": 43.20533, "n_pixels": 1, "zone_area_km2": 0.0005, "cover_m2": 4.7, "p_mean": 0.965, "p_max": 0.965, "cover_m2_km2": 9400.0, "h3": "88316c50b5fffff", "valid_frac_scene": 0.999, "wind_ms": 2.8, "sea": "спокойное", "scene_reliable": true, "field_event_id": "S4:DOORS3:T23", "field_profile": "B", "field_date": "2024-06-10", "field_distance_km": 6965.2, "field_date_gap_days": 534, "field_conc_items_km2": 102.37, "conc_A_items_km2": null, "conc_A_lo80": null, "conc_A_hi80": null, "conc_A_lo95": null, "conc_A_hi95": null, "conc_A_status": "unavailable", "conc_A_status_ru": "концентрация недоступна", "conc_A_reasons": "вне бассейна профиля: nw_atlantic_subtropical", "conc_A_model": "conc-A-c6bce5631d2b", "conc_B_items_km2": null, "conc_B_lo80": null, "conc_B_hi80": null, "conc_B_lo95": null, "conc_B_hi95": null, "conc_B_status": "unavailable", "conc_B_status_ru": "концентрация недоступна", "conc_B_reasons": "вне бассейна профиля: black_sea", "conc_B_model": "conc-B-c6bce5631d2b"}}, {"type": "Feature", "geometry": {"type": "Polygon", "coordinates": [[[131.7098858887937, 43.204408957097996], [131.70988190453062, 43.204319010308495], [131.70975894696588, 43.2043219248324], [131.7097509788553, 43.204142031230056], [131.70962802163262, 43.20414494560375], [131.70962403778515, 43.20405499879089], [131.70974699482758, 43.20405208442631], [131.7097430108182, 43.20396213762084], [131.70998892448742, 43.203956308513916], [131.7099929088573, 43.204046255301165], [131.71011586584459, 43.2040433405406], [131.71012781960505, 43.204313180864716], [131.7098858887937, 43.204408957097996]]]}, "properties": {"zone_id": "vladivostok-2025-11-26-045", "aoi": "vladivostok", "date": "2025-11-26", "scene_id": "S2A_MSIL2A_20251126T021121_R103_T52TGN_20251126T061210", "scene_datetime_utc": "2025-11-26T02:11:21.024000+00:00", "detection_status": "detected", "detection_status_ru": "обнаружено", "lon": 131.70991, "lat": 43.20416, "n_pixels": 4, "zone_area_km2": 0.0013, "cover_m2": 25.9, "p_mean": 0.927, "p_max": 0.988, "cover_m2_km2": 19923.1, "h3": "88316c50b5fffff", "valid_frac_scene": 0.999, "wind_ms": 2.8, "sea": "спокойное", "scene_reliable": true, "field_event_id": "S4:DOORS3:T23", "field_profile": "B", "field_date": "2024-06-10", "field_distance_km": 6965.2, "field_date_gap_days": 534, "field_conc_items_km2": 102.37, "conc_A_items_km2": null, "conc_A_lo80": null, "conc_A_hi80": null, "conc_A_lo95": null, "conc_A_hi95": null, "conc_A_status": "unavailable", "conc_A_status_ru": "концентрация недоступна", "conc_A_reasons": "вне бассейна профиля: nw_atlantic_subtropical", "conc_A_model": "conc-A-c6bce5631d2b", "conc_B_items_km2": null, "conc_B_lo80": null, "conc_B_hi80": null, "conc_B_lo95": null, "conc_B_hi95": null, "conc_B_status": "unavailable", "conc_B_status_ru": "концентрация недоступна", "conc_B_reasons": "вне бассейна профиля: black_sea", "conc_B_model": "conc-B-c6bce5631d2b"}}, {"type": "Feature", "geometry": {"type": "Polygon", "coordinates": [[[131.71122646409432, 43.20410704845046], [131.71122247790373, 43.20401710175603], [131.71097257842968, 43.203932986806606], [131.7109685926363, 43.20384304009053], [131.71109154911616, 43.20384012429228], [131.71108756316093, 43.203750177583586], [131.7113334757051, 43.20374434560933], [131.71133746202077, 43.2038342922998], [131.71146041844554, 43.203831376105576], [131.71146839149253, 43.20401126946313], [131.71122646409432, 43.20410704845046]]]}, "properties": {"zone_id": "vladivostok-2025-11-26-046", "aoi": "vladivostok", "date": "2025-11-26", "scene_id": "S2A_MSIL2A_20251126T021121_R103_T52TGN_20251126T061210", "scene_datetime_utc": "2025-11-26T02:11:21.024000+00:00", "detection_status": "detected", "detection_status_ru": "обнаружено", "lon": 131.71124, "lat": 43.20391, "n_pixels": 3, "zone_area_km2": 0.001, "cover_m2": 19.6, "p_mean": 0.833, "p_max": 0.996, "cover_m2_km2": 19600.0, "h3": "88316c50b7fffff", "valid_frac_scene": 0.999, "wind_ms": 2.8, "sea": "спокойное", "scene_reliable": true, "field_event_id": "S4:DOORS3:T23", "field_profile": "B", "field_date": "2024-06-10", "field_distance_km": 6965.3, "field_date_gap_days": 534, "field_conc_items_km2": 102.37, "conc_A_items_km2": null, "conc_A_lo80": null, "conc_A_hi80": null, "conc_A_lo95": null, "conc_A_hi95": null, "conc_A_status": "unavailable", "conc_A_status_ru": "концентрация недоступна", "conc_A_reasons": "вне бассейна профиля: nw_atlantic_subtropical", "conc_A_model": "conc-A-c6bce5631d2b", "conc_B_items_km2": null, "conc_B_lo80": null, "conc_B_hi80": null, "conc_B_lo95": null, "conc_B_hi95": null, "conc_B_status": "unavailable", "conc_B_status_ru": "концентрация недоступна", "conc_B_reasons": "вне бассейна профиля: black_sea", "conc_B_model": "conc-B-c6bce5631d2b"}}, {"type": "Feature", "geometry": {"type": "Polygon", "coordinates": [[[131.7126979583338, 43.203982100079244], [131.71269396999875, 43.203892153492475], [131.71257101357756, 43.2038950710157], [131.71256702544116, 43.2038051244181], [131.71268998168208, 43.203802206903994], [131.7126859933838, 43.203712260313786], [131.7129358941088, 43.20379637147982], [131.71293988278595, 43.20388631805006], [131.71281692640153, 43.203889235837266], [131.71282091491685, 43.20397918241491], [131.7126979583338, 43.203982100079244]]]}, "properties": {"zone_id": "vladivostok-2025-11-26-047", "aoi": "vladivostok", "date": "2025-11-26", "scene_id": "S2A_MSIL2A_20251126T021121_R103_T52TGN_20251126T061210", "scene_datetime_utc": "2025-11-26T02:11:21.024000+00:00", "detection_status": "detected", "detection_status_ru": "обнаружено", "lon": 131.71275, "lat": 43.20385, "n_pixels": 1, "zone_area_km2": 0.0005, "cover_m2": 3.9, "p_mean": 0.922, "p_max": 0.922, "cover_m2_km2": 7800.0, "h3": "88316c50b7fffff", "valid_frac_scene": 0.999, "wind_ms": 2.8, "sea": "спокойное", "scene_reliable": true, "field_event_id": "S4:DOORS3:T23", "field_profile": "B", "field_date": "2024-06-10", "field_distance_km": 6965.4, "field_date_gap_days": 534, "field_conc_items_km2": 102.37, "conc_A_items_km2": null, "conc_A_lo80": null, "conc_A_hi80": null, "conc_A_lo95": null, "conc_A_hi95": null, "conc_A_status": "unavailable", "conc_A_status_ru": "концентрация недоступна", "conc_A_reasons": "вне бассейна профиля: nw_atlantic_subtropical", "conc_A_model": "conc-A-c6bce5631d2b", "conc_B_items_km2": null, "conc_B_lo80": null, "conc_B_hi80": null, "conc_B_lo95": null, "conc_B_hi95": null, "conc_B_status": "unavailable", "conc_B_status_ru": "концентрация недоступна", "conc_B_reasons": "вне бассейна профиля: black_sea", "conc_B_model": "conc-B-c6bce5631d2b"}}, {"type": "Feature", "geometry": {"type": "Polygon", "coordinates": [[[131.71047278147904, 43.20376475520941], [131.71046879644337, 43.203674808453464], [131.7103458402321, 43.20367772357355], [131.71034185539503, 43.20358777680677], [131.71046481142605, 43.20358486169578], [131.7104608264271, 43.20349491493639], [131.71058378225953, 43.203491999702536], [131.71057979709872, 43.20340205295055], [131.71082969386924, 43.203486168838865], [131.7108336794089, 43.20357611557091], [131.71071072343298, 43.203579031077865], [131.71071470881077, 43.203668977817316], [131.71047278147904, 43.20376475520941]]]}, "properties": {"zone_id": "vladivostok-2025-11-26-048", "aoi": "vladivostok", "date": "2025-11-26", "scene_id": "S2A_MSIL2A_20251126T021121_R103_T52TGN_20251126T061210", "scene_datetime_utc": "2025-11-26T02:11:21.024000+00:00", "detection_status": "detected", "detection_status_ru": "обнаружено", "lon": 131.71059, "lat": 43.20358, "n_pixels": 2, "zone_area_km2": 0.0008, "cover_m2": 14.5, "p_mean": 0.929, "p_max": 0.957, "cover_m2_km2": 18125.0, "h3": "88316c50b7fffff", "valid_frac_scene": 0.999, "wind_ms": 2.8, "sea": "спокойное", "scene_reliable": true, "field_event_id": "S4:DOORS3:T23", "field_profile": "B", "field_date": "2024-06-10", "field_distance_km": 6965.3, "field_date_gap_days": 534, "field_conc_items_km2": 102.37, "conc_A_items_km2": null, "conc_A_lo80": null, "conc_A_hi80": null, "conc_A_lo95": null, "conc_A_hi95": null, "conc_A_status": "unavailable", "conc_A_status_ru": "концентрация недоступна", "conc_A_reasons": "вне бассейна профиля: nw_atlantic_subtropical", "conc_A_model": "conc-A-c6bce5631d2b", "conc_B_items_km2": null, "conc_B_lo80": null, "conc_B_hi80": null, "conc_B_lo95": null, "conc_B_hi95": null, "conc_B_status": "unavailable", "conc_B_status_ru": "концентрация недоступна", "conc_B_reasons": "вне бассейна профиля: black_sea", "conc_B_model": "conc-B-c6bce5631d2b"}}, {"type": "Feature", "geometry": {"type": "Polygon", "coordinates": [[[131.70747405570592, 43.20275531807442], [131.70747007521612, 43.20266537107938], [131.707347120727, 43.20266828292253], [131.7073431404358, 43.202578335916684], [131.70758506840184, 43.20248256512723], [131.70758108778685, 43.20239261813613], [131.70770404169858, 43.202389706056294], [131.7077000609217, 43.202299759072595], [131.70794994946698, 43.20238388150068], [131.70796189298906, 43.20265372238689], [131.70783893857333, 43.202656634757986], [131.70784291960385, 43.20274658172574], [131.70747405570592, 43.20275531807442]]]}, "properties": {"zone_id": "vladivostok-2025-11-26-049", "aoi": "vladivostok", "date": "2025-11-26", "scene_id": "S2A_MSIL2A_20251126T021121_R103_T52TGN_20251126T061210", "scene_datetime_utc": "2025-11-26T02:11:21.024000+00:00", "detection_status": "detected", "detection_status_ru": "обнаружено", "lon": 131.70769, "lat": 43.20256, "n_pixels": 6, "zone_area_km2": 0.0016, "cover_m2": 49.0, "p_mean": 0.885, "p_max": 0.996, "cover_m2_km2": 30625.0, "h3": "88316c424bfffff", "valid_frac_scene": 0.999, "wind_ms": 2.8, "sea": "спокойное", "scene_reliable": true, "field_event_id": "S4:DOORS3:T23", "field_profile": "B", "field_date": "2024-06-10", "field_distance_km": 6965.2, "field_date_gap_days": 534, "field_conc_items_km2": 102.37, "conc_A_items_km2": null, "conc_A_lo80": null, "conc_A_hi80": null, "conc_A_lo95": null, "conc_A_hi95": null, "conc_A_status": "unavailable", "conc_A_status_ru": "концентрация недоступна", "conc_A_reasons": "вне бассейна профиля: nw_atlantic_subtropical", "conc_A_model": "conc-A-c6bce5631d2b", "conc_B_items_km2": null, "conc_B_lo80": null, "conc_B_hi80": null, "conc_B_lo95": null, "conc_B_hi95": null, "conc_B_status": "unavailable", "conc_B_status_ru": "концентрация недоступна", "conc_B_reasons": "вне бассейна профиля: black_sea", "conc_B_model": "conc-B-c6bce5631d2b"}}, {"type": "Feature", "geometry": {"type": "Polygon", "coordinates": [[[131.88724668055565, 43.17818714925394], [131.88724243962193, 43.17809721568656], [131.88711955331604, 43.17810031931437], [131.88711107186697, 43.177920452154964], [131.88735260268464, 43.17782431124339], [131.88735684373964, 43.17791424480633], [131.88747972964666, 43.177911140934306], [131.88748821217504, 43.17809100803552], [131.88724668055565, 43.17818714925394]]]}, "properties": {"zone_id": "vladivostok-2025-11-26-050", "aoi": "vladivostok", "date": "2025-11-26", "scene_id": "S2A_MSIL2A_20251126T021121_R103_T52TGN_20251126T061210", "scene_datetime_utc": "2025-11-26T02:11:21.024000+00:00", "detection_status": "detected", "detection_status_ru": "обнаружено", "lon": 131.8873, "lat": 43.17801, "n_pixels": 2, "zone_area_km2": 0.0008, "cover_m2": 5.9, "p_mean": 0.706, "p_max": 0.78, "cover_m2_km2": 7375.0, "h3": "88316c56b9fffff", "valid_frac_scene": 0.999, "wind_ms": 2.8, "sea": "спокойное", "scene_reliable": true, "field_event_id": "S4:DOORS3:T23", "field_profile": "B", "field_date": "2024-06-10", "field_distance_km": 6978.8, "field_date_gap_days": 534, "field_conc_items_km2": 102.37, "conc_A_items_km2": null, "conc_A_lo80": null, "conc_A_hi80": null, "conc_A_lo95": null, "conc_A_hi95": null, "conc_A_status": "unavailable", "conc_A_status_ru": "концентрация недоступна", "conc_A_reasons": "вне бассейна профиля: nw_atlantic_subtropical", "conc_A_model": "conc-A-c6bce5631d2b", "conc_B_items_km2": null, "conc_B_lo80": null, "conc_B_hi80": null, "conc_B_lo95": null, "conc_B_hi95": null, "conc_B_status": "unavailable", "conc_B_status_ru": "концентрация недоступна", "conc_B_reasons": "вне бассейна профиля: black_sea", "conc_B_model": "conc-B-c6bce5631d2b"}}, {"type": "Feature", "geometry": {"type": "Polygon", "coordinates": [[[131.6801112268171, 43.17377639350133], [131.68010729051147, 43.17368644402432], [131.679984391408, 43.173689324921995], [131.67998045530052, 43.17359937543429], [131.68010335422403, 43.17359649454562], [131.6800994179547, 43.1735065450652], [131.68034521538732, 43.17350078291028], [131.6803491520166, 43.173590732372695], [131.68047205088564, 43.17358785108845], [131.68047598771304, 43.17367780054015], [131.680353088664, 43.173680681833396], [131.68035702532956, 43.1737706312924], [131.6801112268171, 43.17377639350133]]]}, "properties": {"zone_id": "vladivostok-2025-11-26-051", "aoi": "vladivostok", "date": "2025-11-26", "scene_id": "S2A_MSIL2A_20251126T021121_R103_T52TGN_20251126T061210", "scene_datetime_utc": "2025-11-26T02:11:21.024000+00:00", "detection_status": "detected", "detection_status_ru": "обнаружено", "lon": 131.68023, "lat": 43.17364, "n_pixels": 2, "zone_area_km2": 0.0008, "cover_m2": 43.9, "p_mean": 0.998, "p_max": 1.0, "cover_m2_km2": 54875.0, "h3": "88316c422bfffff", "valid_frac_scene": 0.999, "wind_ms": 2.8, "sea": "спокойное", "scene_reliable": true, "field_event_id": "S4:DOORS3:T23", "field_profile": "B", "field_date": "2024-06-10", "field_distance_km": 6965.1, "field_date_gap_days": 534, "field_conc_items_km2": 102.37, "conc_A_items_km2": null, "conc_A_lo80": null, "conc_A_hi80": null, "conc_A_lo95": null, "conc_A_hi95": null, "conc_A_status": "unavailable", "conc_A_status_ru": "концентрация недоступна", "conc_A_reasons": "вне бассейна профиля: nw_atlantic_subtropical", "conc_A_model": "conc-A-c6bce5631d2b", "conc_B_items_km2": null, "conc_B_lo80": null, "conc_B_hi80": null, "conc_B_lo95": null, "conc_B_hi95": null, "conc_B_status": "unavailable", "conc_B_status_ru": "концентрация недоступна", "conc_B_reasons": "вне бассейна профиля: black_sea", "conc_B_model": "conc-B-c6bce5631d2b"}}, {"type": "Feature", "geometry": {"type": "Polygon", "coordinates": [[[131.67961569398878, 43.173697966823845], [131.67961175842123, 43.173608017309135], [131.67948885942516, 43.17361089767035], [131.6794849240557, 43.173520948144926], [131.6796078228718, 43.1735180677927], [131.6796038873405, 43.17342811827457], [131.6798536204495, 43.17351230669267], [131.67985755635888, 43.173602256191096], [131.6797346573991, 43.17360513681604], [131.67973859314665, 43.17369508632175], [131.67961569398878, 43.173697966823845]]]}, "properties": {"zone_id": "vladivostok-2025-11-26-052", "aoi": "vladivostok", "date": "2025-11-26", "scene_id": "S2A_MSIL2A_20251126T021121_R103_T52TGN_20251126T061210", "scene_datetime_utc": "2025-11-26T02:11:21.024000+00:00", "detection_status": "detected", "detection_status_ru": "обнаружено", "lon": 131.67967, "lat": 43.17356, "n_pixels": 1, "zone_area_km2": 0.0005, "cover_m2": 22.4, "p_mean": 0.996, "p_max": 0.996, "cover_m2_km2": 44800.0, "h3": "88316c422bfffff", "valid_frac_scene": 0.999, "wind_ms": 2.8, "sea": "спокойное", "scene_reliable": true, "field_event_id": "S4:DOORS3:T23", "field_profile": "B", "field_date": "2024-06-10", "field_distance_km": 6965.1, "field_date_gap_days": 534, "field_conc_items_km2": 102.37, "conc_A_items_km2": null, "conc_A_lo80": null, "conc_A_hi80": null, "conc_A_lo95": null, "conc_A_hi95": null, "conc_A_status": "unavailable", "conc_A_status_ru": "концентрация недоступна", "conc_A_reasons": "вне бассейна профиля: nw_atlantic_subtropical", "conc_A_model": "conc-A-c6bce5631d2b", "conc_B_items_km2": null, "conc_B_lo80": null, "conc_B_hi80": null, "conc_B_lo95": null, "conc_B_hi95": null, "conc_B_status": "unavailable", "conc_B_status_ru": "концентрация недоступна", "conc_B_reasons": "вне бассейна профиля: black_sea", "conc_B_model": "conc-B-c6bce5631d2b"}}, {"type": "Feature", "geometry": {"type": "Polygon", "coordinates": [[[131.79009045634936, 43.16556275936383], [131.79008635981575, 43.16547281802101], [131.78996348846817, 43.16547581659495], [131.78995939213328, 43.16538587524103], [131.790082263301, 43.165382876676475], [131.7900781668052, 43.16529293533019], [131.78995529581726, 43.16529593388538], [131.7899511995201, 43.165205992528016], [131.79019284447946, 43.16511005396423], [131.79019694111742, 43.16519999530459], [131.79031981188774, 43.165196996495204], [131.7903239087244, 43.165286937824455], [131.79020103777424, 43.16528993664323], [131.7902051344499, 43.16537987798012], [131.7903280055799, 43.16537687915199], [131.7903321024543, 43.16546682047778], [131.79009045634936, 43.16556275936383]]]}, "properties": {"zone_id": "vladivostok-2025-11-26-053", "aoi": "vladivostok", "date": "2025-11-26", "scene_id": "S2A_MSIL2A_20251126T021121_R103_T52TGN_20251126T061210", "scene_datetime_utc": "2025-11-26T02:11:21.024000+00:00", "detection_status": "detected", "detection_status_ru": "обнаружено", "lon": 131.79014, "lat": 43.16534, "n_pixels": 2, "zone_area_km2": 0.0009, "cover_m2": 7.8, "p_mean": 0.988, "p_max": 1.0, "cover_m2_km2": 8666.7, "h3": "88316c55cdfffff", "valid_frac_scene": 0.999, "wind_ms": 2.8, "sea": "спокойное", "scene_reliable": true, "field_event_id": "S4:DOORS3:T23", "field_profile": "B", "field_date": "2024-06-10", "field_distance_km": 6973.0, "field_date_gap_days": 534, "field_conc_items_km2": 102.37, "conc_A_items_km2": null, "conc_A_lo80": null, "conc_A_hi80": null, "conc_A_lo95": null, "conc_A_hi95": null, "conc_A_status": "unavailable", "conc_A_status_ru": "концентрация недоступна", "conc_A_reasons": "вне бассейна профиля: nw_atlantic_subtropical", "conc_A_model": "conc-A-c6bce5631d2b", "conc_B_items_km2": null, "conc_B_lo80": null, "conc_B_hi80": null, "conc_B_lo95": null, "conc_B_hi95": null, "conc_B_status": "unavailable", "conc_B_status_ru": "концентрация недоступна", "conc_B_reasons": "вне бассейна профиля: black_sea", "conc_B_model": "conc-B-c6bce5631d2b"}}, {"type": "Feature", "geometry": {"type": "Polygon", "coordinates": [[[131.78848498611313, 43.16272060623927], [131.78848089234123, 43.162630664728624], [131.78835802652148, 43.16263366142143], [131.78835393294824, 43.1625437198997], [131.78847679858816, 43.162540723216246], [131.78847270485397, 43.16245078170215], [131.78872252981142, 43.162534729454045], [131.78872662392408, 43.162624670947686], [131.78860375814207, 43.16262766790404], [131.7886078520938, 43.16271760940532], [131.78848498611313, 43.16272060623927]]]}, "properties": {"zone_id": "vladivostok-2025-11-26-054", "aoi": "vladivostok", "date": "2025-11-26", "scene_id": "S2A_MSIL2A_20251126T021121_R103_T52TGN_20251126T061210", "scene_datetime_utc": "2025-11-26T02:11:21.024000+00:00", "detection_status": "detected", "detection_status_ru": "обнаружено", "lon": 131.78854, "lat": 43.16258, "n_pixels": 1, "zone_area_km2": 0.0005, "cover_m2": 3.9, "p_mean": 0.992, "p_max": 0.992, "cover_m2_km2": 7800.0, "h3": "88316c55cdfffff", "valid_frac_scene": 0.999, "wind_ms": 2.8, "sea": "спокойное", "scene_reliable": true, "field_event_id": "S4:DOORS3:T23", "field_profile": "B", "field_date": "2024-06-10", "field_distance_km": 6973.1, "field_date_gap_days": 534, "field_conc_items_km2": 102.37, "conc_A_items_km2": null, "conc_A_lo80": null, "conc_A_hi80": null, "conc_A_lo95": null, "conc_A_hi95": null, "conc_A_status": "unavailable", "conc_A_status_ru": "концентрация недоступна", "conc_A_reasons": "вне бассейна профиля: nw_atlantic_subtropical", "conc_A_model": "conc-A-c6bce5631d2b", "conc_B_items_km2": null, "conc_B_lo80": null, "conc_B_hi80": null, "conc_B_lo95": null, "conc_B_hi95": null, "conc_B_status": "unavailable", "conc_B_status_ru": "концентрация недоступна", "conc_B_reasons": "вне бассейна профиля: black_sea", "conc_B_model": "conc-B-c6bce5631d2b"}}, {"type": "Feature", "geometry": {"type": "Polygon", "coordinates": [[[131.78778470955677, 43.160846815362085], [131.78778061707993, 43.16075687376826], [131.78765775494173, 43.16075986960559], [131.7876536626635, 43.160669928000665], [131.7877765246219, 43.1606669321727], [131.78777243218278, 43.16057699057542], [131.78802224848218, 43.16066094012146], [131.78802634129974, 43.160750881698284], [131.78790347919926, 43.16075387779915], [131.7879075718559, 43.16084381938362], [131.78778470955677, 43.160846815362085]]]}, "properties": {"zone_id": "vladivostok-2025-11-26-055", "aoi": "vladivostok", "date": "2025-11-26", "scene_id": "S2A_MSIL2A_20251126T021121_R103_T52TGN_20251126T061210", "scene_datetime_utc": "2025-11-26T02:11:21.024000+00:00", "detection_status": "detected", "detection_status_ru": "обнаружено", "lon": 131.78784, "lat": 43.16071, "n_pixels": 1, "zone_area_km2": 0.0005, "cover_m2": 2.7, "p_mean": 0.992, "p_max": 0.992, "cover_m2_km2": 5400.0, "h3": "88316c55c5fffff", "valid_frac_scene": 0.999, "wind_ms": 2.8, "sea": "спокойное", "scene_reliable": true, "field_event_id": "S4:DOORS3:T23", "field_profile": "B", "field_date": "2024-06-10", "field_distance_km": 6973.2, "field_date_gap_days": 534, "field_conc_items_km2": 102.37, "conc_A_items_km2": null, "conc_A_lo80": null, "conc_A_hi80": null, "conc_A_lo95": null, "conc_A_hi95": null, "conc_A_status": "unavailable", "conc_A_status_ru": "концентрация недоступна", "conc_A_reasons": "вне бассейна профиля: nw_atlantic_subtropical", "conc_A_model": "conc-A-c6bce5631d2b", "conc_B_items_km2": null, "conc_B_lo80": null, "conc_B_hi80": null, "conc_B_lo95": null, "conc_B_hi95": null, "conc_B_status": "unavailable", "conc_B_status_ru": "концентрация недоступна", "conc_B_reasons": "вне бассейна профиля: black_sea", "conc_B_model": "conc-B-c6bce5631d2b"}}, {"type": "Feature", "geometry": {"type": "Polygon", "coordinates": [[[131.78750215652522, 43.160043332348444], [131.78749806457765, 43.15995339072031], [131.78737520401984, 43.15995638620987], [131.78737111227088, 43.159866444570646], [131.78749397264892, 43.15986344909045], [131.78748988073903, 43.15977350745885], [131.787735601079, 43.15976751612191], [131.7877396933484, 43.15985745773478], [131.78786255366987, 43.159854461859304], [131.78786664613799, 43.159944403461076], [131.78774378563674, 43.159947399345924], [131.78774787794387, 43.160037340955334], [131.78750215652522, 43.160043332348444]]]}, "properties": {"zone_id": "vladivostok-2025-11-26-056", "aoi": "vladivostok", "date": "2025-11-26", "scene_id": "S2A_MSIL2A_20251126T021121_R103_T52TGN_20251126T061210", "scene_datetime_utc": "2025-11-26T02:11:21.024000+00:00", "detection_status": "detected", "detection_status_ru": "обнаружено", "lon": 131.78762, "lat": 43.15991, "n_pixels": 2, "zone_area_km2": 0.0008, "cover_m2": 5.9, "p_mean": 0.992, "p_max": 0.996, "cover_m2_km2": 7375.0, "h3": "88316c55c5fffff", "valid_frac_scene": 0.999, "wind_ms": 2.8, "sea": "спокойное", "scene_reliable": true, "field_event_id": "S4:DOORS3:T23", "field_profile": "B", "field_date": "2024-06-10", "field_distance_km": 6973.2, "field_date_gap_days": 534, "field_conc_items_km2": 102.37, "conc_A_items_km2": null, "conc_A_lo80": null, "conc_A_hi80": null, "conc_A_lo95": null, "conc_A_hi95": null, "conc_A_status": "unavailable", "conc_A_status_ru": "концентрация недоступна", "conc_A_reasons": "вне бассейна профиля: nw_atlantic_subtropical", "conc_A_model": "conc-A-c6bce5631d2b", "conc_B_items_km2": null, "conc_B_lo80": null, "conc_B_hi80": null, "conc_B_lo95": null, "conc_B_hi95": null, "conc_B_status": "unavailable", "conc_B_status_ru": "концентрация недоступна", "conc_B_reasons": "вне бассейна профиля: black_sea", "conc_B_model": "conc-B-c6bce5631d2b"}}, {"type": "Feature", "geometry": {"type": "Polygon", "coordinates": [[[131.64510939468897, 43.15523249690356], [131.64510551226923, 43.155142544573785], [131.64498264683633, 43.155145386901545], [131.64497876461428, 43.15505543456118], [131.64510162986736, 43.155052592242306], [131.6450977474834, 43.15496263990912], [131.64534736031982, 43.15504690720918], [131.64535124308136, 43.155136859522905], [131.64522837768425, 43.155139702114234], [131.64523226028382, 43.15522965443512], [131.64510939468897, 43.15523249690356]]]}, "properties": {"zone_id": "vladivostok-2025-11-26-057", "aoi": "vladivostok", "date": "2025-11-26", "scene_id": "S2A_MSIL2A_20251126T021121_R103_T52TGN_20251126T061210", "scene_datetime_utc": "2025-11-26T02:11:21.024000+00:00", "detection_status": "detected", "detection_status_ru": "обнаружено", "lon": 131.64517, "lat": 43.1551, "n_pixels": 1, "zone_area_km2": 0.0005, "cover_m2": 19.2, "p_mean": 1.0, "p_max": 1.0, "cover_m2_km2": 38400.0, "h3": "88316c4317fffff", "valid_frac_scene": 0.999, "wind_ms": 2.8, "sea": "спокойное", "scene_reliable": true, "field_event_id": "S4:DOORS3:T23", "field_profile": "B", "field_date": "2024-06-10", "field_distance_km": 6963.9, "field_date_gap_days": 534, "field_conc_items_km2": 102.37, "conc_A_items_km2": null, "conc_A_lo80": null, "conc_A_hi80": null, "conc_A_lo95": null, "conc_A_hi95": null, "conc_A_status": "unavailable", "conc_A_status_ru": "концентрация недоступна", "conc_A_reasons": "вне бассейна профиля: nw_atlantic_subtropical", "conc_A_model": "conc-A-c6bce5631d2b", "conc_B_items_km2": null, "conc_B_lo80": null, "conc_B_hi80": null, "conc_B_lo95": null, "conc_B_hi95": null, "conc_B_status": "unavailable", "conc_B_status_ru": "концентрация недоступна", "conc_B_reasons": "вне бассейна профиля: black_sea", "conc_B_model": "conc-B-c6bce5631d2b"}}, {"type": "Feature", "geometry": {"type": "Polygon", "coordinates": [[[131.87852080633206, 43.14959411724236], [131.87851658242414, 43.149504182533164], [131.87826669897075, 43.14942043292161], [131.87826247546099, 43.14933049818959], [131.87838530507352, 43.149327405715404], [131.87838108140357, 43.14923747099131], [131.87862674021102, 43.149231285667234], [131.87863096424024, 43.14932122037201], [131.87875379379437, 43.14931812750278], [131.87876224227043, 43.149497996887746], [131.87852080633206, 43.14959411724236]]]}, "properties": {"zone_id": "vladivostok-2025-11-26-058", "aoi": "vladivostok", "date": "2025-11-26", "scene_id": "S2A_MSIL2A_20251126T021121_R103_T52TGN_20251126T061210", "scene_datetime_utc": "2025-11-26T02:11:21.024000+00:00", "detection_status": "detected", "detection_status_ru": "обнаружено", "lon": 131.87853, "lat": 43.1494, "n_pixels": 3, "zone_area_km2": 0.001, "cover_m2": 24.7, "p_mean": 0.908, "p_max": 0.957, "cover_m2_km2": 24700.0, "h3": "88316c54d1fffff", "valid_frac_scene": 0.999, "wind_ms": 2.8, "sea": "спокойное", "scene_reliable": true, "field_event_id": "S4:DOORS3:T23", "field_profile": "B", "field_date": "2024-06-10", "field_distance_km": 6980.0, "field_date_gap_days": 534, "field_conc_items_km2": 102.37, "conc_A_items_km2": null, "conc_A_lo80": null, "conc_A_hi80": null, "conc_A_lo95": null, "conc_A_hi95": null, "conc_A_status": "unavailable", "conc_A_status_ru": "концентрация недоступна", "conc_A_reasons": "вне бассейна профиля: nw_atlantic_subtropical", "conc_A_model": "conc-A-c6bce5631d2b", "conc_B_items_km2": null, "conc_B_lo80": null, "conc_B_hi80": null, "conc_B_lo95": null, "conc_B_hi95": null, "conc_B_status": "unavailable", "conc_B_status_ru": "концентрация недоступна", "conc_B_reasons": "вне бассейна профиля: black_sea", "conc_B_model": "conc-B-c6bce5631d2b"}}, {"type": "Feature", "geometry": {"type": "Polygon", "coordinates": [[[131.71332712451212, 43.14598039350328], [131.71332314332423, 43.14589044604878], [131.71320030327976, 43.14589336113103], [131.7131963222899, 43.14580341366571], [131.71331916215468, 43.14580049859257], [131.71331518100342, 43.145710551134655], [131.7135648418292, 43.14579466805114], [131.71356882335814, 43.14588461548912], [131.71344598335037, 43.14588753083481], [131.71344996471797, 43.14597747828019], [131.71332712451212, 43.14598039350328]]]}, "properties": {"zone_id": "vladivostok-2025-11-26-059", "aoi": "vladivostok", "date": "2025-11-26", "scene_id": "S2A_MSIL2A_20251126T021121_R103_T52TGN_20251126T061210", "scene_datetime_utc": "2025-11-26T02:11:21.024000+00:00", "detection_status": "detected", "detection_status_ru": "обнаружено", "lon": 131.71338, "lat": 43.14584, "n_pixels": 1, "zone_area_km2": 0.0005, "cover_m2": 2.0, "p_mean": 0.573, "p_max": 0.573, "cover_m2_km2": 4000.0, "h3": "88316c42e1fffff", "valid_frac_scene": 0.999, "wind_ms": 2.8, "sea": "спокойное", "scene_reliable": true, "field_event_id": "S4:DOORS3:T23", "field_profile": "B", "field_date": "2024-06-10", "field_distance_km": 6969.1, "field_date_gap_days": 534, "field_conc_items_km2": 102.37, "conc_A_items_km2": null, "conc_A_lo80": null, "conc_A_hi80": null, "conc_A_lo95": null, "conc_A_hi95": null, "conc_A_status": "unavailable", "conc_A_status_ru": "концентрация недоступна", "conc_A_reasons": "вне бассейна профиля: nw_atlantic_subtropical", "conc_A_model": "conc-A-c6bce5631d2b", "conc_B_items_km2": null, "conc_B_lo80": null, "conc_B_hi80": null, "conc_B_lo95": null, "conc_B_hi95": null, "conc_B_status": "unavailable", "conc_B_status_ru": "концентрация недоступна", "conc_B_reasons": "вне бассейна профиля: black_sea", "conc_B_model": "conc-B-c6bce5631d2b"}}, {"type": "Feature", "geometry": {"type": "Polygon", "coordinates": [[[131.71312068696722, 43.14409441149875], [131.71311670634415, 43.14400446399914], [131.71286705350187, 43.1439203458663], [131.71286307327486, 43.14383039834503], [131.71298590922314, 43.143827483735755], [131.7129819288348, 43.14373753622187], [131.71322760031694, 43.14373170662638], [131.71323158106463, 43.143821654122036], [131.7133544169579, 43.14381873911761], [131.7133623788677, 43.143998634085555], [131.71312068696722, 43.14409441149875]]]}, "properties": {"zone_id": "vladivostok-2025-11-26-060", "aoi": "vladivostok", "date": "2025-11-26", "scene_id": "S2A_MSIL2A_20251126T021121_R103_T52TGN_20251126T061210", "scene_datetime_utc": "2025-11-26T02:11:21.024000+00:00", "detection_status": "detected", "detection_status_ru": "обнаружено", "lon": 131.71313, "lat": 43.1439, "n_pixels": 3, "zone_area_km2": 0.001, "cover_m2": 7.1, "p_mean": 0.701, "p_max": 0.784, "cover_m2_km2": 7100.0, "h3": "88316c42e3fffff", "valid_frac_scene": 0.999, "wind_ms": 2.8, "sea": "спокойное", "scene_reliable": true, "field_event_id": "S4:DOORS3:T23", "field_profile": "B", "field_date": "2024-06-10", "field_distance_km": 6969.2, "field_date_gap_days": 534, "field_conc_items_km2": 102.37, "conc_A_items_km2": null, "conc_A_lo80": null, "conc_A_hi80": null, "conc_A_lo95": null, "conc_A_hi95": null, "conc_A_status": "unavailable", "conc_A_status_ru": "концентрация недоступна", "conc_A_reasons": "вне бассейна профиля: nw_atlantic_subtropical", "conc_A_model": "conc-A-c6bce5631d2b", "conc_B_items_km2": null, "conc_B_lo80": null, "conc_B_hi80": null, "conc_B_lo95": null, "conc_B_hi95": null, "conc_B_status": "unavailable", "conc_B_status_ru": "концентрация недоступна", "conc_B_reasons": "вне бассейна профиля: black_sea", "conc_B_model": "conc-B-c6bce5631d2b"}}, {"type": "Feature", "geometry": {"type": "MultiPolygon", "coordinates": [[[[131.70888823073523, 43.14014287661031], [131.70863859922946, 43.14005874860813], [131.70864257273965, 43.14014869650347], [131.70851974371442, 43.14015160625251], [131.7085237170633, 43.140241554155246], [131.70877334918123, 43.14032568239009], [131.70876937545475, 43.14023573450728], [131.70889220462303, 43.14023282448574], [131.70888823073523, 43.14014287661031]]], [[[131.70889617852916, 43.140322772359475], [131.7091458114538, 43.14040689975696], [131.70914183717008, 43.14031695190313], [131.70926466646307, 43.1403140414774], [131.709260692018, 43.140224093630984], [131.70901105970555, 43.14013996646618], [131.709015033773, 43.14022991433252], [131.70889220462303, 43.14023282448574], [131.70889617852916, 43.140322772359475]]]]}, "properties": {"zone_id": "vladivostok-2025-11-26-061", "aoi": "vladivostok", "date": "2025-11-26", "scene_id": "S2A_MSIL2A_20251126T021121_R103_T52TGN_20251126T061210", "scene_datetime_utc": "2025-11-26T02:11:21.024000+00:00", "detection_status": "detected", "detection_status_ru": "обнаружено", "lon": 131.70889, "lat": 43.14023, "n_pixels": 2, "zone_area_km2": 0.001, "cover_m2": 6.7, "p_mean": 0.941, "p_max": 0.992, "cover_m2_km2": 6700.0, "h3": "88316c42e7fffff", "valid_frac_scene": 0.999, "wind_ms": 2.8, "sea": "спокойное", "scene_reliable": true, "field_event_id": "S4:DOORS3:T23", "field_profile": "B", "field_date": "2024-06-10", "field_distance_km": 6969.1, "field_date_gap_days": 534, "field_conc_items_km2": 102.37, "conc_A_items_km2": null, "conc_A_lo80": null, "conc_A_hi80": null, "conc_A_lo95": null, "conc_A_hi95": null, "conc_A_status": "unavailable", "conc_A_status_ru": "концентрация недоступна", "conc_A_reasons": "вне бассейна профиля: nw_atlantic_subtropical", "conc_A_model": "conc-A-c6bce5631d2b", "conc_B_items_km2": null, "conc_B_lo80": null, "conc_B_hi80": null, "conc_B_lo95": null, "conc_B_hi95": null, "conc_B_status": "unavailable", "conc_B_status_ru": "концентрация недоступна", "conc_B_reasons": "вне бассейна профиля: black_sea", "conc_B_model": "conc-B-c6bce5631d2b"}}, {"type": "Feature", "geometry": {"type": "Polygon", "coordinates": [[[131.98036063015823, 43.08161477415551], [131.98035626731354, 43.08152484657037], [131.98023358442825, 43.08152804449946], [131.9802248591569, 43.08134818930386], [131.98034754168432, 43.08134499139476], [131.98034317889983, 43.081255063804285], [131.98082954461273, 43.08115234334226], [131.98083390809285, 43.08124227089452], [131.98095659034092, 43.08123907233874], [131.98096095402008, 43.08132899987924], [131.98071995248742, 43.08142532443815], [131.9807243158489, 43.08151525199509], [131.98047895017874, 43.08152164850994], [131.9804833132024, 43.081611576085095], [131.98036063015823, 43.08161477415551]]]}, "properties": {"zone_id": "vladivostok-2025-11-26-062", "aoi": "vladivostok", "date": "2025-11-26", "scene_id": "S2A_MSIL2A_20251126T021121_R103_T52TGN_20251126T061210", "scene_datetime_utc": "2025-11-26T02:11:21.024000+00:00", "detection_status": "detected", "detection_status_ru": "обнаружено", "lon": 131.98057, "lat": 43.08137, "n_pixels": 6, "zone_area_km2": 0.0017, "cover_m2": 69.0, "p_mean": 0.866, "p_max": 0.996, "cover_m2_km2": 40588.2, "h3": "88316c0813fffff", "valid_frac_scene": 0.999, "wind_ms": 2.8, "sea": "спокойное", "scene_reliable": true, "field_event_id": "S4:DOORS3:T23", "field_profile": "B", "field_date": "2024-06-10", "field_distance_km": 6991.1, "field_date_gap_days": 534, "field_conc_items_km2": 102.37, "conc_A_items_km2": null, "conc_A_lo80": null, "conc_A_hi80": null, "conc_A_lo95": null, "conc_A_hi95": null, "conc_A_status": "unavailable", "conc_A_status_ru": "концентрация недоступна", "conc_A_reasons": "вне бассейна профиля: nw_atlantic_subtropical", "conc_A_model": "conc-A-c6bce5631d2b", "conc_B_items_km2": null, "conc_B_lo80": null, "conc_B_hi80": null, "conc_B_lo95": null, "conc_B_hi95": null, "conc_B_status": "unavailable", "conc_B_status_ru": "концентрация недоступна", "conc_B_reasons": "вне бассейна профиля: black_sea", "conc_B_model": "conc-B-c6bce5631d2b"}}, {"type": "Feature", "geometry": {"type": "Polygon", "coordinates": [[[131.8545936139654, 43.07410888833984], [131.8545894361671, 43.07401895055655], [131.854466754506, 43.07402201322317], [131.85446257690592, 43.073932075428544], [131.85458525838806, 43.07392901277151], [131.85458108062824, 43.073839074984726], [131.85483062129464, 43.0739228870634], [131.85483479943161, 43.074012824829296], [131.85471211780896, 43.0740158877586], [131.8547162957862, 43.07410582553231], [131.8545936139654, 43.07410888833984]]]}, "properties": {"zone_id": "vladivostok-2025-11-26-063", "aoi": "vladivostok", "date": "2025-11-26", "scene_id": "S2A_MSIL2A_20251126T021121_R103_T52TGN_20251126T061210", "scene_datetime_utc": "2025-11-26T02:11:21.024000+00:00", "detection_status": "detected", "detection_status_ru": "обнаружено", "lon": 131.85465, "lat": 43.07397, "n_pixels": 1, "zone_area_km2": 0.0005, "cover_m2": 3.9, "p_mean": 0.682, "p_max": 0.682, "cover_m2_km2": 7800.0, "h3": "88316c4613fffff", "valid_frac_scene": 0.999, "wind_ms": 2.8, "sea": "спокойное", "scene_reliable": true, "field_event_id": "S4:DOORS3:T23", "field_profile": "B", "field_date": "2024-06-10", "field_distance_km": 6983.0, "field_date_gap_days": 534, "field_conc_items_km2": 102.37, "conc_A_items_km2": null, "conc_A_lo80": null, "conc_A_hi80": null, "conc_A_lo95": null, "conc_A_hi95": null, "conc_A_status": "unavailable", "conc_A_status_ru": "концентрация недоступна", "conc_A_reasons": "вне бассейна профиля: nw_atlantic_subtropical", "conc_A_model": "conc-A-c6bce5631d2b", "conc_B_items_km2": null, "conc_B_lo80": null, "conc_B_hi80": null, "conc_B_lo95": null, "conc_B_hi95": null, "conc_B_status": "unavailable", "conc_B_status_ru": "концентрация недоступна", "conc_B_reasons": "вне бассейна профиля: black_sea", "conc_B_model": "conc-B-c6bce5631d2b"}}, {"type": "Feature", "geometry": {"type": "Polygon", "coordinates": [[[131.8574152909767, 43.07403841053633], [131.85741110906247, 43.07394847297333], [131.85728842784394, 43.073951538660864], [131.85728424612793, 43.07386160108651], [131.85740692716752, 43.073858535408554], [131.8574027452918, 43.07376859784205], [131.85765228918893, 43.07385240365862], [131.8576564714418, 43.07394234120423], [131.85753379026175, 43.07394540715445], [131.8575379723549, 43.07403534470787], [131.8574152909767, 43.07403841053633]]]}, "properties": {"zone_id": "vladivostok-2025-11-26-064", "aoi": "vladivostok", "date": "2025-11-26", "scene_id": "S2A_MSIL2A_20251126T021121_R103_T52TGN_20251126T061210", "scene_datetime_utc": "2025-11-26T02:11:21.024000+00:00", "detection_status": "detected", "detection_status_ru": "обнаружено", "lon": 131.85747, "lat": 43.0739, "n_pixels": 1, "zone_area_km2": 0.0005, "cover_m2": 5.5, "p_mean": 0.949, "p_max": 0.949, "cover_m2_km2": 11000.0, "h3": "88316c4613fffff", "valid_frac_scene": 0.999, "wind_ms": 2.8, "sea": "спокойное", "scene_reliable": true, "field_event_id": "S4:DOORS3:T23", "field_profile": "B", "field_date": "2024-06-10", "field_distance_km": 6983.2, "field_date_gap_days": 534, "field_conc_items_km2": 102.37, "conc_A_items_km2": null, "conc_A_lo80": null, "conc_A_hi80": null, "conc_A_lo95": null, "conc_A_hi95": null, "conc_A_status": "unavailable", "conc_A_status_ru": "концентрация недоступна", "conc_A_reasons": "вне бассейна профиля: nw_atlantic_subtropical", "conc_A_model": "conc-A-c6bce5631d2b", "conc_B_items_km2": null, "conc_B_lo80": null, "conc_B_hi80": null, "conc_B_lo95": null, "conc_B_hi95": null, "conc_B_status": "unavailable", "conc_B_status_ru": "концентрация недоступна", "conc_B_reasons": "вне бассейна профиля: black_sea", "conc_B_model": "conc-B-c6bce5631d2b"}}, {"type": "Feature", "geometry": {"type": "Polygon", "coordinates": [[[131.94279461175347, 43.06926167949992], [131.9427903057102, 43.069171748663805], [131.94266764329635, 43.069174905597976], [131.94265903162693, 43.06899504390075], [131.9429000495567, 43.06889879910906], [131.94290435571938, 43.068988729940585], [131.94302701773591, 43.06898557276357], [131.94303563047842, 43.069165434401604], [131.94279461175347, 43.06926167949992]]]}, "properties": {"zone_id": "vladivostok-2025-11-26-065", "aoi": "vladivostok", "date": "2025-11-26", "scene_id": "S2A_MSIL2A_20251126T021121_R103_T52TGN_20251126T061210", "scene_datetime_utc": "2025-11-26T02:11:21.024000+00:00", "detection_status": "detected", "detection_status_ru": "обнаружено", "lon": 131.94285, "lat": 43.06908, "n_pixels": 2, "zone_area_km2": 0.0008, "cover_m2": 7.8, "p_mean": 0.994, "p_max": 0.996, "cover_m2_km2": 9750.0, "h3": "88316c09cbfffff", "valid_frac_scene": 0.999, "wind_ms": 2.8, "sea": "спокойное", "scene_reliable": true, "field_event_id": "S4:DOORS3:T23", "field_profile": "B", "field_date": "2024-06-10", "field_distance_km": 6989.3, "field_date_gap_days": 534, "field_conc_items_km2": 102.37, "conc_A_items_km2": null, "conc_A_lo80": null, "conc_A_hi80": null, "conc_A_lo95": null, "conc_A_hi95": null, "conc_A_status": "unavailable", "conc_A_status_ru": "концентрация недоступна", "conc_A_reasons": "вне бассейна профиля: nw_atlantic_subtropical", "conc_A_model": "conc-A-c6bce5631d2b", "conc_B_items_km2": null, "conc_B_lo80": null, "conc_B_hi80": null, "conc_B_lo95": null, "conc_B_hi95": null, "conc_B_status": "unavailable", "conc_B_status_ru": "концентрация недоступна", "conc_B_reasons": "вне бассейна профиля: black_sea", "conc_B_model": "conc-B-c6bce5631d2b"}}, {"type": "Feature", "geometry": {"type": "Polygon", "coordinates": [[[131.95399674352038, 43.04169016288928], [131.95399242526062, 43.041600232526], [131.95386981902445, 43.04160339985079], [131.95386550096316, 43.04151346947585], [131.95398810702073, 43.04151030216097], [131.9539837888007, 43.04142037179416], [131.9541063946598, 43.04141720435802], [131.95410207628106, 43.041327273999336], [131.95434728758246, 43.04132093875336], [131.95435160631843, 43.04141086909223], [131.9544742121179, 43.04140770126261], [131.95448285000657, 43.04158756191524], [131.9543602438499, 43.04159072976468], [131.95436456264542, 43.041680660098244], [131.95411503147693, 43.04159706507006], [131.9541193499153, 43.04168699542343], [131.95399674352038, 43.04169016288928]]]}, "properties": {"zone_id": "vladivostok-2025-11-26-066", "aoi": "vladivostok", "date": "2025-11-26", "scene_id": "S2A_MSIL2A_20251126T021121_R103_T52TGN_20251126T061210", "scene_datetime_utc": "2025-11-26T02:11:21.024000+00:00", "detection_status": "detected", "detection_status_ru": "обнаружено", "lon": 131.9542, "lat": 43.0415, "n_pixels": 4, "zone_area_km2": 0.0013, "cover_m2": 36.5, "p_mean": 0.823, "p_max": 0.961, "cover_m2_km2": 28076.9, "h3": "88316c0999fffff", "valid_frac_scene": 0.999, "wind_ms": 2.8, "sea": "спокойное", "scene_reliable": true, "field_event_id": "S4:DOORS3:T23", "field_profile": "B", "field_date": "2024-06-10", "field_distance_km": 6991.8, "field_date_gap_days": 534, "field_conc_items_km2": 102.37, "conc_A_items_km2": null, "conc_A_lo80": null, "conc_A_hi80": null, "conc_A_lo95": null, "conc_A_hi95": null, "conc_A_status": "unavailable", "conc_A_status_ru": "концентрация недоступна", "conc_A_reasons": "вне бассейна профиля: nw_atlantic_subtropical", "conc_A_model": "conc-A-c6bce5631d2b", "conc_B_items_km2": null, "conc_B_lo80": null, "conc_B_hi80": null, "conc_B_lo95": null, "conc_B_hi95": null, "conc_B_status": "unavailable", "conc_B_status_ru": "концентрация недоступна", "conc_B_reasons": "вне бассейна профиля: black_sea", "conc_B_model": "conc-B-c6bce5631d2b"}}, {"type": "Feature", "geometry": {"type": "Polygon", "coordinates": [[[131.91104844770814, 43.0394600457992], [131.9110441925091, 43.03937011194085], [131.91092158599662, 43.03937323312561], [131.91091733099574, 43.03928329925572], [131.91103993732966, 43.03928017808072], [131.91103568216982, 43.03919024421883], [131.91128514993878, 43.03927393533719], [131.91128940547543, 43.03936386917781], [131.91116679900207, 43.039366990624906], [131.91117105437968, 43.03945692447352], [131.91104844770814, 43.0394600457992]]]}, "properties": {"zone_id": "vladivostok-2025-11-26-067", "aoi": "vladivostok", "date": "2025-11-26", "scene_id": "S2A_MSIL2A_20251126T021121_R103_T52TGN_20251126T061210", "scene_datetime_utc": "2025-11-26T02:11:21.024000+00:00", "detection_status": "detected", "detection_status_ru": "обнаружено", "lon": 131.9111, "lat": 43.03932, "n_pixels": 1, "zone_area_km2": 0.0005, "cover_m2": 5.5, "p_mean": 1.0, "p_max": 1.0, "cover_m2_km2": 11000.0, "h3": "88316c09a1fffff", "valid_frac_scene": 0.999, "wind_ms": 2.8, "sea": "спокойное", "scene_reliable": true, "field_event_id": "S4:DOORS3:T23", "field_profile": "B", "field_date": "2024-06-10", "field_distance_km": 6989.0, "field_date_gap_days": 534, "field_conc_items_km2": 102.37, "conc_A_items_km2": null, "conc_A_lo80": null, "conc_A_hi80": null, "conc_A_lo95": null, "conc_A_hi95": null, "conc_A_status": "unavailable", "conc_A_status_ru": "концентрация недоступна", "conc_A_reasons": "вне бассейна профиля: nw_atlantic_subtropical", "conc_A_model": "conc-A-c6bce5631d2b", "conc_B_items_km2": null, "conc_B_lo80": null, "conc_B_hi80": null, "conc_B_lo95": null, "conc_B_hi95": null, "conc_B_status": "unavailable", "conc_B_status_ru": "концентрация недоступна", "conc_B_reasons": "вне бассейна профиля: black_sea", "conc_B_model": "conc-B-c6bce5631d2b"}}, {"type": "Feature", "geometry": {"type": "Polygon", "coordinates": [[[131.7310188574583, 43.00743368092179], [131.73101486967494, 43.00734373260619], [131.73089230786627, 43.00734665917503], [131.73088433271138, 43.007166762520356], [131.73112546768996, 43.0070709609766], [131.73112945559672, 43.0071609092882], [131.73125201701185, 43.00715798247549], [131.73125999323724, 43.00733787907526], [131.7310188574583, 43.00743368092179]]]}, "properties": {"zone_id": "vladivostok-2025-11-26-068", "aoi": "vladivostok", "date": "2025-11-26", "scene_id": "S2A_MSIL2A_20251126T021121_R103_T52TGN_20251126T061210", "scene_datetime_utc": "2025-11-26T02:11:21.024000+00:00", "detection_status": "detected", "detection_status_ru": "обнаружено", "lon": 131.73107, "lat": 43.00725, "n_pixels": 2, "zone_area_km2": 0.0008, "cover_m2": 13.7, "p_mean": 0.978, "p_max": 0.98, "cover_m2_km2": 17125.0, "h3": "88316c4ed9fffff", "valid_frac_scene": 0.999, "wind_ms": 2.8, "sea": "спокойное", "scene_reliable": true, "field_event_id": "S4:DOORS3:T23", "field_profile": "B", "field_date": "2024-06-10", "field_distance_km": 6978.8, "field_date_gap_days": 534, "field_conc_items_km2": 102.37, "conc_A_items_km2": null, "conc_A_lo80": null, "conc_A_hi80": null, "conc_A_lo95": null, "conc_A_hi95": null, "conc_A_status": "unavailable", "conc_A_status_ru": "концентрация недоступна", "conc_A_reasons": "вне бассейна профиля: nw_atlantic_subtropical", "conc_A_model": "conc-A-c6bce5631d2b", "conc_B_items_km2": null, "conc_B_lo80": null, "conc_B_hi80": null, "conc_B_lo95": null, "conc_B_hi95": null, "conc_B_status": "unavailable", "conc_B_status_ru": "концентрация недоступна", "conc_B_reasons": "вне бассейна профиля: black_sea", "conc_B_model": "conc-B-c6bce5631d2b"}}]}