{"type": "FeatureCollection", "features": [{"type": "Feature", "geometry": {"type": "Polygon", "coordinates": [[[30.002511628632316, 60.085973649416985], [30.002503467757844, 60.0858839812824], [30.002323965310836, 60.085888057808134], [30.00230764468911, 60.085708721503934], [30.002487146163922, 60.08570464500756], [30.002478985444462, 60.0856149768673], [30.00265848638151, 60.085610900142264], [30.002650325227624, 60.085521232014784], [30.0033683265147, 60.08550492274017], [30.00337648961294, 60.08559459080888], [30.0035559902916, 60.0855905128672], [30.003572317615323, 60.08576984896958], [30.00375181921448, 60.0857657707552], [30.00375998343997, 60.08585543878887], [30.003580481354717, 60.08585951701793], [30.003588645145804, 60.08594918506439], [30.002511628632316, 60.085973649416985]]]}, "properties": {"zone_id": "neva-2025-06-14-001", "aoi": "neva", "date": "2025-06-14", "scene_id": "S2B_MSIL2A_20250614T093029_R136_T36VUM_20250614T113630", "scene_datetime_utc": "2025-06-14T09:30:29.024000+00:00", "detection_status": "detected", "detection_status_ru": "обнаружено", "lon": 30.003, "lat": 60.08575, "n_pixels": 15, "zone_area_km2": 0.0031, "cover_m2": 316.1, "p_mean": 0.887, "p_max": 0.996, "cover_m2_km2": 101967.7, "h3": "881106bac5fffff", "valid_frac_scene": 0.999, "wind_ms": 3.8, "sea": "спокойное", "scene_reliable": true, "field_event_id": "S3:HE419_MarLitter_transect28", "field_profile": "B", "field_date": "2014-04-11", "field_distance_km": 1416.2, "field_date_gap_days": 4082, "field_conc_items_km2": 43.1, "conc_A_items_km2": null, "conc_A_lo80": null, "conc_A_hi80": null, "conc_A_lo95": null, "conc_A_hi95": null, "conc_A_status": "unavailable", "conc_A_status_ru": "концентрация недоступна", "conc_A_reasons": "вне бассейна профиля: nw_atlantic_subtropical", "conc_A_model": "conc-A-c6bce5631d2b", "conc_B_items_km2": null, "conc_B_lo80": null, "conc_B_hi80": null, "conc_B_lo95": null, "conc_B_hi95": null, "conc_B_status": "unavailable", "conc_B_status_ru": "концентрация недоступна", "conc_B_reasons": "вне бассейна профиля: black_sea", "conc_B_model": "conc-B-c6bce5631d2b"}}, {"type": "Feature", "geometry": {"type": "Polygon", "coordinates": [[[29.998188163089992, 60.07798496788317], [29.99818001658066, 60.07789529928475], [29.998000556838566, 60.077899369624085], [29.997984264946272, 60.07772003239225], [29.998163723716704, 60.077715962082245], [29.998155577362077, 60.07762629347813], [29.998522641102866, 60.07770782073246], [29.998538935910158, 60.07788715787632], [29.998188163089992, 60.07798496788317]]]}, "properties": {"zone_id": "neva-2025-06-14-002", "aoi": "neva", "date": "2025-06-14", "scene_id": "S2B_MSIL2A_20250614T093029_R136_T36VUM_20250614T113630", "scene_datetime_utc": "2025-06-14T09:30:29.024000+00:00", "detection_status": "detected", "detection_status_ru": "обнаружено", "lon": 29.99826, "lat": 60.0778, "n_pixels": 2, "zone_area_km2": 0.0008, "cover_m2": 24.7, "p_mean": 0.731, "p_max": 0.835, "cover_m2_km2": 30875.0, "h3": "881106bae9fffff", "valid_frac_scene": 0.999, "wind_ms": 3.8, "sea": "спокойное", "scene_reliable": true, "field_event_id": "S3:HE419_MarLitter_transect28", "field_profile": "B", "field_date": "2014-04-11", "field_distance_km": 1415.7, "field_date_gap_days": 4082, "field_conc_items_km2": 43.1, "conc_A_items_km2": null, "conc_A_lo80": null, "conc_A_hi80": null, "conc_A_lo95": null, "conc_A_hi95": null, "conc_A_status": "unavailable", "conc_A_status_ru": "концентрация недоступна", "conc_A_reasons": "вне бассейна профиля: nw_atlantic_subtropical", "conc_A_model": "conc-A-c6bce5631d2b", "conc_B_items_km2": null, "conc_B_lo80": null, "conc_B_hi80": null, "conc_B_lo95": null, "conc_B_hi95": null, "conc_B_status": "unavailable", "conc_B_status_ru": "концентрация недоступна", "conc_B_reasons": "вне бассейна профиля: black_sea", "conc_B_model": "conc-B-c6bce5631d2b"}}, {"type": "Feature", "geometry": {"type": "Polygon", "coordinates": [[[29.99795982749456, 60.07745102653029], [29.99795168178045, 60.07736135790587], [29.99777222490175, 60.077365427914], [29.997764079725023, 60.077275759273036], [29.997943536117905, 60.07727168927957], [29.997927244947487, 60.077092352021225], [29.998106700317184, 60.077088281813836], [29.99809855432351, 60.076998613196494], [29.99880822545808, 60.07689266143252], [29.998816373343406, 60.0769823299931], [29.99899582796945, 60.076978258584106], [29.999012124866436, 60.07715759567028], [29.998832669268776, 60.077161667108584], [29.998840817308825, 60.07725133566349], [29.998302448748976, 60.0772635485629], [29.998310595383163, 60.077353217159896], [29.998131138607587, 60.0773572876545], [29.998139284807518, 60.07744695626428], [29.99795982749456, 60.07745102653029]]]}, "properties": {"zone_id": "neva-2025-06-14-003", "aoi": "neva", "date": "2025-06-14", "scene_id": "S2B_MSIL2A_20250614T093029_R136_T36VUM_20250614T113630", "scene_datetime_utc": "2025-06-14T09:30:29.024000+00:00", "detection_status": "detected", "detection_status_ru": "обнаружено", "lon": 29.99843, "lat": 60.07714, "n_pixels": 7, "zone_area_km2": 0.0022, "cover_m2": 150.6, "p_mean": 0.747, "p_max": 0.933, "cover_m2_km2": 68454.5, "h3": "881106bae9fffff", "valid_frac_scene": 0.999, "wind_ms": 3.8, "sea": "спокойное", "scene_reliable": true, "field_event_id": "S3:HE419_MarLitter_transect28", "field_profile": "B", "field_date": "2014-04-11", "field_distance_km": 1415.7, "field_date_gap_days": 4082, "field_conc_items_km2": 43.1, "conc_A_items_km2": null, "conc_A_lo80": null, "conc_A_hi80": null, "conc_A_lo95": null, "conc_A_hi95": null, "conc_A_status": "unavailable", "conc_A_status_ru": "концентрация недоступна", "conc_A_reasons": "вне бассейна профиля: nw_atlantic_subtropical", "conc_A_model": "conc-A-c6bce5631d2b", "conc_B_items_km2": null, "conc_B_lo80": null, "conc_B_hi80": null, "conc_B_lo95": null, "conc_B_hi95": null, "conc_B_status": "unavailable", "conc_B_status_ru": "концентрация недоступна", "conc_B_reasons": "вне бассейна профиля: black_sea", "conc_B_model": "conc-B-c6bce5631d2b"}}, {"type": "Feature", "geometry": {"type": "Polygon", "coordinates": [[[29.83821948941653, 60.05375351119904], [29.838211784729257, 60.05366382950142], [29.83803243099113, 60.05366768191932], [29.83802472683788, 60.05357800020599], [29.83820408009073, 60.05357414780197], [29.838196375500942, 60.05348446610071], [29.838562786450186, 60.053566442264646], [29.83857049205928, 60.05365612393634], [29.838391138418643, 60.053659976840436], [29.8383988435912, 60.05374965852418], [29.83821948941653, 60.05375351119904]]]}, "properties": {"zone_id": "neva-2025-06-14-004", "aoi": "neva", "date": "2025-06-14", "scene_id": "S2B_MSIL2A_20250614T093029_R136_T36VUM_20250614T113630", "scene_datetime_utc": "2025-06-14T09:30:29.024000+00:00", "detection_status": "detected", "detection_status_ru": "обнаружено", "lon": 29.8383, "lat": 60.05362, "n_pixels": 1, "zone_area_km2": 0.0005, "cover_m2": 5.1, "p_mean": 0.867, "p_max": 0.867, "cover_m2_km2": 10200.0, "h3": "88110684e1fffff", "valid_frac_scene": 0.999, "wind_ms": 3.8, "sea": "спокойное", "scene_reliable": true, "field_event_id": "S3:HE419_MarLitter_transect28", "field_profile": "B", "field_date": "2014-04-11", "field_distance_km": 1406.4, "field_date_gap_days": 4082, "field_conc_items_km2": 43.1, "conc_A_items_km2": null, "conc_A_lo80": null, "conc_A_hi80": null, "conc_A_lo95": null, "conc_A_hi95": null, "conc_A_status": "unavailable", "conc_A_status_ru": "концентрация недоступна", "conc_A_reasons": "вне бассейна профиля: nw_atlantic_subtropical", "conc_A_model": "conc-A-c6bce5631d2b", "conc_B_items_km2": null, "conc_B_lo80": null, "conc_B_hi80": null, "conc_B_lo95": null, "conc_B_hi95": null, "conc_B_status": "unavailable", "conc_B_status_ru": "концентрация недоступна", "conc_B_reasons": "вне бассейна профиля: black_sea", "conc_B_model": "conc-B-c6bce5631d2b"}}, {"type": "Feature", "geometry": {"type": "Polygon", "coordinates": [[[29.816935808414225, 60.04648217793841], [29.816928163697686, 60.04639249449534], [29.816748846101735, 60.04639631777122], [29.816733557783852, 60.04621695085214], [29.816912874409663, 60.04621312760379], [29.816905229838188, 60.04612344415529], [29.81727150751622, 60.046205480377935], [29.817286798744504, 60.04638484721443], [29.816935808414225, 60.04648217793841]]]}, "properties": {"zone_id": "neva-2025-06-14-005", "aoi": "neva", "date": "2025-06-14", "scene_id": "S2B_MSIL2A_20250614T093029_R136_T36VUM_20250614T113630", "scene_datetime_utc": "2025-06-14T09:30:29.024000+00:00", "detection_status": "detected", "detection_status_ru": "обнаружено", "lon": 29.81701, "lat": 60.0463, "n_pixels": 2, "zone_area_km2": 0.0008, "cover_m2": 16.1, "p_mean": 0.982, "p_max": 0.984, "cover_m2_km2": 20125.0, "h3": "8811068417fffff", "valid_frac_scene": 0.999, "wind_ms": 3.8, "sea": "спокойное", "scene_reliable": true, "field_event_id": "S3:HE419_MarLitter_transect28", "field_profile": "B", "field_date": "2014-04-11", "field_distance_km": 1405.1, "field_date_gap_days": 4082, "field_conc_items_km2": 43.1, "conc_A_items_km2": null, "conc_A_lo80": null, "conc_A_hi80": null, "conc_A_lo95": null, "conc_A_hi95": null, "conc_A_status": "unavailable", "conc_A_status_ru": "концентрация недоступна", "conc_A_reasons": "вне бассейна профиля: nw_atlantic_subtropical", "conc_A_model": "conc-A-c6bce5631d2b", "conc_B_items_km2": null, "conc_B_lo80": null, "conc_B_hi80": null, "conc_B_lo95": null, "conc_B_hi95": null, "conc_B_status": "unavailable", "conc_B_status_ru": "концентрация недоступна", "conc_B_reasons": "вне бассейна профиля: black_sea", "conc_B_model": "conc-B-c6bce5631d2b"}}, {"type": "Feature", "geometry": {"type": "Polygon", "coordinates": [[[29.837240742988563, 60.02142949447989], [29.837233050979222, 60.02133981226463], [29.83705387223116, 60.02134366212191], [29.837038489326673, 60.02116429765815], [29.837217667106387, 60.021160447828585], [29.837209975242892, 60.021070765607845], [29.837576022519947, 60.02115274744109], [29.837591408329487, 60.02133211182169], [29.837240742988563, 60.02142949447989]]]}, "properties": {"zone_id": "neva-2025-06-14-006", "aoi": "neva", "date": "2025-06-14", "scene_id": "S2B_MSIL2A_20250614T093029_R136_T36VUM_20250614T113630", "scene_datetime_utc": "2025-06-14T09:30:29.024000+00:00", "detection_status": "detected", "detection_status_ru": "обнаружено", "lon": 29.83731, "lat": 60.02125, "n_pixels": 2, "zone_area_km2": 0.0008, "cover_m2": 13.3, "p_mean": 0.843, "p_max": 0.867, "cover_m2_km2": 16625.0, "h3": "88110685cbfffff", "valid_frac_scene": 0.999, "wind_ms": 3.8, "sea": "спокойное", "scene_reliable": true, "field_event_id": "S3:HE419_MarLitter_transect28", "field_profile": "B", "field_date": "2014-04-11", "field_distance_km": 1405.5, "field_date_gap_days": 4082, "field_conc_items_km2": 43.1, "conc_A_items_km2": null, "conc_A_lo80": null, "conc_A_hi80": null, "conc_A_lo95": null, "conc_A_hi95": null, "conc_A_status": "unavailable", "conc_A_status_ru": "концентрация недоступна", "conc_A_reasons": "вне бассейна профиля: nw_atlantic_subtropical", "conc_A_model": "conc-A-c6bce5631d2b", "conc_B_items_km2": null, "conc_B_lo80": null, "conc_B_hi80": null, "conc_B_lo95": null, "conc_B_hi95": null, "conc_B_status": "unavailable", "conc_B_status_ru": "концентрация недоступна", "conc_B_reasons": "вне бассейна профиля: black_sea", "conc_B_model": "conc-B-c6bce5631d2b"}}, {"type": "Feature", "geometry": {"type": "Polygon", "coordinates": [[[29.640309926469087, 60.01221733208936], [29.64030277062001, 60.01212763499512], [29.640123612247873, 60.01213121749685], [29.640109301653766, 60.01195182327743], [29.64028845905753, 60.01194824080147], [29.64028130334413, 60.01185854370205], [29.64081877383154, 60.0118477948561], [29.64082593099747, 60.01193749191685], [29.64100508822032, 60.0119339084697], [29.641019403656244, 60.0121133025602], [29.640840245465036, 60.01211688603314], [29.640847402766664, 60.01220658308868], [29.640309926469087, 60.01221733208936]]]}, "properties": {"zone_id": "neva-2025-06-14-007", "aoi": "neva", "date": "2025-06-14", "scene_id": "S2B_MSIL2A_20250614T093029_R136_T36VUM_20250614T113630", "scene_datetime_utc": "2025-06-14T09:30:29.024000+00:00", "detection_status": "detected", "detection_status_ru": "обнаружено", "lon": 29.64056, "lat": 60.01203, "n_pixels": 6, "zone_area_km2": 0.0016, "cover_m2": 80.0, "p_mean": 0.973, "p_max": 0.996, "cover_m2_km2": 50000.0, "h3": "88110695b9fffff", "valid_frac_scene": 0.999, "wind_ms": 3.8, "sea": "спокойное", "scene_reliable": true, "field_event_id": "S3:HE419_MarLitter_transect28", "field_profile": "B", "field_date": "2014-04-11", "field_distance_km": 1394.6, "field_date_gap_days": 4082, "field_conc_items_km2": 43.1, "conc_A_items_km2": null, "conc_A_lo80": null, "conc_A_hi80": null, "conc_A_lo95": null, "conc_A_hi95": null, "conc_A_status": "unavailable", "conc_A_status_ru": "концентрация недоступна", "conc_A_reasons": "вне бассейна профиля: nw_atlantic_subtropical", "conc_A_model": "conc-A-c6bce5631d2b", "conc_B_items_km2": null, "conc_B_lo80": null, "conc_B_hi80": null, "conc_B_lo95": null, "conc_B_hi95": null, "conc_B_status": "unavailable", "conc_B_status_ru": "концентрация недоступна", "conc_B_reasons": "вне бассейна профиля: black_sea", "conc_B_model": "conc-B-c6bce5631d2b"}}, {"type": "Feature", "geometry": {"type": "Polygon", "coordinates": [[[29.642029907671613, 60.01128452385802], [29.64202274743323, 60.011194826875325], [29.64184359435515, 60.01119841167606], [29.641829274982438, 60.01101901767965], [29.642008427092225, 60.0110154329047], [29.642001266989602, 60.01092573591677], [29.642359570105143, 60.0109185656643], [29.642366731176054, 60.011008262626426], [29.64254588315009, 60.011004677123125], [29.642560206395974, 60.011184071016345], [29.64238105345365, 60.01118765654546], [29.642388214660333, 60.011277353502365], [29.642029907671613, 60.01128452385802]]]}, "properties": {"zone_id": "neva-2025-06-14-008", "aoi": "neva", "date": "2025-06-14", "scene_id": "S2B_MSIL2A_20250614T093029_R136_T36VUM_20250614T113630", "scene_datetime_utc": "2025-06-14T09:30:29.024000+00:00", "detection_status": "detected", "detection_status_ru": "обнаружено", "lon": 29.64219, "lat": 60.0111, "n_pixels": 4, "zone_area_km2": 0.0012, "cover_m2": 30.6, "p_mean": 0.968, "p_max": 0.98, "cover_m2_km2": 25500.0, "h3": "88110695b9fffff", "valid_frac_scene": 0.999, "wind_ms": 3.8, "sea": "спокойное", "scene_reliable": true, "field_event_id": "S3:HE419_MarLitter_transect28", "field_profile": "B", "field_date": "2014-04-11", "field_distance_km": 1394.7, "field_date_gap_days": 4082, "field_conc_items_km2": 43.1, "conc_A_items_km2": null, "conc_A_lo80": null, "conc_A_hi80": null, "conc_A_lo95": null, "conc_A_hi95": null, "conc_A_status": "unavailable", "conc_A_status_ru": "концентрация недоступна", "conc_A_reasons": "вне бассейна профиля: nw_atlantic_subtropical", "conc_A_model": "conc-A-c6bce5631d2b", "conc_B_items_km2": null, "conc_B_lo80": null, "conc_B_hi80": null, "conc_B_lo95": null, "conc_B_hi95": null, "conc_B_status": "unavailable", "conc_B_status_ru": "концентрация недоступна", "conc_B_reasons": "вне бассейна профиля: black_sea", "conc_B_model": "conc-B-c6bce5631d2b"}}, {"type": "Feature", "geometry": {"type": "Polygon", "coordinates": [[[29.640668483795167, 60.00996415617731], [29.64066132762427, 60.009874459078176], [29.640295880155968, 60.00979192752442], [29.640288725043725, 60.00970223039604], [29.64046787025354, 60.009698647756764], [29.64046071470241, 60.009608950639524], [29.64063985938291, 60.00960536777036], [29.640632703392907, 60.009515670664264], [29.64099814860824, 60.0095982013037], [29.641019619754207, 60.00986729253418], [29.640668483795167, 60.00996415617731]]]}, "properties": {"zone_id": "neva-2025-06-14-009", "aoi": "neva", "date": "2025-06-14", "scene_id": "S2B_MSIL2A_20250614T093029_R136_T36VUM_20250614T113630", "scene_datetime_utc": "2025-06-14T09:30:29.024000+00:00", "detection_status": "detected", "detection_status_ru": "обнаружено", "lon": 29.6407, "lat": 60.00974, "n_pixels": 4, "zone_area_km2": 0.0012, "cover_m2": 42.4, "p_mean": 0.924, "p_max": 0.984, "cover_m2_km2": 35333.3, "h3": "88110695bdfffff", "valid_frac_scene": 0.999, "wind_ms": 3.8, "sea": "спокойное", "scene_reliable": true, "field_event_id": "S3:HE419_MarLitter_transect28", "field_profile": "B", "field_date": "2014-04-11", "field_distance_km": 1394.6, "field_date_gap_days": 4082, "field_conc_items_km2": 43.1, "conc_A_items_km2": null, "conc_A_lo80": null, "conc_A_hi80": null, "conc_A_lo95": null, "conc_A_hi95": null, "conc_A_status": "unavailable", "conc_A_status_ru": "концентрация недоступна", "conc_A_reasons": "вне бассейна профиля: nw_atlantic_subtropical", "conc_A_model": "conc-A-c6bce5631d2b", "conc_B_items_km2": null, "conc_B_lo80": null, "conc_B_hi80": null, "conc_B_lo95": null, "conc_B_hi95": null, "conc_B_status": "unavailable", "conc_B_status_ru": "концентрация недоступна", "conc_B_reasons": "вне бассейна профиля: black_sea", "conc_B_model": "conc-B-c6bce5631d2b"}}, {"type": "Feature", "geometry": {"type": "Polygon", "coordinates": [[[29.63881265525022, 60.00919269934484], [29.638805504327156, 60.00910300210116], [29.638626362099153, 60.00910658246526], [29.638612061356756, 60.008927187946945], [29.6387912026166, 60.00892360760859], [29.6387840518291, 60.008833910359684], [29.63914233324505, 60.00882674898043], [29.639149485000704, 60.0089164462036], [29.639328626124964, 60.00891286513692], [29.639342930740003, 60.0090922595522], [29.639163788647583, 60.009095840644626], [29.63917094053882, 60.00918553786255], [29.63881265525022, 60.00919269934484]]]}, "properties": {"zone_id": "neva-2025-06-14-010", "aoi": "neva", "date": "2025-06-14", "scene_id": "S2B_MSIL2A_20250614T093029_R136_T36VUM_20250614T113630", "scene_datetime_utc": "2025-06-14T09:30:29.024000+00:00", "detection_status": "detected", "detection_status_ru": "обнаружено", "lon": 29.63898, "lat": 60.00901, "n_pixels": 4, "zone_area_km2": 0.0012, "cover_m2": 35.3, "p_mean": 0.967, "p_max": 0.988, "cover_m2_km2": 29416.7, "h3": "88110695bdfffff", "valid_frac_scene": 0.999, "wind_ms": 3.8, "sea": "спокойное", "scene_reliable": true, "field_event_id": "S3:HE419_MarLitter_transect28", "field_profile": "B", "field_date": "2014-04-11", "field_distance_km": 1394.5, "field_date_gap_days": 4082, "field_conc_items_km2": 43.1, "conc_A_items_km2": null, "conc_A_lo80": null, "conc_A_hi80": null, "conc_A_lo95": null, "conc_A_hi95": null, "conc_A_status": "unavailable", "conc_A_status_ru": "концентрация недоступна", "conc_A_reasons": "вне бассейна профиля: nw_atlantic_subtropical", "conc_A_model": "conc-A-c6bce5631d2b", "conc_B_items_km2": null, "conc_B_lo80": null, "conc_B_hi80": null, "conc_B_lo95": null, "conc_B_hi95": null, "conc_B_status": "unavailable", "conc_B_status_ru": "концентрация недоступна", "conc_B_reasons": "вне бассейна профиля: black_sea", "conc_B_model": "conc-B-c6bce5631d2b"}}, {"type": "Feature", "geometry": {"type": "Polygon", "coordinates": [[[29.640231485773544, 60.008984653306186], [29.640224331068232, 60.0088949561621], [29.6398588955346, 60.00881242330874], [29.639851741887863, 60.00872272613541], [29.6402028672236, 60.00862586471939], [29.640210021793266, 60.00871556186871], [29.640389161678147, 60.00871197937122], [29.640396316777096, 60.00880167650589], [29.64057545710083, 60.00879809375273], [29.640582612729077, 60.00888779087279], [29.64040347192126, 60.008891373638825], [29.64041062711064, 60.00898107077001], [29.640231485773544, 60.008984653306186]]]}, "properties": {"zone_id": "neva-2025-06-14-011", "aoi": "neva", "date": "2025-06-14", "scene_id": "S2B_MSIL2A_20250614T093029_R136_T36VUM_20250614T113630", "scene_datetime_utc": "2025-06-14T09:30:29.024000+00:00", "detection_status": "detected", "detection_status_ru": "обнаружено", "lon": 29.64022, "lat": 60.00881, "n_pixels": 2, "zone_area_km2": 0.0008, "cover_m2": 15.3, "p_mean": 0.933, "p_max": 0.98, "cover_m2_km2": 19125.0, "h3": "88110695bdfffff", "valid_frac_scene": 0.999, "wind_ms": 3.8, "sea": "спокойное", "scene_reliable": true, "field_event_id": "S3:HE419_MarLitter_transect28", "field_profile": "B", "field_date": "2014-04-11", "field_distance_km": 1394.5, "field_date_gap_days": 4082, "field_conc_items_km2": 43.1, "conc_A_items_km2": null, "conc_A_lo80": null, "conc_A_hi80": null, "conc_A_lo95": null, "conc_A_hi95": null, "conc_A_status": "unavailable", "conc_A_status_ru": "концентрация недоступна", "conc_A_reasons": "вне бассейна профиля: nw_atlantic_subtropical", "conc_A_model": "conc-A-c6bce5631d2b", "conc_B_items_km2": null, "conc_B_lo80": null, "conc_B_hi80": null, "conc_B_lo95": null, "conc_B_hi95": null, "conc_B_status": "unavailable", "conc_B_status_ru": "концентрация недоступна", "conc_B_reasons": "вне бассейна профиля: black_sea", "conc_B_model": "conc-B-c6bce5631d2b"}}, {"type": "Feature", "geometry": {"type": "MultiPolygon", "coordinates": [[[[29.63992357532597, 60.00737368650743], [29.63991642191847, 60.00728398931909], [29.640267531913707, 60.00718712781497], [29.640260377628586, 60.00709743064891], [29.640081246456432, 60.00710101291442], [29.640074092700523, 60.00701131573372], [29.639715831188642, 60.0070184795107], [29.63972298397652, 60.007108176717175], [29.639543852668766, 60.007111758254425], [29.639558157412086, 60.00729115268788], [29.63992357532597, 60.00737368650743]]], [[[29.639565309851545, 60.007380849902], [29.639572462336197, 60.007470547114366], [29.639393329047167, 60.007474128460395], [29.63940763318401, 60.0076535229057], [29.63958676744111, 60.0076499415339], [29.639593920061355, 60.007739638741036], [29.639952189408024, 60.00773247524339], [29.639945035819707, 60.00764277806203], [29.6401241699412, 60.00763919596195], [29.64011701591405, 60.00754949879172], [29.639937882276588, 60.0075530808789], [29.63993072877868, 60.00746338369404], [29.639565309851545, 60.007380849902]]]]}, "properties": {"zone_id": "neva-2025-06-14-012", "aoi": "neva", "date": "2025-06-14", "scene_id": "S2B_MSIL2A_20250614T093029_R136_T36VUM_20250614T113630", "scene_datetime_utc": "2025-06-14T09:30:29.024000+00:00", "detection_status": "detected", "detection_status_ru": "обнаружено", "lon": 29.6398, "lat": 60.00738, "n_pixels": 6, "zone_area_km2": 0.002, "cover_m2": 46.3, "p_mean": 0.887, "p_max": 0.996, "cover_m2_km2": 23150.0, "h3": "88110695bdfffff", "valid_frac_scene": 0.999, "wind_ms": 3.8, "sea": "спокойное", "scene_reliable": true, "field_event_id": "S3:HE419_MarLitter_transect28", "field_profile": "B", "field_date": "2014-04-11", "field_distance_km": 1394.5, "field_date_gap_days": 4082, "field_conc_items_km2": 43.1, "conc_A_items_km2": null, "conc_A_lo80": null, "conc_A_hi80": null, "conc_A_lo95": null, "conc_A_hi95": null, "conc_A_status": "unavailable", "conc_A_status_ru": "концентрация недоступна", "conc_A_reasons": "вне бассейна профиля: nw_atlantic_subtropical", "conc_A_model": "conc-A-c6bce5631d2b", "conc_B_items_km2": null, "conc_B_lo80": null, "conc_B_hi80": null, "conc_B_lo95": null, "conc_B_hi95": null, "conc_B_status": "unavailable", "conc_B_status_ru": "концентрация недоступна", "conc_B_reasons": "вне бассейна профиля: black_sea", "conc_B_model": "conc-B-c6bce5631d2b"}}, {"type": "Feature", "geometry": {"type": "Polygon", "coordinates": [[[29.635810653779526, 60.00754570440221], [29.6358035114595, 60.00745600691945], [29.63562437770604, 60.007459583154734], [29.635610094169433, 60.00728018815825], [29.63578922695483, 60.007276611948704], [29.6357820847702, 60.00718691446072], [29.636147492390226, 60.007269458801346], [29.636161778831006, 60.00744885372064], [29.635810653779526, 60.00754570440221]]]}, "properties": {"zone_id": "neva-2025-06-14-013", "aoi": "neva", "date": "2025-06-14", "scene_id": "S2B_MSIL2A_20250614T093029_R136_T36VUM_20250614T113630", "scene_datetime_utc": "2025-06-14T09:30:29.024000+00:00", "detection_status": "detected", "detection_status_ru": "обнаружено", "lon": 29.63589, "lat": 60.00736, "n_pixels": 2, "zone_area_km2": 0.0008, "cover_m2": 12.5, "p_mean": 0.824, "p_max": 0.882, "cover_m2_km2": 15625.0, "h3": "88110695bdfffff", "valid_frac_scene": 0.999, "wind_ms": 3.8, "sea": "спокойное", "scene_reliable": true, "field_event_id": "S3:HE419_MarLitter_transect28", "field_profile": "B", "field_date": "2014-04-11", "field_distance_km": 1394.3, "field_date_gap_days": 4082, "field_conc_items_km2": 43.1, "conc_A_items_km2": null, "conc_A_lo80": null, "conc_A_hi80": null, "conc_A_lo95": null, "conc_A_hi95": null, "conc_A_status": "unavailable", "conc_A_status_ru": "концентрация недоступна", "conc_A_reasons": "вне бассейна профиля: nw_atlantic_subtropical", "conc_A_model": "conc-A-c6bce5631d2b", "conc_B_items_km2": null, "conc_B_lo80": null, "conc_B_hi80": null, "conc_B_lo95": null, "conc_B_hi95": null, "conc_B_status": "unavailable", "conc_B_status_ru": "концентрация недоступна", "conc_B_reasons": "вне бассейна профиля: black_sea", "conc_B_model": "conc-B-c6bce5631d2b"}}, {"type": "Feature", "geometry": {"type": "Polygon", "coordinates": [[[29.64261772133206, 60.00740962709032], [29.64261056061903, 60.00731993009712], [29.642431428582793, 60.00732351555707], [29.642424268399026, 60.00723381854922], [29.642603399951252, 60.00723023310215], [29.642596239328725, 60.007140536105474], [29.642775370351682, 60.00713695042856], [29.642768209290388, 60.00704725344302], [29.643133632261847, 60.00712977834649], [29.64314795645624, 60.00730917226071], [29.642968824555755, 60.00731275844894], [29.642975986236824, 60.007402455416326], [29.64261772133206, 60.00740962709032]]]}, "properties": {"zone_id": "neva-2025-06-14-014", "aoi": "neva", "date": "2025-06-14", "scene_id": "S2B_MSIL2A_20250614T093029_R136_T36VUM_20250614T113630", "scene_datetime_utc": "2025-06-14T09:30:29.024000+00:00", "detection_status": "detected", "detection_status_ru": "обнаружено", "lon": 29.64281, "lat": 60.00724, "n_pixels": 3, "zone_area_km2": 0.001, "cover_m2": 21.2, "p_mean": 0.973, "p_max": 0.996, "cover_m2_km2": 21200.0, "h3": "88110695bdfffff", "valid_frac_scene": 0.999, "wind_ms": 3.8, "sea": "спокойное", "scene_reliable": true, "field_event_id": "S3:HE419_MarLitter_transect28", "field_profile": "B", "field_date": "2014-04-11", "field_distance_km": 1394.6, "field_date_gap_days": 4082, "field_conc_items_km2": 43.1, "conc_A_items_km2": null, "conc_A_lo80": null, "conc_A_hi80": null, "conc_A_lo95": null, "conc_A_hi95": null, "conc_A_status": "unavailable", "conc_A_status_ru": "концентрация недоступна", "conc_A_reasons": "вне бассейна профиля: nw_atlantic_subtropical", "conc_A_model": "conc-A-c6bce5631d2b", "conc_B_items_km2": null, "conc_B_lo80": null, "conc_B_hi80": null, "conc_B_lo95": null, "conc_B_hi95": null, "conc_B_status": "unavailable", "conc_B_status_ru": "концентрация недоступна", "conc_B_reasons": "вне бассейна профиля: black_sea", "conc_B_model": "conc-B-c6bce5631d2b"}}, {"type": "Feature", "geometry": {"type": "Polygon", "coordinates": [[[29.641886873470895, 60.00724457343387], [29.64187971478442, 60.00715487638562], [29.641700583535247, 60.00715846084878], [29.64167910919925, 60.00688936965475], [29.641858238996402, 60.006885785230295], [29.641843922030567, 60.00670639111802], [29.641664793201418, 60.0067099755167], [29.64165047738451, 60.00653058137167], [29.64200157425301, 60.00643371533382], [29.64200873306159, 60.00652341238315], [29.64218786083228, 60.00651982752478], [29.642202179553156, 60.006699221592434], [29.64202305081448, 60.0067028064766], [29.642037368748316, 60.00688220056306], [29.642402788119206, 60.00696472751522], [29.642409948167238, 60.0070544245283], [29.642058845988355, 60.007151291679705], [29.64206600515885, 60.007240988715076], [29.641886873470895, 60.00724457343387]]]}, "properties": {"zone_id": "neva-2025-06-14-015", "aoi": "neva", "date": "2025-06-14", "scene_id": "S2B_MSIL2A_20250614T093029_R136_T36VUM_20250614T113630", "scene_datetime_utc": "2025-06-14T09:30:29.024000+00:00", "detection_status": "detected", "detection_status_ru": "обнаружено", "lon": 29.64198, "lat": 60.00688, "n_pixels": 6, "zone_area_km2": 0.002, "cover_m2": 48.6, "p_mean": 0.862, "p_max": 0.976, "cover_m2_km2": 24300.0, "h3": "88110695bdfffff", "valid_frac_scene": 0.999, "wind_ms": 3.8, "sea": "спокойное", "scene_reliable": true, "field_event_id": "S3:HE419_MarLitter_transect28", "field_profile": "B", "field_date": "2014-04-11", "field_distance_km": 1394.6, "field_date_gap_days": 4082, "field_conc_items_km2": 43.1, "conc_A_items_km2": null, "conc_A_lo80": null, "conc_A_hi80": null, "conc_A_lo95": null, "conc_A_hi95": null, "conc_A_status": "unavailable", "conc_A_status_ru": "концентрация недоступна", "conc_A_reasons": "вне бассейна профиля: nw_atlantic_subtropical", "conc_A_model": "conc-A-c6bce5631d2b", "conc_B_items_km2": null, "conc_B_lo80": null, "conc_B_hi80": null, "conc_B_lo95": null, "conc_B_hi95": null, "conc_B_status": "unavailable", "conc_B_status_ru": "концентрация недоступна", "conc_B_reasons": "вне бассейна профиля: black_sea", "conc_B_model": "conc-B-c6bce5631d2b"}}, {"type": "Feature", "geometry": {"type": "MultiPolygon", "coordinates": [[[[29.63897070466706, 60.00667401510223], [29.638963554041162, 60.0065843178355], [29.639142682580463, 60.00658073710381], [29.63913553151576, 60.00649103984826], [29.638956403460455, 60.00649462056707], [29.638949252924927, 60.006404923296856], [29.638770125308433, 60.00640850376004], [29.638762975302086, 60.006318806475214], [29.63841186993991, 60.00641566395816], [29.63842616815218, 60.006595058574106], [29.63860529682702, 60.00659147857067], [29.638612446484913, 60.006681175863136], [29.63897070466706, 60.00667401510223]]], [[[29.63807505887286, 60.006691915183886], [29.63808220712393, 60.00678161251327], [29.63790307734556, 60.00678519181423], [29.63791737301518, 60.00696458649348], [29.638096503761567, 60.00696100716677], [29.638103652148146, 60.007050704490915], [29.63846191447342, 60.007043545083455], [29.638454765118823, 60.00695384778508], [29.63880587601792, 60.00685699015801], [29.63879872578566, 60.006767292881925], [29.63861959618799, 60.00677087315387], [29.638612446484913, 60.006681175863136], [29.63807505887286, 60.006691915183886]]]]}, "properties": {"zone_id": "neva-2025-06-14-016", "aoi": "neva", "date": "2025-06-14", "scene_id": "S2B_MSIL2A_20250614T093029_R136_T36VUM_20250614T113630", "scene_datetime_utc": "2025-06-14T09:30:29.024000+00:00", "detection_status": "detected", "detection_status_ru": "обнаружено", "lon": 29.63848, "lat": 60.00673, "n_pixels": 8, "zone_area_km2": 0.0024, "cover_m2": 71.4, "p_mean": 0.886, "p_max": 0.992, "cover_m2_km2": 29750.0, "h3": "88110695bdfffff", "valid_frac_scene": 0.999, "wind_ms": 3.8, "sea": "спокойное", "scene_reliable": true, "field_event_id": "S3:HE419_MarLitter_transect28", "field_profile": "B", "field_date": "2014-04-11", "field_distance_km": 1394.4, "field_date_gap_days": 4082, "field_conc_items_km2": 43.1, "conc_A_items_km2": null, "conc_A_lo80": null, "conc_A_hi80": null, "conc_A_lo95": null, "conc_A_hi95": null, "conc_A_status": "unavailable", "conc_A_status_ru": "концентрация недоступна", "conc_A_reasons": "вне бассейна профиля: nw_atlantic_subtropical", "conc_A_model": "conc-A-c6bce5631d2b", "conc_B_items_km2": null, "conc_B_lo80": null, "conc_B_hi80": null, "conc_B_lo95": null, "conc_B_hi95": null, "conc_B_status": "unavailable", "conc_B_status_ru": "концентрация недоступна", "conc_B_reasons": "вне бассейна профиля: black_sea", "conc_B_model": "conc-B-c6bce5631d2b"}}, {"type": "Feature", "geometry": {"type": "Polygon", "coordinates": [[[29.646336469215772, 60.006796095725534], [29.646329298610315, 60.00670639899295], [29.646150170428953, 60.00670998947315], [29.646135830321946, 60.00653059597692], [29.646314957535335, 60.006527005522514], [29.64630778706581, 60.006437308784704], [29.646673211826176, 60.006519823885476], [29.646687554837108, 60.00669921730423], [29.646336469215772, 60.006796095725534]]]}, "properties": {"zone_id": "neva-2025-06-14-017", "aoi": "neva", "date": "2025-06-14", "scene_id": "S2B_MSIL2A_20250614T093029_R136_T36VUM_20250614T113630", "scene_datetime_utc": "2025-06-14T09:30:29.024000+00:00", "detection_status": "detected", "detection_status_ru": "обнаружено", "lon": 29.64641, "lat": 60.00661, "n_pixels": 2, "zone_area_km2": 0.0008, "cover_m2": 17.6, "p_mean": 0.99, "p_max": 0.996, "cover_m2_km2": 22000.0, "h3": "88110695bdfffff", "valid_frac_scene": 0.999, "wind_ms": 3.8, "sea": "спокойное", "scene_reliable": true, "field_event_id": "S3:HE419_MarLitter_transect28", "field_profile": "B", "field_date": "2014-04-11", "field_distance_km": 1394.8, "field_date_gap_days": 4082, "field_conc_items_km2": 43.1, "conc_A_items_km2": null, "conc_A_lo80": null, "conc_A_hi80": null, "conc_A_lo95": null, "conc_A_hi95": null, "conc_A_status": "unavailable", "conc_A_status_ru": "концентрация недоступна", "conc_A_reasons": "вне бассейна профиля: nw_atlantic_subtropical", "conc_A_model": "conc-A-c6bce5631d2b", "conc_B_items_km2": null, "conc_B_lo80": null, "conc_B_hi80": null, "conc_B_lo95": null, "conc_B_hi95": null, "conc_B_status": "unavailable", "conc_B_status_ru": "концентрация недоступна", "conc_B_reasons": "вне бассейна профиля: black_sea", "conc_B_model": "conc-B-c6bce5631d2b"}}, {"type": "Feature", "geometry": {"type": "Polygon", "coordinates": [[[29.639694373096187, 60.006749387880845], [29.6396872204891, 60.006659690667426], [29.639508091601382, 60.00666327214025], [29.639493787490792, 60.00648387768238], [29.63967291541052, 60.00648029623533], [29.63966576293903, 60.00639059901664], [29.64002401767491, 60.00638343542008], [29.64003117111439, 60.00647313261298], [29.64021029889852, 60.006469550437686], [29.640224606881077, 60.00664894479247], [29.64004547812895, 60.006652526993534], [29.64005263170404, 60.006742224181195], [29.639694373096187, 60.006749387880845]]]}, "properties": {"zone_id": "neva-2025-06-14-018", "aoi": "neva", "date": "2025-06-14", "scene_id": "S2B_MSIL2A_20250614T093029_R136_T36VUM_20250614T113630", "scene_datetime_utc": "2025-06-14T09:30:29.024000+00:00", "detection_status": "detected", "detection_status_ru": "обнаружено", "lon": 29.63986, "lat": 60.00657, "n_pixels": 4, "zone_area_km2": 0.0012, "cover_m2": 32.5, "p_mean": 0.874, "p_max": 0.996, "cover_m2_km2": 27083.3, "h3": "88110695bdfffff", "valid_frac_scene": 0.999, "wind_ms": 3.8, "sea": "спокойное", "scene_reliable": true, "field_event_id": "S3:HE419_MarLitter_transect28", "field_profile": "B", "field_date": "2014-04-11", "field_distance_km": 1394.5, "field_date_gap_days": 4082, "field_conc_items_km2": 43.1, "conc_A_items_km2": null, "conc_A_lo80": null, "conc_A_hi80": null, "conc_A_lo95": null, "conc_A_hi95": null, "conc_A_status": "unavailable", "conc_A_status_ru": "концентрация недоступна", "conc_A_reasons": "вне бассейна профиля: nw_atlantic_subtropical", "conc_A_model": "conc-A-c6bce5631d2b", "conc_B_items_km2": null, "conc_B_lo80": null, "conc_B_hi80": null, "conc_B_lo95": null, "conc_B_hi95": null, "conc_B_status": "unavailable", "conc_B_status_ru": "концентрация недоступна", "conc_B_reasons": "вне бассейна профиля: black_sea", "conc_B_model": "conc-B-c6bce5631d2b"}}, {"type": "Feature", "geometry": {"type": "Polygon", "coordinates": [[[29.635552961828164, 60.00656260810262], [29.635545820488574, 60.006472910587796], [29.63536669201417, 60.00647648643881], [29.63535955120371, 60.00638678890942], [29.635538679194124, 60.006383213071295], [29.635531537944786, 60.006293515553], [29.63571066540608, 60.006289939484994], [29.635703523717876, 60.00620024197783], [29.63606892019327, 60.006282786620716], [29.636083205641036, 60.006462181578314], [29.635904077302015, 60.006465758157546], [29.6359112196096, 60.00655545564662], [29.635552961828164, 60.00656260810262]]]}, "properties": {"zone_id": "neva-2025-06-14-019", "aoi": "neva", "date": "2025-06-14", "scene_id": "S2B_MSIL2A_20250614T093029_R136_T36VUM_20250614T113630", "scene_datetime_utc": "2025-06-14T09:30:29.024000+00:00", "detection_status": "detected", "detection_status_ru": "обнаружено", "lon": 29.63575, "lat": 60.00639, "n_pixels": 3, "zone_area_km2": 0.001, "cover_m2": 25.1, "p_mean": 0.922, "p_max": 0.973, "cover_m2_km2": 25100.0, "h3": "88110695bdfffff", "valid_frac_scene": 0.999, "wind_ms": 3.8, "sea": "спокойное", "scene_reliable": true, "field_event_id": "S3:HE419_MarLitter_transect28", "field_profile": "B", "field_date": "2014-04-11", "field_distance_km": 1394.2, "field_date_gap_days": 4082, "field_conc_items_km2": 43.1, "conc_A_items_km2": null, "conc_A_lo80": null, "conc_A_hi80": null, "conc_A_lo95": null, "conc_A_hi95": null, "conc_A_status": "unavailable", "conc_A_status_ru": "концентрация недоступна", "conc_A_reasons": "вне бассейна профиля: nw_atlantic_subtropical", "conc_A_model": "conc-A-c6bce5631d2b", "conc_B_items_km2": null, "conc_B_lo80": null, "conc_B_hi80": null, "conc_B_lo95": null, "conc_B_hi95": null, "conc_B_status": "unavailable", "conc_B_status_ru": "концентрация недоступна", "conc_B_reasons": "вне бассейна профиля: black_sea", "conc_B_model": "conc-B-c6bce5631d2b"}}, {"type": "Feature", "geometry": {"type": "Polygon", "coordinates": [[[29.63787448654832, 60.00642640243478], [29.637867338961925, 60.00633670508559], [29.637688211558388, 60.00634028407941], [29.637673917489067, 60.00616088935001], [29.63785304392463, 60.00615731038191], [29.637845896473728, 60.00606761302749], [29.638204148241396, 60.00606045438884], [29.63821129666026, 60.00615015171752], [29.638390422960324, 60.0061465720212], [29.63840472090154, 60.00632596664761], [29.638225593633507, 60.00632954636967], [29.63823274218788, 60.00641924369312], [29.63787448654832, 60.00642640243478]]]}, "properties": {"zone_id": "neva-2025-06-14-020", "aoi": "neva", "date": "2025-06-14", "scene_id": "S2B_MSIL2A_20250614T093029_R136_T36VUM_20250614T113630", "scene_datetime_utc": "2025-06-14T09:30:29.024000+00:00", "detection_status": "detected", "detection_status_ru": "обнаружено", "lon": 29.63804, "lat": 60.00624, "n_pixels": 4, "zone_area_km2": 0.0012, "cover_m2": 34.1, "p_mean": 0.844, "p_max": 0.984, "cover_m2_km2": 28416.7, "h3": "88110695bdfffff", "valid_frac_scene": 0.999, "wind_ms": 3.8, "sea": "спокойное", "scene_reliable": true, "field_event_id": "S3:HE419_MarLitter_transect28", "field_profile": "B", "field_date": "2014-04-11", "field_distance_km": 1394.3, "field_date_gap_days": 4082, "field_conc_items_km2": 43.1, "conc_A_items_km2": null, "conc_A_lo80": null, "conc_A_hi80": null, "conc_A_lo95": null, "conc_A_hi95": null, "conc_A_status": "unavailable", "conc_A_status_ru": "концентрация недоступна", "conc_A_reasons": "вне бассейна профиля: nw_atlantic_subtropical", "conc_A_model": "conc-A-c6bce5631d2b", "conc_B_items_km2": null, "conc_B_lo80": null, "conc_B_hi80": null, "conc_B_lo95": null, "conc_B_hi95": null, "conc_B_status": "unavailable", "conc_B_status_ru": "концентрация недоступна", "conc_B_reasons": "вне бассейна профиля: black_sea", "conc_B_model": "conc-B-c6bce5631d2b"}}, {"type": "Feature", "geometry": {"type": "Polygon", "coordinates": [[[29.636233761283965, 60.0060998148856], [29.63622661823407, 60.006010117413595], [29.63604749236013, 60.00601369417123], [29.636033207363706, 60.0058342991962], [29.636212332269682, 60.00583072246429], [29.636205189355188, 60.005741024987024], [29.63656343806379, 60.0057338708207], [29.636570581946224, 60.00582356827222], [29.63674970671679, 60.005819990812086], [29.636763995585046, 60.00599938568418], [29.636584869846526, 60.00600296317005], [29.636592013864394, 60.006092660616346], [29.636233761283965, 60.0060998148856]]]}, "properties": {"zone_id": "neva-2025-06-14-021", "aoi": "neva", "date": "2025-06-14", "scene_id": "S2B_MSIL2A_20250614T093029_R136_T36VUM_20250614T113630", "scene_datetime_utc": "2025-06-14T09:30:29.024000+00:00", "detection_status": "detected", "detection_status_ru": "обнаружено", "lon": 29.6364, "lat": 60.00592, "n_pixels": 4, "zone_area_km2": 0.0012, "cover_m2": 31.0, "p_mean": 0.903, "p_max": 0.961, "cover_m2_km2": 25833.3, "h3": "88110695bdfffff", "valid_frac_scene": 0.999, "wind_ms": 3.8, "sea": "спокойное", "scene_reliable": true, "field_event_id": "S3:HE419_MarLitter_transect28", "field_profile": "B", "field_date": "2014-04-11", "field_distance_km": 1394.3, "field_date_gap_days": 4082, "field_conc_items_km2": 43.1, "conc_A_items_km2": null, "conc_A_lo80": null, "conc_A_hi80": null, "conc_A_lo95": null, "conc_A_hi95": null, "conc_A_status": "unavailable", "conc_A_status_ru": "концентрация недоступна", "conc_A_reasons": "вне бассейна профиля: nw_atlantic_subtropical", "conc_A_model": "conc-A-c6bce5631d2b", "conc_B_items_km2": null, "conc_B_lo80": null, "conc_B_hi80": null, "conc_B_lo95": null, "conc_B_hi95": null, "conc_B_status": "unavailable", "conc_B_status_ru": "концентрация недоступна", "conc_B_reasons": "вне бассейна профиля: black_sea", "conc_B_model": "conc-B-c6bce5631d2b"}}, {"type": "Feature", "geometry": {"type": "Polygon", "coordinates": [[[29.638383274057475, 60.00605687470541], [29.638376125199798, 60.00596717738786], [29.6381969998677, 60.005970757058414], [29.638189851539178, 60.00588105972624], [29.638368976387298, 60.00587748006855], [29.638361827619967, 60.00578778274751], [29.638720076212746, 60.00578062272968], [29.638727225948024, 60.00587032002498], [29.63890635066062, 60.00586673963908], [29.638913500925042, 60.005956436919725], [29.638734375728475, 60.0059600173185], [29.63874152555411, 60.00604971461031], [29.638383274057475, 60.00605687470541]]]}, "properties": {"zone_id": "neva-2025-06-14-022", "aoi": "neva", "date": "2025-06-14", "scene_id": "S2B_MSIL2A_20250614T093029_R136_T36VUM_20250614T113630", "scene_datetime_utc": "2025-06-14T09:30:29.024000+00:00", "detection_status": "detected", "detection_status_ru": "обнаружено", "lon": 29.63855, "lat": 60.00592, "n_pixels": 2, "zone_area_km2": 0.0008, "cover_m2": 13.3, "p_mean": 0.971, "p_max": 0.988, "cover_m2_km2": 16625.0, "h3": "88110695bdfffff", "valid_frac_scene": 0.999, "wind_ms": 3.8, "sea": "спокойное", "scene_reliable": true, "field_event_id": "S3:HE419_MarLitter_transect28", "field_profile": "B", "field_date": "2014-04-11", "field_distance_km": 1394.4, "field_date_gap_days": 4082, "field_conc_items_km2": 43.1, "conc_A_items_km2": null, "conc_A_lo80": null, "conc_A_hi80": null, "conc_A_lo95": null, "conc_A_hi95": null, "conc_A_status": "unavailable", "conc_A_status_ru": "концентрация недоступна", "conc_A_reasons": "вне бассейна профиля: nw_atlantic_subtropical", "conc_A_model": "conc-A-c6bce5631d2b", "conc_B_items_km2": null, "conc_B_lo80": null, "conc_B_hi80": null, "conc_B_lo95": null, "conc_B_hi95": null, "conc_B_status": "unavailable", "conc_B_status_ru": "концентрация недоступна", "conc_B_reasons": "вне бассейна профиля: black_sea", "conc_B_model": "conc-B-c6bce5631d2b"}}, {"type": "Feature", "geometry": {"type": "Polygon", "coordinates": [[[29.646099980847296, 60.00608211220572], [29.646092811088288, 60.005992415446265], [29.645913686733444, 60.005996005580414], [29.645899348319254, 60.0058166120304], [29.646078471706172, 60.00581302192208], [29.646071302083072, 60.00572332515737], [29.64642954775307, 60.00571614423835], [29.646436718344088, 60.0058058409772], [29.64661584159508, 60.00580225014066], [29.646630183880966, 60.00598164358733], [29.64645105966205, 60.00598523444971], [29.646458230388998, 60.006074931183356], [29.646099980847296, 60.00608211220572]]]}, "properties": {"zone_id": "neva-2025-06-14-023", "aoi": "neva", "date": "2025-06-14", "scene_id": "S2B_MSIL2A_20250614T093029_R136_T36VUM_20250614T113630", "scene_datetime_utc": "2025-06-14T09:30:29.024000+00:00", "detection_status": "detected", "detection_status_ru": "обнаружено", "lon": 29.64626, "lat": 60.0059, "n_pixels": 4, "zone_area_km2": 0.0012, "cover_m2": 33.3, "p_mean": 0.982, "p_max": 1.0, "cover_m2_km2": 27750.0, "h3": "88110695bdfffff", "valid_frac_scene": 0.999, "wind_ms": 3.8, "sea": "спокойное", "scene_reliable": true, "field_event_id": "S3:HE419_MarLitter_transect28", "field_profile": "B", "field_date": "2014-04-11", "field_distance_km": 1394.8, "field_date_gap_days": 4082, "field_conc_items_km2": 43.1, "conc_A_items_km2": null, "conc_A_lo80": null, "conc_A_hi80": null, "conc_A_lo95": null, "conc_A_hi95": null, "conc_A_status": "unavailable", "conc_A_status_ru": "концентрация недоступна", "conc_A_reasons": "вне бассейна профиля: nw_atlantic_subtropical", "conc_A_model": "conc-A-c6bce5631d2b", "conc_B_items_km2": null, "conc_B_lo80": null, "conc_B_hi80": null, "conc_B_lo95": null, "conc_B_hi95": null, "conc_B_status": "unavailable", "conc_B_status_ru": "концентрация недоступна", "conc_B_reasons": "вне бассейна профиля: black_sea", "conc_B_model": "conc-B-c6bce5631d2b"}}, {"type": "Feature", "geometry": {"type": "Polygon", "coordinates": [[[29.641385464183603, 60.00545780033041], [29.64137830736969, 60.00536810322148], [29.640840942254105, 60.00537885365264], [29.64083378693726, 60.00528915650326], [29.64065466562559, 60.00529273948197], [29.64064751083791, 60.00520304231792], [29.640826631665632, 60.00519945935211], [29.640819476439212, 60.00510976219929], [29.64117056084204, 60.005012898436426], [29.641177716991123, 60.005102595565255], [29.64153595736217, 60.0050954279603], [29.641543114524364, 60.00518512506159], [29.641722235125993, 60.00518154088211], [29.64172939281737, 60.00527123796877], [29.641908513857718, 60.00526765353368], [29.641915672078266, 60.005357350605706], [29.641736550553965, 60.00536093505368], [29.64174370833579, 60.00545063213684], [29.641385464183603, 60.00545780033041]]]}, "properties": {"zone_id": "neva-2025-06-14-024", "aoi": "neva", "date": "2025-06-14", "scene_id": "S2B_MSIL2A_20250614T093029_R136_T36VUM_20250614T113630", "scene_datetime_utc": "2025-06-14T09:30:29.024000+00:00", "detection_status": "detected", "detection_status_ru": "обнаружено", "lon": 29.64128, "lat": 60.00525, "n_pixels": 6, "zone_area_km2": 0.0019, "cover_m2": 56.1, "p_mean": 0.905, "p_max": 0.98, "cover_m2_km2": 29526.3, "h3": "88110695bdfffff", "valid_frac_scene": 0.999, "wind_ms": 3.8, "sea": "спокойное", "scene_reliable": true, "field_event_id": "S3:HE419_MarLitter_transect28", "field_profile": "B", "field_date": "2014-04-11", "field_distance_km": 1394.5, "field_date_gap_days": 4082, "field_conc_items_km2": 43.1, "conc_A_items_km2": null, "conc_A_lo80": null, "conc_A_hi80": null, "conc_A_lo95": null, "conc_A_hi95": null, "conc_A_status": "unavailable", "conc_A_status_ru": "концентрация недоступна", "conc_A_reasons": "вне бассейна профиля: nw_atlantic_subtropical", "conc_A_model": "conc-A-c6bce5631d2b", "conc_B_items_km2": null, "conc_B_lo80": null, "conc_B_hi80": null, "conc_B_lo95": null, "conc_B_hi95": null, "conc_B_status": "unavailable", "conc_B_status_ru": "концентрация недоступна", "conc_B_reasons": "вне бассейна профиля: black_sea", "conc_B_model": "conc-B-c6bce5631d2b"}}, {"type": "Feature", "geometry": {"type": "Polygon", "coordinates": [[[29.648342490013846, 60.004959058991425], [29.64833531450739, 60.00486936237896], [29.64815619654906, 60.004872955513584], [29.64814184664001, 60.00469356225761], [29.648320963630493, 60.00468996914884], [29.648313788260054, 60.00460027253115], [29.64867919747544, 60.00468278220311], [29.648693550288016, 60.00486217538155], [29.648342490013846, 60.004959058991425]]]}, "properties": {"zone_id": "neva-2025-06-14-025", "aoi": "neva", "date": "2025-06-14", "scene_id": "S2B_MSIL2A_20250614T093029_R136_T36VUM_20250614T113630", "scene_datetime_utc": "2025-06-14T09:30:29.024000+00:00", "detection_status": "detected", "detection_status_ru": "обнаружено", "lon": 29.64842, "lat": 60.00478, "n_pixels": 2, "zone_area_km2": 0.0008, "cover_m2": 13.7, "p_mean": 0.937, "p_max": 0.961, "cover_m2_km2": 17125.0, "h3": "88110695b5fffff", "valid_frac_scene": 0.999, "wind_ms": 3.8, "sea": "спокойное", "scene_reliable": true, "field_event_id": "S3:HE419_MarLitter_transect28", "field_profile": "B", "field_date": "2014-04-11", "field_distance_km": 1394.9, "field_date_gap_days": 4082, "field_conc_items_km2": 43.1, "conc_A_items_km2": null, "conc_A_lo80": null, "conc_A_hi80": null, "conc_A_lo95": null, "conc_A_hi95": null, "conc_A_status": "unavailable", "conc_A_status_ru": "концентрация недоступна", "conc_A_reasons": "вне бассейна профиля: nw_atlantic_subtropical", "conc_A_model": "conc-A-c6bce5631d2b", "conc_B_items_km2": null, "conc_B_lo80": null, "conc_B_hi80": null, "conc_B_lo95": null, "conc_B_hi95": null, "conc_B_status": "unavailable", "conc_B_status_ru": "концентрация недоступна", "conc_B_reasons": "вне бассейна профиля: black_sea", "conc_B_model": "conc-B-c6bce5631d2b"}}, {"type": "Feature", "geometry": {"type": "Polygon", "coordinates": [[[29.658029221898094, 60.00494406039878], [29.658022020169206, 60.00485436448911], [29.657842903695762, 60.00485797075672], [29.65783570249629, 60.004768274832344], [29.658014818485828, 60.004764668577735], [29.658007616847954, 60.00467497266459], [29.65818673230808, 60.00467136618024], [29.65817953023181, 60.00458167027833], [29.658544963091824, 60.004664152483365], [29.658559369316507, 60.00484354423001], [29.658380252979583, 60.00484715122578], [29.65838745567629, 60.00493684710948], [29.658029221898094, 60.00494406039878]]]}, "properties": {"zone_id": "neva-2025-06-14-026", "aoi": "neva", "date": "2025-06-14", "scene_id": "S2B_MSIL2A_20250614T093029_R136_T36VUM_20250614T113630", "scene_datetime_utc": "2025-06-14T09:30:29.024000+00:00", "detection_status": "detected", "detection_status_ru": "обнаружено", "lon": 29.65822, "lat": 60.00478, "n_pixels": 3, "zone_area_km2": 0.001, "cover_m2": 31.0, "p_mean": 0.993, "p_max": 0.996, "cover_m2_km2": 31000.0, "h3": "88110695b5fffff", "valid_frac_scene": 0.999, "wind_ms": 3.8, "sea": "спокойное", "scene_reliable": true, "field_event_id": "S3:HE419_MarLitter_transect28", "field_profile": "B", "field_date": "2014-04-11", "field_distance_km": 1395.4, "field_date_gap_days": 4082, "field_conc_items_km2": 43.1, "conc_A_items_km2": null, "conc_A_lo80": null, "conc_A_hi80": null, "conc_A_lo95": null, "conc_A_hi95": null, "conc_A_status": "unavailable", "conc_A_status_ru": "концентрация недоступна", "conc_A_reasons": "вне бассейна профиля: nw_atlantic_subtropical", "conc_A_model": "conc-A-c6bce5631d2b", "conc_B_items_km2": null, "conc_B_lo80": null, "conc_B_hi80": null, "conc_B_lo95": null, "conc_B_hi95": null, "conc_B_status": "unavailable", "conc_B_status_ru": "концентрация недоступна", "conc_B_reasons": "вне бассейна профиля: black_sea", "conc_B_model": "conc-B-c6bce5631d2b"}}, {"type": "Feature", "geometry": {"type": "Polygon", "coordinates": [[[29.635782664977963, 60.00494090057706], [29.635775523482693, 60.00485120305665], [29.63541014360997, 60.00476865747587], [29.63540300317283, 60.00467895992625], [29.63558212192274, 60.004675384089786], [29.635574981046787, 60.00458568655129], [29.635754099267643, 60.004582110484975], [29.635746957952872, 60.004492412957596], [29.63611233557398, 60.004574957624165], [29.636133762692666, 60.004844050118635], [29.635782664977963, 60.00494090057706]]]}, "properties": {"zone_id": "neva-2025-06-14-027", "aoi": "neva", "date": "2025-06-14", "scene_id": "S2B_MSIL2A_20250614T093029_R136_T36VUM_20250614T113630", "scene_datetime_utc": "2025-06-14T09:30:29.024000+00:00", "detection_status": "detected", "detection_status_ru": "обнаружено", "lon": 29.63581, "lat": 60.00472, "n_pixels": 4, "zone_area_km2": 0.0012, "cover_m2": 42.0, "p_mean": 0.915, "p_max": 0.988, "cover_m2_km2": 35000.0, "h3": "88110695bdfffff", "valid_frac_scene": 0.999, "wind_ms": 3.8, "sea": "спокойное", "scene_reliable": true, "field_event_id": "S3:HE419_MarLitter_transect28", "field_profile": "B", "field_date": "2014-04-11", "field_distance_km": 1394.2, "field_date_gap_days": 4082, "field_conc_items_km2": 43.1, "conc_A_items_km2": null, "conc_A_lo80": null, "conc_A_hi80": null, "conc_A_lo95": null, "conc_A_hi95": null, "conc_A_status": "unavailable", "conc_A_status_ru": "концентрация недоступна", "conc_A_reasons": "вне бассейна профиля: nw_atlantic_subtropical", "conc_A_model": "conc-A-c6bce5631d2b", "conc_B_items_km2": null, "conc_B_lo80": null, "conc_B_hi80": null, "conc_B_lo95": null, "conc_B_hi95": null, "conc_B_status": "unavailable", "conc_B_status_ru": "концентрация недоступна", "conc_B_reasons": "вне бассейна профиля: black_sea", "conc_B_model": "conc-B-c6bce5631d2b"}}, {"type": "Feature", "geometry": {"type": "Polygon", "coordinates": [[[29.63702221509001, 60.0047364660937], [29.637015070297426, 60.00464676865989], [29.636835951908573, 60.00465034643816], [29.636828807645067, 60.00456064898977], [29.63700792554999, 60.00455707122433], [29.637000780847703, 60.00446737378706], [29.637179898223557, 60.004463795791764], [29.637172753082478, 60.00437409836559], [29.637538132839808, 60.00445663907302], [29.637552425193118, 60.00463603386863], [29.637373306939704, 60.00463961237511], [29.637380452700157, 60.00472930978318], [29.63702221509001, 60.0047364660937]]]}, "properties": {"zone_id": "neva-2025-06-14-028", "aoi": "neva", "date": "2025-06-14", "scene_id": "S2B_MSIL2A_20250614T093029_R136_T36VUM_20250614T113630", "scene_datetime_utc": "2025-06-14T09:30:29.024000+00:00", "detection_status": "detected", "detection_status_ru": "обнаружено", "lon": 29.63722, "lat": 60.00457, "n_pixels": 3, "zone_area_km2": 0.001, "cover_m2": 23.1, "p_mean": 0.953, "p_max": 0.996, "cover_m2_km2": 23100.0, "h3": "88110695bdfffff", "valid_frac_scene": 0.999, "wind_ms": 3.8, "sea": "спокойное", "scene_reliable": true, "field_event_id": "S3:HE419_MarLitter_transect28", "field_profile": "B", "field_date": "2014-04-11", "field_distance_km": 1394.3, "field_date_gap_days": 4082, "field_conc_items_km2": 43.1, "conc_A_items_km2": null, "conc_A_lo80": null, "conc_A_hi80": null, "conc_A_lo95": null, "conc_A_hi95": null, "conc_A_status": "unavailable", "conc_A_status_ru": "концентрация недоступна", "conc_A_reasons": "вне бассейна профиля: nw_atlantic_subtropical", "conc_A_model": "conc-A-c6bce5631d2b", "conc_B_items_km2": null, "conc_B_lo80": null, "conc_B_hi80": null, "conc_B_lo95": null, "conc_B_hi95": null, "conc_B_status": "unavailable", "conc_B_status_ru": "концентрация недоступна", "conc_B_reasons": "вне бассейна профиля: black_sea", "conc_B_model": "conc-B-c6bce5631d2b"}}, {"type": "Feature", "geometry": {"type": "Polygon", "coordinates": [[[29.647525590106977, 60.00371767666827], [29.647518417170776, 60.0036279799797], [29.64733930580579, 60.003631571962494], [29.647324961037114, 60.003452178554234], [29.647504071434334, 60.00344858659727], [29.647496898634095, 60.00335888990343], [29.64786229209281, 60.00344140195521], [29.647876639764775, 60.00362079528594], [29.647525590106977, 60.00371767666827]]]}, "properties": {"zone_id": "neva-2025-06-14-029", "aoi": "neva", "date": "2025-06-14", "scene_id": "S2B_MSIL2A_20250614T093029_R136_T36VUM_20250614T113630", "scene_datetime_utc": "2025-06-14T09:30:29.024000+00:00", "detection_status": "detected", "detection_status_ru": "обнаружено", "lon": 29.6476, "lat": 60.00354, "n_pixels": 2, "zone_area_km2": 0.0008, "cover_m2": 17.3, "p_mean": 0.978, "p_max": 0.996, "cover_m2_km2": 21625.0, "h3": "88110695b5fffff", "valid_frac_scene": 0.999, "wind_ms": 3.8, "sea": "спокойное", "scene_reliable": true, "field_event_id": "S3:HE419_MarLitter_transect28", "field_profile": "B", "field_date": "2014-04-11", "field_distance_km": 1394.8, "field_date_gap_days": 4082, "field_conc_items_km2": 43.1, "conc_A_items_km2": null, "conc_A_lo80": null, "conc_A_hi80": null, "conc_A_lo95": null, "conc_A_hi95": null, "conc_A_status": "unavailable", "conc_A_status_ru": "концентрация недоступна", "conc_A_reasons": "вне бассейна профиля: nw_atlantic_subtropical", "conc_A_model": "conc-A-c6bce5631d2b", "conc_B_items_km2": null, "conc_B_lo80": null, "conc_B_hi80": null, "conc_B_lo95": null, "conc_B_hi95": null, "conc_B_status": "unavailable", "conc_B_status_ru": "концентрация недоступна", "conc_B_reasons": "вне бассейна профиля: black_sea", "conc_B_model": "conc-B-c6bce5631d2b"}}, {"type": "Feature", "geometry": {"type": "Polygon", "coordinates": [[[29.657147170060032, 60.00289547650688], [29.657139971313022, 60.00280578050512], [29.656960865786726, 60.00280938550354], [29.656946469396818, 60.002629993468794], [29.65712557395544, 60.00262638849633], [29.657118375344876, 60.00253669248928], [29.657483782936232, 60.00261917782327], [29.65749818222916, 60.00279856978017], [29.657147170060032, 60.00289547650688]]]}, "properties": {"zone_id": "neva-2025-06-14-030", "aoi": "neva", "date": "2025-06-14", "scene_id": "S2B_MSIL2A_20250614T093029_R136_T36VUM_20250614T113630", "scene_datetime_utc": "2025-06-14T09:30:29.024000+00:00", "detection_status": "detected", "detection_status_ru": "обнаружено", "lon": 29.65722, "lat": 60.00271, "n_pixels": 2, "zone_area_km2": 0.0008, "cover_m2": 22.7, "p_mean": 0.971, "p_max": 0.988, "cover_m2_km2": 28375.0, "h3": "88110695b5fffff", "valid_frac_scene": 0.999, "wind_ms": 3.8, "sea": "спокойное", "scene_reliable": true, "field_event_id": "S3:HE419_MarLitter_transect28", "field_profile": "B", "field_date": "2014-04-11", "field_distance_km": 1395.3, "field_date_gap_days": 4082, "field_conc_items_km2": 43.1, "conc_A_items_km2": null, "conc_A_lo80": null, "conc_A_hi80": null, "conc_A_lo95": null, "conc_A_hi95": null, "conc_A_status": "unavailable", "conc_A_status_ru": "концентрация недоступна", "conc_A_reasons": "вне бассейна профиля: nw_atlantic_subtropical", "conc_A_model": "conc-A-c6bce5631d2b", "conc_B_items_km2": null, "conc_B_lo80": null, "conc_B_hi80": null, "conc_B_lo95": null, "conc_B_hi95": null, "conc_B_status": "unavailable", "conc_B_status_ru": "концентрация недоступна", "conc_B_reasons": "вне бассейна профиля: black_sea", "conc_B_model": "conc-B-c6bce5631d2b"}}, {"type": "Feature", "geometry": {"type": "Polygon", "coordinates": [[[29.65898046363618, 60.001151583741695], [29.658973260431683, 60.001061887849374], [29.658794164598206, 60.001065495270936], [29.658779759293285, 60.00088610345506], [29.65895885415921, 60.00088249605945], [29.658951651091233, 60.00079280016187], [29.65931704375453, 60.0008752805402], [29.659324247835556, 60.00096497641009], [29.65950334304872, 60.00096136827345], [29.65951054765904, 60.00105106412859], [29.6593314519621, 60.001054672278194], [29.65933865613416, 60.00114436814457], [29.65898046363618, 60.001151583741695]]]}, "properties": {"zone_id": "neva-2025-06-14-031", "aoi": "neva", "date": "2025-06-14", "scene_id": "S2B_MSIL2A_20250614T093029_R136_T36VUM_20250614T113630", "scene_datetime_utc": "2025-06-14T09:30:29.024000+00:00", "detection_status": "detected", "detection_status_ru": "обнаружено", "lon": 29.65912, "lat": 60.00098, "n_pixels": 3, "zone_area_km2": 0.001, "cover_m2": 41.6, "p_mean": 0.995, "p_max": 1.0, "cover_m2_km2": 41600.0, "h3": "88110695b5fffff", "valid_frac_scene": 0.999, "wind_ms": 3.8, "sea": "спокойное", "scene_reliable": true, "field_event_id": "S3:HE419_MarLitter_transect28", "field_profile": "B", "field_date": "2014-04-11", "field_distance_km": 1395.3, "field_date_gap_days": 4082, "field_conc_items_km2": 43.1, "conc_A_items_km2": null, "conc_A_lo80": null, "conc_A_hi80": null, "conc_A_lo95": null, "conc_A_hi95": null, "conc_A_status": "unavailable", "conc_A_status_ru": "концентрация недоступна", "conc_A_reasons": "вне бассейна профиля: nw_atlantic_subtropical", "conc_A_model": "conc-A-c6bce5631d2b", "conc_B_items_km2": null, "conc_B_lo80": null, "conc_B_hi80": null, "conc_B_lo95": null, "conc_B_hi95": null, "conc_B_status": "unavailable", "conc_B_status_ru": "концентрация недоступна", "conc_B_reasons": "вне бассейна профиля: black_sea", "conc_B_model": "conc-B-c6bce5631d2b"}}, {"type": "Feature", "geometry": {"type": "Polygon", "coordinates": [[[29.65700320376113, 60.00110155613889], [29.656996005923705, 60.00101186010213], [29.656816910073612, 60.001015464841196], [29.65679531828551, 60.00074637668147], [29.656974412684278, 60.000742771981294], [29.656967215028757, 60.00065307593752], [29.657325402722325, 60.0006458658351], [29.65733260134539, 60.00073556185293], [29.657511695607727, 60.00073195642472], [29.657526093957834, 60.00091134842919], [29.657175101728324, 60.00100825512038], [29.65718230004953, 60.00109795114418], [29.65700320376113, 60.00110155613889]]]}, "properties": {"zone_id": "neva-2025-06-14-032", "aoi": "neva", "date": "2025-06-14", "scene_id": "S2B_MSIL2A_20250614T093029_R136_T36VUM_20250614T113630", "scene_datetime_utc": "2025-06-14T09:30:29.024000+00:00", "detection_status": "detected", "detection_status_ru": "обнаружено", "lon": 29.65714, "lat": 60.00086, "n_pixels": 5, "zone_area_km2": 0.0014, "cover_m2": 45.5, "p_mean": 0.933, "p_max": 0.996, "cover_m2_km2": 32500.0, "h3": "88110695b5fffff", "valid_frac_scene": 0.999, "wind_ms": 3.8, "sea": "спокойное", "scene_reliable": true, "field_event_id": "S3:HE419_MarLitter_transect28", "field_profile": "B", "field_date": "2014-04-11", "field_distance_km": 1395.2, "field_date_gap_days": 4082, "field_conc_items_km2": 43.1, "conc_A_items_km2": null, "conc_A_lo80": null, "conc_A_hi80": null, "conc_A_lo95": null, "conc_A_hi95": null, "conc_A_status": "unavailable", "conc_A_status_ru": "концентрация недоступна", "conc_A_reasons": "вне бассейна профиля: nw_atlantic_subtropical", "conc_A_model": "conc-A-c6bce5631d2b", "conc_B_items_km2": null, "conc_B_lo80": null, "conc_B_hi80": null, "conc_B_lo95": null, "conc_B_hi95": null, "conc_B_status": "unavailable", "conc_B_status_ru": "концентрация недоступна", "conc_B_reasons": "вне бассейна профиля: black_sea", "conc_B_model": "conc-B-c6bce5631d2b"}}, {"type": "Feature", "geometry": {"type": "Polygon", "coordinates": [[[29.666860656497747, 60.00099261636627], [29.66685343200733, 60.000902921045764], [29.66667433817914, 60.000906539145305], [29.666652666433027, 60.00063745313422], [29.666831758809955, 60.00063383507374], [29.666824534502112, 60.00054413974624], [29.667189943426877, 60.000626598224784], [29.667211619526782, 60.00089568411871], [29.666860656497747, 60.00099261636627]]]}, "properties": {"zone_id": "neva-2025-06-14-033", "aoi": "neva", "date": "2025-06-14", "scene_id": "S2B_MSIL2A_20250614T093029_R136_T36VUM_20250614T113630", "scene_datetime_utc": "2025-06-14T09:30:29.024000+00:00", "detection_status": "detected", "detection_status_ru": "обнаружено", "lon": 29.66693, "lat": 60.00077, "n_pixels": 3, "zone_area_km2": 0.0011, "cover_m2": 23.9, "p_mean": 0.835, "p_max": 0.996, "cover_m2_km2": 21727.3, "h3": "881106874bfffff", "valid_frac_scene": 0.999, "wind_ms": 3.8, "sea": "спокойное", "scene_reliable": true, "field_event_id": "S3:HE419_MarLitter_transect28", "field_profile": "B", "field_date": "2014-04-11", "field_distance_km": 1395.8, "field_date_gap_days": 4082, "field_conc_items_km2": 43.1, "conc_A_items_km2": null, "conc_A_lo80": null, "conc_A_hi80": null, "conc_A_lo95": null, "conc_A_hi95": null, "conc_A_status": "unavailable", "conc_A_status_ru": "концентрация недоступна", "conc_A_reasons": "вне бассейна профиля: nw_atlantic_subtropical", "conc_A_model": "conc-A-c6bce5631d2b", "conc_B_items_km2": null, "conc_B_lo80": null, "conc_B_hi80": null, "conc_B_lo95": null, "conc_B_hi95": null, "conc_B_status": "unavailable", "conc_B_status_ru": "концентрация недоступна", "conc_B_reasons": "вне бассейна профиля: black_sea", "conc_B_model": "conc-B-c6bce5631d2b"}}, {"type": "Feature", "geometry": {"type": "Polygon", "coordinates": [[[29.66333520288766, 59.9995364941181], [29.66332798836369, 59.99944679852066], [29.663148901892473, 59.99945041178831], [29.6631416878978, 59.999360716176156], [29.6633207738853, 59.9993571029215], [29.663313559452483, 59.99926740732057], [29.66349264491069, 59.99926379383624], [29.663485430039746, 59.999174098246556], [29.663850815690367, 59.999256566139614], [29.663865247503846, 59.999435957261724], [29.663686161169373, 59.999439571257355], [29.663693376660785, 59.999529266828795], [29.66333520288766, 59.9995364941181]]]}, "properties": {"zone_id": "neva-2025-06-14-034", "aoi": "neva", "date": "2025-06-14", "scene_id": "S2B_MSIL2A_20250614T093029_R136_T36VUM_20250614T113630", "scene_datetime_utc": "2025-06-14T09:30:29.024000+00:00", "detection_status": "detected", "detection_status_ru": "обнаружено", "lon": 29.66353, "lat": 59.99937, "n_pixels": 3, "zone_area_km2": 0.001, "cover_m2": 26.7, "p_mean": 0.962, "p_max": 0.996, "cover_m2_km2": 26700.0, "h3": "881106874bfffff", "valid_frac_scene": 0.999, "wind_ms": 3.8, "sea": "спокойное", "scene_reliable": true, "field_event_id": "S3:HE419_MarLitter_transect28", "field_profile": "B", "field_date": "2014-04-11", "field_distance_km": 1395.5, "field_date_gap_days": 4082, "field_conc_items_km2": 43.1, "conc_A_items_km2": null, "conc_A_lo80": null, "conc_A_hi80": null, "conc_A_lo95": null, "conc_A_hi95": null, "conc_A_status": "unavailable", "conc_A_status_ru": "концентрация недоступна", "conc_A_reasons": "вне бассейна профиля: nw_atlantic_subtropical", "conc_A_model": "conc-A-c6bce5631d2b", "conc_B_items_km2": null, "conc_B_lo80": null, "conc_B_hi80": null, "conc_B_lo95": null, "conc_B_hi95": null, "conc_B_status": "unavailable", "conc_B_status_ru": "концентрация недоступна", "conc_B_reasons": "вне бассейна профиля: black_sea", "conc_B_model": "conc-B-c6bce5631d2b"}}, {"type": "Feature", "geometry": {"type": "Polygon", "coordinates": [[[29.678371088930223, 59.999142417733644], [29.678363833821226, 59.99905272322935], [29.67818475167289, 59.999056356867385], [29.678170242559755, 59.99887696782735], [29.67834932374074, 59.9988733342154], [29.678342068769243, 59.99878363970582], [29.678707485965205, 59.9988660662636], [29.6787219979804, 59.999045455225236], [29.678371088930223, 59.999142417733644]]]}, "properties": {"zone_id": "neva-2025-06-14-035", "aoi": "neva", "date": "2025-06-14", "scene_id": "S2B_MSIL2A_20250614T093029_R136_T36VUM_20250614T113630", "scene_datetime_utc": "2025-06-14T09:30:29.024000+00:00", "detection_status": "detected", "detection_status_ru": "обнаружено", "lon": 29.67845, "lat": 59.99896, "n_pixels": 2, "zone_area_km2": 0.0008, "cover_m2": 16.9, "p_mean": 0.996, "p_max": 0.996, "cover_m2_km2": 21125.0, "h3": "8811068743fffff", "valid_frac_scene": 0.999, "wind_ms": 3.8, "sea": "спокойное", "scene_reliable": true, "field_event_id": "S3:HE419_MarLitter_transect28", "field_profile": "B", "field_date": "2014-04-11", "field_distance_km": 1396.3, "field_date_gap_days": 4082, "field_conc_items_km2": 43.1, "conc_A_items_km2": null, "conc_A_lo80": null, "conc_A_hi80": null, "conc_A_lo95": null, "conc_A_hi95": null, "conc_A_status": "unavailable", "conc_A_status_ru": "концентрация недоступна", "conc_A_reasons": "вне бассейна профиля: nw_atlantic_subtropical", "conc_A_model": "conc-A-c6bce5631d2b", "conc_B_items_km2": null, "conc_B_lo80": null, "conc_B_hi80": null, "conc_B_lo95": null, "conc_B_hi95": null, "conc_B_status": "unavailable", "conc_B_status_ru": "концентрация недоступна", "conc_B_reasons": "вне бассейна профиля: black_sea", "conc_B_model": "conc-B-c6bce5631d2b"}}, {"type": "Feature", "geometry": {"type": "Polygon", "coordinates": [[[29.680474077002643, 59.99631463300506], [29.68046681702772, 59.99622493861618], [29.68028775046789, 59.99622857500327], [29.6802804910224, 59.99613888059957], [29.680459557098654, 59.99613524422558], [29.68045229721545, 59.99604554983318], [29.680631362762266, 59.99604191322967], [29.68062410244135, 59.99595221884858], [29.680989493718315, 59.9960346392947], [29.68100401643204, 59.9962140279992], [29.6808249500098, 59.99621766511417], [29.680832210951884, 59.99630735947687], [29.680474077002643, 59.99631463300506]]]}, "properties": {"zone_id": "neva-2025-06-14-036", "aoi": "neva", "date": "2025-06-14", "scene_id": "S2B_MSIL2A_20250614T093029_R136_T36VUM_20250614T113630", "scene_datetime_utc": "2025-06-14T09:30:29.024000+00:00", "detection_status": "detected", "detection_status_ru": "обнаружено", "lon": 29.68067, "lat": 59.99615, "n_pixels": 3, "zone_area_km2": 0.001, "cover_m2": 25.9, "p_mean": 0.937, "p_max": 0.988, "cover_m2_km2": 25900.0, "h3": "8811068743fffff", "valid_frac_scene": 0.999, "wind_ms": 3.8, "sea": "спокойное", "scene_reliable": true, "field_event_id": "S3:HE419_MarLitter_transect28", "field_profile": "B", "field_date": "2014-04-11", "field_distance_km": 1396.4, "field_date_gap_days": 4082, "field_conc_items_km2": 43.1, "conc_A_items_km2": null, "conc_A_lo80": null, "conc_A_hi80": null, "conc_A_lo95": null, "conc_A_hi95": null, "conc_A_status": "unavailable", "conc_A_status_ru": "концентрация недоступна", "conc_A_reasons": "вне бассейна профиля: nw_atlantic_subtropical", "conc_A_model": "conc-A-c6bce5631d2b", "conc_B_items_km2": null, "conc_B_lo80": null, "conc_B_hi80": null, "conc_B_lo95": null, "conc_B_hi95": null, "conc_B_status": "unavailable", "conc_B_status_ru": "концентрация недоступна", "conc_B_reasons": "вне бассейна профиля: black_sea", "conc_B_model": "conc-B-c6bce5631d2b"}}, {"type": "Feature", "geometry": {"type": "Polygon", "coordinates": [[[29.680193381253286, 59.99506254761793], [29.68018612240391, 59.99497285319138], [29.680007062568045, 59.99497648915275], [29.679992545973914, 59.99479710026815], [29.680171604842712, 59.99479346433295], [29.68016434613089, 59.9947037699011], [29.680522462763875, 59.99469649732901], [29.680529722442753, 59.994786191734704], [29.680708781173994, 59.99478255507165], [29.68072330163639, 59.99496194385161], [29.68054424193809, 59.99496558054081], [29.680551501754536, 59.995055274941215], [29.680193381253286, 59.99506254761793]]]}, "properties": {"zone_id": "neva-2025-06-14-037", "aoi": "neva", "date": "2025-06-14", "scene_id": "S2B_MSIL2A_20250614T093029_R136_T36VUM_20250614T113630", "scene_datetime_utc": "2025-06-14T09:30:29.024000+00:00", "detection_status": "detected", "detection_status_ru": "обнаружено", "lon": 29.68036, "lat": 59.99488, "n_pixels": 4, "zone_area_km2": 0.0012, "cover_m2": 38.4, "p_mean": 0.944, "p_max": 0.988, "cover_m2_km2": 32000.0, "h3": "8811068747fffff", "valid_frac_scene": 0.999, "wind_ms": 3.8, "sea": "спокойное", "scene_reliable": true, "field_event_id": "S3:HE419_MarLitter_transect28", "field_profile": "B", "field_date": "2014-04-11", "field_distance_km": 1396.3, "field_date_gap_days": 4082, "field_conc_items_km2": 43.1, "conc_A_items_km2": null, "conc_A_lo80": null, "conc_A_hi80": null, "conc_A_lo95": null, "conc_A_hi95": null, "conc_A_status": "unavailable", "conc_A_status_ru": "концентрация недоступна", "conc_A_reasons": "вне бассейна профиля: nw_atlantic_subtropical", "conc_A_model": "conc-A-c6bce5631d2b", "conc_B_items_km2": null, "conc_B_lo80": null, "conc_B_hi80": null, "conc_B_lo95": null, "conc_B_hi95": null, "conc_B_status": "unavailable", "conc_B_status_ru": "концентрация недоступна", "conc_B_reasons": "вне бассейна профиля: black_sea", "conc_B_model": "conc-B-c6bce5631d2b"}}, {"type": "Feature", "geometry": {"type": "Polygon", "coordinates": [[[29.65722121203612, 59.99040609112613], [29.657214016706902, 59.990316394958924], [29.65703497867765, 59.99031999961092], [29.65702058912238, 59.99014060724525], [29.657199626184806, 59.99013700261919], [29.65719243099193, 59.990047306446726], [29.657729540456316, 59.990036491151976], [29.657736737099416, 59.99012618728556], [29.65791577398005, 59.9901225816892], [29.65792297115201, 59.99021227780806], [29.658102008470593, 59.99020867195616], [29.658109206171428, 59.99029836806033], [29.657930168369433, 59.9903019739252], [29.657937365632307, 59.99039167004055], [29.65722121203612, 59.99040609112613]]]}, "properties": {"zone_id": "neva-2025-06-14-038", "aoi": "neva", "date": "2025-06-14", "scene_id": "S2B_MSIL2A_20250614T093029_R136_T36VUM_20250614T113630", "scene_datetime_utc": "2025-06-14T09:30:29.024000+00:00", "detection_status": "detected", "detection_status_ru": "обнаружено", "lon": 29.65753, "lat": 59.99023, "n_pixels": 7, "zone_area_km2": 0.0018, "cover_m2": 88.2, "p_mean": 0.955, "p_max": 0.984, "cover_m2_km2": 49000.0, "h3": "881106874dfffff", "valid_frac_scene": 0.999, "wind_ms": 3.8, "sea": "спокойное", "scene_reliable": true, "field_event_id": "S3:HE419_MarLitter_transect28", "field_profile": "B", "field_date": "2014-04-11", "field_distance_km": 1395.0, "field_date_gap_days": 4082, "field_conc_items_km2": 43.1, "conc_A_items_km2": null, "conc_A_lo80": null, "conc_A_hi80": null, "conc_A_lo95": null, "conc_A_hi95": null, "conc_A_status": "unavailable", "conc_A_status_ru": "концентрация недоступна", "conc_A_reasons": "вне бассейна профиля: nw_atlantic_subtropical", "conc_A_model": "conc-A-c6bce5631d2b", "conc_B_items_km2": null, "conc_B_lo80": null, "conc_B_hi80": null, "conc_B_lo95": null, "conc_B_hi95": null, "conc_B_status": "unavailable", "conc_B_status_ru": "концентрация недоступна", "conc_B_reasons": "вне бассейна профиля: black_sea", "conc_B_model": "conc-B-c6bce5631d2b"}}, {"type": "Feature", "geometry": {"type": "Polygon", "coordinates": [[[29.73604060556733, 59.98502208530358], [29.736033198572684, 59.98493239487664], [29.735854201219855, 59.984936106176264], [29.73583938833708, 59.98475672529037], [29.73601838472371, 59.98475301401744], [29.73601097786938, 59.98466332358518], [29.736376377356645, 59.98474559074415], [29.73639119313803, 59.98492497154996], [29.73604060556733, 59.98502208530358]]]}, "properties": {"zone_id": "neva-2025-06-14-039", "aoi": "neva", "date": "2025-06-14", "scene_id": "S2B_MSIL2A_20250614T093029_R136_T36VUM_20250614T113630", "scene_datetime_utc": "2025-06-14T09:30:29.024000+00:00", "detection_status": "detected", "detection_status_ru": "обнаружено", "lon": 29.73612, "lat": 59.98484, "n_pixels": 2, "zone_area_km2": 0.0008, "cover_m2": 19.6, "p_mean": 0.998, "p_max": 1.0, "cover_m2_km2": 24500.0, "h3": "8811068723fffff", "valid_frac_scene": 0.999, "wind_ms": 3.8, "sea": "спокойное", "scene_reliable": true, "field_event_id": "S3:HE419_MarLitter_transect28", "field_profile": "B", "field_date": "2014-04-11", "field_distance_km": 1399.1, "field_date_gap_days": 4082, "field_conc_items_km2": 43.1, "conc_A_items_km2": null, "conc_A_lo80": null, "conc_A_hi80": null, "conc_A_lo95": null, "conc_A_hi95": null, "conc_A_status": "unavailable", "conc_A_status_ru": "концентрация недоступна", "conc_A_reasons": "вне бассейна профиля: nw_atlantic_subtropical", "conc_A_model": "conc-A-c6bce5631d2b", "conc_B_items_km2": null, "conc_B_lo80": null, "conc_B_hi80": null, "conc_B_lo95": null, "conc_B_hi95": null, "conc_B_status": "unavailable", "conc_B_status_ru": "концентрация недоступна", "conc_B_reasons": "вне бассейна профиля: black_sea", "conc_B_model": "conc-B-c6bce5631d2b"}}, {"type": "Feature", "geometry": {"type": "Polygon", "coordinates": [[[29.981999955155775, 59.984364729410956], [29.981991883090583, 59.98427505820941], [29.981812927669974, 59.984279102836425], [29.981796784657803, 59.984099760398585], [29.981975739113075, 59.984095715800656], [29.981967667200767, 59.984006044593485], [29.98233364787075, 59.984087625877784], [29.982341720799354, 59.984177297054025], [29.982520675584407, 59.9841732517145], [29.982528749046647, 59.98426292287433], [29.98234979377892, 59.98426696822838], [29.982357866809455, 59.984356639400836], [29.981999955155775, 59.984364729410956]]]}, "properties": {"zone_id": "neva-2025-06-14-040", "aoi": "neva", "date": "2025-06-14", "scene_id": "S2B_MSIL2A_20250614T093029_R136_T36VUM_20250614T113630", "scene_datetime_utc": "2025-06-14T09:30:29.024000+00:00", "detection_status": "detected", "detection_status_ru": "обнаружено", "lon": 29.98213, "lat": 59.9842, "n_pixels": 3, "zone_area_km2": 0.001, "cover_m2": 23.5, "p_mean": 0.699, "p_max": 0.996, "cover_m2_km2": 23500.0, "h3": "881106bb29fffff", "valid_frac_scene": 0.999, "wind_ms": 3.8, "sea": "спокойное", "scene_reliable": true, "field_event_id": "S3:HE419_MarLitter_transect28", "field_profile": "B", "field_date": "2014-04-11", "field_distance_km": 1412.3, "field_date_gap_days": 4082, "field_conc_items_km2": 43.1, "conc_A_items_km2": null, "conc_A_lo80": null, "conc_A_hi80": null, "conc_A_lo95": null, "conc_A_hi95": null, "conc_A_status": "unavailable", "conc_A_status_ru": "концентрация недоступна", "conc_A_reasons": "вне бассейна профиля: nw_atlantic_subtropical", "conc_A_model": "conc-A-c6bce5631d2b", "conc_B_items_km2": null, "conc_B_lo80": null, "conc_B_hi80": null, "conc_B_lo95": null, "conc_B_hi95": null, "conc_B_status": "unavailable", "conc_B_status_ru": "концентрация недоступна", "conc_B_reasons": "вне бассейна профиля: black_sea", "conc_B_model": "conc-B-c6bce5631d2b"}}, {"type": "Feature", "geometry": {"type": "Polygon", "coordinates": [[[29.722124986400686, 59.98369270046159], [29.722117617444187, 59.98360300897766], [29.721752264955537, 59.98352070200022], [29.721737529207495, 59.98334131897041], [29.721916520053934, 59.983337626864085], [29.721909151766628, 59.983247935359785], [29.722267132353792, 59.983240550446226], [29.72227450160725, 59.98333024192398], [29.722453492314102, 59.9833265490902], [29.72246086209717, 59.983416240552884], [29.722639853240565, 59.98341254746336], [29.722654593912456, 59.983591930356845], [29.722475601802902, 59.98359562347293], [29.722482971725572, 59.98368531493027], [29.722124986400686, 59.98369270046159]]]}, "properties": {"zone_id": "neva-2025-06-14-041", "aoi": "neva", "date": "2025-06-14", "scene_id": "S2B_MSIL2A_20250614T093029_R136_T36VUM_20250614T113630", "scene_datetime_utc": "2025-06-14T09:30:29.024000+00:00", "detection_status": "detected", "detection_status_ru": "обнаружено", "lon": 29.7222, "lat": 59.98347, "n_pixels": 7, "zone_area_km2": 0.0017, "cover_m2": 77.6, "p_mean": 0.915, "p_max": 1.0, "cover_m2_km2": 45647.1, "h3": "881106872bfffff", "valid_frac_scene": 0.999, "wind_ms": 3.8, "sea": "спокойное", "scene_reliable": true, "field_event_id": "S3:HE419_MarLitter_transect28", "field_profile": "B", "field_date": "2014-04-11", "field_distance_km": 1398.3, "field_date_gap_days": 4082, "field_conc_items_km2": 43.1, "conc_A_items_km2": null, "conc_A_lo80": null, "conc_A_hi80": null, "conc_A_lo95": null, "conc_A_hi95": null, "conc_A_status": "unavailable", "conc_A_status_ru": "концентрация недоступна", "conc_A_reasons": "вне бассейна профиля: nw_atlantic_subtropical", "conc_A_model": "conc-A-c6bce5631d2b", "conc_B_items_km2": null, "conc_B_lo80": null, "conc_B_hi80": null, "conc_B_lo95": null, "conc_B_hi95": null, "conc_B_status": "unavailable", "conc_B_status_ru": "концентрация недоступна", "conc_B_reasons": "вне бассейна профиля: black_sea", "conc_B_model": "conc-B-c6bce5631d2b"}}, {"type": "Feature", "geometry": {"type": "Polygon", "coordinates": [[[29.720656218246152, 59.98327377491912], [29.720648853386866, 59.98318408332014], [29.720469863180977, 59.98318777370259], [29.720455134568056, 59.98300839047274], [29.720634123807812, 59.98300470011686], [29.72062675908804, 59.98291500851255], [29.720992102147815, 59.98299731867764], [29.720999467880226, 59.98308701025361], [29.721178457463527, 59.98308331915702], [29.721185823725516, 59.98317301071797], [29.721006833659143, 59.98317670182784], [29.72101419948457, 59.983266393400285], [29.720656218246152, 59.98327377491912]]]}, "properties": {"zone_id": "neva-2025-06-14-042", "aoi": "neva", "date": "2025-06-14", "scene_id": "S2B_MSIL2A_20250614T093029_R136_T36VUM_20250614T113630", "scene_datetime_utc": "2025-06-14T09:30:29.024000+00:00", "detection_status": "detected", "detection_status_ru": "обнаружено", "lon": 29.72079, "lat": 59.98311, "n_pixels": 3, "zone_area_km2": 0.001, "cover_m2": 24.3, "p_mean": 0.933, "p_max": 0.996, "cover_m2_km2": 24300.0, "h3": "881106872bfffff", "valid_frac_scene": 0.999, "wind_ms": 3.8, "sea": "спокойное", "scene_reliable": true, "field_event_id": "S3:HE419_MarLitter_transect28", "field_profile": "B", "field_date": "2014-04-11", "field_distance_km": 1398.2, "field_date_gap_days": 4082, "field_conc_items_km2": 43.1, "conc_A_items_km2": null, "conc_A_lo80": null, "conc_A_hi80": null, "conc_A_lo95": null, "conc_A_hi95": null, "conc_A_status": "unavailable", "conc_A_status_ru": "концентрация недоступна", "conc_A_reasons": "вне бассейна профиля: nw_atlantic_subtropical", "conc_A_model": "conc-A-c6bce5631d2b", "conc_B_items_km2": null, "conc_B_lo80": null, "conc_B_hi80": null, "conc_B_lo95": null, "conc_B_hi95": null, "conc_B_status": "unavailable", "conc_B_status_ru": "концентрация недоступна", "conc_B_reasons": "вне бассейна профиля: black_sea", "conc_B_model": "conc-B-c6bce5631d2b"}}, {"type": "Feature", "geometry": {"type": "Polygon", "coordinates": [[[29.71902321897624, 59.98303790459071], [29.719015858604056, 59.98294821286701], [29.718836869428976, 59.98295190102735], [29.718822149790164, 59.98277251754809], [29.719001137999125, 59.98276882941429], [29.718993777766368, 59.98267913768526], [29.71935911427761, 59.98276145241925], [29.719366475522964, 59.98285114411998], [29.719545464075544, 59.982847455245484], [29.719552825850442, 59.98293714693115], [29.719373836814793, 59.982940835818916], [29.71938119815311, 59.98303052751608], [29.71902321897624, 59.98303790459071]]]}, "properties": {"zone_id": "neva-2025-06-14-043", "aoi": "neva", "date": "2025-06-14", "scene_id": "S2B_MSIL2A_20250614T093029_R136_T36VUM_20250614T113630", "scene_datetime_utc": "2025-06-14T09:30:29.024000+00:00", "detection_status": "detected", "detection_status_ru": "обнаружено", "lon": 29.71916, "lat": 59.98287, "n_pixels": 3, "zone_area_km2": 0.001, "cover_m2": 24.7, "p_mean": 0.953, "p_max": 0.992, "cover_m2_km2": 24700.0, "h3": "881106872bfffff", "valid_frac_scene": 0.999, "wind_ms": 3.8, "sea": "спокойное", "scene_reliable": true, "field_event_id": "S3:HE419_MarLitter_transect28", "field_profile": "B", "field_date": "2014-04-11", "field_distance_km": 1398.1, "field_date_gap_days": 4082, "field_conc_items_km2": 43.1, "conc_A_items_km2": null, "conc_A_lo80": null, "conc_A_hi80": null, "conc_A_lo95": null, "conc_A_hi95": null, "conc_A_status": "unavailable", "conc_A_status_ru": "концентрация недоступна", "conc_A_reasons": "вне бассейна профиля: nw_atlantic_subtropical", "conc_A_model": "conc-A-c6bce5631d2b", "conc_B_items_km2": null, "conc_B_lo80": null, "conc_B_hi80": null, "conc_B_lo95": null, "conc_B_hi95": null, "conc_B_status": "unavailable", "conc_B_status_ru": "концентрация недоступна", "conc_B_reasons": "вне бассейна профиля: black_sea", "conc_B_model": "conc-B-c6bce5631d2b"}}, {"type": "Feature", "geometry": {"type": "Polygon", "coordinates": [[[29.706548270317146, 59.98176704464305], [29.706540944064077, 59.98167735197624], [29.706175650452305, 59.98159500144815], [29.70616100010961, 59.98141561605294], [29.706339982869142, 59.98141194513034], [29.70633265728414, 59.98132225244328], [29.706690621698375, 59.98131490989708], [29.70669794824944, 59.98140460255774], [29.7068769308702, 59.98140093090772], [29.70689891225008, 59.981670008839494], [29.706548270317146, 59.98176704464305]]]}, "properties": {"zone_id": "neva-2025-06-14-044", "aoi": "neva", "date": "2025-06-14", "scene_id": "S2B_MSIL2A_20250614T093029_R136_T36VUM_20250614T113630", "scene_datetime_utc": "2025-06-14T09:30:29.024000+00:00", "detection_status": "detected", "detection_status_ru": "обнаружено", "lon": 29.70655, "lat": 59.98152, "n_pixels": 5, "zone_area_km2": 0.0014, "cover_m2": 51.8, "p_mean": 0.925, "p_max": 0.996, "cover_m2_km2": 37000.0, "h3": "8811068763fffff", "valid_frac_scene": 0.999, "wind_ms": 3.8, "sea": "спокойное", "scene_reliable": true, "field_event_id": "S3:HE419_MarLitter_transect28", "field_profile": "B", "field_date": "2014-04-11", "field_distance_km": 1397.4, "field_date_gap_days": 4082, "field_conc_items_km2": 43.1, "conc_A_items_km2": null, "conc_A_lo80": null, "conc_A_hi80": null, "conc_A_lo95": null, "conc_A_hi95": null, "conc_A_status": "unavailable", "conc_A_status_ru": "концентрация недоступна", "conc_A_reasons": "вне бассейна профиля: nw_atlantic_subtropical", "conc_A_model": "conc-A-c6bce5631d2b", "conc_B_items_km2": null, "conc_B_lo80": null, "conc_B_hi80": null, "conc_B_lo95": null, "conc_B_hi95": null, "conc_B_status": "unavailable", "conc_B_status_ru": "концентрация недоступна", "conc_B_reasons": "вне бассейна профиля: black_sea", "conc_B_model": "conc-B-c6bce5631d2b"}}, {"type": "Feature", "geometry": {"type": "Polygon", "coordinates": [[[30.17557553914437, 59.98146455745533], [30.175566944606334, 59.98137490251456], [30.175388037363085, 59.98137920932077], [30.175379443361514, 59.981289554362554], [30.17555835012255, 59.98128524757183], [30.175549755693012, 59.98119559262711], [30.175907568087922, 59.981186978349974], [30.175916163481894, 59.98127663326375], [30.176095070080187, 59.98127232574638], [30.176103666010622, 59.981361980642674], [30.175924758930112, 59.981366288175536], [30.17593335443258, 59.98145594308534], [30.17557553914437, 59.98146455745533]]]}, "properties": {"zone_id": "neva-2025-06-14-045", "aoi": "neva", "date": "2025-06-14", "scene_id": "S2B_MSIL2A_20250614T093029_R136_T36VUM_20250614T113630", "scene_datetime_utc": "2025-06-14T09:30:29.024000+00:00", "detection_status": "detected", "detection_status_ru": "обнаружено", "lon": 30.17574, "lat": 59.98133, "n_pixels": 2, "zone_area_km2": 0.0008, "cover_m2": 16.1, "p_mean": 0.669, "p_max": 0.824, "cover_m2_km2": 20125.0, "h3": "881106169dfffff", "valid_frac_scene": 0.999, "wind_ms": 3.8, "sea": "спокойное", "scene_reliable": true, "field_event_id": "S3:HE419_MarLitter_transect28", "field_profile": "B", "field_date": "2014-04-11", "field_distance_km": 1422.7, "field_date_gap_days": 4082, "field_conc_items_km2": 43.1, "conc_A_items_km2": null, "conc_A_lo80": null, "conc_A_hi80": null, "conc_A_lo95": null, "conc_A_hi95": null, "conc_A_status": "unavailable", "conc_A_status_ru": "концентрация недоступна", "conc_A_reasons": "вне бассейна профиля: nw_atlantic_subtropical", "conc_A_model": "conc-A-c6bce5631d2b", "conc_B_items_km2": null, "conc_B_lo80": null, "conc_B_hi80": null, "conc_B_lo95": null, "conc_B_hi95": null, "conc_B_status": "unavailable", "conc_B_status_ru": "концентрация недоступна", "conc_B_reasons": "вне бассейна профиля: black_sea", "conc_B_model": "conc-B-c6bce5631d2b"}}, {"type": "Feature", "geometry": {"type": "Polygon", "coordinates": [[[30.182705962334477, 59.98102312300474], [30.182697348671127, 59.98093346867793], [30.18251844504657, 59.98093778512605], [30.182501218847328, 59.980758476435426], [30.182680121507513, 59.980754160018336], [30.182671508007253, 59.9806645056856], [30.183029312200155, 59.98065587215584], [30.18303792666478, 59.980745526457554], [30.183216829161864, 59.98074120931387], [30.183234059218595, 59.980920517880364], [30.183055155757142, 59.98092483505509], [30.183063770384877, 59.98101448935088], [30.182705962334477, 59.98102312300474]]]}, "properties": {"zone_id": "neva-2025-06-14-046", "aoi": "neva", "date": "2025-06-14", "scene_id": "S2B_MSIL2A_20250614T093029_R136_T36VUM_20250614T113630", "scene_datetime_utc": "2025-06-14T09:30:29.024000+00:00", "detection_status": "detected", "detection_status_ru": "обнаружено", "lon": 30.18287, "lat": 59.98084, "n_pixels": 4, "zone_area_km2": 0.0012, "cover_m2": 30.2, "p_mean": 0.82, "p_max": 0.988, "cover_m2_km2": 25166.7, "h3": "8811061695fffff", "valid_frac_scene": 0.999, "wind_ms": 3.8, "sea": "спокойное", "scene_reliable": true, "field_event_id": "S3:HE419_MarLitter_transect28", "field_profile": "B", "field_date": "2014-04-11", "field_distance_km": 1423.1, "field_date_gap_days": 4082, "field_conc_items_km2": 43.1, "conc_A_items_km2": null, "conc_A_lo80": null, "conc_A_hi80": null, "conc_A_lo95": null, "conc_A_hi95": null, "conc_A_status": "unavailable", "conc_A_status_ru": "концентрация недоступна", "conc_A_reasons": "вне бассейна профиля: nw_atlantic_subtropical", "conc_A_model": "conc-A-c6bce5631d2b", "conc_B_items_km2": null, "conc_B_lo80": null, "conc_B_hi80": null, "conc_B_lo95": null, "conc_B_hi95": null, "conc_B_status": "unavailable", "conc_B_status_ru": "концентрация недоступна", "conc_B_reasons": "вне бассейна профиля: black_sea", "conc_B_model": "conc-B-c6bce5631d2b"}}, {"type": "Feature", "geometry": {"type": "Polygon", "coordinates": [[[30.064685114367602, 59.98067274218963], [30.06467681992222, 59.980583077775016], [30.0644978980688, 59.980587234297396], [30.064489604158165, 59.98049756986589], [30.064668525529193, 59.98049341335846], [30.064660231188512, 59.980403748939985], [30.065196993540283, 59.980391278008916], [30.06520528932813, 59.98048094238258], [30.065384210489725, 59.98047678490606], [30.065392506812323, 59.98056644926284], [30.065213585168337, 59.98057060675428], [30.06522188106091, 59.98066027112408], [30.064685114367602, 59.98067274218963]]]}, "properties": {"zone_id": "neva-2025-06-14-047", "aoi": "neva", "date": "2025-06-14", "scene_id": "S2B_MSIL2A_20250614T093029_R136_T36VUM_20250614T113630", "scene_datetime_utc": "2025-06-14T09:30:29.024000+00:00", "detection_status": "detected", "detection_status_ru": "обнаружено", "lon": 30.06494, "lat": 59.98053, "n_pixels": 3, "zone_area_km2": 0.0011, "cover_m2": 23.9, "p_mean": 0.929, "p_max": 0.992, "cover_m2_km2": 21727.3, "h3": "881106b905fffff", "valid_frac_scene": 0.999, "wind_ms": 3.8, "sea": "спокойное", "scene_reliable": true, "field_event_id": "S3:HE419_MarLitter_transect28", "field_profile": "B", "field_date": "2014-04-11", "field_distance_km": 1416.7, "field_date_gap_days": 4082, "field_conc_items_km2": 43.1, "conc_A_items_km2": null, "conc_A_lo80": null, "conc_A_hi80": null, "conc_A_lo95": null, "conc_A_hi95": null, "conc_A_status": "unavailable", "conc_A_status_ru": "концентрация недоступна", "conc_A_reasons": "вне бассейна профиля: nw_atlantic_subtropical", "conc_A_model": "conc-A-c6bce5631d2b", "conc_B_items_km2": null, "conc_B_lo80": null, "conc_B_hi80": null, "conc_B_lo95": null, "conc_B_hi95": null, "conc_B_status": "unavailable", "conc_B_status_ru": "концентрация недоступна", "conc_B_reasons": "вне бассейна профиля: black_sea", "conc_B_model": "conc-B-c6bce5631d2b"}}, {"type": "Feature", "geometry": {"type": "Polygon", "coordinates": [[[30.055843423016082, 59.980069141224], [30.055835152678554, 59.97997947606104], [30.055656232605138, 59.97998362057791], [30.055639693051475, 59.979804290216464], [30.05581861216011, 59.97980014572937], [30.055810341979186, 59.979710480560676], [30.056168179075094, 59.97970219088951], [30.05617645022078, 59.97979185602841], [30.056355369172806, 59.97978771081453], [30.05637191258558, 59.97996704105678], [30.056192992668773, 59.97997118630047], [30.056201263971086, 59.98006085143363], [30.055843423016082, 59.980069141224]]]}, "properties": {"zone_id": "neva-2025-06-14-048", "aoi": "neva", "date": "2025-06-14", "scene_id": "S2B_MSIL2A_20250614T093029_R136_T36VUM_20250614T113630", "scene_datetime_utc": "2025-06-14T09:30:29.024000+00:00", "detection_status": "detected", "detection_status_ru": "обнаружено", "lon": 30.05601, "lat": 59.97989, "n_pixels": 4, "zone_area_km2": 0.0012, "cover_m2": 30.6, "p_mean": 0.907, "p_max": 0.984, "cover_m2_km2": 25500.0, "h3": "881106b90dfffff", "valid_frac_scene": 0.999, "wind_ms": 3.8, "sea": "спокойное", "scene_reliable": true, "field_event_id": "S3:HE419_MarLitter_transect28", "field_profile": "B", "field_date": "2014-04-11", "field_distance_km": 1416.2, "field_date_gap_days": 4082, "field_conc_items_km2": 43.1, "conc_A_items_km2": null, "conc_A_lo80": null, "conc_A_hi80": null, "conc_A_lo95": null, "conc_A_hi95": null, "conc_A_status": "unavailable", "conc_A_status_ru": "концентрация недоступна", "conc_A_reasons": "вне бассейна профиля: nw_atlantic_subtropical", "conc_A_model": "conc-A-c6bce5631d2b", "conc_B_items_km2": null, "conc_B_lo80": null, "conc_B_hi80": null, "conc_B_lo95": null, "conc_B_hi95": null, "conc_B_status": "unavailable", "conc_B_status_ru": "концентрация недоступна", "conc_B_reasons": "вне бассейна профиля: black_sea", "conc_B_model": "conc-B-c6bce5631d2b"}}, {"type": "Feature", "geometry": {"type": "Polygon", "coordinates": [[[29.73056295120474, 59.97947538651367], [29.730555560677736, 59.97938569560132], [29.730376592446927, 59.97938939927215], [29.730361812498753, 59.979210017415475], [29.730540779763714, 59.97920631377127], [29.730533389376696, 59.979116622853596], [29.730891322800804, 59.97910921486452], [29.73089871415366, 59.979198905755595], [29.731077681278634, 59.97919520138408], [29.73109246509019, 59.97937458313421], [29.73091349699937, 59.97937828753234], [29.730920888492225, 59.97946797841807], [29.73056295120474, 59.97947538651367]]]}, "properties": {"zone_id": "neva-2025-06-14-049", "aoi": "neva", "date": "2025-06-14", "scene_id": "S2B_MSIL2A_20250614T093029_R136_T36VUM_20250614T113630", "scene_datetime_utc": "2025-06-14T09:30:29.024000+00:00", "detection_status": "detected", "detection_status_ru": "обнаружено", "lon": 29.73073, "lat": 59.97929, "n_pixels": 4, "zone_area_km2": 0.0012, "cover_m2": 28.6, "p_mean": 0.867, "p_max": 0.929, "cover_m2_km2": 23833.3, "h3": "8811068721fffff", "valid_frac_scene": 0.999, "wind_ms": 3.8, "sea": "спокойное", "scene_reliable": true, "field_event_id": "S3:HE419_MarLitter_transect28", "field_profile": "B", "field_date": "2014-04-11", "field_distance_km": 1398.6, "field_date_gap_days": 4082, "field_conc_items_km2": 43.1, "conc_A_items_km2": null, "conc_A_lo80": null, "conc_A_hi80": null, "conc_A_lo95": null, "conc_A_hi95": null, "conc_A_status": "unavailable", "conc_A_status_ru": "концентрация недоступна", "conc_A_reasons": "вне бассейна профиля: nw_atlantic_subtropical", "conc_A_model": "conc-A-c6bce5631d2b", "conc_B_items_km2": null, "conc_B_lo80": null, "conc_B_hi80": null, "conc_B_lo95": null, "conc_B_hi95": null, "conc_B_status": "unavailable", "conc_B_status_ru": "концентрация недоступна", "conc_B_reasons": "вне бассейна профиля: black_sea", "conc_B_model": "conc-B-c6bce5631d2b"}}, {"type": "Feature", "geometry": {"type": "Polygon", "coordinates": [[[29.827610613971842, 59.9780601025427], [29.827602961421324, 59.97797041898823], [29.827424015546864, 59.97797425413772], [29.82740871155618, 59.97779488699579], [29.827587656465216, 59.97779105187388], [29.827580004059623, 59.97770136831397], [29.82794554613835, 59.977783380902935], [29.827960853025328, 59.97796274796213], [29.827610613971842, 59.9780601025427]]]}, "properties": {"zone_id": "neva-2025-06-14-050", "aoi": "neva", "date": "2025-06-14", "scene_id": "S2B_MSIL2A_20250614T093029_R136_T36VUM_20250614T113630", "scene_datetime_utc": "2025-06-14T09:30:29.024000+00:00", "detection_status": "detected", "detection_status_ru": "обнаружено", "lon": 29.82768, "lat": 59.97788, "n_pixels": 2, "zone_area_km2": 0.0008, "cover_m2": 14.9, "p_mean": 0.925, "p_max": 0.937, "cover_m2_km2": 18625.0, "h3": "881106853dfffff", "valid_frac_scene": 0.999, "wind_ms": 3.8, "sea": "спокойное", "scene_reliable": true, "field_event_id": "S3:HE419_MarLitter_transect28", "field_profile": "B", "field_date": "2014-04-11", "field_distance_km": 1403.8, "field_date_gap_days": 4082, "field_conc_items_km2": 43.1, "conc_A_items_km2": null, "conc_A_lo80": null, "conc_A_hi80": null, "conc_A_lo95": null, "conc_A_hi95": null, "conc_A_status": "unavailable", "conc_A_status_ru": "концентрация недоступна", "conc_A_reasons": "вне бассейна профиля: nw_atlantic_subtropical", "conc_A_model": "conc-A-c6bce5631d2b", "conc_B_items_km2": null, "conc_B_lo80": null, "conc_B_hi80": null, "conc_B_lo95": null, "conc_B_hi95": null, "conc_B_status": "unavailable", "conc_B_status_ru": "концентрация недоступна", "conc_B_reasons": "вне бассейна профиля: black_sea", "conc_B_model": "conc-B-c6bce5631d2b"}}, {"type": "Feature", "geometry": {"type": "Polygon", "coordinates": [[[30.04947949025688, 59.977161285570965], [30.049471238092057, 59.977071619836885], [30.049105175999117, 59.9769902253773], [30.049096924903065, 59.976900559609696], [30.049275829436912, 59.97689642410748], [30.049267577910637, 59.97680675835281], [30.049804289752803, 59.976794350437295], [30.049812542725967, 59.97688401614739], [30.04999144705147, 59.9768798796762], [30.04999970055902, 59.97696954536948], [30.04982079575121, 59.97697368185553], [30.04982904882855, 59.97706334756178], [30.04947949025688, 59.977161285570965]]]}, "properties": {"zone_id": "neva-2025-06-14-051", "aoi": "neva", "date": "2025-06-14", "scene_id": "S2B_MSIL2A_20250614T093029_R136_T36VUM_20250614T113630", "scene_datetime_utc": "2025-06-14T09:30:29.024000+00:00", "detection_status": "detected", "detection_status_ru": "обнаружено", "lon": 30.04955, "lat": 59.97696, "n_pixels": 4, "zone_area_km2": 0.0012, "cover_m2": 30.2, "p_mean": 0.958, "p_max": 1.0, "cover_m2_km2": 25166.7, "h3": "881106b96bfffff", "valid_frac_scene": 0.999, "wind_ms": 3.8, "sea": "спокойное", "scene_reliable": true, "field_event_id": "S3:HE419_MarLitter_transect28", "field_profile": "B", "field_date": "2014-04-11", "field_distance_km": 1415.8, "field_date_gap_days": 4082, "field_conc_items_km2": 43.1, "conc_A_items_km2": null, "conc_A_lo80": null, "conc_A_hi80": null, "conc_A_lo95": null, "conc_A_hi95": null, "conc_A_status": "unavailable", "conc_A_status_ru": "концентрация недоступна", "conc_A_reasons": "вне бассейна профиля: nw_atlantic_subtropical", "conc_A_model": "conc-A-c6bce5631d2b", "conc_B_items_km2": null, "conc_B_lo80": null, "conc_B_hi80": null, "conc_B_lo95": null, "conc_B_hi95": null, "conc_B_status": "unavailable", "conc_B_status_ru": "концентрация недоступна", "conc_B_reasons": "вне бассейна профиля: black_sea", "conc_B_model": "conc-B-c6bce5631d2b"}}, {"type": "Feature", "geometry": {"type": "Polygon", "coordinates": [[[30.205079387774706, 59.97688686798781], [30.20507071506645, 59.976797215558804], [30.20470428849533, 59.97671625601875], [30.204695616860533, 59.976626603554536], [30.20487449336469, 59.976622257245744], [30.20486582130262, 59.976532604795146], [30.20522357318276, 59.976523911482346], [30.20523224620883, 59.97661356390171], [30.205411122548806, 59.97660921686648], [30.205428469729146, 59.976788521667984], [30.205079387774706, 59.97688686798781]]]}, "properties": {"zone_id": "neva-2025-06-14-052", "aoi": "neva", "date": "2025-06-14", "scene_id": "S2B_MSIL2A_20250614T093029_R136_T36VUM_20250614T113630", "scene_datetime_utc": "2025-06-14T09:30:29.024000+00:00", "detection_status": "detected", "detection_status_ru": "обнаружено", "lon": 30.20509, "lat": 59.97669, "n_pixels": 3, "zone_area_km2": 0.001, "cover_m2": 32.2, "p_mean": 0.996, "p_max": 1.0, "cover_m2_km2": 32200.0, "h3": "88110616b3fffff", "valid_frac_scene": 0.999, "wind_ms": 3.8, "sea": "спокойное", "scene_reliable": true, "field_event_id": "S3:HE419_MarLitter_transect28", "field_profile": "B", "field_date": "2014-04-11", "field_distance_km": 1424.2, "field_date_gap_days": 4082, "field_conc_items_km2": 43.1, "conc_A_items_km2": null, "conc_A_lo80": null, "conc_A_hi80": null, "conc_A_lo95": null, "conc_A_hi95": null, "conc_A_status": "unavailable", "conc_A_status_ru": "концентрация недоступна", "conc_A_reasons": "вне бассейна профиля: nw_atlantic_subtropical", "conc_A_model": "conc-A-c6bce5631d2b", "conc_B_items_km2": null, "conc_B_lo80": null, "conc_B_hi80": null, "conc_B_lo95": null, "conc_B_hi95": null, "conc_B_status": "unavailable", "conc_B_status_ru": "концентрация недоступна", "conc_B_reasons": "вне бассейна профиля: black_sea", "conc_B_model": "conc-B-c6bce5631d2b"}}, {"type": "Feature", "geometry": {"type": "Polygon", "coordinates": [[[30.10229063647128, 59.97440220218492], [30.102282242464995, 59.97431254085602], [30.10210336076374, 59.97431674807139], [30.102094967292537, 59.97422708672541], [30.102273848511683, 59.97422287952517], [30.102265454611334, 59.97413321819238], [30.10263161079105, 59.974214464398116], [30.102640005708583, 59.97430412569873], [30.10246112411328, 59.974308333398476], [30.102469518601684, 59.97439799471225], [30.10229063647128, 59.97440220218492]]]}, "properties": {"zone_id": "neva-2025-06-14-053", "aoi": "neva", "date": "2025-06-14", "scene_id": "S2B_MSIL2A_20250614T093029_R136_T36VUM_20250614T113630", "scene_datetime_utc": "2025-06-14T09:30:29.024000+00:00", "detection_status": "detected", "detection_status_ru": "обнаружено", "lon": 30.10237, "lat": 59.97427, "n_pixels": 1, "zone_area_km2": 0.0005, "cover_m2": 7.1, "p_mean": 0.933, "p_max": 0.933, "cover_m2_km2": 14200.0, "h3": "881106b923fffff", "valid_frac_scene": 0.999, "wind_ms": 3.8, "sea": "спокойное", "scene_reliable": true, "field_event_id": "S3:HE419_MarLitter_transect28", "field_profile": "B", "field_date": "2014-04-11", "field_distance_km": 1418.6, "field_date_gap_days": 4082, "field_conc_items_km2": 43.1, "conc_A_items_km2": null, "conc_A_lo80": null, "conc_A_hi80": null, "conc_A_lo95": null, "conc_A_hi95": null, "conc_A_status": "unavailable", "conc_A_status_ru": "концентрация недоступна", "conc_A_reasons": "вне бассейна профиля: nw_atlantic_subtropical", "conc_A_model": "conc-A-c6bce5631d2b", "conc_B_items_km2": null, "conc_B_lo80": null, "conc_B_hi80": null, "conc_B_lo95": null, "conc_B_hi95": null, "conc_B_status": "unavailable", "conc_B_status_ru": "концентрация недоступна", "conc_B_reasons": "вне бассейна профиля: black_sea", "conc_B_model": "conc-B-c6bce5631d2b"}}, {"type": "Feature", "geometry": {"type": "MultiPolygon", "coordinates": [[[[30.101186451018002, 59.97218170022148], [30.101007580621875, 59.97218590586314], [30.100999190831974, 59.97209624439507], [30.100633062072113, 59.97201499342145], [30.10064145084499, 59.97210465492167], [30.10046258077209, 59.97210885982175], [30.100470969115857, 59.97219852133515], [30.100292098507982, 59.97220272600815], [30.10030048642263, 59.972292387534715], [30.100666617481224, 59.972373639410755], [30.100675006465845, 59.97246330090322], [30.101024360360498, 59.972365228793464], [30.101015970464715, 59.97227556732928], [30.101194841342885, 59.9722713616725], [30.101186451018002, 59.97218170022148]]], [[[30.100912606163046, 59.973086725987876], [30.100920996053258, 59.97317638744974], [30.101099871805005, 59.973172181883996], [30.101091481432718, 59.973082520437224], [30.10127035664944, 59.97307831464442], [30.101261965848032, 59.97298865321085], [30.10161132344588, 59.97289057952365], [30.101594540179544, 59.97271125670727], [30.101773413309143, 59.9727070502484], [30.101765021273348, 59.97261738885244], [30.101586148625817, 59.972621595296204], [30.1015693656772, 59.972442272468165], [30.101748237360624, 59.97243806605466], [30.101731453659724, 59.972258743249135], [30.101365321361186, 59.97217749433765], [30.101373712168115, 59.97226715577355], [30.101194841342885, 59.9722713616725], [30.101211622151492, 59.9724506845687], [30.10103275030922, 59.97245489025572], [30.10105792047305, 59.97272387463086], [30.10087904713166, 59.972728080121044], [30.100904216325787, 59.972997064524066], [30.100725341485248, 59.973001269817416], [30.10073373084044, 59.97309093129632], [30.100912606163046, 59.973086725987876]]], [[[30.100504523020252, 59.972557167369395], [30.10049613446475, 59.97246750586372], [30.100138390303762, 59.972475915058205], [30.100146777895148, 59.97256557659409], [30.0999679052532, 59.97256978084319], [30.10000145421977, 59.97292842702773], [30.099822579596633, 59.97293263109508], [30.099830966488515, 59.97302229265147], [30.100197104554965, 59.97310354576863], [30.100205492516864, 59.97319320729096], [30.100384368480366, 59.973189002693914], [30.100375980036393, 59.97309934118671], [30.100725341485248, 59.973001269817416], [30.100683395503403, 59.97255296239377], [30.100504523020252, 59.972557167369395]]]]}, "properties": {"zone_id": "neva-2025-06-14-054", "aoi": "neva", "date": "2025-06-14", "scene_id": "S2B_MSIL2A_20250614T093029_R136_T36VUM_20250614T113630", "scene_datetime_utc": "2025-06-14T09:30:29.024000+00:00", "detection_status": "detected", "detection_status_ru": "обнаружено", "lon": 30.1008, "lat": 59.97267, "n_pixels": 29, "zone_area_km2": 0.0072, "cover_m2": 420.0, "p_mean": 0.903, "p_max": 1.0, "cover_m2_km2": 58333.3, "h3": "881106b923fffff", "valid_frac_scene": 0.999, "wind_ms": 3.8, "sea": "спокойное", "scene_reliable": true, "field_event_id": "S3:HE419_MarLitter_transect28", "field_profile": "B", "field_date": "2014-04-11", "field_distance_km": 1418.4, "field_date_gap_days": 4082, "field_conc_items_km2": 43.1, "conc_A_items_km2": null, "conc_A_lo80": null, "conc_A_hi80": null, "conc_A_lo95": null, "conc_A_hi95": null, "conc_A_status": "unavailable", "conc_A_status_ru": "концентрация недоступна", "conc_A_reasons": "вне бассейна профиля: nw_atlantic_subtropical", "conc_A_model": "conc-A-c6bce5631d2b", "conc_B_items_km2": null, "conc_B_lo80": null, "conc_B_hi80": null, "conc_B_lo95": null, "conc_B_hi95": null, "conc_B_status": "unavailable", "conc_B_status_ru": "концентрация недоступна", "conc_B_reasons": "вне бассейна профиля: black_sea", "conc_B_model": "conc-B-c6bce5631d2b"}}, {"type": "Feature", "geometry": {"type": "Polygon", "coordinates": [[[30.098170793634626, 59.97252214831258], [30.098162411398803, 59.97243248660864], [30.097796285607416, 59.972351227740354], [30.097787904441486, 59.97226156600233], [30.0979667757901, 59.97225736471972], [30.097958394195004, 59.97216770299485], [30.098316135769462, 59.972159299733285], [30.09832451832866, 59.972248961427944], [30.098503389518594, 59.97224475941882], [30.098520155759783, 59.97242408277214], [30.098170793634626, 59.97252214831258]]]}, "properties": {"zone_id": "neva-2025-06-14-055", "aoi": "neva", "date": "2025-06-14", "scene_id": "S2B_MSIL2A_20250614T093029_R136_T36VUM_20250614T113630", "scene_datetime_utc": "2025-06-14T09:30:29.024000+00:00", "detection_status": "detected", "detection_status_ru": "обнаружено", "lon": 30.09818, "lat": 59.97233, "n_pixels": 3, "zone_area_km2": 0.001, "cover_m2": 19.2, "p_mean": 0.958, "p_max": 0.98, "cover_m2_km2": 19200.0, "h3": "881106b923fffff", "valid_frac_scene": 0.999, "wind_ms": 3.8, "sea": "спокойное", "scene_reliable": true, "field_event_id": "S3:HE419_MarLitter_transect28", "field_profile": "B", "field_date": "2014-04-11", "field_distance_km": 1418.3, "field_date_gap_days": 4082, "field_conc_items_km2": 43.1, "conc_A_items_km2": null, "conc_A_lo80": null, "conc_A_hi80": null, "conc_A_lo95": null, "conc_A_hi95": null, "conc_A_status": "unavailable", "conc_A_status_ru": "концентрация недоступна", "conc_A_reasons": "вне бассейна профиля: nw_atlantic_subtropical", "conc_A_model": "conc-A-c6bce5631d2b", "conc_B_items_km2": null, "conc_B_lo80": null, "conc_B_hi80": null, "conc_B_lo95": null, "conc_B_hi95": null, "conc_B_status": "unavailable", "conc_B_status_ru": "концентрация недоступна", "conc_B_reasons": "вне бассейна профиля: black_sea", "conc_B_model": "conc-B-c6bce5631d2b"}}, {"type": "Feature", "geometry": {"type": "Polygon", "coordinates": [[[30.200318679831632, 59.97214986526322], [30.200310021642448, 59.9720602123524], [30.200131168941077, 59.972064552280656], [30.200122511288384, 59.97197489935227], [30.199943659014238, 59.971979239022815], [30.19995231618508, 59.972068891966785], [30.19959461050921, 59.97207757061271], [30.199585954302083, 59.97198791763756], [30.199407101864075, 59.97199225658176], [30.199389790577378, 59.9718129505943], [30.19956864205168, 59.971808611681254], [30.199559986008403, 59.97171895870015], [30.19991768782946, 59.97171028017896], [30.19992634483643, 59.97179993312888], [30.200105196146875, 59.97179559348954], [30.200113853690322, 59.971885246421905], [30.200292705427984, 59.97188090652485], [30.200284047402697, 59.971791253608075], [30.200650408739435, 59.97187222600442], [30.20066772688131, 59.97205153176961], [30.200318679831632, 59.97214986526322]]]}, "properties": {"zone_id": "neva-2025-06-14-056", "aoi": "neva", "date": "2025-06-14", "scene_id": "S2B_MSIL2A_20250614T093029_R136_T36VUM_20250614T113630", "scene_datetime_utc": "2025-06-14T09:30:29.024000+00:00", "detection_status": "detected", "detection_status_ru": "обнаружено", "lon": 30.19997, "lat": 59.97192, "n_pixels": 6, "zone_area_km2": 0.002, "cover_m2": 45.9, "p_mean": 0.916, "p_max": 1.0, "cover_m2_km2": 22950.0, "h3": "88110616b1fffff", "valid_frac_scene": 0.999, "wind_ms": 3.8, "sea": "спокойное", "scene_reliable": true, "field_event_id": "S3:HE419_MarLitter_transect28", "field_profile": "B", "field_date": "2014-04-11", "field_distance_km": 1423.8, "field_date_gap_days": 4082, "field_conc_items_km2": 43.1, "conc_A_items_km2": null, "conc_A_lo80": null, "conc_A_hi80": null, "conc_A_lo95": null, "conc_A_hi95": null, "conc_A_status": "unavailable", "conc_A_status_ru": "концентрация недоступна", "conc_A_reasons": "вне бассейна профиля: nw_atlantic_subtropical", "conc_A_model": "conc-A-c6bce5631d2b", "conc_B_items_km2": null, "conc_B_lo80": null, "conc_B_hi80": null, "conc_B_lo95": null, "conc_B_hi95": null, "conc_B_status": "unavailable", "conc_B_status_ru": "концентрация недоступна", "conc_B_reasons": "вне бассейна профиля: black_sea", "conc_B_model": "conc-B-c6bce5631d2b"}}, {"type": "Feature", "geometry": {"type": "Polygon", "coordinates": [[[30.098640343568164, 59.97179224882579], [30.09863196030937, 59.97170258715165], [30.098453092064585, 59.97170678931235], [30.098427944051686, 59.97143780423295], [30.098606810850388, 59.97143360211755], [30.098598427803193, 59.97134394043566], [30.09877729406697, 59.97133973809321], [30.098768910590653, 59.97125007642448], [30.09913502643582, 59.97133133268183], [30.09916018007433, 59.971600317585775], [30.09881082850125, 59.971698384748784], [30.098819212242073, 59.97178804640784], [30.098640343568164, 59.97179224882579]]]}, "properties": {"zone_id": "neva-2025-06-14-057", "aoi": "neva", "date": "2025-06-14", "scene_id": "S2B_MSIL2A_20250614T093029_R136_T36VUM_20250614T113630", "scene_datetime_utc": "2025-06-14T09:30:29.024000+00:00", "detection_status": "detected", "detection_status_ru": "обнаружено", "lon": 30.09879, "lat": 59.97152, "n_pixels": 6, "zone_area_km2": 0.0016, "cover_m2": 62.0, "p_mean": 0.946, "p_max": 1.0, "cover_m2_km2": 38750.0, "h3": "881106b923fffff", "valid_frac_scene": 0.999, "wind_ms": 3.8, "sea": "спокойное", "scene_reliable": true, "field_event_id": "S3:HE419_MarLitter_transect28", "field_profile": "B", "field_date": "2014-04-11", "field_distance_km": 1418.3, "field_date_gap_days": 4082, "field_conc_items_km2": 43.1, "conc_A_items_km2": null, "conc_A_lo80": null, "conc_A_hi80": null, "conc_A_lo95": null, "conc_A_hi95": null, "conc_A_status": "unavailable", "conc_A_status_ru": "концентрация недоступна", "conc_A_reasons": "вне бассейна профиля: nw_atlantic_subtropical", "conc_A_model": "conc-A-c6bce5631d2b", "conc_B_items_km2": null, "conc_B_lo80": null, "conc_B_hi80": null, "conc_B_lo95": null, "conc_B_hi95": null, "conc_B_status": "unavailable", "conc_B_status_ru": "концентрация недоступна", "conc_B_reasons": "вне бассейна профиля: black_sea", "conc_B_model": "conc-B-c6bce5631d2b"}}, {"type": "Feature", "geometry": {"type": "Polygon", "coordinates": [[[30.131636950933906, 59.97002443236944], [30.131628479094886, 59.96993477348244], [30.13144962598924, 59.96993902027326], [30.131432683435385, 59.96975970246289], [30.131611535577214, 59.96975545570258], [30.131603063898556, 59.96966579680973], [30.131969239700503, 59.96974696145557], [30.131986185145813, 59.96992627917438], [30.131636950933906, 59.97002443236944]]]}, "properties": {"zone_id": "neva-2025-06-14-058", "aoi": "neva", "date": "2025-06-14", "scene_id": "S2B_MSIL2A_20250614T093029_R136_T36VUM_20250614T113630", "scene_datetime_utc": "2025-06-14T09:30:29.024000+00:00", "detection_status": "detected", "detection_status_ru": "обнаружено", "lon": 30.13171, "lat": 59.96984, "n_pixels": 2, "zone_area_km2": 0.0008, "cover_m2": 10.2, "p_mean": 0.873, "p_max": 0.961, "cover_m2_km2": 12750.0, "h3": "88110616c3fffff", "valid_frac_scene": 0.999, "wind_ms": 3.8, "sea": "спокойное", "scene_reliable": true, "field_event_id": "S3:HE419_MarLitter_transect28", "field_profile": "B", "field_date": "2014-04-11", "field_distance_km": 1420.0, "field_date_gap_days": 4082, "field_conc_items_km2": 43.1, "conc_A_items_km2": null, "conc_A_lo80": null, "conc_A_hi80": null, "conc_A_lo95": null, "conc_A_hi95": null, "conc_A_status": "unavailable", "conc_A_status_ru": "концентрация недоступна", "conc_A_reasons": "вне бассейна профиля: nw_atlantic_subtropical", "conc_A_model": "conc-A-c6bce5631d2b", "conc_B_items_km2": null, "conc_B_lo80": null, "conc_B_hi80": null, "conc_B_lo95": null, "conc_B_hi95": null, "conc_B_status": "unavailable", "conc_B_status_ru": "концентрация недоступна", "conc_B_reasons": "вне бассейна профиля: black_sea", "conc_B_model": "conc-B-c6bce5631d2b"}}, {"type": "Feature", "geometry": {"type": "Polygon", "coordinates": [[[30.148738477327345, 59.967011275887735], [30.14872996030343, 59.96692161842827], [30.148551126369778, 59.966925888259944], [30.148534093446692, 59.96674657330446], [30.148712926416806, 59.96674230350348], [30.148704409554096, 59.96665264603815], [30.14907059219583, 59.96673376317525], [30.14907911007582, 59.966823420607945], [30.149257943366496, 59.96681915006534], [30.149266461782005, 59.96690880748072], [30.149087628009553, 59.966913078038665], [30.149096145997028, 59.96700273546742], [30.148738477327345, 59.967011275887735]]]}, "properties": {"zone_id": "neva-2025-06-14-059", "aoi": "neva", "date": "2025-06-14", "scene_id": "S2B_MSIL2A_20250614T093029_R136_T36VUM_20250614T113630", "scene_datetime_utc": "2025-06-14T09:30:29.024000+00:00", "detection_status": "detected", "detection_status_ru": "обнаружено", "lon": 30.14887, "lat": 59.96684, "n_pixels": 3, "zone_area_km2": 0.001, "cover_m2": 18.0, "p_mean": 0.837, "p_max": 0.988, "cover_m2_km2": 18000.0, "h3": "881106168dfffff", "valid_frac_scene": 0.999, "wind_ms": 3.8, "sea": "спокойное", "scene_reliable": true, "field_event_id": "S3:HE419_MarLitter_transect28", "field_profile": "B", "field_date": "2014-04-11", "field_distance_km": 1420.9, "field_date_gap_days": 4082, "field_conc_items_km2": 43.1, "conc_A_items_km2": null, "conc_A_lo80": null, "conc_A_hi80": null, "conc_A_lo95": null, "conc_A_hi95": null, "conc_A_status": "unavailable", "conc_A_status_ru": "концентрация недоступна", "conc_A_reasons": "вне бассейна профиля: nw_atlantic_subtropical", "conc_A_model": "conc-A-c6bce5631d2b", "conc_B_items_km2": null, "conc_B_lo80": null, "conc_B_hi80": null, "conc_B_lo95": null, "conc_B_hi95": null, "conc_B_status": "unavailable", "conc_B_status_ru": "концентрация недоступна", "conc_B_reasons": "вне бассейна профиля: black_sea", "conc_B_model": "conc-B-c6bce5631d2b"}}, {"type": "Feature", "geometry": {"type": "Polygon", "coordinates": [[[29.700144496228628, 59.966984341138364], [29.700137191642774, 59.96689464779577], [29.699772077307415, 59.96681227815644], [29.69976477377886, 59.96672258478397], [29.699943678217164, 59.966718923065756], [29.69993637425216, 59.96662922970469], [29.70029418202538, 59.966621905567614], [29.70030148695547, 59.96671159890236], [29.700480391255468, 59.96670793645717], [29.700487696714212, 59.96679762977699], [29.70066660145065, 59.96679396707629], [29.700673907438045, 59.96688366038118], [29.70049500221906, 59.96688732309504], [29.700502307770023, 59.966977016411306], [29.700144496228628, 59.966984341138364]]]}, "properties": {"zone_id": "neva-2025-06-14-060", "aoi": "neva", "date": "2025-06-14", "scene_id": "S2B_MSIL2A_20250614T093029_R136_T36VUM_20250614T113630", "scene_datetime_utc": "2025-06-14T09:30:29.024000+00:00", "detection_status": "detected", "detection_status_ru": "обнаружено", "lon": 29.70022, "lat": 59.9668, "n_pixels": 4, "zone_area_km2": 0.0012, "cover_m2": 47.8, "p_mean": 0.941, "p_max": 0.976, "cover_m2_km2": 39833.3, "h3": "88110680dbfffff", "valid_frac_scene": 0.999, "wind_ms": 3.8, "sea": "спокойное", "scene_reliable": true, "field_event_id": "S3:HE419_MarLitter_transect28", "field_profile": "B", "field_date": "2014-04-11", "field_distance_km": 1396.6, "field_date_gap_days": 4082, "field_conc_items_km2": 43.1, "conc_A_items_km2": null, "conc_A_lo80": null, "conc_A_hi80": null, "conc_A_lo95": null, "conc_A_hi95": null, "conc_A_status": "unavailable", "conc_A_status_ru": "концентрация недоступна", "conc_A_reasons": "вне бассейна профиля: nw_atlantic_subtropical", "conc_A_model": "conc-A-c6bce5631d2b", "conc_B_items_km2": null, "conc_B_lo80": null, "conc_B_hi80": null, "conc_B_lo95": null, "conc_B_hi95": null, "conc_B_status": "unavailable", "conc_B_status_ru": "концентрация недоступна", "conc_B_reasons": "вне бассейна профиля: black_sea", "conc_B_model": "conc-B-c6bce5631d2b"}}, {"type": "Feature", "geometry": {"type": "Polygon", "coordinates": [[[30.174113781706843, 59.9643361238744], [30.17410519703901, 59.96424646857245], [30.173926381898497, 59.96425077266572], [30.173909213688574, 59.96407146202497], [30.174088027865814, 59.96406715796262], [30.174079443360444, 59.96397750265474], [30.174437070589185, 59.96396889383483], [30.174445656057824, 59.96405854911179], [30.174624470072587, 59.9640542443233], [30.174641642135605, 59.964233554840355], [30.174462827157566, 59.96423785965977], [30.174471412788684, 59.96432751493081], [30.174113781706843, 59.9643361238744]]]}, "properties": {"zone_id": "neva-2025-06-14-061", "aoi": "neva", "date": "2025-06-14", "scene_id": "S2B_MSIL2A_20250614T093029_R136_T36VUM_20250614T113630", "scene_datetime_utc": "2025-06-14T09:30:29.024000+00:00", "detection_status": "detected", "detection_status_ru": "обнаружено", "lon": 30.17428, "lat": 59.96415, "n_pixels": 4, "zone_area_km2": 0.0012, "cover_m2": 30.6, "p_mean": 0.91, "p_max": 1.0, "cover_m2_km2": 25500.0, "h3": "8811061687fffff", "valid_frac_scene": 0.999, "wind_ms": 3.8, "sea": "спокойное", "scene_reliable": true, "field_event_id": "S3:HE419_MarLitter_transect28", "field_profile": "B", "field_date": "2014-04-11", "field_distance_km": 1422.2, "field_date_gap_days": 4082, "field_conc_items_km2": 43.1, "conc_A_items_km2": null, "conc_A_lo80": null, "conc_A_hi80": null, "conc_A_lo95": null, "conc_A_hi95": null, "conc_A_status": "unavailable", "conc_A_status_ru": "концентрация недоступна", "conc_A_reasons": "вне бассейна профиля: nw_atlantic_subtropical", "conc_A_model": "conc-A-c6bce5631d2b", "conc_B_items_km2": null, "conc_B_lo80": null, "conc_B_hi80": null, "conc_B_lo95": null, "conc_B_hi95": null, "conc_B_status": "unavailable", "conc_B_status_ru": "концентрация недоступна", "conc_B_reasons": "вне бассейна профиля: black_sea", "conc_B_model": "conc-B-c6bce5631d2b"}}, {"type": "Feature", "geometry": {"type": "Polygon", "coordinates": [[[30.151684692022492, 59.96406534641073], [30.1516761680476, 59.96397568916482], [30.151497350496697, 59.96397996286267], [30.151488827057253, 59.96389030559942], [30.151667644126483, 59.96388603191692], [30.15165912025914, 59.96379637466711], [30.15202527810363, 59.96387748382576], [30.152033802988086, 59.96396714104293], [30.151854985544738, 59.9639714152249], [30.151863510001295, 59.96406107245545], [30.151684692022492, 59.96406534641073]]]}, "properties": {"zone_id": "neva-2025-06-14-062", "aoi": "neva", "date": "2025-06-14", "scene_id": "S2B_MSIL2A_20250614T093029_R136_T36VUM_20250614T113630", "scene_datetime_utc": "2025-06-14T09:30:29.024000+00:00", "detection_status": "detected", "detection_status_ru": "обнаружено", "lon": 30.15176, "lat": 59.96393, "n_pixels": 1, "zone_area_km2": 0.0005, "cover_m2": 6.7, "p_mean": 0.965, "p_max": 0.965, "cover_m2_km2": 13400.0, "h3": "881106168dfffff", "valid_frac_scene": 0.999, "wind_ms": 3.8, "sea": "спокойное", "scene_reliable": true, "field_event_id": "S3:HE419_MarLitter_transect28", "field_profile": "B", "field_date": "2014-04-11", "field_distance_km": 1421.0, "field_date_gap_days": 4082, "field_conc_items_km2": 43.1, "conc_A_items_km2": null, "conc_A_lo80": null, "conc_A_hi80": null, "conc_A_lo95": null, "conc_A_hi95": null, "conc_A_status": "unavailable", "conc_A_status_ru": "концентрация недоступна", "conc_A_reasons": "вне бассейна профиля: nw_atlantic_subtropical", "conc_A_model": "conc-A-c6bce5631d2b", "conc_B_items_km2": null, "conc_B_lo80": null, "conc_B_hi80": null, "conc_B_lo95": null, "conc_B_hi95": null, "conc_B_status": "unavailable", "conc_B_status_ru": "концентрация недоступна", "conc_B_reasons": "вне бассейна профиля: black_sea", "conc_B_model": "conc-B-c6bce5631d2b"}}, {"type": "Feature", "geometry": {"type": "Polygon", "coordinates": [[[30.15526957503976, 59.96406947825086], [30.155261041377653, 59.96397982131422], [30.155082224421108, 59.963984099868576], [30.155073691294497, 59.96389444291458], [30.15525250776937, 59.96389016437558], [30.15524397421492, 59.96380050743499], [30.155610140557613, 59.963881606571405], [30.15561867512922, 59.96397126347929], [30.155439858280353, 59.96397554251777], [30.155448392424137, 59.96406519943905], [30.15526957503976, 59.96406947825086]]]}, "properties": {"zone_id": "neva-2025-06-14-063", "aoi": "neva", "date": "2025-06-14", "scene_id": "S2B_MSIL2A_20250614T093029_R136_T36VUM_20250614T113630", "scene_datetime_utc": "2025-06-14T09:30:29.024000+00:00", "detection_status": "detected", "detection_status_ru": "обнаружено", "lon": 30.15535, "lat": 59.96393, "n_pixels": 1, "zone_area_km2": 0.0005, "cover_m2": 7.1, "p_mean": 0.961, "p_max": 0.961, "cover_m2_km2": 14200.0, "h3": "881106168dfffff", "valid_frac_scene": 0.999, "wind_ms": 3.8, "sea": "спокойное", "scene_reliable": true, "field_event_id": "S3:HE419_MarLitter_transect28", "field_profile": "B", "field_date": "2014-04-11", "field_distance_km": 1421.2, "field_date_gap_days": 4082, "field_conc_items_km2": 43.1, "conc_A_items_km2": null, "conc_A_lo80": null, "conc_A_hi80": null, "conc_A_lo95": null, "conc_A_hi95": null, "conc_A_status": "unavailable", "conc_A_status_ru": "концентрация недоступна", "conc_A_reasons": "вне бассейна профиля: nw_atlantic_subtropical", "conc_A_model": "conc-A-c6bce5631d2b", "conc_B_items_km2": null, "conc_B_lo80": null, "conc_B_hi80": null, "conc_B_lo95": null, "conc_B_hi95": null, "conc_B_status": "unavailable", "conc_B_status_ru": "концентрация недоступна", "conc_B_reasons": "вне бассейна профиля: black_sea", "conc_B_model": "conc-B-c6bce5631d2b"}}, {"type": "Feature", "geometry": {"type": "Polygon", "coordinates": [[[30.12448248307679, 59.95878192786434], [30.12447403439493, 59.95869226821146], [30.124295240654163, 59.95869650483617], [30.12427834441341, 59.95851718549408], [30.124457137191094, 59.958512948899816], [30.12444868866911, 59.95842328924109], [30.124814722586585, 59.95850447498524], [30.124831621716588, 59.95868379423599], [30.12448248307679, 59.95878192786434]]]}, "properties": {"zone_id": "neva-2025-06-14-064", "aoi": "neva", "date": "2025-06-14", "scene_id": "S2B_MSIL2A_20250614T093029_R136_T36VUM_20250614T113630", "scene_datetime_utc": "2025-06-14T09:30:29.024000+00:00", "detection_status": "detected", "detection_status_ru": "обнаружено", "lon": 30.12455, "lat": 59.9586, "n_pixels": 2, "zone_area_km2": 0.0008, "cover_m2": 14.5, "p_mean": 0.996, "p_max": 0.996, "cover_m2_km2": 18125.0, "h3": "88110616c5fffff", "valid_frac_scene": 0.999, "wind_ms": 3.8, "sea": "спокойное", "scene_reliable": true, "field_event_id": "S3:HE419_MarLitter_transect28", "field_profile": "B", "field_date": "2014-04-11", "field_distance_km": 1419.4, "field_date_gap_days": 4082, "field_conc_items_km2": 43.1, "conc_A_items_km2": null, "conc_A_lo80": null, "conc_A_hi80": null, "conc_A_lo95": null, "conc_A_hi95": null, "conc_A_status": "unavailable", "conc_A_status_ru": "концентрация недоступна", "conc_A_reasons": "вне бассейна профиля: nw_atlantic_subtropical", "conc_A_model": "conc-A-c6bce5631d2b", "conc_B_items_km2": null, "conc_B_lo80": null, "conc_B_hi80": null, "conc_B_lo95": null, "conc_B_hi95": null, "conc_B_status": "unavailable", "conc_B_status_ru": "концентрация недоступна", "conc_B_reasons": "вне бассейна профиля: black_sea", "conc_B_model": "conc-B-c6bce5631d2b"}}, {"type": "Feature", "geometry": {"type": "Polygon", "coordinates": [[[30.100107299691086, 59.958728257005106], [30.100098916873954, 59.95863859527659], [30.09992011928492, 59.95864279887905], [30.09989497259553, 59.95837381363656], [30.10007376873982, 59.95836961007943], [30.100065386134187, 59.958279948343154], [30.100431360869752, 59.958361202239026], [30.10045651189338, 59.95863018734556], [30.100107299691086, 59.958728257005106]]]}, "properties": {"zone_id": "neva-2025-06-14-065", "aoi": "neva", "date": "2025-06-14", "scene_id": "S2B_MSIL2A_20250614T093029_R136_T36VUM_20250614T113630", "scene_datetime_utc": "2025-06-14T09:30:29.024000+00:00", "detection_status": "detected", "detection_status_ru": "обнаружено", "lon": 30.10018, "lat": 59.9585, "n_pixels": 3, "zone_area_km2": 0.0011, "cover_m2": 16.9, "p_mean": 0.946, "p_max": 0.996, "cover_m2_km2": 15363.6, "h3": "881106161bfffff", "valid_frac_scene": 0.999, "wind_ms": 3.8, "sea": "спокойное", "scene_reliable": true, "field_event_id": "S3:HE419_MarLitter_transect28", "field_profile": "B", "field_date": "2014-04-11", "field_distance_km": 1418.0, "field_date_gap_days": 4082, "field_conc_items_km2": 43.1, "conc_A_items_km2": null, "conc_A_lo80": null, "conc_A_hi80": null, "conc_A_lo95": null, "conc_A_hi95": null, "conc_A_status": "unavailable", "conc_A_status_ru": "концентрация недоступна", "conc_A_reasons": "вне бассейна профиля: nw_atlantic_subtropical", "conc_A_model": "conc-A-c6bce5631d2b", "conc_B_items_km2": null, "conc_B_lo80": null, "conc_B_hi80": null, "conc_B_lo95": null, "conc_B_hi95": null, "conc_B_status": "unavailable", "conc_B_status_ru": "концентрация недоступна", "conc_B_reasons": "вне бассейна профиля: black_sea", "conc_B_model": "conc-B-c6bce5631d2b"}}, {"type": "Feature", "geometry": {"type": "Polygon", "coordinates": [[[30.133243334628546, 59.95857403603124], [30.133234862351518, 59.958484377125245], [30.13305607122557, 59.95848862560891], [30.133047599483504, 59.95839896668568], [30.13322639012793, 59.95839471821727], [30.13321791795778, 59.958305059307335], [30.133575498123275, 59.95829656167498], [30.133583971256456, 59.958386220554374], [30.133762761740556, 59.95838197135992], [30.1337712354087, 59.9584716302221], [30.133592444443078, 59.958475879431816], [30.133600917683154, 59.95856553830731], [30.133243334628546, 59.95857403603124]]]}, "properties": {"zone_id": "neva-2025-06-14-066", "aoi": "neva", "date": "2025-06-14", "scene_id": "S2B_MSIL2A_20250614T093029_R136_T36VUM_20250614T113630", "scene_datetime_utc": "2025-06-14T09:30:29.024000+00:00", "detection_status": "detected", "detection_status_ru": "обнаружено", "lon": 30.13341, "lat": 59.95844, "n_pixels": 2, "zone_area_km2": 0.0008, "cover_m2": 11.8, "p_mean": 0.982, "p_max": 0.988, "cover_m2_km2": 14750.0, "h3": "88110616ebfffff", "valid_frac_scene": 0.999, "wind_ms": 3.8, "sea": "спокойное", "scene_reliable": true, "field_event_id": "S3:HE419_MarLitter_transect28", "field_profile": "B", "field_date": "2014-04-11", "field_distance_km": 1419.8, "field_date_gap_days": 4082, "field_conc_items_km2": 43.1, "conc_A_items_km2": null, "conc_A_lo80": null, "conc_A_hi80": null, "conc_A_lo95": null, "conc_A_hi95": null, "conc_A_status": "unavailable", "conc_A_status_ru": "концентрация недоступна", "conc_A_reasons": "вне бассейна профиля: nw_atlantic_subtropical", "conc_A_model": "conc-A-c6bce5631d2b", "conc_B_items_km2": null, "conc_B_lo80": null, "conc_B_hi80": null, "conc_B_lo95": null, "conc_B_hi95": null, "conc_B_status": "unavailable", "conc_B_status_ru": "концентрация недоступна", "conc_B_reasons": "вне бассейна профиля: black_sea", "conc_B_model": "conc-B-c6bce5631d2b"}}, {"type": "Feature", "geometry": {"type": "Polygon", "coordinates": [[[30.12624506203646, 59.958470569646046], [30.126236608699138, 59.958380910139596], [30.126057816936026, 59.95838514913883], [30.126040911384386, 59.95820583008955], [30.126219702184443, 59.958201591120755], [30.126211249007078, 59.95811193160842], [30.1265772836246, 59.95819311245714], [30.126594192065397, 59.95837243141503], [30.12624506203646, 59.958470569646046]]]}, "properties": {"zone_id": "neva-2025-06-14-067", "aoi": "neva", "date": "2025-06-14", "scene_id": "S2B_MSIL2A_20250614T093029_R136_T36VUM_20250614T113630", "scene_datetime_utc": "2025-06-14T09:30:29.024000+00:00", "detection_status": "detected", "detection_status_ru": "обнаружено", "lon": 30.12632, "lat": 59.95829, "n_pixels": 2, "zone_area_km2": 0.0008, "cover_m2": 14.5, "p_mean": 0.996, "p_max": 0.996, "cover_m2_km2": 18125.0, "h3": "88110616c5fffff", "valid_frac_scene": 0.999, "wind_ms": 3.8, "sea": "спокойное", "scene_reliable": true, "field_event_id": "S3:HE419_MarLitter_transect28", "field_profile": "B", "field_date": "2014-04-11", "field_distance_km": 1419.5, "field_date_gap_days": 4082, "field_conc_items_km2": 43.1, "conc_A_items_km2": null, "conc_A_lo80": null, "conc_A_hi80": null, "conc_A_lo95": null, "conc_A_hi95": null, "conc_A_status": "unavailable", "conc_A_status_ru": "концентрация недоступна", "conc_A_reasons": "вне бассейна профиля: nw_atlantic_subtropical", "conc_A_model": "conc-A-c6bce5631d2b", "conc_B_items_km2": null, "conc_B_lo80": null, "conc_B_hi80": null, "conc_B_lo95": null, "conc_B_hi95": null, "conc_B_status": "unavailable", "conc_B_status_ru": "концентрация недоступна", "conc_B_reasons": "вне бассейна профиля: black_sea", "conc_B_model": "conc-B-c6bce5631d2b"}}, {"type": "Feature", "geometry": {"type": "Polygon", "coordinates": [[[30.126934864851453, 59.95818463282544], [30.126926409748002, 59.95809497337403], [30.126747619642757, 59.958099213295654], [30.12673071055887, 59.957919894356536], [30.126909499701082, 59.95791565446537], [30.126901044757613, 59.95782599500811], [30.127267077825504, 59.95790717395702], [30.127283989798485, 59.958086492804746], [30.126934864851453, 59.95818463282544]]]}, "properties": {"zone_id": "neva-2025-06-14-068", "aoi": "neva", "date": "2025-06-14", "scene_id": "S2B_MSIL2A_20250614T093029_R136_T36VUM_20250614T113630", "scene_datetime_utc": "2025-06-14T09:30:29.024000+00:00", "detection_status": "detected", "detection_status_ru": "обнаружено", "lon": 30.12701, "lat": 59.958, "n_pixels": 2, "zone_area_km2": 0.0008, "cover_m2": 12.9, "p_mean": 0.92, "p_max": 0.996, "cover_m2_km2": 16125.0, "h3": "88110616c5fffff", "valid_frac_scene": 0.999, "wind_ms": 3.8, "sea": "спокойное", "scene_reliable": true, "field_event_id": "S3:HE419_MarLitter_transect28", "field_profile": "B", "field_date": "2014-04-11", "field_distance_km": 1419.5, "field_date_gap_days": 4082, "field_conc_items_km2": 43.1, "conc_A_items_km2": null, "conc_A_lo80": null, "conc_A_hi80": null, "conc_A_lo95": null, "conc_A_hi95": null, "conc_A_status": "unavailable", "conc_A_status_ru": "концентрация недоступна", "conc_A_reasons": "вне бассейна профиля: nw_atlantic_subtropical", "conc_A_model": "conc-A-c6bce5631d2b", "conc_B_items_km2": null, "conc_B_lo80": null, "conc_B_hi80": null, "conc_B_lo95": null, "conc_B_hi95": null, "conc_B_status": "unavailable", "conc_B_status_ru": "концентрация недоступна", "conc_B_reasons": "вне бассейна профиля: black_sea", "conc_B_model": "conc-B-c6bce5631d2b"}}, {"type": "Feature", "geometry": {"type": "Polygon", "coordinates": [[[30.124892119122908, 59.957424322179456], [30.12488366979587, 59.95733466254299], [30.124704883437797, 59.957338899665444], [30.124696434645546, 59.95724924001179], [30.124875220522128, 59.95724500290458], [30.12486677130168, 59.95715534326422], [30.12522434193198, 59.95714686835421], [30.125232792115415, 59.95723652796415], [30.12541157783211, 59.957232290130904], [30.12542002855034, 59.95732194972363], [30.12524124235215, 59.9573261875721], [30.12524969264218, 59.95741584717811], [30.124892119122908, 59.957424322179456]]]}, "properties": {"zone_id": "neva-2025-06-14-069", "aoi": "neva", "date": "2025-06-14", "scene_id": "S2B_MSIL2A_20250614T093029_R136_T36VUM_20250614T113630", "scene_datetime_utc": "2025-06-14T09:30:29.024000+00:00", "detection_status": "detected", "detection_status_ru": "обнаружено", "lon": 30.12506, "lat": 59.95729, "n_pixels": 2, "zone_area_km2": 0.0008, "cover_m2": 12.5, "p_mean": 0.99, "p_max": 1.0, "cover_m2_km2": 15625.0, "h3": "88110616c5fffff", "valid_frac_scene": 0.999, "wind_ms": 3.8, "sea": "спокойное", "scene_reliable": true, "field_event_id": "S3:HE419_MarLitter_transect28", "field_profile": "B", "field_date": "2014-04-11", "field_distance_km": 1419.4, "field_date_gap_days": 4082, "field_conc_items_km2": 43.1, "conc_A_items_km2": null, "conc_A_lo80": null, "conc_A_hi80": null, "conc_A_lo95": null, "conc_A_hi95": null, "conc_A_status": "unavailable", "conc_A_status_ru": "концентрация недоступна", "conc_A_reasons": "вне бассейна профиля: nw_atlantic_subtropical", "conc_A_model": "conc-A-c6bce5631d2b", "conc_B_items_km2": null, "conc_B_lo80": null, "conc_B_hi80": null, "conc_B_lo95": null, "conc_B_hi95": null, "conc_B_status": "unavailable", "conc_B_status_ru": "концентрация недоступна", "conc_B_reasons": "вне бассейна профиля: black_sea", "conc_B_model": "conc-B-c6bce5631d2b"}}, {"type": "Feature", "geometry": {"type": "Polygon", "coordinates": [[[30.1273613053279, 59.957006339136484], [30.127352849473265, 59.956916679705415], [30.127174065787507, 59.95692092015505], [30.127157155201186, 59.956741601256624], [30.12733593792399, 59.95673736083745], [30.127327482229358, 59.95664770140055], [30.127693503209603, 59.95672887927313], [30.12771041668478, 59.95690819808016], [30.1273613053279, 59.957006339136484]]]}, "properties": {"zone_id": "neva-2025-06-14-070", "aoi": "neva", "date": "2025-06-14", "scene_id": "S2B_MSIL2A_20250614T093029_R136_T36VUM_20250614T113630", "scene_datetime_utc": "2025-06-14T09:30:29.024000+00:00", "detection_status": "detected", "detection_status_ru": "обнаружено", "lon": 30.12743, "lat": 59.95682, "n_pixels": 2, "zone_area_km2": 0.0008, "cover_m2": 12.2, "p_mean": 0.947, "p_max": 0.965, "cover_m2_km2": 15250.0, "h3": "88110616c5fffff", "valid_frac_scene": 0.999, "wind_ms": 3.8, "sea": "спокойное", "scene_reliable": true, "field_event_id": "S3:HE419_MarLitter_transect28", "field_profile": "B", "field_date": "2014-04-11", "field_distance_km": 1419.5, "field_date_gap_days": 4082, "field_conc_items_km2": 43.1, "conc_A_items_km2": null, "conc_A_lo80": null, "conc_A_hi80": null, "conc_A_lo95": null, "conc_A_hi95": null, "conc_A_status": "unavailable", "conc_A_status_ru": "концентрация недоступна", "conc_A_reasons": "вне бассейна профиля: nw_atlantic_subtropical", "conc_A_model": "conc-A-c6bce5631d2b", "conc_B_items_km2": null, "conc_B_lo80": null, "conc_B_hi80": null, "conc_B_lo95": null, "conc_B_hi95": null, "conc_B_status": "unavailable", "conc_B_status_ru": "концентрация недоступна", "conc_B_reasons": "вне бассейна профиля: black_sea", "conc_B_model": "conc-B-c6bce5631d2b"}}, {"type": "Feature", "geometry": {"type": "Polygon", "coordinates": [[[30.128084899297384, 59.95707903422516], [30.128076441463485, 59.956989374856995], [30.1278976575096, 59.956993616289864], [30.127889200210532, 59.95690395690453], [30.128067983682936, 59.956899715486884], [30.128059525955724, 59.95681005611481], [30.128238308893316, 59.95680581447042], [30.128229850737977, 59.95671615511165], [30.128051068281863, 59.956720396740806], [30.12804261066135, 59.95663073736484], [30.12786382863336, 59.95663497873677], [30.127855371547653, 59.95654531934362], [30.128034153094177, 59.956541077986934], [30.12802569558034, 59.95645141860706], [30.12838325755043, 59.95644293519815], [30.128391716027185, 59.956532594547525], [30.128570497413666, 59.956528352464844], [30.12858741549016, 59.9567076711273], [30.128408633140744, 59.956711913240476], [30.12842555046771, 59.956891231925574], [30.128604333780064, 59.95688698978193], [30.128612793005058, 59.95697664910634], [30.128434009211215, 59.956980891265225], [30.128442468008075, 59.9570705506029], [30.128084899297384, 59.95707903422516]]]}, "properties": {"zone_id": "neva-2025-06-14-071", "aoi": "neva", "date": "2025-06-14", "scene_id": "S2B_MSIL2A_20250614T093029_R136_T36VUM_20250614T113630", "scene_datetime_utc": "2025-06-14T09:30:29.024000+00:00", "detection_status": "detected", "detection_status_ru": "обнаружено", "lon": 30.12825, "lat": 59.95674, "n_pixels": 5, "zone_area_km2": 0.0018, "cover_m2": 30.6, "p_mean": 0.973, "p_max": 0.996, "cover_m2_km2": 17000.0, "h3": "88110616c5fffff", "valid_frac_scene": 0.999, "wind_ms": 3.8, "sea": "спокойное", "scene_reliable": true, "field_event_id": "S3:HE419_MarLitter_transect28", "field_profile": "B", "field_date": "2014-04-11", "field_distance_km": 1419.5, "field_date_gap_days": 4082, "field_conc_items_km2": 43.1, "conc_A_items_km2": null, "conc_A_lo80": null, "conc_A_hi80": null, "conc_A_lo95": null, "conc_A_hi95": null, "conc_A_status": "unavailable", "conc_A_status_ru": "концентрация недоступна", "conc_A_reasons": "вне бассейна профиля: nw_atlantic_subtropical", "conc_A_model": "conc-A-c6bce5631d2b", "conc_B_items_km2": null, "conc_B_lo80": null, "conc_B_hi80": null, "conc_B_lo95": null, "conc_B_hi95": null, "conc_B_status": "unavailable", "conc_B_status_ru": "концентрация недоступна", "conc_B_reasons": "вне бассейна профиля: black_sea", "conc_B_model": "conc-B-c6bce5631d2b"}}, {"type": "Feature", "geometry": {"type": "Polygon", "coordinates": [[[30.120354935327963, 59.95681289782867], [30.120346498464276, 59.95672323779634], [30.119980494888665, 59.95664203939073], [30.11997205909437, 59.95655237932412], [30.12015084202206, 59.956548148645986], [30.120142405799488, 59.95645848859264], [30.12049997053229, 59.95645002654077], [30.12050840771781, 59.95653968656371], [30.1208659732007, 59.95653122351342], [30.1208744114024, 59.95662088350402], [30.121053194545492, 59.95661665160067], [30.121061633281897, 59.95670631157414], [30.12088284965732, 59.95671054349269], [30.12089128796547, 59.956800203479425], [30.120354935327963, 59.95681289782867]]]}, "properties": {"zone_id": "neva-2025-06-14-072", "aoi": "neva", "date": "2025-06-14", "scene_id": "S2B_MSIL2A_20250614T093029_R136_T36VUM_20250614T113630", "scene_datetime_utc": "2025-06-14T09:30:29.024000+00:00", "detection_status": "detected", "detection_status_ru": "обнаружено", "lon": 30.1205, "lat": 59.95664, "n_pixels": 5, "zone_area_km2": 0.0015, "cover_m2": 36.5, "p_mean": 0.878, "p_max": 0.996, "cover_m2_km2": 24333.3, "h3": "8811061613fffff", "valid_frac_scene": 0.999, "wind_ms": 3.8, "sea": "спокойное", "scene_reliable": true, "field_event_id": "S3:HE419_MarLitter_transect28", "field_profile": "B", "field_date": "2014-04-11", "field_distance_km": 1419.1, "field_date_gap_days": 4082, "field_conc_items_km2": 43.1, "conc_A_items_km2": null, "conc_A_lo80": null, "conc_A_hi80": null, "conc_A_lo95": null, "conc_A_hi95": null, "conc_A_status": "unavailable", "conc_A_status_ru": "концентрация недоступна", "conc_A_reasons": "вне бассейна профиля: nw_atlantic_subtropical", "conc_A_model": "conc-A-c6bce5631d2b", "conc_B_items_km2": null, "conc_B_lo80": null, "conc_B_hi80": null, "conc_B_lo95": null, "conc_B_hi95": null, "conc_B_status": "unavailable", "conc_B_status_ru": "концентрация недоступна", "conc_B_reasons": "вне бассейна профиля: black_sea", "conc_B_model": "conc-B-c6bce5631d2b"}}, {"type": "Feature", "geometry": {"type": "Polygon", "coordinates": [[[30.125514305096655, 59.95642111577037], [30.125505854429957, 59.95633145617335], [30.125327073581335, 59.95633569409635], [30.125310173370764, 59.956156374866055], [30.125488953256465, 59.9561521369735], [30.125480502749667, 59.956062477370644], [30.125846512867955, 59.95614366046242], [30.125863415967284, 59.95632297960136], [30.125514305096655, 59.95642111577037]]]}, "properties": {"zone_id": "neva-2025-06-14-073", "aoi": "neva", "date": "2025-06-14", "scene_id": "S2B_MSIL2A_20250614T093029_R136_T36VUM_20250614T113630", "scene_datetime_utc": "2025-06-14T09:30:29.024000+00:00", "detection_status": "detected", "detection_status_ru": "обнаружено", "lon": 30.12559, "lat": 59.95624, "n_pixels": 2, "zone_area_km2": 0.0008, "cover_m2": 12.2, "p_mean": 0.816, "p_max": 0.984, "cover_m2_km2": 15250.0, "h3": "88110616c5fffff", "valid_frac_scene": 0.999, "wind_ms": 3.8, "sea": "спокойное", "scene_reliable": true, "field_event_id": "S3:HE419_MarLitter_transect28", "field_profile": "B", "field_date": "2014-04-11", "field_distance_km": 1419.4, "field_date_gap_days": 4082, "field_conc_items_km2": 43.1, "conc_A_items_km2": null, "conc_A_lo80": null, "conc_A_hi80": null, "conc_A_lo95": null, "conc_A_hi95": null, "conc_A_status": "unavailable", "conc_A_status_ru": "концентрация недоступна", "conc_A_reasons": "вне бассейна профиля: nw_atlantic_subtropical", "conc_A_model": "conc-A-c6bce5631d2b", "conc_B_items_km2": null, "conc_B_lo80": null, "conc_B_hi80": null, "conc_B_lo95": null, "conc_B_hi95": null, "conc_B_status": "unavailable", "conc_B_status_ru": "концентрация недоступна", "conc_B_reasons": "вне бассейна профиля: black_sea", "conc_B_model": "conc-B-c6bce5631d2b"}}, {"type": "Feature", "geometry": {"type": "Polygon", "coordinates": [[[30.125106044959985, 59.95589163361087], [30.125097595575973, 59.95580197397172], [30.124918817509492, 59.95580621131936], [30.124910368660213, 59.95571655166308], [30.125089146245255, 59.95571231433062], [30.125080696967824, 59.95562265468758], [30.125438251015144, 59.95561417932716], [30.125446701255456, 59.95570383893976], [30.12562547868061, 59.955699600881346], [30.125633929455656, 59.955789260476756], [30.125455151549062, 59.9557934985504], [30.125463601895962, 59.955883158159104], [30.125106044959985, 59.95589163361087]]]}, "properties": {"zone_id": "neva-2025-06-14-074", "aoi": "neva", "date": "2025-06-14", "scene_id": "S2B_MSIL2A_20250614T093029_R136_T36VUM_20250614T113630", "scene_datetime_utc": "2025-06-14T09:30:29.024000+00:00", "detection_status": "detected", "detection_status_ru": "обнаружено", "lon": 30.12527, "lat": 59.95575, "n_pixels": 2, "zone_area_km2": 0.0008, "cover_m2": 12.9, "p_mean": 0.971, "p_max": 0.976, "cover_m2_km2": 16125.0, "h3": "88110616e9fffff", "valid_frac_scene": 0.999, "wind_ms": 3.8, "sea": "спокойное", "scene_reliable": true, "field_event_id": "S3:HE419_MarLitter_transect28", "field_profile": "B", "field_date": "2014-04-11", "field_distance_km": 1419.3, "field_date_gap_days": 4082, "field_conc_items_km2": 43.1, "conc_A_items_km2": null, "conc_A_lo80": null, "conc_A_hi80": null, "conc_A_lo95": null, "conc_A_hi95": null, "conc_A_status": "unavailable", "conc_A_status_ru": "концентрация недоступна", "conc_A_reasons": "вне бассейна профиля: nw_atlantic_subtropical", "conc_A_model": "conc-A-c6bce5631d2b", "conc_B_items_km2": null, "conc_B_lo80": null, "conc_B_hi80": null, "conc_B_lo95": null, "conc_B_hi95": null, "conc_B_status": "unavailable", "conc_B_status_ru": "концентрация недоступна", "conc_B_reasons": "вне бассейна профиля: black_sea", "conc_B_model": "conc-B-c6bce5631d2b"}}, {"type": "Feature", "geometry": {"type": "Polygon", "coordinates": [[[30.12134324499336, 59.955890907453416], [30.121334805773063, 59.955801247492836], [30.121156027069617, 59.95580547974338], [30.121147588383995, 59.95571581976564], [30.121326366605985, 59.95571158753032], [30.121317927492143, 59.95562192756584], [30.121675482813554, 59.95561346239963], [30.12166704279004, 59.95552380246361], [30.122033037922034, 59.95560499626543], [30.122049920054536, 59.955784316070755], [30.121871141564018, 59.95578854928928], [30.12187958222868, 59.955878209204236], [30.12134324499336, 59.955890907453416]]]}, "properties": {"zone_id": "neva-2025-06-14-075", "aoi": "neva", "date": "2025-06-14", "scene_id": "S2B_MSIL2A_20250614T093029_R136_T36VUM_20250614T113630", "scene_datetime_utc": "2025-06-14T09:30:29.024000+00:00", "detection_status": "detected", "detection_status_ru": "обнаружено", "lon": 30.12164, "lat": 59.95573, "n_pixels": 4, "zone_area_km2": 0.0013, "cover_m2": 29.4, "p_mean": 0.895, "p_max": 0.98, "cover_m2_km2": 22615.4, "h3": "8811061613fffff", "valid_frac_scene": 0.999, "wind_ms": 3.8, "sea": "спокойное", "scene_reliable": true, "field_event_id": "S3:HE419_MarLitter_transect28", "field_profile": "B", "field_date": "2014-04-11", "field_distance_km": 1419.1, "field_date_gap_days": 4082, "field_conc_items_km2": 43.1, "conc_A_items_km2": null, "conc_A_lo80": null, "conc_A_hi80": null, "conc_A_lo95": null, "conc_A_hi95": null, "conc_A_status": "unavailable", "conc_A_status_ru": "концентрация недоступна", "conc_A_reasons": "вне бассейна профиля: nw_atlantic_subtropical", "conc_A_model": "conc-A-c6bce5631d2b", "conc_B_items_km2": null, "conc_B_lo80": null, "conc_B_hi80": null, "conc_B_lo95": null, "conc_B_hi95": null, "conc_B_status": "unavailable", "conc_B_status_ru": "концентрация недоступна", "conc_B_reasons": "вне бассейна профиля: black_sea", "conc_B_model": "conc-B-c6bce5631d2b"}}, {"type": "Feature", "geometry": {"type": "Polygon", "coordinates": [[[30.174446876476615, 59.954712871427475], [30.174438294231432, 59.95462321602276], [30.174259530987946, 59.954627520155555], [30.174250949278196, 59.954537864733446], [30.174429712040368, 59.95453356061611], [30.174421129903426, 59.95444390520748], [30.174599892130168, 59.95443960086365], [30.17459130956605, 59.95434994546851], [30.174957416421268, 59.954430991450145], [30.174974583637127, 59.95461030217269], [30.174795820556024, 59.954614607031324], [30.17480440376384, 59.95470426240511], [30.174446876476615, 59.954712871427475]]]}, "properties": {"zone_id": "neva-2025-06-14-076", "aoi": "neva", "date": "2025-06-14", "scene_id": "S2B_MSIL2A_20250614T093029_R136_T36VUM_20250614T113630", "scene_datetime_utc": "2025-06-14T09:30:29.024000+00:00", "detection_status": "detected", "detection_status_ru": "обнаружено", "lon": 30.17464, "lat": 59.95454, "n_pixels": 3, "zone_area_km2": 0.001, "cover_m2": 18.8, "p_mean": 0.967, "p_max": 0.996, "cover_m2_km2": 18800.0, "h3": "88110616abfffff", "valid_frac_scene": 0.999, "wind_ms": 3.8, "sea": "спокойное", "scene_reliable": true, "field_event_id": "S3:HE419_MarLitter_transect28", "field_profile": "B", "field_date": "2014-04-11", "field_distance_km": 1422.0, "field_date_gap_days": 4082, "field_conc_items_km2": 43.1, "conc_A_items_km2": null, "conc_A_lo80": null, "conc_A_hi80": null, "conc_A_lo95": null, "conc_A_hi95": null, "conc_A_status": "unavailable", "conc_A_status_ru": "концентрация недоступна", "conc_A_reasons": "вне бассейна профиля: nw_atlantic_subtropical", "conc_A_model": "conc-A-c6bce5631d2b", "conc_B_items_km2": null, "conc_B_lo80": null, "conc_B_hi80": null, "conc_B_lo95": null, "conc_B_hi95": null, "conc_B_status": "unavailable", "conc_B_status_ru": "концентрация недоступна", "conc_B_reasons": "вне бассейна профиля: black_sea", "conc_B_model": "conc-B-c6bce5631d2b"}}, {"type": "Feature", "geometry": {"type": "Polygon", "coordinates": [[[30.123200037956355, 59.95467875909399], [30.12319159413245, 59.954589099275395], [30.12301282227322, 59.95459333399012], [30.122995935747973, 59.954414014316626], [30.123174706644388, 59.954409779632336], [30.123166262980234, 59.954320119807875], [30.12353224827745, 59.9544013095378], [30.123549137691125, 59.95458062912], [30.123200037956355, 59.95467875909399]]]}, "properties": {"zone_id": "neva-2025-06-14-077", "aoi": "neva", "date": "2025-06-14", "scene_id": "S2B_MSIL2A_20250614T093029_R136_T36VUM_20250614T113630", "scene_datetime_utc": "2025-06-14T09:30:29.024000+00:00", "detection_status": "detected", "detection_status_ru": "обнаружено", "lon": 30.12327, "lat": 59.9545, "n_pixels": 2, "zone_area_km2": 0.0008, "cover_m2": 11.0, "p_mean": 0.827, "p_max": 0.996, "cover_m2_km2": 13750.0, "h3": "88110616e9fffff", "valid_frac_scene": 0.999, "wind_ms": 3.8, "sea": "спокойное", "scene_reliable": true, "field_event_id": "S3:HE419_MarLitter_transect28", "field_profile": "B", "field_date": "2014-04-11", "field_distance_km": 1419.2, "field_date_gap_days": 4082, "field_conc_items_km2": 43.1, "conc_A_items_km2": null, "conc_A_lo80": null, "conc_A_hi80": null, "conc_A_lo95": null, "conc_A_hi95": null, "conc_A_status": "unavailable", "conc_A_status_ru": "концентрация недоступна", "conc_A_reasons": "вне бассейна профиля: nw_atlantic_subtropical", "conc_A_model": "conc-A-c6bce5631d2b", "conc_B_items_km2": null, "conc_B_lo80": null, "conc_B_hi80": null, "conc_B_lo95": null, "conc_B_hi95": null, "conc_B_status": "unavailable", "conc_B_status_ru": "концентрация недоступна", "conc_B_reasons": "вне бассейна профиля: black_sea", "conc_B_model": "conc-B-c6bce5631d2b"}}, {"type": "Feature", "geometry": {"type": "Polygon", "coordinates": [[[30.12169389990306, 59.953905690625234], [30.121685460409495, 59.95381603066744], [30.12150669245693, 59.953820263309424], [30.121498253497972, 59.95373060333447], [30.121677020969155, 59.95372637070769], [30.12166858158204, 59.95363671074598], [30.122034555751842, 59.95371790472817], [30.122042996154946, 59.95380756465751], [30.121864228308834, 59.95381179778347], [30.121872668283793, 59.95390145772607], [30.12169389990306, 59.953905690625234]]]}, "properties": {"zone_id": "neva-2025-06-14-078", "aoi": "neva", "date": "2025-06-14", "scene_id": "S2B_MSIL2A_20250614T093029_R136_T36VUM_20250614T113630", "scene_datetime_utc": "2025-06-14T09:30:29.024000+00:00", "detection_status": "detected", "detection_status_ru": "обнаружено", "lon": 30.12177, "lat": 59.95377, "n_pixels": 1, "zone_area_km2": 0.0005, "cover_m2": 5.1, "p_mean": 0.937, "p_max": 0.937, "cover_m2_km2": 10200.0, "h3": "8811061613fffff", "valid_frac_scene": 0.999, "wind_ms": 3.8, "sea": "спокойное", "scene_reliable": true, "field_event_id": "S3:HE419_MarLitter_transect28", "field_profile": "B", "field_date": "2014-04-11", "field_distance_km": 1419.1, "field_date_gap_days": 4082, "field_conc_items_km2": 43.1, "conc_A_items_km2": null, "conc_A_lo80": null, "conc_A_hi80": null, "conc_A_lo95": null, "conc_A_hi95": null, "conc_A_status": "unavailable", "conc_A_status_ru": "концентрация недоступна", "conc_A_reasons": "вне бассейна профиля: nw_atlantic_subtropical", "conc_A_model": "conc-A-c6bce5631d2b", "conc_B_items_km2": null, "conc_B_lo80": null, "conc_B_hi80": null, "conc_B_lo95": null, "conc_B_hi95": null, "conc_B_status": "unavailable", "conc_B_status_ru": "концентрация недоступна", "conc_B_reasons": "вне бассейна профиля: black_sea", "conc_B_model": "conc-B-c6bce5631d2b"}}, {"type": "Feature", "geometry": {"type": "Polygon", "coordinates": [[[30.1768722640373, 59.95384569118233], [30.176863675541234, 59.95375603597644], [30.17668491738741, 59.953760343357324], [30.17666774152032, 59.95358103290865], [30.176846498711587, 59.9535767255587], [30.176837910378, 59.95348707034687], [30.177204012931632, 59.95356811013298], [30.177221191686385, 59.95374742048881], [30.1768722640373, 59.95384569118233]]]}, "properties": {"zone_id": "neva-2025-06-14-079", "aoi": "neva", "date": "2025-06-14", "scene_id": "S2B_MSIL2A_20250614T093029_R136_T36VUM_20250614T113630", "scene_datetime_utc": "2025-06-14T09:30:29.024000+00:00", "detection_status": "detected", "detection_status_ru": "обнаружено", "lon": 30.17694, "lat": 59.95366, "n_pixels": 2, "zone_area_km2": 0.0008, "cover_m2": 14.5, "p_mean": 0.935, "p_max": 0.973, "cover_m2_km2": 18125.0, "h3": "88110616a1fffff", "valid_frac_scene": 0.999, "wind_ms": 3.8, "sea": "спокойное", "scene_reliable": true, "field_event_id": "S3:HE419_MarLitter_transect28", "field_profile": "B", "field_date": "2014-04-11", "field_distance_km": 1422.1, "field_date_gap_days": 4082, "field_conc_items_km2": 43.1, "conc_A_items_km2": null, "conc_A_lo80": null, "conc_A_hi80": null, "conc_A_lo95": null, "conc_A_hi95": null, "conc_A_status": "unavailable", "conc_A_status_ru": "концентрация недоступна", "conc_A_reasons": "вне бассейна профиля: nw_atlantic_subtropical", "conc_A_model": "conc-A-c6bce5631d2b", "conc_B_items_km2": null, "conc_B_lo80": null, "conc_B_hi80": null, "conc_B_lo95": null, "conc_B_hi95": null, "conc_B_status": "unavailable", "conc_B_status_ru": "концентрация недоступна", "conc_B_reasons": "вне бассейна профиля: black_sea", "conc_B_model": "conc-B-c6bce5631d2b"}}, {"type": "Feature", "geometry": {"type": "Polygon", "coordinates": [[[30.111827905329918, 59.95377948424616], [30.11181949252551, 59.953689823445586], [30.111640723575782, 59.95369404271796], [30.111623899088933, 59.9535147210807], [30.111802667075867, 59.95351050183864], [30.11179425443063, 59.953420841032255], [30.11215178928255, 59.95341240185252], [30.112160202890568, 59.95350206262859], [30.112338970718323, 59.953497842660596], [30.112355799056328, 59.95367716417659], [30.11217703026578, 59.9536813841749], [30.11218544403299, 59.95377104494516], [30.111827905329918, 59.95377948424616]]]}, "properties": {"zone_id": "neva-2025-06-14-080", "aoi": "neva", "date": "2025-06-14", "scene_id": "S2B_MSIL2A_20250614T093029_R136_T36VUM_20250614T113630", "scene_datetime_utc": "2025-06-14T09:30:29.024000+00:00", "detection_status": "detected", "detection_status_ru": "обнаружено", "lon": 30.11199, "lat": 59.9536, "n_pixels": 4, "zone_area_km2": 0.0012, "cover_m2": 27.1, "p_mean": 0.99, "p_max": 0.996, "cover_m2_km2": 22583.3, "h3": "8811061613fffff", "valid_frac_scene": 0.999, "wind_ms": 3.8, "sea": "спокойное", "scene_reliable": true, "field_event_id": "S3:HE419_MarLitter_transect28", "field_profile": "B", "field_date": "2014-04-11", "field_distance_km": 1418.6, "field_date_gap_days": 4082, "field_conc_items_km2": 43.1, "conc_A_items_km2": null, "conc_A_lo80": null, "conc_A_hi80": null, "conc_A_lo95": null, "conc_A_hi95": null, "conc_A_status": "unavailable", "conc_A_status_ru": "концентрация недоступна", "conc_A_reasons": "вне бассейна профиля: nw_atlantic_subtropical", "conc_A_model": "conc-A-c6bce5631d2b", "conc_B_items_km2": null, "conc_B_lo80": null, "conc_B_hi80": null, "conc_B_lo95": null, "conc_B_hi95": null, "conc_B_status": "unavailable", "conc_B_status_ru": "концентрация недоступна", "conc_B_reasons": "вне бассейна профиля: black_sea", "conc_B_model": "conc-B-c6bce5631d2b"}}, {"type": "Feature", "geometry": {"type": "Polygon", "coordinates": [[[30.124366973309193, 59.9537525120003], [30.124358526648166, 59.95366285226872], [30.12417975997568, 59.95366708852515], [30.12416286777618, 59.95348776902574], [30.124341633485923, 59.95348353279973], [30.124333186984707, 59.95339387306232], [30.124699164745596, 59.95347505962185], [30.124716059833318, 59.95365437902994], [30.124366973309193, 59.9537525120003]]]}, "properties": {"zone_id": "neva-2025-06-14-081", "aoi": "neva", "date": "2025-06-14", "scene_id": "S2B_MSIL2A_20250614T093029_R136_T36VUM_20250614T113630", "scene_datetime_utc": "2025-06-14T09:30:29.024000+00:00", "detection_status": "detected", "detection_status_ru": "обнаружено", "lon": 30.12444, "lat": 59.95357, "n_pixels": 2, "zone_area_km2": 0.0008, "cover_m2": 11.4, "p_mean": 0.984, "p_max": 0.984, "cover_m2_km2": 14250.0, "h3": "88110616e9fffff", "valid_frac_scene": 0.999, "wind_ms": 3.8, "sea": "спокойное", "scene_reliable": true, "field_event_id": "S3:HE419_MarLitter_transect28", "field_profile": "B", "field_date": "2014-04-11", "field_distance_km": 1419.2, "field_date_gap_days": 4082, "field_conc_items_km2": 43.1, "conc_A_items_km2": null, "conc_A_lo80": null, "conc_A_hi80": null, "conc_A_lo95": null, "conc_A_hi95": null, "conc_A_status": "unavailable", "conc_A_status_ru": "концентрация недоступна", "conc_A_reasons": "вне бассейна профиля: nw_atlantic_subtropical", "conc_A_model": "conc-A-c6bce5631d2b", "conc_B_items_km2": null, "conc_B_lo80": null, "conc_B_hi80": null, "conc_B_lo95": null, "conc_B_hi95": null, "conc_B_status": "unavailable", "conc_B_status_ru": "концентрация недоступна", "conc_B_reasons": "вне бассейна профиля: black_sea", "conc_B_model": "conc-B-c6bce5631d2b"}}, {"type": "Feature", "geometry": {"type": "Polygon", "coordinates": [[[30.129023359832498, 59.95373194333826], [30.12901490060252, 59.95364228400459], [30.128836134834692, 59.95364652656756], [30.1288192174975, 59.95346720786392], [30.128997982302604, 59.95346296533143], [30.12898952323267, 59.95337330599192], [30.12934705172011, 59.953364820231535], [30.12935551175276, 59.95345447954057], [30.129534276397802, 59.953450236282166], [30.129551197585887, 59.95362955486388], [30.129372431978116, 59.95363379815276], [30.12938089217083, 59.953723457455936], [30.129023359832498, 59.95373194333826]]]}, "properties": {"zone_id": "neva-2025-06-14-082", "aoi": "neva", "date": "2025-06-14", "scene_id": "S2B_MSIL2A_20250614T093029_R136_T36VUM_20250614T113630", "scene_datetime_utc": "2025-06-14T09:30:29.024000+00:00", "detection_status": "detected", "detection_status_ru": "обнаружено", "lon": 30.12919, "lat": 59.95355, "n_pixels": 4, "zone_area_km2": 0.0012, "cover_m2": 25.1, "p_mean": 0.865, "p_max": 1.0, "cover_m2_km2": 20916.7, "h3": "88110616e9fffff", "valid_frac_scene": 0.999, "wind_ms": 3.8, "sea": "спокойное", "scene_reliable": true, "field_event_id": "S3:HE419_MarLitter_transect28", "field_profile": "B", "field_date": "2014-04-11", "field_distance_km": 1419.5, "field_date_gap_days": 4082, "field_conc_items_km2": 43.1, "conc_A_items_km2": null, "conc_A_lo80": null, "conc_A_hi80": null, "conc_A_lo95": null, "conc_A_hi95": null, "conc_A_status": "unavailable", "conc_A_status_ru": "концентрация недоступна", "conc_A_reasons": "вне бассейна профиля: nw_atlantic_subtropical", "conc_A_model": "conc-A-c6bce5631d2b", "conc_B_items_km2": null, "conc_B_lo80": null, "conc_B_hi80": null, "conc_B_lo95": null, "conc_B_hi95": null, "conc_B_status": "unavailable", "conc_B_status_ru": "концентрация недоступна", "conc_B_reasons": "вне бассейна профиля: black_sea", "conc_B_model": "conc-B-c6bce5631d2b"}}, {"type": "Feature", "geometry": {"type": "Polygon", "coordinates": [[[30.11479961112064, 59.952990434938414], [30.114791190557373, 59.9529007743801], [30.114425242564227, 59.95281956007686], [30.11441682306989, 59.952729899484325], [30.11459558635657, 59.952725676491966], [30.11458716643397, 59.95263601591266], [30.114944691885313, 59.95262756923236], [30.11495311277063, 59.95271722978133], [30.11513187589799, 59.95271300606306], [30.11514871879066, 59.952892327124815], [30.11479961112064, 59.952990434938414]]]}, "properties": {"zone_id": "neva-2025-06-14-083", "aoi": "neva", "date": "2025-06-14", "scene_id": "S2B_MSIL2A_20250614T093029_R136_T36VUM_20250614T113630", "scene_datetime_utc": "2025-06-14T09:30:29.024000+00:00", "detection_status": "detected", "detection_status_ru": "обнаружено", "lon": 30.11481, "lat": 59.9528, "n_pixels": 3, "zone_area_km2": 0.001, "cover_m2": 20.0, "p_mean": 0.94, "p_max": 1.0, "cover_m2_km2": 20000.0, "h3": "8811061613fffff", "valid_frac_scene": 0.999, "wind_ms": 3.8, "sea": "спокойное", "scene_reliable": true, "field_event_id": "S3:HE419_MarLitter_transect28", "field_profile": "B", "field_date": "2014-04-11", "field_distance_km": 1418.7, "field_date_gap_days": 4082, "field_conc_items_km2": 43.1, "conc_A_items_km2": null, "conc_A_lo80": null, "conc_A_hi80": null, "conc_A_lo95": null, "conc_A_hi95": null, "conc_A_status": "unavailable", "conc_A_status_ru": "концентрация недоступна", "conc_A_reasons": "вне бассейна профиля: nw_atlantic_subtropical", "conc_A_model": "conc-A-c6bce5631d2b", "conc_B_items_km2": null, "conc_B_lo80": null, "conc_B_hi80": null, "conc_B_lo95": null, "conc_B_hi95": null, "conc_B_status": "unavailable", "conc_B_status_ru": "концентрация недоступна", "conc_B_reasons": "вне бассейна профиля: black_sea", "conc_B_model": "conc-B-c6bce5631d2b"}}, {"type": "Feature", "geometry": {"type": "Polygon", "coordinates": [[[29.856582217483496, 59.95227830273172], [29.85657449460358, 59.95218862107667], [29.856395692202177, 59.95219249449739], [29.85638796985277, 59.95210281282662], [29.856566771772385, 59.9520989394198], [29.8565590489899, 59.952009257761134], [29.856737850379005, 59.95200538412614], [29.856730127163452, 59.95191570247952], [29.85708772883193, 59.95190795451109], [29.857095453011063, 59.95199763612986], [29.857274254254, 59.95199376176858], [29.85728970372202, 59.95217312497276], [29.857110901515494, 59.95217699936191], [29.8571186258408, 59.95226668097518], [29.856582217483496, 59.95227830273172]]]}, "properties": {"zone_id": "neva-2025-06-14-084", "aoi": "neva", "date": "2025-06-14", "scene_id": "S2B_MSIL2A_20250614T093029_R136_T36VUM_20250614T113630", "scene_datetime_utc": "2025-06-14T09:30:29.024000+00:00", "detection_status": "detected", "detection_status_ru": "обнаружено", "lon": 29.85687, "lat": 59.9521, "n_pixels": 5, "zone_area_km2": 0.0014, "cover_m2": 60.0, "p_mean": 0.845, "p_max": 0.973, "cover_m2_km2": 42857.1, "h3": "8811068ec5fffff", "valid_frac_scene": 0.999, "wind_ms": 3.8, "sea": "спокойное", "scene_reliable": true, "field_event_id": "S3:HE419_MarLitter_transect28", "field_profile": "B", "field_date": "2014-04-11", "field_distance_km": 1404.7, "field_date_gap_days": 4082, "field_conc_items_km2": 43.1, "conc_A_items_km2": null, "conc_A_lo80": null, "conc_A_hi80": null, "conc_A_lo95": null, "conc_A_hi95": null, "conc_A_status": "unavailable", "conc_A_status_ru": "концентрация недоступна", "conc_A_reasons": "вне бассейна профиля: nw_atlantic_subtropical", "conc_A_model": "conc-A-c6bce5631d2b", "conc_B_items_km2": null, "conc_B_lo80": null, "conc_B_hi80": null, "conc_B_lo95": null, "conc_B_hi95": null, "conc_B_status": "unavailable", "conc_B_status_ru": "концентрация недоступна", "conc_B_reasons": "вне бассейна профиля: black_sea", "conc_B_model": "conc-B-c6bce5631d2b"}}, {"type": "Feature", "geometry": {"type": "Polygon", "coordinates": [[[30.117848791778446, 59.951121168452396], [30.117840363613745, 59.95103150812842], [30.117661610000347, 59.951035735444854], [30.117644754792998, 59.950856414760636], [30.117823507443806, 59.95085218747456], [30.11781507943856, 59.95076252714475], [30.118181012585968, 59.95084373217656], [30.118197870681087, 59.95102305276966], [30.117848791778446, 59.951121168452396]]]}, "properties": {"zone_id": "neva-2025-06-14-085", "aoi": "neva", "date": "2025-06-14", "scene_id": "S2B_MSIL2A_20250614T093029_R136_T36VUM_20250614T113630", "scene_datetime_utc": "2025-06-14T09:30:29.024000+00:00", "detection_status": "detected", "detection_status_ru": "обнаружено", "lon": 30.11792, "lat": 59.95094, "n_pixels": 2, "zone_area_km2": 0.0008, "cover_m2": 12.2, "p_mean": 0.98, "p_max": 0.992, "cover_m2_km2": 15250.0, "h3": "8811061613fffff", "valid_frac_scene": 0.999, "wind_ms": 3.8, "sea": "спокойное", "scene_reliable": true, "field_event_id": "S3:HE419_MarLitter_transect28", "field_profile": "B", "field_date": "2014-04-11", "field_distance_km": 1418.8, "field_date_gap_days": 4082, "field_conc_items_km2": 43.1, "conc_A_items_km2": null, "conc_A_lo80": null, "conc_A_hi80": null, "conc_A_lo95": null, "conc_A_hi95": null, "conc_A_status": "unavailable", "conc_A_status_ru": "концентрация недоступна", "conc_A_reasons": "вне бассейна профиля: nw_atlantic_subtropical", "conc_A_model": "conc-A-c6bce5631d2b", "conc_B_items_km2": null, "conc_B_lo80": null, "conc_B_hi80": null, "conc_B_lo95": null, "conc_B_hi95": null, "conc_B_status": "unavailable", "conc_B_status_ru": "концентрация недоступна", "conc_B_reasons": "вне бассейна профиля: black_sea", "conc_B_model": "conc-B-c6bce5631d2b"}}, {"type": "Feature", "geometry": {"type": "Polygon", "coordinates": [[[30.121739175175623, 59.950579805974385], [30.121730736688555, 59.950490145974946], [30.121551986651564, 59.950494378538316], [30.12154354869898, 59.950404718521696], [30.121722298254703, 59.95040048597354], [30.12171385987406, 59.95031082597019], [30.1220797972065, 59.95039202015139], [30.122088236602895, 59.9504816801224], [30.121909486672333, 59.95048591316965], [30.12191792564067, 59.95057557315388], [30.121739175175623, 59.950579805974385]]]}, "properties": {"zone_id": "neva-2025-06-14-086", "aoi": "neva", "date": "2025-06-14", "scene_id": "S2B_MSIL2A_20250614T093029_R136_T36VUM_20250614T113630", "scene_datetime_utc": "2025-06-14T09:30:29.024000+00:00", "detection_status": "detected", "detection_status_ru": "обнаружено", "lon": 30.12182, "lat": 59.95044, "n_pixels": 1, "zone_area_km2": 0.0005, "cover_m2": 6.3, "p_mean": 0.988, "p_max": 0.988, "cover_m2_km2": 12600.0, "h3": "8811061617fffff", "valid_frac_scene": 0.999, "wind_ms": 3.8, "sea": "спокойное", "scene_reliable": true, "field_event_id": "S3:HE419_MarLitter_transect28", "field_profile": "B", "field_date": "2014-04-11", "field_distance_km": 1419.0, "field_date_gap_days": 4082, "field_conc_items_km2": 43.1, "conc_A_items_km2": null, "conc_A_lo80": null, "conc_A_hi80": null, "conc_A_lo95": null, "conc_A_hi95": null, "conc_A_status": "unavailable", "conc_A_status_ru": "концентрация недоступна", "conc_A_reasons": "вне бассейна профиля: nw_atlantic_subtropical", "conc_A_model": "conc-A-c6bce5631d2b", "conc_B_items_km2": null, "conc_B_lo80": null, "conc_B_hi80": null, "conc_B_lo95": null, "conc_B_hi95": null, "conc_B_status": "unavailable", "conc_B_status_ru": "концентрация недоступна", "conc_B_reasons": "вне бассейна профиля: black_sea", "conc_B_model": "conc-B-c6bce5631d2b"}}, {"type": "Feature", "geometry": {"type": "Polygon", "coordinates": [[[30.06150222434092, 59.95010536808621], [30.061493948684127, 59.95001570298674], [30.061315191047374, 59.95001985393519], [30.06130691592414, 59.9499301888189], [30.061485673079527, 59.94992603788534], [30.061477397527117, 59.94983637278201], [30.06183491071861, 59.949828070218814], [30.061843187233745, 59.949917735292296], [30.062021944232555, 59.94991358363283], [30.06203022128124, 59.95000324868948], [30.061851463801062, 59.95000740036386], [30.06185974042059, 59.950097065433525], [30.06150222434092, 59.95010536808621]]]}, "properties": {"zone_id": "neva-2025-06-14-087", "aoi": "neva", "date": "2025-06-14", "scene_id": "S2B_MSIL2A_20250614T093029_R136_T36VUM_20250614T113630", "scene_datetime_utc": "2025-06-14T09:30:29.024000+00:00", "detection_status": "detected", "detection_status_ru": "обнаружено", "lon": 30.06167, "lat": 59.94997, "n_pixels": 2, "zone_area_km2": 0.0008, "cover_m2": 12.2, "p_mean": 0.984, "p_max": 0.992, "cover_m2_km2": 15250.0, "h3": "8811061651fffff", "valid_frac_scene": 0.999, "wind_ms": 3.8, "sea": "спокойное", "scene_reliable": true, "field_event_id": "S3:HE419_MarLitter_transect28", "field_profile": "B", "field_date": "2014-04-11", "field_distance_km": 1415.7, "field_date_gap_days": 4082, "field_conc_items_km2": 43.1, "conc_A_items_km2": null, "conc_A_lo80": null, "conc_A_hi80": null, "conc_A_lo95": null, "conc_A_hi95": null, "conc_A_status": "unavailable", "conc_A_status_ru": "концентрация недоступна", "conc_A_reasons": "вне бассейна профиля: nw_atlantic_subtropical", "conc_A_model": "conc-A-c6bce5631d2b", "conc_B_items_km2": null, "conc_B_lo80": null, "conc_B_hi80": null, "conc_B_lo95": null, "conc_B_hi95": null, "conc_B_status": "unavailable", "conc_B_status_ru": "концентрация недоступна", "conc_B_reasons": "вне бассейна профиля: black_sea", "conc_B_model": "conc-B-c6bce5631d2b"}}, {"type": "Feature", "geometry": {"type": "Polygon", "coordinates": [[[30.122144972538976, 59.94347126667264], [30.122136535368202, 59.943381606610565], [30.12195782366136, 59.943385839424344], [30.121940950441463, 59.94320651926397], [30.122119661186243, 59.94320228648056], [30.122111224175057, 59.94311262641265], [30.122468644542998, 59.94310416015067], [30.12247708251623, 59.94319382018818], [30.122655793101423, 59.94318958667915], [30.12267267016954, 59.94336890671792], [30.122493958622293, 59.94337314025735], [30.122502396755124, 59.94346280028902], [30.122144972538976, 59.94347126667264]]]}, "properties": {"zone_id": "neva-2025-06-14-088", "aoi": "neva", "date": "2025-06-14", "scene_id": "S2B_MSIL2A_20250614T093029_R136_T36VUM_20250614T113630", "scene_datetime_utc": "2025-06-14T09:30:29.024000+00:00", "detection_status": "detected", "detection_status_ru": "обнаружено", "lon": 30.12231, "lat": 59.94329, "n_pixels": 4, "zone_area_km2": 0.0012, "cover_m2": 36.1, "p_mean": 0.953, "p_max": 0.996, "cover_m2_km2": 30083.3, "h3": "8811061617fffff", "valid_frac_scene": 0.999, "wind_ms": 3.8, "sea": "спокойное", "scene_reliable": true, "field_event_id": "S3:HE419_MarLitter_transect28", "field_profile": "B", "field_date": "2014-04-11", "field_distance_km": 1418.9, "field_date_gap_days": 4082, "field_conc_items_km2": 43.1, "conc_A_items_km2": null, "conc_A_lo80": null, "conc_A_hi80": null, "conc_A_lo95": null, "conc_A_hi95": null, "conc_A_status": "unavailable", "conc_A_status_ru": "концентрация недоступна", "conc_A_reasons": "вне бассейна профиля: nw_atlantic_subtropical", "conc_A_model": "conc-A-c6bce5631d2b", "conc_B_items_km2": null, "conc_B_lo80": null, "conc_B_hi80": null, "conc_B_lo95": null, "conc_B_hi95": null, "conc_B_status": "unavailable", "conc_B_status_ru": "концентрация недоступна", "conc_B_reasons": "вне бассейна профиля: black_sea", "conc_B_model": "conc-B-c6bce5631d2b"}}, {"type": "Feature", "geometry": {"type": "Polygon", "coordinates": [[[30.161876839133267, 59.94126611166732], [30.161868295458316, 59.94117645498943], [30.161689602421376, 59.94118074152253], [30.16167251619481, 59.94100142813008], [30.161851208269994, 59.94099714162777], [30.161842664756623, 59.94090748494398], [30.162208592258775, 59.94098856789768], [30.16222568137061, 59.94116788119777], [30.161876839133267, 59.94126611166732]]]}, "properties": {"zone_id": "neva-2025-06-14-089", "aoi": "neva", "date": "2025-06-14", "scene_id": "S2B_MSIL2A_20250614T093029_R136_T36VUM_20250614T113630", "scene_datetime_utc": "2025-06-14T09:30:29.024000+00:00", "detection_status": "detected", "detection_status_ru": "обнаружено", "lon": 30.16195, "lat": 59.94108, "n_pixels": 2, "zone_area_km2": 0.0008, "cover_m2": 14.5, "p_mean": 0.716, "p_max": 0.882, "cover_m2_km2": 18125.0, "h3": "881106145bfffff", "valid_frac_scene": 0.999, "wind_ms": 3.8, "sea": "спокойное", "scene_reliable": true, "field_event_id": "S3:HE419_MarLitter_transect28", "field_profile": "B", "field_date": "2014-04-11", "field_distance_km": 1420.9, "field_date_gap_days": 4082, "field_conc_items_km2": 43.1, "conc_A_items_km2": null, "conc_A_lo80": null, "conc_A_hi80": null, "conc_A_lo95": null, "conc_A_hi95": null, "conc_A_status": "unavailable", "conc_A_status_ru": "концентрация недоступна", "conc_A_reasons": "вне бассейна профиля: nw_atlantic_subtropical", "conc_A_model": "conc-A-c6bce5631d2b", "conc_B_items_km2": null, "conc_B_lo80": null, "conc_B_hi80": null, "conc_B_lo95": null, "conc_B_hi95": null, "conc_B_status": "unavailable", "conc_B_status_ru": "концентрация недоступна", "conc_B_reasons": "вне бассейна профиля: black_sea", "conc_B_model": "conc-B-c6bce5631d2b"}}, {"type": "Feature", "geometry": {"type": "Polygon", "coordinates": [[[30.157307108754132, 59.940297317949906], [30.15729857774682, 59.94020766086388], [30.15711988913484, 59.94021194116666], [30.157102828243268, 59.94003262695794], [30.15728151589354, 59.940028346685914], [30.157272985047562, 59.939938689593944], [30.157638891032743, 59.94001978541634], [30.15765595480944, 59.94019909953282], [30.157307108754132, 59.940297317949906]]]}, "properties": {"zone_id": "neva-2025-06-14-090", "aoi": "neva", "date": "2025-06-14", "scene_id": "S2B_MSIL2A_20250614T093029_R136_T36VUM_20250614T113630", "scene_datetime_utc": "2025-06-14T09:30:29.024000+00:00", "detection_status": "detected", "detection_status_ru": "обнаружено", "lon": 30.15738, "lat": 59.94012, "n_pixels": 2, "zone_area_km2": 0.0008, "cover_m2": 14.1, "p_mean": 0.861, "p_max": 0.996, "cover_m2_km2": 17625.0, "h3": "881106145bfffff", "valid_frac_scene": 0.999, "wind_ms": 3.8, "sea": "спокойное", "scene_reliable": true, "field_event_id": "S3:HE419_MarLitter_transect28", "field_profile": "B", "field_date": "2014-04-11", "field_distance_km": 1420.7, "field_date_gap_days": 4082, "field_conc_items_km2": 43.1, "conc_A_items_km2": null, "conc_A_lo80": null, "conc_A_hi80": null, "conc_A_lo95": null, "conc_A_hi95": null, "conc_A_status": "unavailable", "conc_A_status_ru": "концентрация недоступна", "conc_A_reasons": "вне бассейна профиля: nw_atlantic_subtropical", "conc_A_model": "conc-A-c6bce5631d2b", "conc_B_items_km2": null, "conc_B_lo80": null, "conc_B_hi80": null, "conc_B_lo95": null, "conc_B_hi95": null, "conc_B_status": "unavailable", "conc_B_status_ru": "концентрация недоступна", "conc_B_reasons": "вне бассейна профиля: black_sea", "conc_B_model": "conc-B-c6bce5631d2b"}}, {"type": "Feature", "geometry": {"type": "Polygon", "coordinates": [[[30.164284491210513, 59.94021985340292], [30.16427594139615, 59.94013019691902], [30.16391001855716, 59.94004911965904], [30.16390146981227, 59.939959463140376], [30.164080155897643, 59.93995517366373], [30.16407160672581, 59.93986551715852], [30.1644289777732, 59.939856937510605], [30.1644375279067, 59.93994659398501], [30.164616213830378, 59.93994230378292], [30.164633315220765, 59.94012161669503], [30.164284491210513, 59.94021985340292]]]}, "properties": {"zone_id": "neva-2025-06-14-091", "aoi": "neva", "date": "2025-06-14", "scene_id": "S2B_MSIL2A_20250614T093029_R136_T36VUM_20250614T113630", "scene_datetime_utc": "2025-06-14T09:30:29.024000+00:00", "detection_status": "detected", "detection_status_ru": "обнаружено", "lon": 30.1643, "lat": 59.94002, "n_pixels": 3, "zone_area_km2": 0.001, "cover_m2": 20.8, "p_mean": 0.995, "p_max": 0.996, "cover_m2_km2": 20800.0, "h3": "881106145bfffff", "valid_frac_scene": 0.999, "wind_ms": 3.8, "sea": "спокойное", "scene_reliable": true, "field_event_id": "S3:HE419_MarLitter_transect28", "field_profile": "B", "field_date": "2014-04-11", "field_distance_km": 1421.0, "field_date_gap_days": 4082, "field_conc_items_km2": 43.1, "conc_A_items_km2": null, "conc_A_lo80": null, "conc_A_hi80": null, "conc_A_lo95": null, "conc_A_hi95": null, "conc_A_status": "unavailable", "conc_A_status_ru": "концентрация недоступна", "conc_A_reasons": "вне бассейна профиля: nw_atlantic_subtropical", "conc_A_model": "conc-A-c6bce5631d2b", "conc_B_items_km2": null, "conc_B_lo80": null, "conc_B_hi80": null, "conc_B_lo95": null, "conc_B_hi95": null, "conc_B_status": "unavailable", "conc_B_status_ru": "концентрация недоступна", "conc_B_reasons": "вне бассейна профиля: black_sea", "conc_B_model": "conc-B-c6bce5631d2b"}}, {"type": "Feature", "geometry": {"type": "Polygon", "coordinates": [[[30.167858229367745, 59.940134007327366], [30.167849669936604, 59.94004435115174], [30.16767098402199, 59.94004864573738], [30.16765386628323, 59.93986933334937], [30.167832551236188, 59.939865038794586], [30.167823991966927, 59.93977538261304], [30.16818136074931, 59.939766792808854], [30.168189920980225, 59.939856448959546], [30.1683686057713, 59.9398521536793], [30.168385727356686, 59.94003146594394], [30.168207041603953, 59.940035761255025], [30.168215601996767, 59.940125417399784], [30.167858229367745, 59.940134007327366]]]}, "properties": {"zone_id": "neva-2025-06-14-092", "aoi": "neva", "date": "2025-06-14", "scene_id": "S2B_MSIL2A_20250614T093029_R136_T36VUM_20250614T113630", "scene_datetime_utc": "2025-06-14T09:30:29.024000+00:00", "detection_status": "detected", "detection_status_ru": "обнаружено", "lon": 30.16802, "lat": 59.93995, "n_pixels": 4, "zone_area_km2": 0.0012, "cover_m2": 27.8, "p_mean": 0.945, "p_max": 0.996, "cover_m2_km2": 23166.7, "h3": "8811061453fffff", "valid_frac_scene": 0.999, "wind_ms": 3.8, "sea": "спокойное", "scene_reliable": true, "field_event_id": "S3:HE419_MarLitter_transect28", "field_profile": "B", "field_date": "2014-04-11", "field_distance_km": 1421.2, "field_date_gap_days": 4082, "field_conc_items_km2": 43.1, "conc_A_items_km2": null, "conc_A_lo80": null, "conc_A_hi80": null, "conc_A_lo95": null, "conc_A_hi95": null, "conc_A_status": "unavailable", "conc_A_status_ru": "концентрация недоступна", "conc_A_reasons": "вне бассейна профиля: nw_atlantic_subtropical", "conc_A_model": "conc-A-c6bce5631d2b", "conc_B_items_km2": null, "conc_B_lo80": null, "conc_B_hi80": null, "conc_B_lo95": null, "conc_B_hi95": null, "conc_B_status": "unavailable", "conc_B_status_ru": "концентрация недоступна", "conc_B_reasons": "вне бассейна профиля: black_sea", "conc_B_model": "conc-B-c6bce5631d2b"}}, {"type": "Feature", "geometry": {"type": "Polygon", "coordinates": [[[30.165518195712583, 59.94001050552522], [30.16550964264016, 59.93992084914522], [30.16533095698603, 59.93992514055639], [30.16531385196461, 59.939745827759694], [30.165492536657077, 59.93974153637933], [30.165483983746412, 59.93965187999345], [30.165841352007952, 59.93964329653812], [30.165849905880265, 59.93973295289317], [30.16602859041097, 59.93972866078737], [30.16604569927903, 59.939907973460784], [30.165867013786666, 59.939912265597414], [30.165875567820756, 59.940001921946575], [30.165518195712583, 59.94001050552522]]]}, "properties": {"zone_id": "neva-2025-06-14-093", "aoi": "neva", "date": "2025-06-14", "scene_id": "S2B_MSIL2A_20250614T093029_R136_T36VUM_20250614T113630", "scene_datetime_utc": "2025-06-14T09:30:29.024000+00:00", "detection_status": "detected", "detection_status_ru": "обнаружено", "lon": 30.16568, "lat": 59.93983, "n_pixels": 4, "zone_area_km2": 0.0012, "cover_m2": 31.4, "p_mean": 0.988, "p_max": 0.996, "cover_m2_km2": 26166.7, "h3": "881106145bfffff", "valid_frac_scene": 0.999, "wind_ms": 3.8, "sea": "спокойное", "scene_reliable": true, "field_event_id": "S3:HE419_MarLitter_transect28", "field_profile": "B", "field_date": "2014-04-11", "field_distance_km": 1421.1, "field_date_gap_days": 4082, "field_conc_items_km2": 43.1, "conc_A_items_km2": null, "conc_A_lo80": null, "conc_A_hi80": null, "conc_A_lo95": null, "conc_A_hi95": null, "conc_A_status": "unavailable", "conc_A_status_ru": "концентрация недоступна", "conc_A_reasons": "вне бассейна профиля: nw_atlantic_subtropical", "conc_A_model": "conc-A-c6bce5631d2b", "conc_B_items_km2": null, "conc_B_lo80": null, "conc_B_hi80": null, "conc_B_lo95": null, "conc_B_hi95": null, "conc_B_status": "unavailable", "conc_B_status_ru": "концентрация недоступна", "conc_B_reasons": "вне бассейна профиля: black_sea", "conc_B_model": "conc-B-c6bce5631d2b"}}, {"type": "Feature", "geometry": {"type": "Polygon", "coordinates": [[[30.160131972442326, 59.93987017259946], [30.160123433956638, 59.93978051575163], [30.159944748128883, 59.93978479986206], [30.159927672280652, 59.93960548612971], [30.160106357146738, 59.93960120205004], [30.16009781882253, 59.939511545196304], [30.160455187431563, 59.93950297634232], [30.16046372671743, 59.939592633165276], [30.16064241142203, 59.93958834836015], [30.16065949111694, 59.93976766196943], [30.160480805450675, 59.939771946805315], [30.16048934489804, 59.93986160362237], [30.160131972442326, 59.93987017259946]]]}, "properties": {"zone_id": "neva-2025-06-14-094", "aoi": "neva", "date": "2025-06-14", "scene_id": "S2B_MSIL2A_20250614T093029_R136_T36VUM_20250614T113630", "scene_datetime_utc": "2025-06-14T09:30:29.024000+00:00", "detection_status": "detected", "detection_status_ru": "обнаружено", "lon": 30.16029, "lat": 59.93969, "n_pixels": 4, "zone_area_km2": 0.0012, "cover_m2": 27.5, "p_mean": 0.881, "p_max": 1.0, "cover_m2_km2": 22916.7, "h3": "881106145bfffff", "valid_frac_scene": 0.999, "wind_ms": 3.8, "sea": "спокойное", "scene_reliable": true, "field_event_id": "S3:HE419_MarLitter_transect28", "field_profile": "B", "field_date": "2014-04-11", "field_distance_km": 1420.8, "field_date_gap_days": 4082, "field_conc_items_km2": 43.1, "conc_A_items_km2": null, "conc_A_lo80": null, "conc_A_hi80": null, "conc_A_lo95": null, "conc_A_hi95": null, "conc_A_status": "unavailable", "conc_A_status_ru": "концентрация недоступна", "conc_A_reasons": "вне бассейна профиля: nw_atlantic_subtropical", "conc_A_model": "conc-A-c6bce5631d2b", "conc_B_items_km2": null, "conc_B_lo80": null, "conc_B_hi80": null, "conc_B_lo95": null, "conc_B_hi95": null, "conc_B_status": "unavailable", "conc_B_status_ru": "концентрация недоступна", "conc_B_reasons": "вне бассейна профиля: black_sea", "conc_B_model": "conc-B-c6bce5631d2b"}}, {"type": "Feature", "geometry": {"type": "Polygon", "coordinates": [[[30.16333122256215, 59.93961370384021], [30.16332267552918, 59.93952404726551], [30.16314399163242, 59.939528335697865], [30.16311835229926, 59.939259365915774], [30.16346716985573, 59.93916113233448], [30.16347571715399, 59.93925078890167], [30.163654399500533, 59.93924650003189], [30.163662947333492, 59.93933615658168], [30.16384163010697, 59.939331867454676], [30.163850178474625, 59.93942152398712], [30.163671495220335, 59.9394258131295], [30.163680043161065, 59.939515469675364], [30.16333122256215, 59.93961370384021]]]}, "properties": {"zone_id": "neva-2025-06-14-095", "aoi": "neva", "date": "2025-06-14", "scene_id": "S2B_MSIL2A_20250614T093029_R136_T36VUM_20250614T113630", "scene_datetime_utc": "2025-06-14T09:30:29.024000+00:00", "detection_status": "detected", "detection_status_ru": "обнаружено", "lon": 30.16344, "lat": 59.93939, "n_pixels": 4, "zone_area_km2": 0.0012, "cover_m2": 31.0, "p_mean": 0.877, "p_max": 0.996, "cover_m2_km2": 25833.3, "h3": "881106145bfffff", "valid_frac_scene": 0.999, "wind_ms": 3.8, "sea": "спокойное", "scene_reliable": true, "field_event_id": "S3:HE419_MarLitter_transect28", "field_profile": "B", "field_date": "2014-04-11", "field_distance_km": 1421.0, "field_date_gap_days": 4082, "field_conc_items_km2": 43.1, "conc_A_items_km2": null, "conc_A_lo80": null, "conc_A_hi80": null, "conc_A_lo95": null, "conc_A_hi95": null, "conc_A_status": "unavailable", "conc_A_status_ru": "концентрация недоступна", "conc_A_reasons": "вне бассейна профиля: nw_atlantic_subtropical", "conc_A_model": "conc-A-c6bce5631d2b", "conc_B_items_km2": null, "conc_B_lo80": null, "conc_B_hi80": null, "conc_B_lo95": null, "conc_B_hi95": null, "conc_B_status": "unavailable", "conc_B_status_ru": "концентрация недоступна", "conc_B_reasons": "вне бассейна профиля: black_sea", "conc_B_model": "conc-B-c6bce5631d2b"}}, {"type": "Feature", "geometry": {"type": "Polygon", "coordinates": [[[30.108083944566115, 59.93868157996379], [30.10807554697343, 59.938591918638174], [30.10789685864844, 59.9385961322063], [30.107880064583668, 59.938416809518934], [30.108058751946874, 59.93841259598107], [30.108050354513004, 59.93832293464963], [30.10841612651447, 59.938404168179815], [30.10843292346459, 59.938583490776374], [30.108083944566115, 59.93868157996379]]]}, "properties": {"zone_id": "neva-2025-06-14-096", "aoi": "neva", "date": "2025-06-14", "scene_id": "S2B_MSIL2A_20250614T093029_R136_T36VUM_20250614T113630", "scene_datetime_utc": "2025-06-14T09:30:29.024000+00:00", "detection_status": "detected", "detection_status_ru": "обнаружено", "lon": 30.10816, "lat": 59.9385, "n_pixels": 2, "zone_area_km2": 0.0008, "cover_m2": 11.8, "p_mean": 0.971, "p_max": 0.988, "cover_m2_km2": 14750.0, "h3": "8811061615fffff", "valid_frac_scene": 0.999, "wind_ms": 3.8, "sea": "спокойное", "scene_reliable": true, "field_event_id": "S3:HE419_MarLitter_transect28", "field_profile": "B", "field_date": "2014-04-11", "field_distance_km": 1418.0, "field_date_gap_days": 4082, "field_conc_items_km2": 43.1, "conc_A_items_km2": null, "conc_A_lo80": null, "conc_A_hi80": null, "conc_A_lo95": null, "conc_A_hi95": null, "conc_A_status": "unavailable", "conc_A_status_ru": "концентрация недоступна", "conc_A_reasons": "вне бассейна профиля: nw_atlantic_subtropical", "conc_A_model": "conc-A-c6bce5631d2b", "conc_B_items_km2": null, "conc_B_lo80": null, "conc_B_hi80": null, "conc_B_lo95": null, "conc_B_hi95": null, "conc_B_status": "unavailable", "conc_B_status_ru": "концентрация недоступна", "conc_B_reasons": "вне бассейна профиля: black_sea", "conc_B_model": "conc-B-c6bce5631d2b"}}, {"type": "Feature", "geometry": {"type": "Polygon", "coordinates": [[[30.162445592769675, 59.93783772308086], [30.16243704873728, 59.937748066405234], [30.16225837424094, 59.93775235356241], [30.162232743909193, 59.93748338347758], [30.16241141696325, 59.93747909636659], [30.162402873146284, 59.9373894396831], [30.162760218131325, 59.937380864766546], [30.16276876290979, 59.93747052141923], [30.162947435802273, 59.93746623358285], [30.16296452648232, 59.93764554685154], [30.162615723179762, 59.93774377900627], [30.162624267692927, 59.9378334356665], [30.162445592769675, 59.93783772308086]]]}, "properties": {"zone_id": "neva-2025-06-14-097", "aoi": "neva", "date": "2025-06-14", "scene_id": "S2B_MSIL2A_20250614T093029_R136_T36VUM_20250614T113630", "scene_datetime_utc": "2025-06-14T09:30:29.024000+00:00", "detection_status": "detected", "detection_status_ru": "обнаружено", "lon": 30.16258, "lat": 59.93759, "n_pixels": 5, "zone_area_km2": 0.0014, "cover_m2": 34.5, "p_mean": 0.814, "p_max": 0.996, "cover_m2_km2": 24642.9, "h3": "881106145bfffff", "valid_frac_scene": 0.999, "wind_ms": 3.8, "sea": "спокойное", "scene_reliable": true, "field_event_id": "S3:HE419_MarLitter_transect28", "field_profile": "B", "field_date": "2014-04-11", "field_distance_km": 1420.9, "field_date_gap_days": 4082, "field_conc_items_km2": 43.1, "conc_A_items_km2": null, "conc_A_lo80": null, "conc_A_hi80": null, "conc_A_lo95": null, "conc_A_hi95": null, "conc_A_status": "unavailable", "conc_A_status_ru": "концентрация недоступна", "conc_A_reasons": "вне бассейна профиля: nw_atlantic_subtropical", "conc_A_model": "conc-A-c6bce5631d2b", "conc_B_items_km2": null, "conc_B_lo80": null, "conc_B_hi80": null, "conc_B_lo95": null, "conc_B_hi95": null, "conc_B_status": "unavailable", "conc_B_status_ru": "концентрация недоступна", "conc_B_reasons": "вне бассейна профиля: black_sea", "conc_B_model": "conc-B-c6bce5631d2b"}}, {"type": "Feature", "geometry": {"type": "Polygon", "coordinates": [[[30.119909269825797, 59.931123540462494], [30.119900842875236, 59.93103388004055], [30.119722197203153, 59.93103810930666], [30.1197053444226, 59.93085878842659], [30.119883989133452, 59.930854559190855], [30.119875562342223, 59.93076489876308], [30.120241278395824, 59.930846099994106], [30.120258134060062, 59.931025420783044], [30.119909269825797, 59.931123540462494]]]}, "properties": {"zone_id": "neva-2025-06-14-098", "aoi": "neva", "date": "2025-06-14", "scene_id": "S2B_MSIL2A_20250614T093029_R136_T36VUM_20250614T113630", "scene_datetime_utc": "2025-06-14T09:30:29.024000+00:00", "detection_status": "detected", "detection_status_ru": "обнаружено", "lon": 30.11998, "lat": 59.93094, "n_pixels": 2, "zone_area_km2": 0.0008, "cover_m2": 9.8, "p_mean": 0.965, "p_max": 0.984, "cover_m2_km2": 12250.0, "h3": "8811061631fffff", "valid_frac_scene": 0.999, "wind_ms": 3.8, "sea": "спокойное", "scene_reliable": true, "field_event_id": "S3:HE419_MarLitter_transect28", "field_profile": "B", "field_date": "2014-04-11", "field_distance_km": 1418.4, "field_date_gap_days": 4082, "field_conc_items_km2": 43.1, "conc_A_items_km2": null, "conc_A_lo80": null, "conc_A_hi80": null, "conc_A_lo95": null, "conc_A_hi95": null, "conc_A_status": "unavailable", "conc_A_status_ru": "концентрация недоступна", "conc_A_reasons": "вне бассейна профиля: nw_atlantic_subtropical", "conc_A_model": "conc-A-c6bce5631d2b", "conc_B_items_km2": null, "conc_B_lo80": null, "conc_B_hi80": null, "conc_B_lo95": null, "conc_B_hi95": null, "conc_B_status": "unavailable", "conc_B_status_ru": "концентрация недоступна", "conc_B_reasons": "вне бассейна профиля: black_sea", "conc_B_model": "conc-B-c6bce5631d2b"}}, {"type": "Feature", "geometry": {"type": "Polygon", "coordinates": [[[30.027092457880702, 59.928346076896496], [30.027084282306877, 59.92825640863403], [30.02690563602198, 59.92826051208183], [30.026897460980376, 59.928170843802725], [30.027076106784584, 59.92816674036965], [30.027067931313816, 59.928077072103385], [30.02724657658581, 59.92807296844326], [30.02723840068588, 59.9279833001898], [30.027603866975202, 59.92806476039768], [30.027620220852388, 59.928244096839904], [30.027441574722086, 59.92824820101306], [30.027449751257294, 59.928337869246064], [30.027092457880702, 59.928346076896496]]]}, "properties": {"zone_id": "neva-2025-06-14-099", "aoi": "neva", "date": "2025-06-14", "scene_id": "S2B_MSIL2A_20250614T093029_R136_T36VUM_20250614T113630", "scene_datetime_utc": "2025-06-14T09:30:29.024000+00:00", "detection_status": "detected", "detection_status_ru": "обнаружено", "lon": 30.02729, "lat": 59.92818, "n_pixels": 3, "zone_area_km2": 0.001, "cover_m2": 23.1, "p_mean": 0.895, "p_max": 0.996, "cover_m2_km2": 23100.0, "h3": "8811068ca7fffff", "valid_frac_scene": 0.999, "wind_ms": 3.8, "sea": "спокойное", "scene_reliable": true, "field_event_id": "S3:HE419_MarLitter_transect28", "field_profile": "B", "field_date": "2014-04-11", "field_distance_km": 1413.3, "field_date_gap_days": 4082, "field_conc_items_km2": 43.1, "conc_A_items_km2": null, "conc_A_lo80": null, "conc_A_hi80": null, "conc_A_lo95": null, "conc_A_hi95": null, "conc_A_status": "unavailable", "conc_A_status_ru": "концентрация недоступна", "conc_A_reasons": "вне бассейна профиля: nw_atlantic_subtropical", "conc_A_model": "conc-A-c6bce5631d2b", "conc_B_items_km2": null, "conc_B_lo80": null, "conc_B_hi80": null, "conc_B_lo95": null, "conc_B_hi95": null, "conc_B_status": "unavailable", "conc_B_status_ru": "концентрация недоступна", "conc_B_reasons": "вне бассейна профиля: black_sea", "conc_B_model": "conc-B-c6bce5631d2b"}}, {"type": "Feature", "geometry": {"type": "Polygon", "coordinates": [[[30.10315728930253, 59.92046638133761], [30.103148911144878, 59.920376719344155], [30.10297031990891, 59.920380925477126], [30.102953564712543, 59.920201601454146], [30.103132154987943, 59.920197395351344], [30.103123776988664, 59.920107733352076], [30.103489335380377, 59.920188982420775], [30.103497714393015, 59.920278644387956], [30.103676304990326, 59.92027443754507], [30.10368468453604, 59.92036409949518], [30.10350609345845, 59.92036830635317], [30.103514472576673, 59.92045796831643], [30.10315728930253, 59.92046638133761]]]}, "properties": {"zone_id": "neva-2025-06-14-100", "aoi": "neva", "date": "2025-06-14", "scene_id": "S2B_MSIL2A_20250614T093029_R136_T36VUM_20250614T113630", "scene_datetime_utc": "2025-06-14T09:30:29.024000+00:00", "detection_status": "detected", "detection_status_ru": "обнаружено", "lon": 30.10329, "lat": 59.9203, "n_pixels": 3, "zone_area_km2": 0.001, "cover_m2": 17.3, "p_mean": 0.796, "p_max": 0.933, "cover_m2_km2": 17300.0, "h3": "881106162bfffff", "valid_frac_scene": 0.999, "wind_ms": 3.8, "sea": "спокойное", "scene_reliable": true, "field_event_id": "S3:HE419_MarLitter_transect28", "field_profile": "B", "field_date": "2014-04-11", "field_distance_km": 1417.2, "field_date_gap_days": 4082, "field_conc_items_km2": 43.1, "conc_A_items_km2": null, "conc_A_lo80": null, "conc_A_hi80": null, "conc_A_lo95": null, "conc_A_hi95": null, "conc_A_status": "unavailable", "conc_A_status_ru": "концентрация недоступна", "conc_A_reasons": "вне бассейна профиля: nw_atlantic_subtropical", "conc_A_model": "conc-A-c6bce5631d2b", "conc_B_items_km2": null, "conc_B_lo80": null, "conc_B_hi80": null, "conc_B_lo95": null, "conc_B_hi95": null, "conc_B_status": "unavailable", "conc_B_status_ru": "концентрация недоступна", "conc_B_reasons": "вне бассейна профиля: black_sea", "conc_B_model": "conc-B-c6bce5631d2b"}}, {"type": "Feature", "geometry": {"type": "Polygon", "coordinates": [[[29.891743773729118, 59.91997433661459], [29.89173596601553, 59.919884657281486], [29.891557342901436, 59.91988857708133], [29.89154172858315, 59.9197092183815], [29.891720350735966, 59.91970529860983], [29.891712543169994, 59.91961561927123], [29.892077594893987, 59.91969745834116], [29.892093212096107, 59.91987681695652], [29.891743773729118, 59.91997433661459]]]}, "properties": {"zone_id": "neva-2025-06-14-101", "aoi": "neva", "date": "2025-06-14", "scene_id": "S2B_MSIL2A_20250614T093029_R136_T36VUM_20250614T113630", "scene_datetime_utc": "2025-06-14T09:30:29.024000+00:00", "detection_status": "detected", "detection_status_ru": "обнаружено", "lon": 29.89182, "lat": 59.91979, "n_pixels": 2, "zone_area_km2": 0.0008, "cover_m2": 19.2, "p_mean": 0.961, "p_max": 0.992, "cover_m2_km2": 24000.0, "h3": "8811068c5dfffff", "valid_frac_scene": 0.999, "wind_ms": 3.8, "sea": "спокойное", "scene_reliable": true, "field_event_id": "S3:HE419_MarLitter_transect28", "field_profile": "B", "field_date": "2014-04-11", "field_distance_km": 1405.8, "field_date_gap_days": 4082, "field_conc_items_km2": 43.1, "conc_A_items_km2": null, "conc_A_lo80": null, "conc_A_hi80": null, "conc_A_lo95": null, "conc_A_hi95": null, "conc_A_status": "unavailable", "conc_A_status_ru": "концентрация недоступна", "conc_A_reasons": "вне бассейна профиля: nw_atlantic_subtropical", "conc_A_model": "conc-A-c6bce5631d2b", "conc_B_items_km2": null, "conc_B_lo80": null, "conc_B_hi80": null, "conc_B_lo95": null, "conc_B_hi95": null, "conc_B_status": "unavailable", "conc_B_status_ru": "концентрация недоступна", "conc_B_reasons": "вне бассейна профиля: black_sea", "conc_B_model": "conc-B-c6bce5631d2b"}}, {"type": "Feature", "geometry": {"type": "Polygon", "coordinates": [[[30.088561250314115, 59.917484569871576], [30.088552912525078, 59.91739490660137], [30.088374334845675, 59.9173990928447], [30.08836599758938, 59.917309429557505], [30.088544574788575, 59.91730524332921], [30.0885362371046, 59.917215580055114], [30.088893390384975, 59.91720720690367], [30.088901729029363, 59.917296870147695], [30.089080306070958, 59.917292683194475], [30.089088645248097, 59.91738234642153], [30.088910067726292, 59.91738653338979], [30.08891840647576, 59.91747619662994], [30.088561250314115, 59.917484569871576]]]}, "properties": {"zone_id": "neva-2025-06-14-102", "aoi": "neva", "date": "2025-06-14", "scene_id": "S2B_MSIL2A_20250614T093029_R136_T36VUM_20250614T113630", "scene_datetime_utc": "2025-06-14T09:30:29.024000+00:00", "detection_status": "detected", "detection_status_ru": "обнаружено", "lon": 30.08873, "lat": 59.91735, "n_pixels": 2, "zone_area_km2": 0.0008, "cover_m2": 12.2, "p_mean": 0.975, "p_max": 0.992, "cover_m2_km2": 15250.0, "h3": "8811061629fffff", "valid_frac_scene": 0.999, "wind_ms": 3.8, "sea": "спокойное", "scene_reliable": true, "field_event_id": "S3:HE419_MarLitter_transect28", "field_profile": "B", "field_date": "2014-04-11", "field_distance_km": 1416.4, "field_date_gap_days": 4082, "field_conc_items_km2": 43.1, "conc_A_items_km2": null, "conc_A_lo80": null, "conc_A_hi80": null, "conc_A_lo95": null, "conc_A_hi95": null, "conc_A_status": "unavailable", "conc_A_status_ru": "концентрация недоступна", "conc_A_reasons": "вне бассейна профиля: nw_atlantic_subtropical", "conc_A_model": "conc-A-c6bce5631d2b", "conc_B_items_km2": null, "conc_B_lo80": null, "conc_B_hi80": null, "conc_B_lo95": null, "conc_B_hi95": null, "conc_B_status": "unavailable", "conc_B_status_ru": "концентрация недоступна", "conc_B_reasons": "вне бассейна профиля: black_sea", "conc_B_model": "conc-B-c6bce5631d2b"}}, {"type": "Feature", "geometry": {"type": "Polygon", "coordinates": [[[30.086160040521538, 59.914755221159844], [30.086151710122255, 59.91466555764948], [30.085973146698056, 59.91466974052757], [30.085956487017175, 59.914490413471036], [30.086135049481125, 59.91448623062296], [30.086126719239278, 59.9143965671068], [30.0864838430495, 59.91438820071585], [30.086492174251582, 59.91447786420198], [30.086670736558077, 59.91447368062907], [30.086687400079942, 59.9146530075655], [30.08650883681319, 59.91465719116844], [30.086517168172737, 59.91474685464877], [30.086160040521538, 59.914755221159844]]]}, "properties": {"zone_id": "neva-2025-06-14-103", "aoi": "neva", "date": "2025-06-14", "scene_id": "S2B_MSIL2A_20250614T093029_R136_T36VUM_20250614T113630", "scene_datetime_utc": "2025-06-14T09:30:29.024000+00:00", "detection_status": "detected", "detection_status_ru": "обнаружено", "lon": 30.08632, "lat": 59.91457, "n_pixels": 4, "zone_area_km2": 0.0012, "cover_m2": 25.9, "p_mean": 0.776, "p_max": 0.996, "cover_m2_km2": 21583.3, "h3": "8811061629fffff", "valid_frac_scene": 0.999, "wind_ms": 3.8, "sea": "спокойное", "scene_reliable": true, "field_event_id": "S3:HE419_MarLitter_transect28", "field_profile": "B", "field_date": "2014-04-11", "field_distance_km": 1416.2, "field_date_gap_days": 4082, "field_conc_items_km2": 43.1, "conc_A_items_km2": null, "conc_A_lo80": null, "conc_A_hi80": null, "conc_A_lo95": null, "conc_A_hi95": null, "conc_A_status": "unavailable", "conc_A_status_ru": "концентрация недоступна", "conc_A_reasons": "вне бассейна профиля: nw_atlantic_subtropical", "conc_A_model": "conc-A-c6bce5631d2b", "conc_B_items_km2": null, "conc_B_lo80": null, "conc_B_hi80": null, "conc_B_lo95": null, "conc_B_hi95": null, "conc_B_status": "unavailable", "conc_B_status_ru": "концентрация недоступна", "conc_B_reasons": "вне бассейна профиля: black_sea", "conc_B_model": "conc-B-c6bce5631d2b"}}, {"type": "Feature", "geometry": {"type": "Polygon", "coordinates": [[[30.083169854573324, 59.9133874982157], [30.083161532695, 59.9132978344343], [30.08298297611327, 59.91330201320648], [30.08296633347407, 59.91312268560795], [30.083144889095635, 59.91311850686578], [30.08313656737459, 59.91302884307863], [30.083493677500282, 59.91302048489946], [30.083502000181486, 59.9131101486566], [30.083680555645767, 59.91310596918963], [30.083697202125624, 59.91328529666815], [30.08351864570118, 59.91328947616513], [30.083526968539672, 59.91337913991651], [30.083169854573324, 59.9133874982157]]]}, "properties": {"zone_id": "neva-2025-06-14-104", "aoi": "neva", "date": "2025-06-14", "scene_id": "S2B_MSIL2A_20250614T093029_R136_T36VUM_20250614T113630", "scene_datetime_utc": "2025-06-14T09:30:29.024000+00:00", "detection_status": "detected", "detection_status_ru": "обнаружено", "lon": 30.08333, "lat": 59.9132, "n_pixels": 4, "zone_area_km2": 0.0012, "cover_m2": 29.8, "p_mean": 0.855, "p_max": 0.996, "cover_m2_km2": 24833.3, "h3": "8811061629fffff", "valid_frac_scene": 0.999, "wind_ms": 3.8, "sea": "спокойное", "scene_reliable": true, "field_event_id": "S3:HE419_MarLitter_transect28", "field_profile": "B", "field_date": "2014-04-11", "field_distance_km": 1416.0, "field_date_gap_days": 4082, "field_conc_items_km2": 43.1, "conc_A_items_km2": null, "conc_A_lo80": null, "conc_A_hi80": null, "conc_A_lo95": null, "conc_A_hi95": null, "conc_A_status": "unavailable", "conc_A_status_ru": "концентрация недоступна", "conc_A_reasons": "вне бассейна профиля: nw_atlantic_subtropical", "conc_A_model": "conc-A-c6bce5631d2b", "conc_B_items_km2": null, "conc_B_lo80": null, "conc_B_hi80": null, "conc_B_lo95": null, "conc_B_hi95": null, "conc_B_status": "unavailable", "conc_B_status_ru": "концентрация недоступна", "conc_B_reasons": "вне бассейна профиля: black_sea", "conc_B_model": "conc-B-c6bce5631d2b"}}, {"type": "Feature", "geometry": {"type": "Polygon", "coordinates": [[[30.06468720853187, 59.912830325457826], [30.064678936678167, 59.912740660114885], [30.064500379994037, 59.91274481383677], [30.064483837403156, 59.912565483115316], [30.064662393127094, 59.91256132942323], [30.064654121429715, 59.91247166407452], [30.065011231761083, 59.91246335599537], [30.065019504418636, 59.91255302131424], [30.06519805998624, 59.91254886689734], [30.06521460641789, 59.91272819749952], [30.065036049890093, 59.912732351946254], [30.065044322704004, 59.91282201725937], [30.06468720853187, 59.912830325457826]]]}, "properties": {"zone_id": "neva-2025-06-14-105", "aoi": "neva", "date": "2025-06-14", "scene_id": "S2B_MSIL2A_20250614T093029_R136_T36VUM_20250614T113630", "scene_datetime_utc": "2025-06-14T09:30:29.024000+00:00", "detection_status": "detected", "detection_status_ru": "обнаружено", "lon": 30.06485, "lat": 59.91265, "n_pixels": 4, "zone_area_km2": 0.0012, "cover_m2": 34.1, "p_mean": 0.977, "p_max": 0.996, "cover_m2_km2": 28416.7, "h3": "8811061661fffff", "valid_frac_scene": 0.999, "wind_ms": 3.8, "sea": "спокойное", "scene_reliable": true, "field_event_id": "S3:HE419_MarLitter_transect28", "field_profile": "B", "field_date": "2014-04-11", "field_distance_km": 1415.0, "field_date_gap_days": 4082, "field_conc_items_km2": 43.1, "conc_A_items_km2": null, "conc_A_lo80": null, "conc_A_hi80": null, "conc_A_lo95": null, "conc_A_hi95": null, "conc_A_status": "unavailable", "conc_A_status_ru": "концентрация недоступна", "conc_A_reasons": "вне бассейна профиля: nw_atlantic_subtropical", "conc_A_model": "conc-A-c6bce5631d2b", "conc_B_items_km2": null, "conc_B_lo80": null, "conc_B_hi80": null, "conc_B_lo95": null, "conc_B_hi95": null, "conc_B_status": "unavailable", "conc_B_status_ru": "концентрация недоступна", "conc_B_reasons": "вне бассейна профиля: black_sea", "conc_B_model": "conc-B-c6bce5631d2b"}}, {"type": "Feature", "geometry": {"type": "Polygon", "coordinates": [[[30.089913283966325, 59.91278020919996], [30.08990494410774, 59.91269054597955], [30.08972639192059, 59.91269473385753], [30.0897180525946, 59.91260507062015], [30.0898966043017, 59.91260088275722], [30.08988826454819, 59.91251121953293], [30.09024536684468, 59.91250284311232], [30.090253707558286, 59.91259250630653], [30.090432259107768, 59.91258831771879], [30.090440600353965, 59.91267798089603], [30.09026204832443, 59.9126821694988], [30.09027038914312, 59.91277183268915], [30.089913283966325, 59.91278020919996]]]}, "properties": {"zone_id": "neva-2025-06-14-106", "aoi": "neva", "date": "2025-06-14", "scene_id": "S2B_MSIL2A_20250614T093029_R136_T36VUM_20250614T113630", "scene_datetime_utc": "2025-06-14T09:30:29.024000+00:00", "detection_status": "detected", "detection_status_ru": "обнаружено", "lon": 30.09008, "lat": 59.91264, "n_pixels": 2, "zone_area_km2": 0.0008, "cover_m2": 11.4, "p_mean": 0.92, "p_max": 0.965, "cover_m2_km2": 14250.0, "h3": "8811061629fffff", "valid_frac_scene": 0.999, "wind_ms": 3.8, "sea": "спокойное", "scene_reliable": true, "field_event_id": "S3:HE419_MarLitter_transect28", "field_profile": "B", "field_date": "2014-04-11", "field_distance_km": 1416.3, "field_date_gap_days": 4082, "field_conc_items_km2": 43.1, "conc_A_items_km2": null, "conc_A_lo80": null, "conc_A_hi80": null, "conc_A_lo95": null, "conc_A_hi95": null, "conc_A_status": "unavailable", "conc_A_status_ru": "концентрация недоступна", "conc_A_reasons": "вне бассейна профиля: nw_atlantic_subtropical", "conc_A_model": "conc-A-c6bce5631d2b", "conc_B_items_km2": null, "conc_B_lo80": null, "conc_B_hi80": null, "conc_B_lo95": null, "conc_B_hi95": null, "conc_B_status": "unavailable", "conc_B_status_ru": "концентрация недоступна", "conc_B_reasons": "вне бассейна профиля: black_sea", "conc_B_model": "conc-B-c6bce5631d2b"}}, {"type": "Feature", "geometry": {"type": "Polygon", "coordinates": [[[30.05519886802642, 59.9127811421608], [30.055190621774575, 59.91269147602306], [30.05501206377327, 59.91269561689472], [30.054995572385653, 59.91251628458381], [30.05517412942674, 59.91251214374186], [30.05516588333074, 59.91242247759838], [30.055522996296844, 59.9124141952194], [30.055531243353055, 59.912503861333136], [30.055709800238283, 59.912499719766366], [30.055718047826556, 59.91258938586333], [30.05553949046122, 59.91259352744498], [30.055547737621342, 59.912683193554884], [30.05519886802642, 59.9127811421608]]]}, "properties": {"zone_id": "neva-2025-06-14-107", "aoi": "neva", "date": "2025-06-14", "scene_id": "S2B_MSIL2A_20250614T093029_R136_T36VUM_20250614T113630", "scene_datetime_utc": "2025-06-14T09:30:29.024000+00:00", "detection_status": "detected", "detection_status_ru": "обнаружено", "lon": 30.05533, "lat": 59.91258, "n_pixels": 3, "zone_area_km2": 0.001, "cover_m2": 21.6, "p_mean": 0.948, "p_max": 0.996, "cover_m2_km2": 21600.0, "h3": "8811061669fffff", "valid_frac_scene": 0.999, "wind_ms": 3.8, "sea": "спокойное", "scene_reliable": true, "field_event_id": "S3:HE419_MarLitter_transect28", "field_profile": "B", "field_date": "2014-04-11", "field_distance_km": 1414.4, "field_date_gap_days": 4082, "field_conc_items_km2": 43.1, "conc_A_items_km2": null, "conc_A_lo80": null, "conc_A_hi80": null, "conc_A_lo95": null, "conc_A_hi95": null, "conc_A_status": "unavailable", "conc_A_status_ru": "концентрация недоступна", "conc_A_reasons": "вне бассейна профиля: nw_atlantic_subtropical", "conc_A_model": "conc-A-c6bce5631d2b", "conc_B_items_km2": null, "conc_B_lo80": null, "conc_B_hi80": null, "conc_B_lo95": null, "conc_B_hi95": null, "conc_B_status": "unavailable", "conc_B_status_ru": "концентрация недоступна", "conc_B_reasons": "вне бассейна профиля: black_sea", "conc_B_model": "conc-B-c6bce5631d2b"}}, {"type": "Feature", "geometry": {"type": "Polygon", "coordinates": [[[30.0830949595557, 59.912580524113885], [30.083086638149194, 59.91249086031516], [30.082908085888107, 59.91249503895231], [30.082891444192462, 59.91231571131907], [30.083069995493435, 59.91231153271188], [30.08306167424418, 59.91222186890734], [30.083418775728767, 59.91221351099819], [30.083427097938113, 59.912303174772724], [30.083605649081814, 59.91229899544076], [30.0836222946179, 59.912478322953994], [30.083443742514092, 59.91248250231599], [30.083452064880717, 59.912572166084715], [30.0830949595557, 59.912580524113885]]]}, "properties": {"zone_id": "neva-2025-06-14-108", "aoi": "neva", "date": "2025-06-14", "scene_id": "S2B_MSIL2A_20250614T093029_R136_T36VUM_20250614T113630", "scene_datetime_utc": "2025-06-14T09:30:29.024000+00:00", "detection_status": "detected", "detection_status_ru": "обнаружено", "lon": 30.08326, "lat": 59.9124, "n_pixels": 4, "zone_area_km2": 0.0012, "cover_m2": 30.2, "p_mean": 0.873, "p_max": 0.988, "cover_m2_km2": 25166.7, "h3": "8811061667fffff", "valid_frac_scene": 0.999, "wind_ms": 3.8, "sea": "спокойное", "scene_reliable": true, "field_event_id": "S3:HE419_MarLitter_transect28", "field_profile": "B", "field_date": "2014-04-11", "field_distance_km": 1415.9, "field_date_gap_days": 4082, "field_conc_items_km2": 43.1, "conc_A_items_km2": null, "conc_A_lo80": null, "conc_A_hi80": null, "conc_A_lo95": null, "conc_A_hi95": null, "conc_A_status": "unavailable", "conc_A_status_ru": "концентрация недоступна", "conc_A_reasons": "вне бассейна профиля: nw_atlantic_subtropical", "conc_A_model": "conc-A-c6bce5631d2b", "conc_B_items_km2": null, "conc_B_lo80": null, "conc_B_hi80": null, "conc_B_lo95": null, "conc_B_hi95": null, "conc_B_status": "unavailable", "conc_B_status_ru": "концентрация недоступна", "conc_B_reasons": "вне бассейна профиля: black_sea", "conc_B_model": "conc-B-c6bce5631d2b"}}, {"type": "Feature", "geometry": {"type": "Polygon", "coordinates": [[[30.074457983463564, 59.91206351069548], [30.07444968551864, 59.91197384616237], [30.074271134585437, 59.911978013082965], [30.074262837172846, 59.91188834853297], [30.074441387626003, 59.911884181627336], [30.074433089785625, 59.91179451709035], [30.074798488375485, 59.91187584709126], [30.074806787228237, 59.91196551159638], [30.074628236399583, 59.91196967900018], [30.07463653482456, 59.912059343518344], [30.074457983463564, 59.91206351069548]]]}, "properties": {"zone_id": "neva-2025-06-14-109", "aoi": "neva", "date": "2025-06-14", "scene_id": "S2B_MSIL2A_20250614T093029_R136_T36VUM_20250614T113630", "scene_datetime_utc": "2025-06-14T09:30:29.024000+00:00", "detection_status": "detected", "detection_status_ru": "обнаружено", "lon": 30.07453, "lat": 59.91193, "n_pixels": 1, "zone_area_km2": 0.0005, "cover_m2": 7.1, "p_mean": 0.969, "p_max": 0.969, "cover_m2_km2": 14200.0, "h3": "8811061667fffff", "valid_frac_scene": 0.999, "wind_ms": 3.8, "sea": "спокойное", "scene_reliable": true, "field_event_id": "S3:HE419_MarLitter_transect28", "field_profile": "B", "field_date": "2014-04-11", "field_distance_km": 1415.5, "field_date_gap_days": 4082, "field_conc_items_km2": 43.1, "conc_A_items_km2": null, "conc_A_lo80": null, "conc_A_hi80": null, "conc_A_lo95": null, "conc_A_hi95": null, "conc_A_status": "unavailable", "conc_A_status_ru": "концентрация недоступна", "conc_A_reasons": "вне бассейна профиля: nw_atlantic_subtropical", "conc_A_model": "conc-A-c6bce5631d2b", "conc_B_items_km2": null, "conc_B_lo80": null, "conc_B_hi80": null, "conc_B_lo95": null, "conc_B_hi95": null, "conc_B_status": "unavailable", "conc_B_status_ru": "концентрация недоступна", "conc_B_reasons": "вне бассейна профиля: black_sea", "conc_B_model": "conc-B-c6bce5631d2b"}}, {"type": "Feature", "geometry": {"type": "Polygon", "coordinates": [[[30.0796442636159, 59.912032228566055], [30.079635951697142, 59.911942564469], [30.079457401801026, 59.91194673841089], [30.079449090414673, 59.91185707429691], [30.07962763983074, 59.911852900369986], [30.079619328016705, 59.91176323626908], [30.07979787690038, 59.91175906211556], [30.07978956465866, 59.911669398027676], [30.08015497451063, 59.911750713083734], [30.080171601071314, 59.91193004119373], [30.079993051332284, 59.911934215860406], [30.08000136421114, 59.912023879927524], [30.0796442636159, 59.912032228566055]]]}, "properties": {"zone_id": "neva-2025-06-14-110", "aoi": "neva", "date": "2025-06-14", "scene_id": "S2B_MSIL2A_20250614T093029_R136_T36VUM_20250614T113630", "scene_datetime_utc": "2025-06-14T09:30:29.024000+00:00", "detection_status": "detected", "detection_status_ru": "обнаружено", "lon": 30.07984, "lat": 59.91186, "n_pixels": 3, "zone_area_km2": 0.001, "cover_m2": 20.8, "p_mean": 0.881, "p_max": 0.98, "cover_m2_km2": 20800.0, "h3": "8811061667fffff", "valid_frac_scene": 0.999, "wind_ms": 3.8, "sea": "спокойное", "scene_reliable": true, "field_event_id": "S3:HE419_MarLitter_transect28", "field_profile": "B", "field_date": "2014-04-11", "field_distance_km": 1415.7, "field_date_gap_days": 4082, "field_conc_items_km2": 43.1, "conc_A_items_km2": null, "conc_A_lo80": null, "conc_A_hi80": null, "conc_A_lo95": null, "conc_A_hi95": null, "conc_A_status": "unavailable", "conc_A_status_ru": "концентрация недоступна", "conc_A_reasons": "вне бассейна профиля: nw_atlantic_subtropical", "conc_A_model": "conc-A-c6bce5631d2b", "conc_B_items_km2": null, "conc_B_lo80": null, "conc_B_hi80": null, "conc_B_lo95": null, "conc_B_hi95": null, "conc_B_status": "unavailable", "conc_B_status_ru": "концентрация недоступна", "conc_B_reasons": "вне бассейна профиля: black_sea", "conc_B_model": "conc-B-c6bce5631d2b"}}, {"type": "Feature", "geometry": {"type": "Polygon", "coordinates": [[[30.078888512327765, 59.911600602139764], [30.078880202590938, 59.91151093797313], [30.078701654885606, 59.911515110873744], [30.07869334568116, 59.9114254466902], [30.078871892906452, 59.91142127380457], [30.078863583274323, 59.91133160963409], [30.079220676607815, 59.91132326316799], [30.079228987200008, 59.91141292730852], [30.079407534268253, 59.9114087536981], [30.079415845392823, 59.91149841782172], [30.079237297844546, 59.91150259144713], [30.07924560854144, 59.91159225558378], [30.078888512327765, 59.911600602139764]]]}, "properties": {"zone_id": "neva-2025-06-14-111", "aoi": "neva", "date": "2025-06-14", "scene_id": "S2B_MSIL2A_20250614T093029_R136_T36VUM_20250614T113630", "scene_datetime_utc": "2025-06-14T09:30:29.024000+00:00", "detection_status": "detected", "detection_status_ru": "обнаружено", "lon": 30.07905, "lat": 59.91146, "n_pixels": 2, "zone_area_km2": 0.0008, "cover_m2": 14.1, "p_mean": 0.978, "p_max": 0.988, "cover_m2_km2": 17625.0, "h3": "8811061667fffff", "valid_frac_scene": 0.999, "wind_ms": 3.8, "sea": "спокойное", "scene_reliable": true, "field_event_id": "S3:HE419_MarLitter_transect28", "field_profile": "B", "field_date": "2014-04-11", "field_distance_km": 1415.7, "field_date_gap_days": 4082, "field_conc_items_km2": 43.1, "conc_A_items_km2": null, "conc_A_lo80": null, "conc_A_hi80": null, "conc_A_lo95": null, "conc_A_hi95": null, "conc_A_status": "unavailable", "conc_A_status_ru": "концентрация недоступна", "conc_A_reasons": "вне бассейна профиля: nw_atlantic_subtropical", "conc_A_model": "conc-A-c6bce5631d2b", "conc_B_items_km2": null, "conc_B_lo80": null, "conc_B_hi80": null, "conc_B_lo95": null, "conc_B_hi95": null, "conc_B_status": "unavailable", "conc_B_status_ru": "концентрация недоступна", "conc_B_reasons": "вне бассейна профиля: black_sea", "conc_B_model": "conc-B-c6bce5631d2b"}}, {"type": "Feature", "geometry": {"type": "Polygon", "coordinates": [[[30.08657436516872, 59.91151060174389], [30.086566034738382, 59.9114209382241], [30.086387488806643, 59.91142512152804], [30.0863791589088, 59.91133545799127], [30.086557704360516, 59.91133127470234], [30.08654937403513, 59.91124161117865], [30.08691479510652, 59.911322907399665], [30.086923126444407, 59.9114125708914], [30.086744580617633, 59.911416754678534], [30.086752911527988, 59.91150641818333], [30.08657436516872, 59.91151060174389]]]}, "properties": {"zone_id": "neva-2025-06-14-112", "aoi": "neva", "date": "2025-06-14", "scene_id": "S2B_MSIL2A_20250614T093029_R136_T36VUM_20250614T113630", "scene_datetime_utc": "2025-06-14T09:30:29.024000+00:00", "detection_status": "detected", "detection_status_ru": "обнаружено", "lon": 30.08665, "lat": 59.91137, "n_pixels": 1, "zone_area_km2": 0.0005, "cover_m2": 4.3, "p_mean": 0.506, "p_max": 0.506, "cover_m2_km2": 8600.0, "h3": "8811061629fffff", "valid_frac_scene": 0.999, "wind_ms": 3.8, "sea": "спокойное", "scene_reliable": true, "field_event_id": "S3:HE419_MarLitter_transect28", "field_profile": "B", "field_date": "2014-04-11", "field_distance_km": 1416.1, "field_date_gap_days": 4082, "field_conc_items_km2": 43.1, "conc_A_items_km2": null, "conc_A_lo80": null, "conc_A_hi80": null, "conc_A_lo95": null, "conc_A_hi95": null, "conc_A_status": "unavailable", "conc_A_status_ru": "концентрация недоступна", "conc_A_reasons": "вне бассейна профиля: nw_atlantic_subtropical", "conc_A_model": "conc-A-c6bce5631d2b", "conc_B_items_km2": null, "conc_B_lo80": null, "conc_B_hi80": null, "conc_B_lo95": null, "conc_B_hi95": null, "conc_B_status": "unavailable", "conc_B_status_ru": "концентрация недоступна", "conc_B_reasons": "вне бассейна профиля: black_sea", "conc_B_model": "conc-B-c6bce5631d2b"}}, {"type": "Feature", "geometry": {"type": "Polygon", "coordinates": [[[30.085316212114424, 59.91145021627849], [30.085307885096668, 59.91136055265165], [30.08494246740102, 59.911279251946944], [30.0849341414482, 59.911189588286256], [30.085112686359594, 59.911185406960016], [30.08510435997921, 59.911095743312366], [30.08546144868461, 59.91108737996515], [30.085469776025015, 59.91117704358278], [30.08564832077904, 59.911172861531774], [30.08566497657723, 59.91135218873119], [30.085316212114424, 59.91145021627849]]]}, "properties": {"zone_id": "neva-2025-06-14-113", "aoi": "neva", "date": "2025-06-14", "scene_id": "S2B_MSIL2A_20250614T093029_R136_T36VUM_20250614T113630", "scene_datetime_utc": "2025-06-14T09:30:29.024000+00:00", "detection_status": "detected", "detection_status_ru": "обнаружено", "lon": 30.08533, "lat": 59.91126, "n_pixels": 3, "zone_area_km2": 0.001, "cover_m2": 16.9, "p_mean": 0.892, "p_max": 0.992, "cover_m2_km2": 16900.0, "h3": "8811061667fffff", "valid_frac_scene": 0.999, "wind_ms": 3.8, "sea": "спокойное", "scene_reliable": true, "field_event_id": "S3:HE419_MarLitter_transect28", "field_profile": "B", "field_date": "2014-04-11", "field_distance_km": 1416.0, "field_date_gap_days": 4082, "field_conc_items_km2": 43.1, "conc_A_items_km2": null, "conc_A_lo80": null, "conc_A_hi80": null, "conc_A_lo95": null, "conc_A_hi95": null, "conc_A_status": "unavailable", "conc_A_status_ru": "концентрация недоступна", "conc_A_reasons": "вне бассейна профиля: nw_atlantic_subtropical", "conc_A_model": "conc-A-c6bce5631d2b", "conc_B_items_km2": null, "conc_B_lo80": null, "conc_B_hi80": null, "conc_B_lo95": null, "conc_B_hi95": null, "conc_B_status": "unavailable", "conc_B_status_ru": "концентрация недоступна", "conc_B_reasons": "вне бассейна профиля: black_sea", "conc_B_model": "conc-B-c6bce5631d2b"}}, {"type": "Feature", "geometry": {"type": "Polygon", "coordinates": [[[30.083310591777803, 59.911047881753746], [30.083302270302376, 59.91095821795219], [30.082936861795556, 59.91087691160789], [30.082920221026797, 59.91069758393518], [30.083098763634897, 59.91069340535637], [30.08309044284914, 59.91060374153212], [30.08362606891898, 59.91059120439123], [30.08363439114472, 59.91068086817046], [30.08381293354315, 59.910676688625344], [30.083821256301324, 59.910766352387675], [30.08364271342289, 59.910770531947804], [30.083659358136508, 59.910949859496675], [30.083310591777803, 59.911047881753746]]]}, "properties": {"zone_id": "neva-2025-06-14-114", "aoi": "neva", "date": "2025-06-14", "scene_id": "S2B_MSIL2A_20250614T093029_R136_T36VUM_20250614T113630", "scene_datetime_utc": "2025-06-14T09:30:29.024000+00:00", "detection_status": "detected", "detection_status_ru": "обнаружено", "lon": 30.08335, "lat": 59.91079, "n_pixels": 6, "zone_area_km2": 0.0016, "cover_m2": 92.2, "p_mean": 0.796, "p_max": 0.992, "cover_m2_km2": 57625.0, "h3": "8811061667fffff", "valid_frac_scene": 0.999, "wind_ms": 3.8, "sea": "спокойное", "scene_reliable": true, "field_event_id": "S3:HE419_MarLitter_transect28", "field_profile": "B", "field_date": "2014-04-11", "field_distance_km": 1415.9, "field_date_gap_days": 4082, "field_conc_items_km2": 43.1, "conc_A_items_km2": null, "conc_A_lo80": null, "conc_A_hi80": null, "conc_A_lo95": null, "conc_A_hi95": null, "conc_A_status": "unavailable", "conc_A_status_ru": "концентрация недоступна", "conc_A_reasons": "вне бассейна профиля: nw_atlantic_subtropical", "conc_A_model": "conc-A-c6bce5631d2b", "conc_B_items_km2": null, "conc_B_lo80": null, "conc_B_hi80": null, "conc_B_lo95": null, "conc_B_hi95": null, "conc_B_status": "unavailable", "conc_B_status_ru": "концентрация недоступна", "conc_B_reasons": "вне бассейна профиля: black_sea", "conc_B_model": "conc-B-c6bce5631d2b"}}, {"type": "Feature", "geometry": {"type": "Polygon", "coordinates": [[[30.08204414316888, 59.91089780102811], [30.082035825158314, 59.91080813711775], [30.08185728175578, 59.91081231426204], [30.081840646851827, 59.91063298640552], [30.08201918929436, 59.91062880929121], [30.082010871440982, 59.91053914537502], [30.082376274022238, 59.91062045433783], [30.082392911806192, 59.910799782104405], [30.08204414316888, 59.91089780102811]]]}, "properties": {"zone_id": "neva-2025-06-14-115", "aoi": "neva", "date": "2025-06-14", "scene_id": "S2B_MSIL2A_20250614T093029_R136_T36VUM_20250614T113630", "scene_datetime_utc": "2025-06-14T09:30:29.024000+00:00", "detection_status": "detected", "detection_status_ru": "обнаружено", "lon": 30.08212, "lat": 59.91072, "n_pixels": 2, "zone_area_km2": 0.0008, "cover_m2": 14.1, "p_mean": 0.984, "p_max": 0.988, "cover_m2_km2": 17625.0, "h3": "8811061667fffff", "valid_frac_scene": 0.999, "wind_ms": 3.8, "sea": "спокойное", "scene_reliable": true, "field_event_id": "S3:HE419_MarLitter_transect28", "field_profile": "B", "field_date": "2014-04-11", "field_distance_km": 1415.8, "field_date_gap_days": 4082, "field_conc_items_km2": 43.1, "conc_A_items_km2": null, "conc_A_lo80": null, "conc_A_hi80": null, "conc_A_lo95": null, "conc_A_hi95": null, "conc_A_status": "unavailable", "conc_A_status_ru": "концентрация недоступна", "conc_A_reasons": "вне бассейна профиля: nw_atlantic_subtropical", "conc_A_model": "conc-A-c6bce5631d2b", "conc_B_items_km2": null, "conc_B_lo80": null, "conc_B_hi80": null, "conc_B_lo95": null, "conc_B_hi95": null, "conc_B_status": "unavailable", "conc_B_status_ru": "концентрация недоступна", "conc_B_reasons": "вне бассейна профиля: black_sea", "conc_B_model": "conc-B-c6bce5631d2b"}}, {"type": "Feature", "geometry": {"type": "Polygon", "coordinates": [[[30.074690608046843, 59.91071020834931], [30.074682309925947, 59.9106205438172], [30.074503766297777, 59.910624710996615], [30.07448717117281, 59.91044538189675], [30.07466571384096, 59.91044121474724], [30.074657415876878, 59.91035155020937], [30.075022799020452, 59.91043287972345], [30.075039397025456, 59.91061220873359], [30.074690608046843, 59.91071020834931]]]}, "properties": {"zone_id": "neva-2025-06-14-116", "aoi": "neva", "date": "2025-06-14", "scene_id": "S2B_MSIL2A_20250614T093029_R136_T36VUM_20250614T113630", "scene_datetime_utc": "2025-06-14T09:30:29.024000+00:00", "detection_status": "detected", "detection_status_ru": "обнаружено", "lon": 30.07476, "lat": 59.91053, "n_pixels": 2, "zone_area_km2": 0.0008, "cover_m2": 11.4, "p_mean": 0.798, "p_max": 0.898, "cover_m2_km2": 14250.0, "h3": "8811061667fffff", "valid_frac_scene": 0.999, "wind_ms": 3.8, "sea": "спокойное", "scene_reliable": true, "field_event_id": "S3:HE419_MarLitter_transect28", "field_profile": "B", "field_date": "2014-04-11", "field_distance_km": 1415.4, "field_date_gap_days": 4082, "field_conc_items_km2": 43.1, "conc_A_items_km2": null, "conc_A_lo80": null, "conc_A_hi80": null, "conc_A_lo95": null, "conc_A_hi95": null, "conc_A_status": "unavailable", "conc_A_status_ru": "концентрация недоступна", "conc_A_reasons": "вне бассейна профиля: nw_atlantic_subtropical", "conc_A_model": "conc-A-c6bce5631d2b", "conc_B_items_km2": null, "conc_B_lo80": null, "conc_B_hi80": null, "conc_B_lo95": null, "conc_B_hi95": null, "conc_B_status": "unavailable", "conc_B_status_ru": "концентрация недоступна", "conc_B_reasons": "вне бассейна профиля: black_sea", "conc_B_model": "conc-B-c6bce5631d2b"}}, {"type": "Feature", "geometry": {"type": "Polygon", "coordinates": [[[30.075193042127687, 59.91033904735621], [30.07518474277588, 59.910249382861274], [30.07500620122455, 59.910253550705626], [30.074989603637754, 59.9100742216801], [30.0751681442291, 59.91007005386565], [30.075159845034122, 59.90998038936497], [30.075525225254943, 59.91006171751207], [30.075541825721697, 59.910241046447844], [30.075193042127687, 59.91033904735621]]]}, "properties": {"zone_id": "neva-2025-06-14-117", "aoi": "neva", "date": "2025-06-14", "scene_id": "S2B_MSIL2A_20250614T093029_R136_T36VUM_20250614T113630", "scene_datetime_utc": "2025-06-14T09:30:29.024000+00:00", "detection_status": "detected", "detection_status_ru": "обнаружено", "lon": 30.07527, "lat": 59.91016, "n_pixels": 2, "zone_area_km2": 0.0008, "cover_m2": 12.2, "p_mean": 0.986, "p_max": 0.992, "cover_m2_km2": 15250.0, "h3": "8811061667fffff", "valid_frac_scene": 0.999, "wind_ms": 3.8, "sea": "спокойное", "scene_reliable": true, "field_event_id": "S3:HE419_MarLitter_transect28", "field_profile": "B", "field_date": "2014-04-11", "field_distance_km": 1415.5, "field_date_gap_days": 4082, "field_conc_items_km2": 43.1, "conc_A_items_km2": null, "conc_A_lo80": null, "conc_A_hi80": null, "conc_A_lo95": null, "conc_A_hi95": null, "conc_A_status": "unavailable", "conc_A_status_ru": "концентрация недоступна", "conc_A_reasons": "вне бассейна профиля: nw_atlantic_subtropical", "conc_A_model": "conc-A-c6bce5631d2b", "conc_B_items_km2": null, "conc_B_lo80": null, "conc_B_hi80": null, "conc_B_lo95": null, "conc_B_hi95": null, "conc_B_status": "unavailable", "conc_B_status_ru": "концентрация недоступна", "conc_B_reasons": "вне бассейна профиля: black_sea", "conc_B_model": "conc-B-c6bce5631d2b"}}, {"type": "Feature", "geometry": {"type": "Polygon", "coordinates": [[[30.073739818034827, 59.910103389616815], [30.073731522679783, 59.910013724996446], [30.073552982150318, 59.910017890863294], [30.073536392556964, 59.90983856158691], [30.073714932126457, 59.90983439574999], [30.073706636928165, 59.90974473112387], [30.074063714950416, 59.909736398755186], [30.074072011108665, 59.90982606335141], [30.074250550521388, 59.90982189678975], [30.074267143954643, 59.910001225946495], [30.07408860358195, 59.91000539253806], [30.074096899896983, 59.91009505712852], [30.073739818034827, 59.910103389616815]]]}, "properties": {"zone_id": "neva-2025-06-14-118", "aoi": "neva", "date": "2025-06-14", "scene_id": "S2B_MSIL2A_20250614T093029_R136_T36VUM_20250614T113630", "scene_datetime_utc": "2025-06-14T09:30:29.024000+00:00", "detection_status": "detected", "detection_status_ru": "обнаружено", "lon": 30.0739, "lat": 59.90992, "n_pixels": 4, "zone_area_km2": 0.0012, "cover_m2": 27.1, "p_mean": 0.971, "p_max": 0.992, "cover_m2_km2": 22583.3, "h3": "8811061667fffff", "valid_frac_scene": 0.999, "wind_ms": 3.8, "sea": "спокойное", "scene_reliable": true, "field_event_id": "S3:HE419_MarLitter_transect28", "field_profile": "B", "field_date": "2014-04-11", "field_distance_km": 1415.4, "field_date_gap_days": 4082, "field_conc_items_km2": 43.1, "conc_A_items_km2": null, "conc_A_lo80": null, "conc_A_hi80": null, "conc_A_lo95": null, "conc_A_hi95": null, "conc_A_status": "unavailable", "conc_A_status_ru": "концентрация недоступна", "conc_A_reasons": "вне бассейна профиля: nw_atlantic_subtropical", "conc_A_model": "conc-A-c6bce5631d2b", "conc_B_items_km2": null, "conc_B_lo80": null, "conc_B_hi80": null, "conc_B_lo95": null, "conc_B_hi95": null, "conc_B_status": "unavailable", "conc_B_status_ru": "концентрация недоступна", "conc_B_reasons": "вне бассейна профиля: black_sea", "conc_B_model": "conc-B-c6bce5631d2b"}}, {"type": "Feature", "geometry": {"type": "Polygon", "coordinates": [[[30.08357613666537, 59.91005322167511], [30.083567814806578, 59.90996355788234], [30.0833892761956, 59.90996773706588], [30.0833809548692, 59.90987807325618], [30.083559493000205, 59.90987389408763], [30.08355117124625, 59.909784230291], [30.083916569104964, 59.90986553502584], [30.083924891871277, 59.90995519879055], [30.083746353365143, 59.90995937845722], [30.0837546757039, 59.910049042234995], [30.08357613666537, 59.91005322167511]]]}, "properties": {"zone_id": "neva-2025-06-14-119", "aoi": "neva", "date": "2025-06-14", "scene_id": "S2B_MSIL2A_20250614T093029_R136_T36VUM_20250614T113630", "scene_datetime_utc": "2025-06-14T09:30:29.024000+00:00", "detection_status": "detected", "detection_status_ru": "обнаружено", "lon": 30.08365, "lat": 59.90992, "n_pixels": 1, "zone_area_km2": 0.0005, "cover_m2": 5.5, "p_mean": 0.961, "p_max": 0.961, "cover_m2_km2": 11000.0, "h3": "8811061667fffff", "valid_frac_scene": 0.999, "wind_ms": 3.8, "sea": "спокойное", "scene_reliable": true, "field_event_id": "S3:HE419_MarLitter_transect28", "field_profile": "B", "field_date": "2014-04-11", "field_distance_km": 1415.9, "field_date_gap_days": 4082, "field_conc_items_km2": 43.1, "conc_A_items_km2": null, "conc_A_lo80": null, "conc_A_hi80": null, "conc_A_lo95": null, "conc_A_hi95": null, "conc_A_status": "unavailable", "conc_A_status_ru": "концентрация недоступна", "conc_A_reasons": "вне бассейна профиля: nw_atlantic_subtropical", "conc_A_model": "conc-A-c6bce5631d2b", "conc_B_items_km2": null, "conc_B_lo80": null, "conc_B_hi80": null, "conc_B_lo95": null, "conc_B_hi95": null, "conc_B_status": "unavailable", "conc_B_status_ru": "концентрация недоступна", "conc_B_reasons": "вне бассейна профиля: black_sea", "conc_B_model": "conc-B-c6bce5631d2b"}}, {"type": "Feature", "geometry": {"type": "Polygon", "coordinates": [[[30.07927456339505, 59.90997412745802], [30.07926625316045, 59.90988446330163], [30.07908771425225, 59.909888636657385], [30.079071094900034, 59.90970930830885], [30.079249632848285, 59.90970513498305], [30.079241322770724, 59.909615470820874], [30.07960670858775, 59.90969678760674], [30.079623330819807, 59.90987611586537], [30.07927456339505, 59.90997412745802]]]}, "properties": {"zone_id": "neva-2025-06-14-120", "aoi": "neva", "date": "2025-06-14", "scene_id": "S2B_MSIL2A_20250614T093029_R136_T36VUM_20250614T113630", "scene_datetime_utc": "2025-06-14T09:30:29.024000+00:00", "detection_status": "detected", "detection_status_ru": "обнаружено", "lon": 30.07935, "lat": 59.90979, "n_pixels": 2, "zone_area_km2": 0.0008, "cover_m2": 12.9, "p_mean": 0.965, "p_max": 0.984, "cover_m2_km2": 16125.0, "h3": "8811061667fffff", "valid_frac_scene": 0.999, "wind_ms": 3.8, "sea": "спокойное", "scene_reliable": true, "field_event_id": "S3:HE419_MarLitter_transect28", "field_profile": "B", "field_date": "2014-04-11", "field_distance_km": 1415.7, "field_date_gap_days": 4082, "field_conc_items_km2": 43.1, "conc_A_items_km2": null, "conc_A_lo80": null, "conc_A_hi80": null, "conc_A_lo95": null, "conc_A_hi95": null, "conc_A_status": "unavailable", "conc_A_status_ru": "концентрация недоступна", "conc_A_reasons": "вне бассейна профиля: nw_atlantic_subtropical", "conc_A_model": "conc-A-c6bce5631d2b", "conc_B_items_km2": null, "conc_B_lo80": null, "conc_B_hi80": null, "conc_B_lo95": null, "conc_B_hi95": null, "conc_B_status": "unavailable", "conc_B_status_ru": "концентрация недоступна", "conc_B_reasons": "вне бассейна профиля: black_sea", "conc_B_model": "conc-B-c6bce5631d2b"}}, {"type": "Feature", "geometry": {"type": "Polygon", "coordinates": [[[30.08120523146636, 59.90956954845807], [30.081196916161545, 59.9094798844588], [30.081018379749192, 59.909484060411934], [30.081001750256597, 59.9093047323776], [30.08118028570904, 59.90930055645445], [30.081171970561346, 59.90921089244937], [30.08153735645678, 59.90929220388344], [30.081545672616752, 59.90938186785658], [30.081724208392007, 59.90937769119372], [30.081732525084327, 59.90946735514999], [30.081553988829114, 59.90947153182782], [30.081562305093854, 59.9095611957971], [30.08120523146636, 59.90956954845807]]]}, "properties": {"zone_id": "neva-2025-06-14-121", "aoi": "neva", "date": "2025-06-14", "scene_id": "S2B_MSIL2A_20250614T093029_R136_T36VUM_20250614T113630", "scene_datetime_utc": "2025-06-14T09:30:29.024000+00:00", "detection_status": "detected", "detection_status_ru": "обнаружено", "lon": 30.08134, "lat": 59.9094, "n_pixels": 3, "zone_area_km2": 0.001, "cover_m2": 19.6, "p_mean": 0.767, "p_max": 0.965, "cover_m2_km2": 19600.0, "h3": "8811061667fffff", "valid_frac_scene": 0.999, "wind_ms": 3.8, "sea": "спокойное", "scene_reliable": true, "field_event_id": "S3:HE419_MarLitter_transect28", "field_profile": "B", "field_date": "2014-04-11", "field_distance_km": 1415.8, "field_date_gap_days": 4082, "field_conc_items_km2": 43.1, "conc_A_items_km2": null, "conc_A_lo80": null, "conc_A_hi80": null, "conc_A_lo95": null, "conc_A_hi95": null, "conc_A_status": "unavailable", "conc_A_status_ru": "концентрация недоступна", "conc_A_reasons": "вне бассейна профиля: nw_atlantic_subtropical", "conc_A_model": "conc-A-c6bce5631d2b", "conc_B_items_km2": null, "conc_B_lo80": null, "conc_B_hi80": null, "conc_B_lo95": null, "conc_B_hi95": null, "conc_B_status": "unavailable", "conc_B_status_ru": "концентрация недоступна", "conc_B_reasons": "вне бассейна профиля: black_sea", "conc_B_model": "conc-B-c6bce5631d2b"}}, {"type": "Feature", "geometry": {"type": "Polygon", "coordinates": [[[30.076172971544253, 59.9093277265646], [30.076164669887703, 59.90923806213826], [30.07598613392985, 59.90924223126748], [30.075977832805556, 59.909152566824275], [30.076156368283453, 59.909148397710005], [30.076148066731488, 59.909058733279814], [30.076513439082362, 59.90914005875676], [30.076521741646538, 59.90922972315509], [30.076343205793265, 59.909233892767475], [30.07635150792978, 59.90932355717884], [30.076172971544253, 59.9093277265646]]]}, "properties": {"zone_id": "neva-2025-06-14-122", "aoi": "neva", "date": "2025-06-14", "scene_id": "S2B_MSIL2A_20250614T093029_R136_T36VUM_20250614T113630", "scene_datetime_utc": "2025-06-14T09:30:29.024000+00:00", "detection_status": "detected", "detection_status_ru": "обнаружено", "lon": 30.07625, "lat": 59.90919, "n_pixels": 1, "zone_area_km2": 0.0005, "cover_m2": 5.1, "p_mean": 0.953, "p_max": 0.953, "cover_m2_km2": 10200.0, "h3": "8811061667fffff", "valid_frac_scene": 0.999, "wind_ms": 3.8, "sea": "спокойное", "scene_reliable": true, "field_event_id": "S3:HE419_MarLitter_transect28", "field_profile": "B", "field_date": "2014-04-11", "field_distance_km": 1415.5, "field_date_gap_days": 4082, "field_conc_items_km2": 43.1, "conc_A_items_km2": null, "conc_A_lo80": null, "conc_A_hi80": null, "conc_A_lo95": null, "conc_A_hi95": null, "conc_A_status": "unavailable", "conc_A_status_ru": "концентрация недоступна", "conc_A_reasons": "вне бассейна профиля: nw_atlantic_subtropical", "conc_A_model": "conc-A-c6bce5631d2b", "conc_B_items_km2": null, "conc_B_lo80": null, "conc_B_hi80": null, "conc_B_lo95": null, "conc_B_hi95": null, "conc_B_status": "unavailable", "conc_B_status_ru": "концентрация недоступна", "conc_B_reasons": "вне бассейна профиля: black_sea", "conc_B_model": "conc-B-c6bce5631d2b"}}, {"type": "Feature", "geometry": {"type": "Polygon", "coordinates": [[[30.07453295268784, 59.90900658191021], [30.074524655560033, 59.90891691734152], [30.07434612105152, 59.90892108423677], [30.074337824455927, 59.908831419651214], [30.074516358484484, 59.9088272527709], [30.074508061461206, 59.90873758819838], [30.07468659495755, 59.908733421091476], [30.07467829750659, 59.90864375653197], [30.075043661793455, 59.90872508615294], [30.075060258771977, 59.90890441520636], [30.074881724420266, 59.908908582826314], [30.07489002250798, 59.908998247365076], [30.07453295268784, 59.90900658191021]]]}, "properties": {"zone_id": "neva-2025-06-14-123", "aoi": "neva", "date": "2025-06-14", "scene_id": "S2B_MSIL2A_20250614T093029_R136_T36VUM_20250614T113630", "scene_datetime_utc": "2025-06-14T09:30:29.024000+00:00", "detection_status": "detected", "detection_status_ru": "обнаружено", "lon": 30.07473, "lat": 59.90884, "n_pixels": 3, "zone_area_km2": 0.001, "cover_m2": 23.1, "p_mean": 0.988, "p_max": 1.0, "cover_m2_km2": 23100.0, "h3": "8811061667fffff", "valid_frac_scene": 0.999, "wind_ms": 3.8, "sea": "спокойное", "scene_reliable": true, "field_event_id": "S3:HE419_MarLitter_transect28", "field_profile": "B", "field_date": "2014-04-11", "field_distance_km": 1415.4, "field_date_gap_days": 4082, "field_conc_items_km2": 43.1, "conc_A_items_km2": null, "conc_A_lo80": null, "conc_A_hi80": null, "conc_A_lo95": null, "conc_A_hi95": null, "conc_A_status": "unavailable", "conc_A_status_ru": "концентрация недоступна", "conc_A_reasons": "вне бассейна профиля: nw_atlantic_subtropical", "conc_A_model": "conc-A-c6bce5631d2b", "conc_B_items_km2": null, "conc_B_lo80": null, "conc_B_hi80": null, "conc_B_lo95": null, "conc_B_hi95": null, "conc_B_status": "unavailable", "conc_B_status_ru": "концентрация недоступна", "conc_B_reasons": "вне бассейна профиля: black_sea", "conc_B_model": "conc-B-c6bce5631d2b"}}, {"type": "Feature", "geometry": {"type": "Polygon", "coordinates": [[[30.077032437037328, 59.90894821980249], [30.0770241331902, 59.90885855544327], [30.076845599413645, 59.90886272572049], [30.076828992836194, 59.90868339696635], [30.077007525652864, 59.90867922671908], [30.07699922196265, 59.908589562354095], [30.07735628647919, 59.908581221164766], [30.077364591129275, 59.90867088549982], [30.077543123789024, 59.908666714527875], [30.077559734206016, 59.90884604316224], [30.077381200586387, 59.90885021416415], [30.07738950539341, 59.90893987849343], [30.077032437037328, 59.90894821980249]]]}, "properties": {"zone_id": "neva-2025-06-14-124", "aoi": "neva", "date": "2025-06-14", "scene_id": "S2B_MSIL2A_20250614T093029_R136_T36VUM_20250614T113630", "scene_datetime_utc": "2025-06-14T09:30:29.024000+00:00", "detection_status": "detected", "detection_status_ru": "обнаружено", "lon": 30.07719, "lat": 59.90876, "n_pixels": 4, "zone_area_km2": 0.0012, "cover_m2": 26.3, "p_mean": 0.926, "p_max": 0.984, "cover_m2_km2": 21916.7, "h3": "8811061667fffff", "valid_frac_scene": 0.999, "wind_ms": 3.8, "sea": "спокойное", "scene_reliable": true, "field_event_id": "S3:HE419_MarLitter_transect28", "field_profile": "B", "field_date": "2014-04-11", "field_distance_km": 1415.5, "field_date_gap_days": 4082, "field_conc_items_km2": 43.1, "conc_A_items_km2": null, "conc_A_lo80": null, "conc_A_hi80": null, "conc_A_lo95": null, "conc_A_hi95": null, "conc_A_status": "unavailable", "conc_A_status_ru": "концентрация недоступна", "conc_A_reasons": "вне бассейна профиля: nw_atlantic_subtropical", "conc_A_model": "conc-A-c6bce5631d2b", "conc_B_items_km2": null, "conc_B_lo80": null, "conc_B_hi80": null, "conc_B_lo95": null, "conc_B_hi95": null, "conc_B_status": "unavailable", "conc_B_status_ru": "концентрация недоступна", "conc_B_reasons": "вне бассейна профиля: black_sea", "conc_B_model": "conc-B-c6bce5631d2b"}}, {"type": "Feature", "geometry": {"type": "Polygon", "coordinates": [[[30.07811194825694, 59.90901285724395], [30.07810364147781, 59.90892319297648], [30.077925107535183, 59.90892736471807], [30.07791680128833, 59.90883770043371], [30.078095334750998, 59.9088335287071], [30.078087028076517, 59.90874386443578], [30.07826556100693, 59.90873969248257], [30.078257253904834, 59.908650028224315], [30.07807872145436, 59.908654200162545], [30.078070414884525, 59.90856453588738], [30.077891882861664, 59.90856870756907], [30.077883576824085, 59.908479043277026], [30.078062108367007, 59.90847487161031], [30.07805380190182, 59.908385207331264], [30.078410863870836, 59.90837686330309], [30.07841917129589, 59.90846652755217], [30.07859770268184, 59.908462355160765], [30.078614318648796, 59.90864168362315], [30.078435786302983, 59.90864585604454], [30.078452401519378, 59.908825184529164], [30.078630934825078, 59.90882101207787], [30.078639242991716, 59.90891067630233], [30.078460709206073, 59.90891484876862], [30.0784690169451, 59.909004513006124], [30.07811194825694, 59.90901285724395]]]}, "properties": {"zone_id": "neva-2025-06-14-125", "aoi": "neva", "date": "2025-06-14", "scene_id": "S2B_MSIL2A_20250614T093029_R136_T36VUM_20250614T113630", "scene_datetime_utc": "2025-06-14T09:30:29.024000+00:00", "detection_status": "detected", "detection_status_ru": "обнаружено", "lon": 30.07828, "lat": 59.90868, "n_pixels": 5, "zone_area_km2": 0.0018, "cover_m2": 35.7, "p_mean": 0.92, "p_max": 0.996, "cover_m2_km2": 19833.3, "h3": "8811061667fffff", "valid_frac_scene": 0.999, "wind_ms": 3.8, "sea": "спокойное", "scene_reliable": true, "field_event_id": "S3:HE419_MarLitter_transect28", "field_profile": "B", "field_date": "2014-04-11", "field_distance_km": 1415.6, "field_date_gap_days": 4082, "field_conc_items_km2": 43.1, "conc_A_items_km2": null, "conc_A_lo80": null, "conc_A_hi80": null, "conc_A_lo95": null, "conc_A_hi95": null, "conc_A_status": "unavailable", "conc_A_status_ru": "концентрация недоступна", "conc_A_reasons": "вне бассейна профиля: nw_atlantic_subtropical", "conc_A_model": "conc-A-c6bce5631d2b", "conc_B_items_km2": null, "conc_B_lo80": null, "conc_B_hi80": null, "conc_B_lo95": null, "conc_B_hi95": null, "conc_B_status": "unavailable", "conc_B_status_ru": "концентрация недоступна", "conc_B_reasons": "вне бассейна профиля: black_sea", "conc_B_model": "conc-B-c6bce5631d2b"}}, {"type": "Feature", "geometry": {"type": "Polygon", "coordinates": [[[30.082380122151292, 59.908733334798754], [30.082371803958335, 59.90864367088706], [30.082193272232175, 59.90864784839623], [30.082176636963297, 59.90846852053707], [30.082355167729588, 59.908464343057865], [30.082346849693817, 59.90837467914039], [30.082712229105006, 59.908455987374815], [30.082728867253444, 59.90863531514401], [30.082380122151292, 59.908733334798754]]]}, "properties": {"zone_id": "neva-2025-06-14-126", "aoi": "neva", "date": "2025-06-14", "scene_id": "S2B_MSIL2A_20250614T093029_R136_T36VUM_20250614T113630", "scene_datetime_utc": "2025-06-14T09:30:29.024000+00:00", "detection_status": "detected", "detection_status_ru": "обнаружено", "lon": 30.08245, "lat": 59.90855, "n_pixels": 2, "zone_area_km2": 0.0008, "cover_m2": 11.8, "p_mean": 0.941, "p_max": 0.957, "cover_m2_km2": 14750.0, "h3": "8811061667fffff", "valid_frac_scene": 0.999, "wind_ms": 3.8, "sea": "спокойное", "scene_reliable": true, "field_event_id": "S3:HE419_MarLitter_transect28", "field_profile": "B", "field_date": "2014-04-11", "field_distance_km": 1415.8, "field_date_gap_days": 4082, "field_conc_items_km2": 43.1, "conc_A_items_km2": null, "conc_A_lo80": null, "conc_A_hi80": null, "conc_A_lo95": null, "conc_A_hi95": null, "conc_A_status": "unavailable", "conc_A_status_ru": "концентрация недоступна", "conc_A_reasons": "вне бассейна профиля: nw_atlantic_subtropical", "conc_A_model": "conc-A-c6bce5631d2b", "conc_B_items_km2": null, "conc_B_lo80": null, "conc_B_hi80": null, "conc_B_lo95": null, "conc_B_hi95": null, "conc_B_status": "unavailable", "conc_B_status_ru": "концентрация недоступна", "conc_B_reasons": "вне бассейна профиля: black_sea", "conc_B_model": "conc-B-c6bce5631d2b"}}, {"type": "Feature", "geometry": {"type": "Polygon", "coordinates": [[[30.06679796669889, 59.908557884391925], [30.06678969057448, 59.90846821916748], [30.066611157181235, 59.90847237557069], [30.0666028815889, 59.90838271032937], [30.066781414502202, 59.908378553941105], [30.066773138482052, 59.90828888871279], [30.066951670863272, 59.90828473209786], [30.066943394415304, 59.908195066882534], [30.06730873546931, 59.90827641814328], [30.0673170129293, 59.90836608332681], [30.06749554563406, 59.908361925972244], [30.067503823626133, 59.908451591138956], [30.067325290441428, 59.908455748508445], [30.0673335680057, 59.90854541368813], [30.06679796669889, 59.908557884391925]]]}, "properties": {"zone_id": "neva-2025-06-14-127", "aoi": "neva", "date": "2025-06-14", "scene_id": "S2B_MSIL2A_20250614T093029_R136_T36VUM_20250614T113630", "scene_datetime_utc": "2025-06-14T09:30:29.024000+00:00", "detection_status": "detected", "detection_status_ru": "обнаружено", "lon": 30.06705, "lat": 59.90839, "n_pixels": 4, "zone_area_km2": 0.0012, "cover_m2": 31.4, "p_mean": 0.973, "p_max": 1.0, "cover_m2_km2": 26166.7, "h3": "8811061661fffff", "valid_frac_scene": 0.999, "wind_ms": 3.8, "sea": "спокойное", "scene_reliable": true, "field_event_id": "S3:HE419_MarLitter_transect28", "field_profile": "B", "field_date": "2014-04-11", "field_distance_km": 1415.0, "field_date_gap_days": 4082, "field_conc_items_km2": 43.1, "conc_A_items_km2": null, "conc_A_lo80": null, "conc_A_hi80": null, "conc_A_lo95": null, "conc_A_hi95": null, "conc_A_status": "unavailable", "conc_A_status_ru": "концентрация недоступна", "conc_A_reasons": "вне бассейна профиля: nw_atlantic_subtropical", "conc_A_model": "conc-A-c6bce5631d2b", "conc_B_items_km2": null, "conc_B_lo80": null, "conc_B_hi80": null, "conc_B_lo95": null, "conc_B_hi95": null, "conc_B_status": "unavailable", "conc_B_status_ru": "концентрация недоступна", "conc_B_reasons": "вне бассейна профиля: black_sea", "conc_B_model": "conc-B-c6bce5631d2b"}}, {"type": "Feature", "geometry": {"type": "Polygon", "coordinates": [[[30.07820741239106, 59.90811204263426], [30.07819910565523, 59.9080223783625], [30.07802057656425, 59.908026550195906], [30.078003964209383, 59.90784722161666], [30.078182492340538, 59.90784304981321], [30.078174185761675, 59.90775338553566], [30.078539548445885, 59.907834705481584], [30.078556163680233, 59.90801403397098], [30.07820741239106, 59.90811204263426]]]}, "properties": {"zone_id": "neva-2025-06-14-128", "aoi": "neva", "date": "2025-06-14", "scene_id": "S2B_MSIL2A_20250614T093029_R136_T36VUM_20250614T113630", "scene_datetime_utc": "2025-06-14T09:30:29.024000+00:00", "detection_status": "detected", "detection_status_ru": "обнаружено", "lon": 30.07828, "lat": 59.90793, "n_pixels": 2, "zone_area_km2": 0.0008, "cover_m2": 12.9, "p_mean": 0.892, "p_max": 0.898, "cover_m2_km2": 16125.0, "h3": "8811061667fffff", "valid_frac_scene": 0.999, "wind_ms": 3.8, "sea": "спокойное", "scene_reliable": true, "field_event_id": "S3:HE419_MarLitter_transect28", "field_profile": "B", "field_date": "2014-04-11", "field_distance_km": 1415.6, "field_date_gap_days": 4082, "field_conc_items_km2": 43.1, "conc_A_items_km2": null, "conc_A_lo80": null, "conc_A_hi80": null, "conc_A_lo95": null, "conc_A_hi95": null, "conc_A_status": "unavailable", "conc_A_status_ru": "концентрация недоступна", "conc_A_reasons": "вне бассейна профиля: nw_atlantic_subtropical", "conc_A_model": "conc-A-c6bce5631d2b", "conc_B_items_km2": null, "conc_B_lo80": null, "conc_B_hi80": null, "conc_B_lo95": null, "conc_B_hi95": null, "conc_B_status": "unavailable", "conc_B_status_ru": "концентрация недоступна", "conc_B_reasons": "вне бассейна профиля: black_sea", "conc_B_model": "conc-B-c6bce5631d2b"}}, {"type": "Feature", "geometry": {"type": "Polygon", "coordinates": [[[30.073295866937773, 59.907238286213975], [30.07328757373451, 59.907148621517074], [30.073109048511, 59.9071527866639], [30.073092463220977, 59.90697345723442], [30.073270987484705, 59.90696929211747], [30.073262694438153, 59.906879627414796], [30.073628035855442, 59.906960961158944], [30.073644624024823, 59.90714029049874], [30.073295866937773, 59.907238286213975]]]}, "properties": {"zone_id": "neva-2025-06-14-129", "aoi": "neva", "date": "2025-06-14", "scene_id": "S2B_MSIL2A_20250614T093029_R136_T36VUM_20250614T113630", "scene_datetime_utc": "2025-06-14T09:30:29.024000+00:00", "detection_status": "detected", "detection_status_ru": "обнаружено", "lon": 30.07337, "lat": 59.90706, "n_pixels": 2, "zone_area_km2": 0.0008, "cover_m2": 14.5, "p_mean": 0.827, "p_max": 0.98, "cover_m2_km2": 18125.0, "h3": "8811061667fffff", "valid_frac_scene": 0.999, "wind_ms": 3.8, "sea": "спокойное", "scene_reliable": true, "field_event_id": "S3:HE419_MarLitter_transect28", "field_profile": "B", "field_date": "2014-04-11", "field_distance_km": 1415.3, "field_date_gap_days": 4082, "field_conc_items_km2": 43.1, "conc_A_items_km2": null, "conc_A_lo80": null, "conc_A_hi80": null, "conc_A_lo95": null, "conc_A_hi95": null, "conc_A_status": "unavailable", "conc_A_status_ru": "концентрация недоступна", "conc_A_reasons": "вне бассейна профиля: nw_atlantic_subtropical", "conc_A_model": "conc-A-c6bce5631d2b", "conc_B_items_km2": null, "conc_B_lo80": null, "conc_B_hi80": null, "conc_B_lo95": null, "conc_B_hi95": null, "conc_B_status": "unavailable", "conc_B_status_ru": "концентрация недоступна", "conc_B_reasons": "вне бассейна профиля: black_sea", "conc_B_model": "conc-B-c6bce5631d2b"}}, {"type": "Feature", "geometry": {"type": "Polygon", "coordinates": [[[30.089192780945773, 59.906956282769734], [30.089184444981, 59.906866619408696], [30.089005923938416, 59.90687080606822], [30.088997588506004, 59.9067811426902], [30.08917610906874, 59.906776956045704], [30.08916777320898, 59.90668729268081], [30.089533150036697, 59.906768582032115], [30.08954148690867, 59.90685824536503], [30.08936296597109, 59.90686243250765], [30.089371302415717, 59.90695209585366], [30.089192780945773, 59.906956282769734]]]}, "properties": {"zone_id": "neva-2025-06-14-130", "aoi": "neva", "date": "2025-06-14", "scene_id": "S2B_MSIL2A_20250614T093029_R136_T36VUM_20250614T113630", "scene_datetime_utc": "2025-06-14T09:30:29.024000+00:00", "detection_status": "detected", "detection_status_ru": "обнаружено", "lon": 30.08927, "lat": 59.90682, "n_pixels": 1, "zone_area_km2": 0.0005, "cover_m2": 6.3, "p_mean": 0.961, "p_max": 0.961, "cover_m2_km2": 12600.0, "h3": "881106162dfffff", "valid_frac_scene": 0.999, "wind_ms": 3.8, "sea": "спокойное", "scene_reliable": true, "field_event_id": "S3:HE419_MarLitter_transect28", "field_profile": "B", "field_date": "2014-04-11", "field_distance_km": 1416.1, "field_date_gap_days": 4082, "field_conc_items_km2": 43.1, "conc_A_items_km2": null, "conc_A_lo80": null, "conc_A_hi80": null, "conc_A_lo95": null, "conc_A_hi95": null, "conc_A_status": "unavailable", "conc_A_status_ru": "концентрация недоступна", "conc_A_reasons": "вне бассейна профиля: nw_atlantic_subtropical", "conc_A_model": "conc-A-c6bce5631d2b", "conc_B_items_km2": null, "conc_B_lo80": null, "conc_B_hi80": null, "conc_B_lo95": null, "conc_B_hi95": null, "conc_B_status": "unavailable", "conc_B_status_ru": "концентрация недоступна", "conc_B_reasons": "вне бассейна профиля: black_sea", "conc_B_model": "conc-B-c6bce5631d2b"}}, {"type": "Feature", "geometry": {"type": "Polygon", "coordinates": [[[30.08025399152882, 59.90509887106325], [30.08024568028178, 59.905009206922585], [30.080067167706623, 59.9050133814018], [30.080050546329193, 59.904834053084734], [30.080229057944734, 59.904829878635454], [30.08022074685473, 59.904740214489], [30.080577768969164, 59.904731864895886], [30.080586081018772, 59.90482152901237], [30.08076459247727, 59.90481735383852], [30.080781217693158, 59.90499668203573], [30.08060270527505, 59.90500085723955], [30.08061101748171, 59.90509052135024], [30.08025399152882, 59.90509887106325]]]}, "properties": {"zone_id": "neva-2025-06-14-131", "aoi": "neva", "date": "2025-06-14", "scene_id": "S2B_MSIL2A_20250614T093029_R136_T36VUM_20250614T113630", "scene_datetime_utc": "2025-06-14T09:30:29.024000+00:00", "detection_status": "detected", "detection_status_ru": "обнаружено", "lon": 30.08042, "lat": 59.90492, "n_pixels": 4, "zone_area_km2": 0.0012, "cover_m2": 40.0, "p_mean": 0.936, "p_max": 0.996, "cover_m2_km2": 33333.3, "h3": "881106175bfffff", "valid_frac_scene": 0.999, "wind_ms": 3.8, "sea": "спокойное", "scene_reliable": true, "field_event_id": "S3:HE419_MarLitter_transect28", "field_profile": "B", "field_date": "2014-04-11", "field_distance_km": 1415.6, "field_date_gap_days": 4082, "field_conc_items_km2": 43.1, "conc_A_items_km2": null, "conc_A_lo80": null, "conc_A_hi80": null, "conc_A_lo95": null, "conc_A_hi95": null, "conc_A_status": "unavailable", "conc_A_status_ru": "концентрация недоступна", "conc_A_reasons": "вне бассейна профиля: nw_atlantic_subtropical", "conc_A_model": "conc-A-c6bce5631d2b", "conc_B_items_km2": null, "conc_B_lo80": null, "conc_B_hi80": null, "conc_B_lo95": null, "conc_B_hi95": null, "conc_B_status": "unavailable", "conc_B_status_ru": "концентрация недоступна", "conc_B_reasons": "вне бассейна профиля: black_sea", "conc_B_model": "conc-B-c6bce5631d2b"}}, {"type": "Feature", "geometry": {"type": "Polygon", "coordinates": [[[30.089987275832108, 59.9001083688672], [30.089978940019297, 59.90001870547948], [30.08980045585703, 59.90002289292906], [30.089783785348132, 59.89984356611778], [30.089962268551155, 59.89983937869827], [30.089953932895824, 59.89974971530478], [30.09031089818515, 59.89974133977135], [30.090319234799722, 59.8998310031348], [30.09049771784526, 59.89982681499084], [30.090506054991945, 59.89991647833733], [30.090327571466787, 59.89992066649632], [30.090335908186347, 59.90001032985589], [30.089987275832108, 59.9001083688672]]]}, "properties": {"zone_id": "neva-2025-06-14-132", "aoi": "neva", "date": "2025-06-14", "scene_id": "S2B_MSIL2A_20250614T093029_R136_T36VUM_20250614T113630", "scene_datetime_utc": "2025-06-14T09:30:29.024000+00:00", "detection_status": "detected", "detection_status_ru": "обнаружено", "lon": 30.09012, "lat": 59.89991, "n_pixels": 3, "zone_area_km2": 0.001, "cover_m2": 21.2, "p_mean": 0.941, "p_max": 0.996, "cover_m2_km2": 21200.0, "h3": "8811061753fffff", "valid_frac_scene": 0.999, "wind_ms": 3.8, "sea": "спокойное", "scene_reliable": true, "field_event_id": "S3:HE419_MarLitter_transect28", "field_profile": "B", "field_date": "2014-04-11", "field_distance_km": 1416.0, "field_date_gap_days": 4082, "field_conc_items_km2": 43.1, "conc_A_items_km2": null, "conc_A_lo80": null, "conc_A_hi80": null, "conc_A_lo95": null, "conc_A_hi95": null, "conc_A_status": "unavailable", "conc_A_status_ru": "концентрация недоступна", "conc_A_reasons": "вне бассейна профиля: nw_atlantic_subtropical", "conc_A_model": "conc-A-c6bce5631d2b", "conc_B_items_km2": null, "conc_B_lo80": null, "conc_B_hi80": null, "conc_B_lo95": null, "conc_B_hi95": null, "conc_B_status": "unavailable", "conc_B_status_ru": "концентрация недоступна", "conc_B_reasons": "вне бассейна профиля: black_sea", "conc_B_model": "conc-B-c6bce5631d2b"}}, {"type": "Feature", "geometry": {"type": "Polygon", "coordinates": [[[30.106684884991335, 59.88929182173503], [30.106676507818324, 59.88920215961413], [30.106498084478407, 59.88920636921655], [30.106489707837362, 59.88911670707861], [30.106668130698054, 59.88911249749131], [30.106659753630524, 59.88902283536653], [30.107024976261226, 59.889104077592606], [30.107033354339958, 59.88919373968525], [30.106854931105506, 59.88919794977036], [30.10686330875775, 59.88928761187615], [30.106684884991335, 59.88929182173503]]]}, "properties": {"zone_id": "neva-2025-06-14-133", "aoi": "neva", "date": "2025-06-14", "scene_id": "S2B_MSIL2A_20250614T093029_R136_T36VUM_20250614T113630", "scene_datetime_utc": "2025-06-14T09:30:29.024000+00:00", "detection_status": "detected", "detection_status_ru": "обнаружено", "lon": 30.10676, "lat": 59.88916, "n_pixels": 1, "zone_area_km2": 0.0005, "cover_m2": 6.3, "p_mean": 0.992, "p_max": 0.992, "cover_m2_km2": 12600.0, "h3": "881106171dfffff", "valid_frac_scene": 0.999, "wind_ms": 3.8, "sea": "спокойное", "scene_reliable": true, "field_event_id": "S3:HE419_MarLitter_transect28", "field_profile": "B", "field_date": "2014-04-11", "field_distance_km": 1416.6, "field_date_gap_days": 4082, "field_conc_items_km2": 43.1, "conc_A_items_km2": null, "conc_A_lo80": null, "conc_A_hi80": null, "conc_A_lo95": null, "conc_A_hi95": null, "conc_A_status": "unavailable", "conc_A_status_ru": "концентрация недоступна", "conc_A_reasons": "вне бассейна профиля: nw_atlantic_subtropical", "conc_A_model": "conc-A-c6bce5631d2b", "conc_B_items_km2": null, "conc_B_lo80": null, "conc_B_hi80": null, "conc_B_lo95": null, "conc_B_hi95": null, "conc_B_status": "unavailable", "conc_B_status_ru": "концентрация недоступна", "conc_B_reasons": "вне бассейна профиля: black_sea", "conc_B_model": "conc-B-c6bce5631d2b"}}, {"type": "Feature", "geometry": {"type": "Polygon", "coordinates": [[[30.113895259903284, 59.88417919608355], [30.113886865030622, 59.88408953450598], [30.11370847031312, 59.88409375365419], [30.11369168168439, 59.88391443046299], [30.113870075443806, 59.883910211345025], [30.113861680729663, 59.883820549761644], [30.114226862804127, 59.88390177238523], [30.114243654307106, 59.88408109548563], [30.113895259903284, 59.88417919608355]]]}, "properties": {"zone_id": "neva-2025-06-14-134", "aoi": "neva", "date": "2025-06-14", "scene_id": "S2B_MSIL2A_20250614T093029_R136_T36VUM_20250614T113630", "scene_datetime_utc": "2025-06-14T09:30:29.024000+00:00", "detection_status": "detected", "detection_status_ru": "обнаружено", "lon": 30.11397, "lat": 59.884, "n_pixels": 2, "zone_area_km2": 0.0008, "cover_m2": 14.1, "p_mean": 0.953, "p_max": 0.992, "cover_m2_km2": 17625.0, "h3": "8811061703fffff", "valid_frac_scene": 0.999, "wind_ms": 3.8, "sea": "спокойное", "scene_reliable": true, "field_event_id": "S3:HE419_MarLitter_transect28", "field_profile": "B", "field_date": "2014-04-11", "field_distance_km": 1416.9, "field_date_gap_days": 4082, "field_conc_items_km2": 43.1, "conc_A_items_km2": null, "conc_A_lo80": null, "conc_A_hi80": null, "conc_A_lo95": null, "conc_A_hi95": null, "conc_A_status": "unavailable", "conc_A_status_ru": "концентрация недоступна", "conc_A_reasons": "вне бассейна профиля: nw_atlantic_subtropical", "conc_A_model": "conc-A-c6bce5631d2b", "conc_B_items_km2": null, "conc_B_lo80": null, "conc_B_hi80": null, "conc_B_lo95": null, "conc_B_hi95": null, "conc_B_status": "unavailable", "conc_B_status_ru": "концентрация недоступна", "conc_B_reasons": "вне бассейна профиля: black_sea", "conc_B_model": "conc-B-c6bce5631d2b"}}]}