pair_id,event_id,sample_ids,source_id,profile,role,geometry_type,event_start_utc,event_end_utc,time_known,lon,lat,wind_era5_ms,current_ms,current_source,label_source,collection,decision,reason_code,reason_text,scene_id,scene_datetime_utc,platform,tile_cloud_pct,tile,dt_min_h,dt_max_h,dt_repr_h,abs_dt_max_h,sync_tier,drift_buffer_km,feature_buffer_km,footprint_wkt,footprint_area_km2,footprint_coverage,marine_px,clear_water_frac,cloud_frac,land_frac,glint_b11,n_valid_px_20m,config_hash
S2:MSM41_litter-T1__none,S2:MSM41_litter-T1,MPL-0197,S2_SARGASSO_MSM41,A,train,strip,2015-04-01T16:17:00,2015-04-01T17:17:00,True,-64.714325,32.232809,10.07,0.3,default_conservative,"field:S2_SARGASSO_MSM41 total_plastic S2_visual_GT2 (плотность по полосе, не пиксельная разметка)",sentinel-2-l2a,rejected,NO_SCENE,нет сцен Sentinel-2 L2A в окне ±1 сут.,,,,,,,,,,,,,,,,,,,,,,4801d97d49cc
S2:MSM41_litter-T10__none,S2:MSM41_litter-T10,MPL-0229,S2_SARGASSO_MSM41,A,train,strip,2015-04-04T16:08:00,2015-04-04T17:08:00,True,-69.835292,27.447242,7.66,0.3,default_conservative,"field:S2_SARGASSO_MSM41 total_plastic S2_visual_GT2 (плотность по полосе, не пиксельная разметка)",sentinel-2-l2a,rejected,NO_SCENE,нет сцен Sentinel-2 L2A в окне ±1 сут.,,,,,,,,,,,,,,,,,,,,,,4801d97d49cc
S2:MSM41_litter-T11__none,S2:MSM41_litter-T11,MPL-0235,S2_SARGASSO_MSM41,A,train,strip,2015-04-05T08:17:00,2015-04-05T08:44:00,True,-70.001758,26.059658,6.52,0.3,default_conservative,"field:S2_SARGASSO_MSM41 total_plastic S2_visual_GT2 (плотность по полосе, не пиксельная разметка)",sentinel-2-l2a,rejected,NO_SCENE,нет сцен Sentinel-2 L2A в окне ±1 сут.,,,,,,,,,,,,,,,,,,,,,,4801d97d49cc
S2:MSM41_litter-T12__none,S2:MSM41_litter-T12,MPL-0233,S2_SARGASSO_MSM41,A,train,strip,2015-04-05T14:27:00,2015-04-05T15:27:00,True,-69.949392,25.890125,5.77,0.3,default_conservative,"field:S2_SARGASSO_MSM41 total_plastic S2_visual_GT2 (плотность по полосе, не пиксельная разметка)",sentinel-2-l2a,rejected,NO_SCENE,нет сцен Sentinel-2 L2A в окне ±1 сут.,,,,,,,,,,,,,,,,,,,,,,4801d97d49cc
S2:MSM41_litter-T13__none,S2:MSM41_litter-T13,MPL-0249,S2_SARGASSO_MSM41,A,train,strip,2015-04-06T08:16:00,2015-04-06T09:16:00,True,-69.977716,24.820067,7.52,0.3,default_conservative,"field:S2_SARGASSO_MSM41 total_plastic S2_visual_GT2 (плотность по полосе, не пиксельная разметка)",sentinel-2-l2a,rejected,NO_SCENE,нет сцен Sentinel-2 L2A в окне ±1 сут.,,,,,,,,,,,,,,,,,,,,,,4801d97d49cc
S2:MSM41_litter-T14__none,S2:MSM41_litter-T14,MPL-0246,S2_SARGASSO_MSM41,A,train,strip,2015-04-06T13:50:00,2015-04-06T14:50:00,True,-69.861,24.508533,8.19,0.3,default_conservative,"field:S2_SARGASSO_MSM41 total_plastic S2_visual_GT2 (плотность по полосе, не пиксельная разметка)",sentinel-2-l2a,rejected,NO_SCENE,нет сцен Sentinel-2 L2A в окне ±1 сут.,,,,,,,,,,,,,,,,,,,,,,4801d97d49cc
S2:MSM41_litter-T15__none,S2:MSM41_litter-T15,MPL-0241,S2_SARGASSO_MSM41,A,train,strip,2015-04-06T15:47:00,2015-04-06T16:47:00,True,-69.437308,24.381,8.29,0.3,default_conservative,"field:S2_SARGASSO_MSM41 total_plastic S2_visual_GT2 (плотность по полосе, не пиксельная разметка)",sentinel-2-l2a,rejected,NO_SCENE,нет сцен Sentinel-2 L2A в окне ±1 сут.,,,,,,,,,,,,,,,,,,,,,,4801d97d49cc
S2:MSM41_litter-T16__none,S2:MSM41_litter-T16,MPL-0237,S2_SARGASSO_MSM41,A,train,strip,2015-04-06T18:12:00,2015-04-06T19:12:00,True,-68.922984,24.22615,8.07,0.3,default_conservative,"field:S2_SARGASSO_MSM41 total_plastic S2_visual_GT2 (плотность по полосе, не пиксельная разметка)",sentinel-2-l2a,rejected,NO_SCENE,нет сцен Sentinel-2 L2A в окне ±1 сут.,,,,,,,,,,,,,,,,,,,,,,4801d97d49cc
S2:MSM41_litter-T17__none,S2:MSM41_litter-T17,MPL-0254,S2_SARGASSO_MSM41,A,train,strip,2015-04-07T09:51:00,2015-04-07T10:51:00,True,-67.0049,23.631092,6.52,0.3,default_conservative,"field:S2_SARGASSO_MSM41 total_plastic S2_visual_GT2 (плотность по полосе, не пиксельная разметка)",sentinel-2-l2a,rejected,NO_SCENE,нет сцен Sentinel-2 L2A в окне ±1 сут.,,,,,,,,,,,,,,,,,,,,,,4801d97d49cc
S2:MSM41_litter-T18__none,S2:MSM41_litter-T18,MPL-0260,S2_SARGASSO_MSM41,A,train,segments,2015-04-07T16:12:00,2015-04-07T17:24:00,True,-66.964783,24.171909,6.16,0.3,default_conservative,"field:S2_SARGASSO_MSM41 total_plastic S2_visual_GT2 (плотность по полосе, не пиксельная разметка)",sentinel-2-l2a,rejected,NO_SCENE,нет сцен Sentinel-2 L2A в окне ±1 сут.,,,,,,,,,,,,,,,,,,,,,,4801d97d49cc
S2:MSM41_litter-T19__none,S2:MSM41_litter-T19,MPL-0264,S2_SARGASSO_MSM41,A,train,strip,2015-04-08T08:15:00,2015-04-08T09:15:00,True,-66.907584,25.320633,5.26,0.3,default_conservative,"field:S2_SARGASSO_MSM41 total_plastic S2_visual_GT2 (плотность по полосе, не пиксельная разметка)",sentinel-2-l2a,rejected,NO_SCENE,нет сцен Sentinel-2 L2A в окне ±1 сут.,,,,,,,,,,,,,,,,,,,,,,4801d97d49cc
S2:MSM41_litter-T2__none,S2:MSM41_litter-T2,MPL-0214,S2_SARGASSO_MSM41,A,train,strip,2015-04-02T08:18:00,2015-04-02T09:18:00,True,-67.935275,30.827925,8.7,0.3,default_conservative,"field:S2_SARGASSO_MSM41 total_plastic S2_visual_GT2 (плотность по полосе, не пиксельная разметка)",sentinel-2-l2a,rejected,NO_SCENE,нет сцен Sentinel-2 L2A в окне ±1 сут.,,,,,,,,,,,,,,,,,,,,,,4801d97d49cc
S2:MSM41_litter-T20__none,S2:MSM41_litter-T20,MPL-0267,S2_SARGASSO_MSM41,A,train,strip,2015-04-08T10:11:00,2015-04-08T11:11:00,True,-66.96495,25.718666,5.66,0.3,default_conservative,"field:S2_SARGASSO_MSM41 total_plastic S2_visual_GT2 (плотность по полосе, не пиксельная разметка)",sentinel-2-l2a,rejected,NO_SCENE,нет сцен Sentinel-2 L2A в окне ±1 сут.,,,,,,,,,,,,,,,,,,,,,,4801d97d49cc
S2:MSM41_litter-T21__none,S2:MSM41_litter-T21,MPL-0271,S2_SARGASSO_MSM41,A,train,strip,2015-04-08T17:54:00,2015-04-08T18:54:00,True,-66.939225,26.122325,6.0,0.3,default_conservative,"field:S2_SARGASSO_MSM41 total_plastic S2_visual_GT2 (плотность по полосе, не пиксельная разметка)",sentinel-2-l2a,rejected,NO_SCENE,нет сцен Sentinel-2 L2A в окне ±1 сут.,,,,,,,,,,,,,,,,,,,,,,4801d97d49cc
S2:MSM41_litter-T22__none,S2:MSM41_litter-T22,MPL-0277,S2_SARGASSO_MSM41,A,train,segments,2015-04-09T08:05:00,2015-04-09T09:11:00,True,-66.977675,27.715733,5.52,0.3,default_conservative,"field:S2_SARGASSO_MSM41 total_plastic S2_visual_GT2 (плотность по полосе, не пиксельная разметка)",sentinel-2-l2a,rejected,NO_SCENE,нет сцен Sentinel-2 L2A в окне ±1 сут.,,,,,,,,,,,,,,,,,,,,,,4801d97d49cc
S2:MSM41_litter-T23__none,S2:MSM41_litter-T23,MPL-0283,S2_SARGASSO_MSM41,A,train,strip,2015-04-09T15:36:00,2015-04-09T16:36:00,True,-66.920958,28.200058,4.84,0.3,default_conservative,"field:S2_SARGASSO_MSM41 total_plastic S2_visual_GT2 (плотность по полосе, не пиксельная разметка)",sentinel-2-l2a,rejected,NO_SCENE,нет сцен Sentinel-2 L2A в окне ±1 сут.,,,,,,,,,,,,,,,,,,,,,,4801d97d49cc
S2:MSM41_litter-T24__none,S2:MSM41_litter-T24,MPL-0289,S2_SARGASSO_MSM41,A,train,strip,2015-04-09T18:27:00,2015-04-09T19:27:00,True,-66.986041,28.813958,4.35,0.3,default_conservative,"field:S2_SARGASSO_MSM41 total_plastic S2_visual_GT2 (плотность по полосе, не пиксельная разметка)",sentinel-2-l2a,rejected,NO_SCENE,нет сцен Sentinel-2 L2A в окне ±1 сут.,,,,,,,,,,,,,,,,,,,,,,4801d97d49cc
S2:MSM41_litter-T25__none,S2:MSM41_litter-T25,MPL-0297,S2_SARGASSO_MSM41,A,train,strip,2015-04-10T14:44:00,2015-04-10T15:44:00,True,-66.914183,30.345483,1.79,0.3,default_conservative,"field:S2_SARGASSO_MSM41 total_plastic S2_visual_GT2 (плотность по полосе, не пиксельная разметка)",sentinel-2-l2a,rejected,NO_SCENE,нет сцен Sentinel-2 L2A в окне ±1 сут.,,,,,,,,,,,,,,,,,,,,,,4801d97d49cc
S2:MSM41_litter-T26__none,S2:MSM41_litter-T26,MPL-0302,S2_SARGASSO_MSM41,A,train,strip,2015-04-10T18:37:00,2015-04-10T19:05:00,True,-66.995858,30.926767,1.64,0.3,default_conservative,"field:S2_SARGASSO_MSM41 total_plastic S2_visual_GT2 (плотность по полосе, не пиксельная разметка)",sentinel-2-l2a,rejected,NO_SCENE,нет сцен Sentinel-2 L2A в окне ±1 сут.,,,,,,,,,,,,,,,,,,,,,,4801d97d49cc
S2:MSM41_litter-T27__none,S2:MSM41_litter-T27,MPL-0309,S2_SARGASSO_MSM41,A,train,strip,2015-04-11T08:01:00,2015-04-11T09:02:00,True,-66.595009,30.997183,1.95,0.3,default_conservative,"field:S2_SARGASSO_MSM41 total_plastic S2_visual_GT2 (плотность по полосе, не пиксельная разметка)",sentinel-2-l2a,rejected,NO_SCENE,нет сцен Sentinel-2 L2A в окне ±1 сут.,,,,,,,,,,,,,,,,,,,,,,4801d97d49cc
S2:MSM41_litter-T28__LC08_L2SP_006038_20150412_02_T2,S2:MSM41_litter-T28,MPL-0320,S2_SARGASSO_MSM41,A,train,strip,2015-04-11T10:35:00,2015-04-11T11:35:00,True,-65.979391,30.997284,2.03,0.3,default_conservative,"field:S2_SARGASSO_MSM41 total_plastic S2_visual_GT2 (плотность по полосе, не пиксельная разметка)",landsat-c2-l2,rejected,SENSOR_UNSUPPORTED,"есть 1 сцен(ы) landsat-c2-l2, но детектору нужен красный край Sentinel-2",LC08_L2SP_006038_20150412_02_T2,2015-04-12T14:52:11Z,landsat-8,76.19,,,,,,,,,,,,,,,,,,4801d97d49cc
S2:MSM41_litter-T29__LC08_L2SP_006038_20150412_02_T2,S2:MSM41_litter-T29,MPL-0311,S2_SARGASSO_MSM41,A,train,strip,2015-04-11T15:03:00,2015-04-11T16:01:00,True,-64.883,30.997183,2.38,0.3,default_conservative,"field:S2_SARGASSO_MSM41 total_plastic S2_visual_GT2 (плотность по полосе, не пиксельная разметка)",landsat-c2-l2,rejected,SENSOR_UNSUPPORTED,"есть 1 сцен(ы) landsat-c2-l2, но детектору нужен красный край Sentinel-2",LC08_L2SP_006038_20150412_02_T2,2015-04-12T14:52:11Z,landsat-8,76.19,,,,,,,,,,,,,,,,,,4801d97d49cc
S2:MSM41_litter-T3__none,S2:MSM41_litter-T3,MPL-0209,S2_SARGASSO_MSM41,A,train,strip,2015-04-02T10:36:00,2015-04-02T11:26:00,True,-68.419933,30.634591,8.74,0.3,default_conservative,"field:S2_SARGASSO_MSM41 total_plastic S2_visual_GT2 (плотность по полосе, не пиксельная разметка)",sentinel-2-l2a,rejected,NO_SCENE,нет сцен Sentinel-2 L2A в окне ±1 сут.,,,,,,,,,,,,,,,,,,,,,,4801d97d49cc
S2:MSM41_litter-T30__none,S2:MSM41_litter-T30,MPL-0342,S2_SARGASSO_MSM41,A,train,strip,2015-04-12T07:59:00,2015-04-12T08:59:00,True,-64.074683,30.562475,5.19,0.3,default_conservative,"field:S2_SARGASSO_MSM41 total_plastic S2_visual_GT2 (плотность по полосе, не пиксельная разметка)",sentinel-2-l2a,rejected,NO_SCENE,нет сцен Sentinel-2 L2A в окне ±1 сут.,,,,,,,,,,,,,,,,,,,,,,4801d97d49cc
S2:MSM41_litter-T31__none,S2:MSM41_litter-T31,MPL-0336,S2_SARGASSO_MSM41,A,train,strip,2015-04-12T09:58:00,2015-04-12T10:58:00,True,-64.0276,30.177558,5.07,0.3,default_conservative,"field:S2_SARGASSO_MSM41 total_plastic S2_visual_GT2 (плотность по полосе, не пиксельная разметка)",sentinel-2-l2a,rejected,NO_SCENE,нет сцен Sentinel-2 L2A в окне ±1 сут.,,,,,,,,,,,,,,,,,,,,,,4801d97d49cc
S2:MSM41_litter-T32__none,S2:MSM41_litter-T32,MPL-0329,S2_SARGASSO_MSM41,A,train,strip,2015-04-12T16:31:00,2015-04-12T17:31:00,True,-64.056933,29.8256,4.6,0.3,default_conservative,"field:S2_SARGASSO_MSM41 total_plastic S2_visual_GT2 (плотность по полосе, не пиксельная разметка)",sentinel-2-l2a,rejected,NO_SCENE,нет сцен Sentinel-2 L2A в окне ±1 сут.,,,,,,,,,,,,,,,,,,,,,,4801d97d49cc
S2:MSM41_litter-T33__none,S2:MSM41_litter-T33,MPL-0351,S2_SARGASSO_MSM41,A,train,strip,2015-04-13T14:19:00,2015-04-13T15:19:00,True,-63.923333,27.730984,2.76,0.3,default_conservative,"field:S2_SARGASSO_MSM41 total_plastic S2_visual_GT2 (плотность по полосе, не пиксельная разметка)",sentinel-2-l2a,rejected,NO_SCENE,нет сцен Sentinel-2 L2A в окне ±1 сут.,,,,,,,,,,,,,,,,,,,,,,4801d97d49cc
S2:MSM41_litter-T34__none,S2:MSM41_litter-T34,MPL-0346,S2_SARGASSO_MSM41,A,train,strip,2015-04-13T16:38:00,2015-04-13T17:38:00,True,-63.976334,27.259541,3.39,0.3,default_conservative,"field:S2_SARGASSO_MSM41 total_plastic S2_visual_GT2 (плотность по полосе, не пиксельная разметка)",sentinel-2-l2a,rejected,NO_SCENE,нет сцен Sentinel-2 L2A в окне ±1 сут.,,,,,,,,,,,,,,,,,,,,,,4801d97d49cc
S2:MSM41_litter-T35__none,S2:MSM41_litter-T35,MPL-0358,S2_SARGASSO_MSM41,A,train,segments,2015-04-14T12:11:00,2015-04-14T13:16:00,True,-63.881492,25.851208,5.06,0.3,default_conservative,"field:S2_SARGASSO_MSM41 total_plastic S2_visual_GT2 (плотность по полосе, не пиксельная разметка)",sentinel-2-l2a,rejected,NO_SCENE,нет сцен Sentinel-2 L2A в окне ±1 сут.,,,,,,,,,,,,,,,,,,,,,,4801d97d49cc
S2:MSM41_litter-T37__none,S2:MSM41_litter-T37,MPL-0354,S2_SARGASSO_MSM41,A,train,strip,2015-04-14T17:53:00,2015-04-14T18:53:00,True,-63.981233,25.165816,4.97,0.3,default_conservative,"field:S2_SARGASSO_MSM41 total_plastic S2_visual_GT2 (плотность по полосе, не пиксельная разметка)",sentinel-2-l2a,rejected,NO_SCENE,нет сцен Sentinel-2 L2A в окне ±1 сут.,,,,,,,,,,,,,,,,,,,,,,4801d97d49cc
S2:MSM41_litter-T38__none,S2:MSM41_litter-T38,MPL-0361,S2_SARGASSO_MSM41,A,train,strip,2015-04-15T13:34:00,2015-04-15T14:28:00,True,-63.959259,23.766883,5.26,0.3,default_conservative,"field:S2_SARGASSO_MSM41 total_plastic S2_visual_GT2 (плотность по полосе, не пиксельная разметка)",sentinel-2-l2a,rejected,NO_SCENE,нет сцен Sentinel-2 L2A в окне ±1 сут.,,,,,,,,,,,,,,,,,,,,,,4801d97d49cc
S2:MSM41_litter-T39__none,S2:MSM41_litter-T39,MPL-0367,S2_SARGASSO_MSM41,A,train,strip,2015-04-16T07:57:00,2015-04-16T08:28:00,True,-63.977467,22.9506,4.85,0.3,default_conservative,"field:S2_SARGASSO_MSM41 total_plastic S2_visual_GT2 (плотность по полосе, не пиксельная разметка)",sentinel-2-l2a,rejected,NO_SCENE,нет сцен Sentinel-2 L2A в окне ±1 сут.,,,,,,,,,,,,,,,,,,,,,,4801d97d49cc
S2:MSM41_litter-T4__none,S2:MSM41_litter-T4,MPL-0203,S2_SARGASSO_MSM41,A,train,strip,2015-04-02T12:43:00,2015-04-02T13:43:00,True,-68.913542,30.436175,8.65,0.3,default_conservative,"field:S2_SARGASSO_MSM41 total_plastic S2_visual_GT2 (плотность по полосе, не пиксельная разметка)",sentinel-2-l2a,rejected,NO_SCENE,нет сцен Sentinel-2 L2A в окне ±1 сут.,,,,,,,,,,,,,,,,,,,,,,4801d97d49cc
S2:MSM41_litter-T40__none,S2:MSM41_litter-T40,MPL-0364,S2_SARGASSO_MSM41,A,train,strip,2015-04-16T11:56:00,2015-04-16T12:56:00,True,-63.919325,22.869767,4.78,0.3,default_conservative,"field:S2_SARGASSO_MSM41 total_plastic S2_visual_GT2 (плотность по полосе, не пиксельная разметка)",sentinel-2-l2a,rejected,NO_SCENE,нет сцен Sentinel-2 L2A в окне ±1 сут.,,,,,,,,,,,,,,,,,,,,,,4801d97d49cc
S2:MSM41_litter-T41__none,S2:MSM41_litter-T41,MPL-0371,S2_SARGASSO_MSM41,A,train,strip,2015-04-17T13:45:00,2015-04-17T14:45:00,True,-60.9221,22.574592,3.53,0.3,default_conservative,"field:S2_SARGASSO_MSM41 total_plastic S2_visual_GT2 (плотность по полосе, не пиксельная разметка)",sentinel-2-l2a,rejected,NO_SCENE,нет сцен Sentinel-2 L2A в окне ±1 сут.,,,,,,,,,,,,,,,,,,,,,,4801d97d49cc
S2:MSM41_litter-T42__none,S2:MSM41_litter-T42,MPL-0375,S2_SARGASSO_MSM41,A,train,strip,2015-04-17T15:45:00,2015-04-17T16:45:00,True,-60.966867,22.803591,3.48,0.3,default_conservative,"field:S2_SARGASSO_MSM41 total_plastic S2_visual_GT2 (плотность по полосе, не пиксельная разметка)",sentinel-2-l2a,rejected,NO_SCENE,нет сцен Sentinel-2 L2A в окне ±1 сут.,,,,,,,,,,,,,,,,,,,,,,4801d97d49cc
S2:MSM41_litter-T43__none,S2:MSM41_litter-T43,MPL-0378,S2_SARGASSO_MSM41,A,train,strip,2015-04-18T08:00:00,2015-04-18T09:00:00,True,-60.9819,23.794441,5.17,0.3,default_conservative,"field:S2_SARGASSO_MSM41 total_plastic S2_visual_GT2 (плотность по полосе, не пиксельная разметка)",sentinel-2-l2a,rejected,NO_SCENE,нет сцен Sentinel-2 L2A в окне ±1 сут.,,,,,,,,,,,,,,,,,,,,,,4801d97d49cc
S2:MSM41_litter-T44__none,S2:MSM41_litter-T44,MPL-0382,S2_SARGASSO_MSM41,A,train,strip,2015-04-18T15:30:00,2015-04-18T16:30:00,True,-60.98995,24.233258,5.41,0.3,default_conservative,"field:S2_SARGASSO_MSM41 total_plastic S2_visual_GT2 (плотность по полосе, не пиксельная разметка)",sentinel-2-l2a,rejected,NO_SCENE,нет сцен Sentinel-2 L2A в окне ±1 сут.,,,,,,,,,,,,,,,,,,,,,,4801d97d49cc
S2:MSM41_litter-T45__none,S2:MSM41_litter-T45,MPL-0385,S2_SARGASSO_MSM41,A,train,strip,2015-04-18T17:55:00,2015-04-18T18:55:00,True,-60.984025,24.643975,5.74,0.3,default_conservative,"field:S2_SARGASSO_MSM41 total_plastic S2_visual_GT2 (плотность по полосе, не пиксельная разметка)",sentinel-2-l2a,rejected,NO_SCENE,нет сцен Sentinel-2 L2A в окне ±1 сут.,,,,,,,,,,,,,,,,,,,,,,4801d97d49cc
S2:MSM41_litter-T46__none,S2:MSM41_litter-T46,MPL-0389,S2_SARGASSO_MSM41,A,train,strip,2015-04-19T12:41:00,2015-04-19T13:41:00,True,-60.998959,26.212167,5.12,0.3,default_conservative,"field:S2_SARGASSO_MSM41 total_plastic S2_visual_GT2 (плотность по полосе, не пиксельная разметка)",sentinel-2-l2a,rejected,NO_SCENE,нет сцен Sentinel-2 L2A в окне ±1 сут.,,,,,,,,,,,,,,,,,,,,,,4801d97d49cc
S2:MSM41_litter-T47__none,S2:MSM41_litter-T47,MPL-0397,S2_SARGASSO_MSM41,A,train,strip,2015-04-19T14:37:00,2015-04-19T15:07:00,True,-61.001358,26.550025,5.23,0.3,default_conservative,"field:S2_SARGASSO_MSM41 total_plastic S2_visual_GT2 (плотность по полосе, не пиксельная разметка)",sentinel-2-l2a,rejected,NO_SCENE,нет сцен Sentinel-2 L2A в окне ±1 сут.,,,,,,,,,,,,,,,,,,,,,,4801d97d49cc
S2:MSM41_litter-T48__none,S2:MSM41_litter-T48,MPL-0401,S2_SARGASSO_MSM41,A,train,strip,2015-04-20T07:51:00,2015-04-20T08:36:00,True,-61.000667,27.904742,5.13,0.3,default_conservative,"field:S2_SARGASSO_MSM41 total_plastic S2_visual_GT2 (плотность по полосе, не пиксельная разметка)",sentinel-2-l2a,rejected,NO_SCENE,нет сцен Sentinel-2 L2A в окне ±1 сут.,,,,,,,,,,,,,,,,,,,,,,4801d97d49cc
S2:MSM41_litter-T49__none,S2:MSM41_litter-T49,MPL-0409,S2_SARGASSO_MSM41,A,train,segments,2015-04-20T14:42:00,2015-04-20T16:33:00,True,-60.865483,28.179233,4.94,0.3,default_conservative,"field:S2_SARGASSO_MSM41 total_plastic S2_visual_GT2 (плотность по полосе, не пиксельная разметка)",sentinel-2-l2a,rejected,NO_SCENE,нет сцен Sentinel-2 L2A в окне ±1 сут.,,,,,,,,,,,,,,,,,,,,,,4801d97d49cc
S2:MSM41_litter-T5__none,S2:MSM41_litter-T5,MPL-0200,S2_SARGASSO_MSM41,A,train,strip,2015-04-02T16:56:00,2015-04-02T17:29:00,True,-69.829333,30.068492,8.35,0.3,default_conservative,"field:S2_SARGASSO_MSM41 total_plastic S2_visual_GT2 (плотность по полосе, не пиксельная разметка)",sentinel-2-l2a,rejected,NO_SCENE,нет сцен Sentinel-2 L2A в окне ±1 сут.,,,,,,,,,,,,,,,,,,,,,,4801d97d49cc
S2:MSM41_litter-T50__none,S2:MSM41_litter-T50,MPL-0417,S2_SARGASSO_MSM41,A,train,strip,2015-04-20T17:56:00,2015-04-20T18:56:00,True,-60.945758,28.682917,6.56,0.3,default_conservative,"field:S2_SARGASSO_MSM41 total_plastic S2_visual_GT2 (плотность по полосе, не пиксельная разметка)",sentinel-2-l2a,rejected,NO_SCENE,нет сцен Sentinel-2 L2A в окне ±1 сут.,,,,,,,,,,,,,,,,,,,,,,4801d97d49cc
S2:MSM41_litter-T51__none,S2:MSM41_litter-T51,MPL-0421,S2_SARGASSO_MSM41,A,train,strip,2015-04-21T12:47:00,2015-04-21T13:47:00,True,-60.941008,30.016675,8.74,0.3,default_conservative,"field:S2_SARGASSO_MSM41 total_plastic S2_visual_GT2 (плотность по полосе, не пиксельная разметка)",sentinel-2-l2a,rejected,NO_SCENE,нет сцен Sentinel-2 L2A в окне ±1 сут.,,,,,,,,,,,,,,,,,,,,,,4801d97d49cc
S2:MSM41_litter-T52__none,S2:MSM41_litter-T52,MPL-0425,S2_SARGASSO_MSM41,A,train,strip,2015-04-21T15:06:00,2015-04-21T16:06:00,True,-60.972559,30.498241,8.59,0.3,default_conservative,"field:S2_SARGASSO_MSM41 total_plastic S2_visual_GT2 (плотность по полосе, не пиксельная разметка)",sentinel-2-l2a,rejected,NO_SCENE,нет сцен Sentinel-2 L2A в окне ±1 сут.,,,,,,,,,,,,,,,,,,,,,,4801d97d49cc
S2:MSM41_litter-T53__none,S2:MSM41_litter-T53,MPL-0430,S2_SARGASSO_MSM41,A,train,strip,2015-04-22T08:02:00,2015-04-22T09:02:00,True,-59.816992,30.908859,8.56,0.3,default_conservative,"field:S2_SARGASSO_MSM41 total_plastic S2_visual_GT2 (плотность по полосе, не пиксельная разметка)",sentinel-2-l2a,rejected,NO_SCENE,нет сцен Sentinel-2 L2A в окне ±1 сут.,,,,,,,,,,,,,,,,,,,,,,4801d97d49cc
S2:MSM41_litter-T54__none,S2:MSM41_litter-T54,MPL-0443,S2_SARGASSO_MSM41,A,train,strip,2015-04-22T10:02:00,2015-04-22T11:02:00,True,-59.3956,30.931417,8.52,0.3,default_conservative,"field:S2_SARGASSO_MSM41 total_plastic S2_visual_GT2 (плотность по полосе, не пиксельная разметка)",sentinel-2-l2a,rejected,NO_SCENE,нет сцен Sentinel-2 L2A в окне ±1 сут.,,,,,,,,,,,,,,,,,,,,,,4801d97d49cc
S2:MSM41_litter-T55__none,S2:MSM41_litter-T55,MPL-0455,S2_SARGASSO_MSM41,A,train,strip,2015-04-22T12:02:00,2015-04-22T12:56:00,True,-59.019942,30.948067,8.46,0.3,default_conservative,"field:S2_SARGASSO_MSM41 total_plastic S2_visual_GT2 (плотность по полосе, не пиксельная разметка)",sentinel-2-l2a,rejected,NO_SCENE,нет сцен Sentinel-2 L2A в окне ±1 сут.,,,,,,,,,,,,,,,,,,,,,,4801d97d49cc
S2:MSM41_litter-T56__none,S2:MSM41_litter-T56,MPL-0460,S2_SARGASSO_MSM41,A,train,strip,2015-04-22T15:05:00,2015-04-22T15:37:00,True,-58.474867,30.974725,8.4,0.3,default_conservative,"field:S2_SARGASSO_MSM41 total_plastic S2_visual_GT2 (плотность по полосе, не пиксельная разметка)",sentinel-2-l2a,rejected,NO_SCENE,нет сцен Sentinel-2 L2A в окне ±1 сут.,,,,,,,,,,,,,,,,,,,,,,4801d97d49cc
S2:MSM41_litter-T57__none,S2:MSM41_litter-T57,MPL-0484,S2_SARGASSO_MSM41,A,train,strip,2015-04-23T14:55:00,2015-04-23T15:56:00,True,-58.121583,29.777392,4.79,0.3,default_conservative,"field:S2_SARGASSO_MSM41 total_plastic S2_visual_GT2 (плотность по полосе, не пиксельная разметка)",sentinel-2-l2a,rejected,NO_SCENE,нет сцен Sentinel-2 L2A в окне ±1 сут.,,,,,,,,,,,,,,,,,,,,,,4801d97d49cc
S2:MSM41_litter-T58__none,S2:MSM41_litter-T58,MPL-0472,S2_SARGASSO_MSM41,A,train,strip,2015-04-23T17:52:00,2015-04-23T18:52:00,True,-58.026608,29.141217,3.8,0.3,default_conservative,"field:S2_SARGASSO_MSM41 total_plastic S2_visual_GT2 (плотность по полосе, не пиксельная разметка)",sentinel-2-l2a,rejected,NO_SCENE,нет сцен Sentinel-2 L2A в окне ±1 сут.,,,,,,,,,,,,,,,,,,,,,,4801d97d49cc
S2:MSM41_litter-T59__none,S2:MSM41_litter-T59,MPL-0499,S2_SARGASSO_MSM41,A,train,strip,2015-04-24T11:58:00,2015-04-24T13:01:00,True,-58.141791,27.844375,6.39,0.3,default_conservative,"field:S2_SARGASSO_MSM41 total_plastic S2_visual_GT2 (плотность по полосе, не пиксельная разметка)",sentinel-2-l2a,rejected,NO_SCENE,нет сцен Sentinel-2 L2A в окне ±1 сут.,,,,,,,,,,,,,,,,,,,,,,4801d97d49cc
S2:MSM41_litter-T6__none,S2:MSM41_litter-T6,MPL-0226,S2_SARGASSO_MSM41,A,train,strip,2015-04-03T08:13:00,2015-04-03T09:13:00,True,-69.880942,29.847233,8.65,0.3,default_conservative,"field:S2_SARGASSO_MSM41 total_plastic S2_visual_GT2 (плотность по полосе, не пиксельная разметка)",sentinel-2-l2a,rejected,NO_SCENE,нет сцен Sentinel-2 L2A в окне ±1 сут.,,,,,,,,,,,,,,,,,,,,,,4801d97d49cc
S2:MSM41_litter-T60__none,S2:MSM41_litter-T60,MPL-0494,S2_SARGASSO_MSM41,A,train,strip,2015-04-24T15:33:00,2015-04-24T16:33:00,True,-58.072358,27.39835,6.83,0.3,default_conservative,"field:S2_SARGASSO_MSM41 total_plastic S2_visual_GT2 (плотность по полосе, не пиксельная разметка)",sentinel-2-l2a,rejected,NO_SCENE,нет сцен Sentinel-2 L2A в окне ±1 сут.,,,,,,,,,,,,,,,,,,,,,,4801d97d49cc
S2:MSM41_litter-T61__none,S2:MSM41_litter-T61,MPL-0507,S2_SARGASSO_MSM41,A,train,strip,2015-04-25T10:16:00,2015-04-25T11:16:00,True,-58.078383,25.825333,5.73,0.3,default_conservative,"field:S2_SARGASSO_MSM41 total_plastic S2_visual_GT2 (плотность по полосе, не пиксельная разметка)",sentinel-2-l2a,rejected,NO_SCENE,нет сцен Sentinel-2 L2A в окне ±1 сут.,,,,,,,,,,,,,,,,,,,,,,4801d97d49cc
S2:MSM41_litter-T62__none,S2:MSM41_litter-T62,MPL-0504,S2_SARGASSO_MSM41,A,train,strip,2015-04-25T12:14:00,2015-04-25T13:14:00,True,-58.039733,25.412333,5.99,0.3,default_conservative,"field:S2_SARGASSO_MSM41 total_plastic S2_visual_GT2 (плотность по полосе, не пиксельная разметка)",sentinel-2-l2a,rejected,NO_SCENE,нет сцен Sentinel-2 L2A в окне ±1 сут.,,,,,,,,,,,,,,,,,,,,,,4801d97d49cc
S2:MSM41_litter-T63__none,S2:MSM41_litter-T63,MPL-0523,S2_SARGASSO_MSM41,A,train,strip,2015-04-26T10:10:00,2015-04-26T11:10:00,True,-58.079925,23.77935,6.56,0.3,default_conservative,"field:S2_SARGASSO_MSM41 total_plastic S2_visual_GT2 (плотность по полосе, не пиксельная разметка)",sentinel-2-l2a,rejected,NO_SCENE,нет сцен Sentinel-2 L2A в окне ±1 сут.,,,,,,,,,,,,,,,,,,,,,,4801d97d49cc
S2:MSM41_litter-T64__none,S2:MSM41_litter-T64,MPL-0518,S2_SARGASSO_MSM41,A,train,strip,2015-04-26T12:43:00,2015-04-26T13:43:00,True,-58.043683,23.408234,6.55,0.3,default_conservative,"field:S2_SARGASSO_MSM41 total_plastic S2_visual_GT2 (плотность по полосе, не пиксельная разметка)",sentinel-2-l2a,rejected,NO_SCENE,нет сцен Sentinel-2 L2A в окне ±1 сут.,,,,,,,,,,,,,,,,,,,,,,4801d97d49cc
S2:MSM41_litter-T65__none,S2:MSM41_litter-T65,MPL-0513,S2_SARGASSO_MSM41,A,train,strip,2015-04-26T14:49:00,2015-04-26T15:49:00,True,-58.011775,23.101966,6.47,0.3,default_conservative,"field:S2_SARGASSO_MSM41 total_plastic S2_visual_GT2 (плотность по полосе, не пиксельная разметка)",sentinel-2-l2a,rejected,NO_SCENE,нет сцен Sentinel-2 L2A в окне ±1 сут.,,,,,,,,,,,,,,,,,,,,,,4801d97d49cc
S2:MSM41_litter-T7__none,S2:MSM41_litter-T7,MPL-0220,S2_SARGASSO_MSM41,A,train,strip,2015-04-03T10:11:00,2015-04-03T11:12:00,True,-69.942583,29.4284,8.58,0.3,default_conservative,"field:S2_SARGASSO_MSM41 total_plastic S2_visual_GT2 (плотность по полосе, не пиксельная разметка)",sentinel-2-l2a,rejected,NO_SCENE,нет сцен Sentinel-2 L2A в окне ±1 сут.,,,,,,,,,,,,,,,,,,,,,,4801d97d49cc
S2:MSM41_litter-T8__none,S2:MSM41_litter-T8,MPL-0216,S2_SARGASSO_MSM41,A,train,strip,2015-04-03T11:51:00,2015-04-03T12:40:00,True,-69.993191,29.095284,8.76,0.3,default_conservative,"field:S2_SARGASSO_MSM41 total_plastic S2_visual_GT2 (плотность по полосе, не пиксельная разметка)",sentinel-2-l2a,rejected,NO_SCENE,нет сцен Sentinel-2 L2A в окне ±1 сут.,,,,,,,,,,,,,,,,,,,,,,4801d97d49cc
S3:HE419_MarLitter_transect01__LE07_L2SP_198022_20140402_02_T1,S3:HE419_MarLitter_transect01,MPL-0001,S3_SE_NORTH_SEA,B,transfer_check,strip,2014-04-03T14:39:00,2014-04-03T16:00:00,True,7.659,54.084,5.76,0.3,default_conservative,"field:S3_SE_NORTH_SEA all_litter S3_visual_GT2 (плотность по полосе, не пиксельная разметка)",landsat-c2-l2,rejected,SENSOR_UNSUPPORTED,"есть 2 сцен(ы) landsat-c2-l2, но детектору нужен красный край Sentinel-2",LE07_L2SP_198022_20140402_02_T1,2014-04-02T10:30:02Z,landsat-7,97.0,,,,,,,,,,,,,,,,,,4801d97d49cc
S3:HE419_MarLitter_transect02__none,S3:HE419_MarLitter_transect02,MPL-0008,S3_SE_NORTH_SEA,B,transfer_check,strip,2014-04-05T15:23:00,2014-04-05T16:09:00,True,6.887,54.897,7.22,0.3,default_conservative,"field:S3_SE_NORTH_SEA all_litter S3_visual_GT2 (плотность по полосе, не пиксельная разметка)",sentinel-2-l2a,rejected,NO_SCENE,нет сцен Sentinel-2 L2A в окне ±1 сут.,,,,,,,,,,,,,,,,,,,,,,4801d97d49cc
S3:HE419_MarLitter_transect03__none,S3:HE419_MarLitter_transect03,MPL-0018,S3_SE_NORTH_SEA,B,transfer_check,strip,2014-04-06T07:47:00,2014-04-06T08:24:00,True,5.524,54.611,6.74,0.3,default_conservative,"field:S3_SE_NORTH_SEA all_litter S3_visual_GT2 (плотность по полосе, не пиксельная разметка)",sentinel-2-l2a,rejected,NO_SCENE,нет сцен Sentinel-2 L2A в окне ±1 сут.,,,,,,,,,,,,,,,,,,,,,,4801d97d49cc
S3:HE419_MarLitter_transect04__none,S3:HE419_MarLitter_transect04,MPL-0020,S3_SE_NORTH_SEA,B,transfer_check,strip,2014-04-06T09:37:00,2014-04-06T10:31:00,True,5.481,54.621,7.04,0.3,default_conservative,"field:S3_SE_NORTH_SEA all_litter S3_visual_GT2 (плотность по полосе, не пиксельная разметка)",sentinel-2-l2a,rejected,NO_SCENE,нет сцен Sentinel-2 L2A в окне ±1 сут.,,,,,,,,,,,,,,,,,,,,,,4801d97d49cc
S3:HE419_MarLitter_transect05__none,S3:HE419_MarLitter_transect05,MPL-0027,S3_SE_NORTH_SEA,B,transfer_check,strip,2014-04-06T12:23:00,2014-04-06T13:23:00,True,5.625,54.756,7.39,0.3,default_conservative,"field:S3_SE_NORTH_SEA all_litter S3_visual_GT2 (плотность по полосе, не пиксельная разметка)",sentinel-2-l2a,rejected,NO_SCENE,нет сцен Sentinel-2 L2A в окне ±1 сут.,,,,,,,,,,,,,,,,,,,,,,4801d97d49cc
S3:HE419_MarLitter_transect06__none,S3:HE419_MarLitter_transect06,MPL-0035,S3_SE_NORTH_SEA,B,transfer_check,strip,2014-04-06T14:39:00,2014-04-06T15:26:00,True,5.829,54.913,7.79,0.3,default_conservative,"field:S3_SE_NORTH_SEA all_litter S3_visual_GT2 (плотность по полосе, не пиксельная разметка)",sentinel-2-l2a,rejected,NO_SCENE,нет сцен Sentinel-2 L2A в окне ±1 сут.,,,,,,,,,,,,,,,,,,,,,,4801d97d49cc
S3:HE419_MarLitter_transect07__none,S3:HE419_MarLitter_transect07,MPL-0043,S3_SE_NORTH_SEA,B,transfer_check,strip,2014-04-06T16:23:00,2014-04-06T17:08:00,True,5.823,54.993,7.91,0.3,default_conservative,"field:S3_SE_NORTH_SEA all_litter S3_visual_GT2 (плотность по полосе, не пиксельная разметка)",sentinel-2-l2a,rejected,NO_SCENE,нет сцен Sentinel-2 L2A в окне ±1 сут.,,,,,,,,,,,,,,,,,,,,,,4801d97d49cc
S3:HE419_MarLitter_transect08__none,S3:HE419_MarLitter_transect08,MPL-0039,S3_SE_NORTH_SEA,B,transfer_check,strip,2014-04-06T18:58:00,2014-04-06T19:41:00,True,5.616,54.954,8.3,0.3,default_conservative,"field:S3_SE_NORTH_SEA all_litter S3_visual_GT2 (плотность по полосе, не пиксельная разметка)",sentinel-2-l2a,rejected,NO_SCENE,нет сцен Sentinel-2 L2A в окне ±1 сут.,,,,,,,,,,,,,,,,,,,,,,4801d97d49cc
S3:HE419_MarLitter_transect09__none,S3:HE419_MarLitter_transect09,MPL-0060,S3_SE_NORTH_SEA,B,transfer_check,strip,2014-04-07T07:54:00,2014-04-07T08:40:00,True,5.413,55.019,8.5,0.3,default_conservative,"field:S3_SE_NORTH_SEA all_litter S3_visual_GT2 (плотность по полосе, не пиксельная разметка)",sentinel-2-l2a,rejected,NO_SCENE,нет сцен Sentinel-2 L2A в окне ±1 сут.,,,,,,,,,,,,,,,,,,,,,,4801d97d49cc
S3:HE419_MarLitter_transect10__none,S3:HE419_MarLitter_transect10,MPL-0073,S3_SE_NORTH_SEA,B,transfer_check,strip,2014-04-07T09:53:00,2014-04-07T10:43:00,True,5.584,55.104,8.5,0.3,default_conservative,"field:S3_SE_NORTH_SEA all_litter S3_visual_GT2 (плотность по полосе, не пиксельная разметка)",sentinel-2-l2a,rejected,NO_SCENE,нет сцен Sentinel-2 L2A в окне ±1 сут.,,,,,,,,,,,,,,,,,,,,,,4801d97d49cc
S3:HE419_MarLitter_transect11__none,S3:HE419_MarLitter_transect11,MPL-0076,S3_SE_NORTH_SEA,B,transfer_check,strip,2014-04-07T12:21:00,2014-04-07T13:14:00,True,5.545,55.111,8.5,0.3,default_conservative,"field:S3_SE_NORTH_SEA all_litter S3_visual_GT2 (плотность по полосе, не пиксельная разметка)",sentinel-2-l2a,rejected,NO_SCENE,нет сцен Sentinel-2 L2A в окне ±1 сут.,,,,,,,,,,,,,,,,,,,,,,4801d97d49cc
S3:HE419_MarLitter_transect12__none,S3:HE419_MarLitter_transect12,MPL-0067,S3_SE_NORTH_SEA,B,transfer_check,strip,2014-04-07T14:45:00,2014-04-07T15:28:00,True,5.283,55.053,8.46,0.3,default_conservative,"field:S3_SE_NORTH_SEA all_litter S3_visual_GT2 (плотность по полосе, не пиксельная разметка)",sentinel-2-l2a,rejected,NO_SCENE,нет сцен Sentinel-2 L2A в окне ±1 сут.,,,,,,,,,,,,,,,,,,,,,,4801d97d49cc
S3:HE419_MarLitter_transect13__none,S3:HE419_MarLitter_transect13,MPL-0051,S3_SE_NORTH_SEA,B,transfer_check,strip,2014-04-07T16:21:00,2014-04-07T16:58:00,True,5.131,54.971,8.47,0.3,default_conservative,"field:S3_SE_NORTH_SEA all_litter S3_visual_GT2 (плотность по полосе, не пиксельная разметка)",sentinel-2-l2a,rejected,NO_SCENE,нет сцен Sentinel-2 L2A в окне ±1 сут.,,,,,,,,,,,,,,,,,,,,,,4801d97d49cc
S3:HE419_MarLitter_transect14__none,S3:HE419_MarLitter_transect14,MPL-0056,S3_SE_NORTH_SEA,B,transfer_check,strip,2014-04-07T18:23:00,2014-04-07T19:27:00,True,5.002,55.005,8.46,0.3,default_conservative,"field:S3_SE_NORTH_SEA all_litter S3_visual_GT2 (плотность по полосе, не пиксельная разметка)",sentinel-2-l2a,rejected,NO_SCENE,нет сцен Sentinel-2 L2A в окне ±1 сут.,,,,,,,,,,,,,,,,,,,,,,4801d97d49cc
S3:HE419_MarLitter_transect15__none,S3:HE419_MarLitter_transect15,MPL-0087,S3_SE_NORTH_SEA,B,transfer_check,strip,2014-04-08T08:50:00,2014-04-08T09:18:00,True,3.431,55.772,8.69,0.3,default_conservative,"field:S3_SE_NORTH_SEA all_litter S3_visual_GT2 (плотность по полосе, не пиксельная разметка)",sentinel-2-l2a,rejected,NO_SCENE,нет сцен Sentinel-2 L2A в окне ±1 сут.,,,,,,,,,,,,,,,,,,,,,,4801d97d49cc
S3:HE419_MarLitter_transect16__none,S3:HE419_MarLitter_transect16,MPL-0092,S3_SE_NORTH_SEA,B,transfer_check,strip,2014-04-08T12:16:00,2014-04-08T12:44:00,True,3.419,55.878,8.63,0.3,default_conservative,"field:S3_SE_NORTH_SEA all_litter S3_visual_GT2 (плотность по полосе, не пиксельная разметка)",sentinel-2-l2a,rejected,NO_SCENE,нет сцен Sentinel-2 L2A в окне ±1 сут.,,,,,,,,,,,,,,,,,,,,,,4801d97d49cc
S3:HE419_MarLitter_transect17__none,S3:HE419_MarLitter_transect17,MPL-0094,S3_SE_NORTH_SEA,B,transfer_check,strip,2014-04-08T13:36:00,2014-04-08T14:05:00,True,3.541,55.878,8.61,0.3,default_conservative,"field:S3_SE_NORTH_SEA all_litter S3_visual_GT2 (плотность по полосе, не пиксельная разметка)",sentinel-2-l2a,rejected,NO_SCENE,нет сцен Sentinel-2 L2A в окне ±1 сут.,,,,,,,,,,,,,,,,,,,,,,4801d97d49cc
S3:HE419_MarLitter_transect18__none,S3:HE419_MarLitter_transect18,MPL-0085,S3_SE_NORTH_SEA,B,transfer_check,strip,2014-04-08T15:06:00,2014-04-08T15:52:00,True,3.719,55.767,8.6,0.3,default_conservative,"field:S3_SE_NORTH_SEA all_litter S3_visual_GT2 (плотность по полосе, не пиксельная разметка)",sentinel-2-l2a,rejected,NO_SCENE,нет сцен Sentinel-2 L2A в окне ±1 сут.,,,,,,,,,,,,,,,,,,,,,,4801d97d49cc
S3:HE419_MarLitter_transect19__none,S3:HE419_MarLitter_transect19,MPL-0101,S3_SE_NORTH_SEA,B,transfer_check,strip,2014-04-09T08:47:00,2014-04-09T09:24:00,True,4.997,55.264,9.17,0.3,default_conservative,"field:S3_SE_NORTH_SEA all_litter S3_visual_GT2 (плотность по полосе, не пиксельная разметка)",sentinel-2-l2a,rejected,NO_SCENE,нет сцен Sentinel-2 L2A в окне ±1 сут.,,,,,,,,,,,,,,,,,,,,,,4801d97d49cc
S3:HE419_MarLitter_transect20__LC08_L2SP_198021_20140410_02_T2,S3:HE419_MarLitter_transect20,MPL-0096,S3_SE_NORTH_SEA,B,transfer_check,strip,2014-04-09T13:01:00,2014-04-09T16:52:00,True,5.467,55.232,9.39,0.3,default_conservative,"field:S3_SE_NORTH_SEA all_litter S3_visual_GT2 (плотность по полосе, не пиксельная разметка)",landsat-c2-l2,rejected,SENSOR_UNSUPPORTED,"есть 2 сцен(ы) landsat-c2-l2, но детектору нужен красный край Sentinel-2",LC08_L2SP_198021_20140410_02_T2,2014-04-10T10:32:44Z,landsat-8,99.36,,,,,,,,,,,,,,,,,,4801d97d49cc
S3:HE419_MarLitter_transect21__LC08_L2SP_198021_20140410_02_T2,S3:HE419_MarLitter_transect21,MPL-0107,S3_SE_NORTH_SEA,B,transfer_check,strip,2014-04-09T15:03:00,2014-04-09T15:51:00,True,5.636,55.328,9.41,0.3,default_conservative,"field:S3_SE_NORTH_SEA all_litter S3_visual_GT2 (плотность по полосе, не пиксельная разметка)",landsat-c2-l2,rejected,SENSOR_UNSUPPORTED,"есть 2 сцен(ы) landsat-c2-l2, но детектору нужен красный край Sentinel-2",LC08_L2SP_198021_20140410_02_T2,2014-04-10T10:32:44Z,landsat-8,99.36,,,,,,,,,,,,,,,,,,4801d97d49cc
S3:HE419_MarLitter_transect22__LC08_L2SP_198021_20140410_02_T2,S3:HE419_MarLitter_transect22,MPL-0109,S3_SE_NORTH_SEA,B,transfer_check,strip,2014-04-09T17:06:00,2014-04-09T17:30:00,True,5.687,55.43,8.99,0.3,default_conservative,"field:S3_SE_NORTH_SEA all_litter S3_visual_GT2 (плотность по полосе, не пиксельная разметка)",landsat-c2-l2,rejected,SENSOR_UNSUPPORTED,"есть 2 сцен(ы) landsat-c2-l2, но детектору нужен красный край Sentinel-2",LC08_L2SP_198021_20140410_02_T2,2014-04-10T10:32:44Z,landsat-8,99.36,,,,,,,,,,,,,,,,,,4801d97d49cc
S3:HE419_MarLitter_transect23__LC08_L2SP_198021_20140410_02_T2,S3:HE419_MarLitter_transect23,MPL-0114,S3_SE_NORTH_SEA,B,transfer_check,strip,2014-04-10T09:31:00,2014-04-10T09:54:00,True,6.403,55.11,5.9,0.3,default_conservative,"field:S3_SE_NORTH_SEA all_litter S3_visual_GT2 (плотность по полосе, не пиксельная разметка)",landsat-c2-l2,rejected,SENSOR_UNSUPPORTED,"есть 2 сцен(ы) landsat-c2-l2, но детектору нужен красный край Sentinel-2",LC08_L2SP_198021_20140410_02_T2,2014-04-10T10:32:44Z,landsat-8,99.36,,,,,,,,,,,,,,,,,,4801d97d49cc
S3:HE419_MarLitter_transect24__LC08_L2SP_198021_20140410_02_T2,S3:HE419_MarLitter_transect24,MPL-0123,S3_SE_NORTH_SEA,B,transfer_check,strip,2014-04-10T12:15:00,2014-04-10T12:53:00,True,6.318,55.179,5.11,0.3,default_conservative,"field:S3_SE_NORTH_SEA all_litter S3_visual_GT2 (плотность по полосе, не пиксельная разметка)",landsat-c2-l2,rejected,SENSOR_UNSUPPORTED,"есть 2 сцен(ы) landsat-c2-l2, но детектору нужен красный край Sentinel-2",LC08_L2SP_198021_20140410_02_T2,2014-04-10T10:32:44Z,landsat-8,99.36,,,,,,,,,,,,,,,,,,4801d97d49cc
S3:HE419_MarLitter_transect25__LC08_L2SP_198021_20140410_02_T2,S3:HE419_MarLitter_transect25,MPL-0132,S3_SE_NORTH_SEA,B,transfer_check,strip,2014-04-10T14:27:00,2014-04-10T15:13:00,True,6.331,55.263,4.86,0.3,default_conservative,"field:S3_SE_NORTH_SEA all_litter S3_visual_GT2 (плотность по полосе, не пиксельная разметка)",landsat-c2-l2,rejected,SENSOR_UNSUPPORTED,"есть 2 сцен(ы) landsat-c2-l2, но детектору нужен красный край Sentinel-2",LC08_L2SP_198021_20140410_02_T2,2014-04-10T10:32:44Z,landsat-8,99.36,,,,,,,,,,,,,,,,,,4801d97d49cc
S3:HE419_MarLitter_transect26__LC08_L2SP_198021_20140410_02_T2,S3:HE419_MarLitter_transect26,MPL-0138,S3_SE_NORTH_SEA,B,transfer_check,strip,2014-04-10T16:07:00,2014-04-10T16:50:00,True,6.388,55.325,4.42,0.3,default_conservative,"field:S3_SE_NORTH_SEA all_litter S3_visual_GT2 (плотность по полосе, не пиксельная разметка)",landsat-c2-l2,rejected,SENSOR_UNSUPPORTED,"есть 2 сцен(ы) landsat-c2-l2, но детектору нужен красный край Sentinel-2",LC08_L2SP_198021_20140410_02_T2,2014-04-10T10:32:44Z,landsat-8,99.36,,,,,,,,,,,,,,,,,,4801d97d49cc
S3:HE419_MarLitter_transect27__LC08_L2SP_198021_20140410_02_T2,S3:HE419_MarLitter_transect27,MPL-0141,S3_SE_NORTH_SEA,B,transfer_check,strip,2014-04-10T18:19:00,2014-04-10T19:20:00,True,6.483,55.349,4.21,0.3,default_conservative,"field:S3_SE_NORTH_SEA all_litter S3_visual_GT2 (плотность по полосе, не пиксельная разметка)",landsat-c2-l2,rejected,SENSOR_UNSUPPORTED,"есть 2 сцен(ы) landsat-c2-l2, но детектору нужен красный край Sentinel-2",LC08_L2SP_198021_20140410_02_T2,2014-04-10T10:32:44Z,landsat-8,99.36,,,,,,,,,,,,,,,,,,4801d97d49cc
S3:HE419_MarLitter_transect28__LC08_L2SP_198021_20140410_02_T2,S3:HE419_MarLitter_transect28,MPL-0171,S3_SE_NORTH_SEA,B,transfer_check,strip,2014-04-11T08:31:00,2014-04-11T09:10:00,True,8.14,54.955,3.66,0.3,default_conservative,"field:S3_SE_NORTH_SEA all_litter S3_visual_GT2 (плотность по полосе, не пиксельная разметка)",landsat-c2-l2,rejected,SENSOR_UNSUPPORTED,"есть 2 сцен(ы) landsat-c2-l2, но детектору нужен красный край Sentinel-2",LC08_L2SP_198021_20140410_02_T2,2014-04-10T10:32:44Z,landsat-8,99.36,,,,,,,,,,,,,,,,,,4801d97d49cc
S3:HE419_MarLitter_transect29__LC08_L2SP_196022_20140412_02_T1,S3:HE419_MarLitter_transect29,MPL-0166,S3_SE_NORTH_SEA,B,transfer_check,strip,2014-04-11T10:06:00,2014-04-11T11:17:00,True,8.136,54.785,3.76,0.3,default_conservative,"field:S3_SE_NORTH_SEA all_litter S3_visual_GT2 (плотность по полосе, не пиксельная разметка)",landsat-c2-l2,rejected,SENSOR_UNSUPPORTED,"есть 1 сцен(ы) landsat-c2-l2, но детектору нужен красный край Sentinel-2",LC08_L2SP_196022_20140412_02_T1,2014-04-12T10:20:44Z,landsat-8,45.59,,,,,,,,,,,,,,,,,,4801d97d49cc
S3:HE419_MarLitter_transect30__LC08_L2SP_198022_20140410_02_T1,S3:HE419_MarLitter_transect30,MPL-0158,S3_SE_NORTH_SEA,B,transfer_check,strip,2014-04-11T12:45:00,2014-04-11T13:30:00,True,8.014,54.554,3.84,0.3,default_conservative,"field:S3_SE_NORTH_SEA all_litter S3_visual_GT2 (плотность по полосе, не пиксельная разметка)",landsat-c2-l2,rejected,SENSOR_UNSUPPORTED,"есть 2 сцен(ы) landsat-c2-l2, но детектору нужен красный край Sentinel-2",LC08_L2SP_198022_20140410_02_T1,2014-04-10T10:33:08Z,landsat-8,68.1,,,,,,,,,,,,,,,,,,4801d97d49cc
S3:HE419_MarLitter_transect31__LC08_L2SP_198022_20140410_02_T1,S3:HE419_MarLitter_transect31,MPL-0148,S3_SE_NORTH_SEA,B,transfer_check,strip,2014-04-11T14:26:00,2014-04-11T15:12:00,True,7.798,54.41,3.74,0.3,default_conservative,"field:S3_SE_NORTH_SEA all_litter S3_visual_GT2 (плотность по полосе, не пиксельная разметка)",landsat-c2-l2,rejected,SENSOR_UNSUPPORTED,"есть 1 сцен(ы) landsat-c2-l2, но детектору нужен красный край Sentinel-2",LC08_L2SP_198022_20140410_02_T1,2014-04-10T10:33:08Z,landsat-8,68.1,,,,,,,,,,,,,,,,,,4801d97d49cc
S3:HE419_MarLitter_transect32__LC08_L2SP_198022_20140410_02_T1,S3:HE419_MarLitter_transect32,MPL-0146,S3_SE_NORTH_SEA,B,transfer_check,strip,2014-04-11T18:12:00,2014-04-11T18:56:00,True,7.945,54.409,3.85,0.3,default_conservative,"field:S3_SE_NORTH_SEA all_litter S3_visual_GT2 (плотность по полосе, не пиксельная разметка)",landsat-c2-l2,rejected,SENSOR_UNSUPPORTED,"есть 2 сцен(ы) landsat-c2-l2, но детектору нужен красный край Sentinel-2",LC08_L2SP_198022_20140410_02_T1,2014-04-10T10:33:08Z,landsat-8,68.1,,,,,,,,,,,,,,,,,,4801d97d49cc
S3:HE419_MarLitter_transect33__LE07_L2SP_197023_20140411_02_T1,S3:HE419_MarLitter_transect33,MPL-0192,S3_SE_NORTH_SEA,B,transfer_check,strip,2014-04-12T08:06:00,2014-04-12T08:46:00,True,7.448,53.864,2.12,0.3,default_conservative,"field:S3_SE_NORTH_SEA all_litter S3_visual_GT2 (плотность по полосе, не пиксельная разметка)",landsat-c2-l2,rejected,SENSOR_UNSUPPORTED,"есть 1 сцен(ы) landsat-c2-l2, но детектору нужен красный край Sentinel-2",LE07_L2SP_197023_20140411_02_T1,2014-04-11T10:24:17Z,landsat-7,72.0,,,,,,,,,,,,,,,,,,4801d97d49cc
S3:HE419_MarLitter_transect34__LE07_L2SP_197023_20140411_02_T1,S3:HE419_MarLitter_transect34,MPL-0183,S3_SE_NORTH_SEA,B,transfer_check,strip,2014-04-12T09:32:00,2014-04-12T10:28:00,True,7.219,53.84,2.2,0.3,default_conservative,"field:S3_SE_NORTH_SEA all_litter S3_visual_GT2 (плотность по полосе, не пиксельная разметка)",landsat-c2-l2,rejected,SENSOR_UNSUPPORTED,"есть 1 сцен(ы) landsat-c2-l2, но детектору нужен красный край Sentinel-2",LE07_L2SP_197023_20140411_02_T1,2014-04-11T10:24:17Z,landsat-7,72.0,,,,,,,,,,,,,,,,,,4801d97d49cc
S3:HE419_MarLitter_transect35__LE07_L2SP_197023_20140411_02_T1,S3:HE419_MarLitter_transect35,MPL-0185,S3_SE_NORTH_SEA,B,transfer_check,strip,2014-04-12T12:00:00,2014-04-12T12:42:00,True,6.991,53.842,2.44,0.3,default_conservative,"field:S3_SE_NORTH_SEA all_litter S3_visual_GT2 (плотность по полосе, не пиксельная разметка)",landsat-c2-l2,rejected,SENSOR_UNSUPPORTED,"есть 1 сцен(ы) landsat-c2-l2, но детектору нужен красный край Sentinel-2",LE07_L2SP_197023_20140411_02_T1,2014-04-11T10:24:17Z,landsat-7,72.0,,,,,,,,,,,,,,,,,,4801d97d49cc
S3:HE419_MarLitter_transect36__LE07_L2SP_197023_20140411_02_T1,S3:HE419_MarLitter_transect36,MPL-0188,S3_SE_NORTH_SEA,B,transfer_check,strip,2014-04-12T13:42:00,2014-04-12T14:11:00,True,6.785,53.85,3.25,0.3,default_conservative,"field:S3_SE_NORTH_SEA all_litter S3_visual_GT2 (плотность по полосе, не пиксельная разметка)",landsat-c2-l2,rejected,SENSOR_UNSUPPORTED,"есть 1 сцен(ы) landsat-c2-l2, но детектору нужен красный край Sentinel-2",LE07_L2SP_197023_20140411_02_T1,2014-04-11T10:24:17Z,landsat-7,72.0,,,,,,,,,,,,,,,,,,4801d97d49cc
S3:HE419_MarLitter_transect37__LE07_L2SP_197023_20140411_02_T1,S3:HE419_MarLitter_transect37,MPL-0179,S3_SE_NORTH_SEA,B,transfer_check,strip,2014-04-12T15:46:00,2014-04-12T16:31:00,True,6.539,53.77,4.03,0.3,default_conservative,"field:S3_SE_NORTH_SEA all_litter S3_visual_GT2 (плотность по полосе, не пиксельная разметка)",landsat-c2-l2,rejected,SENSOR_UNSUPPORTED,"есть 1 сцен(ы) landsat-c2-l2, но детектору нужен красный край Sentinel-2",LE07_L2SP_197023_20140411_02_T1,2014-04-11T10:24:17Z,landsat-7,72.0,,,,,,,,,,,,,,,,,,4801d97d49cc
S3:HE419_MarLitter_transect38__LE07_L2SP_197023_20140411_02_T1,S3:HE419_MarLitter_transect38,MPL-0176,S3_SE_NORTH_SEA,B,transfer_check,strip,2014-04-12T17:21:00,2014-04-12T17:50:00,True,6.457,53.7,4.27,0.3,default_conservative,"field:S3_SE_NORTH_SEA all_litter S3_visual_GT2 (плотность по полосе, не пиксельная разметка)",landsat-c2-l2,rejected,SENSOR_UNSUPPORTED,"есть 1 сцен(ы) landsat-c2-l2, но детектору нужен красный край Sentinel-2",LE07_L2SP_197023_20140411_02_T1,2014-04-11T10:24:17Z,landsat-7,72.0,,,,,,,,,,,,,,,,,,4801d97d49cc
S3:HE460_MarLitter_transect01__S2A_MSIL2A_20160408T104022_R008_T32UMF_20210211T022918,S3:HE460_MarLitter_transect01,MPL-0779,S3_SE_NORTH_SEA,B,transfer_check,strip,2016-04-08T16:17:00,2016-04-08T17:00:00,True,7.92,54.238,7.42,0.3,default_conservative,"field:S3_SE_NORTH_SEA all_litter S3_visual_GT2 (плотность по полосе, не пиксельная разметка)",sentinel-2-l2a,rejected,GLINT,медиана B11 0.041 > 0.03,S2A_MSIL2A_20160408T104022_R008_T32UMF_20210211T022918,2016-04-08T10:40:22Z,Sentinel-2A,36.701466,32UMF,-6.33,-5.61,-5.97,6.33,B,10.21,5.0,"POLYGON ((7.996581259608649 54.238763670695455, 7.9963185183330046 54.234352188978384, 7.995319053722562 54.22997702792545, 7.993592718924102 54.2256803056899, 7.991156350998161 54.221503372401834, 7.988033600666566 54.21748641309181, 7.984254697384268 54.2136680622731, 7.979856152270176 54.2100850338333, 7.974880401982919 54.206771769723595, 7.969375397140754 54.20376011074235, 7.963394139357139 54.201078992488156, 7.956994171392784 54.198754169311535, 7.950237025309546 54.19680796882382, 7.943187633850189 54.19525907923077, 7.935913710559952 54.194122371448984, 7.928485104410565 54.19340875763914, 7.920973134884584 54.193125087451705, 7.913449913627488 54.19327408293371, 7.905987658876885 54.19385431269048, 7.898658008932522 54.194860205536784, 7.891531340937442 54.196282103511, 7.884676101199833 54.19810635376605, 7.878158153196621 54.200315438494364, 7.872040149263973 54.20288814169515, 7.86638093179647 54.20579975125135, 7.861234969545898 54.20902229445535, 7.856651834332787 54.21252480480935, 7.852675723159336 54.21627361762979, 7.849345030341929 54.22023269170866, 7.8466919738661804 54.224363954032206, 7.8447422797087905 54.22862766432779, 7.8435149273705 54.23298279601002, 7.843021959325634 54.23738742992611, 7.843268356519294 54.24179915716109, 7.844251981437271 54.24617548705967, 7.845963589640553 54.250474256550795, 7.84838691000147 54.25465403682997, 7.851498793207978 54.25867453345899, 7.8552694274230355 54.26249697598802, 7.859662619304906 54.26608449328792, 7.864636137919158 54.26940247090346, 7.870142118412504 54.2724188868991, 7.876127521680877 54.27510462286677, 7.882534645657642 54.27743374699947, 7.889301683281325 54.27938376640205, 7.896363321683637 54.28093584610941, 7.9036513766758 54.28207499260998, 7.9110954562111475 54.28279020002395, 7.9186236461710955 54.28307455745915, 7.926163211564955 54.282925316457856, 7.93364130605599 54.282343917849936, 7.9409856826293845 54.28133597773928, 7.9481253982040725 54.2799112327632, 7.954991505059866 54.2780834451781, 7.96151772210298 54.275870268729776, 7.967641079224233 54.27329307666204, 7.973302528311489 54.270376753597034, 7.978447514856102 54.26714945338002, 7.983026504536489 54.26364232531804, 7.986995459663676 54.25988921155033, 7.990316260926054 54.25592631856732, 7.99295707046575 54.25179186614053, 7.994892632948555 54.247525717135865, 7.996104511944499 54.24316899185634, 7.996581259608649 54.238763670695455))",78.571,1.0,196425.0,0.5807814687539773,0.4191523482245132,0.0,0.04100000113248825,114080.0,4801d97d49cc
S3:HE460_MarLitter_transect02__S2A_MSIL2A_20160408T104022_R008_T32ULF_20210211T022943,S3:HE460_MarLitter_transect02,MPL-0787,S3_SE_NORTH_SEA,B,transfer_check,strip,2016-04-09T14:58:00,2016-04-09T15:58:00,True,7.354,54.417,4.63,0.3,default_conservative,"field:S3_SE_NORTH_SEA all_litter S3_visual_GT2 (плотность по полосе, не пиксельная разметка)",sentinel-2-l2a,context,UNRELIABLE_SYNC,сдвиг до 29 ч > 18 ч; дрейф до 41 км,S2A_MSIL2A_20160408T104022_R008_T32ULF_20210211T022943,2016-04-08T10:40:22Z,Sentinel-2A,10.478117,32ULF,-29.29,-28.29,-28.79,29.29,C,41.41,5.0,"POLYGON ((7.173736061644992 54.397952007987016, 7.166512762538375 54.399262081156415, 7.159543778899099 54.40097853420757, 7.152896057570604 54.403084884839714, 7.146633487427749 54.405560904534376, 7.140816289173129 54.408382811195445, 7.135500438894688 54.411523495760704, 7.130737130800241 54.41495278069473, 7.126572284231645 54.41863770797202, 7.12304609970219 54.42254285387774, 7.120192668296313 54.426630667694354, 7.118039638322331 54.43086183110645, 7.116607942618309 54.43519563494854, 7.115911589380926 54.439590369741246, 7.11595751882017 54.44400372631339, 7.116745527342664 54.448393202693836, 7.118268260337808 54.45271651337681, 7.120511273988778 54.45693199702254, 7.1234531658607105 54.46099901864941, 7.127065773337594 54.464878362408044, 7.131314438294769 54.46853261109995, 7.136158335713036 54.47192650871497, 7.1415508632716485 54.47502730241229, 7.147440088309066 54.47780506055712, 7.153769247921055 54.48023296364941, 7.160477297384068 54.48228756523991, 7.1674995015561205 54.48394902021839, 7.174768063425565 54.48520127817934, 7.182212783557587 54.48603223991561, 7.189761743835478 54.48643387545816, 7.197342008614325 54.48640230246613, 7.204880336203321 54.485937824171266, 7.212303893472619 54.485044926489394, 7.535725491626102 54.435895392826055, 7.542943831221014 54.43456321328628, 7.5499028653981375 54.432824587655055, 7.556535408402821 54.43069630893412, 7.562777455457261 54.428198931274046, 7.568568804151072 54.42535656979971, 7.573853637599151 54.422196665897815, 7.57858106362179 54.41874972032288, 7.582705604693473 54.41504899679339, 7.5861876339510514 54.41113019903567, 7.588993753141083 54.40703112448635, 7.591097109011424 54.402791298083, 7.592477645305497 54.3984515897537, 7.593122288189849 54.39405381936118, 7.593025063628886 54.38964035296083, 7.592187145906116 54.38525369429869, 7.590616837171906 54.380936075501346, 7.5883294785659405 54.3767290508978, 7.585347294112085 54.37267309786353, 7.581699169208279 54.36880722849007, 7.577420366129374 54.36516861576223, 7.572552179522144 54.36179223777048, 7.567141535395387 54.3587105432998, 7.561240537591186 54.35595314192174, 7.55490596616371 54.3535465214754, 7.5481987324876005 54.35151379555708, 7.541183296267752 54.349874483352274, 7.533927049925328 54.348644323838094, 7.526499676090572 54.34783512606194, 7.5189724841410115 54.347454656868585, 7.511417731884087 54.3475065671012, 7.503907938595727 54.347990356949374, 7.496515195691273 54.348901380758626, 7.173736061644992 54.397952007987016))",295.487,,,,,,,,4801d97d49cc
S3:HE460_MarLitter_transect02__S2A_MSIL2A_20160408T104022_R008_T32UMF_20210211T022918,S3:HE460_MarLitter_transect02,MPL-0787,S3_SE_NORTH_SEA,B,transfer_check,strip,2016-04-09T14:58:00,2016-04-09T15:58:00,True,7.354,54.417,4.63,0.3,default_conservative,"field:S3_SE_NORTH_SEA all_litter S3_visual_GT2 (плотность по полосе, не пиксельная разметка)",sentinel-2-l2a,context,UNRELIABLE_SYNC,сдвиг до 29 ч > 18 ч; дрейф до 41 км,S2A_MSIL2A_20160408T104022_R008_T32UMF_20210211T022918,2016-04-08T10:40:22Z,Sentinel-2A,36.701466,32UMF,-29.29,-28.29,-28.79,29.29,C,41.41,5.0,"POLYGON ((7.173736061644992 54.397952007987016, 7.166512762538375 54.399262081156415, 7.159543778899099 54.40097853420757, 7.152896057570604 54.403084884839714, 7.146633487427749 54.405560904534376, 7.140816289173129 54.408382811195445, 7.135500438894688 54.411523495760704, 7.130737130800241 54.41495278069473, 7.126572284231645 54.41863770797202, 7.12304609970219 54.42254285387774, 7.120192668296313 54.426630667694354, 7.118039638322331 54.43086183110645, 7.116607942618309 54.43519563494854, 7.115911589380926 54.439590369741246, 7.11595751882017 54.44400372631339, 7.116745527342664 54.448393202693836, 7.118268260337808 54.45271651337681, 7.120511273988778 54.45693199702254, 7.1234531658607105 54.46099901864941, 7.127065773337594 54.464878362408044, 7.131314438294769 54.46853261109995, 7.136158335713036 54.47192650871497, 7.1415508632716485 54.47502730241229, 7.147440088309066 54.47780506055712, 7.153769247921055 54.48023296364941, 7.160477297384068 54.48228756523991, 7.1674995015561205 54.48394902021839, 7.174768063425565 54.48520127817934, 7.182212783557587 54.48603223991561, 7.189761743835478 54.48643387545816, 7.197342008614325 54.48640230246613, 7.204880336203321 54.485937824171266, 7.212303893472619 54.485044926489394, 7.535725491626102 54.435895392826055, 7.542943831221014 54.43456321328628, 7.5499028653981375 54.432824587655055, 7.556535408402821 54.43069630893412, 7.562777455457261 54.428198931274046, 7.568568804151072 54.42535656979971, 7.573853637599151 54.422196665897815, 7.57858106362179 54.41874972032288, 7.582705604693473 54.41504899679339, 7.5861876339510514 54.41113019903567, 7.588993753141083 54.40703112448635, 7.591097109011424 54.402791298083, 7.592477645305497 54.3984515897537, 7.593122288189849 54.39405381936118, 7.593025063628886 54.38964035296083, 7.592187145906116 54.38525369429869, 7.590616837171906 54.380936075501346, 7.5883294785659405 54.3767290508978, 7.585347294112085 54.37267309786353, 7.581699169208279 54.36880722849007, 7.577420366129374 54.36516861576223, 7.572552179522144 54.36179223777048, 7.567141535395387 54.3587105432998, 7.561240537591186 54.35595314192174, 7.55490596616371 54.3535465214754, 7.5481987324876005 54.35151379555708, 7.541183296267752 54.349874483352274, 7.533927049925328 54.348644323838094, 7.526499676090572 54.34783512606194, 7.5189724841410115 54.347454656868585, 7.511417731884087 54.3475065671012, 7.503907938595727 54.347990356949374, 7.496515195691273 54.348901380758626, 7.173736061644992 54.397952007987016))",295.487,,,,,,,,4801d97d49cc
S3:HE460_MarLitter_transect03__S2A_MSIL2A_20160411T105022_R051_T32ULF_20210211T031140,S3:HE460_MarLitter_transect03,MPL-0798,S3_SE_NORTH_SEA,B,transfer_check,strip,2016-04-10T16:15:00,2016-04-10T17:18:00,True,6.638,54.841,6.81,0.3,default_conservative,"field:S3_SE_NORTH_SEA all_litter S3_visual_GT2 (плотность по полосе, не пиксельная разметка)",sentinel-2-l2a,context,UNRELIABLE_SYNC,сдвиг до 19 ч > 18 ч; дрейф до 29 км,S2A_MSIL2A_20160411T105022_R051_T32ULF_20210211T031140,2016-04-11T10:50:22Z,Sentinel-2A,0.157531,32ULF,17.54,18.59,18.06,18.59,C,29.19,5.0,"POLYGON ((6.489790988787329 54.91443619420991, 6.4867794874861096 54.91849336905833, 6.4844723057473646 54.922700986809254, 6.482891861556711 54.9270185682595, 6.48205359854346 54.93140456344173, 6.481965828702664 54.93581675058445, 6.482629643173583 54.94021264203778, 6.484038892285031 54.94454989328308, 6.4861802354226095 54.94878671109509, 6.489033260598056 54.952882256912666, 6.492570672913419 54.95679704150052, 6.496758550419659 54.96049330704946, 6.5015566651782 54.963935392966384, 6.506918866653326 54.96709008174878, 6.51279352390152 54.969926921518194, 6.519124022389683 54.97241852200536, 6.525849310676353 54.97454082103134, 6.5329044916372245 54.9762733188137, 6.5402214524165325 54.977599277741454, 6.547729526846828 54.97850588560362, 6.555356183708361 54.97898438061993, 6.563027733901375 54.97903013700616, 6.570670049385135 54.9786427102035, 6.578209286600041 54.97782584131025, 6.585572607035944 54.97658742066711, 6.5926888876417316 54.97493941096202, 6.599489413888009 54.97289773063031, 6.60590854849415 54.970482098727395, 6.611884369110143 54.96771584283888, 6.617359268597879 54.96462567196308, 6.622280511980159 54.9612414166485, 6.626600744612353 54.95759573899137, 6.6302784466735405 54.9537238153912, 6.785936403069701 54.76783197801519, 6.788906479362599 54.763766940633424, 6.791172646929134 54.75955309256231, 6.792713279845989 54.755231056978346, 6.793513763126768 54.75084248715148, 6.793566624910377 54.74642966416868, 6.792871599288845 54.742035089110416, 6.791435619521551 54.73770107363073, 6.789272742060501 54.73346933288731, 6.786404002471043 54.72938058472484, 6.782857204968293 54.72547415893574, 6.77866664789618 54.721787620306735, 6.773872788048997 54.71835640901177, 6.7685218472708835 54.715213501730794, 6.762665365263488 54.71238909666554, 6.756359702984108 54.70991032538575, 6.749665501423642 54.70780099417922, 6.742647100914695 54.706081357295815, 6.735371926434003 54.704767924173645, 6.7279098446296945 54.70387330241698, 6.720332498522122 54.70340607796337, 6.712712625997384 54.70337073353353, 6.705123368334817 54.70376760610651, 6.6976375750840305 54.70459288380496, 6.690327111633368 54.705838642215646, 6.68326217579022 54.70749291981007, 6.676510629624242 54.709539831772716, 6.670137352707614 54.71195972119282, 6.66420362272154 54.714729346231096, 6.658766529185883 54.71782210154047, 6.653878425808842 54.721208271899975, 6.649586426646552 54.72485531571798, 6.645931950908761 54.72872817577635, 6.489790988787329 54.91443619420991))",308.582,,,,,,,,4801d97d49cc
S3:HE460_MarLitter_transect03__S2A_MSIL2A_20160411T105022_R051_T32ULG_20210211T031158,S3:HE460_MarLitter_transect03,MPL-0798,S3_SE_NORTH_SEA,B,transfer_check,strip,2016-04-10T16:15:00,2016-04-10T17:18:00,True,6.638,54.841,6.81,0.3,default_conservative,"field:S3_SE_NORTH_SEA all_litter S3_visual_GT2 (плотность по полосе, не пиксельная разметка)",sentinel-2-l2a,context,UNRELIABLE_SYNC,сдвиг до 19 ч > 18 ч; дрейф до 29 км,S2A_MSIL2A_20160411T105022_R051_T32ULG_20210211T031158,2016-04-11T10:50:22Z,Sentinel-2A,0.001689,32ULG,17.54,18.59,18.06,18.59,C,29.19,5.0,"POLYGON ((6.489790988787329 54.91443619420991, 6.4867794874861096 54.91849336905833, 6.4844723057473646 54.922700986809254, 6.482891861556711 54.9270185682595, 6.48205359854346 54.93140456344173, 6.481965828702664 54.93581675058445, 6.482629643173583 54.94021264203778, 6.484038892285031 54.94454989328308, 6.4861802354226095 54.94878671109509, 6.489033260598056 54.952882256912666, 6.492570672913419 54.95679704150052, 6.496758550419659 54.96049330704946, 6.5015566651782 54.963935392966384, 6.506918866653326 54.96709008174878, 6.51279352390152 54.969926921518194, 6.519124022389683 54.97241852200536, 6.525849310676353 54.97454082103134, 6.5329044916372245 54.9762733188137, 6.5402214524165325 54.977599277741454, 6.547729526846828 54.97850588560362, 6.555356183708361 54.97898438061993, 6.563027733901375 54.97903013700616, 6.570670049385135 54.9786427102035, 6.578209286600041 54.97782584131025, 6.585572607035944 54.97658742066711, 6.5926888876417316 54.97493941096202, 6.599489413888009 54.97289773063031, 6.60590854849415 54.970482098727395, 6.611884369110143 54.96771584283888, 6.617359268597879 54.96462567196308, 6.622280511980159 54.9612414166485, 6.626600744612353 54.95759573899137, 6.6302784466735405 54.9537238153912, 6.785936403069701 54.76783197801519, 6.788906479362599 54.763766940633424, 6.791172646929134 54.75955309256231, 6.792713279845989 54.755231056978346, 6.793513763126768 54.75084248715148, 6.793566624910377 54.74642966416868, 6.792871599288845 54.742035089110416, 6.791435619521551 54.73770107363073, 6.789272742060501 54.73346933288731, 6.786404002471043 54.72938058472484, 6.782857204968293 54.72547415893574, 6.77866664789618 54.721787620306735, 6.773872788048997 54.71835640901177, 6.7685218472708835 54.715213501730794, 6.762665365263488 54.71238909666554, 6.756359702984108 54.70991032538575, 6.749665501423642 54.70780099417922, 6.742647100914695 54.706081357295815, 6.735371926434003 54.704767924173645, 6.7279098446296945 54.70387330241698, 6.720332498522122 54.70340607796337, 6.712712625997384 54.70337073353353, 6.705123368334817 54.70376760610651, 6.6976375750840305 54.70459288380496, 6.690327111633368 54.705838642215646, 6.68326217579022 54.70749291981007, 6.676510629624242 54.709539831772716, 6.670137352707614 54.71195972119282, 6.66420362272154 54.714729346231096, 6.658766529185883 54.71782210154047, 6.653878425808842 54.721208271899975, 6.649586426646552 54.72485531571798, 6.645931950908761 54.72872817577635, 6.489790988787329 54.91443619420991))",308.582,,,,,,,,4801d97d49cc
S4:DOORS3:T1__S2A_MSIL2A_20240602T084601_R107_T35TPJ_20240602T141053,S4:DOORS3:T1,MPL-0904,S4_BLACK_SEA_DOORS3,B,train,point,2024-06-02T00:00:00,2024-06-03T00:00:00,False,29.6227,43.60877,3.48,0.3,default_conservative,"field:S4_BLACK_SEA_DOORS3 all_litter S4_visual_GT2_5 (плотность по полосе, не пиксельная разметка)",sentinel-2-l2a,rejected,INSUFFICIENT_COVERAGE,данные сцены покрывают 35% следа; известна только середина полосы (GEOMETRY_POINT_ONLY),S2A_MSIL2A_20240602T084601_R107_T35TPJ_20240602T141053,2024-06-02T08:46:01Z,Sentinel-2A,0.0,35TPJ,-15.23,8.77,-3.23,15.23,B,20.27,5.0,"POLYGON ((29.72178574012632 43.606452231436286, 29.72099033150296 43.599406687121714, 29.71924883355322 43.59245168880322, 29.71657832610302 43.58565416633885, 29.71300480457372 43.57907951267302, 29.708562919047253 43.572790956811026, 29.70329563160289 43.56684895830214, 29.69725379556415 43.56131062893103, 29.690495660970296 43.55622918703463, 29.683086311212346 43.55165344953334, 29.675097036344777 43.547627366395055, 29.66660464909945 43.54418960184, 29.657690750086726 43.541373166150386, 29.648440949068625 43.53920510147269, 29.638944049530007 43.53770622449874, 29.629291204055736 43.53689092838604, 29.619575048244652 43.53676704573508, 29.609888821054724 43.53733577388352, 29.60032547957758 43.53859166320946, 29.59097681628576 43.54052266856302, 29.581932586781047 43.54311026337071, 29.573279655997908 43.5463296153852, 29.565101170681572 43.55014982248903, 29.5574757657659 43.55453420640728, 29.550476812021042 43.55944066164795, 29.54417171202531 43.56482205647196, 29.53862125113971 43.570626682203184, 29.533879009727258 43.57679874672582, 29.529990842363635 43.58327890758789, 29.526994429231767 43.59000483973766, 29.524918904283147 43.59691183257007, 29.52378456408473 43.60393341065634, 29.523602660556556 43.6110019722751, 29.5243752800454 43.618049439661554, 29.52609531037976 43.62500791474523, 29.52874649671688 43.631810334059296, 29.53230358613199 43.63839111647782, 29.536732560019903 43.644686797472936, 29.54199095249091 43.65063664368224, 29.548028252055282 43.65618324173972, 29.5547863830145 43.661273055548214, 29.562200262124385 43.665856946459435, 29.57019842527673 43.66989065117387, 29.57870371817313 43.67333521257706, 29.587634044249224 43.67615735918601, 29.596903162460364 43.67832982938486, 29.60642152697024 43.67983163717834, 29.61609716030226 43.68064827677782, 29.625836551126394 43.68077186395264, 29.635545567568983 43.680201212720064, 29.645130376753475 43.678941846605746, 29.654498361210145 43.67700594437188, 29.66355902283272 43.67441222077811, 29.67222486520946 43.67118574359944, 29.6804122454124 43.66735768877116, 29.68804218668709 43.662965036153246, 29.695041143940227 43.65805020899993, 29.701341714465872 43.652660660778196, 29.706883286974733 43.64684841349401, 29.71161262268435 43.64066955215388, 29.715484362980927 43.63418368040588, 29.718461458964708 43.62745334276601, 29.72051551902882 43.62054341913807, 29.721627071484836 43.61352049757833, 29.72178574012632 43.606452231436286))",200.99,0.35384719488433836,177793.0,1.0,0.0,0.0,0.004100000020116568,177793.0,4801d97d49cc
S4:DOORS3:T1__S2A_MSIL2A_20240602T084601_R107_T35TQJ_20240602T141353,S4:DOORS3:T1,MPL-0904,S4_BLACK_SEA_DOORS3,B,train,point,2024-06-02T00:00:00,2024-06-03T00:00:00,False,29.6227,43.60877,3.48,0.3,default_conservative,"field:S4_BLACK_SEA_DOORS3 all_litter S4_visual_GT2_5 (плотность по полосе, не пиксельная разметка)",sentinel-2-l2a,accepted,ACCEPTED_UNCERTAIN_TIME,время наблюдения неизвестно: только для исследовательского сравнения; известна только середина полосы (GEOMETRY_POINT_ONLY),S2A_MSIL2A_20240602T084601_R107_T35TQJ_20240602T141353,2024-06-02T08:46:01Z,Sentinel-2A,1e-05,35TQJ,-15.23,8.77,-3.23,15.23,B,20.27,5.0,"POLYGON ((29.72178574012632 43.606452231436286, 29.72099033150296 43.599406687121714, 29.71924883355322 43.59245168880322, 29.71657832610302 43.58565416633885, 29.71300480457372 43.57907951267302, 29.708562919047253 43.572790956811026, 29.70329563160289 43.56684895830214, 29.69725379556415 43.56131062893103, 29.690495660970296 43.55622918703463, 29.683086311212346 43.55165344953334, 29.675097036344777 43.547627366395055, 29.66660464909945 43.54418960184, 29.657690750086726 43.541373166150386, 29.648440949068625 43.53920510147269, 29.638944049530007 43.53770622449874, 29.629291204055736 43.53689092838604, 29.619575048244652 43.53676704573508, 29.609888821054724 43.53733577388352, 29.60032547957758 43.53859166320946, 29.59097681628576 43.54052266856302, 29.581932586781047 43.54311026337071, 29.573279655997908 43.5463296153852, 29.565101170681572 43.55014982248903, 29.5574757657659 43.55453420640728, 29.550476812021042 43.55944066164795, 29.54417171202531 43.56482205647196, 29.53862125113971 43.570626682203184, 29.533879009727258 43.57679874672582, 29.529990842363635 43.58327890758789, 29.526994429231767 43.59000483973766, 29.524918904283147 43.59691183257007, 29.52378456408473 43.60393341065634, 29.523602660556556 43.6110019722751, 29.5243752800454 43.618049439661554, 29.52609531037976 43.62500791474523, 29.52874649671688 43.631810334059296, 29.53230358613199 43.63839111647782, 29.536732560019903 43.644686797472936, 29.54199095249091 43.65063664368224, 29.548028252055282 43.65618324173972, 29.5547863830145 43.661273055548214, 29.562200262124385 43.665856946459435, 29.57019842527673 43.66989065117387, 29.57870371817313 43.67333521257706, 29.587634044249224 43.67615735918601, 29.596903162460364 43.67832982938486, 29.60642152697024 43.67983163717834, 29.61609716030226 43.68064827677782, 29.625836551126394 43.68077186395264, 29.635545567568983 43.680201212720064, 29.645130376753475 43.678941846605746, 29.654498361210145 43.67700594437188, 29.66355902283272 43.67441222077811, 29.67222486520946 43.67118574359944, 29.6804122454124 43.66735768877116, 29.68804218668709 43.662965036153246, 29.695041143940227 43.65805020899993, 29.701341714465872 43.652660660778196, 29.706883286974733 43.64684841349401, 29.71161262268435 43.64066955215388, 29.715484362980927 43.63418368040588, 29.718461458964708 43.62745334276601, 29.72051551902882 43.62054341913807, 29.721627071484836 43.61352049757833, 29.72178574012632 43.606452231436286))",200.99,1.0,502457.0,1.0,0.0,0.0,0.004699999932199717,502457.0,4801d97d49cc
S4:DOORS3:T10__S2B_MSIL2A_20240604T083559_R064_T36TWN_20240604T131757,S4:DOORS3:T10,MPL-0905,S4_BLACK_SEA_DOORS3,B,train,point,2024-06-03T00:00:00,2024-06-04T00:00:00,False,34.07009,42.88389,5.26,0.3,default_conservative,"field:S4_BLACK_SEA_DOORS3 all_litter S4_visual_GT2_5 (плотность по полосе, не пиксельная разметка)",sentinel-2-l2a,context,UNRELIABLE_SYNC,сдвиг до 33 ч > 18 ч; дрейф до 48 км; известна только середина полосы (GEOMETRY_POINT_ONLY),S2B_MSIL2A_20240604T083559_R064_T36TWN_20240604T131757,2024-06-04T08:35:59Z,Sentinel-2B,82.641649,36TWN,8.6,32.6,20.6,32.6,C,47.56,5.0,"POLYGON ((34.16809692514547 42.88293190540283, 34.16749179545261 42.87587240115388, 34.165949023451155 42.86889048512637, 34.163483770455414 42.86205335628253, 34.16012005490892 42.855426798591026, 34.15589051049306 42.84907454986789, 34.15083606271832 42.84305769101714, 34.14500552745784 42.837434061433854, 34.138455135565046 42.832257706059636, 34.13124798834927 42.82757835925836, 34.123453449262456 42.82344097031677, 34.11514647767393 42.8198852749689, 34.10640691107739 42.81694541690387, 34.097318702483136 42.81464962274294, 34.08796912009894 42.81301993347289, 34.078447916694074 42.81207199479852, 34.06884647627263 42.81181490833476, 34.05925694585494 42.81225114500103, 34.04977136027847 42.813376521412835, 34.04048076798345 42.81518023949075, 34.03147436574243 42.81764498893107, 34.02283865022751 42.820747111608696, 34.01465659418412 42.824456826415634, 34.00700685479533 42.82873851248342, 33.999963021576036 42.83355104819688, 33.99359291083192 42.83884820288734, 33.9879579133538 42.844579077597054, 33.98311240159467 42.85068859083986, 33.979103202094564 42.85711800484825, 33.97596913837948 42.86380548740047, 33.973740648965695 42.87068670396466, 33.97243948445366 42.87769543458632, 33.97207848699861 42.884764209682615, 33.9726614547024 42.891824958696986, 33.97418309268861 42.89880966541222, 33.97662905180597 42.905651023622674, 33.97997605506049 42.91228308682905, 33.98419211101393 42.918641905643234, 33.98923681251162 42.924666146678085, 33.995061718228506 42.93029768684673, 34.001610813657216 42.9354821772091, 34.008821047317525 42.94016957077852, 34.016622937153656 42.94431460903499, 34.024941241316476 42.94787726228442, 34.033695686811164 42.95082311944792, 34.04280174884058 42.95312372336043, 34.05217147309768 42.95475684819737, 34.06171433276818 42.9557067162256, 34.07133811160399 42.955964151685315, 34.08094980412535 42.955526670245156, 34.09045652381105 42.95439850312604, 34.099766410043536 42.952590555653835, 34.108789524591714 42.95012030066707, 34.11743872853802 42.94701160786774, 34.12563053078595 42.94329451085163, 34.133285899615366 42.939004914182796, 34.140331029180985 42.93418424347728, 34.14669805336598 42.928879042027155, 34.15232570000078 42.92314051802213, 34.15715987912654 42.917024046905425, 34.16115419971331 42.91058863383013, 34.16427041002426 42.903896341556994, 34.16647875763768 42.89701168945099, 34.16775826598704 42.89000102949117, 34.16809692514547 42.88293190540283))",200.99,,,,,,,,4801d97d49cc
S4:DOORS3:T11__S2A_MSIL2A_20240603T081611_R121_T36TYN_20240603T140552,S4:DOORS3:T11,MPL-0919,S4_BLACK_SEA_DOORS3,B,train,point,2024-06-04T00:00:00,2024-06-05T00:00:00,False,36.67806,42.49278,4.61,0.3,default_conservative,"field:S4_BLACK_SEA_DOORS3 all_litter S4_visual_GT2_5 (плотность по полосе, не пиксельная разметка)",sentinel-2-l2a,context,UNRELIABLE_SYNC,сдвиг до 40 ч > 18 ч; дрейф до 56 км; известна только середина полосы (GEOMETRY_POINT_ONLY),S2A_MSIL2A_20240603T081611_R121_T36TYN_20240603T140552,2024-06-03T08:16:11Z,Sentinel-2A,0.00017,36TYN,-39.73,-15.73,-27.73,39.73,C,56.1,5.0,"POLYGON ((36.77539804279968 42.494711679069006, 36.77517969556102 42.487641643996675, 36.774026212864825 42.48062148204341, 36.77194901208925 42.4737187806145, 36.76896838751037 42.4669999740967, 36.76511330376789 42.46052970571018, 36.76042110700254 42.45437020737948, 36.75493715682287 42.44858070350079, 36.74871438296161 42.44321684422824, 36.741812771135024 42.43833017359643, 36.73429878321961 42.43396763744596, 36.72624471740661 42.43017113572606, 36.71772801448379 42.42697712331792, 36.70883051682466 42.42441626305821, 36.699637687036585 42.42251313414919, 36.6902377935309 42.421285998623134, 36.680721070529756 42.42074662799034, 36.67117886021621 42.42090019164507, 36.661702744865615 42.42174520803723, 36.65238367686883 42.42327355904378, 36.643311114570174 42.42547056739746, 36.634572171796556 42.42831513645531, 36.62625078884804 42.43177995102013, 36.61842693255548 42.43583173736954, 36.611175832786394 42.440431580102306, 36.60456726249765 42.44553529288694, 36.59866486809172 42.451093839693975, 36.59352555643384 42.457053802619114, 36.58919894443004 42.46335789196001, 36.58572687655267 42.46994549380093, 36.58314301513193 42.476753249991226, 36.58147250761128 42.48371566507678, 36.580731734294396 42.49076573446518, 36.580928139395226 42.497835587876104, 36.58206014744535 42.504857141953195, 36.584117166319295 42.51176275579331, 36.58707967731578 42.518485883088715, 36.59091941188769 42.52496171457577, 36.595599613754636 42.531127804544916, 36.601075384268086 42.53692467528859, 36.607294108040136 42.542296393549336, 36.61419595500331 42.54719111327671, 36.621714454251475 42.55156157930779, 36.6297771342313 42.555365586951744, 36.63830622312181 42.558566392877665, 36.64721940256591 42.56113307317613, 36.6564306073137 42.56304082498227, 36.66585086281169 42.56427120860688, 36.67538915233291 42.56481232771586, 36.684953304898904 42.56465894572137, 36.694450894999335 42.56381253719245, 36.70379014497485 42.56228127375195, 36.712880820894604 42.56007994459158, 36.72163511283321 42.55722981240217, 36.7299684906311 42.553758406170694, 36.737800526504884 42.549699252935206, 36.74505567625515 42.54509155120341, 36.75166401129268 42.539979789324384, 36.7575618942621 42.53441331264967, 36.76269259167606 42.52844584382319, 36.76700681767346 42.52213496099363, 36.77046320377145 42.51554153914498, 36.773028690281485 42.50872916008577, 36.77467883589484 42.50176349692276, 36.77539804279968 42.494711679069006))",200.99,,,,,,,,4801d97d49cc
S4:DOORS3:T11__S2A_MSIL2A_20240603T081611_R121_T37TCH_20240603T140743,S4:DOORS3:T11,MPL-0919,S4_BLACK_SEA_DOORS3,B,train,point,2024-06-04T00:00:00,2024-06-05T00:00:00,False,36.67806,42.49278,4.61,0.3,default_conservative,"field:S4_BLACK_SEA_DOORS3 all_litter S4_visual_GT2_5 (плотность по полосе, не пиксельная разметка)",sentinel-2-l2a,context,UNRELIABLE_SYNC,сдвиг до 40 ч > 18 ч; дрейф до 56 км; известна только середина полосы (GEOMETRY_POINT_ONLY),S2A_MSIL2A_20240603T081611_R121_T37TCH_20240603T140743,2024-06-03T08:16:11Z,Sentinel-2A,0.04379,37TCH,-39.73,-15.73,-27.73,39.73,C,56.1,5.0,"POLYGON ((36.77539804279968 42.494711679069006, 36.77517969556102 42.487641643996675, 36.774026212864825 42.48062148204341, 36.77194901208925 42.4737187806145, 36.76896838751037 42.4669999740967, 36.76511330376789 42.46052970571018, 36.76042110700254 42.45437020737948, 36.75493715682287 42.44858070350079, 36.74871438296161 42.44321684422824, 36.741812771135024 42.43833017359643, 36.73429878321961 42.43396763744596, 36.72624471740661 42.43017113572606, 36.71772801448379 42.42697712331792, 36.70883051682466 42.42441626305821, 36.699637687036585 42.42251313414919, 36.6902377935309 42.421285998623134, 36.680721070529756 42.42074662799034, 36.67117886021621 42.42090019164507, 36.661702744865615 42.42174520803723, 36.65238367686883 42.42327355904378, 36.643311114570174 42.42547056739746, 36.634572171796556 42.42831513645531, 36.62625078884804 42.43177995102013, 36.61842693255548 42.43583173736954, 36.611175832786394 42.440431580102306, 36.60456726249765 42.44553529288694, 36.59866486809172 42.451093839693975, 36.59352555643384 42.457053802619114, 36.58919894443004 42.46335789196001, 36.58572687655267 42.46994549380093, 36.58314301513193 42.476753249991226, 36.58147250761128 42.48371566507678, 36.580731734294396 42.49076573446518, 36.580928139395226 42.497835587876104, 36.58206014744535 42.504857141953195, 36.584117166319295 42.51176275579331, 36.58707967731578 42.518485883088715, 36.59091941188769 42.52496171457577, 36.595599613754636 42.531127804544916, 36.601075384268086 42.53692467528859, 36.607294108040136 42.542296393549336, 36.61419595500331 42.54719111327671, 36.621714454251475 42.55156157930779, 36.6297771342313 42.555365586951744, 36.63830622312181 42.558566392877665, 36.64721940256591 42.56113307317613, 36.6564306073137 42.56304082498227, 36.66585086281169 42.56427120860688, 36.67538915233291 42.56481232771586, 36.684953304898904 42.56465894572137, 36.694450894999335 42.56381253719245, 36.70379014497485 42.56228127375195, 36.712880820894604 42.56007994459158, 36.72163511283321 42.55722981240217, 36.7299684906311 42.553758406170694, 36.737800526504884 42.549699252935206, 36.74505567625515 42.54509155120341, 36.75166401129268 42.539979789324384, 36.7575618942621 42.53441331264967, 36.76269259167606 42.52844584382319, 36.76700681767346 42.52213496099363, 36.77046320377145 42.51554153914498, 36.773028690281485 42.50872916008577, 36.77467883589484 42.50176349692276, 36.77539804279968 42.494711679069006))",200.99,,,,,,,,4801d97d49cc
S4:DOORS3:T12__S2A_MSIL2A_20240603T081611_R121_T37TCG_20240603T140746,S4:DOORS3:T12,MPL-0918,S4_BLACK_SEA_DOORS3,B,train,point,2024-06-04T00:00:00,2024-06-05T00:00:00,False,37.03694,42.43722,4.19,0.3,default_conservative,"field:S4_BLACK_SEA_DOORS3 all_litter S4_visual_GT2_5 (плотность по полосе, не пиксельная разметка)",sentinel-2-l2a,context,UNRELIABLE_SYNC,сдвиг до 40 ч > 18 ч; дрейф до 55 км; известна только середина полосы (GEOMETRY_POINT_ONLY),S2A_MSIL2A_20240603T081611_R121_T37TCG_20240603T140746,2024-06-03T08:16:11Z,Sentinel-2A,1.383575,37TCG,-39.73,-15.73,-27.73,39.73,C,54.88,5.0,"POLYGON ((37.1342140864839 42.438845164870735, 37.13395527914689 42.431774953833006, 37.13276236290404 42.424757567226074, 37.13064713305776 42.41786056368444, 37.127630247550144 42.41115032085851, 37.123741017026276 42.40469139788436, 37.11901711276299 42.39854591612596, 37.1135041956475 42.39277296405669, 37.10725547008896 42.387428031890316, 37.100331167396874 42.38256248126398, 37.09279796375847 42.378223054924646, 37.084728338490244 42.37445143097575, 37.07619987872537 42.37128382580942, 37.067294537126905 42.368750649384566, 37.05809784958543 42.36687621601721, 37.04869812016926 42.36567851332983, 37.039185580844695 42.36516903146769, 37.02965153367332 42.36535265413445, 37.02018748332325 42.366227612432965, 37.0108842678013 42.3677855019221, 37.00183119532361 42.37001136272492, 36.99311519519376 42.37288382194762, 36.98481999044963 42.37637529709959, 36.97702529987268 42.38045225864666, 36.96980607672785 42.385075549284736, 36.96323179131664 42.390200756996805, 36.957365764082496 42.39577863845348, 36.952264555605424 42.40175558884348, 36.9479774193634 42.408074153777044, 36.944545822622345 42.41467357849813, 36.94200304024603 42.42149038927387, 36.94037382559409 42.42845900150499, 36.93967416200459 42.435512348823934, 36.93991109763874 42.442582527220466, 36.94108266570681 42.44960144806141, 36.943177891298966 42.45650149375323, 36.946176885221114 42.46321616973874, 36.95005102438972 42.469680746519664, 36.95476321748074 42.475832885461195, 36.96026825366364 42.48161324225969, 36.96651323139403 42.48696604214298, 36.97343806339548 42.491839621122544, 36.980976053146165 42.496186927926175, 36.989054537407824 42.49996598160786, 36.99759558860538 42.50314028025371, 37.00651677019613 42.50567915667645, 37.015731937567 42.50755807751057, 37.02515207647728 42.50875888268123, 37.03468617063038 42.509269962815296, 37.04424208961856 42.509086372787785, 37.053727488245535 42.50820988024171, 37.0630507080964 42.50664894857924, 37.072121672195614 42.504418654587596, 37.08085276367255 42.50154054152726, 37.08915967953781 42.498042409164384, 37.09696225096101 42.49395804286761, 37.104185221825624 42.489326884502574, 37.11075897781355 42.48419364843919, 37.116620218833276 42.478607886531776, 37.121712568242124 42.47262350643214, 37.12598711301542 42.46629824804831, 37.12940286977235 42.45969312336019, 37.13192717237041 42.45287182514544, 37.13353597761455 42.44590011045152, 37.1342140864839 42.438845164870735))",200.99,,,,,,,,4801d97d49cc
S4:DOORS3:T12__S2A_MSIL2A_20240603T081611_R121_T37TCH_20240603T140743,S4:DOORS3:T12,MPL-0918,S4_BLACK_SEA_DOORS3,B,train,point,2024-06-04T00:00:00,2024-06-05T00:00:00,False,37.03694,42.43722,4.19,0.3,default_conservative,"field:S4_BLACK_SEA_DOORS3 all_litter S4_visual_GT2_5 (плотность по полосе, не пиксельная разметка)",sentinel-2-l2a,context,UNRELIABLE_SYNC,сдвиг до 40 ч > 18 ч; дрейф до 55 км; известна только середина полосы (GEOMETRY_POINT_ONLY),S2A_MSIL2A_20240603T081611_R121_T37TCH_20240603T140743,2024-06-03T08:16:11Z,Sentinel-2A,0.04379,37TCH,-39.73,-15.73,-27.73,39.73,C,54.88,5.0,"POLYGON ((37.1342140864839 42.438845164870735, 37.13395527914689 42.431774953833006, 37.13276236290404 42.424757567226074, 37.13064713305776 42.41786056368444, 37.127630247550144 42.41115032085851, 37.123741017026276 42.40469139788436, 37.11901711276299 42.39854591612596, 37.1135041956475 42.39277296405669, 37.10725547008896 42.387428031890316, 37.100331167396874 42.38256248126398, 37.09279796375847 42.378223054924646, 37.084728338490244 42.37445143097575, 37.07619987872537 42.37128382580942, 37.067294537126905 42.368750649384566, 37.05809784958543 42.36687621601721, 37.04869812016926 42.36567851332983, 37.039185580844695 42.36516903146769, 37.02965153367332 42.36535265413445, 37.02018748332325 42.366227612432965, 37.0108842678013 42.3677855019221, 37.00183119532361 42.37001136272492, 36.99311519519376 42.37288382194762, 36.98481999044963 42.37637529709959, 36.97702529987268 42.38045225864666, 36.96980607672785 42.385075549284736, 36.96323179131664 42.390200756996805, 36.957365764082496 42.39577863845348, 36.952264555605424 42.40175558884348, 36.9479774193634 42.408074153777044, 36.944545822622345 42.41467357849813, 36.94200304024603 42.42149038927387, 36.94037382559409 42.42845900150499, 36.93967416200459 42.435512348823934, 36.93991109763874 42.442582527220466, 36.94108266570681 42.44960144806141, 36.943177891298966 42.45650149375323, 36.946176885221114 42.46321616973874, 36.95005102438972 42.469680746519664, 36.95476321748074 42.475832885461195, 36.96026825366364 42.48161324225969, 36.96651323139403 42.48696604214298, 36.97343806339548 42.491839621122544, 36.980976053146165 42.496186927926175, 36.989054537407824 42.49996598160786, 36.99759558860538 42.50314028025371, 37.00651677019613 42.50567915667645, 37.015731937567 42.50755807751057, 37.02515207647728 42.50875888268123, 37.03468617063038 42.509269962815296, 37.04424208961856 42.509086372787785, 37.053727488245535 42.50820988024171, 37.0630507080964 42.50664894857924, 37.072121672195614 42.504418654587596, 37.08085276367255 42.50154054152726, 37.08915967953781 42.498042409164384, 37.09696225096101 42.49395804286761, 37.104185221825624 42.489326884502574, 37.11075897781355 42.48419364843919, 37.116620218833276 42.478607886531776, 37.121712568242124 42.47262350643214, 37.12598711301542 42.46629824804831, 37.12940286977235 42.45969312336019, 37.13192717237041 42.45287182514544, 37.13353597761455 42.44590011045152, 37.1342140864839 42.438845164870735))",200.99,,,,,,,,4801d97d49cc
S4:DOORS3:T13__S2A_MSIL2A_20240603T081611_R121_T37TCG_20240603T140746,S4:DOORS3:T13,MPL-0917,S4_BLACK_SEA_DOORS3,B,train,point,2024-06-04T00:00:00,2024-06-05T00:00:00,False,37.32999,42.39014,4.02,0.3,default_conservative,"field:S4_BLACK_SEA_DOORS3 all_litter S4_visual_GT2_5 (плотность по полосе, не пиксельная разметка)",sentinel-2-l2a,context,UNRELIABLE_SYNC,сдвиг до 40 ч > 18 ч; дрейф до 54 км; известна только середина полосы (GEOMETRY_POINT_ONLY),S2A_MSIL2A_20240603T081611_R121_T37TCG_20240603T140746,2024-06-03T08:16:11Z,Sentinel-2A,1.383575,37TCG,-39.73,-15.73,-27.73,39.73,C,54.42,5.0,"POLYGON ((37.42720653991345 42.39151526000119, 37.426914821024056 42.38444510708787, 37.425689881388806 42.37743018280134, 37.42354382315185 42.37053802040285, 37.42049759899743 42.36383494941144, 37.416580799457904 42.35738545859514, 37.41183135824972 42.351251577440415, 37.40629517884247 42.34549228195832, 37.40002568616289 42.34016293042659, 37.393083307984114 42.335314734359024, 37.38553489114614 42.330994269640286, 37.377453058294655 42.32724303236883, 37.36891551130946 42.32409704351856, 37.36000428802 42.3215865060638, 37.35080497917215 42.319735517717106, 37.341405912918134 42.318561841910146, 37.33189731434885 42.318076739108086, 37.32237044777593 42.318284859991586, 37.31291674959872 42.319184201474336, 37.30362695966019 42.32076612594868, 37.294590259004494 42.32301544357596, 37.28589342189899 42.32591055686226, 37.27761998987379 42.32942366619177, 37.26984947536311 42.333521034430774, 37.262656602305164 42.33816330817194, 37.25611059077004 42.34330589266333, 37.25027449233985 42.348899376965534, 37.245204582561186 42.35489000540603, 37.24094981632897 42.361220190958164, 37.23755135154273 42.36782906576538, 37.23504214580418 42.37465306366523, 37.23344663030038 42.381626529244166, 37.23278046434244 42.38868234767893, 37.23305037331018 42.3957525893946, 37.23425407199251 42.402769163398276, 37.23638027451747 42.40966447303186, 37.23940879124054 42.41637206783111, 37.2433107121141 42.42282728518229, 37.248048675201055 42.42896787553318, 37.2535772181326 42.434734605043616, 37.25984320945244 42.44007182975145, 37.26678635594891 42.44492803558169, 37.274339781262434 42.449256338838836, 37.28243067028018 42.45301494219301, 37.290980973103075 42.45616754159452, 37.299908161703925 42.45868368002762, 37.30912603179831 42.46053904453554, 37.3185455419327 42.46171570351163, 37.328075681364375 42.462202281848064, 37.33762435797225 42.4619940721597, 37.34709929720314 42.461093080945695, 37.35640894292654 42.45950800921278, 37.36546335104748 42.45725416774831, 37.374175066808704 42.454353327896406, 37.38245997690231 42.45083350934334, 37.39023812780134 42.44672870705606, 37.397434502110436 42.44207856012935, 37.403979745214556 42.43692796587781, 37.409810835068434 42.43132664305127, 37.41487168860797 42.425328648551556, 37.41911369896858 42.41899185247752, 37.42249619845368 42.412377376722674, 37.42498684299852 42.405549002689014, 37.4265619147093 42.39857255396089, 37.42720653991345 42.39151526000119))",200.99,,,,,,,,4801d97d49cc
S4:DOORS3:T13__S2A_MSIL2A_20240603T081611_R121_T37TCH_20240603T140743,S4:DOORS3:T13,MPL-0917,S4_BLACK_SEA_DOORS3,B,train,point,2024-06-04T00:00:00,2024-06-05T00:00:00,False,37.32999,42.39014,4.02,0.3,default_conservative,"field:S4_BLACK_SEA_DOORS3 all_litter S4_visual_GT2_5 (плотность по полосе, не пиксельная разметка)",sentinel-2-l2a,context,UNRELIABLE_SYNC,сдвиг до 40 ч > 18 ч; дрейф до 54 км; известна только середина полосы (GEOMETRY_POINT_ONLY),S2A_MSIL2A_20240603T081611_R121_T37TCH_20240603T140743,2024-06-03T08:16:11Z,Sentinel-2A,0.04379,37TCH,-39.73,-15.73,-27.73,39.73,C,54.42,5.0,"POLYGON ((37.42720653991345 42.39151526000119, 37.426914821024056 42.38444510708787, 37.425689881388806 42.37743018280134, 37.42354382315185 42.37053802040285, 37.42049759899743 42.36383494941144, 37.416580799457904 42.35738545859514, 37.41183135824972 42.351251577440415, 37.40629517884247 42.34549228195832, 37.40002568616289 42.34016293042659, 37.393083307984114 42.335314734359024, 37.38553489114614 42.330994269640286, 37.377453058294655 42.32724303236883, 37.36891551130946 42.32409704351856, 37.36000428802 42.3215865060638, 37.35080497917215 42.319735517717106, 37.341405912918134 42.318561841910146, 37.33189731434885 42.318076739108086, 37.32237044777593 42.318284859991586, 37.31291674959872 42.319184201474336, 37.30362695966019 42.32076612594868, 37.294590259004494 42.32301544357596, 37.28589342189899 42.32591055686226, 37.27761998987379 42.32942366619177, 37.26984947536311 42.333521034430774, 37.262656602305164 42.33816330817194, 37.25611059077004 42.34330589266333, 37.25027449233985 42.348899376965534, 37.245204582561186 42.35489000540603, 37.24094981632897 42.361220190958164, 37.23755135154273 42.36782906576538, 37.23504214580418 42.37465306366523, 37.23344663030038 42.381626529244166, 37.23278046434244 42.38868234767893, 37.23305037331018 42.3957525893946, 37.23425407199251 42.402769163398276, 37.23638027451747 42.40966447303186, 37.23940879124054 42.41637206783111, 37.2433107121141 42.42282728518229, 37.248048675201055 42.42896787553318, 37.2535772181326 42.434734605043616, 37.25984320945244 42.44007182975145, 37.26678635594891 42.44492803558169, 37.274339781262434 42.449256338838836, 37.28243067028018 42.45301494219301, 37.290980973103075 42.45616754159452, 37.299908161703925 42.45868368002762, 37.30912603179831 42.46053904453554, 37.3185455419327 42.46171570351163, 37.328075681364375 42.462202281848064, 37.33762435797225 42.4619940721597, 37.34709929720314 42.461093080945695, 37.35640894292654 42.45950800921278, 37.36546335104748 42.45725416774831, 37.374175066808704 42.454353327896406, 37.38245997690231 42.45083350934334, 37.39023812780134 42.44672870705606, 37.397434502110436 42.44207856012935, 37.403979745214556 42.43692796587781, 37.409810835068434 42.43132664305127, 37.41487168860797 42.425328648551556, 37.41911369896858 42.41899185247752, 37.42249619845368 42.412377376722674, 37.42498684299852 42.405549002689014, 37.4265619147093 42.39857255396089, 37.42720653991345 42.39151526000119))",200.99,,,,,,,,4801d97d49cc
S4:DOORS3:T14__S2A_MSIL2A_20240603T081611_R121_T37TCG_20240603T140746,S4:DOORS3:T14,MPL-0916,S4_BLACK_SEA_DOORS3,B,train,point,2024-06-04T00:00:00,2024-06-05T00:00:00,False,37.66594,42.33851,3.6,0.3,default_conservative,"field:S4_BLACK_SEA_DOORS3 all_litter S4_visual_GT2_5 (плотность по полосе, не пиксельная разметка)",sentinel-2-l2a,context,UNRELIABLE_SYNC,сдвиг до 40 ч > 18 ч; дрейф до 53 км; известна только середина полосы (GEOMETRY_POINT_ONLY),S2A_MSIL2A_20240603T081611_R121_T37TCG_20240603T140746,2024-06-03T08:16:11Z,Sentinel-2A,1.383575,37TCG,-39.73,-15.73,-27.73,39.73,C,53.2,5.0,"POLYGON ((37.763091230428046 42.339599321376035, 37.762761918894405 42.33252946300057, 37.761500397020264 42.32551758185402, 37.759319117470724 42.318631179992614, 37.756239369670034 42.311936529735405, 37.75229106396187 42.305498037272216, 37.74751243398262 42.299377624984984, 37.741949660476706 42.293634138330624, 37.735656420477255 42.288322782872356, 37.72869336642099 42.28349459673736, 37.7211275403594 42.279195963424094, 37.71303172896679 42.27546816948535, 37.70448376552762 42.27234701118092, 37.69556578550892 42.269862453726006, 37.68636344268878 42.26803834626614, 37.67696509311669 42.266892195189314, 37.667460954427405 42.26643499784554, 37.65794224821572 42.26667113818785, 37.64850033330584 42.267598345281236, 37.63922583781573 42.26920771505166, 37.630207797923774 42.27148379507007, 37.62153281119352 42.274404731591105, 37.613284212200234 42.27794247749738, 37.60554127803292 42.28206305924148, 37.59837847101531 42.286726900334195, 37.59186472570051 42.291889198403595, 37.586062786846554 42.297500352348095, 37.58102860467378 42.303506435633786, 37.57681079324172 42.30984971134519, 37.57345015726318 42.31646918419299, 37.57097929209876 42.32330118431749, 37.56942226104836 42.33027997740448, 37.568794353379836 42.337338395356745, 37.56910192581402 42.34440848154066, 37.57034232942249 42.351422144458155, 37.57250392309761 42.358311813581395, 37.57556617392822 42.36501109103364, 37.579499843967625 42.37145539280625, 37.58426726202066 42.377582573270466, 37.589822678214084 42.383333526873706, 37.59611269825719 42.38865276110321, 37.60307679346055 42.39348893505548, 37.610647881768415 42.39779535826459, 37.61875297428691 42.401530444815556, 37.62731388106717 42.40465811819624, 37.63624796923859 42.40714816281903, 37.64546896599509 42.40897651866788, 37.654887798423765 42.41012551609004, 37.664413461740125 42.41058404835096, 37.673953907163835 42.41034768019699, 37.68341694043855 42.40941869131801, 37.692711121873764 42.40780605426188, 37.70174665876722 42.40552534701899, 37.71043628115364 42.402598601158026, 37.71869609201841 42.39905408704775, 37.726446383409694 42.39492603833545, 37.73361241027484 42.390254318462794, 37.74012511432997 42.38508403257931, 37.745921790838494 42.37946508875364, 37.75094669181469 42.37345171287958, 37.75515155987424 42.36710192212137, 37.75849608771267 42.36047696213624, 37.760948298995444 42.35364071364974, 37.762484847277776 42.34665907423673, 37.763091230428046 42.339599321376035))",200.99,,,,,,,,4801d97d49cc
S4:DOORS3:T14__S2A_MSIL2A_20240603T081611_R121_T37TCH_20240603T140743,S4:DOORS3:T14,MPL-0916,S4_BLACK_SEA_DOORS3,B,train,point,2024-06-04T00:00:00,2024-06-05T00:00:00,False,37.66594,42.33851,3.6,0.3,default_conservative,"field:S4_BLACK_SEA_DOORS3 all_litter S4_visual_GT2_5 (плотность по полосе, не пиксельная разметка)",sentinel-2-l2a,context,UNRELIABLE_SYNC,сдвиг до 40 ч > 18 ч; дрейф до 53 км; известна только середина полосы (GEOMETRY_POINT_ONLY),S2A_MSIL2A_20240603T081611_R121_T37TCH_20240603T140743,2024-06-03T08:16:11Z,Sentinel-2A,0.04379,37TCH,-39.73,-15.73,-27.73,39.73,C,53.2,5.0,"POLYGON ((37.763091230428046 42.339599321376035, 37.762761918894405 42.33252946300057, 37.761500397020264 42.32551758185402, 37.759319117470724 42.318631179992614, 37.756239369670034 42.311936529735405, 37.75229106396187 42.305498037272216, 37.74751243398262 42.299377624984984, 37.741949660476706 42.293634138330624, 37.735656420477255 42.288322782872356, 37.72869336642099 42.28349459673736, 37.7211275403594 42.279195963424094, 37.71303172896679 42.27546816948535, 37.70448376552762 42.27234701118092, 37.69556578550892 42.269862453726006, 37.68636344268878 42.26803834626614, 37.67696509311669 42.266892195189314, 37.667460954427405 42.26643499784554, 37.65794224821572 42.26667113818785, 37.64850033330584 42.267598345281236, 37.63922583781573 42.26920771505166, 37.630207797923774 42.27148379507007, 37.62153281119352 42.274404731591105, 37.613284212200234 42.27794247749738, 37.60554127803292 42.28206305924148, 37.59837847101531 42.286726900334195, 37.59186472570051 42.291889198403595, 37.586062786846554 42.297500352348095, 37.58102860467378 42.303506435633786, 37.57681079324172 42.30984971134519, 37.57345015726318 42.31646918419299, 37.57097929209876 42.32330118431749, 37.56942226104836 42.33027997740448, 37.568794353379836 42.337338395356745, 37.56910192581402 42.34440848154066, 37.57034232942249 42.351422144458155, 37.57250392309761 42.358311813581395, 37.57556617392822 42.36501109103364, 37.579499843967625 42.37145539280625, 37.58426726202066 42.377582573270466, 37.589822678214084 42.383333526873706, 37.59611269825719 42.38865276110321, 37.60307679346055 42.39348893505548, 37.610647881768415 42.39779535826459, 37.61875297428691 42.401530444815556, 37.62731388106717 42.40465811819624, 37.63624796923859 42.40714816281903, 37.64546896599509 42.40897651866788, 37.654887798423765 42.41012551609004, 37.664413461740125 42.41058404835096, 37.673953907163835 42.41034768019699, 37.68341694043855 42.40941869131801, 37.692711121873764 42.40780605426188, 37.70174665876722 42.40552534701899, 37.71043628115364 42.402598601158026, 37.71869609201841 42.39905408704775, 37.726446383409694 42.39492603833545, 37.73361241027484 42.390254318462794, 37.74012511432997 42.38508403257931, 37.745921790838494 42.37946508875364, 37.75094669181469 42.37345171287958, 37.75515155987424 42.36710192212137, 37.75849608771267 42.36047696213624, 37.760948298995444 42.35364071364974, 37.762484847277776 42.34665907423673, 37.763091230428046 42.339599321376035))",200.99,,,,,,,,4801d97d49cc
S4:DOORS3:T15__S2A_MSIL2A_20240603T081611_R121_T37TCG_20240603T140746,S4:DOORS3:T15,MPL-0915,S4_BLACK_SEA_DOORS3,B,train,point,2024-06-04T00:00:00,2024-06-05T00:00:00,False,37.87974,42.30189,3.09,0.3,default_conservative,"field:S4_BLACK_SEA_DOORS3 all_litter S4_visual_GT2_5 (плотность по полосе, не пиксельная разметка)",sentinel-2-l2a,context,UNRELIABLE_SYNC,сдвиг до 40 ч > 18 ч; дрейф до 52 км; известна только середина полосы (GEOMETRY_POINT_ONLY),S2A_MSIL2A_20240603T081611_R121_T37TCG_20240603T140746,2024-06-03T08:16:11Z,Sentinel-2A,1.383575,37TCG,-39.73,-15.73,-27.73,39.73,C,51.75,5.0,"POLYGON ((37.97684224137486 42.302797557808546, 37.97648909605372 42.295728007852276, 37.97520445395028 42.28871818107149, 37.97300098917767 42.281835558538134, 37.96990020318155 42.27514637509063, 37.96593220692188 42.26871498334418, 37.9611354213909 42.26260323656356, 37.955556199711644 42.25686989623942, 37.94924837475323 42.25157006994782, 37.94227273684334 42.246754684761875, 37.93469644674971 42.242470001129014, 37.92659238963931 42.23875717173045, 37.91803847620405 42.23565184940471, 37.90911689756416 42.23318384775067, 37.899913340923305 42.23137685752826, 37.890516173253886 42.23024822145564, 37.8810156005347 42.2298087694598, 37.87150281024843 42.23006271588186, 37.86206910497058 42.23100761957038, 37.852805034947934 42.232634407221155, 37.84379953756979 42.234927459745215, 37.83513909158249 42.23786476087108, 37.8269068937852 42.241418106618674, 37.81918206577252 42.24555337372365, 37.81203889805924 42.250230844547666, 37.805546138631755 42.25540558548589, 37.799766332621985 42.26102787538265, 37.79475521939232 42.2670436799934, 37.79056119285522 42.2733951680903, 37.78722483032971 42.280021264404695, 37.784778494661474 42.28685823423463, 37.78324601370505 42.29384029422564, 37.78264244058916 42.30090024355965, 37.78297389746394 42.30797010956496, 37.784237504665384 42.314981801592346, 37.78642139643429 42.32186776689027, 37.78950482350059 42.32856164216115, 37.79345834199659 42.3349988944873, 37.79824408730316 42.3411174453869, 37.8038161305701 42.34685827189231, 37.81012091479571 42.35216597873883, 37.817097766512184 42.356989336008525, 37.82467947831223 42.36128177689099, 37.83279295668135 42.36500185059748, 37.84135992887786 42.368113625893336, 37.85029770194238 42.37058704119405, 37.85951996632776 42.3723981976945, 37.868937636130326 42.3735295925673, 37.87845971748068 42.373970289865234, 37.88799419632535 42.37371602739046, 37.897448936603304 42.37276925844035, 37.906732579698904 42.37113912800091, 37.91575543603673 42.368841383623995, 37.924430359773616 42.36589822188802, 37.93267359773942 42.36233807199475, 37.94040560407523 42.35819531868956, 37.94755181241241 42.35350996730236, 37.954043357921286 42.34832725428406, 37.959817742126525 42.342697207152675, 37.964819434028215 42.33667415825809, 37.9690004017742 42.330316217220556, 37.972320569889185 42.32368470728992, 37.97474819786878 42.316843571208636, 37.97626017678125 42.30985875243638, 37.97684224137486 42.302797557808546))",200.99,,,,,,,,4801d97d49cc
S4:DOORS3:T15__S2A_MSIL2A_20240603T081611_R121_T37TDG_20240603T140746,S4:DOORS3:T15,MPL-0915,S4_BLACK_SEA_DOORS3,B,train,point,2024-06-04T00:00:00,2024-06-05T00:00:00,False,37.87974,42.30189,3.09,0.3,default_conservative,"field:S4_BLACK_SEA_DOORS3 all_litter S4_visual_GT2_5 (плотность по полосе, не пиксельная разметка)",sentinel-2-l2a,context,UNRELIABLE_SYNC,сдвиг до 40 ч > 18 ч; дрейф до 52 км; известна только середина полосы (GEOMETRY_POINT_ONLY),S2A_MSIL2A_20240603T081611_R121_T37TDG_20240603T140746,2024-06-03T08:16:11Z,Sentinel-2A,0.256293,37TDG,-39.73,-15.73,-27.73,39.73,C,51.75,5.0,"POLYGON ((37.97684224137486 42.302797557808546, 37.97648909605372 42.295728007852276, 37.97520445395028 42.28871818107149, 37.97300098917767 42.281835558538134, 37.96990020318155 42.27514637509063, 37.96593220692188 42.26871498334418, 37.9611354213909 42.26260323656356, 37.955556199711644 42.25686989623942, 37.94924837475323 42.25157006994782, 37.94227273684334 42.246754684761875, 37.93469644674971 42.242470001129014, 37.92659238963931 42.23875717173045, 37.91803847620405 42.23565184940471, 37.90911689756416 42.23318384775067, 37.899913340923305 42.23137685752826, 37.890516173253886 42.23024822145564, 37.8810156005347 42.2298087694598, 37.87150281024843 42.23006271588186, 37.86206910497058 42.23100761957038, 37.852805034947934 42.232634407221155, 37.84379953756979 42.234927459745215, 37.83513909158249 42.23786476087108, 37.8269068937852 42.241418106618674, 37.81918206577252 42.24555337372365, 37.81203889805924 42.250230844547666, 37.805546138631755 42.25540558548589, 37.799766332621985 42.26102787538265, 37.79475521939232 42.2670436799934, 37.79056119285522 42.2733951680903, 37.78722483032971 42.280021264404695, 37.784778494661474 42.28685823423463, 37.78324601370505 42.29384029422564, 37.78264244058916 42.30090024355965, 37.78297389746394 42.30797010956496, 37.784237504665384 42.314981801592346, 37.78642139643429 42.32186776689027, 37.78950482350059 42.32856164216115, 37.79345834199659 42.3349988944873, 37.79824408730316 42.3411174453869, 37.8038161305701 42.34685827189231, 37.81012091479571 42.35216597873883, 37.817097766512184 42.356989336008525, 37.82467947831223 42.36128177689099, 37.83279295668135 42.36500185059748, 37.84135992887786 42.368113625893336, 37.85029770194238 42.37058704119405, 37.85951996632776 42.3723981976945, 37.868937636130326 42.3735295925673, 37.87845971748068 42.373970289865234, 37.88799419632535 42.37371602739046, 37.897448936603304 42.37276925844035, 37.906732579698904 42.37113912800091, 37.91575543603673 42.368841383623995, 37.924430359773616 42.36589822188802, 37.93267359773942 42.36233807199475, 37.94040560407523 42.35819531868956, 37.94755181241241 42.35350996730236, 37.954043357921286 42.34832725428406, 37.959817742126525 42.342697207152675, 37.964819434028215 42.33667415825809, 37.9690004017742 42.330316217220556, 37.972320569889185 42.32368470728992, 37.97474819786878 42.316843571208636, 37.97626017678125 42.30985875243638, 37.97684224137486 42.302797557808546))",200.99,,,,,,,,4801d97d49cc
S4:DOORS3:T16__S2A_MSIL2A_20240603T081611_R121_T37TDG_20240603T140746,S4:DOORS3:T16,MPL-0914,S4_BLACK_SEA_DOORS3,B,train,point,2024-06-04T00:00:00,2024-06-05T00:00:00,False,38.13714,42.26162,2.93,0.3,default_conservative,"field:S4_BLACK_SEA_DOORS3 all_litter S4_visual_GT2_5 (плотность по полосе, не пиксельная разметка)",sentinel-2-l2a,context,UNRELIABLE_SYNC,сдвиг до 40 ч > 18 ч; дрейф до 51 км; известна только середина полосы (GEOMETRY_POINT_ONLY),S2A_MSIL2A_20240603T081611_R121_T37TDG_20240603T140746,2024-06-03T08:16:11Z,Sentinel-2A,0.256293,37TDG,-39.73,-15.73,-27.73,39.73,C,51.28,5.0,"POLYGON ((38.23418744954788 42.26230909386067, 38.233805680652466 42.2552400488855, 38.232493233021835 42.2482328242673, 38.23026304713219 42.24135487457392, 38.22713687983997 42.23467238833644, 38.223145084178434 42.22824965255558, 38.21832630763551 42.222148436248894, 38.212727112175024 42.2164273988723, 38.20640151995375 42.21114152918576, 38.19941048932855 42.20634161982172, 38.191821326337354 42.2020737824581, 38.18370703737274 42.19837900809988, 38.175145629244945 42.195292776538004, 38.16621936325169 42.192844718586954, 38.157013970233656 42.1910583342048, 38.1476178338966 42.18995076907927, 38.13812114992414 42.18953265172176, 38.128615068587955 42.18980799255467, 38.11919082868603 42.19077414590937, 38.10993889070341 42.19242183527744, 38.10094807709483 42.19473524158044, 38.09230472753364 42.19769215364817, 38.084091876857656 42.20126417952677, 38.07638846326932 42.20541701667905, 38.069268574114616 42.210110778597254, 38.06280073627422 42.215300374823585, 38.05704725784897 42.22093594087489, 38.05206362741359 42.226963314094625, 38.04789797664545 42.23332455101641, 38.04459061161278 42.23995848141871, 38.042173617429 42.24680129388763, 38.04067054035024 42.253787147384855, 38.04009615071449 42.26084880304628, 38.040456289396616 42.26791827021651, 38.04174779968942 42.27492746055756, 38.043958545721345 42.28180884396085, 38.04706751769494 42.288496099941156, 38.051045023381796 42.2949247582009, 38.0558529644506 42.301032822126665, 38.06144519534198 42.306761369113936, 38.06776796154877 42.31205512181363, 38.07476041332247 42.31686298465398, 38.082355190017545 42.32113854030918, 38.090479069515446 42.32484050116378, 38.09905367645095 42.32793311125238, 38.10799624230514 42.33038649463567, 38.117220409841956 42.33217694670045, 38.126637073858106 42.33328716543873, 38.136155249797696 42.33370642036122, 38.14568296145857 42.333430657329096, 38.15512813879517 42.33246253823611, 38.164399516703064 42.33081141513376, 38.17340752565825 42.32849323905839, 38.18206516517825 42.325530404481526, 38.190288851271056 42.321951530957485, 38.19799922933851 42.31779118417608, 38.20512194439868 42.31308953923702, 38.21158836097917 42.30789198953853, 38.21733622560368 42.30224870521107, 38.22231026543823 42.29621414551933, 38.226462717370694 42.289846530100355, 38.229753782558284 42.28320727429609, 38.2321520022806 42.2763603941709, 38.233634551770244 42.269371887079366, 38.23418744954788 42.26230909386067))",200.99,,,,,,,,4801d97d49cc
S4:DOORS3:T17__S2A_MSIL2A_20240603T081611_R121_T37TDG_20240603T140746,S4:DOORS3:T17,MPL-0913,S4_BLACK_SEA_DOORS3,B,train,point,2024-06-04T00:00:00,2024-06-05T00:00:00,False,38.41583,42.21806,2.52,0.3,default_conservative,"field:S4_BLACK_SEA_DOORS3 all_litter S4_visual_GT2_5 (плотность по полосе, не пиксельная разметка)",sentinel-2-l2a,context,UNRELIABLE_SYNC,сдвиг до 40 ч > 18 ч; дрейф до 50 км; известна только середина полосы (GEOMETRY_POINT_ONLY),S2A_MSIL2A_20240603T081611_R121_T37TDG_20240603T140746,2024-06-03T08:16:11Z,Sentinel-2A,0.256293,37TDG,-39.73,-15.73,-27.73,39.73,C,50.12,5.0,"POLYGON ((38.512816111124856 42.21851292313733, 38.512403451217246 42.2114445842265, 38.511061016639715 42.20444033122884, 38.508802035100516 42.197567588535954, 38.505648538668446 42.19089249312718, 38.50163114100037 42.18447925962599, 38.49678873320826 42.178389564590226, 38.491168101647176 42.172681955860085, 38.48482347159362 42.16741129252382, 38.47781598142382 42.162628220748005, 38.470213092488116 42.158378690361616, 38.46208794041104 42.15470351668441, 38.453518634022515 42.151637991653836, 38.44458750854408 42.149211547836686, 38.4353803400139 42.14744747841364, 38.42598552823452 42.146362715703916, 38.41649325576864 42.14596767025529, 38.406994630689475 42.14626613196794, 38.39758082091436 42.147255234152254, 38.38834218801281 42.14892548084559, 38.37936742838337 42.151260837136014, 38.37074272963733 42.15423888166536, 38.362550949912034 42.15783101991541, 38.35487082766147 42.16200275632264, 38.3477762292378 42.16671402272397, 38.34133544128411 42.1719195601133, 38.33561051460637 42.17756935018782, 38.33065666578204 42.18360909269264, 38.326521742294325 42.18998072413277, 38.323245756456565 42.19662297301823, 38.32086049281199 42.2034719464465, 38.31938919306273 42.210461742507945, 38.31884632190174 42.21752508272962, 38.31923741639554 42.22459395855405, 38.320559020800474 42.2316002856849, 38.32279870789472 42.238476560023685, 38.32593518708043 42.24515650887331, 38.329938498662514 42.251575731097, 38.334770292850365 42.257672319995336, 38.34038419116716 42.26338746280233, 38.34672622709635 42.26866601090043, 38.35373536195866 42.2734570151165, 38.36134407120545 42.277714220782016, 38.36947899554632 42.28139651761968, 38.37806165061247 42.284468339951566, 38.387009188201645 42.28690001320746, 38.396235201566455 42.28866804324054, 38.40565056670458 42.2897553455261, 38.415164311194104 42.29015141192088, 38.42468450179778 42.28985241328991, 38.43411914184096 42.2888612369565, 38.44337706925317 42.28718745859262, 38.452368846154904 42.28484724883174, 38.46100763096918 42.28186321554983, 38.469210024239935 42.278264183411196, 38.47689687964395 42.274084912909196, 38.4839940720829 42.26936576173887, 38.49043321523338 42.264152291914044, 38.496152321504574 42.2584948265763, 38.501096397999405 42.25244796093563, 38.505217972783555 42.24607003222379, 38.50847754652835 42.23942255392969, 38.510843965397086 42.23256961991737, 38.51229471187844 42.22557728429802, 38.512816111124856 42.21851292313733))",200.99,,,,,,,,4801d97d49cc
S4:DOORS3:T18__S2B_MSIL2A_20240605T080609_R078_T37TFG_20240605T113032,S4:DOORS3:T18,MPL-0921,S4_BLACK_SEA_DOORS3,B,train,point,2024-06-05T00:00:00,2024-06-06T00:00:00,False,41.069,41.80211,1.23,0.3,default_conservative,"field:S4_BLACK_SEA_DOORS3 all_litter S4_visual_GT2_5 (плотность по полосе, не пиксельная разметка)",sentinel-2-l2a,accepted,ACCEPTED_UNCERTAIN_TIME,время наблюдения неизвестно: только для исследовательского сравнения; известна только середина полосы (GEOMETRY_POINT_ONLY),S2B_MSIL2A_20240605T080609_R078_T37TFG_20240605T113032,2024-06-05T08:06:09Z,Sentinel-2B,1.404717,37TFG,-15.9,8.1,-3.9,15.9,B,18.58,5.0,"POLYGON ((41.16529295343688 41.80033457474432, 41.16459154075618 41.793281243449506, 41.16296995603071 41.78631329074148, 41.16044409935924 41.77949777690409, 41.15703855199963 41.7729002748188, 41.15278632985649 41.76658424094935, 41.14772855718187 41.76061040734937, 41.14191406394612 41.75503620042711, 41.13539891100346 41.74991519192451, 41.1282458477952 41.74529658724324, 41.120523707899764 41.74122475588332, 41.112306748251775 41.73773880835199, 41.10367393830908 41.734872223457714, 41.0947082058467 41.732652529429096, 41.08549564639872 41.73110104179604, 41.07612470365311 41.73023266044471, 41.06668532832954 41.73005572771291, 41.05726812323671 41.73057194883277, 41.04796348231268 41.731776375457756, 41.03886073150034 41.73365745243456, 41.03004727929878 41.73619712740297, 41.02160778476085 41.73937102223179, 41.01362335057779 41.7431486647308, 41.0061707487014 41.74749377852313, 40.99932168570588 41.75236462842193, 40.99314211478198 41.75771441813611, 40.98769160088826 41.7634917366354, 40.98302274515721 41.76964104903959, 40.9791806741694 41.776103227465825, 40.976202599167976 41.7828161168741, 40.97411744969012 41.78971513059928, 40.972945585445984 41.79673386995273, 40.97269858958046 41.80380476202008, 40.97337914571477 41.810859709578175, 40.97498100038843 41.81783074690719, 40.97748901171287 41.824650695184154, 40.98087928421421 41.83125381111605, 40.98511938899165 41.8375764225039, 40.9901686674587 41.84355754452531, 40.99597861607671 41.849139470683326, 41.00249334864409 41.854268332590856, 41.009650131880456 41.85889462304435, 41.01737998925463 41.86297367718333, 41.025608367258236 41.866466106932066, 41.03425585763513 41.869338184372594, 41.04323896844985 41.87156217019918, 41.05247093632599 41.87311658394889, 41.0618625717165 41.873986413285316, 41.07132312868946 41.87416326022467, 41.08076119043112 41.87364542283164, 41.090085561488266 41.87243791156587, 41.09920615769543 41.87055240012274, 41.108034884762304 41.86800711127807, 41.116486496631104 41.86482663890286, 41.12447942495036 41.86104170796033, 41.13193657134743 41.85668887491942, 41.13878605461027 41.851810171614105, 41.14496190540362 41.84645269613755, 41.150404701737294 41.84066815487901, 41.15506213906494 41.834512360284194, 41.15888952961152 41.82804468934133, 41.16185022629543 41.821327508163094, 41.16391596741651 41.81442556834334, 41.165067139112786 41.80740538101761, 41.16529295343688 41.80033457474432))",200.99,0.999812926388524,502382.0,1.0,0.0,0.0,0.002199999988079071,502382.0,4801d97d49cc
S4:DOORS3:T19__S2B_MSIL2A_20240605T080609_R078_T37TFG_20240605T113032,S4:DOORS3:T19,MPL-0920,S4_BLACK_SEA_DOORS3,B,train,point,2024-06-05T00:00:00,2024-06-06T00:00:00,False,41.24776,41.77479,1.44,0.3,default_conservative,"field:S4_BLACK_SEA_DOORS3 all_litter S4_visual_GT2_5 (плотность по полосе, не пиксельная разметка)",sentinel-2-l2a,accepted,ACCEPTED_UNCERTAIN_TIME,время наблюдения неизвестно: только для исследовательского сравнения; известна только середина полосы (GEOMETRY_POINT_ONLY),S2B_MSIL2A_20240605T080609_R078_T37TFG_20240605T113032,2024-06-05T08:06:09Z,Sentinel-2B,1.404717,37TFG,-15.9,8.1,-3.9,15.9,B,18.82,5.0,"POLYGON ((41.34400037685552 41.772865786921194, 41.34327985038912 41.765814006671775, 41.34163985185845 41.75884902124679, 41.33909645756107 41.75203786139643, 41.33567441619318 41.745446057225784, 41.331406900781175 41.739137009623676, 41.32633518093546 41.73317138283223, 41.320508218895355 41.72760652388501, 41.31398219349951 41.72249591436314, 41.306819956832996 41.717888659594806, 41.299090428867686 41.71382902005456, 41.290867935923885 41.71035598931139, 41.282231499236346 41.707502922430564, 41.273264080307186 41.70529721825924, 41.26405179006858 41.70376005852282, 41.25468306916137 41.70290620613305, 41.24524784685951 41.7027438645639, 41.23583668633558 41.70327459959108, 41.22653992406923 41.704493324121415, 41.21744681124724 41.70638834626144, 41.208644664992114 41.70894148019766, 41.20021803718483 41.71212821888514, 41.19224790851625 41.71591796697418, 41.18481091521135 41.72027433184806, 41.17797861562016 41.72515547010607, 41.17181680355935 41.73051448630585, 41.16638487491918 41.73629988028582, 41.16173525362283 41.742456038923194, 41.15791288253889 41.74892376775281, 41.15495478440622 41.75564085747847, 41.15288969723388 41.762542680058246, 41.15173778799109 41.76956280874007, 41.151510447706535 41.77663365616845, 41.152210170357364 41.78368712448135, 41.153830517150325 41.7906552611695, 41.15635616698856 41.797470914382544, 41.15976305308282 41.80406838133953, 41.16401858481506 41.81038404353565, 41.169081953103 41.81635698253516, 41.1749045166571 41.82192957030175, 41.181430265675615 41.827048028240746, 41.188596358700636 41.83166294941382, 41.19633372756837 41.83572977873015, 41.20456774464163 41.8392092463206, 41.21321894582243 41.842067749753895, 41.222203802217834 41.84427768125756, 41.23143553278157 41.84581769665059, 41.240824949787864 41.84667292327872, 41.25028132861778 41.846835104856034, 41.25971329305908 41.84630268175517, 41.26902970714343 41.845080805941635, 41.27814056447117 41.84318129041204, 41.28695786600571 41.84062249365986, 41.295396477456855 41.83742914035055, 41.30337495761109 41.83363208003163, 41.31081634930463 41.82926798632594, 41.31764892516536 41.82437899964956, 41.32380688076588 41.819012317055225, 41.32923096842332 41.81321973331922, 41.33386906554364 41.80705713786146, 41.33767667212852 41.80058397250897, 41.340617332830845 41.79386265547882, 41.34266297975018 41.78695797726423, 41.34379419299124 41.77993647435652, 41.34400037685552 41.772865786921194))",200.99,1.0,502448.0,0.9997651498264497,0.00023485017355029774,0.0,0.0026000000070780516,502330.0,4801d97d49cc
S4:DOORS3:T2__S2A_MSIL2A_20240602T084601_R107_T35TQJ_20240602T141353,S4:DOORS3:T2,MPL-0903,S4_BLACK_SEA_DOORS3,B,train,point,2024-06-02T00:00:00,2024-06-03T00:00:00,False,29.83056,43.55139,3.55,0.3,default_conservative,"field:S4_BLACK_SEA_DOORS3 all_litter S4_visual_GT2_5 (плотность по полосе, не пиксельная разметка)",sentinel-2-l2a,accepted,ACCEPTED_UNCERTAIN_TIME,время наблюдения неизвестно: только для исследовательского сравнения; известна только середина полосы (GEOMETRY_POINT_ONLY),S2A_MSIL2A_20240602T084601_R107_T35TQJ_20240602T141353,2024-06-02T08:46:01Z,Sentinel-2A,1e-05,35TQJ,-15.23,8.77,-3.23,15.23,B,20.35,5.0,"POLYGON ((29.929534103866775 43.548894744393635, 29.928715642040093 43.5418512477637, 29.926952399263254 43.53489998416944, 29.92426166288363 43.52810784640743, 29.920669620888148 43.52154017462784, 29.916211099200606 43.51526012985302, 29.91092921742191 43.5093280891437, 29.90487496666322 43.50380106810469, 29.898106713796317 43.498732176138496, 29.89068963706872 43.49417010952658, 29.88269509860058 43.490158687046524, 29.874199959794083 43.4867364324222, 29.86528584614282 43.48393620745985, 29.856038368326644 43.48178489924606, 29.846546306817633 43.480303164281594, 29.836900767503067 43.47950523189914, 29.827194316052978 43.47939876877017, 29.817520098922113 43.47998480574758, 29.8079709589789 43.48125772772359, 29.79863855379787 43.483205326608804, 29.78961248463586 43.48580891696397, 29.78097944403689 43.48904351324365, 29.772822389875085 43.49287806704763, 29.76521975344908 43.49727576222201, 29.758244688985474 43.50219436511637, 29.751964371591747 43.5075866267864, 29.746439350322046 43.513400733440754, 29.741722962581534 43.51958080096836, 29.737860815598363 43.52606740895399, 29.734890340137117 43.53279816919955, 29.732840421016565 43.53970832341906, 29.731731108329797 43.546731364472734, 29.73157341254997 43.553799675252094, 29.73236918594454 43.56084517912718, 29.734111091920134 43.567799995722574, 29.736782663085556 43.57459709570322, 29.74035844795948 43.581170948225356, 29.744804245370037 43.58745815474613, 29.7500774247058 43.593398062984626, 29.756127329290585 43.59893335499267, 29.7628957592802 43.60401060351979, 29.77031752962756 43.60858079114653, 29.778321097846007 43.61259978700863, 29.786829255530225 43.616028776339974, 29.795759876881327 43.618834638521605, 29.805026716837908 43.620990269829846, 29.814540250849074 43.622474847628126, 29.824208547846332 43.62327403333386, 29.833938167588116 43.623380112110354, 29.84363507326805 43.62279206787514, 29.85320555010285 43.62151559287455, 29.86255712054805 43.61956303174002, 29.871599446833628 43.61695326060902, 29.880245211663294 43.613711502552626, 29.888410968180523 43.60986908119588, 29.89601795066501 43.60546311503963, 29.902992837880138 43.600536155584265, 29.909268461537145 43.59513577291202, 29.91478445296621 43.589314092899095, 29.91948782177901 43.58312729069517, 29.923333461060345 43.57663504552352, 29.926284574427466 43.569899962214265, 29.928313021133377 43.56298696518456, 29.92939957625287 43.555962670820435, 29.929534103866775 43.548894744393635))",200.99,1.0,502463.0,1.0,0.0,0.0,0.006000000052154064,502463.0,4801d97d49cc
S4:DOORS3:T20__S2A_MSIL2A_20240607T075611_R035_T37TGG_20240607T111455,S4:DOORS3:T20,MPL-0923,S4_BLACK_SEA_DOORS3,B,train,point,2024-06-07T00:00:00,2024-06-08T00:00:00,False,41.63597,41.72292,1.8,0.3,default_conservative,"field:S4_BLACK_SEA_DOORS3 all_litter S4_visual_GT2_5 (плотность по полосе, не пиксельная разметка)",sentinel-2-l2a,rejected,DUPLICATE_BETTER_SCENE,выбрана сцена S2A_MSIL2A_20240607T075611_R035_T38TKM_20240607T111455,S2A_MSIL2A_20240607T075611_R035_T37TGG_20240607T111455,2024-06-07T07:56:11Z,Sentinel-2A,30.829325,37TGG,-16.06,7.94,-4.06,16.06,B,19.43,5.0,"POLYGON ((41.73210431528965 41.720672953057374, 41.73134229951936 41.7136247861783, 41.729662253474736 41.70666648464159, 41.72708063674207 41.6998650127492, 41.72362256302579 41.693285805468115, 41.71932154868429 41.68699214084558, 41.71421918181895 41.68104453382009, 41.70836471541011 41.67550015714132, 41.70181458865641 41.670412294832985, 41.69463188128751 41.66582983330614, 41.68688570618279 41.66179679486076, 41.67865054613676 41.6583519179044, 41.67000554106482 41.65552828777202, 41.66103373233925 41.653353021555446, 41.65182127128351 41.651847009846456, 41.64245659913343 41.65102471777223, 41.63302960599579 41.65089404715524, 41.62363077649765 41.65145626107016, 41.61435032992427 41.65270597150019, 41.60527736268836 41.654631190218225, 41.596499000959575 41.65721344244135, 41.58809957120967 41.66042794223196, 41.58015979629565 41.664243828051525, 41.57275602451085 41.6686244563171, 41.5659594987811 41.67352775027212, 41.55983567287139 41.678906600963955, 41.55444358109672 41.6847093166274, 41.54983526760049 41.69088011631019, 41.546055280775846 41.69735966314662, 41.54314023786082 41.70408563229364, 41.54111846413974 41.71099330819515, 41.540009710533255 41.71801620553699, 41.53982495266172 41.72508670800166, 41.54056627372568 41.732136718732384, 41.54222683276825 41.73909831627175, 41.5447909190732 41.74590440965539, 41.54823409261813 41.75248938631658, 41.552523409649694 41.758789746495694, 41.55761773158975 41.764744717949306, 41.56346811462411 41.77029684491815, 41.57001827648151 41.77539254553984, 41.5772051360894 41.779982632181365, 41.58495942100588 41.784022789513244, 41.59320633678537 41.787474005551964, 41.60186629174874 41.790302951353596, 41.61085567000793 41.79248230554649, 41.62008764505 41.79399102043863, 41.62947302572336 41.794814527019845, 41.638921126098715 41.79494487679417, 41.64834065040358 41.7943808190167, 41.657640584057184 41.793127812563455, 41.66673108176479 41.79119797232705, 41.67552434366803 41.78860995069428, 41.683935470689654 41.785388755319616, 41.6918832904552 41.78156550505073, 41.69929114551645 41.77717712648339, 41.70608763603509 41.77226599421455, 41.712207309605404 41.76687951841893, 41.717591291490166 41.76106968388957, 41.72218784920894 41.75489254515155, 41.72595288613905 41.74840768267539, 41.72885035955867 41.74167762557952, 41.73085261936716 41.73476724651605, 41.73194066454841 41.72774313467893, 41.73210431528965 41.720672953057374))",200.99,1.0,474455.0,0.8696841639354628,0.12905755024185644,0.0557602100013334,0.019600000232458115,412626.0,4801d97d49cc
S4:DOORS3:T20__S2A_MSIL2A_20240607T075611_R035_T37TGG_20240607T120904,S4:DOORS3:T20,MPL-0923,S4_BLACK_SEA_DOORS3,B,train,point,2024-06-07T00:00:00,2024-06-08T00:00:00,False,41.63597,41.72292,1.8,0.3,default_conservative,"field:S4_BLACK_SEA_DOORS3 all_litter S4_visual_GT2_5 (плотность по полосе, не пиксельная разметка)",sentinel-2-l2a,rejected,DUPLICATE_BETTER_SCENE,выбрана сцена S2A_MSIL2A_20240607T075611_R035_T38TKM_20240607T111455,S2A_MSIL2A_20240607T075611_R035_T37TGG_20240607T120904,2024-06-07T07:56:11Z,Sentinel-2A,30.82276,37TGG,-16.06,7.94,-4.06,16.06,B,19.43,5.0,"POLYGON ((41.73210431528965 41.720672953057374, 41.73134229951936 41.7136247861783, 41.729662253474736 41.70666648464159, 41.72708063674207 41.6998650127492, 41.72362256302579 41.693285805468115, 41.71932154868429 41.68699214084558, 41.71421918181895 41.68104453382009, 41.70836471541011 41.67550015714132, 41.70181458865641 41.670412294832985, 41.69463188128751 41.66582983330614, 41.68688570618279 41.66179679486076, 41.67865054613676 41.6583519179044, 41.67000554106482 41.65552828777202, 41.66103373233925 41.653353021555446, 41.65182127128351 41.651847009846456, 41.64245659913343 41.65102471777223, 41.63302960599579 41.65089404715524, 41.62363077649765 41.65145626107016, 41.61435032992427 41.65270597150019, 41.60527736268836 41.654631190218225, 41.596499000959575 41.65721344244135, 41.58809957120967 41.66042794223196, 41.58015979629565 41.664243828051525, 41.57275602451085 41.6686244563171, 41.5659594987811 41.67352775027212, 41.55983567287139 41.678906600963955, 41.55444358109672 41.6847093166274, 41.54983526760049 41.69088011631019, 41.546055280775846 41.69735966314662, 41.54314023786082 41.70408563229364, 41.54111846413974 41.71099330819515, 41.540009710533255 41.71801620553699, 41.53982495266172 41.72508670800166, 41.54056627372568 41.732136718732384, 41.54222683276825 41.73909831627175, 41.5447909190732 41.74590440965539, 41.54823409261813 41.75248938631658, 41.552523409649694 41.758789746495694, 41.55761773158975 41.764744717949306, 41.56346811462411 41.77029684491815, 41.57001827648151 41.77539254553984, 41.5772051360894 41.779982632181365, 41.58495942100588 41.784022789513244, 41.59320633678537 41.787474005551964, 41.60186629174874 41.790302951353596, 41.61085567000793 41.79248230554649, 41.62008764505 41.79399102043863, 41.62947302572336 41.794814527019845, 41.638921126098715 41.79494487679417, 41.64834065040358 41.7943808190167, 41.657640584057184 41.793127812563455, 41.66673108176479 41.79119797232705, 41.67552434366803 41.78860995069428, 41.683935470689654 41.785388755319616, 41.6918832904552 41.78156550505073, 41.69929114551645 41.77717712648339, 41.70608763603509 41.77226599421455, 41.712207309605404 41.76687951841893, 41.717591291490166 41.76106968388957, 41.72218784920894 41.75489254515155, 41.72595288613905 41.74840768267539, 41.72885035955867 41.74167762557952, 41.73085261936716 41.73476724651605, 41.73194066454841 41.72774313467893, 41.73210431528965 41.720672953057374))",200.99,1.0,474455.0,0.8696841639354628,0.12905755024185644,0.0557602100013334,0.01979999989271164,412626.0,4801d97d49cc
S4:DOORS3:T20__S2A_MSIL2A_20240607T075611_R035_T38TKM_20240607T111455,S4:DOORS3:T20,MPL-0923,S4_BLACK_SEA_DOORS3,B,train,point,2024-06-07T00:00:00,2024-06-08T00:00:00,False,41.63597,41.72292,1.8,0.3,default_conservative,"field:S4_BLACK_SEA_DOORS3 all_litter S4_visual_GT2_5 (плотность по полосе, не пиксельная разметка)",sentinel-2-l2a,accepted,ACCEPTED_UNCERTAIN_TIME,время наблюдения неизвестно: только для исследовательского сравнения; известна только середина полосы (GEOMETRY_POINT_ONLY),S2A_MSIL2A_20240607T075611_R035_T38TKM_20240607T111455,2024-06-07T07:56:11Z,Sentinel-2A,31.00991,38TKM,-16.06,7.94,-4.06,16.06,B,19.43,5.0,"POLYGON ((41.73210431528965 41.720672953057374, 41.73134229951936 41.7136247861783, 41.729662253474736 41.70666648464159, 41.72708063674207 41.6998650127492, 41.72362256302579 41.693285805468115, 41.71932154868429 41.68699214084558, 41.71421918181895 41.68104453382009, 41.70836471541011 41.67550015714132, 41.70181458865641 41.670412294832985, 41.69463188128751 41.66582983330614, 41.68688570618279 41.66179679486076, 41.67865054613676 41.6583519179044, 41.67000554106482 41.65552828777202, 41.66103373233925 41.653353021555446, 41.65182127128351 41.651847009846456, 41.64245659913343 41.65102471777223, 41.63302960599579 41.65089404715524, 41.62363077649765 41.65145626107016, 41.61435032992427 41.65270597150019, 41.60527736268836 41.654631190218225, 41.596499000959575 41.65721344244135, 41.58809957120967 41.66042794223196, 41.58015979629565 41.664243828051525, 41.57275602451085 41.6686244563171, 41.5659594987811 41.67352775027212, 41.55983567287139 41.678906600963955, 41.55444358109672 41.6847093166274, 41.54983526760049 41.69088011631019, 41.546055280775846 41.69735966314662, 41.54314023786082 41.70408563229364, 41.54111846413974 41.71099330819515, 41.540009710533255 41.71801620553699, 41.53982495266172 41.72508670800166, 41.54056627372568 41.732136718732384, 41.54222683276825 41.73909831627175, 41.5447909190732 41.74590440965539, 41.54823409261813 41.75248938631658, 41.552523409649694 41.758789746495694, 41.55761773158975 41.764744717949306, 41.56346811462411 41.77029684491815, 41.57001827648151 41.77539254553984, 41.5772051360894 41.779982632181365, 41.58495942100588 41.784022789513244, 41.59320633678537 41.787474005551964, 41.60186629174874 41.790302951353596, 41.61085567000793 41.79248230554649, 41.62008764505 41.79399102043863, 41.62947302572336 41.794814527019845, 41.638921126098715 41.79494487679417, 41.64834065040358 41.7943808190167, 41.657640584057184 41.793127812563455, 41.66673108176479 41.79119797232705, 41.67552434366803 41.78860995069428, 41.683935470689654 41.785388755319616, 41.6918832904552 41.78156550505073, 41.69929114551645 41.77717712648339, 41.70608763603509 41.77226599421455, 41.712207309605404 41.76687951841893, 41.717591291490166 41.76106968388957, 41.72218784920894 41.75489254515155, 41.72595288613905 41.74840768267539, 41.72885035955867 41.74167762557952, 41.73085261936716 41.73476724651605, 41.73194066454841 41.72774313467893, 41.73210431528965 41.720672953057374))",200.99,1.0,474812.0,0.8700053916076258,0.12875622351583363,0.05564174164856759,0.019600000232458115,413089.0,4801d97d49cc
S4:DOORS3:T20__S2A_MSIL2A_20240607T075611_R035_T38TKM_20240607T122236,S4:DOORS3:T20,MPL-0923,S4_BLACK_SEA_DOORS3,B,train,point,2024-06-07T00:00:00,2024-06-08T00:00:00,False,41.63597,41.72292,1.8,0.3,default_conservative,"field:S4_BLACK_SEA_DOORS3 all_litter S4_visual_GT2_5 (плотность по полосе, не пиксельная разметка)",sentinel-2-l2a,rejected,DUPLICATE_BETTER_SCENE,выбрана сцена S2A_MSIL2A_20240607T075611_R035_T38TKM_20240607T111455,S2A_MSIL2A_20240607T075611_R035_T38TKM_20240607T122236,2024-06-07T07:56:11Z,Sentinel-2A,31.004035,38TKM,-16.06,7.94,-4.06,16.06,B,19.43,5.0,"POLYGON ((41.73210431528965 41.720672953057374, 41.73134229951936 41.7136247861783, 41.729662253474736 41.70666648464159, 41.72708063674207 41.6998650127492, 41.72362256302579 41.693285805468115, 41.71932154868429 41.68699214084558, 41.71421918181895 41.68104453382009, 41.70836471541011 41.67550015714132, 41.70181458865641 41.670412294832985, 41.69463188128751 41.66582983330614, 41.68688570618279 41.66179679486076, 41.67865054613676 41.6583519179044, 41.67000554106482 41.65552828777202, 41.66103373233925 41.653353021555446, 41.65182127128351 41.651847009846456, 41.64245659913343 41.65102471777223, 41.63302960599579 41.65089404715524, 41.62363077649765 41.65145626107016, 41.61435032992427 41.65270597150019, 41.60527736268836 41.654631190218225, 41.596499000959575 41.65721344244135, 41.58809957120967 41.66042794223196, 41.58015979629565 41.664243828051525, 41.57275602451085 41.6686244563171, 41.5659594987811 41.67352775027212, 41.55983567287139 41.678906600963955, 41.55444358109672 41.6847093166274, 41.54983526760049 41.69088011631019, 41.546055280775846 41.69735966314662, 41.54314023786082 41.70408563229364, 41.54111846413974 41.71099330819515, 41.540009710533255 41.71801620553699, 41.53982495266172 41.72508670800166, 41.54056627372568 41.732136718732384, 41.54222683276825 41.73909831627175, 41.5447909190732 41.74590440965539, 41.54823409261813 41.75248938631658, 41.552523409649694 41.758789746495694, 41.55761773158975 41.764744717949306, 41.56346811462411 41.77029684491815, 41.57001827648151 41.77539254553984, 41.5772051360894 41.779982632181365, 41.58495942100588 41.784022789513244, 41.59320633678537 41.787474005551964, 41.60186629174874 41.790302951353596, 41.61085567000793 41.79248230554649, 41.62008764505 41.79399102043863, 41.62947302572336 41.794814527019845, 41.638921126098715 41.79494487679417, 41.64834065040358 41.7943808190167, 41.657640584057184 41.793127812563455, 41.66673108176479 41.79119797232705, 41.67552434366803 41.78860995069428, 41.683935470689654 41.785388755319616, 41.6918832904552 41.78156550505073, 41.69929114551645 41.77717712648339, 41.70608763603509 41.77226599421455, 41.712207309605404 41.76687951841893, 41.717591291490166 41.76106968388957, 41.72218784920894 41.75489254515155, 41.72595288613905 41.74840768267539, 41.72885035955867 41.74167762557952, 41.73085261936716 41.73476724651605, 41.73194066454841 41.72774313467893, 41.73210431528965 41.720672953057374))",200.99,1.0,474812.0,0.8700032855108969,0.12875622351583363,0.05564174164856759,0.01979999989271164,413088.0,4801d97d49cc
S4:DOORS3:T21__S2A_MSIL2A_20240607T075611_R035_T37TFG_20240607T111455,S4:DOORS3:T21,MPL-0922,S4_BLACK_SEA_DOORS3,B,train,point,2024-06-07T00:00:00,2024-06-08T00:00:00,False,41.54911,41.5955,1.46,0.3,default_conservative,"field:S4_BLACK_SEA_DOORS3 all_litter S4_visual_GT2_5 (плотность по полосе, не пиксельная разметка)",sentinel-2-l2a,rejected,INSUFFICIENT_COVERAGE,данные сцены покрывают 29% следа; известна только середина полосы (GEOMETRY_POINT_ONLY),S2A_MSIL2A_20240607T075611_R035_T37TFG_20240607T111455,2024-06-07T07:56:11Z,Sentinel-2A,21.070924,37TFG,-16.06,7.94,-4.06,16.06,B,19.04,5.0,"POLYGON ((41.64506179803145 41.593331075785464, 41.64431147587281 41.586281870569685, 41.64264476090971 41.579321787414166, 41.64007798290959 41.572517808434434, 41.63663611158849 41.56593539343966, 41.63235250657465 41.559637852082126, 41.62726858803292 41.55368573733635, 41.62143343142815 41.5481362660259, 41.61490329056772 41.54304277183649, 41.60774105367741 41.538454195928075, 41.60001563782684 41.53441461988979, 41.59180132752945 41.53096284537211, 41.58317706379488 41.528132024287025, 41.574225690308204 41.525949342990494, 41.56503316374927 41.52443576335825, 41.555687735545966 41.5236058231396, 41.546279112577814 41.5234674974279, 41.53689760450971 41.524022122526716, 41.52763326554026 41.5252643829196, 41.518575038394914 41.52718236147549, 41.509809908380625 41.52975765244344, 41.50142207524569 41.53296553621542, 41.49349215045625 41.536775214268474, 41.48609638730862 41.541150102141245, 41.47930595104531 41.546048177760746, 41.47318623583063 41.55142238191615, 41.4677962350717 41.55722106718312, 41.463187971141 41.563388491137985, 41.4594059900695 41.56986534927127, 41.45648692623659 41.57658934261827, 41.454459141485295 41.583495774774875, 41.45334244244316 41.59051817266343, 41.453147879132985 41.597588925159776, 41.453877627218176 41.60463993349285, 41.45552495545057 41.611603267182744, 41.45807427907947 41.61841181919891, 41.461501299148026 41.624999953994475, 41.4657732267531 41.631304142110096, 41.47084909048822 41.63726357514159, 41.476680124434395 41.64282075502899, 41.483210233221186 41.64792205185101, 41.490376529861436 41.65251822459685, 41.498109941277264 41.65656489973461, 41.506335875694575 41.66002300279827, 41.514974945397846 41.66285913867181, 41.5239437377171 41.66504591675327, 41.53315562657442 41.66656221772823, 41.542521616455524 41.667393399266494, 41.55195121030164 41.66753143857082, 41.56135329254273 41.666975010344075, 41.57063701832062 41.66572949939651, 41.579712699881235 41.663806947777346, 41.588492681151735 41.661225936979335, 41.59689219165817 41.65801140642198, 41.60483017118169 41.654194410062054, 41.61223005689117 41.64981181360054, 41.61902052512188 41.644905935347865, 41.625136180487075 41.63952413436566, 41.630518185603016 41.63371835001948, 41.63511482536975 41.62754459754547, 41.63888200046888 41.62106242465303, 41.64178364550647 41.61433433454839, 41.64379206803191 41.60742518107022, 41.64488820549299 41.60040154187384, 41.64506179803145 41.593331075785464))",200.99,0.2928952396115268,147174.0,0.7068843681628548,0.2931156318371452,0.3107208247094412,0.016899999231100082,104035.0,4801d97d49cc
S4:DOORS3:T21__S2A_MSIL2A_20240607T075611_R035_T37TFG_20240607T121530,S4:DOORS3:T21,MPL-0922,S4_BLACK_SEA_DOORS3,B,train,point,2024-06-07T00:00:00,2024-06-08T00:00:00,False,41.54911,41.5955,1.46,0.3,default_conservative,"field:S4_BLACK_SEA_DOORS3 all_litter S4_visual_GT2_5 (плотность по полосе, не пиксельная разметка)",sentinel-2-l2a,rejected,INSUFFICIENT_COVERAGE,данные сцены покрывают 29% следа; известна только середина полосы (GEOMETRY_POINT_ONLY),S2A_MSIL2A_20240607T075611_R035_T37TFG_20240607T121530,2024-06-07T07:56:11Z,Sentinel-2A,21.070924,37TFG,-16.06,7.94,-4.06,16.06,B,19.04,5.0,"POLYGON ((41.64506179803145 41.593331075785464, 41.64431147587281 41.586281870569685, 41.64264476090971 41.579321787414166, 41.64007798290959 41.572517808434434, 41.63663611158849 41.56593539343966, 41.63235250657465 41.559637852082126, 41.62726858803292 41.55368573733635, 41.62143343142815 41.5481362660259, 41.61490329056772 41.54304277183649, 41.60774105367741 41.538454195928075, 41.60001563782684 41.53441461988979, 41.59180132752945 41.53096284537211, 41.58317706379488 41.528132024287025, 41.574225690308204 41.525949342990494, 41.56503316374927 41.52443576335825, 41.555687735545966 41.5236058231396, 41.546279112577814 41.5234674974279, 41.53689760450971 41.524022122526716, 41.52763326554026 41.5252643829196, 41.518575038394914 41.52718236147549, 41.509809908380625 41.52975765244344, 41.50142207524569 41.53296553621542, 41.49349215045625 41.536775214268474, 41.48609638730862 41.541150102141245, 41.47930595104531 41.546048177760746, 41.47318623583063 41.55142238191615, 41.4677962350717 41.55722106718312, 41.463187971141 41.563388491137985, 41.4594059900695 41.56986534927127, 41.45648692623659 41.57658934261827, 41.454459141485295 41.583495774774875, 41.45334244244316 41.59051817266343, 41.453147879132985 41.597588925159776, 41.453877627218176 41.60463993349285, 41.45552495545057 41.611603267182744, 41.45807427907947 41.61841181919891, 41.461501299148026 41.624999953994475, 41.4657732267531 41.631304142110096, 41.47084909048822 41.63726357514159, 41.476680124434395 41.64282075502899, 41.483210233221186 41.64792205185101, 41.490376529861436 41.65251822459685, 41.498109941277264 41.65656489973461, 41.506335875694575 41.66002300279827, 41.514974945397846 41.66285913867181, 41.5239437377171 41.66504591675327, 41.53315562657442 41.66656221772823, 41.542521616455524 41.667393399266494, 41.55195121030164 41.66753143857082, 41.56135329254273 41.666975010344075, 41.57063701832062 41.66572949939651, 41.579712699881235 41.663806947777346, 41.588492681151735 41.661225936979335, 41.59689219165817 41.65801140642198, 41.60483017118169 41.654194410062054, 41.61223005689117 41.64981181360054, 41.61902052512188 41.644905935347865, 41.625136180487075 41.63952413436566, 41.630518185603016 41.63371835001948, 41.63511482536975 41.62754459754547, 41.63888200046888 41.62106242465303, 41.64178364550647 41.61433433454839, 41.64379206803191 41.60742518107022, 41.64488820549299 41.60040154187384, 41.64506179803145 41.593331075785464))",200.99,0.2928952396115268,147174.0,0.7068843681628548,0.2931156318371452,0.3107208247094412,0.016699999570846558,104035.0,4801d97d49cc
S4:DOORS3:T21__S2A_MSIL2A_20240607T075611_R035_T37TGG_20240607T111455,S4:DOORS3:T21,MPL-0922,S4_BLACK_SEA_DOORS3,B,train,point,2024-06-07T00:00:00,2024-06-08T00:00:00,False,41.54911,41.5955,1.46,0.3,default_conservative,"field:S4_BLACK_SEA_DOORS3 all_litter S4_visual_GT2_5 (плотность по полосе, не пиксельная разметка)",sentinel-2-l2a,rejected,DUPLICATE_BETTER_SCENE,выбрана сцена S2A_MSIL2A_20240607T075611_R035_T38TKM_20240607T111455,S2A_MSIL2A_20240607T075611_R035_T37TGG_20240607T111455,2024-06-07T07:56:11Z,Sentinel-2A,30.829325,37TGG,-16.06,7.94,-4.06,16.06,B,19.04,5.0,"POLYGON ((41.64506179803145 41.593331075785464, 41.64431147587281 41.586281870569685, 41.64264476090971 41.579321787414166, 41.64007798290959 41.572517808434434, 41.63663611158849 41.56593539343966, 41.63235250657465 41.559637852082126, 41.62726858803292 41.55368573733635, 41.62143343142815 41.5481362660259, 41.61490329056772 41.54304277183649, 41.60774105367741 41.538454195928075, 41.60001563782684 41.53441461988979, 41.59180132752945 41.53096284537211, 41.58317706379488 41.528132024287025, 41.574225690308204 41.525949342990494, 41.56503316374927 41.52443576335825, 41.555687735545966 41.5236058231396, 41.546279112577814 41.5234674974279, 41.53689760450971 41.524022122526716, 41.52763326554026 41.5252643829196, 41.518575038394914 41.52718236147549, 41.509809908380625 41.52975765244344, 41.50142207524569 41.53296553621542, 41.49349215045625 41.536775214268474, 41.48609638730862 41.541150102141245, 41.47930595104531 41.546048177760746, 41.47318623583063 41.55142238191615, 41.4677962350717 41.55722106718312, 41.463187971141 41.563388491137985, 41.4594059900695 41.56986534927127, 41.45648692623659 41.57658934261827, 41.454459141485295 41.583495774774875, 41.45334244244316 41.59051817266343, 41.453147879132985 41.597588925159776, 41.453877627218176 41.60463993349285, 41.45552495545057 41.611603267182744, 41.45807427907947 41.61841181919891, 41.461501299148026 41.624999953994475, 41.4657732267531 41.631304142110096, 41.47084909048822 41.63726357514159, 41.476680124434395 41.64282075502899, 41.483210233221186 41.64792205185101, 41.490376529861436 41.65251822459685, 41.498109941277264 41.65656489973461, 41.506335875694575 41.66002300279827, 41.514974945397846 41.66285913867181, 41.5239437377171 41.66504591675327, 41.53315562657442 41.66656221772823, 41.542521616455524 41.667393399266494, 41.55195121030164 41.66753143857082, 41.56135329254273 41.666975010344075, 41.57063701832062 41.66572949939651, 41.579712699881235 41.663806947777346, 41.588492681151735 41.661225936979335, 41.59689219165817 41.65801140642198, 41.60483017118169 41.654194410062054, 41.61223005689117 41.64981181360054, 41.61902052512188 41.644905935347865, 41.625136180487075 41.63952413436566, 41.630518185603016 41.63371835001948, 41.63511482536975 41.62754459754547, 41.63888200046888 41.62106242465303, 41.64178364550647 41.61433433454839, 41.64379206803191 41.60742518107022, 41.64488820549299 41.60040154187384, 41.64506179803145 41.593331075785464))",200.99,1.0,346349.0,0.8392806100205285,0.1492338652630728,0.3107208247094412,0.016599999740719795,290684.0,4801d97d49cc
S4:DOORS3:T21__S2A_MSIL2A_20240607T075611_R035_T37TGG_20240607T120904,S4:DOORS3:T21,MPL-0922,S4_BLACK_SEA_DOORS3,B,train,point,2024-06-07T00:00:00,2024-06-08T00:00:00,False,41.54911,41.5955,1.46,0.3,default_conservative,"field:S4_BLACK_SEA_DOORS3 all_litter S4_visual_GT2_5 (плотность по полосе, не пиксельная разметка)",sentinel-2-l2a,rejected,DUPLICATE_BETTER_SCENE,выбрана сцена S2A_MSIL2A_20240607T075611_R035_T38TKM_20240607T111455,S2A_MSIL2A_20240607T075611_R035_T37TGG_20240607T120904,2024-06-07T07:56:11Z,Sentinel-2A,30.82276,37TGG,-16.06,7.94,-4.06,16.06,B,19.04,5.0,"POLYGON ((41.64506179803145 41.593331075785464, 41.64431147587281 41.586281870569685, 41.64264476090971 41.579321787414166, 41.64007798290959 41.572517808434434, 41.63663611158849 41.56593539343966, 41.63235250657465 41.559637852082126, 41.62726858803292 41.55368573733635, 41.62143343142815 41.5481362660259, 41.61490329056772 41.54304277183649, 41.60774105367741 41.538454195928075, 41.60001563782684 41.53441461988979, 41.59180132752945 41.53096284537211, 41.58317706379488 41.528132024287025, 41.574225690308204 41.525949342990494, 41.56503316374927 41.52443576335825, 41.555687735545966 41.5236058231396, 41.546279112577814 41.5234674974279, 41.53689760450971 41.524022122526716, 41.52763326554026 41.5252643829196, 41.518575038394914 41.52718236147549, 41.509809908380625 41.52975765244344, 41.50142207524569 41.53296553621542, 41.49349215045625 41.536775214268474, 41.48609638730862 41.541150102141245, 41.47930595104531 41.546048177760746, 41.47318623583063 41.55142238191615, 41.4677962350717 41.55722106718312, 41.463187971141 41.563388491137985, 41.4594059900695 41.56986534927127, 41.45648692623659 41.57658934261827, 41.454459141485295 41.583495774774875, 41.45334244244316 41.59051817266343, 41.453147879132985 41.597588925159776, 41.453877627218176 41.60463993349285, 41.45552495545057 41.611603267182744, 41.45807427907947 41.61841181919891, 41.461501299148026 41.624999953994475, 41.4657732267531 41.631304142110096, 41.47084909048822 41.63726357514159, 41.476680124434395 41.64282075502899, 41.483210233221186 41.64792205185101, 41.490376529861436 41.65251822459685, 41.498109941277264 41.65656489973461, 41.506335875694575 41.66002300279827, 41.514974945397846 41.66285913867181, 41.5239437377171 41.66504591675327, 41.53315562657442 41.66656221772823, 41.542521616455524 41.667393399266494, 41.55195121030164 41.66753143857082, 41.56135329254273 41.666975010344075, 41.57063701832062 41.66572949939651, 41.579712699881235 41.663806947777346, 41.588492681151735 41.661225936979335, 41.59689219165817 41.65801140642198, 41.60483017118169 41.654194410062054, 41.61223005689117 41.64981181360054, 41.61902052512188 41.644905935347865, 41.625136180487075 41.63952413436566, 41.630518185603016 41.63371835001948, 41.63511482536975 41.62754459754547, 41.63888200046888 41.62106242465303, 41.64178364550647 41.61433433454839, 41.64379206803191 41.60742518107022, 41.64488820549299 41.60040154187384, 41.64506179803145 41.593331075785464))",200.99,1.0,346349.0,0.8392806100205285,0.1492338652630728,0.3107208247094412,0.01679999940097332,290684.0,4801d97d49cc
S4:DOORS3:T21__S2A_MSIL2A_20240607T075611_R035_T38TKM_20240607T111455,S4:DOORS3:T21,MPL-0922,S4_BLACK_SEA_DOORS3,B,train,point,2024-06-07T00:00:00,2024-06-08T00:00:00,False,41.54911,41.5955,1.46,0.3,default_conservative,"field:S4_BLACK_SEA_DOORS3 all_litter S4_visual_GT2_5 (плотность по полосе, не пиксельная разметка)",sentinel-2-l2a,accepted,ACCEPTED_UNCERTAIN_TIME,время наблюдения неизвестно: только для исследовательского сравнения; известна только середина полосы (GEOMETRY_POINT_ONLY),S2A_MSIL2A_20240607T075611_R035_T38TKM_20240607T111455,2024-06-07T07:56:11Z,Sentinel-2A,31.00991,38TKM,-16.06,7.94,-4.06,16.06,B,19.04,5.0,"POLYGON ((41.64506179803145 41.593331075785464, 41.64431147587281 41.586281870569685, 41.64264476090971 41.579321787414166, 41.64007798290959 41.572517808434434, 41.63663611158849 41.56593539343966, 41.63235250657465 41.559637852082126, 41.62726858803292 41.55368573733635, 41.62143343142815 41.5481362660259, 41.61490329056772 41.54304277183649, 41.60774105367741 41.538454195928075, 41.60001563782684 41.53441461988979, 41.59180132752945 41.53096284537211, 41.58317706379488 41.528132024287025, 41.574225690308204 41.525949342990494, 41.56503316374927 41.52443576335825, 41.555687735545966 41.5236058231396, 41.546279112577814 41.5234674974279, 41.53689760450971 41.524022122526716, 41.52763326554026 41.5252643829196, 41.518575038394914 41.52718236147549, 41.509809908380625 41.52975765244344, 41.50142207524569 41.53296553621542, 41.49349215045625 41.536775214268474, 41.48609638730862 41.541150102141245, 41.47930595104531 41.546048177760746, 41.47318623583063 41.55142238191615, 41.4677962350717 41.55722106718312, 41.463187971141 41.563388491137985, 41.4594059900695 41.56986534927127, 41.45648692623659 41.57658934261827, 41.454459141485295 41.583495774774875, 41.45334244244316 41.59051817266343, 41.453147879132985 41.597588925159776, 41.453877627218176 41.60463993349285, 41.45552495545057 41.611603267182744, 41.45807427907947 41.61841181919891, 41.461501299148026 41.624999953994475, 41.4657732267531 41.631304142110096, 41.47084909048822 41.63726357514159, 41.476680124434395 41.64282075502899, 41.483210233221186 41.64792205185101, 41.490376529861436 41.65251822459685, 41.498109941277264 41.65656489973461, 41.506335875694575 41.66002300279827, 41.514974945397846 41.66285913867181, 41.5239437377171 41.66504591675327, 41.53315562657442 41.66656221772823, 41.542521616455524 41.667393399266494, 41.55195121030164 41.66753143857082, 41.56135329254273 41.666975010344075, 41.57063701832062 41.66572949939651, 41.579712699881235 41.663806947777346, 41.588492681151735 41.661225936979335, 41.59689219165817 41.65801140642198, 41.60483017118169 41.654194410062054, 41.61223005689117 41.64981181360054, 41.61902052512188 41.644905935347865, 41.625136180487075 41.63952413436566, 41.630518185603016 41.63371835001948, 41.63511482536975 41.62754459754547, 41.63888200046888 41.62106242465303, 41.64178364550647 41.61433433454839, 41.64379206803191 41.60742518107022, 41.64488820549299 41.60040154187384, 41.64506179803145 41.593331075785464))",200.99,1.0,346663.0,0.8393165696944872,0.1493756183959638,0.3107282961619753,0.016599999740719795,290960.0,4801d97d49cc
S4:DOORS3:T21__S2A_MSIL2A_20240607T075611_R035_T38TKM_20240607T122236,S4:DOORS3:T21,MPL-0922,S4_BLACK_SEA_DOORS3,B,train,point,2024-06-07T00:00:00,2024-06-08T00:00:00,False,41.54911,41.5955,1.46,0.3,default_conservative,"field:S4_BLACK_SEA_DOORS3 all_litter S4_visual_GT2_5 (плотность по полосе, не пиксельная разметка)",sentinel-2-l2a,rejected,DUPLICATE_BETTER_SCENE,выбрана сцена S2A_MSIL2A_20240607T075611_R035_T38TKM_20240607T111455,S2A_MSIL2A_20240607T075611_R035_T38TKM_20240607T122236,2024-06-07T07:56:11Z,Sentinel-2A,31.004035,38TKM,-16.06,7.94,-4.06,16.06,B,19.04,5.0,"POLYGON ((41.64506179803145 41.593331075785464, 41.64431147587281 41.586281870569685, 41.64264476090971 41.579321787414166, 41.64007798290959 41.572517808434434, 41.63663611158849 41.56593539343966, 41.63235250657465 41.559637852082126, 41.62726858803292 41.55368573733635, 41.62143343142815 41.5481362660259, 41.61490329056772 41.54304277183649, 41.60774105367741 41.538454195928075, 41.60001563782684 41.53441461988979, 41.59180132752945 41.53096284537211, 41.58317706379488 41.528132024287025, 41.574225690308204 41.525949342990494, 41.56503316374927 41.52443576335825, 41.555687735545966 41.5236058231396, 41.546279112577814 41.5234674974279, 41.53689760450971 41.524022122526716, 41.52763326554026 41.5252643829196, 41.518575038394914 41.52718236147549, 41.509809908380625 41.52975765244344, 41.50142207524569 41.53296553621542, 41.49349215045625 41.536775214268474, 41.48609638730862 41.541150102141245, 41.47930595104531 41.546048177760746, 41.47318623583063 41.55142238191615, 41.4677962350717 41.55722106718312, 41.463187971141 41.563388491137985, 41.4594059900695 41.56986534927127, 41.45648692623659 41.57658934261827, 41.454459141485295 41.583495774774875, 41.45334244244316 41.59051817266343, 41.453147879132985 41.597588925159776, 41.453877627218176 41.60463993349285, 41.45552495545057 41.611603267182744, 41.45807427907947 41.61841181919891, 41.461501299148026 41.624999953994475, 41.4657732267531 41.631304142110096, 41.47084909048822 41.63726357514159, 41.476680124434395 41.64282075502899, 41.483210233221186 41.64792205185101, 41.490376529861436 41.65251822459685, 41.498109941277264 41.65656489973461, 41.506335875694575 41.66002300279827, 41.514974945397846 41.66285913867181, 41.5239437377171 41.66504591675327, 41.53315562657442 41.66656221772823, 41.542521616455524 41.667393399266494, 41.55195121030164 41.66753143857082, 41.56135329254273 41.666975010344075, 41.57063701832062 41.66572949939651, 41.579712699881235 41.663806947777346, 41.588492681151735 41.661225936979335, 41.59689219165817 41.65801140642198, 41.60483017118169 41.654194410062054, 41.61223005689117 41.64981181360054, 41.61902052512188 41.644905935347865, 41.625136180487075 41.63952413436566, 41.630518185603016 41.63371835001948, 41.63511482536975 41.62754459754547, 41.63888200046888 41.62106242465303, 41.64178364550647 41.61433433454839, 41.64379206803191 41.60742518107022, 41.64488820549299 41.60040154187384, 41.64506179803145 41.593331075785464))",200.99,1.0,346663.0,0.8393165696944872,0.1493756183959638,0.3107282961619753,0.016699999570846558,290960.0,4801d97d49cc
S4:DOORS3:T22__S2A_MSIL2A_20240610T080611_R078_T37TFG_20240610T124834,S4:DOORS3:T22,MPL-0924,S4_BLACK_SEA_DOORS3,B,train,point,2024-06-09T00:00:00,2024-06-10T00:00:00,False,41.57697,42.17581,2.4,0.3,default_conservative,"field:S4_BLACK_SEA_DOORS3 all_litter S4_visual_GT2_5 (плотность по полосе, не пиксельная разметка)",sentinel-2-l2a,context,UNRELIABLE_SYNC,сдвиг до 32 ч > 18 ч; дрейф до 40 км; известна только середина полосы (GEOMETRY_POINT_ONLY),S2A_MSIL2A_20240610T080611_R078_T37TFG_20240610T124834,2024-06-10T08:06:11Z,Sentinel-2A,83.629596,37TFG,8.1,32.1,20.1,32.1,C,40.21,5.0,"POLYGON ((41.67379179570115 42.17359278387937, 41.67302816679798 42.166544694994535, 41.671339909057565 42.15958618969317, 41.66874356793185 42.15278423393425, 41.66526440518786 42.14620426669109, 41.66093614577845 42.1399095723536, 41.65580064471292 42.133960674515826, 41.649907477450576 42.12841475686112, 41.64331345800642 42.12332511657719, 41.636082089575055 42.11874065540701, 41.62828295304363 42.11470541307122, 41.619991039275114 42.11125814738936, 41.61128603149778 42.10843196498206, 41.60225154453384 42.10625400596116, 41.59297432794012 42.10474518551065, 41.58354344041404 42.10391999473652, 41.574049403041386 42.103786362617335, 41.56458333912518 42.10434558032868, 41.55523610843972 42.10559228864487, 41.546097443799425 42.10751452854543, 41.53725509781769 42.11009385457711, 41.52879400765821 42.11330550994817, 41.52079548544776 42.11711866176463, 41.51333644182681 42.12149669426328, 41.50648864986168 42.126397557357656, 41.50031805622929 42.13177416729487, 41.4948841462132 42.137574855727976, 41.490239368618674 42.14374386304556, 41.48642862622448 42.15022187137011, 41.483488836843485 42.15694657224485, 41.4814485694627 42.16385326367997, 41.480327759281174 42.170875470924635, 41.48013750476263 42.177945585078234, 41.48087994907497 42.18499551345292, 41.48254824750506 42.191957335455356, 41.485126621621426 42.198763957668845, 41.48859050011654 42.20534976179242, 41.49290674540243 42.211651239129836, 41.498033964168066 42.2176076054218, 41.50392289924264 42.223161389977676, 41.51051689925752 42.22825899328984, 41.517752461771124 42.232851207600675, 41.52555984472603 42.236893695240056, 41.53386374035846 42.24034741995429, 41.54258400498648 42.24317902690414, 41.551636437475814 42.245361167513956, 41.56093359863098 42.246872765901976, 41.57038566329188 42.247699224206386, 41.57990129654151 42.24783256473749, 41.58938854515308 42.24727150752521, 41.59875573523035 42.246021482486846, 41.60791236692606 42.244094576103855, 41.61676999716032 42.24150941316137, 41.62524310140397 42.23829097476205, 41.63324990583795 42.234470354469494, 41.64071318154495 42.23008445505751, 41.647560992827735 42.22517562893428, 41.65372739227337 42.21979126586751, 41.659153055784486 42.2139833321519, 41.663785851469015 42.2078078658298, 41.667581337008905 42.20132443299311, 41.67050318090383 42.19459555055777, 41.67252350379953 42.18768608120707, 41.673623136947974 42.18066260644428, 41.67379179570115 42.17359278387937))",200.99,,,,,,,,4801d97d49cc
S4:DOORS3:T22__S2A_MSIL2A_20240610T080611_R078_T37TGG_20240610T124443,S4:DOORS3:T22,MPL-0924,S4_BLACK_SEA_DOORS3,B,train,point,2024-06-09T00:00:00,2024-06-10T00:00:00,False,41.57697,42.17581,2.4,0.3,default_conservative,"field:S4_BLACK_SEA_DOORS3 all_litter S4_visual_GT2_5 (плотность по полосе, не пиксельная разметка)",sentinel-2-l2a,context,UNRELIABLE_SYNC,сдвиг до 32 ч > 18 ч; дрейф до 40 км; известна только середина полосы (GEOMETRY_POINT_ONLY),S2A_MSIL2A_20240610T080611_R078_T37TGG_20240610T124443,2024-06-10T08:06:11Z,Sentinel-2A,94.147509,37TGG,8.1,32.1,20.1,32.1,C,40.21,5.0,"POLYGON ((41.67379179570115 42.17359278387937, 41.67302816679798 42.166544694994535, 41.671339909057565 42.15958618969317, 41.66874356793185 42.15278423393425, 41.66526440518786 42.14620426669109, 41.66093614577845 42.1399095723536, 41.65580064471292 42.133960674515826, 41.649907477450576 42.12841475686112, 41.64331345800642 42.12332511657719, 41.636082089575055 42.11874065540701, 41.62828295304363 42.11470541307122, 41.619991039275114 42.11125814738936, 41.61128603149778 42.10843196498206, 41.60225154453384 42.10625400596116, 41.59297432794012 42.10474518551065, 41.58354344041404 42.10391999473652, 41.574049403041386 42.103786362617335, 41.56458333912518 42.10434558032868, 41.55523610843972 42.10559228864487, 41.546097443799425 42.10751452854543, 41.53725509781769 42.11009385457711, 41.52879400765821 42.11330550994817, 41.52079548544776 42.11711866176463, 41.51333644182681 42.12149669426328, 41.50648864986168 42.126397557357656, 41.50031805622929 42.13177416729487, 41.4948841462132 42.137574855727976, 41.490239368618674 42.14374386304556, 41.48642862622448 42.15022187137011, 41.483488836843485 42.15694657224485, 41.4814485694627 42.16385326367997, 41.480327759281174 42.170875470924635, 41.48013750476263 42.177945585078234, 41.48087994907497 42.18499551345292, 41.48254824750506 42.191957335455356, 41.485126621621426 42.198763957668845, 41.48859050011654 42.20534976179242, 41.49290674540243 42.211651239129836, 41.498033964168066 42.2176076054218, 41.50392289924264 42.223161389977676, 41.51051689925752 42.22825899328984, 41.517752461771124 42.232851207600675, 41.52555984472603 42.236893695240056, 41.53386374035846 42.24034741995429, 41.54258400498648 42.24317902690414, 41.551636437475814 42.245361167513956, 41.56093359863098 42.246872765901976, 41.57038566329188 42.247699224206386, 41.57990129654151 42.24783256473749, 41.58938854515308 42.24727150752521, 41.59875573523035 42.246021482486846, 41.60791236692606 42.244094576103855, 41.61676999716032 42.24150941316137, 41.62524310140397 42.23829097476205, 41.63324990583795 42.234470354469494, 41.64071318154495 42.23008445505751, 41.647560992827735 42.22517562893428, 41.65372739227337 42.21979126586751, 41.659153055784486 42.2139833321519, 41.663785851469015 42.2078078658298, 41.667581337008905 42.20132443299311, 41.67050318090383 42.19459555055777, 41.67252350379953 42.18768608120707, 41.673623136947974 42.18066260644428, 41.67379179570115 42.17359278387937))",200.99,,,,,,,,4801d97d49cc
S4:DOORS3:T22__S2A_MSIL2A_20240610T080611_R078_T38TKM_20240610T124923,S4:DOORS3:T22,MPL-0924,S4_BLACK_SEA_DOORS3,B,train,point,2024-06-09T00:00:00,2024-06-10T00:00:00,False,41.57697,42.17581,2.4,0.3,default_conservative,"field:S4_BLACK_SEA_DOORS3 all_litter S4_visual_GT2_5 (плотность по полосе, не пиксельная разметка)",sentinel-2-l2a,context,UNRELIABLE_SYNC,сдвиг до 32 ч > 18 ч; дрейф до 40 км; известна только середина полосы (GEOMETRY_POINT_ONLY),S2A_MSIL2A_20240610T080611_R078_T38TKM_20240610T124923,2024-06-10T08:06:11Z,Sentinel-2A,94.061208,38TKM,8.1,32.1,20.1,32.1,C,40.21,5.0,"POLYGON ((41.67379179570115 42.17359278387937, 41.67302816679798 42.166544694994535, 41.671339909057565 42.15958618969317, 41.66874356793185 42.15278423393425, 41.66526440518786 42.14620426669109, 41.66093614577845 42.1399095723536, 41.65580064471292 42.133960674515826, 41.649907477450576 42.12841475686112, 41.64331345800642 42.12332511657719, 41.636082089575055 42.11874065540701, 41.62828295304363 42.11470541307122, 41.619991039275114 42.11125814738936, 41.61128603149778 42.10843196498206, 41.60225154453384 42.10625400596116, 41.59297432794012 42.10474518551065, 41.58354344041404 42.10391999473652, 41.574049403041386 42.103786362617335, 41.56458333912518 42.10434558032868, 41.55523610843972 42.10559228864487, 41.546097443799425 42.10751452854543, 41.53725509781769 42.11009385457711, 41.52879400765821 42.11330550994817, 41.52079548544776 42.11711866176463, 41.51333644182681 42.12149669426328, 41.50648864986168 42.126397557357656, 41.50031805622929 42.13177416729487, 41.4948841462132 42.137574855727976, 41.490239368618674 42.14374386304556, 41.48642862622448 42.15022187137011, 41.483488836843485 42.15694657224485, 41.4814485694627 42.16385326367997, 41.480327759281174 42.170875470924635, 41.48013750476263 42.177945585078234, 41.48087994907497 42.18499551345292, 41.48254824750506 42.191957335455356, 41.485126621621426 42.198763957668845, 41.48859050011654 42.20534976179242, 41.49290674540243 42.211651239129836, 41.498033964168066 42.2176076054218, 41.50392289924264 42.223161389977676, 41.51051689925752 42.22825899328984, 41.517752461771124 42.232851207600675, 41.52555984472603 42.236893695240056, 41.53386374035846 42.24034741995429, 41.54258400498648 42.24317902690414, 41.551636437475814 42.245361167513956, 41.56093359863098 42.246872765901976, 41.57038566329188 42.247699224206386, 41.57990129654151 42.24783256473749, 41.58938854515308 42.24727150752521, 41.59875573523035 42.246021482486846, 41.60791236692606 42.244094576103855, 41.61676999716032 42.24150941316137, 41.62524310140397 42.23829097476205, 41.63324990583795 42.234470354469494, 41.64071318154495 42.23008445505751, 41.647560992827735 42.22517562893428, 41.65372739227337 42.21979126586751, 41.659153055784486 42.2139833321519, 41.663785851469015 42.2078078658298, 41.667581337008905 42.20132443299311, 41.67050318090383 42.19459555055777, 41.67252350379953 42.18768608120707, 41.673623136947974 42.18066260644428, 41.67379179570115 42.17359278387937))",200.99,,,,,,,,4801d97d49cc
S4:DOORS3:T23__S2A_MSIL2A_20240610T080611_R078_T37TFG_20240610T124834,S4:DOORS3:T23,MPL-0926,S4_BLACK_SEA_DOORS3,B,train,point,2024-06-10T00:00:00,2024-06-11T00:00:00,False,41.54807,42.34066,2.36,0.3,default_conservative,"field:S4_BLACK_SEA_DOORS3 all_litter S4_visual_GT2_5 (плотность по полосе, не пиксельная разметка)",sentinel-2-l2a,rejected,INSUFFICIENT_COVERAGE,данные сцены покрывают 49% следа; известна только середина полосы (GEOMETRY_POINT_ONLY),S2A_MSIL2A_20240610T080611_R078_T37TFG_20240610T124834,2024-06-10T08:06:11Z,Sentinel-2A,83.629596,37TFG,-15.9,8.1,-3.9,15.9,B,19.87,5.0,"POLYGON ((41.64514653822254 42.338460174324716, 41.644383164309374 42.33141204209843, 41.64269270784499 42.3244533287618, 41.64009173800361 42.317651002206155, 41.63660556349795 42.31107050477277, 41.63226797890732 42.30477512563061, 41.62712093079764 42.29882539453048, 41.62121410716669 42.29327850264771, 41.61460445441544 42.28818775594573, 41.607355626664294 42.28360206616543, 41.59953737279897 42.27956548417679, 41.59122486714182 42.27611678001864, 41.58249799009972 42.27328907350938, 41.573440565537375 42.27110951883493, 41.56413956196486 42.26959904601736, 41.55468426490961 42.2687721616419, 41.54516542806563 42.268636810675, 41.53567441097642 42.26919430064726, 41.52630231111291 42.27043928890515, 41.51713909825286 42.272359833060406, 41.50827275905472 42.274937504189495, 41.4997884596454 42.278147561760996, 41.491767733908524 42.2819591887031, 41.48428770496692 42.28633578446761, 41.477420347100335 42.29123531340927, 41.47123179502672 42.29661070528021, 41.46578170710269 42.30241030414746, 41.461122688567656 42.30857836157659, 41.457299780465426 42.31505556949626, 41.45435001933102 42.3217796277654, 41.452302072128106 42.32868584111591, 41.45117595026928 42.33570773983949, 41.45098280584861 42.34277771833323, 41.4517248124698 42.3498276854179, 41.45339513226793 42.35678972019709, 41.45597796990484 42.36359672713952, 41.45944871347563 42.37018308404086, 41.4637741614029 42.37648527655785, 41.46891283352819 42.38244251310714, 41.47481536374248 42.387997314084444, 41.48142497064427 42.39309606958499, 41.48867800188157 42.397689560094236, 41.49650454703707 42.401733434963994, 41.5048291131635 42.40518864389287, 41.5135713563796 42.40802181708616, 41.52264686230742 42.4102055902746, 41.53196796757789 42.411718871319366, 41.541444614162195 42.41254704571539, 41.550985227910054 42.4126821189207, 41.560497612397306 42.412122794078904, 41.56988984900987 42.4108744843572, 41.57907119412129 42.408949259787015, 41.58795296425821 42.40636572915925, 41.59644940029115 42.40314885818426, 41.604478501935134 42.39932972577081, 41.611962824190314 42.39494522089939, 41.618830227793154 42.39003768315855, 41.62501457627456 42.38465449056976, 41.63045637282561 42.37884759884266, 41.63510333084446 42.37267303667095, 41.6389108727688 42.36619036209799, 41.64184255257746 42.359462085343495, 41.6438703981597 42.352553063787965, 41.64497517059255 42.34552987505622, 41.64514653822254 42.338460174324716))",200.99,0.49187179568831,246356.0,0.0,1.0,0.2059695729707353,,0.0,4801d97d49cc
S4:DOORS3:T23__S2A_MSIL2A_20240610T080611_R078_T37TFH_20240610T125050,S4:DOORS3:T23,MPL-0926,S4_BLACK_SEA_DOORS3,B,train,point,2024-06-10T00:00:00,2024-06-11T00:00:00,False,41.54807,42.34066,2.36,0.3,default_conservative,"field:S4_BLACK_SEA_DOORS3 all_litter S4_visual_GT2_5 (плотность по полосе, не пиксельная разметка)",sentinel-2-l2a,rejected,INSUFFICIENT_COVERAGE,данные сцены покрывают 27% следа; известна только середина полосы (GEOMETRY_POINT_ONLY),S2A_MSIL2A_20240610T080611_R078_T37TFH_20240610T125050,2024-06-10T08:06:11Z,Sentinel-2A,87.55253,37TFH,-15.9,8.1,-3.9,15.9,B,19.87,5.0,"POLYGON ((41.64514653822254 42.338460174324716, 41.644383164309374 42.33141204209843, 41.64269270784499 42.3244533287618, 41.64009173800361 42.317651002206155, 41.63660556349795 42.31107050477277, 41.63226797890732 42.30477512563061, 41.62712093079764 42.29882539453048, 41.62121410716669 42.29327850264771, 41.61460445441544 42.28818775594573, 41.607355626664294 42.28360206616543, 41.59953737279897 42.27956548417679, 41.59122486714182 42.27611678001864, 41.58249799009972 42.27328907350938, 41.573440565537375 42.27110951883493, 41.56413956196486 42.26959904601736, 41.55468426490961 42.2687721616419, 41.54516542806563 42.268636810675, 41.53567441097642 42.26919430064726, 41.52630231111291 42.27043928890515, 41.51713909825286 42.272359833060406, 41.50827275905472 42.274937504189495, 41.4997884596454 42.278147561760996, 41.491767733908524 42.2819591887031, 41.48428770496692 42.28633578446761, 41.477420347100335 42.29123531340927, 41.47123179502672 42.29661070528021, 41.46578170710269 42.30241030414746, 41.461122688567656 42.30857836157659, 41.457299780465426 42.31505556949626, 41.45435001933102 42.3217796277654, 41.452302072128106 42.32868584111591, 41.45117595026928 42.33570773983949, 41.45098280584861 42.34277771833323, 41.4517248124698 42.3498276854179, 41.45339513226793 42.35678972019709, 41.45597796990484 42.36359672713952, 41.45944871347563 42.37018308404086, 41.4637741614029 42.37648527655785, 41.46891283352819 42.38244251310714, 41.47481536374248 42.387997314084444, 41.48142497064427 42.39309606958499, 41.48867800188157 42.397689560094236, 41.49650454703707 42.401733434963994, 41.5048291131635 42.40518864389287, 41.5135713563796 42.40802181708616, 41.52264686230742 42.4102055902746, 41.53196796757789 42.411718871319366, 41.541444614162195 42.41254704571539, 41.550985227910054 42.4126821189207, 41.560497612397306 42.412122794078904, 41.56988984900987 42.4108744843572, 41.57907119412129 42.408949259787015, 41.58795296425821 42.40636572915925, 41.59644940029115 42.40314885818426, 41.604478501935134 42.39932972577081, 41.611962824190314 42.39494522089939, 41.618830227793154 42.39003768315855, 41.62501457627456 42.38465449056976, 41.63045637282561 42.37884759884266, 41.63510333084446 42.37267303667095, 41.6389108727688 42.36619036209799, 41.64184255257746 42.359462085343495, 41.6438703981597 42.352553063787965, 41.64497517059255 42.34552987505622, 41.64514653822254 42.338460174324716))",200.99,0.2673331369614368,133537.0,0.0,1.0,0.2059695729707353,,0.0,4801d97d49cc
S4:DOORS3:T23__S2A_MSIL2A_20240610T080611_R078_T37TGG_20240610T124443,S4:DOORS3:T23,MPL-0926,S4_BLACK_SEA_DOORS3,B,train,point,2024-06-10T00:00:00,2024-06-11T00:00:00,False,41.54807,42.34066,2.36,0.3,default_conservative,"field:S4_BLACK_SEA_DOORS3 all_litter S4_visual_GT2_5 (плотность по полосе, не пиксельная разметка)",sentinel-2-l2a,rejected,UNUSABLE_PIXELS,чистой воды 0% (облака 100%); известна только середина полосы (GEOMETRY_POINT_ONLY),S2A_MSIL2A_20240610T080611_R078_T37TGG_20240610T124443,2024-06-10T08:06:11Z,Sentinel-2A,94.147509,37TGG,-15.9,8.1,-3.9,15.9,B,19.87,5.0,"POLYGON ((41.64514653822254 42.338460174324716, 41.644383164309374 42.33141204209843, 41.64269270784499 42.3244533287618, 41.64009173800361 42.317651002206155, 41.63660556349795 42.31107050477277, 41.63226797890732 42.30477512563061, 41.62712093079764 42.29882539453048, 41.62121410716669 42.29327850264771, 41.61460445441544 42.28818775594573, 41.607355626664294 42.28360206616543, 41.59953737279897 42.27956548417679, 41.59122486714182 42.27611678001864, 41.58249799009972 42.27328907350938, 41.573440565537375 42.27110951883493, 41.56413956196486 42.26959904601736, 41.55468426490961 42.2687721616419, 41.54516542806563 42.268636810675, 41.53567441097642 42.26919430064726, 41.52630231111291 42.27043928890515, 41.51713909825286 42.272359833060406, 41.50827275905472 42.274937504189495, 41.4997884596454 42.278147561760996, 41.491767733908524 42.2819591887031, 41.48428770496692 42.28633578446761, 41.477420347100335 42.29123531340927, 41.47123179502672 42.29661070528021, 41.46578170710269 42.30241030414746, 41.461122688567656 42.30857836157659, 41.457299780465426 42.31505556949626, 41.45435001933102 42.3217796277654, 41.452302072128106 42.32868584111591, 41.45117595026928 42.33570773983949, 41.45098280584861 42.34277771833323, 41.4517248124698 42.3498276854179, 41.45339513226793 42.35678972019709, 41.45597796990484 42.36359672713952, 41.45944871347563 42.37018308404086, 41.4637741614029 42.37648527655785, 41.46891283352819 42.38244251310714, 41.47481536374248 42.387997314084444, 41.48142497064427 42.39309606958499, 41.48867800188157 42.397689560094236, 41.49650454703707 42.401733434963994, 41.5048291131635 42.40518864389287, 41.5135713563796 42.40802181708616, 41.52264686230742 42.4102055902746, 41.53196796757789 42.411718871319366, 41.541444614162195 42.41254704571539, 41.550985227910054 42.4126821189207, 41.560497612397306 42.412122794078904, 41.56988984900987 42.4108744843572, 41.57907119412129 42.408949259787015, 41.58795296425821 42.40636572915925, 41.59644940029115 42.40314885818426, 41.604478501935134 42.39932972577081, 41.611962824190314 42.39494522089939, 41.618830227793154 42.39003768315855, 41.62501457627456 42.38465449056976, 41.63045637282561 42.37884759884266, 41.63510333084446 42.37267303667095, 41.6389108727688 42.36619036209799, 41.64184255257746 42.359462085343495, 41.6438703981597 42.352553063787965, 41.64497517059255 42.34552987505622, 41.64514653822254 42.338460174324716))",200.99,1.0,398959.0,0.0,1.0,0.2059695729707353,,0.0,4801d97d49cc
S4:DOORS3:T23__S2A_MSIL2A_20240610T080611_R078_T37TGH_20240610T124832,S4:DOORS3:T23,MPL-0926,S4_BLACK_SEA_DOORS3,B,train,point,2024-06-10T00:00:00,2024-06-11T00:00:00,False,41.54807,42.34066,2.36,0.3,default_conservative,"field:S4_BLACK_SEA_DOORS3 all_litter S4_visual_GT2_5 (плотность по полосе, не пиксельная разметка)",sentinel-2-l2a,rejected,INSUFFICIENT_COVERAGE,данные сцены покрывают 54% следа; известна только середина полосы (GEOMETRY_POINT_ONLY),S2A_MSIL2A_20240610T080611_R078_T37TGH_20240610T124832,2024-06-10T08:06:11Z,Sentinel-2A,99.29558,37TGH,-15.9,8.1,-3.9,15.9,B,19.87,5.0,"POLYGON ((41.64514653822254 42.338460174324716, 41.644383164309374 42.33141204209843, 41.64269270784499 42.3244533287618, 41.64009173800361 42.317651002206155, 41.63660556349795 42.31107050477277, 41.63226797890732 42.30477512563061, 41.62712093079764 42.29882539453048, 41.62121410716669 42.29327850264771, 41.61460445441544 42.28818775594573, 41.607355626664294 42.28360206616543, 41.59953737279897 42.27956548417679, 41.59122486714182 42.27611678001864, 41.58249799009972 42.27328907350938, 41.573440565537375 42.27110951883493, 41.56413956196486 42.26959904601736, 41.55468426490961 42.2687721616419, 41.54516542806563 42.268636810675, 41.53567441097642 42.26919430064726, 41.52630231111291 42.27043928890515, 41.51713909825286 42.272359833060406, 41.50827275905472 42.274937504189495, 41.4997884596454 42.278147561760996, 41.491767733908524 42.2819591887031, 41.48428770496692 42.28633578446761, 41.477420347100335 42.29123531340927, 41.47123179502672 42.29661070528021, 41.46578170710269 42.30241030414746, 41.461122688567656 42.30857836157659, 41.457299780465426 42.31505556949626, 41.45435001933102 42.3217796277654, 41.452302072128106 42.32868584111591, 41.45117595026928 42.33570773983949, 41.45098280584861 42.34277771833323, 41.4517248124698 42.3498276854179, 41.45339513226793 42.35678972019709, 41.45597796990484 42.36359672713952, 41.45944871347563 42.37018308404086, 41.4637741614029 42.37648527655785, 41.46891283352819 42.38244251310714, 41.47481536374248 42.387997314084444, 41.48142497064427 42.39309606958499, 41.48867800188157 42.397689560094236, 41.49650454703707 42.401733434963994, 41.5048291131635 42.40518864389287, 41.5135713563796 42.40802181708616, 41.52264686230742 42.4102055902746, 41.53196796757789 42.411718871319366, 41.541444614162195 42.41254704571539, 41.550985227910054 42.4126821189207, 41.560497612397306 42.412122794078904, 41.56988984900987 42.4108744843572, 41.57907119412129 42.408949259787015, 41.58795296425821 42.40636572915925, 41.59644940029115 42.40314885818426, 41.604478501935134 42.39932972577081, 41.611962824190314 42.39494522089939, 41.618830227793154 42.39003768315855, 41.62501457627456 42.38465449056976, 41.63045637282561 42.37884759884266, 41.63510333084446 42.37267303667095, 41.6389108727688 42.36619036209799, 41.64184255257746 42.359462085343495, 41.6438703981597 42.352553063787965, 41.64497517059255 42.34552987505622, 41.64514653822254 42.338460174324716))",200.99,0.5433656816227749,186842.0,0.0,1.0,0.2059695729707353,,0.0,4801d97d49cc
S4:DOORS3:T23__S2A_MSIL2A_20240610T080611_R078_T38TKM_20240610T124923,S4:DOORS3:T23,MPL-0926,S4_BLACK_SEA_DOORS3,B,train,point,2024-06-10T00:00:00,2024-06-11T00:00:00,False,41.54807,42.34066,2.36,0.3,default_conservative,"field:S4_BLACK_SEA_DOORS3 all_litter S4_visual_GT2_5 (плотность по полосе, не пиксельная разметка)",sentinel-2-l2a,rejected,UNUSABLE_PIXELS,чистой воды 0% (облака 100%); известна только середина полосы (GEOMETRY_POINT_ONLY),S2A_MSIL2A_20240610T080611_R078_T38TKM_20240610T124923,2024-06-10T08:06:11Z,Sentinel-2A,94.061208,38TKM,-15.9,8.1,-3.9,15.9,B,19.87,5.0,"POLYGON ((41.64514653822254 42.338460174324716, 41.644383164309374 42.33141204209843, 41.64269270784499 42.3244533287618, 41.64009173800361 42.317651002206155, 41.63660556349795 42.31107050477277, 41.63226797890732 42.30477512563061, 41.62712093079764 42.29882539453048, 41.62121410716669 42.29327850264771, 41.61460445441544 42.28818775594573, 41.607355626664294 42.28360206616543, 41.59953737279897 42.27956548417679, 41.59122486714182 42.27611678001864, 41.58249799009972 42.27328907350938, 41.573440565537375 42.27110951883493, 41.56413956196486 42.26959904601736, 41.55468426490961 42.2687721616419, 41.54516542806563 42.268636810675, 41.53567441097642 42.26919430064726, 41.52630231111291 42.27043928890515, 41.51713909825286 42.272359833060406, 41.50827275905472 42.274937504189495, 41.4997884596454 42.278147561760996, 41.491767733908524 42.2819591887031, 41.48428770496692 42.28633578446761, 41.477420347100335 42.29123531340927, 41.47123179502672 42.29661070528021, 41.46578170710269 42.30241030414746, 41.461122688567656 42.30857836157659, 41.457299780465426 42.31505556949626, 41.45435001933102 42.3217796277654, 41.452302072128106 42.32868584111591, 41.45117595026928 42.33570773983949, 41.45098280584861 42.34277771833323, 41.4517248124698 42.3498276854179, 41.45339513226793 42.35678972019709, 41.45597796990484 42.36359672713952, 41.45944871347563 42.37018308404086, 41.4637741614029 42.37648527655785, 41.46891283352819 42.38244251310714, 41.47481536374248 42.387997314084444, 41.48142497064427 42.39309606958499, 41.48867800188157 42.397689560094236, 41.49650454703707 42.401733434963994, 41.5048291131635 42.40518864389287, 41.5135713563796 42.40802181708616, 41.52264686230742 42.4102055902746, 41.53196796757789 42.411718871319366, 41.541444614162195 42.41254704571539, 41.550985227910054 42.4126821189207, 41.560497612397306 42.412122794078904, 41.56988984900987 42.4108744843572, 41.57907119412129 42.408949259787015, 41.58795296425821 42.40636572915925, 41.59644940029115 42.40314885818426, 41.604478501935134 42.39932972577081, 41.611962824190314 42.39494522089939, 41.618830227793154 42.39003768315855, 41.62501457627456 42.38465449056976, 41.63045637282561 42.37884759884266, 41.63510333084446 42.37267303667095, 41.6389108727688 42.36619036209799, 41.64184255257746 42.359462085343495, 41.6438703981597 42.352553063787965, 41.64497517059255 42.34552987505622, 41.64514653822254 42.338460174324716))",200.99,0.9600970333253798,388614.0,0.0,1.0,0.20593732601606618,,0.0,4801d97d49cc
S4:DOORS3:T24__S2A_MSIL2A_20240610T080611_R078_T37TFG_20240610T124834,S4:DOORS3:T24,MPL-0925,S4_BLACK_SEA_DOORS3,B,train,point,2024-06-10T00:00:00,2024-06-11T00:00:00,False,41.57478,42.19727,2.36,0.3,default_conservative,"field:S4_BLACK_SEA_DOORS3 all_litter S4_visual_GT2_5 (плотность по полосе, не пиксельная разметка)",sentinel-2-l2a,rejected,INSUFFICIENT_COVERAGE,данные сцены покрывают 28% следа; известна только середина полосы (GEOMETRY_POINT_ONLY),S2A_MSIL2A_20240610T080611_R078_T37TFG_20240610T124834,2024-06-10T08:06:11Z,Sentinel-2A,83.629596,37TFG,-15.9,8.1,-3.9,15.9,B,19.87,5.0,"POLYGON ((41.67163471555069 42.19505371077181, 41.670870944556086 42.1880056316226, 41.66918222941316 42.181047127331496, 41.66658512030217 42.17424516382971, 41.663104886683186 42.16766518013085, 41.658775264081356 42.16137046073409, 41.653638120845876 42.155421529412514, 41.647743048407 42.149875570099006, 41.641146879222035 42.1447858803017, 41.633913137218066 42.14020136215477, 41.626111426104224 42.13616605584057, 41.61781676143661 42.13271871970955, 41.609108852773865 42.12989246098078, 41.600071342658566 42.12771442042908, 41.59079100949909 42.12620551396266, 41.58135694170794 42.1253802334681, 41.571859690674685 42.12524650875527, 41.56239041031537 42.12580563187509, 41.553039991044606 42.12705224451338, 41.54389819606206 42.128974388588524, 41.5350528078311 42.131553619603885, 41.52658879255394 42.134765181731446, 41.518587490314694 42.13857824303705, 41.511125838369 42.14295618870173, 41.50427563480583 42.147856969555896, 41.49810284949512 42.153233502724134, 41.492666988861664 42.159034120685995, 41.48802052059539 42.16520306459422, 41.484208363917524 42.171681017262365, 41.48126745047677 42.17840567084216, 41.47922636034798 42.18531232386079, 41.47810503695314 42.192334501985734, 41.47791458402346 42.19940459663004, 41.47865714697566 42.20645451531065, 41.4803258802921 42.21341633752733, 41.48290500167826 42.22022296984405, 41.48636993292965 42.22680879382881, 41.49068752658227 42.23311030054531, 41.49581637655498 42.239066705389135, 41.50170721012729 42.24462053722544, 41.50830335774498 42.24971819601012, 41.515541296316115 42.254310473365294, 41.52335126086584 42.258353030925996, 41.53165791866776 42.261806831679195, 41.54038109927644 42.2646385199725, 41.54943657325719 42.26682074637416, 41.55873687185813 42.26833243411453, 41.56819213940168 42.26915898442295, 41.577711009797866 42.26929241869066, 41.5872014983043 42.26873145602833, 41.596571899483216 42.26748152544336, 41.60573168223676 42.265554712525386, 41.61459237283898 42.26296964119368, 41.623068417025934 42.259751291718004, 41.63107801245147 42.255930756868196, 41.638543903161825 42.25154493866853, 41.64539412818045 42.24663618882641, 41.65156271681927 42.24125189646101, 41.65699032393519 42.23544402727375, 41.661624799021 42.22926861877126, 41.665421683749265 42.22278523656903, 41.668344633363965 42.216056397167634, 41.67036575812778 42.20914696289702, 41.67146588187212 42.202123514970395, 41.67163471555069 42.19505371077181))",200.99,0.2829559724646305,142180.0,0.0,1.0,0.10082968311239629,,0.0,4801d97d49cc
S4:DOORS3:T24__S2A_MSIL2A_20240610T080611_R078_T37TGG_20240610T124443,S4:DOORS3:T24,MPL-0925,S4_BLACK_SEA_DOORS3,B,train,point,2024-06-10T00:00:00,2024-06-11T00:00:00,False,41.57478,42.19727,2.36,0.3,default_conservative,"field:S4_BLACK_SEA_DOORS3 all_litter S4_visual_GT2_5 (плотность по полосе, не пиксельная разметка)",sentinel-2-l2a,rejected,UNUSABLE_PIXELS,чистой воды 0% (облака 100%); известна только середина полосы (GEOMETRY_POINT_ONLY),S2A_MSIL2A_20240610T080611_R078_T37TGG_20240610T124443,2024-06-10T08:06:11Z,Sentinel-2A,94.147509,37TGG,-15.9,8.1,-3.9,15.9,B,19.87,5.0,"POLYGON ((41.67163471555069 42.19505371077181, 41.670870944556086 42.1880056316226, 41.66918222941316 42.181047127331496, 41.66658512030217 42.17424516382971, 41.663104886683186 42.16766518013085, 41.658775264081356 42.16137046073409, 41.653638120845876 42.155421529412514, 41.647743048407 42.149875570099006, 41.641146879222035 42.1447858803017, 41.633913137218066 42.14020136215477, 41.626111426104224 42.13616605584057, 41.61781676143661 42.13271871970955, 41.609108852773865 42.12989246098078, 41.600071342658566 42.12771442042908, 41.59079100949909 42.12620551396266, 41.58135694170794 42.1253802334681, 41.571859690674685 42.12524650875527, 41.56239041031537 42.12580563187509, 41.553039991044606 42.12705224451338, 41.54389819606206 42.128974388588524, 41.5350528078311 42.131553619603885, 41.52658879255394 42.134765181731446, 41.518587490314694 42.13857824303705, 41.511125838369 42.14295618870173, 41.50427563480583 42.147856969555896, 41.49810284949512 42.153233502724134, 41.492666988861664 42.159034120685995, 41.48802052059539 42.16520306459422, 41.484208363917524 42.171681017262365, 41.48126745047677 42.17840567084216, 41.47922636034798 42.18531232386079, 41.47810503695314 42.192334501985734, 41.47791458402346 42.19940459663004, 41.47865714697566 42.20645451531065, 41.4803258802921 42.21341633752733, 41.48290500167826 42.22022296984405, 41.48636993292965 42.22680879382881, 41.49068752658227 42.23311030054531, 41.49581637655498 42.239066705389135, 41.50170721012729 42.24462053722544, 41.50830335774498 42.24971819601012, 41.515541296316115 42.254310473365294, 41.52335126086584 42.258353030925996, 41.53165791866776 42.261806831679195, 41.54038109927644 42.2646385199725, 41.54943657325719 42.26682074637416, 41.55873687185813 42.26833243411453, 41.56819213940168 42.26915898442295, 41.577711009797866 42.26929241869066, 41.5872014983043 42.26873145602833, 41.596571899483216 42.26748152544336, 41.60573168223676 42.265554712525386, 41.61459237283898 42.26296964119368, 41.623068417025934 42.259751291718004, 41.63107801245147 42.255930756868196, 41.638543903161825 42.25154493866853, 41.64539412818045 42.24663618882641, 41.65156271681927 42.24125189646101, 41.65699032393519 42.23544402727375, 41.661624799021 42.22926861877126, 41.665421683749265 42.22278523656903, 41.668344633363965 42.216056397167634, 41.67036575812778 42.20914696289702, 41.67146588187212 42.202123514970395, 41.67163471555069 42.19505371077181))",200.99,1.0,451816.0,0.0,1.0,0.10082968311239629,,0.0,4801d97d49cc
S4:DOORS3:T24__S2A_MSIL2A_20240610T080611_R078_T38TKM_20240610T124923,S4:DOORS3:T24,MPL-0925,S4_BLACK_SEA_DOORS3,B,train,point,2024-06-10T00:00:00,2024-06-11T00:00:00,False,41.57478,42.19727,2.36,0.3,default_conservative,"field:S4_BLACK_SEA_DOORS3 all_litter S4_visual_GT2_5 (плотность по полосе, не пиксельная разметка)",sentinel-2-l2a,rejected,UNUSABLE_PIXELS,чистой воды 0% (облака 100%); известна только середина полосы (GEOMETRY_POINT_ONLY),S2A_MSIL2A_20240610T080611_R078_T38TKM_20240610T124923,2024-06-10T08:06:11Z,Sentinel-2A,94.061208,38TKM,-15.9,8.1,-3.9,15.9,B,19.87,5.0,"POLYGON ((41.67163471555069 42.19505371077181, 41.670870944556086 42.1880056316226, 41.66918222941316 42.181047127331496, 41.66658512030217 42.17424516382971, 41.663104886683186 42.16766518013085, 41.658775264081356 42.16137046073409, 41.653638120845876 42.155421529412514, 41.647743048407 42.149875570099006, 41.641146879222035 42.1447858803017, 41.633913137218066 42.14020136215477, 41.626111426104224 42.13616605584057, 41.61781676143661 42.13271871970955, 41.609108852773865 42.12989246098078, 41.600071342658566 42.12771442042908, 41.59079100949909 42.12620551396266, 41.58135694170794 42.1253802334681, 41.571859690674685 42.12524650875527, 41.56239041031537 42.12580563187509, 41.553039991044606 42.12705224451338, 41.54389819606206 42.128974388588524, 41.5350528078311 42.131553619603885, 41.52658879255394 42.134765181731446, 41.518587490314694 42.13857824303705, 41.511125838369 42.14295618870173, 41.50427563480583 42.147856969555896, 41.49810284949512 42.153233502724134, 41.492666988861664 42.159034120685995, 41.48802052059539 42.16520306459422, 41.484208363917524 42.171681017262365, 41.48126745047677 42.17840567084216, 41.47922636034798 42.18531232386079, 41.47810503695314 42.192334501985734, 41.47791458402346 42.19940459663004, 41.47865714697566 42.20645451531065, 41.4803258802921 42.21341633752733, 41.48290500167826 42.22022296984405, 41.48636993292965 42.22680879382881, 41.49068752658227 42.23311030054531, 41.49581637655498 42.239066705389135, 41.50170721012729 42.24462053722544, 41.50830335774498 42.24971819601012, 41.515541296316115 42.254310473365294, 41.52335126086584 42.258353030925996, 41.53165791866776 42.261806831679195, 41.54038109927644 42.2646385199725, 41.54943657325719 42.26682074637416, 41.55873687185813 42.26833243411453, 41.56819213940168 42.26915898442295, 41.577711009797866 42.26929241869066, 41.5872014983043 42.26873145602833, 41.596571899483216 42.26748152544336, 41.60573168223676 42.265554712525386, 41.61459237283898 42.26296964119368, 41.623068417025934 42.259751291718004, 41.63107801245147 42.255930756868196, 41.638543903161825 42.25154493866853, 41.64539412818045 42.24663618882641, 41.65156271681927 42.24125189646101, 41.65699032393519 42.23544402727375, 41.661624799021 42.22926861877126, 41.665421683749265 42.22278523656903, 41.668344633363965 42.216056397167634, 41.67036575812778 42.20914696289702, 41.67146588187212 42.202123514970395, 41.67163471555069 42.19505371077181))",200.99,1.0,452209.0,0.0,1.0,0.10083492238343597,,0.0,4801d97d49cc
S4:DOORS3:T25__S2A_MSIL2A_20240610T080611_R078_T37TGG_20240610T124443,S4:DOORS3:T25,MPL-0927,S4_BLACK_SEA_DOORS3,B,train,point,2024-06-11T00:00:00,2024-06-12T00:00:00,False,41.67792,42.037,2.05,0.3,default_conservative,"field:S4_BLACK_SEA_DOORS3 all_litter S4_visual_GT2_5 (плотность по полосе, не пиксельная разметка)",sentinel-2-l2a,context,UNRELIABLE_SYNC,сдвиг до 40 ч > 18 ч; дрейф до 49 км; известна только середина полосы (GEOMETRY_POINT_ONLY),S2A_MSIL2A_20240610T080611_R078_T37TGG_20240610T124443,2024-06-10T08:06:11Z,Sentinel-2A,94.147509,37TGG,-39.9,-15.9,-27.9,39.9,C,48.97,5.0,"POLYGON ((41.774522795822136 42.03470379325551, 41.773750521228926 42.0276565039541, 41.77205581280281 42.02069954864878, 41.769455275658586 42.0138998780056, 41.76597420950729 42.00732290877703, 41.761646355256026 42.0010318964262, 41.756513561815844 41.99508732919499, 41.750625376637885 41.989546349325366, 41.744038564162416 41.98446220686341, 41.7368165569808 41.97988375114815, 41.72902884507369 41.97585496471797, 41.72075030899821 41.97241454395738, 41.71206050335002 41.96959553036263, 41.7030428972228 41.967424995828424, 41.69378407872623 41.965923784854546, 41.6843729309038 41.96510631604504, 41.674899786613665 41.96498044472718, 41.665455570098594 41.96554738795789, 41.65613093307506 41.96680171261545, 41.64701539321617 41.96873138669825, 41.63819648288922 41.97131789337557, 41.62975891593411 41.97453640676084, 41.62178378013621 41.978356027811, 41.614347762853335 41.98274007820047, 41.6075224170038 41.98764644947937, 41.601373474309554 41.993028004308016, 41.59596021231555 41.9988330260659, 41.59133488127543 42.0050057126712, 41.58754219650343 42.01148671001617, 41.58461890124682 42.018213680033675, 41.58259340453186 42.02512189805997, 41.58148549778432 42.03214487385679, 41.58130615332468 42.03921499040183, 41.5820574070941 42.04626415435745, 41.58373232718441 42.05322445198265, 41.58631506893087 42.06002880416909, 41.58978101648709 42.066611614256814, 41.59409700994489 42.07290940232344, 41.59922165619914 42.078861419741735, 41.6051057208948 42.084410237964434, 41.61169259794516 42.08950230572264, 41.618918852283564 42.094088469112634, 41.626714830719365 42.0981244493938, 41.63500533502194 42.10157127372476, 41.64371035066591 42.10439565452206, 41.65274582404617 42.106570313630726, 41.66202448042227 42.108074248044275, 41.671456674387805 42.108892934497156, 41.680951264287415 42.10901847086811, 41.6904165017293 42.10844965297198, 41.69976092716871 42.10719198597348, 41.70889426247024 42.10525763031972, 41.71772829139518 42.10266528275311, 41.72617771910419 42.09943999362405, 41.73416100201206 42.09561292236523, 41.741601139676426 42.09122103361081, 41.748426420840744 42.08630673703528, 41.75457111627517 42.0809174745431, 41.75997611166043 42.07510525895527, 41.764589474428575 42.06892616880731, 41.7683669492019 42.06243980428992, 41.77127237724501 42.05570870972596, 41.773278036156405 42.04879776828158, 41.774364896861655 42.041773574853266, 41.774522795822136 42.03470379325551))",200.99,,,,,,,,4801d97d49cc
S4:DOORS3:T25__S2A_MSIL2A_20240610T080611_R078_T38TKM_20240610T124923,S4:DOORS3:T25,MPL-0927,S4_BLACK_SEA_DOORS3,B,train,point,2024-06-11T00:00:00,2024-06-12T00:00:00,False,41.67792,42.037,2.05,0.3,default_conservative,"field:S4_BLACK_SEA_DOORS3 all_litter S4_visual_GT2_5 (плотность по полосе, не пиксельная разметка)",sentinel-2-l2a,context,UNRELIABLE_SYNC,сдвиг до 40 ч > 18 ч; дрейф до 49 км; известна только середина полосы (GEOMETRY_POINT_ONLY),S2A_MSIL2A_20240610T080611_R078_T38TKM_20240610T124923,2024-06-10T08:06:11Z,Sentinel-2A,94.061208,38TKM,-39.9,-15.9,-27.9,39.9,C,48.97,5.0,"POLYGON ((41.774522795822136 42.03470379325551, 41.773750521228926 42.0276565039541, 41.77205581280281 42.02069954864878, 41.769455275658586 42.0138998780056, 41.76597420950729 42.00732290877703, 41.761646355256026 42.0010318964262, 41.756513561815844 41.99508732919499, 41.750625376637885 41.989546349325366, 41.744038564162416 41.98446220686341, 41.7368165569808 41.97988375114815, 41.72902884507369 41.97585496471797, 41.72075030899821 41.97241454395738, 41.71206050335002 41.96959553036263, 41.7030428972228 41.967424995828424, 41.69378407872623 41.965923784854546, 41.6843729309038 41.96510631604504, 41.674899786613665 41.96498044472718, 41.665455570098594 41.96554738795789, 41.65613093307506 41.96680171261545, 41.64701539321617 41.96873138669825, 41.63819648288922 41.97131789337557, 41.62975891593411 41.97453640676084, 41.62178378013621 41.978356027811, 41.614347762853335 41.98274007820047, 41.6075224170038 41.98764644947937, 41.601373474309554 41.993028004308016, 41.59596021231555 41.9988330260659, 41.59133488127543 42.0050057126712, 41.58754219650343 42.01148671001617, 41.58461890124682 42.018213680033675, 41.58259340453186 42.02512189805997, 41.58148549778432 42.03214487385679, 41.58130615332468 42.03921499040183, 41.5820574070941 42.04626415435745, 41.58373232718441 42.05322445198265, 41.58631506893087 42.06002880416909, 41.58978101648709 42.066611614256814, 41.59409700994489 42.07290940232344, 41.59922165619914 42.078861419741735, 41.6051057208948 42.084410237964434, 41.61169259794516 42.08950230572264, 41.618918852283564 42.094088469112634, 41.626714830719365 42.0981244493938, 41.63500533502194 42.10157127372476, 41.64371035066591 42.10439565452206, 41.65274582404617 42.106570313630726, 41.66202448042227 42.108074248044275, 41.671456674387805 42.108892934497156, 41.680951264287415 42.10901847086811, 41.6904165017293 42.10844965297198, 41.69976092716871 42.10719198597348, 41.70889426247024 42.10525763031972, 41.71772829139518 42.10266528275311, 41.72617771910419 42.09943999362405, 41.73416100201206 42.09561292236523, 41.741601139676426 42.09122103361081, 41.748426420840744 42.08630673703528, 41.75457111627517 42.0809174745431, 41.75997611166043 42.07510525895527, 41.764589474428575 42.06892616880731, 41.7683669492019 42.06243980428992, 41.77127237724501 42.05570870972596, 41.773278036156405 42.04879776828158, 41.774364896861655 42.041773574853266, 41.774522795822136 42.03470379325551))",200.99,,,,,,,,4801d97d49cc
S4:DOORS3:T25__S2B_MSIL2A_20240612T075609_R035_T37TGG_20240612T123952,S4:DOORS3:T25,MPL-0927,S4_BLACK_SEA_DOORS3,B,train,point,2024-06-11T00:00:00,2024-06-12T00:00:00,False,41.67792,42.037,2.05,0.3,default_conservative,"field:S4_BLACK_SEA_DOORS3 all_litter S4_visual_GT2_5 (плотность по полосе, не пиксельная разметка)",sentinel-2-l2a,context,UNRELIABLE_SYNC,сдвиг до 32 ч > 18 ч; дрейф до 39 км; известна только середина полосы (GEOMETRY_POINT_ONLY),S2B_MSIL2A_20240612T075609_R035_T37TGG_20240612T123952,2024-06-12T07:56:09Z,Sentinel-2B,0.597202,37TGG,7.94,31.94,19.94,31.94,C,39.2,5.0,"POLYGON ((41.774522795822136 42.03470379325551, 41.773750521228926 42.0276565039541, 41.77205581280281 42.02069954864878, 41.769455275658586 42.0138998780056, 41.76597420950729 42.00732290877703, 41.761646355256026 42.0010318964262, 41.756513561815844 41.99508732919499, 41.750625376637885 41.989546349325366, 41.744038564162416 41.98446220686341, 41.7368165569808 41.97988375114815, 41.72902884507369 41.97585496471797, 41.72075030899821 41.97241454395738, 41.71206050335002 41.96959553036263, 41.7030428972228 41.967424995828424, 41.69378407872623 41.965923784854546, 41.6843729309038 41.96510631604504, 41.674899786613665 41.96498044472718, 41.665455570098594 41.96554738795789, 41.65613093307506 41.96680171261545, 41.64701539321617 41.96873138669825, 41.63819648288922 41.97131789337557, 41.62975891593411 41.97453640676084, 41.62178378013621 41.978356027811, 41.614347762853335 41.98274007820047, 41.6075224170038 41.98764644947937, 41.601373474309554 41.993028004308016, 41.59596021231555 41.9988330260659, 41.59133488127543 42.0050057126712, 41.58754219650343 42.01148671001617, 41.58461890124682 42.018213680033675, 41.58259340453186 42.02512189805997, 41.58148549778432 42.03214487385679, 41.58130615332468 42.03921499040183, 41.5820574070941 42.04626415435745, 41.58373232718441 42.05322445198265, 41.58631506893087 42.06002880416909, 41.58978101648709 42.066611614256814, 41.59409700994489 42.07290940232344, 41.59922165619914 42.078861419741735, 41.6051057208948 42.084410237964434, 41.61169259794516 42.08950230572264, 41.618918852283564 42.094088469112634, 41.626714830719365 42.0981244493938, 41.63500533502194 42.10157127372476, 41.64371035066591 42.10439565452206, 41.65274582404617 42.106570313630726, 41.66202448042227 42.108074248044275, 41.671456674387805 42.108892934497156, 41.680951264287415 42.10901847086811, 41.6904165017293 42.10844965297198, 41.69976092716871 42.10719198597348, 41.70889426247024 42.10525763031972, 41.71772829139518 42.10266528275311, 41.72617771910419 42.09943999362405, 41.73416100201206 42.09561292236523, 41.741601139676426 42.09122103361081, 41.748426420840744 42.08630673703528, 41.75457111627517 42.0809174745431, 41.75997611166043 42.07510525895527, 41.764589474428575 42.06892616880731, 41.7683669492019 42.06243980428992, 41.77127237724501 42.05570870972596, 41.773278036156405 42.04879776828158, 41.774364896861655 42.041773574853266, 41.774522795822136 42.03470379325551))",200.99,,,,,,,,4801d97d49cc
S4:DOORS3:T25__S2B_MSIL2A_20240612T075609_R035_T38TKM_20240612T123501,S4:DOORS3:T25,MPL-0927,S4_BLACK_SEA_DOORS3,B,train,point,2024-06-11T00:00:00,2024-06-12T00:00:00,False,41.67792,42.037,2.05,0.3,default_conservative,"field:S4_BLACK_SEA_DOORS3 all_litter S4_visual_GT2_5 (плотность по полосе, не пиксельная разметка)",sentinel-2-l2a,context,UNRELIABLE_SYNC,сдвиг до 32 ч > 18 ч; дрейф до 39 км; известна только середина полосы (GEOMETRY_POINT_ONLY),S2B_MSIL2A_20240612T075609_R035_T38TKM_20240612T123501,2024-06-12T07:56:09Z,Sentinel-2B,0.489246,38TKM,7.94,31.94,19.94,31.94,C,39.2,5.0,"POLYGON ((41.774522795822136 42.03470379325551, 41.773750521228926 42.0276565039541, 41.77205581280281 42.02069954864878, 41.769455275658586 42.0138998780056, 41.76597420950729 42.00732290877703, 41.761646355256026 42.0010318964262, 41.756513561815844 41.99508732919499, 41.750625376637885 41.989546349325366, 41.744038564162416 41.98446220686341, 41.7368165569808 41.97988375114815, 41.72902884507369 41.97585496471797, 41.72075030899821 41.97241454395738, 41.71206050335002 41.96959553036263, 41.7030428972228 41.967424995828424, 41.69378407872623 41.965923784854546, 41.6843729309038 41.96510631604504, 41.674899786613665 41.96498044472718, 41.665455570098594 41.96554738795789, 41.65613093307506 41.96680171261545, 41.64701539321617 41.96873138669825, 41.63819648288922 41.97131789337557, 41.62975891593411 41.97453640676084, 41.62178378013621 41.978356027811, 41.614347762853335 41.98274007820047, 41.6075224170038 41.98764644947937, 41.601373474309554 41.993028004308016, 41.59596021231555 41.9988330260659, 41.59133488127543 42.0050057126712, 41.58754219650343 42.01148671001617, 41.58461890124682 42.018213680033675, 41.58259340453186 42.02512189805997, 41.58148549778432 42.03214487385679, 41.58130615332468 42.03921499040183, 41.5820574070941 42.04626415435745, 41.58373232718441 42.05322445198265, 41.58631506893087 42.06002880416909, 41.58978101648709 42.066611614256814, 41.59409700994489 42.07290940232344, 41.59922165619914 42.078861419741735, 41.6051057208948 42.084410237964434, 41.61169259794516 42.08950230572264, 41.618918852283564 42.094088469112634, 41.626714830719365 42.0981244493938, 41.63500533502194 42.10157127372476, 41.64371035066591 42.10439565452206, 41.65274582404617 42.106570313630726, 41.66202448042227 42.108074248044275, 41.671456674387805 42.108892934497156, 41.680951264287415 42.10901847086811, 41.6904165017293 42.10844965297198, 41.69976092716871 42.10719198597348, 41.70889426247024 42.10525763031972, 41.71772829139518 42.10266528275311, 41.72617771910419 42.09943999362405, 41.73416100201206 42.09561292236523, 41.741601139676426 42.09122103361081, 41.748426420840744 42.08630673703528, 41.75457111627517 42.0809174745431, 41.75997611166043 42.07510525895527, 41.764589474428575 42.06892616880731, 41.7683669492019 42.06243980428992, 41.77127237724501 42.05570870972596, 41.773278036156405 42.04879776828158, 41.774364896861655 42.041773574853266, 41.774522795822136 42.03470379325551))",200.99,,,,,,,,4801d97d49cc
S4:DOORS3:T26__S2B_MSIL2A_20240615T080609_R078_T37TFG_20240615T122003,S4:DOORS3:T26,MPL-0928,S4_BLACK_SEA_DOORS3,B,train,point,2024-06-14T00:00:00,2024-06-15T00:00:00,False,41.01448,41.75572,3.19,0.3,default_conservative,"field:S4_BLACK_SEA_DOORS3 all_litter S4_visual_GT2_5 (плотность по полосе, не пиксельная разметка)",sentinel-2-l2a,context,UNRELIABLE_SYNC,сдвиг до 32 ч > 18 ч; дрейф до 42 км; известна только середина полосы (GEOMETRY_POINT_ONLY),S2B_MSIL2A_20240615T080609_R078_T37TFG_20240615T122003,2024-06-15T08:06:09Z,Sentinel-2B,79.85388,37TFG,8.1,32.1,20.1,32.1,C,42.04,5.0,"POLYGON ((41.1107069692635 41.753991854661294, 41.110012242349704 41.74693798665249, 41.10839791041712 41.73996904688966, 41.10587980327401 41.73315210552829, 41.102482427276634 41.72655274956788, 41.09823871954841 41.72023445368632, 41.093189722442354 41.71425797205834, 41.08738418169658 41.708680756894346, 41.08087807240026 41.70355640915945, 41.07373405750515 41.69893416660854, 41.06602088418538 41.69485843390584, 41.057812723860366 41.691368359190236, 41.04918846215337 41.68849746100465, 41.04023094545803 41.686273309032785, 41.031026191128056 41.68471726158431, 41.021662568589036 41.68384426224372, 41.01222995889684 41.683662697553046, 41.002818900434065 41.68417431703923, 40.99351972854296 41.68537421632647, 40.98442171694229 41.687250883497946, 40.975612228764604 41.68978630829316, 40.96717588498017 41.69295615315249, 40.95919375784465 41.69672998455235, 40.95174259681784 41.70107156251791, 40.94489409415245 41.705939185660824, 40.93871419704303 41.71128608856924, 40.933262472857784 41.71706088788286, 40.92859153354937 41.72320807292096, 40.924746524856765 41.72966853629901, 40.92176468536986 41.736380139576326, 40.91967497993381 41.74327830862519, 40.91849781122427 41.75029665310605, 40.91824481263033 41.75736760417658, 40.91891872484467 41.764423064359214, 40.92051335778443 41.77139506334367, 40.923013638657956 41.778216413411386, 40.926395746159805 41.78482135814027, 40.93062732992586 41.79114620808088, 40.93566781352214 41.797129957191245, 40.941468778383936 41.80271487397697, 40.94797442527626 41.807847061504646, 40.955122109023364 41.81247698074066, 40.962842941465034 41.816559932009525, 40.9710624568507 41.82005648976579, 40.979701333191244 41.8229328863254, 40.988676162461246 41.825161340703545, 40.997900261992505 41.82672032924987, 41.00728451893019 41.827594795353946, 41.016738259244555 41.82777629610606, 41.02617013250893 41.82726308443631, 41.035489003474105 41.82606012590776, 41.04460484139231 41.824179050003316, 41.05342959807289 41.82163803641011, 41.06187806578515 41.81846163746377, 41.06986870635965 41.81468053855943, 41.077324443173914 41.81033125895927, 41.0841734081358 41.80545579602186, 41.09034963629106 41.80010121643807, 41.095793701273166 41.79431919857795, 41.100453285472966 41.78816553052583, 41.10428367952467 41.7816995688033, 41.10724820647126 41.77498366314765, 41.10931856677682 41.768082553023, 41.1104751011842 41.76106274179154, 41.1107069692635 41.753991854661294))",200.99,,,,,,,,4801d97d49cc
S4:DOORS3:T27__S2B_MSIL2A_20240615T080609_R078_T37TFG_20240615T122003,S4:DOORS3:T27,MPL-0929,S4_BLACK_SEA_DOORS3,B,train,point,2024-06-14T00:00:00,2024-06-15T00:00:00,False,40.71548,41.78824,3.04,0.3,default_conservative,"field:S4_BLACK_SEA_DOORS3 all_litter S4_visual_GT2_5 (плотность по полосе, не пиксельная разметка)",sentinel-2-l2a,context,UNRELIABLE_SYNC,сдвиг до 32 ч > 18 ч; дрейф до 42 км; известна только середина полосы (GEOMETRY_POINT_ONLY),S2B_MSIL2A_20240615T080609_R078_T37TFG_20240615T122003,2024-06-15T08:06:09Z,Sentinel-2B,79.85388,37TFG,8.1,32.1,20.1,32.1,C,41.69,5.0,"POLYGON ((40.81177258625499 41.7867613247427, 40.81111007852948 41.779705032114386, 40.809527007240554 41.77273129120962, 40.807038902820864 41.76590722004635, 40.80366998492605 41.7592984757375, 40.79945291932835 41.75296862459453, 40.79442849488758 41.74697853301699, 40.78864522402947 41.741385784914655, 40.782158870830536 41.73624413113441, 40.775031911429416 41.73160297604096, 40.76733293205397 41.7275069060342, 40.759135970467895 41.72399526438002, 40.75051980710059 41.721101776288585, 40.74156721252559 41.718854227700554, 40.73236415829785 41.71727420073918, 40.72299899844554 41.716376868261555, 40.71356162913982 41.71617084939691, 40.704142634233826 41.71665812740121, 40.69483242447186 41.717834030586495, 40.685720378219244 41.719687276508054, 40.67689399155476 41.722200079014016, 40.668438045498704 41.72534831718716, 40.660433798021614 41.72910176464047, 40.652958208291516 41.733424377071515, 40.646083200369745 41.738274635440305, 40.639874973259516 41.74360594161471, 40.6343933638446 41.749367062833116, 40.629691268831756 41.755502620867105, 40.62581413132761 41.76195362133509, 40.62279949714254 41.76865801822233, 40.62067664532124 41.77555130831068, 40.619466296755334 41.78256714991306, 40.61918040404104 41.78963800005016, 40.61982202500894 41.79669576400143, 40.62138528157806 41.80367245101244, 40.62385540477958 41.81050082984903, 40.62720886596317 41.817115077858425, 40.6314135933488 41.82345141722664, 40.63642927222907 41.8294487322169, 40.64220772626919 41.83504916132902, 40.64869337650572 41.84019865853994, 40.65582377382057 41.8448475180665, 40.66353019987468 41.848950857431205, 40.671738330737355 41.852469054009745, 40.68036895675303 41.85536813068836, 40.68933875155721 41.85762008675845, 40.69856108259795 41.85920317071809, 40.707946855045996 41.86010209223019, 40.71740538059427 41.86030817109903, 40.726845262360946 41.859819421762595, 40.73617528692552 41.85864057245184, 40.74530531444621 41.856783018830505, 40.75414715783135 41.854264712594464, 40.762615442067 41.851109986167884, 40.77062843503513 41.847349315279324, 40.778108841487374 41.84301902182504, 40.78498455226389 41.83816092002324, 40.79118934135732 41.832821909424915, 40.79666350401077 41.827053518867814, 40.80135442969709 41.82091140593588, 40.80521710454345 41.81445481691027, 40.80821453853182 41.80774601256915, 40.81031811360957 41.80084966550506, 40.811507849675586 41.79383223488167, 40.81177258625499 41.7867613247427))",200.99,,,,,,,,4801d97d49cc
S4:DOORS3:T28__S2B_MSIL2A_20240615T080609_R078_T37TFG_20240615T122003,S4:DOORS3:T28,MPL-0930,S4_BLACK_SEA_DOORS3,B,train,point,2024-06-14T00:00:00,2024-06-15T00:00:00,False,40.38475,41.83251,3.08,0.3,default_conservative,"field:S4_BLACK_SEA_DOORS3 all_litter S4_visual_GT2_5 (плотность по полосе, не пиксельная разметка)",sentinel-2-l2a,context,UNRELIABLE_SYNC,сдвиг до 32 ч > 18 ч; дрейф до 42 км; известна только середина полосы (GEOMETRY_POINT_ONLY),S2B_MSIL2A_20240615T080609_R078_T37TFG_20240615T122003,2024-06-15T08:06:09Z,Sentinel-2B,79.85388,37TFG,8.1,32.1,20.1,32.1,C,41.8,5.0,"POLYGON ((40.48112466451687 41.83130748756112, 40.48049779472485 41.824248746711575, 40.478949209689155 41.81726992453471, 40.47649410967053 41.81043818977907, 40.473156399038245 41.80381927496028, 40.468968446100995 41.79747684567766, 40.463970762824005 41.79147189049612, 40.45821160784046 41.78586213715271, 40.4517465168371 41.780701500572334, 40.44463776501741 41.776039567856806, 40.43695376691735 41.77192112504561, 40.42876841936591 41.76838573004187, 40.4201603938448 41.76546733565532, 40.411212384905625 41.763193966241026, 40.4020103216498 41.761587450911044, 40.392642549564336 41.760663215771075, 40.3831989902358 41.76043013709091, 40.373770286634795 41.76089045675677, 40.36444694177474 41.76203976078559, 40.35531845860007 41.76386702110349, 40.34647248895193 41.766354700214485, 40.337993999392744 41.76947891780865, 40.3299644615444 41.773209677792345, 40.322461074409574 41.77751115366434, 40.31555602590012 41.782342029622896, 40.30931580049176 41.78765589426631, 40.30380053956027 41.79340168325493, 40.29906346053209 41.799524166834814, 40.29515034050165 41.805964477690424, 40.29209906943144 41.81266067419707, 40.28993927746015 41.819548333790124, 40.28869204020162 41.82656117085846, 40.288369665226895 41.83363167331029, 40.28897556218728 41.840691751751585, 40.29050419826296 41.847673395066174, 40.29294113981572 41.8545093260919, 40.29626318029296 41.86113365105426, 40.30043855358062 41.86748249644688, 40.305427231144066 41.87349462713891, 40.311181300438506 41.879112039643815, 40.3176454212228 41.8842805247002, 40.324757355584566 41.888950193593885, 40.33244856669047 41.89307596298791, 40.34064488052455 41.89661799342161, 40.34926720417998 41.89954207708791, 40.358232293636554 41.901819970994225, 40.3674535633964 41.90342967215321, 40.376841929873464 41.90435563202821, 40.38630668004486 41.90458890806805, 40.395756356581614 41.90412725080189, 40.40509965048624 41.90297512561654, 40.41424629217891 41.901143669002415, 40.42310793199382 41.898650579718286, 40.43159900117217 41.89551994598565, 40.4396375446661 41.89178201046841, 40.44714601739488 41.88747287542084, 40.454052036015554 41.88263415098328, 40.46028907877771 41.87731255017026, 40.4657971266188 41.871559434617616, 40.47052323931222 41.86543031563394, 40.4744220611966 41.85898431552814, 40.47745625177984 41.852283594557925, 40.47959683731507 41.8453927491589, 40.480823480277145 41.83837818736961, 40.48112466451687 41.83130748756112))",200.99,,,,,,,,4801d97d49cc
S4:DOORS3:T29__LC08_L2SP_174031_20240616_02_T2,S4:DOORS3:T29,MPL-0931,S4_BLACK_SEA_DOORS3,B,train,point,2024-06-15T00:00:00,2024-06-16T00:00:00,False,38.5873,42.0533,5.67,0.3,default_conservative,"field:S4_BLACK_SEA_DOORS3 all_litter S4_visual_GT2_5 (плотность по полосе, не пиксельная разметка)",landsat-c2-l2,rejected,SENSOR_UNSUPPORTED,"есть 1 сцен(ы) landsat-c2-l2, но детектору нужен красный край Sentinel-2",LC08_L2SP_174031_20240616_02_T2,2024-06-16T08:07:27Z,landsat-8,62.82,,,,,,,,,,,,,,,,,,4801d97d49cc
S4:DOORS3:T3__S2A_MSIL2A_20240602T084601_R107_T36TVN_20240602T141409,S4:DOORS3:T3,MPL-0912,S4_BLACK_SEA_DOORS3,B,train,point,2024-06-03T00:00:00,2024-06-04T00:00:00,False,32.45125,43.13,4.33,0.3,default_conservative,"field:S4_BLACK_SEA_DOORS3 all_litter S4_visual_GT2_5 (плотность по полосе, не пиксельная разметка)",sentinel-2-l2a,context,UNRELIABLE_SYNC,сдвиг до 39 ч > 18 ч; дрейф до 55 км; известна только середина полосы (GEOMETRY_POINT_ONLY),S2A_MSIL2A_20240602T084601_R107_T36TVN_20240602T141409,2024-06-02T08:46:01Z,Sentinel-2A,0.000366,36TVN,-39.23,-15.23,-27.23,39.23,C,54.61,5.0,"POLYGON ((32.549665132554935 43.13042965834871, 32.54924311293973 43.12336252945465, 32.54787766233694 43.11635971098611, 32.54558224422251 43.10948861226339, 32.54237925451927 43.10281535251695, 32.53829979482542 43.096404126189086, 32.533383363151906 43.09031658751511, 32.52767746551564 43.08461126020138, 32.521237152431006 43.079342977752844, 32.51412448498758 43.07456235968815, 32.50640793579422 43.070315328522824, 32.49816173060609 43.06664267200155, 32.48946513693085 43.063579654624604, 32.48040170633036 43.06115568204569, 32.47105847749595 43.05939402142119, 32.46152514747671 43.05831158027016, 32.451893218682066 43.05791874586426, 32.44225512946178 43.05821928661077, 32.43270337618888 43.05921031632484, 32.423329634833394 43.06088232171393, 32.41422389001782 43.06321925282142, 32.40547357948909 43.06619867560234, 32.397162761825435 43.06979198523721, 32.38937131502124 43.07396467823241, 32.38217417335808 43.07867668081455, 32.37564060967486 43.08388273060317, 32.36983356979653 43.08953280804751, 32.364809065467306 43.09557261364196, 32.36061563166276 43.10194408649588, 32.35729385362672 43.108585959430265, 32.354875968394424 43.115434345411515, 32.353385544925764 43.122423349813516, 32.352837246285034 43.12948570272816, 32.35323667656941 43.136553405324804, 32.35458031451302 43.14355838409306, 32.356855534882285 43.15043314669447, 32.36004071793838 43.15711143309928, 32.364105446380975 43.16352885569528, 32.36901078831395 43.16962352212989, 32.37470966389657 43.17533663478249, 32.38114729247361 43.180613060962976, 32.388261716126316 43.18540186819409, 32.395984394762536 43.189656819254914, 32.40424086708191 43.19333682204271, 32.41295147102072 43.196406329742786, 32.42203211661211 43.19883568728015, 32.4313951036012 43.2006014205557, 32.44094997564046 43.201686465539105, 32.45060440246712 43.2020803348938, 32.46026508113794 43.20177922043957, 32.46983864717316 43.20078603040885, 32.479232586344686 43.19911036111489, 32.48835613783521 43.19676840331762, 32.4971211795957 43.193782784236625, 32.50544308693607 43.19018234681359, 32.51324155569548 43.18600186846058, 32.520441381748185 43.181281722139, 32.526973189102414 43.176067483189065, 32.53277409943474 43.170409485866145, 32.537788336561846 43.16436233403136, 32.54196776007503 43.15798437088576, 32.545272323139656 43.15133711302484, 32.54767045028109 43.14448465442007, 32.549139331828165 43.13749304620466, 32.549665132554935 43.13042965834871))",200.99,,,,,,,,4801d97d49cc
S4:DOORS3:T3__S2B_MSIL2A_20240604T083559_R064_T36TVN_20240604T132043,S4:DOORS3:T3,MPL-0912,S4_BLACK_SEA_DOORS3,B,train,point,2024-06-03T00:00:00,2024-06-04T00:00:00,False,32.45125,43.13,4.33,0.3,default_conservative,"field:S4_BLACK_SEA_DOORS3 all_litter S4_visual_GT2_5 (плотность по полосе, не пиксельная разметка)",sentinel-2-l2a,context,UNRELIABLE_SYNC,сдвиг до 33 ч > 18 ч; дрейф до 45 км; известна только середина полосы (GEOMETRY_POINT_ONLY),S2B_MSIL2A_20240604T083559_R064_T36TVN_20240604T132043,2024-06-04T08:35:59Z,Sentinel-2B,50.350809,36TVN,8.6,32.6,20.6,32.6,C,45.38,5.0,"POLYGON ((32.549665132554935 43.13042965834871, 32.54924311293973 43.12336252945465, 32.54787766233694 43.11635971098611, 32.54558224422251 43.10948861226339, 32.54237925451927 43.10281535251695, 32.53829979482542 43.096404126189086, 32.533383363151906 43.09031658751511, 32.52767746551564 43.08461126020138, 32.521237152431006 43.079342977752844, 32.51412448498758 43.07456235968815, 32.50640793579422 43.070315328522824, 32.49816173060609 43.06664267200155, 32.48946513693085 43.063579654624604, 32.48040170633036 43.06115568204569, 32.47105847749595 43.05939402142119, 32.46152514747671 43.05831158027016, 32.451893218682066 43.05791874586426, 32.44225512946178 43.05821928661077, 32.43270337618888 43.05921031632484, 32.423329634833394 43.06088232171393, 32.41422389001782 43.06321925282142, 32.40547357948909 43.06619867560234, 32.397162761825435 43.06979198523721, 32.38937131502124 43.07396467823241, 32.38217417335808 43.07867668081455, 32.37564060967486 43.08388273060317, 32.36983356979653 43.08953280804751, 32.364809065467306 43.09557261364196, 32.36061563166276 43.10194408649588, 32.35729385362672 43.108585959430265, 32.354875968394424 43.115434345411515, 32.353385544925764 43.122423349813516, 32.352837246285034 43.12948570272816, 32.35323667656941 43.136553405324804, 32.35458031451302 43.14355838409306, 32.356855534882285 43.15043314669447, 32.36004071793838 43.15711143309928, 32.364105446380975 43.16352885569528, 32.36901078831395 43.16962352212989, 32.37470966389657 43.17533663478249, 32.38114729247361 43.180613060962976, 32.388261716126316 43.18540186819409, 32.395984394762536 43.189656819254914, 32.40424086708191 43.19333682204271, 32.41295147102072 43.196406329742786, 32.42203211661211 43.19883568728015, 32.4313951036012 43.2006014205557, 32.44094997564046 43.201686465539105, 32.45060440246712 43.2020803348938, 32.46026508113794 43.20177922043957, 32.46983864717316 43.20078603040885, 32.479232586344686 43.19911036111489, 32.48835613783521 43.19676840331762, 32.4971211795957 43.193782784236625, 32.50544308693607 43.19018234681359, 32.51324155569548 43.18600186846058, 32.520441381748185 43.181281722139, 32.526973189102414 43.176067483189065, 32.53277409943474 43.170409485866145, 32.537788336561846 43.16436233403136, 32.54196776007503 43.15798437088576, 32.545272323139656 43.15133711302484, 32.54767045028109 43.14448465442007, 32.549139331828165 43.13749304620466, 32.549665132554935 43.13042965834871))",200.99,,,,,,,,4801d97d49cc
S4:DOORS3:T30__S2B_MSIL2A_20240617T084559_R107_T36TUN_20240617T132026,S4:DOORS3:T30,MPL-0934,S4_BLACK_SEA_DOORS3,B,train,point,2024-06-17T00:00:00,2024-06-18T00:00:00,False,31.50876,42.51907,2.26,0.3,default_conservative,"field:S4_BLACK_SEA_DOORS3 all_litter S4_visual_GT2_5 (плотность по полосе, не пиксельная разметка)",sentinel-2-l2a,accepted,ACCEPTED_UNCERTAIN_TIME,время наблюдения неизвестно: только для исследовательского сравнения; известна только середина полосы (GEOMETRY_POINT_ONLY),S2B_MSIL2A_20240617T084559_R107_T36TUN_20240617T132026,2024-06-17T08:45:59Z,Sentinel-2B,3.517035,36TUN,-15.23,8.77,-3.23,15.23,B,18.93,5.0,"POLYGON ((31.606184192965035 42.52029655824976, 31.605872116132968 42.51322670892476, 31.604625027074523 42.50621351827159, 31.60245524272457 42.49932450167893, 31.599383945213198 42.49262595717008, 31.59544096692834 42.48618232874337, 31.59066449350856 42.480055588318024, 31.58510068799402 42.474304642137156, 31.57880324006073 42.46898476721993, 31.571832844910592 42.464147083146045, 31.56425661698558 42.45983806410135, 31.556147444214506 42.45609909571769, 31.547583288984494 42.45296608080753, 31.538646442454365 42.45046909762685, 31.529422739193436 42.44863211380528, 31.520000739435574 42.44747275856236, 31.51047088648517 42.447002155289155, 31.500924646998723 42.44722481601813, 31.491453641992624 42.44813859873813, 31.482148776495666 42.44973472793573, 31.473099375772705 42.45199787816888, 31.46439233599474 42.45490631990292, 31.45611129712012 42.45843212627052, 31.44833584558183 42.462541438858864, 31.44114075414678 42.46719479008348, 31.43459526602486 42.47234747918418, 31.428762429958795 42.47794999837717, 31.423698492620126 42.48394850522401, 31.41945235417418 42.490285336836635, 31.416065092356845 42.496899561131606, 31.413569559832254 42.503727559980874, 31.411990058973252 42.510703638784044, 31.411342097530525 42.51776065671211, 31.411632227934092 42.52483067164805, 31.412857972207824 42.53184559367909, 31.415007833679216 42.538737840881474, 31.41806139583908 42.54544099108274, 31.42198950785722 42.55189042329211, 31.42675455539803 42.558023942555955, 31.43231081451457 42.563782382125815, 31.438604885539753 42.56911017701688, 31.44557620305062 42.57395590328982, 31.453157617165925 42.57827277770145, 31.461276040660213 42.582019112741726, 31.469853155650405 42.585158722500324, 31.47880617294324 42.58766127528328, 31.488048636535385 42.58950258942249, 31.497491265240885 42.59066486928519, 31.507042822991355 42.59113687908771, 31.516611009020746 42.59091405274486, 31.52610335891283 42.58999853863246, 31.53542814736103 42.588399178801204, 31.544495283468525 42.58613142284592, 31.553217189501545 42.583217177298316, 31.561509654200574 42.57968459206474, 31.569292652047693 42.575567786067595, 31.576491120280664 42.570906514860006, 31.583035685927403 42.56574578356315, 31.588863335701912 42.560135409017775, 31.593918022244683 42.554129535538266, 31.598151200897426 42.54778610910688, 31.60152229196371 42.54116631524056, 31.603999064211646 42.53433398610112, 31.605557936212186 42.52735498269797, 31.606184192965035 42.52029655824976))",200.99,0.9999502465779596,502453.0,1.0,0.0,0.0,0.0013000000035390258,502453.0,4801d97d49cc
S4:DOORS3:T31__S2B_MSIL2A_20240617T084559_R107_T36TUN_20240617T132026,S4:DOORS3:T31,MPL-0933,S4_BLACK_SEA_DOORS3,B,train,point,2024-06-17T00:00:00,2024-06-18T00:00:00,False,31.26427,42.49174,2.21,0.3,default_conservative,"field:S4_BLACK_SEA_DOORS3 all_litter S4_visual_GT2_5 (плотность по полосе, не пиксельная разметка)",sentinel-2-l2a,accepted,ACCEPTED_UNCERTAIN_TIME,время наблюдения неизвестно: только для исследовательского сравнения; известна только середина полосы (GEOMETRY_POINT_ONLY),S2B_MSIL2A_20240617T084559_R107_T36TUN_20240617T132026,2024-06-17T08:45:59Z,Sentinel-2B,3.517035,36TUN,-15.23,8.77,-3.23,15.23,B,18.87,5.0,"POLYGON ((31.361640551364214 42.49317367489945, 31.36135609543763 42.48610359413936, 31.36013686286853 42.47908818041759, 31.3579949026065 42.472194971986156, 31.354951129673168 42.465490308613425, 31.35103511276377 42.45903869446988, 31.346284779725693 42.45290217944684, 31.34074604412023 42.44713976476784, 31.334472356772135 42.44180683849395, 31.32752418686072 42.43695464621615, 31.31996843770324 42.43262980187541, 31.311877802923362 42.42887384325558, 31.30333006918247 42.425722836262565, 31.294407372078393 42.42320703163704, 31.28519541218366 42.42135057725377, 31.275782638503568 42.42017128864093, 31.2662594068823 42.41968047981354, 31.25671712107374 42.41988285595917, 31.24724736432217 42.42077646894734, 31.237941029366926 42.42235273606022, 31.228887454794528 42.424596521764855, 31.220173575611998 42.42748628177292, 31.211883095805778 42.430994268064225, 31.204095690482347 42.435086792992436, 31.19688624495915 42.439724550047025, 31.19032413788773 42.44486298832107, 31.18447257514593 42.450452737232865, 31.179387980831983 42.45644007757537, 31.175119451232565 42.46276745452516, 31.171708277118853 42.46937402783599, 31.1691875391526 42.47619625407537, 31.167581780559146 42.48316849543876, 31.166906760550095 42.49022364940034, 31.16716929125807 42.497293793233126, 31.168367160184978 42.50431083725929, 31.170489139368243 42.51120718057595, 31.173515081643675 42.517916362944206, 31.177416103536245 42.524373706532785, 31.182154853449223 42.53051694127275, 31.187685862957327 42.53628680770722, 31.19395597815037 42.54162763140948, 31.200904867131204 42.54648786329534, 31.208465598955645 42.5508205804661, 31.21656528852471 42.554583942588614, 31.22512580121075 42.55774159924321, 31.234064510330224 42.56026304414477, 31.243295099977267 42.56212391266414, 31.25272840521264 42.563306219638754, 31.262273281171 42.56379853505852, 31.271837492312514 42.56359609583784, 31.281328612808128 42.562700852531236, 31.290654928916023 42.56112145050956, 31.299726334180974 42.55887314577992, 31.308455208370475 42.5559776562959, 31.316757271248935 42.55246295026001, 31.324552402581915 42.54836297355614, 31.331765420150756 42.54371731906356, 31.338326808038413 42.53857084118385, 31.344173388011402 42.53297321945609, 31.349248927462277 42.52697847563446, 31.353504678081894 42.520644449052575, 31.356899840190064 42.51403223549663, 31.35940194845687 42.50720559514882, 31.36098717558285 42.50023033544381, 31.361640551364214 42.49317367489945))",200.99,0.9997930191735892,502358.0,1.0,0.0,0.0,0.00139999995008111,502358.0,4801d97d49cc
S4:DOORS3:T32__S2B_MSIL2A_20240617T084559_R107_T36TUN_20240617T132026,S4:DOORS3:T32,MPL-0932,S4_BLACK_SEA_DOORS3,B,train,point,2024-06-17T00:00:00,2024-06-18T00:00:00,False,30.95665,42.46465,2.25,0.3,default_conservative,"field:S4_BLACK_SEA_DOORS3 all_litter S4_visual_GT2_5 (плотность по полосе, не пиксельная разметка)",sentinel-2-l2a,accepted,ACCEPTED_UNCERTAIN_TIME,время наблюдения неизвестно: только для исследовательского сравнения; известна только середина полосы (GEOMETRY_POINT_ONLY),S2B_MSIL2A_20240617T084559_R107_T36TUN_20240617T132026,2024-06-17T08:45:59Z,Sentinel-2B,3.517035,36TUN,-15.23,8.77,-3.23,15.23,B,18.92,5.0,"POLYGON ((31.053961932496183 42.46634416000325, 31.053712162886317 42.45927398076436, 31.052527828339922 42.45225596191138, 31.05042064216256 42.44535766860887, 31.047411185628775 42.43864549131756, 31.043528698752866 42.43218400812611, 31.038810788862794 42.42603536529825, 31.03330306015631 42.420258681905494, 31.027058668118684 42.41490948415729, 31.02013780333235 42.410039174735324, 31.012607109808048 42.40569454208596, 31.00453904351061 42.401917314231845, 30.996011177240057 42.39874376123194, 30.987105458456885 42.39620434995432, 30.977907427010344 42.39432345433265, 30.96850540003819 42.39311912375779, 30.958989631556246 42.39260291171708, 30.94945145444645 42.3927797662387, 30.939982412681857 42.39364798313159, 30.93067339169814 42.39519922243744, 30.921613754831927 42.397418587934645, 30.912890493698203 42.4002847689591, 30.904587400271566 42.40377024323744, 30.89678426826949 42.40784153886965, 30.889556131210057 42.412459553053885, 30.88297254423203 42.41757992462094, 30.877096916421777 42.423153456944, 30.87198589999009 42.42912658731444, 30.867688842183 42.435441898431534, 30.864247305295198 42.442038667246024, 30.861694659584927 42.44885344602999, 30.860055753266423 42.45582067022057, 30.859346663084334 42.462873287307126, 30.85957452825654 42.46994340080478, 30.860737469812857 42.476962923182484, 30.862824596562486 42.48386423149688, 30.86581609809916 42.49058081942328, 30.86968342440695 42.4970479393765, 30.87438955077048 42.503203228476956, 30.879889325829176 42.508987312242205, 30.88612989975691 42.51434438007179, 30.89305122870523 42.51922272684181, 30.900586650832427 42.52357525523503, 30.908663528461943 42.527359933799, 30.9172039501835 42.530540206146874, 30.926125486039744 42.533085347188134, 30.93534198833975 42.53497076279572, 30.94476443011834 42.53617822987671, 30.954301772825207 42.53669607440838, 30.9638618544869 42.53651928562628, 30.973352289344213 42.53564956519522, 30.982681369831067 42.534095310854404, 30.991758961731083 42.531871534692876, 31.000497383425323 42.52899971687572, 31.00881226032778 42.52550759629688, 31.01662334589149 42.521428900271545, 31.023855300952373 42.5168030159957, 31.03043842365417 42.51167460708233, 31.036309322758907 42.506093179028845, 31.04141152778311 42.500112597971636, 31.0456960301025 42.49379056753581, 31.049121749924822 42.48718806898862, 31.05165592483236 42.48036877024662, 31.053274416430583 42.473398409570564, 31.053961932496183 42.46634416000325))",200.99,0.9999820880907696,502450.0,1.0,0.0,0.0,0.002300000051036477,502450.0,4801d97d49cc
S4:DOORS3:T33__S2B_MSIL2A_20240617T084559_R107_T35TPH_20240617T132006,S4:DOORS3:T33,MPL-0935,S4_BLACK_SEA_DOORS3,B,train,point,2024-06-18T00:00:00,2024-06-19T00:00:00,False,29.21475,43.35643,1.83,0.3,default_conservative,"field:S4_BLACK_SEA_DOORS3 all_litter S4_visual_GT2_5 (плотность по полосе, не пиксельная разметка)",sentinel-2-l2a,context,UNRELIABLE_SYNC,сдвиг до 39 ч > 18 ч; дрейф до 48 км; известна только середина полосы (GEOMETRY_POINT_ONLY),S2B_MSIL2A_20240617T084559_R107_T35TPH_20240617T132006,2024-06-17T08:45:59Z,Sentinel-2B,0.002512,35TPH,-39.23,-15.23,-27.23,39.23,C,47.53,5.0,"POLYGON ((29.313454859504027 43.35447503854175, 29.312711383368296 43.347425218412496, 29.311024954966747 43.34046249137272, 29.308412121653234 43.33365386440118, 29.304898322562014 43.32706484003774, 29.30051763306111 43.320758788200486, 29.29531242760518 43.3147963392156, 29.289332964573813 43.309234803776775, 29.282636897358824 43.30412762527171, 29.27528871659068 43.299523869586466, 29.267359128967417 43.29546775712957, 29.25892437866693 43.2919982414095, 29.250065517783867 43.28914863805509, 29.2408676326347 43.2869463076942, 29.23141903311798 43.28541239560374, 29.22181041260125 43.28456163051972, 29.212133986031112 43.28440218445289, 29.202482614128936 43.284935594797254, 29.19294892164104 43.28615674945187, 29.183624417659395 43.28805393510153, 29.17459862601649 43.290608948227835, 29.165958233686048 43.29379726784912, 29.157786264989284 43.297588288422496, 29.150161289214847 43.30194561078805, 29.14315666900794 43.30682738849654, 29.136839856572127 43.312186726345224, 29.13127174435417 43.317972127453146, 29.12650607644978 43.324127984743164, 29.12258892647649 43.33059511226791, 29.119558247110096 43.337311311423235, 29.117443495875662 43.34421196674175, 29.116265341125256 43.35123066565275, 29.116035451425493 43.358299836338375, 29.116756370823776 43.365351397611526, 29.118421481667024 43.37231741459292, 29.12101505581792 43.37913075387442, 29.124512394258016 43.385725731826454, 29.128880054192464 43.39203874973971, 29.134076161887883 43.398008909587396, 29.1400508085912 43.40357860435302, 29.146746526005746 43.40869407709133, 29.154098836950702 43.41330594317366, 29.1620368760143 43.417369670512805, 29.170484074239774 43.42084601296337, 29.179358901168744 43.4237013925474, 29.18857565691895 43.42590822665793, 29.19804530640288 43.42744519693969, 29.20767634730987 43.42829745713073, 29.217375703083945 43.428456777763394, 29.227049631840266 43.42792162626392, 29.236604641978616 43.42669718164556, 29.245948405176435 43.42479528365618, 29.25499065747729 43.42223431690847, 29.263644079333243 43.419039031180354, 29.271825145708025 43.41524029971994, 29.27945493769904 43.41087481801367, 29.28645990758291 43.405984746070445, 29.29277258972521 43.40061729783588, 29.29833225041069 43.39482428186786, 29.303085470336534 43.388661597877075, 29.30698665425708 43.3821886941555, 29.309998463063394 43.375467991281404, 29.312092164413105 43.368564277795834, 29.313247898884722 43.36154408379173, 29.313454859504027 43.35447503854175))",200.99,,,,,,,,4801d97d49cc
S4:DOORS3:T33__S2B_MSIL2A_20240617T084559_R107_T35TPJ_20240617T132005,S4:DOORS3:T33,MPL-0935,S4_BLACK_SEA_DOORS3,B,train,point,2024-06-18T00:00:00,2024-06-19T00:00:00,False,29.21475,43.35643,1.83,0.3,default_conservative,"field:S4_BLACK_SEA_DOORS3 all_litter S4_visual_GT2_5 (плотность по полосе, не пиксельная разметка)",sentinel-2-l2a,context,UNRELIABLE_SYNC,сдвиг до 39 ч > 18 ч; дрейф до 48 км; известна только середина полосы (GEOMETRY_POINT_ONLY),S2B_MSIL2A_20240617T084559_R107_T35TPJ_20240617T132005,2024-06-17T08:45:59Z,Sentinel-2B,0.163921,35TPJ,-39.23,-15.23,-27.23,39.23,C,47.53,5.0,"POLYGON ((29.313454859504027 43.35447503854175, 29.312711383368296 43.347425218412496, 29.311024954966747 43.34046249137272, 29.308412121653234 43.33365386440118, 29.304898322562014 43.32706484003774, 29.30051763306111 43.320758788200486, 29.29531242760518 43.3147963392156, 29.289332964573813 43.309234803776775, 29.282636897358824 43.30412762527171, 29.27528871659068 43.299523869586466, 29.267359128967417 43.29546775712957, 29.25892437866693 43.2919982414095, 29.250065517783867 43.28914863805509, 29.2408676326347 43.2869463076942, 29.23141903311798 43.28541239560374, 29.22181041260125 43.28456163051972, 29.212133986031112 43.28440218445289, 29.202482614128936 43.284935594797254, 29.19294892164104 43.28615674945187, 29.183624417659395 43.28805393510153, 29.17459862601649 43.290608948227835, 29.165958233686048 43.29379726784912, 29.157786264989284 43.297588288422496, 29.150161289214847 43.30194561078805, 29.14315666900794 43.30682738849654, 29.136839856572127 43.312186726345224, 29.13127174435417 43.317972127453146, 29.12650607644978 43.324127984743164, 29.12258892647649 43.33059511226791, 29.119558247110096 43.337311311423235, 29.117443495875662 43.34421196674175, 29.116265341125256 43.35123066565275, 29.116035451425493 43.358299836338375, 29.116756370823776 43.365351397611526, 29.118421481667024 43.37231741459292, 29.12101505581792 43.37913075387442, 29.124512394258016 43.385725731826454, 29.128880054192464 43.39203874973971, 29.134076161887883 43.398008909587396, 29.1400508085912 43.40357860435302, 29.146746526005746 43.40869407709133, 29.154098836950702 43.41330594317366, 29.1620368760143 43.417369670512805, 29.170484074239774 43.42084601296337, 29.179358901168744 43.4237013925474, 29.18857565691895 43.42590822665793, 29.19804530640288 43.42744519693969, 29.20767634730987 43.42829745713073, 29.217375703083945 43.428456777763394, 29.227049631840266 43.42792162626392, 29.236604641978616 43.42669718164556, 29.245948405176435 43.42479528365618, 29.25499065747729 43.42223431690847, 29.263644079333243 43.419039031180354, 29.271825145708025 43.41524029971994, 29.27945493769904 43.41087481801367, 29.28645990758291 43.405984746070445, 29.29277258972521 43.40061729783588, 29.29833225041069 43.39482428186786, 29.303085470336534 43.388661597877075, 29.30698665425708 43.3821886941555, 29.309998463063394 43.375467991281404, 29.312092164413105 43.368564277795834, 29.313247898884722 43.36154408379173, 29.313454859504027 43.35447503854175))",200.99,,,,,,,,4801d97d49cc
S4:DOORS3:T4__S2A_MSIL2A_20240602T084601_R107_T36TVN_20240602T141409,S4:DOORS3:T4,MPL-0911,S4_BLACK_SEA_DOORS3,B,train,point,2024-06-03T00:00:00,2024-06-04T00:00:00,False,32.59565,43.11612,4.5,0.3,default_conservative,"field:S4_BLACK_SEA_DOORS3 all_litter S4_visual_GT2_5 (плотность по полосе, не пиксельная разметка)",sentinel-2-l2a,context,UNRELIABLE_SYNC,сдвиг до 39 ч > 18 ч; дрейф до 55 км; известна только середина полосы (GEOMETRY_POINT_ONLY),S2A_MSIL2A_20240602T084601_R107_T36TVN_20240602T141409,2024-06-02T08:46:01Z,Sentinel-2A,0.000366,36TVN,-39.23,-15.23,-27.23,39.23,C,55.08,5.0,"POLYGON ((32.69404463999787 43.11642539146377, 32.693606087638585 43.1093587256404, 32.692224469503444 43.10235756152438, 32.689913404052355 43.09548929167766, 32.6866954368791 43.08882000733589, 32.682601812537946 43.08241386400853, 32.67767216395389 43.07633246645954, 32.671954122774245 43.07063427888181, 32.665502854713814 43.06537406581191, 32.65838052459018 43.06060236901722, 32.65065569633659 43.05636502522933, 32.64240267381576 43.05270272919719, 32.633700788735695 43.04965064609771, 32.62463364238858 43.047238076872645, 32.61528830829383 43.04548817956357, 32.605754503127365 43.044417749195766, 32.59612373355977 43.04403705822109, 32.58648842680723 43.04434975897427, 32.57694105282044 43.04535284902949, 32.56757324609857 43.04703669977122, 32.55847493511732 43.04938514791679, 32.54973348730326 43.052375649154875, 32.54143287736948 43.0559794924963, 32.53365288665152 43.06016207337694, 32.52646834084629 43.064883223010945, 32.519948393261565 43.07009759097027, 32.51415586032792 43.07575507746763, 32.509146615711636 43.08180131134937, 32.50496904889401 43.08817816936657, 32.501663593553104 43.09482433188932, 32.499262330498624 43.101675869868124, 32.497788669272126 43.108666857527545, 32.49725711183624 43.11573000500719, 32.497673101041514 43.12279730494594, 32.499032955783676 43.1298006868406, 32.50132389395195 43.13667267290226, 32.50452414342878 43.14334702908466, 32.50860314053952 43.14975940497217, 32.51352181447659 43.15584795628886, 32.519232955345906 43.161553943928084, 32.525681662613344 43.166822303602366, 32.53280586987788 43.1716021804753, 32.5405369410756 43.17584742345916, 32.548800332436755 43.179517034242345, 32.55751631378862 43.18257556654468, 32.5666007421287 43.18499347158334, 32.57596587979911 43.18674738626264, 32.58552124907993 43.187820361170466, 32.59517451459814 43.188202026068616, 32.60483238462407 43.18788869119465, 32.61440152210626 43.186883383343584, 32.62378945618082 43.18519581636059, 32.632905484885185 43.1828422963429, 32.641661559909096 43.179845562512824, 32.64997314442516 43.176234565376376, 32.6577600353545 43.17204418441557, 32.66494714183455 43.16731488816999, 32.67146521215899 43.16209234013783, 32.6772515020461 43.156426954461686, 32.68225037775217 43.15037340585525, 32.68641384827131 43.143990098666684, 32.689702021639825 43.13733860036217, 32.69208348118334 43.13048304504049, 32.69353557839443 43.12348951285973, 32.69404463999787 43.11642539146377))",200.99,,,,,,,,4801d97d49cc
S4:DOORS3:T4__S2B_MSIL2A_20240604T083559_R064_T36TVN_20240604T132043,S4:DOORS3:T4,MPL-0911,S4_BLACK_SEA_DOORS3,B,train,point,2024-06-03T00:00:00,2024-06-04T00:00:00,False,32.59565,43.11612,4.5,0.3,default_conservative,"field:S4_BLACK_SEA_DOORS3 all_litter S4_visual_GT2_5 (плотность по полосе, не пиксельная разметка)",sentinel-2-l2a,context,UNRELIABLE_SYNC,сдвиг до 33 ч > 18 ч; дрейф до 46 км; известна только середина полосы (GEOMETRY_POINT_ONLY),S2B_MSIL2A_20240604T083559_R064_T36TVN_20240604T132043,2024-06-04T08:35:59Z,Sentinel-2B,50.350809,36TVN,8.6,32.6,20.6,32.6,C,45.77,5.0,"POLYGON ((32.69404463999787 43.11642539146377, 32.693606087638585 43.1093587256404, 32.692224469503444 43.10235756152438, 32.689913404052355 43.09548929167766, 32.6866954368791 43.08882000733589, 32.682601812537946 43.08241386400853, 32.67767216395389 43.07633246645954, 32.671954122774245 43.07063427888181, 32.665502854713814 43.06537406581191, 32.65838052459018 43.06060236901722, 32.65065569633659 43.05636502522933, 32.64240267381576 43.05270272919719, 32.633700788735695 43.04965064609771, 32.62463364238858 43.047238076872645, 32.61528830829383 43.04548817956357, 32.605754503127365 43.044417749195766, 32.59612373355977 43.04403705822109, 32.58648842680723 43.04434975897427, 32.57694105282044 43.04535284902949, 32.56757324609857 43.04703669977122, 32.55847493511732 43.04938514791679, 32.54973348730326 43.052375649154875, 32.54143287736948 43.0559794924963, 32.53365288665152 43.06016207337694, 32.52646834084629 43.064883223010945, 32.519948393261565 43.07009759097027, 32.51415586032792 43.07575507746763, 32.509146615711636 43.08180131134937, 32.50496904889401 43.08817816936657, 32.501663593553104 43.09482433188932, 32.499262330498624 43.101675869868124, 32.497788669272126 43.108666857527545, 32.49725711183624 43.11573000500719, 32.497673101041514 43.12279730494594, 32.499032955783676 43.1298006868406, 32.50132389395195 43.13667267290226, 32.50452414342878 43.14334702908466, 32.50860314053952 43.14975940497217, 32.51352181447659 43.15584795628886, 32.519232955345906 43.161553943928084, 32.525681662613344 43.166822303602366, 32.53280586987788 43.1716021804753, 32.5405369410756 43.17584742345916, 32.548800332436755 43.179517034242345, 32.55751631378862 43.18257556654468, 32.5666007421287 43.18499347158334, 32.57596587979911 43.18674738626264, 32.58552124907993 43.187820361170466, 32.59517451459814 43.188202026068616, 32.60483238462407 43.18788869119465, 32.61440152210626 43.186883383343584, 32.62378945618082 43.18519581636059, 32.632905484885185 43.1828422963429, 32.641661559909096 43.179845562512824, 32.64997314442516 43.176234565376376, 32.6577600353545 43.17204418441557, 32.66494714183455 43.16731488816999, 32.67146521215899 43.16209234013783, 32.6772515020461 43.156426954461686, 32.68225037775217 43.15037340585525, 32.68641384827131 43.143990098666684, 32.689702021639825 43.13733860036217, 32.69208348118334 43.13048304504049, 32.69353557839443 43.12348951285973, 32.69404463999787 43.11642539146377))",200.99,,,,,,,,4801d97d49cc
S4:DOORS3:T5__S2A_MSIL2A_20240602T084601_R107_T36TVN_20240602T141409,S4:DOORS3:T5,MPL-0910,S4_BLACK_SEA_DOORS3,B,train,point,2024-06-03T00:00:00,2024-06-04T00:00:00,False,32.83359,43.08425,4.84,0.3,default_conservative,"field:S4_BLACK_SEA_DOORS3 all_litter S4_visual_GT2_5 (плотность по полосе, не пиксельная разметка)",sentinel-2-l2a,context,UNRELIABLE_SYNC,сдвиг до 39 ч > 18 ч; дрейф до 56 км; известна только середина полосы (GEOMETRY_POINT_ONLY),S2A_MSIL2A_20240602T084601_R107_T36TVN_20240602T141409,2024-06-02T08:46:01Z,Sentinel-2A,0.000366,36TVN,-39.23,-15.23,-27.23,39.23,C,56.06,5.0,"POLYGON ((32.93193514291011 43.08435075207677, 32.93146945823555 43.07728493551403, 32.930061459812805 43.07028658143338, 32.92772501881605 43.063423053987464, 32.924482923390855 43.05676039752438, 32.920366648215726 43.05036270268589, 32.915416041782606 43.04429149205248, 32.90967893477141 43.03860513114046, 32.90321067358591 43.03335827028866, 32.896073583760916 43.02860132265679, 32.88833636853965 43.02437998319776, 32.88007344845403 43.02073479306606, 32.87136424821698 43.01770075348686, 32.862292437653764 43.01530699264159, 32.85294513375792 43.01357648862805, 32.84341207125673 43.01252585103154, 32.83378474931044 43.01216516310299, 32.82415556214904 43.012497885983024, 32.814616921570604 43.01352082584474, 32.805260379285414 43.01522416425328, 32.79617575709115 43.01759155146506, 32.78745029280586 43.0206002618155, 32.77916780976719 43.02422140977633, 32.77140791752872 43.02842022470787, 32.76424525114693 43.03315638178947, 32.75774875615506 43.03838438608963, 32.75198102596386 43.044054006239534, 32.74699769801343 43.050110753702725, 32.74284691452632 43.0564964031967, 32.739568853180735 43.06314954941962, 32.73719533243608 43.070006194875184, 32.735749495602754 43.07700036327099, 32.7352455770584 43.084064732696795, 32.73568875327641 43.091131282571986, 32.737075080555414 43.09813194818718, 32.73939152052537 43.10499927655978, 32.74261605366509 43.11166707727571, 32.74671788020343 43.11807106200423, 32.75165770690271 43.124149466449744, 32.75738811734593 43.129843648643295, 32.763854022480324 43.13509865767963, 32.770993187319526 43.139863767269254, 32.77873682888546 43.14409296879947, 32.78701027969113 43.147745418979774, 32.79573371033782 43.15078583758392, 32.80482290413503 43.153184851286305, 32.81419007606001 43.154919280123, 32.82374472786451 43.15597236367837, 32.83339453071778 43.15633392470368, 32.843046226454454 43.15600046850527, 32.85260653827779 43.15497521709141, 32.861983081657954 43.153268077729614, 32.87108526616252 43.15089554623345, 32.879825179062294 43.1478805459613, 32.88811844176875 43.144252204161376, 32.89588503047547 43.14004556793009, 32.903050052790135 43.13530126265733, 32.90954447264906 43.130065096405325, 32.91530577639445 43.12438761420184, 32.920278573556644 43.11832360671662, 32.92441512660929 43.111931578229246, 32.927675804743195 43.10527317918089, 32.93002945752475 43.09841260892916, 32.93145370515451 43.09141599459269, 32.93193514291011 43.08435075207677))",200.99,,,,,,,,4801d97d49cc
S4:DOORS3:T5__S2B_MSIL2A_20240604T083559_R064_T36TVN_20240604T132043,S4:DOORS3:T5,MPL-0910,S4_BLACK_SEA_DOORS3,B,train,point,2024-06-03T00:00:00,2024-06-04T00:00:00,False,32.83359,43.08425,4.84,0.3,default_conservative,"field:S4_BLACK_SEA_DOORS3 all_litter S4_visual_GT2_5 (плотность по полосе, не пиксельная разметка)",sentinel-2-l2a,context,UNRELIABLE_SYNC,сдвиг до 33 ч > 18 ч; дрейф до 47 км; известна только середина полосы (GEOMETRY_POINT_ONLY),S2B_MSIL2A_20240604T083559_R064_T36TVN_20240604T132043,2024-06-04T08:35:59Z,Sentinel-2B,50.350809,36TVN,8.6,32.6,20.6,32.6,C,46.58,5.0,"POLYGON ((32.93193514291011 43.08435075207677, 32.93146945823555 43.07728493551403, 32.930061459812805 43.07028658143338, 32.92772501881605 43.063423053987464, 32.924482923390855 43.05676039752438, 32.920366648215726 43.05036270268589, 32.915416041782606 43.04429149205248, 32.90967893477141 43.03860513114046, 32.90321067358591 43.03335827028866, 32.896073583760916 43.02860132265679, 32.88833636853965 43.02437998319776, 32.88007344845403 43.02073479306606, 32.87136424821698 43.01770075348686, 32.862292437653764 43.01530699264159, 32.85294513375792 43.01357648862805, 32.84341207125673 43.01252585103154, 32.83378474931044 43.01216516310299, 32.82415556214904 43.012497885983024, 32.814616921570604 43.01352082584474, 32.805260379285414 43.01522416425328, 32.79617575709115 43.01759155146506, 32.78745029280586 43.0206002618155, 32.77916780976719 43.02422140977633, 32.77140791752872 43.02842022470787, 32.76424525114693 43.03315638178947, 32.75774875615506 43.03838438608963, 32.75198102596386 43.044054006239534, 32.74699769801343 43.050110753702725, 32.74284691452632 43.0564964031967, 32.739568853180735 43.06314954941962, 32.73719533243608 43.070006194875184, 32.735749495602754 43.07700036327099, 32.7352455770584 43.084064732696795, 32.73568875327641 43.091131282571986, 32.737075080555414 43.09813194818718, 32.73939152052537 43.10499927655978, 32.74261605366509 43.11166707727571, 32.74671788020343 43.11807106200423, 32.75165770690271 43.124149466449744, 32.75738811734593 43.129843648643295, 32.763854022480324 43.13509865767963, 32.770993187319526 43.139863767269254, 32.77873682888546 43.14409296879947, 32.78701027969113 43.147745418979774, 32.79573371033782 43.15078583758392, 32.80482290413503 43.153184851286305, 32.81419007606001 43.154919280123, 32.82374472786451 43.15597236367837, 32.83339453071778 43.15633392470368, 32.843046226454454 43.15600046850527, 32.85260653827779 43.15497521709141, 32.861983081657954 43.153268077729614, 32.87108526616252 43.15089554623345, 32.879825179062294 43.1478805459613, 32.88811844176875 43.144252204161376, 32.89588503047547 43.14004556793009, 32.903050052790135 43.13530126265733, 32.90954447264906 43.130065096405325, 32.91530577639445 43.12438761420184, 32.920278573556644 43.11832360671662, 32.92441512660929 43.111931578229246, 32.927675804743195 43.10527317918089, 32.93002945752475 43.09841260892916, 32.93145370515451 43.09141599459269, 32.93193514291011 43.08435075207677))",200.99,,,,,,,,4801d97d49cc
S4:DOORS3:T6__S2B_MSIL2A_20240604T083559_R064_T36TWN_20240604T131757,S4:DOORS3:T6,MPL-0909,S4_BLACK_SEA_DOORS3,B,train,point,2024-06-03T00:00:00,2024-06-04T00:00:00,False,33.19144,43.02454,5.08,0.3,default_conservative,"field:S4_BLACK_SEA_DOORS3 all_litter S4_visual_GT2_5 (плотность по полосе, не пиксельная разметка)",sentinel-2-l2a,context,UNRELIABLE_SYNC,сдвиг до 33 ч > 18 ч; дрейф до 47 км; известна только середина полосы (GEOMETRY_POINT_ONLY),S2B_MSIL2A_20240604T083559_R064_T36TWN_20240604T131757,2024-06-04T08:35:59Z,Sentinel-2B,82.641649,36TWN,8.6,32.6,20.6,32.6,C,47.12,5.0,"POLYGON ((33.28968887107989 43.02433349191167, 33.28918261717148 43.01726916520067, 33.287735388169565 43.0102752426997, 33.28536143082113 43.003419043879596, 33.28208389162536 42.996766540716436, 33.27793458305811 42.990381724555114, 33.272953667735834 42.984325992768696, 33.26718926391888 42.97865756100618, 33.26069697644313 42.97343090655276, 33.253539357808705 42.968696248009216, 33.245785304740494 42.96449906613621, 33.23750939606629 42.960879670307406, 33.22879117823173 42.95787281457717, 33.21971440518704 42.95550736689892, 33.21036623973618 42.95380603453126, 33.20083642373642 42.95278514814729, 33.1912164247731 42.95245450662121, 33.18159856711222 42.9528172839092, 33.17207515485098 42.95386999887448, 33.16273759524559 42.95560254833248, 33.15367553019363 42.957998303015735, 33.14497598378866 42.96103426558482, 33.13672253374383 42.96468128924402, 33.12899451430208 42.968904354963925, 33.121866258010655 42.97366290477312, 33.115406383438625 42.97891122805815, 33.109677135557256 42.984598897314925, 33.10473378508527 42.990671249324365, 33.100624092624535 42.9970699072889, 33.09738784287824 43.00373333906546, 33.09505645365462 43.01059744627154, 33.09365266371686 43.017596178725064, 33.09319030284809 43.02466216841226, 33.09367414676211 43.03172737696131, 33.09509985871173 43.03872375043949, 33.097454018832586 43.045583875187305, 33.10071424141811 43.052241628359056, 33.10484937945881 43.05863281685671, 33.10981981490504 43.06469579842371, 33.115577832236085 43.070372078807544, 33.12206807205087 43.075606879105905, 33.12922806054645 43.0803496676781, 33.13698880993219 43.08455465133061, 33.145275484050224 43.08818122087078, 33.15400812274866 43.09119434656097, 33.163102417892816 43.09356491949492, 33.172470533312875 43.09527003545156, 33.182021960481556 43.09629321835508, 33.19166440130268 43.09662458107629, 33.20130466907554 43.096260921943596, 33.210849598488174 43.09520575598292, 33.2202069553867 43.09346928057028, 33.22928633707091 43.091068275846894, 33.23800005397755 43.08802594091005, 33.24626398383044 43.08437166744384, 33.25399838965736 43.08014075308512, 33.26112869349161 43.07537405742513, 33.267586198084906 43.070117604118124, 33.27330874954963 43.064422133100024, 33.27824133451224 43.05834260740614, 33.28233660608709 43.05193767951321, 33.28555533375879 43.045269122512344, 33.287866773081205 43.03840123174375, 33.28924895195078 43.03140020278816, 33.28968887107989 43.02433349191167))",200.99,,,,,,,,4801d97d49cc
S4:DOORS3:T7__S2B_MSIL2A_20240604T083559_R064_T36TWN_20240604T131757,S4:DOORS3:T7,MPL-0908,S4_BLACK_SEA_DOORS3,B,train,point,2024-06-03T00:00:00,2024-06-04T00:00:00,False,33.42236,42.98847,4.91,0.3,default_conservative,"field:S4_BLACK_SEA_DOORS3 all_litter S4_visual_GT2_5 (плотность по полосе, не пиксельная разметка)",sentinel-2-l2a,context,UNRELIABLE_SYNC,сдвиг до 33 ч > 18 ч; дрейф до 47 км; известна только середина полосы (GEOMETRY_POINT_ONLY),S2B_MSIL2A_20240604T083559_R064_T36TWN_20240604T131757,2024-06-04T08:35:59Z,Sentinel-2B,82.641649,36TWN,8.6,32.6,20.6,32.6,C,46.73,5.0,"POLYGON ((33.52054878364668 42.988065563308076, 33.5200164271502 42.981002345893444, 33.51854393899652 42.97401142620487, 33.51614580776583 42.96716009350452, 33.51284541088144 42.96051427175056, 33.5086747786831 42.95413788696763, 33.503674276580206 42.948092254572245, 33.49789220870067 42.942435492438825, 33.491384347138556 42.93722196522096, 33.484213391541324 42.932501765124755, 33.47644836436181 42.92832023396919, 33.46816394762904 42.92471753096547, 33.45943976756411 42.921728250209405, 33.45035963378093 42.91938109140931, 33.44101074016601 42.9176985868737, 33.43148283482754 42.916696887260144, 33.4218673667388 42.91638560804567, 33.4122566168779 42.91676773812081, 33.40274282178203 42.917839611343425, 33.39341729749181 42.9195909413129, 33.38436957185881 42.92200491905038, 33.375686533127464 42.925058372696114, 33.367451602581504 42.928721987768306, 33.35974393886342 42.93296058597159, 33.35263768133512 42.93773346000225, 33.34620123954701 42.942994761276694, 33.34049663552266 42.948693937012024, 33.33557890514684 42.95477621261938, 33.331495564466785 42.96118311493398, 33.32828614618173 42.96785303140667, 33.325981811004766 42.97472180002274, 33.32460503793803 42.981723324399965, 33.3241693968085 42.98879020825133, 33.32467940567259 42.99585440318426, 33.32613047491784 43.002847863648455, 33.32850893907512 43.00970320274225, 33.33179217651209 43.01635434254555, 33.33594881631579 43.02273715266586, 33.34093903079821 43.02879007076634, 33.34671491118288 43.03445469898848, 33.35322092316344 43.03967637039031, 33.36039443817754 43.04440467978955, 33.368166335422046 43.048593973730895, 33.37646166886075 43.05220379468257, 33.385200392753276 43.055199275008455, 33.39429813857577 43.05755147675244, 33.40366703561938 43.059237673806784, 33.41321656705145 43.060241573610945, 33.42285445281427 43.06055347613488, 33.4324875504244 43.06017036853428, 33.44202276452649 43.059095954517495, 33.45136795595398 43.057340618127455, 33.460432841054605 43.05492132230905, 33.46912987215407 43.051861443294726, 33.47737509025128 43.048190542491334, 33.485088941362875 43.0439440781823, 33.49219704835463 43.03916305996238, 33.49863093060903 43.033893649392034, 33.504328664470606 43.02818671088948, 33.50923547807665 43.02209731736131, 33.51330427490888 43.01568421550845, 33.51649608118116 43.00900925612307, 33.51878041299865 43.00213679501438, 33.52013556007316 42.99513307046356, 33.52054878364668 42.988065563308076))",200.99,,,,,,,,4801d97d49cc
S4:DOORS3:T8__S2B_MSIL2A_20240604T083559_R064_T36TWN_20240604T131757,S4:DOORS3:T8,MPL-0907,S4_BLACK_SEA_DOORS3,B,train,point,2024-06-03T00:00:00,2024-06-04T00:00:00,False,33.58861,42.97347,4.91,0.3,default_conservative,"field:S4_BLACK_SEA_DOORS3 all_litter S4_visual_GT2_5 (плотность по полосе, не пиксельная разметка)",sentinel-2-l2a,context,UNRELIABLE_SYNC,сдвиг до 33 ч > 18 ч; дрейф до 47 км; известна только середина полосы (GEOMETRY_POINT_ONLY),S2B_MSIL2A_20240604T083559_R064_T36TWN_20240604T131757,2024-06-04T08:35:59Z,Sentinel-2B,82.641649,36TWN,8.6,32.6,20.6,32.6,C,46.73,5.0,"POLYGON ((33.686772042353404 42.9729231154126, 33.686220823873846 42.96586078122824, 33.68472992271414 42.95887210682489, 33.68231400391728 42.952024358901504, 33.67899661500424 42.945383426043506, 33.67480994845586 42.939013186466326, 33.66979452236248 42.932974895829105, 33.66399878266925 42.92732660089804, 33.65747863113125 42.92212258456787, 33.65029688372884 42.91741284743065, 33.64252266487676 42.91324263071891, 33.63423074328818 42.909651985047006, 33.625500815825816 42.90667538893496, 33.61641674608457 42.90434142062871, 33.6070657648036 42.902672486230706, 33.59753763950052 42.90168460663274, 33.58792382095429 42.90138726520053, 33.578316574339446 42.90178331760272, 33.56880810292941 42.90286896460903, 33.55948967234308 42.90463378810836, 33.55045074330562 42.9070608500215, 33.54177812083164 42.91012685320923, 33.533555127616474 42.913802362909834, 33.52586080923938 42.918052086683645, 33.518769178540616 42.922835210301926, 33.512348506232534 42.92810578649648, 33.50666066444386 42.93381317298958, 33.501760529475746 42.93990251575564, 33.49769544956907 42.94631527303002, 33.49450478294669 42.9529897751818, 33.49221951080216 42.959861815208825, 33.49086192926238 42.966865264300615, 33.49044542365674 42.973932706648675, 33.49097432768537 42.98099608747153, 33.49244386929853 42.98798736806298, 33.494840204283086 42.994839181570825, 33.49814053770944 43.00148548317301, 33.50231333252844 43.00786218833811, 33.507318603734106 43.013907792939825, 33.51310829563192 43.019563969141856, 33.51962673888601 43.024776131177624, 33.526811183171105 43.029493965420464, 33.53459240043943 43.03367191947016, 33.542895353038084 43.03726964536975, 33.551639920192386 43.04025239250844, 33.5607416757134 43.04259134625803, 33.57011270920575 43.0442639089265, 33.57966248255263 43.04525392018819, 33.58929871304707 43.04555181475777, 33.59892827422922 43.045154715709586, 33.608458105282736 43.04406646249634, 33.61779611974407 43.042297573385255, 33.626852104287146 43.03986514269633, 33.63553859846279 43.03679267388959, 33.64377174649552 43.03310985019863, 33.651472112566104 43.028852245137145, 33.65856545143064 43.024060975808275, 33.664983426739646 43.01878230251563, 33.670664270015166 43.0130671787034, 33.67555337391051 43.00697075573697, 33.679603814106294 43.00055184746753, 33.68277679497664 42.99387235990351, 33.685042014979935 42.98699669163188, 33.68637794857782 42.97999111089305, 33.686772042353404 42.9729231154126))",200.99,,,,,,,,4801d97d49cc
S4:DOORS3:T9__S2B_MSIL2A_20240604T083559_R064_T36TWN_20240604T131757,S4:DOORS3:T9,MPL-0906,S4_BLACK_SEA_DOORS3,B,train,point,2024-06-03T00:00:00,2024-06-04T00:00:00,False,33.84326,42.92725,5.08,0.3,default_conservative,"field:S4_BLACK_SEA_DOORS3 all_litter S4_visual_GT2_5 (плотность по полосе, не пиксельная разметка)",sentinel-2-l2a,context,UNRELIABLE_SYNC,сдвиг до 33 ч > 18 ч; дрейф до 47 км; известна только середина полосы (GEOMETRY_POINT_ONLY),S2B_MSIL2A_20240604T083559_R064_T36TWN_20240604T131757,2024-06-04T08:35:59Z,Sentinel-2B,82.641649,36TWN,8.6,32.6,20.6,32.6,C,47.12,5.0,"POLYGON ((33.941342617319485 42.92648543456237, 33.940762824611454 42.919424537261975, 33.939244403823864 42.91243937995725, 33.93680228332354 42.90559719406985, 33.9334602607732 42.8989638133715, 33.9292507632892 42.89260304230303, 33.92421452593155 42.88657604453835, 33.91840019197133 42.88094075756418, 33.91186383906419 42.87575133877367, 33.904668436093104 42.87105764825232, 33.89688323602434 42.86690477307134, 33.88858311064639 42.8633325974989, 33.87984783353052 42.8603754231006, 33.87076131796211 42.85806164222834, 33.861410816943874 42.85641346789737, 33.851886092664486 42.85544672252761, 33.84227856305961 42.8551706874839, 33.83268043326564 42.85558801479172, 33.82318381988109 42.85669470183727, 33.81387987600502 42.85848012928671, 33.804857925017465 42.86092716188296, 33.7962046110027 42.86401231120499, 33.788003073592144 42.86770595890728, 33.780332154820506 42.87197263840151, 33.77326564534526 42.87677137240217, 33.76687157707645 42.88205606323722, 33.76121156890114 42.887775932329006, 33.75634023176438 42.893876004782285, 33.752304638888596 42.900297634582124, 33.7491438663749 42.90697906550556, 33.746888608837224 42.91385602249434, 33.745560874073604 42.92086232792403, 33.7451737600833 42.92793053694044, 33.74573131699713 42.93499258582352, 33.7472284957065 42.94198044718122, 33.74965118416031 42.9488267856777, 33.75297633145501 42.955465607960384, 33.757172158979934 42.9618329004732, 33.76219845700557 42.96786724892854, 33.76800696422788 42.97351043335823, 33.77454182691532 42.97870799287526, 33.781740133459905 42.983409754550784, 33.78953251931927 42.98757032114323, 33.79784383656444 42.991149512806714, 33.806593881530425 42.99411275834963, 33.8156981734126 42.99643143210756, 33.825068776072825 42.9980831330327, 33.83461515482352 42.99905190317861, 33.844245059554005 42.99932838336852, 33.85386542525764 42.99890990446999, 33.863383280815796 42.99780051335226, 33.87270665679919 42.99601093326624, 33.88174548305931 42.993558459054064, 33.89041246700367 42.99046678825682, 33.89862394367481 42.98676578983841, 33.90630068908186 42.98249121287249, 33.91336868865886 42.97768433814094, 33.9197598532387 42.972391576159715, 33.925412675528015 42.96666401567568, 33.930272820736754 42.96055692715887, 33.93429364574549 42.954129226245996, 33.937436641974905 42.94744290246776, 33.93967179794202 42.940562418910275, 33.940977878336824 42.933554088720605, 33.941342617319485 42.92648543456237))",200.99,,,,,,,,4801d97d49cc
S1:0.1__none,S1:0.1,MPL-0526,S1_GPGP2018,C,optional,strip,2015-07-25T21:30:00,2015-07-25T23:03:00,True,-128.790017,33.1895665,2.93,0.3,default_conservative,"field:S1_GPGP2018 total_plastic S1_trawl_5_to_50 (плотность по полосе, не пиксельная разметка)",sentinel-2-l2a,rejected,NO_SCENE,нет сцен Sentinel-2 L2A в окне ±1 сут.,,,,,,,,,,,,,,,,,,,,,,4801d97d49cc
S1:1.3__none,S1:1.3,MPL-0531,S1_GPGP2018,C,optional,strip,2015-07-27T15:34:00,2015-07-27T19:13:00,True,-134.05625,29.07234,6.39,0.3,default_conservative,"field:S1_GPGP2018 total_plastic S1_trawl_5_to_50 (плотность по полосе, не пиксельная разметка)",sentinel-2-l2a,rejected,NO_SCENE,нет сцен Sentinel-2 L2A в окне ±1 сут.,,,,,,,,,,,,,,,,,,,,,,4801d97d49cc
S1:10.4__none,S1:10.4,MPL-0554,S1_GPGP2018,C,optional,strip,2015-07-29T20:40:00,2015-07-29T23:27:00,True,-139.1930835,29.000435,6.75,0.3,default_conservative,"field:S1_GPGP2018 total_plastic S1_trawl_5_to_50 (плотность по полосе, не пиксельная разметка)",sentinel-2-l2a,rejected,NO_SCENE,нет сцен Sentinel-2 L2A в окне ±1 сут.,,,,,,,,,,,,,,,,,,,,,,4801d97d49cc
S1:11.4__none,S1:11.4,MPL-0563,S1_GPGP2018,C,optional,strip,2015-07-29T02:13:00,2015-07-29T05:26:00,True,-139.833862,29.0174845,7.31,0.3,default_conservative,"field:S1_GPGP2018 total_plastic S1_trawl_5_to_50 (плотность по полосе, не пиксельная разметка)",sentinel-2-l2a,rejected,NO_SCENE,нет сцен Sentinel-2 L2A в окне ±1 сут.,,,,,,,,,,,,,,,,,,,,,,4801d97d49cc
S1:12.3__none,S1:12.3,MPL-0566,S1_GPGP2018,C,optional,strip,2015-07-30T08:30:00,2015-07-30T11:39:00,True,-140.4820415,28.99819,6.34,0.3,default_conservative,"field:S1_GPGP2018 total_plastic S1_trawl_5_to_50 (плотность по полосе, не пиксельная разметка)",sentinel-2-l2a,rejected,NO_SCENE,нет сцен Sentinel-2 L2A в окне ±1 сут.,,,,,,,,,,,,,,,,,,,,,,4801d97d49cc
S1:13.3__none,S1:13.3,MPL-0569,S1_GPGP2018,C,optional,strip,2015-07-30T14:47:00,2015-07-30T17:47:00,True,-141.0904165,28.99935,6.06,0.3,default_conservative,"field:S1_GPGP2018 total_plastic S1_trawl_5_to_50 (плотность по полосе, не пиксельная разметка)",sentinel-2-l2a,rejected,NO_SCENE,нет сцен Sentinel-2 L2A в окне ±1 сут.,,,,,,,,,,,,,,,,,,,,,,4801d97d49cc
S1:14.3__none,S1:14.3,MPL-0570,S1_GPGP2018,C,optional,strip,2015-07-30T20:32:00,2015-07-30T22:53:00,True,-141.6246665,29.00124,5.81,0.3,default_conservative,"field:S1_GPGP2018 total_plastic S1_trawl_5_to_50 (плотность по полосе, не пиксельная разметка)",sentinel-2-l2a,rejected,NO_SCENE,нет сцен Sentinel-2 L2A в окне ±1 сут.,,,,,,,,,,,,,,,,,,,,,,4801d97d49cc
S1:15.3__none,S1:15.3,MPL-0577,S1_GPGP2018,C,optional,strip,2015-07-31T02:39:00,2015-07-31T05:38:00,True,-142.3245335,29.00566,5.8,0.3,default_conservative,"field:S1_GPGP2018 total_plastic S1_trawl_5_to_50 (плотность по полосе, не пиксельная разметка)",sentinel-2-l2a,rejected,NO_SCENE,нет сцен Sentinel-2 L2A в окне ±1 сут.,,,,,,,,,,,,,,,,,,,,,,4801d97d49cc
S1:16.3__none,S1:16.3,MPL-0581,S1_GPGP2018,C,optional,strip,2015-07-31T08:46:00,2015-07-31T11:38:00,True,-142.9808085,29.00719,5.65,0.3,default_conservative,"field:S1_GPGP2018 total_plastic S1_trawl_5_to_50 (плотность по полосе, не пиксельная разметка)",sentinel-2-l2a,rejected,NO_SCENE,нет сцен Sentinel-2 L2A в окне ±1 сут.,,,,,,,,,,,,,,,,,,,,,,4801d97d49cc
S1:17.3__none,S1:17.3,MPL-0574,S1_GPGP2018,C,optional,strip,2015-07-31T14:16:00,2015-07-31T17:20:00,True,-143.5482335,28.98866,5.55,0.3,default_conservative,"field:S1_GPGP2018 total_plastic S1_trawl_5_to_50 (плотность по полосе, не пиксельная разметка)",sentinel-2-l2a,rejected,NO_SCENE,нет сцен Sentinel-2 L2A в окне ±1 сут.,,,,,,,,,,,,,,,,,,,,,,4801d97d49cc
S1:17.4__none,S1:17.4,MPL-0573,S1_GPGP2018,C,optional,strip,2015-07-31T14:41:00,2015-07-31T17:42:00,True,-143.5660835,28.987515,5.51,0.3,default_conservative,"field:S1_GPGP2018 total_plastic S1_trawl_5_to_50 (плотность по полосе, не пиксельная разметка)",sentinel-2-l2a,rejected,NO_SCENE,нет сцен Sentinel-2 L2A в окне ±1 сут.,,,,,,,,,,,,,,,,,,,,,,4801d97d49cc
S1:18.4__none,S1:18.4,MPL-0593,S1_GPGP2018,C,optional,strip,2015-08-01T08:07:00,2015-08-01T11:02:00,True,-142.7086915,30.023565,6.75,0.3,default_conservative,"field:S1_GPGP2018 total_plastic S1_trawl_5_to_50 (плотность по полосе, не пиксельная разметка)",sentinel-2-l2a,rejected,NO_SCENE,нет сцен Sentinel-2 L2A в окне ±1 сут.,,,,,,,,,,,,,,,,,,,,,,4801d97d49cc
S1:19.4__none,S1:19.4,MPL-0590,S1_GPGP2018,C,optional,strip,2015-08-01T14:08:00,2015-08-01T17:41:00,True,-142.26325,30.010985,6.74,0.3,default_conservative,"field:S1_GPGP2018 total_plastic S1_trawl_5_to_50 (плотность по полосе, не пиксельная разметка)",sentinel-2-l2a,rejected,NO_SCENE,нет сцен Sentinel-2 L2A в окне ±1 сут.,,,,,,,,,,,,,,,,,,,,,,4801d97d49cc
S1:2.3__none,S1:2.3,MPL-0530,S1_GPGP2018,C,optional,strip,2015-07-27T20:54:00,2015-07-28T00:28:00,True,-134.546025,29.054015,6.63,0.3,default_conservative,"field:S1_GPGP2018 total_plastic S1_trawl_5_to_50 (плотность по полосе, не пиксельная разметка)",sentinel-2-l2a,rejected,NO_SCENE,нет сцен Sentinel-2 L2A в окне ±1 сут.,,,,,,,,,,,,,,,,,,,,,,4801d97d49cc
S1:20.4__none,S1:20.4,MPL-0588,S1_GPGP2018,C,optional,strip,2015-08-01T20:18:00,2015-08-02T00:19:00,True,-141.7679665,30.006425,6.48,0.3,default_conservative,"field:S1_GPGP2018 total_plastic S1_trawl_5_to_50 (плотность по полосе, не пиксельная разметка)",sentinel-2-l2a,rejected,NO_SCENE,нет сцен Sentinel-2 L2A в окне ±1 сут.,,,,,,,,,,,,,,,,,,,,,,4801d97d49cc
S1:21.4__none,S1:21.4,MPL-0597,S1_GPGP2018,C,optional,strip,2015-08-02T02:15:00,2015-08-02T06:06:00,True,-141.3439415,29.998635,5.87,0.3,default_conservative,"field:S1_GPGP2018 total_plastic S1_trawl_5_to_50 (плотность по полосе, не пиксельная разметка)",sentinel-2-l2a,rejected,NO_SCENE,нет сцен Sentinel-2 L2A в окне ±1 сут.,,,,,,,,,,,,,,,,,,,,,,4801d97d49cc
S1:22.4__none,S1:22.4,MPL-0599,S1_GPGP2018,C,optional,strip,2015-08-02T08:34:00,2015-08-02T12:08:00,True,-140.8015085,29.999935,4.65,0.3,default_conservative,"field:S1_GPGP2018 total_plastic S1_trawl_5_to_50 (плотность по полосе, не пиксельная разметка)",sentinel-2-l2a,rejected,NO_SCENE,нет сцен Sentinel-2 L2A в окне ±1 сут.,,,,,,,,,,,,,,,,,,,,,,4801d97d49cc
S1:24.4__none,S1:24.4,MPL-0596,S1_GPGP2018,C,optional,strip,2015-08-02T20:18:00,2015-08-02T23:59:00,True,-139.8215915,29.9806,2.34,0.3,default_conservative,"field:S1_GPGP2018 total_plastic S1_trawl_5_to_50 (плотность по полосе, не пиксельная разметка)",sentinel-2-l2a,rejected,NO_SCENE,нет сцен Sentinel-2 L2A в окне ±1 сут.,,,,,,,,,,,,,,,,,,,,,,4801d97d49cc
S1:25.3__none,S1:25.3,MPL-0607,S1_GPGP2018,C,optional,strip,2015-08-03T02:28:00,2015-08-03T05:42:00,True,-139.342975,30.00105,2.32,0.3,default_conservative,"field:S1_GPGP2018 total_plastic S1_trawl_5_to_50 (плотность по полосе, не пиксельная разметка)",sentinel-2-l2a,rejected,NO_SCENE,нет сцен Sentinel-2 L2A в окне ±1 сут.,,,,,,,,,,,,,,,,,,,,,,4801d97d49cc
S1:26.3__none,S1:26.3,MPL-0606,S1_GPGP2018,C,optional,strip,2015-08-03T08:47:00,2015-08-03T11:43:00,True,-138.767875,30.00074,2.85,0.3,default_conservative,"field:S1_GPGP2018 total_plastic S1_trawl_5_to_50 (плотность по полосе, не пиксельная разметка)",sentinel-2-l2a,rejected,NO_SCENE,нет сцен Sentinel-2 L2A в окне ±1 сут.,,,,,,,,,,,,,,,,,,,,,,4801d97d49cc
S1:27.3__none,S1:27.3,MPL-0603,S1_GPGP2018,C,optional,strip,2015-08-03T14:09:00,2015-08-03T18:08:00,True,-138.2296,29.985215,2.78,0.3,default_conservative,"field:S1_GPGP2018 total_plastic S1_trawl_5_to_50 (плотность по полосе, не пиксельная разметка)",sentinel-2-l2a,rejected,NO_SCENE,нет сцен Sentinel-2 L2A в окне ±1 сут.,,,,,,,,,,,,,,,,,,,,,,4801d97d49cc
S1:28.3__none,S1:28.3,MPL-0610,S1_GPGP2018,C,optional,strip,2015-08-03T20:48:00,2015-08-03T23:46:00,True,-137.7446665,30.003565,3.16,0.3,default_conservative,"field:S1_GPGP2018 total_plastic S1_trawl_5_to_50 (плотность по полосе, не пиксельная разметка)",sentinel-2-l2a,rejected,NO_SCENE,нет сцен Sentinel-2 L2A в окне ±1 сут.,,,,,,,,,,,,,,,,,,,,,,4801d97d49cc
S1:29.3__none,S1:29.3,MPL-0622,S1_GPGP2018,C,optional,strip,2015-08-04T02:21:00,2015-08-04T05:10:00,True,-137.2931585,30.002915,3.48,0.3,default_conservative,"field:S1_GPGP2018 total_plastic S1_trawl_5_to_50 (плотность по полосе, не пиксельная разметка)",sentinel-2-l2a,rejected,NO_SCENE,нет сцен Sentinel-2 L2A в окне ±1 сут.,,,,,,,,,,,,,,,,,,,,,,4801d97d49cc
S1:3.3__none,S1:3.3,MPL-0543,S1_GPGP2018,C,optional,strip,2015-07-28T02:42:00,2015-07-28T06:21:00,True,-135.1118335,29.00679,6.94,0.3,default_conservative,"field:S1_GPGP2018 total_plastic S1_trawl_5_to_50 (плотность по полосе, не пиксельная разметка)",sentinel-2-l2a,rejected,NO_SCENE,нет сцен Sentinel-2 L2A в окне ±1 сут.,,,,,,,,,,,,,,,,,,,,,,4801d97d49cc
S1:30.3__none,S1:30.3,MPL-0623,S1_GPGP2018,C,optional,strip,2015-08-04T08:50:00,2015-08-04T11:39:00,True,-136.6517,30.00491,3.48,0.3,default_conservative,"field:S1_GPGP2018 total_plastic S1_trawl_5_to_50 (плотность по полосе, не пиксельная разметка)",sentinel-2-l2a,rejected,NO_SCENE,нет сцен Sentinel-2 L2A в окне ±1 сут.,,,,,,,,,,,,,,,,,,,,,,4801d97d49cc
S1:30.4__none,S1:30.4,MPL-0621,S1_GPGP2018,C,optional,strip,2015-08-04T08:34:00,2015-08-04T11:53:00,True,-136.6523,30.00139,3.48,0.3,default_conservative,"field:S1_GPGP2018 total_plastic S1_trawl_5_to_50 (плотность по полосе, не пиксельная разметка)",sentinel-2-l2a,rejected,NO_SCENE,нет сцен Sentinel-2 L2A в окне ±1 сут.,,,,,,,,,,,,,,,,,,,,,,4801d97d49cc
S1:31.4__none,S1:31.4,MPL-0618,S1_GPGP2018,C,optional,strip,2015-08-04T14:38:00,2015-08-04T18:02:00,True,-136.0622665,29.996715,2.97,0.3,default_conservative,"field:S1_GPGP2018 total_plastic S1_trawl_5_to_50 (плотность по полосе, не пиксельная разметка)",sentinel-2-l2a,rejected,NO_SCENE,нет сцен Sentinel-2 L2A в окне ±1 сут.,,,,,,,,,,,,,,,,,,,,,,4801d97d49cc
S1:32.4__none,S1:32.4,MPL-0627,S1_GPGP2018,C,optional,strip,2015-08-04T20:38:00,2015-08-05T00:04:00,True,-135.476125,30.015125,2.93,0.3,default_conservative,"field:S1_GPGP2018 total_plastic S1_trawl_5_to_50 (плотность по полосе, не пиксельная разметка)",sentinel-2-l2a,rejected,NO_SCENE,нет сцен Sentinel-2 L2A в окне ±1 сут.,,,,,,,,,,,,,,,,,,,,,,4801d97d49cc
S1:33.4__none,S1:33.4,MPL-0634,S1_GPGP2018,C,optional,strip,2015-08-05T02:36:00,2015-08-05T06:03:00,True,-134.8896165,30.00406,3.16,0.3,default_conservative,"field:S1_GPGP2018 total_plastic S1_trawl_5_to_50 (плотность по полосе, не пиксельная разметка)",sentinel-2-l2a,rejected,NO_SCENE,нет сцен Sentinel-2 L2A в окне ±1 сут.,,,,,,,,,,,,,,,,,,,,,,4801d97d49cc
S1:34.4__none,S1:34.4,MPL-0631,S1_GPGP2018,C,optional,strip,2015-08-05T08:35:00,2015-08-05T12:04:00,True,-134.268275,30.000825,2.99,0.3,default_conservative,"field:S1_GPGP2018 total_plastic S1_trawl_5_to_50 (плотность по полосе, не пиксельная разметка)",sentinel-2-l2a,rejected,NO_SCENE,нет сцен Sentinel-2 L2A в окне ±1 сут.,,,,,,,,,,,,,,,,,,,,,,4801d97d49cc
S1:35.4__none,S1:35.4,MPL-0637,S1_GPGP2018,C,optional,strip,2015-08-05T20:42:00,2015-08-06T00:05:00,True,-134.2625085,30.998235,1.86,0.3,default_conservative,"field:S1_GPGP2018 total_plastic S1_trawl_5_to_50 (плотность по полосе, не пиксельная разметка)",sentinel-2-l2a,rejected,NO_SCENE,нет сцен Sentinel-2 L2A в окне ±1 сут.,,,,,,,,,,,,,,,,,,,,,,4801d97d49cc
S1:36.3__none,S1:36.3,MPL-0647,S1_GPGP2018,C,optional,strip,2015-08-06T02:47:00,2015-08-06T05:45:00,True,-134.8475585,30.997975,2.33,0.3,default_conservative,"field:S1_GPGP2018 total_plastic S1_trawl_5_to_50 (плотность по полосе, не пиксельная разметка)",sentinel-2-l2a,rejected,NO_SCENE,нет сцен Sentinel-2 L2A в окне ±1 сут.,,,,,,,,,,,,,,,,,,,,,,4801d97d49cc
S1:37.3__none,S1:37.3,MPL-0648,S1_GPGP2018,C,optional,strip,2015-08-06T08:54:00,2015-08-06T11:47:00,True,-135.4216585,31.000565,3.33,0.3,default_conservative,"field:S1_GPGP2018 total_plastic S1_trawl_5_to_50 (плотность по полосе, не пиксельная разметка)",sentinel-2-l2a,rejected,NO_SCENE,нет сцен Sentinel-2 L2A в окне ±1 сут.,,,,,,,,,,,,,,,,,,,,,,4801d97d49cc
S1:38.3__none,S1:38.3,MPL-0642,S1_GPGP2018,C,optional,strip,2015-08-06T14:52:00,2015-08-06T17:40:00,True,-135.9519665,30.991785,4.52,0.3,default_conservative,"field:S1_GPGP2018 total_plastic S1_trawl_5_to_50 (плотность по полосе, не пиксельная разметка)",sentinel-2-l2a,rejected,NO_SCENE,нет сцен Sentinel-2 L2A в окне ±1 сут.,,,,,,,,,,,,,,,,,,,,,,4801d97d49cc
S1:39.3__none,S1:39.3,MPL-0640,S1_GPGP2018,C,optional,strip,2015-08-06T20:51:00,2015-08-06T23:48:00,True,-136.3260415,30.97964,5.84,0.3,default_conservative,"field:S1_GPGP2018 total_plastic S1_trawl_5_to_50 (плотность по полосе, не пиксельная разметка)",sentinel-2-l2a,rejected,NO_SCENE,нет сцен Sentinel-2 L2A в окне ±1 сут.,,,,,,,,,,,,,,,,,,,,,,4801d97d49cc
S1:4.3__none,S1:4.3,MPL-0535,S1_GPGP2018,C,optional,strip,2015-07-28T09:12:00,2015-07-28T12:06:00,True,-135.6992415,28.988125,6.9,0.3,default_conservative,"field:S1_GPGP2018 total_plastic S1_trawl_5_to_50 (плотность по полосе, не пиксельная разметка)",sentinel-2-l2a,rejected,NO_SCENE,нет сцен Sentinel-2 L2A в окне ±1 сут.,,,,,,,,,,,,,,,,,,,,,,4801d97d49cc
S1:41.3__none,S1:41.3,MPL-0654,S1_GPGP2018,C,optional,strip,2015-08-07T10:02:00,2015-08-07T11:40:00,True,-137.3956835,30.965825,6.92,0.3,default_conservative,"field:S1_GPGP2018 total_plastic S1_trawl_5_to_50 (плотность по полосе, не пиксельная разметка)",sentinel-2-l2a,rejected,NO_SCENE,нет сцен Sentinel-2 L2A в окне ±1 сут.,,,,,,,,,,,,,,,,,,,,,,4801d97d49cc
S1:42.3__none,S1:42.3,MPL-0656,S1_GPGP2018,C,optional,strip,2015-08-07T15:15:00,2015-08-07T17:49:00,True,-137.914525,30.988835,6.88,0.3,default_conservative,"field:S1_GPGP2018 total_plastic S1_trawl_5_to_50 (плотность по полосе, не пиксельная разметка)",sentinel-2-l2a,rejected,NO_SCENE,нет сцен Sentinel-2 L2A в окне ±1 сут.,,,,,,,,,,,,,,,,,,,,,,4801d97d49cc
S1:42.4__none,S1:42.4,MPL-0658,S1_GPGP2018,C,optional,strip,2015-08-07T14:58:00,2015-08-07T18:09:00,True,-137.91355,30.98994,6.88,0.3,default_conservative,"field:S1_GPGP2018 total_plastic S1_trawl_5_to_50 (плотность по полосе, не пиксельная разметка)",sentinel-2-l2a,rejected,NO_SCENE,нет сцен Sentinel-2 L2A в окне ±1 сут.,,,,,,,,,,,,,,,,,,,,,,4801d97d49cc
S1:43.4__none,S1:43.4,MPL-0660,S1_GPGP2018,C,optional,strip,2015-08-07T20:37:00,2015-08-08T00:13:00,True,-138.493,31.001675,6.74,0.3,default_conservative,"field:S1_GPGP2018 total_plastic S1_trawl_5_to_50 (плотность по полосе, не пиксельная разметка)",sentinel-2-l2a,rejected,NO_SCENE,нет сцен Sentinel-2 L2A в окне ±1 сут.,,,,,,,,,,,,,,,,,,,,,,4801d97d49cc
S1:44.4__none,S1:44.4,MPL-0668,S1_GPGP2018,C,optional,strip,2015-08-08T02:42:00,2015-08-08T06:01:00,True,-139.0254165,30.99416,6.64,0.3,default_conservative,"field:S1_GPGP2018 total_plastic S1_trawl_5_to_50 (плотность по полосе, не пиксельная разметка)",sentinel-2-l2a,rejected,NO_SCENE,нет сцен Sentinel-2 L2A в окне ±1 сут.,,,,,,,,,,,,,,,,,,,,,,4801d97d49cc
S1:45.4__none,S1:45.4,MPL-0666,S1_GPGP2018,C,optional,strip,2015-08-08T08:36:00,2015-08-08T12:02:00,True,-139.5542835,30.987735,6.61,0.3,default_conservative,"field:S1_GPGP2018 total_plastic S1_trawl_5_to_50 (плотность по полосе, не пиксельная разметка)",sentinel-2-l2a,rejected,NO_SCENE,нет сцен Sentinel-2 L2A в окне ±1 сут.,,,,,,,,,,,,,,,,,,,,,,4801d97d49cc
S1:46.4__none,S1:46.4,MPL-0671,S1_GPGP2018,C,optional,strip,2015-08-08T14:40:00,2015-08-08T18:12:00,True,-140.084,30.999525,6.77,0.3,default_conservative,"field:S1_GPGP2018 total_plastic S1_trawl_5_to_50 (плотность по полосе, не пиксельная разметка)",sentinel-2-l2a,rejected,NO_SCENE,нет сцен Sentinel-2 L2A в окне ±1 сут.,,,,,,,,,,,,,,,,,,,,,,4801d97d49cc
S1:47.4__none,S1:47.4,MPL-0669,S1_GPGP2018,C,optional,strip,2015-08-08T20:35:00,2015-08-08T23:55:00,True,-140.6223835,30.99445,6.29,0.3,default_conservative,"field:S1_GPGP2018 total_plastic S1_trawl_5_to_50 (плотность по полосе, не пиксельная разметка)",sentinel-2-l2a,rejected,NO_SCENE,нет сцен Sentinel-2 L2A в окне ±1 сут.,,,,,,,,,,,,,,,,,,,,,,4801d97d49cc
S1:48.4__none,S1:48.4,MPL-0677,S1_GPGP2018,C,optional,strip,2015-08-09T02:42:00,2015-08-09T06:02:00,True,-141.2498415,30.97485,5.95,0.3,default_conservative,"field:S1_GPGP2018 total_plastic S1_trawl_5_to_50 (плотность по полосе, не пиксельная разметка)",sentinel-2-l2a,rejected,NO_SCENE,нет сцен Sentinel-2 L2A в окне ±1 сут.,,,,,,,,,,,,,,,,,,,,,,4801d97d49cc
S1:49.3__none,S1:49.3,MPL-0684,S1_GPGP2018,C,optional,strip,2015-08-09T08:48:00,2015-08-09T11:46:00,True,-141.8085085,30.991625,5.47,0.3,default_conservative,"field:S1_GPGP2018 total_plastic S1_trawl_5_to_50 (плотность по полосе, не пиксельная разметка)",sentinel-2-l2a,rejected,NO_SCENE,нет сцен Sentinel-2 L2A в окне ±1 сут.,,,,,,,,,,,,,,,,,,,,,,4801d97d49cc
S1:5.3__none,S1:5.3,MPL-0546,S1_GPGP2018,C,optional,strip,2015-07-28T15:03:00,2015-07-28T17:58:00,True,-136.26805,29.00875,6.97,0.3,default_conservative,"field:S1_GPGP2018 total_plastic S1_trawl_5_to_50 (плотность по полосе, не пиксельная разметка)",sentinel-2-l2a,rejected,NO_SCENE,нет сцен Sentinel-2 L2A в окне ±1 сут.,,,,,,,,,,,,,,,,,,,,,,4801d97d49cc
S1:50.3__none,S1:50.3,MPL-0687,S1_GPGP2018,C,optional,strip,2015-08-09T14:47:00,2015-08-09T17:41:00,True,-142.37745,30.996965,4.7,0.3,default_conservative,"field:S1_GPGP2018 total_plastic S1_trawl_5_to_50 (плотность по полосе, не пиксельная разметка)",sentinel-2-l2a,rejected,NO_SCENE,нет сцен Sentinel-2 L2A в окне ±1 сут.,,,,,,,,,,,,,,,,,,,,,,4801d97d49cc
S1:51.3__none,S1:51.3,MPL-0680,S1_GPGP2018,C,optional,strip,2015-08-09T21:10:00,2015-08-09T23:46:00,True,-142.8742845,30.9897265,3.99,0.3,default_conservative,"field:S1_GPGP2018 total_plastic S1_trawl_5_to_50 (плотность по полосе, не пиксельная разметка)",sentinel-2-l2a,rejected,NO_SCENE,нет сцен Sentinel-2 L2A в окне ±1 сут.,,,,,,,,,,,,,,,,,,,,,,4801d97d49cc
S1:52.3__none,S1:52.3,MPL-0691,S1_GPGP2018,C,optional,strip,2015-08-10T02:48:00,2015-08-10T05:46:00,True,-143.3006915,31.00401,3.67,0.3,default_conservative,"field:S1_GPGP2018 total_plastic S1_trawl_5_to_50 (плотность по полосе, не пиксельная разметка)",sentinel-2-l2a,rejected,NO_SCENE,нет сцен Sentinel-2 L2A в окне ±1 сут.,,,,,,,,,,,,,,,,,,,,,,4801d97d49cc
S1:53.3__none,S1:53.3,MPL-0694,S1_GPGP2018,C,optional,strip,2015-08-10T08:51:00,2015-08-10T11:44:00,True,-143.842775,31.00916,3.2,0.3,default_conservative,"field:S1_GPGP2018 total_plastic S1_trawl_5_to_50 (плотность по полосе, не пиксельная разметка)",sentinel-2-l2a,rejected,NO_SCENE,нет сцен Sentinel-2 L2A в окне ±1 сут.,,,,,,,,,,,,,,,,,,,,,,4801d97d49cc
S1:54.3__none,S1:54.3,MPL-0701,S1_GPGP2018,C,optional,strip,2015-08-10T20:54:00,2015-08-10T23:48:00,True,-143.6377665,32.028835,5.7,0.3,default_conservative,"field:S1_GPGP2018 total_plastic S1_trawl_5_to_50 (плотность по полосе, не пиксельная разметка)",sentinel-2-l2a,rejected,NO_SCENE,нет сцен Sentinel-2 L2A в окне ±1 сут.,,,,,,,,,,,,,,,,,,,,,,4801d97d49cc
S1:54.4__none,S1:54.4,MPL-0699,S1_GPGP2018,C,optional,strip,2015-08-10T20:36:00,2015-08-11T00:05:00,True,-143.6277915,32.023415,5.7,0.3,default_conservative,"field:S1_GPGP2018 total_plastic S1_trawl_5_to_50 (плотность по полосе, не пиксельная разметка)",sentinel-2-l2a,rejected,NO_SCENE,нет сцен Sentinel-2 L2A в окне ±1 сут.,,,,,,,,,,,,,,,,,,,,,,4801d97d49cc
S1:55.4__none,S1:55.4,MPL-0715,S1_GPGP2018,C,optional,strip,2015-08-11T02:34:00,2015-08-11T06:00:00,True,-143.1047085,32.021825,6.37,0.3,default_conservative,"field:S1_GPGP2018 total_plastic S1_trawl_5_to_50 (плотность по полосе, не пиксельная разметка)",sentinel-2-l2a,rejected,NO_SCENE,нет сцен Sentinel-2 L2A в окне ±1 сут.,,,,,,,,,,,,,,,,,,,,,,4801d97d49cc
S1:56.4__none,S1:56.4,MPL-0711,S1_GPGP2018,C,optional,strip,2015-08-11T08:35:00,2015-08-11T11:59:00,True,-142.5771415,32.01915,6.73,0.3,default_conservative,"field:S1_GPGP2018 total_plastic S1_trawl_5_to_50 (плотность по полосе, не пиксельная разметка)",sentinel-2-l2a,rejected,NO_SCENE,нет сцен Sentinel-2 L2A в окне ±1 сут.,,,,,,,,,,,,,,,,,,,,,,4801d97d49cc
S1:57.4__none,S1:57.4,MPL-0705,S1_GPGP2018,C,optional,strip,2015-08-11T14:36:00,2015-08-11T17:59:00,True,-142.0377085,32.003635,6.71,0.3,default_conservative,"field:S1_GPGP2018 total_plastic S1_trawl_5_to_50 (плотность по полосе, не пиксельная разметка)",sentinel-2-l2a,rejected,NO_SCENE,нет сцен Sentinel-2 L2A в окне ±1 сут.,,,,,,,,,,,,,,,,,,,,,,4801d97d49cc
S1:58.4__none,S1:58.4,MPL-0710,S1_GPGP2018,C,optional,strip,2015-08-11T20:41:00,2015-08-11T23:58:00,True,-141.4973835,32.01739,6.22,0.3,default_conservative,"field:S1_GPGP2018 total_plastic S1_trawl_5_to_50 (плотность по полосе, не пиксельная разметка)",sentinel-2-l2a,rejected,NO_SCENE,нет сцен Sentinel-2 L2A в окне ±1 сут.,,,,,,,,,,,,,,,,,,,,,,4801d97d49cc
S1:6.3__none,S1:6.3,MPL-0545,S1_GPGP2018,C,optional,strip,2015-07-28T21:00:00,2015-07-29T00:28:00,True,-136.8621665,29.00841,7.05,0.3,default_conservative,"field:S1_GPGP2018 total_plastic S1_trawl_5_to_50 (плотность по полосе, не пиксельная разметка)",sentinel-2-l2a,rejected,NO_SCENE,нет сцен Sentinel-2 L2A в окне ±1 сут.,,,,,,,,,,,,,,,,,,,,,,4801d97d49cc
S1:6.4__none,S1:6.4,MPL-0544,S1_GPGP2018,C,optional,strip,2015-07-28T20:44:00,2015-07-29T00:08:00,True,-136.8627915,29.0074,7.05,0.3,default_conservative,"field:S1_GPGP2018 total_plastic S1_trawl_5_to_50 (плотность по полосе, не пиксельная разметка)",sentinel-2-l2a,rejected,NO_SCENE,нет сцен Sentinel-2 L2A в окне ±1 сут.,,,,,,,,,,,,,,,,,,,,,,4801d97d49cc
S1:60.4__none,S1:60.4,MPL-0721,S1_GPGP2018,C,optional,strip,2015-08-12T08:37:00,2015-08-12T12:21:00,True,-140.3389585,32.00135,4.95,0.3,default_conservative,"field:S1_GPGP2018 total_plastic S1_trawl_5_to_50 (плотность по полосе, не пиксельная разметка)",sentinel-2-l2a,rejected,NO_SCENE,нет сцен Sentinel-2 L2A в окне ±1 сут.,,,,,,,,,,,,,,,,,,,,,,4801d97d49cc
S1:61.3__none,S1:61.3,MPL-0716,S1_GPGP2018,C,optional,strip,2015-08-12T14:48:00,2015-08-12T17:44:00,True,-139.8349335,31.99739,4.88,0.3,default_conservative,"field:S1_GPGP2018 total_plastic S1_trawl_5_to_50 (плотность по полосе, не пиксельная разметка)",sentinel-2-l2a,rejected,NO_SCENE,нет сцен Sentinel-2 L2A в окне ±1 сут.,,,,,,,,,,,,,,,,,,,,,,4801d97d49cc
S1:62.3__none,S1:62.3,MPL-0724,S1_GPGP2018,C,optional,strip,2015-08-12T20:52:00,2015-08-12T23:46:00,True,-139.3066335,32.007425,4.96,0.3,default_conservative,"field:S1_GPGP2018 total_plastic S1_trawl_5_to_50 (плотность по полосе, не пиксельная разметка)",sentinel-2-l2a,rejected,NO_SCENE,нет сцен Sentinel-2 L2A в окне ±1 сут.,,,,,,,,,,,,,,,,,,,,,,4801d97d49cc
S1:63.3__none,S1:63.3,MPL-0738,S1_GPGP2018,C,optional,strip,2015-08-13T02:50:00,2015-08-13T05:58:00,True,-138.781625,32.0156,5.23,0.3,default_conservative,"field:S1_GPGP2018 total_plastic S1_trawl_5_to_50 (плотность по полосе, не пиксельная разметка)",sentinel-2-l2a,rejected,NO_SCENE,нет сцен Sentinel-2 L2A в окне ±1 сут.,,,,,,,,,,,,,,,,,,,,,,4801d97d49cc
S1:64.3__none,S1:64.3,MPL-0736,S1_GPGP2018,C,optional,strip,2015-08-13T08:35:00,2015-08-13T11:50:00,True,-138.2743415,32.007085,5.6,0.3,default_conservative,"field:S1_GPGP2018 total_plastic S1_trawl_5_to_50 (плотность по полосе, не пиксельная разметка)",sentinel-2-l2a,rejected,NO_SCENE,нет сцен Sentinel-2 L2A в окне ±1 сут.,,,,,,,,,,,,,,,,,,,,,,4801d97d49cc
S1:65.3__none,S1:65.3,MPL-0726,S1_GPGP2018,C,optional,strip,2015-08-13T14:45:00,2015-08-13T17:43:00,True,-137.7624415,31.9947,5.73,0.3,default_conservative,"field:S1_GPGP2018 total_plastic S1_trawl_5_to_50 (плотность по полосе, не пиксельная разметка)",sentinel-2-l2a,rejected,NO_SCENE,нет сцен Sentinel-2 L2A в окне ±1 сут.,,,,,,,,,,,,,,,,,,,,,,4801d97d49cc
S1:66.3__none,S1:66.3,MPL-0727,S1_GPGP2018,C,optional,strip,2015-08-13T20:41:00,2015-08-13T23:42:00,True,-137.2263335,31.99716,5.98,0.3,default_conservative,"field:S1_GPGP2018 total_plastic S1_trawl_5_to_50 (плотность по полосе, не пиксельная разметка)",sentinel-2-l2a,rejected,NO_SCENE,нет сцен Sentinel-2 L2A в окне ±1 сут.,,,,,,,,,,,,,,,,,,,,,,4801d97d49cc
S1:66.4__none,S1:66.4,MPL-0725,S1_GPGP2018,C,optional,strip,2015-08-13T20:33:00,2015-08-13T23:55:00,True,-137.2262165,31.994635,5.98,0.3,default_conservative,"field:S1_GPGP2018 total_plastic S1_trawl_5_to_50 (плотность по полосе, не пиксельная разметка)",sentinel-2-l2a,rejected,NO_SCENE,нет сцен Sentinel-2 L2A в окне ±1 сут.,,,,,,,,,,,,,,,,,,,,,,4801d97d49cc
S1:67.4__none,S1:67.4,MPL-0751,S1_GPGP2018,C,optional,strip,2015-08-14T02:31:00,2015-08-14T06:06:00,True,-136.6982335,32.01855,6.08,0.3,default_conservative,"field:S1_GPGP2018 total_plastic S1_trawl_5_to_50 (плотность по полосе, не пиксельная разметка)",sentinel-2-l2a,rejected,NO_SCENE,нет сцен Sentinel-2 L2A в окне ±1 сут.,,,,,,,,,,,,,,,,,,,,,,4801d97d49cc
S1:68.4__none,S1:68.4,MPL-0742,S1_GPGP2018,C,optional,strip,2015-08-14T08:35:00,2015-08-14T12:07:00,True,-136.1661665,32.001165,6.06,0.3,default_conservative,"field:S1_GPGP2018 total_plastic S1_trawl_5_to_50 (плотность по полосе, не пиксельная разметка)",sentinel-2-l2a,rejected,NO_SCENE,нет сцен Sentinel-2 L2A в окне ±1 сут.,,,,,,,,,,,,,,,,,,,,,,4801d97d49cc
S1:69.4__none,S1:69.4,MPL-0739,S1_GPGP2018,C,optional,strip,2015-08-14T14:35:00,2015-08-14T17:59:00,True,-135.6463915,31.99764,6.07,0.3,default_conservative,"field:S1_GPGP2018 total_plastic S1_trawl_5_to_50 (плотность по полосе, не пиксельная разметка)",sentinel-2-l2a,rejected,NO_SCENE,нет сцен Sentinel-2 L2A в окне ±1 сут.,,,,,,,,,,,,,,,,,,,,,,4801d97d49cc
S1:7.4__none,S1:7.4,MPL-0559,S1_GPGP2018,C,optional,strip,2015-07-29T02:40:00,2015-07-29T06:21:00,True,-137.46765,29.007175,7.18,0.3,default_conservative,"field:S1_GPGP2018 total_plastic S1_trawl_5_to_50 (плотность по полосе, не пиксельная разметка)",sentinel-2-l2a,rejected,NO_SCENE,нет сцен Sentinel-2 L2A в окне ±1 сут.,,,,,,,,,,,,,,,,,,,,,,4801d97d49cc
S1:70.4__none,S1:70.4,MPL-0747,S1_GPGP2018,C,optional,strip,2015-08-14T20:35:00,2015-08-15T00:07:00,True,-135.113225,32.00864,5.96,0.3,default_conservative,"field:S1_GPGP2018 total_plastic S1_trawl_5_to_50 (плотность по полосе, не пиксельная разметка)",sentinel-2-l2a,rejected,NO_SCENE,нет сцен Sentinel-2 L2A в окне ±1 сут.,,,,,,,,,,,,,,,,,,,,,,4801d97d49cc
S1:71.4__none,S1:71.4,MPL-0753,S1_GPGP2018,C,optional,strip,2015-08-15T02:33:00,2015-08-15T06:01:00,True,-134.5978585,32.008585,5.95,0.3,default_conservative,"field:S1_GPGP2018 total_plastic S1_trawl_5_to_50 (плотность по полосе, не пиксельная разметка)",sentinel-2-l2a,rejected,NO_SCENE,нет сцен Sentinel-2 L2A в окне ±1 сут.,,,,,,,,,,,,,,,,,,,,,,4801d97d49cc
S1:72.4__none,S1:72.4,MPL-0755,S1_GPGP2018,C,optional,strip,2015-08-15T14:34:00,2015-08-15T18:04:00,True,-134.1399,32.996175,6.04,0.3,default_conservative,"field:S1_GPGP2018 total_plastic S1_trawl_5_to_50 (плотность по полосе, не пиксельная разметка)",sentinel-2-l2a,rejected,NO_SCENE,нет сцен Sentinel-2 L2A в окне ±1 сут.,,,,,,,,,,,,,,,,,,,,,,4801d97d49cc
S1:73.3__none,S1:73.3,MPL-0756,S1_GPGP2018,C,optional,strip,2015-08-15T20:46:00,2015-08-15T23:45:00,True,-134.7286085,32.99759,6.47,0.3,default_conservative,"field:S1_GPGP2018 total_plastic S1_trawl_5_to_50 (плотность по полосе, не пиксельная разметка)",sentinel-2-l2a,rejected,NO_SCENE,нет сцен Sentinel-2 L2A в окне ±1 сут.,,,,,,,,,,,,,,,,,,,,,,4801d97d49cc
S1:74.3__none,S1:74.3,MPL-0762,S1_GPGP2018,C,optional,strip,2015-08-16T02:59:00,2015-08-16T05:44:00,True,-135.2962085,32.987775,6.78,0.3,default_conservative,"field:S1_GPGP2018 total_plastic S1_trawl_5_to_50 (плотность по полосе, не пиксельная разметка)",sentinel-2-l2a,rejected,NO_SCENE,нет сцен Sentinel-2 L2A в окне ±1 сут.,,,,,,,,,,,,,,,,,,,,,,4801d97d49cc
S1:75.3__none,S1:75.3,MPL-0763,S1_GPGP2018,C,optional,strip,2015-08-16T14:45:00,2015-08-16T17:42:00,True,-136.8875415,32.996535,7.2,0.3,default_conservative,"field:S1_GPGP2018 total_plastic S1_trawl_5_to_50 (плотность по полосе, не пиксельная разметка)",sentinel-2-l2a,rejected,NO_SCENE,нет сцен Sentinel-2 L2A в окне ±1 сут.,,,,,,,,,,,,,,,,,,,,,,4801d97d49cc
S1:77.3__none,S1:77.3,MPL-0768,S1_GPGP2018,C,optional,strip,2015-08-17T02:46:00,2015-08-17T05:43:00,True,-138.0048415,32.98329,7.81,0.3,default_conservative,"field:S1_GPGP2018 total_plastic S1_trawl_5_to_50 (плотность по полосе, не пиксельная разметка)",sentinel-2-l2a,rejected,NO_SCENE,нет сцен Sentinel-2 L2A в окне ±1 сут.,,,,,,,,,,,,,,,,,,,,,,4801d97d49cc
S1:78.3__none,S1:78.3,MPL-0770,S1_GPGP2018,C,optional,strip,2015-08-17T15:40:00,2015-08-17T18:12:00,True,-139.571725,32.9915,8.36,0.3,default_conservative,"field:S1_GPGP2018 total_plastic S1_trawl_5_to_50 (плотность по полосе, не пиксельная разметка)",sentinel-2-l2a,rejected,NO_SCENE,нет сцен Sentinel-2 L2A в окне ±1 сут.,,,,,,,,,,,,,,,,,,,,,,4801d97d49cc
S1:79.3__none,S1:79.3,MPL-0778,S1_GPGP2018,C,optional,strip,2015-08-18T20:50:00,2015-08-18T23:48:00,True,-138.313375,33.7888,9.3,0.3,default_conservative,"field:S1_GPGP2018 total_plastic S1_trawl_5_to_50 (плотность по полосе, не пиксельная разметка)",sentinel-2-l2a,rejected,NO_SCENE,нет сцен Sentinel-2 L2A в окне ±1 сут.,,,,,,,,,,,,,,,,,,,,,,4801d97d49cc
S1:79.4__none,S1:79.4,MPL-0777,S1_GPGP2018,C,optional,strip,2015-08-18T20:39:00,2015-08-19T00:02:00,True,-138.3120665,33.786985,9.3,0.3,default_conservative,"field:S1_GPGP2018 total_plastic S1_trawl_5_to_50 (плотность по полосе, не пиксельная разметка)",sentinel-2-l2a,rejected,NO_SCENE,нет сцен Sentinel-2 L2A в окне ±1 сут.,,,,,,,,,,,,,,,,,,,,,,4801d97d49cc
S1:8.4__none,S1:8.4,MPL-0555,S1_GPGP2018,C,optional,strip,2015-07-29T08:36:00,2015-07-29T12:09:00,True,-138.0501585,29.00169,6.94,0.3,default_conservative,"field:S1_GPGP2018 total_plastic S1_trawl_5_to_50 (плотность по полосе, не пиксельная разметка)",sentinel-2-l2a,rejected,NO_SCENE,нет сцен Sentinel-2 L2A в окне ±1 сут.,,,,,,,,,,,,,,,,,,,,,,4801d97d49cc
S1:9.4__none,S1:9.4,MPL-0551,S1_GPGP2018,C,optional,strip,2015-07-29T14:14:00,2015-07-29T17:32:00,True,-138.5806,28.999935,6.81,0.3,default_conservative,"field:S1_GPGP2018 total_plastic S1_trawl_5_to_50 (плотность по полосе, не пиксельная разметка)",sentinel-2-l2a,rejected,NO_SCENE,нет сцен Sentinel-2 L2A в окне ±1 сут.,,,,,,,,,,,,,,,,,,,,,,4801d97d49cc
