{"type": "FeatureCollection", "features": [{"type": "Feature", "geometry": {"type": "MultiPolygon", "coordinates": [[[[49.09483338313597, 53.46895805772196], [49.09498394542772, 53.46896045885188], [49.09498796941036, 53.46887062138579], [49.09483740743618, 53.4688682202637], [49.09484143171472, 53.468778382803855], [49.094536283552834, 53.46886341745064], [49.09453225861749, 53.46895325489326], [49.0946828208659, 53.46895565640242], [49.094678796226454, 53.46904549385129], [49.094829358814096, 53.469047895178655], [49.09483338313597, 53.46895805772196]]], [[[49.094825334470556, 53.469137732633776], [49.094674771565344, 53.469135331298595], [49.09467074688256, 53.46922516874434], [49.09496784928047, 53.46931980870055], [49.094971873349785, 53.469229971240736], [49.0951224366159, 53.469232372204495], [49.09512646034598, 53.46914253473529], [49.09497589739743, 53.469140133779334], [49.09497992142341, 53.4690502963164], [49.094829358814096, 53.469047895178655], [49.094825334470556, 53.469137732633776]]]]}, "properties": {"zone_id": "kuibyshev-2025-09-30-001", "aoi": "kuibyshev", "date": "2025-09-30", "scene_id": "S2C_MSIL2A_20250930T075741_R035_T39UUV_20250930T110831", "scene_datetime_utc": "2025-09-30T07:57:41.025000+00:00", "detection_status": "detected", "detection_status_ru": "обнаружено", "lon": 49.09483, "lat": 53.46905, "n_pixels": 2, "zone_area_km2": 0.001, "cover_m2": 13.7, "p_mean": 0.773, "p_max": 0.933, "cover_m2_km2": 13700.0, "h3": "8810856803fffff", "valid_frac_scene": 1.0, "wind_ms": 3.9, "sea": "спокойное", "scene_reliable": true, "field_event_id": "S4:DOORS3:T23", "field_profile": "B", "field_date": "2024-06-10", "field_distance_km": 1357.5, "field_date_gap_days": 477, "field_conc_items_km2": 102.37, "conc_A_items_km2": null, "conc_A_lo80": null, "conc_A_hi80": null, "conc_A_lo95": null, "conc_A_hi95": null, "conc_A_status": "unavailable", "conc_A_status_ru": "концентрация недоступна", "conc_A_reasons": "вне бассейна профиля: nw_atlantic_subtropical", "conc_A_model": "conc-A-c6bce5631d2b", "conc_B_items_km2": null, "conc_B_lo80": null, "conc_B_hi80": null, "conc_B_lo95": null, "conc_B_hi95": null, "conc_B_status": "unavailable", "conc_B_status_ru": "концентрация недоступна", "conc_B_reasons": "вне бассейна профиля: black_sea", "conc_B_model": "conc-B-c6bce5631d2b"}}, {"type": "Feature", "geometry": {"type": "Polygon", "coordinates": [[[49.17498180284662, 53.46913057552506], [49.17498565793122, 53.46904073397361], [49.174835088503464, 53.46903843363874], [49.17483894388492, 53.46894859209324], [49.17514393685139, 53.46886335099631], [49.175140082125935, 53.46895319255834], [49.17529065127758, 53.46895549250643], [49.175286796848994, 53.46904533407441], [49.17513622737973, 53.46904303411883], [49.17513237261276, 53.469132875677765], [49.17498180284662, 53.46913057552506]]]}, "properties": {"zone_id": "kuibyshev-2025-09-30-002", "aoi": "kuibyshev", "date": "2025-09-30", "scene_id": "S2C_MSIL2A_20250930T075741_R035_T39UUV_20250930T110831", "scene_datetime_utc": "2025-09-30T07:57:41.025000+00:00", "detection_status": "detected", "detection_status_ru": "обнаружено", "lon": 49.17506, "lat": 53.469, "n_pixels": 1, "zone_area_km2": 0.0005, "cover_m2": 4.7, "p_mean": 1.0, "p_max": 1.0, "cover_m2_km2": 9400.0, "h3": "88108568a1fffff", "valid_frac_scene": 1.0, "wind_ms": 3.9, "sea": "спокойное", "scene_reliable": true, "field_event_id": "S4:DOORS3:T23", "field_profile": "B", "field_date": "2024-06-10", "field_distance_km": 1359.9, "field_date_gap_days": 477, "field_conc_items_km2": 102.37, "conc_A_items_km2": null, "conc_A_lo80": null, "conc_A_hi80": null, "conc_A_lo95": null, "conc_A_hi95": null, "conc_A_status": "unavailable", "conc_A_status_ru": "концентрация недоступна", "conc_A_reasons": "вне бассейна профиля: nw_atlantic_subtropical", "conc_A_model": "conc-A-c6bce5631d2b", "conc_B_items_km2": null, "conc_B_lo80": null, "conc_B_hi80": null, "conc_B_lo95": null, "conc_B_hi95": null, "conc_B_status": "unavailable", "conc_B_status_ru": "концентрация недоступна", "conc_B_reasons": "вне бассейна профиля: black_sea", "conc_B_model": "conc-B-c6bce5631d2b"}}, {"type": "Feature", "geometry": {"type": "Polygon", "coordinates": [[[49.19999567859929, 53.46906058967727], [49.199999480853485, 53.468970746882505], [49.19984890959134, 53.468968478066564], [49.19985271214271, 53.46887863527766], [49.200157655947784, 53.46879332989988], [49.20015385405218, 53.46888317270512], [49.20030442503763, 53.46888544113438], [49.20030062343918, 53.468975283945454], [49.200150052136095, 53.46897301550881], [49.20014625019954, 53.469062858310956], [49.19999567859929, 53.46906058967727]]]}, "properties": {"zone_id": "kuibyshev-2025-09-30-003", "aoi": "kuibyshev", "date": "2025-09-30", "scene_id": "S2C_MSIL2A_20250930T075741_R035_T39UUV_20250930T110831", "scene_datetime_utc": "2025-09-30T07:57:41.025000+00:00", "detection_status": "detected", "detection_status_ru": "обнаружено", "lon": 49.20008, "lat": 53.46893, "n_pixels": 1, "zone_area_km2": 0.0005, "cover_m2": 3.1, "p_mean": 0.902, "p_max": 0.902, "cover_m2_km2": 6200.0, "h3": "881081d249fffff", "valid_frac_scene": 1.0, "wind_ms": 3.9, "sea": "спокойное", "scene_reliable": true, "field_event_id": "S4:DOORS3:T23", "field_profile": "B", "field_date": "2024-06-10", "field_distance_km": 1360.7, "field_date_gap_days": 477, "field_conc_items_km2": 102.37, "conc_A_items_km2": null, "conc_A_lo80": null, "conc_A_hi80": null, "conc_A_lo95": null, "conc_A_hi95": null, "conc_A_status": "unavailable", "conc_A_status_ru": "концентрация недоступна", "conc_A_reasons": "вне бассейна профиля: nw_atlantic_subtropical", "conc_A_model": "conc-A-c6bce5631d2b", "conc_B_items_km2": null, "conc_B_lo80": null, "conc_B_hi80": null, "conc_B_lo95": null, "conc_B_hi95": null, "conc_B_status": "unavailable", "conc_B_status_ru": "концентрация недоступна", "conc_B_reasons": "вне бассейна профиля: black_sea", "conc_B_model": "conc-B-c6bce5631d2b"}}, {"type": "Feature", "geometry": {"type": "Polygon", "coordinates": [[[49.09440182243853, 53.46850166600481], [49.09440584758306, 53.46841182856219], [49.09425528728337, 53.468409426720726], [49.09425931272378, 53.468319589284334], [49.09456445749336, 53.46823455530838], [49.094560432709734, 53.46832439276197], [49.09471099273522, 53.468326794216374], [49.09470696824747, 53.468416631676234], [49.094556407904435, 53.468414230214016], [49.09455238307745, 53.468504067664476], [49.09440182243853, 53.46850166600481]]]}, "properties": {"zone_id": "kuibyshev-2025-09-30-004", "aoi": "kuibyshev", "date": "2025-09-30", "scene_id": "S2C_MSIL2A_20250930T075741_R035_T39UUV_20250930T110831", "scene_datetime_utc": "2025-09-30T07:57:41.025000+00:00", "detection_status": "detected", "detection_status_ru": "обнаружено", "lon": 49.09448, "lat": 53.46837, "n_pixels": 1, "zone_area_km2": 0.0005, "cover_m2": 7.8, "p_mean": 0.996, "p_max": 0.996, "cover_m2_km2": 15600.0, "h3": "8810856803fffff", "valid_frac_scene": 1.0, "wind_ms": 3.9, "sea": "спокойное", "scene_reliable": true, "field_event_id": "S4:DOORS3:T23", "field_profile": "B", "field_date": "2024-06-10", "field_distance_km": 1357.4, "field_date_gap_days": 477, "field_conc_items_km2": 102.37, "conc_A_items_km2": null, "conc_A_lo80": null, "conc_A_hi80": null, "conc_A_lo95": null, "conc_A_hi95": null, "conc_A_status": "unavailable", "conc_A_status_ru": "концентрация недоступна", "conc_A_reasons": "вне бассейна профиля: nw_atlantic_subtropical", "conc_A_model": "conc-A-c6bce5631d2b", "conc_B_items_km2": null, "conc_B_lo80": null, "conc_B_hi80": null, "conc_B_lo95": null, "conc_B_hi95": null, "conc_B_status": "unavailable", "conc_B_status_ru": "концентрация недоступна", "conc_B_reasons": "вне бассейна профиля: black_sea", "conc_B_model": "conc-B-c6bce5631d2b"}}, {"type": "Feature", "geometry": {"type": "Polygon", "coordinates": [[[49.1742559506003, 53.46849018128645], [49.174259807127655, 53.46840033976162], [49.17410924002705, 53.468398038531014], [49.17411309685125, 53.468308197012135], [49.17441808660621, 53.468222957733296], [49.174414230437996, 53.46831279926871], [49.17456479726252, 53.468315100112555], [49.17456094139116, 53.468404941653915], [49.17441037424902, 53.46840264080259], [49.174406518039284, 53.46849248233492], [49.1742559506003, 53.46849018128645]]]}, "properties": {"zone_id": "kuibyshev-2025-09-30-005", "aoi": "kuibyshev", "date": "2025-09-30", "scene_id": "S2C_MSIL2A_20250930T075741_R035_T39UUV_20250930T110831", "scene_datetime_utc": "2025-09-30T07:57:41.025000+00:00", "detection_status": "detected", "detection_status_ru": "обнаружено", "lon": 49.17434, "lat": 53.46836, "n_pixels": 1, "zone_area_km2": 0.0005, "cover_m2": 3.1, "p_mean": 0.91, "p_max": 0.91, "cover_m2_km2": 6200.0, "h3": "88108568a1fffff", "valid_frac_scene": 1.0, "wind_ms": 3.9, "sea": "спокойное", "scene_reliable": true, "field_event_id": "S4:DOORS3:T23", "field_profile": "B", "field_date": "2024-06-10", "field_distance_km": 1359.8, "field_date_gap_days": 477, "field_conc_items_km2": 102.37, "conc_A_items_km2": null, "conc_A_lo80": null, "conc_A_hi80": null, "conc_A_lo95": null, "conc_A_hi95": null, "conc_A_status": "unavailable", "conc_A_status_ru": "концентрация недоступна", "conc_A_reasons": "вне бассейна профиля: nw_atlantic_subtropical", "conc_A_model": "conc-A-c6bce5631d2b", "conc_B_items_km2": null, "conc_B_lo80": null, "conc_B_hi80": null, "conc_B_lo95": null, "conc_B_hi95": null, "conc_B_status": "unavailable", "conc_B_status_ru": "концентрация недоступна", "conc_B_reasons": "вне бассейна профиля: black_sea", "conc_B_model": "conc-B-c6bce5631d2b"}}, {"type": "Feature", "geometry": {"type": "Polygon", "coordinates": [[[49.094442072908556, 53.46760329150784], [49.09444609783636, 53.467513454049524], [49.09429554071213, 53.46751105228631], [49.0942995659358, 53.467421214834246], [49.09460470413779, 53.467336180686104], [49.09460067957086, 53.467426018155386], [49.09475123642089, 53.46742841953155], [49.094747212149834, 53.46751825700709], [49.09459665498226, 53.46751585562311], [49.094592630372, 53.46760569308926], [49.094442072908556, 53.46760329150784]]]}, "properties": {"zone_id": "kuibyshev-2025-09-30-006", "aoi": "kuibyshev", "date": "2025-09-30", "scene_id": "S2C_MSIL2A_20250930T075741_R035_T39UUV_20250930T110831", "scene_datetime_utc": "2025-09-30T07:57:41.025000+00:00", "detection_status": "detected", "detection_status_ru": "обнаружено", "lon": 49.09452, "lat": 53.46747, "n_pixels": 1, "zone_area_km2": 0.0005, "cover_m2": 3.9, "p_mean": 0.969, "p_max": 0.969, "cover_m2_km2": 7800.0, "h3": "8810856803fffff", "valid_frac_scene": 1.0, "wind_ms": 3.9, "sea": "спокойное", "scene_reliable": true, "field_event_id": "S4:DOORS3:T23", "field_profile": "B", "field_date": "2024-06-10", "field_distance_km": 1357.3, "field_date_gap_days": 477, "field_conc_items_km2": 102.37, "conc_A_items_km2": null, "conc_A_lo80": null, "conc_A_hi80": null, "conc_A_lo95": null, "conc_A_hi95": null, "conc_A_status": "unavailable", "conc_A_status_ru": "концентрация недоступна", "conc_A_reasons": "вне бассейна профиля: nw_atlantic_subtropical", "conc_A_model": "conc-A-c6bce5631d2b", "conc_B_items_km2": null, "conc_B_lo80": null, "conc_B_hi80": null, "conc_B_lo95": null, "conc_B_hi95": null, "conc_B_status": "unavailable", "conc_B_status_ru": "концентрация недоступна", "conc_B_reasons": "вне бассейна профиля: black_sea", "conc_B_model": "conc-B-c6bce5631d2b"}}, {"type": "Feature", "geometry": {"type": "Polygon", "coordinates": [[[49.171484006871, 53.46638007314892], [49.17148786895465, 53.466290231730945], [49.17133730955351, 53.46628792706987], [49.171341171933925, 53.466198085657865], [49.171646151846346, 53.466112853346786], [49.171642290121866, 53.46620269477537], [49.171792849247026, 53.46620499904969], [49.17178898781931, 53.46629484048421], [49.17163842837658, 53.4662925362024], [49.17163456661051, 53.46638237762787], [49.171484006871, 53.46638007314892]]]}, "properties": {"zone_id": "kuibyshev-2025-09-30-007", "aoi": "kuibyshev", "date": "2025-09-30", "scene_id": "S2C_MSIL2A_20250930T075741_R035_T39UUV_20250930T110831", "scene_datetime_utc": "2025-09-30T07:57:41.025000+00:00", "detection_status": "detected", "detection_status_ru": "обнаружено", "lon": 49.17157, "lat": 53.46625, "n_pixels": 1, "zone_area_km2": 0.0005, "cover_m2": 5.9, "p_mean": 0.984, "p_max": 0.984, "cover_m2_km2": 11800.0, "h3": "88108568a1fffff", "valid_frac_scene": 1.0, "wind_ms": 3.9, "sea": "спокойное", "scene_reliable": true, "field_event_id": "S4:DOORS3:T23", "field_profile": "B", "field_date": "2024-06-10", "field_distance_km": 1359.5, "field_date_gap_days": 477, "field_conc_items_km2": 102.37, "conc_A_items_km2": null, "conc_A_lo80": null, "conc_A_hi80": null, "conc_A_lo95": null, "conc_A_hi95": null, "conc_A_status": "unavailable", "conc_A_status_ru": "концентрация недоступна", "conc_A_reasons": "вне бассейна профиля: nw_atlantic_subtropical", "conc_A_model": "conc-A-c6bce5631d2b", "conc_B_items_km2": null, "conc_B_lo80": null, "conc_B_hi80": null, "conc_B_lo95": null, "conc_B_hi95": null, "conc_B_status": "unavailable", "conc_B_status_ru": "концентрация недоступна", "conc_B_reasons": "вне бассейна профиля: black_sea", "conc_B_model": "conc-B-c6bce5631d2b"}}, {"type": "Feature", "geometry": {"type": "Polygon", "coordinates": [[[49.09239470901874, 53.466222089063116], [49.09239873806665, 53.466132251690865], [49.09224818600885, 53.4661298473906], [49.092256244674616, 53.465950172657024], [49.09256137620719, 53.46586514365182], [49.09255734754187, 53.465954981036624], [49.09270789900803, 53.465957384942016], [49.09269984224733, 53.466137059722584], [49.09239470901874, 53.466222089063116]]]}, "properties": {"zone_id": "kuibyshev-2025-09-30-008", "aoi": "kuibyshev", "date": "2025-09-30", "scene_id": "S2C_MSIL2A_20250930T075741_R035_T39UUV_20250930T110831", "scene_datetime_utc": "2025-09-30T07:57:41.025000+00:00", "detection_status": "detected", "detection_status_ru": "обнаружено", "lon": 49.09248, "lat": 53.46604, "n_pixels": 2, "zone_area_km2": 0.0008, "cover_m2": 5.5, "p_mean": 0.843, "p_max": 0.957, "cover_m2_km2": 6875.0, "h3": "8810856803fffff", "valid_frac_scene": 1.0, "wind_ms": 3.9, "sea": "спокойное", "scene_reliable": true, "field_event_id": "S4:DOORS3:T23", "field_profile": "B", "field_date": "2024-06-10", "field_distance_km": 1357.1, "field_date_gap_days": 477, "field_conc_items_km2": 102.37, "conc_A_items_km2": null, "conc_A_lo80": null, "conc_A_hi80": null, "conc_A_lo95": null, "conc_A_hi95": null, "conc_A_status": "unavailable", "conc_A_status_ru": "концентрация недоступна", "conc_A_reasons": "вне бассейна профиля: nw_atlantic_subtropical", "conc_A_model": "conc-A-c6bce5631d2b", "conc_B_items_km2": null, "conc_B_lo80": null, "conc_B_hi80": null, "conc_B_lo95": null, "conc_B_hi95": null, "conc_B_status": "unavailable", "conc_B_status_ru": "концентрация недоступна", "conc_B_reasons": "вне бассейна профиля: black_sea", "conc_B_model": "conc-B-c6bce5631d2b"}}, {"type": "Feature", "geometry": {"type": "Polygon", "coordinates": [[[49.17119447554835, 53.46610593940863], [49.17119833820473, 53.46601609800102], [49.171047779797895, 53.46601379298322], [49.171051642751046, 53.46592395158158], [49.17135662124763, 53.465838719994295], [49.1713527589504, 53.46592856141253], [49.171503317081275, 53.46593086604356], [49.17149945508081, 53.466020707467734], [49.171348896632374, 53.466018402829185], [49.17134503429355, 53.4661082442443], [49.17119447554835, 53.46610593940863]]]}, "properties": {"zone_id": "kuibyshev-2025-09-30-009", "aoi": "kuibyshev", "date": "2025-09-30", "scene_id": "S2C_MSIL2A_20250930T075741_R035_T39UUV_20250930T110831", "scene_datetime_utc": "2025-09-30T07:57:41.025000+00:00", "detection_status": "detected", "detection_status_ru": "обнаружено", "lon": 49.17128, "lat": 53.46597, "n_pixels": 1, "zone_area_km2": 0.0005, "cover_m2": 7.5, "p_mean": 0.976, "p_max": 0.976, "cover_m2_km2": 15000.0, "h3": "88108568a1fffff", "valid_frac_scene": 1.0, "wind_ms": 3.9, "sea": "спокойное", "scene_reliable": true, "field_event_id": "S4:DOORS3:T23", "field_profile": "B", "field_date": "2024-06-10", "field_distance_km": 1359.5, "field_date_gap_days": 477, "field_conc_items_km2": 102.37, "conc_A_items_km2": null, "conc_A_lo80": null, "conc_A_hi80": null, "conc_A_lo95": null, "conc_A_hi95": null, "conc_A_status": "unavailable", "conc_A_status_ru": "концентрация недоступна", "conc_A_reasons": "вне бассейна профиля: nw_atlantic_subtropical", "conc_A_model": "conc-A-c6bce5631d2b", "conc_B_items_km2": null, "conc_B_lo80": null, "conc_B_hi80": null, "conc_B_lo95": null, "conc_B_hi95": null, "conc_B_status": "unavailable", "conc_B_status_ru": "концентрация недоступна", "conc_B_reasons": "вне бассейна профиля: black_sea", "conc_B_model": "conc-B-c6bce5631d2b"}}, {"type": "Feature", "geometry": {"type": "Polygon", "coordinates": [[[49.09119835377811, 53.46602317466876], [49.0912023853227, 53.46593333735604], [49.09105183407352, 53.46593093155463], [49.0910558659139, 53.46584109424819], [49.090750731640306, 53.46592611938305], [49.090754764115694, 53.465836282092276], [49.09060421324915, 53.46583387572992], [49.09060824602033, 53.465744038445415], [49.09075879656937, 53.465746444799926], [49.090762829001335, 53.46565660750601], [49.09091337925459, 53.46565901366309], [49.09090934714012, 53.46574885096485], [49.09121044834674, 53.46575366272589], [49.091214479826206, 53.465663825408456], [49.09136503014457, 53.465666230996746], [49.091360998982616, 53.46575606832201], [49.091511549640195, 53.46575847372854], [49.091503487886165, 53.46593814839004], [49.09119835377811, 53.46602317466876]]]}, "properties": {"zone_id": "kuibyshev-2025-09-30-010", "aoi": "kuibyshev", "date": "2025-09-30", "scene_id": "S2C_MSIL2A_20250930T075741_R035_T39UUV_20250930T110831", "scene_datetime_utc": "2025-09-30T07:57:41.025000+00:00", "detection_status": "detected", "detection_status_ru": "обнаружено", "lon": 49.09113, "lat": 53.46583, "n_pixels": 3, "zone_area_km2": 0.0013, "cover_m2": 14.1, "p_mean": 0.779, "p_max": 0.851, "cover_m2_km2": 10846.2, "h3": "8810856803fffff", "valid_frac_scene": 1.0, "wind_ms": 3.9, "sea": "спокойное", "scene_reliable": true, "field_event_id": "S4:DOORS3:T23", "field_profile": "B", "field_date": "2024-06-10", "field_distance_km": 1357.0, "field_date_gap_days": 477, "field_conc_items_km2": 102.37, "conc_A_items_km2": null, "conc_A_lo80": null, "conc_A_hi80": null, "conc_A_lo95": null, "conc_A_hi95": null, "conc_A_status": "unavailable", "conc_A_status_ru": "концентрация недоступна", "conc_A_reasons": "вне бассейна профиля: nw_atlantic_subtropical", "conc_A_model": "conc-A-c6bce5631d2b", "conc_B_items_km2": null, "conc_B_lo80": null, "conc_B_hi80": null, "conc_B_lo95": null, "conc_B_hi95": null, "conc_B_status": "unavailable", "conc_B_status_ru": "концентрация недоступна", "conc_B_reasons": "вне бассейна профиля: black_sea", "conc_B_model": "conc-B-c6bce5631d2b"}}, {"type": "Feature", "geometry": {"type": "Polygon", "coordinates": [[[49.090307144987406, 53.465739225167574], [49.09031117837187, 53.46564938789718], [49.09016062820548, 53.46564698098171], [49.09016869554426, 53.4654673064519], [49.090473827630596, 53.465382282778926], [49.09046979462877, 53.465472120061875], [49.09062034420359, 53.465474526582476], [49.0906122787698, 53.46565420115934], [49.090307144987406, 53.465739225167574]]]}, "properties": {"zone_id": "kuibyshev-2025-09-30-011", "aoi": "kuibyshev", "date": "2025-09-30", "scene_id": "S2C_MSIL2A_20250930T075741_R035_T39UUV_20250930T110831", "scene_datetime_utc": "2025-09-30T07:57:41.025000+00:00", "detection_status": "detected", "detection_status_ru": "обнаружено", "lon": 49.09039, "lat": 53.46556, "n_pixels": 2, "zone_area_km2": 0.0008, "cover_m2": 8.2, "p_mean": 0.99, "p_max": 0.992, "cover_m2_km2": 10250.0, "h3": "8810856803fffff", "valid_frac_scene": 1.0, "wind_ms": 3.9, "sea": "спокойное", "scene_reliable": true, "field_event_id": "S4:DOORS3:T23", "field_profile": "B", "field_date": "2024-06-10", "field_distance_km": 1357.0, "field_date_gap_days": 477, "field_conc_items_km2": 102.37, "conc_A_items_km2": null, "conc_A_lo80": null, "conc_A_hi80": null, "conc_A_lo95": null, "conc_A_hi95": null, "conc_A_status": "unavailable", "conc_A_status_ru": "концентрация недоступна", "conc_A_reasons": "вне бассейна профиля: nw_atlantic_subtropical", "conc_A_model": "conc-A-c6bce5631d2b", "conc_B_items_km2": null, "conc_B_lo80": null, "conc_B_hi80": null, "conc_B_lo95": null, "conc_B_hi95": null, "conc_B_status": "unavailable", "conc_B_status_ru": "концентрация недоступна", "conc_B_reasons": "вне бассейна профиля: black_sea", "conc_B_model": "conc-B-c6bce5631d2b"}}, {"type": "Feature", "geometry": {"type": "Polygon", "coordinates": [[[49.09002217998889, 53.4653750621031], [49.09002621392148, 53.465285224842106], [49.08987566506851, 53.46528281757882], [49.08987969929687, 53.46519298032409], [49.090030247832345, 53.46519538757955], [49.09003428172151, 53.465105550315414], [49.08988373350352, 53.4651031430678], [49.08988776768843, 53.46501330580993], [49.09019289703938, 53.464928282824786], [49.09018886351115, 53.46501812009989], [49.09033941145509, 53.46502052696047], [49.09033537822263, 53.46511036424185], [49.09018482996121, 53.465107957373434], [49.09018079638955, 53.465197794645405], [49.09033134496847, 53.46520020152167], [49.090327311692576, 53.46529003879991], [49.09002217998889, 53.4653750621031]]]}, "properties": {"zone_id": "kuibyshev-2025-09-30-012", "aoi": "kuibyshev", "date": "2025-09-30", "scene_id": "S2C_MSIL2A_20250930T075741_R035_T39UUV_20250930T110831", "scene_datetime_utc": "2025-09-30T07:57:41.025000+00:00", "detection_status": "detected", "detection_status_ru": "обнаружено", "lon": 49.09011, "lat": 53.46515, "n_pixels": 2, "zone_area_km2": 0.0009, "cover_m2": 9.0, "p_mean": 0.827, "p_max": 0.922, "cover_m2_km2": 10000.0, "h3": "8810856803fffff", "valid_frac_scene": 1.0, "wind_ms": 3.9, "sea": "спокойное", "scene_reliable": true, "field_event_id": "S4:DOORS3:T23", "field_profile": "B", "field_date": "2024-06-10", "field_distance_km": 1357.0, "field_date_gap_days": 477, "field_conc_items_km2": 102.37, "conc_A_items_km2": null, "conc_A_lo80": null, "conc_A_hi80": null, "conc_A_lo95": null, "conc_A_hi95": null, "conc_A_status": "unavailable", "conc_A_status_ru": "концентрация недоступна", "conc_A_reasons": "вне бассейна профиля: nw_atlantic_subtropical", "conc_A_model": "conc-A-c6bce5631d2b", "conc_B_items_km2": null, "conc_B_lo80": null, "conc_B_hi80": null, "conc_B_lo95": null, "conc_B_hi95": null, "conc_B_status": "unavailable", "conc_B_status_ru": "концентрация недоступна", "conc_B_reasons": "вне бассейна профиля: black_sea", "conc_B_model": "conc-B-c6bce5631d2b"}}, {"type": "Feature", "geometry": {"type": "Polygon", "coordinates": [[[49.22366520151721, 53.465099692718795], [49.22366895324754, 53.46500984870444], [49.22351839405791, 53.46500760982508], [49.223529650080444, 53.464738077794635], [49.22337909186375, 53.46473583874753], [49.223386596412915, 53.46455615073411], [49.223236038851574, 53.464553911511985], [49.223243543955064, 53.46437422350699], [49.22339410088126, 53.46437646271454], [49.223397853085125, 53.46428661870244], [49.223695214794255, 53.464380940560766], [49.22368395996687, 53.46465047263159], [49.22383451790639, 53.464652711292146], [49.223827015222284, 53.46483239934624], [49.22397757381716, 53.46483463783176], [49.22397007168742, 53.465014325894266], [49.22366520151721, 53.465099692718795]]]}, "properties": {"zone_id": "kuibyshev-2025-09-30-013", "aoi": "kuibyshev", "date": "2025-09-30", "scene_id": "S2C_MSIL2A_20250930T075741_R035_T39UUV_20250930T110831", "scene_datetime_utc": "2025-09-30T07:57:41.025000+00:00", "detection_status": "detected", "detection_status_ru": "обнаружено", "lon": 49.22361, "lat": 53.46469, "n_pixels": 5, "zone_area_km2": 0.0021, "cover_m2": 23.5, "p_mean": 0.723, "p_max": 0.941, "cover_m2_km2": 11190.5, "h3": "881081d243fffff", "valid_frac_scene": 1.0, "wind_ms": 3.9, "sea": "спокойное", "scene_reliable": true, "field_event_id": "S4:DOORS3:T23", "field_profile": "B", "field_date": "2024-06-10", "field_distance_km": 1361.0, "field_date_gap_days": 477, "field_conc_items_km2": 102.37, "conc_A_items_km2": null, "conc_A_lo80": null, "conc_A_hi80": null, "conc_A_lo95": null, "conc_A_hi95": null, "conc_A_status": "unavailable", "conc_A_status_ru": "концентрация недоступна", "conc_A_reasons": "вне бассейна профиля: nw_atlantic_subtropical", "conc_A_model": "conc-A-c6bce5631d2b", "conc_B_items_km2": null, "conc_B_lo80": null, "conc_B_hi80": null, "conc_B_lo95": null, "conc_B_hi95": null, "conc_B_status": "unavailable", "conc_B_status_ru": "концентрация недоступна", "conc_B_reasons": "вне бассейна профиля: black_sea", "conc_B_model": "conc-B-c6bce5631d2b"}}, {"type": "Feature", "geometry": {"type": "Polygon", "coordinates": [[[49.09006251833743, 53.46447668942255], [49.09006655205283, 53.464386852145864], [49.0899160063747, 53.46438444496099], [49.08992004038586, 53.46429460769056], [49.09022516448339, 53.46420958456738], [49.0902211311289, 53.46429942185504], [49.09037167653298, 53.46430182865289], [49.09036764347425, 53.46439166594684], [49.090217097752685, 53.46438925914115], [49.090213064354764, 53.46447909642568], [49.09006251833743, 53.46447668942255]]]}, "properties": {"zone_id": "kuibyshev-2025-09-30-014", "aoi": "kuibyshev", "date": "2025-09-30", "scene_id": "S2C_MSIL2A_20250930T075741_R035_T39UUV_20250930T110831", "scene_datetime_utc": "2025-09-30T07:57:41.025000+00:00", "detection_status": "detected", "detection_status_ru": "обнаружено", "lon": 49.09014, "lat": 53.46434, "n_pixels": 1, "zone_area_km2": 0.0005, "cover_m2": 4.3, "p_mean": 0.98, "p_max": 0.98, "cover_m2_km2": 8600.0, "h3": "8810856803fffff", "valid_frac_scene": 1.0, "wind_ms": 3.9, "sea": "спокойное", "scene_reliable": true, "field_event_id": "S4:DOORS3:T23", "field_profile": "B", "field_date": "2024-06-10", "field_distance_km": 1356.9, "field_date_gap_days": 477, "field_conc_items_km2": 102.37, "conc_A_items_km2": null, "conc_A_lo80": null, "conc_A_hi80": null, "conc_A_lo95": null, "conc_A_hi95": null, "conc_A_status": "unavailable", "conc_A_status_ru": "концентрация недоступна", "conc_A_reasons": "вне бассейна профиля: nw_atlantic_subtropical", "conc_A_model": "conc-A-c6bce5631d2b", "conc_B_items_km2": null, "conc_B_lo80": null, "conc_B_hi80": null, "conc_B_lo95": null, "conc_B_hi95": null, "conc_B_status": "unavailable", "conc_B_status_ru": "концентрация недоступна", "conc_B_reasons": "вне бассейна профиля: black_sea", "conc_B_model": "conc-B-c6bce5631d2b"}}, {"type": "Feature", "geometry": {"type": "Polygon", "coordinates": [[[49.18395271752486, 53.46369346489012], [49.18395655290624, 53.46360362280896], [49.18380600196731, 53.46360133393602], [49.18380983764557, 53.463511491860764], [49.184114773931576, 53.4634262273104], [49.18411093890902, 53.463516069402125], [49.184261489571725, 53.463518357888375], [49.18425765484604, 53.463608199986], [49.18410710386581, 53.46360591149229], [49.18410326880197, 53.4636957535809], [49.18395271752486, 53.46369346489012]]]}, "properties": {"zone_id": "kuibyshev-2025-09-30-015", "aoi": "kuibyshev", "date": "2025-09-30", "scene_id": "S2C_MSIL2A_20250930T075741_R035_T39UUV_20250930T110831", "scene_datetime_utc": "2025-09-30T07:57:41.025000+00:00", "detection_status": "detected", "detection_status_ru": "обнаружено", "lon": 49.18403, "lat": 53.46356, "n_pixels": 1, "zone_area_km2": 0.0005, "cover_m2": 3.9, "p_mean": 0.922, "p_max": 0.922, "cover_m2_km2": 7800.0, "h3": "88108568a7fffff", "valid_frac_scene": 1.0, "wind_ms": 3.9, "sea": "спокойное", "scene_reliable": true, "field_event_id": "S4:DOORS3:T23", "field_profile": "B", "field_date": "2024-06-10", "field_distance_km": 1359.7, "field_date_gap_days": 477, "field_conc_items_km2": 102.37, "conc_A_items_km2": null, "conc_A_lo80": null, "conc_A_hi80": null, "conc_A_lo95": null, "conc_A_hi95": null, "conc_A_status": "unavailable", "conc_A_status_ru": "концентрация недоступна", "conc_A_reasons": "вне бассейна профиля: nw_atlantic_subtropical", "conc_A_model": "conc-A-c6bce5631d2b", "conc_B_items_km2": null, "conc_B_lo80": null, "conc_B_hi80": null, "conc_B_lo95": null, "conc_B_hi95": null, "conc_B_status": "unavailable", "conc_B_status_ru": "концентрация недоступна", "conc_B_reasons": "вне бассейна профиля: black_sea", "conc_B_model": "conc-B-c6bce5631d2b"}}, {"type": "Feature", "geometry": {"type": "Polygon", "coordinates": [[[49.08846706941282, 53.46310264185454], [49.08847110629442, 53.4630128046406], [49.08832056561721, 53.46301039548799], [49.0883286399501, 53.462830721071086], [49.08863375655542, 53.46274570192884], [49.08862972005647, 53.462835539155336], [49.08878026014225, 53.462837947913115], [49.08877218771404, 53.463017622377095], [49.08846706941282, 53.46310264185454]]]}, "properties": {"zone_id": "kuibyshev-2025-09-30-016", "aoi": "kuibyshev", "date": "2025-09-30", "scene_id": "S2C_MSIL2A_20250930T075741_R035_T39UUV_20250930T110831", "scene_datetime_utc": "2025-09-30T07:57:41.025000+00:00", "detection_status": "detected", "detection_status_ru": "обнаружено", "lon": 49.08855, "lat": 53.46292, "n_pixels": 2, "zone_area_km2": 0.0008, "cover_m2": 14.1, "p_mean": 0.702, "p_max": 0.8, "cover_m2_km2": 17625.0, "h3": "8810856803fffff", "valid_frac_scene": 1.0, "wind_ms": 3.9, "sea": "спокойное", "scene_reliable": true, "field_event_id": "S4:DOORS3:T23", "field_profile": "B", "field_date": "2024-06-10", "field_distance_km": 1356.7, "field_date_gap_days": 477, "field_conc_items_km2": 102.37, "conc_A_items_km2": null, "conc_A_lo80": null, "conc_A_hi80": null, "conc_A_lo95": null, "conc_A_hi95": null, "conc_A_status": "unavailable", "conc_A_status_ru": "концентрация недоступна", "conc_A_reasons": "вне бассейна профиля: nw_atlantic_subtropical", "conc_A_model": "conc-A-c6bce5631d2b", "conc_B_items_km2": null, "conc_B_lo80": null, "conc_B_hi80": null, "conc_B_lo95": null, "conc_B_hi95": null, "conc_B_status": "unavailable", "conc_B_status_ru": "концентрация недоступна", "conc_B_reasons": "вне бассейна профиля: black_sea", "conc_B_model": "conc-B-c6bce5631d2b"}}, {"type": "Feature", "geometry": {"type": "Polygon", "coordinates": [[[49.0877426334822, 53.4624617339006], [49.08774667179885, 53.4623718967149], [49.08759613345242, 53.46236948666935], [49.08760017206476, 53.46227964948994], [49.08790528610021, 53.462194632179084], [49.08790124814448, 53.46228446937577], [49.08805178621696, 53.46228687903431], [49.088047748556924, 53.46237671623729], [49.087897210167014, 53.46237430657089], [49.0878931721678, 53.46246414376441], [49.0877426334822, 53.4624617339006]]]}, "properties": {"zone_id": "kuibyshev-2025-09-30-017", "aoi": "kuibyshev", "date": "2025-09-30", "scene_id": "S2C_MSIL2A_20250930T075741_R035_T39UUV_20250930T110831", "scene_datetime_utc": "2025-09-30T07:57:41.025000+00:00", "detection_status": "detected", "detection_status_ru": "обнаружено", "lon": 49.08782, "lat": 53.46233, "n_pixels": 1, "zone_area_km2": 0.0005, "cover_m2": 5.9, "p_mean": 0.945, "p_max": 0.945, "cover_m2_km2": 11800.0, "h3": "8810856803fffff", "valid_frac_scene": 1.0, "wind_ms": 3.9, "sea": "спокойное", "scene_reliable": true, "field_event_id": "S4:DOORS3:T23", "field_profile": "B", "field_date": "2024-06-10", "field_distance_km": 1356.6, "field_date_gap_days": 477, "field_conc_items_km2": 102.37, "conc_A_items_km2": null, "conc_A_lo80": null, "conc_A_hi80": null, "conc_A_lo95": null, "conc_A_hi95": null, "conc_A_status": "unavailable", "conc_A_status_ru": "концентрация недоступна", "conc_A_reasons": "вне бассейна профиля: nw_atlantic_subtropical", "conc_A_model": "conc-A-c6bce5631d2b", "conc_B_items_km2": null, "conc_B_lo80": null, "conc_B_hi80": null, "conc_B_lo95": null, "conc_B_hi95": null, "conc_B_status": "unavailable", "conc_B_status_ru": "концентрация недоступна", "conc_B_reasons": "вне бассейна профиля: black_sea", "conc_B_model": "conc-B-c6bce5631d2b"}}, {"type": "Feature", "geometry": {"type": "Polygon", "coordinates": [[[49.169098510573534, 53.46229800839594], [49.169102377118925, 53.462208167035826], [49.16895183236039, 53.462205859489444], [49.16895956602368, 53.46202617677958], [49.16880902192096, 53.46202386905866], [49.16881288903886, 53.461934027708914], [49.16896343282409, 53.46193633542234], [49.1689672996037, 53.46184649406352], [49.169264520457034, 53.46194095028038], [49.169256788105336, 53.4621206330234], [49.16940733258801, 53.462122940183065], [49.16940346669843, 53.46221278155978], [49.16925292189826, 53.4622104743926], [49.16924905567037, 53.46230031576023], [49.169098510573534, 53.46229800839594]]]}, "properties": {"zone_id": "kuibyshev-2025-09-30-018", "aoi": "kuibyshev", "date": "2025-09-30", "scene_id": "S2C_MSIL2A_20250930T075741_R035_T39UUV_20250930T110831", "scene_datetime_utc": "2025-09-30T07:57:41.025000+00:00", "detection_status": "detected", "detection_status_ru": "обнаружено", "lon": 49.16911, "lat": 53.46207, "n_pixels": 2, "zone_area_km2": 0.001, "cover_m2": 9.0, "p_mean": 0.765, "p_max": 0.906, "cover_m2_km2": 9000.0, "h3": "88108568adfffff", "valid_frac_scene": 1.0, "wind_ms": 3.9, "sea": "спокойное", "scene_reliable": true, "field_event_id": "S4:DOORS3:T23", "field_profile": "B", "field_date": "2024-06-10", "field_distance_km": 1359.1, "field_date_gap_days": 477, "field_conc_items_km2": 102.37, "conc_A_items_km2": null, "conc_A_lo80": null, "conc_A_hi80": null, "conc_A_lo95": null, "conc_A_hi95": null, "conc_A_status": "unavailable", "conc_A_status_ru": "концентрация недоступна", "conc_A_reasons": "вне бассейна профиля: nw_atlantic_subtropical", "conc_A_model": "conc-A-c6bce5631d2b", "conc_B_items_km2": null, "conc_B_lo80": null, "conc_B_hi80": null, "conc_B_lo95": null, "conc_B_hi95": null, "conc_B_status": "unavailable", "conc_B_status_ru": "концентрация недоступна", "conc_B_reasons": "вне бассейна профиля: black_sea", "conc_B_model": "conc-B-c6bce5631d2b"}}, {"type": "Feature", "geometry": {"type": "Polygon", "coordinates": [[[49.087156637172285, 53.462092743922994], [49.08716067667168, 53.462002906762436], [49.087010139681965, 53.46200049599001], [49.087014179477045, 53.46191065883573], [49.08731929198185, 53.461825643003756], [49.087315252843375, 53.461915480175314], [49.08746578955916, 53.46191789056075], [49.087461750716365, 53.46200772773859], [49.08731121368315, 53.4620053173453], [49.087307174501184, 53.462095154513705], [49.087156637172285, 53.462092743922994]]]}, "properties": {"zone_id": "kuibyshev-2025-09-30-019", "aoi": "kuibyshev", "date": "2025-09-30", "scene_id": "S2C_MSIL2A_20250930T075741_R035_T39UUV_20250930T110831", "scene_datetime_utc": "2025-09-30T07:57:41.025000+00:00", "detection_status": "detected", "detection_status_ru": "обнаружено", "lon": 49.08724, "lat": 53.46196, "n_pixels": 1, "zone_area_km2": 0.0005, "cover_m2": 3.9, "p_mean": 0.882, "p_max": 0.882, "cover_m2_km2": 7800.0, "h3": "8810856807fffff", "valid_frac_scene": 1.0, "wind_ms": 3.9, "sea": "спокойное", "scene_reliable": true, "field_event_id": "S4:DOORS3:T23", "field_profile": "B", "field_date": "2024-06-10", "field_distance_km": 1356.5, "field_date_gap_days": 477, "field_conc_items_km2": 102.37, "conc_A_items_km2": null, "conc_A_lo80": null, "conc_A_hi80": null, "conc_A_lo95": null, "conc_A_hi95": null, "conc_A_status": "unavailable", "conc_A_status_ru": "концентрация недоступна", "conc_A_reasons": "вне бассейна профиля: nw_atlantic_subtropical", "conc_A_model": "conc-A-c6bce5631d2b", "conc_B_items_km2": null, "conc_B_lo80": null, "conc_B_hi80": null, "conc_B_lo95": null, "conc_B_hi95": null, "conc_B_status": "unavailable", "conc_B_status_ru": "концентрация недоступна", "conc_B_reasons": "вне бассейна профиля: black_sea", "conc_B_model": "conc-B-c6bce5631d2b"}}, {"type": "Feature", "geometry": {"type": "Polygon", "coordinates": [[[49.182219044918845, 53.461958987704826], [49.182222883717834, 53.46186914568374], [49.18192179442192, 53.46186456348125], [49.18192563383523, 53.461774721473525], [49.18177508953577, 53.461772430095344], [49.181778929245894, 53.46168258809356], [49.18208385628498, 53.46159732862711], [49.182080017230504, 53.46168717064537], [49.18238110529779, 53.461691752438824], [49.18237726685763, 53.46178159447046], [49.182527811239765, 53.46178388509026], [49.18252397309642, 53.46187372712783], [49.1823734283968, 53.46187143650059], [49.1823695899153, 53.46196127852913], [49.182219044918845, 53.461958987704826]]]}, "properties": {"zone_id": "kuibyshev-2025-09-30-020", "aoi": "kuibyshev", "date": "2025-09-30", "scene_id": "S2C_MSIL2A_20250930T075741_R035_T39UUV_20250930T110831", "scene_datetime_utc": "2025-09-30T07:57:41.025000+00:00", "detection_status": "detected", "detection_status_ru": "обнаружено", "lon": 49.18215, "lat": 53.46178, "n_pixels": 2, "zone_area_km2": 0.001, "cover_m2": 7.1, "p_mean": 0.933, "p_max": 0.976, "cover_m2_km2": 7100.0, "h3": "88108568a7fffff", "valid_frac_scene": 1.0, "wind_ms": 3.9, "sea": "спокойное", "scene_reliable": true, "field_event_id": "S4:DOORS3:T23", "field_profile": "B", "field_date": "2024-06-10", "field_distance_km": 1359.4, "field_date_gap_days": 477, "field_conc_items_km2": 102.37, "conc_A_items_km2": null, "conc_A_lo80": null, "conc_A_hi80": null, "conc_A_lo95": null, "conc_A_hi95": null, "conc_A_status": "unavailable", "conc_A_status_ru": "концентрация недоступна", "conc_A_reasons": "вне бассейна профиля: nw_atlantic_subtropical", "conc_A_model": "conc-A-c6bce5631d2b", "conc_B_items_km2": null, "conc_B_lo80": null, "conc_B_hi80": null, "conc_B_lo95": null, "conc_B_hi95": null, "conc_B_status": "unavailable", "conc_B_status_ru": "концентрация недоступна", "conc_B_reasons": "вне бассейна профиля: black_sea", "conc_B_model": "conc-B-c6bce5631d2b"}}, {"type": "Feature", "geometry": {"type": "Polygon", "coordinates": [[[49.16882449026764, 53.4616645036504], [49.16882835730227, 53.46157466229444], [49.16867781480777, 53.4615723544215], [49.168681682139045, 53.461482513071516], [49.1689866331894, 53.46139728724619], [49.1689827665139, 53.46148712861275], [49.169133308732555, 53.46148943609899], [49.16912944235371, 53.46157927747153], [49.168978899817574, 53.46157696997778], [49.16897503310043, 53.46166681134125], [49.16882449026764, 53.4616645036504]]]}, "properties": {"zone_id": "kuibyshev-2025-09-30-021", "aoi": "kuibyshev", "date": "2025-09-30", "scene_id": "S2C_MSIL2A_20250930T075741_R035_T39UUV_20250930T110831", "scene_datetime_utc": "2025-09-30T07:57:41.025000+00:00", "detection_status": "detected", "detection_status_ru": "обнаружено", "lon": 49.16891, "lat": 53.46153, "n_pixels": 1, "zone_area_km2": 0.0005, "cover_m2": 5.9, "p_mean": 0.937, "p_max": 0.937, "cover_m2_km2": 11800.0, "h3": "88108568adfffff", "valid_frac_scene": 1.0, "wind_ms": 3.9, "sea": "спокойное", "scene_reliable": true, "field_event_id": "S4:DOORS3:T23", "field_profile": "B", "field_date": "2024-06-10", "field_distance_km": 1359.0, "field_date_gap_days": 477, "field_conc_items_km2": 102.37, "conc_A_items_km2": null, "conc_A_lo80": null, "conc_A_hi80": null, "conc_A_lo95": null, "conc_A_hi95": null, "conc_A_status": "unavailable", "conc_A_status_ru": "концентрация недоступна", "conc_A_reasons": "вне бассейна профиля: nw_atlantic_subtropical", "conc_A_model": "conc-A-c6bce5631d2b", "conc_B_items_km2": null, "conc_B_lo80": null, "conc_B_hi80": null, "conc_B_lo95": null, "conc_B_hi95": null, "conc_B_status": "unavailable", "conc_B_status_ru": "концентрация недоступна", "conc_B_reasons": "вне бассейна профиля: black_sea", "conc_B_model": "conc-B-c6bce5631d2b"}}, {"type": "Feature", "geometry": {"type": "Polygon", "coordinates": [[[49.08657469170222, 53.46163391400301], [49.086578732362554, 53.46154407686601], [49.08642819704696, 53.461541665374575], [49.08643223800296, 53.46145182824387], [49.08673734832048, 53.461366813873475], [49.08673330802107, 53.461456651021464], [49.08688384306275, 53.46145906212592], [49.086879803059, 53.46154889928019], [49.0867292676999, 53.461546488167876], [49.086725227356986, 53.46163632531273], [49.08657469170222, 53.46163391400301]]]}, "properties": {"zone_id": "kuibyshev-2025-09-30-022", "aoi": "kuibyshev", "date": "2025-09-30", "scene_id": "S2C_MSIL2A_20250930T075741_R035_T39UUV_20250930T110831", "scene_datetime_utc": "2025-09-30T07:57:41.025000+00:00", "detection_status": "detected", "detection_status_ru": "обнаружено", "lon": 49.08666, "lat": 53.4615, "n_pixels": 1, "zone_area_km2": 0.0005, "cover_m2": 2.4, "p_mean": 0.667, "p_max": 0.667, "cover_m2_km2": 4800.0, "h3": "8810856807fffff", "valid_frac_scene": 1.0, "wind_ms": 3.9, "sea": "спокойное", "scene_reliable": true, "field_event_id": "S4:DOORS3:T23", "field_profile": "B", "field_date": "2024-06-10", "field_distance_km": 1356.5, "field_date_gap_days": 477, "field_conc_items_km2": 102.37, "conc_A_items_km2": null, "conc_A_lo80": null, "conc_A_hi80": null, "conc_A_lo95": null, "conc_A_hi95": null, "conc_A_status": "unavailable", "conc_A_status_ru": "концентрация недоступна", "conc_A_reasons": "вне бассейна профиля: nw_atlantic_subtropical", "conc_A_model": "conc-A-c6bce5631d2b", "conc_B_items_km2": null, "conc_B_lo80": null, "conc_B_hi80": null, "conc_B_lo95": null, "conc_B_hi95": null, "conc_B_status": "unavailable", "conc_B_status_ru": "концентрация недоступна", "conc_B_reasons": "вне бассейна профиля: black_sea", "conc_B_model": "conc-B-c6bce5631d2b"}}, {"type": "Feature", "geometry": {"type": "Polygon", "coordinates": [[[49.2220086946458, 53.46147905528915], [49.22201244937837, 53.4613892113007], [49.221861903133146, 53.46138697043779], [49.221865658163004, 53.4612971264551], [49.22217050441326, 53.46121176397782], [49.22216675003863, 53.46130160797668], [49.22231729600677, 53.46130384845305], [49.222313541929445, 53.46139369245765], [49.2221629956438, 53.46139145197396], [49.222159241228745, 53.46148129596973], [49.2220086946458, 53.46147905528915]]]}, "properties": {"zone_id": "kuibyshev-2025-09-30-023", "aoi": "kuibyshev", "date": "2025-09-30", "scene_id": "S2C_MSIL2A_20250930T075741_R035_T39UUV_20250930T110831", "scene_datetime_utc": "2025-09-30T07:57:41.025000+00:00", "detection_status": "detected", "detection_status_ru": "обнаружено", "lon": 49.22209, "lat": 53.46135, "n_pixels": 1, "zone_area_km2": 0.0005, "cover_m2": 3.1, "p_mean": 0.988, "p_max": 0.988, "cover_m2_km2": 6200.0, "h3": "881081d243fffff", "valid_frac_scene": 1.0, "wind_ms": 3.9, "sea": "спокойное", "scene_reliable": true, "field_event_id": "S4:DOORS3:T23", "field_profile": "B", "field_date": "2024-06-10", "field_distance_km": 1360.6, "field_date_gap_days": 477, "field_conc_items_km2": 102.37, "conc_A_items_km2": null, "conc_A_lo80": null, "conc_A_hi80": null, "conc_A_lo95": null, "conc_A_hi95": null, "conc_A_status": "unavailable", "conc_A_status_ru": "концентрация недоступна", "conc_A_reasons": "вне бассейна профиля: nw_atlantic_subtropical", "conc_A_model": "conc-A-c6bce5631d2b", "conc_B_items_km2": null, "conc_B_lo80": null, "conc_B_hi80": null, "conc_B_lo95": null, "conc_B_hi95": null, "conc_B_status": "unavailable", "conc_B_status_ru": "концентрация недоступна", "conc_B_reasons": "вне бассейна профиля: black_sea", "conc_B_model": "conc-B-c6bce5631d2b"}}, {"type": "Feature", "geometry": {"type": "MultiPolygon", "coordinates": [[[[49.22204248651112, 53.46067045933751], [49.22219303023652, 53.460672699952376], [49.222196784469645, 53.46058285594274], [49.222046241061754, 53.460580615335154], [49.222049995592165, 53.46049077133128], [49.22174515430662, 53.46057613355119], [49.221741399120994, 53.46066597753893], [49.221891942805954, 53.46066821853301], [49.221888187917614, 53.46075806252651], [49.22203873194028, 53.4607603033383], [49.22204248651112, 53.46067045933751]]], [[[49.222034977349225, 53.460850147337545], [49.22188443300905, 53.46084790651846], [49.221880678080275, 53.460937750508876], [49.22217801310187, 53.46103207597551], [49.222181767415854, 53.46094223197204], [49.22233231211395, 53.460944472419214], [49.22233606609022, 53.46085462840691], [49.22218552170961, 53.46085238796703], [49.22218927598317, 53.46076254396048], [49.22203873194028, 53.4607603033383], [49.222034977349225, 53.460850147337545]]]]}, "properties": {"zone_id": "kuibyshev-2025-09-30-024", "aoi": "kuibyshev", "date": "2025-09-30", "scene_id": "S2C_MSIL2A_20250930T075741_R035_T39UUV_20250930T110831", "scene_datetime_utc": "2025-09-30T07:57:41.025000+00:00", "detection_status": "detected", "detection_status_ru": "обнаружено", "lon": 49.22204, "lat": 53.46076, "n_pixels": 2, "zone_area_km2": 0.001, "cover_m2": 7.1, "p_mean": 0.973, "p_max": 0.996, "cover_m2_km2": 7100.0, "h3": "881081d243fffff", "valid_frac_scene": 1.0, "wind_ms": 3.9, "sea": "спокойное", "scene_reliable": true, "field_event_id": "S4:DOORS3:T23", "field_profile": "B", "field_date": "2024-06-10", "field_distance_km": 1360.6, "field_date_gap_days": 477, "field_conc_items_km2": 102.37, "conc_A_items_km2": null, "conc_A_lo80": null, "conc_A_hi80": null, "conc_A_lo95": null, "conc_A_hi95": null, "conc_A_status": "unavailable", "conc_A_status_ru": "концентрация недоступна", "conc_A_reasons": "вне бассейна профиля: nw_atlantic_subtropical", "conc_A_model": "conc-A-c6bce5631d2b", "conc_B_items_km2": null, "conc_B_lo80": null, "conc_B_hi80": null, "conc_B_lo95": null, "conc_B_hi95": null, "conc_B_status": "unavailable", "conc_B_status_ru": "концентрация недоступна", "conc_B_reasons": "вне бассейна профиля: black_sea", "conc_B_model": "conc-B-c6bce5631d2b"}}, {"type": "Feature", "geometry": {"type": "Polygon", "coordinates": [[[49.16855821294111, 53.46085131557578], [49.16856208042328, 53.4607614742209], [49.16841154082767, 53.46075916603645], [49.168415408606485, 53.46066932468754], [49.16872035430667, 53.46058409948627], [49.1687164871836, 53.46067394085179], [49.16886702650339, 53.460676248649534], [49.16886315967697, 53.46076609002102], [49.16871262003971, 53.46076378221575], [49.168708752875006, 53.46085362357815], [49.16855821294111, 53.46085131557578]]]}, "properties": {"zone_id": "kuibyshev-2025-09-30-025", "aoi": "kuibyshev", "date": "2025-09-30", "scene_id": "S2C_MSIL2A_20250930T075741_R035_T39UUV_20250930T110831", "scene_datetime_utc": "2025-09-30T07:57:41.025000+00:00", "detection_status": "detected", "detection_status_ru": "обнаружено", "lon": 49.16864, "lat": 53.46072, "n_pixels": 1, "zone_area_km2": 0.0005, "cover_m2": 5.5, "p_mean": 0.761, "p_max": 0.761, "cover_m2_km2": 11000.0, "h3": "88108568adfffff", "valid_frac_scene": 1.0, "wind_ms": 3.9, "sea": "спокойное", "scene_reliable": true, "field_event_id": "S4:DOORS3:T23", "field_profile": "B", "field_date": "2024-06-10", "field_distance_km": 1358.9, "field_date_gap_days": 477, "field_conc_items_km2": 102.37, "conc_A_items_km2": null, "conc_A_lo80": null, "conc_A_hi80": null, "conc_A_lo95": null, "conc_A_hi95": null, "conc_A_status": "unavailable", "conc_A_status_ru": "концентрация недоступна", "conc_A_reasons": "вне бассейна профиля: nw_atlantic_subtropical", "conc_A_model": "conc-A-c6bce5631d2b", "conc_B_items_km2": null, "conc_B_lo80": null, "conc_B_hi80": null, "conc_B_lo95": null, "conc_B_hi95": null, "conc_B_status": "unavailable", "conc_B_status_ru": "концентрация недоступна", "conc_B_reasons": "вне бассейна профиля: black_sea", "conc_B_model": "conc-B-c6bce5631d2b"}}, {"type": "Feature", "geometry": {"type": "Polygon", "coordinates": [[[49.08179401881917, 53.460748119975584], [49.08179806944058, 53.46065828307612], [49.08164753767866, 53.46065586558942], [49.08165158859566, 53.460566028696284], [49.08195670176691, 53.46048102655392], [49.08195265150651, 53.46057086346438], [49.08210318299464, 53.460573280564105], [49.08209913302983, 53.460663117480856], [49.081948601224305, 53.46066070037327], [49.081944550920284, 53.4607505372806], [49.08179401881917, 53.460748119975584]]]}, "properties": {"zone_id": "kuibyshev-2025-09-30-026", "aoi": "kuibyshev", "date": "2025-09-30", "scene_id": "S2C_MSIL2A_20250930T075741_R035_T39UUV_20250930T110831", "scene_datetime_utc": "2025-09-30T07:57:41.025000+00:00", "detection_status": "detected", "detection_status_ru": "обнаружено", "lon": 49.08188, "lat": 53.46061, "n_pixels": 1, "zone_area_km2": 0.0005, "cover_m2": 3.9, "p_mean": 0.976, "p_max": 0.976, "cover_m2_km2": 7800.0, "h3": "8810856801fffff", "valid_frac_scene": 1.0, "wind_ms": 3.9, "sea": "спокойное", "scene_reliable": true, "field_event_id": "S4:DOORS3:T23", "field_profile": "B", "field_date": "2024-06-10", "field_distance_km": 1356.3, "field_date_gap_days": 477, "field_conc_items_km2": 102.37, "conc_A_items_km2": null, "conc_A_lo80": null, "conc_A_hi80": null, "conc_A_lo95": null, "conc_A_hi95": null, "conc_A_status": "unavailable", "conc_A_status_ru": "концентрация недоступна", "conc_A_reasons": "вне бассейна профиля: nw_atlantic_subtropical", "conc_A_model": "conc-A-c6bce5631d2b", "conc_B_items_km2": null, "conc_B_lo80": null, "conc_B_hi80": null, "conc_B_lo95": null, "conc_B_hi95": null, "conc_B_status": "unavailable", "conc_B_status_ru": "концентрация недоступна", "conc_B_reasons": "вне бассейна профиля: black_sea", "conc_B_model": "conc-B-c6bce5631d2b"}}, {"type": "Feature", "geometry": {"type": "MultiPolygon", "coordinates": [[[[49.1809294462276, 53.46041104832703], [49.18107998564082, 53.46041334073077], [49.181083826628196, 53.460323498743044], [49.18093328753243, 53.46032120634678], [49.18093712881659, 53.46023136436498], [49.18063220940297, 53.46031662098548], [49.18062836746321, 53.46040646295081], [49.18077890683506, 53.46040875573371], [49.18077506519208, 53.46049859770495], [49.18092560490208, 53.46050089030574], [49.1809294462276, 53.46041104832703]]], [[[49.18092176355589, 53.46059073228288], [49.18077122352841, 53.46058843967463], [49.18076738184406, 53.46067828164275], [49.18106462148454, 53.46077270866614], [49.18106846255463, 53.46068286668462], [49.18121900294093, 53.46068515892116], [49.18122284367287, 53.46059531693062], [49.18107230360404, 53.460593024701545], [49.18107614463277, 53.460503182716934], [49.18092560490208, 53.46050089030574], [49.18092176355589, 53.46059073228288]]]]}, "properties": {"zone_id": "kuibyshev-2025-09-30-027", "aoi": "kuibyshev", "date": "2025-09-30", "scene_id": "S2C_MSIL2A_20250930T075741_R035_T39UUV_20250930T110831", "scene_datetime_utc": "2025-09-30T07:57:41.025000+00:00", "detection_status": "detected", "detection_status_ru": "обнаружено", "lon": 49.18093, "lat": 53.4605, "n_pixels": 2, "zone_area_km2": 0.001, "cover_m2": 7.5, "p_mean": 0.975, "p_max": 0.976, "cover_m2_km2": 7500.0, "h3": "88108568a7fffff", "valid_frac_scene": 1.0, "wind_ms": 3.9, "sea": "спокойное", "scene_reliable": true, "field_event_id": "S4:DOORS3:T23", "field_profile": "B", "field_date": "2024-06-10", "field_distance_km": 1359.3, "field_date_gap_days": 477, "field_conc_items_km2": 102.37, "conc_A_items_km2": null, "conc_A_lo80": null, "conc_A_hi80": null, "conc_A_lo95": null, "conc_A_hi95": null, "conc_A_status": "unavailable", "conc_A_status_ru": "концентрация недоступна", "conc_A_reasons": "вне бассейна профиля: nw_atlantic_subtropical", "conc_A_model": "conc-A-c6bce5631d2b", "conc_B_items_km2": null, "conc_B_lo80": null, "conc_B_hi80": null, "conc_B_lo95": null, "conc_B_hi95": null, "conc_B_status": "unavailable", "conc_B_status_ru": "концентрация недоступна", "conc_B_reasons": "вне бассейна профиля: black_sea", "conc_B_model": "conc-B-c6bce5631d2b"}}, {"type": "Feature", "geometry": {"type": "Polygon", "coordinates": [[[49.08362063931661, 53.46032793013955], [49.083624686020286, 53.460238093137775], [49.08347415558378, 53.460235677965144], [49.08348224956057, 53.46005600397266], [49.08378735550674, 53.45997099708256], [49.083783309185804, 53.4600608340969], [49.083933839031104, 53.46006324887468], [49.08392574695866, 53.46024292291438], [49.08362063931661, 53.46032793013955]]]}, "properties": {"zone_id": "kuibyshev-2025-09-30-028", "aoi": "kuibyshev", "date": "2025-09-30", "scene_id": "S2C_MSIL2A_20250930T075741_R035_T39UUV_20250930T110831", "scene_datetime_utc": "2025-09-30T07:57:41.025000+00:00", "detection_status": "detected", "detection_status_ru": "обнаружено", "lon": 49.0837, "lat": 53.46015, "n_pixels": 2, "zone_area_km2": 0.0008, "cover_m2": 9.0, "p_mean": 0.739, "p_max": 0.871, "cover_m2_km2": 11250.0, "h3": "8810856807fffff", "valid_frac_scene": 1.0, "wind_ms": 3.9, "sea": "спокойное", "scene_reliable": true, "field_event_id": "S4:DOORS3:T23", "field_profile": "B", "field_date": "2024-06-10", "field_distance_km": 1356.3, "field_date_gap_days": 477, "field_conc_items_km2": 102.37, "conc_A_items_km2": null, "conc_A_lo80": null, "conc_A_hi80": null, "conc_A_lo95": null, "conc_A_hi95": null, "conc_A_status": "unavailable", "conc_A_status_ru": "концентрация недоступна", "conc_A_reasons": "вне бассейна профиля: nw_atlantic_subtropical", "conc_A_model": "conc-A-c6bce5631d2b", "conc_B_items_km2": null, "conc_B_lo80": null, "conc_B_hi80": null, "conc_B_lo95": null, "conc_B_hi95": null, "conc_B_status": "unavailable", "conc_B_status_ru": "концентрация недоступна", "conc_B_reasons": "вне бассейна профиля: black_sea", "conc_B_model": "conc-B-c6bce5631d2b"}}, {"type": "Feature", "geometry": {"type": "Polygon", "coordinates": [[[49.16814140842568, 53.460035818384284], [49.16814527667281, 53.459945977037975], [49.16799473999677, 53.45994366835247], [49.16799860854052, 53.45985382701212], [49.16830354916655, 53.45976860282159], [49.16829968127852, 53.45985844417852], [49.16845021767876, 53.45986075247735], [49.16844635008736, 53.459950593840254], [49.16829581336967, 53.459948285533905], [49.16829194543999, 53.460038126887724], [49.16814140842568, 53.460035818384284]]]}, "properties": {"zone_id": "kuibyshev-2025-09-30-029", "aoi": "kuibyshev", "date": "2025-09-30", "scene_id": "S2C_MSIL2A_20250930T075741_R035_T39UUV_20250930T110831", "scene_datetime_utc": "2025-09-30T07:57:41.025000+00:00", "detection_status": "detected", "detection_status_ru": "обнаружено", "lon": 49.16822, "lat": 53.4599, "n_pixels": 1, "zone_area_km2": 0.0005, "cover_m2": 3.9, "p_mean": 0.835, "p_max": 0.835, "cover_m2_km2": 7800.0, "h3": "88108568a5fffff", "valid_frac_scene": 1.0, "wind_ms": 3.9, "sea": "спокойное", "scene_reliable": true, "field_event_id": "S4:DOORS3:T23", "field_profile": "B", "field_date": "2024-06-10", "field_distance_km": 1358.8, "field_date_gap_days": 477, "field_conc_items_km2": 102.37, "conc_A_items_km2": null, "conc_A_lo80": null, "conc_A_hi80": null, "conc_A_lo95": null, "conc_A_hi95": null, "conc_A_status": "unavailable", "conc_A_status_ru": "концентрация недоступна", "conc_A_reasons": "вне бассейна профиля: nw_atlantic_subtropical", "conc_A_model": "conc-A-c6bce5631d2b", "conc_B_items_km2": null, "conc_B_lo80": null, "conc_B_hi80": null, "conc_B_lo95": null, "conc_B_hi95": null, "conc_B_status": "unavailable", "conc_B_status_ru": "концентрация недоступна", "conc_B_reasons": "вне бассейна профиля: black_sea", "conc_B_model": "conc-B-c6bce5631d2b"}}, {"type": "Feature", "geometry": {"type": "Polygon", "coordinates": [[[49.081858826145016, 53.45931072939585], [49.08186287641754, 53.45922089247125], [49.08171234973378, 53.45921847511055], [49.08171640030186, 53.45912863819227], [49.08202150296799, 53.45904363577277], [49.082017453056444, 53.45913347270837], [49.08216797946645, 53.45913588968211], [49.082163929850466, 53.45922572662401], [49.0820134031231, 53.45922330964242], [49.082009353167955, 53.45931314657487], [49.081858826145016, 53.45931072939585]]]}, "properties": {"zone_id": "kuibyshev-2025-09-30-030", "aoi": "kuibyshev", "date": "2025-09-30", "scene_id": "S2C_MSIL2A_20250930T075741_R035_T39UUV_20250930T110831", "scene_datetime_utc": "2025-09-30T07:57:41.025000+00:00", "detection_status": "detected", "detection_status_ru": "обнаружено", "lon": 49.08194, "lat": 53.45918, "n_pixels": 1, "zone_area_km2": 0.0005, "cover_m2": 4.7, "p_mean": 0.996, "p_max": 0.996, "cover_m2_km2": 9400.0, "h3": "8810856807fffff", "valid_frac_scene": 1.0, "wind_ms": 3.9, "sea": "спокойное", "scene_reliable": true, "field_event_id": "S4:DOORS3:T23", "field_profile": "B", "field_date": "2024-06-10", "field_distance_km": 1356.1, "field_date_gap_days": 477, "field_conc_items_km2": 102.37, "conc_A_items_km2": null, "conc_A_lo80": null, "conc_A_hi80": null, "conc_A_lo95": null, "conc_A_hi95": null, "conc_A_status": "unavailable", "conc_A_status_ru": "концентрация недоступна", "conc_A_reasons": "вне бассейна профиля: nw_atlantic_subtropical", "conc_A_model": "conc-A-c6bce5631d2b", "conc_B_items_km2": null, "conc_B_lo80": null, "conc_B_hi80": null, "conc_B_lo95": null, "conc_B_hi95": null, "conc_B_status": "unavailable", "conc_B_status_ru": "концентрация недоступна", "conc_B_reasons": "вне бассейна профиля: black_sea", "conc_B_model": "conc-B-c6bce5631d2b"}}, {"type": "Feature", "geometry": {"type": "Polygon", "coordinates": [[[49.23296377884954, 53.45885471904977], [49.232967510097936, 53.458764874489574], [49.23281697224392, 53.45876264750339], [49.232824435315386, 53.45858295839286], [49.2331292406443, 53.45849756757451], [49.233125509773636, 53.458587412146606], [49.23327604703289, 53.45858963873909], [49.23326858586623, 53.458769327893144], [49.23296377884954, 53.45885471904977]]]}, "properties": {"zone_id": "kuibyshev-2025-09-30-031", "aoi": "kuibyshev", "date": "2025-09-30", "scene_id": "S2C_MSIL2A_20250930T075741_R035_T39UUV_20250930T110831", "scene_datetime_utc": "2025-09-30T07:57:41.025000+00:00", "detection_status": "detected", "detection_status_ru": "обнаружено", "lon": 49.23305, "lat": 53.45868, "n_pixels": 2, "zone_area_km2": 0.0008, "cover_m2": 9.0, "p_mean": 0.975, "p_max": 0.98, "cover_m2_km2": 11250.0, "h3": "881081d209fffff", "valid_frac_scene": 1.0, "wind_ms": 3.9, "sea": "спокойное", "scene_reliable": true, "field_event_id": "S4:DOORS3:T23", "field_profile": "B", "field_date": "2024-06-10", "field_distance_km": 1360.7, "field_date_gap_days": 477, "field_conc_items_km2": 102.37, "conc_A_items_km2": null, "conc_A_lo80": null, "conc_A_hi80": null, "conc_A_lo95": null, "conc_A_hi95": null, "conc_A_status": "unavailable", "conc_A_status_ru": "концентрация недоступна", "conc_A_reasons": "вне бассейна профиля: nw_atlantic_subtropical", "conc_A_model": "conc-A-c6bce5631d2b", "conc_B_items_km2": null, "conc_B_lo80": null, "conc_B_hi80": null, "conc_B_lo95": null, "conc_B_hi95": null, "conc_B_status": "unavailable", "conc_B_status_ru": "концентрация недоступна", "conc_B_reasons": "вне бассейна профиля: black_sea", "conc_B_model": "conc-B-c6bce5631d2b"}}, {"type": "Feature", "geometry": {"type": "Polygon", "coordinates": [[[49.16744676899447, 53.45867665322983], [49.16745063851635, 53.458586811897845], [49.167300106705966, 53.45858450237729], [49.16730397652442, 53.45849466105127], [49.16760890869394, 53.45840943854513], [49.16760503953116, 53.45849927988776], [49.167755571065776, 53.458501589021644], [49.16775170219958, 53.458591430370234], [49.16760117034755, 53.45858912122882], [49.167597301143104, 53.458678962568335], [49.16744676899447, 53.45867665322983]]]}, "properties": {"zone_id": "kuibyshev-2025-09-30-032", "aoi": "kuibyshev", "date": "2025-09-30", "scene_id": "S2C_MSIL2A_20250930T075741_R035_T39UUV_20250930T110831", "scene_datetime_utc": "2025-09-30T07:57:41.025000+00:00", "detection_status": "detected", "detection_status_ru": "обнаружено", "lon": 49.16753, "lat": 53.45854, "n_pixels": 1, "zone_area_km2": 0.0005, "cover_m2": 6.7, "p_mean": 0.522, "p_max": 0.522, "cover_m2_km2": 13400.0, "h3": "88108568a5fffff", "valid_frac_scene": 1.0, "wind_ms": 3.9, "sea": "спокойное", "scene_reliable": true, "field_event_id": "S4:DOORS3:T23", "field_profile": "B", "field_date": "2024-06-10", "field_distance_km": 1358.7, "field_date_gap_days": 477, "field_conc_items_km2": 102.37, "conc_A_items_km2": null, "conc_A_lo80": null, "conc_A_hi80": null, "conc_A_lo95": null, "conc_A_hi95": null, "conc_A_status": "unavailable", "conc_A_status_ru": "концентрация недоступна", "conc_A_reasons": "вне бассейна профиля: nw_atlantic_subtropical", "conc_A_model": "conc-A-c6bce5631d2b", "conc_B_items_km2": null, "conc_B_lo80": null, "conc_B_hi80": null, "conc_B_lo95": null, "conc_B_hi95": null, "conc_B_status": "unavailable", "conc_B_status_ru": "концентрация недоступна", "conc_B_reasons": "вне бассейна профиля: black_sea", "conc_B_model": "conc-B-c6bce5631d2b"}}, {"type": "Feature", "geometry": {"type": "Polygon", "coordinates": [[[49.23253828937907, 53.458219125699266], [49.23254202143923, 53.45812928115005], [49.23239148586774, 53.458127053645896], [49.2323989505627, 53.457947364557334], [49.23270375213838, 53.457861974785935], [49.232700020455944, 53.457951819347024], [49.23285055543271, 53.45795404645749], [49.2328430926425, 53.4581337355896], [49.23253828937907, 53.458219125699266]]]}, "properties": {"zone_id": "kuibyshev-2025-09-30-033", "aoi": "kuibyshev", "date": "2025-09-30", "scene_id": "S2C_MSIL2A_20250930T075741_R035_T39UUV_20250930T110831", "scene_datetime_utc": "2025-09-30T07:57:41.025000+00:00", "detection_status": "detected", "detection_status_ru": "обнаружено", "lon": 49.23262, "lat": 53.45804, "n_pixels": 2, "zone_area_km2": 0.0008, "cover_m2": 6.7, "p_mean": 0.875, "p_max": 0.937, "cover_m2_km2": 8375.0, "h3": "881081d209fffff", "valid_frac_scene": 1.0, "wind_ms": 3.9, "sea": "спокойное", "scene_reliable": true, "field_event_id": "S4:DOORS3:T23", "field_profile": "B", "field_date": "2024-06-10", "field_distance_km": 1360.6, "field_date_gap_days": 477, "field_conc_items_km2": 102.37, "conc_A_items_km2": null, "conc_A_lo80": null, "conc_A_hi80": null, "conc_A_lo95": null, "conc_A_hi95": null, "conc_A_status": "unavailable", "conc_A_status_ru": "концентрация недоступна", "conc_A_reasons": "вне бассейна профиля: nw_atlantic_subtropical", "conc_A_model": "conc-A-c6bce5631d2b", "conc_B_items_km2": null, "conc_B_lo80": null, "conc_B_hi80": null, "conc_B_lo95": null, "conc_B_hi95": null, "conc_B_status": "unavailable", "conc_B_status_ru": "концентрация недоступна", "conc_B_reasons": "вне бассейна профиля: black_sea", "conc_B_model": "conc-B-c6bce5631d2b"}}, {"type": "Feature", "geometry": {"type": "Polygon", "coordinates": [[[49.15741563171519, 53.45726372399485], [49.15741952221075, 53.45717388314655], [49.15726899624361, 53.457171561030755], [49.15727677780667, 53.456991879344606], [49.157581718607695, 53.45690668249585], [49.15757782849235, 53.45699652335638], [49.15772835386661, 53.456998845077926], [49.157720574207865, 53.457178526809464], [49.15741563171519, 53.45726372399485]]]}, "properties": {"zone_id": "kuibyshev-2025-09-30-034", "aoi": "kuibyshev", "date": "2025-09-30", "scene_id": "S2C_MSIL2A_20250930T075741_R035_T39UUV_20250930T110831", "scene_datetime_utc": "2025-09-30T07:57:41.025000+00:00", "detection_status": "detected", "detection_status_ru": "обнаружено", "lon": 49.1575, "lat": 53.45709, "n_pixels": 2, "zone_area_km2": 0.0008, "cover_m2": 9.0, "p_mean": 0.743, "p_max": 0.925, "cover_m2_km2": 11250.0, "h3": "88108569d3fffff", "valid_frac_scene": 1.0, "wind_ms": 3.9, "sea": "спокойное", "scene_reliable": true, "field_event_id": "S4:DOORS3:T23", "field_profile": "B", "field_date": "2024-06-10", "field_distance_km": 1358.2, "field_date_gap_days": 477, "field_conc_items_km2": 102.37, "conc_A_items_km2": null, "conc_A_lo80": null, "conc_A_hi80": null, "conc_A_lo95": null, "conc_A_hi95": null, "conc_A_status": "unavailable", "conc_A_status_ru": "концентрация недоступна", "conc_A_reasons": "вне бассейна профиля: nw_atlantic_subtropical", "conc_A_model": "conc-A-c6bce5631d2b", "conc_B_items_km2": null, "conc_B_lo80": null, "conc_B_hi80": null, "conc_B_lo95": null, "conc_B_hi95": null, "conc_B_status": "unavailable", "conc_B_status_ru": "концентрация недоступна", "conc_B_reasons": "вне бассейна профиля: black_sea", "conc_B_model": "conc-B-c6bce5631d2b"}}, {"type": "Feature", "geometry": {"type": "MultiPolygon", "coordinates": [[[[49.23184534608243, 53.45677047385465], [49.23199587681187, 53.45677270200826], [49.231999609820285, 53.456682857463434], [49.23184907940828, 53.45668062931708], [49.231852812714024, 53.45659078477797], [49.23154801864456, 53.45667617245565], [49.23154428468385, 53.4567660169787], [49.23169481537309, 53.45676824551146], [49.231691081709705, 53.45685809004023], [49.23184161273648, 53.45686031839068], [49.23184534608243, 53.45677047385465]]], [[[49.23183787937044, 53.45695016292517], [49.23168734802623, 53.45694793456747], [49.23168361432265, 53.457037779093156], [49.231980944577224, 53.45713208017218], [49.231984677666034, 53.45704223563351], [49.232135209367875, 53.45704446361933], [49.23213894211914, 53.456954619071844], [49.23198841073474, 53.456952391093296], [49.23199214378335, 53.456862546551555], [49.23184161273648, 53.45686031839068], [49.23183787937044, 53.45695016292517]]]]}, "properties": {"zone_id": "kuibyshev-2025-09-30-035", "aoi": "kuibyshev", "date": "2025-09-30", "scene_id": "S2C_MSIL2A_20250930T075741_R035_T39UUV_20250930T110831", "scene_datetime_utc": "2025-09-30T07:57:41.025000+00:00", "detection_status": "detected", "detection_status_ru": "обнаружено", "lon": 49.23184, "lat": 53.45686, "n_pixels": 2, "zone_area_km2": 0.001, "cover_m2": 8.6, "p_mean": 0.792, "p_max": 0.839, "cover_m2_km2": 8600.0, "h3": "881081d209fffff", "valid_frac_scene": 1.0, "wind_ms": 3.9, "sea": "спокойное", "scene_reliable": true, "field_event_id": "S4:DOORS3:T23", "field_profile": "B", "field_date": "2024-06-10", "field_distance_km": 1360.5, "field_date_gap_days": 477, "field_conc_items_km2": 102.37, "conc_A_items_km2": null, "conc_A_lo80": null, "conc_A_hi80": null, "conc_A_lo95": null, "conc_A_hi95": null, "conc_A_status": "unavailable", "conc_A_status_ru": "концентрация недоступна", "conc_A_reasons": "вне бассейна профиля: nw_atlantic_subtropical", "conc_A_model": "conc-A-c6bce5631d2b", "conc_B_items_km2": null, "conc_B_lo80": null, "conc_B_hi80": null, "conc_B_lo95": null, "conc_B_hi95": null, "conc_B_status": "unavailable", "conc_B_status_ru": "концентрация недоступна", "conc_B_reasons": "вне бассейна профиля: black_sea", "conc_B_model": "conc-B-c6bce5631d2b"}}, {"type": "Feature", "geometry": {"type": "Polygon", "coordinates": [[[49.06511024729917, 53.456613232277775], [49.06511433252252, 53.456523396196445], [49.06496381685957, 53.45652095782092], [49.064967902378235, 53.45643112174598], [49.06527301795358, 53.456346162199225], [49.06526893309152, 53.45643599829163], [49.06541944848113, 53.45643843628015], [49.06541536391438, 53.45652827237893], [49.065264848207455, 53.45652583438247], [49.06526076330141, 53.45661567047173], [49.06511024729917, 53.456613232277775]]]}, "properties": {"zone_id": "kuibyshev-2025-09-30-036", "aoi": "kuibyshev", "date": "2025-09-30", "scene_id": "S2C_MSIL2A_20250930T075741_R035_T39UUV_20250930T110831", "scene_datetime_utc": "2025-09-30T07:57:41.025000+00:00", "detection_status": "detected", "detection_status_ru": "обнаружено", "lon": 49.06519, "lat": 53.45648, "n_pixels": 1, "zone_area_km2": 0.0005, "cover_m2": 3.1, "p_mean": 0.914, "p_max": 0.914, "cover_m2_km2": 6200.0, "h3": "881085680dfffff", "valid_frac_scene": 1.0, "wind_ms": 3.9, "sea": "спокойное", "scene_reliable": true, "field_event_id": "S4:DOORS3:T23", "field_profile": "B", "field_date": "2024-06-10", "field_distance_km": 1355.3, "field_date_gap_days": 477, "field_conc_items_km2": 102.37, "conc_A_items_km2": null, "conc_A_lo80": null, "conc_A_hi80": null, "conc_A_lo95": null, "conc_A_hi95": null, "conc_A_status": "unavailable", "conc_A_status_ru": "концентрация недоступна", "conc_A_reasons": "вне бассейна профиля: nw_atlantic_subtropical", "conc_A_model": "conc-A-c6bce5631d2b", "conc_B_items_km2": null, "conc_B_lo80": null, "conc_B_hi80": null, "conc_B_lo95": null, "conc_B_hi95": null, "conc_B_status": "unavailable", "conc_B_status_ru": "концентрация недоступна", "conc_B_reasons": "вне бассейна профиля: black_sea", "conc_B_model": "conc-B-c6bce5631d2b"}}, {"type": "Feature", "geometry": {"type": "Polygon", "coordinates": [[[49.05833295046096, 53.4565931531116], [49.05833704998508, 53.45650331738991], [49.0581865349962, 53.456500870477754], [49.058194734612854, 53.45632119904557], [49.05849986248409, 53.45623625691409], [49.05849576334347, 53.456326092648474], [49.058646277741886, 53.456328539165646], [49.05863808002904, 53.45650821064565], [49.05833295046096, 53.4565931531116]]]}, "properties": {"zone_id": "kuibyshev-2025-09-30-037", "aoi": "kuibyshev", "date": "2025-09-30", "scene_id": "S2C_MSIL2A_20250930T075741_R035_T39UUV_20250930T110831", "scene_datetime_utc": "2025-09-30T07:57:41.025000+00:00", "detection_status": "detected", "detection_status_ru": "обнаружено", "lon": 49.05842, "lat": 53.45641, "n_pixels": 2, "zone_area_km2": 0.0008, "cover_m2": 8.6, "p_mean": 0.829, "p_max": 0.875, "cover_m2_km2": 10750.0, "h3": "881085680dfffff", "valid_frac_scene": 1.0, "wind_ms": 3.9, "sea": "спокойное", "scene_reliable": true, "field_event_id": "S4:DOORS3:T23", "field_profile": "B", "field_date": "2024-06-10", "field_distance_km": 1355.1, "field_date_gap_days": 477, "field_conc_items_km2": 102.37, "conc_A_items_km2": null, "conc_A_lo80": null, "conc_A_hi80": null, "conc_A_lo95": null, "conc_A_hi95": null, "conc_A_status": "unavailable", "conc_A_status_ru": "концентрация недоступна", "conc_A_reasons": "вне бассейна профиля: nw_atlantic_subtropical", "conc_A_model": "conc-A-c6bce5631d2b", "conc_B_items_km2": null, "conc_B_lo80": null, "conc_B_hi80": null, "conc_B_lo95": null, "conc_B_hi95": null, "conc_B_status": "unavailable", "conc_B_status_ru": "концентрация недоступна", "conc_B_reasons": "вне бассейна профиля: black_sea", "conc_B_model": "conc-B-c6bce5631d2b"}}, {"type": "Feature", "geometry": {"type": "Polygon", "coordinates": [[[49.392447766023864, 53.455713539682705], [49.39245116021227, 53.45562368770161], [49.39230062111304, 53.455621661729694], [49.39230401560067, 53.45553180975371], [49.392608487016716, 53.45544600950404], [49.39260509318238, 53.45553586149473], [49.39275563200064, 53.455537887080816], [49.392752238465555, 53.45562773907661], [49.392601699329774, 53.45562571348392], [49.39259830545889, 53.455715565471614], [49.392447766023864, 53.455713539682705]]]}, "properties": {"zone_id": "kuibyshev-2025-09-30-038", "aoi": "kuibyshev", "date": "2025-09-30", "scene_id": "S2C_MSIL2A_20250930T075741_R035_T39UUV_20250930T110831", "scene_datetime_utc": "2025-09-30T07:57:41.025000+00:00", "detection_status": "detected", "detection_status_ru": "обнаружено", "lon": 49.39253, "lat": 53.45558, "n_pixels": 1, "zone_area_km2": 0.0005, "cover_m2": 2.7, "p_mean": 0.902, "p_max": 0.902, "cover_m2_km2": 5400.0, "h3": "881081d0c3fffff", "valid_frac_scene": 1.0, "wind_ms": 3.9, "sea": "спокойное", "scene_reliable": true, "field_event_id": "S4:DOORS3:T23", "field_profile": "B", "field_date": "2024-06-10", "field_distance_km": 1365.4, "field_date_gap_days": 477, "field_conc_items_km2": 102.37, "conc_A_items_km2": null, "conc_A_lo80": null, "conc_A_hi80": null, "conc_A_lo95": null, "conc_A_hi95": null, "conc_A_status": "unavailable", "conc_A_status_ru": "концентрация недоступна", "conc_A_reasons": "вне бассейна профиля: nw_atlantic_subtropical", "conc_A_model": "conc-A-c6bce5631d2b", "conc_B_items_km2": null, "conc_B_lo80": null, "conc_B_hi80": null, "conc_B_lo95": null, "conc_B_hi95": null, "conc_B_status": "unavailable", "conc_B_status_ru": "концентрация недоступна", "conc_B_reasons": "вне бассейна профиля: black_sea", "conc_B_model": "conc-B-c6bce5631d2b"}}, {"type": "Feature", "geometry": {"type": "Polygon", "coordinates": [[[49.22104850336229, 53.45562126435846], [49.22105225932033, 53.45553142032819], [49.220901733871536, 53.45552917842325], [49.22090549012676, 53.45543933439873], [49.22121029600998, 53.455353973963774], [49.22120654040978, 53.45544381800444], [49.221357065581614, 53.45544605952294], [49.22135331027859, 53.45553590356937], [49.22120278478935, 53.455533662043564], [49.22119902914871, 53.455623506081146], [49.22104850336229, 53.45562126435846]]]}, "properties": {"zone_id": "kuibyshev-2025-09-30-039", "aoi": "kuibyshev", "date": "2025-09-30", "scene_id": "S2C_MSIL2A_20250930T075741_R035_T39UUV_20250930T110831", "scene_datetime_utc": "2025-09-30T07:57:41.025000+00:00", "detection_status": "detected", "detection_status_ru": "обнаружено", "lon": 49.22113, "lat": 53.45549, "n_pixels": 1, "zone_area_km2": 0.0005, "cover_m2": 3.9, "p_mean": 0.91, "p_max": 0.91, "cover_m2_km2": 7800.0, "h3": "881081d247fffff", "valid_frac_scene": 1.0, "wind_ms": 3.9, "sea": "спокойное", "scene_reliable": true, "field_event_id": "S4:DOORS3:T23", "field_profile": "B", "field_date": "2024-06-10", "field_distance_km": 1360.0, "field_date_gap_days": 477, "field_conc_items_km2": 102.37, "conc_A_items_km2": null, "conc_A_lo80": null, "conc_A_hi80": null, "conc_A_lo95": null, "conc_A_hi95": null, "conc_A_status": "unavailable", "conc_A_status_ru": "концентрация недоступна", "conc_A_reasons": "вне бассейна профиля: nw_atlantic_subtropical", "conc_A_model": "conc-A-c6bce5631d2b", "conc_B_items_km2": null, "conc_B_lo80": null, "conc_B_hi80": null, "conc_B_lo95": null, "conc_B_hi95": null, "conc_B_status": "unavailable", "conc_B_status_ru": "концентрация недоступна", "conc_B_reasons": "вне бассейна профиля: black_sea", "conc_B_model": "conc-B-c6bce5631d2b"}}, {"type": "Feature", "geometry": {"type": "Polygon", "coordinates": [[[49.16608085257904, 53.4554192631975], [49.16608472452464, 53.455329421884855], [49.16593420434868, 53.45532711073964], [49.165938076590784, 53.455237269432956], [49.16624298791539, 53.45515205019547], [49.16623911632883, 53.45524189151877], [49.16638963622913, 53.455244202277335], [49.16638576493908, 53.45533404360662], [49.166235244721435, 53.455331732840506], [49.166231373093204, 53.45542157416068], [49.16608085257904, 53.4554192631975]]]}, "properties": {"zone_id": "kuibyshev-2025-09-30-040", "aoi": "kuibyshev", "date": "2025-09-30", "scene_id": "S2C_MSIL2A_20250930T075741_R035_T39UUV_20250930T110831", "scene_datetime_utc": "2025-09-30T07:57:41.025000+00:00", "detection_status": "detected", "detection_status_ru": "обнаружено", "lon": 49.16616, "lat": 53.45529, "n_pixels": 1, "zone_area_km2": 0.0005, "cover_m2": 3.9, "p_mean": 0.902, "p_max": 0.902, "cover_m2_km2": 7800.0, "h3": "88108569d3fffff", "valid_frac_scene": 1.0, "wind_ms": 3.9, "sea": "спокойное", "scene_reliable": true, "field_event_id": "S4:DOORS3:T23", "field_profile": "B", "field_date": "2024-06-10", "field_distance_km": 1358.3, "field_date_gap_days": 477, "field_conc_items_km2": 102.37, "conc_A_items_km2": null, "conc_A_lo80": null, "conc_A_hi80": null, "conc_A_lo95": null, "conc_A_hi95": null, "conc_A_status": "unavailable", "conc_A_status_ru": "концентрация недоступна", "conc_A_reasons": "вне бассейна профиля: nw_atlantic_subtropical", "conc_A_model": "conc-A-c6bce5631d2b", "conc_B_items_km2": null, "conc_B_lo80": null, "conc_B_hi80": null, "conc_B_lo95": null, "conc_B_hi95": null, "conc_B_status": "unavailable", "conc_B_status_ru": "концентрация недоступна", "conc_B_reasons": "вне бассейна профиля: black_sea", "conc_B_model": "conc-B-c6bce5631d2b"}}, {"type": "Feature", "geometry": {"type": "Polygon", "coordinates": [[[49.23009503380999, 53.45539605430634], [49.23009877064322, 53.45530620983283], [49.22994824525386, 53.45530397933098], [49.22995198238437, 53.45521413486319], [49.230256769024, 53.4551287511789], [49.23025303254841, 53.455218595662764], [49.2304035576606, 53.45522082577823], [49.230399821482294, 53.4553106702678], [49.2302492960527, 53.45530844014509], [49.230245559536876, 53.455398284625886], [49.23009503380999, 53.45539605430634]]]}, "properties": {"zone_id": "kuibyshev-2025-09-30-041", "aoi": "kuibyshev", "date": "2025-09-30", "scene_id": "S2C_MSIL2A_20250930T075741_R035_T39UUV_20250930T110831", "scene_datetime_utc": "2025-09-30T07:57:41.025000+00:00", "detection_status": "detected", "detection_status_ru": "обнаружено", "lon": 49.23018, "lat": 53.45526, "n_pixels": 1, "zone_area_km2": 0.0005, "cover_m2": 4.7, "p_mean": 0.941, "p_max": 0.941, "cover_m2_km2": 9400.0, "h3": "881081d247fffff", "valid_frac_scene": 1.0, "wind_ms": 3.9, "sea": "спокойное", "scene_reliable": true, "field_event_id": "S4:DOORS3:T23", "field_profile": "B", "field_date": "2024-06-10", "field_distance_km": 1360.3, "field_date_gap_days": 477, "field_conc_items_km2": 102.37, "conc_A_items_km2": null, "conc_A_lo80": null, "conc_A_hi80": null, "conc_A_lo95": null, "conc_A_hi95": null, "conc_A_status": "unavailable", "conc_A_status_ru": "концентрация недоступна", "conc_A_reasons": "вне бассейна профиля: nw_atlantic_subtropical", "conc_A_model": "conc-A-c6bce5631d2b", "conc_B_items_km2": null, "conc_B_lo80": null, "conc_B_hi80": null, "conc_B_lo95": null, "conc_B_hi95": null, "conc_B_status": "unavailable", "conc_B_status_ru": "концентрация недоступна", "conc_B_reasons": "вне бассейна профиля: black_sea", "conc_B_model": "conc-B-c6bce5631d2b"}}, {"type": "Feature", "geometry": {"type": "Polygon", "coordinates": [[[49.22076247810016, 53.455257404272466], [49.22076623461212, 53.45516756025063], [49.22061571047335, 53.45516531799578], [49.22061946728248, 53.455075473979704], [49.22076999110385, 53.45507771622725], [49.22077374757536, 53.45498787220233], [49.220623224071375, 53.45498562996208], [49.22062698084005, 53.45489578594292], [49.22093178334713, 53.454810426183926], [49.220928027233455, 53.45490027021924], [49.22107855046049, 53.45490251207306], [49.22107479464399, 53.454992356114126], [49.22092427109956, 53.45499011425301], [49.22092051494545, 53.45507995828523], [49.22107103880726, 53.45508220015367], [49.221067282950315, 53.45517204419165], [49.22076247810016, 53.455257404272466]]]}, "properties": {"zone_id": "kuibyshev-2025-09-30-042", "aoi": "kuibyshev", "date": "2025-09-30", "scene_id": "S2C_MSIL2A_20250930T075741_R035_T39UUV_20250930T110831", "scene_datetime_utc": "2025-09-30T07:57:41.025000+00:00", "detection_status": "detected", "detection_status_ru": "обнаружено", "lon": 49.22085, "lat": 53.45503, "n_pixels": 2, "zone_area_km2": 0.0009, "cover_m2": 9.4, "p_mean": 0.965, "p_max": 0.965, "cover_m2_km2": 10444.4, "h3": "881081d247fffff", "valid_frac_scene": 1.0, "wind_ms": 3.9, "sea": "спокойное", "scene_reliable": true, "field_event_id": "S4:DOORS3:T23", "field_profile": "B", "field_date": "2024-06-10", "field_distance_km": 1360.0, "field_date_gap_days": 477, "field_conc_items_km2": 102.37, "conc_A_items_km2": null, "conc_A_lo80": null, "conc_A_hi80": null, "conc_A_lo95": null, "conc_A_hi95": null, "conc_A_status": "unavailable", "conc_A_status_ru": "концентрация недоступна", "conc_A_reasons": "вне бассейна профиля: nw_atlantic_subtropical", "conc_A_model": "conc-A-c6bce5631d2b", "conc_B_items_km2": null, "conc_B_lo80": null, "conc_B_hi80": null, "conc_B_lo95": null, "conc_B_hi95": null, "conc_B_status": "unavailable", "conc_B_status_ru": "концентрация недоступна", "conc_B_reasons": "вне бассейна профиля: black_sea", "conc_B_model": "conc-B-c6bce5631d2b"}}, {"type": "Feature", "geometry": {"type": "Polygon", "coordinates": [[[49.16580304678243, 53.45487559289361], [49.16580691923767, 53.45478575158669], [49.16565640100752, 53.454783440107576], [49.16566027375925, 53.454693598806635], [49.1659651817019, 53.45460838024272], [49.165961309605706, 53.45469822156027], [49.166111827560194, 53.45470053265277], [49.1661079557605, 53.4547903739763], [49.165957437488665, 53.45478806287628], [49.16595356535078, 53.45487790419071], [49.16580304678243, 53.45487559289361]]]}, "properties": {"zone_id": "kuibyshev-2025-09-30-043", "aoi": "kuibyshev", "date": "2025-09-30", "scene_id": "S2C_MSIL2A_20250930T075741_R035_T39UUV_20250930T110831", "scene_datetime_utc": "2025-09-30T07:57:41.025000+00:00", "detection_status": "detected", "detection_status_ru": "обнаружено", "lon": 49.16588, "lat": 53.45474, "n_pixels": 1, "zone_area_km2": 0.0005, "cover_m2": 6.7, "p_mean": 0.745, "p_max": 0.745, "cover_m2_km2": 13400.0, "h3": "88108569d3fffff", "valid_frac_scene": 1.0, "wind_ms": 3.9, "sea": "спокойное", "scene_reliable": true, "field_event_id": "S4:DOORS3:T23", "field_profile": "B", "field_date": "2024-06-10", "field_distance_km": 1358.2, "field_date_gap_days": 477, "field_conc_items_km2": 102.37, "conc_A_items_km2": null, "conc_A_lo80": null, "conc_A_hi80": null, "conc_A_lo95": null, "conc_A_hi95": null, "conc_A_status": "unavailable", "conc_A_status_ru": "концентрация недоступна", "conc_A_reasons": "вне бассейна профиля: nw_atlantic_subtropical", "conc_A_model": "conc-A-c6bce5631d2b", "conc_B_items_km2": null, "conc_B_lo80": null, "conc_B_hi80": null, "conc_B_lo95": null, "conc_B_hi95": null, "conc_B_status": "unavailable", "conc_B_status_ru": "концентрация недоступна", "conc_B_reasons": "вне бассейна профиля: black_sea", "conc_B_model": "conc-B-c6bce5631d2b"}}, {"type": "Feature", "geometry": {"type": "Polygon", "coordinates": [[[49.1557105627798, 53.45489998580325], [49.15571445653897, 53.4548101450053], [49.15556393907473, 53.454807820811666], [49.15557172716486, 53.454628139226266], [49.15587665422389, 53.45454294658354], [49.15587276084494, 53.45463278739371], [49.15602327771642, 53.45463511119313], [49.156015491530326, 53.454814792823946], [49.1557105627798, 53.45489998580325]]]}, "properties": {"zone_id": "kuibyshev-2025-09-30-044", "aoi": "kuibyshev", "date": "2025-09-30", "scene_id": "S2C_MSIL2A_20250930T075741_R035_T39UUV_20250930T110831", "scene_datetime_utc": "2025-09-30T07:57:41.025000+00:00", "detection_status": "detected", "detection_status_ru": "обнаружено", "lon": 49.15579, "lat": 53.45472, "n_pixels": 2, "zone_area_km2": 0.0008, "cover_m2": 7.8, "p_mean": 0.98, "p_max": 0.98, "cover_m2_km2": 9750.0, "h3": "88108569d3fffff", "valid_frac_scene": 1.0, "wind_ms": 3.9, "sea": "спокойное", "scene_reliable": true, "field_event_id": "S4:DOORS3:T23", "field_profile": "B", "field_date": "2024-06-10", "field_distance_km": 1357.9, "field_date_gap_days": 477, "field_conc_items_km2": 102.37, "conc_A_items_km2": null, "conc_A_lo80": null, "conc_A_hi80": null, "conc_A_lo95": null, "conc_A_hi95": null, "conc_A_status": "unavailable", "conc_A_status_ru": "концентрация недоступна", "conc_A_reasons": "вне бассейна профиля: nw_atlantic_subtropical", "conc_A_model": "conc-A-c6bce5631d2b", "conc_B_items_km2": null, "conc_B_lo80": null, "conc_B_hi80": null, "conc_B_lo95": null, "conc_B_hi95": null, "conc_B_status": "unavailable", "conc_B_status_ru": "концентрация недоступна", "conc_B_reasons": "вне бассейна профиля: black_sea", "conc_B_model": "conc-B-c6bce5631d2b"}}, {"type": "Feature", "geometry": {"type": "Polygon", "coordinates": [[[49.22063449431673, 53.45471609789997], [49.22063825102473, 53.45462625387618], [49.22034096393907, 53.454531924874736], [49.220344721241396, 53.45444208086247], [49.2206495210274, 53.45435672179556], [49.220645764380066, 53.45444656582398], [49.22079628597974, 53.454448808020395], [49.22079252962956, 53.454538652054566], [49.220943051566834, 53.454540894068735], [49.22093929551382, 53.454630738108676], [49.220788773259166, 53.45462849608722], [49.22078501686855, 53.454718340118305], [49.22063449431673, 53.45471609789997]]]}, "properties": {"zone_id": "kuibyshev-2025-09-30-045", "aoi": "kuibyshev", "date": "2025-09-30", "scene_id": "S2C_MSIL2A_20250930T075741_R035_T39UUV_20250930T110831", "scene_datetime_utc": "2025-09-30T07:57:41.025000+00:00", "detection_status": "detected", "detection_status_ru": "обнаружено", "lon": 49.22064, "lat": 53.45454, "n_pixels": 2, "zone_area_km2": 0.0008, "cover_m2": 12.9, "p_mean": 0.788, "p_max": 0.929, "cover_m2_km2": 16125.0, "h3": "881081d247fffff", "valid_frac_scene": 1.0, "wind_ms": 3.9, "sea": "спокойное", "scene_reliable": true, "field_event_id": "S4:DOORS3:T23", "field_profile": "B", "field_date": "2024-06-10", "field_distance_km": 1359.9, "field_date_gap_days": 477, "field_conc_items_km2": 102.37, "conc_A_items_km2": null, "conc_A_lo80": null, "conc_A_hi80": null, "conc_A_lo95": null, "conc_A_hi95": null, "conc_A_status": "unavailable", "conc_A_status_ru": "концентрация недоступна", "conc_A_reasons": "вне бассейна профиля: nw_atlantic_subtropical", "conc_A_model": "conc-A-c6bce5631d2b", "conc_B_items_km2": null, "conc_B_lo80": null, "conc_B_hi80": null, "conc_B_lo95": null, "conc_B_hi95": null, "conc_B_status": "unavailable", "conc_B_status_ru": "концентрация недоступна", "conc_B_reasons": "вне бассейна профиля: black_sea", "conc_B_model": "conc-B-c6bce5631d2b"}}, {"type": "Feature", "geometry": {"type": "Polygon", "coordinates": [[[49.1777440921491, 53.45388965655194], [49.177747939264094, 53.45379981463195], [49.17759742351786, 53.45379751822431], [49.17760127092948, 53.453707676310245], [49.17790614856421, 53.453622426990464], [49.177902301807976, 53.453712268921045], [49.17805281727828, 53.453714564942125], [49.17804897081867, 53.453804406878625], [49.17789845503103, 53.45380211085006], [49.17789460823337, 53.45389195277753], [49.1777440921491, 53.45388965655194]]]}, "properties": {"zone_id": "kuibyshev-2025-09-30-046", "aoi": "kuibyshev", "date": "2025-09-30", "scene_id": "S2C_MSIL2A_20250930T075741_R035_T39UUV_20250930T110831", "scene_datetime_utc": "2025-09-30T07:57:41.025000+00:00", "detection_status": "detected", "detection_status_ru": "обнаружено", "lon": 49.17783, "lat": 53.45376, "n_pixels": 1, "zone_area_km2": 0.0005, "cover_m2": 3.9, "p_mean": 0.984, "p_max": 0.984, "cover_m2_km2": 7800.0, "h3": "8810856999fffff", "valid_frac_scene": 1.0, "wind_ms": 3.9, "sea": "спокойное", "scene_reliable": true, "field_event_id": "S4:DOORS3:T23", "field_profile": "B", "field_date": "2024-06-10", "field_distance_km": 1358.5, "field_date_gap_days": 477, "field_conc_items_km2": 102.37, "conc_A_items_km2": null, "conc_A_lo80": null, "conc_A_hi80": null, "conc_A_lo95": null, "conc_A_hi95": null, "conc_A_status": "unavailable", "conc_A_status_ru": "концентрация недоступна", "conc_A_reasons": "вне бассейна профиля: nw_atlantic_subtropical", "conc_A_model": "conc-A-c6bce5631d2b", "conc_B_items_km2": null, "conc_B_lo80": null, "conc_B_hi80": null, "conc_B_lo95": null, "conc_B_hi95": null, "conc_B_status": "unavailable", "conc_B_status_ru": "концентрация недоступна", "conc_B_reasons": "вне бассейна профиля: black_sea", "conc_B_model": "conc-B-c6bce5631d2b"}}, {"type": "Feature", "geometry": {"type": "Polygon", "coordinates": [[[49.38393187879126, 53.45389057555657], [49.383935290728786, 53.453800723924005], [49.383784758706334, 53.45379868727039], [49.38378817094297, 53.45370883564297], [49.38409264595462, 53.453623057105084], [49.384089234371295, 53.45371290874731], [49.38423976611301, 53.453714945015086], [49.38423635482879, 53.453804796662425], [49.384085822769606, 53.45380276038801], [49.38408241114955, 53.453892612027204], [49.38393187879126, 53.45389057555657]]]}, "properties": {"zone_id": "kuibyshev-2025-09-30-047", "aoi": "kuibyshev", "date": "2025-09-30", "scene_id": "S2C_MSIL2A_20250930T075741_R035_T39UUV_20250930T110831", "scene_datetime_utc": "2025-09-30T07:57:41.025000+00:00", "detection_status": "detected", "detection_status_ru": "обнаружено", "lon": 49.38401, "lat": 53.45376, "n_pixels": 1, "zone_area_km2": 0.0005, "cover_m2": 3.5, "p_mean": 0.988, "p_max": 0.988, "cover_m2_km2": 7000.0, "h3": "881081d0c1fffff", "valid_frac_scene": 1.0, "wind_ms": 3.9, "sea": "спокойное", "scene_reliable": true, "field_event_id": "S4:DOORS3:T23", "field_profile": "B", "field_date": "2024-06-10", "field_distance_km": 1364.9, "field_date_gap_days": 477, "field_conc_items_km2": 102.37, "conc_A_items_km2": null, "conc_A_lo80": null, "conc_A_hi80": null, "conc_A_lo95": null, "conc_A_hi95": null, "conc_A_status": "unavailable", "conc_A_status_ru": "концентрация недоступна", "conc_A_reasons": "вне бассейна профиля: nw_atlantic_subtropical", "conc_A_model": "conc-A-c6bce5631d2b", "conc_B_items_km2": null, "conc_B_lo80": null, "conc_B_hi80": null, "conc_B_lo95": null, "conc_B_hi95": null, "conc_B_status": "unavailable", "conc_B_status_ru": "концентрация недоступна", "conc_B_reasons": "вне бассейна профиля: black_sea", "conc_B_model": "conc-B-c6bce5631d2b"}}, {"type": "Feature", "geometry": {"type": "Polygon", "coordinates": [[[49.22925543567399, 53.45385531289015], [49.22925917406949, 53.453765468434035], [49.22910865419645, 53.45376323691839], [49.22911987021431, 53.45349370356264], [49.22942464607394, 53.453408321891246], [49.22942090807631, 53.45349816636078], [49.229571427037484, 53.453500397475516], [49.229560213875956, 53.45376993089667], [49.22925543567399, 53.45385531289015]]]}, "properties": {"zone_id": "kuibyshev-2025-09-30-048", "aoi": "kuibyshev", "date": "2025-09-30", "scene_id": "S2C_MSIL2A_20250930T075741_R035_T39UUV_20250930T110831", "scene_datetime_utc": "2025-09-30T07:57:41.025000+00:00", "detection_status": "detected", "detection_status_ru": "обнаружено", "lon": 49.22934, "lat": 53.45363, "n_pixels": 3, "zone_area_km2": 0.0011, "cover_m2": 10.6, "p_mean": 0.859, "p_max": 0.98, "cover_m2_km2": 9636.4, "h3": "881081d20dfffff", "valid_frac_scene": 1.0, "wind_ms": 3.9, "sea": "спокойное", "scene_reliable": true, "field_event_id": "S4:DOORS3:T23", "field_profile": "B", "field_date": "2024-06-10", "field_distance_km": 1360.1, "field_date_gap_days": 477, "field_conc_items_km2": 102.37, "conc_A_items_km2": null, "conc_A_lo80": null, "conc_A_hi80": null, "conc_A_lo95": null, "conc_A_hi95": null, "conc_A_status": "unavailable", "conc_A_status_ru": "концентрация недоступна", "conc_A_reasons": "вне бассейна профиля: nw_atlantic_subtropical", "conc_A_model": "conc-A-c6bce5631d2b", "conc_B_items_km2": null, "conc_B_lo80": null, "conc_B_hi80": null, "conc_B_lo95": null, "conc_B_hi95": null, "conc_B_status": "unavailable", "conc_B_status_ru": "концентрация недоступна", "conc_B_reasons": "вне бассейна профиля: black_sea", "conc_B_model": "conc-B-c6bce5631d2b"}}, {"type": "Feature", "geometry": {"type": "Polygon", "coordinates": [[[49.1548580983909, 53.45371810784897], [49.15486199378151, 53.45362826707624], [49.15471148056835, 53.453625941843825], [49.15471927192128, 53.45344626030885], [49.155024192109686, 53.453361069768874], [49.1550202970993, 53.453450910553855], [49.15517080971976, 53.453453235392054], [49.155163020270734, 53.453632916972474], [49.1548580983909, 53.45371810784897]]]}, "properties": {"zone_id": "kuibyshev-2025-09-30-049", "aoi": "kuibyshev", "date": "2025-09-30", "scene_id": "S2C_MSIL2A_20250930T075741_R035_T39UUV_20250930T110831", "scene_datetime_utc": "2025-09-30T07:57:41.025000+00:00", "detection_status": "detected", "detection_status_ru": "обнаружено", "lon": 49.15494, "lat": 53.45354, "n_pixels": 2, "zone_area_km2": 0.0008, "cover_m2": 8.2, "p_mean": 0.902, "p_max": 0.973, "cover_m2_km2": 10250.0, "h3": "88108569d3fffff", "valid_frac_scene": 1.0, "wind_ms": 3.9, "sea": "спокойное", "scene_reliable": true, "field_event_id": "S4:DOORS3:T23", "field_profile": "B", "field_date": "2024-06-10", "field_distance_km": 1357.8, "field_date_gap_days": 477, "field_conc_items_km2": 102.37, "conc_A_items_km2": null, "conc_A_lo80": null, "conc_A_hi80": null, "conc_A_lo95": null, "conc_A_hi95": null, "conc_A_status": "unavailable", "conc_A_status_ru": "концентрация недоступна", "conc_A_reasons": "вне бассейна профиля: nw_atlantic_subtropical", "conc_A_model": "conc-A-c6bce5631d2b", "conc_B_items_km2": null, "conc_B_lo80": null, "conc_B_hi80": null, "conc_B_lo95": null, "conc_B_hi95": null, "conc_B_status": "unavailable", "conc_B_status_ru": "концентрация недоступна", "conc_B_reasons": "вне бассейна профиля: black_sea", "conc_B_model": "conc-B-c6bce5631d2b"}}, {"type": "Feature", "geometry": {"type": "Polygon", "coordinates": [[[49.21992698006476, 53.45362675601604], [49.21993073811691, 53.453536912010264], [49.2197802198123, 53.453534668749576], [49.21978397816157, 53.453444824749575], [49.220088771850605, 53.45335946705063], [49.22008501415629, 53.453449311066784], [49.22023553218399, 53.45345155394106], [49.2202317747868, 53.45354139796298], [49.22008125644174, 53.4535391550814], [49.22007749870696, 53.453628999094484], [49.21992698006476, 53.45362675601604]]]}, "properties": {"zone_id": "kuibyshev-2025-09-30-050", "aoi": "kuibyshev", "date": "2025-09-30", "scene_id": "S2C_MSIL2A_20250930T075741_R035_T39UUV_20250930T110831", "scene_datetime_utc": "2025-09-30T07:57:41.025000+00:00", "detection_status": "detected", "detection_status_ru": "обнаружено", "lon": 49.22001, "lat": 53.45349, "n_pixels": 1, "zone_area_km2": 0.0005, "cover_m2": 6.3, "p_mean": 0.706, "p_max": 0.706, "cover_m2_km2": 12600.0, "h3": "881081d247fffff", "valid_frac_scene": 1.0, "wind_ms": 3.9, "sea": "спокойное", "scene_reliable": true, "field_event_id": "S4:DOORS3:T23", "field_profile": "B", "field_date": "2024-06-10", "field_distance_km": 1359.8, "field_date_gap_days": 477, "field_conc_items_km2": 102.37, "conc_A_items_km2": null, "conc_A_lo80": null, "conc_A_hi80": null, "conc_A_lo95": null, "conc_A_hi95": null, "conc_A_status": "unavailable", "conc_A_status_ru": "концентрация недоступна", "conc_A_reasons": "вне бассейна профиля: nw_atlantic_subtropical", "conc_A_model": "conc-A-c6bce5631d2b", "conc_B_items_km2": null, "conc_B_lo80": null, "conc_B_hi80": null, "conc_B_lo95": null, "conc_B_hi95": null, "conc_B_status": "unavailable", "conc_B_status_ru": "концентрация недоступна", "conc_B_reasons": "вне бассейна профиля: black_sea", "conc_B_model": "conc-B-c6bce5631d2b"}}, {"type": "Feature", "geometry": {"type": "Polygon", "coordinates": [[[49.3789780108288, 53.453463859999395], [49.37898143316925, 53.45337400858009], [49.3788309030238, 53.45337196569644], [49.378834325663284, 53.453282114282274], [49.37913880732382, 53.45319634841767], [49.37913538533769, 53.45328619984666], [49.37928591520252, 53.45328824234446], [49.379282493515426, 53.453378093778596], [49.37913196333312, 53.45337605127415], [49.37912854131014, 53.4534659027001], [49.3789780108288, 53.453463859999395]]]}, "properties": {"zone_id": "kuibyshev-2025-09-30-051", "aoi": "kuibyshev", "date": "2025-09-30", "scene_id": "S2C_MSIL2A_20250930T075741_R035_T39UUV_20250930T110831", "scene_datetime_utc": "2025-09-30T07:57:41.025000+00:00", "detection_status": "detected", "detection_status_ru": "обнаружено", "lon": 49.37906, "lat": 53.45333, "n_pixels": 1, "zone_area_km2": 0.0005, "cover_m2": 3.9, "p_mean": 0.937, "p_max": 0.937, "cover_m2_km2": 7800.0, "h3": "881081d0c1fffff", "valid_frac_scene": 1.0, "wind_ms": 3.9, "sea": "спокойное", "scene_reliable": true, "field_event_id": "S4:DOORS3:T23", "field_profile": "B", "field_date": "2024-06-10", "field_distance_km": 1364.7, "field_date_gap_days": 477, "field_conc_items_km2": 102.37, "conc_A_items_km2": null, "conc_A_lo80": null, "conc_A_hi80": null, "conc_A_lo95": null, "conc_A_hi95": null, "conc_A_status": "unavailable", "conc_A_status_ru": "концентрация недоступна", "conc_A_reasons": "вне бассейна профиля: nw_atlantic_subtropical", "conc_A_model": "conc-A-c6bce5631d2b", "conc_B_items_km2": null, "conc_B_lo80": null, "conc_B_hi80": null, "conc_B_lo95": null, "conc_B_hi95": null, "conc_B_status": "unavailable", "conc_B_status_ru": "концентрация недоступна", "conc_B_reasons": "вне бассейна профиля: black_sea", "conc_B_model": "conc-B-c6bce5631d2b"}}, {"type": "Feature", "geometry": {"type": "Polygon", "coordinates": [[[49.17730793616427, 53.45352339913845], [49.17731178414842, 53.45343355723469], [49.17701460393772, 53.45333912126214], [49.177022301071744, 53.4531594374768], [49.1771728145138, 53.45316173459023], [49.17717666273242, 53.45307189268776], [49.17747384146006, 53.453166328248486], [49.17746614622999, 53.453346012078704], [49.17761666036884, 53.45334830863848], [49.177612813040064, 53.45343815055875], [49.17746229858388, 53.453435853991486], [49.17745845091707, 53.453525695902734], [49.17730793616427, 53.45352339913845]]]}, "properties": {"zone_id": "kuibyshev-2025-09-30-052", "aoi": "kuibyshev", "date": "2025-09-30", "scene_id": "S2C_MSIL2A_20250930T075741_R035_T39UUV_20250930T110831", "scene_datetime_utc": "2025-09-30T07:57:41.025000+00:00", "detection_status": "detected", "detection_status_ru": "обнаружено", "lon": 49.17729, "lat": 53.4533, "n_pixels": 3, "zone_area_km2": 0.0011, "cover_m2": 11.4, "p_mean": 0.933, "p_max": 0.984, "cover_m2_km2": 10363.6, "h3": "8810856999fffff", "valid_frac_scene": 1.0, "wind_ms": 3.9, "sea": "спокойное", "scene_reliable": true, "field_event_id": "S4:DOORS3:T23", "field_profile": "B", "field_date": "2024-06-10", "field_distance_km": 1358.4, "field_date_gap_days": 477, "field_conc_items_km2": 102.37, "conc_A_items_km2": null, "conc_A_lo80": null, "conc_A_hi80": null, "conc_A_lo95": null, "conc_A_hi95": null, "conc_A_status": "unavailable", "conc_A_status_ru": "концентрация недоступна", "conc_A_reasons": "вне бассейна профиля: nw_atlantic_subtropical", "conc_A_model": "conc-A-c6bce5631d2b", "conc_B_items_km2": null, "conc_B_lo80": null, "conc_B_hi80": null, "conc_B_lo95": null, "conc_B_hi95": null, "conc_B_status": "unavailable", "conc_B_status_ru": "концентрация недоступна", "conc_B_reasons": "вне бассейна профиля: black_sea", "conc_B_model": "conc-B-c6bce5631d2b"}}, {"type": "Feature", "geometry": {"type": "Polygon", "coordinates": [[[49.228672053156735, 53.4533971635106], [49.22867579272107, 53.453307319075876], [49.228525274515384, 53.453305086838355], [49.22852901437695, 53.453215242409364], [49.22883378938045, 53.45312986223523], [49.228830050173734, 53.45321970668031], [49.22898056810232, 53.45322193853145], [49.228976829192845, 53.45331178298225], [49.22882631094689, 53.453309551123844], [49.22882257169992, 53.45339939556583], [49.228672053156735, 53.4533971635106]]]}, "properties": {"zone_id": "kuibyshev-2025-09-30-053", "aoi": "kuibyshev", "date": "2025-09-30", "scene_id": "S2C_MSIL2A_20250930T075741_R035_T39UUV_20250930T110831", "scene_datetime_utc": "2025-09-30T07:57:41.025000+00:00", "detection_status": "detected", "detection_status_ru": "обнаружено", "lon": 49.22875, "lat": 53.45326, "n_pixels": 1, "zone_area_km2": 0.0005, "cover_m2": 3.9, "p_mean": 0.976, "p_max": 0.976, "cover_m2_km2": 7800.0, "h3": "881081d20dfffff", "valid_frac_scene": 1.0, "wind_ms": 3.9, "sea": "спокойное", "scene_reliable": true, "field_event_id": "S4:DOORS3:T23", "field_profile": "B", "field_date": "2024-06-10", "field_distance_km": 1360.0, "field_date_gap_days": 477, "field_conc_items_km2": 102.37, "conc_A_items_km2": null, "conc_A_lo80": null, "conc_A_hi80": null, "conc_A_lo95": null, "conc_A_hi95": null, "conc_A_status": "unavailable", "conc_A_status_ru": "концентрация недоступна", "conc_A_reasons": "вне бассейна профиля: nw_atlantic_subtropical", "conc_A_model": "conc-A-c6bce5631d2b", "conc_B_items_km2": null, "conc_B_lo80": null, "conc_B_hi80": null, "conc_B_lo95": null, "conc_B_hi95": null, "conc_B_status": "unavailable", "conc_B_status_ru": "концентрация недоступна", "conc_B_reasons": "вне бассейна профиля: black_sea", "conc_B_model": "conc-B-c6bce5631d2b"}}, {"type": "Feature", "geometry": {"type": "Polygon", "coordinates": [[[49.227768942320445, 53.45338376719859], [49.22777268378896, 53.453293922807504], [49.2276221657041, 53.45329168943268], [49.227625907469836, 53.453201845047325], [49.22793068413586, 53.45311646719144], [49.22792694302499, 53.45320631159287], [49.22807746083277, 53.45320854458132], [49.22807372001912, 53.45329838898851], [49.227923201893965, 53.453296155992774], [49.22791946074282, 53.45338600039114], [49.227768942320445, 53.45338376719859]]]}, "properties": {"zone_id": "kuibyshev-2025-09-30-054", "aoi": "kuibyshev", "date": "2025-09-30", "scene_id": "S2C_MSIL2A_20250930T075741_R035_T39UUV_20250930T110831", "scene_datetime_utc": "2025-09-30T07:57:41.025000+00:00", "detection_status": "detected", "detection_status_ru": "обнаружено", "lon": 49.22785, "lat": 53.45325, "n_pixels": 1, "zone_area_km2": 0.0005, "cover_m2": 5.9, "p_mean": 0.886, "p_max": 0.886, "cover_m2_km2": 11800.0, "h3": "881081d247fffff", "valid_frac_scene": 1.0, "wind_ms": 3.9, "sea": "спокойное", "scene_reliable": true, "field_event_id": "S4:DOORS3:T23", "field_profile": "B", "field_date": "2024-06-10", "field_distance_km": 1360.0, "field_date_gap_days": 477, "field_conc_items_km2": 102.37, "conc_A_items_km2": null, "conc_A_lo80": null, "conc_A_hi80": null, "conc_A_lo95": null, "conc_A_hi95": null, "conc_A_status": "unavailable", "conc_A_status_ru": "концентрация недоступна", "conc_A_reasons": "вне бассейна профиля: nw_atlantic_subtropical", "conc_A_model": "conc-A-c6bce5631d2b", "conc_B_items_km2": null, "conc_B_lo80": null, "conc_B_hi80": null, "conc_B_lo95": null, "conc_B_hi95": null, "conc_B_status": "unavailable", "conc_B_status_ru": "концентрация недоступна", "conc_B_reasons": "вне бассейна профиля: black_sea", "conc_B_model": "conc-B-c6bce5631d2b"}}, {"type": "Feature", "geometry": {"type": "Polygon", "coordinates": [[[49.17369944391535, 53.453378378209926], [49.17370329949465, 53.45328853648437], [49.17355278589487, 53.453286234996625], [49.17355664177073, 53.453196393277004], [49.17386152357685, 53.453111154311834], [49.1738576683564, 53.453200996048], [49.17400818168036, 53.45320329714918], [49.17400432675647, 53.45329313889128], [49.17385381311518, 53.453290837782596], [49.17384995785322, 53.45338067951565], [49.17369944391535, 53.453378378209926]]]}, "properties": {"zone_id": "kuibyshev-2025-09-30-055", "aoi": "kuibyshev", "date": "2025-09-30", "scene_id": "S2C_MSIL2A_20250930T075741_R035_T39UUV_20250930T110831", "scene_datetime_utc": "2025-09-30T07:57:41.025000+00:00", "detection_status": "detected", "detection_status_ru": "обнаружено", "lon": 49.17378, "lat": 53.45324, "n_pixels": 1, "zone_area_km2": 0.0005, "cover_m2": 6.3, "p_mean": 0.62, "p_max": 0.62, "cover_m2_km2": 12600.0, "h3": "8810856999fffff", "valid_frac_scene": 1.0, "wind_ms": 3.9, "sea": "спокойное", "scene_reliable": true, "field_event_id": "S4:DOORS3:T23", "field_profile": "B", "field_date": "2024-06-10", "field_distance_km": 1358.3, "field_date_gap_days": 477, "field_conc_items_km2": 102.37, "conc_A_items_km2": null, "conc_A_lo80": null, "conc_A_hi80": null, "conc_A_lo95": null, "conc_A_hi95": null, "conc_A_status": "unavailable", "conc_A_status_ru": "концентрация недоступна", "conc_A_reasons": "вне бассейна профиля: nw_atlantic_subtropical", "conc_A_model": "conc-A-c6bce5631d2b", "conc_B_items_km2": null, "conc_B_lo80": null, "conc_B_hi80": null, "conc_B_lo95": null, "conc_B_hi95": null, "conc_B_status": "unavailable", "conc_B_status_ru": "концентрация недоступна", "conc_B_reasons": "вне бассейна профиля: black_sea", "conc_B_model": "conc-B-c6bce5631d2b"}}, {"type": "Feature", "geometry": {"type": "Polygon", "coordinates": [[[49.37853668931857, 53.45318817655714], [49.378540112556124, 53.45309832515326], [49.37838958341834, 53.45309628172082], [49.37839300695492, 53.45300643032208], [49.37869748749724, 53.45292066557052], [49.378694064614, 53.45301051698408], [49.37884459347119, 53.45301256003069], [49.37884117088698, 53.4531024114494], [49.37869064171234, 53.45310036839613], [49.378687218792244, 53.45319021980666], [49.37853668931857, 53.45318817655714]]]}, "properties": {"zone_id": "kuibyshev-2025-09-30-056", "aoi": "kuibyshev", "date": "2025-09-30", "scene_id": "S2C_MSIL2A_20250930T075741_R035_T39UUV_20250930T110831", "scene_datetime_utc": "2025-09-30T07:57:41.025000+00:00", "detection_status": "detected", "detection_status_ru": "обнаружено", "lon": 49.37862, "lat": 53.45305, "n_pixels": 1, "zone_area_km2": 0.0005, "cover_m2": 2.7, "p_mean": 0.69, "p_max": 0.69, "cover_m2_km2": 5400.0, "h3": "881081d0c1fffff", "valid_frac_scene": 1.0, "wind_ms": 3.9, "sea": "спокойное", "scene_reliable": true, "field_event_id": "S4:DOORS3:T23", "field_profile": "B", "field_date": "2024-06-10", "field_distance_km": 1364.7, "field_date_gap_days": 477, "field_conc_items_km2": 102.37, "conc_A_items_km2": null, "conc_A_lo80": null, "conc_A_hi80": null, "conc_A_lo95": null, "conc_A_hi95": null, "conc_A_status": "unavailable", "conc_A_status_ru": "концентрация недоступна", "conc_A_reasons": "вне бассейна профиля: nw_atlantic_subtropical", "conc_A_model": "conc-A-c6bce5631d2b", "conc_B_items_km2": null, "conc_B_lo80": null, "conc_B_hi80": null, "conc_B_lo95": null, "conc_B_hi95": null, "conc_B_status": "unavailable", "conc_B_status_ru": "концентрация недоступна", "conc_B_reasons": "вне бассейна профиля: black_sea", "conc_B_model": "conc-B-c6bce5631d2b"}}, {"type": "Feature", "geometry": {"type": "Polygon", "coordinates": [[[49.219795253087995, 53.453175292740326], [49.21979901135634, 53.45308544873416], [49.219648494658756, 53.45308320532047], [49.21965225322422, 53.452993361320054], [49.21995704391544, 53.45290800392672], [49.219953286004916, 53.45299784794329], [49.220103802425605, 53.453000090970576], [49.2201000448122, 53.45308993499291], [49.21994952807415, 53.4530876919583], [49.21994577012317, 53.45317753597178], [49.219795253087995, 53.453175292740326]]]}, "properties": {"zone_id": "kuibyshev-2025-09-30-057", "aoi": "kuibyshev", "date": "2025-09-30", "scene_id": "S2C_MSIL2A_20250930T075741_R035_T39UUV_20250930T110831", "scene_datetime_utc": "2025-09-30T07:57:41.025000+00:00", "detection_status": "detected", "detection_status_ru": "обнаружено", "lon": 49.21988, "lat": 53.45304, "n_pixels": 1, "zone_area_km2": 0.0005, "cover_m2": 5.1, "p_mean": 0.612, "p_max": 0.612, "cover_m2_km2": 10200.0, "h3": "881081d247fffff", "valid_frac_scene": 1.0, "wind_ms": 3.9, "sea": "спокойное", "scene_reliable": true, "field_event_id": "S4:DOORS3:T23", "field_profile": "B", "field_date": "2024-06-10", "field_distance_km": 1359.7, "field_date_gap_days": 477, "field_conc_items_km2": 102.37, "conc_A_items_km2": null, "conc_A_lo80": null, "conc_A_hi80": null, "conc_A_lo95": null, "conc_A_hi95": null, "conc_A_status": "unavailable", "conc_A_status_ru": "концентрация недоступна", "conc_A_reasons": "вне бассейна профиля: nw_atlantic_subtropical", "conc_A_model": "conc-A-c6bce5631d2b", "conc_B_items_km2": null, "conc_B_lo80": null, "conc_B_hi80": null, "conc_B_lo95": null, "conc_B_hi95": null, "conc_B_status": "unavailable", "conc_B_status_ru": "концентрация недоступна", "conc_B_reasons": "вне бассейна профиля: black_sea", "conc_B_model": "conc-B-c6bce5631d2b"}}, {"type": "Feature", "geometry": {"type": "Polygon", "coordinates": [[[49.3814001696737, 53.453137114347584], [49.38140358686111, 53.45304726281582], [49.38125305769092, 53.45304522299225], [49.38125647517739, 53.45295537146561], [49.38156094973442, 53.45286959936846], [49.38155753290126, 53.45295945090988], [49.38170806179079, 53.452961490347626], [49.38170464525669, 53.4530513418942], [49.3815541160497, 53.45304930244981], [49.38155069917975, 53.45313915398822], [49.3814001696737, 53.453137114347584]]]}, "properties": {"zone_id": "kuibyshev-2025-09-30-058", "aoi": "kuibyshev", "date": "2025-09-30", "scene_id": "S2C_MSIL2A_20250930T075741_R035_T39UUV_20250930T110831", "scene_datetime_utc": "2025-09-30T07:57:41.025000+00:00", "detection_status": "detected", "detection_status_ru": "обнаружено", "lon": 49.38148, "lat": 53.453, "n_pixels": 1, "zone_area_km2": 0.0005, "cover_m2": 3.9, "p_mean": 0.714, "p_max": 0.714, "cover_m2_km2": 7800.0, "h3": "881081d0c1fffff", "valid_frac_scene": 1.0, "wind_ms": 3.9, "sea": "спокойное", "scene_reliable": true, "field_event_id": "S4:DOORS3:T23", "field_profile": "B", "field_date": "2024-06-10", "field_distance_km": 1364.8, "field_date_gap_days": 477, "field_conc_items_km2": 102.37, "conc_A_items_km2": null, "conc_A_lo80": null, "conc_A_hi80": null, "conc_A_lo95": null, "conc_A_hi95": null, "conc_A_status": "unavailable", "conc_A_status_ru": "концентрация недоступна", "conc_A_reasons": "вне бассейна профиля: nw_atlantic_subtropical", "conc_A_model": "conc-A-c6bce5631d2b", "conc_B_items_km2": null, "conc_B_lo80": null, "conc_B_hi80": null, "conc_B_lo95": null, "conc_B_hi95": null, "conc_B_status": "unavailable", "conc_B_status_ru": "концентрация недоступна", "conc_B_reasons": "вне бассейна профиля: black_sea", "conc_B_model": "conc-B-c6bce5631d2b"}}, {"type": "Feature", "geometry": {"type": "Polygon", "coordinates": [[[49.15429111357859, 53.45290023901394], [49.15429501004968, 53.45281039825751], [49.15414449977621, 53.45280807233515], [49.15414839654363, 53.45271823158474], [49.15445331258881, 53.452633042457656], [49.154449416476965, 53.45272288322478], [49.15459992647509, 53.4527252087605], [49.15459603065957, 53.45281504953364], [49.15444552034414, 53.452812723990334], [49.15444162419034, 53.45290256475435], [49.15429111357859, 53.45290023901394]]]}, "properties": {"zone_id": "kuibyshev-2025-09-30-059", "aoi": "kuibyshev", "date": "2025-09-30", "scene_id": "S2C_MSIL2A_20250930T075741_R035_T39UUV_20250930T110831", "scene_datetime_utc": "2025-09-30T07:57:41.025000+00:00", "detection_status": "detected", "detection_status_ru": "обнаружено", "lon": 49.15437, "lat": 53.45277, "n_pixels": 1, "zone_area_km2": 0.0005, "cover_m2": 4.3, "p_mean": 0.91, "p_max": 0.91, "cover_m2_km2": 8600.0, "h3": "88108569d1fffff", "valid_frac_scene": 1.0, "wind_ms": 3.9, "sea": "спокойное", "scene_reliable": true, "field_event_id": "S4:DOORS3:T23", "field_profile": "B", "field_date": "2024-06-10", "field_distance_km": 1357.7, "field_date_gap_days": 477, "field_conc_items_km2": 102.37, "conc_A_items_km2": null, "conc_A_lo80": null, "conc_A_hi80": null, "conc_A_lo95": null, "conc_A_hi95": null, "conc_A_status": "unavailable", "conc_A_status_ru": "концентрация недоступна", "conc_A_reasons": "вне бассейна профиля: nw_atlantic_subtropical", "conc_A_model": "conc-A-c6bce5631d2b", "conc_B_items_km2": null, "conc_B_lo80": null, "conc_B_hi80": null, "conc_B_lo95": null, "conc_B_hi95": null, "conc_B_status": "unavailable", "conc_B_status_ru": "концентрация недоступна", "conc_B_reasons": "вне бассейна профиля: black_sea", "conc_B_model": "conc-B-c6bce5631d2b"}}, {"type": "Feature", "geometry": {"type": "Polygon", "coordinates": [[[49.165278443248134, 53.45306951997866], [49.165282316555725, 53.4529796786708], [49.165131804755575, 53.452977366584136], [49.16513567835963, 53.45288752528225], [49.16528618984247, 53.452889837361376], [49.16529393635341, 53.45271015473787], [49.16499678853663, 53.45261568912119], [49.16500066237458, 53.452525847820624], [49.16515117256733, 53.45252816005915], [49.165155046067134, 53.4524383187495], [49.16545219301539, 53.452532783967634], [49.16544832012935, 53.45262262529079], [49.16559883070197, 53.45262493696828], [49.165594958112386, 53.45271477829741], [49.16544444722247, 53.4527124666124], [49.16543670134616, 53.45289214925098], [49.16558721287069, 53.45289446095105], [49.165583340218575, 53.452984302275524], [49.165278443248134, 53.45306951997866]]]}, "properties": {"zone_id": "kuibyshev-2025-09-30-060", "aoi": "kuibyshev", "date": "2025-09-30", "scene_id": "S2C_MSIL2A_20250930T075741_R035_T39UUV_20250930T110831", "scene_datetime_utc": "2025-09-30T07:57:41.025000+00:00", "detection_status": "detected", "detection_status_ru": "обнаружено", "lon": 49.16532, "lat": 53.45273, "n_pixels": 3, "zone_area_km2": 0.0013, "cover_m2": 18.0, "p_mean": 0.816, "p_max": 0.878, "cover_m2_km2": 13846.2, "h3": "88108569d3fffff", "valid_frac_scene": 1.0, "wind_ms": 3.9, "sea": "спокойное", "scene_reliable": true, "field_event_id": "S4:DOORS3:T23", "field_profile": "B", "field_date": "2024-06-10", "field_distance_km": 1358.0, "field_date_gap_days": 477, "field_conc_items_km2": 102.37, "conc_A_items_km2": null, "conc_A_lo80": null, "conc_A_hi80": null, "conc_A_lo95": null, "conc_A_hi95": null, "conc_A_status": "unavailable", "conc_A_status_ru": "концентрация недоступна", "conc_A_reasons": "вне бассейна профиля: nw_atlantic_subtropical", "conc_A_model": "conc-A-c6bce5631d2b", "conc_B_items_km2": null, "conc_B_lo80": null, "conc_B_hi80": null, "conc_B_lo95": null, "conc_B_hi95": null, "conc_B_status": "unavailable", "conc_B_status_ru": "концентрация недоступна", "conc_B_reasons": "вне бассейна профиля: black_sea", "conc_B_model": "conc-B-c6bce5631d2b"}}, {"type": "Feature", "geometry": {"type": "Polygon", "coordinates": [[[49.1764356466073, 53.45279087965819], [49.17643949632964, 53.45270103778694], [49.17628898457779, 53.45269873976324], [49.176296684594924, 53.45251905603105], [49.176601556192956, 53.45243380997553], [49.176597706850096, 53.45252365185894], [49.17674821800877, 53.45252594948859], [49.17674051989552, 53.4527056332657], [49.1764356466073, 53.45279087965819]]]}, "properties": {"zone_id": "kuibyshev-2025-09-30-061", "aoi": "kuibyshev", "date": "2025-09-30", "scene_id": "S2C_MSIL2A_20250930T075741_R035_T39UUV_20250930T110831", "scene_datetime_utc": "2025-09-30T07:57:41.025000+00:00", "detection_status": "detected", "detection_status_ru": "обнаружено", "lon": 49.17652, "lat": 53.45261, "n_pixels": 2, "zone_area_km2": 0.0008, "cover_m2": 8.2, "p_mean": 0.755, "p_max": 0.827, "cover_m2_km2": 10250.0, "h3": "8810856999fffff", "valid_frac_scene": 1.0, "wind_ms": 3.9, "sea": "спокойное", "scene_reliable": true, "field_event_id": "S4:DOORS3:T23", "field_profile": "B", "field_date": "2024-06-10", "field_distance_km": 1358.4, "field_date_gap_days": 477, "field_conc_items_km2": 102.37, "conc_A_items_km2": null, "conc_A_lo80": null, "conc_A_hi80": null, "conc_A_lo95": null, "conc_A_hi95": null, "conc_A_status": "unavailable", "conc_A_status_ru": "концентрация недоступна", "conc_A_reasons": "вне бассейна профиля: nw_atlantic_subtropical", "conc_A_model": "conc-A-c6bce5631d2b", "conc_B_items_km2": null, "conc_B_lo80": null, "conc_B_hi80": null, "conc_B_lo95": null, "conc_B_hi95": null, "conc_B_status": "unavailable", "conc_B_status_ru": "концентрация недоступна", "conc_B_reasons": "вне бассейна профиля: black_sea", "conc_B_model": "conc-B-c6bce5631d2b"}}, {"type": "Feature", "geometry": {"type": "Polygon", "coordinates": [[[49.07010197844738, 53.45282819664421], [49.07010605257366, 53.45273836024136], [49.06995554985069, 53.45273592827141], [49.06995962427227, 53.45264609187488], [49.06966269456073, 53.45255139100006], [49.06967491953151, 53.452281881843895], [49.069979996051245, 53.45219690986871], [49.069975921739314, 53.4522867462731], [49.07012642287611, 53.45228917820346], [49.07011827482092, 53.45246885102333], [49.07041520500321, 53.45256355077065], [49.07040705808539, 53.45274322361277], [49.07010197844738, 53.45282819664421]]]}, "properties": {"zone_id": "kuibyshev-2025-09-30-062", "aoi": "kuibyshev", "date": "2025-09-30", "scene_id": "S2C_MSIL2A_20250930T075741_R035_T39UUV_20250930T110831", "scene_datetime_utc": "2025-09-30T07:57:41.025000+00:00", "detection_status": "detected", "detection_status_ru": "обнаружено", "lon": 49.07001, "lat": 53.45251, "n_pixels": 5, "zone_area_km2": 0.0019, "cover_m2": 19.2, "p_mean": 0.818, "p_max": 1.0, "cover_m2_km2": 10105.3, "h3": "8810856805fffff", "valid_frac_scene": 1.0, "wind_ms": 3.9, "sea": "спокойное", "scene_reliable": true, "field_event_id": "S4:DOORS3:T23", "field_profile": "B", "field_date": "2024-06-10", "field_distance_km": 1355.1, "field_date_gap_days": 477, "field_conc_items_km2": 102.37, "conc_A_items_km2": null, "conc_A_lo80": null, "conc_A_hi80": null, "conc_A_lo95": null, "conc_A_hi95": null, "conc_A_status": "unavailable", "conc_A_status_ru": "концентрация недоступна", "conc_A_reasons": "вне бассейна профиля: nw_atlantic_subtropical", "conc_A_model": "conc-A-c6bce5631d2b", "conc_B_items_km2": null, "conc_B_lo80": null, "conc_B_hi80": null, "conc_B_lo95": null, "conc_B_hi95": null, "conc_B_status": "unavailable", "conc_B_status_ru": "концентрация недоступна", "conc_B_reasons": "вне бассейна профиля: black_sea", "conc_B_model": "conc-B-c6bce5631d2b"}}, {"type": "Feature", "geometry": {"type": "Polygon", "coordinates": [[[49.05716289873252, 53.45252851819891], [49.05716700011876, 53.452438682478004], [49.05701649960536, 53.45243623421902], [49.05702060128675, 53.452346398504496], [49.057325702726054, 53.45226145908499], [49.05732160170118, 53.45235129481702], [49.05747210194151, 53.45235374268905], [49.05746800121179, 53.45244357842748], [49.057317500654236, 53.45244113054749], [49.05731339958522, 53.45253096627637], [49.05716289873252, 53.45252851819891]]]}, "properties": {"zone_id": "kuibyshev-2025-09-30-063", "aoi": "kuibyshev", "date": "2025-09-30", "scene_id": "S2C_MSIL2A_20250930T075741_R035_T39UUV_20250930T110831", "scene_datetime_utc": "2025-09-30T07:57:41.025000+00:00", "detection_status": "detected", "detection_status_ru": "обнаружено", "lon": 49.05724, "lat": 53.45239, "n_pixels": 1, "zone_area_km2": 0.0005, "cover_m2": 3.5, "p_mean": 0.976, "p_max": 0.976, "cover_m2_km2": 7000.0, "h3": "8810856863fffff", "valid_frac_scene": 1.0, "wind_ms": 3.9, "sea": "спокойное", "scene_reliable": true, "field_event_id": "S4:DOORS3:T23", "field_profile": "B", "field_date": "2024-06-10", "field_distance_km": 1354.7, "field_date_gap_days": 477, "field_conc_items_km2": 102.37, "conc_A_items_km2": null, "conc_A_lo80": null, "conc_A_hi80": null, "conc_A_lo95": null, "conc_A_hi95": null, "conc_A_status": "unavailable", "conc_A_status_ru": "концентрация недоступна", "conc_A_reasons": "вне бассейна профиля: nw_atlantic_subtropical", "conc_A_model": "conc-A-c6bce5631d2b", "conc_B_items_km2": null, "conc_B_lo80": null, "conc_B_hi80": null, "conc_B_lo95": null, "conc_B_hi95": null, "conc_B_status": "unavailable", "conc_B_status_ru": "концентрация недоступна", "conc_B_reasons": "вне бассейна профиля: black_sea", "conc_B_model": "conc-B-c6bce5631d2b"}}, {"type": "Feature", "geometry": {"type": "Polygon", "coordinates": [[[49.15386686338964, 53.452264375486976], [49.15387076066578, 53.4521745347424], [49.15372025267631, 53.45217220830448], [49.15372804780025, 53.45199252682579], [49.15387855515515, 53.451994853248536], [49.153882452368364, 53.45190501249927], [49.15417956992789, 53.451999505525436], [49.15417567332827, 53.45208934628829], [49.15432618106339, 53.45209167215004], [49.154322284760084, 53.45218151291892], [49.15417177670768, 53.4521791870496], [49.154167880066105, 53.45226902780935], [49.15386686338964, 53.452264375486976]]]}, "properties": {"zone_id": "kuibyshev-2025-09-30-064", "aoi": "kuibyshev", "date": "2025-09-30", "scene_id": "S2C_MSIL2A_20250930T075741_R035_T39UUV_20250930T110831", "scene_datetime_utc": "2025-09-30T07:57:41.025000+00:00", "detection_status": "detected", "detection_status_ru": "обнаружено", "lon": 49.154, "lat": 53.4521, "n_pixels": 3, "zone_area_km2": 0.001, "cover_m2": 13.7, "p_mean": 0.986, "p_max": 0.992, "cover_m2_km2": 13700.0, "h3": "88108569d1fffff", "valid_frac_scene": 1.0, "wind_ms": 3.9, "sea": "спокойное", "scene_reliable": true, "field_event_id": "S4:DOORS3:T23", "field_profile": "B", "field_date": "2024-06-10", "field_distance_km": 1357.6, "field_date_gap_days": 477, "field_conc_items_km2": 102.37, "conc_A_items_km2": null, "conc_A_lo80": null, "conc_A_hi80": null, "conc_A_lo95": null, "conc_A_hi95": null, "conc_A_status": "unavailable", "conc_A_status_ru": "концентрация недоступна", "conc_A_reasons": "вне бассейна профиля: nw_atlantic_subtropical", "conc_A_model": "conc-A-c6bce5631d2b", "conc_B_items_km2": null, "conc_B_lo80": null, "conc_B_hi80": null, "conc_B_lo95": null, "conc_B_hi95": null, "conc_B_status": "unavailable", "conc_B_status_ru": "концентрация недоступна", "conc_B_reasons": "вне бассейна профиля: black_sea", "conc_B_model": "conc-B-c6bce5631d2b"}}, {"type": "Feature", "geometry": {"type": "Polygon", "coordinates": [[[49.16501615751786, 53.4521664826028], [49.16502003125156, 53.452076641294454], [49.16486952266615, 53.452074328904054], [49.16487339669629, 53.45198448760169], [49.16517828662804, 53.451899270858924], [49.165174413253354, 53.4519891121779], [49.16532492156316, 53.45199142418171], [49.16532104848491, 53.45208126550667], [49.16517053985781, 53.45207895349532], [49.165166666441415, 53.45216879481121], [49.16501615751786, 53.4521664826028]]]}, "properties": {"zone_id": "kuibyshev-2025-09-30-065", "aoi": "kuibyshev", "date": "2025-09-30", "scene_id": "S2C_MSIL2A_20250930T075741_R035_T39UUV_20250930T110831", "scene_datetime_utc": "2025-09-30T07:57:41.025000+00:00", "detection_status": "detected", "detection_status_ru": "обнаружено", "lon": 49.1651, "lat": 53.45203, "n_pixels": 1, "zone_area_km2": 0.0005, "cover_m2": 5.1, "p_mean": 0.937, "p_max": 0.937, "cover_m2_km2": 10200.0, "h3": "88108569d3fffff", "valid_frac_scene": 1.0, "wind_ms": 3.9, "sea": "спокойное", "scene_reliable": true, "field_event_id": "S4:DOORS3:T23", "field_profile": "B", "field_date": "2024-06-10", "field_distance_km": 1357.9, "field_date_gap_days": 477, "field_conc_items_km2": 102.37, "conc_A_items_km2": null, "conc_A_lo80": null, "conc_A_hi80": null, "conc_A_lo95": null, "conc_A_hi95": null, "conc_A_status": "unavailable", "conc_A_status_ru": "концентрация недоступна", "conc_A_reasons": "вне бассейна профиля: nw_atlantic_subtropical", "conc_A_model": "conc-A-c6bce5631d2b", "conc_B_items_km2": null, "conc_B_lo80": null, "conc_B_hi80": null, "conc_B_lo95": null, "conc_B_hi95": null, "conc_B_status": "unavailable", "conc_B_status_ru": "концентрация недоступна", "conc_B_reasons": "вне бассейна профиля: black_sea", "conc_B_model": "conc-B-c6bce5631d2b"}}, {"type": "Feature", "geometry": {"type": "Polygon", "coordinates": [[[49.13581388753604, 53.451804169182516], [49.13581782284357, 53.451714329348604], [49.135667318018456, 53.45171198018364], [49.1356751892045, 53.451532300526445], [49.135980132533575, 53.45144715879003], [49.13597619760685, 53.45153699863626], [49.13612670183981, 53.45153934740691], [49.13611883255735, 53.45171902711], [49.13581388753604, 53.451804169182516]]]}, "properties": {"zone_id": "kuibyshev-2025-09-30-066", "aoi": "kuibyshev", "date": "2025-09-30", "scene_id": "S2C_MSIL2A_20250930T075741_R035_T39UUV_20250930T110831", "scene_datetime_utc": "2025-09-30T07:57:41.025000+00:00", "detection_status": "detected", "detection_status_ru": "обнаружено", "lon": 49.1359, "lat": 53.45163, "n_pixels": 2, "zone_area_km2": 0.0008, "cover_m2": 7.8, "p_mean": 0.855, "p_max": 0.867, "cover_m2_km2": 9750.0, "h3": "88108569d9fffff", "valid_frac_scene": 1.0, "wind_ms": 3.9, "sea": "спокойное", "scene_reliable": true, "field_event_id": "S4:DOORS3:T23", "field_profile": "B", "field_date": "2024-06-10", "field_distance_km": 1357.0, "field_date_gap_days": 477, "field_conc_items_km2": 102.37, "conc_A_items_km2": null, "conc_A_lo80": null, "conc_A_hi80": null, "conc_A_lo95": null, "conc_A_hi95": null, "conc_A_status": "unavailable", "conc_A_status_ru": "концентрация недоступна", "conc_A_reasons": "вне бассейна профиля: nw_atlantic_subtropical", "conc_A_model": "conc-A-c6bce5631d2b", "conc_B_items_km2": null, "conc_B_lo80": null, "conc_B_hi80": null, "conc_B_lo95": null, "conc_B_hi95": null, "conc_B_status": "unavailable", "conc_B_status_ru": "концентрация недоступна", "conc_B_reasons": "вне бассейна профиля: black_sea", "conc_B_model": "conc-B-c6bce5631d2b"}}, {"type": "Feature", "geometry": {"type": "MultiPolygon", "coordinates": [[[[49.15320399059592, 53.45018640471666], [49.15320788897585, 53.45009656397417], [49.153057388388476, 53.45009423676303], [49.15306128706468, 53.450004396026564], [49.152756387276696, 53.450089581772204], [49.152752487945016, 53.450179422491956], [49.15290298880766, 53.45018175008969], [49.15289908977224, 53.450271590815476], [49.15320399059592, 53.45018640471666]]], [[[49.15289519071583, 53.45036143153969], [49.15289129163844, 53.45045127226234], [49.15304179347383, 53.45045359969332], [49.15303789469271, 53.45054344042201], [49.15334279720758, 53.45045825398675], [49.15334669533321, 53.45036841324135], [49.1531961937731, 53.45036608619697], [49.153200092195, 53.45027624545758], [49.15289519071583, 53.45036143153969]]], [[[49.15348160555493, 53.450730103098785], [49.15348550342624, 53.45064026235048], [49.15333500089338, 53.450637935472884], [49.15333889906097, 53.45054809473059], [49.153033995890596, 53.45063328114914], [49.1530300970675, 53.4507231218747], [49.153180599875654, 53.450725449138915], [49.15317670134883, 53.45081528987051], [49.15348160555493, 53.450730103098785]]], [[[49.15362431325498, 53.450912111301584], [49.15332720449524, 53.45081761695279], [49.153323306264696, 53.45090745769041], [49.15317280280103, 53.45090513060055], [49.15316890423223, 53.45099497132903], [49.15346601385985, 53.45108946607648], [49.153469911815094, 53.45099962533439], [49.15362041563799, 53.4510019520528], [49.15362431325498, 53.450912111301584]]], [[[49.15330771313268, 53.451266820625314], [49.15345821788642, 53.451269147555976], [49.153450421829056, 53.451448829029275], [49.15360092723831, 53.45145115578557], [49.15359702949543, 53.451540996527456], [49.153901938119766, 53.45145580872963], [49.15390583520711, 53.45136596797102], [49.153755330073174, 53.45136364160133], [49.15376312481948, 53.45118396009462], [49.15361262034106, 53.45118163355058], [49.153616518000014, 53.45109179280246], [49.153311611447165, 53.45117697989392], [49.15330771313268, 53.451266820625314]]]]}, "properties": {"zone_id": "kuibyshev-2025-09-30-067", "aoi": "kuibyshev", "date": "2025-09-30", "scene_id": "S2C_MSIL2A_20250930T075741_R035_T39UUV_20250930T110831", "scene_datetime_utc": "2025-09-30T07:57:41.025000+00:00", "detection_status": "detected", "detection_status_ru": "обнаружено", "lon": 49.15333, "lat": 53.4508, "n_pixels": 6, "zone_area_km2": 0.003, "cover_m2": 36.5, "p_mean": 0.88, "p_max": 0.973, "cover_m2_km2": 12166.7, "h3": "88108569d1fffff", "valid_frac_scene": 1.0, "wind_ms": 3.9, "sea": "спокойное", "scene_reliable": true, "field_event_id": "S4:DOORS3:T23", "field_profile": "B", "field_date": "2024-06-10", "field_distance_km": 1357.5, "field_date_gap_days": 477, "field_conc_items_km2": 102.37, "conc_A_items_km2": null, "conc_A_lo80": null, "conc_A_hi80": null, "conc_A_lo95": null, "conc_A_hi95": null, "conc_A_status": "unavailable", "conc_A_status_ru": "концентрация недоступна", "conc_A_reasons": "вне бассейна профиля: nw_atlantic_subtropical", "conc_A_model": "conc-A-c6bce5631d2b", "conc_B_items_km2": null, "conc_B_lo80": null, "conc_B_hi80": null, "conc_B_lo95": null, "conc_B_hi95": null, "conc_B_status": "unavailable", "conc_B_status_ru": "концентрация недоступна", "conc_B_reasons": "вне бассейна профиля: black_sea", "conc_B_model": "conc-B-c6bce5631d2b"}}, {"type": "Feature", "geometry": {"type": "Polygon", "coordinates": [[[49.16506651442942, 53.45099854547317], [49.165070387892044, 53.45090870414463], [49.16491988343134, 53.45090639185215], [49.16492763092858, 53.45072670920549], [49.16477712712327, 53.45072439673855], [49.16478100115789, 53.450634555420415], [49.16493150464593, 53.45063686787981], [49.16493537834241, 53.4505470265526], [49.165232511684565, 53.450641492230055], [49.165224765498095, 53.45082117490997], [49.16537526968323, 53.45082348681588], [49.165371396876, 53.45091332816103], [49.1652208923736, 53.45091101624759], [49.16521701922825, 53.451000857583665], [49.16506651442942, 53.45099854547317]]]}, "properties": {"zone_id": "kuibyshev-2025-09-30-068", "aoi": "kuibyshev", "date": "2025-09-30", "scene_id": "S2C_MSIL2A_20250930T075741_R035_T39UUV_20250930T110831", "scene_datetime_utc": "2025-09-30T07:57:41.025000+00:00", "detection_status": "detected", "detection_status_ru": "обнаружено", "lon": 49.16508, "lat": 53.45077, "n_pixels": 2, "zone_area_km2": 0.001, "cover_m2": 10.2, "p_mean": 0.894, "p_max": 0.922, "cover_m2_km2": 10200.0, "h3": "88108569d3fffff", "valid_frac_scene": 1.0, "wind_ms": 3.9, "sea": "спокойное", "scene_reliable": true, "field_event_id": "S4:DOORS3:T23", "field_profile": "B", "field_date": "2024-06-10", "field_distance_km": 1357.8, "field_date_gap_days": 477, "field_conc_items_km2": 102.37, "conc_A_items_km2": null, "conc_A_lo80": null, "conc_A_hi80": null, "conc_A_lo95": null, "conc_A_hi95": null, "conc_A_status": "unavailable", "conc_A_status_ru": "концентрация недоступна", "conc_A_reasons": "вне бассейна профиля: nw_atlantic_subtropical", "conc_A_model": "conc-A-c6bce5631d2b", "conc_B_items_km2": null, "conc_B_lo80": null, "conc_B_hi80": null, "conc_B_lo95": null, "conc_B_hi95": null, "conc_B_status": "unavailable", "conc_B_status_ru": "концентрация недоступна", "conc_B_reasons": "вне бассейна профиля: black_sea", "conc_B_model": "conc-B-c6bce5631d2b"}}, {"type": "Feature", "geometry": {"type": "Polygon", "coordinates": [[[49.266580919440926, 53.45080684267234], [49.266584578652754, 53.450716996378226], [49.26643406655564, 53.45071481196921], [49.2664377260651, 53.450624965680674], [49.266742408499454, 53.45053948799063], [49.266738749644354, 53.450629334294945], [49.26688926146353, 53.45063151831776], [49.26688560290608, 53.45072136462763], [49.266735090769565, 53.450719180597694], [49.26673143187508, 53.45080902689892], [49.266580919440926, 53.45080684267234]]]}, "properties": {"zone_id": "kuibyshev-2025-09-30-069", "aoi": "kuibyshev", "date": "2025-09-30", "scene_id": "S2C_MSIL2A_20250930T075741_R035_T39UUV_20250930T110831", "scene_datetime_utc": "2025-09-30T07:57:41.025000+00:00", "detection_status": "detected", "detection_status_ru": "обнаружено", "lon": 49.26666, "lat": 53.45067, "n_pixels": 1, "zone_area_km2": 0.0005, "cover_m2": 5.9, "p_mean": 0.804, "p_max": 0.804, "cover_m2_km2": 11800.0, "h3": "881081d207fffff", "valid_frac_scene": 1.0, "wind_ms": 3.9, "sea": "спокойное", "scene_reliable": true, "field_event_id": "S4:DOORS3:T23", "field_profile": "B", "field_date": "2024-06-10", "field_distance_km": 1360.9, "field_date_gap_days": 477, "field_conc_items_km2": 102.37, "conc_A_items_km2": null, "conc_A_lo80": null, "conc_A_hi80": null, "conc_A_lo95": null, "conc_A_hi95": null, "conc_A_status": "unavailable", "conc_A_status_ru": "концентрация недоступна", "conc_A_reasons": "вне бассейна профиля: nw_atlantic_subtropical", "conc_A_model": "conc-A-c6bce5631d2b", "conc_B_items_km2": null, "conc_B_lo80": null, "conc_B_hi80": null, "conc_B_lo95": null, "conc_B_hi95": null, "conc_B_status": "unavailable", "conc_B_status_ru": "концентрация недоступна", "conc_B_reasons": "вне бассейна профиля: black_sea", "conc_B_model": "conc-B-c6bce5631d2b"}}, {"type": "Feature", "geometry": {"type": "Polygon", "coordinates": [[[49.174868633633764, 53.45069922935412], [49.174872486369544, 53.45060938752955], [49.17472198214353, 53.450607087593326], [49.17472968818742, 53.45042740395452], [49.17457918461669, 53.450425103843756], [49.17459074447879, 53.45015557839638], [49.17474124709772, 53.45015787848466], [49.174745100026335, 53.45006803665827], [49.17504225239779, 53.45016247809268], [49.175026843014074, 53.450521845442644], [49.1751773469643, 53.450524144992336], [49.1751734948838, 53.450613986833446], [49.175022990616306, 53.45061168727626], [49.1750191381978, 53.450701529108315], [49.174868633633764, 53.45069922935412]]]}, "properties": {"zone_id": "kuibyshev-2025-09-30-070", "aoi": "kuibyshev", "date": "2025-09-30", "scene_id": "S2C_MSIL2A_20250930T075741_R035_T39UUV_20250930T110831", "scene_datetime_utc": "2025-09-30T07:57:41.025000+00:00", "detection_status": "detected", "detection_status_ru": "обнаружено", "lon": 49.17485, "lat": 53.45036, "n_pixels": 4, "zone_area_km2": 0.0016, "cover_m2": 17.6, "p_mean": 0.956, "p_max": 0.984, "cover_m2_km2": 11000.0, "h3": "8810856999fffff", "valid_frac_scene": 1.0, "wind_ms": 3.9, "sea": "спокойное", "scene_reliable": true, "field_event_id": "S4:DOORS3:T23", "field_profile": "B", "field_date": "2024-06-10", "field_distance_km": 1358.1, "field_date_gap_days": 477, "field_conc_items_km2": 102.37, "conc_A_items_km2": null, "conc_A_lo80": null, "conc_A_hi80": null, "conc_A_lo95": null, "conc_A_hi95": null, "conc_A_status": "unavailable", "conc_A_status_ru": "концентрация недоступна", "conc_A_reasons": "вне бассейна профиля: nw_atlantic_subtropical", "conc_A_model": "conc-A-c6bce5631d2b", "conc_B_items_km2": null, "conc_B_lo80": null, "conc_B_hi80": null, "conc_B_lo95": null, "conc_B_hi95": null, "conc_B_status": "unavailable", "conc_B_status_ru": "концентрация недоступна", "conc_B_reasons": "вне бассейна профиля: black_sea", "conc_B_model": "conc-B-c6bce5631d2b"}}, {"type": "Feature", "geometry": {"type": "Polygon", "coordinates": [[[49.16466924006253, 53.44973382958001], [49.16467311418502, 53.44964398825232], [49.16452261422853, 53.449641675496764], [49.16452648864742, 53.44955183417505], [49.164831361710284, 53.44946661814324], [49.16482748794675, 53.449556459481585], [49.164977987627694, 53.44955877185058], [49.16497411416056, 53.44964861319491], [49.164823614162366, 53.44964630081836], [49.164819740357125, 53.44973614215359], [49.16466924006253, 53.44973382958001]]]}, "properties": {"zone_id": "kuibyshev-2025-09-30-071", "aoi": "kuibyshev", "date": "2025-09-30", "scene_id": "S2C_MSIL2A_20250930T075741_R035_T39UUV_20250930T110831", "scene_datetime_utc": "2025-09-30T07:57:41.025000+00:00", "detection_status": "detected", "detection_status_ru": "обнаружено", "lon": 49.16475, "lat": 53.4496, "n_pixels": 1, "zone_area_km2": 0.0005, "cover_m2": 6.3, "p_mean": 0.671, "p_max": 0.671, "cover_m2_km2": 12600.0, "h3": "88108569d7fffff", "valid_frac_scene": 1.0, "wind_ms": 3.9, "sea": "спокойное", "scene_reliable": true, "field_event_id": "S4:DOORS3:T23", "field_profile": "B", "field_date": "2024-06-10", "field_distance_km": 1357.7, "field_date_gap_days": 477, "field_conc_items_km2": 102.37, "conc_A_items_km2": null, "conc_A_lo80": null, "conc_A_hi80": null, "conc_A_lo95": null, "conc_A_hi95": null, "conc_A_status": "unavailable", "conc_A_status_ru": "концентрация недоступна", "conc_A_reasons": "вне бассейна профиля: nw_atlantic_subtropical", "conc_A_model": "conc-A-c6bce5631d2b", "conc_B_items_km2": null, "conc_B_lo80": null, "conc_B_hi80": null, "conc_B_lo95": null, "conc_B_hi95": null, "conc_B_status": "unavailable", "conc_B_status_ru": "концентрация недоступна", "conc_B_reasons": "вне бассейна профиля: black_sea", "conc_B_model": "conc-B-c6bce5631d2b"}}, {"type": "Feature", "geometry": {"type": "Polygon", "coordinates": [[[49.15262148513811, 53.449727891128326], [49.152625384682096, 53.449638050408375], [49.1524748857649, 53.44963572247711], [49.15248268542437, 53.449456041047725], [49.15278758117457, 53.44937085595821], [49.15278368201079, 53.449460696690416], [49.15293418033549, 53.44946302422751], [49.15292638257945, 53.44964270570239], [49.15262148513811, 53.449727891128326]]]}, "properties": {"zone_id": "kuibyshev-2025-09-30-072", "aoi": "kuibyshev", "date": "2025-09-30", "scene_id": "S2C_MSIL2A_20250930T075741_R035_T39UUV_20250930T110831", "scene_datetime_utc": "2025-09-30T07:57:41.025000+00:00", "detection_status": "detected", "detection_status_ru": "обнаружено", "lon": 49.1527, "lat": 53.44955, "n_pixels": 2, "zone_area_km2": 0.0008, "cover_m2": 18.8, "p_mean": 0.567, "p_max": 0.584, "cover_m2_km2": 23500.0, "h3": "88108569d1fffff", "valid_frac_scene": 1.0, "wind_ms": 3.9, "sea": "спокойное", "scene_reliable": true, "field_event_id": "S4:DOORS3:T23", "field_profile": "B", "field_date": "2024-06-10", "field_distance_km": 1357.3, "field_date_gap_days": 477, "field_conc_items_km2": 102.37, "conc_A_items_km2": null, "conc_A_lo80": null, "conc_A_hi80": null, "conc_A_lo95": null, "conc_A_hi95": null, "conc_A_status": "unavailable", "conc_A_status_ru": "концентрация недоступна", "conc_A_reasons": "вне бассейна профиля: nw_atlantic_subtropical", "conc_A_model": "conc-A-c6bce5631d2b", "conc_B_items_km2": null, "conc_B_lo80": null, "conc_B_hi80": null, "conc_B_lo95": null, "conc_B_hi95": null, "conc_B_status": "unavailable", "conc_B_status_ru": "концентрация недоступна", "conc_B_reasons": "вне бассейна профиля: black_sea", "conc_B_model": "conc-B-c6bce5631d2b"}}, {"type": "Feature", "geometry": {"type": "Polygon", "coordinates": [[[49.17431286227448, 53.44961192680453], [49.17431671603043, 53.449522084991315], [49.17416621569455, 53.44951978438695], [49.17417006974701, 53.44942994257966], [49.174474923202226, 53.4493447017601], [49.17447106980501, 53.4494345435839], [49.174621569865124, 53.449436843801756], [49.17461771676443, 53.449526685631525], [49.17446721638706, 53.44952438540617], [49.174463362948366, 53.44961422722688], [49.17431286227448, 53.44961192680453]]]}, "properties": {"zone_id": "kuibyshev-2025-09-30-073", "aoi": "kuibyshev", "date": "2025-09-30", "scene_id": "S2C_MSIL2A_20250930T075741_R035_T39UUV_20250930T110831", "scene_datetime_utc": "2025-09-30T07:57:41.025000+00:00", "detection_status": "detected", "detection_status_ru": "обнаружено", "lon": 49.17439, "lat": 53.44948, "n_pixels": 1, "zone_area_km2": 0.0005, "cover_m2": 3.9, "p_mean": 0.737, "p_max": 0.737, "cover_m2_km2": 7800.0, "h3": "8810856999fffff", "valid_frac_scene": 1.0, "wind_ms": 3.9, "sea": "спокойное", "scene_reliable": true, "field_event_id": "S4:DOORS3:T23", "field_profile": "B", "field_date": "2024-06-10", "field_distance_km": 1358.0, "field_date_gap_days": 477, "field_conc_items_km2": 102.37, "conc_A_items_km2": null, "conc_A_lo80": null, "conc_A_hi80": null, "conc_A_lo95": null, "conc_A_hi95": null, "conc_A_status": "unavailable", "conc_A_status_ru": "концентрация недоступна", "conc_A_reasons": "вне бассейна профиля: nw_atlantic_subtropical", "conc_A_model": "conc-A-c6bce5631d2b", "conc_B_items_km2": null, "conc_B_lo80": null, "conc_B_hi80": null, "conc_B_lo95": null, "conc_B_hi95": null, "conc_B_status": "unavailable", "conc_B_status_ru": "концентрация недоступна", "conc_B_reasons": "вне бассейна профиля: black_sea", "conc_B_model": "conc-B-c6bce5631d2b"}}, {"type": "Feature", "geometry": {"type": "Polygon", "coordinates": [[[49.103385344101916, 53.44949558381059], [49.10338934750488, 53.44940574561253], [49.103238853639596, 53.449403355669425], [49.10324285733822, 53.44931351747759], [49.103547847498625, 53.449228458949804], [49.10354384445594, 53.44931829715877], [49.103694338047134, 53.44932068671512], [49.1036903353001, 53.44941052493029], [49.10353984139172, 53.44940813536616], [49.10353583830595, 53.449497973571994], [49.103385344101916, 53.44949558381059]]]}, "properties": {"zone_id": "kuibyshev-2025-09-30-074", "aoi": "kuibyshev", "date": "2025-09-30", "scene_id": "S2C_MSIL2A_20250930T075741_R035_T39UUV_20250930T110831", "scene_datetime_utc": "2025-09-30T07:57:41.025000+00:00", "detection_status": "detected", "detection_status_ru": "обнаружено", "lon": 49.10347, "lat": 53.44936, "n_pixels": 1, "zone_area_km2": 0.0005, "cover_m2": 3.1, "p_mean": 0.678, "p_max": 0.678, "cover_m2_km2": 6200.0, "h3": "881085683dfffff", "valid_frac_scene": 1.0, "wind_ms": 3.9, "sea": "спокойное", "scene_reliable": true, "field_event_id": "S4:DOORS3:T23", "field_profile": "B", "field_date": "2024-06-10", "field_distance_km": 1355.8, "field_date_gap_days": 477, "field_conc_items_km2": 102.37, "conc_A_items_km2": null, "conc_A_lo80": null, "conc_A_hi80": null, "conc_A_lo95": null, "conc_A_hi95": null, "conc_A_status": "unavailable", "conc_A_status_ru": "концентрация недоступна", "conc_A_reasons": "вне бассейна профиля: nw_atlantic_subtropical", "conc_A_model": "conc-A-c6bce5631d2b", "conc_B_items_km2": null, "conc_B_lo80": null, "conc_B_hi80": null, "conc_B_lo95": null, "conc_B_hi95": null, "conc_B_status": "unavailable", "conc_B_status_ru": "концентрация недоступна", "conc_B_reasons": "вне бассейна профиля: black_sea", "conc_B_model": "conc-B-c6bce5631d2b"}}, {"type": "Feature", "geometry": {"type": "MultiPolygon", "coordinates": [[[[49.26632747109964, 53.44963447189248], [49.26647797936911, 53.449636656405644], [49.26648529789558, 53.44945696379027], [49.26633479026074, 53.44945477929132], [49.266345768854656, 53.44918524037809], [49.266048415674504, 53.44909102456106], [49.26605573586845, 53.44891133196998], [49.26620624156002, 53.448913516805284], [49.266213561040544, 53.44873382419384], [49.26606305598359, 53.44873163937277], [49.26607403600853, 53.448462100465434], [49.26577668846102, 53.44836788400614], [49.26577302785751, 53.44845773029742], [49.26562252381156, 53.44845554492911], [49.26561520191085, 53.44863523749282], [49.26576570659139, 53.448637422875365], [49.26575472454442, 53.448906961730785], [49.26590523019659, 53.44890914694515], [49.26589790936802, 53.44908883952199], [49.26574740308125, 53.44908665429338], [49.26574374232011, 53.44917650057239], [49.26589424892419, 53.44917868580812], [49.26588326747446, 53.449448224657296], [49.26603377505019, 53.44945040972484], [49.26602645461982, 53.44963010229752], [49.26617696284988, 53.449632287189765], [49.266173302922454, 53.44972213348094], [49.26632381148954, 53.44972431819076], [49.26632747109964, 53.44963447189248]]], [[[49.266320151859745, 53.449814164487506], [49.266169642975335, 53.44981197977056], [49.26616232302199, 53.44999167234522], [49.266459682708216, 53.45008588791728], [49.26645602331695, 53.450175734215016], [49.26676070247948, 53.450090256446174], [49.266764361216396, 53.450000410132674], [49.26661385163825, 53.44999822597012], [49.26662116968765, 53.449818533352776], [49.26647066076385, 53.4498163490149], [49.26647432007633, 53.44972650271105], [49.26632381148954, 53.44972431819076], [49.266320151859745, 53.449814164487506]]]]}, "properties": {"zone_id": "kuibyshev-2025-09-30-075", "aoi": "kuibyshev", "date": "2025-09-30", "scene_id": "S2C_MSIL2A_20250930T075741_R035_T39UUV_20250930T110831", "scene_datetime_utc": "2025-09-30T07:57:41.025000+00:00", "detection_status": "detected", "detection_status_ru": "обнаружено", "lon": 49.26614, "lat": 53.44929, "n_pixels": 13, "zone_area_km2": 0.0047, "cover_m2": 84.3, "p_mean": 0.95, "p_max": 1.0, "cover_m2_km2": 17936.2, "h3": "881081d207fffff", "valid_frac_scene": 1.0, "wind_ms": 3.9, "sea": "спокойное", "scene_reliable": true, "field_event_id": "S4:DOORS3:T23", "field_profile": "B", "field_date": "2024-06-10", "field_distance_km": 1360.8, "field_date_gap_days": 477, "field_conc_items_km2": 102.37, "conc_A_items_km2": null, "conc_A_lo80": null, "conc_A_hi80": null, "conc_A_lo95": null, "conc_A_hi95": null, "conc_A_status": "unavailable", "conc_A_status_ru": "концентрация недоступна", "conc_A_reasons": "вне бассейна профиля: nw_atlantic_subtropical", "conc_A_model": "conc-A-c6bce5631d2b", "conc_B_items_km2": null, "conc_B_lo80": null, "conc_B_hi80": null, "conc_B_lo95": null, "conc_B_hi95": null, "conc_B_status": "unavailable", "conc_B_status_ru": "концентрация недоступна", "conc_B_reasons": "вне бассейна профиля: black_sea", "conc_B_model": "conc-B-c6bce5631d2b"}}, {"type": "Feature", "geometry": {"type": "Polygon", "coordinates": [[[49.14089830504629, 53.44918638229968], [49.14090222925013, 53.44909654216682], [49.140751733244294, 53.44909419948482], [49.14075958222307, 53.448914519229696], [49.14106449681025, 53.448829364228516], [49.14106057298699, 53.448919204373674], [49.14121106840063, 53.44892154666142], [49.14120322132518, 53.44910122696233], [49.14089830504629, 53.44918638229968]]]}, "properties": {"zone_id": "kuibyshev-2025-09-30-076", "aoi": "kuibyshev", "date": "2025-09-30", "scene_id": "S2C_MSIL2A_20250930T075741_R035_T39UUV_20250930T110831", "scene_datetime_utc": "2025-09-30T07:57:41.025000+00:00", "detection_status": "detected", "detection_status_ru": "обнаружено", "lon": 49.14098, "lat": 53.44901, "n_pixels": 2, "zone_area_km2": 0.0008, "cover_m2": 7.8, "p_mean": 0.827, "p_max": 0.906, "cover_m2_km2": 9750.0, "h3": "88108569ddfffff", "valid_frac_scene": 1.0, "wind_ms": 3.9, "sea": "спокойное", "scene_reliable": true, "field_event_id": "S4:DOORS3:T23", "field_profile": "B", "field_date": "2024-06-10", "field_distance_km": 1356.9, "field_date_gap_days": 477, "field_conc_items_km2": 102.37, "conc_A_items_km2": null, "conc_A_lo80": null, "conc_A_hi80": null, "conc_A_lo95": null, "conc_A_hi95": null, "conc_A_status": "unavailable", "conc_A_status_ru": "концентрация недоступна", "conc_A_reasons": "вне бассейна профиля: nw_atlantic_subtropical", "conc_A_model": "conc-A-c6bce5631d2b", "conc_B_items_km2": null, "conc_B_lo80": null, "conc_B_hi80": null, "conc_B_lo95": null, "conc_B_hi95": null, "conc_B_status": "unavailable", "conc_B_status_ru": "концентрация недоступна", "conc_B_reasons": "вне бассейна профиля: black_sea", "conc_B_model": "conc-B-c6bce5631d2b"}}, {"type": "Feature", "geometry": {"type": "Polygon", "coordinates": [[[49.21138573153326, 53.44900415220821], [49.2113895069759, 53.44891430855012], [49.21123900571311, 53.44891205466267], [49.21124278145269, 53.44882221101036], [49.211547558448764, 53.4487368749125], [49.21154378336405, 53.44882671858103], [49.2116942843502, 53.448828972082104], [49.21169050956242, 53.44891881575644], [49.211540008259, 53.44891656224804], [49.211536233133636, 53.44900640591349], [49.21138573153326, 53.44900415220821]]]}, "properties": {"zone_id": "kuibyshev-2025-09-30-077", "aoi": "kuibyshev", "date": "2025-09-30", "scene_id": "S2C_MSIL2A_20250930T075741_R035_T39UUV_20250930T110831", "scene_datetime_utc": "2025-09-30T07:57:41.025000+00:00", "detection_status": "detected", "detection_status_ru": "обнаружено", "lon": 49.21147, "lat": 53.44887, "n_pixels": 1, "zone_area_km2": 0.0005, "cover_m2": 3.9, "p_mean": 0.867, "p_max": 0.867, "cover_m2_km2": 7800.0, "h3": "881081d245fffff", "valid_frac_scene": 1.0, "wind_ms": 3.9, "sea": "спокойное", "scene_reliable": true, "field_event_id": "S4:DOORS3:T23", "field_profile": "B", "field_date": "2024-06-10", "field_distance_km": 1359.1, "field_date_gap_days": 477, "field_conc_items_km2": 102.37, "conc_A_items_km2": null, "conc_A_lo80": null, "conc_A_hi80": null, "conc_A_lo95": null, "conc_A_hi95": null, "conc_A_status": "unavailable", "conc_A_status_ru": "концентрация недоступна", "conc_A_reasons": "вне бассейна профиля: nw_atlantic_subtropical", "conc_A_model": "conc-A-c6bce5631d2b", "conc_B_items_km2": null, "conc_B_lo80": null, "conc_B_hi80": null, "conc_B_lo95": null, "conc_B_hi95": null, "conc_B_status": "unavailable", "conc_B_status_ru": "концентрация недоступна", "conc_B_reasons": "вне бассейна профиля: black_sea", "conc_B_model": "conc-B-c6bce5631d2b"}}, {"type": "Feature", "geometry": {"type": "Polygon", "coordinates": [[[49.101908448818946, 53.44884280890043], [49.101912455242974, 53.4487529707693], [49.10176196381361, 53.448750578985816], [49.10176597053325, 53.4486607408609], [49.10146899570605, 53.44856611863018], [49.10148101757398, 53.44829660428806], [49.101786003808, 53.44821155021281], [49.101781997196184, 53.448301388345556], [49.10193248703963, 53.44830378009007], [49.101924474385655, 53.44848345636647], [49.10222144968101, 53.44857807746965], [49.10221343816639, 53.44875775376778], [49.101908448818946, 53.44884280890043]]]}, "properties": {"zone_id": "kuibyshev-2025-09-30-078", "aoi": "kuibyshev", "date": "2025-09-30", "scene_id": "S2C_MSIL2A_20250930T075741_R035_T39UUV_20250930T110831", "scene_datetime_utc": "2025-09-30T07:57:41.025000+00:00", "detection_status": "detected", "detection_status_ru": "обнаружено", "lon": 49.10182, "lat": 53.44853, "n_pixels": 5, "zone_area_km2": 0.0019, "cover_m2": 23.9, "p_mean": 0.987, "p_max": 1.0, "cover_m2_km2": 12578.9, "h3": "881085683dfffff", "valid_frac_scene": 1.0, "wind_ms": 3.9, "sea": "спокойное", "scene_reliable": true, "field_event_id": "S4:DOORS3:T23", "field_profile": "B", "field_date": "2024-06-10", "field_distance_km": 1355.7, "field_date_gap_days": 477, "field_conc_items_km2": 102.37, "conc_A_items_km2": null, "conc_A_lo80": null, "conc_A_hi80": null, "conc_A_lo95": null, "conc_A_hi95": null, "conc_A_status": "unavailable", "conc_A_status_ru": "концентрация недоступна", "conc_A_reasons": "вне бассейна профиля: nw_atlantic_subtropical", "conc_A_model": "conc-A-c6bce5631d2b", "conc_B_items_km2": null, "conc_B_lo80": null, "conc_B_hi80": null, "conc_B_lo95": null, "conc_B_hi95": null, "conc_B_status": "unavailable", "conc_B_status_ru": "концентрация недоступна", "conc_B_reasons": "вне бассейна профиля: black_sea", "conc_B_model": "conc-B-c6bce5631d2b"}}, {"type": "Feature", "geometry": {"type": "Polygon", "coordinates": [[[49.10072856889594, 53.44828464082843], [49.100732577727996, 53.44819480275023], [49.10043560848699, 53.44810017799143], [49.10043961791023, 53.448010339925666], [49.10074460409471, 53.44792528850621], [49.10074059532737, 53.44801512658913], [49.10089108406831, 53.44801751963662], [49.10088707559658, 53.44810735772577], [49.10103756467627, 53.448109750591584], [49.10103355650014, 53.44819958868695], [49.100883067103275, 53.44819719581333], [49.1008790585884, 53.44828703389933], [49.10072856889594, 53.44828464082843]]]}, "properties": {"zone_id": "kuibyshev-2025-09-30-079", "aoi": "kuibyshev", "date": "2025-09-30", "scene_id": "S2C_MSIL2A_20250930T075741_R035_T39UUV_20250930T110831", "scene_datetime_utc": "2025-09-30T07:57:41.025000+00:00", "detection_status": "detected", "detection_status_ru": "обнаружено", "lon": 49.10074, "lat": 53.4481, "n_pixels": 2, "zone_area_km2": 0.0008, "cover_m2": 6.3, "p_mean": 0.99, "p_max": 0.996, "cover_m2_km2": 7875.0, "h3": "8810856823fffff", "valid_frac_scene": 1.0, "wind_ms": 3.9, "sea": "спокойное", "scene_reliable": true, "field_event_id": "S4:DOORS3:T23", "field_profile": "B", "field_date": "2024-06-10", "field_distance_km": 1355.6, "field_date_gap_days": 477, "field_conc_items_km2": 102.37, "conc_A_items_km2": null, "conc_A_lo80": null, "conc_A_hi80": null, "conc_A_lo95": null, "conc_A_hi95": null, "conc_A_status": "unavailable", "conc_A_status_ru": "концентрация недоступна", "conc_A_reasons": "вне бассейна профиля: nw_atlantic_subtropical", "conc_A_model": "conc-A-c6bce5631d2b", "conc_B_items_km2": null, "conc_B_lo80": null, "conc_B_hi80": null, "conc_B_lo95": null, "conc_B_hi95": null, "conc_B_status": "unavailable", "conc_B_status_ru": "концентрация недоступна", "conc_B_reasons": "вне бассейна профиля: black_sea", "conc_B_model": "conc-B-c6bce5631d2b"}}, {"type": "Feature", "geometry": {"type": "Polygon", "coordinates": [[[49.265938172949795, 53.448100530273436], [49.26594183315719, 53.44801068396891], [49.26579133067799, 53.44800849882572], [49.26579499118298, 53.44791865252679], [49.26594549334489, 53.44792083766284], [49.26595281366118, 53.44774114504614], [49.26625747626898, 53.44765566839634], [49.26625381677496, 53.447745514721234], [49.2664043183614, 53.447747699274494], [49.26640065916496, 53.447837545604955], [49.26625015726124, 53.447835361044596], [49.26624283817469, 53.44801505368671], [49.265938172949795, 53.448100530273436]]]}, "properties": {"zone_id": "kuibyshev-2025-09-30-080", "aoi": "kuibyshev", "date": "2025-09-30", "scene_id": "S2C_MSIL2A_20250930T075741_R035_T39UUV_20250930T110831", "scene_datetime_utc": "2025-09-30T07:57:41.025000+00:00", "detection_status": "detected", "detection_status_ru": "обнаружено", "lon": 49.2661, "lat": 53.44788, "n_pixels": 2, "zone_area_km2": 0.001, "cover_m2": 9.8, "p_mean": 0.957, "p_max": 0.984, "cover_m2_km2": 9800.0, "h3": "881081d23dfffff", "valid_frac_scene": 1.0, "wind_ms": 3.9, "sea": "спокойное", "scene_reliable": true, "field_event_id": "S4:DOORS3:T23", "field_profile": "B", "field_date": "2024-06-10", "field_distance_km": 1360.7, "field_date_gap_days": 477, "field_conc_items_km2": 102.37, "conc_A_items_km2": null, "conc_A_lo80": null, "conc_A_hi80": null, "conc_A_lo95": null, "conc_A_hi95": null, "conc_A_status": "unavailable", "conc_A_status_ru": "концентрация недоступна", "conc_A_reasons": "вне бассейна профиля: nw_atlantic_subtropical", "conc_A_model": "conc-A-c6bce5631d2b", "conc_B_items_km2": null, "conc_B_lo80": null, "conc_B_hi80": null, "conc_B_lo95": null, "conc_B_hi95": null, "conc_B_status": "unavailable", "conc_B_status_ru": "концентрация недоступна", "conc_B_reasons": "вне бассейна профиля: black_sea", "conc_B_model": "conc-B-c6bce5631d2b"}}, {"type": "Feature", "geometry": {"type": "Polygon", "coordinates": [[[49.099695196698505, 53.44781869389295], [49.09969920764285, 53.44772885586149], [49.09954872002608, 53.44772646132156], [49.09955674248433, 53.44754678526951], [49.09986172703323, 53.447461736084755], [49.099857716470815, 53.44755157412872], [49.10000820349643, 53.44755396827411], [49.10000018294116, 53.44773364437294], [49.099695196698505, 53.44781869389295]]]}, "properties": {"zone_id": "kuibyshev-2025-09-30-081", "aoi": "kuibyshev", "date": "2025-09-30", "scene_id": "S2C_MSIL2A_20250930T075741_R035_T39UUV_20250930T110831", "scene_datetime_utc": "2025-09-30T07:57:41.025000+00:00", "detection_status": "detected", "detection_status_ru": "обнаружено", "lon": 49.09978, "lat": 53.44764, "n_pixels": 2, "zone_area_km2": 0.0008, "cover_m2": 9.0, "p_mean": 0.79, "p_max": 0.996, "cover_m2_km2": 11250.0, "h3": "8810856823fffff", "valid_frac_scene": 1.0, "wind_ms": 3.9, "sea": "спокойное", "scene_reliable": true, "field_event_id": "S4:DOORS3:T23", "field_profile": "B", "field_date": "2024-06-10", "field_distance_km": 1355.5, "field_date_gap_days": 477, "field_conc_items_km2": 102.37, "conc_A_items_km2": null, "conc_A_lo80": null, "conc_A_hi80": null, "conc_A_lo95": null, "conc_A_hi95": null, "conc_A_status": "unavailable", "conc_A_status_ru": "концентрация недоступна", "conc_A_reasons": "вне бассейна профиля: nw_atlantic_subtropical", "conc_A_model": "conc-A-c6bce5631d2b", "conc_B_items_km2": null, "conc_B_lo80": null, "conc_B_hi80": null, "conc_B_lo95": null, "conc_B_hi95": null, "conc_B_status": "unavailable", "conc_B_status_ru": "концентрация недоступна", "conc_B_reasons": "вне бассейна профиля: black_sea", "conc_B_model": "conc-B-c6bce5631d2b"}}, {"type": "Feature", "geometry": {"type": "Polygon", "coordinates": [[[49.22032546581813, 53.44769929092331], [49.22032922221812, 53.44760944680844], [49.22017872483545, 53.44760720421951], [49.220186238209266, 53.44742751599976], [49.22049098774791, 53.44734215683209], [49.22048723172582, 53.447432000958884], [49.22063772851443, 53.44743424315419], [49.2206302170441, 53.44761393141778], [49.22032546581813, 53.44769929092331]]]}, "properties": {"zone_id": "kuibyshev-2025-09-30-082", "aoi": "kuibyshev", "date": "2025-09-30", "scene_id": "S2C_MSIL2A_20250930T075741_R035_T39UUV_20250930T110831", "scene_datetime_utc": "2025-09-30T07:57:41.025000+00:00", "detection_status": "detected", "detection_status_ru": "обнаружено", "lon": 49.22041, "lat": 53.44752, "n_pixels": 2, "zone_area_km2": 0.0008, "cover_m2": 9.8, "p_mean": 0.716, "p_max": 0.784, "cover_m2_km2": 12250.0, "h3": "881081d26bfffff", "valid_frac_scene": 1.0, "wind_ms": 3.9, "sea": "спокойное", "scene_reliable": true, "field_event_id": "S4:DOORS3:T23", "field_profile": "B", "field_date": "2024-06-10", "field_distance_km": 1359.2, "field_date_gap_days": 477, "field_conc_items_km2": 102.37, "conc_A_items_km2": null, "conc_A_lo80": null, "conc_A_hi80": null, "conc_A_lo95": null, "conc_A_hi95": null, "conc_A_status": "unavailable", "conc_A_status_ru": "концентрация недоступна", "conc_A_reasons": "вне бассейна профиля: nw_atlantic_subtropical", "conc_A_model": "conc-A-c6bce5631d2b", "conc_B_items_km2": null, "conc_B_lo80": null, "conc_B_hi80": null, "conc_B_lo95": null, "conc_B_hi95": null, "conc_B_status": "unavailable", "conc_B_status_ru": "концентрация недоступна", "conc_B_reasons": "вне бассейна профиля: black_sea", "conc_B_model": "conc-B-c6bce5631d2b"}}, {"type": "Feature", "geometry": {"type": "Polygon", "coordinates": [[[49.26611429458304, 53.44747379102053], [49.26611795433526, 53.44738394469815], [49.26596745405733, 53.44738175979431], [49.26597111410712, 53.44729191347753], [49.26627577344365, 53.44720643674889], [49.266272114048114, 53.44729628308144], [49.26642261404816, 53.44729846759912], [49.2664189549502, 53.44738831393727], [49.26626845463288, 53.447386129412465], [49.26626479519794, 53.44747597574196], [49.26611429458304, 53.44747379102053]]]}, "properties": {"zone_id": "kuibyshev-2025-09-30-083", "aoi": "kuibyshev", "date": "2025-09-30", "scene_id": "S2C_MSIL2A_20250930T075741_R035_T39UUV_20250930T110831", "scene_datetime_utc": "2025-09-30T07:57:41.025000+00:00", "detection_status": "detected", "detection_status_ru": "обнаружено", "lon": 49.2662, "lat": 53.44734, "n_pixels": 1, "zone_area_km2": 0.0005, "cover_m2": 5.5, "p_mean": 0.996, "p_max": 0.996, "cover_m2_km2": 11000.0, "h3": "881081d23dfffff", "valid_frac_scene": 1.0, "wind_ms": 3.9, "sea": "спокойное", "scene_reliable": true, "field_event_id": "S4:DOORS3:T23", "field_profile": "B", "field_date": "2024-06-10", "field_distance_km": 1360.6, "field_date_gap_days": 477, "field_conc_items_km2": 102.37, "conc_A_items_km2": null, "conc_A_lo80": null, "conc_A_hi80": null, "conc_A_lo95": null, "conc_A_hi95": null, "conc_A_status": "unavailable", "conc_A_status_ru": "концентрация недоступна", "conc_A_reasons": "вне бассейна профиля: nw_atlantic_subtropical", "conc_A_model": "conc-A-c6bce5631d2b", "conc_B_items_km2": null, "conc_B_lo80": null, "conc_B_hi80": null, "conc_B_lo95": null, "conc_B_hi95": null, "conc_B_status": "unavailable", "conc_B_status_ru": "концентрация недоступна", "conc_B_reasons": "вне бассейна профиля: black_sea", "conc_B_model": "conc-B-c6bce5631d2b"}}, {"type": "Feature", "geometry": {"type": "Polygon", "coordinates": [[[49.09851938774968, 53.447170666389404], [49.09852340108014, 53.447080828409376], [49.09837291585624, 53.44707843240824], [49.098380943086674, 53.446898756459106], [49.09868592523598, 53.44681371024813], [49.09868191228747, 53.44690354824067], [49.098832396920265, 53.44690594384724], [49.09882437159274, 53.4470856198432], [49.09851938774968, 53.447170666389404]]]}, "properties": {"zone_id": "kuibyshev-2025-09-30-084", "aoi": "kuibyshev", "date": "2025-09-30", "scene_id": "S2C_MSIL2A_20250930T075741_R035_T39UUV_20250930T110831", "scene_datetime_utc": "2025-09-30T07:57:41.025000+00:00", "detection_status": "detected", "detection_status_ru": "обнаружено", "lon": 49.0986, "lat": 53.44699, "n_pixels": 2, "zone_area_km2": 0.0008, "cover_m2": 6.7, "p_mean": 0.904, "p_max": 0.98, "cover_m2_km2": 8375.0, "h3": "8810856823fffff", "valid_frac_scene": 1.0, "wind_ms": 3.9, "sea": "спокойное", "scene_reliable": true, "field_event_id": "S4:DOORS3:T23", "field_profile": "B", "field_date": "2024-06-10", "field_distance_km": 1355.4, "field_date_gap_days": 477, "field_conc_items_km2": 102.37, "conc_A_items_km2": null, "conc_A_lo80": null, "conc_A_hi80": null, "conc_A_lo95": null, "conc_A_hi95": null, "conc_A_status": "unavailable", "conc_A_status_ru": "концентрация недоступна", "conc_A_reasons": "вне бассейна профиля: nw_atlantic_subtropical", "conc_A_model": "conc-A-c6bce5631d2b", "conc_B_items_km2": null, "conc_B_lo80": null, "conc_B_hi80": null, "conc_B_lo95": null, "conc_B_hi95": null, "conc_B_status": "unavailable", "conc_B_status_ru": "концентрация недоступна", "conc_B_reasons": "вне бассейна профиля: black_sea", "conc_B_model": "conc-B-c6bce5631d2b"}}, {"type": "Feature", "geometry": {"type": "MultiPolygon", "coordinates": [[[[49.21931708445703, 53.446605459903466], [49.21901985598679, 53.44651112797616], [49.21901609697436, 53.44660097204377], [49.21886560326337, 53.44659872782966], [49.21886184391347, 53.446688571888416], [49.21915907325448, 53.4467829042136], [49.21916283199015, 53.446693060141754], [49.21931332605883, 53.44669530398417], [49.21931708445703, 53.446605459903466]]], [[[49.219155314498586, 53.44687274828389], [49.21945254578346, 53.4469670798918], [49.21945630392512, 53.446877235808444], [49.21960679866873, 53.44687947928646], [49.21961055647292, 53.44678963519424], [49.21931332605883, 53.44669530398417], [49.219309567640394, 53.44678514806332], [49.21915907325448, 53.4467829042136], [49.219155314498586, 53.44687274828389]]]]}, "properties": {"zone_id": "kuibyshev-2025-09-30-085", "aoi": "kuibyshev", "date": "2025-09-30", "scene_id": "S2C_MSIL2A_20250930T075741_R035_T39UUV_20250930T110831", "scene_datetime_utc": "2025-09-30T07:57:41.025000+00:00", "detection_status": "detected", "detection_status_ru": "обнаружено", "lon": 49.21924, "lat": 53.44674, "n_pixels": 2, "zone_area_km2": 0.001, "cover_m2": 10.6, "p_mean": 0.855, "p_max": 0.976, "cover_m2_km2": 10600.0, "h3": "881081d26bfffff", "valid_frac_scene": 1.0, "wind_ms": 3.9, "sea": "спокойное", "scene_reliable": true, "field_event_id": "S4:DOORS3:T23", "field_profile": "B", "field_date": "2024-06-10", "field_distance_km": 1359.1, "field_date_gap_days": 477, "field_conc_items_km2": 102.37, "conc_A_items_km2": null, "conc_A_lo80": null, "conc_A_hi80": null, "conc_A_lo95": null, "conc_A_hi95": null, "conc_A_status": "unavailable", "conc_A_status_ru": "концентрация недоступна", "conc_A_reasons": "вне бассейна профиля: nw_atlantic_subtropical", "conc_A_model": "conc-A-c6bce5631d2b", "conc_B_items_km2": null, "conc_B_lo80": null, "conc_B_hi80": null, "conc_B_lo95": null, "conc_B_hi95": null, "conc_B_status": "unavailable", "conc_B_status_ru": "концентрация недоступна", "conc_B_reasons": "вне бассейна профиля: black_sea", "conc_B_model": "conc-B-c6bce5631d2b"}}, {"type": "Feature", "geometry": {"type": "Polygon", "coordinates": [[[49.26598575410926, 53.44693252819505], [49.265989414060535, 53.44684268187059], [49.26583891570594, 53.44684049681994], [49.26584623618393, 53.44666080418067], [49.265695738483565, 53.44665861895473], [49.26569939901027, 53.446568772639914], [49.26584989639338, 53.44657095785873], [49.265853556583124, 53.44648111153526], [49.26615089121869, 53.446575327727814], [49.26614723164378, 53.44666517406399], [49.266297729403234, 53.44666735872136], [49.26629041082883, 53.44684705140333], [49.26598575410926, 53.44693252819505]]]}, "properties": {"zone_id": "kuibyshev-2025-09-30-086", "aoi": "kuibyshev", "date": "2025-09-30", "scene_id": "S2C_MSIL2A_20250930T075741_R035_T39UUV_20250930T110831", "scene_datetime_utc": "2025-09-30T07:57:41.025000+00:00", "detection_status": "detected", "detection_status_ru": "обнаружено", "lon": 49.26602, "lat": 53.44671, "n_pixels": 3, "zone_area_km2": 0.0011, "cover_m2": 12.5, "p_mean": 0.997, "p_max": 1.0, "cover_m2_km2": 11363.6, "h3": "881081d23dfffff", "valid_frac_scene": 1.0, "wind_ms": 3.9, "sea": "спокойное", "scene_reliable": true, "field_event_id": "S4:DOORS3:T23", "field_profile": "B", "field_date": "2024-06-10", "field_distance_km": 1360.5, "field_date_gap_days": 477, "field_conc_items_km2": 102.37, "conc_A_items_km2": null, "conc_A_lo80": null, "conc_A_hi80": null, "conc_A_lo95": null, "conc_A_hi95": null, "conc_A_status": "unavailable", "conc_A_status_ru": "концентрация недоступна", "conc_A_reasons": "вне бассейна профиля: nw_atlantic_subtropical", "conc_A_model": "conc-A-c6bce5631d2b", "conc_B_items_km2": null, "conc_B_lo80": null, "conc_B_hi80": null, "conc_B_lo95": null, "conc_B_hi95": null, "conc_B_status": "unavailable", "conc_B_status_ru": "концентрация недоступна", "conc_B_reasons": "вне бассейна профиля: black_sea", "conc_B_model": "conc-B-c6bce5631d2b"}}, {"type": "Feature", "geometry": {"type": "Polygon", "coordinates": [[[49.20713850844186, 53.44615356480405], [49.207142292453774, 53.44606372131123], [49.20699180161543, 53.44606146215595], [49.2069955859242, 53.445971618668935], [49.2073003506408, 53.44588629327198], [49.20729656698682, 53.44597613677527], [49.20744705754869, 53.44597839554419], [49.207443274191554, 53.44606823905328], [49.20729278331249, 53.446065980277005], [49.20728899961778, 53.4461558237772], [49.20713850844186, 53.44615356480405]]]}, "properties": {"zone_id": "kuibyshev-2025-09-30-087", "aoi": "kuibyshev", "date": "2025-09-30", "scene_id": "S2C_MSIL2A_20250930T075741_R035_T39UUV_20250930T110831", "scene_datetime_utc": "2025-09-30T07:57:41.025000+00:00", "detection_status": "detected", "detection_status_ru": "обнаружено", "lon": 49.20722, "lat": 53.44602, "n_pixels": 1, "zone_area_km2": 0.0005, "cover_m2": 3.9, "p_mean": 0.616, "p_max": 0.616, "cover_m2_km2": 7800.0, "h3": "881081d269fffff", "valid_frac_scene": 1.0, "wind_ms": 3.9, "sea": "спокойное", "scene_reliable": true, "field_event_id": "S4:DOORS3:T23", "field_profile": "B", "field_date": "2024-06-10", "field_distance_km": 1358.6, "field_date_gap_days": 477, "field_conc_items_km2": 102.37, "conc_A_items_km2": null, "conc_A_lo80": null, "conc_A_hi80": null, "conc_A_lo95": null, "conc_A_hi95": null, "conc_A_status": "unavailable", "conc_A_status_ru": "концентрация недоступна", "conc_A_reasons": "вне бассейна профиля: nw_atlantic_subtropical", "conc_A_model": "conc-A-c6bce5631d2b", "conc_B_items_km2": null, "conc_B_lo80": null, "conc_B_hi80": null, "conc_B_lo95": null, "conc_B_hi95": null, "conc_B_status": "unavailable", "conc_B_status_ru": "концентрация недоступна", "conc_B_reasons": "вне бассейна профиля: black_sea", "conc_B_model": "conc-B-c6bce5631d2b"}}, {"type": "Feature", "geometry": {"type": "Polygon", "coordinates": [[[49.21770679537743, 53.44550263917126], [49.21771055700194, 53.445412795150965], [49.21756006759695, 53.44541054932642], [49.21756382951841, 53.44532070531189], [49.21786856898107, 53.44523535272612], [49.21786480771425, 53.445325196756826], [49.21801529684253, 53.445327442195065], [49.21801153587268, 53.44541728623154], [49.21786104642719, 53.445415040786], [49.217857285119884, 53.44550488481362], [49.21770679537743, 53.44550263917126]]]}, "properties": {"zone_id": "kuibyshev-2025-09-30-088", "aoi": "kuibyshev", "date": "2025-09-30", "scene_id": "S2C_MSIL2A_20250930T075741_R035_T39UUV_20250930T110831", "scene_datetime_utc": "2025-09-30T07:57:41.025000+00:00", "detection_status": "detected", "detection_status_ru": "обнаружено", "lon": 49.21779, "lat": 53.44537, "n_pixels": 1, "zone_area_km2": 0.0005, "cover_m2": 4.3, "p_mean": 0.922, "p_max": 0.922, "cover_m2_km2": 8600.0, "h3": "881081d26bfffff", "valid_frac_scene": 1.0, "wind_ms": 3.9, "sea": "спокойное", "scene_reliable": true, "field_event_id": "S4:DOORS3:T23", "field_profile": "B", "field_date": "2024-06-10", "field_distance_km": 1358.9, "field_date_gap_days": 477, "field_conc_items_km2": 102.37, "conc_A_items_km2": null, "conc_A_lo80": null, "conc_A_hi80": null, "conc_A_lo95": null, "conc_A_hi95": null, "conc_A_status": "unavailable", "conc_A_status_ru": "концентрация недоступна", "conc_A_reasons": "вне бассейна профиля: nw_atlantic_subtropical", "conc_A_model": "conc-A-c6bce5631d2b", "conc_B_items_km2": null, "conc_B_lo80": null, "conc_B_hi80": null, "conc_B_lo95": null, "conc_B_hi95": null, "conc_B_status": "unavailable", "conc_B_status_ru": "концентрация недоступна", "conc_B_reasons": "вне бассейна профиля: black_sea", "conc_B_model": "conc-B-c6bce5631d2b"}}, {"type": "Feature", "geometry": {"type": "Polygon", "coordinates": [[[49.26589381737003, 53.44549280187591], [49.265897477323364, 53.445402955534036], [49.2657469840645, 53.44540077040776], [49.265750644315375, 53.44531092407148], [49.26605528981502, 53.445225447768244], [49.26605163021833, 53.445315294120284], [49.26620212319935, 53.44531747886044], [49.26619846390019, 53.44540732521806], [49.266047970601925, 53.44540514047081], [49.26604431096583, 53.4454949868198], [49.26589381737003, 53.44549280187591]]]}, "properties": {"zone_id": "kuibyshev-2025-09-30-089", "aoi": "kuibyshev", "date": "2025-09-30", "scene_id": "S2C_MSIL2A_20250930T075741_R035_T39UUV_20250930T110831", "scene_datetime_utc": "2025-09-30T07:57:41.025000+00:00", "detection_status": "detected", "detection_status_ru": "обнаружено", "lon": 49.26597, "lat": 53.44536, "n_pixels": 1, "zone_area_km2": 0.0005, "cover_m2": 4.3, "p_mean": 0.996, "p_max": 0.996, "cover_m2_km2": 8600.0, "h3": "881081d23dfffff", "valid_frac_scene": 1.0, "wind_ms": 3.9, "sea": "спокойное", "scene_reliable": true, "field_event_id": "S4:DOORS3:T23", "field_profile": "B", "field_date": "2024-06-10", "field_distance_km": 1360.4, "field_date_gap_days": 477, "field_conc_items_km2": 102.37, "conc_A_items_km2": null, "conc_A_lo80": null, "conc_A_hi80": null, "conc_A_lo95": null, "conc_A_hi95": null, "conc_A_status": "unavailable", "conc_A_status_ru": "концентрация недоступна", "conc_A_reasons": "вне бассейна профиля: nw_atlantic_subtropical", "conc_A_model": "conc-A-c6bce5631d2b", "conc_B_items_km2": null, "conc_B_lo80": null, "conc_B_hi80": null, "conc_B_lo95": null, "conc_B_hi95": null, "conc_B_status": "unavailable", "conc_B_status_ru": "концентрация недоступна", "conc_B_reasons": "вне бассейна профиля: black_sea", "conc_B_model": "conc-B-c6bce5631d2b"}}, {"type": "Feature", "geometry": {"type": "Polygon", "coordinates": [[[49.21032904564495, 53.44548221422437], [49.21033282283273, 53.445392370564775], [49.2101823341047, 53.445390115447715], [49.210186111589366, 53.44530027179393], [49.210490865261306, 53.44521493815388], [49.21048708843137, 53.445304781823886], [49.21063757688286, 53.44530703655462], [49.210633800349804, 53.44539688023044], [49.21048331158111, 53.445394625492355], [49.210479534710515, 53.44548446915928], [49.21032904564495, 53.44548221422437]]]}, "properties": {"zone_id": "kuibyshev-2025-09-30-090", "aoi": "kuibyshev", "date": "2025-09-30", "scene_id": "S2C_MSIL2A_20250930T075741_R035_T39UUV_20250930T110831", "scene_datetime_utc": "2025-09-30T07:57:41.025000+00:00", "detection_status": "detected", "detection_status_ru": "обнаружено", "lon": 49.21041, "lat": 53.44535, "n_pixels": 1, "zone_area_km2": 0.0005, "cover_m2": 3.5, "p_mean": 0.788, "p_max": 0.788, "cover_m2_km2": 7000.0, "h3": "881081d269fffff", "valid_frac_scene": 1.0, "wind_ms": 3.9, "sea": "спокойное", "scene_reliable": true, "field_event_id": "S4:DOORS3:T23", "field_profile": "B", "field_date": "2024-06-10", "field_distance_km": 1358.7, "field_date_gap_days": 477, "field_conc_items_km2": 102.37, "conc_A_items_km2": null, "conc_A_lo80": null, "conc_A_hi80": null, "conc_A_lo95": null, "conc_A_hi95": null, "conc_A_status": "unavailable", "conc_A_status_ru": "концентрация недоступна", "conc_A_reasons": "вне бассейна профиля: nw_atlantic_subtropical", "conc_A_model": "conc-A-c6bce5631d2b", "conc_B_items_km2": null, "conc_B_lo80": null, "conc_B_hi80": null, "conc_B_lo95": null, "conc_B_hi95": null, "conc_B_status": "unavailable", "conc_B_status_ru": "концентрация недоступна", "conc_B_reasons": "вне бассейна профиля: black_sea", "conc_B_model": "conc-B-c6bce5631d2b"}}, {"type": "Feature", "geometry": {"type": "Polygon", "coordinates": [[[49.05689723994013, 53.44515219225747], [49.056901340784975, 53.44506235643914], [49.05675086636645, 53.44505990807618], [49.056754967506315, 53.44497007226423], [49.05706001621492, 53.44488513295528], [49.05705591573128, 53.44497496878474], [49.05720638987687, 53.44497741676083], [49.05720228968825, 53.4450672525967], [49.05705181522558, 53.44506480461264], [49.0570477146978, 53.44515464043896], [49.05689723994013, 53.44515219225747]]]}, "properties": {"zone_id": "kuibyshev-2025-09-30-091", "aoi": "kuibyshev", "date": "2025-09-30", "scene_id": "S2C_MSIL2A_20250930T075741_R035_T39UUV_20250930T110831", "scene_datetime_utc": "2025-09-30T07:57:41.025000+00:00", "detection_status": "detected", "detection_status_ru": "обнаружено", "lon": 49.05698, "lat": 53.44502, "n_pixels": 1, "zone_area_km2": 0.0005, "cover_m2": 2.4, "p_mean": 0.976, "p_max": 0.976, "cover_m2_km2": 4800.0, "h3": "8810856867fffff", "valid_frac_scene": 1.0, "wind_ms": 3.9, "sea": "спокойное", "scene_reliable": true, "field_event_id": "S4:DOORS3:T23", "field_profile": "B", "field_date": "2024-06-10", "field_distance_km": 1354.0, "field_date_gap_days": 477, "field_conc_items_km2": 102.37, "conc_A_items_km2": null, "conc_A_lo80": null, "conc_A_hi80": null, "conc_A_lo95": null, "conc_A_hi95": null, "conc_A_status": "unavailable", "conc_A_status_ru": "концентрация недоступна", "conc_A_reasons": "вне бассейна профиля: nw_atlantic_subtropical", "conc_A_model": "conc-A-c6bce5631d2b", "conc_B_items_km2": null, "conc_B_lo80": null, "conc_B_hi80": null, "conc_B_lo95": null, "conc_B_hi95": null, "conc_B_status": "unavailable", "conc_B_status_ru": "концентрация недоступна", "conc_B_reasons": "вне бассейна профиля: black_sea", "conc_B_model": "conc-B-c6bce5631d2b"}}, {"type": "Feature", "geometry": {"type": "Polygon", "coordinates": [[[49.09409735087939, 53.44503243515473], [49.09410137322644, 53.44494259737301], [49.0939508959453, 53.44494019586766], [49.09395894120867, 53.44476052031517], [49.09380846458339, 53.44475811863601], [49.0938124874997, 53.44466828086523], [49.093962963807876, 53.44467068253657], [49.093966986385446, 53.4445808447564], [49.094263916489176, 53.44467548531088], [49.09425989452417, 53.444765323105116], [49.0944103712144, 53.444767724215914], [49.09440232785367, 53.44494739981534], [49.09409735087939, 53.44503243515473]]]}, "properties": {"zone_id": "kuibyshev-2025-09-30-092", "aoi": "kuibyshev", "date": "2025-09-30", "scene_id": "S2C_MSIL2A_20250930T075741_R035_T39UUV_20250930T110831", "scene_datetime_utc": "2025-09-30T07:57:41.025000+00:00", "detection_status": "detected", "detection_status_ru": "обнаружено", "lon": 49.09413, "lat": 53.44481, "n_pixels": 3, "zone_area_km2": 0.0011, "cover_m2": 10.2, "p_mean": 0.953, "p_max": 0.984, "cover_m2_km2": 9272.7, "h3": "8810856823fffff", "valid_frac_scene": 1.0, "wind_ms": 3.9, "sea": "спокойное", "scene_reliable": true, "field_event_id": "S4:DOORS3:T23", "field_profile": "B", "field_date": "2024-06-10", "field_distance_km": 1355.1, "field_date_gap_days": 477, "field_conc_items_km2": 102.37, "conc_A_items_km2": null, "conc_A_lo80": null, "conc_A_hi80": null, "conc_A_lo95": null, "conc_A_hi95": null, "conc_A_status": "unavailable", "conc_A_status_ru": "концентрация недоступна", "conc_A_reasons": "вне бассейна профиля: nw_atlantic_subtropical", "conc_A_model": "conc-A-c6bce5631d2b", "conc_B_items_km2": null, "conc_B_lo80": null, "conc_B_hi80": null, "conc_B_lo95": null, "conc_B_hi95": null, "conc_B_status": "unavailable", "conc_B_status_ru": "концентрация недоступна", "conc_B_reasons": "вне бассейна профиля: black_sea", "conc_B_model": "conc-B-c6bce5631d2b"}}, {"type": "Feature", "geometry": {"type": "Polygon", "coordinates": [[[49.136283058296655, 53.44452948594501], [49.13628699157173, 53.4444396459771], [49.13613651241854, 53.44443729762132], [49.136140445989575, 53.44434745765949], [49.136445336598484, 53.444262314187604], [49.13644140368287, 53.44435215416629], [49.13659188256127, 53.444354502135496], [49.13658794994162, 53.44444434212026], [49.13643747074609, 53.44444199414342], [49.13643353778815, 53.44453183411898], [49.136283058296655, 53.44452948594501]]]}, "properties": {"zone_id": "kuibyshev-2025-09-30-093", "aoi": "kuibyshev", "date": "2025-09-30", "scene_id": "S2C_MSIL2A_20250930T075741_R035_T39UUV_20250930T110831", "scene_datetime_utc": "2025-09-30T07:57:41.025000+00:00", "detection_status": "detected", "detection_status_ru": "обнаружено", "lon": 49.13636, "lat": 53.4444, "n_pixels": 1, "zone_area_km2": 0.0005, "cover_m2": 2.4, "p_mean": 0.635, "p_max": 0.635, "cover_m2_km2": 4800.0, "h3": "88108569ddfffff", "valid_frac_scene": 1.0, "wind_ms": 3.9, "sea": "спокойное", "scene_reliable": true, "field_event_id": "S4:DOORS3:T23", "field_profile": "B", "field_date": "2024-06-10", "field_distance_km": 1356.3, "field_date_gap_days": 477, "field_conc_items_km2": 102.37, "conc_A_items_km2": null, "conc_A_lo80": null, "conc_A_hi80": null, "conc_A_lo95": null, "conc_A_hi95": null, "conc_A_status": "unavailable", "conc_A_status_ru": "концентрация недоступна", "conc_A_reasons": "вне бассейна профиля: nw_atlantic_subtropical", "conc_A_model": "conc-A-c6bce5631d2b", "conc_B_items_km2": null, "conc_B_lo80": null, "conc_B_hi80": null, "conc_B_lo95": null, "conc_B_hi95": null, "conc_B_status": "unavailable", "conc_B_status_ru": "концентрация недоступна", "conc_B_reasons": "вне бассейна профиля: black_sea", "conc_B_model": "conc-B-c6bce5631d2b"}}, {"type": "Feature", "geometry": {"type": "Polygon", "coordinates": [[[49.265651397278255, 53.44405088999351], [49.265655057550845, 53.44396104364135], [49.26550456940697, 53.44395885824996], [49.265511890527456, 53.44377916555526], [49.26521457673276, 53.44368494789706], [49.26522189900384, 53.443505255221666], [49.265526532531986, 53.443419780147494], [49.26552287206041, 53.44350962650174], [49.265673358618244, 53.44351181185754], [49.26566603825038, 53.44369150457567], [49.26581652546233, 53.44369368975621], [49.26580920565008, 53.44387338248243], [49.26595969351614, 53.443875567487716], [49.26595603389767, 53.443965413855636], [49.265805545714414, 53.443963228843245], [49.26580188575904, 53.444053075202525], [49.265651397278255, 53.44405088999351]]]}, "properties": {"zone_id": "kuibyshev-2025-09-30-094", "aoi": "kuibyshev", "date": "2025-09-30", "scene_id": "S2C_MSIL2A_20250930T075741_R035_T39UUV_20250930T110831", "scene_datetime_utc": "2025-09-30T07:57:41.025000+00:00", "detection_status": "detected", "detection_status_ru": "обнаружено", "lon": 49.26555, "lat": 53.44371, "n_pixels": 4, "zone_area_km2": 0.0016, "cover_m2": 16.9, "p_mean": 0.895, "p_max": 0.984, "cover_m2_km2": 10562.5, "h3": "881081d23dfffff", "valid_frac_scene": 1.0, "wind_ms": 3.9, "sea": "спокойное", "scene_reliable": true, "field_event_id": "S4:DOORS3:T23", "field_profile": "B", "field_date": "2024-06-10", "field_distance_km": 1360.2, "field_date_gap_days": 477, "field_conc_items_km2": 102.37, "conc_A_items_km2": null, "conc_A_lo80": null, "conc_A_hi80": null, "conc_A_lo95": null, "conc_A_hi95": null, "conc_A_status": "unavailable", "conc_A_status_ru": "концентрация недоступна", "conc_A_reasons": "вне бассейна профиля: nw_atlantic_subtropical", "conc_A_model": "conc-A-c6bce5631d2b", "conc_B_items_km2": null, "conc_B_lo80": null, "conc_B_hi80": null, "conc_B_lo95": null, "conc_B_hi95": null, "conc_B_status": "unavailable", "conc_B_status_ru": "концентрация недоступна", "conc_B_reasons": "вне бассейна профиля: black_sea", "conc_B_model": "conc-B-c6bce5631d2b"}}, {"type": "Feature", "geometry": {"type": "Polygon", "coordinates": [[[49.20726715342202, 53.44309888518094], [49.207270936741544, 53.44300904163557], [49.207120456687385, 53.44300678273048], [49.20712424030369, 53.44291693919094], [49.207428982759716, 53.442831613241104], [49.20742519979807, 53.442921456796924], [49.207575679575804, 53.442923715315715], [49.20757189691095, 53.443013558877325], [49.20742141681607, 53.44301130035119], [49.2074176338137, 53.44310114390391], [49.20726715342202, 53.44309888518094]]]}, "properties": {"zone_id": "kuibyshev-2025-09-30-095", "aoi": "kuibyshev", "date": "2025-09-30", "scene_id": "S2C_MSIL2A_20250930T075741_R035_T39UUV_20250930T110831", "scene_datetime_utc": "2025-09-30T07:57:41.025000+00:00", "detection_status": "detected", "detection_status_ru": "обнаружено", "lon": 49.20735, "lat": 53.44297, "n_pixels": 1, "zone_area_km2": 0.0005, "cover_m2": 3.5, "p_mean": 0.91, "p_max": 0.91, "cover_m2_km2": 7000.0, "h3": "881081d269fffff", "valid_frac_scene": 1.0, "wind_ms": 3.9, "sea": "спокойное", "scene_reliable": true, "field_event_id": "S4:DOORS3:T23", "field_profile": "B", "field_date": "2024-06-10", "field_distance_km": 1358.4, "field_date_gap_days": 477, "field_conc_items_km2": 102.37, "conc_A_items_km2": null, "conc_A_lo80": null, "conc_A_hi80": null, "conc_A_lo95": null, "conc_A_hi95": null, "conc_A_status": "unavailable", "conc_A_status_ru": "концентрация недоступна", "conc_A_reasons": "вне бассейна профиля: nw_atlantic_subtropical", "conc_A_model": "conc-A-c6bce5631d2b", "conc_B_items_km2": null, "conc_B_lo80": null, "conc_B_hi80": null, "conc_B_lo95": null, "conc_B_hi95": null, "conc_B_status": "unavailable", "conc_B_status_ru": "концентрация недоступна", "conc_B_reasons": "вне бассейна профиля: black_sea", "conc_B_model": "conc-B-c6bce5631d2b"}}, {"type": "Feature", "geometry": {"type": "Polygon", "coordinates": [[[49.26478874965762, 53.443049465271756], [49.264792411616654, 53.44295961894546], [49.264641927080234, 53.44295743249543], [49.26464558933675, 53.442867586174714], [49.264950219397356, 53.442782112534545], [49.26494655779492, 53.44287195887105], [49.26509704205357, 53.442874144934976], [49.265093380748624, 53.442963991277054], [49.26494289617279, 53.44296180520601], [49.26493923453094, 53.443051651539434], [49.26478874965762, 53.443049465271756]]]}, "properties": {"zone_id": "kuibyshev-2025-09-30-096", "aoi": "kuibyshev", "date": "2025-09-30", "scene_id": "S2C_MSIL2A_20250930T075741_R035_T39UUV_20250930T110831", "scene_datetime_utc": "2025-09-30T07:57:41.025000+00:00", "detection_status": "detected", "detection_status_ru": "обнаружено", "lon": 49.26487, "lat": 53.44292, "n_pixels": 1, "zone_area_km2": 0.0005, "cover_m2": 2.7, "p_mean": 0.906, "p_max": 0.906, "cover_m2_km2": 5400.0, "h3": "881081d22bfffff", "valid_frac_scene": 1.0, "wind_ms": 3.9, "sea": "спокойное", "scene_reliable": true, "field_event_id": "S4:DOORS3:T23", "field_profile": "B", "field_date": "2024-06-10", "field_distance_km": 1360.1, "field_date_gap_days": 477, "field_conc_items_km2": 102.37, "conc_A_items_km2": null, "conc_A_lo80": null, "conc_A_hi80": null, "conc_A_lo95": null, "conc_A_hi95": null, "conc_A_status": "unavailable", "conc_A_status_ru": "концентрация недоступна", "conc_A_reasons": "вне бассейна профиля: nw_atlantic_subtropical", "conc_A_model": "conc-A-c6bce5631d2b", "conc_B_items_km2": null, "conc_B_lo80": null, "conc_B_hi80": null, "conc_B_lo95": null, "conc_B_hi95": null, "conc_B_status": "unavailable", "conc_B_status_ru": "концентрация недоступна", "conc_B_reasons": "вне бассейна профиля: black_sea", "conc_B_model": "conc-B-c6bce5631d2b"}}, {"type": "Feature", "geometry": {"type": "Polygon", "coordinates": [[[49.20668793928223, 53.44255078727553], [49.20669172374816, 53.442460943750326], [49.206394552708744, 53.442366580811175], [49.206402122807305, 53.442186893782484], [49.20655259990533, 53.44218915356869], [49.20655638460692, 53.442099310044675], [49.206853554162485, 53.44219367257273], [49.20684598596675, 53.44237335964559], [49.20699646376016, 53.44237561887812], [49.20699267994888, 53.44246546241958], [49.20684220183834, 53.442463203179685], [49.20683841768956, 53.44255304671224], [49.20668793928223, 53.44255078727553]]]}, "properties": {"zone_id": "kuibyshev-2025-09-30-097", "aoi": "kuibyshev", "date": "2025-09-30", "scene_id": "S2C_MSIL2A_20250930T075741_R035_T39UUV_20250930T110831", "scene_datetime_utc": "2025-09-30T07:57:41.025000+00:00", "detection_status": "detected", "detection_status_ru": "обнаружено", "lon": 49.20667, "lat": 53.44233, "n_pixels": 3, "zone_area_km2": 0.0011, "cover_m2": 17.6, "p_mean": 0.899, "p_max": 0.937, "cover_m2_km2": 16000.0, "h3": "881081d269fffff", "valid_frac_scene": 1.0, "wind_ms": 3.9, "sea": "спокойное", "scene_reliable": true, "field_event_id": "S4:DOORS3:T23", "field_profile": "B", "field_date": "2024-06-10", "field_distance_km": 1358.3, "field_date_gap_days": 477, "field_conc_items_km2": 102.37, "conc_A_items_km2": null, "conc_A_lo80": null, "conc_A_hi80": null, "conc_A_lo95": null, "conc_A_hi95": null, "conc_A_status": "unavailable", "conc_A_status_ru": "концентрация недоступна", "conc_A_reasons": "вне бассейна профиля: nw_atlantic_subtropical", "conc_A_model": "conc-A-c6bce5631d2b", "conc_B_items_km2": null, "conc_B_lo80": null, "conc_B_hi80": null, "conc_B_lo95": null, "conc_B_hi95": null, "conc_B_status": "unavailable", "conc_B_status_ru": "концентрация недоступна", "conc_B_reasons": "вне бассейна профиля: black_sea", "conc_B_model": "conc-B-c6bce5631d2b"}}, {"type": "Feature", "geometry": {"type": "Polygon", "coordinates": [[[49.12808967950492, 53.442513413801024], [49.12809362977547, 53.44242357422192], [49.12794315844837, 53.44242121560697], [49.12795501008372, 53.44215169688336], [49.128259900725126, 53.442066574284674], [49.12825595085668, 53.4421564138777], [49.128406421275066, 53.4421587720907], [49.128394572493455, 53.442428290883456], [49.12808967950492, 53.442513413801024]]]}, "properties": {"zone_id": "kuibyshev-2025-09-30-098", "aoi": "kuibyshev", "date": "2025-09-30", "scene_id": "S2C_MSIL2A_20250930T075741_R035_T39UUV_20250930T110831", "scene_datetime_utc": "2025-09-30T07:57:41.025000+00:00", "detection_status": "detected", "detection_status_ru": "обнаружено", "lon": 49.12817, "lat": 53.44229, "n_pixels": 3, "zone_area_km2": 0.0011, "cover_m2": 10.6, "p_mean": 0.979, "p_max": 0.996, "cover_m2_km2": 9636.4, "h3": "88108569cbfffff", "valid_frac_scene": 1.0, "wind_ms": 3.9, "sea": "спокойное", "scene_reliable": true, "field_event_id": "S4:DOORS3:T23", "field_profile": "B", "field_date": "2024-06-10", "field_distance_km": 1355.9, "field_date_gap_days": 477, "field_conc_items_km2": 102.37, "conc_A_items_km2": null, "conc_A_lo80": null, "conc_A_hi80": null, "conc_A_lo95": null, "conc_A_hi95": null, "conc_A_status": "unavailable", "conc_A_status_ru": "концентрация недоступна", "conc_A_reasons": "вне бассейна профиля: nw_atlantic_subtropical", "conc_A_model": "conc-A-c6bce5631d2b", "conc_B_items_km2": null, "conc_B_lo80": null, "conc_B_hi80": null, "conc_B_lo95": null, "conc_B_hi95": null, "conc_B_status": "unavailable", "conc_B_status_ru": "концентрация недоступна", "conc_B_reasons": "вне бассейна профиля: black_sea", "conc_B_model": "conc-B-c6bce5631d2b"}}, {"type": "Feature", "geometry": {"type": "Polygon", "coordinates": [[[49.172676488810836, 53.44212513637891], [49.17268034496804, 53.44203529453432], [49.172529871227994, 53.44203299208887], [49.172533727681554, 53.44194315025024], [49.17283853034677, 53.44185791308148], [49.172834674548184, 53.44194775493667], [49.17298514801263, 53.441950056995694], [49.1729812925104, 53.44203989885683], [49.17283081872885, 53.44203759679031], [49.172826962888756, 53.442127438642395], [49.172676488810836, 53.44212513637891]]]}, "properties": {"zone_id": "kuibyshev-2025-09-30-099", "aoi": "kuibyshev", "date": "2025-09-30", "scene_id": "S2C_MSIL2A_20250930T075741_R035_T39UUV_20250930T110831", "scene_datetime_utc": "2025-09-30T07:57:41.025000+00:00", "detection_status": "detected", "detection_status_ru": "обнаружено", "lon": 49.17276, "lat": 53.44199, "n_pixels": 1, "zone_area_km2": 0.0005, "cover_m2": 4.3, "p_mean": 0.796, "p_max": 0.796, "cover_m2_km2": 8600.0, "h3": "881085699dfffff", "valid_frac_scene": 1.0, "wind_ms": 3.9, "sea": "спокойное", "scene_reliable": true, "field_event_id": "S4:DOORS3:T23", "field_profile": "B", "field_date": "2024-06-10", "field_distance_km": 1357.2, "field_date_gap_days": 477, "field_conc_items_km2": 102.37, "conc_A_items_km2": null, "conc_A_lo80": null, "conc_A_hi80": null, "conc_A_lo95": null, "conc_A_hi95": null, "conc_A_status": "unavailable", "conc_A_status_ru": "концентрация недоступна", "conc_A_reasons": "вне бассейна профиля: nw_atlantic_subtropical", "conc_A_model": "conc-A-c6bce5631d2b", "conc_B_items_km2": null, "conc_B_lo80": null, "conc_B_hi80": null, "conc_B_lo95": null, "conc_B_hi95": null, "conc_B_status": "unavailable", "conc_B_status_ru": "концентрация недоступна", "conc_B_reasons": "вне бассейна профиля: black_sea", "conc_B_model": "conc-B-c6bce5631d2b"}}, {"type": "Feature", "geometry": {"type": "Polygon", "coordinates": [[[49.26379031671631, 53.44168646178467], [49.26379398059988, 53.44159661548523], [49.26349668583629, 53.441502393669865], [49.26350035031475, 53.44141254738161], [49.263804972132284, 53.441327076577686], [49.26380130830787, 53.44141692288174], [49.263951787334, 53.44141911034759], [49.26394812380704, 53.44150895665722], [49.264098603170055, 53.441511143940716], [49.26409493994053, 53.44160099025594], [49.26394446026035, 53.44159880296532], [49.26394079669394, 53.441688649271896], [49.26379031671631, 53.44168646178467]]]}, "properties": {"zone_id": "kuibyshev-2025-09-30-100", "aoi": "kuibyshev", "date": "2025-09-30", "scene_id": "S2C_MSIL2A_20250930T075741_R035_T39UUV_20250930T110831", "scene_datetime_utc": "2025-09-30T07:57:41.025000+00:00", "detection_status": "detected", "detection_status_ru": "обнаружено", "lon": 49.2638, "lat": 53.44151, "n_pixels": 2, "zone_area_km2": 0.0008, "cover_m2": 7.8, "p_mean": 0.99, "p_max": 0.996, "cover_m2_km2": 9750.0, "h3": "881081d22bfffff", "valid_frac_scene": 1.0, "wind_ms": 3.9, "sea": "спокойное", "scene_reliable": true, "field_event_id": "S4:DOORS3:T23", "field_profile": "B", "field_date": "2024-06-10", "field_distance_km": 1360.0, "field_date_gap_days": 477, "field_conc_items_km2": 102.37, "conc_A_items_km2": null, "conc_A_lo80": null, "conc_A_hi80": null, "conc_A_lo95": null, "conc_A_hi95": null, "conc_A_status": "unavailable", "conc_A_status_ru": "концентрация недоступна", "conc_A_reasons": "вне бассейна профиля: nw_atlantic_subtropical", "conc_A_model": "conc-A-c6bce5631d2b", "conc_B_items_km2": null, "conc_B_lo80": null, "conc_B_hi80": null, "conc_B_lo95": null, "conc_B_hi95": null, "conc_B_status": "unavailable", "conc_B_status_ru": "концентрация недоступна", "conc_B_reasons": "вне бассейна профиля: black_sea", "conc_B_model": "conc-B-c6bce5631d2b"}}, {"type": "Feature", "geometry": {"type": "Polygon", "coordinates": [[[49.20657530780933, 53.44165009240139], [49.20657909238871, 53.44156024886809], [49.206428617510596, 53.4415579891334], [49.206436187242495, 53.44137830207689], [49.206740919951734, 53.4412929777821], [49.206737135750586, 53.441382821327394], [49.20688761003518, 53.44138508066844], [49.20688004220602, 53.4415647677691], [49.20657530780933, 53.44165009240139]]]}, "properties": {"zone_id": "kuibyshev-2025-09-30-101", "aoi": "kuibyshev", "date": "2025-09-30", "scene_id": "S2C_MSIL2A_20250930T075741_R035_T39UUV_20250930T110831", "scene_datetime_utc": "2025-09-30T07:57:41.025000+00:00", "detection_status": "detected", "detection_status_ru": "обнаружено", "lon": 49.20666, "lat": 53.44147, "n_pixels": 2, "zone_area_km2": 0.0008, "cover_m2": 8.2, "p_mean": 0.851, "p_max": 0.941, "cover_m2_km2": 10250.0, "h3": "881081d269fffff", "valid_frac_scene": 1.0, "wind_ms": 3.9, "sea": "спокойное", "scene_reliable": true, "field_event_id": "S4:DOORS3:T23", "field_profile": "B", "field_date": "2024-06-10", "field_distance_km": 1358.2, "field_date_gap_days": 477, "field_conc_items_km2": 102.37, "conc_A_items_km2": null, "conc_A_lo80": null, "conc_A_hi80": null, "conc_A_lo95": null, "conc_A_hi95": null, "conc_A_status": "unavailable", "conc_A_status_ru": "концентрация недоступна", "conc_A_reasons": "вне бассейна профиля: nw_atlantic_subtropical", "conc_A_model": "conc-A-c6bce5631d2b", "conc_B_items_km2": null, "conc_B_lo80": null, "conc_B_hi80": null, "conc_B_lo95": null, "conc_B_hi95": null, "conc_B_status": "unavailable", "conc_B_status_ru": "концентрация недоступна", "conc_B_reasons": "вне бассейна профиля: black_sea", "conc_B_model": "conc-B-c6bce5631d2b"}}, {"type": "Feature", "geometry": {"type": "Polygon", "coordinates": [[[49.17873005860599, 53.44140849978667], [49.17873390189247, 53.44131865762865], [49.178583430177596, 53.441316362828886], [49.1785872737605, 53.44122652067679], [49.17889205950475, 53.44114126790332], [49.17888821657673, 53.44123111007192], [49.179038688015865, 53.44123340448529], [49.17903484538427, 53.4413232466598], [49.17888437362803, 53.44132095223895], [49.17888053065865, 53.44141079440445], [49.17873005860599, 53.44140849978667]]]}, "properties": {"zone_id": "kuibyshev-2025-09-30-102", "aoi": "kuibyshev", "date": "2025-09-30", "scene_id": "S2C_MSIL2A_20250930T075741_R035_T39UUV_20250930T110831", "scene_datetime_utc": "2025-09-30T07:57:41.025000+00:00", "detection_status": "detected", "detection_status_ru": "обнаружено", "lon": 49.17881, "lat": 53.44127, "n_pixels": 1, "zone_area_km2": 0.0005, "cover_m2": 2.7, "p_mean": 0.855, "p_max": 0.855, "cover_m2_km2": 5400.0, "h3": "881085699dfffff", "valid_frac_scene": 1.0, "wind_ms": 3.9, "sea": "спокойное", "scene_reliable": true, "field_event_id": "S4:DOORS3:T23", "field_profile": "B", "field_date": "2024-06-10", "field_distance_km": 1357.3, "field_date_gap_days": 477, "field_conc_items_km2": 102.37, "conc_A_items_km2": null, "conc_A_lo80": null, "conc_A_hi80": null, "conc_A_lo95": null, "conc_A_hi95": null, "conc_A_status": "unavailable", "conc_A_status_ru": "концентрация недоступна", "conc_A_reasons": "вне бассейна профиля: nw_atlantic_subtropical", "conc_A_model": "conc-A-c6bce5631d2b", "conc_B_items_km2": null, "conc_B_lo80": null, "conc_B_hi80": null, "conc_B_lo95": null, "conc_B_hi95": null, "conc_B_status": "unavailable", "conc_B_status_ru": "концентрация недоступна", "conc_B_reasons": "вне бассейна профиля: black_sea", "conc_B_model": "conc-B-c6bce5631d2b"}}, {"type": "Feature", "geometry": {"type": "Polygon", "coordinates": [[[49.39374304726178, 53.44134732528775], [49.39374643694177, 53.44125747303227], [49.393595948531775, 53.44125544906367], [49.39359933851077, 53.44116559681326], [49.393903704040774, 53.4410797922827], [49.393900314714514, 53.44116964454778], [49.39405080284374, 53.441171668130764], [49.39404741381649, 53.441261520400936], [49.39389692537, 53.441259496811355], [49.393893536007255, 53.44134934907344], [49.39374304726178, 53.44134732528775]]]}, "properties": {"zone_id": "kuibyshev-2025-09-30-103", "aoi": "kuibyshev", "date": "2025-09-30", "scene_id": "S2C_MSIL2A_20250930T075741_R035_T39UUV_20250930T110831", "scene_datetime_utc": "2025-09-30T07:57:41.025000+00:00", "detection_status": "detected", "detection_status_ru": "обнаружено", "lon": 49.39382, "lat": 53.44121, "n_pixels": 1, "zone_area_km2": 0.0005, "cover_m2": 3.9, "p_mean": 0.878, "p_max": 0.878, "cover_m2_km2": 7800.0, "h3": "881081d0ebfffff", "valid_frac_scene": 1.0, "wind_ms": 3.9, "sea": "спокойное", "scene_reliable": true, "field_event_id": "S4:DOORS3:T23", "field_profile": "B", "field_date": "2024-06-10", "field_distance_km": 1364.0, "field_date_gap_days": 477, "field_conc_items_km2": 102.37, "conc_A_items_km2": null, "conc_A_lo80": null, "conc_A_hi80": null, "conc_A_lo95": null, "conc_A_hi95": null, "conc_A_status": "unavailable", "conc_A_status_ru": "концентрация недоступна", "conc_A_reasons": "вне бассейна профиля: nw_atlantic_subtropical", "conc_A_model": "conc-A-c6bce5631d2b", "conc_B_items_km2": null, "conc_B_lo80": null, "conc_B_hi80": null, "conc_B_lo95": null, "conc_B_hi95": null, "conc_B_status": "unavailable", "conc_B_status_ru": "концентрация недоступна", "conc_B_reasons": "вне бассейна профиля: black_sea", "conc_B_model": "conc-B-c6bce5631d2b"}}, {"type": "Feature", "geometry": {"type": "Polygon", "coordinates": [[[49.39254253017283, 53.441241275977106], [49.392545922372506, 53.44115142377287], [49.39239543442577, 53.44114939829477], [49.39239882692443, 53.44105954609564], [49.3927031940476, 53.44097374463531], [49.392699802201676, 53.44106359684914], [49.39285028986768, 53.44106562194163], [49.39284689832074, 53.441155474160546], [49.3926964103375, 53.44115344906147], [49.39269301845506, 53.441243301272294], [49.39254253017283, 53.441241275977106]]]}, "properties": {"zone_id": "kuibyshev-2025-09-30-104", "aoi": "kuibyshev", "date": "2025-09-30", "scene_id": "S2C_MSIL2A_20250930T075741_R035_T39UUV_20250930T110831", "scene_datetime_utc": "2025-09-30T07:57:41.025000+00:00", "detection_status": "detected", "detection_status_ru": "обнаружено", "lon": 49.39262, "lat": 53.44111, "n_pixels": 1, "zone_area_km2": 0.0005, "cover_m2": 3.5, "p_mean": 0.98, "p_max": 0.98, "cover_m2_km2": 7000.0, "h3": "881081d0ebfffff", "valid_frac_scene": 1.0, "wind_ms": 3.9, "sea": "спокойное", "scene_reliable": true, "field_event_id": "S4:DOORS3:T23", "field_profile": "B", "field_date": "2024-06-10", "field_distance_km": 1363.9, "field_date_gap_days": 477, "field_conc_items_km2": 102.37, "conc_A_items_km2": null, "conc_A_lo80": null, "conc_A_hi80": null, "conc_A_lo95": null, "conc_A_hi95": null, "conc_A_status": "unavailable", "conc_A_status_ru": "концентрация недоступна", "conc_A_reasons": "вне бассейна профиля: nw_atlantic_subtropical", "conc_A_model": "conc-A-c6bce5631d2b", "conc_B_items_km2": null, "conc_B_lo80": null, "conc_B_hi80": null, "conc_B_lo95": null, "conc_B_hi95": null, "conc_B_status": "unavailable", "conc_B_status_ru": "концентрация недоступна", "conc_B_reasons": "вне бассейна профиля: black_sea", "conc_B_model": "conc-B-c6bce5631d2b"}}, {"type": "Feature", "geometry": {"type": "Polygon", "coordinates": [[[49.203121967201625, 53.44141838367003], [49.203125759034045, 53.44132854030309], [49.202975285259114, 53.44132627622545], [49.202986661585264, 53.44105674613748], [49.202836188782086, 53.4410544818925], [49.2028399811671, 53.44096463853414], [49.202990453653165, 53.44096690277174], [49.20299424570066, 53.44087705940444], [49.202843773531704, 53.44087479517422], [49.20285135819969, 53.44069510844974], [49.203001829734426, 53.44069737266521], [49.20300562172069, 53.44060752929328], [49.20330277286512, 53.44070190052779], [49.20329519009979, 53.440881587296516], [49.20314471789002, 53.4408793234452], [49.20314092615964, 53.440969166819876], [49.20329139868652, 53.44097143067855], [49.20328381579876, 53.441151117438004], [49.20343428898027, 53.44115338112197], [49.203426706645125, 53.44133306788997], [49.203121967201625, 53.44141838367003]]]}, "properties": {"zone_id": "kuibyshev-2025-09-30-105", "aoi": "kuibyshev", "date": "2025-09-30", "scene_id": "S2C_MSIL2A_20250930T075741_R035_T39UUV_20250930T110831", "scene_datetime_utc": "2025-09-30T07:57:41.025000+00:00", "detection_status": "detected", "detection_status_ru": "обнаружено", "lon": 49.20312, "lat": 53.44101, "n_pixels": 5, "zone_area_km2": 0.002, "cover_m2": 17.3, "p_mean": 0.766, "p_max": 0.918, "cover_m2_km2": 8650.0, "h3": "8810856997fffff", "valid_frac_scene": 1.0, "wind_ms": 3.9, "sea": "спокойное", "scene_reliable": true, "field_event_id": "S4:DOORS3:T23", "field_profile": "B", "field_date": "2024-06-10", "field_distance_km": 1358.0, "field_date_gap_days": 477, "field_conc_items_km2": 102.37, "conc_A_items_km2": null, "conc_A_lo80": null, "conc_A_hi80": null, "conc_A_lo95": null, "conc_A_hi95": null, "conc_A_status": "unavailable", "conc_A_status_ru": "концентрация недоступна", "conc_A_reasons": "вне бассейна профиля: nw_atlantic_subtropical", "conc_A_model": "conc-A-c6bce5631d2b", "conc_B_items_km2": null, "conc_B_lo80": null, "conc_B_hi80": null, "conc_B_lo95": null, "conc_B_hi95": null, "conc_B_status": "unavailable", "conc_B_status_ru": "концентрация недоступна", "conc_B_reasons": "вне бассейна профиля: black_sea", "conc_B_model": "conc-B-c6bce5631d2b"}}, {"type": "Feature", "geometry": {"type": "Polygon", "coordinates": [[[49.17935115682431, 53.440968466165984], [49.179354998739, 53.44087862397031], [49.17920452852689, 53.44087632996574], [49.17921221292843, 53.4406966455847], [49.17951699364053, 53.44061139116673], [49.17951315210496, 53.440701233374526], [49.179663621724245, 53.440703526985246], [49.179655939225256, 53.44088321141111], [49.17935115682431, 53.440968466165984]]]}, "properties": {"zone_id": "kuibyshev-2025-09-30-106", "aoi": "kuibyshev", "date": "2025-09-30", "scene_id": "S2C_MSIL2A_20250930T075741_R035_T39UUV_20250930T110831", "scene_datetime_utc": "2025-09-30T07:57:41.025000+00:00", "detection_status": "detected", "detection_status_ru": "обнаружено", "lon": 49.17943, "lat": 53.44079, "n_pixels": 2, "zone_area_km2": 0.0008, "cover_m2": 6.3, "p_mean": 0.99, "p_max": 0.992, "cover_m2_km2": 7875.0, "h3": "881085699dfffff", "valid_frac_scene": 1.0, "wind_ms": 3.9, "sea": "спокойное", "scene_reliable": true, "field_event_id": "S4:DOORS3:T23", "field_profile": "B", "field_date": "2024-06-10", "field_distance_km": 1357.3, "field_date_gap_days": 477, "field_conc_items_km2": 102.37, "conc_A_items_km2": null, "conc_A_lo80": null, "conc_A_hi80": null, "conc_A_lo95": null, "conc_A_hi95": null, "conc_A_status": "unavailable", "conc_A_status_ru": "концентрация недоступна", "conc_A_reasons": "вне бассейна профиля: nw_atlantic_subtropical", "conc_A_model": "conc-A-c6bce5631d2b", "conc_B_items_km2": null, "conc_B_lo80": null, "conc_B_hi80": null, "conc_B_lo95": null, "conc_B_hi95": null, "conc_B_status": "unavailable", "conc_B_status_ru": "концентрация недоступна", "conc_B_reasons": "вне бассейна профиля: black_sea", "conc_B_model": "conc-B-c6bce5631d2b"}}, {"type": "Feature", "geometry": {"type": "Polygon", "coordinates": [[[49.08721869073528, 53.44060716161835], [49.08722272694354, 53.44051732412955], [49.08707226590066, 53.44051491409664], [49.08707630240421, 53.44042507661411], [49.08738125972545, 53.440340058975025], [49.087377223877645, 53.440429896474825], [49.087527684646936, 53.44043230612103], [49.087523649094436, 53.44052214362711], [49.08737318800813, 53.44051973397305], [49.087369152116885, 53.4406095714697], [49.08721869073528, 53.44060716161835]]]}, "properties": {"zone_id": "kuibyshev-2025-09-30-107", "aoi": "kuibyshev", "date": "2025-09-30", "scene_id": "S2C_MSIL2A_20250930T075741_R035_T39UUV_20250930T110831", "scene_datetime_utc": "2025-09-30T07:57:41.025000+00:00", "detection_status": "detected", "detection_status_ru": "обнаружено", "lon": 49.0873, "lat": 53.44047, "n_pixels": 1, "zone_area_km2": 0.0005, "cover_m2": 4.3, "p_mean": 0.996, "p_max": 0.996, "cover_m2_km2": 8600.0, "h3": "8810856821fffff", "valid_frac_scene": 1.0, "wind_ms": 3.9, "sea": "спокойное", "scene_reliable": true, "field_event_id": "S4:DOORS3:T23", "field_profile": "B", "field_date": "2024-06-10", "field_distance_km": 1354.4, "field_date_gap_days": 477, "field_conc_items_km2": 102.37, "conc_A_items_km2": null, "conc_A_lo80": null, "conc_A_hi80": null, "conc_A_lo95": null, "conc_A_hi95": null, "conc_A_status": "unavailable", "conc_A_status_ru": "концентрация недоступна", "conc_A_reasons": "вне бассейна профиля: nw_atlantic_subtropical", "conc_A_model": "conc-A-c6bce5631d2b", "conc_B_items_km2": null, "conc_B_lo80": null, "conc_B_hi80": null, "conc_B_lo95": null, "conc_B_hi95": null, "conc_B_status": "unavailable", "conc_B_status_ru": "концентрация недоступна", "conc_B_reasons": "вне бассейна профиля: black_sea", "conc_B_model": "conc-B-c6bce5631d2b"}}, {"type": "Feature", "geometry": {"type": "Polygon", "coordinates": [[[49.202862735048576, 53.44042557835143], [49.20286652729073, 53.44033573498223], [49.20271605704481, 53.4403334706068], [49.202723642102065, 53.44015378387852], [49.20302837320975, 53.44006846902922], [49.20302458134592, 53.44015831241043], [49.20317505099847, 53.440160576392195], [49.20316746784379, 53.44034026316472], [49.202862735048576, 53.44042557835143]]]}, "properties": {"zone_id": "kuibyshev-2025-09-30-108", "aoi": "kuibyshev", "date": "2025-09-30", "scene_id": "S2C_MSIL2A_20250930T075741_R035_T39UUV_20250930T110831", "scene_datetime_utc": "2025-09-30T07:57:41.025000+00:00", "detection_status": "detected", "detection_status_ru": "обнаружено", "lon": 49.20295, "lat": 53.44025, "n_pixels": 2, "zone_area_km2": 0.0008, "cover_m2": 10.2, "p_mean": 0.984, "p_max": 0.996, "cover_m2_km2": 12750.0, "h3": "8810856997fffff", "valid_frac_scene": 1.0, "wind_ms": 3.9, "sea": "спокойное", "scene_reliable": true, "field_event_id": "S4:DOORS3:T23", "field_profile": "B", "field_date": "2024-06-10", "field_distance_km": 1357.9, "field_date_gap_days": 477, "field_conc_items_km2": 102.37, "conc_A_items_km2": null, "conc_A_lo80": null, "conc_A_hi80": null, "conc_A_lo95": null, "conc_A_hi95": null, "conc_A_status": "unavailable", "conc_A_status_ru": "концентрация недоступна", "conc_A_reasons": "вне бассейна профиля: nw_atlantic_subtropical", "conc_A_model": "conc-A-c6bce5631d2b", "conc_B_items_km2": null, "conc_B_lo80": null, "conc_B_hi80": null, "conc_B_lo95": null, "conc_B_hi95": null, "conc_B_status": "unavailable", "conc_B_status_ru": "концентрация недоступна", "conc_B_reasons": "вне бассейна профиля: black_sea", "conc_B_model": "conc-B-c6bce5631d2b"}}, {"type": "Feature", "geometry": {"type": "Polygon", "coordinates": [[[49.08692987849894, 53.440332828923374], [49.08693391527607, 53.440242991445565], [49.08678345522769, 53.44024058105735], [49.086787492300104, 53.44015074358582], [49.087092448201226, 53.44006572666831], [49.08708841178455, 53.44015556415712], [49.08723887155936, 53.44015797415864], [49.08723483543798, 53.44024781165373], [49.087084375346166, 53.44024540164435], [49.087080338886054, 53.440335239130015], [49.08692987849894, 53.440332828923374]]]}, "properties": {"zone_id": "kuibyshev-2025-09-30-109", "aoi": "kuibyshev", "date": "2025-09-30", "scene_id": "S2C_MSIL2A_20250930T075741_R035_T39UUV_20250930T110831", "scene_datetime_utc": "2025-09-30T07:57:41.025000+00:00", "detection_status": "detected", "detection_status_ru": "обнаружено", "lon": 49.08701, "lat": 53.4402, "n_pixels": 1, "zone_area_km2": 0.0005, "cover_m2": 3.5, "p_mean": 0.941, "p_max": 0.941, "cover_m2_km2": 7000.0, "h3": "8810856821fffff", "valid_frac_scene": 1.0, "wind_ms": 3.9, "sea": "спокойное", "scene_reliable": true, "field_event_id": "S4:DOORS3:T23", "field_profile": "B", "field_date": "2024-06-10", "field_distance_km": 1354.4, "field_date_gap_days": 477, "field_conc_items_km2": 102.37, "conc_A_items_km2": null, "conc_A_lo80": null, "conc_A_hi80": null, "conc_A_lo95": null, "conc_A_hi95": null, "conc_A_status": "unavailable", "conc_A_status_ru": "концентрация недоступна", "conc_A_reasons": "вне бассейна профиля: nw_atlantic_subtropical", "conc_A_model": "conc-A-c6bce5631d2b", "conc_B_items_km2": null, "conc_B_lo80": null, "conc_B_hi80": null, "conc_B_lo95": null, "conc_B_hi95": null, "conc_B_status": "unavailable", "conc_B_status_ru": "концентрация недоступна", "conc_B_reasons": "вне бассейна профиля: black_sea", "conc_B_model": "conc-B-c6bce5631d2b"}}, {"type": "Feature", "geometry": {"type": "Polygon", "coordinates": [[[49.286581716163774, 53.44030752617813], [49.286585331783975, 53.44021767878069], [49.286434855211155, 53.44021551985705], [49.28643847112905, 53.440125672465115], [49.28674303892398, 53.4400401427013], [49.286739423659846, 53.44012999010884], [49.28688989995443, 53.44013214864648], [49.28688628498799, 53.44022199605951], [49.28673580837626, 53.44021983751484], [49.286732193073206, 53.44030968491932], [49.286581716163774, 53.44030752617813]]]}, "properties": {"zone_id": "kuibyshev-2025-09-30-110", "aoi": "kuibyshev", "date": "2025-09-30", "scene_id": "S2C_MSIL2A_20250930T075741_R035_T39UUV_20250930T110831", "scene_datetime_utc": "2025-09-30T07:57:41.025000+00:00", "detection_status": "detected", "detection_status_ru": "обнаружено", "lon": 49.28666, "lat": 53.44017, "n_pixels": 1, "zone_area_km2": 0.0005, "cover_m2": 3.1, "p_mean": 0.988, "p_max": 0.988, "cover_m2_km2": 6200.0, "h3": "881081d235fffff", "valid_frac_scene": 1.0, "wind_ms": 3.9, "sea": "спокойное", "scene_reliable": true, "field_event_id": "S4:DOORS3:T23", "field_profile": "B", "field_date": "2024-06-10", "field_distance_km": 1360.5, "field_date_gap_days": 477, "field_conc_items_km2": 102.37, "conc_A_items_km2": null, "conc_A_lo80": null, "conc_A_hi80": null, "conc_A_lo95": null, "conc_A_hi95": null, "conc_A_status": "unavailable", "conc_A_status_ru": "концентрация недоступна", "conc_A_reasons": "вне бассейна профиля: nw_atlantic_subtropical", "conc_A_model": "conc-A-c6bce5631d2b", "conc_B_items_km2": null, "conc_B_lo80": null, "conc_B_hi80": null, "conc_B_lo95": null, "conc_B_hi95": null, "conc_B_status": "unavailable", "conc_B_status_ru": "концентрация недоступна", "conc_B_reasons": "вне бассейна профиля: black_sea", "conc_B_model": "conc-B-c6bce5631d2b"}}, {"type": "Feature", "geometry": {"type": "Polygon", "coordinates": [[[49.0859170453817, 53.43941757787389], [49.08592108416058, 53.439327740435346], [49.085770627434364, 53.43932532879973], [49.08577466650851, 53.439235491367455], [49.08607961776711, 53.43915047698401], [49.08607557934869, 53.439240314433555], [49.08622603580138, 53.4392427256825], [49.086221997678216, 53.43933256313833], [49.086071540908534, 53.439330151881556], [49.08606750244665, 53.43941998932795], [49.0859170453817, 53.43941757787389]]]}, "properties": {"zone_id": "kuibyshev-2025-09-30-111", "aoi": "kuibyshev", "date": "2025-09-30", "scene_id": "S2C_MSIL2A_20250930T075741_R035_T39UUV_20250930T110831", "scene_datetime_utc": "2025-09-30T07:57:41.025000+00:00", "detection_status": "detected", "detection_status_ru": "обнаружено", "lon": 49.086, "lat": 53.43928, "n_pixels": 1, "zone_area_km2": 0.0005, "cover_m2": 3.9, "p_mean": 0.996, "p_max": 0.996, "cover_m2_km2": 7800.0, "h3": "8810856821fffff", "valid_frac_scene": 1.0, "wind_ms": 3.9, "sea": "спокойное", "scene_reliable": true, "field_event_id": "S4:DOORS3:T23", "field_profile": "B", "field_date": "2024-06-10", "field_distance_km": 1354.3, "field_date_gap_days": 477, "field_conc_items_km2": 102.37, "conc_A_items_km2": null, "conc_A_lo80": null, "conc_A_hi80": null, "conc_A_lo95": null, "conc_A_hi95": null, "conc_A_status": "unavailable", "conc_A_status_ru": "концентрация недоступна", "conc_A_reasons": "вне бассейна профиля: nw_atlantic_subtropical", "conc_A_model": "conc-A-c6bce5631d2b", "conc_B_items_km2": null, "conc_B_lo80": null, "conc_B_hi80": null, "conc_B_lo95": null, "conc_B_hi95": null, "conc_B_status": "unavailable", "conc_B_status_ru": "концентрация недоступна", "conc_B_reasons": "вне бассейна профиля: black_sea", "conc_B_model": "conc-B-c6bce5631d2b"}}, {"type": "Feature", "geometry": {"type": "Polygon", "coordinates": [[[49.29701138553499, 53.43928801222529], [49.297014979019764, 53.43919816432425], [49.29686450523124, 53.43919601856561], [49.296868099013814, 53.43910617067004], [49.29717263910488, 53.439020614072795], [49.29716904597593, 53.43911046198388], [49.29731951948598, 53.439112607356584], [49.29731592665483, 53.43920245527313], [49.29716545282763, 53.43920030989343], [49.297161859659994, 53.439290157801445], [49.29701138553499, 53.43928801222529]]]}, "properties": {"zone_id": "kuibyshev-2025-09-30-112", "aoi": "kuibyshev", "date": "2025-09-30", "scene_id": "S2C_MSIL2A_20250930T075741_R035_T39UUV_20250930T110831", "scene_datetime_utc": "2025-09-30T07:57:41.025000+00:00", "detection_status": "detected", "detection_status_ru": "обнаружено", "lon": 49.29709, "lat": 53.43915, "n_pixels": 1, "zone_area_km2": 0.0005, "cover_m2": 3.9, "p_mean": 0.522, "p_max": 0.522, "cover_m2_km2": 7800.0, "h3": "881081d04bfffff", "valid_frac_scene": 1.0, "wind_ms": 3.9, "sea": "спокойное", "scene_reliable": true, "field_event_id": "S4:DOORS3:T23", "field_profile": "B", "field_date": "2024-06-10", "field_distance_km": 1360.8, "field_date_gap_days": 477, "field_conc_items_km2": 102.37, "conc_A_items_km2": null, "conc_A_lo80": null, "conc_A_hi80": null, "conc_A_lo95": null, "conc_A_hi95": null, "conc_A_status": "unavailable", "conc_A_status_ru": "концентрация недоступна", "conc_A_reasons": "вне бассейна профиля: nw_atlantic_subtropical", "conc_A_model": "conc-A-c6bce5631d2b", "conc_B_items_km2": null, "conc_B_lo80": null, "conc_B_hi80": null, "conc_B_lo95": null, "conc_B_hi95": null, "conc_B_status": "unavailable", "conc_B_status_ru": "концентрация недоступна", "conc_B_reasons": "вне бассейна профиля: black_sea", "conc_B_model": "conc-B-c6bce5631d2b"}}, {"type": "Feature", "geometry": {"type": "Polygon", "coordinates": [[[49.30077683001385, 53.43925174671131], [49.30078041555074, 53.439161898634204], [49.30062994159638, 53.43915975761939], [49.3006335274311, 53.43906990954775], [49.30093805990599, 53.43898434328681], [49.30093447472484, 53.43907419137395], [49.30108494840066, 53.439076332002834], [49.301081363517355, 53.43916618009541], [49.300930889524395, 53.43916403945954], [49.30092730430466, 53.439253887543614], [49.30077683001385, 53.43925174671131]]]}, "properties": {"zone_id": "kuibyshev-2025-09-30-113", "aoi": "kuibyshev", "date": "2025-09-30", "scene_id": "S2C_MSIL2A_20250930T075741_R035_T39UUV_20250930T110831", "scene_datetime_utc": "2025-09-30T07:57:41.025000+00:00", "detection_status": "detected", "detection_status_ru": "обнаружено", "lon": 49.30086, "lat": 53.43912, "n_pixels": 1, "zone_area_km2": 0.0005, "cover_m2": 2.7, "p_mean": 0.749, "p_max": 0.749, "cover_m2_km2": 5400.0, "h3": "881081d05dfffff", "valid_frac_scene": 1.0, "wind_ms": 3.9, "sea": "спокойное", "scene_reliable": true, "field_event_id": "S4:DOORS3:T23", "field_profile": "B", "field_date": "2024-06-10", "field_distance_km": 1360.9, "field_date_gap_days": 477, "field_conc_items_km2": 102.37, "conc_A_items_km2": null, "conc_A_lo80": null, "conc_A_hi80": null, "conc_A_lo95": null, "conc_A_hi95": null, "conc_A_status": "unavailable", "conc_A_status_ru": "концентрация недоступна", "conc_A_reasons": "вне бассейна профиля: nw_atlantic_subtropical", "conc_A_model": "conc-A-c6bce5631d2b", "conc_B_items_km2": null, "conc_B_lo80": null, "conc_B_hi80": null, "conc_B_lo95": null, "conc_B_hi95": null, "conc_B_status": "unavailable", "conc_B_status_ru": "концентрация недоступна", "conc_B_reasons": "вне бассейна профиля: black_sea", "conc_B_model": "conc-B-c6bce5631d2b"}}, {"type": "Feature", "geometry": {"type": "Polygon", "coordinates": [[[49.301539953456434, 53.43899290463765], [49.30154353734973, 53.43890305652111], [49.30139306425032, 53.43890091647459], [49.30140381676589, 53.43863137213675], [49.301253344637175, 53.43862923192167], [49.301256929087586, 53.43853938381295], [49.301407400899166, 53.43854152402107], [49.301410985013156, 53.43845167590388], [49.301708344580184, 53.43854580386888], [49.301701177562876, 53.43872550012658], [49.30185165006658, 53.438727639780225], [49.30184448360641, 53.438907336045745], [49.301539953456434, 53.43899290463765]]]}, "properties": {"zone_id": "kuibyshev-2025-09-30-114", "aoi": "kuibyshev", "date": "2025-09-30", "scene_id": "S2C_MSIL2A_20250930T075741_R035_T39UUV_20250930T110831", "scene_datetime_utc": "2025-09-30T07:57:41.025000+00:00", "detection_status": "detected", "detection_status_ru": "обнаружено", "lon": 49.30158, "lat": 53.43874, "n_pixels": 3, "zone_area_km2": 0.0013, "cover_m2": 13.7, "p_mean": 0.991, "p_max": 0.996, "cover_m2_km2": 10538.5, "h3": "881081d05dfffff", "valid_frac_scene": 1.0, "wind_ms": 3.9, "sea": "спокойное", "scene_reliable": true, "field_event_id": "S4:DOORS3:T23", "field_profile": "B", "field_date": "2024-06-10", "field_distance_km": 1360.9, "field_date_gap_days": 477, "field_conc_items_km2": 102.37, "conc_A_items_km2": null, "conc_A_lo80": null, "conc_A_hi80": null, "conc_A_lo95": null, "conc_A_hi95": null, "conc_A_status": "unavailable", "conc_A_status_ru": "концентрация недоступна", "conc_A_reasons": "вне бассейна профиля: nw_atlantic_subtropical", "conc_A_model": "conc-A-c6bce5631d2b", "conc_B_items_km2": null, "conc_B_lo80": null, "conc_B_hi80": null, "conc_B_lo95": null, "conc_B_hi95": null, "conc_B_status": "unavailable", "conc_B_status_ru": "концентрация недоступна", "conc_B_reasons": "вне бассейна профиля: black_sea", "conc_B_model": "conc-B-c6bce5631d2b"}}, {"type": "Feature", "geometry": {"type": "Polygon", "coordinates": [[[49.29899267579571, 53.43868695396143], [49.29899626502241, 53.43859710595891], [49.29884579320256, 53.438594962712294], [49.29884938272707, 53.438505114715205], [49.29915391462276, 53.43841955299245], [49.299150325751825, 53.438509401005014], [49.29930079729317, 53.4385115438657], [49.299297208720056, 53.43860139188373], [49.29914673686157, 53.43859924901606], [49.29914314795201, 53.43868909702555], [49.29899267579571, 53.43868695396143]]]}, "properties": {"zone_id": "kuibyshev-2025-09-30-115", "aoi": "kuibyshev", "date": "2025-09-30", "scene_id": "S2C_MSIL2A_20250930T075741_R035_T39UUV_20250930T110831", "scene_datetime_utc": "2025-09-30T07:57:41.025000+00:00", "detection_status": "detected", "detection_status_ru": "обнаружено", "lon": 49.29907, "lat": 53.43855, "n_pixels": 1, "zone_area_km2": 0.0005, "cover_m2": 2.7, "p_mean": 0.745, "p_max": 0.745, "cover_m2_km2": 5400.0, "h3": "881081d04bfffff", "valid_frac_scene": 1.0, "wind_ms": 3.9, "sea": "спокойное", "scene_reliable": true, "field_event_id": "S4:DOORS3:T23", "field_profile": "B", "field_date": "2024-06-10", "field_distance_km": 1360.8, "field_date_gap_days": 477, "field_conc_items_km2": 102.37, "conc_A_items_km2": null, "conc_A_lo80": null, "conc_A_hi80": null, "conc_A_lo95": null, "conc_A_hi95": null, "conc_A_status": "unavailable", "conc_A_status_ru": "концентрация недоступна", "conc_A_reasons": "вне бассейна профиля: nw_atlantic_subtropical", "conc_A_model": "conc-A-c6bce5631d2b", "conc_B_items_km2": null, "conc_B_lo80": null, "conc_B_hi80": null, "conc_B_lo95": null, "conc_B_hi95": null, "conc_B_status": "unavailable", "conc_B_status_ru": "концентрация недоступна", "conc_B_reasons": "вне бассейна профиля: black_sea", "conc_B_model": "conc-B-c6bce5631d2b"}}, {"type": "Feature", "geometry": {"type": "Polygon", "coordinates": [[[49.17465166298566, 53.438199704448905], [49.17465551442542, 53.438109862446076], [49.17435844642385, 53.43801542058264], [49.174366150467876, 53.43783573659923], [49.17451660953375, 53.4378380366085], [49.174520461207635, 53.437748194606954], [49.17481752772767, 53.43784263605874], [49.174813676667114, 53.43793247807369], [49.174964136112195, 53.437934777522166], [49.17496028534796, 53.43802461954306], [49.175110745130794, 53.43802691880958], [49.17510689466287, 53.43811676083642], [49.17495643456299, 53.43811446156241], [49.17495258375731, 53.43820430358021], [49.17465166298566, 53.438199704448905]]]}, "properties": {"zone_id": "kuibyshev-2025-09-30-116", "aoi": "kuibyshev", "date": "2025-09-30", "scene_id": "S2C_MSIL2A_20250930T075741_R035_T39UUV_20250930T110831", "scene_datetime_utc": "2025-09-30T07:57:41.025000+00:00", "detection_status": "detected", "detection_status_ru": "обнаружено", "lon": 49.1747, "lat": 53.438, "n_pixels": 4, "zone_area_km2": 0.0014, "cover_m2": 17.3, "p_mean": 0.934, "p_max": 1.0, "cover_m2_km2": 12357.1, "h3": "881085699dfffff", "valid_frac_scene": 1.0, "wind_ms": 3.9, "sea": "спокойное", "scene_reliable": true, "field_event_id": "S4:DOORS3:T23", "field_profile": "B", "field_date": "2024-06-10", "field_distance_km": 1356.9, "field_date_gap_days": 477, "field_conc_items_km2": 102.37, "conc_A_items_km2": null, "conc_A_lo80": null, "conc_A_hi80": null, "conc_A_lo95": null, "conc_A_hi95": null, "conc_A_status": "unavailable", "conc_A_status_ru": "концентрация недоступна", "conc_A_reasons": "вне бассейна профиля: nw_atlantic_subtropical", "conc_A_model": "conc-A-c6bce5631d2b", "conc_B_items_km2": null, "conc_B_lo80": null, "conc_B_hi80": null, "conc_B_lo95": null, "conc_B_hi95": null, "conc_B_status": "unavailable", "conc_B_status_ru": "концентрация недоступна", "conc_B_reasons": "вне бассейна профиля: black_sea", "conc_B_model": "conc-B-c6bce5631d2b"}}, {"type": "Feature", "geometry": {"type": "Polygon", "coordinates": [[[49.18112915341726, 53.43811873413542], [49.18113299118294, 53.438028891807996], [49.180982530889644, 53.43802660012628], [49.18099020699313, 53.437846915481686], [49.181294963718926, 53.4377616562863], [49.18129112633224, 53.43785149862584], [49.18144158603277, 53.43785378991377], [49.18143391183151, 53.43803347460314], [49.18112915341726, 53.43811873413542]]]}, "properties": {"zone_id": "kuibyshev-2025-09-30-117", "aoi": "kuibyshev", "date": "2025-09-30", "scene_id": "S2C_MSIL2A_20250930T075741_R035_T39UUV_20250930T110831", "scene_datetime_utc": "2025-09-30T07:57:41.025000+00:00", "detection_status": "detected", "detection_status_ru": "обнаружено", "lon": 49.18121, "lat": 53.43794, "n_pixels": 2, "zone_area_km2": 0.0008, "cover_m2": 7.5, "p_mean": 0.973, "p_max": 0.984, "cover_m2_km2": 9375.0, "h3": "8810856995fffff", "valid_frac_scene": 1.0, "wind_ms": 3.9, "sea": "спокойное", "scene_reliable": true, "field_event_id": "S4:DOORS3:T23", "field_profile": "B", "field_date": "2024-06-10", "field_distance_km": 1357.1, "field_date_gap_days": 477, "field_conc_items_km2": 102.37, "conc_A_items_km2": null, "conc_A_lo80": null, "conc_A_hi80": null, "conc_A_lo95": null, "conc_A_hi95": null, "conc_A_status": "unavailable", "conc_A_status_ru": "концентрация недоступна", "conc_A_reasons": "вне бассейна профиля: nw_atlantic_subtropical", "conc_A_model": "conc-A-c6bce5631d2b", "conc_B_items_km2": null, "conc_B_lo80": null, "conc_B_hi80": null, "conc_B_lo95": null, "conc_B_hi95": null, "conc_B_status": "unavailable", "conc_B_status_ru": "концентрация недоступна", "conc_B_reasons": "вне бассейна профиля: black_sea", "conc_B_model": "conc-B-c6bce5631d2b"}}, {"type": "Feature", "geometry": {"type": "Polygon", "coordinates": [[[49.28231213318028, 53.437908812738826], [49.28231575749073, 53.437818965505784], [49.282165289728276, 53.43781680127061], [49.28216891433633, 53.43772695404309], [49.28247347320086, 53.43764143506674], [49.28246984924652, 53.43773128230989], [49.28262031673087, 53.4377334461591], [49.28261669307415, 53.43782329340776], [49.282466225272685, 53.4378211295515], [49.28246260127934, 53.43791097679159], [49.28231213318028, 53.437908812738826]]]}, "properties": {"zone_id": "kuibyshev-2025-09-30-118", "aoi": "kuibyshev", "date": "2025-09-30", "scene_id": "S2C_MSIL2A_20250930T075741_R035_T39UUV_20250930T110831", "scene_datetime_utc": "2025-09-30T07:57:41.025000+00:00", "detection_status": "detected", "detection_status_ru": "обнаружено", "lon": 49.28239, "lat": 53.43778, "n_pixels": 1, "zone_area_km2": 0.0005, "cover_m2": 3.1, "p_mean": 0.792, "p_max": 0.792, "cover_m2_km2": 6200.0, "h3": "881081d235fffff", "valid_frac_scene": 1.0, "wind_ms": 3.9, "sea": "спокойное", "scene_reliable": true, "field_event_id": "S4:DOORS3:T23", "field_profile": "B", "field_date": "2024-06-10", "field_distance_km": 1360.2, "field_date_gap_days": 477, "field_conc_items_km2": 102.37, "conc_A_items_km2": null, "conc_A_lo80": null, "conc_A_hi80": null, "conc_A_lo95": null, "conc_A_hi95": null, "conc_A_status": "unavailable", "conc_A_status_ru": "концентрация недоступна", "conc_A_reasons": "вне бассейна профиля: nw_atlantic_subtropical", "conc_A_model": "conc-A-c6bce5631d2b", "conc_B_items_km2": null, "conc_B_lo80": null, "conc_B_hi80": null, "conc_B_lo95": null, "conc_B_hi95": null, "conc_B_status": "unavailable", "conc_B_status_ru": "концентрация недоступна", "conc_B_reasons": "вне бассейна профиля: black_sea", "conc_B_model": "conc-B-c6bce5631d2b"}}, {"type": "Feature", "geometry": {"type": "Polygon", "coordinates": [[[49.398540007338326, 53.437905727479695], [49.39854338647434, 53.43781587496133], [49.398392909870864, 53.43781385712403], [49.39839628930587, 53.43772400461073], [49.3987006206791, 53.43763818755476], [49.39869724189664, 53.4377280400827], [49.3988477182193, 53.437730057534466], [49.39884433973584, 53.43781991006748], [49.39869386309599, 53.437817892609154], [49.39869048427716, 53.43790774513409], [49.398540007338326, 53.437905727479695]]]}, "properties": {"zone_id": "kuibyshev-2025-09-30-119", "aoi": "kuibyshev", "date": "2025-09-30", "scene_id": "S2C_MSIL2A_20250930T075741_R035_T39UUV_20250930T110831", "scene_datetime_utc": "2025-09-30T07:57:41.025000+00:00", "detection_status": "detected", "detection_status_ru": "обнаружено", "lon": 49.39862, "lat": 53.43777, "n_pixels": 1, "zone_area_km2": 0.0005, "cover_m2": 3.5, "p_mean": 0.89, "p_max": 0.89, "cover_m2_km2": 7000.0, "h3": "881081d0ebfffff", "valid_frac_scene": 1.0, "wind_ms": 3.9, "sea": "спокойное", "scene_reliable": true, "field_event_id": "S4:DOORS3:T23", "field_profile": "B", "field_date": "2024-06-10", "field_distance_km": 1363.8, "field_date_gap_days": 477, "field_conc_items_km2": 102.37, "conc_A_items_km2": null, "conc_A_lo80": null, "conc_A_hi80": null, "conc_A_lo95": null, "conc_A_hi95": null, "conc_A_status": "unavailable", "conc_A_status_ru": "концентрация недоступна", "conc_A_reasons": "вне бассейна профиля: nw_atlantic_subtropical", "conc_A_model": "conc-A-c6bce5631d2b", "conc_B_items_km2": null, "conc_B_lo80": null, "conc_B_hi80": null, "conc_B_lo95": null, "conc_B_hi95": null, "conc_B_status": "unavailable", "conc_B_status_ru": "концентрация недоступна", "conc_B_reasons": "вне бассейна профиля: black_sea", "conc_B_model": "conc-B-c6bce5631d2b"}}, {"type": "Feature", "geometry": {"type": "Polygon", "coordinates": [[[49.281739265063756, 53.437181376951614], [49.28174289048654, 53.43709152973454], [49.28159242533891, 53.43708936479793], [49.281596051059275, 53.43699951758638], [49.281900605806534, 53.43691400002884], [49.281896980739866, 53.43700384725603], [49.28204744560942, 53.43700601180668], [49.28204382084033, 53.43709585903938], [49.28189335565368, 53.43709369448169], [49.281889730547995, 53.437183541705814], [49.281739265063756, 53.437181376951614]]]}, "properties": {"zone_id": "kuibyshev-2025-09-30-120", "aoi": "kuibyshev", "date": "2025-09-30", "scene_id": "S2C_MSIL2A_20250930T075741_R035_T39UUV_20250930T110831", "scene_datetime_utc": "2025-09-30T07:57:41.025000+00:00", "detection_status": "detected", "detection_status_ru": "обнаружено", "lon": 49.28182, "lat": 53.43705, "n_pixels": 1, "zone_area_km2": 0.0005, "cover_m2": 3.5, "p_mean": 0.984, "p_max": 0.984, "cover_m2_km2": 7000.0, "h3": "881081d235fffff", "valid_frac_scene": 1.0, "wind_ms": 3.9, "sea": "спокойное", "scene_reliable": true, "field_event_id": "S4:DOORS3:T23", "field_profile": "B", "field_date": "2024-06-10", "field_distance_km": 1360.1, "field_date_gap_days": 477, "field_conc_items_km2": 102.37, "conc_A_items_km2": null, "conc_A_lo80": null, "conc_A_hi80": null, "conc_A_lo95": null, "conc_A_hi95": null, "conc_A_status": "unavailable", "conc_A_status_ru": "концентрация недоступна", "conc_A_reasons": "вне бассейна профиля: nw_atlantic_subtropical", "conc_A_model": "conc-A-c6bce5631d2b", "conc_B_items_km2": null, "conc_B_lo80": null, "conc_B_hi80": null, "conc_B_lo95": null, "conc_B_hi95": null, "conc_B_status": "unavailable", "conc_B_status_ru": "концентрация недоступна", "conc_B_reasons": "вне бассейна профиля: black_sea", "conc_B_model": "conc-B-c6bce5631d2b"}}, {"type": "Feature", "geometry": {"type": "Polygon", "coordinates": [[[49.31757899581674, 53.4369724540367], [49.31758254561482, 53.43688260514668], [49.31743207840867, 53.43688048535722], [49.31743917858176, 53.436700787586425], [49.31774366116841, 53.43661517804677], [49.31774011174473, 53.43670502694825], [49.31789057835488, 53.43670714634497], [49.31788348008445, 53.43688684415719], [49.31757899581674, 53.4369724540367]]]}, "properties": {"zone_id": "kuibyshev-2025-09-30-121", "aoi": "kuibyshev", "date": "2025-09-30", "scene_id": "S2C_MSIL2A_20250930T075741_R035_T39UUV_20250930T110831", "scene_datetime_utc": "2025-09-30T07:57:41.025000+00:00", "detection_status": "detected", "detection_status_ru": "обнаружено", "lon": 49.31766, "lat": 53.43679, "n_pixels": 2, "zone_area_km2": 0.0008, "cover_m2": 6.3, "p_mean": 0.996, "p_max": 0.996, "cover_m2_km2": 7875.0, "h3": "881081d055fffff", "valid_frac_scene": 1.0, "wind_ms": 3.9, "sea": "спокойное", "scene_reliable": true, "field_event_id": "S4:DOORS3:T23", "field_profile": "B", "field_date": "2024-06-10", "field_distance_km": 1361.2, "field_date_gap_days": 477, "field_conc_items_km2": 102.37, "conc_A_items_km2": null, "conc_A_lo80": null, "conc_A_hi80": null, "conc_A_lo95": null, "conc_A_hi95": null, "conc_A_status": "unavailable", "conc_A_status_ru": "концентрация недоступна", "conc_A_reasons": "вне бассейна профиля: nw_atlantic_subtropical", "conc_A_model": "conc-A-c6bce5631d2b", "conc_B_items_km2": null, "conc_B_lo80": null, "conc_B_hi80": null, "conc_B_lo95": null, "conc_B_hi95": null, "conc_B_status": "unavailable", "conc_B_status_ru": "концентрация недоступна", "conc_B_reasons": "вне бассейна профиля: black_sea", "conc_B_model": "conc-B-c6bce5631d2b"}}, {"type": "Feature", "geometry": {"type": "Polygon", "coordinates": [[[49.182729619347704, 53.43589558009235], [49.182733453427126, 53.43580573765154], [49.18258300085288, 53.43580344805061], [49.182590669583824, 53.43562376317928], [49.1828954071855, 53.43553849970902], [49.182891573484966, 53.435628342161905], [49.18304202546648, 53.435630631369115], [49.18303435863752, 53.43581031628516], [49.182729619347704, 53.43589558009235]]]}, "properties": {"zone_id": "kuibyshev-2025-09-30-122", "aoi": "kuibyshev", "date": "2025-09-30", "scene_id": "S2C_MSIL2A_20250930T075741_R035_T39UUV_20250930T110831", "scene_datetime_utc": "2025-09-30T07:57:41.025000+00:00", "detection_status": "detected", "detection_status_ru": "обнаружено", "lon": 49.18281, "lat": 53.43572, "n_pixels": 2, "zone_area_km2": 0.0008, "cover_m2": 9.0, "p_mean": 0.996, "p_max": 0.996, "cover_m2_km2": 11250.0, "h3": "8810856995fffff", "valid_frac_scene": 1.0, "wind_ms": 3.9, "sea": "спокойное", "scene_reliable": true, "field_event_id": "S4:DOORS3:T23", "field_profile": "B", "field_date": "2024-06-10", "field_distance_km": 1356.9, "field_date_gap_days": 477, "field_conc_items_km2": 102.37, "conc_A_items_km2": null, "conc_A_lo80": null, "conc_A_hi80": null, "conc_A_lo95": null, "conc_A_hi95": null, "conc_A_status": "unavailable", "conc_A_status_ru": "концентрация недоступна", "conc_A_reasons": "вне бассейна профиля: nw_atlantic_subtropical", "conc_A_model": "conc-A-c6bce5631d2b", "conc_B_items_km2": null, "conc_B_lo80": null, "conc_B_hi80": null, "conc_B_lo95": null, "conc_B_hi95": null, "conc_B_status": "unavailable", "conc_B_status_ru": "концентрация недоступна", "conc_B_reasons": "вне бассейна профиля: black_sea", "conc_B_model": "conc-B-c6bce5631d2b"}}, {"type": "Feature", "geometry": {"type": "Polygon", "coordinates": [[[49.16978302354686, 53.435877665036706], [49.16978688492928, 53.4357878232426], [49.169636433501765, 53.4357855173368], [49.16964415683823, 53.435605833758906], [49.169948919449176, 53.435520603544774], [49.16994505844608, 53.435610445351045], [49.170095509281175, 53.43561275086298], [49.17008778784663, 53.43579243448593], [49.16978302354686, 53.435877665036706]]]}, "properties": {"zone_id": "kuibyshev-2025-09-30-123", "aoi": "kuibyshev", "date": "2025-09-30", "scene_id": "S2C_MSIL2A_20250930T075741_R035_T39UUV_20250930T110831", "scene_datetime_utc": "2025-09-30T07:57:41.025000+00:00", "detection_status": "detected", "detection_status_ru": "обнаружено", "lon": 49.16987, "lat": 53.4357, "n_pixels": 2, "zone_area_km2": 0.0008, "cover_m2": 5.1, "p_mean": 0.8, "p_max": 0.945, "cover_m2_km2": 6375.0, "h3": "8810856983fffff", "valid_frac_scene": 1.0, "wind_ms": 3.9, "sea": "спокойное", "scene_reliable": true, "field_event_id": "S4:DOORS3:T23", "field_profile": "B", "field_date": "2024-06-10", "field_distance_km": 1356.5, "field_date_gap_days": 477, "field_conc_items_km2": 102.37, "conc_A_items_km2": null, "conc_A_lo80": null, "conc_A_hi80": null, "conc_A_lo95": null, "conc_A_hi95": null, "conc_A_status": "unavailable", "conc_A_status_ru": "концентрация недоступна", "conc_A_reasons": "вне бассейна профиля: nw_atlantic_subtropical", "conc_A_model": "conc-A-c6bce5631d2b", "conc_B_items_km2": null, "conc_B_lo80": null, "conc_B_hi80": null, "conc_B_lo95": null, "conc_B_hi95": null, "conc_B_status": "unavailable", "conc_B_status_ru": "концентрация недоступна", "conc_B_reasons": "вне бассейна профиля: black_sea", "conc_B_model": "conc-B-c6bce5631d2b"}}, {"type": "Feature", "geometry": {"type": "Polygon", "coordinates": [[[49.13636752188354, 53.435720466257685], [49.13637145371872, 53.43563062615219], [49.13622100567839, 53.43562827816704], [49.13622493780937, 53.43553843806764], [49.136529764753185, 53.43545329371695], [49.136525833277275, 53.435543133833214], [49.136676281042966, 53.43554548143191], [49.13667234986286, 53.435635321554244], [49.13652190178022, 53.43563297394791], [49.136517970262, 53.43572281406106], [49.13636752188354, 53.435720466257685]]]}, "properties": {"zone_id": "kuibyshev-2025-09-30-124", "aoi": "kuibyshev", "date": "2025-09-30", "scene_id": "S2C_MSIL2A_20250930T075741_R035_T39UUV_20250930T110831", "scene_datetime_utc": "2025-09-30T07:57:41.025000+00:00", "detection_status": "detected", "detection_status_ru": "обнаружено", "lon": 49.13645, "lat": 53.43559, "n_pixels": 1, "zone_area_km2": 0.0005, "cover_m2": 2.4, "p_mean": 0.922, "p_max": 0.922, "cover_m2_km2": 4800.0, "h3": "88108569c3fffff", "valid_frac_scene": 1.0, "wind_ms": 3.9, "sea": "спокойное", "scene_reliable": true, "field_event_id": "S4:DOORS3:T23", "field_profile": "B", "field_date": "2024-06-10", "field_distance_km": 1355.4, "field_date_gap_days": 477, "field_conc_items_km2": 102.37, "conc_A_items_km2": null, "conc_A_lo80": null, "conc_A_hi80": null, "conc_A_lo95": null, "conc_A_hi95": null, "conc_A_status": "unavailable", "conc_A_status_ru": "концентрация недоступна", "conc_A_reasons": "вне бассейна профиля: nw_atlantic_subtropical", "conc_A_model": "conc-A-c6bce5631d2b", "conc_B_items_km2": null, "conc_B_lo80": null, "conc_B_hi80": null, "conc_B_lo95": null, "conc_B_hi95": null, "conc_B_status": "unavailable", "conc_B_status_ru": "концентрация недоступна", "conc_B_reasons": "вне бассейна профиля: black_sea", "conc_B_model": "conc-B-c6bce5631d2b"}}, {"type": "Feature", "geometry": {"type": "Polygon", "coordinates": [[[49.25966878691924, 53.43569309683125], [49.25967245869613, 53.43560325063742], [49.25952200055686, 53.43560105794433], [49.25952567263104, 53.43551121175612], [49.259830259715564, 53.43542575073455], [49.25982658829524, 53.43551559693858], [49.259977046156976, 53.43551778924566], [49.259973375033944, 53.43560763545529], [49.25982291685516, 53.43560544314108], [49.25981924539532, 53.43569528934205], [49.25966878691924, 53.43569309683125]]]}, "properties": {"zone_id": "kuibyshev-2025-09-30-125", "aoi": "kuibyshev", "date": "2025-09-30", "scene_id": "S2C_MSIL2A_20250930T075741_R035_T39UUV_20250930T110831", "scene_datetime_utc": "2025-09-30T07:57:41.025000+00:00", "detection_status": "detected", "detection_status_ru": "обнаружено", "lon": 49.25975, "lat": 53.43556, "n_pixels": 1, "zone_area_km2": 0.0005, "cover_m2": 3.1, "p_mean": 0.82, "p_max": 0.82, "cover_m2_km2": 6200.0, "h3": "881081d221fffff", "valid_frac_scene": 1.0, "wind_ms": 3.9, "sea": "спокойное", "scene_reliable": true, "field_event_id": "S4:DOORS3:T23", "field_profile": "B", "field_date": "2024-06-10", "field_distance_km": 1359.2, "field_date_gap_days": 477, "field_conc_items_km2": 102.37, "conc_A_items_km2": null, "conc_A_lo80": null, "conc_A_hi80": null, "conc_A_lo95": null, "conc_A_hi95": null, "conc_A_status": "unavailable", "conc_A_status_ru": "концентрация недоступна", "conc_A_reasons": "вне бассейна профиля: nw_atlantic_subtropical", "conc_A_model": "conc-A-c6bce5631d2b", "conc_B_items_km2": null, "conc_B_lo80": null, "conc_B_hi80": null, "conc_B_lo95": null, "conc_B_hi95": null, "conc_B_status": "unavailable", "conc_B_status_ru": "концентрация недоступна", "conc_B_reasons": "вне бассейна профиля: black_sea", "conc_B_model": "conc-B-c6bce5631d2b"}}, {"type": "Feature", "geometry": {"type": "Polygon", "coordinates": [[[49.18590061703269, 53.435674090316205], [49.185904444393294, 53.4355842477143], [49.18560736827557, 53.43548983373472], [49.18561119622897, 53.43539999114462], [49.185915926351534, 53.4353147198993], [49.18591209905272, 53.435404562505845], [49.186062550495485, 53.43540684790233], [49.18605872349307, 53.43549669051478], [49.18620917527342, 53.435498975729296], [49.1862053485674, 53.435588818347625], [49.18605489647005, 53.43558653312568], [49.18605106942645, 53.435676375735014], [49.18590061703269, 53.435674090316205]]]}, "properties": {"zone_id": "kuibyshev-2025-09-30-126", "aoi": "kuibyshev", "date": "2025-09-30", "scene_id": "S2C_MSIL2A_20250930T075741_R035_T39UUV_20250930T110831", "scene_datetime_utc": "2025-09-30T07:57:41.025000+00:00", "detection_status": "detected", "detection_status_ru": "обнаружено", "lon": 49.18591, "lat": 53.43549, "n_pixels": 2, "zone_area_km2": 0.0008, "cover_m2": 8.2, "p_mean": 0.775, "p_max": 0.949, "cover_m2_km2": 10250.0, "h3": "8810856995fffff", "valid_frac_scene": 1.0, "wind_ms": 3.9, "sea": "спокойное", "scene_reliable": true, "field_event_id": "S4:DOORS3:T23", "field_profile": "B", "field_date": "2024-06-10", "field_distance_km": 1357.0, "field_date_gap_days": 477, "field_conc_items_km2": 102.37, "conc_A_items_km2": null, "conc_A_lo80": null, "conc_A_hi80": null, "conc_A_lo95": null, "conc_A_hi95": null, "conc_A_status": "unavailable", "conc_A_status_ru": "концентрация недоступна", "conc_A_reasons": "вне бассейна профиля: nw_atlantic_subtropical", "conc_A_model": "conc-A-c6bce5631d2b", "conc_B_items_km2": null, "conc_B_lo80": null, "conc_B_hi80": null, "conc_B_lo95": null, "conc_B_hi95": null, "conc_B_status": "unavailable", "conc_B_status_ru": "концентрация недоступна", "conc_B_reasons": "вне бассейна профиля: black_sea", "conc_B_model": "conc-B-c6bce5631d2b"}}, {"type": "Feature", "geometry": {"type": "Polygon", "coordinates": [[[49.16919280458231, 53.43559891495011], [49.169196667170326, 53.43550907318138], [49.169046216776906, 53.435506766540456], [49.169053942524556, 53.43532708301336], [49.16935870427294, 53.43524185429483], [49.16935484206425, 53.43533169607574], [49.16950529186528, 53.435334002322804], [49.16949756801952, 53.435513685894975], [49.16919280458231, 53.43559891495011]]]}, "properties": {"zone_id": "kuibyshev-2025-09-30-127", "aoi": "kuibyshev", "date": "2025-09-30", "scene_id": "S2C_MSIL2A_20250930T075741_R035_T39UUV_20250930T110831", "scene_datetime_utc": "2025-09-30T07:57:41.025000+00:00", "detection_status": "detected", "detection_status_ru": "обнаружено", "lon": 49.16928, "lat": 53.43542, "n_pixels": 2, "zone_area_km2": 0.0008, "cover_m2": 7.1, "p_mean": 0.961, "p_max": 0.992, "cover_m2_km2": 8875.0, "h3": "8810856983fffff", "valid_frac_scene": 1.0, "wind_ms": 3.9, "sea": "спокойное", "scene_reliable": true, "field_event_id": "S4:DOORS3:T23", "field_profile": "B", "field_date": "2024-06-10", "field_distance_km": 1356.4, "field_date_gap_days": 477, "field_conc_items_km2": 102.37, "conc_A_items_km2": null, "conc_A_lo80": null, "conc_A_hi80": null, "conc_A_lo95": null, "conc_A_hi95": null, "conc_A_status": "unavailable", "conc_A_status_ru": "концентрация недоступна", "conc_A_reasons": "вне бассейна профиля: nw_atlantic_subtropical", "conc_A_model": "conc-A-c6bce5631d2b", "conc_B_items_km2": null, "conc_B_lo80": null, "conc_B_hi80": null, "conc_B_lo95": null, "conc_B_hi95": null, "conc_B_status": "unavailable", "conc_B_status_ru": "концентрация недоступна", "conc_B_reasons": "вне бассейна профиля: black_sea", "conc_B_model": "conc-B-c6bce5631d2b"}}, {"type": "Feature", "geometry": {"type": "Polygon", "coordinates": [[[49.16861032093728, 53.435140478510974], [49.16861418468928, 53.43505063676453], [49.16846373596391, 53.43504832940354], [49.168467600012086, 53.43495848766307], [49.16877236024312, 53.43487326042355], [49.16876849684967, 53.43496310218062], [49.168918945299644, 53.434965409155275], [49.16891508220239, 53.435055250918296], [49.16876463343544, 53.43505294393612], [49.16876077000042, 53.435142785690076], [49.16861032093728, 53.435140478510974]]]}, "properties": {"zone_id": "kuibyshev-2025-09-30-128", "aoi": "kuibyshev", "date": "2025-09-30", "scene_id": "S2C_MSIL2A_20250930T075741_R035_T39UUV_20250930T110831", "scene_datetime_utc": "2025-09-30T07:57:41.025000+00:00", "detection_status": "detected", "detection_status_ru": "обнаружено", "lon": 49.16869, "lat": 53.43501, "n_pixels": 1, "zone_area_km2": 0.0005, "cover_m2": 6.3, "p_mean": 0.992, "p_max": 0.992, "cover_m2_km2": 12600.0, "h3": "8810856983fffff", "valid_frac_scene": 1.0, "wind_ms": 3.9, "sea": "спокойное", "scene_reliable": true, "field_event_id": "S4:DOORS3:T23", "field_profile": "B", "field_date": "2024-06-10", "field_distance_km": 1356.4, "field_date_gap_days": 477, "field_conc_items_km2": 102.37, "conc_A_items_km2": null, "conc_A_lo80": null, "conc_A_hi80": null, "conc_A_lo95": null, "conc_A_hi95": null, "conc_A_status": "unavailable", "conc_A_status_ru": "концентрация недоступна", "conc_A_reasons": "вне бассейна профиля: nw_atlantic_subtropical", "conc_A_model": "conc-A-c6bce5631d2b", "conc_B_items_km2": null, "conc_B_lo80": null, "conc_B_hi80": null, "conc_B_lo95": null, "conc_B_hi95": null, "conc_B_status": "unavailable", "conc_B_status_ru": "концентрация недоступна", "conc_B_reasons": "вне бассейна профиля: black_sea", "conc_B_model": "conc-B-c6bce5631d2b"}}]}