{"type": "FeatureCollection", "features": [{"type": "Feature", "geometry": {"type": "Polygon", "coordinates": [[[131.98101398183408, 43.28959039246859], [131.981009586228, 43.28950046821524], [131.98088648622223, 43.289503679121474], [131.9808820908173, 43.289413754856305], [131.9810051906422, 43.28941054396011], [131.9810007950767, 43.289320619703204], [131.981246994304, 43.289314197534], [131.98125139023122, 43.28940412177084], [131.98137448999535, 43.28940091047777], [131.98137888612368, 43.289490834702804], [131.98125578617876, 43.28949404600591], [131.98126018214654, 43.28958397023919], [131.98101398183408, 43.28959039246859]]]}, "properties": {"zone_id": "vladivostok-2026-06-27-001", "aoi": "vladivostok", "date": "2026-06-27", "scene_id": "S2B_MSIL2A_20260627T020649_R103_T52TGN_20260627T041901", "scene_datetime_utc": "2026-06-27T02:06:49.024000+00:00", "detection_status": "detected", "detection_status_ru": "обнаружено", "lon": 131.98113, "lat": 43.28945, "n_pixels": 2, "zone_area_km2": 0.0008, "cover_m2": 5.9, "p_mean": 0.924, "p_max": 0.969, "cover_m2_km2": 7375.0, "h3": "88316c1b53fffff", "valid_frac_scene": 0.998, "wind_ms": 2.0, "sea": "спокойное", "scene_reliable": true, "field_event_id": "S4:DOORS3:T23", "field_profile": "B", "field_date": "2024-06-10", "field_distance_km": 6978.2, "field_date_gap_days": 747, "field_conc_items_km2": 102.37, "conc_A_items_km2": null, "conc_A_lo80": null, "conc_A_hi80": null, "conc_A_lo95": null, "conc_A_hi95": null, "conc_A_status": "unavailable", "conc_A_status_ru": "концентрация недоступна", "conc_A_reasons": "вне бассейна профиля: nw_atlantic_subtropical", "conc_A_model": "conc-A-c6bce5631d2b", "conc_B_items_km2": null, "conc_B_lo80": null, "conc_B_hi80": null, "conc_B_lo95": null, "conc_B_hi95": null, "conc_B_status": "unavailable", "conc_B_status_ru": "концентрация недоступна", "conc_B_reasons": "вне бассейна профиля: black_sea", "conc_B_model": "conc-B-c6bce5631d2b"}}, {"type": "Feature", "geometry": {"type": "Polygon", "coordinates": [[[131.87155151356592, 43.271053769358474], [131.87154728196828, 43.27096383601384], [131.87129690136905, 43.27088008661064], [131.87129267017195, 43.27079015324319], [131.87141574451152, 43.27078706134737], [131.87141151315322, 43.27069712798782], [131.8716576614123, 43.27069094381879], [131.87166189313214, 43.27078087715902], [131.87178496741316, 43.27077778486648], [131.8717934312729, 43.27095765152237], [131.87155151356592, 43.271053769358474]]]}, "properties": {"zone_id": "vladivostok-2026-06-27-002", "aoi": "vladivostok", "date": "2026-06-27", "scene_id": "S2B_MSIL2A_20260627T020649_R103_T52TGN_20260627T041901", "scene_datetime_utc": "2026-06-27T02:06:49.024000+00:00", "detection_status": "detected", "detection_status_ru": "обнаружено", "lon": 131.87156, "lat": 43.27086, "n_pixels": 3, "zone_area_km2": 0.001, "cover_m2": 16.5, "p_mean": 0.844, "p_max": 0.976, "cover_m2_km2": 16500.0, "h3": "88316cccbdfffff", "valid_frac_scene": 0.998, "wind_ms": 2.0, "sea": "спокойное", "scene_reliable": true, "field_event_id": "S4:DOORS3:T23", "field_profile": "B", "field_date": "2024-06-10", "field_distance_km": 6972.0, "field_date_gap_days": 747, "field_conc_items_km2": 102.37, "conc_A_items_km2": null, "conc_A_lo80": null, "conc_A_hi80": null, "conc_A_lo95": null, "conc_A_hi95": null, "conc_A_status": "unavailable", "conc_A_status_ru": "концентрация недоступна", "conc_A_reasons": "вне бассейна профиля: nw_atlantic_subtropical", "conc_A_model": "conc-A-c6bce5631d2b", "conc_B_items_km2": null, "conc_B_lo80": null, "conc_B_hi80": null, "conc_B_lo95": null, "conc_B_hi95": null, "conc_B_status": "unavailable", "conc_B_status_ru": "концентрация недоступна", "conc_B_reasons": "вне бассейна профиля: black_sea", "conc_B_model": "conc-B-c6bce5631d2b"}}, {"type": "Feature", "geometry": {"type": "Polygon", "coordinates": [[[131.78056626016678, 43.25646589670891], [131.7805621646275, 43.25637595607075], [131.78043910966556, 43.25637894941987], [131.78043091900506, 43.25619906811965], [131.78067293252406, 43.25610314069257], [131.7806770281873, 43.25619308132659], [131.78080008275015, 43.25619008773175], [131.78080827449472, 43.25636996897586], [131.78056626016678, 43.25646589670891]]]}, "properties": {"zone_id": "vladivostok-2026-06-27-003", "aoi": "vladivostok", "date": "2026-06-27", "scene_id": "S2B_MSIL2A_20260627T020649_R103_T52TGN_20260627T041901", "scene_datetime_utc": "2026-06-27T02:06:49.024000+00:00", "detection_status": "detected", "detection_status_ru": "обнаружено", "lon": 131.78062, "lat": 43.25628, "n_pixels": 2, "zone_area_km2": 0.0008, "cover_m2": 12.2, "p_mean": 0.802, "p_max": 0.988, "cover_m2_km2": 15250.0, "h3": "88316c5745fffff", "valid_frac_scene": 0.998, "wind_ms": 2.0, "sea": "спокойное", "scene_reliable": true, "field_event_id": "S4:DOORS3:T23", "field_profile": "B", "field_date": "2024-06-10", "field_distance_km": 6966.8, "field_date_gap_days": 747, "field_conc_items_km2": 102.37, "conc_A_items_km2": null, "conc_A_lo80": null, "conc_A_hi80": null, "conc_A_lo95": null, "conc_A_hi95": null, "conc_A_status": "unavailable", "conc_A_status_ru": "концентрация недоступна", "conc_A_reasons": "вне бассейна профиля: nw_atlantic_subtropical", "conc_A_model": "conc-A-c6bce5631d2b", "conc_B_items_km2": null, "conc_B_lo80": null, "conc_B_hi80": null, "conc_B_lo95": null, "conc_B_hi95": null, "conc_B_status": "unavailable", "conc_B_status_ru": "концентрация недоступна", "conc_B_reasons": "вне бассейна профиля: black_sea", "conc_B_model": "conc-B-c6bce5631d2b"}}, {"type": "Feature", "geometry": {"type": "Polygon", "coordinates": [[[131.7809026573598, 43.25573739091087], [131.7808985614296, 43.2556474502869], [131.78077550796976, 43.255650443957826], [131.78076731652737, 43.25547056268601], [131.78100932665134, 43.255374634629575], [131.78101342270554, 43.25546457524937], [131.7811364757663, 43.255461581332746], [131.78114466829268, 43.255641462548446], [131.7809026573598, 43.25573739091087]]]}, "properties": {"zone_id": "vladivostok-2026-06-27-004", "aoi": "vladivostok", "date": "2026-06-27", "scene_id": "S2B_MSIL2A_20260627T020649_R103_T52TGN_20260627T041901", "scene_datetime_utc": "2026-06-27T02:06:49.024000+00:00", "detection_status": "detected", "detection_status_ru": "обнаружено", "lon": 131.78096, "lat": 43.25556, "n_pixels": 2, "zone_area_km2": 0.0008, "cover_m2": 11.4, "p_mean": 0.992, "p_max": 0.996, "cover_m2_km2": 14250.0, "h3": "88316c5745fffff", "valid_frac_scene": 0.998, "wind_ms": 2.0, "sea": "спокойное", "scene_reliable": true, "field_event_id": "S4:DOORS3:T23", "field_profile": "B", "field_date": "2024-06-10", "field_distance_km": 6966.9, "field_date_gap_days": 747, "field_conc_items_km2": 102.37, "conc_A_items_km2": null, "conc_A_lo80": null, "conc_A_hi80": null, "conc_A_lo95": null, "conc_A_hi95": null, "conc_A_status": "unavailable", "conc_A_status_ru": "концентрация недоступна", "conc_A_reasons": "вне бассейна профиля: nw_atlantic_subtropical", "conc_A_model": "conc-A-c6bce5631d2b", "conc_B_items_km2": null, "conc_B_lo80": null, "conc_B_hi80": null, "conc_B_lo95": null, "conc_B_hi95": null, "conc_B_status": "unavailable", "conc_B_status_ru": "концентрация недоступна", "conc_B_reasons": "вне бассейна профиля: black_sea", "conc_B_model": "conc-B-c6bce5631d2b"}}, {"type": "Feature", "geometry": {"type": "Polygon", "coordinates": [[[131.7812472396182, 43.25518876547545], [131.7812431432594, 43.25509882486917], [131.7811200909402, 43.25510181888057], [131.7811159947809, 43.255011878263204], [131.78123904691944, 43.25500888426115], [131.78123495059836, 43.2549189436514], [131.78148515113975, 43.25500289586044], [131.78148924784108, 43.25509283644975], [131.78136619555966, 43.25509583072556], [131.78137029209918, 43.25518577132248], [131.7812472396182, 43.25518876547545]]]}, "properties": {"zone_id": "vladivostok-2026-06-27-005", "aoi": "vladivostok", "date": "2026-06-27", "scene_id": "S2B_MSIL2A_20260627T020649_R103_T52TGN_20260627T041901", "scene_datetime_utc": "2026-06-27T02:06:49.024000+00:00", "detection_status": "detected", "detection_status_ru": "обнаружено", "lon": 131.7813, "lat": 43.25505, "n_pixels": 1, "zone_area_km2": 0.0005, "cover_m2": 5.9, "p_mean": 0.91, "p_max": 0.91, "cover_m2_km2": 11800.0, "h3": "88316c5745fffff", "valid_frac_scene": 0.998, "wind_ms": 2.0, "sea": "спокойное", "scene_reliable": true, "field_event_id": "S4:DOORS3:T23", "field_profile": "B", "field_date": "2024-06-10", "field_distance_km": 6966.9, "field_date_gap_days": 747, "field_conc_items_km2": 102.37, "conc_A_items_km2": null, "conc_A_lo80": null, "conc_A_hi80": null, "conc_A_lo95": null, "conc_A_hi95": null, "conc_A_status": "unavailable", "conc_A_status_ru": "концентрация недоступна", "conc_A_reasons": "вне бассейна профиля: nw_atlantic_subtropical", "conc_A_model": "conc-A-c6bce5631d2b", "conc_B_items_km2": null, "conc_B_lo80": null, "conc_B_hi80": null, "conc_B_lo95": null, "conc_B_hi95": null, "conc_B_status": "unavailable", "conc_B_status_ru": "концентрация недоступна", "conc_B_reasons": "вне бассейна профиля: black_sea", "conc_B_model": "conc-B-c6bce5631d2b"}}, {"type": "Feature", "geometry": {"type": "Polygon", "coordinates": [[[131.95945931637632, 43.25179388255336], [131.9594549582796, 43.25170395594546], [131.95933193201884, 43.25170714144307], [131.95932757412274, 43.25161721482344], [131.95945060020296, 43.25161402933577], [131.9594462421464, 43.251524102724325], [131.95969665230314, 43.251607657964065], [131.95970101074082, 43.25169758455386], [131.95957798452025, 43.251700770315715], [131.9595823427975, 43.25179069691366], [131.95945931637632, 43.25179388255336]]]}, "properties": {"zone_id": "vladivostok-2026-06-27-006", "aoi": "vladivostok", "date": "2026-06-27", "scene_id": "S2B_MSIL2A_20260627T020649_R103_T52TGN_20260627T041901", "scene_datetime_utc": "2026-06-27T02:06:49.024000+00:00", "detection_status": "detected", "detection_status_ru": "обнаружено", "lon": 131.95951, "lat": 43.25166, "n_pixels": 1, "zone_area_km2": 0.0005, "cover_m2": 2.7, "p_mean": 0.949, "p_max": 0.949, "cover_m2_km2": 5400.0, "h3": "88316c1867fffff", "valid_frac_scene": 0.998, "wind_ms": 2.0, "sea": "спокойное", "scene_reliable": true, "field_event_id": "S4:DOORS3:T23", "field_profile": "B", "field_date": "2024-06-10", "field_distance_km": 6979.1, "field_date_gap_days": 747, "field_conc_items_km2": 102.37, "conc_A_items_km2": null, "conc_A_lo80": null, "conc_A_hi80": null, "conc_A_lo95": null, "conc_A_hi95": null, "conc_A_status": "unavailable", "conc_A_status_ru": "концентрация недоступна", "conc_A_reasons": "вне бассейна профиля: nw_atlantic_subtropical", "conc_A_model": "conc-A-c6bce5631d2b", "conc_B_items_km2": null, "conc_B_lo80": null, "conc_B_hi80": null, "conc_B_lo95": null, "conc_B_hi95": null, "conc_B_status": "unavailable", "conc_B_status_ru": "концентрация недоступна", "conc_B_reasons": "вне бассейна профиля: black_sea", "conc_B_model": "conc-B-c6bce5631d2b"}}, {"type": "Feature", "geometry": {"type": "MultiPolygon", "coordinates": [[[[131.96086587030845, 43.25031682212892], [131.96074284699662, 43.25032000906267], [131.9607384872358, 43.25023008253589], [131.96061546408438, 43.250233269327566], [131.96061110452416, 43.250143342789066], [131.96036505852203, 43.250149715956155], [131.9603694177212, 43.250239642514565], [131.9602463945095, 43.250242828909904], [131.9602507535483, 43.25033275547649], [131.96037377694054, 43.25032956907121], [131.96037813617994, 43.250419495626076], [131.9606241832651, 43.25041312239925], [131.96062854288564, 43.25050304893244], [131.9607515665786, 43.2504998621109], [131.96074720677757, 43.25040993558767], [131.96087023026988, 43.25040674864396], [131.96086587030845, 43.25031682212892]]], [[[131.9608789502531, 43.25058660166874], [131.96112935828228, 43.25067015383498], [131.9611249978995, 43.25058022734517], [131.96124802169254, 43.25057703998521], [131.9612393006263, 43.25039718702018], [131.96098889360016, 43.250313635063065], [131.96099325374212, 43.250403561568156], [131.96087023026988, 43.25040674864396], [131.9608789502531, 43.25058660166874]]]]}, "properties": {"zone_id": "vladivostok-2026-06-27-007", "aoi": "vladivostok", "date": "2026-06-27", "scene_id": "S2B_MSIL2A_20260627T020649_R103_T52TGN_20260627T041901", "scene_datetime_utc": "2026-06-27T02:06:49.024000+00:00", "detection_status": "detected", "detection_status_ru": "обнаружено", "lon": 131.96076, "lat": 43.25038, "n_pixels": 5, "zone_area_km2": 0.0019, "cover_m2": 13.7, "p_mean": 0.809, "p_max": 0.937, "cover_m2_km2": 7210.5, "h3": "88316c1867fffff", "valid_frac_scene": 0.998, "wind_ms": 2.0, "sea": "спокойное", "scene_reliable": true, "field_event_id": "S4:DOORS3:T23", "field_profile": "B", "field_date": "2024-06-10", "field_distance_km": 6979.3, "field_date_gap_days": 747, "field_conc_items_km2": 102.37, "conc_A_items_km2": null, "conc_A_lo80": null, "conc_A_hi80": null, "conc_A_lo95": null, "conc_A_hi95": null, "conc_A_status": "unavailable", "conc_A_status_ru": "концентрация недоступна", "conc_A_reasons": "вне бассейна профиля: nw_atlantic_subtropical", "conc_A_model": "conc-A-c6bce5631d2b", "conc_B_items_km2": null, "conc_B_lo80": null, "conc_B_hi80": null, "conc_B_lo95": null, "conc_B_hi95": null, "conc_B_status": "unavailable", "conc_B_status_ru": "концентрация недоступна", "conc_B_reasons": "вне бассейна профиля: black_sea", "conc_B_model": "conc-B-c6bce5631d2b"}}, {"type": "Feature", "geometry": {"type": "Polygon", "coordinates": [[[131.95987732475376, 43.250252387303206], [131.9598729662766, 43.25016246070497], [131.95962256193724, 43.25007890566679], [131.95961820386125, 43.24998897904513], [131.95974122663196, 43.24998579334023], [131.9597368683956, 43.24989586672673], [131.95998291351566, 43.249889494940504], [131.95998727211304, 43.24997942153409], [131.9601102948234, 43.24997623543285], [131.9601190124395, 43.250156088594785], [131.95987732475376, 43.250252387303206]]]}, "properties": {"zone_id": "vladivostok-2026-06-27-008", "aoi": "vladivostok", "date": "2026-06-27", "scene_id": "S2B_MSIL2A_20260627T020649_R103_T52TGN_20260627T041901", "scene_datetime_utc": "2026-06-27T02:06:49.024000+00:00", "detection_status": "detected", "detection_status_ru": "обнаружено", "lon": 131.95989, "lat": 43.25006, "n_pixels": 3, "zone_area_km2": 0.001, "cover_m2": 7.5, "p_mean": 0.735, "p_max": 0.863, "cover_m2_km2": 7500.0, "h3": "88316c1867fffff", "valid_frac_scene": 0.998, "wind_ms": 2.0, "sea": "спокойное", "scene_reliable": true, "field_event_id": "S4:DOORS3:T23", "field_profile": "B", "field_date": "2024-06-10", "field_distance_km": 6979.2, "field_date_gap_days": 747, "field_conc_items_km2": 102.37, "conc_A_items_km2": null, "conc_A_lo80": null, "conc_A_hi80": null, "conc_A_lo95": null, "conc_A_hi95": null, "conc_A_status": "unavailable", "conc_A_status_ru": "концентрация недоступна", "conc_A_reasons": "вне бассейна профиля: nw_atlantic_subtropical", "conc_A_model": "conc-A-c6bce5631d2b", "conc_B_items_km2": null, "conc_B_lo80": null, "conc_B_hi80": null, "conc_B_lo95": null, "conc_B_hi95": null, "conc_B_status": "unavailable", "conc_B_status_ru": "концентрация недоступна", "conc_B_reasons": "вне бассейна профиля: black_sea", "conc_B_model": "conc-B-c6bce5631d2b"}}, {"type": "Feature", "geometry": {"type": "Polygon", "coordinates": [[[131.7895930949164, 43.238327927693156], [131.7895889886929, 43.238237987459584], [131.78946597118187, 43.23824098951799], [131.78946186515782, 43.23815104927331], [131.78958488248838, 43.2381480472243], [131.78958077630276, 43.23805810698726], [131.7898268105461, 43.238052102511624], [131.7898309170927, 43.23814204272989], [131.78995393436645, 43.2381390402845], [131.78995804111253, 43.23822898049165], [131.78983502365827, 43.23823198294642], [131.78983913024274, 43.23832192316122], [131.7895930949164, 43.238327927693156]]]}, "properties": {"zone_id": "vladivostok-2026-06-27-009", "aoi": "vladivostok", "date": "2026-06-27", "scene_id": "S2B_MSIL2A_20260627T020649_R103_T52TGN_20260627T041901", "scene_datetime_utc": "2026-06-27T02:06:49.024000+00:00", "detection_status": "detected", "detection_status_ru": "обнаружено", "lon": 131.78971, "lat": 43.23819, "n_pixels": 2, "zone_area_km2": 0.0008, "cover_m2": 10.2, "p_mean": 0.79, "p_max": 1.0, "cover_m2_km2": 12750.0, "h3": "88316c5709fffff", "valid_frac_scene": 0.998, "wind_ms": 2.0, "sea": "спокойное", "scene_reliable": true, "field_event_id": "S4:DOORS3:T23", "field_profile": "B", "field_date": "2024-06-10", "field_distance_km": 6968.5, "field_date_gap_days": 747, "field_conc_items_km2": 102.37, "conc_A_items_km2": null, "conc_A_lo80": null, "conc_A_hi80": null, "conc_A_lo95": null, "conc_A_hi95": null, "conc_A_status": "unavailable", "conc_A_status_ru": "концентрация недоступна", "conc_A_reasons": "вне бассейна профиля: nw_atlantic_subtropical", "conc_A_model": "conc-A-c6bce5631d2b", "conc_B_items_km2": null, "conc_B_lo80": null, "conc_B_hi80": null, "conc_B_lo95": null, "conc_B_hi95": null, "conc_B_status": "unavailable", "conc_B_status_ru": "концентрация недоступна", "conc_B_reasons": "вне бассейна профиля: black_sea", "conc_B_model": "conc-B-c6bce5631d2b"}}, {"type": "Feature", "geometry": {"type": "Polygon", "coordinates": [[[131.81395726490166, 43.23520961237137], [131.81395312329414, 43.23511967396388], [131.8138301146205, 43.23512270204821], [131.81382183182362, 43.23494282520909], [131.81394484013632, 43.23493979714369], [131.81394069858604, 43.234849858730975], [131.81418671479327, 43.2348438022228], [131.81419085670444, 43.23493374061658], [131.81431386495987, 43.234930712154885], [131.81432214920045, 43.23511058891832], [131.81419914058412, 43.23511361739894], [131.8142032825526, 43.2352035557875], [131.81395726490166, 43.23520961237137]]]}, "properties": {"zone_id": "vladivostok-2026-06-27-010", "aoi": "vladivostok", "date": "2026-06-27", "scene_id": "S2B_MSIL2A_20260627T020649_R103_T52TGN_20260627T041901", "scene_datetime_utc": "2026-06-27T02:06:49.024000+00:00", "detection_status": "detected", "detection_status_ru": "обнаружено", "lon": 131.81407, "lat": 43.23503, "n_pixels": 4, "zone_area_km2": 0.0012, "cover_m2": 21.2, "p_mean": 0.989, "p_max": 0.996, "cover_m2_km2": 17666.7, "h3": "88316c5753fffff", "valid_frac_scene": 0.998, "wind_ms": 2.0, "sea": "спокойное", "scene_reliable": true, "field_event_id": "S4:DOORS3:T23", "field_profile": "B", "field_date": "2024-06-10", "field_distance_km": 6970.4, "field_date_gap_days": 747, "field_conc_items_km2": 102.37, "conc_A_items_km2": null, "conc_A_lo80": null, "conc_A_hi80": null, "conc_A_lo95": null, "conc_A_hi95": null, "conc_A_status": "unavailable", "conc_A_status_ru": "концентрация недоступна", "conc_A_reasons": "вне бассейна профиля: nw_atlantic_subtropical", "conc_A_model": "conc-A-c6bce5631d2b", "conc_B_items_km2": null, "conc_B_lo80": null, "conc_B_hi80": null, "conc_B_lo95": null, "conc_B_hi95": null, "conc_B_status": "unavailable", "conc_B_status_ru": "концентрация недоступна", "conc_B_reasons": "вне бассейна профиля: black_sea", "conc_B_model": "conc-B-c6bce5631d2b"}}, {"type": "Feature", "geometry": {"type": "Polygon", "coordinates": [[[131.78151521410624, 43.23402274990102], [131.7815111203793, 43.23393280898143], [131.78138811068283, 43.233935802116385], [131.78138401715526, 43.23384586118569], [131.78150702667128, 43.233842868060094], [131.78150293298208, 43.233752927137054], [131.78174895159654, 43.23374694050823], [131.78175304564667, 43.23383688141258], [131.78187605510604, 43.23383388789068], [131.78188014935552, 43.23392382878394], [131.78175713971567, 43.233926822315205], [131.78176123380354, 43.234016763216104], [131.78151521410624, 43.23402274990102]]]}, "properties": {"zone_id": "vladivostok-2026-06-27-011", "aoi": "vladivostok", "date": "2026-06-27", "scene_id": "S2B_MSIL2A_20260627T020649_R103_T52TGN_20260627T041901", "scene_datetime_utc": "2026-06-27T02:06:49.024000+00:00", "detection_status": "detected", "detection_status_ru": "обнаружено", "lon": 131.78163, "lat": 43.23388, "n_pixels": 2, "zone_area_km2": 0.0008, "cover_m2": 21.2, "p_mean": 0.541, "p_max": 0.557, "cover_m2_km2": 26500.0, "h3": "88316c5705fffff", "valid_frac_scene": 0.998, "wind_ms": 2.0, "sea": "спокойное", "scene_reliable": true, "field_event_id": "S4:DOORS3:T23", "field_profile": "B", "field_date": "2024-06-10", "field_distance_km": 6968.2, "field_date_gap_days": 747, "field_conc_items_km2": 102.37, "conc_A_items_km2": null, "conc_A_lo80": null, "conc_A_hi80": null, "conc_A_lo95": null, "conc_A_hi95": null, "conc_A_status": "unavailable", "conc_A_status_ru": "концентрация недоступна", "conc_A_reasons": "вне бассейна профиля: nw_atlantic_subtropical", "conc_A_model": "conc-A-c6bce5631d2b", "conc_B_items_km2": null, "conc_B_lo80": null, "conc_B_hi80": null, "conc_B_lo95": null, "conc_B_hi95": null, "conc_B_status": "unavailable", "conc_B_status_ru": "концентрация недоступна", "conc_B_reasons": "вне бассейна профиля: black_sea", "conc_B_model": "conc-B-c6bce5631d2b"}}, {"type": "Feature", "geometry": {"type": "Polygon", "coordinates": [[[131.7880467046508, 43.22332888540798], [131.7880426028504, 43.22323894481941], [131.78791961533994, 43.22324194438743], [131.7879114121566, 43.223062063186376], [131.78803439930633, 43.2230590636371], [131.78803029756267, 43.22296912304334], [131.78827627144463, 43.22296312356738], [131.78828037354904, 43.22305306414239], [131.788403360642, 43.223050064196975], [131.78841156526826, 43.22322994532304], [131.78828857781457, 43.22323294528722], [131.7882926799757, 43.22332288585703], [131.7880467046508, 43.22332888540798]]]}, "properties": {"zone_id": "vladivostok-2026-06-27-012", "aoi": "vladivostok", "date": "2026-06-27", "scene_id": "S2B_MSIL2A_20260627T020649_R103_T52TGN_20260627T041901", "scene_datetime_utc": "2026-06-27T02:06:49.024000+00:00", "detection_status": "detected", "detection_status_ru": "обнаружено", "lon": 131.78816, "lat": 43.22315, "n_pixels": 4, "zone_area_km2": 0.0012, "cover_m2": 14.1, "p_mean": 0.757, "p_max": 0.906, "cover_m2_km2": 11750.0, "h3": "88316c5739fffff", "valid_frac_scene": 0.998, "wind_ms": 2.0, "sea": "спокойное", "scene_reliable": true, "field_event_id": "S4:DOORS3:T23", "field_profile": "B", "field_date": "2024-06-10", "field_distance_km": 6969.3, "field_date_gap_days": 747, "field_conc_items_km2": 102.37, "conc_A_items_km2": null, "conc_A_lo80": null, "conc_A_hi80": null, "conc_A_lo95": null, "conc_A_hi95": null, "conc_A_status": "unavailable", "conc_A_status_ru": "концентрация недоступна", "conc_A_reasons": "вне бассейна профиля: nw_atlantic_subtropical", "conc_A_model": "conc-A-c6bce5631d2b", "conc_B_items_km2": null, "conc_B_lo80": null, "conc_B_hi80": null, "conc_B_lo95": null, "conc_B_hi95": null, "conc_B_status": "unavailable", "conc_B_status_ru": "концентрация недоступна", "conc_B_reasons": "вне бассейна профиля: black_sea", "conc_B_model": "conc-B-c6bce5631d2b"}}, {"type": "Feature", "geometry": {"type": "Polygon", "coordinates": [[[131.83241600063792, 43.18973343941722], [131.83241183849864, 43.18964350172428], [131.8322889231445, 43.18964654710677], [131.83228476120442, 43.18955660940256], [131.83240767637855, 43.18955356402957], [131.83240351427767, 43.18946362633312], [131.83265350666932, 43.18954747288796], [131.83265766914943, 43.18963741056363], [131.83253475383364, 43.18964045620989], [131.8325389161529, 43.18973039389333], [131.83241600063792, 43.18973343941722]]]}, "properties": {"zone_id": "vladivostok-2026-06-27-013", "aoi": "vladivostok", "date": "2026-06-27", "scene_id": "S2B_MSIL2A_20260627T020649_R103_T52TGN_20260627T041901", "scene_datetime_utc": "2026-06-27T02:06:49.024000+00:00", "detection_status": "detected", "detection_status_ru": "обнаружено", "lon": 131.83247, "lat": 43.1896, "n_pixels": 1, "zone_area_km2": 0.0005, "cover_m2": 9.4, "p_mean": 0.973, "p_max": 0.973, "cover_m2_km2": 18800.0, "h3": "88316c540bfffff", "valid_frac_scene": 0.998, "wind_ms": 2.0, "sea": "спокойное", "scene_reliable": true, "field_event_id": "S4:DOORS3:T23", "field_profile": "B", "field_date": "2024-06-10", "field_distance_km": 6974.4, "field_date_gap_days": 747, "field_conc_items_km2": 102.37, "conc_A_items_km2": null, "conc_A_lo80": null, "conc_A_hi80": null, "conc_A_lo95": null, "conc_A_hi95": null, "conc_A_status": "unavailable", "conc_A_status_ru": "концентрация недоступна", "conc_A_reasons": "вне бассейна профиля: nw_atlantic_subtropical", "conc_A_model": "conc-A-c6bce5631d2b", "conc_B_items_km2": null, "conc_B_lo80": null, "conc_B_hi80": null, "conc_B_lo95": null, "conc_B_hi95": null, "conc_B_status": "unavailable", "conc_B_status_ru": "концентрация недоступна", "conc_B_reasons": "вне бассейна профиля: black_sea", "conc_B_model": "conc-B-c6bce5631d2b"}}, {"type": "Feature", "geometry": {"type": "Polygon", "coordinates": [[[131.82441399980036, 43.189661300642136], [131.82440984942073, 43.18957136232628], [131.8242869333616, 43.18957439910783], [131.82428278318113, 43.18948446078076], [131.82440569906024, 43.18948142400868], [131.82440154871884, 43.18939148568936], [131.824651530761, 43.18947535006891], [131.82465568148157, 43.18956528836753], [131.8245327654607, 43.18956832541284], [131.82453691602038, 43.1896582637192], [131.82441399980036, 43.189661300642136]]]}, "properties": {"zone_id": "vladivostok-2026-06-27-014", "aoi": "vladivostok", "date": "2026-06-27", "scene_id": "S2B_MSIL2A_20260627T020649_R103_T52TGN_20260627T041901", "scene_datetime_utc": "2026-06-27T02:06:49.024000+00:00", "detection_status": "detected", "detection_status_ru": "обнаружено", "lon": 131.82447, "lat": 43.18952, "n_pixels": 1, "zone_area_km2": 0.0005, "cover_m2": 7.1, "p_mean": 0.996, "p_max": 0.996, "cover_m2_km2": 14200.0, "h3": "88316c5401fffff", "valid_frac_scene": 0.998, "wind_ms": 2.0, "sea": "спокойное", "scene_reliable": true, "field_event_id": "S4:DOORS3:T23", "field_profile": "B", "field_date": "2024-06-10", "field_distance_km": 6973.9, "field_date_gap_days": 747, "field_conc_items_km2": 102.37, "conc_A_items_km2": null, "conc_A_lo80": null, "conc_A_hi80": null, "conc_A_lo95": null, "conc_A_hi95": null, "conc_A_status": "unavailable", "conc_A_status_ru": "концентрация недоступна", "conc_A_reasons": "вне бассейна профиля: nw_atlantic_subtropical", "conc_A_model": "conc-A-c6bce5631d2b", "conc_B_items_km2": null, "conc_B_lo80": null, "conc_B_hi80": null, "conc_B_lo95": null, "conc_B_hi95": null, "conc_B_status": "unavailable", "conc_B_status_ru": "концентрация недоступна", "conc_B_reasons": "вне бассейна профиля: black_sea", "conc_B_model": "conc-B-c6bce5631d2b"}}, {"type": "Feature", "geometry": {"type": "Polygon", "coordinates": [[[131.81497781211166, 43.179809460150594], [131.81497367700982, 43.179719520948474], [131.8148507797162, 43.17972254704304], [131.8148466448134, 43.17963260782973], [131.81496954192704, 43.179629581744614], [131.81496540686334, 43.17953964253903], [131.81521533609717, 43.179623529178855], [131.81521947153988, 43.1797134683638], [131.81509657428438, 43.17971649472206], [131.81510070956617, 43.17980643391472], [131.81497781211166, 43.179809460150594]]]}, "properties": {"zone_id": "vladivostok-2026-06-27-015", "aoi": "vladivostok", "date": "2026-06-27", "scene_id": "S2B_MSIL2A_20260627T020649_R103_T52TGN_20260627T041901", "scene_datetime_utc": "2026-06-27T02:06:49.024000+00:00", "detection_status": "detected", "detection_status_ru": "обнаружено", "lon": 131.81503, "lat": 43.17967, "n_pixels": 1, "zone_area_km2": 0.0005, "cover_m2": 1.6, "p_mean": 0.765, "p_max": 0.765, "cover_m2_km2": 3200.0, "h3": "88316c5407fffff", "valid_frac_scene": 0.998, "wind_ms": 2.0, "sea": "спокойное", "scene_reliable": true, "field_event_id": "S4:DOORS3:T23", "field_profile": "B", "field_date": "2024-06-10", "field_distance_km": 6973.8, "field_date_gap_days": 747, "field_conc_items_km2": 102.37, "conc_A_items_km2": null, "conc_A_lo80": null, "conc_A_hi80": null, "conc_A_lo95": null, "conc_A_hi95": null, "conc_A_status": "unavailable", "conc_A_status_ru": "концентрация недоступна", "conc_A_reasons": "вне бассейна профиля: nw_atlantic_subtropical", "conc_A_model": "conc-A-c6bce5631d2b", "conc_B_items_km2": null, "conc_B_lo80": null, "conc_B_hi80": null, "conc_B_lo95": null, "conc_B_hi95": null, "conc_B_status": "unavailable", "conc_B_status_ru": "концентрация недоступна", "conc_B_reasons": "вне бассейна профиля: black_sea", "conc_B_model": "conc-B-c6bce5631d2b"}}, {"type": "Feature", "geometry": {"type": "Polygon", "coordinates": [[[131.70489730254343, 43.1778748382056], [131.70489332929245, 43.17778489062664], [131.70477042447476, 43.17778779836788], [131.7047664514221, 43.17769785077811], [131.7048893560598, 43.17769494304596], [131.70488538284542, 43.17760499546357], [131.70513516528024, 43.17768912718603], [131.7051391388729, 43.177779074748535], [131.70501623409183, 43.177781982753515], [131.7050202075228, 43.17787193032339], [131.70489730254343, 43.1778748382056]]]}, "properties": {"zone_id": "vladivostok-2026-06-27-016", "aoi": "vladivostok", "date": "2026-06-27", "scene_id": "S2B_MSIL2A_20260627T020649_R103_T52TGN_20260627T041901", "scene_datetime_utc": "2026-06-27T02:06:49.024000+00:00", "detection_status": "detected", "detection_status_ru": "обнаружено", "lon": 131.70495, "lat": 43.17774, "n_pixels": 1, "zone_area_km2": 0.0005, "cover_m2": 2.7, "p_mean": 0.957, "p_max": 0.957, "cover_m2_km2": 5400.0, "h3": "88316c420bfffff", "valid_frac_scene": 0.998, "wind_ms": 2.0, "sea": "спокойное", "scene_reliable": true, "field_event_id": "S4:DOORS3:T23", "field_profile": "B", "field_date": "2024-06-10", "field_distance_km": 6966.5, "field_date_gap_days": 747, "field_conc_items_km2": 102.37, "conc_A_items_km2": null, "conc_A_lo80": null, "conc_A_hi80": null, "conc_A_lo95": null, "conc_A_hi95": null, "conc_A_status": "unavailable", "conc_A_status_ru": "концентрация недоступна", "conc_A_reasons": "вне бассейна профиля: nw_atlantic_subtropical", "conc_A_model": "conc-A-c6bce5631d2b", "conc_B_items_km2": null, "conc_B_lo80": null, "conc_B_hi80": null, "conc_B_lo95": null, "conc_B_hi95": null, "conc_B_status": "unavailable", "conc_B_status_ru": "концентрация недоступна", "conc_B_reasons": "вне бассейна профиля: black_sea", "conc_B_model": "conc-B-c6bce5631d2b"}}, {"type": "Feature", "geometry": {"type": "Polygon", "coordinates": [[[131.7039098725431, 43.175016864276756], [131.70390590113786, 43.17492691657936], [131.7037830019516, 43.17492982310682], [131.7037790307446, 43.174839875398646], [131.7039019297509, 43.17483696888026], [131.70389795838227, 43.174747021179435], [131.70414772770863, 43.174831155447905], [131.7041516994555, 43.174921103128845], [131.70402880030585, 43.17492400992003], [131.70403277189104, 43.17501395760835], [131.7039098725431, 43.175016864276756]]]}, "properties": {"zone_id": "vladivostok-2026-06-27-017", "aoi": "vladivostok", "date": "2026-06-27", "scene_id": "S2B_MSIL2A_20260627T020649_R103_T52TGN_20260627T041901", "scene_datetime_utc": "2026-06-27T02:06:49.024000+00:00", "detection_status": "detected", "detection_status_ru": "обнаружено", "lon": 131.70397, "lat": 43.17488, "n_pixels": 1, "zone_area_km2": 0.0005, "cover_m2": 5.9, "p_mean": 0.745, "p_max": 0.745, "cover_m2_km2": 11800.0, "h3": "88316c421dfffff", "valid_frac_scene": 0.998, "wind_ms": 2.0, "sea": "спокойное", "scene_reliable": true, "field_event_id": "S4:DOORS3:T23", "field_profile": "B", "field_date": "2024-06-10", "field_distance_km": 6966.6, "field_date_gap_days": 747, "field_conc_items_km2": 102.37, "conc_A_items_km2": null, "conc_A_lo80": null, "conc_A_hi80": null, "conc_A_lo95": null, "conc_A_hi95": null, "conc_A_status": "unavailable", "conc_A_status_ru": "концентрация недоступна", "conc_A_reasons": "вне бассейна профиля: nw_atlantic_subtropical", "conc_A_model": "conc-A-c6bce5631d2b", "conc_B_items_km2": null, "conc_B_lo80": null, "conc_B_hi80": null, "conc_B_lo95": null, "conc_B_hi95": null, "conc_B_status": "unavailable", "conc_B_status_ru": "концентрация недоступна", "conc_B_reasons": "вне бассейна профиля: black_sea", "conc_B_model": "conc-B-c6bce5631d2b"}}, {"type": "Feature", "geometry": {"type": "Polygon", "coordinates": [[[131.70324376038627, 43.173862074850845], [131.70323979011877, 43.173772127085755], [131.70311689318058, 43.17377503283589], [131.7031089530604, 43.17359513728243], [131.70335077580606, 43.173499377925516], [131.7033547461986, 43.17358932568666], [131.7034776427403, 43.173586419691], [131.70348558394025, 43.17376631518995], [131.70324376038627, 43.173862074850845]]]}, "properties": {"zone_id": "vladivostok-2026-06-27-018", "aoi": "vladivostok", "date": "2026-06-27", "scene_id": "S2B_MSIL2A_20260627T020649_R103_T52TGN_20260627T041901", "scene_datetime_utc": "2026-06-27T02:06:49.024000+00:00", "detection_status": "detected", "detection_status_ru": "обнаружено", "lon": 131.7033, "lat": 43.17368, "n_pixels": 2, "zone_area_km2": 0.0008, "cover_m2": 19.6, "p_mean": 0.778, "p_max": 0.91, "cover_m2_km2": 24500.0, "h3": "88316c421dfffff", "valid_frac_scene": 0.998, "wind_ms": 2.0, "sea": "спокойное", "scene_reliable": true, "field_event_id": "S4:DOORS3:T23", "field_profile": "B", "field_date": "2024-06-10", "field_distance_km": 6966.7, "field_date_gap_days": 747, "field_conc_items_km2": 102.37, "conc_A_items_km2": null, "conc_A_lo80": null, "conc_A_hi80": null, "conc_A_lo95": null, "conc_A_hi95": null, "conc_A_status": "unavailable", "conc_A_status_ru": "концентрация недоступна", "conc_A_reasons": "вне бассейна профиля: nw_atlantic_subtropical", "conc_A_model": "conc-A-c6bce5631d2b", "conc_B_items_km2": null, "conc_B_lo80": null, "conc_B_hi80": null, "conc_B_lo95": null, "conc_B_hi95": null, "conc_B_status": "unavailable", "conc_B_status_ru": "концентрация недоступна", "conc_B_reasons": "вне бассейна профиля: black_sea", "conc_B_model": "conc-B-c6bce5631d2b"}}, {"type": "Feature", "geometry": {"type": "MultiPolygon", "coordinates": [[[[131.70268866123675, 43.1724345320686], [131.70281155553047, 43.172431626850226], [131.70280758609556, 43.1723416790305], [131.70268469198177, 43.172344584239795], [131.70267278432667, 43.172074740743085], [131.70242302830206, 43.17199060285785], [131.70242699712398, 43.17208055071167], [131.70230410349518, 43.17208345549818], [131.70231600953073, 43.17235329907659], [131.70256576692475, 43.172437437155125], [131.70256973601803, 43.1725273849913], [131.70269263051, 43.17252447989569], [131.70268866123675, 43.1724345320686]]], [[[131.70269659980156, 43.17261442772108], [131.70257370512962, 43.17261733282576], [131.70257767425952, 43.1727072806585], [131.70270056911139, 43.17270437554474], [131.70270850778593, 43.172884271186945], [131.7028314029794, 43.172881365923175], [131.7028433116683, 43.17315120934638], [131.70296620738333, 43.173148303923526], [131.70297017716285, 43.17323825171875], [131.70321596889798, 43.17323244045933], [131.70321199875858, 43.17314249268226], [131.70333489441876, 43.173139586863854], [131.70333092411767, 43.17304963909415], [131.70320802863745, 43.17305254490348], [131.70320008845007, 43.172872649340775], [131.7030771933115, 43.17287555500009], [131.7030692535572, 43.17269565941238], [131.70294635876022, 43.17269856492168], [131.70294238909048, 43.172608617116175], [131.70281949445516, 43.172611522484544], [131.70281552498366, 43.172521574668245], [131.70269263051, 43.17252447989569], [131.70269659980156, 43.17261442772108]]]]}, "properties": {"zone_id": "vladivostok-2026-06-27-019", "aoi": "vladivostok", "date": "2026-06-27", "scene_id": "S2B_MSIL2A_20260627T020649_R103_T52TGN_20260627T041901", "scene_datetime_utc": "2026-06-27T02:06:49.024000+00:00", "detection_status": "detected", "detection_status_ru": "обнаружено", "lon": 131.70281, "lat": 43.17267, "n_pixels": 11, "zone_area_km2": 0.0036, "cover_m2": 100.4, "p_mean": 0.818, "p_max": 0.98, "cover_m2_km2": 27888.9, "h3": "88316c421dfffff", "valid_frac_scene": 0.998, "wind_ms": 2.0, "sea": "спокойное", "scene_reliable": true, "field_event_id": "S4:DOORS3:T23", "field_profile": "B", "field_date": "2024-06-10", "field_distance_km": 6966.7, "field_date_gap_days": 747, "field_conc_items_km2": 102.37, "conc_A_items_km2": null, "conc_A_lo80": null, "conc_A_hi80": null, "conc_A_lo95": null, "conc_A_hi95": null, "conc_A_status": "unavailable", "conc_A_status_ru": "концентрация недоступна", "conc_A_reasons": "вне бассейна профиля: nw_atlantic_subtropical", "conc_A_model": "conc-A-c6bce5631d2b", "conc_B_items_km2": null, "conc_B_lo80": null, "conc_B_hi80": null, "conc_B_lo95": null, "conc_B_hi95": null, "conc_B_status": "unavailable", "conc_B_status_ru": "концентрация недоступна", "conc_B_reasons": "вне бассейна профиля: black_sea", "conc_B_model": "conc-B-c6bce5631d2b"}}, {"type": "Feature", "geometry": {"type": "Polygon", "coordinates": [[[131.70774321898458, 43.17267509980871], [131.70773924227842, 43.172585152359346], [131.70761634817725, 43.17258806287886], [131.7076083951798, 43.17240816795678], [131.70785020581292, 43.17231239937688], [131.70785418264404, 43.17240234682229], [131.7079770763487, 43.17239943605727], [131.70798503042582, 43.17257933092476], [131.70774321898458, 43.17267509980871]]]}, "properties": {"zone_id": "vladivostok-2026-06-27-020", "aoi": "vladivostok", "date": "2026-06-27", "scene_id": "S2B_MSIL2A_20260627T020649_R103_T52TGN_20260627T041901", "scene_datetime_utc": "2026-06-27T02:06:49.024000+00:00", "detection_status": "detected", "detection_status_ru": "обнаружено", "lon": 131.7078, "lat": 43.17249, "n_pixels": 2, "zone_area_km2": 0.0008, "cover_m2": 8.6, "p_mean": 0.79, "p_max": 0.871, "cover_m2_km2": 10750.0, "h3": "88316c421dfffff", "valid_frac_scene": 0.998, "wind_ms": 2.0, "sea": "спокойное", "scene_reliable": true, "field_event_id": "S4:DOORS3:T23", "field_profile": "B", "field_date": "2024-06-10", "field_distance_km": 6967.0, "field_date_gap_days": 747, "field_conc_items_km2": 102.37, "conc_A_items_km2": null, "conc_A_lo80": null, "conc_A_hi80": null, "conc_A_lo95": null, "conc_A_hi95": null, "conc_A_status": "unavailable", "conc_A_status_ru": "концентрация недоступна", "conc_A_reasons": "вне бассейна профиля: nw_atlantic_subtropical", "conc_A_model": "conc-A-c6bce5631d2b", "conc_B_items_km2": null, "conc_B_lo80": null, "conc_B_hi80": null, "conc_B_lo95": null, "conc_B_hi95": null, "conc_B_status": "unavailable", "conc_B_status_ru": "концентрация недоступна", "conc_B_reasons": "вне бассейна профиля: black_sea", "conc_B_model": "conc-B-c6bce5631d2b"}}, {"type": "Feature", "geometry": {"type": "Polygon", "coordinates": [[[131.70203450676473, 43.17154957736369], [131.7020305385924, 43.171459629472366], [131.70190764616837, 43.17146253379981], [131.70190367819424, 43.17137258589769], [131.70202657043836, 43.17136968157933], [131.70202260230258, 43.17127973368457], [131.70227235487167, 43.17136387254707], [131.7022763233856, 43.17145382042195], [131.70215343099815, 43.17145672501308], [131.70215739935043, 43.171546672895325], [131.70203450676473, 43.17154957736369]]]}, "properties": {"zone_id": "vladivostok-2026-06-27-021", "aoi": "vladivostok", "date": "2026-06-27", "scene_id": "S2B_MSIL2A_20260627T020649_R103_T52TGN_20260627T041901", "scene_datetime_utc": "2026-06-27T02:06:49.024000+00:00", "detection_status": "detected", "detection_status_ru": "обнаружено", "lon": 131.70209, "lat": 43.17141, "n_pixels": 1, "zone_area_km2": 0.0005, "cover_m2": 9.0, "p_mean": 0.576, "p_max": 0.576, "cover_m2_km2": 18000.0, "h3": "88316c4203fffff", "valid_frac_scene": 0.998, "wind_ms": 2.0, "sea": "спокойное", "scene_reliable": true, "field_event_id": "S4:DOORS3:T23", "field_profile": "B", "field_date": "2024-06-10", "field_distance_km": 6966.7, "field_date_gap_days": 747, "field_conc_items_km2": 102.37, "conc_A_items_km2": null, "conc_A_lo80": null, "conc_A_hi80": null, "conc_A_lo95": null, "conc_A_hi95": null, "conc_A_status": "unavailable", "conc_A_status_ru": "концентрация недоступна", "conc_A_reasons": "вне бассейна профиля: nw_atlantic_subtropical", "conc_A_model": "conc-A-c6bce5631d2b", "conc_B_items_km2": null, "conc_B_lo80": null, "conc_B_hi80": null, "conc_B_lo95": null, "conc_B_hi95": null, "conc_B_status": "unavailable", "conc_B_status_ru": "концентрация недоступна", "conc_B_reasons": "вне бассейна профиля: black_sea", "conc_B_model": "conc-B-c6bce5631d2b"}}, {"type": "Feature", "geometry": {"type": "Polygon", "coordinates": [[[131.80856390141068, 43.17141330827403], [131.80855977693253, 43.171323368444114], [131.80843689579822, 43.17132638718204], [131.808432771519, 43.17123644734094], [131.80855565247342, 43.17123342861244], [131.8085515280333, 43.17114348877905], [131.80880141432527, 43.17122739076004], [131.80880553914415, 43.17131733057284], [131.80868265804784, 43.17132034957438], [131.80868678270585, 43.17141028939486], [131.80856390141068, 43.17141330827403]]]}, "properties": {"zone_id": "vladivostok-2026-06-27-022", "aoi": "vladivostok", "date": "2026-06-27", "scene_id": "S2B_MSIL2A_20260627T020649_R103_T52TGN_20260627T041901", "scene_datetime_utc": "2026-06-27T02:06:49.024000+00:00", "detection_status": "detected", "detection_status_ru": "обнаружено", "lon": 131.80862, "lat": 43.17128, "n_pixels": 1, "zone_area_km2": 0.0005, "cover_m2": 4.7, "p_mean": 0.82, "p_max": 0.82, "cover_m2_km2": 9400.0, "h3": "88316c5423fffff", "valid_frac_scene": 0.998, "wind_ms": 2.0, "sea": "спокойное", "scene_reliable": true, "field_event_id": "S4:DOORS3:T23", "field_profile": "B", "field_date": "2024-06-10", "field_distance_km": 6973.9, "field_date_gap_days": 747, "field_conc_items_km2": 102.37, "conc_A_items_km2": null, "conc_A_lo80": null, "conc_A_hi80": null, "conc_A_lo95": null, "conc_A_hi95": null, "conc_A_status": "unavailable", "conc_A_status_ru": "концентрация недоступна", "conc_A_reasons": "вне бассейна профиля: nw_atlantic_subtropical", "conc_A_model": "conc-A-c6bce5631d2b", "conc_B_items_km2": null, "conc_B_lo80": null, "conc_B_hi80": null, "conc_B_lo95": null, "conc_B_hi95": null, "conc_B_status": "unavailable", "conc_B_status_ru": "концентрация недоступна", "conc_B_reasons": "вне бассейна профиля: black_sea", "conc_B_model": "conc-B-c6bce5631d2b"}}, {"type": "Feature", "geometry": {"type": "Polygon", "coordinates": [[[131.70780248526887, 43.171233029898204], [131.70779850867598, 43.17114308243049], [131.7076756174722, 43.17114599293632], [131.70766766470126, 43.1709660979776], [131.70790946965292, 43.17087032940673], [131.70791344637075, 43.17096027687048], [131.70803633717802, 43.17095736611916], [131.70804429102856, 43.17113726102331], [131.70780248526887, 43.171233029898204]]]}, "properties": {"zone_id": "vladivostok-2026-06-27-023", "aoi": "vladivostok", "date": "2026-06-27", "scene_id": "S2B_MSIL2A_20260627T020649_R103_T52TGN_20260627T041901", "scene_datetime_utc": "2026-06-27T02:06:49.024000+00:00", "detection_status": "detected", "detection_status_ru": "обнаружено", "lon": 131.70786, "lat": 43.17105, "n_pixels": 2, "zone_area_km2": 0.0008, "cover_m2": 7.1, "p_mean": 0.845, "p_max": 0.969, "cover_m2_km2": 8875.0, "h3": "88316c421dfffff", "valid_frac_scene": 0.998, "wind_ms": 2.0, "sea": "спокойное", "scene_reliable": true, "field_event_id": "S4:DOORS3:T23", "field_profile": "B", "field_date": "2024-06-10", "field_distance_km": 6967.1, "field_date_gap_days": 747, "field_conc_items_km2": 102.37, "conc_A_items_km2": null, "conc_A_lo80": null, "conc_A_hi80": null, "conc_A_lo95": null, "conc_A_hi95": null, "conc_A_status": "unavailable", "conc_A_status_ru": "концентрация недоступна", "conc_A_reasons": "вне бассейна профиля: nw_atlantic_subtropical", "conc_A_model": "conc-A-c6bce5631d2b", "conc_B_items_km2": null, "conc_B_lo80": null, "conc_B_hi80": null, "conc_B_lo95": null, "conc_B_hi95": null, "conc_B_status": "unavailable", "conc_B_status_ru": "концентрация недоступна", "conc_B_reasons": "вне бассейна профиля: black_sea", "conc_B_model": "conc-B-c6bce5631d2b"}}, {"type": "Feature", "geometry": {"type": "Polygon", "coordinates": [[[131.70148739356708, 43.17030192277601], [131.7014834263705, 43.17021197482442], [131.70136053639243, 43.17021487849745], [131.70135260241395, 43.17003498257093], [131.70159441431036, 43.16993922718166], [131.70159838163204, 43.170029175129336], [131.70172127121367, 43.170026271210794], [131.70172920627175, 43.17020616708285], [131.70148739356708, 43.17030192277601]]]}, "properties": {"zone_id": "vladivostok-2026-06-27-024", "aoi": "vladivostok", "date": "2026-06-27", "scene_id": "S2B_MSIL2A_20260627T020649_R103_T52TGN_20260627T041901", "scene_datetime_utc": "2026-06-27T02:06:49.024000+00:00", "detection_status": "detected", "detection_status_ru": "обнаружено", "lon": 131.70154, "lat": 43.17012, "n_pixels": 2, "zone_area_km2": 0.0008, "cover_m2": 15.7, "p_mean": 0.71, "p_max": 0.761, "cover_m2_km2": 19625.0, "h3": "88316c4215fffff", "valid_frac_scene": 0.998, "wind_ms": 2.0, "sea": "спокойное", "scene_reliable": true, "field_event_id": "S4:DOORS3:T23", "field_profile": "B", "field_date": "2024-06-10", "field_distance_km": 6966.8, "field_date_gap_days": 747, "field_conc_items_km2": 102.37, "conc_A_items_km2": null, "conc_A_lo80": null, "conc_A_hi80": null, "conc_A_lo95": null, "conc_A_hi95": null, "conc_A_status": "unavailable", "conc_A_status_ru": "концентрация недоступна", "conc_A_reasons": "вне бассейна профиля: nw_atlantic_subtropical", "conc_A_model": "conc-A-c6bce5631d2b", "conc_B_items_km2": null, "conc_B_lo80": null, "conc_B_hi80": null, "conc_B_lo95": null, "conc_B_hi95": null, "conc_B_status": "unavailable", "conc_B_status_ru": "концентрация недоступна", "conc_B_reasons": "вне бассейна профиля: black_sea", "conc_B_model": "conc-B-c6bce5631d2b"}}, {"type": "Feature", "geometry": {"type": "Polygon", "coordinates": [[[131.70082138215983, 43.16914711577384], [131.7008174161005, 43.169057167754595], [131.70069452837012, 43.169060070650495], [131.70069056250898, 43.168970122620465], [131.70081345005946, 43.168967219733645], [131.7008094840367, 43.16887727171097], [131.7010592251056, 43.16896141356449], [131.70106319150653, 43.169051361567305], [131.70094030381267, 43.16905426472687], [131.7009442700519, 43.16914421273704], [131.70082138215983, 43.16914711577384]]]}, "properties": {"zone_id": "vladivostok-2026-06-27-025", "aoi": "vladivostok", "date": "2026-06-27", "scene_id": "S2B_MSIL2A_20260627T020649_R103_T52TGN_20260627T041901", "scene_datetime_utc": "2026-06-27T02:06:49.024000+00:00", "detection_status": "detected", "detection_status_ru": "обнаружено", "lon": 131.70088, "lat": 43.16901, "n_pixels": 1, "zone_area_km2": 0.0005, "cover_m2": 7.5, "p_mean": 0.639, "p_max": 0.639, "cover_m2_km2": 15000.0, "h3": "88316c4215fffff", "valid_frac_scene": 0.998, "wind_ms": 2.0, "sea": "спокойное", "scene_reliable": true, "field_event_id": "S4:DOORS3:T23", "field_profile": "B", "field_date": "2024-06-10", "field_distance_km": 6966.8, "field_date_gap_days": 747, "field_conc_items_km2": 102.37, "conc_A_items_km2": null, "conc_A_lo80": null, "conc_A_hi80": null, "conc_A_lo95": null, "conc_A_hi95": null, "conc_A_status": "unavailable", "conc_A_status_ru": "концентрация недоступна", "conc_A_reasons": "вне бассейна профиля: nw_atlantic_subtropical", "conc_A_model": "conc-A-c6bce5631d2b", "conc_B_items_km2": null, "conc_B_lo80": null, "conc_B_hi80": null, "conc_B_lo95": null, "conc_B_hi95": null, "conc_B_status": "unavailable", "conc_B_status_ru": "концентрация недоступна", "conc_B_reasons": "вне бассейна профиля: black_sea", "conc_B_model": "conc-B-c6bce5631d2b"}}, {"type": "Feature", "geometry": {"type": "Polygon", "coordinates": [[[131.70767524338547, 43.168354710081616], [131.70767126737897, 43.16826476255906], [131.70754838193272, 43.168267672773844], [131.70754440612444, 43.16817772524048], [131.70766729139078, 43.168174815034796], [131.7076633154209, 43.16808486750882], [131.70791306186848, 43.16816899422794], [131.7079170382165, 43.16825894173401], [131.7077941528069, 43.16826185221246], [131.70779812899332, 43.16835179972591], [131.70767524338547, 43.168354710081616]]]}, "properties": {"zone_id": "vladivostok-2026-06-27-026", "aoi": "vladivostok", "date": "2026-06-27", "scene_id": "S2B_MSIL2A_20260627T020649_R103_T52TGN_20260627T041901", "scene_datetime_utc": "2026-06-27T02:06:49.024000+00:00", "detection_status": "detected", "detection_status_ru": "обнаружено", "lon": 131.70773, "lat": 43.16822, "n_pixels": 1, "zone_area_km2": 0.0005, "cover_m2": 3.9, "p_mean": 0.624, "p_max": 0.624, "cover_m2_km2": 7800.0, "h3": "88316c4211fffff", "valid_frac_scene": 0.998, "wind_ms": 2.0, "sea": "спокойное", "scene_reliable": true, "field_event_id": "S4:DOORS3:T23", "field_profile": "B", "field_date": "2024-06-10", "field_distance_km": 6967.3, "field_date_gap_days": 747, "field_conc_items_km2": 102.37, "conc_A_items_km2": null, "conc_A_lo80": null, "conc_A_hi80": null, "conc_A_lo95": null, "conc_A_hi95": null, "conc_A_status": "unavailable", "conc_A_status_ru": "концентрация недоступна", "conc_A_reasons": "вне бассейна профиля: nw_atlantic_subtropical", "conc_A_model": "conc-A-c6bce5631d2b", "conc_B_items_km2": null, "conc_B_lo80": null, "conc_B_hi80": null, "conc_B_lo95": null, "conc_B_hi95": null, "conc_B_status": "unavailable", "conc_B_status_ru": "концентрация недоступна", "conc_B_reasons": "вне бассейна профиля: black_sea", "conc_B_model": "conc-B-c6bce5631d2b"}}, {"type": "Feature", "geometry": {"type": "Polygon", "coordinates": [[[131.7063947230317, 43.16721448727921], [131.70639074906236, 43.16712453964344], [131.7062678657717, 43.16712744842178], [131.70626389200058, 43.16703750077521], [131.70638677511133, 43.16703459200597], [131.70638280117865, 43.16694464436677], [131.7066325412779, 43.167028774072016], [131.70663651558874, 43.16711872169132], [131.70651363233472, 43.16712163073329], [131.70651760648394, 43.16721157835996], [131.7063947230317, 43.16721448727921]]]}, "properties": {"zone_id": "vladivostok-2026-06-27-027", "aoi": "vladivostok", "date": "2026-06-27", "scene_id": "S2B_MSIL2A_20260627T020649_R103_T52TGN_20260627T041901", "scene_datetime_utc": "2026-06-27T02:06:49.024000+00:00", "detection_status": "detected", "detection_status_ru": "обнаружено", "lon": 131.70645, "lat": 43.16708, "n_pixels": 1, "zone_area_km2": 0.0005, "cover_m2": 6.3, "p_mean": 0.71, "p_max": 0.71, "cover_m2_km2": 12600.0, "h3": "88316c4215fffff", "valid_frac_scene": 0.998, "wind_ms": 2.0, "sea": "спокойное", "scene_reliable": true, "field_event_id": "S4:DOORS3:T23", "field_profile": "B", "field_date": "2024-06-10", "field_distance_km": 6967.3, "field_date_gap_days": 747, "field_conc_items_km2": 102.37, "conc_A_items_km2": null, "conc_A_lo80": null, "conc_A_hi80": null, "conc_A_lo95": null, "conc_A_hi95": null, "conc_A_status": "unavailable", "conc_A_status_ru": "концентрация недоступна", "conc_A_reasons": "вне бассейна профиля: nw_atlantic_subtropical", "conc_A_model": "conc-A-c6bce5631d2b", "conc_B_items_km2": null, "conc_B_lo80": null, "conc_B_hi80": null, "conc_B_lo95": null, "conc_B_hi95": null, "conc_B_status": "unavailable", "conc_B_status_ru": "концентрация недоступна", "conc_B_reasons": "вне бассейна профиля: black_sea", "conc_B_model": "conc-B-c6bce5631d2b"}}, {"type": "Feature", "geometry": {"type": "Polygon", "coordinates": [[[131.70723900600814, 43.16683433177746], [131.70723503085276, 43.166744384198495], [131.7071121484099, 43.1667472938632], [131.70710419851395, 43.16656739868193], [131.707227080597, 43.1665644890354], [131.70722310549658, 43.16647454145128], [131.70746886924798, 43.16646872178096], [131.70747284470818, 43.16655866934689], [131.7075957267363, 43.166555759304906], [131.70759970239467, 43.16664570686004], [131.70747682018668, 43.166648616911104], [131.70748079568352, 43.166738564473604], [131.70723900600814, 43.16683433177746]]]}, "properties": {"zone_id": "vladivostok-2026-06-27-028", "aoi": "vladivostok", "date": "2026-06-27", "scene_id": "S2B_MSIL2A_20260627T020649_R103_T52TGN_20260627T041901", "scene_datetime_utc": "2026-06-27T02:06:49.024000+00:00", "detection_status": "detected", "detection_status_ru": "обнаружено", "lon": 131.70733, "lat": 43.16664, "n_pixels": 3, "zone_area_km2": 0.001, "cover_m2": 18.8, "p_mean": 0.757, "p_max": 0.898, "cover_m2_km2": 18800.0, "h3": "88316c4215fffff", "valid_frac_scene": 0.998, "wind_ms": 2.0, "sea": "спокойное", "scene_reliable": true, "field_event_id": "S4:DOORS3:T23", "field_profile": "B", "field_date": "2024-06-10", "field_distance_km": 6967.4, "field_date_gap_days": 747, "field_conc_items_km2": 102.37, "conc_A_items_km2": null, "conc_A_lo80": null, "conc_A_hi80": null, "conc_A_lo95": null, "conc_A_hi95": null, "conc_A_status": "unavailable", "conc_A_status_ru": "концентрация недоступна", "conc_A_reasons": "вне бассейна профиля: nw_atlantic_subtropical", "conc_A_model": "conc-A-c6bce5631d2b", "conc_B_items_km2": null, "conc_B_lo80": null, "conc_B_hi80": null, "conc_B_lo95": null, "conc_B_hi95": null, "conc_B_status": "unavailable", "conc_B_status_ru": "концентрация недоступна", "conc_B_reasons": "вне бассейна профиля: black_sea", "conc_B_model": "conc-B-c6bce5631d2b"}}, {"type": "Feature", "geometry": {"type": "Polygon", "coordinates": [[[131.7063549841624, 43.16631501084447], [131.70635101037618, 43.16622506319157], [131.7062281288845, 43.166227971878996], [131.7062241552965, 43.16613802421529], [131.7063470366083, 43.16613511553696], [131.7063430628587, 43.16604516788062], [131.70659279917697, 43.16612929778483], [131.70659677330465, 43.16621924542125], [131.70647389184958, 43.16622215437232], [131.70647786581569, 43.16631210201613], [131.7063549841624, 43.16631501084447]]]}, "properties": {"zone_id": "vladivostok-2026-06-27-029", "aoi": "vladivostok", "date": "2026-06-27", "scene_id": "S2B_MSIL2A_20260627T020649_R103_T52TGN_20260627T041901", "scene_datetime_utc": "2026-06-27T02:06:49.024000+00:00", "detection_status": "detected", "detection_status_ru": "обнаружено", "lon": 131.70641, "lat": 43.16618, "n_pixels": 1, "zone_area_km2": 0.0005, "cover_m2": 3.9, "p_mean": 0.933, "p_max": 0.933, "cover_m2_km2": 7800.0, "h3": "88316c4215fffff", "valid_frac_scene": 0.998, "wind_ms": 2.0, "sea": "спокойное", "scene_reliable": true, "field_event_id": "S4:DOORS3:T23", "field_profile": "B", "field_date": "2024-06-10", "field_distance_km": 6967.3, "field_date_gap_days": 747, "field_conc_items_km2": 102.37, "conc_A_items_km2": null, "conc_A_lo80": null, "conc_A_hi80": null, "conc_A_lo95": null, "conc_A_hi95": null, "conc_A_status": "unavailable", "conc_A_status_ru": "концентрация недоступна", "conc_A_reasons": "вне бассейна профиля: nw_atlantic_subtropical", "conc_A_model": "conc-A-c6bce5631d2b", "conc_B_items_km2": null, "conc_B_lo80": null, "conc_B_hi80": null, "conc_B_lo95": null, "conc_B_hi95": null, "conc_B_status": "unavailable", "conc_B_status_ru": "концентрация недоступна", "conc_B_reasons": "вне бассейна профиля: black_sea", "conc_B_model": "conc-B-c6bce5631d2b"}}, {"type": "Feature", "geometry": {"type": "Polygon", "coordinates": [[[131.70585948429957, 43.16623669715038], [131.70585551125123, 43.16614674945941], [131.7057326298662, 43.16614965761048], [131.70572468418422, 43.16596976220521], [131.70596647304313, 43.165873998120595], [131.70597044621644, 43.16596394580761], [131.70609332720508, 43.16596103741109], [131.7061012739664, 43.16614093276181], [131.70585948429957, 43.16623669715038]]]}, "properties": {"zone_id": "vladivostok-2026-06-27-030", "aoi": "vladivostok", "date": "2026-06-27", "scene_id": "S2B_MSIL2A_20260627T020649_R103_T52TGN_20260627T041901", "scene_datetime_utc": "2026-06-27T02:06:49.024000+00:00", "detection_status": "detected", "detection_status_ru": "обнаружено", "lon": 131.70591, "lat": 43.16606, "n_pixels": 2, "zone_area_km2": 0.0008, "cover_m2": 7.1, "p_mean": 0.794, "p_max": 0.871, "cover_m2_km2": 8875.0, "h3": "88316c4215fffff", "valid_frac_scene": 0.998, "wind_ms": 2.0, "sea": "спокойное", "scene_reliable": true, "field_event_id": "S4:DOORS3:T23", "field_profile": "B", "field_date": "2024-06-10", "field_distance_km": 6967.3, "field_date_gap_days": 747, "field_conc_items_km2": 102.37, "conc_A_items_km2": null, "conc_A_lo80": null, "conc_A_hi80": null, "conc_A_lo95": null, "conc_A_hi95": null, "conc_A_status": "unavailable", "conc_A_status_ru": "концентрация недоступна", "conc_A_reasons": "вне бассейна профиля: nw_atlantic_subtropical", "conc_A_model": "conc-A-c6bce5631d2b", "conc_B_items_km2": null, "conc_B_lo80": null, "conc_B_hi80": null, "conc_B_lo95": null, "conc_B_hi95": null, "conc_B_status": "unavailable", "conc_B_status_ru": "концентрация недоступна", "conc_B_reasons": "вне бассейна профиля: black_sea", "conc_B_model": "conc-B-c6bce5631d2b"}}, {"type": "Feature", "geometry": {"type": "Polygon", "coordinates": [[[131.70570879304, 43.16560997137413], [131.7057048202997, 43.16552002366208], [131.70558194015558, 43.16552293161771], [131.70557796761346, 43.165432983894846], [131.70570084757773, 43.16543007594831], [131.70569687487404, 43.16534012823282], [131.7059466074513, 43.165424259659765], [131.70595058053306, 43.165514207355365], [131.70582770042554, 43.16551711557463], [131.7058316733457, 43.1656070632776], [131.70570879304, 43.16560997137413]]]}, "properties": {"zone_id": "vladivostok-2026-06-27-031", "aoi": "vladivostok", "date": "2026-06-27", "scene_id": "S2B_MSIL2A_20260627T020649_R103_T52TGN_20260627T041901", "scene_datetime_utc": "2026-06-27T02:06:49.024000+00:00", "detection_status": "detected", "detection_status_ru": "обнаружено", "lon": 131.70576, "lat": 43.16547, "n_pixels": 1, "zone_area_km2": 0.0005, "cover_m2": 2.7, "p_mean": 0.961, "p_max": 0.961, "cover_m2_km2": 5400.0, "h3": "88316c4215fffff", "valid_frac_scene": 0.998, "wind_ms": 2.0, "sea": "спокойное", "scene_reliable": true, "field_event_id": "S4:DOORS3:T23", "field_profile": "B", "field_date": "2024-06-10", "field_distance_km": 6967.3, "field_date_gap_days": 747, "field_conc_items_km2": 102.37, "conc_A_items_km2": null, "conc_A_lo80": null, "conc_A_hi80": null, "conc_A_lo95": null, "conc_A_hi95": null, "conc_A_status": "unavailable", "conc_A_status_ru": "концентрация недоступна", "conc_A_reasons": "вне бассейна профиля: nw_atlantic_subtropical", "conc_A_model": "conc-A-c6bce5631d2b", "conc_B_items_km2": null, "conc_B_lo80": null, "conc_B_hi80": null, "conc_B_lo95": null, "conc_B_hi95": null, "conc_B_status": "unavailable", "conc_B_status_ru": "концентрация недоступна", "conc_B_reasons": "вне бассейна профиля: black_sea", "conc_B_model": "conc-B-c6bce5631d2b"}}, {"type": "Feature", "geometry": {"type": "Polygon", "coordinates": [[[131.70455918813693, 43.1646467124849], [131.7045552172169, 43.16455676467222], [131.70443233888673, 43.16455967134159], [131.7044283681649, 43.16446972351813], [131.7045512463152, 43.16446681685783], [131.70454727543176, 43.164376869041725], [131.7047970025608, 43.16446100314183], [131.7048009738223, 43.16455095093804], [131.70467809552875, 43.16455385787105], [131.70468206662866, 43.16464380567463], [131.70455918813693, 43.1646467124849]]]}, "properties": {"zone_id": "vladivostok-2026-06-27-032", "aoi": "vladivostok", "date": "2026-06-27", "scene_id": "S2B_MSIL2A_20260627T020649_R103_T52TGN_20260627T041901", "scene_datetime_utc": "2026-06-27T02:06:49.024000+00:00", "detection_status": "detected", "detection_status_ru": "обнаружено", "lon": 131.70461, "lat": 43.16451, "n_pixels": 1, "zone_area_km2": 0.0005, "cover_m2": 3.9, "p_mean": 0.996, "p_max": 0.996, "cover_m2_km2": 7800.0, "h3": "88316c4215fffff", "valid_frac_scene": 0.998, "wind_ms": 2.0, "sea": "спокойное", "scene_reliable": true, "field_event_id": "S4:DOORS3:T23", "field_profile": "B", "field_date": "2024-06-10", "field_distance_km": 6967.3, "field_date_gap_days": 747, "field_conc_items_km2": 102.37, "conc_A_items_km2": null, "conc_A_lo80": null, "conc_A_hi80": null, "conc_A_lo95": null, "conc_A_hi95": null, "conc_A_status": "unavailable", "conc_A_status_ru": "концентрация недоступна", "conc_A_reasons": "вне бассейна профиля: nw_atlantic_subtropical", "conc_A_model": "conc-A-c6bce5631d2b", "conc_B_items_km2": null, "conc_B_lo80": null, "conc_B_hi80": null, "conc_B_lo95": null, "conc_B_hi95": null, "conc_B_status": "unavailable", "conc_B_status_ru": "концентрация недоступна", "conc_B_reasons": "вне бассейна профиля: black_sea", "conc_B_model": "conc-B-c6bce5631d2b"}}, {"type": "Feature", "geometry": {"type": "Polygon", "coordinates": [[[131.70908976994545, 43.1641792828036], [131.70908579244335, 43.164089335320455], [131.70896291551026, 43.16409224683041], [131.70895893820634, 43.164002299336445], [131.70908181495955, 43.1639993878356], [131.70907783749408, 43.16390944034904], [131.70932756841097, 43.16399356443849], [131.7093315462545, 43.164083511905154], [131.70920866935808, 43.16408642367871], [131.70921264704006, 43.16417637115276], [131.70908976994545, 43.1641792828036]]]}, "properties": {"zone_id": "vladivostok-2026-06-27-033", "aoi": "vladivostok", "date": "2026-06-27", "scene_id": "S2B_MSIL2A_20260627T020649_R103_T52TGN_20260627T041901", "scene_datetime_utc": "2026-06-27T02:06:49.024000+00:00", "detection_status": "detected", "detection_status_ru": "обнаружено", "lon": 131.70915, "lat": 43.16404, "n_pixels": 1, "zone_area_km2": 0.0005, "cover_m2": 3.5, "p_mean": 0.506, "p_max": 0.506, "cover_m2_km2": 7000.0, "h3": "88316c4211fffff", "valid_frac_scene": 0.998, "wind_ms": 2.0, "sea": "спокойное", "scene_reliable": true, "field_event_id": "S4:DOORS3:T23", "field_profile": "B", "field_date": "2024-06-10", "field_distance_km": 6967.7, "field_date_gap_days": 747, "field_conc_items_km2": 102.37, "conc_A_items_km2": null, "conc_A_lo80": null, "conc_A_hi80": null, "conc_A_lo95": null, "conc_A_hi95": null, "conc_A_status": "unavailable", "conc_A_status_ru": "концентрация недоступна", "conc_A_reasons": "вне бассейна профиля: nw_atlantic_subtropical", "conc_A_model": "conc-A-c6bce5631d2b", "conc_B_items_km2": null, "conc_B_lo80": null, "conc_B_hi80": null, "conc_B_lo95": null, "conc_B_hi95": null, "conc_B_status": "unavailable", "conc_B_status_ru": "концентрация недоступна", "conc_B_reasons": "вне бассейна профиля: black_sea", "conc_B_model": "conc-B-c6bce5631d2b"}}, {"type": "Feature", "geometry": {"type": "Polygon", "coordinates": [[[131.72044137400746, 43.16219894904747], [131.72043738012746, 43.1621090023797], [131.72031450831972, 43.16211192597388], [131.720310514638, 43.16202197929527], [131.7204333862659, 43.162019055710225], [131.72042939242272, 43.16192910903903], [131.72067912946656, 43.16201320814476], [131.7206831236878, 43.16210315479596], [131.72056025191685, 43.16210607865373], [131.72056424597668, 43.162196025312355], [131.72044137400746, 43.16219894904747]]]}, "properties": {"zone_id": "vladivostok-2026-06-27-034", "aoi": "vladivostok", "date": "2026-06-27", "scene_id": "S2B_MSIL2A_20260627T020649_R103_T52TGN_20260627T041901", "scene_datetime_utc": "2026-06-27T02:06:49.024000+00:00", "detection_status": "detected", "detection_status_ru": "обнаружено", "lon": 131.7205, "lat": 43.16206, "n_pixels": 1, "zone_area_km2": 0.0005, "cover_m2": 4.3, "p_mean": 0.824, "p_max": 0.824, "cover_m2_km2": 8600.0, "h3": "88316c4213fffff", "valid_frac_scene": 0.998, "wind_ms": 2.0, "sea": "спокойное", "scene_reliable": true, "field_event_id": "S4:DOORS3:T23", "field_profile": "B", "field_date": "2024-06-10", "field_distance_km": 6968.5, "field_date_gap_days": 747, "field_conc_items_km2": 102.37, "conc_A_items_km2": null, "conc_A_lo80": null, "conc_A_hi80": null, "conc_A_lo95": null, "conc_A_hi95": null, "conc_A_status": "unavailable", "conc_A_status_ru": "концентрация недоступна", "conc_A_reasons": "вне бассейна профиля: nw_atlantic_subtropical", "conc_A_model": "conc-A-c6bce5631d2b", "conc_B_items_km2": null, "conc_B_lo80": null, "conc_B_hi80": null, "conc_B_lo95": null, "conc_B_hi95": null, "conc_B_status": "unavailable", "conc_B_status_ru": "концентрация недоступна", "conc_B_reasons": "вне бассейна профиля: black_sea", "conc_B_model": "conc-B-c6bce5631d2b"}}, {"type": "Feature", "geometry": {"type": "Polygon", "coordinates": [[[131.6391376447648, 43.16221369452503], [131.63913377015956, 43.16212374187188], [131.63901089014587, 43.16212657815204], [131.63900314134878, 43.16194667282291], [131.63924502590723, 43.161851047516826], [131.63924890063876, 43.161941000166216], [131.63937178025697, 43.16193816364014], [131.63937953013343, 43.16211806891609], [131.6391376447648, 43.16221369452503]]]}, "properties": {"zone_id": "vladivostok-2026-06-27-035", "aoi": "vladivostok", "date": "2026-06-27", "scene_id": "S2B_MSIL2A_20260627T020649_R103_T52TGN_20260627T041901", "scene_datetime_utc": "2026-06-27T02:06:49.024000+00:00", "detection_status": "detected", "detection_status_ru": "обнаружено", "lon": 131.63919, "lat": 43.16203, "n_pixels": 2, "zone_area_km2": 0.0008, "cover_m2": 4.7, "p_mean": 0.92, "p_max": 0.937, "cover_m2_km2": 5875.0, "h3": "88316c4315fffff", "valid_frac_scene": 0.998, "wind_ms": 2.0, "sea": "спокойное", "scene_reliable": true, "field_event_id": "S4:DOORS3:T23", "field_profile": "B", "field_date": "2024-06-10", "field_distance_km": 6963.1, "field_date_gap_days": 747, "field_conc_items_km2": 102.37, "conc_A_items_km2": null, "conc_A_lo80": null, "conc_A_hi80": null, "conc_A_lo95": null, "conc_A_hi95": null, "conc_A_status": "unavailable", "conc_A_status_ru": "концентрация недоступна", "conc_A_reasons": "вне бассейна профиля: nw_atlantic_subtropical", "conc_A_model": "conc-A-c6bce5631d2b", "conc_B_items_km2": null, "conc_B_lo80": null, "conc_B_hi80": null, "conc_B_lo95": null, "conc_B_hi95": null, "conc_B_status": "unavailable", "conc_B_status_ru": "концентрация недоступна", "conc_B_reasons": "вне бассейна профиля: black_sea", "conc_B_model": "conc-B-c6bce5631d2b"}}, {"type": "Feature", "geometry": {"type": "Polygon", "coordinates": [[[131.87146577284773, 43.16174699190047], [131.87146155749508, 43.16165705682567], [131.87133870243866, 43.16166014256862], [131.87133027215114, 43.161480272394506], [131.8715717660514, 43.16138416574503], [131.87157598152555, 43.16147410081543], [131.8716988361836, 43.161471014828294], [131.87170726754962, 43.16165088494457], [131.87146577284773, 43.16174699190047]]]}, "properties": {"zone_id": "vladivostok-2026-06-27-036", "aoi": "vladivostok", "date": "2026-06-27", "scene_id": "S2B_MSIL2A_20260627T020649_R103_T52TGN_20260627T041901", "scene_datetime_utc": "2026-06-27T02:06:49.024000+00:00", "detection_status": "detected", "detection_status_ru": "обнаружено", "lon": 131.87152, "lat": 43.16157, "n_pixels": 2, "zone_area_km2": 0.0008, "cover_m2": 1.2, "p_mean": 0.802, "p_max": 0.976, "cover_m2_km2": 1500.0, "h3": "88316c54cbfffff", "valid_frac_scene": 0.998, "wind_ms": 2.0, "sea": "спокойное", "scene_reliable": true, "field_event_id": "S4:DOORS3:T23", "field_profile": "B", "field_date": "2024-06-10", "field_distance_km": 6978.8, "field_date_gap_days": 747, "field_conc_items_km2": 102.37, "conc_A_items_km2": null, "conc_A_lo80": null, "conc_A_hi80": null, "conc_A_lo95": null, "conc_A_hi95": null, "conc_A_status": "unavailable", "conc_A_status_ru": "концентрация недоступна", "conc_A_reasons": "вне бассейна профиля: nw_atlantic_subtropical", "conc_A_model": "conc-A-c6bce5631d2b", "conc_B_items_km2": null, "conc_B_lo80": null, "conc_B_hi80": null, "conc_B_lo95": null, "conc_B_hi95": null, "conc_B_status": "unavailable", "conc_B_status_ru": "концентрация недоступна", "conc_B_reasons": "вне бассейна профиля: black_sea", "conc_B_model": "conc-B-c6bce5631d2b"}}, {"type": "Feature", "geometry": {"type": "Polygon", "coordinates": [[[131.64366479324136, 43.16165889751946], [131.64366091206958, 43.16156894518607], [131.6435380336165, 43.161571786299184], [131.64353415264247, 43.16148183395522], [131.64365703091568, 43.16147899285099], [131.64365314977965, 43.16138904051421], [131.6439027874084, 43.161473310247075], [131.64390666892206, 43.16156326256439], [131.64378379050476, 43.16156610394115], [131.64378767185644, 43.16165605626565], [131.64366479324136, 43.16165889751946]]]}, "properties": {"zone_id": "vladivostok-2026-06-27-037", "aoi": "vladivostok", "date": "2026-06-27", "scene_id": "S2B_MSIL2A_20260627T020649_R103_T52TGN_20260627T041901", "scene_datetime_utc": "2026-06-27T02:06:49.024000+00:00", "detection_status": "detected", "detection_status_ru": "обнаружено", "lon": 131.64372, "lat": 43.16152, "n_pixels": 1, "zone_area_km2": 0.0005, "cover_m2": 5.9, "p_mean": 0.588, "p_max": 0.588, "cover_m2_km2": 11800.0, "h3": "88316c4311fffff", "valid_frac_scene": 0.998, "wind_ms": 2.0, "sea": "спокойное", "scene_reliable": true, "field_event_id": "S4:DOORS3:T23", "field_profile": "B", "field_date": "2024-06-10", "field_distance_km": 6963.4, "field_date_gap_days": 747, "field_conc_items_km2": 102.37, "conc_A_items_km2": null, "conc_A_lo80": null, "conc_A_hi80": null, "conc_A_lo95": null, "conc_A_hi95": null, "conc_A_status": "unavailable", "conc_A_status_ru": "концентрация недоступна", "conc_A_reasons": "вне бассейна профиля: nw_atlantic_subtropical", "conc_A_model": "conc-A-c6bce5631d2b", "conc_B_items_km2": null, "conc_B_lo80": null, "conc_B_hi80": null, "conc_B_lo95": null, "conc_B_hi95": null, "conc_B_status": "unavailable", "conc_B_status_ru": "концентрация недоступна", "conc_B_reasons": "вне бассейна профиля: black_sea", "conc_B_model": "conc-B-c6bce5631d2b"}}, {"type": "Feature", "geometry": {"type": "Polygon", "coordinates": [[[131.64144909717862, 43.16162006505405], [131.64144521926266, 43.16153011255919], [131.6413223406677, 43.16153295129072], [131.6413184629495, 43.1614429987853], [131.64144134136458, 43.16144016006265], [131.64143746348438, 43.161350207564396], [131.64168709814118, 43.16143448222189], [131.64169097639902, 43.161524434700695], [131.64156809783978, 43.16152727369585], [131.64157197593562, 43.16161722618183], [131.64144909717862, 43.16162006505405]]]}, "properties": {"zone_id": "vladivostok-2026-06-27-038", "aoi": "vladivostok", "date": "2026-06-27", "scene_id": "S2B_MSIL2A_20260627T020649_R103_T52TGN_20260627T041901", "scene_datetime_utc": "2026-06-27T02:06:49.024000+00:00", "detection_status": "detected", "detection_status_ru": "обнаружено", "lon": 131.6415, "lat": 43.16148, "n_pixels": 1, "zone_area_km2": 0.0005, "cover_m2": 9.0, "p_mean": 0.812, "p_max": 0.812, "cover_m2_km2": 18000.0, "h3": "88316c4315fffff", "valid_frac_scene": 0.998, "wind_ms": 2.0, "sea": "спокойное", "scene_reliable": true, "field_event_id": "S4:DOORS3:T23", "field_profile": "B", "field_date": "2024-06-10", "field_distance_km": 6963.3, "field_date_gap_days": 747, "field_conc_items_km2": 102.37, "conc_A_items_km2": null, "conc_A_lo80": null, "conc_A_hi80": null, "conc_A_lo95": null, "conc_A_hi95": null, "conc_A_status": "unavailable", "conc_A_status_ru": "концентрация недоступна", "conc_A_reasons": "вне бассейна профиля: nw_atlantic_subtropical", "conc_A_model": "conc-A-c6bce5631d2b", "conc_B_items_km2": null, "conc_B_lo80": null, "conc_B_hi80": null, "conc_B_lo95": null, "conc_B_hi95": null, "conc_B_status": "unavailable", "conc_B_status_ru": "концентрация недоступна", "conc_B_reasons": "вне бассейна профиля: black_sea", "conc_B_model": "conc-B-c6bce5631d2b"}}, {"type": "Feature", "geometry": {"type": "Polygon", "coordinates": [[[131.89220679965658, 43.160773940088205], [131.8922025540257, 43.16068400664006], [131.89207970316184, 43.16068711459776], [131.89207545773024, 43.16059718113816], [131.89219830841435, 43.160594073190175], [131.8921940628226, 43.16050413973852], [131.89244400972387, 43.16058785689901], [131.89244825569466, 43.16067779032949], [131.89232540486995, 43.160680898550645], [131.89232965068055, 43.16077083198907], [131.89220679965658, 43.160773940088205]]]}, "properties": {"zone_id": "vladivostok-2026-06-27-039", "aoi": "vladivostok", "date": "2026-06-27", "scene_id": "S2B_MSIL2A_20260627T020649_R103_T52TGN_20260627T041901", "scene_datetime_utc": "2026-06-27T02:06:49.024000+00:00", "detection_status": "detected", "detection_status_ru": "обнаружено", "lon": 131.89226, "lat": 43.16064, "n_pixels": 1, "zone_area_km2": 0.0005, "cover_m2": 4.7, "p_mean": 0.945, "p_max": 0.945, "cover_m2_km2": 9400.0, "h3": "88316c56b3fffff", "valid_frac_scene": 0.998, "wind_ms": 2.0, "sea": "спокойное", "scene_reliable": true, "field_event_id": "S4:DOORS3:T23", "field_profile": "B", "field_date": "2024-06-10", "field_distance_km": 6980.2, "field_date_gap_days": 747, "field_conc_items_km2": 102.37, "conc_A_items_km2": null, "conc_A_lo80": null, "conc_A_hi80": null, "conc_A_lo95": null, "conc_A_hi95": null, "conc_A_status": "unavailable", "conc_A_status_ru": "концентрация недоступна", "conc_A_reasons": "вне бассейна профиля: nw_atlantic_subtropical", "conc_A_model": "conc-A-c6bce5631d2b", "conc_B_items_km2": null, "conc_B_lo80": null, "conc_B_hi80": null, "conc_B_lo95": null, "conc_B_hi95": null, "conc_B_status": "unavailable", "conc_B_status_ru": "концентрация недоступна", "conc_B_reasons": "вне бассейна профиля: black_sea", "conc_B_model": "conc-B-c6bce5631d2b"}}, {"type": "Feature", "geometry": {"type": "Polygon", "coordinates": [[[131.64089942590184, 43.1602821310912], [131.64089554897342, 43.16019217853535], [131.64077267300516, 43.16019501660655], [131.6407687962745, 43.160105064040145], [131.64089167206288, 43.16010222597782], [131.6408877951702, 43.160012273418594], [131.641137423586, 43.16009654945773], [131.64114130085628, 43.160186501997515], [131.6410184249238, 43.16018934033235], [131.6410223020321, 43.160279292879316], [131.64089942590184, 43.1602821310912]]]}, "properties": {"zone_id": "vladivostok-2026-06-27-040", "aoi": "vladivostok", "date": "2026-06-27", "scene_id": "S2B_MSIL2A_20260627T020649_R103_T52TGN_20260627T041901", "scene_datetime_utc": "2026-06-27T02:06:49.024000+00:00", "detection_status": "detected", "detection_status_ru": "обнаружено", "lon": 131.64096, "lat": 43.16015, "n_pixels": 1, "zone_area_km2": 0.0005, "cover_m2": 3.9, "p_mean": 0.851, "p_max": 0.851, "cover_m2_km2": 7800.0, "h3": "88316c4315fffff", "valid_frac_scene": 0.998, "wind_ms": 2.0, "sea": "спокойное", "scene_reliable": true, "field_event_id": "S4:DOORS3:T23", "field_profile": "B", "field_date": "2024-06-10", "field_distance_km": 6963.3, "field_date_gap_days": 747, "field_conc_items_km2": 102.37, "conc_A_items_km2": null, "conc_A_lo80": null, "conc_A_hi80": null, "conc_A_lo95": null, "conc_A_hi95": null, "conc_A_status": "unavailable", "conc_A_status_ru": "концентрация недоступна", "conc_A_reasons": "вне бассейна профиля: nw_atlantic_subtropical", "conc_A_model": "conc-A-c6bce5631d2b", "conc_B_items_km2": null, "conc_B_lo80": null, "conc_B_hi80": null, "conc_B_lo95": null, "conc_B_hi95": null, "conc_B_status": "unavailable", "conc_B_status_ru": "концентрация недоступна", "conc_B_reasons": "вне бассейна профиля: black_sea", "conc_B_model": "conc-B-c6bce5631d2b"}}, {"type": "Feature", "geometry": {"type": "Polygon", "coordinates": [[[131.88552622122813, 43.159952308034505], [131.8855219855173, 43.15986237404325], [131.88539913557543, 43.159865474780936], [131.88539490006386, 43.159775540778256], [131.885517749826, 43.15977244005025], [131.8855135141542, 43.159682506055475], [131.88588206278436, 43.159673203110195], [131.88587782659295, 43.15958326914274], [131.88600067591756, 43.15958016790722], [131.88600491228874, 43.159670101864975], [131.88612776177357, 43.15966700048804], [131.88613199834396, 43.159756934434355], [131.8858905352258, 43.15985307103983], [131.8858947714758, 43.15994300500202], [131.88552622122813, 43.159952308034505]]]}, "properties": {"zone_id": "vladivostok-2026-06-27-041", "aoi": "vladivostok", "date": "2026-06-27", "scene_id": "S2B_MSIL2A_20260627T020649_R103_T52TGN_20260627T041901", "scene_datetime_utc": "2026-06-27T02:06:49.024000+00:00", "detection_status": "detected", "detection_status_ru": "обнаружено", "lon": 131.88576, "lat": 43.15979, "n_pixels": 4, "zone_area_km2": 0.0014, "cover_m2": 30.6, "p_mean": 0.586, "p_max": 0.627, "cover_m2_km2": 21857.1, "h3": "88316c54d9fffff", "valid_frac_scene": 0.998, "wind_ms": 2.0, "sea": "спокойное", "scene_reliable": true, "field_event_id": "S4:DOORS3:T23", "field_profile": "B", "field_date": "2024-06-10", "field_distance_km": 6979.8, "field_date_gap_days": 747, "field_conc_items_km2": 102.37, "conc_A_items_km2": null, "conc_A_lo80": null, "conc_A_hi80": null, "conc_A_lo95": null, "conc_A_hi95": null, "conc_A_status": "unavailable", "conc_A_status_ru": "концентрация недоступна", "conc_A_reasons": "вне бассейна профиля: nw_atlantic_subtropical", "conc_A_model": "conc-A-c6bce5631d2b", "conc_B_items_km2": null, "conc_B_lo80": null, "conc_B_hi80": null, "conc_B_lo95": null, "conc_B_hi95": null, "conc_B_status": "unavailable", "conc_B_status_ru": "концентрация недоступна", "conc_B_reasons": "вне бассейна профиля: black_sea", "conc_B_model": "conc-B-c6bce5631d2b"}}, {"type": "Feature", "geometry": {"type": "Polygon", "coordinates": [[[131.8457861363529, 43.15968787933171], [131.84578195896773, 43.159597942207846], [131.84565910528235, 43.15960100026086], [131.8456549280962, 43.15951106312567], [131.8457777816018, 43.159508005082216], [131.84577360425516, 43.15941806795487], [131.84602348855535, 43.15950188860011], [131.84602766628078, 43.15959182570661], [131.84590481263388, 43.1595948840231], [131.84590899019878, 43.15968482113741], [131.8457861363529, 43.15968787933171]]]}, "properties": {"zone_id": "vladivostok-2026-06-27-042", "aoi": "vladivostok", "date": "2026-06-27", "scene_id": "S2B_MSIL2A_20260627T020649_R103_T52TGN_20260627T041901", "scene_datetime_utc": "2026-06-27T02:06:49.024000+00:00", "detection_status": "detected", "detection_status_ru": "обнаружено", "lon": 131.84584, "lat": 43.15955, "n_pixels": 1, "zone_area_km2": 0.0005, "cover_m2": 4.3, "p_mean": 0.757, "p_max": 0.757, "cover_m2_km2": 8600.0, "h3": "88316c54e9fffff", "valid_frac_scene": 0.998, "wind_ms": 2.0, "sea": "спокойное", "scene_reliable": true, "field_event_id": "S4:DOORS3:T23", "field_profile": "B", "field_date": "2024-06-10", "field_distance_km": 6977.2, "field_date_gap_days": 747, "field_conc_items_km2": 102.37, "conc_A_items_km2": null, "conc_A_lo80": null, "conc_A_hi80": null, "conc_A_lo95": null, "conc_A_hi95": null, "conc_A_status": "unavailable", "conc_A_status_ru": "концентрация недоступна", "conc_A_reasons": "вне бассейна профиля: nw_atlantic_subtropical", "conc_A_model": "conc-A-c6bce5631d2b", "conc_B_items_km2": null, "conc_B_lo80": null, "conc_B_hi80": null, "conc_B_lo95": null, "conc_B_hi95": null, "conc_B_status": "unavailable", "conc_B_status_ru": "концентрация недоступна", "conc_B_reasons": "вне бассейна профиля: black_sea", "conc_B_model": "conc-B-c6bce5631d2b"}}, {"type": "Feature", "geometry": {"type": "Polygon", "coordinates": [[[131.80556247942195, 43.15960156072841], [131.80555836104705, 43.1595116204808], [131.80543550326962, 43.15951463533874], [131.805423148798, 43.159244814557255], [131.8056647447765, 43.15914884452103], [131.80566886325528, 43.15923878476615], [131.80579172045546, 43.159235769672975], [131.80580407654497, 43.15950559036967], [131.80556247942195, 43.15960156072841]]]}, "properties": {"zone_id": "vladivostok-2026-06-27-043", "aoi": "vladivostok", "date": "2026-06-27", "scene_id": "S2B_MSIL2A_20260627T020649_R103_T52TGN_20260627T041901", "scene_datetime_utc": "2026-06-27T02:06:49.024000+00:00", "detection_status": "detected", "detection_status_ru": "обнаружено", "lon": 131.80561, "lat": 43.15938, "n_pixels": 3, "zone_area_km2": 0.0011, "cover_m2": 15.7, "p_mean": 0.795, "p_max": 0.98, "cover_m2_km2": 14272.7, "h3": "88316c55cbfffff", "valid_frac_scene": 0.998, "wind_ms": 2.0, "sea": "спокойное", "scene_reliable": true, "field_event_id": "S4:DOORS3:T23", "field_profile": "B", "field_date": "2024-06-10", "field_distance_km": 6974.5, "field_date_gap_days": 747, "field_conc_items_km2": 102.37, "conc_A_items_km2": null, "conc_A_lo80": null, "conc_A_hi80": null, "conc_A_lo95": null, "conc_A_hi95": null, "conc_A_status": "unavailable", "conc_A_status_ru": "концентрация недоступна", "conc_A_reasons": "вне бассейна профиля: nw_atlantic_subtropical", "conc_A_model": "conc-A-c6bce5631d2b", "conc_B_items_km2": null, "conc_B_lo80": null, "conc_B_hi80": null, "conc_B_lo95": null, "conc_B_hi95": null, "conc_B_status": "unavailable", "conc_B_status_ru": "концентрация недоступна", "conc_B_reasons": "вне бассейна профиля: black_sea", "conc_B_model": "conc-B-c6bce5631d2b"}}, {"type": "Feature", "geometry": {"type": "Polygon", "coordinates": [[[131.8888262049956, 43.15950880313398], [131.88882196451044, 43.15941886939746], [131.88869911581463, 43.159421973652954], [131.88869487552873, 43.15933203990499], [131.88881772404483, 43.15932893565919], [131.88881348359874, 43.15923900191916], [131.8890634210184, 43.15932272677241], [131.88906766184346, 43.15941266049129], [131.8889448131867, 43.15941576501023], [131.8889490538516, 43.15950569873705], [131.8888262049956, 43.15950880313398]]]}, "properties": {"zone_id": "vladivostok-2026-06-27-044", "aoi": "vladivostok", "date": "2026-06-27", "scene_id": "S2B_MSIL2A_20260627T020649_R103_T52TGN_20260627T041901", "scene_datetime_utc": "2026-06-27T02:06:49.024000+00:00", "detection_status": "detected", "detection_status_ru": "обнаружено", "lon": 131.88888, "lat": 43.15937, "n_pixels": 1, "zone_area_km2": 0.0005, "cover_m2": 3.9, "p_mean": 0.769, "p_max": 0.769, "cover_m2_km2": 7800.0, "h3": "88316c54d9fffff", "valid_frac_scene": 0.998, "wind_ms": 2.0, "sea": "спокойное", "scene_reliable": true, "field_event_id": "S4:DOORS3:T23", "field_profile": "B", "field_date": "2024-06-10", "field_distance_km": 6980.1, "field_date_gap_days": 747, "field_conc_items_km2": 102.37, "conc_A_items_km2": null, "conc_A_lo80": null, "conc_A_hi80": null, "conc_A_lo95": null, "conc_A_hi95": null, "conc_A_status": "unavailable", "conc_A_status_ru": "концентрация недоступна", "conc_A_reasons": "вне бассейна профиля: nw_atlantic_subtropical", "conc_A_model": "conc-A-c6bce5631d2b", "conc_B_items_km2": null, "conc_B_lo80": null, "conc_B_hi80": null, "conc_B_lo95": null, "conc_B_hi95": null, "conc_B_status": "unavailable", "conc_B_status_ru": "концентрация недоступна", "conc_B_reasons": "вне бассейна профиля: black_sea", "conc_B_model": "conc-B-c6bce5631d2b"}}, {"type": "Feature", "geometry": {"type": "Polygon", "coordinates": [[[131.89042323859925, 43.15946843569945], [131.89041899577774, 43.159378502089076], [131.890296147336, 43.15938160805698], [131.89029190471376, 43.15929167443514], [131.8904147529758, 43.15928856847693], [131.89041051019345, 43.15919863486304], [131.8906604494413, 43.15928235616536], [131.89066469260266, 43.15937228975808], [131.89054184419996, 43.15937539598944], [131.89054608720116, 43.159465329590105], [131.89042323859925, 43.15946843569945]]]}, "properties": {"zone_id": "vladivostok-2026-06-27-045", "aoi": "vladivostok", "date": "2026-06-27", "scene_id": "S2B_MSIL2A_20260627T020649_R103_T52TGN_20260627T041901", "scene_datetime_utc": "2026-06-27T02:06:49.024000+00:00", "detection_status": "detected", "detection_status_ru": "обнаружено", "lon": 131.89048, "lat": 43.15933, "n_pixels": 1, "zone_area_km2": 0.0005, "cover_m2": 3.1, "p_mean": 0.98, "p_max": 0.98, "cover_m2_km2": 6200.0, "h3": "88316c56b3fffff", "valid_frac_scene": 0.998, "wind_ms": 2.0, "sea": "спокойное", "scene_reliable": true, "field_event_id": "S4:DOORS3:T23", "field_profile": "B", "field_date": "2024-06-10", "field_distance_km": 6980.2, "field_date_gap_days": 747, "field_conc_items_km2": 102.37, "conc_A_items_km2": null, "conc_A_lo80": null, "conc_A_hi80": null, "conc_A_lo95": null, "conc_A_hi95": null, "conc_A_status": "unavailable", "conc_A_status_ru": "концентрация недоступна", "conc_A_reasons": "вне бассейна профиля: nw_atlantic_subtropical", "conc_A_model": "conc-A-c6bce5631d2b", "conc_B_items_km2": null, "conc_B_lo80": null, "conc_B_hi80": null, "conc_B_lo95": null, "conc_B_hi95": null, "conc_B_status": "unavailable", "conc_B_status_ru": "концентрация недоступна", "conc_B_reasons": "вне бассейна профиля: black_sea", "conc_B_model": "conc-B-c6bce5631d2b"}}, {"type": "Feature", "geometry": {"type": "Polygon", "coordinates": [[[131.85449614115063, 43.15920061082646], [131.85449195106168, 43.15911067437687], [131.85436909928407, 43.15911374175452], [131.85436490939418, 43.15902380529359], [131.85448776099204, 43.15902073792553], [131.8544835709417, 43.15893080147245], [131.85473346412988, 43.1590146027942], [131.854737654559, 43.15910453922636], [131.85461480281998, 43.15910760686749], [131.85461899308868, 43.159197543307485], [131.85449614115063, 43.15920061082646]]]}, "properties": {"zone_id": "vladivostok-2026-06-27-046", "aoi": "vladivostok", "date": "2026-06-27", "scene_id": "S2B_MSIL2A_20260627T020649_R103_T52TGN_20260627T041901", "scene_datetime_utc": "2026-06-27T02:06:49.024000+00:00", "detection_status": "detected", "detection_status_ru": "обнаружено", "lon": 131.85455, "lat": 43.15906, "n_pixels": 1, "zone_area_km2": 0.0005, "cover_m2": 5.9, "p_mean": 0.737, "p_max": 0.737, "cover_m2_km2": 11800.0, "h3": "88316c54c5fffff", "valid_frac_scene": 0.998, "wind_ms": 2.0, "sea": "спокойное", "scene_reliable": true, "field_event_id": "S4:DOORS3:T23", "field_profile": "B", "field_date": "2024-06-10", "field_distance_km": 6977.8, "field_date_gap_days": 747, "field_conc_items_km2": 102.37, "conc_A_items_km2": null, "conc_A_lo80": null, "conc_A_hi80": null, "conc_A_lo95": null, "conc_A_hi95": null, "conc_A_status": "unavailable", "conc_A_status_ru": "концентрация недоступна", "conc_A_reasons": "вне бассейна профиля: nw_atlantic_subtropical", "conc_A_model": "conc-A-c6bce5631d2b", "conc_B_items_km2": null, "conc_B_lo80": null, "conc_B_hi80": null, "conc_B_lo95": null, "conc_B_hi95": null, "conc_B_status": "unavailable", "conc_B_status_ru": "концентрация недоступна", "conc_B_reasons": "вне бассейна профиля: black_sea", "conc_B_model": "conc-B-c6bce5631d2b"}}, {"type": "Feature", "geometry": {"type": "MultiPolygon", "coordinates": [[[[131.64181262656444, 43.15864027671785], [131.64156300332547, 43.158556002002534], [131.64156688101147, 43.15864595453574], [131.6413250127312, 43.158741584375655], [131.6413288900932, 43.158831536923216], [131.6414517632741, 43.15882869832603], [131.64145564083384, 43.15891865086301], [131.6417013875017, 43.1589129732555], [131.64169750958223, 43.15882302073625], [131.64182038270954, 43.158820181743664], [131.64181262656444, 43.15864027671785]]], [[[131.64170914339428, 43.15909287828885], [131.64195876904296, 43.159177152615], [131.64195489071014, 43.15908720011862], [131.64207776434128, 43.159084360835806], [131.6420700073695, 43.158904455855684], [131.64182038270954, 43.158820181743664], [131.64182426080885, 43.15891013425402], [131.6417013875017, 43.1589129732555], [131.64170914339428, 43.15909287828885]]]]}, "properties": {"zone_id": "vladivostok-2026-06-27-047", "aoi": "vladivostok", "date": "2026-06-27", "scene_id": "S2B_MSIL2A_20260627T020649_R103_T52TGN_20260627T041901", "scene_datetime_utc": "2026-06-27T02:06:49.024000+00:00", "detection_status": "detected", "detection_status_ru": "обнаружено", "lon": 131.64171, "lat": 43.15885, "n_pixels": 5, "zone_area_km2": 0.0018, "cover_m2": 27.1, "p_mean": 0.9, "p_max": 0.984, "cover_m2_km2": 15055.6, "h3": "88316c4317fffff", "valid_frac_scene": 0.998, "wind_ms": 2.0, "sea": "спокойное", "scene_reliable": true, "field_event_id": "S4:DOORS3:T23", "field_profile": "B", "field_date": "2024-06-10", "field_distance_km": 6963.4, "field_date_gap_days": 747, "field_conc_items_km2": 102.37, "conc_A_items_km2": null, "conc_A_lo80": null, "conc_A_hi80": null, "conc_A_lo95": null, "conc_A_hi95": null, "conc_A_status": "unavailable", "conc_A_status_ru": "концентрация недоступна", "conc_A_reasons": "вне бассейна профиля: nw_atlantic_subtropical", "conc_A_model": "conc-A-c6bce5631d2b", "conc_B_items_km2": null, "conc_B_lo80": null, "conc_B_hi80": null, "conc_B_lo95": null, "conc_B_hi95": null, "conc_B_status": "unavailable", "conc_B_status_ru": "концентрация недоступна", "conc_B_reasons": "вне бассейна профиля: black_sea", "conc_B_model": "conc-B-c6bce5631d2b"}}, {"type": "Feature", "geometry": {"type": "Polygon", "coordinates": [[[131.8431477723479, 43.1584929482788], [131.84314359900662, 43.15840301092992], [131.84302074743363, 43.15840606608271], [131.8430165742913, 43.158316128722554], [131.84313942568457, 43.1583130735793], [131.84313525238176, 43.158223136226944], [131.8433851284134, 43.158306962897605], [131.8433893020949, 43.15839690022913], [131.84326645056035, 43.158399955645386], [131.84327062408138, 43.158489892984726], [131.8431477723479, 43.1584929482788]]]}, "properties": {"zone_id": "vladivostok-2026-06-27-048", "aoi": "vladivostok", "date": "2026-06-27", "scene_id": "S2B_MSIL2A_20260627T020649_R103_T52TGN_20260627T041901", "scene_datetime_utc": "2026-06-27T02:06:49.024000+00:00", "detection_status": "detected", "detection_status_ru": "обнаружено", "lon": 131.8432, "lat": 43.15836, "n_pixels": 1, "zone_area_km2": 0.0005, "cover_m2": 7.8, "p_mean": 0.588, "p_max": 0.588, "cover_m2_km2": 15600.0, "h3": "88316c54e9fffff", "valid_frac_scene": 0.998, "wind_ms": 2.0, "sea": "спокойное", "scene_reliable": true, "field_event_id": "S4:DOORS3:T23", "field_profile": "B", "field_date": "2024-06-10", "field_distance_km": 6977.1, "field_date_gap_days": 747, "field_conc_items_km2": 102.37, "conc_A_items_km2": null, "conc_A_lo80": null, "conc_A_hi80": null, "conc_A_lo95": null, "conc_A_hi95": null, "conc_A_status": "unavailable", "conc_A_status_ru": "концентрация недоступна", "conc_A_reasons": "вне бассейна профиля: nw_atlantic_subtropical", "conc_A_model": "conc-A-c6bce5631d2b", "conc_B_items_km2": null, "conc_B_lo80": null, "conc_B_hi80": null, "conc_B_lo95": null, "conc_B_hi95": null, "conc_B_status": "unavailable", "conc_B_status_ru": "концентрация недоступна", "conc_B_reasons": "вне бассейна профиля: black_sea", "conc_B_model": "conc-B-c6bce5631d2b"}}, {"type": "Feature", "geometry": {"type": "Polygon", "coordinates": [[[131.8933248822439, 43.15840458547259], [131.8933206353245, 43.15831465207594], [131.89319778932887, 43.158317761098324], [131.89319354260874, 43.15822782769022], [131.89331638842467, 43.158224718677545], [131.89331214154438, 43.15813478527742], [131.89356207999776, 43.158218500257064], [131.89356632725702, 43.158308433636016], [131.89344348130052, 43.15831154292183], [131.89344772839962, 43.15840147630877], [131.8933248822439, 43.15840458547259]]]}, "properties": {"zone_id": "vladivostok-2026-06-27-049", "aoi": "vladivostok", "date": "2026-06-27", "scene_id": "S2B_MSIL2A_20260627T020649_R103_T52TGN_20260627T041901", "scene_datetime_utc": "2026-06-27T02:06:49.024000+00:00", "detection_status": "detected", "detection_status_ru": "обнаружено", "lon": 131.89338, "lat": 43.15827, "n_pixels": 1, "zone_area_km2": 0.0005, "cover_m2": 3.1, "p_mean": 0.604, "p_max": 0.604, "cover_m2_km2": 6200.0, "h3": "88316c0b65fffff", "valid_frac_scene": 0.998, "wind_ms": 2.0, "sea": "спокойное", "scene_reliable": true, "field_event_id": "S4:DOORS3:T23", "field_profile": "B", "field_date": "2024-06-10", "field_distance_km": 6980.4, "field_date_gap_days": 747, "field_conc_items_km2": 102.37, "conc_A_items_km2": null, "conc_A_lo80": null, "conc_A_hi80": null, "conc_A_lo95": null, "conc_A_hi95": null, "conc_A_status": "unavailable", "conc_A_status_ru": "концентрация недоступна", "conc_A_reasons": "вне бассейна профиля: nw_atlantic_subtropical", "conc_A_model": "conc-A-c6bce5631d2b", "conc_B_items_km2": null, "conc_B_lo80": null, "conc_B_hi80": null, "conc_B_lo95": null, "conc_B_hi95": null, "conc_B_status": "unavailable", "conc_B_status_ru": "концентрация недоступна", "conc_B_reasons": "вне бассейна профиля: black_sea", "conc_B_model": "conc-B-c6bce5631d2b"}}, {"type": "Feature", "geometry": {"type": "Polygon", "coordinates": [[[131.84657507855061, 43.1581375389993], [131.8465709002345, 43.15804760191267], [131.84644804973942, 43.15805066072536], [131.84644387162228, 43.15796072362742], [131.84656672193765, 43.15795766482429], [131.84656254366004, 43.15786772773417], [131.84681242251062, 43.15795154682284], [131.84681660116695, 43.15804148389209], [131.84669375071036, 43.158044542968234], [131.8466979292062, 43.15813448004532], [131.84657507855061, 43.1581375389993]]]}, "properties": {"zone_id": "vladivostok-2026-06-27-050", "aoi": "vladivostok", "date": "2026-06-27", "scene_id": "S2B_MSIL2A_20260627T020649_R103_T52TGN_20260627T041901", "scene_datetime_utc": "2026-06-27T02:06:49.024000+00:00", "detection_status": "detected", "detection_status_ru": "обнаружено", "lon": 131.84663, "lat": 43.158, "n_pixels": 1, "zone_area_km2": 0.0005, "cover_m2": 5.9, "p_mean": 0.969, "p_max": 0.969, "cover_m2_km2": 11800.0, "h3": "88316c54e9fffff", "valid_frac_scene": 0.998, "wind_ms": 2.0, "sea": "спокойное", "scene_reliable": true, "field_event_id": "S4:DOORS3:T23", "field_profile": "B", "field_date": "2024-06-10", "field_distance_km": 6977.3, "field_date_gap_days": 747, "field_conc_items_km2": 102.37, "conc_A_items_km2": null, "conc_A_lo80": null, "conc_A_hi80": null, "conc_A_lo95": null, "conc_A_hi95": null, "conc_A_status": "unavailable", "conc_A_status_ru": "концентрация недоступна", "conc_A_reasons": "вне бассейна профиля: nw_atlantic_subtropical", "conc_A_model": "conc-A-c6bce5631d2b", "conc_B_items_km2": null, "conc_B_lo80": null, "conc_B_hi80": null, "conc_B_lo95": null, "conc_B_hi95": null, "conc_B_status": "unavailable", "conc_B_status_ru": "концентрация недоступна", "conc_B_reasons": "вне бассейна профиля: black_sea", "conc_B_model": "conc-B-c6bce5631d2b"}}, {"type": "Feature", "geometry": {"type": "Polygon", "coordinates": [[[131.8347959925663, 43.15608915053681], [131.8347918318236, 43.15599921249868], [131.83466898417643, 43.156002258549016], [131.8346648236326, 43.155912320499624], [131.83478767110003, 43.15590927445881], [131.83478351039568, 43.155819336417196], [131.83503336597738, 43.15590318198199], [131.8350375270604, 43.15599312000282], [131.83491467945157, 43.15599616631661], [131.83491884037403, 43.15608610434521], [131.8347959925663, 43.15608915053681]]]}, "properties": {"zone_id": "vladivostok-2026-06-27-051", "aoi": "vladivostok", "date": "2026-06-27", "scene_id": "S2B_MSIL2A_20260627T020649_R103_T52TGN_20260627T041901", "scene_datetime_utc": "2026-06-27T02:06:49.024000+00:00", "detection_status": "detected", "detection_status_ru": "обнаружено", "lon": 131.83485, "lat": 43.15595, "n_pixels": 1, "zone_area_km2": 0.0005, "cover_m2": 7.1, "p_mean": 0.925, "p_max": 0.925, "cover_m2_km2": 14200.0, "h3": "88316c54edfffff", "valid_frac_scene": 0.998, "wind_ms": 2.0, "sea": "спокойное", "scene_reliable": true, "field_event_id": "S4:DOORS3:T23", "field_profile": "B", "field_date": "2024-06-10", "field_distance_km": 6976.6, "field_date_gap_days": 747, "field_conc_items_km2": 102.37, "conc_A_items_km2": null, "conc_A_lo80": null, "conc_A_hi80": null, "conc_A_lo95": null, "conc_A_hi95": null, "conc_A_status": "unavailable", "conc_A_status_ru": "концентрация недоступна", "conc_A_reasons": "вне бассейна профиля: nw_atlantic_subtropical", "conc_A_model": "conc-A-c6bce5631d2b", "conc_B_items_km2": null, "conc_B_lo80": null, "conc_B_hi80": null, "conc_B_lo95": null, "conc_B_hi95": null, "conc_B_status": "unavailable", "conc_B_status_ru": "концентрация недоступна", "conc_B_reasons": "вне бассейна профиля: black_sea", "conc_B_model": "conc-B-c6bce5631d2b"}}, {"type": "Feature", "geometry": {"type": "Polygon", "coordinates": [[[131.8049880369528, 43.15511358901603], [131.80498392006572, 43.155023648653405], [131.80486107121882, 43.155026662645106], [131.80485695453044, 43.15493672227131], [131.8049798031976, 43.15493370828903], [131.80497568634843, 43.15484376792293], [131.805225500475, 43.154927679929266], [131.80522961770257, 43.15501762027479], [131.80510676889364, 43.15502063452996], [131.80511088596046, 43.155110574883174], [131.8049880369528, 43.15511358901603]]]}, "properties": {"zone_id": "vladivostok-2026-06-27-052", "aoi": "vladivostok", "date": "2026-06-27", "scene_id": "S2B_MSIL2A_20260627T020649_R103_T52TGN_20260627T041901", "scene_datetime_utc": "2026-06-27T02:06:49.024000+00:00", "detection_status": "detected", "detection_status_ru": "обнаружено", "lon": 131.80504, "lat": 43.15498, "n_pixels": 1, "zone_area_km2": 0.0005, "cover_m2": 2.4, "p_mean": 0.541, "p_max": 0.541, "cover_m2_km2": 4800.0, "h3": "88316c55cbfffff", "valid_frac_scene": 0.998, "wind_ms": 2.0, "sea": "спокойное", "scene_reliable": true, "field_event_id": "S4:DOORS3:T23", "field_profile": "B", "field_date": "2024-06-10", "field_distance_km": 6974.7, "field_date_gap_days": 747, "field_conc_items_km2": 102.37, "conc_A_items_km2": null, "conc_A_lo80": null, "conc_A_hi80": null, "conc_A_lo95": null, "conc_A_hi95": null, "conc_A_status": "unavailable", "conc_A_status_ru": "концентрация недоступна", "conc_A_reasons": "вне бассейна профиля: nw_atlantic_subtropical", "conc_A_model": "conc-A-c6bce5631d2b", "conc_B_items_km2": null, "conc_B_lo80": null, "conc_B_hi80": null, "conc_B_lo95": null, "conc_B_hi95": null, "conc_B_status": "unavailable", "conc_B_status_ru": "концентрация недоступна", "conc_B_reasons": "вне бассейна профиля: black_sea", "conc_B_model": "conc-B-c6bce5631d2b"}}, {"type": "Feature", "geometry": {"type": "Polygon", "coordinates": [[[131.81769806503357, 43.15336038334226], [131.81769392976005, 43.153270443933614], [131.81757108576562, 43.15327347147388], [131.81756281563514, 43.15309359263244], [131.81780436749006, 43.15299759805362], [131.81780850288612, 43.15308753745802], [131.81793134648305, 43.15308450967323], [131.81793961769176, 43.1532643884579], [131.81769806503357, 43.15336038334226]]]}, "properties": {"zone_id": "vladivostok-2026-06-27-053", "aoi": "vladivostok", "date": "2026-06-27", "scene_id": "S2B_MSIL2A_20260627T020649_R103_T52TGN_20260627T041901", "scene_datetime_utc": "2026-06-27T02:06:49.024000+00:00", "detection_status": "detected", "detection_status_ru": "обнаружено", "lon": 131.81775, "lat": 43.15318, "n_pixels": 2, "zone_area_km2": 0.0008, "cover_m2": 16.1, "p_mean": 0.978, "p_max": 0.988, "cover_m2_km2": 20125.0, "h3": "88316c55d9fffff", "valid_frac_scene": 0.998, "wind_ms": 2.0, "sea": "спокойное", "scene_reliable": true, "field_event_id": "S4:DOORS3:T23", "field_profile": "B", "field_date": "2024-06-10", "field_distance_km": 6975.7, "field_date_gap_days": 747, "field_conc_items_km2": 102.37, "conc_A_items_km2": null, "conc_A_lo80": null, "conc_A_hi80": null, "conc_A_lo95": null, "conc_A_hi95": null, "conc_A_status": "unavailable", "conc_A_status_ru": "концентрация недоступна", "conc_A_reasons": "вне бассейна профиля: nw_atlantic_subtropical", "conc_A_model": "conc-A-c6bce5631d2b", "conc_B_items_km2": null, "conc_B_lo80": null, "conc_B_hi80": null, "conc_B_lo95": null, "conc_B_hi95": null, "conc_B_status": "unavailable", "conc_B_status_ru": "концентрация недоступна", "conc_B_reasons": "вне бассейна профиля: black_sea", "conc_B_model": "conc-B-c6bce5631d2b"}}, {"type": "Feature", "geometry": {"type": "Polygon", "coordinates": [[[131.80305479173595, 43.15318009371492], [131.80305067796178, 43.15309015317288], [131.80292783278438, 43.15309316498151], [131.80291960565236, 43.152913283873424], [131.80316118137242, 43.152817319624255], [131.8031652952694, 43.152907260162074], [131.80328814004952, 43.15290424810883], [131.8032963682598, 43.15308412916045], [131.80305479173595, 43.15318009371492]]]}, "properties": {"zone_id": "vladivostok-2026-06-27-054", "aoi": "vladivostok", "date": "2026-06-27", "scene_id": "S2B_MSIL2A_20260627T020649_R103_T52TGN_20260627T041901", "scene_datetime_utc": "2026-06-27T02:06:49.024000+00:00", "detection_status": "detected", "detection_status_ru": "обнаружено", "lon": 131.80311, "lat": 43.153, "n_pixels": 2, "zone_area_km2": 0.0008, "cover_m2": 5.9, "p_mean": 0.904, "p_max": 0.98, "cover_m2_km2": 7375.0, "h3": "88316c55c3fffff", "valid_frac_scene": 0.998, "wind_ms": 2.0, "sea": "спокойное", "scene_reliable": true, "field_event_id": "S4:DOORS3:T23", "field_profile": "B", "field_date": "2024-06-10", "field_distance_km": 6974.7, "field_date_gap_days": 747, "field_conc_items_km2": 102.37, "conc_A_items_km2": null, "conc_A_lo80": null, "conc_A_hi80": null, "conc_A_lo95": null, "conc_A_hi95": null, "conc_A_status": "unavailable", "conc_A_status_ru": "концентрация недоступна", "conc_A_reasons": "вне бассейна профиля: nw_atlantic_subtropical", "conc_A_model": "conc-A-c6bce5631d2b", "conc_B_items_km2": null, "conc_B_lo80": null, "conc_B_hi80": null, "conc_B_lo95": null, "conc_B_hi95": null, "conc_B_status": "unavailable", "conc_B_status_ru": "концентрация недоступна", "conc_B_reasons": "вне бассейна профиля: black_sea", "conc_B_model": "conc-B-c6bce5631d2b"}}, {"type": "Feature", "geometry": {"type": "MultiPolygon", "coordinates": [[[[131.80248115268805, 43.15139332827353], [131.80223135667453, 43.15130940971448], [131.80222724437655, 43.15121946907955], [131.80210440285921, 43.151222479900234], [131.80210029075985, 43.151132539254164], [131.8018587197677, 43.15122850114646], [131.8018628315266, 43.151318441809615], [131.8019856732615, 43.151315431242956], [131.80199389719553, 43.15149531254525], [131.80224369368213, 43.15157923160886], [131.8022478060559, 43.15166917223686], [131.80248937809756, 43.15157320949706], [131.80248115268805, 43.15139332827353]]], [[[131.8023829862269, 43.151935983082744], [131.8025058291439, 43.15193297192334], [131.80250994195288, 43.152022912525574], [131.80238709885614, 43.152025923694374], [131.8023953241715, 43.15220580491246], [131.80251816762762, 43.15220279372484], [131.80252228049343, 43.15229273432186], [131.80276385448306, 43.15219677095442], [131.8027556280895, 43.15201688979279], [131.80263278503065, 43.15201990122504], [131.802628672042, 43.15192996063222], [131.8027515149211, 43.15192694920938], [131.80273917552972, 43.15165712744873], [131.8026163331897, 43.15166013884334], [131.80261222027684, 43.15157019824359], [131.80237064845278, 43.151666161237394], [131.8023829862269, 43.151935983082744]]]]}, "properties": {"zone_id": "vladivostok-2026-06-27-055", "aoi": "vladivostok", "date": "2026-06-27", "scene_id": "S2B_MSIL2A_20260627T020649_R103_T52TGN_20260627T041901", "scene_datetime_utc": "2026-06-27T02:06:49.024000+00:00", "detection_status": "detected", "detection_status_ru": "обнаружено", "lon": 131.80238, "lat": 43.15167, "n_pixels": 10, "zone_area_km2": 0.0033, "cover_m2": 37.6, "p_mean": 0.904, "p_max": 0.996, "cover_m2_km2": 11393.9, "h3": "88316c55c3fffff", "valid_frac_scene": 0.998, "wind_ms": 2.0, "sea": "спокойное", "scene_reliable": true, "field_event_id": "S4:DOORS3:T23", "field_profile": "B", "field_date": "2024-06-10", "field_distance_km": 6974.7, "field_date_gap_days": 747, "field_conc_items_km2": 102.37, "conc_A_items_km2": null, "conc_A_lo80": null, "conc_A_hi80": null, "conc_A_lo95": null, "conc_A_hi95": null, "conc_A_status": "unavailable", "conc_A_status_ru": "концентрация недоступна", "conc_A_reasons": "вне бассейна профиля: nw_atlantic_subtropical", "conc_A_model": "conc-A-c6bce5631d2b", "conc_B_items_km2": null, "conc_B_lo80": null, "conc_B_hi80": null, "conc_B_lo95": null, "conc_B_hi95": null, "conc_B_status": "unavailable", "conc_B_status_ru": "концентрация недоступна", "conc_B_reasons": "вне бассейна профиля: black_sea", "conc_B_model": "conc-B-c6bce5631d2b"}}, {"type": "Feature", "geometry": {"type": "Polygon", "coordinates": [[[131.89508182502072, 43.15133691445091], [131.89507757657327, 43.151246981082565], [131.89495474492466, 43.151250091585915], [131.89495049667644, 43.151160158206075], [131.8950733281454, 43.151157047712445], [131.8950690797371, 43.15106711434056], [131.89531899102468, 43.15115082633011], [131.89532323981183, 43.15124075968079], [131.89520040820236, 43.15124387044752], [131.89520465682943, 43.15133380380615], [131.89508182502072, 43.15133691445091]]]}, "properties": {"zone_id": "vladivostok-2026-06-27-056", "aoi": "vladivostok", "date": "2026-06-27", "scene_id": "S2B_MSIL2A_20260627T020649_R103_T52TGN_20260627T041901", "scene_datetime_utc": "2026-06-27T02:06:49.024000+00:00", "detection_status": "detected", "detection_status_ru": "обнаружено", "lon": 131.89514, "lat": 43.1512, "n_pixels": 1, "zone_area_km2": 0.0005, "cover_m2": 12.2, "p_mean": 0.769, "p_max": 0.769, "cover_m2_km2": 24400.0, "h3": "88316c54dbfffff", "valid_frac_scene": 0.998, "wind_ms": 2.0, "sea": "спокойное", "scene_reliable": true, "field_event_id": "S4:DOORS3:T23", "field_profile": "B", "field_date": "2024-06-10", "field_distance_km": 6981.0, "field_date_gap_days": 747, "field_conc_items_km2": 102.37, "conc_A_items_km2": null, "conc_A_lo80": null, "conc_A_hi80": null, "conc_A_lo95": null, "conc_A_hi95": null, "conc_A_status": "unavailable", "conc_A_status_ru": "концентрация недоступна", "conc_A_reasons": "вне бассейна профиля: nw_atlantic_subtropical", "conc_A_model": "conc-A-c6bce5631d2b", "conc_B_items_km2": null, "conc_B_lo80": null, "conc_B_hi80": null, "conc_B_lo95": null, "conc_B_hi95": null, "conc_B_status": "unavailable", "conc_B_status_ru": "концентрация недоступна", "conc_B_reasons": "вне бассейна профиля: black_sea", "conc_B_model": "conc-B-c6bce5631d2b"}}, {"type": "Feature", "geometry": {"type": "Polygon", "coordinates": [[[131.85631757656827, 43.15078129409669], [131.85631338504035, 43.15069135765724], [131.85619055032203, 43.15069442651413], [131.85618635899309, 43.15060449006335], [131.85630919353176, 43.15060142121606], [131.8563050020425, 43.15051148477311], [131.8565548625512, 43.15059528312637], [131.85655905441908, 43.15068521954838], [131.85643621973938, 43.150688288668654], [131.85644041144695, 43.15077822509851], [131.85631757656827, 43.15078129409669]]]}, "properties": {"zone_id": "vladivostok-2026-06-27-057", "aoi": "vladivostok", "date": "2026-06-27", "scene_id": "S2B_MSIL2A_20260627T020649_R103_T52TGN_20260627T041901", "scene_datetime_utc": "2026-06-27T02:06:49.024000+00:00", "detection_status": "detected", "detection_status_ru": "обнаружено", "lon": 131.85637, "lat": 43.15064, "n_pixels": 1, "zone_area_km2": 0.0005, "cover_m2": 3.9, "p_mean": 0.71, "p_max": 0.71, "cover_m2_km2": 7800.0, "h3": "88316c548dfffff", "valid_frac_scene": 0.998, "wind_ms": 2.0, "sea": "спокойное", "scene_reliable": true, "field_event_id": "S4:DOORS3:T23", "field_profile": "B", "field_date": "2024-06-10", "field_distance_km": 6978.4, "field_date_gap_days": 747, "field_conc_items_km2": 102.37, "conc_A_items_km2": null, "conc_A_lo80": null, "conc_A_hi80": null, "conc_A_lo95": null, "conc_A_hi95": null, "conc_A_status": "unavailable", "conc_A_status_ru": "концентрация недоступна", "conc_A_reasons": "вне бассейна профиля: nw_atlantic_subtropical", "conc_A_model": "conc-A-c6bce5631d2b", "conc_B_items_km2": null, "conc_B_lo80": null, "conc_B_hi80": null, "conc_B_lo95": null, "conc_B_hi95": null, "conc_B_status": "unavailable", "conc_B_status_ru": "концентрация недоступна", "conc_B_reasons": "вне бассейна профиля: black_sea", "conc_B_model": "conc-B-c6bce5631d2b"}}, {"type": "Feature", "geometry": {"type": "Polygon", "coordinates": [[[131.79984394717994, 43.1501973622502], [131.79983983854228, 43.150107421414035], [131.79971699900113, 43.150110429609875], [131.7997128905621, 43.15002048876257], [131.79983572992353, 43.15001748057612], [131.79983162132373, 43.149927539736474], [131.80008140858968, 43.150011463808084], [131.8000855175678, 43.15010140462719], [131.7999626780645, 43.15010441308647], [131.79996678688187, 43.15019435391324], [131.79984394717994, 43.1501973622502]]]}, "properties": {"zone_id": "vladivostok-2026-06-27-058", "aoi": "vladivostok", "date": "2026-06-27", "scene_id": "S2B_MSIL2A_20260627T020649_R103_T52TGN_20260627T041901", "scene_datetime_utc": "2026-06-27T02:06:49.024000+00:00", "detection_status": "detected", "detection_status_ru": "обнаружено", "lon": 131.7999, "lat": 43.15006, "n_pixels": 1, "zone_area_km2": 0.0005, "cover_m2": 2.7, "p_mean": 0.627, "p_max": 0.627, "cover_m2_km2": 5400.0, "h3": "88316c55c3fffff", "valid_frac_scene": 0.998, "wind_ms": 2.0, "sea": "спокойное", "scene_reliable": true, "field_event_id": "S4:DOORS3:T23", "field_profile": "B", "field_date": "2024-06-10", "field_distance_km": 6974.6, "field_date_gap_days": 747, "field_conc_items_km2": 102.37, "conc_A_items_km2": null, "conc_A_lo80": null, "conc_A_hi80": null, "conc_A_lo95": null, "conc_A_hi95": null, "conc_A_status": "unavailable", "conc_A_status_ru": "концентрация недоступна", "conc_A_reasons": "вне бассейна профиля: nw_atlantic_subtropical", "conc_A_model": "conc-A-c6bce5631d2b", "conc_B_items_km2": null, "conc_B_lo80": null, "conc_B_hi80": null, "conc_B_lo95": null, "conc_B_hi95": null, "conc_B_status": "unavailable", "conc_B_status_ru": "концентрация недоступна", "conc_B_reasons": "вне бассейна профиля: black_sea", "conc_B_model": "conc-B-c6bce5631d2b"}}, {"type": "Feature", "geometry": {"type": "Polygon", "coordinates": [[[131.78889067495928, 43.15001486834979], [131.78888658240845, 43.14992492666991], [131.7887637420844, 43.14992792309631], [131.78875964973213, 43.14983798140532], [131.7888824898765, 43.14983498498828], [131.78887839736336, 43.149745043304925], [131.78912817010865, 43.14982899175907], [131.789132263, 43.14991893342197], [131.78900942271366, 43.149921930111795], [131.78901351544417, 43.15001187178232], [131.78889067495928, 43.15001486834979]]]}, "properties": {"zone_id": "vladivostok-2026-06-27-059", "aoi": "vladivostok", "date": "2026-06-27", "scene_id": "S2B_MSIL2A_20260627T020649_R103_T52TGN_20260627T041901", "scene_datetime_utc": "2026-06-27T02:06:49.024000+00:00", "detection_status": "detected", "detection_status_ru": "обнаружено", "lon": 131.78895, "lat": 43.14988, "n_pixels": 1, "zone_area_km2": 0.0005, "cover_m2": 3.5, "p_mean": 0.984, "p_max": 0.984, "cover_m2_km2": 7000.0, "h3": "88316c55c7fffff", "valid_frac_scene": 0.998, "wind_ms": 2.0, "sea": "спокойное", "scene_reliable": true, "field_event_id": "S4:DOORS3:T23", "field_profile": "B", "field_date": "2024-06-10", "field_distance_km": 6973.9, "field_date_gap_days": 747, "field_conc_items_km2": 102.37, "conc_A_items_km2": null, "conc_A_lo80": null, "conc_A_hi80": null, "conc_A_lo95": null, "conc_A_hi95": null, "conc_A_status": "unavailable", "conc_A_status_ru": "концентрация недоступна", "conc_A_reasons": "вне бассейна профиля: nw_atlantic_subtropical", "conc_A_model": "conc-A-c6bce5631d2b", "conc_B_items_km2": null, "conc_B_lo80": null, "conc_B_hi80": null, "conc_B_lo95": null, "conc_B_hi95": null, "conc_B_status": "unavailable", "conc_B_status_ru": "концентрация недоступна", "conc_B_reasons": "вне бассейна профиля: black_sea", "conc_B_model": "conc-B-c6bce5631d2b"}}, {"type": "Feature", "geometry": {"type": "Polygon", "coordinates": [[[131.79942613202658, 43.1491270959839], [131.7994220241551, 43.14903715509872], [131.79917224175946, 43.14895322943714], [131.79916402682983, 43.14877334762052], [131.79904118988927, 43.14877635501682], [131.79903708263248, 43.14868641409652], [131.79891424585267, 43.14868942135172], [131.7989101387945, 43.148599480420266], [131.79915170457727, 43.14850352488257], [131.79915581197588, 43.14859346579694], [131.79927864853818, 43.148590458287735], [131.79928275613537, 43.14868039919098], [131.7994055928584, 43.148677391540666], [131.7994138084689, 43.148857273323166], [131.7996635907699, 43.148941198459646], [131.79966769898184, 43.14903113932777], [131.79954486157794, 43.1490341472791], [131.7995489696291, 43.14912408815489], [131.79942613202658, 43.1491270959839]]]}, "properties": {"zone_id": "vladivostok-2026-06-27-060", "aoi": "vladivostok", "date": "2026-06-27", "scene_id": "S2B_MSIL2A_20260627T020649_R103_T52TGN_20260627T041901", "scene_datetime_utc": "2026-06-27T02:06:49.024000+00:00", "detection_status": "detected", "detection_status_ru": "обнаружено", "lon": 131.79929, "lat": 43.14882, "n_pixels": 4, "zone_area_km2": 0.0016, "cover_m2": 11.4, "p_mean": 0.712, "p_max": 0.882, "cover_m2_km2": 7125.0, "h3": "88316c55c3fffff", "valid_frac_scene": 0.998, "wind_ms": 2.0, "sea": "спокойное", "scene_reliable": true, "field_event_id": "S4:DOORS3:T23", "field_profile": "B", "field_date": "2024-06-10", "field_distance_km": 6974.7, "field_date_gap_days": 747, "field_conc_items_km2": 102.37, "conc_A_items_km2": null, "conc_A_lo80": null, "conc_A_hi80": null, "conc_A_lo95": null, "conc_A_hi95": null, "conc_A_status": "unavailable", "conc_A_status_ru": "концентрация недоступна", "conc_A_reasons": "вне бассейна профиля: nw_atlantic_subtropical", "conc_A_model": "conc-A-c6bce5631d2b", "conc_B_items_km2": null, "conc_B_lo80": null, "conc_B_hi80": null, "conc_B_lo95": null, "conc_B_hi95": null, "conc_B_status": "unavailable", "conc_B_status_ru": "концентрация недоступна", "conc_B_reasons": "вне бассейна профиля: black_sea", "conc_B_model": "conc-B-c6bce5631d2b"}}, {"type": "Feature", "geometry": {"type": "Polygon", "coordinates": [[[131.79713706707145, 43.14747233405606], [131.79713296279348, 43.14738239296882], [131.79701012842497, 43.14738539810755], [131.79700602434554, 43.14729545700919], [131.7971288585344, 43.14729245187986], [131.7971247542942, 43.14720251078915], [131.79737452685538, 43.147286441226065], [131.79737863147378, 43.14737638229626], [131.79725579714307, 43.147379387698386], [131.79725990160074, 43.14746932877624], [131.79713706707145, 43.14747233405606]]]}, "properties": {"zone_id": "vladivostok-2026-06-27-061", "aoi": "vladivostok", "date": "2026-06-27", "scene_id": "S2B_MSIL2A_20260627T020649_R103_T52TGN_20260627T041901", "scene_datetime_utc": "2026-06-27T02:06:49.024000+00:00", "detection_status": "detected", "detection_status_ru": "обнаружено", "lon": 131.79719, "lat": 43.14734, "n_pixels": 1, "zone_area_km2": 0.0005, "cover_m2": 5.1, "p_mean": 0.533, "p_max": 0.533, "cover_m2_km2": 10200.0, "h3": "88316c5589fffff", "valid_frac_scene": 0.998, "wind_ms": 2.0, "sea": "спокойное", "scene_reliable": true, "field_event_id": "S4:DOORS3:T23", "field_profile": "B", "field_date": "2024-06-10", "field_distance_km": 6974.6, "field_date_gap_days": 747, "field_conc_items_km2": 102.37, "conc_A_items_km2": null, "conc_A_lo80": null, "conc_A_hi80": null, "conc_A_lo95": null, "conc_A_hi95": null, "conc_A_status": "unavailable", "conc_A_status_ru": "концентрация недоступна", "conc_A_reasons": "вне бассейна профиля: nw_atlantic_subtropical", "conc_A_model": "conc-A-c6bce5631d2b", "conc_B_items_km2": null, "conc_B_lo80": null, "conc_B_hi80": null, "conc_B_lo95": null, "conc_B_hi95": null, "conc_B_status": "unavailable", "conc_B_status_ru": "концентрация недоступна", "conc_B_reasons": "вне бассейна профиля: black_sea", "conc_B_model": "conc-B-c6bce5631d2b"}}, {"type": "Feature", "geometry": {"type": "Polygon", "coordinates": [[[131.796232092653, 43.14650401454922], [131.79622798984062, 43.14641407337719], [131.796105157316, 43.146417077490746], [131.7960928495311, 43.146147253936086], [131.796334410567, 43.14605130446403], [131.79633851348345, 43.14614124563361], [131.79646134543128, 43.14613824128483], [131.79647365483308, 43.14640806475499], [131.796232092653, 43.14650401454922]]]}, "properties": {"zone_id": "vladivostok-2026-06-27-062", "aoi": "vladivostok", "date": "2026-06-27", "scene_id": "S2B_MSIL2A_20260627T020649_R103_T52TGN_20260627T041901", "scene_datetime_utc": "2026-06-27T02:06:49.024000+00:00", "detection_status": "detected", "detection_status_ru": "обнаружено", "lon": 131.79628, "lat": 43.14628, "n_pixels": 3, "zone_area_km2": 0.0011, "cover_m2": 18.8, "p_mean": 0.771, "p_max": 0.835, "cover_m2_km2": 17090.9, "h3": "88316c5589fffff", "valid_frac_scene": 0.998, "wind_ms": 2.0, "sea": "спокойное", "scene_reliable": true, "field_event_id": "S4:DOORS3:T23", "field_profile": "B", "field_date": "2024-06-10", "field_distance_km": 6974.6, "field_date_gap_days": 747, "field_conc_items_km2": 102.37, "conc_A_items_km2": null, "conc_A_lo80": null, "conc_A_hi80": null, "conc_A_lo95": null, "conc_A_hi95": null, "conc_A_status": "unavailable", "conc_A_status_ru": "концентрация недоступна", "conc_A_reasons": "вне бассейна профиля: nw_atlantic_subtropical", "conc_A_model": "conc-A-c6bce5631d2b", "conc_B_items_km2": null, "conc_B_lo80": null, "conc_B_hi80": null, "conc_B_lo95": null, "conc_B_hi95": null, "conc_B_status": "unavailable", "conc_B_status_ru": "концентрация недоступна", "conc_B_reasons": "вне бассейна профиля: black_sea", "conc_B_model": "conc-B-c6bce5631d2b"}}, {"type": "Feature", "geometry": {"type": "Polygon", "coordinates": [[[131.7958389811263, 43.14597337929578], [131.79583487896625, 43.14588343808519], [131.79558511415874, 43.145799504046686], [131.79558101239576, 43.14570956281384], [131.79570384355875, 43.14570655930216], [131.79569974163502, 43.145616618076986], [131.795949505828, 43.145700551883735], [131.7959536081299, 43.14579049308841], [131.79607643941586, 43.14578748917227], [131.7960805419163, 43.14587743036582], [131.79595771045072, 43.14588043429134], [131.79596181279044, 43.14597037549255], [131.7958389811263, 43.14597337929578]]]}, "properties": {"zone_id": "vladivostok-2026-06-27-063", "aoi": "vladivostok", "date": "2026-06-27", "scene_id": "S2B_MSIL2A_20260627T020649_R103_T52TGN_20260627T041901", "scene_datetime_utc": "2026-06-27T02:06:49.024000+00:00", "detection_status": "detected", "detection_status_ru": "обнаружено", "lon": 131.79583, "lat": 43.14579, "n_pixels": 2, "zone_area_km2": 0.0008, "cover_m2": 9.8, "p_mean": 0.743, "p_max": 0.769, "cover_m2_km2": 12250.0, "h3": "88316c5589fffff", "valid_frac_scene": 0.998, "wind_ms": 2.0, "sea": "спокойное", "scene_reliable": true, "field_event_id": "S4:DOORS3:T23", "field_profile": "B", "field_date": "2024-06-10", "field_distance_km": 6974.6, "field_date_gap_days": 747, "field_conc_items_km2": 102.37, "conc_A_items_km2": null, "conc_A_lo80": null, "conc_A_hi80": null, "conc_A_lo95": null, "conc_A_hi95": null, "conc_A_status": "unavailable", "conc_A_status_ru": "концентрация недоступна", "conc_A_reasons": "вне бассейна профиля: nw_atlantic_subtropical", "conc_A_model": "conc-A-c6bce5631d2b", "conc_B_items_km2": null, "conc_B_lo80": null, "conc_B_hi80": null, "conc_B_lo95": null, "conc_B_hi95": null, "conc_B_status": "unavailable", "conc_B_status_ru": "концентрация недоступна", "conc_B_reasons": "вне бассейна профиля: black_sea", "conc_B_model": "conc-B-c6bce5631d2b"}}, {"type": "Feature", "geometry": {"type": "Polygon", "coordinates": [[[131.79533124862837, 43.14562562818877], [131.79532714726247, 43.145535686933705], [131.79520431640213, 43.14553869003153], [131.79519611408634, 43.145358807497416], [131.7953189445874, 43.14535580441836], [131.7953148432782, 43.1452658631581], [131.79556460553283, 43.14534979786518], [131.79556870722024, 43.14543973910495], [131.79569153784428, 43.14543673562144], [131.7956956397302, 43.14552667685008], [131.79557280892652, 43.14552968034298], [131.7955769106517, 43.14561962157928], [131.79533124862837, 43.14562562818877]]]}, "properties": {"zone_id": "vladivostok-2026-06-27-064", "aoi": "vladivostok", "date": "2026-06-27", "scene_id": "S2B_MSIL2A_20260627T020649_R103_T52TGN_20260627T041901", "scene_datetime_utc": "2026-06-27T02:06:49.024000+00:00", "detection_status": "detected", "detection_status_ru": "обнаружено", "lon": 131.79543, "lat": 43.14546, "n_pixels": 3, "zone_area_km2": 0.001, "cover_m2": 20.4, "p_mean": 0.825, "p_max": 0.961, "cover_m2_km2": 20400.0, "h3": "88316c5589fffff", "valid_frac_scene": 0.998, "wind_ms": 2.0, "sea": "спокойное", "scene_reliable": true, "field_event_id": "S4:DOORS3:T23", "field_profile": "B", "field_date": "2024-06-10", "field_distance_km": 6974.6, "field_date_gap_days": 747, "field_conc_items_km2": 102.37, "conc_A_items_km2": null, "conc_A_lo80": null, "conc_A_hi80": null, "conc_A_lo95": null, "conc_A_hi95": null, "conc_A_status": "unavailable", "conc_A_status_ru": "концентрация недоступна", "conc_A_reasons": "вне бассейна профиля: nw_atlantic_subtropical", "conc_A_model": "conc-A-c6bce5631d2b", "conc_B_items_km2": null, "conc_B_lo80": null, "conc_B_hi80": null, "conc_B_lo95": null, "conc_B_hi95": null, "conc_B_status": "unavailable", "conc_B_status_ru": "концентрация недоступна", "conc_B_reasons": "вне бассейна профиля: black_sea", "conc_B_model": "conc-B-c6bce5631d2b"}}, {"type": "Feature", "geometry": {"type": "Polygon", "coordinates": [[[131.79494225150586, 43.14518493068187], [131.7949381507734, 43.14509498938998], [131.79468839036258, 43.14501105325754], [131.79468429002716, 43.14492111194343], [131.79480711970558, 43.144918109438066], [131.79480301920944, 43.14482816813158], [131.79505277900574, 43.14491210403226], [131.7950568798801, 43.14500204531823], [131.79517970968146, 43.14499904240841], [131.79518381075434, 43.14508898368325], [131.79506098077331, 43.14509198660246], [131.79506508168544, 43.14518192788496], [131.79494225150586, 43.14518493068187]]]}, "properties": {"zone_id": "vladivostok-2026-06-27-065", "aoi": "vladivostok", "date": "2026-06-27", "scene_id": "S2B_MSIL2A_20260627T020649_R103_T52TGN_20260627T041901", "scene_datetime_utc": "2026-06-27T02:06:49.024000+00:00", "detection_status": "detected", "detection_status_ru": "обнаружено", "lon": 131.79493, "lat": 43.14501, "n_pixels": 2, "zone_area_km2": 0.0008, "cover_m2": 17.3, "p_mean": 0.82, "p_max": 0.867, "cover_m2_km2": 21625.0, "h3": "88316c5589fffff", "valid_frac_scene": 0.998, "wind_ms": 2.0, "sea": "спокойное", "scene_reliable": true, "field_event_id": "S4:DOORS3:T23", "field_profile": "B", "field_date": "2024-06-10", "field_distance_km": 6974.6, "field_date_gap_days": 747, "field_conc_items_km2": 102.37, "conc_A_items_km2": null, "conc_A_lo80": null, "conc_A_hi80": null, "conc_A_lo95": null, "conc_A_hi95": null, "conc_A_status": "unavailable", "conc_A_status_ru": "концентрация недоступна", "conc_A_reasons": "вне бассейна профиля: nw_atlantic_subtropical", "conc_A_model": "conc-A-c6bce5631d2b", "conc_B_items_km2": null, "conc_B_lo80": null, "conc_B_hi80": null, "conc_B_lo95": null, "conc_B_hi95": null, "conc_B_status": "unavailable", "conc_B_status_ru": "концентрация недоступна", "conc_B_reasons": "вне бассейна профиля: black_sea", "conc_B_model": "conc-B-c6bce5631d2b"}}, {"type": "Feature", "geometry": {"type": "Polygon", "coordinates": [[[131.79419707074146, 43.14502306199964], [131.79419297112463, 43.144933120648005], [131.79407014135177, 43.144936122494904], [131.79406194253403, 43.14475623976765], [131.79430350160246, 43.144660294632196], [131.7943076013423, 43.14475023597966], [131.79443043071808, 43.14474723388812], [131.79443863061368, 43.144927116559096], [131.79419707074146, 43.14502306199964]]]}, "properties": {"zone_id": "vladivostok-2026-06-27-066", "aoi": "vladivostok", "date": "2026-06-27", "scene_id": "S2B_MSIL2A_20260627T020649_R103_T52TGN_20260627T041901", "scene_datetime_utc": "2026-06-27T02:06:49.024000+00:00", "detection_status": "detected", "detection_status_ru": "обнаружено", "lon": 131.79425, "lat": 43.14484, "n_pixels": 2, "zone_area_km2": 0.0008, "cover_m2": 10.6, "p_mean": 0.988, "p_max": 0.992, "cover_m2_km2": 13250.0, "h3": "88316c5589fffff", "valid_frac_scene": 0.998, "wind_ms": 2.0, "sea": "спокойное", "scene_reliable": true, "field_event_id": "S4:DOORS3:T23", "field_profile": "B", "field_date": "2024-06-10", "field_distance_km": 6974.6, "field_date_gap_days": 747, "field_conc_items_km2": 102.37, "conc_A_items_km2": null, "conc_A_lo80": null, "conc_A_hi80": null, "conc_A_lo95": null, "conc_A_hi95": null, "conc_A_status": "unavailable", "conc_A_status_ru": "концентрация недоступна", "conc_A_reasons": "вне бассейна профиля: nw_atlantic_subtropical", "conc_A_model": "conc-A-c6bce5631d2b", "conc_B_items_km2": null, "conc_B_lo80": null, "conc_B_hi80": null, "conc_B_lo95": null, "conc_B_hi95": null, "conc_B_status": "unavailable", "conc_B_status_ru": "концентрация недоступна", "conc_B_reasons": "вне бассейна профиля: black_sea", "conc_B_model": "conc-B-c6bce5631d2b"}}, {"type": "Feature", "geometry": {"type": "Polygon", "coordinates": [[[131.7940455451252, 43.14439647429234], [131.79404144582017, 43.14430653291918], [131.79391861728593, 43.144309534568734], [131.79390632002313, 43.14403971041072], [131.79414787658587, 43.1439437656655], [131.79415197599496, 43.14403370703621], [131.79427480395256, 43.144030705151415], [131.79428710283204, 43.144300529225], [131.7940455451252, 43.14439647429234]]]}, "properties": {"zone_id": "vladivostok-2026-06-27-067", "aoi": "vladivostok", "date": "2026-06-27", "scene_id": "S2B_MSIL2A_20260627T020649_R103_T52TGN_20260627T041901", "scene_datetime_utc": "2026-06-27T02:06:49.024000+00:00", "detection_status": "detected", "detection_status_ru": "обнаружено", "lon": 131.7941, "lat": 43.14417, "n_pixels": 3, "zone_area_km2": 0.0011, "cover_m2": 25.1, "p_mean": 0.892, "p_max": 0.965, "cover_m2_km2": 22818.2, "h3": "88316c5589fffff", "valid_frac_scene": 0.998, "wind_ms": 2.0, "sea": "спокойное", "scene_reliable": true, "field_event_id": "S4:DOORS3:T23", "field_profile": "B", "field_date": "2024-06-10", "field_distance_km": 6974.6, "field_date_gap_days": 747, "field_conc_items_km2": 102.37, "conc_A_items_km2": null, "conc_A_lo80": null, "conc_A_hi80": null, "conc_A_lo95": null, "conc_A_hi95": null, "conc_A_status": "unavailable", "conc_A_status_ru": "концентрация недоступна", "conc_A_reasons": "вне бассейна профиля: nw_atlantic_subtropical", "conc_A_model": "conc-A-c6bce5631d2b", "conc_B_items_km2": null, "conc_B_lo80": null, "conc_B_hi80": null, "conc_B_lo95": null, "conc_B_hi95": null, "conc_B_status": "unavailable", "conc_B_status_ru": "концентрация недоступна", "conc_B_reasons": "вне бассейна профиля: black_sea", "conc_B_model": "conc-B-c6bce5631d2b"}}, {"type": "Feature", "geometry": {"type": "Polygon", "coordinates": [[[131.79956871030356, 43.14417132239291], [131.79956460293394, 43.14408138144058], [131.79944177542995, 43.14408438900662], [131.7994294539734, 43.14381456611099], [131.7996710004111, 43.1437186099537], [131.79967510788467, 43.143808550903586], [131.79979793481195, 43.14380554310235], [131.7998020424841, 43.1438954840411], [131.79992486957204, 43.143892476098785], [131.79993308533238, 43.14407235795228], [131.79981025788516, 43.1440753659134], [131.79981436561408, 43.14416530684694], [131.79956871030356, 43.14417132239291]]]}, "properties": {"zone_id": "vladivostok-2026-06-27-068", "aoi": "vladivostok", "date": "2026-06-27", "scene_id": "S2B_MSIL2A_20260627T020649_R103_T52TGN_20260627T041901", "scene_datetime_utc": "2026-06-27T02:06:49.024000+00:00", "detection_status": "detected", "detection_status_ru": "обнаружено", "lon": 131.79967, "lat": 43.14396, "n_pixels": 5, "zone_area_km2": 0.0014, "cover_m2": 47.5, "p_mean": 0.837, "p_max": 0.969, "cover_m2_km2": 33928.6, "h3": "88316c5589fffff", "valid_frac_scene": 0.998, "wind_ms": 2.0, "sea": "спокойное", "scene_reliable": true, "field_event_id": "S4:DOORS3:T23", "field_profile": "B", "field_date": "2024-06-10", "field_distance_km": 6975.0, "field_date_gap_days": 747, "field_conc_items_km2": 102.37, "conc_A_items_km2": null, "conc_A_lo80": null, "conc_A_hi80": null, "conc_A_lo95": null, "conc_A_hi95": null, "conc_A_status": "unavailable", "conc_A_status_ru": "концентрация недоступна", "conc_A_reasons": "вне бассейна профиля: nw_atlantic_subtropical", "conc_A_model": "conc-A-c6bce5631d2b", "conc_B_items_km2": null, "conc_B_lo80": null, "conc_B_hi80": null, "conc_B_lo95": null, "conc_B_hi95": null, "conc_B_status": "unavailable", "conc_B_status_ru": "концентрация недоступна", "conc_B_reasons": "вне бассейна профиля: black_sea", "conc_B_model": "conc-B-c6bce5631d2b"}}, {"type": "Feature", "geometry": {"type": "Polygon", "coordinates": [[[131.7936524666135, 43.14386583044032], [131.79364836796074, 43.143775889028625], [131.79352554044763, 43.14377889022685], [131.79352144199333, 43.14368894880404], [131.79364426932682, 43.14368594761519], [131.79364017071177, 43.14359600620003], [131.7938858249628, 43.14359000344605], [131.79388992393712, 43.143679944842454], [131.79401275121396, 43.14367694325857], [131.79401685038675, 43.14376688464385], [131.7938940229303, 43.14376988623713], [131.79389812194236, 43.14385982763006], [131.7936524666135, 43.14386583044032]]]}, "properties": {"zone_id": "vladivostok-2026-06-27-069", "aoi": "vladivostok", "date": "2026-06-27", "scene_id": "S2B_MSIL2A_20260627T020649_R103_T52TGN_20260627T041901", "scene_datetime_utc": "2026-06-27T02:06:49.024000+00:00", "detection_status": "detected", "detection_status_ru": "обнаружено", "lon": 131.79377, "lat": 43.14373, "n_pixels": 2, "zone_area_km2": 0.0008, "cover_m2": 9.4, "p_mean": 0.733, "p_max": 0.839, "cover_m2_km2": 11750.0, "h3": "88316c5589fffff", "valid_frac_scene": 0.998, "wind_ms": 2.0, "sea": "спокойное", "scene_reliable": true, "field_event_id": "S4:DOORS3:T23", "field_profile": "B", "field_date": "2024-06-10", "field_distance_km": 6974.6, "field_date_gap_days": 747, "field_conc_items_km2": 102.37, "conc_A_items_km2": null, "conc_A_lo80": null, "conc_A_hi80": null, "conc_A_lo95": null, "conc_A_hi95": null, "conc_A_status": "unavailable", "conc_A_status_ru": "концентрация недоступна", "conc_A_reasons": "вне бассейна профиля: nw_atlantic_subtropical", "conc_A_model": "conc-A-c6bce5631d2b", "conc_B_items_km2": null, "conc_B_lo80": null, "conc_B_hi80": null, "conc_B_lo95": null, "conc_B_hi95": null, "conc_B_status": "unavailable", "conc_B_status_ru": "концентрация недоступна", "conc_B_reasons": "вне бассейна профиля: black_sea", "conc_B_model": "conc-B-c6bce5631d2b"}}, {"type": "Feature", "geometry": {"type": "Polygon", "coordinates": [[[131.84638972839903, 43.1435554778022], [131.84638555248173, 43.143465540471205], [131.84626273116916, 43.14346859826247], [131.84625855545073, 43.14337866092017], [131.8463813765837, 43.14337560313846], [131.8463772007049, 43.143285665803944], [131.84662701879196, 43.143369487180045], [131.8466311950492, 43.14345942449368], [131.8465083737751, 43.14346248254828], [131.84651254987196, 43.14355241986973], [131.84638972839903, 43.1435554778022]]]}, "properties": {"zone_id": "vladivostok-2026-06-27-070", "aoi": "vladivostok", "date": "2026-06-27", "scene_id": "S2B_MSIL2A_20260627T020649_R103_T52TGN_20260627T041901", "scene_datetime_utc": "2026-06-27T02:06:49.024000+00:00", "detection_status": "detected", "detection_status_ru": "обнаружено", "lon": 131.84644, "lat": 43.14342, "n_pixels": 1, "zone_area_km2": 0.0005, "cover_m2": 6.7, "p_mean": 0.631, "p_max": 0.631, "cover_m2_km2": 13400.0, "h3": "88316c54e3fffff", "valid_frac_scene": 0.998, "wind_ms": 2.0, "sea": "спокойное", "scene_reliable": true, "field_event_id": "S4:DOORS3:T23", "field_profile": "B", "field_date": "2024-06-10", "field_distance_km": 6978.2, "field_date_gap_days": 747, "field_conc_items_km2": 102.37, "conc_A_items_km2": null, "conc_A_lo80": null, "conc_A_hi80": null, "conc_A_lo95": null, "conc_A_hi95": null, "conc_A_status": "unavailable", "conc_A_status_ru": "концентрация недоступна", "conc_A_reasons": "вне бассейна профиля: nw_atlantic_subtropical", "conc_A_model": "conc-A-c6bce5631d2b", "conc_B_items_km2": null, "conc_B_lo80": null, "conc_B_hi80": null, "conc_B_lo95": null, "conc_B_hi95": null, "conc_B_status": "unavailable", "conc_B_status_ru": "концентрация недоступна", "conc_B_reasons": "вне бассейна профиля: black_sea", "conc_B_model": "conc-B-c6bce5631d2b"}}, {"type": "Feature", "geometry": {"type": "Polygon", "coordinates": [[[131.78957873064593, 43.140813842829886], [131.78957463840132, 43.140723901057655], [131.78907925946027, 43.140645945082056], [131.7890751679718, 43.14055600326891], [131.78895234642545, 43.140558999379955], [131.7889482551354, 43.1404690575557], [131.78907107650215, 43.14046606145402], [131.78906698505133, 43.1403761196374], [131.78956236178055, 43.14045407573058], [131.78956645396863, 43.140544017508006], [131.78981618942007, 43.14062796559449], [131.78982028200505, 43.14071790734971], [131.78957873064593, 43.140813842829886]]]}, "properties": {"zone_id": "vladivostok-2026-06-27-071", "aoi": "vladivostok", "date": "2026-06-27", "scene_id": "S2B_MSIL2A_20260627T020649_R103_T52TGN_20260627T041901", "scene_datetime_utc": "2026-06-27T02:06:49.024000+00:00", "detection_status": "detected", "detection_status_ru": "обнаружено", "lon": 131.78938, "lat": 43.14058, "n_pixels": 5, "zone_area_km2": 0.0017, "cover_m2": 19.2, "p_mean": 0.978, "p_max": 1.0, "cover_m2_km2": 11294.1, "h3": "88316c558dfffff", "valid_frac_scene": 0.998, "wind_ms": 2.0, "sea": "спокойное", "scene_reliable": true, "field_event_id": "S4:DOORS3:T23", "field_profile": "B", "field_date": "2024-06-10", "field_distance_km": 6974.5, "field_date_gap_days": 747, "field_conc_items_km2": 102.37, "conc_A_items_km2": null, "conc_A_lo80": null, "conc_A_hi80": null, "conc_A_lo95": null, "conc_A_hi95": null, "conc_A_status": "unavailable", "conc_A_status_ru": "концентрация недоступна", "conc_A_reasons": "вне бассейна профиля: nw_atlantic_subtropical", "conc_A_model": "conc-A-c6bce5631d2b", "conc_B_items_km2": null, "conc_B_lo80": null, "conc_B_hi80": null, "conc_B_lo95": null, "conc_B_hi95": null, "conc_B_status": "unavailable", "conc_B_status_ru": "концентрация недоступна", "conc_B_reasons": "вне бассейна профиля: black_sea", "conc_B_model": "conc-B-c6bce5631d2b"}}, {"type": "Feature", "geometry": {"type": "Polygon", "coordinates": [[[131.78821132653928, 43.14048703140068], [131.7882072363457, 43.14039708951854], [131.78808441502667, 43.14040008468915], [131.78807623505529, 43.14022020090094], [131.78831778663948, 43.14012426858749], [131.7883218769561, 43.14021421046549], [131.78844469787825, 43.14021121505025], [131.78845287892727, 43.14039109878228], [131.78821132653928, 43.14048703140068]]]}, "properties": {"zone_id": "vladivostok-2026-06-27-072", "aoi": "vladivostok", "date": "2026-06-27", "scene_id": "S2B_MSIL2A_20260627T020649_R103_T52TGN_20260627T041901", "scene_datetime_utc": "2026-06-27T02:06:49.024000+00:00", "detection_status": "detected", "detection_status_ru": "обнаружено", "lon": 131.78826, "lat": 43.14031, "n_pixels": 2, "zone_area_km2": 0.0008, "cover_m2": 9.4, "p_mean": 1.0, "p_max": 1.0, "cover_m2_km2": 11750.0, "h3": "88316c558dfffff", "valid_frac_scene": 0.998, "wind_ms": 2.0, "sea": "спокойное", "scene_reliable": true, "field_event_id": "S4:DOORS3:T23", "field_profile": "B", "field_date": "2024-06-10", "field_distance_km": 6974.5, "field_date_gap_days": 747, "field_conc_items_km2": 102.37, "conc_A_items_km2": null, "conc_A_lo80": null, "conc_A_hi80": null, "conc_A_lo95": null, "conc_A_hi95": null, "conc_A_status": "unavailable", "conc_A_status_ru": "концентрация недоступна", "conc_A_reasons": "вне бассейна профиля: nw_atlantic_subtropical", "conc_A_model": "conc-A-c6bce5631d2b", "conc_B_items_km2": null, "conc_B_lo80": null, "conc_B_hi80": null, "conc_B_lo95": null, "conc_B_hi95": null, "conc_B_status": "unavailable", "conc_B_status_ru": "концентрация недоступна", "conc_B_reasons": "вне бассейна профиля: black_sea", "conc_B_model": "conc-B-c6bce5631d2b"}}, {"type": "Feature", "geometry": {"type": "Polygon", "coordinates": [[[131.78633630261305, 43.139812409046144], [131.78633221526422, 43.139722467009804], [131.78620939509946, 43.1397254601305], [131.78619713370472, 43.139455633982976], [131.78607431405993, 43.13945862694394], [131.7860702271456, 43.13936868488195], [131.78619304661078, 43.13936569193033], [131.78618895953568, 43.13927574987598], [131.78643868548465, 43.1393597056321], [131.7864427729378, 43.139449647666034], [131.7865655925261, 43.13944665431007], [131.78657785553722, 43.139716480373394], [131.78633630261305, 43.139812409046144]]]}, "properties": {"zone_id": "vladivostok-2026-06-27-073", "aoi": "vladivostok", "date": "2026-06-27", "scene_id": "S2B_MSIL2A_20260627T020649_R103_T52TGN_20260627T041901", "scene_datetime_utc": "2026-06-27T02:06:49.024000+00:00", "detection_status": "detected", "detection_status_ru": "обнаружено", "lon": 131.78635, "lat": 43.13954, "n_pixels": 4, "zone_area_km2": 0.0014, "cover_m2": 26.7, "p_mean": 0.994, "p_max": 1.0, "cover_m2_km2": 19071.4, "h3": "88316c5585fffff", "valid_frac_scene": 0.998, "wind_ms": 2.0, "sea": "спокойное", "scene_reliable": true, "field_event_id": "S4:DOORS3:T23", "field_profile": "B", "field_date": "2024-06-10", "field_distance_km": 6974.4, "field_date_gap_days": 747, "field_conc_items_km2": 102.37, "conc_A_items_km2": null, "conc_A_lo80": null, "conc_A_hi80": null, "conc_A_lo95": null, "conc_A_hi95": null, "conc_A_status": "unavailable", "conc_A_status_ru": "концентрация недоступна", "conc_A_reasons": "вне бассейна профиля: nw_atlantic_subtropical", "conc_A_model": "conc-A-c6bce5631d2b", "conc_B_items_km2": null, "conc_B_lo80": null, "conc_B_hi80": null, "conc_B_lo95": null, "conc_B_hi95": null, "conc_B_status": "unavailable", "conc_B_status_ru": "концентрация недоступна", "conc_B_reasons": "вне бассейна профиля: black_sea", "conc_B_model": "conc-B-c6bce5631d2b"}}, {"type": "Feature", "geometry": {"type": "Polygon", "coordinates": [[[131.78568542332314, 43.13901789456929], [131.78568133704172, 43.138927952470596], [131.7855585183992, 43.13893094484878], [131.78555034625202, 43.13875106062747], [131.78567316453535, 43.138748068267994], [131.7856690783104, 43.1386581261641], [131.78591880104557, 43.13874208315404], [131.78592288764852, 43.1388320252375], [131.78604570605495, 43.138829032473666], [131.78604979285632, 43.13891897454605], [131.78592697427027, 43.13892196731923], [131.78593106091088, 43.13901190939922], [131.78568542332314, 43.13901789456929]]]}, "properties": {"zone_id": "vladivostok-2026-06-27-074", "aoi": "vladivostok", "date": "2026-06-27", "scene_id": "S2B_MSIL2A_20260627T020649_R103_T52TGN_20260627T041901", "scene_datetime_utc": "2026-06-27T02:06:49.024000+00:00", "detection_status": "detected", "detection_status_ru": "обнаружено", "lon": 131.78578, "lat": 43.13885, "n_pixels": 3, "zone_area_km2": 0.001, "cover_m2": 13.3, "p_mean": 0.942, "p_max": 0.957, "cover_m2_km2": 13300.0, "h3": "88316c5585fffff", "valid_frac_scene": 0.998, "wind_ms": 2.0, "sea": "спокойное", "scene_reliable": true, "field_event_id": "S4:DOORS3:T23", "field_profile": "B", "field_date": "2024-06-10", "field_distance_km": 6974.4, "field_date_gap_days": 747, "field_conc_items_km2": 102.37, "conc_A_items_km2": null, "conc_A_lo80": null, "conc_A_hi80": null, "conc_A_lo95": null, "conc_A_hi95": null, "conc_A_status": "unavailable", "conc_A_status_ru": "концентрация недоступна", "conc_A_reasons": "вне бассейна профиля: nw_atlantic_subtropical", "conc_A_model": "conc-A-c6bce5631d2b", "conc_B_items_km2": null, "conc_B_lo80": null, "conc_B_hi80": null, "conc_B_lo95": null, "conc_B_hi95": null, "conc_B_status": "unavailable", "conc_B_status_ru": "концентрация недоступна", "conc_B_reasons": "вне бассейна профиля: black_sea", "conc_B_model": "conc-B-c6bce5631d2b"}}, {"type": "Feature", "geometry": {"type": "Polygon", "coordinates": [[[131.8148868630012, 43.137672382669784], [131.81488273411273, 43.137582442796294], [131.81475992123055, 43.13758546644328], [131.81475579254064, 43.13749552655862], [131.81487860524325, 43.13749250292108], [131.8148744763928, 43.13740256304413], [131.81512423059138, 43.137486455251064], [131.81512835982, 43.13757639510738], [131.81500554697587, 43.13757941901767], [131.8150096760439, 43.1376693588817], [131.8148868630012, 43.137672382669784]]]}, "properties": {"zone_id": "vladivostok-2026-06-27-075", "aoi": "vladivostok", "date": "2026-06-27", "scene_id": "S2B_MSIL2A_20260627T020649_R103_T52TGN_20260627T041901", "scene_datetime_utc": "2026-06-27T02:06:49.024000+00:00", "detection_status": "detected", "detection_status_ru": "обнаружено", "lon": 131.81494, "lat": 43.13754, "n_pixels": 1, "zone_area_km2": 0.0005, "cover_m2": 3.5, "p_mean": 0.929, "p_max": 0.929, "cover_m2_km2": 7000.0, "h3": "88316c55d7fffff", "valid_frac_scene": 0.998, "wind_ms": 2.0, "sea": "спокойное", "scene_reliable": true, "field_event_id": "S4:DOORS3:T23", "field_profile": "B", "field_date": "2024-06-10", "field_distance_km": 6976.4, "field_date_gap_days": 747, "field_conc_items_km2": 102.37, "conc_A_items_km2": null, "conc_A_lo80": null, "conc_A_hi80": null, "conc_A_lo95": null, "conc_A_hi95": null, "conc_A_status": "unavailable", "conc_A_status_ru": "концентрация недоступна", "conc_A_reasons": "вне бассейна профиля: nw_atlantic_subtropical", "conc_A_model": "conc-A-c6bce5631d2b", "conc_B_items_km2": null, "conc_B_lo80": null, "conc_B_hi80": null, "conc_B_lo95": null, "conc_B_hi95": null, "conc_B_status": "unavailable", "conc_B_status_ru": "концентрация недоступна", "conc_B_reasons": "вне бассейна профиля: black_sea", "conc_B_model": "conc-B-c6bce5631d2b"}}, {"type": "Feature", "geometry": {"type": "Polygon", "coordinates": [[[131.78216486770805, 43.137302784113594], [131.78216078683124, 43.1372128417186], [131.78203797125374, 43.13721583022331], [131.78203389057535, 43.13712588781727], [131.7819110751586, 43.137128876180974], [131.7819069946786, 43.13703893376384], [131.78178417942266, 43.13704192198656], [131.781780099141, 43.13695197955835], [131.78153038902815, 43.13686801314152], [131.78152222927713, 43.13668812823914], [131.78176377820236, 43.136592209828265], [131.7817678584088, 43.13668215226338], [131.78201756804975, 43.13676611817571], [131.78202164865294, 43.1368560605887], [131.78227135933372, 43.136940025914896], [131.78227544033365, 43.13702996830574], [131.78239825551444, 43.13702697955639], [131.78240641792988, 43.1372068643142], [131.78216486770805, 43.137302784113594]]]}, "properties": {"zone_id": "vladivostok-2026-06-27-076", "aoi": "vladivostok", "date": "2026-06-27", "scene_id": "S2B_MSIL2A_20260627T020649_R103_T52TGN_20260627T041901", "scene_datetime_utc": "2026-06-27T02:06:49.024000+00:00", "detection_status": "detected", "detection_status_ru": "обнаружено", "lon": 131.78196, "lat": 43.13695, "n_pixels": 10, "zone_area_km2": 0.0024, "cover_m2": 58.8, "p_mean": 0.917, "p_max": 0.992, "cover_m2_km2": 24500.0, "h3": "88316c5585fffff", "valid_frac_scene": 0.998, "wind_ms": 2.0, "sea": "спокойное", "scene_reliable": true, "field_event_id": "S4:DOORS3:T23", "field_profile": "B", "field_date": "2024-06-10", "field_distance_km": 6974.2, "field_date_gap_days": 747, "field_conc_items_km2": 102.37, "conc_A_items_km2": null, "conc_A_lo80": null, "conc_A_hi80": null, "conc_A_lo95": null, "conc_A_hi95": null, "conc_A_status": "unavailable", "conc_A_status_ru": "концентрация недоступна", "conc_A_reasons": "вне бассейна профиля: nw_atlantic_subtropical", "conc_A_model": "conc-A-c6bce5631d2b", "conc_B_items_km2": null, "conc_B_lo80": null, "conc_B_hi80": null, "conc_B_lo95": null, "conc_B_hi95": null, "conc_B_status": "unavailable", "conc_B_status_ru": "концентрация недоступна", "conc_B_reasons": "вне бассейна профиля: black_sea", "conc_B_model": "conc-B-c6bce5631d2b"}}, {"type": "Feature", "geometry": {"type": "Polygon", "coordinates": [[[131.7705081478864, 43.1296621634368], [131.7705040851786, 43.129572220032266], [131.770254419824, 43.12948822762248], [131.77025035751265, 43.129398284195894], [131.77037315867526, 43.129395308772786], [131.77036909620307, 43.129305365353765], [131.77061876094427, 43.12938935753165], [131.77062282379416, 43.12947930093034], [131.77074562508014, 43.12947632510303], [131.77074968812826, 43.129566268490684], [131.77062688666277, 43.1295692443273], [131.77063094955008, 43.12965918772253], [131.7705081478864, 43.1296621634368]]]}, "properties": {"zone_id": "vladivostok-2026-06-27-077", "aoi": "vladivostok", "date": "2026-06-27", "scene_id": "S2B_MSIL2A_20260627T020649_R103_T52TGN_20260627T041901", "scene_datetime_utc": "2026-06-27T02:06:49.024000+00:00", "detection_status": "detected", "detection_status_ru": "обнаружено", "lon": 131.7705, "lat": 43.12948, "n_pixels": 2, "zone_area_km2": 0.0008, "cover_m2": 10.6, "p_mean": 1.0, "p_max": 1.0, "cover_m2_km2": 13250.0, "h3": "88316c55a1fffff", "valid_frac_scene": 0.998, "wind_ms": 2.0, "sea": "спокойное", "scene_reliable": true, "field_event_id": "S4:DOORS3:T23", "field_profile": "B", "field_date": "2024-06-10", "field_distance_km": 6973.9, "field_date_gap_days": 747, "field_conc_items_km2": 102.37, "conc_A_items_km2": null, "conc_A_lo80": null, "conc_A_hi80": null, "conc_A_lo95": null, "conc_A_hi95": null, "conc_A_status": "unavailable", "conc_A_status_ru": "концентрация недоступна", "conc_A_reasons": "вне бассейна профиля: nw_atlantic_subtropical", "conc_A_model": "conc-A-c6bce5631d2b", "conc_B_items_km2": null, "conc_B_lo80": null, "conc_B_hi80": null, "conc_B_lo95": null, "conc_B_hi95": null, "conc_B_status": "unavailable", "conc_B_status_ru": "концентрация недоступна", "conc_B_reasons": "вне бассейна профиля: black_sea", "conc_B_model": "conc-B-c6bce5631d2b"}}, {"type": "Feature", "geometry": {"type": "Polygon", "coordinates": [[[131.76588335541706, 43.127973297034785], [131.76587929972507, 43.12788335325191], [131.76575650112056, 43.12788632376928], [131.76575244562676, 43.127796379975415], [131.76587524405178, 43.12779340946733], [131.76587118839717, 43.127703465681016], [131.7661208408458, 43.12778746805627], [131.7661248968781, 43.1278774118223], [131.76600209831093, 43.12788038260291], [131.7660061541824, 43.12797032637649], [131.76588335541706, 43.127973297034785]]]}, "properties": {"zone_id": "vladivostok-2026-06-27-078", "aoi": "vladivostok", "date": "2026-06-27", "scene_id": "S2B_MSIL2A_20260627T020649_R103_T52TGN_20260627T041901", "scene_datetime_utc": "2026-06-27T02:06:49.024000+00:00", "detection_status": "detected", "detection_status_ru": "обнаружено", "lon": 131.76594, "lat": 43.12784, "n_pixels": 1, "zone_area_km2": 0.0005, "cover_m2": 2.7, "p_mean": 0.863, "p_max": 0.863, "cover_m2_km2": 5400.0, "h3": "88316c55a5fffff", "valid_frac_scene": 0.998, "wind_ms": 2.0, "sea": "спокойное", "scene_reliable": true, "field_event_id": "S4:DOORS3:T23", "field_profile": "B", "field_date": "2024-06-10", "field_distance_km": 6973.7, "field_date_gap_days": 747, "field_conc_items_km2": 102.37, "conc_A_items_km2": null, "conc_A_lo80": null, "conc_A_hi80": null, "conc_A_lo95": null, "conc_A_hi95": null, "conc_A_status": "unavailable", "conc_A_status_ru": "концентрация недоступна", "conc_A_reasons": "вне бассейна профиля: nw_atlantic_subtropical", "conc_A_model": "conc-A-c6bce5631d2b", "conc_B_items_km2": null, "conc_B_lo80": null, "conc_B_hi80": null, "conc_B_lo95": null, "conc_B_hi95": null, "conc_B_status": "unavailable", "conc_B_status_ru": "концентрация недоступна", "conc_B_reasons": "вне бассейна профиля: black_sea", "conc_B_model": "conc-B-c6bce5631d2b"}}, {"type": "Feature", "geometry": {"type": "Polygon", "coordinates": [[[131.7630549270963, 43.12795164185108], [131.76305087555158, 43.127861697853064], [131.76292807669714, 43.12786466533385], [131.7629199740227, 43.12768477731408], [131.76304277251816, 43.127681809851865], [131.76303872102943, 43.127591865848686], [131.76328431760533, 43.1275859305479], [131.76328836945308, 43.127675874532535], [131.76341116789254, 43.12767290667544], [131.763419272003, 43.127852794621], [131.76329647320452, 43.127855762496644], [131.76330052510826, 43.12794570647611], [131.7630549270963, 43.12795164185108]]]}, "properties": {"zone_id": "vladivostok-2026-06-27-079", "aoi": "vladivostok", "date": "2026-06-27", "scene_id": "S2B_MSIL2A_20260627T020649_R103_T52TGN_20260627T041901", "scene_datetime_utc": "2026-06-27T02:06:49.024000+00:00", "detection_status": "detected", "detection_status_ru": "обнаружено", "lon": 131.76317, "lat": 43.12777, "n_pixels": 4, "zone_area_km2": 0.0012, "cover_m2": 31.0, "p_mean": 0.974, "p_max": 1.0, "cover_m2_km2": 25833.3, "h3": "88316c55a5fffff", "valid_frac_scene": 0.998, "wind_ms": 2.0, "sea": "спокойное", "scene_reliable": true, "field_event_id": "S4:DOORS3:T23", "field_profile": "B", "field_date": "2024-06-10", "field_distance_km": 6973.5, "field_date_gap_days": 747, "field_conc_items_km2": 102.37, "conc_A_items_km2": null, "conc_A_lo80": null, "conc_A_hi80": null, "conc_A_lo95": null, "conc_A_hi95": null, "conc_A_status": "unavailable", "conc_A_status_ru": "концентрация недоступна", "conc_A_reasons": "вне бассейна профиля: nw_atlantic_subtropical", "conc_A_model": "conc-A-c6bce5631d2b", "conc_B_items_km2": null, "conc_B_lo80": null, "conc_B_hi80": null, "conc_B_lo95": null, "conc_B_hi95": null, "conc_B_status": "unavailable", "conc_B_status_ru": "концентрация недоступна", "conc_B_reasons": "вне бассейна профиля: black_sea", "conc_B_model": "conc-B-c6bce5631d2b"}}, {"type": "Feature", "geometry": {"type": "Polygon", "coordinates": [[[131.76452040666916, 43.127736133928735], [131.76451635300774, 43.1276461900386], [131.7643935547363, 43.12764915908029], [131.76438950127306, 43.12755921517914], [131.764512299365, 43.127556246146725], [131.7645082457409, 43.12746630225314], [131.76475384150982, 43.127460363812006], [131.7647578954929, 43.12755030768704], [131.76488069352882, 43.12754733825976], [131.76488474771008, 43.12763728212379], [131.76476194949464, 43.127640251560344], [131.76476600351506, 43.12773019543194], [131.76452040666916, 43.127736133928735]]]}, "properties": {"zone_id": "vladivostok-2026-06-27-080", "aoi": "vladivostok", "date": "2026-06-27", "scene_id": "S2B_MSIL2A_20260627T020649_R103_T52TGN_20260627T041901", "scene_datetime_utc": "2026-06-27T02:06:49.024000+00:00", "detection_status": "detected", "detection_status_ru": "обнаружено", "lon": 131.76464, "lat": 43.1276, "n_pixels": 2, "zone_area_km2": 0.0008, "cover_m2": 5.5, "p_mean": 0.812, "p_max": 0.91, "cover_m2_km2": 6875.0, "h3": "88316c55a5fffff", "valid_frac_scene": 0.998, "wind_ms": 2.0, "sea": "спокойное", "scene_reliable": true, "field_event_id": "S4:DOORS3:T23", "field_profile": "B", "field_date": "2024-06-10", "field_distance_km": 6973.7, "field_date_gap_days": 747, "field_conc_items_km2": 102.37, "conc_A_items_km2": null, "conc_A_lo80": null, "conc_A_hi80": null, "conc_A_lo95": null, "conc_A_hi95": null, "conc_A_status": "unavailable", "conc_A_status_ru": "концентрация недоступна", "conc_A_reasons": "вне бассейна профиля: nw_atlantic_subtropical", "conc_A_model": "conc-A-c6bce5631d2b", "conc_B_items_km2": null, "conc_B_lo80": null, "conc_B_hi80": null, "conc_B_lo95": null, "conc_B_hi95": null, "conc_B_status": "unavailable", "conc_B_status_ru": "концентрация недоступна", "conc_B_reasons": "вне бассейна профиля: black_sea", "conc_B_model": "conc-B-c6bce5631d2b"}}, {"type": "Feature", "geometry": {"type": "Polygon", "coordinates": [[[131.66701577623712, 43.12446941692442], [131.6670118658899, 43.124379465708046], [131.66688906422144, 43.12438232993318], [131.66688515407176, 43.12429237870614], [131.66700795556068, 43.12428951448996], [131.66700404524948, 43.124199563270174], [131.6672535584845, 43.124283785662676], [131.66725746917274, 43.12437373686286], [131.66713466754032, 43.12437660135127], [131.6671385780671, 43.1244665525587], [131.66701577623712, 43.12446941692442]]]}, "properties": {"zone_id": "vladivostok-2026-06-27-081", "aoi": "vladivostok", "date": "2026-06-27", "scene_id": "S2B_MSIL2A_20260627T020649_R103_T52TGN_20260627T041901", "scene_datetime_utc": "2026-06-27T02:06:49.024000+00:00", "detection_status": "detected", "detection_status_ru": "обнаружено", "lon": 131.66707, "lat": 43.12433, "n_pixels": 1, "zone_area_km2": 0.0005, "cover_m2": 3.1, "p_mean": 0.616, "p_max": 0.616, "cover_m2_km2": 6200.0, "h3": "88316c4003fffff", "valid_frac_scene": 0.998, "wind_ms": 2.0, "sea": "спокойное", "scene_reliable": true, "field_event_id": "S4:DOORS3:T23", "field_profile": "B", "field_date": "2024-06-10", "field_distance_km": 6967.3, "field_date_gap_days": 747, "field_conc_items_km2": 102.37, "conc_A_items_km2": null, "conc_A_lo80": null, "conc_A_hi80": null, "conc_A_lo95": null, "conc_A_hi95": null, "conc_A_status": "unavailable", "conc_A_status_ru": "концентрация недоступна", "conc_A_reasons": "вне бассейна профиля: nw_atlantic_subtropical", "conc_A_model": "conc-A-c6bce5631d2b", "conc_B_items_km2": null, "conc_B_lo80": null, "conc_B_hi80": null, "conc_B_lo95": null, "conc_B_hi95": null, "conc_B_status": "unavailable", "conc_B_status_ru": "концентрация недоступна", "conc_B_reasons": "вне бассейна профиля: black_sea", "conc_B_model": "conc-B-c6bce5631d2b"}}, {"type": "Feature", "geometry": {"type": "Polygon", "coordinates": [[[131.79515780175086, 43.122939368224124], [131.7951537038871, 43.12284942659808], [131.79503091840382, 43.12285242825288], [131.79502682073837, 43.122762486615706], [131.7951496060422, 43.12275948497029], [131.7951455082162, 43.12266954334078], [131.79539517659327, 43.12275348128468], [131.79539927479706, 43.1228434228937], [131.79527648935152, 43.122846424811684], [131.79528058739476, 43.122936366428355], [131.79515780175086, 43.122939368224124]]]}, "properties": {"zone_id": "vladivostok-2026-06-27-082", "aoi": "vladivostok", "date": "2026-06-27", "scene_id": "S2B_MSIL2A_20260627T020649_R103_T52TGN_20260627T041901", "scene_datetime_utc": "2026-06-27T02:06:49.024000+00:00", "detection_status": "detected", "detection_status_ru": "обнаружено", "lon": 131.79521, "lat": 43.1228, "n_pixels": 1, "zone_area_km2": 0.0005, "cover_m2": 10.2, "p_mean": 0.745, "p_max": 0.745, "cover_m2_km2": 20400.0, "h3": "88316c55b9fffff", "valid_frac_scene": 0.998, "wind_ms": 2.0, "sea": "спокойное", "scene_reliable": true, "field_event_id": "S4:DOORS3:T23", "field_profile": "B", "field_date": "2024-06-10", "field_distance_km": 6976.0, "field_date_gap_days": 747, "field_conc_items_km2": 102.37, "conc_A_items_km2": null, "conc_A_lo80": null, "conc_A_hi80": null, "conc_A_lo95": null, "conc_A_hi95": null, "conc_A_status": "unavailable", "conc_A_status_ru": "концентрация недоступна", "conc_A_reasons": "вне бассейна профиля: nw_atlantic_subtropical", "conc_A_model": "conc-A-c6bce5631d2b", "conc_B_items_km2": null, "conc_B_lo80": null, "conc_B_hi80": null, "conc_B_lo95": null, "conc_B_hi95": null, "conc_B_status": "unavailable", "conc_B_status_ru": "концентрация недоступна", "conc_B_reasons": "вне бассейна профиля: black_sea", "conc_B_model": "conc-B-c6bce5631d2b"}}, {"type": "Feature", "geometry": {"type": "Polygon", "coordinates": [[[131.86681935176819, 43.12026455921854], [131.86681514932306, 43.120174623123596], [131.86669237679646, 43.12017770152069], [131.86668397232305, 43.119997829306286], [131.8669253140731, 43.11990173632845], [131.86692951663946, 43.119991672419026], [131.86705228876866, 43.119988593778075], [131.86706069431827, 43.12016846593475], [131.86681935176819, 43.12026455921854]]]}, "properties": {"zone_id": "vladivostok-2026-06-27-083", "aoi": "vladivostok", "date": "2026-06-27", "scene_id": "S2B_MSIL2A_20260627T020649_R103_T52TGN_20260627T041901", "scene_datetime_utc": "2026-06-27T02:06:49.024000+00:00", "detection_status": "detected", "detection_status_ru": "обнаружено", "lon": 131.86687, "lat": 43.12008, "n_pixels": 2, "zone_area_km2": 0.0008, "cover_m2": 9.8, "p_mean": 0.737, "p_max": 0.796, "cover_m2_km2": 12250.0, "h3": "88316c54bbfffff", "valid_frac_scene": 0.998, "wind_ms": 2.0, "sea": "спокойное", "scene_reliable": true, "field_event_id": "S4:DOORS3:T23", "field_profile": "B", "field_date": "2024-06-10", "field_distance_km": 6981.0, "field_date_gap_days": 747, "field_conc_items_km2": 102.37, "conc_A_items_km2": null, "conc_A_lo80": null, "conc_A_hi80": null, "conc_A_lo95": null, "conc_A_hi95": null, "conc_A_status": "unavailable", "conc_A_status_ru": "концентрация недоступна", "conc_A_reasons": "вне бассейна профиля: nw_atlantic_subtropical", "conc_A_model": "conc-A-c6bce5631d2b", "conc_B_items_km2": null, "conc_B_lo80": null, "conc_B_hi80": null, "conc_B_lo95": null, "conc_B_hi95": null, "conc_B_status": "unavailable", "conc_B_status_ru": "концентрация недоступна", "conc_B_reasons": "вне бассейна профиля: black_sea", "conc_B_model": "conc-B-c6bce5631d2b"}}, {"type": "Feature", "geometry": {"type": "Polygon", "coordinates": [[[131.85020308030863, 43.11977958023114], [131.8501989022719, 43.11968964282373], [131.85007612893378, 43.119692703365104], [131.85007195109566, 43.11960276594636], [131.8501947242544, 43.11959970541454], [131.8501905462562, 43.11950976800361], [131.85043609215717, 43.119503646564404], [131.85044027051416, 43.1195935839562], [131.85056304361518, 43.11959052302971], [131.8505672221708, 43.1196804604102], [131.8504444488904, 43.11968352134627], [131.85044862728589, 43.11977345873456], [131.85020308030863, 43.11977958023114]]]}, "properties": {"zone_id": "vladivostok-2026-06-27-084", "aoi": "vladivostok", "date": "2026-06-27", "scene_id": "S2B_MSIL2A_20260627T020649_R103_T52TGN_20260627T041901", "scene_datetime_utc": "2026-06-27T02:06:49.024000+00:00", "detection_status": "detected", "detection_status_ru": "обнаружено", "lon": 131.85032, "lat": 43.11964, "n_pixels": 2, "zone_area_km2": 0.0008, "cover_m2": 12.2, "p_mean": 0.851, "p_max": 0.996, "cover_m2_km2": 15250.0, "h3": "88316c54b5fffff", "valid_frac_scene": 0.998, "wind_ms": 2.0, "sea": "спокойное", "scene_reliable": true, "field_event_id": "S4:DOORS3:T23", "field_profile": "B", "field_date": "2024-06-10", "field_distance_km": 6979.9, "field_date_gap_days": 747, "field_conc_items_km2": 102.37, "conc_A_items_km2": null, "conc_A_lo80": null, "conc_A_hi80": null, "conc_A_lo95": null, "conc_A_hi95": null, "conc_A_status": "unavailable", "conc_A_status_ru": "концентрация недоступна", "conc_A_reasons": "вне бассейна профиля: nw_atlantic_subtropical", "conc_A_model": "conc-A-c6bce5631d2b", "conc_B_items_km2": null, "conc_B_lo80": null, "conc_B_hi80": null, "conc_B_lo95": null, "conc_B_hi95": null, "conc_B_status": "unavailable", "conc_B_status_ru": "концентрация недоступна", "conc_B_reasons": "вне бассейна профиля: black_sea", "conc_B_model": "conc-B-c6bce5631d2b"}}, {"type": "Feature", "geometry": {"type": "Polygon", "coordinates": [[[131.85041006273445, 43.113651591633136], [131.8504058852887, 43.11356165414531], [131.85028312422318, 43.113564714562486], [131.85027894697595, 43.113474777063345], [131.85040170786218, 43.11347171665573], [131.85039753045484, 43.11338177916442], [131.85064722957685, 43.113465595445945], [131.850651407362, 43.113555532916386], [131.85052864633496, 43.11355859359661], [131.85053282396004, 43.11364853107487], [131.85041006273445, 43.113651591633136]]]}, "properties": {"zone_id": "vladivostok-2026-06-27-085", "aoi": "vladivostok", "date": "2026-06-27", "scene_id": "S2B_MSIL2A_20260627T020649_R103_T52TGN_20260627T041901", "scene_datetime_utc": "2026-06-27T02:06:49.024000+00:00", "detection_status": "detected", "detection_status_ru": "обнаружено", "lon": 131.85047, "lat": 43.11352, "n_pixels": 1, "zone_area_km2": 0.0005, "cover_m2": 3.1, "p_mean": 0.937, "p_max": 0.937, "cover_m2_km2": 6200.0, "h3": "88316c54b7fffff", "valid_frac_scene": 0.998, "wind_ms": 2.0, "sea": "спокойное", "scene_reliable": true, "field_event_id": "S4:DOORS3:T23", "field_profile": "B", "field_date": "2024-06-10", "field_distance_km": 6980.3, "field_date_gap_days": 747, "field_conc_items_km2": 102.37, "conc_A_items_km2": null, "conc_A_lo80": null, "conc_A_hi80": null, "conc_A_lo95": null, "conc_A_hi95": null, "conc_A_status": "unavailable", "conc_A_status_ru": "концентрация недоступна", "conc_A_reasons": "вне бассейна профиля: nw_atlantic_subtropical", "conc_A_model": "conc-A-c6bce5631d2b", "conc_B_items_km2": null, "conc_B_lo80": null, "conc_B_hi80": null, "conc_B_lo95": null, "conc_B_hi95": null, "conc_B_status": "unavailable", "conc_B_status_ru": "концентрация недоступна", "conc_B_reasons": "вне бассейна профиля: black_sea", "conc_B_model": "conc-B-c6bce5631d2b"}}, {"type": "Feature", "geometry": {"type": "Polygon", "coordinates": [[[131.84986636537494, 43.10988339532281], [131.84986218927494, 43.109793457733005], [131.8497394356824, 43.10979651735397], [131.84973525978094, 43.10970657975287], [131.84985801319417, 43.10970352014147], [131.84985383713266, 43.10961358254818], [131.85010351996297, 43.10969740052414], [131.8501076964023, 43.109787338096545], [131.84998494284824, 43.10979039798053], [131.8499891191275, 43.10988033556077], [131.84986636537494, 43.10988339532281]]]}, "properties": {"zone_id": "vladivostok-2026-06-27-086", "aoi": "vladivostok", "date": "2026-06-27", "scene_id": "S2B_MSIL2A_20260627T020649_R103_T52TGN_20260627T041901", "scene_datetime_utc": "2026-06-27T02:06:49.024000+00:00", "detection_status": "detected", "detection_status_ru": "обнаружено", "lon": 131.84992, "lat": 43.10975, "n_pixels": 1, "zone_area_km2": 0.0005, "cover_m2": 3.1, "p_mean": 0.925, "p_max": 0.925, "cover_m2_km2": 6200.0, "h3": "88316c54b7fffff", "valid_frac_scene": 0.998, "wind_ms": 2.0, "sea": "спокойное", "scene_reliable": true, "field_event_id": "S4:DOORS3:T23", "field_profile": "B", "field_date": "2024-06-10", "field_distance_km": 6980.5, "field_date_gap_days": 747, "field_conc_items_km2": 102.37, "conc_A_items_km2": null, "conc_A_lo80": null, "conc_A_hi80": null, "conc_A_lo95": null, "conc_A_hi95": null, "conc_A_status": "unavailable", "conc_A_status_ru": "концентрация недоступна", "conc_A_reasons": "вне бассейна профиля: nw_atlantic_subtropical", "conc_A_model": "conc-A-c6bce5631d2b", "conc_B_items_km2": null, "conc_B_lo80": null, "conc_B_hi80": null, "conc_B_lo95": null, "conc_B_hi95": null, "conc_B_status": "unavailable", "conc_B_status_ru": "концентрация недоступна", "conc_B_reasons": "вне бассейна профиля: black_sea", "conc_B_model": "conc-B-c6bce5631d2b"}}, {"type": "Feature", "geometry": {"type": "Polygon", "coordinates": [[[131.83327367328164, 43.109845561502084], [131.83326952148175, 43.10975562261642], [131.83314676619702, 43.10975866443541], [131.83314261459552, 43.109668725538505], [131.83326536970097, 43.10966568372902], [131.83326121793934, 43.10957574483987], [131.83351087985451, 43.1096595997155], [131.83351503199387, 43.109749538583884], [131.83339227674736, 43.10975258066591], [131.83339642872653, 43.10984251954208], [131.83327367328164, 43.109845561502084]]]}, "properties": {"zone_id": "vladivostok-2026-06-27-087", "aoi": "vladivostok", "date": "2026-06-27", "scene_id": "S2B_MSIL2A_20260627T020649_R103_T52TGN_20260627T041901", "scene_datetime_utc": "2026-06-27T02:06:49.024000+00:00", "detection_status": "detected", "detection_status_ru": "обнаружено", "lon": 131.83333, "lat": 43.10971, "n_pixels": 1, "zone_area_km2": 0.0005, "cover_m2": 5.5, "p_mean": 0.91, "p_max": 0.91, "cover_m2_km2": 11000.0, "h3": "88316c4641fffff", "valid_frac_scene": 0.998, "wind_ms": 2.0, "sea": "спокойное", "scene_reliable": true, "field_event_id": "S4:DOORS3:T23", "field_profile": "B", "field_date": "2024-06-10", "field_distance_km": 6979.4, "field_date_gap_days": 747, "field_conc_items_km2": 102.37, "conc_A_items_km2": null, "conc_A_lo80": null, "conc_A_hi80": null, "conc_A_lo95": null, "conc_A_hi95": null, "conc_A_status": "unavailable", "conc_A_status_ru": "концентрация недоступна", "conc_A_reasons": "вне бассейна профиля: nw_atlantic_subtropical", "conc_A_model": "conc-A-c6bce5631d2b", "conc_B_items_km2": null, "conc_B_lo80": null, "conc_B_hi80": null, "conc_B_lo95": null, "conc_B_hi95": null, "conc_B_status": "unavailable", "conc_B_status_ru": "концентрация недоступна", "conc_B_reasons": "вне бассейна профиля: black_sea", "conc_B_model": "conc-B-c6bce5631d2b"}}, {"type": "Feature", "geometry": {"type": "Polygon", "coordinates": [[[131.84225340357372, 43.10737164618969], [131.84224923898572, 43.10728170796507], [131.84212648960002, 43.10728475927768], [131.84212232521045, 43.10719482104178], [131.8422450744169, 43.107191769738705], [131.8422409098673, 43.107101831510604], [131.84249057277228, 43.10718566673803], [131.8424947376996, 43.10727560494533], [131.84237198835226, 43.10727865652095], [131.84237615311952, 43.10736859473603], [131.84225340357372, 43.10737164618969]]]}, "properties": {"zone_id": "vladivostok-2026-06-27-088", "aoi": "vladivostok", "date": "2026-06-27", "scene_id": "S2B_MSIL2A_20260627T020649_R103_T52TGN_20260627T041901", "scene_datetime_utc": "2026-06-27T02:06:49.024000+00:00", "detection_status": "detected", "detection_status_ru": "обнаружено", "lon": 131.84231, "lat": 43.10724, "n_pixels": 1, "zone_area_km2": 0.0005, "cover_m2": 7.8, "p_mean": 0.855, "p_max": 0.855, "cover_m2_km2": 15600.0, "h3": "88316c465dfffff", "valid_frac_scene": 0.998, "wind_ms": 2.0, "sea": "спокойное", "scene_reliable": true, "field_event_id": "S4:DOORS3:T23", "field_profile": "B", "field_date": "2024-06-10", "field_distance_km": 6980.2, "field_date_gap_days": 747, "field_conc_items_km2": 102.37, "conc_A_items_km2": null, "conc_A_lo80": null, "conc_A_hi80": null, "conc_A_lo95": null, "conc_A_hi95": null, "conc_A_status": "unavailable", "conc_A_status_ru": "концентрация недоступна", "conc_A_reasons": "вне бассейна профиля: nw_atlantic_subtropical", "conc_A_model": "conc-A-c6bce5631d2b", "conc_B_items_km2": null, "conc_B_lo80": null, "conc_B_hi80": null, "conc_B_lo95": null, "conc_B_hi95": null, "conc_B_status": "unavailable", "conc_B_status_ru": "концентрация недоступна", "conc_B_reasons": "вне бассейна профиля: black_sea", "conc_B_model": "conc-B-c6bce5631d2b"}}, {"type": "Feature", "geometry": {"type": "Polygon", "coordinates": [[[131.78647441463383, 43.10496284473661], [131.78647033205428, 43.104872902161404], [131.78634758159595, 43.10487589350528], [131.7863434992145, 43.104785950919], [131.78646624949354, 43.104782959584476], [131.78646216695162, 43.104693017005815], [131.7867076670948, 43.10468703396093], [131.78671174999528, 43.10477697652088], [131.78683450021794, 43.10477398479183], [131.78683858331652, 43.1048639273407], [131.78671583291458, 43.104866919079114], [131.78671991585267, 43.104956861635614], [131.78647441463383, 43.10496284473661]]]}, "properties": {"zone_id": "vladivostok-2026-06-27-089", "aoi": "vladivostok", "date": "2026-06-27", "scene_id": "S2B_MSIL2A_20260627T020649_R103_T52TGN_20260627T041901", "scene_datetime_utc": "2026-06-27T02:06:49.024000+00:00", "detection_status": "detected", "detection_status_ru": "обнаружено", "lon": 131.78659, "lat": 43.10482, "n_pixels": 2, "zone_area_km2": 0.0008, "cover_m2": 13.3, "p_mean": 0.861, "p_max": 0.933, "cover_m2_km2": 16625.0, "h3": "88316c4759fffff", "valid_frac_scene": 0.998, "wind_ms": 2.0, "sea": "спокойное", "scene_reliable": true, "field_event_id": "S4:DOORS3:T23", "field_profile": "B", "field_date": "2024-06-10", "field_distance_km": 6976.5, "field_date_gap_days": 747, "field_conc_items_km2": 102.37, "conc_A_items_km2": null, "conc_A_lo80": null, "conc_A_hi80": null, "conc_A_lo95": null, "conc_A_hi95": null, "conc_A_status": "unavailable", "conc_A_status_ru": "концентрация недоступна", "conc_A_reasons": "вне бассейна профиля: nw_atlantic_subtropical", "conc_A_model": "conc-A-c6bce5631d2b", "conc_B_items_km2": null, "conc_B_lo80": null, "conc_B_hi80": null, "conc_B_lo95": null, "conc_B_hi95": null, "conc_B_status": "unavailable", "conc_B_status_ru": "концентрация недоступна", "conc_B_reasons": "вне бассейна профиля: black_sea", "conc_B_model": "conc-B-c6bce5631d2b"}}, {"type": "Feature", "geometry": {"type": "Polygon", "coordinates": [[[131.64429111263422, 43.10203631822037], [131.6442872386183, 43.1019463649923], [131.64416447953226, 43.101949203652985], [131.64416060571352, 43.10185925041434], [131.64428336462024, 43.10185641176255], [131.64427949063997, 43.10176645853107], [131.64452888238011, 43.1018507340643], [131.64453275673688, 43.10194068727632], [131.64440999768652, 43.10194352620008], [131.6444138718818, 43.102033479419276], [131.64429111263422, 43.10203631822037]]]}, "properties": {"zone_id": "vladivostok-2026-06-27-090", "aoi": "vladivostok", "date": "2026-06-27", "scene_id": "S2B_MSIL2A_20260627T020649_R103_T52TGN_20260627T041901", "scene_datetime_utc": "2026-06-27T02:06:49.024000+00:00", "detection_status": "detected", "detection_status_ru": "обнаружено", "lon": 131.64435, "lat": 43.1019, "n_pixels": 1, "zone_area_km2": 0.0005, "cover_m2": 3.1, "p_mean": 0.714, "p_max": 0.714, "cover_m2_km2": 6200.0, "h3": "88316c41cbfffff", "valid_frac_scene": 0.998, "wind_ms": 2.0, "sea": "спокойное", "scene_reliable": true, "field_event_id": "S4:DOORS3:T23", "field_profile": "B", "field_date": "2024-06-10", "field_distance_km": 6967.1, "field_date_gap_days": 747, "field_conc_items_km2": 102.37, "conc_A_items_km2": null, "conc_A_lo80": null, "conc_A_hi80": null, "conc_A_lo95": null, "conc_A_hi95": null, "conc_A_status": "unavailable", "conc_A_status_ru": "концентрация недоступна", "conc_A_reasons": "вне бассейна профиля: nw_atlantic_subtropical", "conc_A_model": "conc-A-c6bce5631d2b", "conc_B_items_km2": null, "conc_B_lo80": null, "conc_B_hi80": null, "conc_B_lo95": null, "conc_B_hi95": null, "conc_B_status": "unavailable", "conc_B_status_ru": "концентрация недоступна", "conc_B_reasons": "вне бассейна профиля: black_sea", "conc_B_model": "conc-B-c6bce5631d2b"}}, {"type": "Feature", "geometry": {"type": "Polygon", "coordinates": [[[131.84721457694056, 43.10040503608908], [131.84721040610413, 43.10031509814237], [131.84708767116538, 43.1003181543835], [131.84708350052733, 43.10022821642549], [131.84720623528688, 43.10022516019391], [131.8472020644888, 43.10013522224369], [131.84745170474835, 43.10021904733634], [131.84745587592397, 43.1003089852657], [131.84733314102365, 43.10031204176976], [131.84733731203931, 43.10040197970694], [131.84721457694056, 43.10040503608908]]]}, "properties": {"zone_id": "vladivostok-2026-06-27-091", "aoi": "vladivostok", "date": "2026-06-27", "scene_id": "S2B_MSIL2A_20260627T020649_R103_T52TGN_20260627T041901", "scene_datetime_utc": "2026-06-27T02:06:49.024000+00:00", "detection_status": "detected", "detection_status_ru": "обнаружено", "lon": 131.84727, "lat": 43.10027, "n_pixels": 1, "zone_area_km2": 0.0005, "cover_m2": 5.1, "p_mean": 0.882, "p_max": 0.882, "cover_m2_km2": 10200.0, "h3": "88316c4651fffff", "valid_frac_scene": 0.998, "wind_ms": 2.0, "sea": "спокойное", "scene_reliable": true, "field_event_id": "S4:DOORS3:T23", "field_profile": "B", "field_date": "2024-06-10", "field_distance_km": 6980.9, "field_date_gap_days": 747, "field_conc_items_km2": 102.37, "conc_A_items_km2": null, "conc_A_lo80": null, "conc_A_hi80": null, "conc_A_lo95": null, "conc_A_hi95": null, "conc_A_status": "unavailable", "conc_A_status_ru": "концентрация недоступна", "conc_A_reasons": "вне бассейна профиля: nw_atlantic_subtropical", "conc_A_model": "conc-A-c6bce5631d2b", "conc_B_items_km2": null, "conc_B_lo80": null, "conc_B_hi80": null, "conc_B_lo95": null, "conc_B_hi95": null, "conc_B_status": "unavailable", "conc_B_status_ru": "концентрация недоступна", "conc_B_reasons": "вне бассейна профиля: black_sea", "conc_B_model": "conc-B-c6bce5631d2b"}}, {"type": "Feature", "geometry": {"type": "Polygon", "coordinates": [[[131.84565004759907, 43.09846306466868], [131.8456458793353, 43.098373126569], [131.84552314810838, 43.098376181022495], [131.84551898004298, 43.09828624291153], [131.84564171109074, 43.09828318846758], [131.84563754286538, 43.098193250364425], [131.84588717312866, 43.09827707918533], [131.84589134173157, 43.09836701726765], [131.84576861054305, 43.098370071984064], [131.84577277898597, 43.098460010074184], [131.84565004759907, 43.09846306466868]]]}, "properties": {"zone_id": "vladivostok-2026-06-27-092", "aoi": "vladivostok", "date": "2026-06-27", "scene_id": "S2B_MSIL2A_20260627T020649_R103_T52TGN_20260627T041901", "scene_datetime_utc": "2026-06-27T02:06:49.024000+00:00", "detection_status": "detected", "detection_status_ru": "обнаружено", "lon": 131.84571, "lat": 43.09833, "n_pixels": 1, "zone_area_km2": 0.0005, "cover_m2": 7.5, "p_mean": 0.929, "p_max": 0.929, "cover_m2_km2": 15000.0, "h3": "88316c4655fffff", "valid_frac_scene": 0.998, "wind_ms": 2.0, "sea": "спокойное", "scene_reliable": true, "field_event_id": "S4:DOORS3:T23", "field_profile": "B", "field_date": "2024-06-10", "field_distance_km": 6980.9, "field_date_gap_days": 747, "field_conc_items_km2": 102.37, "conc_A_items_km2": null, "conc_A_lo80": null, "conc_A_hi80": null, "conc_A_lo95": null, "conc_A_hi95": null, "conc_A_status": "unavailable", "conc_A_status_ru": "концентрация недоступна", "conc_A_reasons": "вне бассейна профиля: nw_atlantic_subtropical", "conc_A_model": "conc-A-c6bce5631d2b", "conc_B_items_km2": null, "conc_B_lo80": null, "conc_B_hi80": null, "conc_B_lo95": null, "conc_B_hi95": null, "conc_B_status": "unavailable", "conc_B_status_ru": "концентрация недоступна", "conc_B_reasons": "вне бассейна профиля: black_sea", "conc_B_model": "conc-B-c6bce5631d2b"}}, {"type": "Feature", "geometry": {"type": "Polygon", "coordinates": [[[131.74636433299784, 43.0928771387619], [131.74636031083827, 43.092787192947796], [131.74623758036037, 43.092790140606404], [131.7462335583985, 43.092700194781365], [131.74635628869717, 43.09269724713197], [131.74635226657463, 43.09260730131443], [131.746601749239, 43.09269135143878], [131.74660577173844, 43.09278129723618], [131.7464830412976, 43.09278424515772], [131.7464870636364, 43.092874190962625], [131.74636433299784, 43.0928771387619]]]}, "properties": {"zone_id": "vladivostok-2026-06-27-093", "aoi": "vladivostok", "date": "2026-06-27", "scene_id": "S2B_MSIL2A_20260627T020649_R103_T52TGN_20260627T041901", "scene_datetime_utc": "2026-06-27T02:06:49.024000+00:00", "detection_status": "detected", "detection_status_ru": "обнаружено", "lon": 131.74642, "lat": 43.09274, "n_pixels": 1, "zone_area_km2": 0.0005, "cover_m2": 5.1, "p_mean": 0.557, "p_max": 0.557, "cover_m2_km2": 10200.0, "h3": "88316c4763fffff", "valid_frac_scene": 0.998, "wind_ms": 2.0, "sea": "спокойное", "scene_reliable": true, "field_event_id": "S4:DOORS3:T23", "field_profile": "B", "field_date": "2024-06-10", "field_distance_km": 6974.6, "field_date_gap_days": 747, "field_conc_items_km2": 102.37, "conc_A_items_km2": null, "conc_A_lo80": null, "conc_A_hi80": null, "conc_A_lo95": null, "conc_A_hi95": null, "conc_A_status": "unavailable", "conc_A_status_ru": "концентрация недоступна", "conc_A_reasons": "вне бассейна профиля: nw_atlantic_subtropical", "conc_A_model": "conc-A-c6bce5631d2b", "conc_B_items_km2": null, "conc_B_lo80": null, "conc_B_hi80": null, "conc_B_lo95": null, "conc_B_hi95": null, "conc_B_status": "unavailable", "conc_B_status_ru": "концентрация недоступна", "conc_B_reasons": "вне бассейна профиля: black_sea", "conc_B_model": "conc-B-c6bce5631d2b"}}, {"type": "Feature", "geometry": {"type": "Polygon", "coordinates": [[[131.83481920568357, 43.09008808144364], [131.83481505448617, 43.08999814236685], [131.83469233882946, 43.0900011847331], [131.8346881878303, 43.08991124564507], [131.8348109033079, 43.089908203288346], [131.8348067521487, 43.08981826420806], [131.83505633420577, 43.08990211818059], [131.8350604857423, 43.08999205724008], [131.8349377701238, 43.089995099869185], [131.8349419215003, 43.09008503893646], [131.83481920568357, 43.09008808144364]]]}, "properties": {"zone_id": "vladivostok-2026-06-27-094", "aoi": "vladivostok", "date": "2026-06-27", "scene_id": "S2B_MSIL2A_20260627T020649_R103_T52TGN_20260627T041901", "scene_datetime_utc": "2026-06-27T02:06:49.024000+00:00", "detection_status": "detected", "detection_status_ru": "обнаружено", "lon": 131.83487, "lat": 43.08995, "n_pixels": 1, "zone_area_km2": 0.0005, "cover_m2": 9.4, "p_mean": 0.71, "p_max": 0.71, "cover_m2_km2": 18800.0, "h3": "88316c460bfffff", "valid_frac_scene": 0.998, "wind_ms": 2.0, "sea": "спокойное", "scene_reliable": true, "field_event_id": "S4:DOORS3:T23", "field_profile": "B", "field_date": "2024-06-10", "field_distance_km": 6980.7, "field_date_gap_days": 747, "field_conc_items_km2": 102.37, "conc_A_items_km2": null, "conc_A_lo80": null, "conc_A_hi80": null, "conc_A_lo95": null, "conc_A_hi95": null, "conc_A_status": "unavailable", "conc_A_status_ru": "концентрация недоступна", "conc_A_reasons": "вне бассейна профиля: nw_atlantic_subtropical", "conc_A_model": "conc-A-c6bce5631d2b", "conc_B_items_km2": null, "conc_B_lo80": null, "conc_B_hi80": null, "conc_B_lo95": null, "conc_B_hi95": null, "conc_B_status": "unavailable", "conc_B_status_ru": "концентрация недоступна", "conc_B_reasons": "вне бассейна профиля: black_sea", "conc_B_model": "conc-B-c6bce5631d2b"}}, {"type": "Feature", "geometry": {"type": "Polygon", "coordinates": [[[131.7954304523976, 43.088446611850294], [131.79542635906836, 43.08835666970142], [131.79530364253242, 43.088359669736775], [131.79529954940116, 43.08826972757679], [131.79542226575796, 43.08826672755081], [131.79541817246644, 43.088176785398474], [131.7956676984151, 43.08826072710456], [131.7956717920837, 43.08835066923642], [131.79554907558546, 43.088353669534634], [131.7955531690938, 43.08844361167413], [131.7954304523976, 43.088446611850294]]]}, "properties": {"zone_id": "vladivostok-2026-06-27-095", "aoi": "vladivostok", "date": "2026-06-27", "scene_id": "S2B_MSIL2A_20260627T020649_R103_T52TGN_20260627T041901", "scene_datetime_utc": "2026-06-27T02:06:49.024000+00:00", "detection_status": "detected", "detection_status_ru": "обнаружено", "lon": 131.79549, "lat": 43.08831, "n_pixels": 1, "zone_area_km2": 0.0005, "cover_m2": 4.3, "p_mean": 0.761, "p_max": 0.761, "cover_m2_km2": 8600.0, "h3": "88316c4753fffff", "valid_frac_scene": 0.998, "wind_ms": 2.0, "sea": "спокойное", "scene_reliable": true, "field_event_id": "S4:DOORS3:T23", "field_profile": "B", "field_date": "2024-06-10", "field_distance_km": 6978.2, "field_date_gap_days": 747, "field_conc_items_km2": 102.37, "conc_A_items_km2": null, "conc_A_lo80": null, "conc_A_hi80": null, "conc_A_lo95": null, "conc_A_hi95": null, "conc_A_status": "unavailable", "conc_A_status_ru": "концентрация недоступна", "conc_A_reasons": "вне бассейна профиля: nw_atlantic_subtropical", "conc_A_model": "conc-A-c6bce5631d2b", "conc_B_items_km2": null, "conc_B_lo80": null, "conc_B_hi80": null, "conc_B_lo95": null, "conc_B_hi95": null, "conc_B_status": "unavailable", "conc_B_status_ru": "концентрация недоступна", "conc_B_reasons": "вне бассейна профиля: black_sea", "conc_B_model": "conc-B-c6bce5631d2b"}}, {"type": "Feature", "geometry": {"type": "Polygon", "coordinates": [[[131.87290297146794, 43.08742674043144], [131.87289876493932, 43.08733680429851], [131.87277605866893, 43.087339887352165], [131.87276764602797, 43.08716001506178], [131.8730088511836, 43.08706391273304], [131.87301305783316, 43.0871538488616], [131.87313576370673, 43.0871507655644], [131.87314417742206, 43.087330637796995], [131.87290297146794, 43.08742674043144]]]}, "properties": {"zone_id": "vladivostok-2026-06-27-096", "aoi": "vladivostok", "date": "2026-06-27", "scene_id": "S2B_MSIL2A_20260627T020649_R103_T52TGN_20260627T041901", "scene_datetime_utc": "2026-06-27T02:06:49.024000+00:00", "detection_status": "detected", "detection_status_ru": "обнаружено", "lon": 131.87296, "lat": 43.08725, "n_pixels": 2, "zone_area_km2": 0.0008, "cover_m2": 9.0, "p_mean": 0.727, "p_max": 0.816, "cover_m2_km2": 11250.0, "h3": "88316c0921fffff", "valid_frac_scene": 0.998, "wind_ms": 2.0, "sea": "спокойное", "scene_reliable": true, "field_event_id": "S4:DOORS3:T23", "field_profile": "B", "field_date": "2024-06-10", "field_distance_km": 6983.5, "field_date_gap_days": 747, "field_conc_items_km2": 102.37, "conc_A_items_km2": null, "conc_A_lo80": null, "conc_A_hi80": null, "conc_A_lo95": null, "conc_A_hi95": null, "conc_A_status": "unavailable", "conc_A_status_ru": "концентрация недоступна", "conc_A_reasons": "вне бассейна профиля: nw_atlantic_subtropical", "conc_A_model": "conc-A-c6bce5631d2b", "conc_B_items_km2": null, "conc_B_lo80": null, "conc_B_hi80": null, "conc_B_lo95": null, "conc_B_hi95": null, "conc_B_status": "unavailable", "conc_B_status_ru": "концентрация недоступна", "conc_B_reasons": "вне бассейна профиля: black_sea", "conc_B_model": "conc-B-c6bce5631d2b"}}, {"type": "Feature", "geometry": {"type": "Polygon", "coordinates": [[[131.87192705249015, 43.08231887117571], [131.87192284813943, 43.08222893488526], [131.87180015195824, 43.08223201660147], [131.8717959478059, 43.08214208029964], [131.87191864380807, 43.08213899859305], [131.87191443949607, 43.0820490622991], [131.87216403575437, 43.08213283478575], [131.87216824044376, 43.08222277105871], [131.87204554430127, 43.08222585303767], [131.87204974883102, 43.082315789318486], [131.87192705249015, 43.08231887117571]]]}, "properties": {"zone_id": "vladivostok-2026-06-27-097", "aoi": "vladivostok", "date": "2026-06-27", "scene_id": "S2B_MSIL2A_20260627T020649_R103_T52TGN_20260627T041901", "scene_datetime_utc": "2026-06-27T02:06:49.024000+00:00", "detection_status": "detected", "detection_status_ru": "обнаружено", "lon": 131.87198, "lat": 43.08218, "n_pixels": 1, "zone_area_km2": 0.0005, "cover_m2": 10.6, "p_mean": 0.773, "p_max": 0.773, "cover_m2_km2": 21200.0, "h3": "88316c0923fffff", "valid_frac_scene": 0.998, "wind_ms": 2.0, "sea": "спокойное", "scene_reliable": true, "field_event_id": "S4:DOORS3:T23", "field_profile": "B", "field_date": "2024-06-10", "field_distance_km": 6983.7, "field_date_gap_days": 747, "field_conc_items_km2": 102.37, "conc_A_items_km2": null, "conc_A_lo80": null, "conc_A_hi80": null, "conc_A_lo95": null, "conc_A_hi95": null, "conc_A_status": "unavailable", "conc_A_status_ru": "концентрация недоступна", "conc_A_reasons": "вне бассейна профиля: nw_atlantic_subtropical", "conc_A_model": "conc-A-c6bce5631d2b", "conc_B_items_km2": null, "conc_B_lo80": null, "conc_B_hi80": null, "conc_B_lo95": null, "conc_B_hi95": null, "conc_B_status": "unavailable", "conc_B_status_ru": "концентрация недоступна", "conc_B_reasons": "вне бассейна профиля: black_sea", "conc_B_model": "conc-B-c6bce5631d2b"}}, {"type": "Feature", "geometry": {"type": "Polygon", "coordinates": [[[131.82217147655885, 43.0822071190035], [131.82216734500471, 43.082117178819715], [131.8220446437376, 43.08212020718171], [131.82204051238153, 43.08203026698671], [131.8221632134696, 43.08202723863418], [131.82215908195352, 43.08193729844692], [131.82240448371448, 43.08193124136662], [131.82240861558867, 43.08202118153494], [131.82253131661966, 43.08201815278824], [131.82253544869192, 43.08210809294536], [131.82241274748188, 43.082111121701544], [131.8224168793941, 43.0822010618664], [131.82217147655885, 43.0822071190035]]]}, "properties": {"zone_id": "vladivostok-2026-06-27-098", "aoi": "vladivostok", "date": "2026-06-27", "scene_id": "S2B_MSIL2A_20260627T020649_R103_T52TGN_20260627T041901", "scene_datetime_utc": "2026-06-27T02:06:49.024000+00:00", "detection_status": "detected", "detection_status_ru": "обнаружено", "lon": 131.82229, "lat": 43.08207, "n_pixels": 2, "zone_area_km2": 0.0008, "cover_m2": 13.7, "p_mean": 0.925, "p_max": 0.929, "cover_m2_km2": 17125.0, "h3": "88316c4607fffff", "valid_frac_scene": 0.998, "wind_ms": 2.0, "sea": "спокойное", "scene_reliable": true, "field_event_id": "S4:DOORS3:T23", "field_profile": "B", "field_date": "2024-06-10", "field_distance_km": 6980.4, "field_date_gap_days": 747, "field_conc_items_km2": 102.37, "conc_A_items_km2": null, "conc_A_lo80": null, "conc_A_hi80": null, "conc_A_lo95": null, "conc_A_hi95": null, "conc_A_status": "unavailable", "conc_A_status_ru": "концентрация недоступна", "conc_A_reasons": "вне бассейна профиля: nw_atlantic_subtropical", "conc_A_model": "conc-A-c6bce5631d2b", "conc_B_items_km2": null, "conc_B_lo80": null, "conc_B_hi80": null, "conc_B_lo95": null, "conc_B_hi95": null, "conc_B_status": "unavailable", "conc_B_status_ru": "концентрация недоступна", "conc_B_reasons": "вне бассейна профиля: black_sea", "conc_B_model": "conc-B-c6bce5631d2b"}}, {"type": "Feature", "geometry": {"type": "Polygon", "coordinates": [[[131.87106478415768, 43.079639268352054], [131.8710605814616, 43.079549331951334], [131.8709378905345, 43.079552412590424], [131.8709336880367, 43.079462476178335], [131.87105637878483, 43.07945939554887], [131.87105217612742, 43.07936945914466], [131.87130176022302, 43.07945323389585], [131.87130596325778, 43.079543170279045], [131.87118327236936, 43.079546251180865], [131.87118747524445, 43.07963618757197], [131.87106478415768, 43.079639268352054]]]}, "properties": {"zone_id": "vladivostok-2026-06-27-099", "aoi": "vladivostok", "date": "2026-06-27", "scene_id": "S2B_MSIL2A_20260627T020649_R103_T52TGN_20260627T041901", "scene_datetime_utc": "2026-06-27T02:06:49.024000+00:00", "detection_status": "detected", "detection_status_ru": "обнаружено", "lon": 131.87112, "lat": 43.0795, "n_pixels": 1, "zone_area_km2": 0.0005, "cover_m2": 7.1, "p_mean": 0.863, "p_max": 0.863, "cover_m2_km2": 14200.0, "h3": "88316c0927fffff", "valid_frac_scene": 0.998, "wind_ms": 2.0, "sea": "спокойное", "scene_reliable": true, "field_event_id": "S4:DOORS3:T23", "field_profile": "B", "field_date": "2024-06-10", "field_distance_km": 6983.8, "field_date_gap_days": 747, "field_conc_items_km2": 102.37, "conc_A_items_km2": null, "conc_A_lo80": null, "conc_A_hi80": null, "conc_A_lo95": null, "conc_A_hi95": null, "conc_A_status": "unavailable", "conc_A_status_ru": "концентрация недоступна", "conc_A_reasons": "вне бассейна профиля: nw_atlantic_subtropical", "conc_A_model": "conc-A-c6bce5631d2b", "conc_B_items_km2": null, "conc_B_lo80": null, "conc_B_hi80": null, "conc_B_lo95": null, "conc_B_hi95": null, "conc_B_status": "unavailable", "conc_B_status_ru": "концентрация недоступна", "conc_B_reasons": "вне бассейна профиля: black_sea", "conc_B_model": "conc-B-c6bce5631d2b"}}, {"type": "Feature", "geometry": {"type": "Polygon", "coordinates": [[[131.8321483328428, 43.07745833416908], [131.83214418738234, 43.077368394685315], [131.8320214966478, 43.07737143347784], [131.83201735138545, 43.077281493982845], [131.83214004194096, 43.0772784551998], [131.83213589651868, 43.077188515712564], [131.83201320614216, 43.077191554486106], [131.83200906091795, 43.07710161498762], [131.83225029573083, 43.077005597846934], [131.83225444129394, 43.077095537328155], [131.83237713145328, 43.07709249830137], [131.8323812772145, 43.07718243777137], [131.83225858687615, 43.07718547680764], [131.83226273247743, 43.07727541628539], [131.83238542299478, 43.077272377239616], [131.83238956879413, 43.077362316706115], [131.8321483328428, 43.07745833416908]]]}, "properties": {"zone_id": "vladivostok-2026-06-27-100", "aoi": "vladivostok", "date": "2026-06-27", "scene_id": "S2B_MSIL2A_20260627T020649_R103_T52TGN_20260627T041901", "scene_datetime_utc": "2026-06-27T02:06:49.024000+00:00", "detection_status": "detected", "detection_status_ru": "обнаружено", "lon": 131.8322, "lat": 43.07723, "n_pixels": 2, "zone_area_km2": 0.0009, "cover_m2": 9.0, "p_mean": 0.818, "p_max": 1.0, "cover_m2_km2": 10000.0, "h3": "88316c4639fffff", "valid_frac_scene": 0.998, "wind_ms": 2.0, "sea": "спокойное", "scene_reliable": true, "field_event_id": "S4:DOORS3:T23", "field_profile": "B", "field_date": "2024-06-10", "field_distance_km": 6981.3, "field_date_gap_days": 747, "field_conc_items_km2": 102.37, "conc_A_items_km2": null, "conc_A_lo80": null, "conc_A_hi80": null, "conc_A_lo95": null, "conc_A_hi95": null, "conc_A_status": "unavailable", "conc_A_status_ru": "концентрация недоступна", "conc_A_reasons": "вне бассейна профиля: nw_atlantic_subtropical", "conc_A_model": "conc-A-c6bce5631d2b", "conc_B_items_km2": null, "conc_B_lo80": null, "conc_B_hi80": null, "conc_B_lo95": null, "conc_B_hi95": null, "conc_B_status": "unavailable", "conc_B_status_ru": "концентрация недоступна", "conc_B_reasons": "вне бассейна профиля: black_sea", "conc_B_model": "conc-B-c6bce5631d2b"}}, {"type": "Feature", "geometry": {"type": "Polygon", "coordinates": [[[131.81801400392885, 43.077267291800666], [131.8180098791679, 43.077177351216896], [131.81788718731818, 43.07718037484499], [131.81788306275524, 43.07709043425005], [131.818005754426, 43.07708741063141], [131.81800162970305, 43.076997470044184], [131.81825113771055, 43.07708136300001], [131.81825526281048, 43.07717130356659], [131.81813257099867, 43.07717432745743], [131.81813669593862, 43.07726426803174], [131.81801400392885, 43.077267291800666]]]}, "properties": {"zone_id": "vladivostok-2026-06-27-101", "aoi": "vladivostok", "date": "2026-06-27", "scene_id": "S2B_MSIL2A_20260627T020649_R103_T52TGN_20260627T041901", "scene_datetime_utc": "2026-06-27T02:06:49.024000+00:00", "detection_status": "detected", "detection_status_ru": "обнаружено", "lon": 131.81807, "lat": 43.07713, "n_pixels": 1, "zone_area_km2": 0.0005, "cover_m2": 2.4, "p_mean": 0.565, "p_max": 0.565, "cover_m2_km2": 4800.0, "h3": "88316c463dfffff", "valid_frac_scene": 0.998, "wind_ms": 2.0, "sea": "спокойное", "scene_reliable": true, "field_event_id": "S4:DOORS3:T23", "field_profile": "B", "field_date": "2024-06-10", "field_distance_km": 6980.4, "field_date_gap_days": 747, "field_conc_items_km2": 102.37, "conc_A_items_km2": null, "conc_A_lo80": null, "conc_A_hi80": null, "conc_A_lo95": null, "conc_A_hi95": null, "conc_A_status": "unavailable", "conc_A_status_ru": "концентрация недоступна", "conc_A_reasons": "вне бассейна профиля: nw_atlantic_subtropical", "conc_A_model": "conc-A-c6bce5631d2b", "conc_B_items_km2": null, "conc_B_lo80": null, "conc_B_hi80": null, "conc_B_lo95": null, "conc_B_hi95": null, "conc_B_status": "unavailable", "conc_B_status_ru": "концентрация недоступна", "conc_B_reasons": "вне бассейна профиля: black_sea", "conc_B_model": "conc-B-c6bce5631d2b"}}, {"type": "Feature", "geometry": {"type": "Polygon", "coordinates": [[[131.89415561976725, 43.07698617150994], [131.89415138369154, 43.076896236895976], [131.89402870055198, 43.07689934213876], [131.89402446467474, 43.07680940751334], [131.89414714763532, 43.076806302280254], [131.8941429115986, 43.076716367662776], [131.89438827710333, 43.07671015682199], [131.89439251349796, 43.07680009142006], [131.89451519640002, 43.07679698579295], [131.8945194329931, 43.07688692037955], [131.8943967499121, 43.07689002601637], [131.89440098634572, 43.07697996061092], [131.89415561976725, 43.07698617150994]]]}, "properties": {"zone_id": "vladivostok-2026-06-27-102", "aoi": "vladivostok", "date": "2026-06-27", "scene_id": "S2B_MSIL2A_20260627T020649_R103_T52TGN_20260627T041901", "scene_datetime_utc": "2026-06-27T02:06:49.024000+00:00", "detection_status": "detected", "detection_status_ru": "обнаружено", "lon": 131.89427, "lat": 43.07685, "n_pixels": 2, "zone_area_km2": 0.0008, "cover_m2": 14.1, "p_mean": 0.722, "p_max": 0.816, "cover_m2_km2": 17625.0, "h3": "88316c0931fffff", "valid_frac_scene": 0.998, "wind_ms": 2.0, "sea": "спокойное", "scene_reliable": true, "field_event_id": "S4:DOORS3:T23", "field_profile": "B", "field_date": "2024-06-10", "field_distance_km": 6985.5, "field_date_gap_days": 747, "field_conc_items_km2": 102.37, "conc_A_items_km2": null, "conc_A_lo80": null, "conc_A_hi80": null, "conc_A_lo95": null, "conc_A_hi95": null, "conc_A_status": "unavailable", "conc_A_status_ru": "концентрация недоступна", "conc_A_reasons": "вне бассейна профиля: nw_atlantic_subtropical", "conc_A_model": "conc-A-c6bce5631d2b", "conc_B_items_km2": null, "conc_B_lo80": null, "conc_B_hi80": null, "conc_B_lo95": null, "conc_B_hi95": null, "conc_B_status": "unavailable", "conc_B_status_ru": "концентрация недоступна", "conc_B_reasons": "вне бассейна профиля: black_sea", "conc_B_model": "conc-B-c6bce5631d2b"}}, {"type": "Feature", "geometry": {"type": "Polygon", "coordinates": [[[131.9725192763909, 43.076956672470125], [131.97251492572246, 43.07686674417043], [131.97239225125566, 43.076869933418415], [131.97238355033667, 43.07669007679376], [131.97262454774742, 43.07659376991129], [131.97262889853468, 43.076683698206345], [131.97275157260364, 43.076680508715675], [131.97276027459603, 43.07686036528052], [131.9725192763909, 43.076956672470125]]]}, "properties": {"zone_id": "vladivostok-2026-06-27-103", "aoi": "vladivostok", "date": "2026-06-27", "scene_id": "S2B_MSIL2A_20260627T020649_R103_T52TGN_20260627T041901", "scene_datetime_utc": "2026-06-27T02:06:49.024000+00:00", "detection_status": "detected", "detection_status_ru": "обнаружено", "lon": 131.97257, "lat": 43.07678, "n_pixels": 2, "zone_area_km2": 0.0008, "cover_m2": 1.2, "p_mean": 0.835, "p_max": 0.898, "cover_m2_km2": 1500.0, "h3": "88316c0817fffff", "valid_frac_scene": 0.998, "wind_ms": 2.0, "sea": "спокойное", "scene_reliable": true, "field_event_id": "S4:DOORS3:T23", "field_profile": "B", "field_date": "2024-06-10", "field_distance_km": 6990.8, "field_date_gap_days": 747, "field_conc_items_km2": 102.37, "conc_A_items_km2": null, "conc_A_lo80": null, "conc_A_hi80": null, "conc_A_lo95": null, "conc_A_hi95": null, "conc_A_status": "unavailable", "conc_A_status_ru": "концентрация недоступна", "conc_A_reasons": "вне бассейна профиля: nw_atlantic_subtropical", "conc_A_model": "conc-A-c6bce5631d2b", "conc_B_items_km2": null, "conc_B_lo80": null, "conc_B_hi80": null, "conc_B_lo95": null, "conc_B_hi95": null, "conc_B_status": "unavailable", "conc_B_status_ru": "концентрация недоступна", "conc_B_reasons": "вне бассейна профиля: black_sea", "conc_B_model": "conc-B-c6bce5631d2b"}}, {"type": "Feature", "geometry": {"type": "Polygon", "coordinates": [[[131.8857919903921, 43.07674735309032], [131.88578776658287, 43.076657417808576], [131.885665083014, 43.07666051407142], [131.88566085940315, 43.07657057877825], [131.88578354279306, 43.07656748252509], [131.88577931902273, 43.07647754723985], [131.8860246853863, 43.07647135435883], [131.88602890951452, 43.07656128962473], [131.88615159284612, 43.07655819297752], [131.88615581717278, 43.07664812823197], [131.88603313366227, 43.076651224888856], [131.8860373578294, 43.076741160151236], [131.8857919903921, 43.07674735309032]]]}, "properties": {"zone_id": "vladivostok-2026-06-27-104", "aoi": "vladivostok", "date": "2026-06-27", "scene_id": "S2B_MSIL2A_20260627T020649_R103_T52TGN_20260627T041901", "scene_datetime_utc": "2026-06-27T02:06:49.024000+00:00", "detection_status": "detected", "detection_status_ru": "обнаружено", "lon": 131.88591, "lat": 43.07661, "n_pixels": 2, "zone_area_km2": 0.0008, "cover_m2": 15.3, "p_mean": 0.725, "p_max": 0.812, "cover_m2_km2": 19125.0, "h3": "88316c093dfffff", "valid_frac_scene": 0.998, "wind_ms": 2.0, "sea": "спокойное", "scene_reliable": true, "field_event_id": "S4:DOORS3:T23", "field_profile": "B", "field_date": "2024-06-10", "field_distance_km": 6985.0, "field_date_gap_days": 747, "field_conc_items_km2": 102.37, "conc_A_items_km2": null, "conc_A_lo80": null, "conc_A_hi80": null, "conc_A_lo95": null, "conc_A_hi95": null, "conc_A_status": "unavailable", "conc_A_status_ru": "концентрация недоступна", "conc_A_reasons": "вне бассейна профиля: nw_atlantic_subtropical", "conc_A_model": "conc-A-c6bce5631d2b", "conc_B_items_km2": null, "conc_B_lo80": null, "conc_B_hi80": null, "conc_B_lo95": null, "conc_B_hi95": null, "conc_B_status": "unavailable", "conc_B_status_ru": "концентрация недоступна", "conc_B_reasons": "вне бассейна профиля: black_sea", "conc_B_model": "conc-B-c6bce5631d2b"}}, {"type": "Feature", "geometry": {"type": "Polygon", "coordinates": [[[131.81651284043923, 43.0766739818642], [131.81650871795924, 43.076584041154895], [131.81638602713468, 43.07658706314041], [131.81637778258968, 43.07640718169773], [131.81661904090174, 43.076311196928074], [131.81662316350378, 43.076401137633134], [131.81674585393236, 43.07639811540378], [131.8167540995514, 43.07657799678978], [131.81651284043923, 43.0766739818642]]]}, "properties": {"zone_id": "vladivostok-2026-06-27-105", "aoi": "vladivostok", "date": "2026-06-27", "scene_id": "S2B_MSIL2A_20260627T020649_R103_T52TGN_20260627T041901", "scene_datetime_utc": "2026-06-27T02:06:49.024000+00:00", "detection_status": "detected", "detection_status_ru": "обнаружено", "lon": 131.81657, "lat": 43.07649, "n_pixels": 2, "zone_area_km2": 0.0008, "cover_m2": 10.6, "p_mean": 0.627, "p_max": 0.698, "cover_m2_km2": 13250.0, "h3": "88316c463dfffff", "valid_frac_scene": 0.998, "wind_ms": 2.0, "sea": "спокойное", "scene_reliable": true, "field_event_id": "S4:DOORS3:T23", "field_profile": "B", "field_date": "2024-06-10", "field_distance_km": 6980.3, "field_date_gap_days": 747, "field_conc_items_km2": 102.37, "conc_A_items_km2": null, "conc_A_lo80": null, "conc_A_hi80": null, "conc_A_lo95": null, "conc_A_hi95": null, "conc_A_status": "unavailable", "conc_A_status_ru": "концентрация недоступна", "conc_A_reasons": "вне бассейна профиля: nw_atlantic_subtropical", "conc_A_model": "conc-A-c6bce5631d2b", "conc_B_items_km2": null, "conc_B_lo80": null, "conc_B_hi80": null, "conc_B_lo95": null, "conc_B_hi95": null, "conc_B_status": "unavailable", "conc_B_status_ru": "концентрация недоступна", "conc_B_reasons": "вне бассейна профиля: black_sea", "conc_B_model": "conc-B-c6bce5631d2b"}}, {"type": "Feature", "geometry": {"type": "Polygon", "coordinates": [[[131.88474296415674, 43.07533315363623], [131.8847387420902, 43.07524321824905], [131.88461606122905, 43.07524631330634], [131.88461183936087, 43.075156377907746], [131.88473452004305, 43.07515328286012], [131.88473029801537, 43.075063347469445], [131.88497988134915, 43.07514709237087], [131.88498410375416, 43.07523702774044], [131.8848614229319, 43.07524012306041], [131.88486564517743, 43.07533005843792], [131.88474296415674, 43.07533315363623]]]}, "properties": {"zone_id": "vladivostok-2026-06-27-106", "aoi": "vladivostok", "date": "2026-06-27", "scene_id": "S2B_MSIL2A_20260627T020649_R103_T52TGN_20260627T041901", "scene_datetime_utc": "2026-06-27T02:06:49.024000+00:00", "detection_status": "detected", "detection_status_ru": "обнаружено", "lon": 131.8848, "lat": 43.0752, "n_pixels": 1, "zone_area_km2": 0.0005, "cover_m2": 6.3, "p_mean": 0.627, "p_max": 0.627, "cover_m2_km2": 12600.0, "h3": "88316c0935fffff", "valid_frac_scene": 0.998, "wind_ms": 2.0, "sea": "спокойное", "scene_reliable": true, "field_event_id": "S4:DOORS3:T23", "field_profile": "B", "field_date": "2024-06-10", "field_distance_km": 6985.0, "field_date_gap_days": 747, "field_conc_items_km2": 102.37, "conc_A_items_km2": null, "conc_A_lo80": null, "conc_A_hi80": null, "conc_A_lo95": null, "conc_A_hi95": null, "conc_A_status": "unavailable", "conc_A_status_ru": "концентрация недоступна", "conc_A_reasons": "вне бассейна профиля: nw_atlantic_subtropical", "conc_A_model": "conc-A-c6bce5631d2b", "conc_B_items_km2": null, "conc_B_lo80": null, "conc_B_hi80": null, "conc_B_lo95": null, "conc_B_hi95": null, "conc_B_status": "unavailable", "conc_B_status_ru": "концентрация недоступна", "conc_B_reasons": "вне бассейна профиля: black_sea", "conc_B_model": "conc-B-c6bce5631d2b"}}, {"type": "Feature", "geometry": {"type": "Polygon", "coordinates": [[[131.88140526613637, 43.074877060428044], [131.8814010490179, 43.07478712476933], [131.88127836870595, 43.07479021622243], [131.88127415178585, 43.074700280552285], [131.88139683191883, 43.074697189108846], [131.88139261483917, 43.07460725344663], [131.88164219212658, 43.07469100582792], [131.8816464095835, 43.074780941469086], [131.8815237293104, 43.07478403318488], [131.88152794660783, 43.07487396883393], [131.88140526613637, 43.074877060428044]]]}, "properties": {"zone_id": "vladivostok-2026-06-27-107", "aoi": "vladivostok", "date": "2026-06-27", "scene_id": "S2B_MSIL2A_20260627T020649_R103_T52TGN_20260627T041901", "scene_datetime_utc": "2026-06-27T02:06:49.024000+00:00", "detection_status": "detected", "detection_status_ru": "обнаружено", "lon": 131.88146, "lat": 43.07474, "n_pixels": 1, "zone_area_km2": 0.0005, "cover_m2": 4.7, "p_mean": 0.929, "p_max": 0.929, "cover_m2_km2": 9400.0, "h3": "88316c0935fffff", "valid_frac_scene": 0.998, "wind_ms": 2.0, "sea": "спокойное", "scene_reliable": true, "field_event_id": "S4:DOORS3:T23", "field_profile": "B", "field_date": "2024-06-10", "field_distance_km": 6984.8, "field_date_gap_days": 747, "field_conc_items_km2": 102.37, "conc_A_items_km2": null, "conc_A_lo80": null, "conc_A_hi80": null, "conc_A_lo95": null, "conc_A_hi95": null, "conc_A_status": "unavailable", "conc_A_status_ru": "концентрация недоступна", "conc_A_reasons": "вне бассейна профиля: nw_atlantic_subtropical", "conc_A_model": "conc-A-c6bce5631d2b", "conc_B_items_km2": null, "conc_B_lo80": null, "conc_B_hi80": null, "conc_B_lo95": null, "conc_B_hi95": null, "conc_B_status": "unavailable", "conc_B_status_ru": "концентрация недоступна", "conc_B_reasons": "вне бассейна профиля: black_sea", "conc_B_model": "conc-B-c6bce5631d2b"}}, {"type": "Feature", "geometry": {"type": "Polygon", "coordinates": [[[131.79542192979636, 43.07476039027438], [131.79541783843578, 43.0746704479091], [131.79529514921109, 43.07467344717635], [131.79528696690443, 43.07449356242184], [131.79552825313596, 43.07439762143239], [131.795532344619, 43.07448756379348], [131.79565503344804, 43.074484564282244], [131.7956632168287, 43.07466444898049], [131.79542192979636, 43.07476039027438]]]}, "properties": {"zone_id": "vladivostok-2026-06-27-108", "aoi": "vladivostok", "date": "2026-06-27", "scene_id": "S2B_MSIL2A_20260627T020649_R103_T52TGN_20260627T041901", "scene_datetime_utc": "2026-06-27T02:06:49.024000+00:00", "detection_status": "detected", "detection_status_ru": "обнаружено", "lon": 131.79548, "lat": 43.07458, "n_pixels": 2, "zone_area_km2": 0.0008, "cover_m2": 8.2, "p_mean": 0.859, "p_max": 0.961, "cover_m2_km2": 10250.0, "h3": "88316c471bfffff", "valid_frac_scene": 0.998, "wind_ms": 2.0, "sea": "спокойное", "scene_reliable": true, "field_event_id": "S4:DOORS3:T23", "field_profile": "B", "field_date": "2024-06-10", "field_distance_km": 6979.0, "field_date_gap_days": 747, "field_conc_items_km2": 102.37, "conc_A_items_km2": null, "conc_A_lo80": null, "conc_A_hi80": null, "conc_A_lo95": null, "conc_A_hi95": null, "conc_A_status": "unavailable", "conc_A_status_ru": "концентрация недоступна", "conc_A_reasons": "вне бассейна профиля: nw_atlantic_subtropical", "conc_A_model": "conc-A-c6bce5631d2b", "conc_B_items_km2": null, "conc_B_lo80": null, "conc_B_hi80": null, "conc_B_lo95": null, "conc_B_hi95": null, "conc_B_status": "unavailable", "conc_B_status_ru": "концентрация недоступна", "conc_B_reasons": "вне бассейна профиля: black_sea", "conc_B_model": "conc-B-c6bce5631d2b"}}, {"type": "Feature", "geometry": {"type": "Polygon", "coordinates": [[[131.89662597496053, 43.07467257008893], [131.89662173561467, 43.07458263563498], [131.89649905735843, 43.07458574339316], [131.896494818211, 43.07449580892775], [131.89661749628834, 43.07449270117929], [131.89661325698154, 43.07440276672184], [131.89686285238446, 43.074486485288375], [131.89686709206865, 43.074576419724636], [131.89674441385142, 43.07457952774547], [131.8967486533762, 43.0746694621897], [131.89662597496053, 43.07467257008893]]]}, "properties": {"zone_id": "vladivostok-2026-06-27-109", "aoi": "vladivostok", "date": "2026-06-27", "scene_id": "S2B_MSIL2A_20260627T020649_R103_T52TGN_20260627T041901", "scene_datetime_utc": "2026-06-27T02:06:49.024000+00:00", "detection_status": "detected", "detection_status_ru": "обнаружено", "lon": 131.89668, "lat": 43.07454, "n_pixels": 1, "zone_area_km2": 0.0005, "cover_m2": 9.0, "p_mean": 0.545, "p_max": 0.545, "cover_m2_km2": 18000.0, "h3": "88316c093bfffff", "valid_frac_scene": 0.998, "wind_ms": 2.0, "sea": "спокойное", "scene_reliable": true, "field_event_id": "S4:DOORS3:T23", "field_profile": "B", "field_date": "2024-06-10", "field_distance_km": 6985.8, "field_date_gap_days": 747, "field_conc_items_km2": 102.37, "conc_A_items_km2": null, "conc_A_lo80": null, "conc_A_hi80": null, "conc_A_lo95": null, "conc_A_hi95": null, "conc_A_status": "unavailable", "conc_A_status_ru": "концентрация недоступна", "conc_A_reasons": "вне бассейна профиля: nw_atlantic_subtropical", "conc_A_model": "conc-A-c6bce5631d2b", "conc_B_items_km2": null, "conc_B_lo80": null, "conc_B_hi80": null, "conc_B_lo95": null, "conc_B_hi95": null, "conc_B_status": "unavailable", "conc_B_status_ru": "концентрация недоступна", "conc_B_reasons": "вне бассейна профиля: black_sea", "conc_B_model": "conc-B-c6bce5631d2b"}}, {"type": "Feature", "geometry": {"type": "Polygon", "coordinates": [[[131.87819871731946, 43.07459765212489], [131.87819450493117, 43.07450771620809], [131.87807182483056, 43.07451080420775], [131.87806340047, 43.07433093234959], [131.878304547427, 43.074234820345126], [131.87830875993606, 43.074324756257525], [131.87843143964, 43.074321668014484], [131.8784398650742, 43.07450153981475], [131.87819871731946, 43.07459765212489]]]}, "properties": {"zone_id": "vladivostok-2026-06-27-110", "aoi": "vladivostok", "date": "2026-06-27", "scene_id": "S2B_MSIL2A_20260627T020649_R103_T52TGN_20260627T041901", "scene_datetime_utc": "2026-06-27T02:06:49.024000+00:00", "detection_status": "detected", "detection_status_ru": "обнаружено", "lon": 131.87825, "lat": 43.07442, "n_pixels": 2, "zone_area_km2": 0.0008, "cover_m2": 17.3, "p_mean": 0.859, "p_max": 0.89, "cover_m2_km2": 21625.0, "h3": "88316c0935fffff", "valid_frac_scene": 0.998, "wind_ms": 2.0, "sea": "спокойное", "scene_reliable": true, "field_event_id": "S4:DOORS3:T23", "field_profile": "B", "field_date": "2024-06-10", "field_distance_km": 6984.6, "field_date_gap_days": 747, "field_conc_items_km2": 102.37, "conc_A_items_km2": null, "conc_A_lo80": null, "conc_A_hi80": null, "conc_A_lo95": null, "conc_A_hi95": null, "conc_A_status": "unavailable", "conc_A_status_ru": "концентрация недоступна", "conc_A_reasons": "вне бассейна профиля: nw_atlantic_subtropical", "conc_A_model": "conc-A-c6bce5631d2b", "conc_B_items_km2": null, "conc_B_lo80": null, "conc_B_hi80": null, "conc_B_lo95": null, "conc_B_hi95": null, "conc_B_status": "unavailable", "conc_B_status_ru": "концентрация недоступна", "conc_B_reasons": "вне бассейна профиля: black_sea", "conc_B_model": "conc-B-c6bce5631d2b"}}, {"type": "Feature", "geometry": {"type": "Polygon", "coordinates": [[[131.87745842403666, 43.07452624223599], [131.8774542127414, 43.074436306259535], [131.8773315327034, 43.07443939346152], [131.8773273216065, 43.074349457473645], [131.87745000146552, 43.074346370281326], [131.87744579020907, 43.07425643430136], [131.87769536112552, 43.07434019550264], [131.87769957275924, 43.07443013146156], [131.87757689276003, 43.07443321892621], [131.87758110423422, 43.074523154893015], [131.87745842403666, 43.07452624223599]]]}, "properties": {"zone_id": "vladivostok-2026-06-27-111", "aoi": "vladivostok", "date": "2026-06-27", "scene_id": "S2B_MSIL2A_20260627T020649_R103_T52TGN_20260627T041901", "scene_datetime_utc": "2026-06-27T02:06:49.024000+00:00", "detection_status": "detected", "detection_status_ru": "обнаружено", "lon": 131.87751, "lat": 43.07439, "n_pixels": 1, "zone_area_km2": 0.0005, "cover_m2": 6.3, "p_mean": 0.831, "p_max": 0.831, "cover_m2_km2": 12600.0, "h3": "88316c0935fffff", "valid_frac_scene": 0.998, "wind_ms": 2.0, "sea": "спокойное", "scene_reliable": true, "field_event_id": "S4:DOORS3:T23", "field_profile": "B", "field_date": "2024-06-10", "field_distance_km": 6984.6, "field_date_gap_days": 747, "field_conc_items_km2": 102.37, "conc_A_items_km2": null, "conc_A_lo80": null, "conc_A_hi80": null, "conc_A_lo95": null, "conc_A_hi95": null, "conc_A_status": "unavailable", "conc_A_status_ru": "концентрация недоступна", "conc_A_reasons": "вне бассейна профиля: nw_atlantic_subtropical", "conc_A_model": "conc-A-c6bce5631d2b", "conc_B_items_km2": null, "conc_B_lo80": null, "conc_B_hi80": null, "conc_B_lo95": null, "conc_B_hi95": null, "conc_B_status": "unavailable", "conc_B_status_ru": "концентрация недоступна", "conc_B_reasons": "вне бассейна профиля: black_sea", "conc_B_model": "conc-B-c6bce5631d2b"}}, {"type": "Feature", "geometry": {"type": "Polygon", "coordinates": [[[131.88223450083908, 43.07422586733681], [131.88223028260393, 43.07413593173347], [131.88210760368048, 43.0741390240383], [131.8820991676263, 43.073959152807056], [131.88222184619187, 43.073956060521546], [131.88221762801498, 43.07386612491296], [131.88246720326472, 43.07394987555654], [131.8824714218189, 43.07403981114405], [131.88259410050517, 43.07403671845486], [131.8825983192577, 43.07412665403096], [131.88247564039253, 43.0741297467298], [131.88247985898556, 43.0742196823138], [131.88223450083908, 43.07422586733681]]]}, "properties": {"zone_id": "vladivostok-2026-06-27-112", "aoi": "vladivostok", "date": "2026-06-27", "scene_id": "S2B_MSIL2A_20260627T020649_R103_T52TGN_20260627T041901", "scene_datetime_utc": "2026-06-27T02:06:49.024000+00:00", "detection_status": "detected", "detection_status_ru": "обнаружено", "lon": 131.88233, "lat": 43.07406, "n_pixels": 3, "zone_area_km2": 0.001, "cover_m2": 25.9, "p_mean": 0.737, "p_max": 0.831, "cover_m2_km2": 25900.0, "h3": "88316c0935fffff", "valid_frac_scene": 0.998, "wind_ms": 2.0, "sea": "спокойное", "scene_reliable": true, "field_event_id": "S4:DOORS3:T23", "field_profile": "B", "field_date": "2024-06-10", "field_distance_km": 6984.9, "field_date_gap_days": 747, "field_conc_items_km2": 102.37, "conc_A_items_km2": null, "conc_A_lo80": null, "conc_A_hi80": null, "conc_A_lo95": null, "conc_A_hi95": null, "conc_A_status": "unavailable", "conc_A_status_ru": "концентрация недоступна", "conc_A_reasons": "вне бассейна профиля: nw_atlantic_subtropical", "conc_A_model": "conc-A-c6bce5631d2b", "conc_B_items_km2": null, "conc_B_lo80": null, "conc_B_hi80": null, "conc_B_lo95": null, "conc_B_hi95": null, "conc_B_status": "unavailable", "conc_B_status_ru": "концентрация недоступна", "conc_B_reasons": "вне бассейна профиля: black_sea", "conc_B_model": "conc-B-c6bce5631d2b"}}, {"type": "Feature", "geometry": {"type": "Polygon", "coordinates": [[[131.87695086085097, 43.07417884622376], [131.87694665034903, 43.07408891020171], [131.87682397094926, 43.074091996839755], [131.87681976064565, 43.07400206080629], [131.87694243986647, 43.07399897417791], [131.8769382294033, 43.07390903815236], [131.8770609084258, 43.07390595140229], [131.87705669780306, 43.07381601538463], [131.87730626641266, 43.07389977750812], [131.87731047741264, 43.07398971350473], [131.87718779824996, 43.07399280052713], [131.8771920090904, 43.074082736531636], [131.87695086085097, 43.07417884622376]]]}, "properties": {"zone_id": "vladivostok-2026-06-27-113", "aoi": "vladivostok", "date": "2026-06-27", "scene_id": "S2B_MSIL2A_20260627T020649_R103_T52TGN_20260627T041901", "scene_datetime_utc": "2026-06-27T02:06:49.024000+00:00", "detection_status": "detected", "detection_status_ru": "обнаружено", "lon": 131.87707, "lat": 43.074, "n_pixels": 2, "zone_area_km2": 0.0008, "cover_m2": 18.8, "p_mean": 0.631, "p_max": 0.647, "cover_m2_km2": 23500.0, "h3": "88316c0935fffff", "valid_frac_scene": 0.998, "wind_ms": 2.0, "sea": "спокойное", "scene_reliable": true, "field_event_id": "S4:DOORS3:T23", "field_profile": "B", "field_date": "2024-06-10", "field_distance_km": 6984.6, "field_date_gap_days": 747, "field_conc_items_km2": 102.37, "conc_A_items_km2": null, "conc_A_lo80": null, "conc_A_hi80": null, "conc_A_lo95": null, "conc_A_hi95": null, "conc_A_status": "unavailable", "conc_A_status_ru": "концентрация недоступна", "conc_A_reasons": "вне бассейна профиля: nw_atlantic_subtropical", "conc_A_model": "conc-A-c6bce5631d2b", "conc_B_items_km2": null, "conc_B_lo80": null, "conc_B_hi80": null, "conc_B_lo95": null, "conc_B_hi95": null, "conc_B_status": "unavailable", "conc_B_status_ru": "концентрация недоступна", "conc_B_reasons": "вне бассейна профиля: black_sea", "conc_B_model": "conc-B-c6bce5631d2b"}}, {"type": "Feature", "geometry": {"type": "Polygon", "coordinates": [[[131.87964980667718, 43.07411090674634], [131.87964559223857, 43.07402097093664], [131.87952291326542, 43.07402406046408], [131.87951869902514, 43.07393412464295], [131.87964137781935, 43.07393103512517], [131.87963716341952, 43.073841099311956], [131.87988673534957, 43.07392485569557], [131.87989095012668, 43.07401479148773], [131.87976827119232, 43.074017881277854], [131.8797724858099, 43.0741078170779], [131.87964980667718, 43.07411090674634]]]}, "properties": {"zone_id": "vladivostok-2026-06-27-114", "aoi": "vladivostok", "date": "2026-06-27", "scene_id": "S2B_MSIL2A_20260627T020649_R103_T52TGN_20260627T041901", "scene_datetime_utc": "2026-06-27T02:06:49.024000+00:00", "detection_status": "detected", "detection_status_ru": "обнаружено", "lon": 131.8797, "lat": 43.07397, "n_pixels": 1, "zone_area_km2": 0.0005, "cover_m2": 6.3, "p_mean": 0.659, "p_max": 0.659, "cover_m2_km2": 12600.0, "h3": "88316c0935fffff", "valid_frac_scene": 0.998, "wind_ms": 2.0, "sea": "спокойное", "scene_reliable": true, "field_event_id": "S4:DOORS3:T23", "field_profile": "B", "field_date": "2024-06-10", "field_distance_km": 6984.7, "field_date_gap_days": 747, "field_conc_items_km2": 102.37, "conc_A_items_km2": null, "conc_A_lo80": null, "conc_A_hi80": null, "conc_A_lo95": null, "conc_A_hi95": null, "conc_A_status": "unavailable", "conc_A_status_ru": "концентрация недоступна", "conc_A_reasons": "вне бассейна профиля: nw_atlantic_subtropical", "conc_A_model": "conc-A-c6bce5631d2b", "conc_B_items_km2": null, "conc_B_lo80": null, "conc_B_hi80": null, "conc_B_lo95": null, "conc_B_hi95": null, "conc_B_status": "unavailable", "conc_B_status_ru": "концентрация недоступна", "conc_B_reasons": "вне бассейна профиля: black_sea", "conc_B_model": "conc-B-c6bce5631d2b"}}, {"type": "Feature", "geometry": {"type": "Polygon", "coordinates": [[[131.85741947291012, 43.0741283480976], [131.8574152909767, 43.07403841053633], [131.8572926095792, 43.074041476233454], [131.85728424612793, 43.07386160108651], [131.8575254261332, 43.07376553204234], [131.85752960818783, 43.07385546959926], [131.85765228918893, 43.07385240365862], [131.8576606537139, 43.07403227874808], [131.85741947291012, 43.0741283480976]]]}, "properties": {"zone_id": "vladivostok-2026-06-27-115", "aoi": "vladivostok", "date": "2026-06-27", "scene_id": "S2B_MSIL2A_20260627T020649_R103_T52TGN_20260627T041901", "scene_datetime_utc": "2026-06-27T02:06:49.024000+00:00", "detection_status": "detected", "detection_status_ru": "обнаружено", "lon": 131.85747, "lat": 43.07395, "n_pixels": 2, "zone_area_km2": 0.0008, "cover_m2": 5.1, "p_mean": 0.971, "p_max": 0.992, "cover_m2_km2": 6375.0, "h3": "88316c4613fffff", "valid_frac_scene": 0.998, "wind_ms": 2.0, "sea": "спокойное", "scene_reliable": true, "field_event_id": "S4:DOORS3:T23", "field_profile": "B", "field_date": "2024-06-10", "field_distance_km": 6983.2, "field_date_gap_days": 747, "field_conc_items_km2": 102.37, "conc_A_items_km2": null, "conc_A_lo80": null, "conc_A_hi80": null, "conc_A_lo95": null, "conc_A_hi95": null, "conc_A_status": "unavailable", "conc_A_status_ru": "концентрация недоступна", "conc_A_reasons": "вне бассейна профиля: nw_atlantic_subtropical", "conc_A_model": "conc-A-c6bce5631d2b", "conc_B_items_km2": null, "conc_B_lo80": null, "conc_B_hi80": null, "conc_B_lo95": null, "conc_B_hi95": null, "conc_B_status": "unavailable", "conc_B_status_ru": "концентрация недоступна", "conc_B_reasons": "вне бассейна профиля: black_sea", "conc_B_model": "conc-B-c6bce5631d2b"}}, {"type": "Feature", "geometry": {"type": "Polygon", "coordinates": [[[131.8819722712223, 43.073872309333304], [131.8819680534227, 43.07378237370363], [131.88184537517617, 43.07378546570715], [131.8818411575749, 43.073695530066054], [131.88196383564252, 43.07369243807221], [131.88195961788173, 43.07360250243903], [131.88220919171943, 43.07368625369053], [131.88221340985748, 43.07377618930262], [131.88209073164978, 43.0737792815688], [131.88209494962837, 43.07386921718879], [131.8819722712223, 43.073872309333304]]]}, "properties": {"zone_id": "vladivostok-2026-06-27-116", "aoi": "vladivostok", "date": "2026-06-27", "scene_id": "S2B_MSIL2A_20260627T020649_R103_T52TGN_20260627T041901", "scene_datetime_utc": "2026-06-27T02:06:49.024000+00:00", "detection_status": "detected", "detection_status_ru": "обнаружено", "lon": 131.88203, "lat": 43.07374, "n_pixels": 1, "zone_area_km2": 0.0005, "cover_m2": 4.7, "p_mean": 0.875, "p_max": 0.875, "cover_m2_km2": 9400.0, "h3": "88316c0935fffff", "valid_frac_scene": 0.998, "wind_ms": 2.0, "sea": "спокойное", "scene_reliable": true, "field_event_id": "S4:DOORS3:T23", "field_profile": "B", "field_date": "2024-06-10", "field_distance_km": 6984.9, "field_date_gap_days": 747, "field_conc_items_km2": 102.37, "conc_A_items_km2": null, "conc_A_lo80": null, "conc_A_hi80": null, "conc_A_lo95": null, "conc_A_hi95": null, "conc_A_status": "unavailable", "conc_A_status_ru": "концентрация недоступна", "conc_A_reasons": "вне бассейна профиля: nw_atlantic_subtropical", "conc_A_model": "conc-A-c6bce5631d2b", "conc_B_items_km2": null, "conc_B_lo80": null, "conc_B_hi80": null, "conc_B_lo95": null, "conc_B_hi95": null, "conc_B_status": "unavailable", "conc_B_status_ru": "концентрация недоступна", "conc_B_reasons": "вне бассейна профиля: black_sea", "conc_B_model": "conc-B-c6bce5631d2b"}}, {"type": "Feature", "geometry": {"type": "Polygon", "coordinates": [[[131.87827506040645, 43.07360526890928], [131.87827084805252, 43.07351533298288], [131.87814816993964, 43.07351842100771], [131.87814395778403, 43.07342848506991], [131.87826663571798, 43.07342539705472], [131.87826242340282, 43.073335461124806], [131.87850777885467, 43.07332928471973], [131.8785119915277, 43.07341922063035], [131.87863466940348, 43.07341613222116], [131.87863888227483, 43.073506068120366], [131.87851620422012, 43.073509156539195], [131.87852041693193, 43.073599092446294], [131.87827506040645, 43.07360526890928]]]}, "properties": {"zone_id": "vladivostok-2026-06-27-117", "aoi": "vladivostok", "date": "2026-06-27", "scene_id": "S2B_MSIL2A_20260627T020649_R103_T52TGN_20260627T041901", "scene_datetime_utc": "2026-06-27T02:06:49.024000+00:00", "detection_status": "detected", "detection_status_ru": "обнаружено", "lon": 131.87839, "lat": 43.07347, "n_pixels": 2, "zone_area_km2": 0.0008, "cover_m2": 12.2, "p_mean": 0.771, "p_max": 0.82, "cover_m2_km2": 15250.0, "h3": "88316c0935fffff", "valid_frac_scene": 0.998, "wind_ms": 2.0, "sea": "спокойное", "scene_reliable": true, "field_event_id": "S4:DOORS3:T23", "field_profile": "B", "field_date": "2024-06-10", "field_distance_km": 6984.7, "field_date_gap_days": 747, "field_conc_items_km2": 102.37, "conc_A_items_km2": null, "conc_A_lo80": null, "conc_A_hi80": null, "conc_A_lo95": null, "conc_A_hi95": null, "conc_A_status": "unavailable", "conc_A_status_ru": "концентрация недоступна", "conc_A_reasons": "вне бассейна профиля: nw_atlantic_subtropical", "conc_A_model": "conc-A-c6bce5631d2b", "conc_B_items_km2": null, "conc_B_lo80": null, "conc_B_hi80": null, "conc_B_lo95": null, "conc_B_hi95": null, "conc_B_status": "unavailable", "conc_B_status_ru": "концентрация недоступна", "conc_B_reasons": "вне бассейна профиля: black_sea", "conc_B_model": "conc-B-c6bce5631d2b"}}, {"type": "Feature", "geometry": {"type": "Polygon", "coordinates": [[[131.84447952017132, 43.07319039007752], [131.8444753572968, 43.073100451487996], [131.84435267638784, 43.07310350326011], [131.84434851371148, 43.0730135646593], [131.84447119444147, 43.07301051289674], [131.8444670316053, 43.07292057430373], [131.84471655584397, 43.073004408977575], [131.84472071905722, 43.07309434754975], [131.84459803818658, 43.07309739958455], [131.84460220124006, 43.07318733816453], [131.84447952017132, 43.07319039007752]]]}, "properties": {"zone_id": "vladivostok-2026-06-27-118", "aoi": "vladivostok", "date": "2026-06-27", "scene_id": "S2B_MSIL2A_20260627T020649_R103_T52TGN_20260627T041901", "scene_datetime_utc": "2026-06-27T02:06:49.024000+00:00", "detection_status": "detected", "detection_status_ru": "обнаружено", "lon": 131.84453, "lat": 43.07305, "n_pixels": 1, "zone_area_km2": 0.0005, "cover_m2": 9.4, "p_mean": 0.984, "p_max": 0.984, "cover_m2_km2": 18800.0, "h3": "88316c4617fffff", "valid_frac_scene": 0.998, "wind_ms": 2.0, "sea": "спокойное", "scene_reliable": true, "field_event_id": "S4:DOORS3:T23", "field_profile": "B", "field_date": "2024-06-10", "field_distance_km": 6982.4, "field_date_gap_days": 747, "field_conc_items_km2": 102.37, "conc_A_items_km2": null, "conc_A_lo80": null, "conc_A_hi80": null, "conc_A_lo95": null, "conc_A_hi95": null, "conc_A_status": "unavailable", "conc_A_status_ru": "концентрация недоступна", "conc_A_reasons": "вне бассейна профиля: nw_atlantic_subtropical", "conc_A_model": "conc-A-c6bce5631d2b", "conc_B_items_km2": null, "conc_B_lo80": null, "conc_B_hi80": null, "conc_B_lo95": null, "conc_B_hi95": null, "conc_B_status": "unavailable", "conc_B_status_ru": "концентрация недоступна", "conc_B_reasons": "вне бассейна профиля: black_sea", "conc_B_model": "conc-B-c6bce5631d2b"}}, {"type": "Feature", "geometry": {"type": "Polygon", "coordinates": [[[131.81155915732847, 43.073104156726075], [131.8115550426064, 43.07301421557756], [131.81143235838084, 43.073017232053], [131.81142412935142, 43.07283734973189], [131.8116653822235, 43.07274137554308], [131.81166949706775, 43.072831316687385], [131.8117921808975, 43.072828299968094], [131.8118004110007, 43.07300818223262], [131.81155915732847, 43.073104156726075]]]}, "properties": {"zone_id": "vladivostok-2026-06-27-119", "aoi": "vladivostok", "date": "2026-06-27", "scene_id": "S2B_MSIL2A_20260627T020649_R103_T52TGN_20260627T041901", "scene_datetime_utc": "2026-06-27T02:06:49.024000+00:00", "detection_status": "detected", "detection_status_ru": "обнаружено", "lon": 131.81161, "lat": 43.07292, "n_pixels": 2, "zone_area_km2": 0.0008, "cover_m2": 5.9, "p_mean": 0.945, "p_max": 0.965, "cover_m2_km2": 7375.0, "h3": "88316c4623fffff", "valid_frac_scene": 0.998, "wind_ms": 2.0, "sea": "спокойное", "scene_reliable": true, "field_event_id": "S4:DOORS3:T23", "field_profile": "B", "field_date": "2024-06-10", "field_distance_km": 6980.2, "field_date_gap_days": 747, "field_conc_items_km2": 102.37, "conc_A_items_km2": null, "conc_A_lo80": null, "conc_A_hi80": null, "conc_A_lo95": null, "conc_A_hi95": null, "conc_A_status": "unavailable", "conc_A_status_ru": "концентрация недоступна", "conc_A_reasons": "вне бассейна профиля: nw_atlantic_subtropical", "conc_A_model": "conc-A-c6bce5631d2b", "conc_B_items_km2": null, "conc_B_lo80": null, "conc_B_hi80": null, "conc_B_lo95": null, "conc_B_hi95": null, "conc_B_status": "unavailable", "conc_B_status_ru": "концентрация недоступна", "conc_B_reasons": "вне бассейна профиля: black_sea", "conc_B_model": "conc-B-c6bce5631d2b"}}, {"type": "Feature", "geometry": {"type": "Polygon", "coordinates": [[[131.90846184182072, 43.073021489552666], [131.90845758541275, 43.07293155601646], [131.9083349117371, 43.07293467636738], [131.90833065552764, 43.07284474281967], [131.9084533290244, 43.07284162247851], [131.90844907265563, 43.072751688938794], [131.90869867595916, 43.0728353814022], [131.90870293270535, 43.07292531492065], [131.90858025906886, 43.072928435534216], [131.90858451565572, 43.07301836906066], [131.90846184182072, 43.073021489552666]]]}, "properties": {"zone_id": "vladivostok-2026-06-27-120", "aoi": "vladivostok", "date": "2026-06-27", "scene_id": "S2B_MSIL2A_20260627T020649_R103_T52TGN_20260627T041901", "scene_datetime_utc": "2026-06-27T02:06:49.024000+00:00", "detection_status": "detected", "detection_status_ru": "обнаружено", "lon": 131.90852, "lat": 43.07289, "n_pixels": 1, "zone_area_km2": 0.0005, "cover_m2": 5.9, "p_mean": 0.58, "p_max": 0.58, "cover_m2_km2": 11800.0, "h3": "88316c0917fffff", "valid_frac_scene": 0.998, "wind_ms": 2.0, "sea": "спокойное", "scene_reliable": true, "field_event_id": "S4:DOORS3:T23", "field_profile": "B", "field_date": "2024-06-10", "field_distance_km": 6986.7, "field_date_gap_days": 747, "field_conc_items_km2": 102.37, "conc_A_items_km2": null, "conc_A_lo80": null, "conc_A_hi80": null, "conc_A_lo95": null, "conc_A_hi95": null, "conc_A_status": "unavailable", "conc_A_status_ru": "концентрация недоступна", "conc_A_reasons": "вне бассейна профиля: nw_atlantic_subtropical", "conc_A_model": "conc-A-c6bce5631d2b", "conc_B_items_km2": null, "conc_B_lo80": null, "conc_B_hi80": null, "conc_B_lo95": null, "conc_B_hi95": null, "conc_B_status": "unavailable", "conc_B_status_ru": "концентрация недоступна", "conc_B_reasons": "вне бассейна профиля: black_sea", "conc_B_model": "conc-B-c6bce5631d2b"}}, {"type": "Feature", "geometry": {"type": "Polygon", "coordinates": [[[131.87357962779993, 43.073003031498786], [131.87357542240048, 43.07291309519191], [131.8734527449828, 43.0729161781489], [131.87344433459987, 43.072736305510645], [131.87368548317983, 43.07264020320138], [131.87368968870013, 43.07273013950388], [131.87381236572122, 43.07272705630349], [131.87382077717774, 43.07290692888392], [131.87357962779993, 43.073003031498786]]]}, "properties": {"zone_id": "vladivostok-2026-06-27-121", "aoi": "vladivostok", "date": "2026-06-27", "scene_id": "S2B_MSIL2A_20260627T020649_R103_T52TGN_20260627T041901", "scene_datetime_utc": "2026-06-27T02:06:49.024000+00:00", "detection_status": "detected", "detection_status_ru": "обнаружено", "lon": 131.87363, "lat": 43.07282, "n_pixels": 2, "zone_area_km2": 0.0008, "cover_m2": 20.0, "p_mean": 0.949, "p_max": 0.973, "cover_m2_km2": 25000.0, "h3": "88316c46c9fffff", "valid_frac_scene": 0.998, "wind_ms": 2.0, "sea": "спокойное", "scene_reliable": true, "field_event_id": "S4:DOORS3:T23", "field_profile": "B", "field_date": "2024-06-10", "field_distance_km": 6984.4, "field_date_gap_days": 747, "field_conc_items_km2": 102.37, "conc_A_items_km2": null, "conc_A_lo80": null, "conc_A_hi80": null, "conc_A_lo95": null, "conc_A_hi95": null, "conc_A_status": "unavailable", "conc_A_status_ru": "концентрация недоступна", "conc_A_reasons": "вне бассейна профиля: nw_atlantic_subtropical", "conc_A_model": "conc-A-c6bce5631d2b", "conc_B_items_km2": null, "conc_B_lo80": null, "conc_B_hi80": null, "conc_B_lo95": null, "conc_B_hi95": null, "conc_B_status": "unavailable", "conc_B_status_ru": "концентрация недоступна", "conc_B_reasons": "вне бассейна профиля: black_sea", "conc_B_model": "conc-B-c6bce5631d2b"}}, {"type": "Feature", "geometry": {"type": "Polygon", "coordinates": [[[131.97133783447353, 43.07284547556898], [131.97133348615716, 43.07275554710802], [131.97108380540217, 43.07267199397239], [131.971075109585, 43.072492137001795], [131.9711977754666, 43.07248894942383], [131.9711934274092, 43.07239902094582], [131.97144310716976, 43.072482573874], [131.97144745560496, 43.07257250233029], [131.9715701216054, 43.07256931434846], [131.9715788188935, 43.072749171235834], [131.97133783447353, 43.07284547556898]]]}, "properties": {"zone_id": "vladivostok-2026-06-27-122", "aoi": "vladivostok", "date": "2026-06-27", "scene_id": "S2B_MSIL2A_20260627T020649_R103_T52TGN_20260627T041901", "scene_datetime_utc": "2026-06-27T02:06:49.024000+00:00", "detection_status": "detected", "detection_status_ru": "обнаружено", "lon": 131.97133, "lat": 43.07262, "n_pixels": 4, "zone_area_km2": 0.0012, "cover_m2": 14.5, "p_mean": 0.761, "p_max": 0.969, "cover_m2_km2": 12083.3, "h3": "88316c08edfffff", "valid_frac_scene": 0.998, "wind_ms": 2.0, "sea": "спокойное", "scene_reliable": true, "field_event_id": "S4:DOORS3:T23", "field_profile": "B", "field_date": "2024-06-10", "field_distance_km": 6991.0, "field_date_gap_days": 747, "field_conc_items_km2": 102.37, "conc_A_items_km2": null, "conc_A_lo80": null, "conc_A_hi80": null, "conc_A_lo95": null, "conc_A_hi95": null, "conc_A_status": "unavailable", "conc_A_status_ru": "концентрация недоступна", "conc_A_reasons": "вне бассейна профиля: nw_atlantic_subtropical", "conc_A_model": "conc-A-c6bce5631d2b", "conc_B_items_km2": null, "conc_B_lo80": null, "conc_B_hi80": null, "conc_B_lo95": null, "conc_B_hi95": null, "conc_B_status": "unavailable", "conc_B_status_ru": "концентрация недоступна", "conc_B_reasons": "вне бассейна профиля: black_sea", "conc_B_model": "conc-B-c6bce5631d2b"}}, {"type": "Feature", "geometry": {"type": "Polygon", "coordinates": [[[131.88671024317372, 43.072762330505576], [131.88670601860963, 43.07267239523383], [131.88658334308914, 43.07267549225286], [131.8865748943772, 43.07249562168477], [131.88681601999838, 43.07239949228678], [131.88682024468304, 43.072489427554096], [131.88694291980676, 43.07248633029177], [131.88695136959225, 43.07266620080179], [131.88671024317372, 43.072762330505576]]]}, "properties": {"zone_id": "vladivostok-2026-06-27-123", "aoi": "vladivostok", "date": "2026-06-27", "scene_id": "S2B_MSIL2A_20260627T020649_R103_T52TGN_20260627T041901", "scene_datetime_utc": "2026-06-27T02:06:49.024000+00:00", "detection_status": "detected", "detection_status_ru": "обнаружено", "lon": 131.88676, "lat": 43.07258, "n_pixels": 2, "zone_area_km2": 0.0008, "cover_m2": 11.8, "p_mean": 0.516, "p_max": 0.529, "cover_m2_km2": 14750.0, "h3": "88316c0931fffff", "valid_frac_scene": 0.998, "wind_ms": 2.0, "sea": "спокойное", "scene_reliable": true, "field_event_id": "S4:DOORS3:T23", "field_profile": "B", "field_date": "2024-06-10", "field_distance_km": 6985.3, "field_date_gap_days": 747, "field_conc_items_km2": 102.37, "conc_A_items_km2": null, "conc_A_lo80": null, "conc_A_hi80": null, "conc_A_lo95": null, "conc_A_hi95": null, "conc_A_status": "unavailable", "conc_A_status_ru": "концентрация недоступна", "conc_A_reasons": "вне бассейна профиля: nw_atlantic_subtropical", "conc_A_model": "conc-A-c6bce5631d2b", "conc_B_items_km2": null, "conc_B_lo80": null, "conc_B_hi80": null, "conc_B_lo95": null, "conc_B_hi95": null, "conc_B_status": "unavailable", "conc_B_status_ru": "концентрация недоступна", "conc_B_reasons": "вне бассейна профиля: black_sea", "conc_B_model": "conc-B-c6bce5631d2b"}}, {"type": "Feature", "geometry": {"type": "Polygon", "coordinates": [[[131.88473476460447, 43.072542060920625], [131.88473054296148, 43.0724521254888], [131.88460786766672, 43.07245522037756], [131.88460364622208, 43.072365284934314], [131.8847263213379, 43.07236219005523], [131.88472209973378, 43.072272254619904], [131.88497167151127, 43.07235599990307], [131.8849758934927, 43.0724459353173], [131.8848532182368, 43.072449030468704], [131.88485744005874, 43.07253896589085], [131.88473476460447, 43.072542060920625]]]}, "properties": {"zone_id": "vladivostok-2026-06-27-124", "aoi": "vladivostok", "date": "2026-06-27", "scene_id": "S2B_MSIL2A_20260627T020649_R103_T52TGN_20260627T041901", "scene_datetime_utc": "2026-06-27T02:06:49.024000+00:00", "detection_status": "detected", "detection_status_ru": "обнаружено", "lon": 131.88479, "lat": 43.07241, "n_pixels": 1, "zone_area_km2": 0.0005, "cover_m2": 5.5, "p_mean": 0.961, "p_max": 0.961, "cover_m2_km2": 11000.0, "h3": "88316c0935fffff", "valid_frac_scene": 0.998, "wind_ms": 2.0, "sea": "спокойное", "scene_reliable": true, "field_event_id": "S4:DOORS3:T23", "field_profile": "B", "field_date": "2024-06-10", "field_distance_km": 6985.2, "field_date_gap_days": 747, "field_conc_items_km2": 102.37, "conc_A_items_km2": null, "conc_A_lo80": null, "conc_A_hi80": null, "conc_A_lo95": null, "conc_A_hi95": null, "conc_A_status": "unavailable", "conc_A_status_ru": "концентрация недоступна", "conc_A_reasons": "вне бассейна профиля: nw_atlantic_subtropical", "conc_A_model": "conc-A-c6bce5631d2b", "conc_B_items_km2": null, "conc_B_lo80": null, "conc_B_hi80": null, "conc_B_lo95": null, "conc_B_hi95": null, "conc_B_status": "unavailable", "conc_B_status_ru": "концентрация недоступна", "conc_B_reasons": "вне бассейна профиля: black_sea", "conc_B_model": "conc-B-c6bce5631d2b"}}, {"type": "Feature", "geometry": {"type": "Polygon", "coordinates": [[[131.90290751267145, 43.072442303927325], [131.90290326447104, 43.07235236993865], [131.9027805913458, 43.07235548430218], [131.90277209536143, 43.07217561630006], [131.9030131925561, 43.072079453496364], [131.90301744087674, 43.07216938748059], [131.90314011360508, 43.07216627287388], [131.90314861066287, 43.07234614081761], [131.90290751267145, 43.072442303927325]]]}, "properties": {"zone_id": "vladivostok-2026-06-27-125", "aoi": "vladivostok", "date": "2026-06-27", "scene_id": "S2B_MSIL2A_20260627T020649_R103_T52TGN_20260627T041901", "scene_datetime_utc": "2026-06-27T02:06:49.024000+00:00", "detection_status": "detected", "detection_status_ru": "обнаружено", "lon": 131.90296, "lat": 43.07226, "n_pixels": 2, "zone_area_km2": 0.0008, "cover_m2": 7.8, "p_mean": 0.757, "p_max": 0.804, "cover_m2_km2": 9750.0, "h3": "88316c093bfffff", "valid_frac_scene": 0.998, "wind_ms": 2.0, "sea": "спокойное", "scene_reliable": true, "field_event_id": "S4:DOORS3:T23", "field_profile": "B", "field_date": "2024-06-10", "field_distance_km": 6986.4, "field_date_gap_days": 747, "field_conc_items_km2": 102.37, "conc_A_items_km2": null, "conc_A_lo80": null, "conc_A_hi80": null, "conc_A_lo95": null, "conc_A_hi95": null, "conc_A_status": "unavailable", "conc_A_status_ru": "концентрация недоступна", "conc_A_reasons": "вне бассейна профиля: nw_atlantic_subtropical", "conc_A_model": "conc-A-c6bce5631d2b", "conc_B_items_km2": null, "conc_B_lo80": null, "conc_B_hi80": null, "conc_B_lo95": null, "conc_B_hi95": null, "conc_B_status": "unavailable", "conc_B_status_ru": "концентрация недоступна", "conc_B_reasons": "вне бассейна профиля: black_sea", "conc_B_model": "conc-B-c6bce5631d2b"}}, {"type": "Feature", "geometry": {"type": "Polygon", "coordinates": [[[131.8574626976237, 43.07241646847897], [131.85745851587708, 43.072326530894124], [131.8573358378988, 43.07232959654052], [131.85733165635037, 43.07223965894434], [131.8574543341497, 43.07223659330752], [131.85745015244157, 43.072146655719166], [131.85757283004276, 43.072143589960575], [131.85756864817495, 43.07205365238006], [131.85781818518734, 43.07213745804941], [131.85782654969643, 43.07231733316688], [131.8577038717759, 43.07232039920729], [131.8577080538804, 43.07241033677299], [131.8574626976237, 43.07241646847897]]]}, "properties": {"zone_id": "vladivostok-2026-06-27-126", "aoi": "vladivostok", "date": "2026-06-27", "scene_id": "S2B_MSIL2A_20260627T020649_R103_T52TGN_20260627T041901", "scene_datetime_utc": "2026-06-27T02:06:49.024000+00:00", "detection_status": "detected", "detection_status_ru": "обнаружено", "lon": 131.8576, "lat": 43.07225, "n_pixels": 3, "zone_area_km2": 0.001, "cover_m2": 25.5, "p_mean": 0.635, "p_max": 0.89, "cover_m2_km2": 25500.0, "h3": "88316c4613fffff", "valid_frac_scene": 0.998, "wind_ms": 2.0, "sea": "спокойное", "scene_reliable": true, "field_event_id": "S4:DOORS3:T23", "field_profile": "B", "field_date": "2024-06-10", "field_distance_km": 6983.3, "field_date_gap_days": 747, "field_conc_items_km2": 102.37, "conc_A_items_km2": null, "conc_A_lo80": null, "conc_A_hi80": null, "conc_A_lo95": null, "conc_A_hi95": null, "conc_A_status": "unavailable", "conc_A_status_ru": "концентрация недоступна", "conc_A_reasons": "вне бассейна профиля: nw_atlantic_subtropical", "conc_A_model": "conc-A-c6bce5631d2b", "conc_B_items_km2": null, "conc_B_lo80": null, "conc_B_hi80": null, "conc_B_lo95": null, "conc_B_hi95": null, "conc_B_status": "unavailable", "conc_B_status_ru": "концентрация недоступна", "conc_B_reasons": "вне бассейна профиля: black_sea", "conc_B_model": "conc-B-c6bce5631d2b"}}, {"type": "Feature", "geometry": {"type": "Polygon", "coordinates": [[[131.89098695720685, 43.07229411202296], [131.8909827264585, 43.072204177083236], [131.8908600523348, 43.07220727865994], [131.89085159125432, 43.072027408755865], [131.89109270789766, 43.07193127057464], [131.89109693876654, 43.07202120550992], [131.89121961249344, 43.07201810368997], [131.8912280746474, 43.07219797353588], [131.89098695720685, 43.07229411202296]]]}, "properties": {"zone_id": "vladivostok-2026-06-27-127", "aoi": "vladivostok", "date": "2026-06-27", "scene_id": "S2B_MSIL2A_20260627T020649_R103_T52TGN_20260627T041901", "scene_datetime_utc": "2026-06-27T02:06:49.024000+00:00", "detection_status": "detected", "detection_status_ru": "обнаружено", "lon": 131.89104, "lat": 43.07211, "n_pixels": 2, "zone_area_km2": 0.0008, "cover_m2": 10.6, "p_mean": 0.592, "p_max": 0.663, "cover_m2_km2": 13250.0, "h3": "88316c0931fffff", "valid_frac_scene": 0.998, "wind_ms": 2.0, "sea": "спокойное", "scene_reliable": true, "field_event_id": "S4:DOORS3:T23", "field_profile": "B", "field_date": "2024-06-10", "field_distance_km": 6985.6, "field_date_gap_days": 747, "field_conc_items_km2": 102.37, "conc_A_items_km2": null, "conc_A_lo80": null, "conc_A_hi80": null, "conc_A_lo95": null, "conc_A_hi95": null, "conc_A_status": "unavailable", "conc_A_status_ru": "концентрация недоступна", "conc_A_reasons": "вне бассейна профиля: nw_atlantic_subtropical", "conc_A_model": "conc-A-c6bce5631d2b", "conc_B_items_km2": null, "conc_B_lo80": null, "conc_B_hi80": null, "conc_B_lo95": null, "conc_B_hi95": null, "conc_B_status": "unavailable", "conc_B_status_ru": "концентрация недоступна", "conc_B_reasons": "вне бассейна профиля: black_sea", "conc_B_model": "conc-B-c6bce5631d2b"}}, {"type": "Feature", "geometry": {"type": "Polygon", "coordinates": [[[131.85253050908182, 43.071999364442085], [131.8525263346081, 43.071909426463804], [131.8524036569341, 43.07191248679931], [131.8523953084021, 43.0717326108184], [131.85263648842013, 43.07163655208036], [131.85264066301517, 43.0717264900543], [131.85276334029285, 43.071723429475256], [131.85277168989845, 43.07190330539878], [131.85253050908182, 43.071999364442085]]]}, "properties": {"zone_id": "vladivostok-2026-06-27-128", "aoi": "vladivostok", "date": "2026-06-27", "scene_id": "S2B_MSIL2A_20260627T020649_R103_T52TGN_20260627T041901", "scene_datetime_utc": "2026-06-27T02:06:49.024000+00:00", "detection_status": "detected", "detection_status_ru": "обнаружено", "lon": 131.85258, "lat": 43.07182, "n_pixels": 2, "zone_area_km2": 0.0008, "cover_m2": 6.3, "p_mean": 0.918, "p_max": 0.922, "cover_m2_km2": 7875.0, "h3": "88316c4613fffff", "valid_frac_scene": 0.998, "wind_ms": 2.0, "sea": "спокойное", "scene_reliable": true, "field_event_id": "S4:DOORS3:T23", "field_profile": "B", "field_date": "2024-06-10", "field_distance_km": 6983.0, "field_date_gap_days": 747, "field_conc_items_km2": 102.37, "conc_A_items_km2": null, "conc_A_lo80": null, "conc_A_hi80": null, "conc_A_lo95": null, "conc_A_hi95": null, "conc_A_status": "unavailable", "conc_A_status_ru": "концентрация недоступна", "conc_A_reasons": "вне бассейна профиля: nw_atlantic_subtropical", "conc_A_model": "conc-A-c6bce5631d2b", "conc_B_items_km2": null, "conc_B_lo80": null, "conc_B_hi80": null, "conc_B_lo95": null, "conc_B_hi95": null, "conc_B_status": "unavailable", "conc_B_status_ru": "концентрация недоступна", "conc_B_reasons": "вне бассейна профиля: black_sea", "conc_B_model": "conc-B-c6bce5631d2b"}}, {"type": "Feature", "geometry": {"type": "Polygon", "coordinates": [[[131.8683683834642, 43.07187328890182], [131.86836418585057, 43.07178335216613], [131.86824151012556, 43.071786429472404], [131.86823731271016, 43.07169649272536], [131.86835998825623, 43.07169341542868], [131.86835579068122, 43.07160347868949], [131.86860533929038, 43.07168726044138], [131.86860953724258, 43.071777197159584], [131.86848686155622, 43.071780274728525], [131.8684910593488, 43.071870211454595], [131.8683683834642, 43.07187328890182]]]}, "properties": {"zone_id": "vladivostok-2026-06-27-129", "aoi": "vladivostok", "date": "2026-06-27", "scene_id": "S2B_MSIL2A_20260627T020649_R103_T52TGN_20260627T041901", "scene_datetime_utc": "2026-06-27T02:06:49.024000+00:00", "detection_status": "detected", "detection_status_ru": "обнаружено", "lon": 131.86842, "lat": 43.07174, "n_pixels": 1, "zone_area_km2": 0.0005, "cover_m2": 15.7, "p_mean": 0.588, "p_max": 0.588, "cover_m2_km2": 31400.0, "h3": "88316c46c9fffff", "valid_frac_scene": 0.998, "wind_ms": 2.0, "sea": "спокойное", "scene_reliable": true, "field_event_id": "S4:DOORS3:T23", "field_profile": "B", "field_date": "2024-06-10", "field_distance_km": 6984.1, "field_date_gap_days": 747, "field_conc_items_km2": 102.37, "conc_A_items_km2": null, "conc_A_lo80": null, "conc_A_hi80": null, "conc_A_lo95": null, "conc_A_hi95": null, "conc_A_status": "unavailable", "conc_A_status_ru": "концентрация недоступна", "conc_A_reasons": "вне бассейна профиля: nw_atlantic_subtropical", "conc_A_model": "conc-A-c6bce5631d2b", "conc_B_items_km2": null, "conc_B_lo80": null, "conc_B_hi80": null, "conc_B_lo95": null, "conc_B_hi95": null, "conc_B_status": "unavailable", "conc_B_status_ru": "концентрация недоступна", "conc_B_reasons": "вне бассейна профиля: black_sea", "conc_B_model": "conc-B-c6bce5631d2b"}}, {"type": "Feature", "geometry": {"type": "Polygon", "coordinates": [[[131.90262393616413, 43.071639126405884], [131.90261968849754, 43.071549192381916], [131.9024970169433, 43.07155230639521], [131.90249276947515, 43.07146237235976], [131.90261544085047, 43.071459258356185], [131.90261119322295, 43.07136932432871], [131.90286078354245, 43.0714530299551], [131.9028650315473, 43.071542963961356], [131.9027423600322, 43.07154607823729], [131.9027466078777, 43.071636012251524], [131.90262393616413, 43.071639126405884]]]}, "properties": {"zone_id": "vladivostok-2026-06-27-130", "aoi": "vladivostok", "date": "2026-06-27", "scene_id": "S2B_MSIL2A_20260627T020649_R103_T52TGN_20260627T041901", "scene_datetime_utc": "2026-06-27T02:06:49.024000+00:00", "detection_status": "detected", "detection_status_ru": "обнаружено", "lon": 131.90268, "lat": 43.0715, "n_pixels": 1, "zone_area_km2": 0.0005, "cover_m2": 6.3, "p_mean": 0.596, "p_max": 0.596, "cover_m2_km2": 12600.0, "h3": "88316c093bfffff", "valid_frac_scene": 0.998, "wind_ms": 2.0, "sea": "спокойное", "scene_reliable": true, "field_event_id": "S4:DOORS3:T23", "field_profile": "B", "field_date": "2024-06-10", "field_distance_km": 6986.4, "field_date_gap_days": 747, "field_conc_items_km2": 102.37, "conc_A_items_km2": null, "conc_A_lo80": null, "conc_A_hi80": null, "conc_A_lo95": null, "conc_A_hi95": null, "conc_A_status": "unavailable", "conc_A_status_ru": "концентрация недоступна", "conc_A_reasons": "вне бассейна профиля: nw_atlantic_subtropical", "conc_A_model": "conc-A-c6bce5631d2b", "conc_B_items_km2": null, "conc_B_lo80": null, "conc_B_hi80": null, "conc_B_lo95": null, "conc_B_hi95": null, "conc_B_status": "unavailable", "conc_B_status_ru": "концентрация недоступна", "conc_B_reasons": "вне бассейна профиля: black_sea", "conc_B_model": "conc-B-c6bce5631d2b"}}, {"type": "Feature", "geometry": {"type": "Polygon", "coordinates": [[[131.90827107065255, 43.07158567296719], [131.90826681473698, 43.071495739393114], [131.90814414390414, 43.07149885945669], [131.90813563248958, 43.07131899228378], [131.90837671738433, 43.07122281849471], [131.90838097342004, 43.071312752064316], [131.90850364385585, 43.071309631757615], [131.90851215634382, 43.07148949887202], [131.90827107065255, 43.07158567296719]]]}, "properties": {"zone_id": "vladivostok-2026-06-27-131", "aoi": "vladivostok", "date": "2026-06-27", "scene_id": "S2B_MSIL2A_20260627T020649_R103_T52TGN_20260627T041901", "scene_datetime_utc": "2026-06-27T02:06:49.024000+00:00", "detection_status": "detected", "detection_status_ru": "обнаружено", "lon": 131.90832, "lat": 43.0714, "n_pixels": 2, "zone_area_km2": 0.0008, "cover_m2": 21.6, "p_mean": 0.573, "p_max": 0.635, "cover_m2_km2": 27000.0, "h3": "88316c0917fffff", "valid_frac_scene": 0.998, "wind_ms": 2.0, "sea": "спокойное", "scene_reliable": true, "field_event_id": "S4:DOORS3:T23", "field_profile": "B", "field_date": "2024-06-10", "field_distance_km": 6986.8, "field_date_gap_days": 747, "field_conc_items_km2": 102.37, "conc_A_items_km2": null, "conc_A_lo80": null, "conc_A_hi80": null, "conc_A_lo95": null, "conc_A_hi95": null, "conc_A_status": "unavailable", "conc_A_status_ru": "концентрация недоступна", "conc_A_reasons": "вне бассейна профиля: nw_atlantic_subtropical", "conc_A_model": "conc-A-c6bce5631d2b", "conc_B_items_km2": null, "conc_B_lo80": null, "conc_B_hi80": null, "conc_B_lo95": null, "conc_B_hi95": null, "conc_B_status": "unavailable", "conc_B_status_ru": "концентрация недоступна", "conc_B_reasons": "вне бассейна профиля: black_sea", "conc_B_model": "conc-B-c6bce5631d2b"}}, {"type": "Feature", "geometry": {"type": "Polygon", "coordinates": [[[131.8873829144401, 43.07139471718657], [131.88737868909425, 43.07130478194664], [131.88725601637418, 43.07130787960841], [131.88725179122673, 43.07121794435704], [131.88737446376788, 43.07121484670493], [131.88737023846093, 43.07112491146149], [131.88773825543097, 43.07111561774634], [131.88774248127464, 43.07120555296074], [131.88786515373798, 43.07120245478336], [131.88786937978, 43.07129238998633], [131.88774670713775, 43.071295488173384], [131.8877509330203, 43.07138542338428], [131.8873829144401, 43.07139471718657]]]}, "properties": {"zone_id": "vladivostok-2026-06-27-132", "aoi": "vladivostok", "date": "2026-06-27", "scene_id": "S2B_MSIL2A_20260627T020649_R103_T52TGN_20260627T041901", "scene_datetime_utc": "2026-06-27T02:06:49.024000+00:00", "detection_status": "detected", "detection_status_ru": "обнаружено", "lon": 131.88756, "lat": 43.07126, "n_pixels": 3, "zone_area_km2": 0.0011, "cover_m2": 15.7, "p_mean": 0.676, "p_max": 0.851, "cover_m2_km2": 14272.7, "h3": "88316c0931fffff", "valid_frac_scene": 0.998, "wind_ms": 2.0, "sea": "спокойное", "scene_reliable": true, "field_event_id": "S4:DOORS3:T23", "field_profile": "B", "field_date": "2024-06-10", "field_distance_km": 6985.4, "field_date_gap_days": 747, "field_conc_items_km2": 102.37, "conc_A_items_km2": null, "conc_A_lo80": null, "conc_A_hi80": null, "conc_A_lo95": null, "conc_A_hi95": null, "conc_A_status": "unavailable", "conc_A_status_ru": "концентрация недоступна", "conc_A_reasons": "вне бассейна профиля: nw_atlantic_subtropical", "conc_A_model": "conc-A-c6bce5631d2b", "conc_B_items_km2": null, "conc_B_lo80": null, "conc_B_hi80": null, "conc_B_lo95": null, "conc_B_hi95": null, "conc_B_status": "unavailable", "conc_B_status_ru": "концентрация недоступна", "conc_B_reasons": "вне бассейна профиля: black_sea", "conc_B_model": "conc-B-c6bce5631d2b"}}, {"type": "Feature", "geometry": {"type": "Polygon", "coordinates": [[[131.89168068527133, 43.07137615085247], [131.89167645364427, 43.071286215953386], [131.89155378142655, 43.071289318221076], [131.89154954999788, 43.07119938331054], [131.8916722220367, 43.07119628105255], [131.89166799044858, 43.071106346149975], [131.89191756605584, 43.07119007614263], [131.89192179802126, 43.07128001102407], [131.89179912584248, 43.07128311355438], [131.89180335764848, 43.071373048443775], [131.89168068527133, 43.07137615085247]]]}, "properties": {"zone_id": "vladivostok-2026-06-27-133", "aoi": "vladivostok", "date": "2026-06-27", "scene_id": "S2B_MSIL2A_20260627T020649_R103_T52TGN_20260627T041901", "scene_datetime_utc": "2026-06-27T02:06:49.024000+00:00", "detection_status": "detected", "detection_status_ru": "обнаружено", "lon": 131.89174, "lat": 43.07124, "n_pixels": 1, "zone_area_km2": 0.0005, "cover_m2": 5.1, "p_mean": 0.82, "p_max": 0.82, "cover_m2_km2": 10200.0, "h3": "88316c0931fffff", "valid_frac_scene": 0.998, "wind_ms": 2.0, "sea": "спокойное", "scene_reliable": true, "field_event_id": "S4:DOORS3:T23", "field_profile": "B", "field_date": "2024-06-10", "field_distance_km": 6985.7, "field_date_gap_days": 747, "field_conc_items_km2": 102.37, "conc_A_items_km2": null, "conc_A_lo80": null, "conc_A_hi80": null, "conc_A_lo95": null, "conc_A_hi95": null, "conc_A_status": "unavailable", "conc_A_status_ru": "концентрация недоступна", "conc_A_reasons": "вне бассейна профиля: nw_atlantic_subtropical", "conc_A_model": "conc-A-c6bce5631d2b", "conc_B_items_km2": null, "conc_B_lo80": null, "conc_B_hi80": null, "conc_B_lo95": null, "conc_B_hi95": null, "conc_B_status": "unavailable", "conc_B_status_ru": "концентрация недоступна", "conc_B_reasons": "вне бассейна профиля: black_sea", "conc_B_model": "conc-B-c6bce5631d2b"}}, {"type": "Feature", "geometry": {"type": "Polygon", "coordinates": [[[131.8513971980738, 43.07139733633255], [131.85139302534498, 43.071307398255996], [131.85127034875057, 43.071310457342534], [131.85126200370837, 43.07113058116507], [131.8513846799449, 43.07112752209764], [131.8513805072737, 43.071037584015855], [131.85162585933125, 43.07103146550613], [131.85163003236033, 43.07112140356879], [131.8517527085392, 43.07111834410736], [131.85175688176645, 43.07120828215873], [131.8516342054086, 43.07121134162971], [131.8516383784761, 43.07130127968889], [131.8513971980738, 43.07139733633255]]]}, "properties": {"zone_id": "vladivostok-2026-06-27-134", "aoi": "vladivostok", "date": "2026-06-27", "scene_id": "S2B_MSIL2A_20260627T020649_R103_T52TGN_20260627T041901", "scene_datetime_utc": "2026-06-27T02:06:49.024000+00:00", "detection_status": "detected", "detection_status_ru": "обнаружено", "lon": 131.85149, "lat": 43.0712, "n_pixels": 3, "zone_area_km2": 0.001, "cover_m2": 7.8, "p_mean": 0.78, "p_max": 0.898, "cover_m2_km2": 7800.0, "h3": "88316c4613fffff", "valid_frac_scene": 0.998, "wind_ms": 2.0, "sea": "спокойное", "scene_reliable": true, "field_event_id": "S4:DOORS3:T23", "field_profile": "B", "field_date": "2024-06-10", "field_distance_km": 6983.0, "field_date_gap_days": 747, "field_conc_items_km2": 102.37, "conc_A_items_km2": null, "conc_A_lo80": null, "conc_A_hi80": null, "conc_A_lo95": null, "conc_A_hi95": null, "conc_A_status": "unavailable", "conc_A_status_ru": "концентрация недоступна", "conc_A_reasons": "вне бассейна профиля: nw_atlantic_subtropical", "conc_A_model": "conc-A-c6bce5631d2b", "conc_B_items_km2": null, "conc_B_lo80": null, "conc_B_hi80": null, "conc_B_lo95": null, "conc_B_hi95": null, "conc_B_status": "unavailable", "conc_B_status_ru": "концентрация недоступна", "conc_B_reasons": "вне бассейна профиля: black_sea", "conc_B_model": "conc-B-c6bce5631d2b"}}, {"type": "Feature", "geometry": {"type": "Polygon", "coordinates": [[[131.85913416409346, 43.07138422345137], [131.8591299800536, 43.07129428598148], [131.85888462855343, 43.071300420609454], [131.85888044489067, 43.07121048311866], [131.85875776929063, 43.07121355022606], [131.85875358582607, 43.07112361272392], [131.8588762612472, 43.0711205456261], [131.85887207762298, 43.07103060813181], [131.85911742804961, 43.07102447356136], [131.8591216120317, 43.07111441103648], [131.85924428739503, 43.07111134354467], [131.85924847157528, 43.071201281008456], [131.8593711470983, 43.07119821337572], [131.85937533147677, 43.07128815082818], [131.8592526557748, 43.0712912184705], [131.8592568399936, 43.071381155930794], [131.85913416409346, 43.07138422345137]]]}, "properties": {"zone_id": "vladivostok-2026-06-27-135", "aoi": "vladivostok", "date": "2026-06-27", "scene_id": "S2B_MSIL2A_20260627T020649_R103_T52TGN_20260627T041901", "scene_datetime_utc": "2026-06-27T02:06:49.024000+00:00", "detection_status": "detected", "detection_status_ru": "обнаружено", "lon": 131.85906, "lat": 43.07119, "n_pixels": 3, "zone_area_km2": 0.0011, "cover_m2": 20.8, "p_mean": 0.829, "p_max": 0.925, "cover_m2_km2": 18909.1, "h3": "88316c46cdfffff", "valid_frac_scene": 0.998, "wind_ms": 2.0, "sea": "спокойное", "scene_reliable": true, "field_event_id": "S4:DOORS3:T23", "field_profile": "B", "field_date": "2024-06-10", "field_distance_km": 6983.5, "field_date_gap_days": 747, "field_conc_items_km2": 102.37, "conc_A_items_km2": null, "conc_A_lo80": null, "conc_A_hi80": null, "conc_A_lo95": null, "conc_A_hi95": null, "conc_A_status": "unavailable", "conc_A_status_ru": "концентрация недоступна", "conc_A_reasons": "вне бассейна профиля: nw_atlantic_subtropical", "conc_A_model": "conc-A-c6bce5631d2b", "conc_B_items_km2": null, "conc_B_lo80": null, "conc_B_hi80": null, "conc_B_lo95": null, "conc_B_hi95": null, "conc_B_status": "unavailable", "conc_B_status_ru": "концентрация недоступна", "conc_B_reasons": "вне бассейна профиля: black_sea", "conc_B_model": "conc-B-c6bce5631d2b"}}, {"type": "Feature", "geometry": {"type": "Polygon", "coordinates": [[[131.89928633578515, 43.07118355318926], [131.89928209306612, 43.07109361889213], [131.89915942205766, 43.07109672930152], [131.89915517953705, 43.07100679499291], [131.8992778503666, 43.071003684593244], [131.8992736076866, 43.07091375029259], [131.89952319196703, 43.07099746339994], [131.89952743502437, 43.0710873976794], [131.899404764055, 43.07109050835142], [131.89940900695294, 43.071180442638834], [131.89928633578515, 43.07118355318926]]]}, "properties": {"zone_id": "vladivostok-2026-06-27-136", "aoi": "vladivostok", "date": "2026-06-27", "scene_id": "S2B_MSIL2A_20260627T020649_R103_T52TGN_20260627T041901", "scene_datetime_utc": "2026-06-27T02:06:49.024000+00:00", "detection_status": "detected", "detection_status_ru": "обнаружено", "lon": 131.89934, "lat": 43.07105, "n_pixels": 1, "zone_area_km2": 0.0005, "cover_m2": 5.1, "p_mean": 0.753, "p_max": 0.753, "cover_m2_km2": 10200.0, "h3": "88316c093bfffff", "valid_frac_scene": 0.998, "wind_ms": 2.0, "sea": "спокойное", "scene_reliable": true, "field_event_id": "S4:DOORS3:T23", "field_profile": "B", "field_date": "2024-06-10", "field_distance_km": 6986.2, "field_date_gap_days": 747, "field_conc_items_km2": 102.37, "conc_A_items_km2": null, "conc_A_lo80": null, "conc_A_hi80": null, "conc_A_lo95": null, "conc_A_hi95": null, "conc_A_status": "unavailable", "conc_A_status_ru": "концентрация недоступна", "conc_A_reasons": "вне бассейна профиля: nw_atlantic_subtropical", "conc_A_model": "conc-A-c6bce5631d2b", "conc_B_items_km2": null, "conc_B_lo80": null, "conc_B_hi80": null, "conc_B_lo95": null, "conc_B_hi95": null, "conc_B_status": "unavailable", "conc_B_status_ru": "концентрация недоступна", "conc_B_reasons": "вне бассейна профиля: black_sea", "conc_B_model": "conc-B-c6bce5631d2b"}}, {"type": "Feature", "geometry": {"type": "Polygon", "coordinates": [[[131.80409956916492, 43.07112631171341], [131.80409546563473, 43.07103636995829], [131.80397278456934, 43.07103937832661], [131.80396868123702, 43.070949436560355], [131.80409136212347, 43.07094642820144], [131.8040872586311, 43.07085648644287], [131.80433261998942, 43.070850469349814], [131.8043367238397, 43.070940411089566], [131.8044594046695, 43.070937402336604], [131.80446350871762, 43.07102734406525], [131.8043408277089, 43.071030352827606], [131.80434493159697, 43.07112029456392], [131.80409956916492, 43.07112631171341]]]}, "properties": {"zone_id": "vladivostok-2026-06-27-137", "aoi": "vladivostok", "date": "2026-06-27", "scene_id": "S2B_MSIL2A_20260627T020649_R103_T52TGN_20260627T041901", "scene_datetime_utc": "2026-06-27T02:06:49.024000+00:00", "detection_status": "detected", "detection_status_ru": "обнаружено", "lon": 131.80422, "lat": 43.07099, "n_pixels": 2, "zone_area_km2": 0.0008, "cover_m2": 7.1, "p_mean": 0.812, "p_max": 0.969, "cover_m2_km2": 8875.0, "h3": "88316c4449fffff", "valid_frac_scene": 0.998, "wind_ms": 2.0, "sea": "спокойное", "scene_reliable": true, "field_event_id": "S4:DOORS3:T23", "field_profile": "B", "field_date": "2024-06-10", "field_distance_km": 6979.8, "field_date_gap_days": 747, "field_conc_items_km2": 102.37, "conc_A_items_km2": null, "conc_A_lo80": null, "conc_A_hi80": null, "conc_A_lo95": null, "conc_A_hi95": null, "conc_A_status": "unavailable", "conc_A_status_ru": "концентрация недоступна", "conc_A_reasons": "вне бассейна профиля: nw_atlantic_subtropical", "conc_A_model": "conc-A-c6bce5631d2b", "conc_B_items_km2": null, "conc_B_lo80": null, "conc_B_hi80": null, "conc_B_lo95": null, "conc_B_hi95": null, "conc_B_status": "unavailable", "conc_B_status_ru": "концентрация недоступна", "conc_B_reasons": "вне бассейна профиля: black_sea", "conc_B_model": "conc-B-c6bce5631d2b"}}, {"type": "Feature", "geometry": {"type": "Polygon", "coordinates": [[[131.90272536884567, 43.071186342162804], [131.90272112109793, 43.07109640813979], [131.90259845045776, 43.071099522235734], [131.90258995537872, 43.070919654164975], [131.90271262566108, 43.070916540088476], [131.902708377972, 43.070826606060194], [131.9029537181203, 43.07082037753275], [131.90294947009298, 43.07073044352217], [131.90319905819035, 43.07081414848004], [131.90320330659503, 43.070904082469376], [131.9029622142336, 43.07100024554861], [131.9029664623196, 43.07109017955393], [131.90272536884567, 43.071186342162804]]]}, "properties": {"zone_id": "vladivostok-2026-06-27-138", "aoi": "vladivostok", "date": "2026-06-27", "scene_id": "S2B_MSIL2A_20260627T020649_R103_T52TGN_20260627T041901", "scene_datetime_utc": "2026-06-27T02:06:49.024000+00:00", "detection_status": "detected", "detection_status_ru": "обнаружено", "lon": 131.90287, "lat": 43.07096, "n_pixels": 4, "zone_area_km2": 0.0013, "cover_m2": 20.4, "p_mean": 0.675, "p_max": 0.753, "cover_m2_km2": 15692.3, "h3": "88316c09edfffff", "valid_frac_scene": 0.998, "wind_ms": 2.0, "sea": "спокойное", "scene_reliable": true, "field_event_id": "S4:DOORS3:T23", "field_profile": "B", "field_date": "2024-06-10", "field_distance_km": 6986.5, "field_date_gap_days": 747, "field_conc_items_km2": 102.37, "conc_A_items_km2": null, "conc_A_lo80": null, "conc_A_hi80": null, "conc_A_lo95": null, "conc_A_hi95": null, "conc_A_status": "unavailable", "conc_A_status_ru": "концентрация недоступна", "conc_A_reasons": "вне бассейна профиля: nw_atlantic_subtropical", "conc_A_model": "conc-A-c6bce5631d2b", "conc_B_items_km2": null, "conc_B_lo80": null, "conc_B_hi80": null, "conc_B_lo95": null, "conc_B_hi95": null, "conc_B_status": "unavailable", "conc_B_status_ru": "концентрация недоступна", "conc_B_reasons": "вне бассейна профиля: black_sea", "conc_B_model": "conc-B-c6bce5631d2b"}}, {"type": "Feature", "geometry": {"type": "MultiPolygon", "coordinates": [[[[131.86218430187998, 43.07094774710699], [131.86218849033514, 43.0710376843423], [131.86243384007898, 43.071031542660876], [131.862429651266, 43.07094160544476], [131.86255232593007, 43.07093853441665], [131.86254813695746, 43.07084859720839], [131.8624254624723, 43.0708516682269], [131.86242127369786, 43.070761731007295], [131.86217592502751, 43.07076787263113], [131.86218011344414, 43.07085780986994], [131.8620574389011, 43.070860880494465], [131.86206162715806, 43.070950817741114], [131.86218430187998, 43.07094774710699]]], [[[131.86193895241686, 43.070953888243906], [131.86193476433886, 43.07086395098766], [131.86168941515643, 43.07087009158007], [131.8616936028766, 43.07096002885551], [131.86157092807755, 43.07096309896431], [131.86157511563812, 43.07105303624761], [131.86169779061606, 43.071049966129216], [131.8617019783748, 43.07113990340115], [131.86194732863075, 43.071133762751174], [131.86194314051417, 43.071043825498414], [131.86206581543428, 43.07104075498602], [131.86206162715806, 43.070950817741114], [131.86193895241686, 43.070953888243906]]]]}, "properties": {"zone_id": "vladivostok-2026-06-27-139", "aoi": "vladivostok", "date": "2026-06-27", "scene_id": "S2B_MSIL2A_20260627T020649_R103_T52TGN_20260627T041901", "scene_datetime_utc": "2026-06-27T02:06:49.024000+00:00", "detection_status": "detected", "detection_status_ru": "обнаружено", "lon": 131.86206, "lat": 43.07095, "n_pixels": 4, "zone_area_km2": 0.0016, "cover_m2": 51.0, "p_mean": 0.663, "p_max": 0.922, "cover_m2_km2": 31875.0, "h3": "88316c46cdfffff", "valid_frac_scene": 0.998, "wind_ms": 2.0, "sea": "спокойное", "scene_reliable": true, "field_event_id": "S4:DOORS3:T23", "field_profile": "B", "field_date": "2024-06-10", "field_distance_km": 6983.7, "field_date_gap_days": 747, "field_conc_items_km2": 102.37, "conc_A_items_km2": null, "conc_A_lo80": null, "conc_A_hi80": null, "conc_A_lo95": null, "conc_A_hi95": null, "conc_A_status": "unavailable", "conc_A_status_ru": "концентрация недоступна", "conc_A_reasons": "вне бассейна профиля: nw_atlantic_subtropical", "conc_A_model": "conc-A-c6bce5631d2b", "conc_B_items_km2": null, "conc_B_lo80": null, "conc_B_hi80": null, "conc_B_lo95": null, "conc_B_hi95": null, "conc_B_status": "unavailable", "conc_B_status_ru": "концентрация недоступна", "conc_B_reasons": "вне бассейна профиля: black_sea", "conc_B_model": "conc-B-c6bce5631d2b"}}, {"type": "Feature", "geometry": {"type": "Polygon", "coordinates": [[[131.89228134945586, 43.071090832938744], [131.89227711699272, 43.07100089808289], [131.89215444540915, 43.07100400097807], [131.8921502131444, 43.070914066110774], [131.89227288454907, 43.07091096322527], [131.89226865212487, 43.070821028365934], [131.8925182273, 43.07090475706036], [131.89252246010145, 43.07099469189856], [131.89239978855684, 43.07099779505638], [131.89240402119887, 43.071087729902544], [131.89228134945586, 43.071090832938744]]]}, "properties": {"zone_id": "vladivostok-2026-06-27-140", "aoi": "vladivostok", "date": "2026-06-27", "scene_id": "S2B_MSIL2A_20260627T020649_R103_T52TGN_20260627T041901", "scene_datetime_utc": "2026-06-27T02:06:49.024000+00:00", "detection_status": "detected", "detection_status_ru": "обнаружено", "lon": 131.89234, "lat": 43.07095, "n_pixels": 1, "zone_area_km2": 0.0005, "cover_m2": 4.3, "p_mean": 0.937, "p_max": 0.937, "cover_m2_km2": 8600.0, "h3": "88316c0931fffff", "valid_frac_scene": 0.998, "wind_ms": 2.0, "sea": "спокойное", "scene_reliable": true, "field_event_id": "S4:DOORS3:T23", "field_profile": "B", "field_date": "2024-06-10", "field_distance_km": 6985.8, "field_date_gap_days": 747, "field_conc_items_km2": 102.37, "conc_A_items_km2": null, "conc_A_lo80": null, "conc_A_hi80": null, "conc_A_lo95": null, "conc_A_hi95": null, "conc_A_status": "unavailable", "conc_A_status_ru": "концентрация недоступна", "conc_A_reasons": "вне бассейна профиля: nw_atlantic_subtropical", "conc_A_model": "conc-A-c6bce5631d2b", "conc_B_items_km2": null, "conc_B_lo80": null, "conc_B_hi80": null, "conc_B_lo95": null, "conc_B_hi95": null, "conc_B_status": "unavailable", "conc_B_status_ru": "концентрация недоступна", "conc_B_reasons": "вне бассейна профиля: black_sea", "conc_B_model": "conc-B-c6bce5631d2b"}}, {"type": "Feature", "geometry": {"type": "Polygon", "coordinates": [[[131.90099948513304, 43.07105005937247], [131.90099523992893, 43.07096012520972], [131.9008725693729, 43.070963237447806], [131.90086832436725, 43.07087330327358], [131.90099099474438, 43.070870191045216], [131.90098674957937, 43.07078025687896], [131.90123633544002, 43.07086396619456], [131.90124058098237, 43.0709539003396], [131.90111791046542, 43.07095701284032], [131.9011221558484, 43.07104694699334], [131.90099948513304, 43.07105005937247]]]}, "properties": {"zone_id": "vladivostok-2026-06-27-141", "aoi": "vladivostok", "date": "2026-06-27", "scene_id": "S2B_MSIL2A_20260627T020649_R103_T52TGN_20260627T041901", "scene_datetime_utc": "2026-06-27T02:06:49.024000+00:00", "detection_status": "detected", "detection_status_ru": "обнаружено", "lon": 131.90105, "lat": 43.07091, "n_pixels": 1, "zone_area_km2": 0.0005, "cover_m2": 3.9, "p_mean": 0.961, "p_max": 0.961, "cover_m2_km2": 7800.0, "h3": "88316c093bfffff", "valid_frac_scene": 0.998, "wind_ms": 2.0, "sea": "спокойное", "scene_reliable": true, "field_event_id": "S4:DOORS3:T23", "field_profile": "B", "field_date": "2024-06-10", "field_distance_km": 6986.4, "field_date_gap_days": 747, "field_conc_items_km2": 102.37, "conc_A_items_km2": null, "conc_A_lo80": null, "conc_A_hi80": null, "conc_A_lo95": null, "conc_A_hi95": null, "conc_A_status": "unavailable", "conc_A_status_ru": "концентрация недоступна", "conc_A_reasons": "вне бассейна профиля: nw_atlantic_subtropical", "conc_A_model": "conc-A-c6bce5631d2b", "conc_B_items_km2": null, "conc_B_lo80": null, "conc_B_hi80": null, "conc_B_lo95": null, "conc_B_hi95": null, "conc_B_status": "unavailable", "conc_B_status_ru": "концентрация недоступна", "conc_B_reasons": "вне бассейна профиля: black_sea", "conc_B_model": "conc-B-c6bce5631d2b"}}, {"type": "Feature", "geometry": {"type": "Polygon", "coordinates": [[[131.85973080377914, 43.07100913483695], [131.85972661892168, 43.07091919740803], [131.85960394399322, 43.07092226540598], [131.859599759334, 43.07083232796573], [131.85972243408355, 43.07082925997736], [131.85971824926466, 43.07073932254495], [131.86008627286088, 43.07073011782066], [131.86009045821655, 43.0708200552243], [131.86021313288902, 43.07081698671063], [131.86021731844286, 43.07090692410294], [131.86009464359148, 43.070909992626206], [131.86009882898568, 43.070999930026346], [131.85973080377914, 43.07100913483695]]]}, "properties": {"zone_id": "vladivostok-2026-06-27-142", "aoi": "vladivostok", "date": "2026-06-27", "scene_id": "S2B_MSIL2A_20260627T020649_R103_T52TGN_20260627T041901", "scene_datetime_utc": "2026-06-27T02:06:49.024000+00:00", "detection_status": "detected", "detection_status_ru": "обнаружено", "lon": 131.85991, "lat": 43.07087, "n_pixels": 3, "zone_area_km2": 0.0011, "cover_m2": 20.0, "p_mean": 0.793, "p_max": 0.922, "cover_m2_km2": 18181.8, "h3": "88316c46cdfffff", "valid_frac_scene": 0.998, "wind_ms": 2.0, "sea": "спокойное", "scene_reliable": true, "field_event_id": "S4:DOORS3:T23", "field_profile": "B", "field_date": "2024-06-10", "field_distance_km": 6983.6, "field_date_gap_days": 747, "field_conc_items_km2": 102.37, "conc_A_items_km2": null, "conc_A_lo80": null, "conc_A_hi80": null, "conc_A_lo95": null, "conc_A_hi95": null, "conc_A_status": "unavailable", "conc_A_status_ru": "концентрация недоступна", "conc_A_reasons": "вне бассейна профиля: nw_atlantic_subtropical", "conc_A_model": "conc-A-c6bce5631d2b", "conc_B_items_km2": null, "conc_B_lo80": null, "conc_B_hi80": null, "conc_B_lo95": null, "conc_B_hi95": null, "conc_B_status": "unavailable", "conc_B_status_ru": "концентрация недоступна", "conc_B_reasons": "вне бассейна профиля: black_sea", "conc_B_model": "conc-B-c6bce5631d2b"}}, {"type": "Feature", "geometry": {"type": "Polygon", "coordinates": [[[131.88036102255322, 43.07094152429355], [131.8803568075412, 43.07085158849017], [131.88023413496617, 43.07085467859893], [131.8802299201525, 43.07076474278412], [131.88035259254858, 43.07076165268503], [131.88034837757536, 43.07067171687812], [131.88059372195156, 43.070665536305285], [131.88059793728257, 43.07075547209286], [131.88072060962045, 43.070752381599796], [131.8807248251498, 43.07084231737596], [131.880602152633, 43.07084540787869], [131.88060636800284, 43.070935343662754], [131.88036102255322, 43.07094152429355]]]}, "properties": {"zone_id": "vladivostok-2026-06-27-143", "aoi": "vladivostok", "date": "2026-06-27", "scene_id": "S2B_MSIL2A_20260627T020649_R103_T52TGN_20260627T041901", "scene_datetime_utc": "2026-06-27T02:06:49.024000+00:00", "detection_status": "detected", "detection_status_ru": "обнаружено", "lon": 131.88048, "lat": 43.0708, "n_pixels": 2, "zone_area_km2": 0.0008, "cover_m2": 9.8, "p_mean": 0.592, "p_max": 0.627, "cover_m2_km2": 12250.0, "h3": "88316c0935fffff", "valid_frac_scene": 0.998, "wind_ms": 2.0, "sea": "спокойное", "scene_reliable": true, "field_event_id": "S4:DOORS3:T23", "field_profile": "B", "field_date": "2024-06-10", "field_distance_km": 6985.0, "field_date_gap_days": 747, "field_conc_items_km2": 102.37, "conc_A_items_km2": null, "conc_A_lo80": null, "conc_A_hi80": null, "conc_A_lo95": null, "conc_A_hi95": null, "conc_A_status": "unavailable", "conc_A_status_ru": "концентрация недоступна", "conc_A_reasons": "вне бассейна профиля: nw_atlantic_subtropical", "conc_A_model": "conc-A-c6bce5631d2b", "conc_B_items_km2": null, "conc_B_lo80": null, "conc_B_hi80": null, "conc_B_lo95": null, "conc_B_hi95": null, "conc_B_status": "unavailable", "conc_B_status_ru": "концентрация недоступна", "conc_B_reasons": "вне бассейна профиля: black_sea", "conc_B_model": "conc-B-c6bce5631d2b"}}, {"type": "Feature", "geometry": {"type": "Polygon", "coordinates": [[[131.89533542643537, 43.0707434137932], [131.89533118955822, 43.07065347917466], [131.89520851899863, 43.07065658532366], [131.89520428231987, 43.070566650693664], [131.89532695270054, 43.070563544554375], [131.89532271586236, 43.07047360993233], [131.89557229340335, 43.07055733188185], [131.89557653061883, 43.07064726648272], [131.89545386009826, 43.07065037289435], [131.89545809715437, 43.070740307503186], [131.89533542643537, 43.0707434137932]]]}, "properties": {"zone_id": "vladivostok-2026-06-27-144", "aoi": "vladivostok", "date": "2026-06-27", "scene_id": "S2B_MSIL2A_20260627T020649_R103_T52TGN_20260627T041901", "scene_datetime_utc": "2026-06-27T02:06:49.024000+00:00", "detection_status": "detected", "detection_status_ru": "обнаружено", "lon": 131.89539, "lat": 43.07061, "n_pixels": 1, "zone_area_km2": 0.0005, "cover_m2": 3.1, "p_mean": 0.851, "p_max": 0.851, "cover_m2_km2": 6200.0, "h3": "88316c0933fffff", "valid_frac_scene": 0.998, "wind_ms": 2.0, "sea": "спокойное", "scene_reliable": true, "field_event_id": "S4:DOORS3:T23", "field_profile": "B", "field_date": "2024-06-10", "field_distance_km": 6986.0, "field_date_gap_days": 747, "field_conc_items_km2": 102.37, "conc_A_items_km2": null, "conc_A_lo80": null, "conc_A_hi80": null, "conc_A_lo95": null, "conc_A_hi95": null, "conc_A_status": "unavailable", "conc_A_status_ru": "концентрация недоступна", "conc_A_reasons": "вне бассейна профиля: nw_atlantic_subtropical", "conc_A_model": "conc-A-c6bce5631d2b", "conc_B_items_km2": null, "conc_B_lo80": null, "conc_B_hi80": null, "conc_B_lo95": null, "conc_B_hi95": null, "conc_B_status": "unavailable", "conc_B_status_ru": "концентрация недоступна", "conc_B_reasons": "вне бассейна профиля: black_sea", "conc_B_model": "conc-B-c6bce5631d2b"}}, {"type": "Feature", "geometry": {"type": "Polygon", "coordinates": [[[131.880817988097, 43.07020967633959], [131.8808137725246, 43.07011974056083], [131.88069110145844, 43.07012283111759], [131.88068688608433, 43.070032895327415], [131.8808095569716, 43.0700298047803], [131.880805341438, 43.06993986899804], [131.88105489868786, 43.07002362329212], [131.88105911459868, 43.07011355905334], [131.88093644357133, 43.07011664987273], [131.88094065932265, 43.070206585641834], [131.880817988097, 43.07020967633959]]]}, "properties": {"zone_id": "vladivostok-2026-06-27-145", "aoi": "vladivostok", "date": "2026-06-27", "scene_id": "S2B_MSIL2A_20260627T020649_R103_T52TGN_20260627T041901", "scene_datetime_utc": "2026-06-27T02:06:49.024000+00:00", "detection_status": "detected", "detection_status_ru": "обнаружено", "lon": 131.88087, "lat": 43.07007, "n_pixels": 1, "zone_area_km2": 0.0005, "cover_m2": 4.7, "p_mean": 0.824, "p_max": 0.824, "cover_m2_km2": 9400.0, "h3": "88316c0935fffff", "valid_frac_scene": 0.998, "wind_ms": 2.0, "sea": "спокойное", "scene_reliable": true, "field_event_id": "S4:DOORS3:T23", "field_profile": "B", "field_date": "2024-06-10", "field_distance_km": 6985.1, "field_date_gap_days": 747, "field_conc_items_km2": 102.37, "conc_A_items_km2": null, "conc_A_lo80": null, "conc_A_hi80": null, "conc_A_lo95": null, "conc_A_hi95": null, "conc_A_status": "unavailable", "conc_A_status_ru": "концентрация недоступна", "conc_A_reasons": "вне бассейна профиля: nw_atlantic_subtropical", "conc_A_model": "conc-A-c6bce5631d2b", "conc_B_items_km2": null, "conc_B_lo80": null, "conc_B_hi80": null, "conc_B_lo95": null, "conc_B_hi95": null, "conc_B_status": "unavailable", "conc_B_status_ru": "концентрация недоступна", "conc_B_reasons": "вне бассейна профиля: black_sea", "conc_B_model": "conc-B-c6bce5631d2b"}}, {"type": "Feature", "geometry": {"type": "Polygon", "coordinates": [[[131.8790921627846, 43.070073060489875], [131.87908794975564, 43.06998312457241], [131.8789652787757, 43.0699862132714], [131.87896106594502, 43.069896277342544], [131.87908373674603, 43.0698931886532], [131.87907952375588, 43.06980325273224], [131.8793290782899, 43.06988701088056], [131.87933329165733, 43.06997694678046], [131.87921062071615, 43.0699800357421], [131.87921483392404, 43.07006997164991], [131.8790921627846, 43.070073060489875]]]}, "properties": {"zone_id": "vladivostok-2026-06-27-146", "aoi": "vladivostok", "date": "2026-06-27", "scene_id": "S2B_MSIL2A_20260627T020649_R103_T52TGN_20260627T041901", "scene_datetime_utc": "2026-06-27T02:06:49.024000+00:00", "detection_status": "detected", "detection_status_ru": "обнаружено", "lon": 131.87915, "lat": 43.06994, "n_pixels": 1, "zone_area_km2": 0.0005, "cover_m2": 5.1, "p_mean": 0.906, "p_max": 0.906, "cover_m2_km2": 10200.0, "h3": "88316c46cbfffff", "valid_frac_scene": 0.998, "wind_ms": 2.0, "sea": "спокойное", "scene_reliable": true, "field_event_id": "S4:DOORS3:T23", "field_profile": "B", "field_date": "2024-06-10", "field_distance_km": 6984.9, "field_date_gap_days": 747, "field_conc_items_km2": 102.37, "conc_A_items_km2": null, "conc_A_lo80": null, "conc_A_hi80": null, "conc_A_lo95": null, "conc_A_hi95": null, "conc_A_status": "unavailable", "conc_A_status_ru": "концентрация недоступна", "conc_A_reasons": "вне бассейна профиля: nw_atlantic_subtropical", "conc_A_model": "conc-A-c6bce5631d2b", "conc_B_items_km2": null, "conc_B_lo80": null, "conc_B_hi80": null, "conc_B_lo95": null, "conc_B_hi95": null, "conc_B_status": "unavailable", "conc_B_status_ru": "концентрация недоступна", "conc_B_reasons": "вне бассейна профиля: black_sea", "conc_B_model": "conc-B-c6bce5631d2b"}}, {"type": "Feature", "geometry": {"type": "Polygon", "coordinates": [[[131.90458183990822, 43.0688881514051], [131.90457758978724, 43.068798217493956], [131.90445492393218, 43.06880133344746], [131.90445067400967, 43.06871139952481], [131.90457333968587, 43.068708283581046], [131.90456908960402, 43.06861834966638], [131.90481442054, 43.068612117404406], [131.90481867097958, 43.06870205129959], [131.9049413365971, 43.06869893496191], [131.90494558723512, 43.068788868845594], [131.90482292143872, 43.06879198519302], [131.90482717191745, 43.06888191908468], [131.90458183990822, 43.0688881514051]]]}, "properties": {"zone_id": "vladivostok-2026-06-27-147", "aoi": "vladivostok", "date": "2026-06-27", "scene_id": "S2B_MSIL2A_20260627T020649_R103_T52TGN_20260627T041901", "scene_datetime_utc": "2026-06-27T02:06:49.024000+00:00", "detection_status": "detected", "detection_status_ru": "обнаружено", "lon": 131.9047, "lat": 43.06875, "n_pixels": 2, "zone_area_km2": 0.0008, "cover_m2": 9.0, "p_mean": 0.7, "p_max": 0.718, "cover_m2_km2": 11250.0, "h3": "88316c09edfffff", "valid_frac_scene": 0.998, "wind_ms": 2.0, "sea": "спокойное", "scene_reliable": true, "field_event_id": "S4:DOORS3:T23", "field_profile": "B", "field_date": "2024-06-10", "field_distance_km": 6986.7, "field_date_gap_days": 747, "field_conc_items_km2": 102.37, "conc_A_items_km2": null, "conc_A_lo80": null, "conc_A_hi80": null, "conc_A_lo95": null, "conc_A_hi95": null, "conc_A_status": "unavailable", "conc_A_status_ru": "концентрация недоступна", "conc_A_reasons": "вне бассейна профиля: nw_atlantic_subtropical", "conc_A_model": "conc-A-c6bce5631d2b", "conc_B_items_km2": null, "conc_B_lo80": null, "conc_B_hi80": null, "conc_B_lo95": null, "conc_B_hi95": null, "conc_B_status": "unavailable", "conc_B_status_ru": "концентрация недоступна", "conc_B_reasons": "вне бассейна профиля: black_sea", "conc_B_model": "conc-B-c6bce5631d2b"}}, {"type": "Feature", "geometry": {"type": "Polygon", "coordinates": [[[131.94300548622647, 43.068535918637615], [131.943001179984, 43.068445987807124], [131.94287851904062, 43.06844914492493], [131.94287421299686, 43.06835921408281], [131.94299687376142, 43.06835605697486], [131.94299256755863, 43.06826612614084], [131.94324219523108, 43.06834974236511], [131.9432465018114, 43.06843967317763], [131.94312384090762, 43.06844283055802], [131.9431281473289, 43.06853276137864], [131.94300548622647, 43.068535918637615]]]}, "properties": {"zone_id": "vladivostok-2026-06-27-148", "aoi": "vladivostok", "date": "2026-06-27", "scene_id": "S2B_MSIL2A_20260627T020649_R103_T52TGN_20260627T041901", "scene_datetime_utc": "2026-06-27T02:06:49.024000+00:00", "detection_status": "detected", "detection_status_ru": "обнаружено", "lon": 131.94306, "lat": 43.0684, "n_pixels": 1, "zone_area_km2": 0.0005, "cover_m2": 5.5, "p_mean": 0.941, "p_max": 0.941, "cover_m2_km2": 11000.0, "h3": "88316c09cbfffff", "valid_frac_scene": 0.998, "wind_ms": 2.0, "sea": "спокойное", "scene_reliable": true, "field_event_id": "S4:DOORS3:T23", "field_profile": "B", "field_date": "2024-06-10", "field_distance_km": 6989.4, "field_date_gap_days": 747, "field_conc_items_km2": 102.37, "conc_A_items_km2": null, "conc_A_lo80": null, "conc_A_hi80": null, "conc_A_lo95": null, "conc_A_hi95": null, "conc_A_status": "unavailable", "conc_A_status_ru": "концентрация недоступна", "conc_A_reasons": "вне бассейна профиля: nw_atlantic_subtropical", "conc_A_model": "conc-A-c6bce5631d2b", "conc_B_items_km2": null, "conc_B_lo80": null, "conc_B_hi80": null, "conc_B_lo95": null, "conc_B_hi95": null, "conc_B_status": "unavailable", "conc_B_status_ru": "концентрация недоступна", "conc_B_reasons": "вне бассейна профиля: black_sea", "conc_B_model": "conc-B-c6bce5631d2b"}}, {"type": "Feature", "geometry": {"type": "Polygon", "coordinates": [[[131.79290695947438, 43.068068662302565], [131.79290287274708, 43.06797871963875], [131.79278019660603, 43.06798171583888], [131.7927761100765, 43.06789177316398], [131.79289878603856, 43.06788877697322], [131.79289469934886, 43.06779883430593], [131.79301737511324, 43.06779583799319], [131.7930132882634, 43.067705895333546], [131.79326272658548, 43.06778984497369], [131.79327090105727, 43.06796973025032], [131.79314822497267, 43.067972726844474], [131.79315231205788, 43.06806266948956], [131.79290695947438, 43.068068662302565]]]}, "properties": {"zone_id": "vladivostok-2026-06-27-149", "aoi": "vladivostok", "date": "2026-06-27", "scene_id": "S2B_MSIL2A_20260627T020649_R103_T52TGN_20260627T041901", "scene_datetime_utc": "2026-06-27T02:06:49.024000+00:00", "detection_status": "detected", "detection_status_ru": "обнаружено", "lon": 131.79304, "lat": 43.0679, "n_pixels": 3, "zone_area_km2": 0.001, "cover_m2": 15.3, "p_mean": 0.949, "p_max": 0.98, "cover_m2_km2": 15300.0, "h3": "88316c444dfffff", "valid_frac_scene": 0.998, "wind_ms": 2.0, "sea": "спокойное", "scene_reliable": true, "field_event_id": "S4:DOORS3:T23", "field_profile": "B", "field_date": "2024-06-10", "field_distance_km": 6979.3, "field_date_gap_days": 747, "field_conc_items_km2": 102.37, "conc_A_items_km2": null, "conc_A_lo80": null, "conc_A_hi80": null, "conc_A_lo95": null, "conc_A_hi95": null, "conc_A_status": "unavailable", "conc_A_status_ru": "концентрация недоступна", "conc_A_reasons": "вне бассейна профиля: nw_atlantic_subtropical", "conc_A_model": "conc-A-c6bce5631d2b", "conc_B_items_km2": null, "conc_B_lo80": null, "conc_B_hi80": null, "conc_B_lo95": null, "conc_B_hi95": null, "conc_B_status": "unavailable", "conc_B_status_ru": "концентрация недоступна", "conc_B_reasons": "вне бассейна профиля: black_sea", "conc_B_model": "conc-B-c6bce5631d2b"}}, {"type": "Feature", "geometry": {"type": "Polygon", "coordinates": [[[131.90659060557402, 43.067216352251975], [131.90658635276455, 43.06712641847482], [131.90646369046178, 43.06712953648507], [131.90645943785077, 43.06703960269641], [131.9065820999747, 43.0670364846959], [131.9065778472044, 43.066946550915226], [131.90682742416388, 43.067030248300995], [131.90683167731143, 43.06712018206042], [131.9067090150478, 43.06712330033327], [131.90671326803607, 43.06721323410068], [131.90659060557402, 43.067216352251975]]]}, "properties": {"zone_id": "vladivostok-2026-06-27-150", "aoi": "vladivostok", "date": "2026-06-27", "scene_id": "S2B_MSIL2A_20260627T020649_R103_T52TGN_20260627T041901", "scene_datetime_utc": "2026-06-27T02:06:49.024000+00:00", "detection_status": "detected", "detection_status_ru": "обнаружено", "lon": 131.90665, "lat": 43.06708, "n_pixels": 1, "zone_area_km2": 0.0005, "cover_m2": 6.3, "p_mean": 0.867, "p_max": 0.867, "cover_m2_km2": 12600.0, "h3": "88316c09edfffff", "valid_frac_scene": 0.998, "wind_ms": 2.0, "sea": "спокойное", "scene_reliable": true, "field_event_id": "S4:DOORS3:T23", "field_profile": "B", "field_date": "2024-06-10", "field_distance_km": 6987.0, "field_date_gap_days": 747, "field_conc_items_km2": 102.37, "conc_A_items_km2": null, "conc_A_lo80": null, "conc_A_hi80": null, "conc_A_lo95": null, "conc_A_hi95": null, "conc_A_status": "unavailable", "conc_A_status_ru": "концентрация недоступна", "conc_A_reasons": "вне бассейна профиля: nw_atlantic_subtropical", "conc_A_model": "conc-A-c6bce5631d2b", "conc_B_items_km2": null, "conc_B_lo80": null, "conc_B_hi80": null, "conc_B_lo95": null, "conc_B_hi95": null, "conc_B_status": "unavailable", "conc_B_status_ru": "концентрация недоступна", "conc_B_reasons": "вне бассейна профиля: black_sea", "conc_B_model": "conc-B-c6bce5631d2b"}}, {"type": "Feature", "geometry": {"type": "Polygon", "coordinates": [[[131.90016969638168, 43.06647897227969], [131.90016545306835, 43.06638903797879], [131.90004279153735, 43.06639214906436], [131.90003854842243, 43.066302214751964], [131.90016120977458, 43.06629910367611], [131.90015696650033, 43.06620916937169], [131.90040228878837, 43.06620294684555], [131.90040653242033, 43.06629288113053], [131.90052919371388, 43.06628976966079], [131.90053343754423, 43.066379703934295], [131.90041077607182, 43.06638281541375], [131.90041501974284, 43.06647274969522], [131.90016969638168, 43.06647897227969]]]}, "properties": {"zone_id": "vladivostok-2026-06-27-151", "aoi": "vladivostok", "date": "2026-06-27", "scene_id": "S2B_MSIL2A_20260627T020649_R103_T52TGN_20260627T041901", "scene_datetime_utc": "2026-06-27T02:06:49.024000+00:00", "detection_status": "detected", "detection_status_ru": "обнаружено", "lon": 131.90029, "lat": 43.06634, "n_pixels": 2, "zone_area_km2": 0.0008, "cover_m2": 11.8, "p_mean": 0.79, "p_max": 0.804, "cover_m2_km2": 14750.0, "h3": "88316c0933fffff", "valid_frac_scene": 0.998, "wind_ms": 2.0, "sea": "спокойное", "scene_reliable": true, "field_event_id": "S4:DOORS3:T23", "field_profile": "B", "field_date": "2024-06-10", "field_distance_km": 6986.6, "field_date_gap_days": 747, "field_conc_items_km2": 102.37, "conc_A_items_km2": null, "conc_A_lo80": null, "conc_A_hi80": null, "conc_A_lo95": null, "conc_A_hi95": null, "conc_A_status": "unavailable", "conc_A_status_ru": "концентрация недоступна", "conc_A_reasons": "вне бассейна профиля: nw_atlantic_subtropical", "conc_A_model": "conc-A-c6bce5631d2b", "conc_B_items_km2": null, "conc_B_lo80": null, "conc_B_hi80": null, "conc_B_lo95": null, "conc_B_hi95": null, "conc_B_status": "unavailable", "conc_B_status_ru": "концентрация недоступна", "conc_B_reasons": "вне бассейна профиля: black_sea", "conc_B_model": "conc-B-c6bce5631d2b"}}, {"type": "Feature", "geometry": {"type": "Polygon", "coordinates": [[[131.9438704742738, 43.06608252597848], [131.94386616713595, 43.06599259517927], [131.94374351117966, 43.0659957530809], [131.94373920424044, 43.06590582227006], [131.94386186001788, 43.06590266437829], [131.94385755291967, 43.065812733575555], [131.94410717151328, 43.06589634820094], [131.944111478989, 43.06598627898217], [131.94398882307237, 43.065989437146364], [131.9439931303891, 43.06607936793571], [131.9438704742738, 43.06608252597848]]]}, "properties": {"zone_id": "vladivostok-2026-06-27-152", "aoi": "vladivostok", "date": "2026-06-27", "scene_id": "S2B_MSIL2A_20260627T020649_R103_T52TGN_20260627T041901", "scene_datetime_utc": "2026-06-27T02:06:49.024000+00:00", "detection_status": "detected", "detection_status_ru": "обнаружено", "lon": 131.94393, "lat": 43.06595, "n_pixels": 1, "zone_area_km2": 0.0005, "cover_m2": 5.9, "p_mean": 0.557, "p_max": 0.557, "cover_m2_km2": 11800.0, "h3": "88316c09cbfffff", "valid_frac_scene": 0.998, "wind_ms": 2.0, "sea": "спокойное", "scene_reliable": true, "field_event_id": "S4:DOORS3:T23", "field_profile": "B", "field_date": "2024-06-10", "field_distance_km": 6989.6, "field_date_gap_days": 747, "field_conc_items_km2": 102.37, "conc_A_items_km2": null, "conc_A_lo80": null, "conc_A_hi80": null, "conc_A_lo95": null, "conc_A_hi95": null, "conc_A_status": "unavailable", "conc_A_status_ru": "концентрация недоступна", "conc_A_reasons": "вне бассейна профиля: nw_atlantic_subtropical", "conc_A_model": "conc-A-c6bce5631d2b", "conc_B_items_km2": null, "conc_B_lo80": null, "conc_B_hi80": null, "conc_B_lo95": null, "conc_B_hi95": null, "conc_B_status": "unavailable", "conc_B_status_ru": "концентрация недоступна", "conc_B_reasons": "вне бассейна профиля: black_sea", "conc_B_model": "conc-B-c6bce5631d2b"}}, {"type": "Feature", "geometry": {"type": "Polygon", "coordinates": [[[131.89879496871643, 43.065973580633354], [131.89879072748766, 43.06588364621497], [131.89866806681496, 43.065886755798], [131.89865958477372, 43.06570688693653], [131.89890066403518, 43.06561073326415], [131.8989049053842, 43.06570066767807], [131.89902756566016, 43.065697557851905], [131.89903604877452, 43.06587742665505], [131.89879496871643, 43.065973580633354]]]}, "properties": {"zone_id": "vladivostok-2026-06-27-153", "aoi": "vladivostok", "date": "2026-06-27", "scene_id": "S2B_MSIL2A_20260627T020649_R103_T52TGN_20260627T041901", "scene_datetime_utc": "2026-06-27T02:06:49.024000+00:00", "detection_status": "detected", "detection_status_ru": "обнаружено", "lon": 131.89885, "lat": 43.06579, "n_pixels": 2, "zone_area_km2": 0.0008, "cover_m2": 10.2, "p_mean": 0.688, "p_max": 0.796, "cover_m2_km2": 12750.0, "h3": "88316c0933fffff", "valid_frac_scene": 0.998, "wind_ms": 2.0, "sea": "спокойное", "scene_reliable": true, "field_event_id": "S4:DOORS3:T23", "field_profile": "B", "field_date": "2024-06-10", "field_distance_km": 6986.5, "field_date_gap_days": 747, "field_conc_items_km2": 102.37, "conc_A_items_km2": null, "conc_A_lo80": null, "conc_A_hi80": null, "conc_A_lo95": null, "conc_A_hi95": null, "conc_A_status": "unavailable", "conc_A_status_ru": "концентрация недоступна", "conc_A_reasons": "вне бассейна профиля: nw_atlantic_subtropical", "conc_A_model": "conc-A-c6bce5631d2b", "conc_B_items_km2": null, "conc_B_lo80": null, "conc_B_hi80": null, "conc_B_lo95": null, "conc_B_hi95": null, "conc_B_status": "unavailable", "conc_B_status_ru": "концентрация недоступна", "conc_B_reasons": "вне бассейна профиля: black_sea", "conc_B_model": "conc-B-c6bce5631d2b"}}, {"type": "Feature", "geometry": {"type": "Polygon", "coordinates": [[[131.9029654260477, 43.06586777636128], [131.90296117873802, 43.06577784227358], [131.90283851872957, 43.065780956320516], [131.9028342716183, 43.06569102222134], [131.90295693144793, 43.06568790818413], [131.90295268417734, 43.065597974092924], [131.90320225104853, 43.06568167971586], [131.9032064986963, 43.065771613785834], [131.90308383872693, 43.065774728095356], [131.9030880862155, 43.06586466217333], [131.9029654260477, 43.06586777636128]]]}, "properties": {"zone_id": "vladivostok-2026-06-27-154", "aoi": "vladivostok", "date": "2026-06-27", "scene_id": "S2B_MSIL2A_20260627T020649_R103_T52TGN_20260627T041901", "scene_datetime_utc": "2026-06-27T02:06:49.024000+00:00", "detection_status": "detected", "detection_status_ru": "обнаружено", "lon": 131.90302, "lat": 43.06573, "n_pixels": 1, "zone_area_km2": 0.0005, "cover_m2": 6.3, "p_mean": 0.525, "p_max": 0.525, "cover_m2_km2": 12600.0, "h3": "88316c09edfffff", "valid_frac_scene": 0.998, "wind_ms": 2.0, "sea": "спокойное", "scene_reliable": true, "field_event_id": "S4:DOORS3:T23", "field_profile": "B", "field_date": "2024-06-10", "field_distance_km": 6986.8, "field_date_gap_days": 747, "field_conc_items_km2": 102.37, "conc_A_items_km2": null, "conc_A_lo80": null, "conc_A_hi80": null, "conc_A_lo95": null, "conc_A_hi95": null, "conc_A_status": "unavailable", "conc_A_status_ru": "концентрация недоступна", "conc_A_reasons": "вне бассейна профиля: nw_atlantic_subtropical", "conc_A_model": "conc-A-c6bce5631d2b", "conc_B_items_km2": null, "conc_B_lo80": null, "conc_B_hi80": null, "conc_B_lo95": null, "conc_B_hi95": null, "conc_B_status": "unavailable", "conc_B_status_ru": "концентрация недоступна", "conc_B_reasons": "вне бассейна профиля: black_sea", "conc_B_model": "conc-B-c6bce5631d2b"}}, {"type": "Feature", "geometry": {"type": "Polygon", "coordinates": [[[131.9013665971033, 43.065818314643046], [131.90136235213822, 43.06572838042711], [131.90123969205453, 43.06573149275752], [131.90123544728783, 43.06564155853009], [131.90135810719266, 43.0656384462094], [131.90135386226666, 43.06554851198994], [131.90159918166006, 43.065542286974136], [131.90160342694375, 43.065632221174134], [131.90172608678998, 43.06562910845956], [131.90173033227208, 43.065719042648084], [131.901607672247, 43.06572215537238], [131.9016119175698, 43.065812089568865], [131.9013665971033, 43.065818314643046]]]}, "properties": {"zone_id": "vladivostok-2026-06-27-155", "aoi": "vladivostok", "date": "2026-06-27", "scene_id": "S2B_MSIL2A_20260627T020649_R103_T52TGN_20260627T041901", "scene_datetime_utc": "2026-06-27T02:06:49.024000+00:00", "detection_status": "detected", "detection_status_ru": "обнаружено", "lon": 131.90148, "lat": 43.06568, "n_pixels": 2, "zone_area_km2": 0.0008, "cover_m2": 11.0, "p_mean": 0.743, "p_max": 0.918, "cover_m2_km2": 13750.0, "h3": "88316c09edfffff", "valid_frac_scene": 0.998, "wind_ms": 2.0, "sea": "спокойное", "scene_reliable": true, "field_event_id": "S4:DOORS3:T23", "field_profile": "B", "field_date": "2024-06-10", "field_distance_km": 6986.7, "field_date_gap_days": 747, "field_conc_items_km2": 102.37, "conc_A_items_km2": null, "conc_A_lo80": null, "conc_A_hi80": null, "conc_A_lo95": null, "conc_A_hi95": null, "conc_A_status": "unavailable", "conc_A_status_ru": "концентрация недоступна", "conc_A_reasons": "вне бассейна профиля: nw_atlantic_subtropical", "conc_A_model": "conc-A-c6bce5631d2b", "conc_B_items_km2": null, "conc_B_lo80": null, "conc_B_hi80": null, "conc_B_lo95": null, "conc_B_hi95": null, "conc_B_status": "unavailable", "conc_B_status_ru": "концентрация недоступна", "conc_B_reasons": "вне бассейна профиля: black_sea", "conc_B_model": "conc-B-c6bce5631d2b"}}, {"type": "Feature", "geometry": {"type": "Polygon", "coordinates": [[[131.941522789476, 43.06578277989131], [131.94151848581507, 43.065692848897584], [131.94139583019754, 43.0656960042655], [131.94139152673523, 43.06560607326015], [131.9415141821739, 43.06560291790209], [131.94150987855255, 43.06551298690484], [131.9417594929918, 43.06559660679216], [131.9417637969906, 43.06568653776792], [131.9416411414127, 43.06568969339839], [131.9416454452525, 43.06577962438224], [131.941522789476, 43.06578277989131]]]}, "properties": {"zone_id": "vladivostok-2026-06-27-156", "aoi": "vladivostok", "date": "2026-06-27", "scene_id": "S2B_MSIL2A_20260627T020649_R103_T52TGN_20260627T041901", "scene_datetime_utc": "2026-06-27T02:06:49.024000+00:00", "detection_status": "detected", "detection_status_ru": "обнаружено", "lon": 131.94158, "lat": 43.06565, "n_pixels": 1, "zone_area_km2": 0.0005, "cover_m2": 5.1, "p_mean": 0.741, "p_max": 0.741, "cover_m2_km2": 10200.0, "h3": "88316c09c3fffff", "valid_frac_scene": 0.998, "wind_ms": 2.0, "sea": "спокойное", "scene_reliable": true, "field_event_id": "S4:DOORS3:T23", "field_profile": "B", "field_date": "2024-06-10", "field_distance_km": 6989.4, "field_date_gap_days": 747, "field_conc_items_km2": 102.37, "conc_A_items_km2": null, "conc_A_lo80": null, "conc_A_hi80": null, "conc_A_lo95": null, "conc_A_hi95": null, "conc_A_status": "unavailable", "conc_A_status_ru": "концентрация недоступна", "conc_A_reasons": "вне бассейна профиля: nw_atlantic_subtropical", "conc_A_model": "conc-A-c6bce5631d2b", "conc_B_items_km2": null, "conc_B_lo80": null, "conc_B_hi80": null, "conc_B_lo95": null, "conc_B_hi95": null, "conc_B_status": "unavailable", "conc_B_status_ru": "концентрация недоступна", "conc_B_reasons": "вне бассейна профиля: black_sea", "conc_B_model": "conc-B-c6bce5631d2b"}}, {"type": "Feature", "geometry": {"type": "Polygon", "coordinates": [[[131.9742146090778, 43.063766528755735], [131.97421025793525, 43.06367660038664], [131.9740876099602, 43.06367979067363], [131.97408325901648, 43.06358986229281], [131.97420590681276, 43.06358667201578], [131.97420155571027, 43.06349674364314], [131.9744468508852, 43.06349036271529], [131.97445120234525, 43.06358029106799], [131.97457385008144, 43.06357710039721], [131.9745782017403, 43.06366702873815], [131.97445555382532, 43.0636702194189], [131.97445990532543, 43.06376014776805], [131.9742146090778, 43.063766528755735]]]}, "properties": {"zone_id": "vladivostok-2026-06-27-157", "aoi": "vladivostok", "date": "2026-06-27", "scene_id": "S2B_MSIL2A_20260627T020649_R103_T52TGN_20260627T041901", "scene_datetime_utc": "2026-06-27T02:06:49.024000+00:00", "detection_status": "detected", "detection_status_ru": "обнаружено", "lon": 131.97433, "lat": 43.06363, "n_pixels": 2, "zone_area_km2": 0.0008, "cover_m2": 7.5, "p_mean": 0.982, "p_max": 0.984, "cover_m2_km2": 9375.0, "h3": "88316c08e1fffff", "valid_frac_scene": 0.998, "wind_ms": 2.0, "sea": "спокойное", "scene_reliable": true, "field_event_id": "S4:DOORS3:T23", "field_profile": "B", "field_date": "2024-06-10", "field_distance_km": 6991.8, "field_date_gap_days": 747, "field_conc_items_km2": 102.37, "conc_A_items_km2": null, "conc_A_lo80": null, "conc_A_hi80": null, "conc_A_lo95": null, "conc_A_hi95": null, "conc_A_status": "unavailable", "conc_A_status_ru": "концентрация недоступна", "conc_A_reasons": "вне бассейна профиля: nw_atlantic_subtropical", "conc_A_model": "conc-A-c6bce5631d2b", "conc_B_items_km2": null, "conc_B_lo80": null, "conc_B_hi80": null, "conc_B_lo95": null, "conc_B_hi95": null, "conc_B_status": "unavailable", "conc_B_status_ru": "концентрация недоступна", "conc_B_reasons": "вне бассейна профиля: black_sea", "conc_B_model": "conc-B-c6bce5631d2b"}}, {"type": "Feature", "geometry": {"type": "Polygon", "coordinates": [[[131.94128824958162, 43.06344772860231], [131.94128394661448, 43.06335779755283], [131.9411612956263, 43.06336095253309], [131.94115699285774, 43.063271021472], [131.94127964366712, 43.0632678665016], [131.9412753407396, 43.06317793544859], [131.94152494522646, 43.063261556167], [131.94152924853142, 43.063351487198524], [131.94140659758284, 43.06335464244131], [131.9414109007288, 43.063444573480915], [131.94128824958162, 43.06344772860231]]]}, "properties": {"zone_id": "vladivostok-2026-06-27-158", "aoi": "vladivostok", "date": "2026-06-27", "scene_id": "S2B_MSIL2A_20260627T020649_R103_T52TGN_20260627T041901", "scene_datetime_utc": "2026-06-27T02:06:49.024000+00:00", "detection_status": "detected", "detection_status_ru": "обнаружено", "lon": 131.94134, "lat": 43.06331, "n_pixels": 1, "zone_area_km2": 0.0005, "cover_m2": 3.1, "p_mean": 0.918, "p_max": 0.918, "cover_m2_km2": 6200.0, "h3": "88316c09c3fffff", "valid_frac_scene": 0.998, "wind_ms": 2.0, "sea": "спокойное", "scene_reliable": true, "field_event_id": "S4:DOORS3:T23", "field_profile": "B", "field_date": "2024-06-10", "field_distance_km": 6989.6, "field_date_gap_days": 747, "field_conc_items_km2": 102.37, "conc_A_items_km2": null, "conc_A_lo80": null, "conc_A_hi80": null, "conc_A_lo95": null, "conc_A_hi95": null, "conc_A_status": "unavailable", "conc_A_status_ru": "концентрация недоступна", "conc_A_reasons": "вне бассейна профиля: nw_atlantic_subtropical", "conc_A_model": "conc-A-c6bce5631d2b", "conc_B_items_km2": null, "conc_B_lo80": null, "conc_B_hi80": null, "conc_B_lo95": null, "conc_B_hi95": null, "conc_B_status": "unavailable", "conc_B_status_ru": "концентрация недоступна", "conc_B_reasons": "вне бассейна профиля: black_sea", "conc_B_model": "conc-B-c6bce5631d2b"}}, {"type": "Feature", "geometry": {"type": "Polygon", "coordinates": [[[131.98348779918896, 43.062534478328175], [131.98348343468015, 43.06244455069851], [131.98336079019595, 43.06244775085071], [131.983356425886, 43.06235782320927], [131.98347907019146, 43.06235462306707], [131.9834747057228, 43.06226469543385], [131.98372435874208, 43.06234822238893], [131.98372872358834, 43.06243815000036], [131.9836060791443, 43.062441350415064], [131.98361044383185, 43.06253127803472], [131.98348779918896, 43.062534478328175]]]}, "properties": {"zone_id": "vladivostok-2026-06-27-159", "aoi": "vladivostok", "date": "2026-06-27", "scene_id": "S2B_MSIL2A_20260627T020649_R103_T52TGN_20260627T041901", "scene_datetime_utc": "2026-06-27T02:06:49.024000+00:00", "detection_status": "detected", "detection_status_ru": "обнаружено", "lon": 131.98354, "lat": 43.0624, "n_pixels": 1, "zone_area_km2": 0.0005, "cover_m2": 2.4, "p_mean": 0.522, "p_max": 0.522, "cover_m2_km2": 4800.0, "h3": "88316c08ebfffff", "valid_frac_scene": 0.998, "wind_ms": 2.0, "sea": "спокойное", "scene_reliable": true, "field_event_id": "S4:DOORS3:T23", "field_profile": "B", "field_date": "2024-06-10", "field_distance_km": 6992.5, "field_date_gap_days": 747, "field_conc_items_km2": 102.37, "conc_A_items_km2": null, "conc_A_lo80": null, "conc_A_hi80": null, "conc_A_lo95": null, "conc_A_hi95": null, "conc_A_status": "unavailable", "conc_A_status_ru": "концентрация недоступна", "conc_A_reasons": "вне бассейна профиля: nw_atlantic_subtropical", "conc_A_model": "conc-A-c6bce5631d2b", "conc_B_items_km2": null, "conc_B_lo80": null, "conc_B_hi80": null, "conc_B_lo95": null, "conc_B_hi95": null, "conc_B_status": "unavailable", "conc_B_status_ru": "концентрация недоступна", "conc_B_reasons": "вне бассейна профиля: black_sea", "conc_B_model": "conc-B-c6bce5631d2b"}}, {"type": "Feature", "geometry": {"type": "Polygon", "coordinates": [[[131.98017202655808, 43.062530908740314], [131.98016766689608, 43.06244098083899], [131.98004502204856, 43.062444177437534], [131.98004066258537, 43.06235424952445], [131.98016330725412, 43.062351052935895], [131.98015894763225, 43.06226112503102], [131.98040859653142, 43.06234465936505], [131.9804129565309, 43.06243458724816], [131.98029031172354, 43.0624377841092], [131.9802946715643, 43.06252771200054], [131.98017202655808, 43.062530908740314]]]}, "properties": {"zone_id": "vladivostok-2026-06-27-160", "aoi": "vladivostok", "date": "2026-06-27", "scene_id": "S2B_MSIL2A_20260627T020649_R103_T52TGN_20260627T041901", "scene_datetime_utc": "2026-06-27T02:06:49.024000+00:00", "detection_status": "detected", "detection_status_ru": "обнаружено", "lon": 131.98023, "lat": 43.06239, "n_pixels": 1, "zone_area_km2": 0.0005, "cover_m2": 3.9, "p_mean": 0.529, "p_max": 0.529, "cover_m2_km2": 7800.0, "h3": "88316c08e3fffff", "valid_frac_scene": 0.998, "wind_ms": 2.0, "sea": "спокойное", "scene_reliable": true, "field_event_id": "S4:DOORS3:T23", "field_profile": "B", "field_date": "2024-06-10", "field_distance_km": 6992.2, "field_date_gap_days": 747, "field_conc_items_km2": 102.37, "conc_A_items_km2": null, "conc_A_lo80": null, "conc_A_hi80": null, "conc_A_lo95": null, "conc_A_hi95": null, "conc_A_status": "unavailable", "conc_A_status_ru": "концентрация недоступна", "conc_A_reasons": "вне бассейна профиля: nw_atlantic_subtropical", "conc_A_model": "conc-A-c6bce5631d2b", "conc_B_items_km2": null, "conc_B_lo80": null, "conc_B_hi80": null, "conc_B_lo95": null, "conc_B_hi95": null, "conc_B_status": "unavailable", "conc_B_status_ru": "концентрация недоступна", "conc_B_reasons": "вне бассейна профиля: black_sea", "conc_B_model": "conc-B-c6bce5631d2b"}}, {"type": "Feature", "geometry": {"type": "Polygon", "coordinates": [[[131.9348502530837, 43.06235257200436], [131.9348459596911, 43.06226264041799], [131.93472331017736, 43.062265788434615], [131.93471901698328, 43.062175856836646], [131.93484166631822, 43.06217270882988], [131.9348373729651, 43.06208277723998], [131.93508696492876, 43.062166412422535], [131.93509125865924, 43.06225634399098], [131.93496860918503, 43.062259492270115], [131.93497290275644, 43.06234942384664], [131.9348502530837, 43.06235257200436]]]}, "properties": {"zone_id": "vladivostok-2026-06-27-161", "aoi": "vladivostok", "date": "2026-06-27", "scene_id": "S2B_MSIL2A_20260627T020649_R103_T52TGN_20260627T041901", "scene_datetime_utc": "2026-06-27T02:06:49.024000+00:00", "detection_status": "detected", "detection_status_ru": "обнаружено", "lon": 131.93491, "lat": 43.06222, "n_pixels": 1, "zone_area_km2": 0.0005, "cover_m2": 4.3, "p_mean": 0.78, "p_max": 0.78, "cover_m2_km2": 8600.0, "h3": "88316c09c3fffff", "valid_frac_scene": 0.998, "wind_ms": 2.0, "sea": "спокойное", "scene_reliable": true, "field_event_id": "S4:DOORS3:T23", "field_profile": "B", "field_date": "2024-06-10", "field_distance_km": 6989.2, "field_date_gap_days": 747, "field_conc_items_km2": 102.37, "conc_A_items_km2": null, "conc_A_lo80": null, "conc_A_hi80": null, "conc_A_lo95": null, "conc_A_hi95": null, "conc_A_status": "unavailable", "conc_A_status_ru": "концентрация недоступна", "conc_A_reasons": "вне бассейна профиля: nw_atlantic_subtropical", "conc_A_model": "conc-A-c6bce5631d2b", "conc_B_items_km2": null, "conc_B_lo80": null, "conc_B_hi80": null, "conc_B_lo95": null, "conc_B_hi95": null, "conc_B_status": "unavailable", "conc_B_status_ru": "концентрация недоступна", "conc_B_reasons": "вне бассейна профиля: black_sea", "conc_B_model": "conc-B-c6bce5631d2b"}}, {"type": "Feature", "geometry": {"type": "Polygon", "coordinates": [[[131.93546350124984, 43.062336829903145], [131.93545920696323, 43.062246898365984], [131.93533655754834, 43.06225004703891], [131.93533226346028, 43.062160115490144], [131.93545491269637, 43.062156966827054], [131.9354506184493, 43.06206703528637], [131.9357002111093, 43.06215066910709], [131.93570450573372, 43.06224060062634], [131.93558185635837, 43.06224374956179], [131.93558615082378, 43.06233368108911], [131.93546350124984, 43.062336829903145]]]}, "properties": {"zone_id": "vladivostok-2026-06-27-162", "aoi": "vladivostok", "date": "2026-06-27", "scene_id": "S2B_MSIL2A_20260627T020649_R103_T52TGN_20260627T041901", "scene_datetime_utc": "2026-06-27T02:06:49.024000+00:00", "detection_status": "detected", "detection_status_ru": "обнаружено", "lon": 131.93552, "lat": 43.0622, "n_pixels": 1, "zone_area_km2": 0.0005, "cover_m2": 6.7, "p_mean": 0.847, "p_max": 0.847, "cover_m2_km2": 13400.0, "h3": "88316c09c3fffff", "valid_frac_scene": 0.998, "wind_ms": 2.0, "sea": "спокойное", "scene_reliable": true, "field_event_id": "S4:DOORS3:T23", "field_profile": "B", "field_date": "2024-06-10", "field_distance_km": 6989.2, "field_date_gap_days": 747, "field_conc_items_km2": 102.37, "conc_A_items_km2": null, "conc_A_lo80": null, "conc_A_hi80": null, "conc_A_lo95": null, "conc_A_hi95": null, "conc_A_status": "unavailable", "conc_A_status_ru": "концентрация недоступна", "conc_A_reasons": "вне бассейна профиля: nw_atlantic_subtropical", "conc_A_model": "conc-A-c6bce5631d2b", "conc_B_items_km2": null, "conc_B_lo80": null, "conc_B_hi80": null, "conc_B_lo95": null, "conc_B_hi95": null, "conc_B_status": "unavailable", "conc_B_status_ru": "концентрация недоступна", "conc_B_reasons": "вне бассейна профиля: black_sea", "conc_B_model": "conc-B-c6bce5631d2b"}}, {"type": "Feature", "geometry": {"type": "Polygon", "coordinates": [[[131.9371805934858, 43.062292734561744], [131.93717629669607, 43.06220280316241], [131.93693099840007, 43.06220910405234], [131.9369267019877, 43.06211917263154], [131.93680405298883, 43.06212232286977], [131.93679975677503, 43.06203239143736], [131.9369224055951, 43.062029241208975], [131.93691810922226, 43.06193930978465], [131.9371634064455, 43.06193300895378], [131.9371677031759, 43.062022940358425], [131.93729035193667, 43.06201978973625], [131.93729464886565, 43.06210972112927], [131.9374172977854, 43.06210657036599], [131.93742159491296, 43.06219650174741], [131.9372989458144, 43.06219965252054], [131.93730324278295, 43.062289583910044], [131.9371805934858, 43.062292734561744]]]}, "properties": {"zone_id": "vladivostok-2026-06-27-163", "aoi": "vladivostok", "date": "2026-06-27", "scene_id": "S2B_MSIL2A_20260627T020649_R103_T52TGN_20260627T041901", "scene_datetime_utc": "2026-06-27T02:06:49.024000+00:00", "detection_status": "detected", "detection_status_ru": "обнаружено", "lon": 131.93711, "lat": 43.0621, "n_pixels": 3, "zone_area_km2": 0.0011, "cover_m2": 16.9, "p_mean": 0.733, "p_max": 0.855, "cover_m2_km2": 15363.6, "h3": "88316c09c3fffff", "valid_frac_scene": 0.998, "wind_ms": 2.0, "sea": "спокойное", "scene_reliable": true, "field_event_id": "S4:DOORS3:T23", "field_profile": "B", "field_date": "2024-06-10", "field_distance_km": 6989.3, "field_date_gap_days": 747, "field_conc_items_km2": 102.37, "conc_A_items_km2": null, "conc_A_lo80": null, "conc_A_hi80": null, "conc_A_lo95": null, "conc_A_hi95": null, "conc_A_status": "unavailable", "conc_A_status_ru": "концентрация недоступна", "conc_A_reasons": "вне бассейна профиля: nw_atlantic_subtropical", "conc_A_model": "conc-A-c6bce5631d2b", "conc_B_items_km2": null, "conc_B_lo80": null, "conc_B_hi80": null, "conc_B_lo95": null, "conc_B_hi95": null, "conc_B_status": "unavailable", "conc_B_status_ru": "концентрация недоступна", "conc_B_reasons": "вне бассейна профиля: black_sea", "conc_B_model": "conc-B-c6bce5631d2b"}}, {"type": "Feature", "geometry": {"type": "Polygon", "coordinates": [[[131.97583155235142, 43.06165350109034], [131.9758271991668, 43.061563572820106], [131.97570455558395, 43.06156676471522], [131.9757002025981, 43.061476836433236], [131.9758228460022, 43.061473644548094], [131.9758184928576, 43.06138371627431], [131.97606813275024, 43.06146726038409], [131.9760724862724, 43.06155718863615], [131.97594984272962, 43.06156038079376], [131.97595419609303, 43.06165030905401], [131.97583155235142, 43.06165350109034]]]}, "properties": {"zone_id": "vladivostok-2026-06-27-164", "aoi": "vladivostok", "date": "2026-06-27", "scene_id": "S2B_MSIL2A_20260627T020649_R103_T52TGN_20260627T041901", "scene_datetime_utc": "2026-06-27T02:06:49.024000+00:00", "detection_status": "detected", "detection_status_ru": "обнаружено", "lon": 131.97589, "lat": 43.06152, "n_pixels": 1, "zone_area_km2": 0.0005, "cover_m2": 7.1, "p_mean": 0.624, "p_max": 0.624, "cover_m2_km2": 14200.0, "h3": "88316c08e1fffff", "valid_frac_scene": 0.998, "wind_ms": 2.0, "sea": "спокойное", "scene_reliable": true, "field_event_id": "S4:DOORS3:T23", "field_profile": "B", "field_date": "2024-06-10", "field_distance_km": 6992.0, "field_date_gap_days": 747, "field_conc_items_km2": 102.37, "conc_A_items_km2": null, "conc_A_lo80": null, "conc_A_hi80": null, "conc_A_lo95": null, "conc_A_hi95": null, "conc_A_status": "unavailable", "conc_A_status_ru": "концентрация недоступна", "conc_A_reasons": "вне бассейна профиля: nw_atlantic_subtropical", "conc_A_model": "conc-A-c6bce5631d2b", "conc_B_items_km2": null, "conc_B_lo80": null, "conc_B_hi80": null, "conc_B_lo95": null, "conc_B_hi95": null, "conc_B_status": "unavailable", "conc_B_status_ru": "концентрация недоступна", "conc_B_reasons": "вне бассейна профиля: black_sea", "conc_B_model": "conc-B-c6bce5631d2b"}}, {"type": "Feature", "geometry": {"type": "Polygon", "coordinates": [[[131.97042651728017, 43.061613963335766], [131.9704221720012, 43.06152403462345], [131.97029952789512, 43.0615272207238], [131.97029518281494, 43.06143729199975], [131.97041782674225, 43.061434105909356], [131.9704134815033, 43.06134417719349], [131.97066311453688, 43.061427733334824], [131.97066746015338, 43.061517662029], [131.9705448160873, 43.061520848391844], [131.97054916154502, 43.0616107770942], [131.97042651728017, 43.061613963335766]]]}, "properties": {"zone_id": "vladivostok-2026-06-27-165", "aoi": "vladivostok", "date": "2026-06-27", "scene_id": "S2B_MSIL2A_20260627T020649_R103_T52TGN_20260627T041901", "scene_datetime_utc": "2026-06-27T02:06:49.024000+00:00", "detection_status": "detected", "detection_status_ru": "обнаружено", "lon": 131.97048, "lat": 43.06148, "n_pixels": 1, "zone_area_km2": 0.0005, "cover_m2": 3.9, "p_mean": 0.647, "p_max": 0.647, "cover_m2_km2": 7800.0, "h3": "88316c08e7fffff", "valid_frac_scene": 0.998, "wind_ms": 2.0, "sea": "спокойное", "scene_reliable": true, "field_event_id": "S4:DOORS3:T23", "field_profile": "B", "field_date": "2024-06-10", "field_distance_km": 6991.6, "field_date_gap_days": 747, "field_conc_items_km2": 102.37, "conc_A_items_km2": null, "conc_A_lo80": null, "conc_A_hi80": null, "conc_A_lo95": null, "conc_A_hi95": null, "conc_A_status": "unavailable", "conc_A_status_ru": "концентрация недоступна", "conc_A_reasons": "вне бассейна профиля: nw_atlantic_subtropical", "conc_A_model": "conc-A-c6bce5631d2b", "conc_B_items_km2": null, "conc_B_lo80": null, "conc_B_hi80": null, "conc_B_lo95": null, "conc_B_hi95": null, "conc_B_status": "unavailable", "conc_B_status_ru": "концентрация недоступна", "conc_B_reasons": "вне бассейна профиля: black_sea", "conc_B_model": "conc-B-c6bce5631d2b"}}, {"type": "Feature", "geometry": {"type": "Polygon", "coordinates": [[[131.97263411098666, 43.061556590906925], [131.97262976248993, 43.0614666623739], [131.97250711874398, 43.06146985083669], [131.972502770446, 43.06137992229195], [131.97262541401318, 43.061376733839126], [131.9726210655565, 43.06128680530256], [131.97287070108757, 43.06137035653973], [131.9728750499218, 43.061460285054594], [131.97275240621587, 43.06146347377987], [131.97275675489138, 43.06155340230291], [131.97263411098666, 43.061556590906925]]]}, "properties": {"zone_id": "vladivostok-2026-06-27-166", "aoi": "vladivostok", "date": "2026-06-27", "scene_id": "S2B_MSIL2A_20260627T020649_R103_T52TGN_20260627T041901", "scene_datetime_utc": "2026-06-27T02:06:49.024000+00:00", "detection_status": "detected", "detection_status_ru": "обнаружено", "lon": 131.97269, "lat": 43.06142, "n_pixels": 1, "zone_area_km2": 0.0005, "cover_m2": 4.3, "p_mean": 0.933, "p_max": 0.933, "cover_m2_km2": 8600.0, "h3": "88316c08e7fffff", "valid_frac_scene": 0.998, "wind_ms": 2.0, "sea": "спокойное", "scene_reliable": true, "field_event_id": "S4:DOORS3:T23", "field_profile": "B", "field_date": "2024-06-10", "field_distance_km": 6991.8, "field_date_gap_days": 747, "field_conc_items_km2": 102.37, "conc_A_items_km2": null, "conc_A_lo80": null, "conc_A_hi80": null, "conc_A_lo95": null, "conc_A_hi95": null, "conc_A_status": "unavailable", "conc_A_status_ru": "концентрация недоступна", "conc_A_reasons": "вне бассейна профиля: nw_atlantic_subtropical", "conc_A_model": "conc-A-c6bce5631d2b", "conc_B_items_km2": null, "conc_B_lo80": null, "conc_B_hi80": null, "conc_B_lo95": null, "conc_B_hi95": null, "conc_B_status": "unavailable", "conc_B_status_ru": "концентрация недоступна", "conc_B_reasons": "вне бассейна профиля: black_sea", "conc_B_model": "conc-B-c6bce5631d2b"}}, {"type": "Feature", "geometry": {"type": "Polygon", "coordinates": [[[131.9451096734062, 43.06118836151355], [131.9451053651934, 43.06109843073746], [131.94498271913034, 43.061101589681236], [131.9449784111161, 43.061011658893484], [131.9451010570004, 43.06100849995958], [131.9450967488272, 43.06091856917995], [131.94534634870948, 43.06100218169801], [131.94535065726004, 43.06109211245614], [131.94522801123665, 43.06109527166242], [131.94523231962825, 43.06118520242865], [131.9451096734062, 43.06118836151355]]]}, "properties": {"zone_id": "vladivostok-2026-06-27-167", "aoi": "vladivostok", "date": "2026-06-27", "scene_id": "S2B_MSIL2A_20260627T020649_R103_T52TGN_20260627T041901", "scene_datetime_utc": "2026-06-27T02:06:49.024000+00:00", "detection_status": "detected", "detection_status_ru": "обнаружено", "lon": 131.94516, "lat": 43.06105, "n_pixels": 1, "zone_area_km2": 0.0005, "cover_m2": 5.1, "p_mean": 0.765, "p_max": 0.765, "cover_m2_km2": 10200.0, "h3": "88316c09ddfffff", "valid_frac_scene": 0.998, "wind_ms": 2.0, "sea": "спокойное", "scene_reliable": true, "field_event_id": "S4:DOORS3:T23", "field_profile": "B", "field_date": "2024-06-10", "field_distance_km": 6990.0, "field_date_gap_days": 747, "field_conc_items_km2": 102.37, "conc_A_items_km2": null, "conc_A_lo80": null, "conc_A_hi80": null, "conc_A_lo95": null, "conc_A_hi95": null, "conc_A_status": "unavailable", "conc_A_status_ru": "концентрация недоступна", "conc_A_reasons": "вне бассейна профиля: nw_atlantic_subtropical", "conc_A_model": "conc-A-c6bce5631d2b", "conc_B_items_km2": null, "conc_B_lo80": null, "conc_B_hi80": null, "conc_B_lo95": null, "conc_B_hi95": null, "conc_B_status": "unavailable", "conc_B_status_ru": "концентрация недоступна", "conc_B_reasons": "вне бассейна профиля: black_sea", "conc_B_model": "conc-B-c6bce5631d2b"}}, {"type": "Feature", "geometry": {"type": "Polygon", "coordinates": [[[131.91586385838815, 43.06076735995861], [131.915859592983, 43.060677426821464], [131.91573694454829, 43.060680554398026], [131.91573267934152, 43.06059062124935], [131.91585532759746, 43.06058749368254], [131.91585106223152, 43.06049756054187], [131.9161006240504, 43.06058123815516], [131.9161048897935, 43.06067117127452], [131.91598224139807, 43.06067429911361], [131.91598650698205, 43.060764232241], [131.91586385838815, 43.06076735995861]]]}, "properties": {"zone_id": "vladivostok-2026-06-27-168", "aoi": "vladivostok", "date": "2026-06-27", "scene_id": "S2B_MSIL2A_20260627T020649_R103_T52TGN_20260627T041901", "scene_datetime_utc": "2026-06-27T02:06:49.024000+00:00", "detection_status": "detected", "detection_status_ru": "обнаружено", "lon": 131.91592, "lat": 43.06063, "n_pixels": 1, "zone_area_km2": 0.0005, "cover_m2": 4.7, "p_mean": 0.878, "p_max": 0.878, "cover_m2_km2": 9400.0, "h3": "88316c09ebfffff", "valid_frac_scene": 0.998, "wind_ms": 2.0, "sea": "спокойное", "scene_reliable": true, "field_event_id": "S4:DOORS3:T23", "field_profile": "B", "field_date": "2024-06-10", "field_distance_km": 6988.0, "field_date_gap_days": 747, "field_conc_items_km2": 102.37, "conc_A_items_km2": null, "conc_A_lo80": null, "conc_A_hi80": null, "conc_A_lo95": null, "conc_A_hi95": null, "conc_A_status": "unavailable", "conc_A_status_ru": "концентрация недоступна", "conc_A_reasons": "вне бассейна профиля: nw_atlantic_subtropical", "conc_A_model": "conc-A-c6bce5631d2b", "conc_B_items_km2": null, "conc_B_lo80": null, "conc_B_hi80": null, "conc_B_lo95": null, "conc_B_hi95": null, "conc_B_status": "unavailable", "conc_B_status_ru": "концентрация недоступна", "conc_B_reasons": "вне бассейна профиля: black_sea", "conc_B_model": "conc-B-c6bce5631d2b"}}, {"type": "Feature", "geometry": {"type": "Polygon", "coordinates": [[[131.97050570786774, 43.06071148999086], [131.97050136261, 43.06062156127078], [131.97037872031154, 43.06062474740281], [131.97037437525256, 43.060534818671], [131.97049701737225, 43.060531632548916], [131.97049267215453, 43.06044170382531], [131.97074230155167, 43.06052525991106], [131.9707466471469, 43.060615188613], [131.97062400488844, 43.060618375007515], [131.97062835032494, 43.060708303717625], [131.97050570786774, 43.06071148999086]]]}, "properties": {"zone_id": "vladivostok-2026-06-27-169", "aoi": "vladivostok", "date": "2026-06-27", "scene_id": "S2B_MSIL2A_20260627T020649_R103_T52TGN_20260627T041901", "scene_datetime_utc": "2026-06-27T02:06:49.024000+00:00", "detection_status": "detected", "detection_status_ru": "обнаружено", "lon": 131.97056, "lat": 43.06058, "n_pixels": 1, "zone_area_km2": 0.0005, "cover_m2": 2.7, "p_mean": 0.878, "p_max": 0.878, "cover_m2_km2": 5400.0, "h3": "88316c08e7fffff", "valid_frac_scene": 0.998, "wind_ms": 2.0, "sea": "спокойное", "scene_reliable": true, "field_event_id": "S4:DOORS3:T23", "field_profile": "B", "field_date": "2024-06-10", "field_distance_km": 6991.7, "field_date_gap_days": 747, "field_conc_items_km2": 102.37, "conc_A_items_km2": null, "conc_A_lo80": null, "conc_A_hi80": null, "conc_A_lo95": null, "conc_A_hi95": null, "conc_A_status": "unavailable", "conc_A_status_ru": "концентрация недоступна", "conc_A_reasons": "вне бассейна профиля: nw_atlantic_subtropical", "conc_A_model": "conc-A-c6bce5631d2b", "conc_B_items_km2": null, "conc_B_lo80": null, "conc_B_hi80": null, "conc_B_lo95": null, "conc_B_hi95": null, "conc_B_status": "unavailable", "conc_B_status_ru": "концентрация недоступна", "conc_B_reasons": "вне бассейна профиля: black_sea", "conc_B_model": "conc-B-c6bce5631d2b"}}, {"type": "Feature", "geometry": {"type": "Polygon", "coordinates": [[[131.9432183126311, 43.060156560830215], [131.94321400733776, 43.06006662988488], [131.94296871888773, 43.06007294346676], [131.94296441397174, 43.05998301249992], [131.94284176989578, 43.05998616908412], [131.94283316048077, 43.05980630712543], [131.94307414286254, 43.05971006290298], [131.94307844789785, 43.05979999386524], [131.94320109157664, 43.05979683703827], [131.94320539681055, 43.05988676798891], [131.94345499007747, 43.05997038485064], [131.94345929570852, 43.06006031577801], [131.94333665153306, 43.06006347289706], [131.94334095700518, 43.060153403832544], [131.9432183126311, 43.060156560830215]]]}, "properties": {"zone_id": "vladivostok-2026-06-27-170", "aoi": "vladivostok", "date": "2026-06-27", "scene_id": "S2B_MSIL2A_20260627T020649_R103_T52TGN_20260627T041901", "scene_datetime_utc": "2026-06-27T02:06:49.024000+00:00", "detection_status": "detected", "detection_status_ru": "обнаружено", "lon": 131.94312, "lat": 43.05993, "n_pixels": 4, "zone_area_km2": 0.0013, "cover_m2": 19.2, "p_mean": 0.703, "p_max": 0.945, "cover_m2_km2": 14769.2, "h3": "88316c09d5fffff", "valid_frac_scene": 0.998, "wind_ms": 2.0, "sea": "спокойное", "scene_reliable": true, "field_event_id": "S4:DOORS3:T23", "field_profile": "B", "field_date": "2024-06-10", "field_distance_km": 6989.9, "field_date_gap_days": 747, "field_conc_items_km2": 102.37, "conc_A_items_km2": null, "conc_A_lo80": null, "conc_A_hi80": null, "conc_A_lo95": null, "conc_A_hi95": null, "conc_A_status": "unavailable", "conc_A_status_ru": "концентрация недоступна", "conc_A_reasons": "вне бассейна профиля: nw_atlantic_subtropical", "conc_A_model": "conc-A-c6bce5631d2b", "conc_B_items_km2": null, "conc_B_lo80": null, "conc_B_hi80": null, "conc_B_lo95": null, "conc_B_hi95": null, "conc_B_status": "unavailable", "conc_B_status_ru": "концентрация недоступна", "conc_B_reasons": "вне бассейна профиля: black_sea", "conc_B_model": "conc-B-c6bce5631d2b"}}, {"type": "Feature", "geometry": {"type": "Polygon", "coordinates": [[[131.9695863958367, 43.05947478701059], [131.96958205211016, 43.05938485819601], [131.96945941217427, 43.059388043269976], [131.9694507251387, 43.0592081856156], [131.96969166043021, 43.05911188656633], [131.9696960042755, 43.05920181537626], [131.96981864381394, 43.05919863005974], [131.96982733192198, 43.05937848765438], [131.9695863958367, 43.05947478701059]]]}, "properties": {"zone_id": "vladivostok-2026-06-27-171", "aoi": "vladivostok", "date": "2026-06-27", "scene_id": "S2B_MSIL2A_20260627T020649_R103_T52TGN_20260627T041901", "scene_datetime_utc": "2026-06-27T02:06:49.024000+00:00", "detection_status": "detected", "detection_status_ru": "обнаружено", "lon": 131.96964, "lat": 43.05929, "n_pixels": 2, "zone_area_km2": 0.0008, "cover_m2": 9.8, "p_mean": 0.918, "p_max": 0.929, "cover_m2_km2": 12250.0, "h3": "88316c08e7fffff", "valid_frac_scene": 0.998, "wind_ms": 2.0, "sea": "спокойное", "scene_reliable": true, "field_event_id": "S4:DOORS3:T23", "field_profile": "B", "field_date": "2024-06-10", "field_distance_km": 6991.7, "field_date_gap_days": 747, "field_conc_items_km2": 102.37, "conc_A_items_km2": null, "conc_A_lo80": null, "conc_A_hi80": null, "conc_A_lo95": null, "conc_A_hi95": null, "conc_A_status": "unavailable", "conc_A_status_ru": "концентрация недоступна", "conc_A_reasons": "вне бассейна профиля: nw_atlantic_subtropical", "conc_A_model": "conc-A-c6bce5631d2b", "conc_B_items_km2": null, "conc_B_lo80": null, "conc_B_hi80": null, "conc_B_lo95": null, "conc_B_hi95": null, "conc_B_status": "unavailable", "conc_B_status_ru": "концентрация недоступна", "conc_B_reasons": "вне бассейна профиля: black_sea", "conc_B_model": "conc-B-c6bce5631d2b"}}, {"type": "Feature", "geometry": {"type": "Polygon", "coordinates": [[[131.94415209420043, 43.05914206154636], [131.944147787695, 43.05905213066055], [131.94402514560483, 43.059055288458545], [131.94402083929796, 43.0589653575611], [131.94414348120932, 43.05896219977298], [131.9441391747435, 43.05887226888363], [131.9443844581493, 43.058865952933374], [131.94438876497264, 43.05895588380298], [131.94451140682457, 43.058952725621126], [131.9445157138465, 43.05904265647909], [131.9443930718158, 43.059045814670824], [131.9443973786788, 43.05913574553689], [131.94415209420043, 43.05914206154636]]]}, "properties": {"zone_id": "vladivostok-2026-06-27-172", "aoi": "vladivostok", "date": "2026-06-27", "scene_id": "S2B_MSIL2A_20260627T020649_R103_T52TGN_20260627T041901", "scene_datetime_utc": "2026-06-27T02:06:49.024000+00:00", "detection_status": "detected", "detection_status_ru": "обнаружено", "lon": 131.94427, "lat": 43.059, "n_pixels": 2, "zone_area_km2": 0.0008, "cover_m2": 7.8, "p_mean": 0.825, "p_max": 0.902, "cover_m2_km2": 9750.0, "h3": "88316c09d5fffff", "valid_frac_scene": 0.998, "wind_ms": 2.0, "sea": "спокойное", "scene_reliable": true, "field_event_id": "S4:DOORS3:T23", "field_profile": "B", "field_date": "2024-06-10", "field_distance_km": 6990.0, "field_date_gap_days": 747, "field_conc_items_km2": 102.37, "conc_A_items_km2": null, "conc_A_lo80": null, "conc_A_hi80": null, "conc_A_lo95": null, "conc_A_hi95": null, "conc_A_status": "unavailable", "conc_A_status_ru": "концентрация недоступна", "conc_A_reasons": "вне бассейна профиля: nw_atlantic_subtropical", "conc_A_model": "conc-A-c6bce5631d2b", "conc_B_items_km2": null, "conc_B_lo80": null, "conc_B_hi80": null, "conc_B_lo95": null, "conc_B_hi95": null, "conc_B_status": "unavailable", "conc_B_status_ru": "концентрация недоступна", "conc_B_reasons": "вне бассейна профиля: black_sea", "conc_B_model": "conc-B-c6bce5631d2b"}}, {"type": "Feature", "geometry": {"type": "Polygon", "coordinates": [[[131.93665799281212, 43.05906465317826], [131.93665369727054, 43.05897472168587], [131.93653105450917, 43.058977871448285], [131.93652675916616, 43.0588879399443], [131.93664940174878, 43.05888479019172], [131.9366451062468, 43.05879485869582], [131.9368903909952, 43.058788558816644], [131.93689468685469, 43.05887849029287], [131.93701732937802, 43.058875340146564], [131.93702162543607, 43.05896527161117], [131.936898982734, 43.058968421767325], [131.93690327863308, 43.059058353240005], [131.93665799281212, 43.05906465317826]]]}, "properties": {"zone_id": "vladivostok-2026-06-27-173", "aoi": "vladivostok", "date": "2026-06-27", "scene_id": "S2B_MSIL2A_20260627T020649_R103_T52TGN_20260627T041901", "scene_datetime_utc": "2026-06-27T02:06:49.024000+00:00", "detection_status": "detected", "detection_status_ru": "обнаружено", "lon": 131.93677, "lat": 43.05893, "n_pixels": 2, "zone_area_km2": 0.0008, "cover_m2": 5.9, "p_mean": 0.88, "p_max": 0.882, "cover_m2_km2": 7375.0, "h3": "88316c0989fffff", "valid_frac_scene": 0.998, "wind_ms": 2.0, "sea": "спокойное", "scene_reliable": true, "field_event_id": "S4:DOORS3:T23", "field_profile": "B", "field_date": "2024-06-10", "field_distance_km": 6989.5, "field_date_gap_days": 747, "field_conc_items_km2": 102.37, "conc_A_items_km2": null, "conc_A_lo80": null, "conc_A_hi80": null, "conc_A_lo95": null, "conc_A_hi95": null, "conc_A_status": "unavailable", "conc_A_status_ru": "концентрация недоступна", "conc_A_reasons": "вне бассейна профиля: nw_atlantic_subtropical", "conc_A_model": "conc-A-c6bce5631d2b", "conc_B_items_km2": null, "conc_B_lo80": null, "conc_B_hi80": null, "conc_B_lo95": null, "conc_B_hi95": null, "conc_B_status": "unavailable", "conc_B_status_ru": "концентрация недоступна", "conc_B_reasons": "вне бассейна профиля: black_sea", "conc_B_model": "conc-B-c6bce5631d2b"}}, {"type": "Feature", "geometry": {"type": "Polygon", "coordinates": [[[131.78694611803, 43.05848949854363], [131.78694204138225, 43.05839955527195], [131.78681938371636, 43.05840254455247], [131.7868153072662, 43.0583126012697], [131.78693796475324, 43.05830961199853], [131.78693388814304, 43.058219668723375], [131.787183279671, 43.05830363306228], [131.7871873566577, 43.058393576317], [131.78706469902934, 43.05839656586013], [131.78706877585597, 43.05848650912246], [131.78694611803, 43.05848949854363]]]}, "properties": {"zone_id": "vladivostok-2026-06-27-174", "aoi": "vladivostok", "date": "2026-06-27", "scene_id": "S2B_MSIL2A_20260627T020649_R103_T52TGN_20260627T041901", "scene_datetime_utc": "2026-06-27T02:06:49.024000+00:00", "detection_status": "detected", "detection_status_ru": "обнаружено", "lon": 131.787, "lat": 43.05835, "n_pixels": 1, "zone_area_km2": 0.0005, "cover_m2": 2.0, "p_mean": 0.863, "p_max": 0.863, "cover_m2_km2": 4000.0, "h3": "88316c446bfffff", "valid_frac_scene": 0.998, "wind_ms": 2.0, "sea": "спокойное", "scene_reliable": true, "field_event_id": "S4:DOORS3:T23", "field_profile": "B", "field_date": "2024-06-10", "field_distance_km": 6979.4, "field_date_gap_days": 747, "field_conc_items_km2": 102.37, "conc_A_items_km2": null, "conc_A_lo80": null, "conc_A_hi80": null, "conc_A_lo95": null, "conc_A_hi95": null, "conc_A_status": "unavailable", "conc_A_status_ru": "концентрация недоступна", "conc_A_reasons": "вне бассейна профиля: nw_atlantic_subtropical", "conc_A_model": "conc-A-c6bce5631d2b", "conc_B_items_km2": null, "conc_B_lo80": null, "conc_B_hi80": null, "conc_B_lo95": null, "conc_B_hi95": null, "conc_B_status": "unavailable", "conc_B_status_ru": "концентрация недоступна", "conc_B_reasons": "вне бассейна профиля: black_sea", "conc_B_model": "conc-B-c6bce5631d2b"}}, {"type": "Feature", "geometry": {"type": "Polygon", "coordinates": [[[131.93858589050487, 43.05829478824464], [131.93858159226136, 43.058204856895706], [131.93845895124647, 43.05820800867926], [131.93845465320152, 43.05811807731872], [131.93857729403763, 43.05811492554502], [131.9385729958337, 43.05802499419256], [131.93882257565053, 43.05810862160388], [131.93882687423175, 43.058198552934876], [131.93870423325646, 43.05820170498091], [131.9387085316787, 43.05829163631999], [131.93858589050487, 43.05829478824464]]]}, "properties": {"zone_id": "vladivostok-2026-06-27-175", "aoi": "vladivostok", "date": "2026-06-27", "scene_id": "S2B_MSIL2A_20260627T020649_R103_T52TGN_20260627T041901", "scene_datetime_utc": "2026-06-27T02:06:49.024000+00:00", "detection_status": "detected", "detection_status_ru": "обнаружено", "lon": 131.93864, "lat": 43.05816, "n_pixels": 1, "zone_area_km2": 0.0005, "cover_m2": 8.2, "p_mean": 0.588, "p_max": 0.588, "cover_m2_km2": 16400.0, "h3": "88316c0989fffff", "valid_frac_scene": 0.998, "wind_ms": 2.0, "sea": "спокойное", "scene_reliable": true, "field_event_id": "S4:DOORS3:T23", "field_profile": "B", "field_date": "2024-06-10", "field_distance_km": 6989.7, "field_date_gap_days": 747, "field_conc_items_km2": 102.37, "conc_A_items_km2": null, "conc_A_lo80": null, "conc_A_hi80": null, "conc_A_lo95": null, "conc_A_hi95": null, "conc_A_status": "unavailable", "conc_A_status_ru": "концентрация недоступна", "conc_A_reasons": "вне бассейна профиля: nw_atlantic_subtropical", "conc_A_model": "conc-A-c6bce5631d2b", "conc_B_items_km2": null, "conc_B_lo80": null, "conc_B_hi80": null, "conc_B_lo95": null, "conc_B_hi95": null, "conc_B_status": "unavailable", "conc_B_status_ru": "концентрация недоступна", "conc_B_reasons": "вне бассейна профиля: black_sea", "conc_B_model": "conc-B-c6bce5631d2b"}}, {"type": "Feature", "geometry": {"type": "Polygon", "coordinates": [[[131.94115704900267, 43.058138639124024], [131.9411527470251, 43.0580487079803], [131.9410301066046, 43.058051862510084], [131.94102580482556, 43.05796193135472], [131.94114844506734, 43.0579587768348], [131.94114414312938, 43.057868845687516], [131.94138942319597, 43.05786253627365], [131.94139372549145, 43.057952467401215], [131.9415163656738, 43.057949312487565], [131.9415206681678, 43.058039243603496], [131.9413980278067, 43.05804239852699], [131.94140233014178, 43.058132329651016], [131.94115704900267, 43.058138639124024]]]}, "properties": {"zone_id": "vladivostok-2026-06-27-176", "aoi": "vladivostok", "date": "2026-06-27", "scene_id": "S2B_MSIL2A_20260627T020649_R103_T52TGN_20260627T041901", "scene_datetime_utc": "2026-06-27T02:06:49.024000+00:00", "detection_status": "detected", "detection_status_ru": "обнаружено", "lon": 131.94127, "lat": 43.058, "n_pixels": 2, "zone_area_km2": 0.0008, "cover_m2": 12.2, "p_mean": 0.737, "p_max": 0.957, "cover_m2_km2": 15250.0, "h3": "88316c09d5fffff", "valid_frac_scene": 0.998, "wind_ms": 2.0, "sea": "спокойное", "scene_reliable": true, "field_event_id": "S4:DOORS3:T23", "field_profile": "B", "field_date": "2024-06-10", "field_distance_km": 6989.9, "field_date_gap_days": 747, "field_conc_items_km2": 102.37, "conc_A_items_km2": null, "conc_A_lo80": null, "conc_A_hi80": null, "conc_A_lo95": null, "conc_A_hi95": null, "conc_A_status": "unavailable", "conc_A_status_ru": "концентрация недоступна", "conc_A_reasons": "вне бассейна профиля: nw_atlantic_subtropical", "conc_A_model": "conc-A-c6bce5631d2b", "conc_B_items_km2": null, "conc_B_lo80": null, "conc_B_hi80": null, "conc_B_lo95": null, "conc_B_hi95": null, "conc_B_status": "unavailable", "conc_B_status_ru": "концентрация недоступна", "conc_B_reasons": "вне бассейна профиля: black_sea", "conc_B_model": "conc-B-c6bce5631d2b"}}, {"type": "Feature", "geometry": {"type": "Polygon", "coordinates": [[[131.9400489825278, 43.05807709402367], [131.9400446821788, 43.05798716278945], [131.93992204175888, 43.057990316128205], [131.9399134414778, 43.05781045363476], [131.94015442111447, 43.057714215635784], [131.94015872158286, 43.05780414686543], [131.94028136160566, 43.057800993283905], [131.94028996295927, 43.05798085571822], [131.9400489825278, 43.05807709402367]]]}, "properties": {"zone_id": "vladivostok-2026-06-27-177", "aoi": "vladivostok", "date": "2026-06-27", "scene_id": "S2B_MSIL2A_20260627T020649_R103_T52TGN_20260627T041901", "scene_datetime_utc": "2026-06-27T02:06:49.024000+00:00", "detection_status": "detected", "detection_status_ru": "обнаружено", "lon": 131.9401, "lat": 43.0579, "n_pixels": 2, "zone_area_km2": 0.0008, "cover_m2": 12.5, "p_mean": 0.767, "p_max": 0.78, "cover_m2_km2": 15625.0, "h3": "88316c09d5fffff", "valid_frac_scene": 0.998, "wind_ms": 2.0, "sea": "спокойное", "scene_reliable": true, "field_event_id": "S4:DOORS3:T23", "field_profile": "B", "field_date": "2024-06-10", "field_distance_km": 6989.8, "field_date_gap_days": 747, "field_conc_items_km2": 102.37, "conc_A_items_km2": null, "conc_A_lo80": null, "conc_A_hi80": null, "conc_A_lo95": null, "conc_A_hi95": null, "conc_A_status": "unavailable", "conc_A_status_ru": "концентрация недоступна", "conc_A_reasons": "вне бассейна профиля: nw_atlantic_subtropical", "conc_A_model": "conc-A-c6bce5631d2b", "conc_B_items_km2": null, "conc_B_lo80": null, "conc_B_hi80": null, "conc_B_lo95": null, "conc_B_hi95": null, "conc_B_status": "unavailable", "conc_B_status_ru": "концентрация недоступна", "conc_B_reasons": "вне бассейна профиля: black_sea", "conc_B_model": "conc-B-c6bce5631d2b"}}, {"type": "Feature", "geometry": {"type": "Polygon", "coordinates": [[[131.94434139100613, 43.05796664414022], [131.94433708440087, 43.05787671325119], [131.94421444467417, 43.057879871183374], [131.94421013826744, 43.0577899402827], [131.94433277781536, 43.057786782360395], [131.94432847124972, 43.057696851467846], [131.94457374992865, 43.05769053524926], [131.9445780568518, 43.05778046612207], [131.94470069634028, 43.05777730780603], [131.94470500346202, 43.05786723866723], [131.94458236379478, 43.057870396993124], [131.94458667075756, 43.05796032786241], [131.94434139100613, 43.05796664414022]]]}, "properties": {"zone_id": "vladivostok-2026-06-27-178", "aoi": "vladivostok", "date": "2026-06-27", "scene_id": "S2B_MSIL2A_20260627T020649_R103_T52TGN_20260627T041901", "scene_datetime_utc": "2026-06-27T02:06:49.024000+00:00", "detection_status": "detected", "detection_status_ru": "обнаружено", "lon": 131.94446, "lat": 43.05783, "n_pixels": 2, "zone_area_km2": 0.0008, "cover_m2": 10.2, "p_mean": 0.798, "p_max": 0.945, "cover_m2_km2": 12750.0, "h3": "88316c09d5fffff", "valid_frac_scene": 0.998, "wind_ms": 2.0, "sea": "спокойное", "scene_reliable": true, "field_event_id": "S4:DOORS3:T23", "field_profile": "B", "field_date": "2024-06-10", "field_distance_km": 6990.1, "field_date_gap_days": 747, "field_conc_items_km2": 102.37, "conc_A_items_km2": null, "conc_A_lo80": null, "conc_A_hi80": null, "conc_A_lo95": null, "conc_A_hi95": null, "conc_A_status": "unavailable", "conc_A_status_ru": "концентрация недоступна", "conc_A_reasons": "вне бассейна профиля: nw_atlantic_subtropical", "conc_A_model": "conc-A-c6bce5631d2b", "conc_B_items_km2": null, "conc_B_lo80": null, "conc_B_hi80": null, "conc_B_lo95": null, "conc_B_hi95": null, "conc_B_status": "unavailable", "conc_B_status_ru": "концентрация недоступна", "conc_B_reasons": "вне бассейна профиля: black_sea", "conc_B_model": "conc-B-c6bce5631d2b"}}, {"type": "Feature", "geometry": {"type": "Polygon", "coordinates": [[[131.9677869525724, 43.05781071581585], [131.96778261172796, 43.057720786828284], [131.96765997490834, 43.05772396987591], [131.9676556342626, 43.05763404087662], [131.9677782709035, 43.057630857838966], [131.967773930099, 43.05754092884787], [131.9680192029634, 43.05753456239875], [131.96802354412532, 43.05762449136994], [131.96814618070627, 43.05762130793859], [131.96815052206696, 43.05771123689805], [131.96802788530727, 43.05771442033936], [131.96803222650917, 43.05780434930703], [131.9677869525724, 43.05781071581585]]]}, "properties": {"zone_id": "vladivostok-2026-06-27-179", "aoi": "vladivostok", "date": "2026-06-27", "scene_id": "S2B_MSIL2A_20260627T020649_R103_T52TGN_20260627T041901", "scene_datetime_utc": "2026-06-27T02:06:49.024000+00:00", "detection_status": "detected", "detection_status_ru": "обнаружено", "lon": 131.9679, "lat": 43.05767, "n_pixels": 2, "zone_area_km2": 0.0008, "cover_m2": 9.4, "p_mean": 0.847, "p_max": 0.902, "cover_m2_km2": 11750.0, "h3": "88316c08e7fffff", "valid_frac_scene": 0.998, "wind_ms": 2.0, "sea": "спокойное", "scene_reliable": true, "field_event_id": "S4:DOORS3:T23", "field_profile": "B", "field_date": "2024-06-10", "field_distance_km": 6991.7, "field_date_gap_days": 747, "field_conc_items_km2": 102.37, "conc_A_items_km2": null, "conc_A_lo80": null, "conc_A_hi80": null, "conc_A_lo95": null, "conc_A_hi95": null, "conc_A_status": "unavailable", "conc_A_status_ru": "концентрация недоступна", "conc_A_reasons": "вне бассейна профиля: nw_atlantic_subtropical", "conc_A_model": "conc-A-c6bce5631d2b", "conc_B_items_km2": null, "conc_B_lo80": null, "conc_B_hi80": null, "conc_B_lo95": null, "conc_B_hi95": null, "conc_B_status": "unavailable", "conc_B_status_ru": "концентрация недоступна", "conc_B_reasons": "вне бассейна профиля: black_sea", "conc_B_model": "conc-B-c6bce5631d2b"}}, {"type": "Feature", "geometry": {"type": "Polygon", "coordinates": [[[131.94813890609296, 43.05777875225911], [131.9481345939663, 43.057688821674475], [131.9480119550332, 43.05769198366517], [131.94800764310514, 43.057602053068905], [131.94813028185953, 43.057598891088084], [131.94812596977258, 43.05750896049993], [131.94837124686424, 43.05750263616436], [131.94837555930872, 43.05759256673275], [131.94849819800353, 43.057589404358225], [131.94850251064656, 43.057679334914965], [131.948379871773, 43.057682497299375], [131.94838418425712, 43.05777242786424], [131.94813890609296, 43.05777875225911]]]}, "properties": {"zone_id": "vladivostok-2026-06-27-180", "aoi": "vladivostok", "date": "2026-06-27", "scene_id": "S2B_MSIL2A_20260627T020649_R103_T52TGN_20260627T041901", "scene_datetime_utc": "2026-06-27T02:06:49.024000+00:00", "detection_status": "detected", "detection_status_ru": "обнаружено", "lon": 131.94826, "lat": 43.05764, "n_pixels": 2, "zone_area_km2": 0.0008, "cover_m2": 7.1, "p_mean": 0.637, "p_max": 0.682, "cover_m2_km2": 8875.0, "h3": "88316c09d1fffff", "valid_frac_scene": 0.998, "wind_ms": 2.0, "sea": "спокойное", "scene_reliable": true, "field_event_id": "S4:DOORS3:T23", "field_profile": "B", "field_date": "2024-06-10", "field_distance_km": 6990.4, "field_date_gap_days": 747, "field_conc_items_km2": 102.37, "conc_A_items_km2": null, "conc_A_lo80": null, "conc_A_hi80": null, "conc_A_lo95": null, "conc_A_hi95": null, "conc_A_status": "unavailable", "conc_A_status_ru": "концентрация недоступна", "conc_A_reasons": "вне бассейна профиля: nw_atlantic_subtropical", "conc_A_model": "conc-A-c6bce5631d2b", "conc_B_items_km2": null, "conc_B_lo80": null, "conc_B_hi80": null, "conc_B_lo95": null, "conc_B_hi95": null, "conc_B_status": "unavailable", "conc_B_status_ru": "концентрация недоступна", "conc_B_reasons": "вне бассейна профиля: black_sea", "conc_B_model": "conc-B-c6bce5631d2b"}}, {"type": "Feature", "geometry": {"type": "Polygon", "coordinates": [[[131.94506430704863, 43.057677901237206], [131.94505999943033, 43.057587970402096], [131.9449373603588, 43.05759112909211], [131.94493305293906, 43.05750119824537], [131.9450556918318, 43.05749803956523], [131.94505138425316, 43.05740810872662], [131.94530096955788, 43.05749172181127], [131.94530527751385, 43.05758165262841], [131.94518263848198, 43.05758481158087], [131.94518694627908, 43.05767474240609], [131.94506430704863, 43.057677901237206]]]}, "properties": {"zone_id": "vladivostok-2026-06-27-181", "aoi": "vladivostok", "date": "2026-06-27", "scene_id": "S2B_MSIL2A_20260627T020649_R103_T52TGN_20260627T041901", "scene_datetime_utc": "2026-06-27T02:06:49.024000+00:00", "detection_status": "detected", "detection_status_ru": "обнаружено", "lon": 131.94512, "lat": 43.05754, "n_pixels": 1, "zone_area_km2": 0.0005, "cover_m2": 5.1, "p_mean": 0.588, "p_max": 0.588, "cover_m2_km2": 10200.0, "h3": "88316c09d5fffff", "valid_frac_scene": 0.998, "wind_ms": 2.0, "sea": "спокойное", "scene_reliable": true, "field_event_id": "S4:DOORS3:T23", "field_profile": "B", "field_date": "2024-06-10", "field_distance_km": 6990.2, "field_date_gap_days": 747, "field_conc_items_km2": 102.37, "conc_A_items_km2": null, "conc_A_lo80": null, "conc_A_hi80": null, "conc_A_lo95": null, "conc_A_hi95": null, "conc_A_status": "unavailable", "conc_A_status_ru": "концентрация недоступна", "conc_A_reasons": "вне бассейна профиля: nw_atlantic_subtropical", "conc_A_model": "conc-A-c6bce5631d2b", "conc_B_items_km2": null, "conc_B_lo80": null, "conc_B_hi80": null, "conc_B_lo95": null, "conc_B_hi95": null, "conc_B_status": "unavailable", "conc_B_status_ru": "концентрация недоступна", "conc_B_reasons": "вне бассейна профиля: black_sea", "conc_B_model": "conc-B-c6bce5631d2b"}}, {"type": "Feature", "geometry": {"type": "Polygon", "coordinates": [[[131.9407461136233, 43.05724879053666], [131.94074181238, 43.0571588593457], [131.94061917368757, 43.057162013383184], [131.94061487264278, 43.057072082180596], [131.94073751115647, 43.057068928152965], [131.9407332099527, 43.05697899695847], [131.9409827881244, 43.057062619704006], [131.9409870897054, 43.05715255087702], [131.9408644510526, 43.057155705176974], [131.94086875247467, 43.05724563635808], [131.9407461136233, 43.05724879053666]]]}, "properties": {"zone_id": "vladivostok-2026-06-27-182", "aoi": "vladivostok", "date": "2026-06-27", "scene_id": "S2B_MSIL2A_20260627T020649_R103_T52TGN_20260627T041901", "scene_datetime_utc": "2026-06-27T02:06:49.024000+00:00", "detection_status": "detected", "detection_status_ru": "обнаружено", "lon": 131.9408, "lat": 43.05711, "n_pixels": 1, "zone_area_km2": 0.0005, "cover_m2": 5.1, "p_mean": 0.698, "p_max": 0.698, "cover_m2_km2": 10200.0, "h3": "88316c09d5fffff", "valid_frac_scene": 0.998, "wind_ms": 2.0, "sea": "спокойное", "scene_reliable": true, "field_event_id": "S4:DOORS3:T23", "field_profile": "B", "field_date": "2024-06-10", "field_distance_km": 6989.9, "field_date_gap_days": 747, "field_conc_items_km2": 102.37, "conc_A_items_km2": null, "conc_A_lo80": null, "conc_A_hi80": null, "conc_A_lo95": null, "conc_A_hi95": null, "conc_A_status": "unavailable", "conc_A_status_ru": "концентрация недоступна", "conc_A_reasons": "вне бассейна профиля: nw_atlantic_subtropical", "conc_A_model": "conc-A-c6bce5631d2b", "conc_B_items_km2": null, "conc_B_lo80": null, "conc_B_hi80": null, "conc_B_lo95": null, "conc_B_hi95": null, "conc_B_status": "unavailable", "conc_B_status_ru": "концентрация недоступна", "conc_B_reasons": "вне бассейна профиля: black_sea", "conc_B_model": "conc-B-c6bce5631d2b"}}, {"type": "Feature", "geometry": {"type": "Polygon", "coordinates": [[[131.93803086476134, 43.05695842362056], [131.93802656752956, 43.05686849220577], [131.93790392911683, 43.05687164331662], [131.93789963208357, 43.05678171189021], [131.93802227031756, 43.05677856078921], [131.9380179731253, 43.05668862937089], [131.93826754672622, 43.0567722581935], [131.9382718442957, 43.05686218959037], [131.93814920592254, 43.0568653409637], [131.93815350333307, 43.056955272368626], [131.93803086476134, 43.05695842362056]]]}, "properties": {"zone_id": "vladivostok-2026-06-27-183", "aoi": "vladivostok", "date": "2026-06-27", "scene_id": "S2B_MSIL2A_20260627T020649_R103_T52TGN_20260627T041901", "scene_datetime_utc": "2026-06-27T02:06:49.024000+00:00", "detection_status": "detected", "detection_status_ru": "обнаружено", "lon": 131.93809, "lat": 43.05682, "n_pixels": 1, "zone_area_km2": 0.0005, "cover_m2": 7.8, "p_mean": 0.643, "p_max": 0.643, "cover_m2_km2": 15600.0, "h3": "88316c0989fffff", "valid_frac_scene": 0.998, "wind_ms": 2.0, "sea": "спокойное", "scene_reliable": true, "field_event_id": "S4:DOORS3:T23", "field_profile": "B", "field_date": "2024-06-10", "field_distance_km": 6989.7, "field_date_gap_days": 747, "field_conc_items_km2": 102.37, "conc_A_items_km2": null, "conc_A_lo80": null, "conc_A_hi80": null, "conc_A_lo95": null, "conc_A_hi95": null, "conc_A_status": "unavailable", "conc_A_status_ru": "концентрация недоступна", "conc_A_reasons": "вне бассейна профиля: nw_atlantic_subtropical", "conc_A_model": "conc-A-c6bce5631d2b", "conc_B_items_km2": null, "conc_B_lo80": null, "conc_B_hi80": null, "conc_B_lo95": null, "conc_B_hi95": null, "conc_B_status": "unavailable", "conc_B_status_ru": "концентрация недоступна", "conc_B_reasons": "вне бассейна профиля: black_sea", "conc_B_model": "conc-B-c6bce5631d2b"}}, {"type": "Feature", "geometry": {"type": "Polygon", "coordinates": [[[131.94047073007602, 43.05662557998829], [131.94046642932872, 43.05653564876526], [131.94034379184794, 43.05653880247126], [131.94033949129917, 43.05644887123662], [131.94046212860124, 43.056445717540456], [131.94045782789357, 43.0563557863139], [131.940707403146, 43.05643940975444], [131.94071170423095, 43.05652934095952], [131.94058906678973, 43.05653249492801], [131.94059336771573, 43.05662242614119], [131.94047073007602, 43.05662557998829]]]}, "properties": {"zone_id": "vladivostok-2026-06-27-184", "aoi": "vladivostok", "date": "2026-06-27", "scene_id": "S2B_MSIL2A_20260627T020649_R103_T52TGN_20260627T041901", "scene_datetime_utc": "2026-06-27T02:06:49.024000+00:00", "detection_status": "detected", "detection_status_ru": "обнаружено", "lon": 131.94053, "lat": 43.05649, "n_pixels": 1, "zone_area_km2": 0.0005, "cover_m2": 5.5, "p_mean": 0.627, "p_max": 0.627, "cover_m2_km2": 11000.0, "h3": "88316c09d5fffff", "valid_frac_scene": 0.998, "wind_ms": 2.0, "sea": "спокойное", "scene_reliable": true, "field_event_id": "S4:DOORS3:T23", "field_profile": "B", "field_date": "2024-06-10", "field_distance_km": 6989.9, "field_date_gap_days": 747, "field_conc_items_km2": 102.37, "conc_A_items_km2": null, "conc_A_lo80": null, "conc_A_hi80": null, "conc_A_lo95": null, "conc_A_hi95": null, "conc_A_status": "unavailable", "conc_A_status_ru": "концентрация недоступна", "conc_A_reasons": "вне бассейна профиля: nw_atlantic_subtropical", "conc_A_model": "conc-A-c6bce5631d2b", "conc_B_items_km2": null, "conc_B_lo80": null, "conc_B_hi80": null, "conc_B_lo95": null, "conc_B_hi95": null, "conc_B_status": "unavailable", "conc_B_status_ru": "концентрация недоступна", "conc_B_reasons": "вне бассейна профиля: black_sea", "conc_B_model": "conc-B-c6bce5631d2b"}}, {"type": "Feature", "geometry": {"type": "Polygon", "coordinates": [[[131.94464470556179, 43.05660820645002], [131.94464039871758, 43.05651827556413], [131.9445177617315, 43.056521433741956], [131.94451345508588, 43.05643150284443], [131.94463609189322, 43.05642834467646], [131.94463178508866, 43.056338413787024], [131.94488136544842, 43.05642202794683], [131.94488567263028, 43.05651195881475], [131.94476303568385, 43.05651511725506], [131.9447673427068, 43.05660504813108], [131.94464470556179, 43.05660820645002]]]}, "properties": {"zone_id": "vladivostok-2026-06-27-185", "aoi": "vladivostok", "date": "2026-06-27", "scene_id": "S2B_MSIL2A_20260627T020649_R103_T52TGN_20260627T041901", "scene_datetime_utc": "2026-06-27T02:06:49.024000+00:00", "detection_status": "detected", "detection_status_ru": "обнаружено", "lon": 131.9447, "lat": 43.05647, "n_pixels": 1, "zone_area_km2": 0.0005, "cover_m2": 3.9, "p_mean": 0.898, "p_max": 0.898, "cover_m2_km2": 7800.0, "h3": "88316c09d5fffff", "valid_frac_scene": 0.998, "wind_ms": 2.0, "sea": "спокойное", "scene_reliable": true, "field_event_id": "S4:DOORS3:T23", "field_profile": "B", "field_date": "2024-06-10", "field_distance_km": 6990.2, "field_date_gap_days": 747, "field_conc_items_km2": 102.37, "conc_A_items_km2": null, "conc_A_lo80": null, "conc_A_hi80": null, "conc_A_lo95": null, "conc_A_hi95": null, "conc_A_status": "unavailable", "conc_A_status_ru": "концентрация недоступна", "conc_A_reasons": "вне бассейна профиля: nw_atlantic_subtropical", "conc_A_model": "conc-A-c6bce5631d2b", "conc_B_items_km2": null, "conc_B_lo80": null, "conc_B_hi80": null, "conc_B_lo95": null, "conc_B_hi95": null, "conc_B_status": "unavailable", "conc_B_status_ru": "концентрация недоступна", "conc_B_reasons": "вне бассейна профиля: black_sea", "conc_B_model": "conc-B-c6bce5631d2b"}}, {"type": "Feature", "geometry": {"type": "Polygon", "coordinates": [[[131.94512663892436, 43.05641571069227], [131.94512233140486, 43.056325779842325], [131.9448727511442, 43.05624216620569], [131.9448684440218, 43.056152235332476], [131.94499108023348, 43.05614907680042], [131.9449867729522, 43.05605914593531], [131.9452320449586, 43.05605282849726], [131.94523635259736, 43.05614275934263], [131.94535898874958, 43.05613960041689], [131.94536760444402, 43.05631946208258], [131.94512663892436, 43.05641571069227]]]}, "properties": {"zone_id": "vladivostok-2026-06-27-186", "aoi": "vladivostok", "date": "2026-06-27", "scene_id": "S2B_MSIL2A_20260627T020649_R103_T52TGN_20260627T041901", "scene_datetime_utc": "2026-06-27T02:06:49.024000+00:00", "detection_status": "detected", "detection_status_ru": "обнаружено", "lon": 131.94514, "lat": 43.05622, "n_pixels": 3, "zone_area_km2": 0.001, "cover_m2": 18.4, "p_mean": 0.705, "p_max": 0.953, "cover_m2_km2": 18400.0, "h3": "88316c09d5fffff", "valid_frac_scene": 0.998, "wind_ms": 2.0, "sea": "спокойное", "scene_reliable": true, "field_event_id": "S4:DOORS3:T23", "field_profile": "B", "field_date": "2024-06-10", "field_distance_km": 6990.2, "field_date_gap_days": 747, "field_conc_items_km2": 102.37, "conc_A_items_km2": null, "conc_A_lo80": null, "conc_A_hi80": null, "conc_A_lo95": null, "conc_A_hi95": null, "conc_A_status": "unavailable", "conc_A_status_ru": "концентрация недоступна", "conc_A_reasons": "вне бассейна профиля: nw_atlantic_subtropical", "conc_A_model": "conc-A-c6bce5631d2b", "conc_B_items_km2": null, "conc_B_lo80": null, "conc_B_hi80": null, "conc_B_lo95": null, "conc_B_hi95": null, "conc_B_status": "unavailable", "conc_B_status_ru": "концентрация недоступна", "conc_B_reasons": "вне бассейна профиля: black_sea", "conc_B_model": "conc-B-c6bce5631d2b"}}, {"type": "Feature", "geometry": {"type": "Polygon", "coordinates": [[[131.7882015496851, 43.05638791436754], [131.78819747150177, 43.05629797115887], [131.78807481815574, 43.05630096166866], [131.78806666220305, 43.05612107522742], [131.78830788985516, 43.05602515090945], [131.78831196816103, 43.05611509411397], [131.78843462111186, 43.0561121033603], [131.78844277813755, 43.05629198974543], [131.7882015496851, 43.05638791436754]]]}, "properties": {"zone_id": "vladivostok-2026-06-27-187", "aoi": "vladivostok", "date": "2026-06-27", "scene_id": "S2B_MSIL2A_20260627T020649_R103_T52TGN_20260627T041901", "scene_datetime_utc": "2026-06-27T02:06:49.024000+00:00", "detection_status": "detected", "detection_status_ru": "обнаружено", "lon": 131.78825, "lat": 43.05621, "n_pixels": 2, "zone_area_km2": 0.0008, "cover_m2": 6.3, "p_mean": 0.741, "p_max": 0.831, "cover_m2_km2": 7875.0, "h3": "88316c446bfffff", "valid_frac_scene": 0.998, "wind_ms": 2.0, "sea": "спокойное", "scene_reliable": true, "field_event_id": "S4:DOORS3:T23", "field_profile": "B", "field_date": "2024-06-10", "field_distance_km": 6979.7, "field_date_gap_days": 747, "field_conc_items_km2": 102.37, "conc_A_items_km2": null, "conc_A_lo80": null, "conc_A_hi80": null, "conc_A_lo95": null, "conc_A_hi95": null, "conc_A_status": "unavailable", "conc_A_status_ru": "концентрация недоступна", "conc_A_reasons": "вне бассейна профиля: nw_atlantic_subtropical", "conc_A_model": "conc-A-c6bce5631d2b", "conc_B_items_km2": null, "conc_B_lo80": null, "conc_B_hi80": null, "conc_B_lo95": null, "conc_B_hi95": null, "conc_B_status": "unavailable", "conc_B_status_ru": "концентрация недоступна", "conc_B_reasons": "вне бассейна профиля: black_sea", "conc_B_model": "conc-B-c6bce5631d2b"}}, {"type": "Feature", "geometry": {"type": "Polygon", "coordinates": [[[131.91279155258678, 43.0555331898755], [131.9127872924509, 43.05544325640988], [131.9126646541124, 43.05544638039128], [131.91266039417488, 43.05535644691413], [131.91278303233463, 43.0553533229425], [131.912778772238, 43.05526338947336], [131.91302830859536, 43.05534707460552], [131.91303256906912, 43.055437008053374], [131.9129099307698, 43.05544013229725], [131.91291419108444, 43.0555300657531], [131.91279155258678, 43.0555331898755]]]}, "properties": {"zone_id": "vladivostok-2026-06-27-188", "aoi": "vladivostok", "date": "2026-06-27", "scene_id": "S2B_MSIL2A_20260627T020649_R103_T52TGN_20260627T041901", "scene_datetime_utc": "2026-06-27T02:06:49.024000+00:00", "detection_status": "detected", "detection_status_ru": "обнаружено", "lon": 131.91285, "lat": 43.0554, "n_pixels": 1, "zone_area_km2": 0.0005, "cover_m2": 6.3, "p_mean": 0.863, "p_max": 0.863, "cover_m2_km2": 12600.0, "h3": "88316c09e3fffff", "valid_frac_scene": 0.998, "wind_ms": 2.0, "sea": "спокойное", "scene_reliable": true, "field_event_id": "S4:DOORS3:T23", "field_profile": "B", "field_date": "2024-06-10", "field_distance_km": 6988.1, "field_date_gap_days": 747, "field_conc_items_km2": 102.37, "conc_A_items_km2": null, "conc_A_lo80": null, "conc_A_hi80": null, "conc_A_lo95": null, "conc_A_hi95": null, "conc_A_status": "unavailable", "conc_A_status_ru": "концентрация недоступна", "conc_A_reasons": "вне бассейна профиля: nw_atlantic_subtropical", "conc_A_model": "conc-A-c6bce5631d2b", "conc_B_items_km2": null, "conc_B_lo80": null, "conc_B_hi80": null, "conc_B_lo95": null, "conc_B_hi95": null, "conc_B_status": "unavailable", "conc_B_status_ru": "концентрация недоступна", "conc_B_reasons": "вне бассейна профиля: black_sea", "conc_B_model": "conc-B-c6bce5631d2b"}}, {"type": "Feature", "geometry": {"type": "Polygon", "coordinates": [[[131.9507031729379, 43.054921312841174], [131.95069885749464, 43.05483138241929], [131.95057622453896, 43.05483454699057], [131.95057190929427, 43.054744616557024], [131.9506945420712, 43.054741451995625], [131.95069022666766, 43.05465152157019], [131.9509398075655, 43.054735122479165], [131.95094412334637, 43.05482505288305], [131.9508214904304, 43.05482821771678], [131.95082580605242, 43.054918148128785], [131.9507031729379, 43.054921312841174]]]}, "properties": {"zone_id": "vladivostok-2026-06-27-189", "aoi": "vladivostok", "date": "2026-06-27", "scene_id": "S2B_MSIL2A_20260627T020649_R103_T52TGN_20260627T041901", "scene_datetime_utc": "2026-06-27T02:06:49.024000+00:00", "detection_status": "detected", "detection_status_ru": "обнаружено", "lon": 131.95076, "lat": 43.05478, "n_pixels": 1, "zone_area_km2": 0.0005, "cover_m2": 5.5, "p_mean": 0.941, "p_max": 0.941, "cover_m2_km2": 11000.0, "h3": "88316c09d1fffff", "valid_frac_scene": 0.998, "wind_ms": 2.0, "sea": "спокойное", "scene_reliable": true, "field_event_id": "S4:DOORS3:T23", "field_profile": "B", "field_date": "2024-06-10", "field_distance_km": 6990.7, "field_date_gap_days": 747, "field_conc_items_km2": 102.37, "conc_A_items_km2": null, "conc_A_lo80": null, "conc_A_hi80": null, "conc_A_lo95": null, "conc_A_hi95": null, "conc_A_status": "unavailable", "conc_A_status_ru": "концентрация недоступна", "conc_A_reasons": "вне бассейна профиля: nw_atlantic_subtropical", "conc_A_model": "conc-A-c6bce5631d2b", "conc_B_items_km2": null, "conc_B_lo80": null, "conc_B_hi80": null, "conc_B_lo95": null, "conc_B_hi95": null, "conc_B_status": "unavailable", "conc_B_status_ru": "концентрация недоступна", "conc_B_reasons": "вне бассейна профиля: black_sea", "conc_B_model": "conc-B-c6bce5631d2b"}}, {"type": "Feature", "geometry": {"type": "Polygon", "coordinates": [[[131.91276173204744, 43.05490365557923], [131.9127574720488, 43.0548137221013], [131.91263483496152, 43.05481684601435], [131.91263057516127, 43.054726912524906], [131.91275321206982, 43.05472378862161], [131.9127489521104, 43.054633855140175], [131.91299422551123, 43.05462760695942], [131.9129984858281, 43.05471754042134], [131.91312112267784, 43.05471441612434], [131.9131253831931, 43.05480434957473], [131.91300274616458, 43.054807473881496], [131.91300700652073, 43.054897407339894], [131.91276173204744, 43.05490365557923]]]}, "properties": {"zone_id": "vladivostok-2026-06-27-190", "aoi": "vladivostok", "date": "2026-06-27", "scene_id": "S2B_MSIL2A_20260627T020649_R103_T52TGN_20260627T041901", "scene_datetime_utc": "2026-06-27T02:06:49.024000+00:00", "detection_status": "detected", "detection_status_ru": "обнаружено", "lon": 131.91288, "lat": 43.05477, "n_pixels": 2, "zone_area_km2": 0.0008, "cover_m2": 13.3, "p_mean": 0.757, "p_max": 0.835, "cover_m2_km2": 16625.0, "h3": "88316c09e3fffff", "valid_frac_scene": 0.998, "wind_ms": 2.0, "sea": "спокойное", "scene_reliable": true, "field_event_id": "S4:DOORS3:T23", "field_profile": "B", "field_date": "2024-06-10", "field_distance_km": 6988.2, "field_date_gap_days": 747, "field_conc_items_km2": 102.37, "conc_A_items_km2": null, "conc_A_lo80": null, "conc_A_hi80": null, "conc_A_lo95": null, "conc_A_hi95": null, "conc_A_status": "unavailable", "conc_A_status_ru": "концентрация недоступна", "conc_A_reasons": "вне бассейна профиля: nw_atlantic_subtropical", "conc_A_model": "conc-A-c6bce5631d2b", "conc_B_items_km2": null, "conc_B_lo80": null, "conc_B_hi80": null, "conc_B_lo95": null, "conc_B_hi95": null, "conc_B_status": "unavailable", "conc_B_status_ru": "концентрация недоступна", "conc_B_reasons": "вне бассейна профиля: black_sea", "conc_B_model": "conc-B-c6bce5631d2b"}}, {"type": "Feature", "geometry": {"type": "Polygon", "coordinates": [[[131.90502704857326, 43.0549203382212], [131.90502279987473, 43.054830404125454], [131.9047732756069, 43.05474670112827], [131.90476902730498, 43.05465676700952], [131.9048916649304, 43.05465365153471], [131.90488741646925, 43.054563717423946], [131.90513269130398, 43.05455748610007], [131.9051369401226, 43.05464742019137], [131.90525957768938, 43.05464430432283], [131.90526807574278, 43.054824172480686], [131.90502704857326, 43.0549203382212]]]}, "properties": {"zone_id": "vladivostok-2026-06-27-191", "aoi": "vladivostok", "date": "2026-06-27", "scene_id": "S2B_MSIL2A_20260627T020649_R103_T52TGN_20260627T041901", "scene_datetime_utc": "2026-06-27T02:06:49.024000+00:00", "detection_status": "detected", "detection_status_ru": "обнаружено", "lon": 131.90504, "lat": 43.05472, "n_pixels": 3, "zone_area_km2": 0.001, "cover_m2": 22.0, "p_mean": 0.675, "p_max": 0.851, "cover_m2_km2": 22000.0, "h3": "88316c09e7fffff", "valid_frac_scene": 0.998, "wind_ms": 2.0, "sea": "спокойное", "scene_reliable": true, "field_event_id": "S4:DOORS3:T23", "field_profile": "B", "field_date": "2024-06-10", "field_distance_km": 6987.6, "field_date_gap_days": 747, "field_conc_items_km2": 102.37, "conc_A_items_km2": null, "conc_A_lo80": null, "conc_A_hi80": null, "conc_A_lo95": null, "conc_A_hi95": null, "conc_A_status": "unavailable", "conc_A_status_ru": "концентрация недоступна", "conc_A_reasons": "вне бассейна профиля: nw_atlantic_subtropical", "conc_A_model": "conc-A-c6bce5631d2b", "conc_B_items_km2": null, "conc_B_lo80": null, "conc_B_hi80": null, "conc_B_lo95": null, "conc_B_hi95": null, "conc_B_status": "unavailable", "conc_B_status_ru": "концентрация недоступна", "conc_B_reasons": "вне бассейна профиля: black_sea", "conc_B_model": "conc-B-c6bce5631d2b"}}, {"type": "Feature", "geometry": {"type": "Polygon", "coordinates": [[[131.90919673376473, 43.05481432853462], [131.90919247898884, 43.0547243947702], [131.90906984169078, 43.054727514857845], [131.90906558711322, 43.054637581081906], [131.90918822423254, 43.054634461004], [131.9091839694958, 43.05454452723606], [131.9094334984124, 43.0546282204545], [131.9094377535262, 43.05471815420118], [131.90931511626732, 43.054721274551305], [131.90931937122195, 43.054811208305985], [131.90919673376473, 43.05481432853462]]]}, "properties": {"zone_id": "vladivostok-2026-06-27-192", "aoi": "vladivostok", "date": "2026-06-27", "scene_id": "S2B_MSIL2A_20260627T020649_R103_T52TGN_20260627T041901", "scene_datetime_utc": "2026-06-27T02:06:49.024000+00:00", "detection_status": "detected", "detection_status_ru": "обнаружено", "lon": 131.90925, "lat": 43.05468, "n_pixels": 1, "zone_area_km2": 0.0005, "cover_m2": 4.3, "p_mean": 0.812, "p_max": 0.812, "cover_m2_km2": 8600.0, "h3": "88316c09e7fffff", "valid_frac_scene": 0.998, "wind_ms": 2.0, "sea": "спокойное", "scene_reliable": true, "field_event_id": "S4:DOORS3:T23", "field_profile": "B", "field_date": "2024-06-10", "field_distance_km": 6987.9, "field_date_gap_days": 747, "field_conc_items_km2": 102.37, "conc_A_items_km2": null, "conc_A_lo80": null, "conc_A_hi80": null, "conc_A_lo95": null, "conc_A_hi95": null, "conc_A_status": "unavailable", "conc_A_status_ru": "концентрация недоступна", "conc_A_reasons": "вне бассейна профиля: nw_atlantic_subtropical", "conc_A_model": "conc-A-c6bce5631d2b", "conc_B_items_km2": null, "conc_B_lo80": null, "conc_B_hi80": null, "conc_B_lo95": null, "conc_B_hi95": null, "conc_B_status": "unavailable", "conc_B_status_ru": "концентрация недоступна", "conc_B_reasons": "вне бассейна профиля: black_sea", "conc_B_model": "conc-B-c6bce5631d2b"}}, {"type": "Feature", "geometry": {"type": "Polygon", "coordinates": [[[131.78676676327973, 43.05453199295293], [131.78676268745755, 43.054442049605136], [131.78664003766042, 43.05444503847455], [131.7866359620358, 43.05435509511567], [131.78638658749466, 43.054271129062705], [131.78637843705454, 43.05409124229894], [131.78650108617396, 43.05408825372945], [131.7864970108032, 43.05399831035431], [131.7867463843565, 43.054082276196624], [131.7867504601036, 43.05417221955135], [131.78687310934555, 43.05416923057868], [131.78687718529025, 43.054259173922325], [131.78699983469227, 43.05425618480903], [131.78700798699558, 43.05443607147246], [131.78676676327973, 43.05453199295293]]]}, "properties": {"zone_id": "vladivostok-2026-06-27-193", "aoi": "vladivostok", "date": "2026-06-27", "scene_id": "S2B_MSIL2A_20260627T020649_R103_T52TGN_20260627T041901", "scene_datetime_utc": "2026-06-27T02:06:49.024000+00:00", "detection_status": "detected", "detection_status_ru": "обнаружено", "lon": 131.78669, "lat": 43.05427, "n_pixels": 5, "zone_area_km2": 0.0016, "cover_m2": 21.6, "p_mean": 0.712, "p_max": 0.851, "cover_m2_km2": 13500.0, "h3": "88316c446bfffff", "valid_frac_scene": 0.998, "wind_ms": 2.0, "sea": "спокойное", "scene_reliable": true, "field_event_id": "S4:DOORS3:T23", "field_profile": "B", "field_date": "2024-06-10", "field_distance_km": 6979.7, "field_date_gap_days": 747, "field_conc_items_km2": 102.37, "conc_A_items_km2": null, "conc_A_lo80": null, "conc_A_hi80": null, "conc_A_lo95": null, "conc_A_hi95": null, "conc_A_status": "unavailable", "conc_A_status_ru": "концентрация недоступна", "conc_A_reasons": "вне бассейна профиля: nw_atlantic_subtropical", "conc_A_model": "conc-A-c6bce5631d2b", "conc_B_items_km2": null, "conc_B_lo80": null, "conc_B_hi80": null, "conc_B_lo95": null, "conc_B_hi95": null, "conc_B_status": "unavailable", "conc_B_status_ru": "концентрация недоступна", "conc_B_reasons": "вне бассейна профиля: black_sea", "conc_B_model": "conc-B-c6bce5631d2b"}}, {"type": "Feature", "geometry": {"type": "Polygon", "coordinates": [[[131.912490899943, 43.054370302282514], [131.9124866404195, 43.054280368774506], [131.91236400436546, 43.05428349236651], [131.91235548573474, 43.054103625325695], [131.91259649746488, 43.054007444545995], [131.91260075710832, 43.054097378049526], [131.91272339276568, 43.054094254214576], [131.91273191246884, 43.054274121196805], [131.912490899943, 43.054370302282514]]]}, "properties": {"zone_id": "vladivostok-2026-06-27-194", "aoi": "vladivostok", "date": "2026-06-27", "scene_id": "S2B_MSIL2A_20260627T020649_R103_T52TGN_20260627T041901", "scene_datetime_utc": "2026-06-27T02:06:49.024000+00:00", "detection_status": "detected", "detection_status_ru": "обнаружено", "lon": 131.91254, "lat": 43.05419, "n_pixels": 2, "zone_area_km2": 0.0008, "cover_m2": 11.0, "p_mean": 0.867, "p_max": 0.867, "cover_m2_km2": 13750.0, "h3": "88316c09e3fffff", "valid_frac_scene": 0.998, "wind_ms": 2.0, "sea": "спокойное", "scene_reliable": true, "field_event_id": "S4:DOORS3:T23", "field_profile": "B", "field_date": "2024-06-10", "field_distance_km": 6988.2, "field_date_gap_days": 747, "field_conc_items_km2": 102.37, "conc_A_items_km2": null, "conc_A_lo80": null, "conc_A_hi80": null, "conc_A_lo95": null, "conc_A_hi95": null, "conc_A_status": "unavailable", "conc_A_status_ru": "концентрация недоступна", "conc_A_reasons": "вне бассейна профиля: nw_atlantic_subtropical", "conc_A_model": "conc-A-c6bce5631d2b", "conc_B_items_km2": null, "conc_B_lo80": null, "conc_B_hi80": null, "conc_B_lo95": null, "conc_B_hi95": null, "conc_B_status": "unavailable", "conc_B_status_ru": "концентрация недоступна", "conc_B_reasons": "вне бассейна профиля: black_sea", "conc_B_model": "conc-B-c6bce5631d2b"}}, {"type": "Feature", "geometry": {"type": "Polygon", "coordinates": [[[131.91187345995314, 43.054295985422144], [131.91186920134294, 43.05420605186358], [131.91174656536958, 43.054209174789634], [131.9117380485654, 43.05402930764768], [131.9119790610474, 43.05393312814929], [131.91198331977753, 43.05402306170338], [131.9121059553542, 43.05401993853437], [131.91211447323082, 43.054199805617756], [131.91187345995314, 43.054295985422144]]]}, "properties": {"zone_id": "vladivostok-2026-06-27-195", "aoi": "vladivostok", "date": "2026-06-27", "scene_id": "S2B_MSIL2A_20260627T020649_R103_T52TGN_20260627T041901", "scene_datetime_utc": "2026-06-27T02:06:49.024000+00:00", "detection_status": "detected", "detection_status_ru": "обнаружено", "lon": 131.91193, "lat": 43.05411, "n_pixels": 2, "zone_area_km2": 0.0008, "cover_m2": 13.3, "p_mean": 0.724, "p_max": 0.761, "cover_m2_km2": 16625.0, "h3": "88316c09e3fffff", "valid_frac_scene": 0.998, "wind_ms": 2.0, "sea": "спокойное", "scene_reliable": true, "field_event_id": "S4:DOORS3:T23", "field_profile": "B", "field_date": "2024-06-10", "field_distance_km": 6988.1, "field_date_gap_days": 747, "field_conc_items_km2": 102.37, "conc_A_items_km2": null, "conc_A_lo80": null, "conc_A_hi80": null, "conc_A_lo95": null, "conc_A_hi95": null, "conc_A_status": "unavailable", "conc_A_status_ru": "концентрация недоступна", "conc_A_reasons": "вне бассейна профиля: nw_atlantic_subtropical", "conc_A_model": "conc-A-c6bce5631d2b", "conc_B_items_km2": null, "conc_B_lo80": null, "conc_B_hi80": null, "conc_B_lo95": null, "conc_B_hi95": null, "conc_B_status": "unavailable", "conc_B_status_ru": "концентрация недоступна", "conc_B_reasons": "вне бассейна профиля: black_sea", "conc_B_model": "conc-B-c6bce5631d2b"}}, {"type": "Feature", "geometry": {"type": "Polygon", "coordinates": [[[131.95484243746415, 43.05418412836867], [131.95483811608375, 43.054094198270924], [131.9547154850548, 43.05409736723445], [131.95471116387301, 43.05400743712503], [131.9548337947232, 43.05400426817141], [131.9548294733826, 43.053914338070136], [131.95519736527785, 43.05390483045169], [131.9552016871546, 43.05399476052327], [131.95532431792526, 43.05399159104478], [131.9553286400006, 43.05408152110466], [131.95520600905124, 43.05408469059306], [131.95521033096776, 43.054174620661094], [131.95484243746415, 43.05418412836867]]]}, "properties": {"zone_id": "vladivostok-2026-06-27-196", "aoi": "vladivostok", "date": "2026-06-27", "scene_id": "S2B_MSIL2A_20260627T020649_R103_T52TGN_20260627T041901", "scene_datetime_utc": "2026-06-27T02:06:49.024000+00:00", "detection_status": "detected", "detection_status_ru": "обнаружено", "lon": 131.95502, "lat": 43.05404, "n_pixels": 3, "zone_area_km2": 0.0011, "cover_m2": 11.8, "p_mean": 0.846, "p_max": 0.894, "cover_m2_km2": 10727.3, "h3": "88316c09d1fffff", "valid_frac_scene": 0.998, "wind_ms": 2.0, "sea": "спокойное", "scene_reliable": true, "field_event_id": "S4:DOORS3:T23", "field_profile": "B", "field_date": "2024-06-10", "field_distance_km": 6991.0, "field_date_gap_days": 747, "field_conc_items_km2": 102.37, "conc_A_items_km2": null, "conc_A_lo80": null, "conc_A_hi80": null, "conc_A_lo95": null, "conc_A_hi95": null, "conc_A_status": "unavailable", "conc_A_status_ru": "концентрация недоступна", "conc_A_reasons": "вне бассейна профиля: nw_atlantic_subtropical", "conc_A_model": "conc-A-c6bce5631d2b", "conc_B_items_km2": null, "conc_B_lo80": null, "conc_B_hi80": null, "conc_B_lo95": null, "conc_B_hi95": null, "conc_B_status": "unavailable", "conc_B_status_ru": "концентрация недоступна", "conc_B_reasons": "вне бассейна профиля: black_sea", "conc_B_model": "conc-B-c6bce5631d2b"}}, {"type": "Feature", "geometry": {"type": "Polygon", "coordinates": [[[131.93677248674982, 43.05374924374808], [131.93676819183838, 43.05365931218117], [131.936645559682, 43.053662461756474], [131.93664126496907, 43.05357253017796], [131.93676389694676, 43.05356938061249], [131.9367596020749, 43.05347944904205], [131.93700916084285, 43.05356308108788], [131.9370134560919, 43.053653012636865], [131.93689082397503, 43.053656162474624], [131.93689511906516, 43.053746094031695], [131.93677248674982, 43.05374924374808]]]}, "properties": {"zone_id": "vladivostok-2026-06-27-197", "aoi": "vladivostok", "date": "2026-06-27", "scene_id": "S2B_MSIL2A_20260627T020649_R103_T52TGN_20260627T041901", "scene_datetime_utc": "2026-06-27T02:06:49.024000+00:00", "detection_status": "detected", "detection_status_ru": "обнаружено", "lon": 131.93683, "lat": 43.05361, "n_pixels": 1, "zone_area_km2": 0.0005, "cover_m2": 3.9, "p_mean": 0.51, "p_max": 0.51, "cover_m2_km2": 7800.0, "h3": "88316c0989fffff", "valid_frac_scene": 0.998, "wind_ms": 2.0, "sea": "спокойное", "scene_reliable": true, "field_event_id": "S4:DOORS3:T23", "field_profile": "B", "field_date": "2024-06-10", "field_distance_km": 6989.8, "field_date_gap_days": 747, "field_conc_items_km2": 102.37, "conc_A_items_km2": null, "conc_A_lo80": null, "conc_A_hi80": null, "conc_A_lo95": null, "conc_A_hi95": null, "conc_A_status": "unavailable", "conc_A_status_ru": "концентрация недоступна", "conc_A_reasons": "вне бассейна профиля: nw_atlantic_subtropical", "conc_A_model": "conc-A-c6bce5631d2b", "conc_B_items_km2": null, "conc_B_lo80": null, "conc_B_hi80": null, "conc_B_lo95": null, "conc_B_hi95": null, "conc_B_status": "unavailable", "conc_B_status_ru": "концентрация недоступна", "conc_B_reasons": "вне бассейна профиля: black_sea", "conc_B_model": "conc-B-c6bce5631d2b"}}, {"type": "Feature", "geometry": {"type": "Polygon", "coordinates": [[[131.77948566566505, 43.05371872920185], [131.7794816005991, 43.05362878528451], [131.7793589516635, 43.053631766305855], [131.7793548867951, 43.05354182237748], [131.77947753555188, 43.05353884136545], [131.77947347052336, 43.05344889744467], [131.7797228330093, 43.05353287894758], [131.77972689841417, 43.053622822848], [131.779604249516, 43.0536258041319], [131.77960831476074, 43.05371574803991], [131.77948566566505, 43.05371872920185]]]}, "properties": {"zone_id": "vladivostok-2026-06-27-198", "aoi": "vladivostok", "date": "2026-06-27", "scene_id": "S2B_MSIL2A_20260627T020649_R103_T52TGN_20260627T041901", "scene_datetime_utc": "2026-06-27T02:06:49.024000+00:00", "detection_status": "detected", "detection_status_ru": "обнаружено", "lon": 131.77954, "lat": 43.05358, "n_pixels": 1, "zone_area_km2": 0.0005, "cover_m2": 3.9, "p_mean": 0.58, "p_max": 0.58, "cover_m2_km2": 7800.0, "h3": "88316c4461fffff", "valid_frac_scene": 0.998, "wind_ms": 2.0, "sea": "спокойное", "scene_reliable": true, "field_event_id": "S4:DOORS3:T23", "field_profile": "B", "field_date": "2024-06-10", "field_distance_km": 6979.2, "field_date_gap_days": 747, "field_conc_items_km2": 102.37, "conc_A_items_km2": null, "conc_A_lo80": null, "conc_A_hi80": null, "conc_A_lo95": null, "conc_A_hi95": null, "conc_A_status": "unavailable", "conc_A_status_ru": "концентрация недоступна", "conc_A_reasons": "вне бассейна профиля: nw_atlantic_subtropical", "conc_A_model": "conc-A-c6bce5631d2b", "conc_B_items_km2": null, "conc_B_lo80": null, "conc_B_hi80": null, "conc_B_lo95": null, "conc_B_hi95": null, "conc_B_status": "unavailable", "conc_B_status_ru": "концентрация недоступна", "conc_B_reasons": "вне бассейна профиля: black_sea", "conc_B_model": "conc-B-c6bce5631d2b"}}, {"type": "Feature", "geometry": {"type": "Polygon", "coordinates": [[[131.93922512930013, 43.05368622448804], [131.93922083081443, 43.05359629311808], [131.93909819905352, 43.05359944531785], [131.9390939007663, 43.05350951393629], [131.93921653234852, 43.05350636174638], [131.93921223390237, 43.0534164303729], [131.93946179545355, 43.053500056972894], [131.93946609427692, 43.053589988324894], [131.93934346255557, 43.05359314078709], [131.93934776121998, 43.053683072147194], [131.93922512930013, 43.05368622448804]]]}, "properties": {"zone_id": "vladivostok-2026-06-27-199", "aoi": "vladivostok", "date": "2026-06-27", "scene_id": "S2B_MSIL2A_20260627T020649_R103_T52TGN_20260627T041901", "scene_datetime_utc": "2026-06-27T02:06:49.024000+00:00", "detection_status": "detected", "detection_status_ru": "обнаружено", "lon": 131.93928, "lat": 43.05355, "n_pixels": 1, "zone_area_km2": 0.0005, "cover_m2": 6.7, "p_mean": 0.925, "p_max": 0.925, "cover_m2_km2": 13400.0, "h3": "88316c098bfffff", "valid_frac_scene": 0.998, "wind_ms": 2.0, "sea": "спокойное", "scene_reliable": true, "field_event_id": "S4:DOORS3:T23", "field_profile": "B", "field_date": "2024-06-10", "field_distance_km": 6990.0, "field_date_gap_days": 747, "field_conc_items_km2": 102.37, "conc_A_items_km2": null, "conc_A_lo80": null, "conc_A_hi80": null, "conc_A_lo95": null, "conc_A_hi95": null, "conc_A_status": "unavailable", "conc_A_status_ru": "концентрация недоступна", "conc_A_reasons": "вне бассейна профиля: nw_atlantic_subtropical", "conc_A_model": "conc-A-c6bce5631d2b", "conc_B_items_km2": null, "conc_B_lo80": null, "conc_B_hi80": null, "conc_B_lo95": null, "conc_B_hi95": null, "conc_B_status": "unavailable", "conc_B_status_ru": "концентрация недоступна", "conc_B_reasons": "вне бассейна профиля: black_sea", "conc_B_model": "conc-B-c6bce5631d2b"}}, {"type": "Feature", "geometry": {"type": "Polygon", "coordinates": [[[131.96046180369817, 43.05358856551826], [131.9604574741969, 43.05349863586771], [131.96033484497718, 43.0535018108176], [131.96033051567454, 43.053411881155355], [131.96045314471556, 43.053408706215386], [131.96044881525418, 43.05331877656128], [131.96069840273785, 43.05340235594179], [131.96070273257655, 43.053492285574265], [131.9605801033967, 43.0534954607866], [131.96058443307663, 43.05358539042722], [131.96046180369817, 43.05358856551826]]]}, "properties": {"zone_id": "vladivostok-2026-06-27-200", "aoi": "vladivostok", "date": "2026-06-27", "scene_id": "S2B_MSIL2A_20260627T020649_R103_T52TGN_20260627T041901", "scene_datetime_utc": "2026-06-27T02:06:49.024000+00:00", "detection_status": "detected", "detection_status_ru": "обнаружено", "lon": 131.96052, "lat": 43.05345, "n_pixels": 1, "zone_area_km2": 0.0005, "cover_m2": 3.9, "p_mean": 0.941, "p_max": 0.941, "cover_m2_km2": 7800.0, "h3": "88316c09d3fffff", "valid_frac_scene": 0.998, "wind_ms": 2.0, "sea": "спокойное", "scene_reliable": true, "field_event_id": "S4:DOORS3:T23", "field_profile": "B", "field_date": "2024-06-10", "field_distance_km": 6991.5, "field_date_gap_days": 747, "field_conc_items_km2": 102.37, "conc_A_items_km2": null, "conc_A_lo80": null, "conc_A_hi80": null, "conc_A_lo95": null, "conc_A_hi95": null, "conc_A_status": "unavailable", "conc_A_status_ru": "концентрация недоступна", "conc_A_reasons": "вне бассейна профиля: nw_atlantic_subtropical", "conc_A_model": "conc-A-c6bce5631d2b", "conc_B_items_km2": null, "conc_B_lo80": null, "conc_B_hi80": null, "conc_B_lo95": null, "conc_B_hi95": null, "conc_B_status": "unavailable", "conc_B_status_ru": "концентрация недоступна", "conc_B_reasons": "вне бассейна профиля: black_sea", "conc_B_model": "conc-B-c6bce5631d2b"}}, {"type": "Feature", "geometry": {"type": "Polygon", "coordinates": [[[131.78524607945144, 43.0534885292008], [131.78524200600006, 43.05339858572016], [131.7851193581236, 43.05340157290217], [131.78511528486985, 43.053311629410466], [131.78523793256747, 43.05330864223779], [131.78523385915364, 43.05321869875369], [131.78548322790652, 43.05330266749861], [131.78548730169675, 43.053392610962305], [131.78536465385778, 43.05339559840687], [131.78536872748793, 43.05348554187818], [131.78524607945144, 43.0534885292008]]]}, "properties": {"zone_id": "vladivostok-2026-06-27-201", "aoi": "vladivostok", "date": "2026-06-27", "scene_id": "S2B_MSIL2A_20260627T020649_R103_T52TGN_20260627T041901", "scene_datetime_utc": "2026-06-27T02:06:49.024000+00:00", "detection_status": "detected", "detection_status_ru": "обнаружено", "lon": 131.7853, "lat": 43.05335, "n_pixels": 1, "zone_area_km2": 0.0005, "cover_m2": 9.0, "p_mean": 0.506, "p_max": 0.506, "cover_m2_km2": 18000.0, "h3": "88316c446bfffff", "valid_frac_scene": 0.998, "wind_ms": 2.0, "sea": "спокойное", "scene_reliable": true, "field_event_id": "S4:DOORS3:T23", "field_profile": "B", "field_date": "2024-06-10", "field_distance_km": 6979.6, "field_date_gap_days": 747, "field_conc_items_km2": 102.37, "conc_A_items_km2": null, "conc_A_lo80": null, "conc_A_hi80": null, "conc_A_lo95": null, "conc_A_hi95": null, "conc_A_status": "unavailable", "conc_A_status_ru": "концентрация недоступна", "conc_A_reasons": "вне бассейна профиля: nw_atlantic_subtropical", "conc_A_model": "conc-A-c6bce5631d2b", "conc_B_items_km2": null, "conc_B_lo80": null, "conc_B_hi80": null, "conc_B_lo95": null, "conc_B_hi95": null, "conc_B_status": "unavailable", "conc_B_status_ru": "концентрация недоступна", "conc_B_reasons": "вне бассейна профиля: black_sea", "conc_B_model": "conc-B-c6bce5631d2b"}}, {"type": "Feature", "geometry": {"type": "Polygon", "coordinates": [[[131.9355289901308, 43.05342100702268], [131.93552469708558, 43.0533310753503], [131.93540206544643, 43.05333422357402], [131.93539777259969, 43.05324429189003], [131.93552040406013, 43.05324114367615], [131.93551611105445, 43.05315121200023], [131.93576566692175, 43.05323484685473], [131.93576996030464, 43.05332477850919], [131.935647328705, 43.05332792699535], [131.9356516219289, 43.053417858657895], [131.9355289901308, 43.05342100702268]]]}, "properties": {"zone_id": "vladivostok-2026-06-27-202", "aoi": "vladivostok", "date": "2026-06-27", "scene_id": "S2B_MSIL2A_20260627T020649_R103_T52TGN_20260627T041901", "scene_datetime_utc": "2026-06-27T02:06:49.024000+00:00", "detection_status": "detected", "detection_status_ru": "обнаружено", "lon": 131.93558, "lat": 43.05328, "n_pixels": 1, "zone_area_km2": 0.0005, "cover_m2": 3.5, "p_mean": 0.992, "p_max": 0.992, "cover_m2_km2": 7000.0, "h3": "88316c0989fffff", "valid_frac_scene": 0.998, "wind_ms": 2.0, "sea": "спокойное", "scene_reliable": true, "field_event_id": "S4:DOORS3:T23", "field_profile": "B", "field_date": "2024-06-10", "field_distance_km": 6989.8, "field_date_gap_days": 747, "field_conc_items_km2": 102.37, "conc_A_items_km2": null, "conc_A_lo80": null, "conc_A_hi80": null, "conc_A_lo95": null, "conc_A_hi95": null, "conc_A_status": "unavailable", "conc_A_status_ru": "концентрация недоступна", "conc_A_reasons": "вне бассейна профиля: nw_atlantic_subtropical", "conc_A_model": "conc-A-c6bce5631d2b", "conc_B_items_km2": null, "conc_B_lo80": null, "conc_B_hi80": null, "conc_B_lo95": null, "conc_B_hi95": null, "conc_B_status": "unavailable", "conc_B_status_ru": "концентрация недоступна", "conc_B_reasons": "вне бассейна профиля: black_sea", "conc_B_model": "conc-B-c6bce5631d2b"}}, {"type": "Feature", "geometry": {"type": "Polygon", "coordinates": [[[131.91588206210136, 43.053383455728046], [131.91587779776953, 43.05329352247598], [131.915755164052, 43.053296649644786], [131.9157508999185, 43.05320671638118], [131.9158735334573, 43.05320358922216], [131.91586926916472, 43.05311365596657], [131.91611880047606, 43.05319733451041], [131.9161230651457, 43.053287267744686], [131.91600043146744, 43.05329039517595], [131.916004695978, 43.05338032841824], [131.91588206210136, 43.053383455728046]]]}, "properties": {"zone_id": "vladivostok-2026-06-27-203", "aoi": "vladivostok", "date": "2026-06-27", "scene_id": "S2B_MSIL2A_20260627T020649_R103_T52TGN_20260627T041901", "scene_datetime_utc": "2026-06-27T02:06:49.024000+00:00", "detection_status": "detected", "detection_status_ru": "обнаружено", "lon": 131.91594, "lat": 43.05325, "n_pixels": 1, "zone_area_km2": 0.0005, "cover_m2": 7.5, "p_mean": 0.58, "p_max": 0.58, "cover_m2_km2": 15000.0, "h3": "88316c09e3fffff", "valid_frac_scene": 0.998, "wind_ms": 2.0, "sea": "спокойное", "scene_reliable": true, "field_event_id": "S4:DOORS3:T23", "field_profile": "B", "field_date": "2024-06-10", "field_distance_km": 6988.5, "field_date_gap_days": 747, "field_conc_items_km2": 102.37, "conc_A_items_km2": null, "conc_A_lo80": null, "conc_A_hi80": null, "conc_A_lo95": null, "conc_A_hi95": null, "conc_A_status": "unavailable", "conc_A_status_ru": "концентрация недоступна", "conc_A_reasons": "вне бассейна профиля: nw_atlantic_subtropical", "conc_A_model": "conc-A-c6bce5631d2b", "conc_B_items_km2": null, "conc_B_lo80": null, "conc_B_hi80": null, "conc_B_lo95": null, "conc_B_hi95": null, "conc_B_status": "unavailable", "conc_B_status_ru": "концентрация недоступна", "conc_B_reasons": "вне бассейна профиля: black_sea", "conc_B_model": "conc-B-c6bce5631d2b"}}, {"type": "Feature", "geometry": {"type": "Polygon", "coordinates": [[[131.9100884566651, 43.0529007552474], [131.9100842008706, 43.0528108215241], [131.90996156748267, 43.0528139424568], [131.9099573118865, 43.05272400872199], [131.91007994509573, 43.05272088779903], [131.91007568934043, 43.05263095407221], [131.91032521145544, 43.05271464555947], [131.91032946758776, 43.05280457926501], [131.910206834239, 43.05280770046017], [131.9102110902122, 43.052897634173725], [131.9100884566651, 43.0529007552474]]]}, "properties": {"zone_id": "vladivostok-2026-06-27-204", "aoi": "vladivostok", "date": "2026-06-27", "scene_id": "S2B_MSIL2A_20260627T020649_R103_T52TGN_20260627T041901", "scene_datetime_utc": "2026-06-27T02:06:49.024000+00:00", "detection_status": "detected", "detection_status_ru": "обнаружено", "lon": 131.91014, "lat": 43.05276, "n_pixels": 1, "zone_area_km2": 0.0005, "cover_m2": 4.7, "p_mean": 0.98, "p_max": 0.98, "cover_m2_km2": 9400.0, "h3": "88316c09e7fffff", "valid_frac_scene": 0.998, "wind_ms": 2.0, "sea": "спокойное", "scene_reliable": true, "field_event_id": "S4:DOORS3:T23", "field_profile": "B", "field_date": "2024-06-10", "field_distance_km": 6988.1, "field_date_gap_days": 747, "field_conc_items_km2": 102.37, "conc_A_items_km2": null, "conc_A_lo80": null, "conc_A_hi80": null, "conc_A_lo95": null, "conc_A_hi95": null, "conc_A_status": "unavailable", "conc_A_status_ru": "концентрация недоступна", "conc_A_reasons": "вне бассейна профиля: nw_atlantic_subtropical", "conc_A_model": "conc-A-c6bce5631d2b", "conc_B_items_km2": null, "conc_B_lo80": null, "conc_B_hi80": null, "conc_B_lo95": null, "conc_B_hi95": null, "conc_B_status": "unavailable", "conc_B_status_ru": "концентрация недоступна", "conc_B_reasons": "вне бассейна профиля: black_sea", "conc_B_model": "conc-B-c6bce5631d2b"}}, {"type": "Feature", "geometry": {"type": "Polygon", "coordinates": [[[131.9433601675305, 43.052859522956794], [131.94335586312704, 43.05276959190794], [131.94323323346887, 43.052772748490284], [131.94322892926397, 43.052682817429776], [131.94335155874342, 43.052679660857294], [131.9433472543796, 43.0525897298049], [131.94359681764294, 43.052673347318674], [131.94360112238397, 43.05276327834959], [131.94347849276542, 43.052766435194364], [131.94348279734757, 43.05285636623336], [131.9433601675305, 43.052859522956794]]]}, "properties": {"zone_id": "vladivostok-2026-06-27-205", "aoi": "vladivostok", "date": "2026-06-27", "scene_id": "S2B_MSIL2A_20260627T020649_R103_T52TGN_20260627T041901", "scene_datetime_utc": "2026-06-27T02:06:49.024000+00:00", "detection_status": "detected", "detection_status_ru": "обнаружено", "lon": 131.94342, "lat": 43.05272, "n_pixels": 1, "zone_area_km2": 0.0005, "cover_m2": 4.7, "p_mean": 0.918, "p_max": 0.918, "cover_m2_km2": 9400.0, "h3": "88316c09d5fffff", "valid_frac_scene": 0.998, "wind_ms": 2.0, "sea": "спокойное", "scene_reliable": true, "field_event_id": "S4:DOORS3:T23", "field_profile": "B", "field_date": "2024-06-10", "field_distance_km": 6990.3, "field_date_gap_days": 747, "field_conc_items_km2": 102.37, "conc_A_items_km2": null, "conc_A_lo80": null, "conc_A_hi80": null, "conc_A_lo95": null, "conc_A_hi95": null, "conc_A_status": "unavailable", "conc_A_status_ru": "концентрация недоступна", "conc_A_reasons": "вне бассейна профиля: nw_atlantic_subtropical", "conc_A_model": "conc-A-c6bce5631d2b", "conc_B_items_km2": null, "conc_B_lo80": null, "conc_B_hi80": null, "conc_B_lo95": null, "conc_B_hi95": null, "conc_B_status": "unavailable", "conc_B_status_ru": "концентрация недоступна", "conc_B_reasons": "вне бассейна профиля: black_sea", "conc_B_model": "conc-B-c6bce5631d2b"}}, {"type": "Feature", "geometry": {"type": "Polygon", "coordinates": [[[131.9574754414099, 43.05276542937314], [131.95747111639653, 43.052675499466865], [131.9573484884858, 43.05267867116848], [131.95733983887615, 43.0524988113308], [131.95758076883055, 43.05240253793434], [131.9575850939629, 43.052492467836004], [131.95770772147642, 43.052489295891796], [131.95771637215825, 43.052669155669996], [131.9574754414099, 43.05276542937314]]]}, "properties": {"zone_id": "vladivostok-2026-06-27-206", "aoi": "vladivostok", "date": "2026-06-27", "scene_id": "S2B_MSIL2A_20260627T020649_R103_T52TGN_20260627T041901", "scene_datetime_utc": "2026-06-27T02:06:49.024000+00:00", "detection_status": "detected", "detection_status_ru": "обнаружено", "lon": 131.95753, "lat": 43.05258, "n_pixels": 2, "zone_area_km2": 0.0008, "cover_m2": 7.8, "p_mean": 0.802, "p_max": 0.965, "cover_m2_km2": 9750.0, "h3": "88316c09d3fffff", "valid_frac_scene": 0.998, "wind_ms": 2.0, "sea": "спокойное", "scene_reliable": true, "field_event_id": "S4:DOORS3:T23", "field_profile": "B", "field_date": "2024-06-10", "field_distance_km": 6991.3, "field_date_gap_days": 747, "field_conc_items_km2": 102.37, "conc_A_items_km2": null, "conc_A_lo80": null, "conc_A_hi80": null, "conc_A_lo95": null, "conc_A_hi95": null, "conc_A_status": "unavailable", "conc_A_status_ru": "концентрация недоступна", "conc_A_reasons": "вне бассейна профиля: nw_atlantic_subtropical", "conc_A_model": "conc-A-c6bce5631d2b", "conc_B_items_km2": null, "conc_B_lo80": null, "conc_B_hi80": null, "conc_B_lo95": null, "conc_B_hi95": null, "conc_B_status": "unavailable", "conc_B_status_ru": "концентрация недоступна", "conc_B_reasons": "вне бассейна профиля: black_sea", "conc_B_model": "conc-B-c6bce5631d2b"}}, {"type": "Feature", "geometry": {"type": "Polygon", "coordinates": [[[131.93156188978782, 43.05262236546023], [131.9315576026588, 43.052532433455546], [131.93143497217494, 43.052535577381875], [131.93143068524438, 43.05244564536561], [131.93155331554954, 43.052442501449114], [131.93154902846, 43.05235256944091], [131.93179857610068, 43.05243621322246], [131.93180286356736, 43.05252614520925], [131.93168023312293, 43.052529289398], [131.93168452043065, 43.05261922139287], [131.93156188978782, 43.05262236546023]]]}, "properties": {"zone_id": "vladivostok-2026-06-27-207", "aoi": "vladivostok", "date": "2026-06-27", "scene_id": "S2B_MSIL2A_20260627T020649_R103_T52TGN_20260627T041901", "scene_datetime_utc": "2026-06-27T02:06:49.024000+00:00", "detection_status": "detected", "detection_status_ru": "обнаружено", "lon": 131.93162, "lat": 43.05249, "n_pixels": 1, "zone_area_km2": 0.0005, "cover_m2": 4.7, "p_mean": 0.506, "p_max": 0.506, "cover_m2_km2": 9400.0, "h3": "88316c0989fffff", "valid_frac_scene": 0.998, "wind_ms": 2.0, "sea": "спокойное", "scene_reliable": true, "field_event_id": "S4:DOORS3:T23", "field_profile": "B", "field_date": "2024-06-10", "field_distance_km": 6989.6, "field_date_gap_days": 747, "field_conc_items_km2": 102.37, "conc_A_items_km2": null, "conc_A_lo80": null, "conc_A_hi80": null, "conc_A_lo95": null, "conc_A_hi95": null, "conc_A_status": "unavailable", "conc_A_status_ru": "концентрация недоступна", "conc_A_reasons": "вне бассейна профиля: nw_atlantic_subtropical", "conc_A_model": "conc-A-c6bce5631d2b", "conc_B_items_km2": null, "conc_B_lo80": null, "conc_B_hi80": null, "conc_B_lo95": null, "conc_B_hi95": null, "conc_B_status": "unavailable", "conc_B_status_ru": "концентрация недоступна", "conc_B_reasons": "вне бассейна профиля: black_sea", "conc_B_model": "conc-B-c6bce5631d2b"}}, {"type": "Feature", "geometry": {"type": "Polygon", "coordinates": [[[131.91130201856808, 43.05259973772278], [131.91129776104515, 43.05250980409178], [131.91117512838926, 43.052512926307486], [131.91117087106463, 43.05242299266496], [131.9112935035418, 43.05241987045901], [131.91128924605803, 43.05232993682447], [131.9115345105961, 43.052323692038414], [131.9115387684373, 43.052413625653436], [131.91166140085568, 43.0524105030538], [131.9116656588952, 43.0525004366573], [131.91154302629812, 43.05250355926668], [131.91154728417848, 43.052593492878174], [131.91130201856808, 43.05259973772278]]]}, "properties": {"zone_id": "vladivostok-2026-06-27-208", "aoi": "vladivostok", "date": "2026-06-27", "scene_id": "S2B_MSIL2A_20260627T020649_R103_T52TGN_20260627T041901", "scene_datetime_utc": "2026-06-27T02:06:49.024000+00:00", "detection_status": "detected", "detection_status_ru": "обнаружено", "lon": 131.91142, "lat": 43.05246, "n_pixels": 2, "zone_area_km2": 0.0008, "cover_m2": 10.2, "p_mean": 0.878, "p_max": 0.89, "cover_m2_km2": 12750.0, "h3": "88316c09e3fffff", "valid_frac_scene": 0.998, "wind_ms": 2.0, "sea": "спокойное", "scene_reliable": true, "field_event_id": "S4:DOORS3:T23", "field_profile": "B", "field_date": "2024-06-10", "field_distance_km": 6988.2, "field_date_gap_days": 747, "field_conc_items_km2": 102.37, "conc_A_items_km2": null, "conc_A_lo80": null, "conc_A_hi80": null, "conc_A_lo95": null, "conc_A_hi95": null, "conc_A_status": "unavailable", "conc_A_status_ru": "концентрация недоступна", "conc_A_reasons": "вне бассейна профиля: nw_atlantic_subtropical", "conc_A_model": "conc-A-c6bce5631d2b", "conc_B_items_km2": null, "conc_B_lo80": null, "conc_B_hi80": null, "conc_B_lo95": null, "conc_B_hi95": null, "conc_B_status": "unavailable", "conc_B_status_ru": "концентрация недоступна", "conc_B_reasons": "вне бассейна профиля: black_sea", "conc_B_model": "conc-B-c6bce5631d2b"}}, {"type": "Feature", "geometry": {"type": "Polygon", "coordinates": [[[131.94752525971262, 43.05266219003446], [131.94752094925317, 43.052572259319504], [131.9473983204477, 43.05257542035331], [131.94738969994566, 43.052395558898354], [131.94751232839374, 43.052392397884304], [131.94750801799378, 43.05230246716405], [131.94775327447303, 43.05229614476208], [131.9477575852304, 43.05238607546257], [131.94788021361893, 43.05238291405489], [131.94788452457482, 43.052472844743725], [131.94776189600756, 43.05247600616129], [131.94776620680457, 43.05256593685825], [131.94752525971262, 43.05266219003446]]]}, "properties": {"zone_id": "vladivostok-2026-06-27-209", "aoi": "vladivostok", "date": "2026-06-27", "scene_id": "S2B_MSIL2A_20260627T020649_R103_T52TGN_20260627T041901", "scene_datetime_utc": "2026-06-27T02:06:49.024000+00:00", "detection_status": "detected", "detection_status_ru": "обнаружено", "lon": 131.94762, "lat": 43.05246, "n_pixels": 3, "zone_area_km2": 0.001, "cover_m2": 18.4, "p_mean": 0.688, "p_max": 0.788, "cover_m2_km2": 18400.0, "h3": "88316c09d7fffff", "valid_frac_scene": 0.998, "wind_ms": 2.0, "sea": "спокойное", "scene_reliable": true, "field_event_id": "S4:DOORS3:T23", "field_profile": "B", "field_date": "2024-06-10", "field_distance_km": 6990.6, "field_date_gap_days": 747, "field_conc_items_km2": 102.37, "conc_A_items_km2": null, "conc_A_lo80": null, "conc_A_hi80": null, "conc_A_lo95": null, "conc_A_hi95": null, "conc_A_status": "unavailable", "conc_A_status_ru": "концентрация недоступна", "conc_A_reasons": "вне бассейна профиля: nw_atlantic_subtropical", "conc_A_model": "conc-A-c6bce5631d2b", "conc_B_items_km2": null, "conc_B_lo80": null, "conc_B_hi80": null, "conc_B_lo95": null, "conc_B_hi95": null, "conc_B_status": "unavailable", "conc_B_status_ru": "концентрация недоступна", "conc_B_reasons": "вне бассейна профиля: black_sea", "conc_B_model": "conc-B-c6bce5631d2b"}}, {"type": "Feature", "geometry": {"type": "Polygon", "coordinates": [[[131.98079185234047, 43.0525201354608], [131.980787493297, 43.052430207452474], [131.9806648684682, 43.0524334041231], [131.98065615079875, 43.05225354808114], [131.9808970405596, 43.05215722664497], [131.98090139972157, 43.05224715464864], [131.9810240241529, 43.05224395773558], [131.9810327428944, 43.05242381371761], [131.98079185234047, 43.0525201354608]]]}, "properties": {"zone_id": "vladivostok-2026-06-27-210", "aoi": "vladivostok", "date": "2026-06-27", "scene_id": "S2B_MSIL2A_20260627T020649_R103_T52TGN_20260627T041901", "scene_datetime_utc": "2026-06-27T02:06:49.024000+00:00", "detection_status": "detected", "detection_status_ru": "обнаружено", "lon": 131.98084, "lat": 43.05234, "n_pixels": 2, "zone_area_km2": 0.0008, "cover_m2": 11.4, "p_mean": 0.806, "p_max": 0.831, "cover_m2_km2": 14250.0, "h3": "88316c08a9fffff", "valid_frac_scene": 0.998, "wind_ms": 2.0, "sea": "спокойное", "scene_reliable": true, "field_event_id": "S4:DOORS3:T23", "field_profile": "B", "field_date": "2024-06-10", "field_distance_km": 6992.9, "field_date_gap_days": 747, "field_conc_items_km2": 102.37, "conc_A_items_km2": null, "conc_A_lo80": null, "conc_A_hi80": null, "conc_A_lo95": null, "conc_A_hi95": null, "conc_A_status": "unavailable", "conc_A_status_ru": "концентрация недоступна", "conc_A_reasons": "вне бассейна профиля: nw_atlantic_subtropical", "conc_A_model": "conc-A-c6bce5631d2b", "conc_B_items_km2": null, "conc_B_lo80": null, "conc_B_hi80": null, "conc_B_lo95": null, "conc_B_hi95": null, "conc_B_status": "unavailable", "conc_B_status_ru": "концентрация недоступна", "conc_B_reasons": "вне бассейна профиля: black_sea", "conc_B_model": "conc-B-c6bce5631d2b"}}, {"type": "Feature", "geometry": {"type": "Polygon", "coordinates": [[[131.91018981054205, 43.05244796558838], [131.91018555466678, 43.05235803186605], [131.91006292219203, 43.0523611528812], [131.9100501552199, 43.05209135167437], [131.91029116310187, 43.05199517585175], [131.9102954190775, 43.052085109571365], [131.91041805097692, 43.052081988323025], [131.91043081955752, 43.05235178944206], [131.91018981054205, 43.05244796558838]]]}, "properties": {"zone_id": "vladivostok-2026-06-27-211", "aoi": "vladivostok", "date": "2026-06-27", "scene_id": "S2B_MSIL2A_20260627T020649_R103_T52TGN_20260627T041901", "scene_datetime_utc": "2026-06-27T02:06:49.024000+00:00", "detection_status": "detected", "detection_status_ru": "обнаружено", "lon": 131.91024, "lat": 43.05222, "n_pixels": 3, "zone_area_km2": 0.0011, "cover_m2": 14.5, "p_mean": 0.858, "p_max": 0.902, "cover_m2_km2": 13181.8, "h3": "88316c09e7fffff", "valid_frac_scene": 0.998, "wind_ms": 2.0, "sea": "спокойное", "scene_reliable": true, "field_event_id": "S4:DOORS3:T23", "field_profile": "B", "field_date": "2024-06-10", "field_distance_km": 6988.1, "field_date_gap_days": 747, "field_conc_items_km2": 102.37, "conc_A_items_km2": null, "conc_A_lo80": null, "conc_A_hi80": null, "conc_A_lo95": null, "conc_A_hi95": null, "conc_A_status": "unavailable", "conc_A_status_ru": "концентрация недоступна", "conc_A_reasons": "вне бассейна профиля: nw_atlantic_subtropical", "conc_A_model": "conc-A-c6bce5631d2b", "conc_B_items_km2": null, "conc_B_lo80": null, "conc_B_hi80": null, "conc_B_lo95": null, "conc_B_hi95": null, "conc_B_status": "unavailable", "conc_B_status_ru": "концентрация недоступна", "conc_B_reasons": "вне бассейна профиля: black_sea", "conc_B_model": "conc-B-c6bce5631d2b"}}, {"type": "Feature", "geometry": {"type": "Polygon", "coordinates": [[[131.77241354238396, 43.05208954914297], [131.77240948788386, 43.05199960466063], [131.7722868414593, 43.05200257801313], [131.77228278715666, 43.051912633519756], [131.7724054334024, 43.05190966017654], [131.77240137893966, 43.05181971569073], [131.77265072583796, 43.05190371309629], [131.772654780677, 43.05199365756179], [131.77253213428978, 43.05199663117684], [131.77253618896867, 43.052086575649895], [131.77241354238396, 43.05208954914297]]]}, "properties": {"zone_id": "vladivostok-2026-06-27-212", "aoi": "vladivostok", "date": "2026-06-27", "scene_id": "S2B_MSIL2A_20260627T020649_R103_T52TGN_20260627T041901", "scene_datetime_utc": "2026-06-27T02:06:49.024000+00:00", "detection_status": "detected", "detection_status_ru": "обнаружено", "lon": 131.77247, "lat": 43.05195, "n_pixels": 1, "zone_area_km2": 0.0005, "cover_m2": 2.7, "p_mean": 0.761, "p_max": 0.761, "cover_m2_km2": 5400.0, "h3": "88316c4465fffff", "valid_frac_scene": 0.998, "wind_ms": 2.0, "sea": "спокойное", "scene_reliable": true, "field_event_id": "S4:DOORS3:T23", "field_profile": "B", "field_date": "2024-06-10", "field_distance_km": 6978.9, "field_date_gap_days": 747, "field_conc_items_km2": 102.37, "conc_A_items_km2": null, "conc_A_lo80": null, "conc_A_hi80": null, "conc_A_lo95": null, "conc_A_hi95": null, "conc_A_status": "unavailable", "conc_A_status_ru": "концентрация недоступна", "conc_A_reasons": "вне бассейна профиля: nw_atlantic_subtropical", "conc_A_model": "conc-A-c6bce5631d2b", "conc_B_items_km2": null, "conc_B_lo80": null, "conc_B_hi80": null, "conc_B_lo95": null, "conc_B_hi95": null, "conc_B_status": "unavailable", "conc_B_status_ru": "концентрация недоступна", "conc_B_reasons": "вне бассейна профиля: black_sea", "conc_B_model": "conc-B-c6bce5631d2b"}}, {"type": "Feature", "geometry": {"type": "Polygon", "coordinates": [[[131.93102421754844, 43.05164568783681], [131.93101993135127, 43.051555755773435], [131.93089730275426, 43.05155889906681], [131.9308930167555, 43.05146896699188], [131.93101564517383, 43.05146582370833], [131.93101135901614, 43.05137589164143], [131.93126090195133, 43.05145953674757], [131.93126518848612, 43.05154946879305], [131.93114255992856, 43.05155261234884], [131.93114684630442, 43.051642544402384], [131.93102421754844, 43.05164568783681]]]}, "properties": {"zone_id": "vladivostok-2026-06-27-213", "aoi": "vladivostok", "date": "2026-06-27", "scene_id": "S2B_MSIL2A_20260627T020649_R103_T52TGN_20260627T041901", "scene_datetime_utc": "2026-06-27T02:06:49.024000+00:00", "detection_status": "detected", "detection_status_ru": "обнаружено", "lon": 131.93108, "lat": 43.05151, "n_pixels": 1, "zone_area_km2": 0.0005, "cover_m2": 5.9, "p_mean": 0.69, "p_max": 0.69, "cover_m2_km2": 11800.0, "h3": "88316c0981fffff", "valid_frac_scene": 0.998, "wind_ms": 2.0, "sea": "спокойное", "scene_reliable": true, "field_event_id": "S4:DOORS3:T23", "field_profile": "B", "field_date": "2024-06-10", "field_distance_km": 6989.6, "field_date_gap_days": 747, "field_conc_items_km2": 102.37, "conc_A_items_km2": null, "conc_A_lo80": null, "conc_A_hi80": null, "conc_A_lo95": null, "conc_A_hi95": null, "conc_A_status": "unavailable", "conc_A_status_ru": "концентрация недоступна", "conc_A_reasons": "вне бассейна профиля: nw_atlantic_subtropical", "conc_A_model": "conc-A-c6bce5631d2b", "conc_B_items_km2": null, "conc_B_lo80": null, "conc_B_hi80": null, "conc_B_lo95": null, "conc_B_hi95": null, "conc_B_status": "unavailable", "conc_B_status_ru": "концентрация недоступна", "conc_B_reasons": "вне бассейна профиля: black_sea", "conc_B_model": "conc-B-c6bce5631d2b"}}, {"type": "Feature", "geometry": {"type": "Polygon", "coordinates": [[[131.9419510059096, 43.05163520189054], [131.94194670374915, 43.05154527070847], [131.9418240763749, 43.05154842570938], [131.94181977441292, 43.05145849451567], [131.94194240160843, 43.05145533952464], [131.94193809948757, 43.05136540833903], [131.94230598041935, 43.05135594260819], [131.94231028307632, 43.051445873764216], [131.94243291019268, 43.05144271824832], [131.94243721304812, 43.051532649392705], [131.94231458575308, 43.05153580491847], [131.94231888844965, 43.05162573607095], [131.9419510059096, 43.05163520189054]]]}, "properties": {"zone_id": "vladivostok-2026-06-27-214", "aoi": "vladivostok", "date": "2026-06-27", "scene_id": "S2B_MSIL2A_20260627T020649_R103_T52TGN_20260627T041901", "scene_datetime_utc": "2026-06-27T02:06:49.024000+00:00", "detection_status": "detected", "detection_status_ru": "обнаружено", "lon": 131.94213, "lat": 43.0515, "n_pixels": 3, "zone_area_km2": 0.0011, "cover_m2": 23.9, "p_mean": 0.677, "p_max": 0.769, "cover_m2_km2": 21727.3, "h3": "88316c098bfffff", "valid_frac_scene": 0.998, "wind_ms": 2.0, "sea": "спокойное", "scene_reliable": true, "field_event_id": "S4:DOORS3:T23", "field_profile": "B", "field_date": "2024-06-10", "field_distance_km": 6990.3, "field_date_gap_days": 747, "field_conc_items_km2": 102.37, "conc_A_items_km2": null, "conc_A_lo80": null, "conc_A_hi80": null, "conc_A_lo95": null, "conc_A_hi95": null, "conc_A_status": "unavailable", "conc_A_status_ru": "концентрация недоступна", "conc_A_reasons": "вне бассейна профиля: nw_atlantic_subtropical", "conc_A_model": "conc-A-c6bce5631d2b", "conc_B_items_km2": null, "conc_B_lo80": null, "conc_B_hi80": null, "conc_B_lo95": null, "conc_B_hi95": null, "conc_B_status": "unavailable", "conc_B_status_ru": "концентрация недоступна", "conc_B_reasons": "вне бассейна профиля: black_sea", "conc_B_model": "conc-B-c6bce5631d2b"}}, {"type": "Feature", "geometry": {"type": "Polygon", "coordinates": [[[131.90891668923427, 43.051489897817014], [131.9089124353616, 43.05139996397783], [131.90866292043694, 43.05131626917738], [131.9086544135043, 43.051136401451195], [131.90877704369242, 43.05113328201605], [131.90877279007677, 43.05104334816008], [131.90902230400997, 43.05112704275208], [131.90902655800264, 43.05121697658679], [131.90914918831075, 43.05121385674823], [131.9091576967122, 43.0513937243929], [131.90891668923427, 43.051489897817014]]]}, "properties": {"zone_id": "vladivostok-2026-06-27-215", "aoi": "vladivostok", "date": "2026-06-27", "scene_id": "S2B_MSIL2A_20260627T020649_R103_T52TGN_20260627T041901", "scene_datetime_utc": "2026-06-27T02:06:49.024000+00:00", "detection_status": "detected", "detection_status_ru": "обнаружено", "lon": 131.90891, "lat": 43.05127, "n_pixels": 4, "zone_area_km2": 0.0012, "cover_m2": 17.3, "p_mean": 0.825, "p_max": 0.925, "cover_m2_km2": 14416.7, "h3": "88316c09a9fffff", "valid_frac_scene": 0.998, "wind_ms": 2.0, "sea": "спокойное", "scene_reliable": true, "field_event_id": "S4:DOORS3:T23", "field_profile": "B", "field_date": "2024-06-10", "field_distance_km": 6988.1, "field_date_gap_days": 747, "field_conc_items_km2": 102.37, "conc_A_items_km2": null, "conc_A_lo80": null, "conc_A_hi80": null, "conc_A_lo95": null, "conc_A_hi95": null, "conc_A_status": "unavailable", "conc_A_status_ru": "концентрация недоступна", "conc_A_reasons": "вне бассейна профиля: nw_atlantic_subtropical", "conc_A_model": "conc-A-c6bce5631d2b", "conc_B_items_km2": null, "conc_B_lo80": null, "conc_B_hi80": null, "conc_B_lo95": null, "conc_B_hi95": null, "conc_B_status": "unavailable", "conc_B_status_ru": "концентрация недоступна", "conc_B_reasons": "вне бассейна профиля: black_sea", "conc_B_model": "conc-B-c6bce5631d2b"}}, {"type": "Feature", "geometry": {"type": "Polygon", "coordinates": [[[131.9354345477002, 43.05144250982282], [131.9354302550896, 43.051352578111654], [131.93518070742113, 43.05126894226233], [131.93517641520748, 43.05117901052794], [131.9352990425775, 43.05117586267157], [131.93529475020492, 43.05108593094526], [131.93554000452832, 43.05107963485855], [131.9355442972583, 43.0511695665652], [131.9356669245691, 43.05116641831519], [131.9356755104457, 43.05134628170348], [131.9354345477002, 43.05144250982282]]]}, "properties": {"zone_id": "vladivostok-2026-06-27-216", "aoi": "vladivostok", "date": "2026-06-27", "scene_id": "S2B_MSIL2A_20260627T020649_R103_T52TGN_20260627T041901", "scene_datetime_utc": "2026-06-27T02:06:49.024000+00:00", "detection_status": "detected", "detection_status_ru": "обнаружено", "lon": 131.93545, "lat": 43.05125, "n_pixels": 3, "zone_area_km2": 0.001, "cover_m2": 19.6, "p_mean": 0.637, "p_max": 0.722, "cover_m2_km2": 19600.0, "h3": "88316c098bfffff", "valid_frac_scene": 0.998, "wind_ms": 2.0, "sea": "спокойное", "scene_reliable": true, "field_event_id": "S4:DOORS3:T23", "field_profile": "B", "field_date": "2024-06-10", "field_distance_km": 6989.9, "field_date_gap_days": 747, "field_conc_items_km2": 102.37, "conc_A_items_km2": null, "conc_A_lo80": null, "conc_A_hi80": null, "conc_A_lo95": null, "conc_A_hi95": null, "conc_A_status": "unavailable", "conc_A_status_ru": "концентрация недоступна", "conc_A_reasons": "вне бассейна профиля: nw_atlantic_subtropical", "conc_A_model": "conc-A-c6bce5631d2b", "conc_B_items_km2": null, "conc_B_lo80": null, "conc_B_hi80": null, "conc_B_lo95": null, "conc_B_hi95": null, "conc_B_status": "unavailable", "conc_B_status_ru": "концентрация недоступна", "conc_B_reasons": "вне бассейна профиля: black_sea", "conc_B_model": "conc-B-c6bce5631d2b"}}, {"type": "Feature", "geometry": {"type": "Polygon", "coordinates": [[[131.96955907001256, 43.05128170430842], [131.96955472756883, 43.05119177536252], [131.96943210395548, 43.05119495992436], [131.96942341948534, 43.051015102007305], [131.96966432341495, 43.050918803850955], [131.9696686659774, 43.05100873279224], [131.96979128919344, 43.0510055479879], [131.96979997473562, 43.051185405845246], [131.96955907001256, 43.05128170430842]]]}, "properties": {"zone_id": "vladivostok-2026-06-27-217", "aoi": "vladivostok", "date": "2026-06-27", "scene_id": "S2B_MSIL2A_20260627T020649_R103_T52TGN_20260627T041901", "scene_datetime_utc": "2026-06-27T02:06:49.024000+00:00", "detection_status": "detected", "detection_status_ru": "обнаружено", "lon": 131.96961, "lat": 43.0511, "n_pixels": 2, "zone_area_km2": 0.0008, "cover_m2": 1.2, "p_mean": 0.855, "p_max": 0.992, "cover_m2_km2": 1500.0, "h3": "88316c08adfffff", "valid_frac_scene": 0.998, "wind_ms": 2.0, "sea": "спокойное", "scene_reliable": true, "field_event_id": "S4:DOORS3:T23", "field_profile": "B", "field_date": "2024-06-10", "field_distance_km": 6992.2, "field_date_gap_days": 747, "field_conc_items_km2": 102.37, "conc_A_items_km2": null, "conc_A_lo80": null, "conc_A_hi80": null, "conc_A_lo95": null, "conc_A_hi95": null, "conc_A_status": "unavailable", "conc_A_status_ru": "концентрация недоступна", "conc_A_reasons": "вне бассейна профиля: nw_atlantic_subtropical", "conc_A_model": "conc-A-c6bce5631d2b", "conc_B_items_km2": null, "conc_B_lo80": null, "conc_B_hi80": null, "conc_B_lo95": null, "conc_B_hi95": null, "conc_B_status": "unavailable", "conc_B_status_ru": "концентрация недоступна", "conc_B_reasons": "вне бассейна профиля: black_sea", "conc_B_model": "conc-B-c6bce5631d2b"}}, {"type": "Feature", "geometry": {"type": "Polygon", "coordinates": [[[131.93478707488728, 43.05073879446383], [131.93478278332822, 43.050648862689336], [131.93466015695134, 43.05065200996184], [131.9346558655907, 43.05056207817576], [131.9347784917889, 43.050558930913105], [131.93477420026935, 43.0504689991351], [131.93502374412606, 43.050552635994144], [131.93502803602274, 43.05064256775071], [131.93490540968537, 43.050645715285626], [131.9349097014231, 43.05073564705028], [131.93478707488728, 43.05073879446383]]]}, "properties": {"zone_id": "vladivostok-2026-06-27-218", "aoi": "vladivostok", "date": "2026-06-27", "scene_id": "S2B_MSIL2A_20260627T020649_R103_T52TGN_20260627T041901", "scene_datetime_utc": "2026-06-27T02:06:49.024000+00:00", "detection_status": "detected", "detection_status_ru": "обнаружено", "lon": 131.93484, "lat": 43.0506, "n_pixels": 1, "zone_area_km2": 0.0005, "cover_m2": 5.9, "p_mean": 0.686, "p_max": 0.686, "cover_m2_km2": 11800.0, "h3": "88316c098bfffff", "valid_frac_scene": 0.998, "wind_ms": 2.0, "sea": "спокойное", "scene_reliable": true, "field_event_id": "S4:DOORS3:T23", "field_profile": "B", "field_date": "2024-06-10", "field_distance_km": 6989.9, "field_date_gap_days": 747, "field_conc_items_km2": 102.37, "conc_A_items_km2": null, "conc_A_lo80": null, "conc_A_hi80": null, "conc_A_lo95": null, "conc_A_hi95": null, "conc_A_status": "unavailable", "conc_A_status_ru": "концентрация недоступна", "conc_A_reasons": "вне бассейна профиля: nw_atlantic_subtropical", "conc_A_model": "conc-A-c6bce5631d2b", "conc_B_items_km2": null, "conc_B_lo80": null, "conc_B_hi80": null, "conc_B_lo95": null, "conc_B_hi95": null, "conc_B_status": "unavailable", "conc_B_status_ru": "концентрация недоступна", "conc_B_reasons": "вне бассейна профиля: black_sea", "conc_B_model": "conc-B-c6bce5631d2b"}}, {"type": "Feature", "geometry": {"type": "Polygon", "coordinates": [[[131.91795718399408, 43.050539217897246], [131.91795291705398, 43.05044928476662], [131.9178302892299, 43.05045241399432], [131.91782175576608, 43.050272547708275], [131.91806274361997, 43.05017635603466], [131.91806701067983, 43.05026628916076], [131.91818963810726, 43.05026315969019], [131.91819817264326, 43.050443025917566], [131.91795718399408, 43.050539217897246]]]}, "properties": {"zone_id": "vladivostok-2026-06-27-219", "aoi": "vladivostok", "date": "2026-06-27", "scene_id": "S2B_MSIL2A_20260627T020649_R103_T52TGN_20260627T041901", "scene_datetime_utc": "2026-06-27T02:06:49.024000+00:00", "detection_status": "detected", "detection_status_ru": "обнаружено", "lon": 131.91801, "lat": 43.05036, "n_pixels": 2, "zone_area_km2": 0.0008, "cover_m2": 11.0, "p_mean": 0.845, "p_max": 0.863, "cover_m2_km2": 13750.0, "h3": "88316c0985fffff", "valid_frac_scene": 0.998, "wind_ms": 2.0, "sea": "спокойное", "scene_reliable": true, "field_event_id": "S4:DOORS3:T23", "field_profile": "B", "field_date": "2024-06-10", "field_distance_km": 6988.8, "field_date_gap_days": 747, "field_conc_items_km2": 102.37, "conc_A_items_km2": null, "conc_A_lo80": null, "conc_A_hi80": null, "conc_A_lo95": null, "conc_A_hi95": null, "conc_A_status": "unavailable", "conc_A_status_ru": "концентрация недоступна", "conc_A_reasons": "вне бассейна профиля: nw_atlantic_subtropical", "conc_A_model": "conc-A-c6bce5631d2b", "conc_B_items_km2": null, "conc_B_lo80": null, "conc_B_hi80": null, "conc_B_lo95": null, "conc_B_hi95": null, "conc_B_status": "unavailable", "conc_B_status_ru": "концентрация недоступна", "conc_B_reasons": "вне бассейна профиля: black_sea", "conc_B_model": "conc-B-c6bce5631d2b"}}, {"type": "Feature", "geometry": {"type": "Polygon", "coordinates": [[[131.96718582495677, 43.050442897307995], [131.96718148610753, 43.05035296815534], [131.96705886390131, 43.05035615012492], [131.96705452525072, 43.05026622096054], [131.96717714727825, 43.0502630390009], [131.96717280846894, 43.05017310984471], [131.96742239127343, 43.05025667468804], [131.96742673046003, 43.05034660382258], [131.96730410829377, 43.050349786054554], [131.9673084473217, 43.05043971519727], [131.96718582495677, 43.050442897307995]]]}, "properties": {"zone_id": "vladivostok-2026-06-27-220", "aoi": "vladivostok", "date": "2026-06-27", "scene_id": "S2B_MSIL2A_20260627T020649_R103_T52TGN_20260627T041901", "scene_datetime_utc": "2026-06-27T02:06:49.024000+00:00", "detection_status": "detected", "detection_status_ru": "обнаружено", "lon": 131.96724, "lat": 43.05031, "n_pixels": 1, "zone_area_km2": 0.0005, "cover_m2": 0.8, "p_mean": 0.871, "p_max": 0.871, "cover_m2_km2": 1600.0, "h3": "88316c08adfffff", "valid_frac_scene": 0.998, "wind_ms": 2.0, "sea": "спокойное", "scene_reliable": true, "field_event_id": "S4:DOORS3:T23", "field_profile": "B", "field_date": "2024-06-10", "field_distance_km": 6992.1, "field_date_gap_days": 747, "field_conc_items_km2": 102.37, "conc_A_items_km2": null, "conc_A_lo80": null, "conc_A_hi80": null, "conc_A_lo95": null, "conc_A_hi95": null, "conc_A_status": "unavailable", "conc_A_status_ru": "концентрация недоступна", "conc_A_reasons": "вне бассейна профиля: nw_atlantic_subtropical", "conc_A_model": "conc-A-c6bce5631d2b", "conc_B_items_km2": null, "conc_B_lo80": null, "conc_B_hi80": null, "conc_B_lo95": null, "conc_B_hi95": null, "conc_B_status": "unavailable", "conc_B_status_ru": "концентрация недоступна", "conc_B_reasons": "вне бассейна профиля: black_sea", "conc_B_model": "conc-B-c6bce5631d2b"}}, {"type": "Feature", "geometry": {"type": "Polygon", "coordinates": [[[131.94372154175068, 43.05014896422592], [131.94371723722682, 43.05005903316356], [131.9435946130086, 43.05006218997478], [131.94359030868318, 43.04997225890079], [131.94371293272272, 43.04996910209944], [131.94370862823845, 43.04987917103355], [131.94395387590072, 43.04987285705699], [131.94395818074233, 43.04996278810314], [131.94408080472246, 43.049959630908184], [131.94408510976257, 43.05004956194271], [131.94396248560378, 43.05005271914754], [131.94396679048506, 43.05014265019015], [131.94372154175068, 43.05014896422592]]]}, "properties": {"zone_id": "vladivostok-2026-06-27-221", "aoi": "vladivostok", "date": "2026-06-27", "scene_id": "S2B_MSIL2A_20260627T020649_R103_T52TGN_20260627T041901", "scene_datetime_utc": "2026-06-27T02:06:49.024000+00:00", "detection_status": "detected", "detection_status_ru": "обнаружено", "lon": 131.94384, "lat": 43.05001, "n_pixels": 2, "zone_area_km2": 0.0008, "cover_m2": 10.6, "p_mean": 0.575, "p_max": 0.643, "cover_m2_km2": 13250.0, "h3": "88316c09d7fffff", "valid_frac_scene": 0.998, "wind_ms": 2.0, "sea": "спокойное", "scene_reliable": true, "field_event_id": "S4:DOORS3:T23", "field_profile": "B", "field_date": "2024-06-10", "field_distance_km": 6990.5, "field_date_gap_days": 747, "field_conc_items_km2": 102.37, "conc_A_items_km2": null, "conc_A_lo80": null, "conc_A_hi80": null, "conc_A_lo95": null, "conc_A_hi95": null, "conc_A_status": "unavailable", "conc_A_status_ru": "концентрация недоступна", "conc_A_reasons": "вне бассейна профиля: nw_atlantic_subtropical", "conc_A_model": "conc-A-c6bce5631d2b", "conc_B_items_km2": null, "conc_B_lo80": null, "conc_B_hi80": null, "conc_B_lo95": null, "conc_B_hi95": null, "conc_B_status": "unavailable", "conc_B_status_ru": "концентрация недоступна", "conc_B_reasons": "вне бассейна профиля: black_sea", "conc_B_model": "conc-B-c6bce5631d2b"}}, {"type": "Feature", "geometry": {"type": "Polygon", "coordinates": [[[131.93524324327464, 43.050006750091974], [131.93523895115882, 43.04991681834274], [131.93511632629045, 43.04991996606138], [131.93511203437308, 43.049830034300555], [131.93523465906281, 43.049826886591745], [131.9352303669865, 43.04973695483899], [131.93547990838294, 43.049820590780556], [131.93548420083638, 43.04991052251186], [131.93536157600747, 43.049913670492906], [131.93536586830194, 43.050003602232294], [131.93524324327464, 43.050006750091974]]]}, "properties": {"zone_id": "vladivostok-2026-06-27-222", "aoi": "vladivostok", "date": "2026-06-27", "scene_id": "S2B_MSIL2A_20260627T020649_R103_T52TGN_20260627T041901", "scene_datetime_utc": "2026-06-27T02:06:49.024000+00:00", "detection_status": "detected", "detection_status_ru": "обнаружено", "lon": 131.9353, "lat": 43.04987, "n_pixels": 1, "zone_area_km2": 0.0005, "cover_m2": 4.7, "p_mean": 0.871, "p_max": 0.871, "cover_m2_km2": 9400.0, "h3": "88316c098bfffff", "valid_frac_scene": 0.998, "wind_ms": 2.0, "sea": "спокойное", "scene_reliable": true, "field_event_id": "S4:DOORS3:T23", "field_profile": "B", "field_date": "2024-06-10", "field_distance_km": 6990.0, "field_date_gap_days": 747, "field_conc_items_km2": 102.37, "conc_A_items_km2": null, "conc_A_lo80": null, "conc_A_hi80": null, "conc_A_lo95": null, "conc_A_hi95": null, "conc_A_status": "unavailable", "conc_A_status_ru": "концентрация недоступна", "conc_A_reasons": "вне бассейна профиля: nw_atlantic_subtropical", "conc_A_model": "conc-A-c6bce5631d2b", "conc_B_items_km2": null, "conc_B_lo80": null, "conc_B_hi80": null, "conc_B_lo95": null, "conc_B_hi95": null, "conc_B_status": "unavailable", "conc_B_status_ru": "концентрация недоступна", "conc_B_reasons": "вне бассейна профиля: black_sea", "conc_B_model": "conc-B-c6bce5631d2b"}}, {"type": "Feature", "geometry": {"type": "Polygon", "coordinates": [[[131.90749121711116, 43.049905394954294], [131.9074869655566, 43.04981546097624], [131.9073643378533, 43.049818578953], [131.90736008649694, 43.04972864496345], [131.90748271402154, 43.04972552699643], [131.90747846250605, 43.04963559301486], [131.90772796901197, 43.04971929066877], [131.90773222090442, 43.049809224629094], [131.90760959324027, 43.04981234286827], [131.90761384497358, 43.04990227683658], [131.90749121711116, 43.049905394954294]]]}, "properties": {"zone_id": "vladivostok-2026-06-27-223", "aoi": "vladivostok", "date": "2026-06-27", "scene_id": "S2B_MSIL2A_20260627T020649_R103_T52TGN_20260627T041901", "scene_datetime_utc": "2026-06-27T02:06:49.024000+00:00", "detection_status": "detected", "detection_status_ru": "обнаружено", "lon": 131.90755, "lat": 43.04977, "n_pixels": 1, "zone_area_km2": 0.0005, "cover_m2": 4.7, "p_mean": 0.729, "p_max": 0.729, "cover_m2_km2": 9400.0, "h3": "88316c09a9fffff", "valid_frac_scene": 0.998, "wind_ms": 2.0, "sea": "спокойное", "scene_reliable": true, "field_event_id": "S4:DOORS3:T23", "field_profile": "B", "field_date": "2024-06-10", "field_distance_km": 6988.1, "field_date_gap_days": 747, "field_conc_items_km2": 102.37, "conc_A_items_km2": null, "conc_A_lo80": null, "conc_A_hi80": null, "conc_A_lo95": null, "conc_A_hi95": null, "conc_A_status": "unavailable", "conc_A_status_ru": "концентрация недоступна", "conc_A_reasons": "вне бассейна профиля: nw_atlantic_subtropical", "conc_A_model": "conc-A-c6bce5631d2b", "conc_B_items_km2": null, "conc_B_lo80": null, "conc_B_hi80": null, "conc_B_lo95": null, "conc_B_hi95": null, "conc_B_status": "unavailable", "conc_B_status_ru": "концентрация недоступна", "conc_B_reasons": "вне бассейна профиля: black_sea", "conc_B_model": "conc-B-c6bce5631d2b"}}, {"type": "Feature", "geometry": {"type": "Polygon", "coordinates": [[[131.93339099724741, 43.04978415654671], [131.93338670787108, 43.04969422464465], [131.93326408324253, 43.04969737036568], [131.93325979406467, 43.049607438452036], [131.9333824185145, 43.04960429274084], [131.93337812917767, 43.04951436083526], [131.93362337766084, 43.04950806903891], [131.93362766735504, 43.049598000924824], [131.93375029174567, 43.04959485482], [131.93375458163828, 43.049684786694314], [131.93363195706897, 43.04968793280897], [131.93363624680262, 43.04977786469136], [131.93339099724741, 43.04978415654671]]]}, "properties": {"zone_id": "vladivostok-2026-06-27-224", "aoi": "vladivostok", "date": "2026-06-27", "scene_id": "S2B_MSIL2A_20260627T020649_R103_T52TGN_20260627T041901", "scene_datetime_utc": "2026-06-27T02:06:49.024000+00:00", "detection_status": "detected", "detection_status_ru": "обнаружено", "lon": 131.93351, "lat": 43.04965, "n_pixels": 2, "zone_area_km2": 0.0008, "cover_m2": 11.8, "p_mean": 0.69, "p_max": 0.725, "cover_m2_km2": 14750.0, "h3": "88316c0981fffff", "valid_frac_scene": 0.998, "wind_ms": 2.0, "sea": "спокойное", "scene_reliable": true, "field_event_id": "S4:DOORS3:T23", "field_profile": "B", "field_date": "2024-06-10", "field_distance_km": 6989.9, "field_date_gap_days": 747, "field_conc_items_km2": 102.37, "conc_A_items_km2": null, "conc_A_lo80": null, "conc_A_hi80": null, "conc_A_lo95": null, "conc_A_hi95": null, "conc_A_status": "unavailable", "conc_A_status_ru": "концентрация недоступна", "conc_A_reasons": "вне бассейна профиля: nw_atlantic_subtropical", "conc_A_model": "conc-A-c6bce5631d2b", "conc_B_items_km2": null, "conc_B_lo80": null, "conc_B_hi80": null, "conc_B_lo95": null, "conc_B_hi95": null, "conc_B_status": "unavailable", "conc_B_status_ru": "концентрация недоступна", "conc_B_reasons": "вне бассейна профиля: black_sea", "conc_B_model": "conc-B-c6bce5631d2b"}}, {"type": "Feature", "geometry": {"type": "Polygon", "coordinates": [[[131.95916772994656, 43.049660225206175], [131.9591634029299, 43.049570295388484], [131.95904078139287, 43.049573468721036], [131.9590364545748, 43.04948353889167], [131.95915907593317, 43.04948036556904], [131.95915474895634, 43.04939043574782], [131.9594043185901, 43.04947401853018], [131.95940864594417, 43.0495639483298], [131.95928602444698, 43.04956712192474], [131.9592903516423, 43.0496570517325], [131.95916772994656, 43.049660225206175]]]}, "properties": {"zone_id": "vladivostok-2026-06-27-225", "aoi": "vladivostok", "date": "2026-06-27", "scene_id": "S2B_MSIL2A_20260627T020649_R103_T52TGN_20260627T041901", "scene_datetime_utc": "2026-06-27T02:06:49.024000+00:00", "detection_status": "detected", "detection_status_ru": "обнаружено", "lon": 131.95922, "lat": 43.04952, "n_pixels": 1, "zone_area_km2": 0.0005, "cover_m2": 3.1, "p_mean": 0.725, "p_max": 0.725, "cover_m2_km2": 6200.0, "h3": "88316c09d3fffff", "valid_frac_scene": 0.998, "wind_ms": 2.0, "sea": "спокойное", "scene_reliable": true, "field_event_id": "S4:DOORS3:T23", "field_profile": "B", "field_date": "2024-06-10", "field_distance_km": 6991.6, "field_date_gap_days": 747, "field_conc_items_km2": 102.37, "conc_A_items_km2": null, "conc_A_lo80": null, "conc_A_hi80": null, "conc_A_lo95": null, "conc_A_hi95": null, "conc_A_status": "unavailable", "conc_A_status_ru": "концентрация недоступна", "conc_A_reasons": "вне бассейна профиля: nw_atlantic_subtropical", "conc_A_model": "conc-A-c6bce5631d2b", "conc_B_items_km2": null, "conc_B_lo80": null, "conc_B_hi80": null, "conc_B_lo95": null, "conc_B_hi95": null, "conc_B_status": "unavailable", "conc_B_status_ru": "концентрация недоступна", "conc_B_reasons": "вне бассейна профиля: black_sea", "conc_B_model": "conc-B-c6bce5631d2b"}}, {"type": "Feature", "geometry": {"type": "Polygon", "coordinates": [[[131.77929869199644, 43.04958130721596], [131.77929462779113, 43.049491363219126], [131.7791719870801, 43.04949434381186], [131.77916385908313, 43.04931445579438], [131.7794050754434, 43.04921855052225], [131.7794091397714, 43.04930849451493], [131.77953178008744, 43.04930551367831], [131.77953990915708, 43.049485401639885], [131.77929869199644, 43.04958130721596]]]}, "properties": {"zone_id": "vladivostok-2026-06-27-226", "aoi": "vladivostok", "date": "2026-06-27", "scene_id": "S2B_MSIL2A_20260627T020649_R103_T52TGN_20260627T041901", "scene_datetime_utc": "2026-06-27T02:06:49.024000+00:00", "detection_status": "detected", "detection_status_ru": "обнаружено", "lon": 131.77935, "lat": 43.0494, "n_pixels": 2, "zone_area_km2": 0.0008, "cover_m2": 20.0, "p_mean": 0.947, "p_max": 0.973, "cover_m2_km2": 25000.0, "h3": "88316c4467fffff", "valid_frac_scene": 0.998, "wind_ms": 2.0, "sea": "спокойное", "scene_reliable": true, "field_event_id": "S4:DOORS3:T23", "field_profile": "B", "field_date": "2024-06-10", "field_distance_km": 6979.5, "field_date_gap_days": 747, "field_conc_items_km2": 102.37, "conc_A_items_km2": null, "conc_A_lo80": null, "conc_A_hi80": null, "conc_A_lo95": null, "conc_A_hi95": null, "conc_A_status": "unavailable", "conc_A_status_ru": "концентрация недоступна", "conc_A_reasons": "вне бассейна профиля: nw_atlantic_subtropical", "conc_A_model": "conc-A-c6bce5631d2b", "conc_B_items_km2": null, "conc_B_lo80": null, "conc_B_hi80": null, "conc_B_lo95": null, "conc_B_hi95": null, "conc_B_status": "unavailable", "conc_B_status_ru": "концентрация недоступна", "conc_B_reasons": "вне бассейна профиля: black_sea", "conc_B_model": "conc-B-c6bce5631d2b"}}, {"type": "Feature", "geometry": {"type": "Polygon", "coordinates": [[[131.77891857832006, 43.049320416548795], [131.77891451470717, 43.04923047251885], [131.77879187447633, 43.04923345268985], [131.77878374766425, 43.04905356460612], [131.77902496365655, 43.04895766014428], [131.77902902739208, 43.04904760417011], [131.77915166722795, 43.049044623755215], [131.7791597951127, 43.04922451178305], [131.77891857832006, 43.049320416548795]]]}, "properties": {"zone_id": "vladivostok-2026-06-27-227", "aoi": "vladivostok", "date": "2026-06-27", "scene_id": "S2B_MSIL2A_20260627T020649_R103_T52TGN_20260627T041901", "scene_datetime_utc": "2026-06-27T02:06:49.024000+00:00", "detection_status": "detected", "detection_status_ru": "обнаружено", "lon": 131.77897, "lat": 43.04914, "n_pixels": 2, "zone_area_km2": 0.0008, "cover_m2": 20.0, "p_mean": 0.653, "p_max": 0.706, "cover_m2_km2": 25000.0, "h3": "88316c4467fffff", "valid_frac_scene": 0.998, "wind_ms": 2.0, "sea": "спокойное", "scene_reliable": true, "field_event_id": "S4:DOORS3:T23", "field_profile": "B", "field_date": "2024-06-10", "field_distance_km": 6979.5, "field_date_gap_days": 747, "field_conc_items_km2": 102.37, "conc_A_items_km2": null, "conc_A_lo80": null, "conc_A_hi80": null, "conc_A_lo95": null, "conc_A_hi95": null, "conc_A_status": "unavailable", "conc_A_status_ru": "концентрация недоступна", "conc_A_reasons": "вне бассейна профиля: nw_atlantic_subtropical", "conc_A_model": "conc-A-c6bce5631d2b", "conc_B_items_km2": null, "conc_B_lo80": null, "conc_B_hi80": null, "conc_B_lo95": null, "conc_B_hi95": null, "conc_B_status": "unavailable", "conc_B_status_ru": "концентрация недоступна", "conc_B_reasons": "вне бассейна профиля: black_sea", "conc_B_model": "conc-B-c6bce5631d2b"}}, {"type": "Feature", "geometry": {"type": "Polygon", "coordinates": [[[131.97583539481255, 43.0490475714945], [131.97583104353856, 43.04895764302592], [131.9757084250746, 43.048960834180676], [131.9757040739993, 43.04887090570036], [131.97582669228464, 43.04886771455557], [131.97582234105076, 43.048777786083456], [131.97607192879522, 43.04886133187244], [131.97607628040643, 43.04895126032284], [131.97595366198252, 43.04895445173996], [131.97595801343513, 43.04904438019857], [131.97583539481255, 43.0490475714945]]]}, "properties": {"zone_id": "vladivostok-2026-06-27-228", "aoi": "vladivostok", "date": "2026-06-27", "scene_id": "S2B_MSIL2A_20260627T020649_R103_T52TGN_20260627T041901", "scene_datetime_utc": "2026-06-27T02:06:49.024000+00:00", "detection_status": "detected", "detection_status_ru": "обнаружено", "lon": 131.97589, "lat": 43.04891, "n_pixels": 1, "zone_area_km2": 0.0005, "cover_m2": 3.1, "p_mean": 0.827, "p_max": 0.827, "cover_m2_km2": 6200.0, "h3": "88316c08a9fffff", "valid_frac_scene": 0.998, "wind_ms": 2.0, "sea": "спокойное", "scene_reliable": true, "field_event_id": "S4:DOORS3:T23", "field_profile": "B", "field_date": "2024-06-10", "field_distance_km": 6992.8, "field_date_gap_days": 747, "field_conc_items_km2": 102.37, "conc_A_items_km2": null, "conc_A_lo80": null, "conc_A_hi80": null, "conc_A_lo95": null, "conc_A_hi95": null, "conc_A_status": "unavailable", "conc_A_status_ru": "концентрация недоступна", "conc_A_reasons": "вне бассейна профиля: nw_atlantic_subtropical", "conc_A_model": "conc-A-c6bce5631d2b", "conc_B_items_km2": null, "conc_B_lo80": null, "conc_B_hi80": null, "conc_B_lo95": null, "conc_B_hi95": null, "conc_B_status": "unavailable", "conc_B_status_ru": "концентрация недоступна", "conc_B_reasons": "вне бассейна профиля: black_sea", "conc_B_model": "conc-B-c6bce5631d2b"}}, {"type": "Feature", "geometry": {"type": "Polygon", "coordinates": [[[131.9593783548839, 43.04893443969535], [131.95937402766924, 43.04884450988336], [131.95925140760136, 43.04884768339895], [131.95924708058527, 43.048757753575266], [131.9593697004745, 43.04875458006959], [131.95936537329965, 43.04866465025407], [131.9596106126611, 43.04865830286896], [131.95961494019323, 43.04874823266466], [131.95973756002272, 43.048745058765405], [131.95974188775344, 43.0488349885494], [131.95961926774527, 43.04883816245859], [131.95962359531725, 43.048928092250755], [131.9593783548839, 43.04893443969535]]]}, "properties": {"zone_id": "vladivostok-2026-06-27-229", "aoi": "vladivostok", "date": "2026-06-27", "scene_id": "S2B_MSIL2A_20260627T020649_R103_T52TGN_20260627T041901", "scene_datetime_utc": "2026-06-27T02:06:49.024000+00:00", "detection_status": "detected", "detection_status_ru": "обнаружено", "lon": 131.95949, "lat": 43.0488, "n_pixels": 2, "zone_area_km2": 0.0008, "cover_m2": 8.2, "p_mean": 0.661, "p_max": 0.678, "cover_m2_km2": 10250.0, "h3": "88316c09d3fffff", "valid_frac_scene": 0.998, "wind_ms": 2.0, "sea": "спокойное", "scene_reliable": true, "field_event_id": "S4:DOORS3:T23", "field_profile": "B", "field_date": "2024-06-10", "field_distance_km": 6991.7, "field_date_gap_days": 747, "field_conc_items_km2": 102.37, "conc_A_items_km2": null, "conc_A_lo80": null, "conc_A_hi80": null, "conc_A_lo95": null, "conc_A_hi95": null, "conc_A_status": "unavailable", "conc_A_status_ru": "концентрация недоступна", "conc_A_reasons": "вне бассейна профиля: nw_atlantic_subtropical", "conc_A_model": "conc-A-c6bce5631d2b", "conc_B_items_km2": null, "conc_B_lo80": null, "conc_B_hi80": null, "conc_B_lo95": null, "conc_B_hi95": null, "conc_B_status": "unavailable", "conc_B_status_ru": "концентрация недоступна", "conc_B_reasons": "вне бассейна профиля: black_sea", "conc_B_model": "conc-B-c6bce5631d2b"}}, {"type": "Feature", "geometry": {"type": "Polygon", "coordinates": [[[131.77840770226754, 43.04888261612916], [131.77840363946325, 43.048792672053295], [131.7782810000515, 43.048795651652696], [131.77827693744467, 43.0487057075658], [131.77839957667769, 43.048702727975716], [131.7783955139108, 43.048612783896395], [131.77864485508758, 43.048696768401754], [131.77864891823072, 43.048786712460725], [131.77852627885633, 43.04878969232263], [131.7785303418394, 43.04887963638919], [131.77840770226754, 43.04888261612916]]]}, "properties": {"zone_id": "vladivostok-2026-06-27-230", "aoi": "vladivostok", "date": "2026-06-27", "scene_id": "S2B_MSIL2A_20260627T020649_R103_T52TGN_20260627T041901", "scene_datetime_utc": "2026-06-27T02:06:49.024000+00:00", "detection_status": "detected", "detection_status_ru": "обнаружено", "lon": 131.77846, "lat": 43.04875, "n_pixels": 1, "zone_area_km2": 0.0005, "cover_m2": 11.4, "p_mean": 0.745, "p_max": 0.745, "cover_m2_km2": 22800.0, "h3": "88316c4467fffff", "valid_frac_scene": 0.998, "wind_ms": 2.0, "sea": "спокойное", "scene_reliable": true, "field_event_id": "S4:DOORS3:T23", "field_profile": "B", "field_date": "2024-06-10", "field_distance_km": 6979.5, "field_date_gap_days": 747, "field_conc_items_km2": 102.37, "conc_A_items_km2": null, "conc_A_lo80": null, "conc_A_hi80": null, "conc_A_lo95": null, "conc_A_hi95": null, "conc_A_status": "unavailable", "conc_A_status_ru": "концентрация недоступна", "conc_A_reasons": "вне бассейна профиля: nw_atlantic_subtropical", "conc_A_model": "conc-A-c6bce5631d2b", "conc_B_items_km2": null, "conc_B_lo80": null, "conc_B_hi80": null, "conc_B_lo95": null, "conc_B_hi95": null, "conc_B_status": "unavailable", "conc_B_status_ru": "концентрация недоступна", "conc_B_reasons": "вне бассейна профиля: black_sea", "conc_B_model": "conc-B-c6bce5631d2b"}}, {"type": "Feature", "geometry": {"type": "Polygon", "coordinates": [[[131.9786512626815, 43.04888421025878], [131.9786469073187, 43.04879428201794], [131.97852428949417, 43.04879747618001], [131.97851993433008, 43.048707547927414], [131.97864255197598, 43.04870435377533], [131.9786381966533, 43.048614425530936], [131.97888778720767, 43.04869796507758], [131.97889214290768, 43.04878789330022], [131.97876952512325, 43.04879108772468], [131.97877388066468, 43.048881015955544], [131.9786512626815, 43.04888421025878]]]}, "properties": {"zone_id": "vladivostok-2026-06-27-231", "aoi": "vladivostok", "date": "2026-06-27", "scene_id": "S2B_MSIL2A_20260627T020649_R103_T52TGN_20260627T041901", "scene_datetime_utc": "2026-06-27T02:06:49.024000+00:00", "detection_status": "detected", "detection_status_ru": "обнаружено", "lon": 131.97871, "lat": 43.04875, "n_pixels": 1, "zone_area_km2": 0.0005, "cover_m2": 7.8, "p_mean": 0.898, "p_max": 0.898, "cover_m2_km2": 15600.0, "h3": "88316c08a9fffff", "valid_frac_scene": 0.998, "wind_ms": 2.0, "sea": "спокойное", "scene_reliable": true, "field_event_id": "S4:DOORS3:T23", "field_profile": "B", "field_date": "2024-06-10", "field_distance_km": 6993.0, "field_date_gap_days": 747, "field_conc_items_km2": 102.37, "conc_A_items_km2": null, "conc_A_lo80": null, "conc_A_hi80": null, "conc_A_lo95": null, "conc_A_hi95": null, "conc_A_status": "unavailable", "conc_A_status_ru": "концентрация недоступна", "conc_A_reasons": "вне бассейна профиля: nw_atlantic_subtropical", "conc_A_model": "conc-A-c6bce5631d2b", "conc_B_items_km2": null, "conc_B_lo80": null, "conc_B_hi80": null, "conc_B_lo95": null, "conc_B_hi95": null, "conc_B_status": "unavailable", "conc_B_status_ru": "концентрация недоступна", "conc_B_reasons": "вне бассейна профиля: black_sea", "conc_B_model": "conc-B-c6bce5631d2b"}}, {"type": "Feature", "geometry": {"type": "Polygon", "coordinates": [[[131.9716489690555, 43.048796282258294], [131.97164462393562, 43.04870635344375], [131.97152200550593, 43.04870954009827], [131.97151766058468, 43.048619611272], [131.97164027883574, 43.048616424627454], [131.9716359337559, 43.04852649580938], [131.9718855152779, 43.048610050944774], [131.9718898607351, 43.04869997974116], [131.97176724234538, 43.04870316665806], [131.97177158764387, 43.04879309546263], [131.9716489690555, 43.048796282258294]]]}, "properties": {"zone_id": "vladivostok-2026-06-27-232", "aoi": "vladivostok", "date": "2026-06-27", "scene_id": "S2B_MSIL2A_20260627T020649_R103_T52TGN_20260627T041901", "scene_datetime_utc": "2026-06-27T02:06:49.024000+00:00", "detection_status": "detected", "detection_status_ru": "обнаружено", "lon": 131.9717, "lat": 43.04866, "n_pixels": 1, "zone_area_km2": 0.0005, "cover_m2": 3.1, "p_mean": 0.961, "p_max": 0.961, "cover_m2_km2": 6200.0, "h3": "88316c08adfffff", "valid_frac_scene": 0.998, "wind_ms": 2.0, "sea": "спокойное", "scene_reliable": true, "field_event_id": "S4:DOORS3:T23", "field_profile": "B", "field_date": "2024-06-10", "field_distance_km": 6992.5, "field_date_gap_days": 747, "field_conc_items_km2": 102.37, "conc_A_items_km2": null, "conc_A_lo80": null, "conc_A_hi80": null, "conc_A_lo95": null, "conc_A_hi95": null, "conc_A_status": "unavailable", "conc_A_status_ru": "концентрация недоступна", "conc_A_reasons": "вне бассейна профиля: nw_atlantic_subtropical", "conc_A_model": "conc-A-c6bce5631d2b", "conc_B_items_km2": null, "conc_B_lo80": null, "conc_B_hi80": null, "conc_B_lo95": null, "conc_B_hi95": null, "conc_B_status": "unavailable", "conc_B_status_ru": "концентрация недоступна", "conc_B_reasons": "вне бассейна профиля: black_sea", "conc_B_model": "conc-B-c6bce5631d2b"}}, {"type": "Feature", "geometry": {"type": "Polygon", "coordinates": [[[131.9291703444207, 43.04881185083925], [131.92916606135617, 43.04872191858199], [131.92904343820112, 43.04872505972417], [131.9290348724886, 43.04854519518475], [131.92927583488026, 43.04844898055573], [131.92928011806433, 43.04853891280847], [131.9294027408226, 43.04853577142352], [131.92941130760718, 43.04871563590403], [131.9291703444207, 43.04881185083925]]]}, "properties": {"zone_id": "vladivostok-2026-06-27-233", "aoi": "vladivostok", "date": "2026-06-27", "scene_id": "S2B_MSIL2A_20260627T020649_R103_T52TGN_20260627T041901", "scene_datetime_utc": "2026-06-27T02:06:49.024000+00:00", "detection_status": "detected", "detection_status_ru": "обнаружено", "lon": 131.92922, "lat": 43.04863, "n_pixels": 2, "zone_area_km2": 0.0008, "cover_m2": 11.8, "p_mean": 0.851, "p_max": 0.965, "cover_m2_km2": 14750.0, "h3": "88316c0981fffff", "valid_frac_scene": 0.998, "wind_ms": 2.0, "sea": "спокойное", "scene_reliable": true, "field_event_id": "S4:DOORS3:T23", "field_profile": "B", "field_date": "2024-06-10", "field_distance_km": 6989.6, "field_date_gap_days": 747, "field_conc_items_km2": 102.37, "conc_A_items_km2": null, "conc_A_lo80": null, "conc_A_hi80": null, "conc_A_lo95": null, "conc_A_hi95": null, "conc_A_status": "unavailable", "conc_A_status_ru": "концентрация недоступна", "conc_A_reasons": "вне бассейна профиля: nw_atlantic_subtropical", "conc_A_model": "conc-A-c6bce5631d2b", "conc_B_items_km2": null, "conc_B_lo80": null, "conc_B_hi80": null, "conc_B_lo95": null, "conc_B_hi95": null, "conc_B_status": "unavailable", "conc_B_status_ru": "концентрация недоступна", "conc_B_reasons": "вне бассейна профиля: black_sea", "conc_B_model": "conc-B-c6bce5631d2b"}}, {"type": "Feature", "geometry": {"type": "Polygon", "coordinates": [[[131.98048617228142, 43.04874635384457], [131.98048181425904, 43.04865642575174], [131.98035919691384, 43.0486596218716], [131.98035483909015, 43.048569693767014], [131.9804774562567, 43.04856649765713], [131.98047309827442, 43.048476569560755], [131.98071833219004, 43.04847017696742], [131.9807226905296, 43.04856010504383], [131.98084530763597, 43.04855690854041], [131.9808496661742, 43.04864683660504], [131.9807270488892, 43.048650033118456], [131.98073140726888, 43.048739961191295], [131.98048617228142, 43.04874635384457]]]}, "properties": {"zone_id": "vladivostok-2026-06-27-234", "aoi": "vladivostok", "date": "2026-06-27", "scene_id": "S2B_MSIL2A_20260627T020649_R103_T52TGN_20260627T041901", "scene_datetime_utc": "2026-06-27T02:06:49.024000+00:00", "detection_status": "detected", "detection_status_ru": "обнаружено", "lon": 131.9806, "lat": 43.04861, "n_pixels": 2, "zone_area_km2": 0.0008, "cover_m2": 6.7, "p_mean": 0.773, "p_max": 0.882, "cover_m2_km2": 8375.0, "h3": "88316c08abfffff", "valid_frac_scene": 0.998, "wind_ms": 2.0, "sea": "спокойное", "scene_reliable": true, "field_event_id": "S4:DOORS3:T23", "field_profile": "B", "field_date": "2024-06-10", "field_distance_km": 6993.1, "field_date_gap_days": 747, "field_conc_items_km2": 102.37, "conc_A_items_km2": null, "conc_A_lo80": null, "conc_A_hi80": null, "conc_A_lo95": null, "conc_A_hi95": null, "conc_A_status": "unavailable", "conc_A_status_ru": "концентрация недоступна", "conc_A_reasons": "вне бассейна профиля: nw_atlantic_subtropical", "conc_A_model": "conc-A-c6bce5631d2b", "conc_B_items_km2": null, "conc_B_lo80": null, "conc_B_hi80": null, "conc_B_lo95": null, "conc_B_hi95": null, "conc_B_status": "unavailable", "conc_B_status_ru": "концентрация недоступна", "conc_B_reasons": "вне бассейна профиля: black_sea", "conc_B_model": "conc-B-c6bce5631d2b"}}, {"type": "Feature", "geometry": {"type": "Polygon", "coordinates": [[[131.91921217934018, 43.0485262607122], [131.91920791086662, 43.04843632765049], [131.91908528718974, 43.0484394581063], [131.9190810189145, 43.04834952503305], [131.91920364241273, 43.04834639458703], [131.91919937397847, 43.048256461521795], [131.91944462055858, 43.048250200255694], [131.91944035178665, 43.048160267208274], [131.91956297486854, 43.048157136388205], [131.91955870593753, 43.048067203348815], [131.91980822097347, 43.048150874354455], [131.9198167596091, 43.04833074038883], [131.9196941362091, 43.04833387149087], [131.91969840537774, 43.048423804515195], [131.91921217934018, 43.0485262607122]]]}, "properties": {"zone_id": "vladivostok-2026-06-27-235", "aoi": "vladivostok", "date": "2026-06-27", "scene_id": "S2B_MSIL2A_20260627T020649_R103_T52TGN_20260627T041901", "scene_datetime_utc": "2026-06-27T02:06:49.024000+00:00", "detection_status": "detected", "detection_status_ru": "обнаружено", "lon": 131.91948, "lat": 43.04832, "n_pixels": 4, "zone_area_km2": 0.0016, "cover_m2": 27.1, "p_mean": 0.631, "p_max": 0.796, "cover_m2_km2": 16937.5, "h3": "88316c0985fffff", "valid_frac_scene": 0.998, "wind_ms": 2.0, "sea": "спокойное", "scene_reliable": true, "field_event_id": "S4:DOORS3:T23", "field_profile": "B", "field_date": "2024-06-10", "field_distance_km": 6989.0, "field_date_gap_days": 747, "field_conc_items_km2": 102.37, "conc_A_items_km2": null, "conc_A_lo80": null, "conc_A_hi80": null, "conc_A_lo95": null, "conc_A_hi95": null, "conc_A_status": "unavailable", "conc_A_status_ru": "концентрация недоступна", "conc_A_reasons": "вне бассейна профиля: nw_atlantic_subtropical", "conc_A_model": "conc-A-c6bce5631d2b", "conc_B_items_km2": null, "conc_B_lo80": null, "conc_B_hi80": null, "conc_B_lo95": null, "conc_B_hi95": null, "conc_B_status": "unavailable", "conc_B_status_ru": "концентрация недоступна", "conc_B_reasons": "вне бассейна профиля: black_sea", "conc_B_model": "conc-B-c6bce5631d2b"}}, {"type": "Feature", "geometry": {"type": "Polygon", "coordinates": [[[131.77789683353416, 43.04844481319363], [131.7778927715385, 43.04835486907189], [131.77777013294573, 43.0483578480997], [131.7777660711475, 43.0482679039669], [131.77788870956147, 43.048264924948406], [131.77788464760314, 43.04817498082319], [131.7781299240174, 43.04816902241105], [131.77813398633327, 43.04825896651763], [131.77825662469112, 43.04825598710538], [131.77826068720444, 43.04834593120091], [131.7781380486678, 43.048348910622494], [131.77814211102105, 43.04843885472562], [131.77789683353416, 43.04844481319363]]]}, "properties": {"zone_id": "vladivostok-2026-06-27-236", "aoi": "vladivostok", "date": "2026-06-27", "scene_id": "S2B_MSIL2A_20260627T020649_R103_T52TGN_20260627T041901", "scene_datetime_utc": "2026-06-27T02:06:49.024000+00:00", "detection_status": "detected", "detection_status_ru": "обнаружено", "lon": 131.77801, "lat": 43.04831, "n_pixels": 2, "zone_area_km2": 0.0008, "cover_m2": 17.3, "p_mean": 0.676, "p_max": 0.808, "cover_m2_km2": 21625.0, "h3": "88316c4467fffff", "valid_frac_scene": 0.998, "wind_ms": 2.0, "sea": "спокойное", "scene_reliable": true, "field_event_id": "S4:DOORS3:T23", "field_profile": "B", "field_date": "2024-06-10", "field_distance_km": 6979.5, "field_date_gap_days": 747, "field_conc_items_km2": 102.37, "conc_A_items_km2": null, "conc_A_lo80": null, "conc_A_hi80": null, "conc_A_lo95": null, "conc_A_hi95": null, "conc_A_status": "unavailable", "conc_A_status_ru": "концентрация недоступна", "conc_A_reasons": "вне бассейна профиля: nw_atlantic_subtropical", "conc_A_model": "conc-A-c6bce5631d2b", "conc_B_items_km2": null, "conc_B_lo80": null, "conc_B_hi80": null, "conc_B_lo95": null, "conc_B_hi95": null, "conc_B_status": "unavailable", "conc_B_status_ru": "концентрация недоступна", "conc_B_reasons": "вне бассейна профиля: black_sea", "conc_B_model": "conc-B-c6bce5631d2b"}}, {"type": "Feature", "geometry": {"type": "Polygon", "coordinates": [[[131.9295167964981, 43.04835276543945], [131.92951251299613, 43.04826283320285], [131.92938989079357, 43.04826597468953], [131.92938560748996, 43.04817604244135], [131.92950822951386, 43.048172900964474], [131.9295039460513, 43.04808296872435], [131.92975347350253, 43.04816661761713], [131.92975775734214, 43.04825654983587], [131.92963513517898, 43.04825969158495], [131.92963941885964, 43.04834962381173], [131.9295167964981, 43.04835276543945]]]}, "properties": {"zone_id": "vladivostok-2026-06-27-237", "aoi": "vladivostok", "date": "2026-06-27", "scene_id": "S2B_MSIL2A_20260627T020649_R103_T52TGN_20260627T041901", "scene_datetime_utc": "2026-06-27T02:06:49.024000+00:00", "detection_status": "detected", "detection_status_ru": "обнаружено", "lon": 131.92957, "lat": 43.04822, "n_pixels": 1, "zone_area_km2": 0.0005, "cover_m2": 7.1, "p_mean": 0.533, "p_max": 0.533, "cover_m2_km2": 14200.0, "h3": "88316c0981fffff", "valid_frac_scene": 0.998, "wind_ms": 2.0, "sea": "спокойное", "scene_reliable": true, "field_event_id": "S4:DOORS3:T23", "field_profile": "B", "field_date": "2024-06-10", "field_distance_km": 6989.7, "field_date_gap_days": 747, "field_conc_items_km2": 102.37, "conc_A_items_km2": null, "conc_A_lo80": null, "conc_A_hi80": null, "conc_A_lo95": null, "conc_A_hi95": null, "conc_A_status": "unavailable", "conc_A_status_ru": "концентрация недоступна", "conc_A_reasons": "вне бассейна профиля: nw_atlantic_subtropical", "conc_A_model": "conc-A-c6bce5631d2b", "conc_B_items_km2": null, "conc_B_lo80": null, "conc_B_hi80": null, "conc_B_lo95": null, "conc_B_hi95": null, "conc_B_status": "unavailable", "conc_B_status_ru": "концентрация недоступна", "conc_B_reasons": "вне бассейна профиля: black_sea", "conc_B_model": "conc-B-c6bce5631d2b"}}, {"type": "Feature", "geometry": {"type": "Polygon", "coordinates": [[[131.63387869975293, 43.04834075030522], [131.63387484821104, 43.048250795475575], [131.63375219522825, 43.04825362016003], [131.63374834388293, 43.048163665319876], [131.63387099668688, 43.04816084064424], [131.6338671451804, 43.04807088581122], [131.63411630224155, 43.04815519089909], [131.63412015412342, 43.048245145712755], [131.63399750117608, 43.048247970659816], [131.63400135289683, 43.04833792548063], [131.63387869975293, 43.04834075030522]]]}, "properties": {"zone_id": "vladivostok-2026-06-27-238", "aoi": "vladivostok", "date": "2026-06-27", "scene_id": "S2B_MSIL2A_20260627T020649_R103_T52TGN_20260627T041901", "scene_datetime_utc": "2026-06-27T02:06:49.024000+00:00", "detection_status": "detected", "detection_status_ru": "обнаружено", "lon": 131.63393, "lat": 43.0482, "n_pixels": 1, "zone_area_km2": 0.0005, "cover_m2": 2.7, "p_mean": 0.541, "p_max": 0.541, "cover_m2_km2": 5400.0, "h3": "88316c4f59fffff", "valid_frac_scene": 0.998, "wind_ms": 2.0, "sea": "спокойное", "scene_reliable": true, "field_event_id": "S4:DOORS3:T23", "field_profile": "B", "field_date": "2024-06-10", "field_distance_km": 6969.7, "field_date_gap_days": 747, "field_conc_items_km2": 102.37, "conc_A_items_km2": null, "conc_A_lo80": null, "conc_A_hi80": null, "conc_A_lo95": null, "conc_A_hi95": null, "conc_A_status": "unavailable", "conc_A_status_ru": "концентрация недоступна", "conc_A_reasons": "вне бассейна профиля: nw_atlantic_subtropical", "conc_A_model": "conc-A-c6bce5631d2b", "conc_B_items_km2": null, "conc_B_lo80": null, "conc_B_hi80": null, "conc_B_lo95": null, "conc_B_hi95": null, "conc_B_status": "unavailable", "conc_B_status_ru": "концентрация недоступна", "conc_B_reasons": "вне бассейна профиля: black_sea", "conc_B_model": "conc-B-c6bce5631d2b"}}, {"type": "Feature", "geometry": {"type": "Polygon", "coordinates": [[[131.7766663847701, 43.04838465344358], [131.7766623245807, 43.048294709227], [131.77641298754716, 43.04821072027074], [131.77640892775273, 43.04812077603208], [131.77653156601477, 43.04811779847599], [131.77652750606023, 43.048027854244914], [131.77677684248275, 43.04811184297005], [131.7767809028135, 43.04820178718077], [131.7769035411982, 43.04819880922163], [131.7769076017264, 43.04828875342132], [131.7767849631629, 43.04829173138979], [131.77678902353105, 43.048381675597064], [131.7766663847701, 43.04838465344358]]]}, "properties": {"zone_id": "vladivostok-2026-06-27-239", "aoi": "vladivostok", "date": "2026-06-27", "scene_id": "S2B_MSIL2A_20260627T020649_R103_T52TGN_20260627T041901", "scene_datetime_utc": "2026-06-27T02:06:49.024000+00:00", "detection_status": "detected", "detection_status_ru": "обнаружено", "lon": 131.77666, "lat": 43.0482, "n_pixels": 2, "zone_area_km2": 0.0008, "cover_m2": 8.2, "p_mean": 0.778, "p_max": 0.851, "cover_m2_km2": 10250.0, "h3": "88316c4467fffff", "valid_frac_scene": 0.998, "wind_ms": 2.0, "sea": "спокойное", "scene_reliable": true, "field_event_id": "S4:DOORS3:T23", "field_profile": "B", "field_date": "2024-06-10", "field_distance_km": 6979.4, "field_date_gap_days": 747, "field_conc_items_km2": 102.37, "conc_A_items_km2": null, "conc_A_lo80": null, "conc_A_hi80": null, "conc_A_lo95": null, "conc_A_hi95": null, "conc_A_status": "unavailable", "conc_A_status_ru": "концентрация недоступна", "conc_A_reasons": "вне бассейна профиля: nw_atlantic_subtropical", "conc_A_model": "conc-A-c6bce5631d2b", "conc_B_items_km2": null, "conc_B_lo80": null, "conc_B_hi80": null, "conc_B_lo95": null, "conc_B_hi95": null, "conc_B_status": "unavailable", "conc_B_status_ru": "концентрация недоступна", "conc_B_reasons": "вне бассейна профиля: black_sea", "conc_B_model": "conc-B-c6bce5631d2b"}}, {"type": "Feature", "geometry": {"type": "Polygon", "coordinates": [[[131.91146980935912, 43.04836348907721], [131.911465552221, 43.04827355539286], [131.9113429280229, 43.04827667754357], [131.91133441416272, 43.048096810150064], [131.91157540456658, 43.0480006320766], [131.9115796618246, 43.04809056575647], [131.91170228562615, 43.04808744336287], [131.91171080055838, 43.04826731069781], [131.91146980935912, 43.04836348907721]]]}, "properties": {"zone_id": "vladivostok-2026-06-27-240", "aoi": "vladivostok", "date": "2026-06-27", "scene_id": "S2B_MSIL2A_20260627T020649_R103_T52TGN_20260627T041901", "scene_datetime_utc": "2026-06-27T02:06:49.024000+00:00", "detection_status": "detected", "detection_status_ru": "обнаружено", "lon": 131.91152, "lat": 43.04818, "n_pixels": 2, "zone_area_km2": 0.0008, "cover_m2": 11.4, "p_mean": 0.567, "p_max": 0.584, "cover_m2_km2": 14250.0, "h3": "88316c09a9fffff", "valid_frac_scene": 0.998, "wind_ms": 2.0, "sea": "спокойное", "scene_reliable": true, "field_event_id": "S4:DOORS3:T23", "field_profile": "B", "field_date": "2024-06-10", "field_distance_km": 6988.5, "field_date_gap_days": 747, "field_conc_items_km2": 102.37, "conc_A_items_km2": null, "conc_A_lo80": null, "conc_A_hi80": null, "conc_A_lo95": null, "conc_A_hi95": null, "conc_A_status": "unavailable", "conc_A_status_ru": "концентрация недоступна", "conc_A_reasons": "вне бассейна профиля: nw_atlantic_subtropical", "conc_A_model": "conc-A-c6bce5631d2b", "conc_B_items_km2": null, "conc_B_lo80": null, "conc_B_hi80": null, "conc_B_lo95": null, "conc_B_hi95": null, "conc_B_status": "unavailable", "conc_B_status_ru": "концентрация недоступна", "conc_B_reasons": "вне бассейна профиля: black_sea", "conc_B_model": "conc-B-c6bce5631d2b"}}, {"type": "Feature", "geometry": {"type": "Polygon", "coordinates": [[[131.92177873133605, 43.048280624912195], [131.9217744591496, 43.04819069205253], [131.92165183624277, 43.048193825244056], [131.9216475642546, 43.04810389237283], [131.92177018698277, 43.048100759191094], [131.92176591483565, 43.04801082632792], [131.9220154323801, 43.04809449243401], [131.92201970490427, 43.048184425275856], [131.92189708203676, 43.04818755872979], [131.9219013544019, 43.04827749157967], [131.92177873133605, 43.048280624912195]]]}, "properties": {"zone_id": "vladivostok-2026-06-27-241", "aoi": "vladivostok", "date": "2026-06-27", "scene_id": "S2B_MSIL2A_20260627T020649_R103_T52TGN_20260627T041901", "scene_datetime_utc": "2026-06-27T02:06:49.024000+00:00", "detection_status": "detected", "detection_status_ru": "обнаружено", "lon": 131.92183, "lat": 43.04814, "n_pixels": 1, "zone_area_km2": 0.0005, "cover_m2": 5.5, "p_mean": 0.835, "p_max": 0.835, "cover_m2_km2": 11000.0, "h3": "88316c0985fffff", "valid_frac_scene": 0.998, "wind_ms": 2.0, "sea": "спокойное", "scene_reliable": true, "field_event_id": "S4:DOORS3:T23", "field_profile": "B", "field_date": "2024-06-10", "field_distance_km": 6989.2, "field_date_gap_days": 747, "field_conc_items_km2": 102.37, "conc_A_items_km2": null, "conc_A_lo80": null, "conc_A_hi80": null, "conc_A_lo95": null, "conc_A_hi95": null, "conc_A_status": "unavailable", "conc_A_status_ru": "концентрация недоступна", "conc_A_reasons": "вне бассейна профиля: nw_atlantic_subtropical", "conc_A_model": "conc-A-c6bce5631d2b", "conc_B_items_km2": null, "conc_B_lo80": null, "conc_B_hi80": null, "conc_B_lo95": null, "conc_B_hi95": null, "conc_B_status": "unavailable", "conc_B_status_ru": "концентрация недоступна", "conc_B_reasons": "вне бассейна профиля: black_sea", "conc_B_model": "conc-B-c6bce5631d2b"}}, {"type": "Feature", "geometry": {"type": "Polygon", "coordinates": [[[131.94019346626453, 43.048258815766815], [131.94018916717897, 43.04816888438952], [131.94006654633722, 43.04817203731019], [131.9400622474501, 43.048082105921296], [131.94018486811322, 43.04807895301048], [131.94018056906722, 43.047989021629675], [131.94043010938006, 43.048072646795255], [131.94043440880318, 43.048162578154596], [131.94031178800097, 43.04816573133766], [131.9403160872652, 43.048255662705095], [131.94019346626453, 43.048258815766815]]]}, "properties": {"zone_id": "vladivostok-2026-06-27-242", "aoi": "vladivostok", "date": "2026-06-27", "scene_id": "S2B_MSIL2A_20260627T020649_R103_T52TGN_20260627T041901", "scene_datetime_utc": "2026-06-27T02:06:49.024000+00:00", "detection_status": "detected", "detection_status_ru": "обнаружено", "lon": 131.94025, "lat": 43.04812, "n_pixels": 1, "zone_area_km2": 0.0005, "cover_m2": 5.9, "p_mean": 0.749, "p_max": 0.749, "cover_m2_km2": 11800.0, "h3": "88316c098bfffff", "valid_frac_scene": 0.998, "wind_ms": 2.0, "sea": "спокойное", "scene_reliable": true, "field_event_id": "S4:DOORS3:T23", "field_profile": "B", "field_date": "2024-06-10", "field_distance_km": 6990.4, "field_date_gap_days": 747, "field_conc_items_km2": 102.37, "conc_A_items_km2": null, "conc_A_lo80": null, "conc_A_hi80": null, "conc_A_lo95": null, "conc_A_hi95": null, "conc_A_status": "unavailable", "conc_A_status_ru": "концентрация недоступна", "conc_A_reasons": "вне бассейна профиля: nw_atlantic_subtropical", "conc_A_model": "conc-A-c6bce5631d2b", "conc_B_items_km2": null, "conc_B_lo80": null, "conc_B_hi80": null, "conc_B_lo95": null, "conc_B_hi95": null, "conc_B_status": "unavailable", "conc_B_status_ru": "концентрация недоступна", "conc_B_reasons": "вне бассейна профиля: black_sea", "conc_B_model": "conc-B-c6bce5631d2b"}}, {"type": "Feature", "geometry": {"type": "Polygon", "coordinates": [[[131.77590619739172, 43.0478628521059], [131.77590213838707, 43.04777290782311], [131.77577950074667, 43.04777588468572], [131.7757754419395, 43.0476859403919], [131.77589807940112, 43.0476829635386], [131.7758940204338, 43.04759301925236], [131.77614335426833, 43.04767700943827], [131.7761474136118, 43.047766953704155], [131.77602477600877, 43.04776993082926], [131.7760288351922, 43.047859875102745], [131.77590619739172, 43.0478628521059]]]}, "properties": {"zone_id": "vladivostok-2026-06-27-243", "aoi": "vladivostok", "date": "2026-06-27", "scene_id": "S2B_MSIL2A_20260627T020649_R103_T52TGN_20260627T041901", "scene_datetime_utc": "2026-06-27T02:06:49.024000+00:00", "detection_status": "detected", "detection_status_ru": "обнаружено", "lon": 131.77596, "lat": 43.04773, "n_pixels": 1, "zone_area_km2": 0.0005, "cover_m2": 3.1, "p_mean": 0.984, "p_max": 0.984, "cover_m2_km2": 6200.0, "h3": "88316c4467fffff", "valid_frac_scene": 0.998, "wind_ms": 2.0, "sea": "спокойное", "scene_reliable": true, "field_event_id": "S4:DOORS3:T23", "field_profile": "B", "field_date": "2024-06-10", "field_distance_km": 6979.4, "field_date_gap_days": 747, "field_conc_items_km2": 102.37, "conc_A_items_km2": null, "conc_A_lo80": null, "conc_A_hi80": null, "conc_A_lo95": null, "conc_A_hi95": null, "conc_A_status": "unavailable", "conc_A_status_ru": "концентрация недоступна", "conc_A_reasons": "вне бассейна профиля: nw_atlantic_subtropical", "conc_A_model": "conc-A-c6bce5631d2b", "conc_B_items_km2": null, "conc_B_lo80": null, "conc_B_hi80": null, "conc_B_lo95": null, "conc_B_hi95": null, "conc_B_status": "unavailable", "conc_B_status_ru": "концентрация недоступна", "conc_B_reasons": "вне бассейна профиля: black_sea", "conc_B_model": "conc-B-c6bce5631d2b"}}, {"type": "Feature", "geometry": {"type": "Polygon", "coordinates": [[[131.92470029731143, 43.04775572557927], [131.9246960209352, 43.04766579294595], [131.92457339939378, 43.04766892923733], [131.9245691232159, 43.04757899659246], [131.9246917445786, 43.04757586031088], [131.9246874682417, 43.04748592767403], [131.92493271055073, 43.047479654736875], [131.92493698724496, 43.04756958735411], [131.92505960854865, 43.047566450678936], [131.9250638854412, 43.0476563832846], [131.92494126395889, 43.04765951996959], [131.92494554069248, 43.047749452583304], [131.92470029731143, 43.04775572557927]]]}, "properties": {"zone_id": "vladivostok-2026-06-27-244", "aoi": "vladivostok", "date": "2026-06-27", "scene_id": "S2B_MSIL2A_20260627T020649_R103_T52TGN_20260627T041901", "scene_datetime_utc": "2026-06-27T02:06:49.024000+00:00", "detection_status": "detected", "detection_status_ru": "обнаружено", "lon": 131.92482, "lat": 43.04762, "n_pixels": 2, "zone_area_km2": 0.0008, "cover_m2": 11.8, "p_mean": 0.586, "p_max": 0.667, "cover_m2_km2": 14750.0, "h3": "88316c0985fffff", "valid_frac_scene": 0.998, "wind_ms": 2.0, "sea": "спокойное", "scene_reliable": true, "field_event_id": "S4:DOORS3:T23", "field_profile": "B", "field_date": "2024-06-10", "field_distance_km": 6989.4, "field_date_gap_days": 747, "field_conc_items_km2": 102.37, "conc_A_items_km2": null, "conc_A_lo80": null, "conc_A_hi80": null, "conc_A_lo95": null, "conc_A_hi95": null, "conc_A_status": "unavailable", "conc_A_status_ru": "концентрация недоступна", "conc_A_reasons": "вне бассейна профиля: nw_atlantic_subtropical", "conc_A_model": "conc-A-c6bce5631d2b", "conc_B_items_km2": null, "conc_B_lo80": null, "conc_B_hi80": null, "conc_B_lo95": null, "conc_B_hi95": null, "conc_B_status": "unavailable", "conc_B_status_ru": "концентрация недоступна", "conc_B_reasons": "вне бассейна профиля: black_sea", "conc_B_model": "conc-B-c6bce5631d2b"}}, {"type": "Feature", "geometry": {"type": "Polygon", "coordinates": [[[131.9240871885144, 43.04777140577319], [131.9240829130315, 43.04768147309087], [131.92396029139172, 43.04768460872625], [131.92395174084226, 43.04750474333671], [131.92419270778493, 43.04740853929615], [131.92419698338745, 43.047498471973945], [131.92431960463054, 43.04749533609577], [131.924328156252, 43.04767520142651], [131.9240871885144, 43.04777140577319]]]}, "properties": {"zone_id": "vladivostok-2026-06-27-245", "aoi": "vladivostok", "date": "2026-06-27", "scene_id": "S2B_MSIL2A_20260627T020649_R103_T52TGN_20260627T041901", "scene_datetime_utc": "2026-06-27T02:06:49.024000+00:00", "detection_status": "detected", "detection_status_ru": "обнаружено", "lon": 131.92414, "lat": 43.04759, "n_pixels": 2, "zone_area_km2": 0.0008, "cover_m2": 12.2, "p_mean": 0.767, "p_max": 0.918, "cover_m2_km2": 15250.0, "h3": "88316c0985fffff", "valid_frac_scene": 0.998, "wind_ms": 2.0, "sea": "спокойное", "scene_reliable": true, "field_event_id": "S4:DOORS3:T23", "field_profile": "B", "field_date": "2024-06-10", "field_distance_km": 6989.4, "field_date_gap_days": 747, "field_conc_items_km2": 102.37, "conc_A_items_km2": null, "conc_A_lo80": null, "conc_A_hi80": null, "conc_A_lo95": null, "conc_A_hi95": null, "conc_A_status": "unavailable", "conc_A_status_ru": "концентрация недоступна", "conc_A_reasons": "вне бассейна профиля: nw_atlantic_subtropical", "conc_A_model": "conc-A-c6bce5631d2b", "conc_B_items_km2": null, "conc_B_lo80": null, "conc_B_hi80": null, "conc_B_lo95": null, "conc_B_hi95": null, "conc_B_status": "unavailable", "conc_B_status_ru": "концентрация недоступна", "conc_B_reasons": "вне бассейна профиля: black_sea", "conc_B_model": "conc-B-c6bce5631d2b"}}, {"type": "Feature", "geometry": {"type": "Polygon", "coordinates": [[[131.96262844728741, 43.04758969113796], [131.96262411552814, 43.04749976156915], [131.96250149849928, 43.047502938487916], [131.96249716693856, 43.047413008907405], [131.9626197837888, 43.047409831998564], [131.96261545206937, 43.04731990242621], [131.9628606853527, 43.04731354823482], [131.96286501742938, 43.04740347778733], [131.9629876342198, 43.04740030048492], [131.96299196649505, 43.04749023002572], [131.96286934952602, 43.04749340733805], [131.96287368164258, 43.047583336887], [131.96262844728741, 43.04758969113796]]]}, "properties": {"zone_id": "vladivostok-2026-06-27-246", "aoi": "vladivostok", "date": "2026-06-27", "scene_id": "S2B_MSIL2A_20260627T020649_R103_T52TGN_20260627T041901", "scene_datetime_utc": "2026-06-27T02:06:49.024000+00:00", "detection_status": "detected", "detection_status_ru": "обнаружено", "lon": 131.96274, "lat": 43.04745, "n_pixels": 2, "zone_area_km2": 0.0008, "cover_m2": 12.5, "p_mean": 0.841, "p_max": 0.886, "cover_m2_km2": 15625.0, "h3": "88316c08a5fffff", "valid_frac_scene": 0.998, "wind_ms": 2.0, "sea": "спокойное", "scene_reliable": true, "field_event_id": "S4:DOORS3:T23", "field_profile": "B", "field_date": "2024-06-10", "field_distance_km": 6992.0, "field_date_gap_days": 747, "field_conc_items_km2": 102.37, "conc_A_items_km2": null, "conc_A_lo80": null, "conc_A_hi80": null, "conc_A_lo95": null, "conc_A_hi95": null, "conc_A_status": "unavailable", "conc_A_status_ru": "концентрация недоступна", "conc_A_reasons": "вне бассейна профиля: nw_atlantic_subtropical", "conc_A_model": "conc-A-c6bce5631d2b", "conc_B_items_km2": null, "conc_B_lo80": null, "conc_B_hi80": null, "conc_B_lo95": null, "conc_B_hi95": null, "conc_B_status": "unavailable", "conc_B_status_ru": "концентрация недоступна", "conc_B_reasons": "вне бассейна профиля: black_sea", "conc_B_model": "conc-B-c6bce5631d2b"}}, {"type": "Feature", "geometry": {"type": "Polygon", "coordinates": [[[131.92235766238048, 43.047545494402684], [131.92235338945795, 43.047455561577905], [131.9222307680788, 43.047458695347096], [131.9222264953546, 43.047368762510764], [131.92234911655507, 43.047365628751365], [131.92234484367188, 43.04727569592307], [131.92259435889704, 43.04735936083899], [131.92259863215725, 43.047449293645926], [131.92247601081743, 43.04745242767752], [131.92248028391862, 43.0475423604925], [131.92235766238048, 43.047545494402684]]]}, "properties": {"zone_id": "vladivostok-2026-06-27-247", "aoi": "vladivostok", "date": "2026-06-27", "scene_id": "S2B_MSIL2A_20260627T020649_R103_T52TGN_20260627T041901", "scene_datetime_utc": "2026-06-27T02:06:49.024000+00:00", "detection_status": "detected", "detection_status_ru": "обнаружено", "lon": 131.92241, "lat": 43.04741, "n_pixels": 1, "zone_area_km2": 0.0005, "cover_m2": 7.1, "p_mean": 0.788, "p_max": 0.788, "cover_m2_km2": 14200.0, "h3": "88316c0985fffff", "valid_frac_scene": 0.998, "wind_ms": 2.0, "sea": "спокойное", "scene_reliable": true, "field_event_id": "S4:DOORS3:T23", "field_profile": "B", "field_date": "2024-06-10", "field_distance_km": 6989.3, "field_date_gap_days": 747, "field_conc_items_km2": 102.37, "conc_A_items_km2": null, "conc_A_lo80": null, "conc_A_hi80": null, "conc_A_lo95": null, "conc_A_hi95": null, "conc_A_status": "unavailable", "conc_A_status_ru": "концентрация недоступна", "conc_A_reasons": "вне бассейна профиля: nw_atlantic_subtropical", "conc_A_model": "conc-A-c6bce5631d2b", "conc_B_items_km2": null, "conc_B_lo80": null, "conc_B_hi80": null, "conc_B_lo95": null, "conc_B_hi95": null, "conc_B_status": "unavailable", "conc_B_status_ru": "концентрация недоступна", "conc_B_reasons": "вне бассейна профиля: black_sea", "conc_B_model": "conc-B-c6bce5631d2b"}}, {"type": "Feature", "geometry": {"type": "Polygon", "coordinates": [[[131.96544430168794, 43.04742665623027], [131.96543996583983, 43.047336726888176], [131.96531734944836, 43.04733990681426], [131.96531301379886, 43.047249977460446], [131.96543563001174, 43.0472467975443], [131.96543129420354, 43.04715686819865], [131.96568086237758, 43.04724043731844], [131.965685198563, 43.04733036664244], [131.9655625822114, 43.047333546830906], [131.96556691823812, 43.04742347616305], [131.96544430168794, 43.04742665623027]]]}, "properties": {"zone_id": "vladivostok-2026-06-27-248", "aoi": "vladivostok", "date": "2026-06-27", "scene_id": "S2B_MSIL2A_20260627T020649_R103_T52TGN_20260627T041901", "scene_datetime_utc": "2026-06-27T02:06:49.024000+00:00", "detection_status": "detected", "detection_status_ru": "обнаружено", "lon": 131.9655, "lat": 43.04729, "n_pixels": 1, "zone_area_km2": 0.0005, "cover_m2": 5.5, "p_mean": 0.541, "p_max": 0.541, "cover_m2_km2": 11000.0, "h3": "88316c08adfffff", "valid_frac_scene": 0.998, "wind_ms": 2.0, "sea": "спокойное", "scene_reliable": true, "field_event_id": "S4:DOORS3:T23", "field_profile": "B", "field_date": "2024-06-10", "field_distance_km": 6992.2, "field_date_gap_days": 747, "field_conc_items_km2": 102.37, "conc_A_items_km2": null, "conc_A_lo80": null, "conc_A_hi80": null, "conc_A_lo95": null, "conc_A_hi95": null, "conc_A_status": "unavailable", "conc_A_status_ru": "концентрация недоступна", "conc_A_reasons": "вне бассейна профиля: nw_atlantic_subtropical", "conc_A_model": "conc-A-c6bce5631d2b", "conc_B_items_km2": null, "conc_B_lo80": null, "conc_B_hi80": null, "conc_B_lo95": null, "conc_B_hi95": null, "conc_B_status": "unavailable", "conc_B_status_ru": "концентрация недоступна", "conc_B_reasons": "вне бассейна профиля: black_sea", "conc_B_model": "conc-B-c6bce5631d2b"}}, {"type": "Feature", "geometry": {"type": "Polygon", "coordinates": [[[131.95585853999088, 43.047224646691284], [131.95585421817646, 43.047134716566354], [131.95573160112434, 43.04713788621039], [131.95572727950847, 43.04704795607379], [131.95584989638195, 43.04704478643967], [131.9558455746073, 43.0469548563112], [131.95609513006923, 43.04703844677786], [131.95609945222103, 43.04712837688474], [131.95597683520867, 43.04713154679113], [131.95598115720173, 43.04722147690615], [131.95585853999088, 43.047224646691284]]]}, "properties": {"zone_id": "vladivostok-2026-06-27-249", "aoi": "vladivostok", "date": "2026-06-27", "scene_id": "S2B_MSIL2A_20260627T020649_R103_T52TGN_20260627T041901", "scene_datetime_utc": "2026-06-27T02:06:49.024000+00:00", "detection_status": "detected", "detection_status_ru": "обнаружено", "lon": 131.95591, "lat": 43.04709, "n_pixels": 1, "zone_area_km2": 0.0005, "cover_m2": 7.5, "p_mean": 0.624, "p_max": 0.624, "cover_m2_km2": 15000.0, "h3": "88316c09d3fffff", "valid_frac_scene": 0.998, "wind_ms": 2.0, "sea": "спокойное", "scene_reliable": true, "field_event_id": "S4:DOORS3:T23", "field_profile": "B", "field_date": "2024-06-10", "field_distance_km": 6991.5, "field_date_gap_days": 747, "field_conc_items_km2": 102.37, "conc_A_items_km2": null, "conc_A_lo80": null, "conc_A_hi80": null, "conc_A_lo95": null, "conc_A_hi95": null, "conc_A_status": "unavailable", "conc_A_status_ru": "концентрация недоступна", "conc_A_reasons": "вне бассейна профиля: nw_atlantic_subtropical", "conc_A_model": "conc-A-c6bce5631d2b", "conc_B_items_km2": null, "conc_B_lo80": null, "conc_B_hi80": null, "conc_B_lo95": null, "conc_B_hi95": null, "conc_B_status": "unavailable", "conc_B_status_ru": "концентрация недоступна", "conc_B_reasons": "вне бассейна профиля: black_sea", "conc_B_model": "conc-B-c6bce5631d2b"}}, {"type": "Feature", "geometry": {"type": "Polygon", "coordinates": [[[131.75979205850186, 43.04717235859266], [131.75978802313892, 43.04708241307365], [131.75966538520345, 43.04708537263068], [131.75965731489075, 43.046905481569], [131.75989855454205, 43.046809616845785], [131.75990259002808, 43.0468995623607], [131.76002522756886, 43.04689660255967], [131.7600332989541, 43.04707649356584], [131.75979205850186, 43.04717235859266]]]}, "properties": {"zone_id": "vladivostok-2026-06-27-250", "aoi": "vladivostok", "date": "2026-06-27", "scene_id": "S2B_MSIL2A_20260627T020649_R103_T52TGN_20260627T041901", "scene_datetime_utc": "2026-06-27T02:06:49.024000+00:00", "detection_status": "detected", "detection_status_ru": "обнаружено", "lon": 131.75985, "lat": 43.04699, "n_pixels": 2, "zone_area_km2": 0.0008, "cover_m2": 1.6, "p_mean": 0.984, "p_max": 0.992, "cover_m2_km2": 2000.0, "h3": "88316c4551fffff", "valid_frac_scene": 0.998, "wind_ms": 2.0, "sea": "спокойное", "scene_reliable": true, "field_event_id": "S4:DOORS3:T23", "field_profile": "B", "field_date": "2024-06-10", "field_distance_km": 6978.3, "field_date_gap_days": 747, "field_conc_items_km2": 102.37, "conc_A_items_km2": null, "conc_A_lo80": null, "conc_A_hi80": null, "conc_A_lo95": null, "conc_A_hi95": null, "conc_A_status": "unavailable", "conc_A_status_ru": "концентрация недоступна", "conc_A_reasons": "вне бассейна профиля: nw_atlantic_subtropical", "conc_A_model": "conc-A-c6bce5631d2b", "conc_B_items_km2": null, "conc_B_lo80": null, "conc_B_hi80": null, "conc_B_lo95": null, "conc_B_hi95": null, "conc_B_status": "unavailable", "conc_B_status_ru": "концентрация недоступна", "conc_B_reasons": "вне бассейна профиля: black_sea", "conc_B_model": "conc-B-c6bce5631d2b"}}, {"type": "Feature", "geometry": {"type": "Polygon", "coordinates": [[[131.98076249922005, 43.046848274975346], [131.98075814108296, 43.046758346875244], [131.98063552754925, 43.04676154317885], [131.9806311696108, 43.046671615066984], [131.98075378296588, 43.04666841877336], [131.9807494248689, 43.04657849066968], [131.9809990096159, 43.04666202579254], [131.98100336809023, 43.04675195387445], [131.9808807545966, 43.04675515044043], [131.98088511291235, 43.04684507853055], [131.98076249922005, 43.046848274975346]]]}, "properties": {"zone_id": "vladivostok-2026-06-27-251", "aoi": "vladivostok", "date": "2026-06-27", "scene_id": "S2B_MSIL2A_20260627T020649_R103_T52TGN_20260627T041901", "scene_datetime_utc": "2026-06-27T02:06:49.024000+00:00", "detection_status": "detected", "detection_status_ru": "обнаружено", "lon": 131.98082, "lat": 43.04671, "n_pixels": 1, "zone_area_km2": 0.0005, "cover_m2": 5.1, "p_mean": 0.706, "p_max": 0.706, "cover_m2_km2": 10200.0, "h3": "88316c08abfffff", "valid_frac_scene": 0.998, "wind_ms": 2.0, "sea": "спокойное", "scene_reliable": true, "field_event_id": "S4:DOORS3:T23", "field_profile": "B", "field_date": "2024-06-10", "field_distance_km": 6993.2, "field_date_gap_days": 747, "field_conc_items_km2": 102.37, "conc_A_items_km2": null, "conc_A_lo80": null, "conc_A_hi80": null, "conc_A_lo95": null, "conc_A_hi95": null, "conc_A_status": "unavailable", "conc_A_status_ru": "концентрация недоступна", "conc_A_reasons": "вне бассейна профиля: nw_atlantic_subtropical", "conc_A_model": "conc-A-c6bce5631d2b", "conc_B_items_km2": null, "conc_B_lo80": null, "conc_B_hi80": null, "conc_B_lo95": null, "conc_B_hi95": null, "conc_B_status": "unavailable", "conc_B_status_ru": "концентрация недоступна", "conc_B_reasons": "вне бассейна профиля: black_sea", "conc_B_model": "conc-B-c6bce5631d2b"}}, {"type": "Feature", "geometry": {"type": "Polygon", "coordinates": [[[131.63884572424124, 43.046785553150556], [131.63884186565073, 43.04669559865616], [131.638719216257, 43.04669842858239], [131.63871535786308, 43.04660847407745], [131.63883800707796, 43.046605644160074], [131.638834148523, 43.04651568966229], [131.63907944654187, 43.04651002945134], [131.6390833054545, 43.04659998393143], [131.63920595461613, 43.04659715362017], [131.6392098137254, 43.04668710808971], [131.6390871643849, 43.04668993840982], [131.6390910233331, 43.04677989288652], [131.63884572424124, 43.046785553150556]]]}, "properties": {"zone_id": "vladivostok-2026-06-27-252", "aoi": "vladivostok", "date": "2026-06-27", "scene_id": "S2B_MSIL2A_20260627T020649_R103_T52TGN_20260627T041901", "scene_datetime_utc": "2026-06-27T02:06:49.024000+00:00", "detection_status": "detected", "detection_status_ru": "обнаружено", "lon": 131.63896, "lat": 43.04665, "n_pixels": 2, "zone_area_km2": 0.0008, "cover_m2": 5.5, "p_mean": 0.861, "p_max": 0.863, "cover_m2_km2": 6875.0, "h3": "88316c4e65fffff", "valid_frac_scene": 0.998, "wind_ms": 2.0, "sea": "спокойное", "scene_reliable": true, "field_event_id": "S4:DOORS3:T23", "field_profile": "B", "field_date": "2024-06-10", "field_distance_km": 6970.2, "field_date_gap_days": 747, "field_conc_items_km2": 102.37, "conc_A_items_km2": null, "conc_A_lo80": null, "conc_A_hi80": null, "conc_A_lo95": null, "conc_A_hi95": null, "conc_A_status": "unavailable", "conc_A_status_ru": "концентрация недоступна", "conc_A_reasons": "вне бассейна профиля: nw_atlantic_subtropical", "conc_A_model": "conc-A-c6bce5631d2b", "conc_B_items_km2": null, "conc_B_lo80": null, "conc_B_hi80": null, "conc_B_lo95": null, "conc_B_hi95": null, "conc_B_status": "unavailable", "conc_B_status_ru": "концентрация недоступна", "conc_B_reasons": "вне бассейна профиля: black_sea", "conc_B_model": "conc-B-c6bce5631d2b"}}, {"type": "Feature", "geometry": {"type": "Polygon", "coordinates": [[[131.77598012622434, 43.046780543706944], [131.77597606726513, 43.04669059941274], [131.7758534317885, 43.04669357629491], [131.77584937302672, 43.04660363198967], [131.7759720083246, 43.04660065511679], [131.77596794940274, 43.04651071081912], [131.7762172788643, 43.046594700977295], [131.77622133816234, 43.04668464525462], [131.77609870272306, 43.046687622399304], [131.77610276186104, 43.046777566684206], [131.77598012622434, 43.046780543706944]]]}, "properties": {"zone_id": "vladivostok-2026-06-27-253", "aoi": "vladivostok", "date": "2026-06-27", "scene_id": "S2B_MSIL2A_20260627T020649_R103_T52TGN_20260627T041901", "scene_datetime_utc": "2026-06-27T02:06:49.024000+00:00", "detection_status": "detected", "detection_status_ru": "обнаружено", "lon": 131.77604, "lat": 43.04664, "n_pixels": 1, "zone_area_km2": 0.0005, "cover_m2": 9.0, "p_mean": 0.639, "p_max": 0.639, "cover_m2_km2": 18000.0, "h3": "88316c4467fffff", "valid_frac_scene": 0.998, "wind_ms": 2.0, "sea": "спокойное", "scene_reliable": true, "field_event_id": "S4:DOORS3:T23", "field_profile": "B", "field_date": "2024-06-10", "field_distance_km": 6979.4, "field_date_gap_days": 747, "field_conc_items_km2": 102.37, "conc_A_items_km2": null, "conc_A_lo80": null, "conc_A_hi80": null, "conc_A_lo95": null, "conc_A_hi95": null, "conc_A_status": "unavailable", "conc_A_status_ru": "концентрация недоступна", "conc_A_reasons": "вне бассейна профиля: nw_atlantic_subtropical", "conc_A_model": "conc-A-c6bce5631d2b", "conc_B_items_km2": null, "conc_B_lo80": null, "conc_B_hi80": null, "conc_B_lo95": null, "conc_B_hi95": null, "conc_B_status": "unavailable", "conc_B_status_ru": "концентрация недоступна", "conc_B_reasons": "вне бассейна профиля: black_sea", "conc_B_model": "conc-B-c6bce5631d2b"}}, {"type": "Feature", "geometry": {"type": "Polygon", "coordinates": [[[131.63711320436838, 43.04646534181085], [131.63710934835254, 43.04637538718586], [131.63698669942553, 43.04637821523861], [131.63698284360632, 43.04628826060308], [131.63710549235446, 43.04628543255916], [131.63710163637415, 43.04619547793076], [131.63735078979752, 43.046279776077455], [131.63735464615328, 43.046369730686465], [131.63723199726178, 43.04637255900181], [131.63723585345645, 43.04646251361796], [131.63711320436838, 43.04646534181085]]]}, "properties": {"zone_id": "vladivostok-2026-06-27-254", "aoi": "vladivostok", "date": "2026-06-27", "scene_id": "S2B_MSIL2A_20260627T020649_R103_T52TGN_20260627T041901", "scene_datetime_utc": "2026-06-27T02:06:49.024000+00:00", "detection_status": "detected", "detection_status_ru": "обнаружено", "lon": 131.63717, "lat": 43.04633, "n_pixels": 1, "zone_area_km2": 0.0005, "cover_m2": 4.7, "p_mean": 0.671, "p_max": 0.671, "cover_m2_km2": 9400.0, "h3": "88316c4e65fffff", "valid_frac_scene": 0.998, "wind_ms": 2.0, "sea": "спокойное", "scene_reliable": true, "field_event_id": "S4:DOORS3:T23", "field_profile": "B", "field_date": "2024-06-10", "field_distance_km": 6970.1, "field_date_gap_days": 747, "field_conc_items_km2": 102.37, "conc_A_items_km2": null, "conc_A_lo80": null, "conc_A_hi80": null, "conc_A_lo95": null, "conc_A_hi95": null, "conc_A_status": "unavailable", "conc_A_status_ru": "концентрация недоступна", "conc_A_reasons": "вне бассейна профиля: nw_atlantic_subtropical", "conc_A_model": "conc-A-c6bce5631d2b", "conc_B_items_km2": null, "conc_B_lo80": null, "conc_B_hi80": null, "conc_B_lo95": null, "conc_B_hi95": null, "conc_B_status": "unavailable", "conc_B_status_ru": "концентрация недоступна", "conc_B_reasons": "вне бассейна профиля: black_sea", "conc_B_model": "conc-B-c6bce5631d2b"}}, {"type": "Feature", "geometry": {"type": "Polygon", "coordinates": [[[131.96797584995397, 43.04646055585756], [131.96797151055418, 43.04637062670654], [131.9678488963682, 43.04637380928801], [131.96784455716698, 43.04628388012529], [131.96796717117434, 43.046280697553776], [131.96796283181445, 43.04619076839922], [131.96821239912913, 43.04627433201719], [131.96821673886618, 43.046364261150075], [131.96809412472015, 43.04636744399391], [131.96809846429858, 43.04645737313496], [131.96797584995397, 43.04646055585756]]]}, "properties": {"zone_id": "vladivostok-2026-06-27-255", "aoi": "vladivostok", "date": "2026-06-27", "scene_id": "S2B_MSIL2A_20260627T020649_R103_T52TGN_20260627T041901", "scene_datetime_utc": "2026-06-27T02:06:49.024000+00:00", "detection_status": "detected", "detection_status_ru": "обнаружено", "lon": 131.96803, "lat": 43.04632, "n_pixels": 1, "zone_area_km2": 0.0005, "cover_m2": 3.9, "p_mean": 0.537, "p_max": 0.537, "cover_m2_km2": 7800.0, "h3": "88316c08a1fffff", "valid_frac_scene": 0.998, "wind_ms": 2.0, "sea": "спокойное", "scene_reliable": true, "field_event_id": "S4:DOORS3:T23", "field_profile": "B", "field_date": "2024-06-10", "field_distance_km": 6992.4, "field_date_gap_days": 747, "field_conc_items_km2": 102.37, "conc_A_items_km2": null, "conc_A_lo80": null, "conc_A_hi80": null, "conc_A_lo95": null, "conc_A_hi95": null, "conc_A_status": "unavailable", "conc_A_status_ru": "концентрация недоступна", "conc_A_reasons": "вне бассейна профиля: nw_atlantic_subtropical", "conc_A_model": "conc-A-c6bce5631d2b", "conc_B_items_km2": null, "conc_B_lo80": null, "conc_B_hi80": null, "conc_B_lo95": null, "conc_B_hi95": null, "conc_B_status": "unavailable", "conc_B_status_ru": "концентрация недоступна", "conc_B_reasons": "вне бассейна профиля: black_sea", "conc_B_model": "conc-B-c6bce5631d2b"}}, {"type": "Feature", "geometry": {"type": "Polygon", "coordinates": [[[131.7703186132582, 43.04646762124643], [131.77031456261494, 43.04637767651595], [131.77019192717358, 43.04638064731426], [131.7701838263005, 43.04620075782956], [131.77042504568348, 43.04610487141249], [131.77042909644953, 43.04619481613886], [131.77055173149608, 43.04619184509662], [131.7705598334417, 43.04637173452561], [131.7703186132582, 43.04646762124643]]]}, "properties": {"zone_id": "vladivostok-2026-06-27-256", "aoi": "vladivostok", "date": "2026-06-27", "scene_id": "S2B_MSIL2A_20260627T020649_R103_T52TGN_20260627T041901", "scene_datetime_utc": "2026-06-27T02:06:49.024000+00:00", "detection_status": "detected", "detection_status_ru": "обнаружено", "lon": 131.77037, "lat": 43.04629, "n_pixels": 2, "zone_area_km2": 0.0008, "cover_m2": 9.4, "p_mean": 0.749, "p_max": 0.776, "cover_m2_km2": 11750.0, "h3": "88316c455bfffff", "valid_frac_scene": 0.998, "wind_ms": 2.0, "sea": "спокойное", "scene_reliable": true, "field_event_id": "S4:DOORS3:T23", "field_profile": "B", "field_date": "2024-06-10", "field_distance_km": 6979.1, "field_date_gap_days": 747, "field_conc_items_km2": 102.37, "conc_A_items_km2": null, "conc_A_lo80": null, "conc_A_hi80": null, "conc_A_lo95": null, "conc_A_hi95": null, "conc_A_status": "unavailable", "conc_A_status_ru": "концентрация недоступна", "conc_A_reasons": "вне бассейна профиля: nw_atlantic_subtropical", "conc_A_model": "conc-A-c6bce5631d2b", "conc_B_items_km2": null, "conc_B_lo80": null, "conc_B_hi80": null, "conc_B_lo95": null, "conc_B_hi95": null, "conc_B_status": "unavailable", "conc_B_status_ru": "концентрация недоступна", "conc_B_reasons": "вне бассейна профиля: black_sea", "conc_B_model": "conc-B-c6bce5631d2b"}}, {"type": "Feature", "geometry": {"type": "Polygon", "coordinates": [[[131.9257140583707, 43.045838909148145], [131.92570978079982, 43.045748976566074], [131.92558716318746, 43.04575211383233], [131.92558288581495, 43.045662181238704], [131.92570550324865, 43.04565904398225], [131.92570122571718, 43.045569111396674], [131.92595073805708, 43.04565276907578], [131.92595501596554, 43.04574270163998], [131.92583239839254, 43.04574583916862], [131.92583667614204, 43.04583577174088], [131.9257140583707, 43.045838909148145]]]}, "properties": {"zone_id": "vladivostok-2026-06-27-257", "aoi": "vladivostok", "date": "2026-06-27", "scene_id": "S2B_MSIL2A_20260627T020649_R103_T52TGN_20260627T041901", "scene_datetime_utc": "2026-06-27T02:06:49.024000+00:00", "detection_status": "detected", "detection_status_ru": "обнаружено", "lon": 131.92577, "lat": 43.0457, "n_pixels": 1, "zone_area_km2": 0.0005, "cover_m2": 4.3, "p_mean": 0.871, "p_max": 0.871, "cover_m2_km2": 8600.0, "h3": "88316c0987fffff", "valid_frac_scene": 0.998, "wind_ms": 2.0, "sea": "спокойное", "scene_reliable": true, "field_event_id": "S4:DOORS3:T23", "field_profile": "B", "field_date": "2024-06-10", "field_distance_km": 6989.6, "field_date_gap_days": 747, "field_conc_items_km2": 102.37, "conc_A_items_km2": null, "conc_A_lo80": null, "conc_A_hi80": null, "conc_A_lo95": null, "conc_A_hi95": null, "conc_A_status": "unavailable", "conc_A_status_ru": "концентрация недоступна", "conc_A_reasons": "вне бассейна профиля: nw_atlantic_subtropical", "conc_A_model": "conc-A-c6bce5631d2b", "conc_B_items_km2": null, "conc_B_lo80": null, "conc_B_hi80": null, "conc_B_lo95": null, "conc_B_hi95": null, "conc_B_status": "unavailable", "conc_B_status_ru": "концентрация недоступна", "conc_B_reasons": "вне бассейна профиля: black_sea", "conc_B_model": "conc-B-c6bce5631d2b"}}, {"type": "Feature", "geometry": {"type": "Polygon", "coordinates": [[[131.91012016747246, 43.04578662438828], [131.91011591268906, 43.04569669055538], [131.90999329347656, 43.045699811111156], [131.90998903889138, 43.04560987726676], [131.91011165792523, 43.04560675672075], [131.91010740318097, 43.04551682288433], [131.91035689593414, 43.04560051523513], [131.9103611510553, 43.04569044905026], [131.91023853188196, 43.04569356986842], [131.91024278684404, 43.04578350369155], [131.91012016747246, 43.04578662438828]]]}, "properties": {"zone_id": "vladivostok-2026-06-27-258", "aoi": "vladivostok", "date": "2026-06-27", "scene_id": "S2B_MSIL2A_20260627T020649_R103_T52TGN_20260627T041901", "scene_datetime_utc": "2026-06-27T02:06:49.024000+00:00", "detection_status": "detected", "detection_status_ru": "обнаружено", "lon": 131.91018, "lat": 43.04565, "n_pixels": 1, "zone_area_km2": 0.0005, "cover_m2": 5.5, "p_mean": 0.525, "p_max": 0.525, "cover_m2_km2": 11000.0, "h3": "88316c09a9fffff", "valid_frac_scene": 0.998, "wind_ms": 2.0, "sea": "спокойное", "scene_reliable": true, "field_event_id": "S4:DOORS3:T23", "field_profile": "B", "field_date": "2024-06-10", "field_distance_km": 6988.5, "field_date_gap_days": 747, "field_conc_items_km2": 102.37, "conc_A_items_km2": null, "conc_A_lo80": null, "conc_A_hi80": null, "conc_A_lo95": null, "conc_A_hi95": null, "conc_A_status": "unavailable", "conc_A_status_ru": "концентрация недоступна", "conc_A_reasons": "вне бассейна профиля: nw_atlantic_subtropical", "conc_A_model": "conc-A-c6bce5631d2b", "conc_B_items_km2": null, "conc_B_lo80": null, "conc_B_hi80": null, "conc_B_lo95": null, "conc_B_hi95": null, "conc_B_status": "unavailable", "conc_B_status_ru": "концентрация недоступна", "conc_B_reasons": "вне бассейна профиля: black_sea", "conc_B_model": "conc-B-c6bce5631d2b"}}, {"type": "Feature", "geometry": {"type": "Polygon", "coordinates": [[[131.9079087638691, 43.04575284048614], [131.90790451232115, 43.045662906476], [131.907781892935, 43.045666024660484], [131.90777764158528, 43.04557609063882], [131.90790026079276, 43.04557297246409], [131.90789600928395, 43.04548303845044], [131.90814549914904, 43.04556673572104], [131.90814975103473, 43.045656669713445], [131.90802713168773, 43.04565978816032], [131.90803138341434, 43.045749722160714], [131.9079087638691, 43.04575284048614]]]}, "properties": {"zone_id": "vladivostok-2026-06-27-259", "aoi": "vladivostok", "date": "2026-06-27", "scene_id": "S2B_MSIL2A_20260627T020649_R103_T52TGN_20260627T041901", "scene_datetime_utc": "2026-06-27T02:06:49.024000+00:00", "detection_status": "detected", "detection_status_ru": "обнаружено", "lon": 131.90796, "lat": 43.04562, "n_pixels": 1, "zone_area_km2": 0.0005, "cover_m2": 4.3, "p_mean": 0.765, "p_max": 0.765, "cover_m2_km2": 8600.0, "h3": "88316c09a9fffff", "valid_frac_scene": 0.998, "wind_ms": 2.0, "sea": "спокойное", "scene_reliable": true, "field_event_id": "S4:DOORS3:T23", "field_profile": "B", "field_date": "2024-06-10", "field_distance_km": 6988.4, "field_date_gap_days": 747, "field_conc_items_km2": 102.37, "conc_A_items_km2": null, "conc_A_lo80": null, "conc_A_hi80": null, "conc_A_lo95": null, "conc_A_hi95": null, "conc_A_status": "unavailable", "conc_A_status_ru": "концентрация недоступна", "conc_A_reasons": "вне бассейна профиля: nw_atlantic_subtropical", "conc_A_model": "conc-A-c6bce5631d2b", "conc_B_items_km2": null, "conc_B_lo80": null, "conc_B_hi80": null, "conc_B_lo95": null, "conc_B_hi95": null, "conc_B_status": "unavailable", "conc_B_status_ru": "концентрация недоступна", "conc_B_reasons": "вне бассейна профиля: black_sea", "conc_B_model": "conc-B-c6bce5631d2b"}}, {"type": "Feature", "geometry": {"type": "Polygon", "coordinates": [[[131.93710454428484, 43.04527677403447], [131.93710025015923, 43.04518684236083], [131.936977634917, 43.04518999179806], [131.9369690470823, 43.04501012842581], [131.9372099825874, 43.044913897790444], [131.93721427683238, 43.04500382945952], [131.93733689167777, 43.04500067977961], [131.9373454805843, 43.04518054309281], [131.93710454428484, 43.04527677403447]]]}, "properties": {"zone_id": "vladivostok-2026-06-27-260", "aoi": "vladivostok", "date": "2026-06-27", "scene_id": "S2B_MSIL2A_20260627T020649_R103_T52TGN_20260627T041901", "scene_datetime_utc": "2026-06-27T02:06:49.024000+00:00", "detection_status": "detected", "detection_status_ru": "обнаружено", "lon": 131.93716, "lat": 43.0451, "n_pixels": 2, "zone_area_km2": 0.0008, "cover_m2": 14.5, "p_mean": 0.651, "p_max": 0.71, "cover_m2_km2": 18125.0, "h3": "88316c0983fffff", "valid_frac_scene": 0.998, "wind_ms": 2.0, "sea": "спокойное", "scene_reliable": true, "field_event_id": "S4:DOORS3:T23", "field_profile": "B", "field_date": "2024-06-10", "field_distance_km": 6990.4, "field_date_gap_days": 747, "field_conc_items_km2": 102.37, "conc_A_items_km2": null, "conc_A_lo80": null, "conc_A_hi80": null, "conc_A_lo95": null, "conc_A_hi95": null, "conc_A_status": "unavailable", "conc_A_status_ru": "концентрация недоступна", "conc_A_reasons": "вне бассейна профиля: nw_atlantic_subtropical", "conc_A_model": "conc-A-c6bce5631d2b", "conc_B_items_km2": null, "conc_B_lo80": null, "conc_B_hi80": null, "conc_B_lo95": null, "conc_B_hi95": null, "conc_B_status": "unavailable", "conc_B_status_ru": "концентрация недоступна", "conc_B_reasons": "вне бассейна профиля: black_sea", "conc_B_model": "conc-B-c6bce5631d2b"}}, {"type": "Feature", "geometry": {"type": "Polygon", "coordinates": [[[131.94739985987349, 43.044921821311235], [131.94739555076242, 43.04483189046415], [131.9472729373617, 43.04483505091078], [131.9472686284491, 43.04474512005204], [131.9473912416712, 43.044741959615294], [131.9473869325998, 43.04465202876468], [131.94763646805592, 43.044735638348264], [131.9476407775044, 43.044825569177355], [131.94751816414333, 43.04482872988634], [131.94752247343303, 43.044918660723546], [131.94739985987349, 43.044921821311235]]]}, "properties": {"zone_id": "vladivostok-2026-06-27-261", "aoi": "vladivostok", "date": "2026-06-27", "scene_id": "S2B_MSIL2A_20260627T020649_R103_T52TGN_20260627T041901", "scene_datetime_utc": "2026-06-27T02:06:49.024000+00:00", "detection_status": "detected", "detection_status_ru": "обнаружено", "lon": 131.94745, "lat": 43.04479, "n_pixels": 1, "zone_area_km2": 0.0005, "cover_m2": 6.3, "p_mean": 0.561, "p_max": 0.561, "cover_m2_km2": 12600.0, "h3": "88316c099dfffff", "valid_frac_scene": 0.998, "wind_ms": 2.0, "sea": "спокойное", "scene_reliable": true, "field_event_id": "S4:DOORS3:T23", "field_profile": "B", "field_date": "2024-06-10", "field_distance_km": 6991.1, "field_date_gap_days": 747, "field_conc_items_km2": 102.37, "conc_A_items_km2": null, "conc_A_lo80": null, "conc_A_hi80": null, "conc_A_lo95": null, "conc_A_hi95": null, "conc_A_status": "unavailable", "conc_A_status_ru": "концентрация недоступна", "conc_A_reasons": "вне бассейна профиля: nw_atlantic_subtropical", "conc_A_model": "conc-A-c6bce5631d2b", "conc_B_items_km2": null, "conc_B_lo80": null, "conc_B_hi80": null, "conc_B_lo95": null, "conc_B_hi95": null, "conc_B_status": "unavailable", "conc_B_status_ru": "концентрация недоступна", "conc_B_reasons": "вне бассейна профиля: black_sea", "conc_B_model": "conc-B-c6bce5631d2b"}}, {"type": "Feature", "geometry": {"type": "Polygon", "coordinates": [[[131.6393779263902, 43.04488235769611], [131.63937406727857, 43.04479240321031], [131.63925142172897, 43.044795233607175], [131.63924756281395, 43.04470527911083], [131.63937020818474, 43.04470244872281], [131.63936634910866, 43.04461249423361], [131.63961549887304, 43.04469678755292], [131.63961935832452, 43.04478674202273], [131.63949671281046, 43.04478957268216], [131.63950057210087, 43.04487952715911], [131.6393779263902, 43.04488235769611]]]}, "properties": {"zone_id": "vladivostok-2026-06-27-262", "aoi": "vladivostok", "date": "2026-06-27", "scene_id": "S2B_MSIL2A_20260627T020649_R103_T52TGN_20260627T041901", "scene_datetime_utc": "2026-06-27T02:06:49.024000+00:00", "detection_status": "detected", "detection_status_ru": "обнаружено", "lon": 131.63943, "lat": 43.04475, "n_pixels": 1, "zone_area_km2": 0.0005, "cover_m2": 4.3, "p_mean": 0.561, "p_max": 0.561, "cover_m2_km2": 8600.0, "h3": "88316c4e65fffff", "valid_frac_scene": 0.998, "wind_ms": 2.0, "sea": "спокойное", "scene_reliable": true, "field_event_id": "S4:DOORS3:T23", "field_profile": "B", "field_date": "2024-06-10", "field_distance_km": 6970.3, "field_date_gap_days": 747, "field_conc_items_km2": 102.37, "conc_A_items_km2": null, "conc_A_lo80": null, "conc_A_hi80": null, "conc_A_lo95": null, "conc_A_hi95": null, "conc_A_status": "unavailable", "conc_A_status_ru": "концентрация недоступна", "conc_A_reasons": "вне бассейна профиля: nw_atlantic_subtropical", "conc_A_model": "conc-A-c6bce5631d2b", "conc_B_items_km2": null, "conc_B_lo80": null, "conc_B_hi80": null, "conc_B_lo95": null, "conc_B_hi95": null, "conc_B_status": "unavailable", "conc_B_status_ru": "концентрация недоступна", "conc_B_reasons": "вне бассейна профиля: black_sea", "conc_B_model": "conc-B-c6bce5631d2b"}}, {"type": "Feature", "geometry": {"type": "Polygon", "coordinates": [[[131.93474910381806, 43.04479699990624], [131.93474481320504, 43.04470706803506], [131.93462219865938, 43.04471021492076], [131.93461790824475, 43.04462028303798], [131.93474052261178, 43.04461713616211], [131.93473623203826, 43.044527204287405], [131.93498575128663, 43.044610842016816], [131.9349900422372, 43.0447007738701], [131.93486742773098, 43.04470392101817], [131.93487171852263, 43.04479385287951], [131.93474910381806, 43.04479699990624]]]}, "properties": {"zone_id": "vladivostok-2026-06-27-263", "aoi": "vladivostok", "date": "2026-06-27", "scene_id": "S2B_MSIL2A_20260627T020649_R103_T52TGN_20260627T041901", "scene_datetime_utc": "2026-06-27T02:06:49.024000+00:00", "detection_status": "detected", "detection_status_ru": "обнаружено", "lon": 131.9348, "lat": 43.04466, "n_pixels": 1, "zone_area_km2": 0.0005, "cover_m2": 6.3, "p_mean": 0.647, "p_max": 0.647, "cover_m2_km2": 12600.0, "h3": "88316c0983fffff", "valid_frac_scene": 0.998, "wind_ms": 2.0, "sea": "спокойное", "scene_reliable": true, "field_event_id": "S4:DOORS3:T23", "field_profile": "B", "field_date": "2024-06-10", "field_distance_km": 6990.3, "field_date_gap_days": 747, "field_conc_items_km2": 102.37, "conc_A_items_km2": null, "conc_A_lo80": null, "conc_A_hi80": null, "conc_A_lo95": null, "conc_A_hi95": null, "conc_A_status": "unavailable", "conc_A_status_ru": "концентрация недоступна", "conc_A_reasons": "вне бассейна профиля: nw_atlantic_subtropical", "conc_A_model": "conc-A-c6bce5631d2b", "conc_B_items_km2": null, "conc_B_lo80": null, "conc_B_hi80": null, "conc_B_lo95": null, "conc_B_hi95": null, "conc_B_status": "unavailable", "conc_B_status_ru": "концентрация недоступна", "conc_B_reasons": "вне бассейна профиля: black_sea", "conc_B_model": "conc-B-c6bce5631d2b"}}, {"type": "Feature", "geometry": {"type": "Polygon", "coordinates": [[[131.96699608834533, 43.04396481239577], [131.96699175075486, 43.043874883125554], [131.96686914143044, 43.04387806451036], [131.96686480403855, 43.043788135228425], [131.9669874131844, 43.043784953853574], [131.96698307563386, 43.043695024579826], [131.96723263141615, 43.043778590710374], [131.96723696934382, 43.04386851996247], [131.96711436005933, 43.043871701609596], [131.9671186978284, 43.04396163086986], [131.96699608834533, 43.04396481239577]]]}, "properties": {"zone_id": "vladivostok-2026-06-27-264", "aoi": "vladivostok", "date": "2026-06-27", "scene_id": "S2B_MSIL2A_20260627T020649_R103_T52TGN_20260627T041901", "scene_datetime_utc": "2026-06-27T02:06:49.024000+00:00", "detection_status": "detected", "detection_status_ru": "обнаружено", "lon": 131.96705, "lat": 43.04383, "n_pixels": 1, "zone_area_km2": 0.0005, "cover_m2": 7.1, "p_mean": 0.525, "p_max": 0.525, "cover_m2_km2": 14200.0, "h3": "88316c08a5fffff", "valid_frac_scene": 0.998, "wind_ms": 2.0, "sea": "спокойное", "scene_reliable": true, "field_event_id": "S4:DOORS3:T23", "field_profile": "B", "field_date": "2024-06-10", "field_distance_km": 6992.5, "field_date_gap_days": 747, "field_conc_items_km2": 102.37, "conc_A_items_km2": null, "conc_A_lo80": null, "conc_A_hi80": null, "conc_A_lo95": null, "conc_A_hi95": null, "conc_A_status": "unavailable", "conc_A_status_ru": "концентрация недоступна", "conc_A_reasons": "вне бассейна профиля: nw_atlantic_subtropical", "conc_A_model": "conc-A-c6bce5631d2b", "conc_B_items_km2": null, "conc_B_lo80": null, "conc_B_hi80": null, "conc_B_lo95": null, "conc_B_hi95": null, "conc_B_status": "unavailable", "conc_B_status_ru": "концентрация недоступна", "conc_B_reasons": "вне бассейна профиля: black_sea", "conc_B_model": "conc-B-c6bce5631d2b"}}, {"type": "Feature", "geometry": {"type": "Polygon", "coordinates": [[[131.77867479464993, 43.0439237716927], [131.7786707321591, 43.04383382755906], [131.77854810265325, 43.04383680717117], [131.77854404035986, 43.043746863026485], [131.778666669687, 43.043743883423694], [131.77866260723357, 43.043653939286614], [131.77891192828517, 43.0437379238244], [131.77891599111476, 43.04382786794113], [131.7787933616463, 43.04383084781571], [131.77879742431583, 43.04392079194004], [131.77867479464993, 43.0439237716927]]]}, "properties": {"zone_id": "vladivostok-2026-06-27-265", "aoi": "vladivostok", "date": "2026-06-27", "scene_id": "S2B_MSIL2A_20260627T020649_R103_T52TGN_20260627T041901", "scene_datetime_utc": "2026-06-27T02:06:49.024000+00:00", "detection_status": "detected", "detection_status_ru": "обнаружено", "lon": 131.77873, "lat": 43.04379, "n_pixels": 1, "zone_area_km2": 0.0005, "cover_m2": 3.5, "p_mean": 0.804, "p_max": 0.804, "cover_m2_km2": 7000.0, "h3": "88316c4429fffff", "valid_frac_scene": 0.998, "wind_ms": 2.0, "sea": "спокойное", "scene_reliable": true, "field_event_id": "S4:DOORS3:T23", "field_profile": "B", "field_date": "2024-06-10", "field_distance_km": 6979.8, "field_date_gap_days": 747, "field_conc_items_km2": 102.37, "conc_A_items_km2": null, "conc_A_lo80": null, "conc_A_hi80": null, "conc_A_lo95": null, "conc_A_hi95": null, "conc_A_status": "unavailable", "conc_A_status_ru": "концентрация недоступна", "conc_A_reasons": "вне бассейна профиля: nw_atlantic_subtropical", "conc_A_model": "conc-A-c6bce5631d2b", "conc_B_items_km2": null, "conc_B_lo80": null, "conc_B_hi80": null, "conc_B_lo95": null, "conc_B_hi95": null, "conc_B_status": "unavailable", "conc_B_status_ru": "концентрация недоступна", "conc_B_reasons": "вне бассейна профиля: black_sea", "conc_B_model": "conc-B-c6bce5631d2b"}}, {"type": "Feature", "geometry": {"type": "Polygon", "coordinates": [[[131.90204803565925, 43.043830760586545], [131.9020437929576, 43.043740826078384], [131.90192117676187, 43.04374393787283], [131.90191693425842, 43.04365400335321], [131.9020395502755, 43.04365089156848], [131.90203530761295, 43.04356095705682], [131.90228053923124, 43.043554733113254], [131.9022847822511, 43.04364466760546], [131.90240739820962, 43.04364155542717], [131.90241164142765, 43.04373148990789], [131.90228902529051, 43.04373460209592], [131.90229326834944, 43.043824536584616], [131.90204803565925, 43.043830760586545]]]}, "properties": {"zone_id": "vladivostok-2026-06-27-266", "aoi": "vladivostok", "date": "2026-06-27", "scene_id": "S2B_MSIL2A_20260627T020649_R103_T52TGN_20260627T041901", "scene_datetime_utc": "2026-06-27T02:06:49.024000+00:00", "detection_status": "detected", "detection_status_ru": "обнаружено", "lon": 131.90216, "lat": 43.04369, "n_pixels": 2, "zone_area_km2": 0.0008, "cover_m2": 7.1, "p_mean": 0.671, "p_max": 0.82, "cover_m2_km2": 8875.0, "h3": "88316c09adfffff", "valid_frac_scene": 0.998, "wind_ms": 2.0, "sea": "спокойное", "scene_reliable": true, "field_event_id": "S4:DOORS3:T23", "field_profile": "B", "field_date": "2024-06-10", "field_distance_km": 6988.1, "field_date_gap_days": 747, "field_conc_items_km2": 102.37, "conc_A_items_km2": null, "conc_A_lo80": null, "conc_A_hi80": null, "conc_A_lo95": null, "conc_A_hi95": null, "conc_A_status": "unavailable", "conc_A_status_ru": "концентрация недоступна", "conc_A_reasons": "вне бассейна профиля: nw_atlantic_subtropical", "conc_A_model": "conc-A-c6bce5631d2b", "conc_B_items_km2": null, "conc_B_lo80": null, "conc_B_hi80": null, "conc_B_lo95": null, "conc_B_hi95": null, "conc_B_status": "unavailable", "conc_B_status_ru": "концентрация недоступна", "conc_B_reasons": "вне бассейна профиля: black_sea", "conc_B_model": "conc-B-c6bce5631d2b"}}, {"type": "Feature", "geometry": {"type": "Polygon", "coordinates": [[[131.9189859773096, 43.043759806016865], [131.91898170987707, 43.043669872861905], [131.91885909566903, 43.043673002799174], [131.91885482843475, 43.04358306963267], [131.91897744246415, 43.04357993970517], [131.91897317507087, 43.04349000654668], [131.91922267046405, 43.04357367945662], [131.91922693823423, 43.04366361259379], [131.91910432406544, 43.043666742793434], [131.91910859167663, 43.04375667593862], [131.9189859773096, 43.043759806016865]]]}, "properties": {"zone_id": "vladivostok-2026-06-27-267", "aoi": "vladivostok", "date": "2026-06-27", "scene_id": "S2B_MSIL2A_20260627T020649_R103_T52TGN_20260627T041901", "scene_datetime_utc": "2026-06-27T02:06:49.024000+00:00", "detection_status": "detected", "detection_status_ru": "обнаружено", "lon": 131.91904, "lat": 43.04362, "n_pixels": 1, "zone_area_km2": 0.0005, "cover_m2": 5.1, "p_mean": 0.867, "p_max": 0.867, "cover_m2_km2": 10200.0, "h3": "88316c09abfffff", "valid_frac_scene": 0.998, "wind_ms": 2.0, "sea": "спокойное", "scene_reliable": true, "field_event_id": "S4:DOORS3:T23", "field_profile": "B", "field_date": "2024-06-10", "field_distance_km": 6989.3, "field_date_gap_days": 747, "field_conc_items_km2": 102.37, "conc_A_items_km2": null, "conc_A_lo80": null, "conc_A_hi80": null, "conc_A_lo95": null, "conc_A_hi95": null, "conc_A_status": "unavailable", "conc_A_status_ru": "концентрация недоступна", "conc_A_reasons": "вне бассейна профиля: nw_atlantic_subtropical", "conc_A_model": "conc-A-c6bce5631d2b", "conc_B_items_km2": null, "conc_B_lo80": null, "conc_B_hi80": null, "conc_B_lo95": null, "conc_B_hi95": null, "conc_B_status": "unavailable", "conc_B_status_ru": "концентрация недоступна", "conc_B_reasons": "вне бассейна профиля: black_sea", "conc_B_model": "conc-B-c6bce5631d2b"}}, {"type": "Feature", "geometry": {"type": "Polygon", "coordinates": [[[131.92291390047794, 43.04374951128578], [131.92290962730945, 43.04365957844584], [131.92278701355158, 43.04366271259078], [131.9227827405814, 43.043572779739286], [131.92290535416058, 43.04356964560413], [131.9229010810314, 43.04347971276068], [131.92315058126, 43.043563376940334], [131.9231548547661, 43.04365330976243], [131.9230322410476, 43.04365644416973], [131.92303651439474, 43.04374637699988], [131.92291390047794, 43.04374951128578]]]}, "properties": {"zone_id": "vladivostok-2026-06-27-268", "aoi": "vladivostok", "date": "2026-06-27", "scene_id": "S2B_MSIL2A_20260627T020649_R103_T52TGN_20260627T041901", "scene_datetime_utc": "2026-06-27T02:06:49.024000+00:00", "detection_status": "detected", "detection_status_ru": "обнаружено", "lon": 131.92297, "lat": 43.04361, "n_pixels": 1, "zone_area_km2": 0.0005, "cover_m2": 7.8, "p_mean": 0.796, "p_max": 0.796, "cover_m2_km2": 15600.0, "h3": "88316c0987fffff", "valid_frac_scene": 0.998, "wind_ms": 2.0, "sea": "спокойное", "scene_reliable": true, "field_event_id": "S4:DOORS3:T23", "field_profile": "B", "field_date": "2024-06-10", "field_distance_km": 6989.5, "field_date_gap_days": 747, "field_conc_items_km2": 102.37, "conc_A_items_km2": null, "conc_A_lo80": null, "conc_A_hi80": null, "conc_A_lo95": null, "conc_A_hi95": null, "conc_A_status": "unavailable", "conc_A_status_ru": "концентрация недоступна", "conc_A_reasons": "вне бассейна профиля: nw_atlantic_subtropical", "conc_A_model": "conc-A-c6bce5631d2b", "conc_B_items_km2": null, "conc_B_lo80": null, "conc_B_hi80": null, "conc_B_lo95": null, "conc_B_hi95": null, "conc_B_status": "unavailable", "conc_B_status_ru": "концентрация недоступна", "conc_B_reasons": "вне бассейна профиля: black_sea", "conc_B_model": "conc-B-c6bce5631d2b"}}, {"type": "Feature", "geometry": {"type": "Polygon", "coordinates": [[[131.9512630781654, 43.04356158984895], [131.95125876361627, 43.04347165929344], [131.95113615335117, 43.04347482379929], [131.9511318390005, 43.043384893232115], [131.951254449087, 43.04338172873615], [131.95125013457755, 43.0432917981771], [131.9514996692004, 43.04337539935071], [131.9515039840869, 43.043465329888214], [131.9513813738615, 43.0434684946564], [131.95138568858926, 43.04355842520203], [131.9512630781654, 43.04356158984895]]]}, "properties": {"zone_id": "vladivostok-2026-06-27-269", "aoi": "vladivostok", "date": "2026-06-27", "scene_id": "S2B_MSIL2A_20260627T020649_R103_T52TGN_20260627T041901", "scene_datetime_utc": "2026-06-27T02:06:49.024000+00:00", "detection_status": "detected", "detection_status_ru": "обнаружено", "lon": 131.95132, "lat": 43.04343, "n_pixels": 1, "zone_area_km2": 0.0005, "cover_m2": 5.5, "p_mean": 0.608, "p_max": 0.608, "cover_m2_km2": 11000.0, "h3": "88316c0999fffff", "valid_frac_scene": 0.998, "wind_ms": 2.0, "sea": "спокойное", "scene_reliable": true, "field_event_id": "S4:DOORS3:T23", "field_profile": "B", "field_date": "2024-06-10", "field_distance_km": 6991.5, "field_date_gap_days": 747, "field_conc_items_km2": 102.37, "conc_A_items_km2": null, "conc_A_lo80": null, "conc_A_hi80": null, "conc_A_lo95": null, "conc_A_hi95": null, "conc_A_status": "unavailable", "conc_A_status_ru": "концентрация недоступна", "conc_A_reasons": "вне бассейна профиля: nw_atlantic_subtropical", "conc_A_model": "conc-A-c6bce5631d2b", "conc_B_items_km2": null, "conc_B_lo80": null, "conc_B_hi80": null, "conc_B_lo95": null, "conc_B_hi95": null, "conc_B_status": "unavailable", "conc_B_status_ru": "концентрация недоступна", "conc_B_reasons": "вне бассейна профиля: black_sea", "conc_B_model": "conc-B-c6bce5631d2b"}}, {"type": "Feature", "geometry": {"type": "Polygon", "coordinates": [[[131.90792084488157, 43.0434114375793], [131.90791659366366, 43.043321503533214], [131.90779397894198, 43.04332462159549], [131.90778972792228, 43.04323468753791], [131.90791234246532, 43.043231569485386], [131.90790809128657, 43.04314163543579], [131.9081575714927, 43.04322533298676], [131.90816182304832, 43.0433152670151], [131.90803920836578, 43.043318385339745], [131.9080434597623, 43.04340831937609], [131.90792084488157, 43.0434114375793]]]}, "properties": {"zone_id": "vladivostok-2026-06-27-270", "aoi": "vladivostok", "date": "2026-06-27", "scene_id": "S2B_MSIL2A_20260627T020649_R103_T52TGN_20260627T041901", "scene_datetime_utc": "2026-06-27T02:06:49.024000+00:00", "detection_status": "detected", "detection_status_ru": "обнаружено", "lon": 131.90798, "lat": 43.04327, "n_pixels": 1, "zone_area_km2": 0.0005, "cover_m2": 3.5, "p_mean": 0.737, "p_max": 0.737, "cover_m2_km2": 7000.0, "h3": "88316c09a1fffff", "valid_frac_scene": 0.998, "wind_ms": 2.0, "sea": "спокойное", "scene_reliable": true, "field_event_id": "S4:DOORS3:T23", "field_profile": "B", "field_date": "2024-06-10", "field_distance_km": 6988.5, "field_date_gap_days": 747, "field_conc_items_km2": 102.37, "conc_A_items_km2": null, "conc_A_lo80": null, "conc_A_hi80": null, "conc_A_lo95": null, "conc_A_hi95": null, "conc_A_status": "unavailable", "conc_A_status_ru": "концентрация недоступна", "conc_A_reasons": "вне бассейна профиля: nw_atlantic_subtropical", "conc_A_model": "conc-A-c6bce5631d2b", "conc_B_items_km2": null, "conc_B_lo80": null, "conc_B_hi80": null, "conc_B_lo95": null, "conc_B_hi95": null, "conc_B_status": "unavailable", "conc_B_status_ru": "концентрация недоступна", "conc_B_reasons": "вне бассейна профиля: black_sea", "conc_B_model": "conc-B-c6bce5631d2b"}}, {"type": "Feature", "geometry": {"type": "Polygon", "coordinates": [[[131.78699727083057, 43.043361075556135], [131.7869931962617, 43.043271132049895], [131.78687056874406, 43.0432741205484], [131.78686649437265, 43.04318417703109], [131.7869891217116, 43.043181188541915], [131.78698504718022, 43.04309124503223], [131.78723437633326, 43.04317521116993], [131.7872384512408, 43.043265154659224], [131.78711582376062, 43.04326814342018], [131.78711989850822, 43.04335808691706], [131.78699727083057, 43.043361075556135]]]}, "properties": {"zone_id": "vladivostok-2026-06-27-271", "aoi": "vladivostok", "date": "2026-06-27", "scene_id": "S2B_MSIL2A_20260627T020649_R103_T52TGN_20260627T041901", "scene_datetime_utc": "2026-06-27T02:06:49.024000+00:00", "detection_status": "detected", "detection_status_ru": "обнаружено", "lon": 131.78705, "lat": 43.04322, "n_pixels": 1, "zone_area_km2": 0.0005, "cover_m2": 8.2, "p_mean": 0.733, "p_max": 0.733, "cover_m2_km2": 16400.0, "h3": "88316c4405fffff", "valid_frac_scene": 0.998, "wind_ms": 2.0, "sea": "спокойное", "scene_reliable": true, "field_event_id": "S4:DOORS3:T23", "field_profile": "B", "field_date": "2024-06-10", "field_distance_km": 6980.4, "field_date_gap_days": 747, "field_conc_items_km2": 102.37, "conc_A_items_km2": null, "conc_A_lo80": null, "conc_A_hi80": null, "conc_A_lo95": null, "conc_A_hi95": null, "conc_A_status": "unavailable", "conc_A_status_ru": "концентрация недоступна", "conc_A_reasons": "вне бассейна профиля: nw_atlantic_subtropical", "conc_A_model": "conc-A-c6bce5631d2b", "conc_B_items_km2": null, "conc_B_lo80": null, "conc_B_hi80": null, "conc_B_lo95": null, "conc_B_hi95": null, "conc_B_status": "unavailable", "conc_B_status_ru": "концентрация недоступна", "conc_B_reasons": "вне бассейна профиля: black_sea", "conc_B_model": "conc-B-c6bce5631d2b"}}, {"type": "Feature", "geometry": {"type": "Polygon", "coordinates": [[[131.92214831230015, 43.04313878391846], [131.92214404034107, 43.043048851007434], [131.9220214277157, 43.043051984296724], [131.92201715595488, 43.04296205137413], [131.92213976840162, 43.04295891809464], [131.92213549648187, 43.04286898518009], [131.92238072095913, 43.042862718247164], [131.92238499323616, 43.04295265114214], [131.92250760562393, 43.042949517469104], [131.92251187809927, 43.0430394503525], [131.92238926553284, 43.043042584035334], [131.9223935378492, 43.04313251692678], [131.92214831230015, 43.04313878391846]]]}, "properties": {"zone_id": "vladivostok-2026-06-27-272", "aoi": "vladivostok", "date": "2026-06-27", "scene_id": "S2B_MSIL2A_20260627T020649_R103_T52TGN_20260627T041901", "scene_datetime_utc": "2026-06-27T02:06:49.024000+00:00", "detection_status": "detected", "detection_status_ru": "обнаружено", "lon": 131.92226, "lat": 43.043, "n_pixels": 2, "zone_area_km2": 0.0008, "cover_m2": 14.9, "p_mean": 0.588, "p_max": 0.624, "cover_m2_km2": 18625.0, "h3": "88316c0987fffff", "valid_frac_scene": 0.998, "wind_ms": 2.0, "sea": "спокойное", "scene_reliable": true, "field_event_id": "S4:DOORS3:T23", "field_profile": "B", "field_date": "2024-06-10", "field_distance_km": 6989.5, "field_date_gap_days": 747, "field_conc_items_km2": 102.37, "conc_A_items_km2": null, "conc_A_lo80": null, "conc_A_hi80": null, "conc_A_lo95": null, "conc_A_hi95": null, "conc_A_status": "unavailable", "conc_A_status_ru": "концентрация недоступна", "conc_A_reasons": "вне бассейна профиля: nw_atlantic_subtropical", "conc_A_model": "conc-A-c6bce5631d2b", "conc_B_items_km2": null, "conc_B_lo80": null, "conc_B_hi80": null, "conc_B_lo95": null, "conc_B_hi95": null, "conc_B_status": "unavailable", "conc_B_status_ru": "концентрация недоступна", "conc_B_reasons": "вне бассейна профиля: black_sea", "conc_B_model": "conc-B-c6bce5631d2b"}}, {"type": "Feature", "geometry": {"type": "Polygon", "coordinates": [[[131.91379781750848, 43.04308174869046], [131.91379355775518, 43.042991815109154], [131.9136709443308, 43.042994939448775], [131.9136666847757, 43.04290500585592], [131.9137892980215, 43.04290188152608], [131.9137850383074, 43.04281194794123], [131.91403452445422, 43.04289563247282], [131.91403878454517, 43.04298556603637], [131.91391617115997, 43.04298869063835], [131.9139204310919, 43.043078624209905], [131.91379781750848, 43.04308174869046]]]}, "properties": {"zone_id": "vladivostok-2026-06-27-273", "aoi": "vladivostok", "date": "2026-06-27", "scene_id": "S2B_MSIL2A_20260627T020649_R103_T52TGN_20260627T041901", "scene_datetime_utc": "2026-06-27T02:06:49.024000+00:00", "detection_status": "detected", "detection_status_ru": "обнаружено", "lon": 131.91385, "lat": 43.04295, "n_pixels": 1, "zone_area_km2": 0.0005, "cover_m2": 9.0, "p_mean": 0.635, "p_max": 0.635, "cover_m2_km2": 18000.0, "h3": "88316c09abfffff", "valid_frac_scene": 0.998, "wind_ms": 2.0, "sea": "спокойное", "scene_reliable": true, "field_event_id": "S4:DOORS3:T23", "field_profile": "B", "field_date": "2024-06-10", "field_distance_km": 6989.0, "field_date_gap_days": 747, "field_conc_items_km2": 102.37, "conc_A_items_km2": null, "conc_A_lo80": null, "conc_A_hi80": null, "conc_A_lo95": null, "conc_A_hi95": null, "conc_A_status": "unavailable", "conc_A_status_ru": "концентрация недоступна", "conc_A_reasons": "вне бассейна профиля: nw_atlantic_subtropical", "conc_A_model": "conc-A-c6bce5631d2b", "conc_B_items_km2": null, "conc_B_lo80": null, "conc_B_hi80": null, "conc_B_lo95": null, "conc_B_hi95": null, "conc_B_status": "unavailable", "conc_B_status_ru": "концентрация недоступна", "conc_B_reasons": "вне бассейна профиля: black_sea", "conc_B_model": "conc-B-c6bce5631d2b"}}, {"type": "Feature", "geometry": {"type": "Polygon", "coordinates": [[[131.90667344803626, 43.04299294166094], [131.90666919870253, 43.04290300750864], [131.90654658467847, 43.04290612421035], [131.90654233554292, 43.042816190046544], [131.9066649493884, 43.042813073354566], [131.90666070009377, 43.04272313919876], [131.9069101770206, 43.042806839577096], [131.90691442669203, 43.042896773711675], [131.90679181270707, 43.042899890675756], [131.9067960622194, 43.042989824818314], [131.90667344803626, 43.04299294166094]]]}, "properties": {"zone_id": "vladivostok-2026-06-27-274", "aoi": "vladivostok", "date": "2026-06-27", "scene_id": "S2B_MSIL2A_20260627T020649_R103_T52TGN_20260627T041901", "scene_datetime_utc": "2026-06-27T02:06:49.024000+00:00", "detection_status": "detected", "detection_status_ru": "обнаружено", "lon": 131.90673, "lat": 43.04286, "n_pixels": 1, "zone_area_km2": 0.0005, "cover_m2": 3.9, "p_mean": 0.549, "p_max": 0.549, "cover_m2_km2": 7800.0, "h3": "88316c09a1fffff", "valid_frac_scene": 0.998, "wind_ms": 2.0, "sea": "спокойное", "scene_reliable": true, "field_event_id": "S4:DOORS3:T23", "field_profile": "B", "field_date": "2024-06-10", "field_distance_km": 6988.5, "field_date_gap_days": 747, "field_conc_items_km2": 102.37, "conc_A_items_km2": null, "conc_A_lo80": null, "conc_A_hi80": null, "conc_A_lo95": null, "conc_A_hi95": null, "conc_A_status": "unavailable", "conc_A_status_ru": "концентрация недоступна", "conc_A_reasons": "вне бассейна профиля: nw_atlantic_subtropical", "conc_A_model": "conc-A-c6bce5631d2b", "conc_B_items_km2": null, "conc_B_lo80": null, "conc_B_hi80": null, "conc_B_lo95": null, "conc_B_hi95": null, "conc_B_status": "unavailable", "conc_B_status_ru": "концентрация недоступна", "conc_B_reasons": "вне бассейна профиля: black_sea", "conc_B_model": "conc-B-c6bce5631d2b"}}, {"type": "Feature", "geometry": {"type": "Polygon", "coordinates": [[[131.96253016105635, 43.043000104318445], [131.962525830135, 43.04291017466932], [131.96240322223582, 43.04291335121289], [131.96239889151298, 43.042823421552065], [131.9625214992336, 43.04282024501839], [131.9625171683521, 43.042730315365716], [131.962766714615, 43.042813891557586], [131.9627710458736, 43.042903821188645], [131.96264843801427, 43.04290699799455], [131.96265276911421, 43.04299692763377], [131.96253016105635, 43.043000104318445]]]}, "properties": {"zone_id": "vladivostok-2026-06-27-275", "aoi": "vladivostok", "date": "2026-06-27", "scene_id": "S2B_MSIL2A_20260627T020649_R103_T52TGN_20260627T041901", "scene_datetime_utc": "2026-06-27T02:06:49.024000+00:00", "detection_status": "detected", "detection_status_ru": "обнаружено", "lon": 131.96258, "lat": 43.04286, "n_pixels": 1, "zone_area_km2": 0.0005, "cover_m2": 7.1, "p_mean": 0.557, "p_max": 0.557, "cover_m2_km2": 14200.0, "h3": "88316c08a5fffff", "valid_frac_scene": 0.998, "wind_ms": 2.0, "sea": "спокойное", "scene_reliable": true, "field_event_id": "S4:DOORS3:T23", "field_profile": "B", "field_date": "2024-06-10", "field_distance_km": 6992.3, "field_date_gap_days": 747, "field_conc_items_km2": 102.37, "conc_A_items_km2": null, "conc_A_lo80": null, "conc_A_hi80": null, "conc_A_lo95": null, "conc_A_hi95": null, "conc_A_status": "unavailable", "conc_A_status_ru": "концентрация недоступна", "conc_A_reasons": "вне бассейна профиля: nw_atlantic_subtropical", "conc_A_model": "conc-A-c6bce5631d2b", "conc_B_items_km2": null, "conc_B_lo80": null, "conc_B_hi80": null, "conc_B_lo95": null, "conc_B_hi95": null, "conc_B_status": "unavailable", "conc_B_status_ru": "концентрация недоступна", "conc_B_reasons": "вне бассейна профиля: black_sea", "conc_B_model": "conc-B-c6bce5631d2b"}}, {"type": "Feature", "geometry": {"type": "Polygon", "coordinates": [[[131.91415713764115, 43.04289250774942], [131.91415287739116, 43.04280257419388], [131.91403026438286, 43.04280569890752], [131.9140260043311, 43.04271576534046], [131.9141486171608, 43.042712640636594], [131.91414435695003, 43.042622707077534], [131.91439384276137, 43.04270639083532], [131.914398103349, 43.04279632437308], [131.9142754903799, 43.042799449349076], [131.9142797508085, 43.04288938289484], [131.91415713764115, 43.04289250774942]]]}, "properties": {"zone_id": "vladivostok-2026-06-27-276", "aoi": "vladivostok", "date": "2026-06-27", "scene_id": "S2B_MSIL2A_20260627T020649_R103_T52TGN_20260627T041901", "scene_datetime_utc": "2026-06-27T02:06:49.024000+00:00", "detection_status": "detected", "detection_status_ru": "обнаружено", "lon": 131.91421, "lat": 43.04276, "n_pixels": 1, "zone_area_km2": 0.0005, "cover_m2": 8.2, "p_mean": 0.608, "p_max": 0.608, "cover_m2_km2": 16400.0, "h3": "88316c09abfffff", "valid_frac_scene": 0.998, "wind_ms": 2.0, "sea": "спокойное", "scene_reliable": true, "field_event_id": "S4:DOORS3:T23", "field_profile": "B", "field_date": "2024-06-10", "field_distance_km": 6989.0, "field_date_gap_days": 747, "field_conc_items_km2": 102.37, "conc_A_items_km2": null, "conc_A_lo80": null, "conc_A_hi80": null, "conc_A_lo95": null, "conc_A_hi95": null, "conc_A_status": "unavailable", "conc_A_status_ru": "концентрация недоступна", "conc_A_reasons": "вне бассейна профиля: nw_atlantic_subtropical", "conc_A_model": "conc-A-c6bce5631d2b", "conc_B_items_km2": null, "conc_B_lo80": null, "conc_B_hi80": null, "conc_B_lo95": null, "conc_B_hi95": null, "conc_B_status": "unavailable", "conc_B_status_ru": "концентрация недоступна", "conc_B_reasons": "вне бассейна профиля: black_sea", "conc_B_model": "conc-B-c6bce5631d2b"}}, {"type": "Feature", "geometry": {"type": "Polygon", "coordinates": [[[131.749657289682, 43.042914342728224], [131.7496532697247, 43.042824396375096], [131.7495306392251, 43.042827344839424], [131.74952259972343, 43.04264745210957], [131.74976383990858, 43.04255160873748], [131.74976785998913, 43.042641555086554], [131.7498904900942, 43.04263860637819], [131.7498985306683, 43.04281849905274], [131.749657289682, 43.042914342728224]]]}, "properties": {"zone_id": "vladivostok-2026-06-27-277", "aoi": "vladivostok", "date": "2026-06-27", "scene_id": "S2B_MSIL2A_20260627T020649_R103_T52TGN_20260627T041901", "scene_datetime_utc": "2026-06-27T02:06:49.024000+00:00", "detection_status": "detected", "detection_status_ru": "обнаружено", "lon": 131.74971, "lat": 43.04273, "n_pixels": 2, "zone_area_km2": 0.0008, "cover_m2": 8.2, "p_mean": 0.657, "p_max": 0.659, "cover_m2_km2": 10250.0, "h3": "88316c4555fffff", "valid_frac_scene": 0.998, "wind_ms": 2.0, "sea": "спокойное", "scene_reliable": true, "field_event_id": "S4:DOORS3:T23", "field_profile": "B", "field_date": "2024-06-10", "field_distance_km": 6977.9, "field_date_gap_days": 747, "field_conc_items_km2": 102.37, "conc_A_items_km2": null, "conc_A_lo80": null, "conc_A_hi80": null, "conc_A_lo95": null, "conc_A_hi95": null, "conc_A_status": "unavailable", "conc_A_status_ru": "концентрация недоступна", "conc_A_reasons": "вне бассейна профиля: nw_atlantic_subtropical", "conc_A_model": "conc-A-c6bce5631d2b", "conc_B_items_km2": null, "conc_B_lo80": null, "conc_B_hi80": null, "conc_B_lo95": null, "conc_B_hi95": null, "conc_B_status": "unavailable", "conc_B_status_ru": "концентрация недоступна", "conc_B_reasons": "вне бассейна профиля: black_sea", "conc_B_model": "conc-B-c6bce5631d2b"}}, {"type": "Feature", "geometry": {"type": "Polygon", "coordinates": [[[131.9191799938425, 43.042674347988246], [131.91917572628836, 43.042584414831744], [131.9190531142632, 43.04258754491399], [131.9190488469073, 43.04249761174594], [131.91917145875388, 43.04249448167346], [131.919167191239, 43.04240454851344], [131.9194166823881, 43.042488221135], [131.91942095027986, 43.04257815427371], [131.91929833829394, 43.042581284618315], [131.9193026060267, 43.04267121776505], [131.9191799938425, 43.042674347988246]]]}, "properties": {"zone_id": "vladivostok-2026-06-27-278", "aoi": "vladivostok", "date": "2026-06-27", "scene_id": "S2B_MSIL2A_20260627T020649_R103_T52TGN_20260627T041901", "scene_datetime_utc": "2026-06-27T02:06:49.024000+00:00", "detection_status": "detected", "detection_status_ru": "обнаружено", "lon": 131.91923, "lat": 43.04254, "n_pixels": 1, "zone_area_km2": 0.0005, "cover_m2": 6.3, "p_mean": 0.694, "p_max": 0.694, "cover_m2_km2": 12600.0, "h3": "88316c09abfffff", "valid_frac_scene": 0.998, "wind_ms": 2.0, "sea": "спокойное", "scene_reliable": true, "field_event_id": "S4:DOORS3:T23", "field_profile": "B", "field_date": "2024-06-10", "field_distance_km": 6989.3, "field_date_gap_days": 747, "field_conc_items_km2": 102.37, "conc_A_items_km2": null, "conc_A_lo80": null, "conc_A_hi80": null, "conc_A_lo95": null, "conc_A_hi95": null, "conc_A_status": "unavailable", "conc_A_status_ru": "концентрация недоступна", "conc_A_reasons": "вне бассейна профиля: nw_atlantic_subtropical", "conc_A_model": "conc-A-c6bce5631d2b", "conc_B_items_km2": null, "conc_B_lo80": null, "conc_B_hi80": null, "conc_B_lo95": null, "conc_B_hi95": null, "conc_B_status": "unavailable", "conc_B_status_ru": "концентрация недоступна", "conc_B_reasons": "вне бассейна профиля: black_sea", "conc_B_model": "conc-B-c6bce5631d2b"}}, {"type": "Feature", "geometry": {"type": "Polygon", "coordinates": [[[131.77824191650922, 43.042493603370694], [131.77823785485367, 43.042403659181474], [131.77798854015066, 43.04231967297949], [131.77798447888992, 43.042229728768184], [131.77810710525367, 43.04222674984862], [131.77810304383294, 43.04213680564492], [131.77834423438742, 43.042040903243915], [131.7783482961469, 43.04213084743074], [131.77847092227583, 43.042127868126826], [131.77848310820252, 43.04239770064897], [131.77824191650922, 43.042493603370694]]]}, "properties": {"zone_id": "vladivostok-2026-06-27-279", "aoi": "vladivostok", "date": "2026-06-27", "scene_id": "S2B_MSIL2A_20260627T020649_R103_T52TGN_20260627T041901", "scene_datetime_utc": "2026-06-27T02:06:49.024000+00:00", "detection_status": "detected", "detection_status_ru": "обнаружено", "lon": 131.77826, "lat": 43.04227, "n_pixels": 4, "zone_area_km2": 0.0012, "cover_m2": 24.3, "p_mean": 0.667, "p_max": 0.792, "cover_m2_km2": 20250.0, "h3": "88316c4429fffff", "valid_frac_scene": 0.998, "wind_ms": 2.0, "sea": "спокойное", "scene_reliable": true, "field_event_id": "S4:DOORS3:T23", "field_profile": "B", "field_date": "2024-06-10", "field_distance_km": 6979.8, "field_date_gap_days": 747, "field_conc_items_km2": 102.37, "conc_A_items_km2": null, "conc_A_lo80": null, "conc_A_hi80": null, "conc_A_lo95": null, "conc_A_hi95": null, "conc_A_status": "unavailable", "conc_A_status_ru": "концентрация недоступна", "conc_A_reasons": "вне бассейна профиля: nw_atlantic_subtropical", "conc_A_model": "conc-A-c6bce5631d2b", "conc_B_items_km2": null, "conc_B_lo80": null, "conc_B_hi80": null, "conc_B_lo95": null, "conc_B_hi95": null, "conc_B_status": "unavailable", "conc_B_status_ru": "концентрация недоступна", "conc_B_reasons": "вне бассейна профиля: black_sea", "conc_B_model": "conc-B-c6bce5631d2b"}}, {"type": "Feature", "geometry": {"type": "Polygon", "coordinates": [[[131.91940387883068, 43.04221842170833], [131.9193996110175, 43.04212848856258], [131.9192769999247, 43.04213161885826], [131.9192727323098, 43.04204168570099], [131.91939534322398, 43.04203855541508], [131.91939107545005, 43.04194862226582], [131.91963629686222, 43.04194236132007], [131.9196405649934, 43.04203229444975], [131.91976317584863, 43.042029163770316], [131.91976744417806, 43.04211909688847], [131.91964483314416, 43.042122227577686], [131.9196491013146, 43.042212160703855], [131.91940387883068, 43.04221842170833]]]}, "properties": {"zone_id": "vladivostok-2026-06-27-280", "aoi": "vladivostok", "date": "2026-06-27", "scene_id": "S2B_MSIL2A_20260627T020649_R103_T52TGN_20260627T041901", "scene_datetime_utc": "2026-06-27T02:06:49.024000+00:00", "detection_status": "detected", "detection_status_ru": "обнаружено", "lon": 131.91952, "lat": 43.04208, "n_pixels": 2, "zone_area_km2": 0.0008, "cover_m2": 11.8, "p_mean": 0.749, "p_max": 0.914, "cover_m2_km2": 14750.0, "h3": "88316c09abfffff", "valid_frac_scene": 0.998, "wind_ms": 2.0, "sea": "спокойное", "scene_reliable": true, "field_event_id": "S4:DOORS3:T23", "field_profile": "B", "field_date": "2024-06-10", "field_distance_km": 6989.4, "field_date_gap_days": 747, "field_conc_items_km2": 102.37, "conc_A_items_km2": null, "conc_A_lo80": null, "conc_A_hi80": null, "conc_A_lo95": null, "conc_A_hi95": null, "conc_A_status": "unavailable", "conc_A_status_ru": "концентрация недоступна", "conc_A_reasons": "вне бассейна профиля: nw_atlantic_subtropical", "conc_A_model": "conc-A-c6bce5631d2b", "conc_B_items_km2": null, "conc_B_lo80": null, "conc_B_hi80": null, "conc_B_lo95": null, "conc_B_hi95": null, "conc_B_status": "unavailable", "conc_B_status_ru": "концентрация недоступна", "conc_B_reasons": "вне бассейна профиля: black_sea", "conc_B_model": "conc-B-c6bce5631d2b"}}, {"type": "Feature", "geometry": {"type": "Polygon", "coordinates": [[[131.9419941229413, 43.04226973224918], [131.94198982212498, 43.042179800922995], [131.94174030423503, 43.042096178444616], [131.94173600381546, 43.04200624709519], [131.94185861219347, 43.04200309274585], [131.94185431161512, 43.04191316140452], [131.94209952795455, 43.04190685233206], [131.94210382889014, 43.04199678365367], [131.94222643720877, 43.04199362891084], [131.94223503949647, 43.04217349152905], [131.9419941229413, 43.04226973224918]]]}, "properties": {"zone_id": "vladivostok-2026-06-27-281", "aoi": "vladivostok", "date": "2026-06-27", "scene_id": "S2B_MSIL2A_20260627T020649_R103_T52TGN_20260627T041901", "scene_datetime_utc": "2026-06-27T02:06:49.024000+00:00", "detection_status": "detected", "detection_status_ru": "обнаружено", "lon": 131.94201, "lat": 43.04207, "n_pixels": 3, "zone_area_km2": 0.001, "cover_m2": 19.2, "p_mean": 0.688, "p_max": 0.863, "cover_m2_km2": 19200.0, "h3": "88316c099dfffff", "valid_frac_scene": 0.998, "wind_ms": 2.0, "sea": "спокойное", "scene_reliable": true, "field_event_id": "S4:DOORS3:T23", "field_profile": "B", "field_date": "2024-06-10", "field_distance_km": 6990.9, "field_date_gap_days": 747, "field_conc_items_km2": 102.37, "conc_A_items_km2": null, "conc_A_lo80": null, "conc_A_hi80": null, "conc_A_lo95": null, "conc_A_hi95": null, "conc_A_status": "unavailable", "conc_A_status_ru": "концентрация недоступна", "conc_A_reasons": "вне бассейна профиля: nw_atlantic_subtropical", "conc_A_model": "conc-A-c6bce5631d2b", "conc_B_items_km2": null, "conc_B_lo80": null, "conc_B_hi80": null, "conc_B_lo95": null, "conc_B_hi95": null, "conc_B_status": "unavailable", "conc_B_status_ru": "концентрация недоступна", "conc_B_reasons": "вне бассейна профиля: black_sea", "conc_B_model": "conc-B-c6bce5631d2b"}}, {"type": "Feature", "geometry": {"type": "Polygon", "coordinates": [[[131.78362934174336, 43.0421825064326], [131.78362527226204, 43.042092562650076], [131.78350264674032, 43.042095547474766], [131.78349857745644, 43.04200560368118], [131.78362120279948, 43.04200261886582], [131.78361713335565, 43.041912675079836], [131.78386238362813, 43.0419067050741], [131.78386645342937, 43.04199664884143], [131.78398907871622, 43.0419936636324], [131.7839931487149, 43.04208360738867], [131.78387052324936, 43.04208659260702], [131.7838745930881, 43.04217653637088], [131.78362934174336, 43.0421825064326]]]}, "properties": {"zone_id": "vladivostok-2026-06-27-282", "aoi": "vladivostok", "date": "2026-06-27", "scene_id": "S2B_MSIL2A_20260627T020649_R103_T52TGN_20260627T041901", "scene_datetime_utc": "2026-06-27T02:06:49.024000+00:00", "detection_status": "detected", "detection_status_ru": "обнаружено", "lon": 131.78375, "lat": 43.04204, "n_pixels": 2, "zone_area_km2": 0.0008, "cover_m2": 16.1, "p_mean": 0.604, "p_max": 0.62, "cover_m2_km2": 20125.0, "h3": "88316c4429fffff", "valid_frac_scene": 0.998, "wind_ms": 2.0, "sea": "спокойное", "scene_reliable": true, "field_event_id": "S4:DOORS3:T23", "field_profile": "B", "field_date": "2024-06-10", "field_distance_km": 6980.2, "field_date_gap_days": 747, "field_conc_items_km2": 102.37, "conc_A_items_km2": null, "conc_A_lo80": null, "conc_A_hi80": null, "conc_A_lo95": null, "conc_A_hi95": null, "conc_A_status": "unavailable", "conc_A_status_ru": "концентрация недоступна", "conc_A_reasons": "вне бассейна профиля: nw_atlantic_subtropical", "conc_A_model": "conc-A-c6bce5631d2b", "conc_B_items_km2": null, "conc_B_lo80": null, "conc_B_hi80": null, "conc_B_lo95": null, "conc_B_hi95": null, "conc_B_status": "unavailable", "conc_B_status_ru": "концентрация недоступна", "conc_B_reasons": "вне бассейна профиля: black_sea", "conc_B_model": "conc-B-c6bce5631d2b"}}, {"type": "Feature", "geometry": {"type": "Polygon", "coordinates": [[[131.96727715800213, 43.04215668228059], [131.96727282027513, 43.04206675300479], [131.96715021458255, 43.042069934584205], [131.96714587705407, 43.04198000529671], [131.96726848256804, 43.04197682372723], [131.96726414488094, 43.04188689444791], [131.96751369353612, 43.04197046019482], [131.96751803160038, 43.04206038945249], [131.96739542594773, 43.04206357129422], [131.96739976385334, 43.04215350056007], [131.96727715800213, 43.04215668228059]]]}, "properties": {"zone_id": "vladivostok-2026-06-27-283", "aoi": "vladivostok", "date": "2026-06-27", "scene_id": "S2B_MSIL2A_20260627T020649_R103_T52TGN_20260627T041901", "scene_datetime_utc": "2026-06-27T02:06:49.024000+00:00", "detection_status": "detected", "detection_status_ru": "обнаружено", "lon": 131.96733, "lat": 43.04202, "n_pixels": 1, "zone_area_km2": 0.0005, "cover_m2": 6.7, "p_mean": 0.663, "p_max": 0.663, "cover_m2_km2": 13400.0, "h3": "88316c08a5fffff", "valid_frac_scene": 0.998, "wind_ms": 2.0, "sea": "спокойное", "scene_reliable": true, "field_event_id": "S4:DOORS3:T23", "field_profile": "B", "field_date": "2024-06-10", "field_distance_km": 6992.6, "field_date_gap_days": 747, "field_conc_items_km2": 102.37, "conc_A_items_km2": null, "conc_A_lo80": null, "conc_A_hi80": null, "conc_A_lo95": null, "conc_A_hi95": null, "conc_A_status": "unavailable", "conc_A_status_ru": "концентрация недоступна", "conc_A_reasons": "вне бассейна профиля: nw_atlantic_subtropical", "conc_A_model": "conc-A-c6bce5631d2b", "conc_B_items_km2": null, "conc_B_lo80": null, "conc_B_hi80": null, "conc_B_lo95": null, "conc_B_hi95": null, "conc_B_status": "unavailable", "conc_B_status_ru": "концентрация недоступна", "conc_B_reasons": "вне бассейна профиля: black_sea", "conc_B_model": "conc-B-c6bce5631d2b"}}, {"type": "Feature", "geometry": {"type": "Polygon", "coordinates": [[[131.78436102499919, 43.042074650946226], [131.78435695446436, 43.04198470721798], [131.78423432923373, 43.04198769282067], [131.78423025889634, 43.041897749081336], [131.7843528839483, 43.04189476348796], [131.78434881345095, 43.04180481975625], [131.78447143830547, 43.04180183404099], [131.78446736764815, 43.04171189031687], [131.78471668795828, 43.04179586221681], [131.78472483004387, 43.04197574962253], [131.78460220486946, 43.04197873561889], [131.78460627576166, 43.042068679328494], [131.78436102499919, 43.042074650946226]]]}, "properties": {"zone_id": "vladivostok-2026-06-27-284", "aoi": "vladivostok", "date": "2026-06-27", "scene_id": "S2B_MSIL2A_20260627T020649_R103_T52TGN_20260627T041901", "scene_datetime_utc": "2026-06-27T02:06:49.024000+00:00", "detection_status": "detected", "detection_status_ru": "обнаружено", "lon": 131.7845, "lat": 43.04191, "n_pixels": 3, "zone_area_km2": 0.001, "cover_m2": 39.6, "p_mean": 0.736, "p_max": 0.925, "cover_m2_km2": 39600.0, "h3": "88316c4429fffff", "valid_frac_scene": 0.998, "wind_ms": 2.0, "sea": "спокойное", "scene_reliable": true, "field_event_id": "S4:DOORS3:T23", "field_profile": "B", "field_date": "2024-06-10", "field_distance_km": 6980.3, "field_date_gap_days": 747, "field_conc_items_km2": 102.37, "conc_A_items_km2": null, "conc_A_lo80": null, "conc_A_hi80": null, "conc_A_lo95": null, "conc_A_hi95": null, "conc_A_status": "unavailable", "conc_A_status_ru": "концентрация недоступна", "conc_A_reasons": "вне бассейна профиля: nw_atlantic_subtropical", "conc_A_model": "conc-A-c6bce5631d2b", "conc_B_items_km2": null, "conc_B_lo80": null, "conc_B_hi80": null, "conc_B_lo95": null, "conc_B_hi95": null, "conc_B_status": "unavailable", "conc_B_status_ru": "концентрация недоступна", "conc_B_reasons": "вне бассейна профиля: black_sea", "conc_B_model": "conc-B-c6bce5631d2b"}}, {"type": "Feature", "geometry": {"type": "Polygon", "coordinates": [[[131.94221783500024, 43.04181376628557], [131.94221353392564, 43.04172383497029], [131.9420909261428, 43.04172698968355], [131.94208662526663, 43.041637058356635], [131.94220923287085, 43.04163390365324], [131.94220493183585, 43.04154397233442], [131.94245444801993, 43.04162759385294], [131.94245874943192, 43.04171752515027], [131.94233614168868, 43.041720680125856], [131.94234044294186, 43.04181061143129], [131.94221783500024, 43.04181376628557]]]}, "properties": {"zone_id": "vladivostok-2026-06-27-285", "aoi": "vladivostok", "date": "2026-06-27", "scene_id": "S2B_MSIL2A_20260627T020649_R103_T52TGN_20260627T041901", "scene_datetime_utc": "2026-06-27T02:06:49.024000+00:00", "detection_status": "detected", "detection_status_ru": "обнаружено", "lon": 131.94227, "lat": 43.04168, "n_pixels": 1, "zone_area_km2": 0.0005, "cover_m2": 6.3, "p_mean": 0.89, "p_max": 0.89, "cover_m2_km2": 12600.0, "h3": "88316c099dfffff", "valid_frac_scene": 0.998, "wind_ms": 2.0, "sea": "спокойное", "scene_reliable": true, "field_event_id": "S4:DOORS3:T23", "field_profile": "B", "field_date": "2024-06-10", "field_distance_km": 6991.0, "field_date_gap_days": 747, "field_conc_items_km2": 102.37, "conc_A_items_km2": null, "conc_A_lo80": null, "conc_A_hi80": null, "conc_A_lo95": null, "conc_A_hi95": null, "conc_A_status": "unavailable", "conc_A_status_ru": "концентрация недоступна", "conc_A_reasons": "вне бассейна профиля: nw_atlantic_subtropical", "conc_A_model": "conc-A-c6bce5631d2b", "conc_B_items_km2": null, "conc_B_lo80": null, "conc_B_hi80": null, "conc_B_lo95": null, "conc_B_hi95": null, "conc_B_status": "unavailable", "conc_B_status_ru": "концентрация недоступна", "conc_B_reasons": "вне бассейна профиля: black_sea", "conc_B_model": "conc-B-c6bce5631d2b"}}, {"type": "Feature", "geometry": {"type": "Polygon", "coordinates": [[[131.90538784124524, 43.041765023216406], [131.90538359397158, 43.0416750889421], [131.90526098225283, 43.041678204195634], [131.90525673517732, 43.04158826990985], [131.9053793467174, 43.04158515466606], [131.90537509948282, 43.04149522038826], [131.90562456973905, 43.04157892378493], [131.90562881735042, 43.041668858041504], [131.90550620567075, 43.0416719735574], [131.9055104531231, 43.04176190782196], [131.90538784124524, 43.041765023216406]]]}, "properties": {"zone_id": "vladivostok-2026-06-27-286", "aoi": "vladivostok", "date": "2026-06-27", "scene_id": "S2B_MSIL2A_20260627T020649_R103_T52TGN_20260627T041901", "scene_datetime_utc": "2026-06-27T02:06:49.024000+00:00", "detection_status": "detected", "detection_status_ru": "обнаружено", "lon": 131.90544, "lat": 43.04163, "n_pixels": 1, "zone_area_km2": 0.0005, "cover_m2": 3.1, "p_mean": 0.91, "p_max": 0.91, "cover_m2_km2": 6200.0, "h3": "88316c09a1fffff", "valid_frac_scene": 0.998, "wind_ms": 2.0, "sea": "спокойное", "scene_reliable": true, "field_event_id": "S4:DOORS3:T23", "field_profile": "B", "field_date": "2024-06-10", "field_distance_km": 6988.5, "field_date_gap_days": 747, "field_conc_items_km2": 102.37, "conc_A_items_km2": null, "conc_A_lo80": null, "conc_A_hi80": null, "conc_A_lo95": null, "conc_A_hi95": null, "conc_A_status": "unavailable", "conc_A_status_ru": "концентрация недоступна", "conc_A_reasons": "вне бассейна профиля: nw_atlantic_subtropical", "conc_A_model": "conc-A-c6bce5631d2b", "conc_B_items_km2": null, "conc_B_lo80": null, "conc_B_hi80": null, "conc_B_lo95": null, "conc_B_hi95": null, "conc_B_status": "unavailable", "conc_B_status_ru": "концентрация недоступна", "conc_B_reasons": "вне бассейна профиля: black_sea", "conc_B_model": "conc-B-c6bce5631d2b"}}, {"type": "Feature", "geometry": {"type": "Polygon", "coordinates": [[[131.90734537881264, 43.04162522704522], [131.9073411287005, 43.04153529292503], [131.9072185174732, 43.04153841026769], [131.90721001766485, 43.04135854200253], [131.9074509891533, 43.041262373109305], [131.90745523938537, 43.04135230722501], [131.90757785021628, 43.041349189639504], [131.90758635109637, 43.04152905784619], [131.90734537881264, 43.04162522704522]]]}, "properties": {"zone_id": "vladivostok-2026-06-27-287", "aoi": "vladivostok", "date": "2026-06-27", "scene_id": "S2B_MSIL2A_20260627T020649_R103_T52TGN_20260627T041901", "scene_datetime_utc": "2026-06-27T02:06:49.024000+00:00", "detection_status": "detected", "detection_status_ru": "обнаружено", "lon": 131.9074, "lat": 43.04144, "n_pixels": 2, "zone_area_km2": 0.0008, "cover_m2": 9.8, "p_mean": 0.831, "p_max": 0.859, "cover_m2_km2": 12250.0, "h3": "88316c09a1fffff", "valid_frac_scene": 0.998, "wind_ms": 2.0, "sea": "спокойное", "scene_reliable": true, "field_event_id": "S4:DOORS3:T23", "field_profile": "B", "field_date": "2024-06-10", "field_distance_km": 6988.6, "field_date_gap_days": 747, "field_conc_items_km2": 102.37, "conc_A_items_km2": null, "conc_A_lo80": null, "conc_A_hi80": null, "conc_A_lo95": null, "conc_A_hi95": null, "conc_A_status": "unavailable", "conc_A_status_ru": "концентрация недоступна", "conc_A_reasons": "вне бассейна профиля: nw_atlantic_subtropical", "conc_A_model": "conc-A-c6bce5631d2b", "conc_B_items_km2": null, "conc_B_lo80": null, "conc_B_hi80": null, "conc_B_lo95": null, "conc_B_hi95": null, "conc_B_status": "unavailable", "conc_B_status_ru": "концентрация недоступна", "conc_B_reasons": "вне бассейна профиля: black_sea", "conc_B_model": "conc-B-c6bce5631d2b"}}, {"type": "Feature", "geometry": {"type": "Polygon", "coordinates": [[[131.91630874813404, 43.0416671062233], [131.91630448492378, 43.04157717282077], [131.9161818745906, 43.041580299768604], [131.91617761157858, 43.04149036635454], [131.9163002217331, 43.04148723941648], [131.91629169541068, 43.04130737260262], [131.9164143051884, 43.04130424555293], [131.916410041878, 43.04121431215313], [131.91665952468497, 43.04129799106003], [131.9166680520791, 43.041477857815245], [131.91642709523734, 43.041574045741754], [131.91643135862623, 43.04166397913451], [131.91630874813404, 43.0416671062233]]]}, "properties": {"zone_id": "vladivostok-2026-06-27-288", "aoi": "vladivostok", "date": "2026-06-27", "scene_id": "S2B_MSIL2A_20260627T020649_R103_T52TGN_20260627T041901", "scene_datetime_utc": "2026-06-27T02:06:49.024000+00:00", "detection_status": "detected", "detection_status_ru": "обнаружено", "lon": 131.91644, "lat": 43.04144, "n_pixels": 3, "zone_area_km2": 0.0011, "cover_m2": 16.5, "p_mean": 0.668, "p_max": 0.729, "cover_m2_km2": 15000.0, "h3": "88316c09abfffff", "valid_frac_scene": 0.998, "wind_ms": 2.0, "sea": "спокойное", "scene_reliable": true, "field_event_id": "S4:DOORS3:T23", "field_profile": "B", "field_date": "2024-06-10", "field_distance_km": 6989.2, "field_date_gap_days": 747, "field_conc_items_km2": 102.37, "conc_A_items_km2": null, "conc_A_lo80": null, "conc_A_hi80": null, "conc_A_lo95": null, "conc_A_hi95": null, "conc_A_status": "unavailable", "conc_A_status_ru": "концентрация недоступна", "conc_A_reasons": "вне бассейна профиля: nw_atlantic_subtropical", "conc_A_model": "conc-A-c6bce5631d2b", "conc_B_items_km2": null, "conc_B_lo80": null, "conc_B_hi80": null, "conc_B_lo95": null, "conc_B_hi95": null, "conc_B_status": "unavailable", "conc_B_status_ru": "концентрация недоступна", "conc_B_reasons": "вне бассейна профиля: black_sea", "conc_B_model": "conc-B-c6bce5631d2b"}}, {"type": "Feature", "geometry": {"type": "Polygon", "coordinates": [[[131.94821267142922, 43.041389231673996], [131.9482083616627, 43.041299300837075], [131.9480857553865, 43.041302461947794], [131.9480814458184, 43.041212531099205], [131.94820405191604, 43.04120936999838], [131.94819974218913, 43.0411194391579], [131.94844926405176, 43.04120304740322], [131.94845357415568, 43.04129297822215], [131.9483309679191, 43.04129613959519], [131.9483352778642, 43.04138607042224], [131.94821267142922, 43.041389231673996]]]}, "properties": {"zone_id": "vladivostok-2026-06-27-289", "aoi": "vladivostok", "date": "2026-06-27", "scene_id": "S2B_MSIL2A_20260627T020649_R103_T52TGN_20260627T041901", "scene_datetime_utc": "2026-06-27T02:06:49.024000+00:00", "detection_status": "detected", "detection_status_ru": "обнаружено", "lon": 131.94827, "lat": 43.04125, "n_pixels": 1, "zone_area_km2": 0.0005, "cover_m2": 5.5, "p_mean": 0.733, "p_max": 0.733, "cover_m2_km2": 11000.0, "h3": "88316c099dfffff", "valid_frac_scene": 0.998, "wind_ms": 2.0, "sea": "спокойное", "scene_reliable": true, "field_event_id": "S4:DOORS3:T23", "field_profile": "B", "field_date": "2024-06-10", "field_distance_km": 6991.4, "field_date_gap_days": 747, "field_conc_items_km2": 102.37, "conc_A_items_km2": null, "conc_A_lo80": null, "conc_A_hi80": null, "conc_A_lo95": null, "conc_A_hi95": null, "conc_A_status": "unavailable", "conc_A_status_ru": "концентрация недоступна", "conc_A_reasons": "вне бассейна профиля: nw_atlantic_subtropical", "conc_A_model": "conc-A-c6bce5631d2b", "conc_B_items_km2": null, "conc_B_lo80": null, "conc_B_hi80": null, "conc_B_lo95": null, "conc_B_hi95": null, "conc_B_status": "unavailable", "conc_B_status_ru": "концентрация недоступна", "conc_B_reasons": "вне бассейна профиля: black_sea", "conc_B_model": "conc-B-c6bce5631d2b"}}, {"type": "Feature", "geometry": {"type": "Polygon", "coordinates": [[[131.96023666226102, 43.04125866532159], [131.9602323349528, 43.04116873545843], [131.96010973026688, 43.041171909442625], [131.96010540315714, 43.04108197956777], [131.96022800766448, 43.04107880559349], [131.9602236803961, 43.04098887572679], [131.9604732166194, 43.04107245725145], [131.96047754426488, 43.04116238709655], [131.96035493961878, 43.041165561343064], [131.96035926710562, 43.04125549119632], [131.96023666226102, 43.04125866532159]]]}, "properties": {"zone_id": "vladivostok-2026-06-27-290", "aoi": "vladivostok", "date": "2026-06-27", "scene_id": "S2B_MSIL2A_20260627T020649_R103_T52TGN_20260627T041901", "scene_datetime_utc": "2026-06-27T02:06:49.024000+00:00", "detection_status": "detected", "detection_status_ru": "обнаружено", "lon": 131.96029, "lat": 43.04112, "n_pixels": 1, "zone_area_km2": 0.0005, "cover_m2": 5.5, "p_mean": 0.639, "p_max": 0.639, "cover_m2_km2": 11000.0, "h3": "88316c08a5fffff", "valid_frac_scene": 0.998, "wind_ms": 2.0, "sea": "спокойное", "scene_reliable": true, "field_event_id": "S4:DOORS3:T23", "field_profile": "B", "field_date": "2024-06-10", "field_distance_km": 6992.2, "field_date_gap_days": 747, "field_conc_items_km2": 102.37, "conc_A_items_km2": null, "conc_A_lo80": null, "conc_A_hi80": null, "conc_A_lo95": null, "conc_A_hi95": null, "conc_A_status": "unavailable", "conc_A_status_ru": "концентрация недоступна", "conc_A_reasons": "вне бассейна профиля: nw_atlantic_subtropical", "conc_A_model": "conc-A-c6bce5631d2b", "conc_B_items_km2": null, "conc_B_lo80": null, "conc_B_hi80": null, "conc_B_lo95": null, "conc_B_hi95": null, "conc_B_status": "unavailable", "conc_B_status_ru": "концентрация недоступна", "conc_B_reasons": "вне бассейна профиля: black_sea", "conc_B_model": "conc-B-c6bce5631d2b"}}, {"type": "Feature", "geometry": {"type": "Polygon", "coordinates": [[[131.94672846985205, 43.041157363592674], [131.94672416228815, 43.04106743263191], [131.9466015563098, 43.04107059213905], [131.94659294159862, 43.04089073019247], [131.9467155472198, 43.04088757070509], [131.94671123971537, 43.04079763973903], [131.94695645054108, 43.040791320390525], [131.94696075840267, 43.04088125133683], [131.9470833639644, 43.040878091455966], [131.9470919801043, 43.04105795332353], [131.9469693741854, 43.04106111322416], [131.9469736821065, 43.04115104416517], [131.94672846985205, 43.041157363592674]]]}, "properties": {"zone_id": "vladivostok-2026-06-27-291", "aoi": "vladivostok", "date": "2026-06-27", "scene_id": "S2B_MSIL2A_20260627T020649_R103_T52TGN_20260627T041901", "scene_datetime_utc": "2026-06-27T02:06:49.024000+00:00", "detection_status": "detected", "detection_status_ru": "обнаружено", "lon": 131.94684, "lat": 43.04097, "n_pixels": 4, "zone_area_km2": 0.0012, "cover_m2": 22.7, "p_mean": 0.87, "p_max": 0.953, "cover_m2_km2": 18916.7, "h3": "88316c099dfffff", "valid_frac_scene": 0.998, "wind_ms": 2.0, "sea": "спокойное", "scene_reliable": true, "field_event_id": "S4:DOORS3:T23", "field_profile": "B", "field_date": "2024-06-10", "field_distance_km": 6991.3, "field_date_gap_days": 747, "field_conc_items_km2": 102.37, "conc_A_items_km2": null, "conc_A_lo80": null, "conc_A_hi80": null, "conc_A_lo95": null, "conc_A_hi95": null, "conc_A_status": "unavailable", "conc_A_status_ru": "концентрация недоступна", "conc_A_reasons": "вне бассейна профиля: nw_atlantic_subtropical", "conc_A_model": "conc-A-c6bce5631d2b", "conc_B_items_km2": null, "conc_B_lo80": null, "conc_B_hi80": null, "conc_B_lo95": null, "conc_B_hi95": null, "conc_B_status": "unavailable", "conc_B_status_ru": "концентрация недоступна", "conc_B_reasons": "вне бассейна профиля: black_sea", "conc_B_model": "conc-B-c6bce5631d2b"}}, {"type": "Feature", "geometry": {"type": "Polygon", "coordinates": [[[131.76528918034361, 43.04109673169707], [131.76528513780696, 43.0410067864995], [131.7651625125418, 43.041009751613636], [131.76515847020246, 43.04091980640506], [131.76528109528888, 43.04091684130019], [131.76527705278946, 43.04082689609918], [131.76552634540602, 43.04091091069679], [131.7655303882815, 43.041000855877556], [131.76540776305353, 43.041003821254144], [131.7654118057689, 43.04109376644244], [131.76528918034361, 43.04109673169707]]]}, "properties": {"zone_id": "vladivostok-2026-06-27-292", "aoi": "vladivostok", "date": "2026-06-27", "scene_id": "S2B_MSIL2A_20260627T020649_R103_T52TGN_20260627T041901", "scene_datetime_utc": "2026-06-27T02:06:49.024000+00:00", "detection_status": "detected", "detection_status_ru": "обнаружено", "lon": 131.76534, "lat": 43.04096, "n_pixels": 1, "zone_area_km2": 0.0005, "cover_m2": 6.3, "p_mean": 0.612, "p_max": 0.612, "cover_m2_km2": 12600.0, "h3": "88316c4553fffff", "valid_frac_scene": 0.998, "wind_ms": 2.0, "sea": "спокойное", "scene_reliable": true, "field_event_id": "S4:DOORS3:T23", "field_profile": "B", "field_date": "2024-06-10", "field_distance_km": 6979.1, "field_date_gap_days": 747, "field_conc_items_km2": 102.37, "conc_A_items_km2": null, "conc_A_lo80": null, "conc_A_hi80": null, "conc_A_lo95": null, "conc_A_hi95": null, "conc_A_status": "unavailable", "conc_A_status_ru": "концентрация недоступна", "conc_A_reasons": "вне бассейна профиля: nw_atlantic_subtropical", "conc_A_model": "conc-A-c6bce5631d2b", "conc_B_items_km2": null, "conc_B_lo80": null, "conc_B_hi80": null, "conc_B_lo95": null, "conc_B_hi95": null, "conc_B_status": "unavailable", "conc_B_status_ru": "концентрация недоступна", "conc_B_reasons": "вне бассейна профиля: black_sea", "conc_B_model": "conc-B-c6bce5631d2b"}}, {"type": "Feature", "geometry": {"type": "Polygon", "coordinates": [[[131.76712855976862, 43.04105223909899], [131.76712451455137, 43.04096229404051], [131.76700188956536, 43.04096526112302], [131.7669937995441, 43.04078537098231], [131.76723500344258, 43.04068949166879], [131.76723904878267, 43.04077943672318], [131.76736167337404, 43.04077646939678], [131.7673697644675, 43.04095635948182], [131.76712855976862, 43.04105223909899]]]}, "properties": {"zone_id": "vladivostok-2026-06-27-293", "aoi": "vladivostok", "date": "2026-06-27", "scene_id": "S2B_MSIL2A_20260627T020649_R103_T52TGN_20260627T041901", "scene_datetime_utc": "2026-06-27T02:06:49.024000+00:00", "detection_status": "detected", "detection_status_ru": "обнаружено", "lon": 131.76718, "lat": 43.04087, "n_pixels": 2, "zone_area_km2": 0.0008, "cover_m2": 14.9, "p_mean": 0.633, "p_max": 0.749, "cover_m2_km2": 18625.0, "h3": "88316c442dfffff", "valid_frac_scene": 0.998, "wind_ms": 2.0, "sea": "спокойное", "scene_reliable": true, "field_event_id": "S4:DOORS3:T23", "field_profile": "B", "field_date": "2024-06-10", "field_distance_km": 6979.2, "field_date_gap_days": 747, "field_conc_items_km2": 102.37, "conc_A_items_km2": null, "conc_A_lo80": null, "conc_A_hi80": null, "conc_A_lo95": null, "conc_A_hi95": null, "conc_A_status": "unavailable", "conc_A_status_ru": "концентрация недоступна", "conc_A_reasons": "вне бассейна профиля: nw_atlantic_subtropical", "conc_A_model": "conc-A-c6bce5631d2b", "conc_B_items_km2": null, "conc_B_lo80": null, "conc_B_hi80": null, "conc_B_lo95": null, "conc_B_hi95": null, "conc_B_status": "unavailable", "conc_B_status_ru": "концентрация недоступна", "conc_B_reasons": "вне бассейна профиля: black_sea", "conc_B_model": "conc-B-c6bce5631d2b"}}, {"type": "Feature", "geometry": {"type": "Polygon", "coordinates": [[[131.91897630486204, 43.040968747619765], [131.91897203785965, 43.04087881442004], [131.91884942920856, 43.040881944185244], [131.9188451624044, 43.040792010973966], [131.9189677708769, 43.040788881218546], [131.91896350391377, 43.0406989480153], [131.91921298776293, 43.0407826213142], [131.9192172551029, 43.04087255449613], [131.9190946464911, 43.04087568452367], [131.9190989136721, 43.0409656177136], [131.91897630486204, 43.040968747619765]]]}, "properties": {"zone_id": "vladivostok-2026-06-27-294", "aoi": "vladivostok", "date": "2026-06-27", "scene_id": "S2B_MSIL2A_20260627T020649_R103_T52TGN_20260627T041901", "scene_datetime_utc": "2026-06-27T02:06:49.024000+00:00", "detection_status": "detected", "detection_status_ru": "обнаружено", "lon": 131.91903, "lat": 43.04083, "n_pixels": 1, "zone_area_km2": 0.0005, "cover_m2": 4.3, "p_mean": 0.514, "p_max": 0.514, "cover_m2_km2": 8600.0, "h3": "88316c09abfffff", "valid_frac_scene": 0.998, "wind_ms": 2.0, "sea": "спокойное", "scene_reliable": true, "field_event_id": "S4:DOORS3:T23", "field_profile": "B", "field_date": "2024-06-10", "field_distance_km": 6989.4, "field_date_gap_days": 747, "field_conc_items_km2": 102.37, "conc_A_items_km2": null, "conc_A_lo80": null, "conc_A_hi80": null, "conc_A_lo95": null, "conc_A_hi95": null, "conc_A_status": "unavailable", "conc_A_status_ru": "концентрация недоступна", "conc_A_reasons": "вне бассейна профиля: nw_atlantic_subtropical", "conc_A_model": "conc-A-c6bce5631d2b", "conc_B_items_km2": null, "conc_B_lo80": null, "conc_B_hi80": null, "conc_B_lo95": null, "conc_B_hi95": null, "conc_B_status": "unavailable", "conc_B_status_ru": "концентрация недоступна", "conc_B_reasons": "вне бассейна профиля: black_sea", "conc_B_model": "conc-B-c6bce5631d2b"}}, {"type": "Feature", "geometry": {"type": "Polygon", "coordinates": [[[131.76490917801038, 43.0408357909923], [131.76490513606566, 43.04074584576175], [131.76478251128077, 43.04074881045441], [131.76477846953335, 43.04065886521286], [131.76490109413953, 43.04065590052947], [131.76489705223202, 43.04056595529548], [131.76514634329604, 43.04064997076903], [131.76515038557957, 43.04073991598277], [131.7650277608319, 43.04074288093788], [131.76503180295535, 43.04083282615915], [131.76490917801038, 43.0408357909923]]]}, "properties": {"zone_id": "vladivostok-2026-06-27-295", "aoi": "vladivostok", "date": "2026-06-27", "scene_id": "S2B_MSIL2A_20260627T020649_R103_T52TGN_20260627T041901", "scene_datetime_utc": "2026-06-27T02:06:49.024000+00:00", "detection_status": "detected", "detection_status_ru": "обнаружено", "lon": 131.76496, "lat": 43.0407, "n_pixels": 1, "zone_area_km2": 0.0005, "cover_m2": 8.2, "p_mean": 0.506, "p_max": 0.506, "cover_m2_km2": 16400.0, "h3": "88316c4553fffff", "valid_frac_scene": 0.998, "wind_ms": 2.0, "sea": "спокойное", "scene_reliable": true, "field_event_id": "S4:DOORS3:T23", "field_profile": "B", "field_date": "2024-06-10", "field_distance_km": 6979.0, "field_date_gap_days": 747, "field_conc_items_km2": 102.37, "conc_A_items_km2": null, "conc_A_lo80": null, "conc_A_hi80": null, "conc_A_lo95": null, "conc_A_hi95": null, "conc_A_status": "unavailable", "conc_A_status_ru": "концентрация недоступна", "conc_A_reasons": "вне бассейна профиля: nw_atlantic_subtropical", "conc_A_model": "conc-A-c6bce5631d2b", "conc_B_items_km2": null, "conc_B_lo80": null, "conc_B_hi80": null, "conc_B_lo95": null, "conc_B_hi95": null, "conc_B_status": "unavailable", "conc_B_status_ru": "концентрация недоступна", "conc_B_reasons": "вне бассейна профиля: black_sea", "conc_B_model": "conc-B-c6bce5631d2b"}}, {"type": "Feature", "geometry": {"type": "Polygon", "coordinates": [[[131.9124609798235, 43.04077471005693], [131.912456722366, 43.04068477633227], [131.91233411338982, 43.040687899106274], [131.9123298561305, 43.040597965370104], [131.91245246492807, 43.040594842605856], [131.91244820750975, 43.040504908877665], [131.9125708161091, 43.040501785992014], [131.91256655853175, 43.04041185227184], [131.91281603324904, 43.04049553982719], [131.91282454917697, 43.04067540722322], [131.91270194025958, 43.04067853039074], [131.91270619807432, 43.04076846409588], [131.9124609798235, 43.04077471005693]]]}, "properties": {"zone_id": "vladivostok-2026-06-27-296", "aoi": "vladivostok", "date": "2026-06-27", "scene_id": "S2B_MSIL2A_20260627T020649_R103_T52TGN_20260627T041901", "scene_datetime_utc": "2026-06-27T02:06:49.024000+00:00", "detection_status": "detected", "detection_status_ru": "обнаружено", "lon": 131.9126, "lat": 43.04061, "n_pixels": 3, "zone_area_km2": 0.001, "cover_m2": 12.2, "p_mean": 0.939, "p_max": 0.973, "cover_m2_km2": 12200.0, "h3": "88316c09abfffff", "valid_frac_scene": 0.998, "wind_ms": 2.0, "sea": "спокойное", "scene_reliable": true, "field_event_id": "S4:DOORS3:T23", "field_profile": "B", "field_date": "2024-06-10", "field_distance_km": 6989.0, "field_date_gap_days": 747, "field_conc_items_km2": 102.37, "conc_A_items_km2": null, "conc_A_lo80": null, "conc_A_hi80": null, "conc_A_lo95": null, "conc_A_hi95": null, "conc_A_status": "unavailable", "conc_A_status_ru": "концентрация недоступна", "conc_A_reasons": "вне бассейна профиля: nw_atlantic_subtropical", "conc_A_model": "conc-A-c6bce5631d2b", "conc_B_items_km2": null, "conc_B_lo80": null, "conc_B_hi80": null, "conc_B_lo95": null, "conc_B_hi95": null, "conc_B_status": "unavailable", "conc_B_status_ru": "концентрация недоступна", "conc_B_reasons": "вне бассейна профиля: black_sea", "conc_B_model": "conc-B-c6bce5631d2b"}}, {"type": "Feature", "geometry": {"type": "Polygon", "coordinates": [[[131.77618247821653, 43.04038258828999], [131.77617841986873, 43.04029264391037], [131.77605579715618, 43.0402956206568], [131.77605173900574, 43.04020567626614], [131.7761743615396, 43.04020269952901], [131.77617030322915, 43.040112755145934], [131.77641960655131, 43.040196745661106], [131.77642366523781, 43.040286690023855], [131.7763010425626, 43.04028966703272], [131.77630510108912, 43.04037961140305], [131.77618247821653, 43.04038258828999]]]}, "properties": {"zone_id": "vladivostok-2026-06-27-297", "aoi": "vladivostok", "date": "2026-06-27", "scene_id": "S2B_MSIL2A_20260627T020649_R103_T52TGN_20260627T041901", "scene_datetime_utc": "2026-06-27T02:06:49.024000+00:00", "detection_status": "detected", "detection_status_ru": "обнаружено", "lon": 131.77624, "lat": 43.04025, "n_pixels": 1, "zone_area_km2": 0.0005, "cover_m2": 10.2, "p_mean": 0.58, "p_max": 0.58, "cover_m2_km2": 20400.0, "h3": "88316c4429fffff", "valid_frac_scene": 0.998, "wind_ms": 2.0, "sea": "спокойное", "scene_reliable": true, "field_event_id": "S4:DOORS3:T23", "field_profile": "B", "field_date": "2024-06-10", "field_distance_km": 6979.8, "field_date_gap_days": 747, "field_conc_items_km2": 102.37, "conc_A_items_km2": null, "conc_A_lo80": null, "conc_A_hi80": null, "conc_A_lo95": null, "conc_A_hi95": null, "conc_A_status": "unavailable", "conc_A_status_ru": "концентрация недоступна", "conc_A_reasons": "вне бассейна профиля: nw_atlantic_subtropical", "conc_A_model": "conc-A-c6bce5631d2b", "conc_B_items_km2": null, "conc_B_lo80": null, "conc_B_hi80": null, "conc_B_lo95": null, "conc_B_hi95": null, "conc_B_status": "unavailable", "conc_B_status_ru": "концентрация недоступна", "conc_B_reasons": "вне бассейна профиля: black_sea", "conc_B_model": "conc-B-c6bce5631d2b"}}, {"type": "Feature", "geometry": {"type": "Polygon", "coordinates": [[[131.78403844399443, 43.04037169055172], [131.78403437417293, 43.04028174677194], [131.78391175230007, 43.04028473193489], [131.78390768267602, 43.040194788144056], [131.7840303043702, 43.040191802990435], [131.78402623458618, 43.0401018592072], [131.78427554770238, 43.040185832289545], [131.78427961786252, 43.0402757760524], [131.7841569960271, 43.04027876147777], [131.78416106602725, 43.04036870524823], [131.78403844399443, 43.04037169055172]]]}, "properties": {"zone_id": "vladivostok-2026-06-27-298", "aoi": "vladivostok", "date": "2026-06-27", "scene_id": "S2B_MSIL2A_20260627T020649_R103_T52TGN_20260627T041901", "scene_datetime_utc": "2026-06-27T02:06:49.024000+00:00", "detection_status": "detected", "detection_status_ru": "обнаружено", "lon": 131.78409, "lat": 43.04024, "n_pixels": 1, "zone_area_km2": 0.0005, "cover_m2": 8.2, "p_mean": 0.561, "p_max": 0.561, "cover_m2_km2": 16400.0, "h3": "88316c4429fffff", "valid_frac_scene": 0.998, "wind_ms": 2.0, "sea": "спокойное", "scene_reliable": true, "field_event_id": "S4:DOORS3:T23", "field_profile": "B", "field_date": "2024-06-10", "field_distance_km": 6980.4, "field_date_gap_days": 747, "field_conc_items_km2": 102.37, "conc_A_items_km2": null, "conc_A_lo80": null, "conc_A_hi80": null, "conc_A_lo95": null, "conc_A_hi95": null, "conc_A_status": "unavailable", "conc_A_status_ru": "концентрация недоступна", "conc_A_reasons": "вне бассейна профиля: nw_atlantic_subtropical", "conc_A_model": "conc-A-c6bce5631d2b", "conc_B_items_km2": null, "conc_B_lo80": null, "conc_B_hi80": null, "conc_B_lo95": null, "conc_B_hi95": null, "conc_B_status": "unavailable", "conc_B_status_ru": "концентрация недоступна", "conc_B_reasons": "вне бассейна профиля: black_sea", "conc_B_model": "conc-B-c6bce5631d2b"}}, {"type": "Feature", "geometry": {"type": "Polygon", "coordinates": [[[131.91587697848325, 43.04032748504014], [131.91587271610308, 43.0402375515819], [131.91575010839026, 43.04024067798963], [131.91574158404595, 43.04006081104834], [131.9159825362377, 43.039964624687066], [131.9159867987376, 43.040054558140824], [131.916109406054, 43.0400514314903], [131.91611793146996, 43.04023129837294], [131.91587697848325, 43.04032748504014]]]}, "properties": {"zone_id": "vladivostok-2026-06-27-299", "aoi": "vladivostok", "date": "2026-06-27", "scene_id": "S2B_MSIL2A_20260627T020649_R103_T52TGN_20260627T041901", "scene_datetime_utc": "2026-06-27T02:06:49.024000+00:00", "detection_status": "detected", "detection_status_ru": "обнаружено", "lon": 131.91593, "lat": 43.04015, "n_pixels": 2, "zone_area_km2": 0.0008, "cover_m2": 16.9, "p_mean": 0.827, "p_max": 0.859, "cover_m2_km2": 21125.0, "h3": "88316c09abfffff", "valid_frac_scene": 0.998, "wind_ms": 2.0, "sea": "спокойное", "scene_reliable": true, "field_event_id": "S4:DOORS3:T23", "field_profile": "B", "field_date": "2024-06-10", "field_distance_km": 6989.3, "field_date_gap_days": 747, "field_conc_items_km2": 102.37, "conc_A_items_km2": null, "conc_A_lo80": null, "conc_A_hi80": null, "conc_A_lo95": null, "conc_A_hi95": null, "conc_A_status": "unavailable", "conc_A_status_ru": "концентрация недоступна", "conc_A_reasons": "вне бассейна профиля: nw_atlantic_subtropical", "conc_A_model": "conc-A-c6bce5631d2b", "conc_B_items_km2": null, "conc_B_lo80": null, "conc_B_hi80": null, "conc_B_lo95": null, "conc_B_hi95": null, "conc_B_status": "unavailable", "conc_B_status_ru": "концентрация недоступна", "conc_B_reasons": "вне бассейна профиля: black_sea", "conc_B_model": "conc-B-c6bce5631d2b"}}, {"type": "Feature", "geometry": {"type": "Polygon", "coordinates": [[[131.90678269597126, 43.04010881472294], [131.90677844690603, 43.04001888053392], [131.90665583863702, 43.04002199718626], [131.90665158976995, 43.03993206298573], [131.9067741978604, 43.03992894634313], [131.90676994883427, 43.03983901215058], [131.90713777245236, 43.03982966146501], [131.90714202201428, 43.039919595628334], [131.90726463002648, 43.03991647846106], [131.90726887978656, 43.04000641261288], [131.90714627159576, 43.0400095297899], [131.9071505211968, 43.040099463949694], [131.90678269597126, 43.04010881472294]]]}, "properties": {"zone_id": "vladivostok-2026-06-27-300", "aoi": "vladivostok", "date": "2026-06-27", "scene_id": "S2B_MSIL2A_20260627T020649_R103_T52TGN_20260627T041901", "scene_datetime_utc": "2026-06-27T02:06:49.024000+00:00", "detection_status": "detected", "detection_status_ru": "обнаружено", "lon": 131.90696, "lat": 43.03997, "n_pixels": 3, "zone_area_km2": 0.0011, "cover_m2": 21.6, "p_mean": 0.793, "p_max": 0.929, "cover_m2_km2": 19636.4, "h3": "88316c09a1fffff", "valid_frac_scene": 0.998, "wind_ms": 2.0, "sea": "спокойное", "scene_reliable": true, "field_event_id": "S4:DOORS3:T23", "field_profile": "B", "field_date": "2024-06-10", "field_distance_km": 6988.7, "field_date_gap_days": 747, "field_conc_items_km2": 102.37, "conc_A_items_km2": null, "conc_A_lo80": null, "conc_A_hi80": null, "conc_A_lo95": null, "conc_A_hi95": null, "conc_A_status": "unavailable", "conc_A_status_ru": "концентрация недоступна", "conc_A_reasons": "вне бассейна профиля: nw_atlantic_subtropical", "conc_A_model": "conc-A-c6bce5631d2b", "conc_B_items_km2": null, "conc_B_lo80": null, "conc_B_hi80": null, "conc_B_lo95": null, "conc_B_hi95": null, "conc_B_status": "unavailable", "conc_B_status_ru": "концентрация недоступна", "conc_B_reasons": "вне бассейна профиля: black_sea", "conc_B_model": "conc-B-c6bce5631d2b"}}, {"type": "Feature", "geometry": {"type": "Polygon", "coordinates": [[[131.76376919031068, 43.04005296069793], [131.76376515014167, 43.03996301536847], [131.76364252679772, 43.03996597879672], [131.763638486826, 43.03987603345628], [131.76376110999124, 43.03987307003729], [131.76375706985942, 43.03978312470436], [131.76400635626595, 43.03986714280563], [131.76401039677376, 43.039957088118285], [131.76388777346702, 43.03996005180899], [131.76389181381472, 43.04004999712919], [131.76376919031068, 43.04005296069793]]]}, "properties": {"zone_id": "vladivostok-2026-06-27-301", "aoi": "vladivostok", "date": "2026-06-27", "scene_id": "S2B_MSIL2A_20260627T020649_R103_T52TGN_20260627T041901", "scene_datetime_utc": "2026-06-27T02:06:49.024000+00:00", "detection_status": "detected", "detection_status_ru": "обнаружено", "lon": 131.76382, "lat": 43.03992, "n_pixels": 1, "zone_area_km2": 0.0005, "cover_m2": 5.9, "p_mean": 0.914, "p_max": 0.914, "cover_m2_km2": 11800.0, "h3": "88316c4553fffff", "valid_frac_scene": 0.998, "wind_ms": 2.0, "sea": "спокойное", "scene_reliable": true, "field_event_id": "S4:DOORS3:T23", "field_profile": "B", "field_date": "2024-06-10", "field_distance_km": 6979.0, "field_date_gap_days": 747, "field_conc_items_km2": 102.37, "conc_A_items_km2": null, "conc_A_lo80": null, "conc_A_hi80": null, "conc_A_lo95": null, "conc_A_hi95": null, "conc_A_status": "unavailable", "conc_A_status_ru": "концентрация недоступна", "conc_A_reasons": "вне бассейна профиля: nw_atlantic_subtropical", "conc_A_model": "conc-A-c6bce5631d2b", "conc_B_items_km2": null, "conc_B_lo80": null, "conc_B_hi80": null, "conc_B_lo95": null, "conc_B_hi95": null, "conc_B_status": "unavailable", "conc_B_status_ru": "концентрация недоступна", "conc_B_reasons": "вне бассейна профиля: black_sea", "conc_B_model": "conc-B-c6bce5631d2b"}}, {"type": "Feature", "geometry": {"type": "Polygon", "coordinates": [[[131.76597236715207, 43.03990965122106], [131.76596832378507, 43.0398197060567], [131.76584570095469, 43.03982267183766], [131.76584165778502, 43.03973272666228], [131.76596428043672, 43.039729760890594], [131.76596023710698, 43.03963981572278], [131.76620952568433, 43.03972382895356], [131.7662135693901, 43.03981377410112], [131.7660909465969, 43.03981674014452], [131.76609499014253, 43.03990668529961], [131.76597236715207, 43.03990965122106]]]}, "properties": {"zone_id": "vladivostok-2026-06-27-302", "aoi": "vladivostok", "date": "2026-06-27", "scene_id": "S2B_MSIL2A_20260627T020649_R103_T52TGN_20260627T041901", "scene_datetime_utc": "2026-06-27T02:06:49.024000+00:00", "detection_status": "detected", "detection_status_ru": "обнаружено", "lon": 131.76603, "lat": 43.03977, "n_pixels": 1, "zone_area_km2": 0.0005, "cover_m2": 2.7, "p_mean": 0.992, "p_max": 0.992, "cover_m2_km2": 5400.0, "h3": "88316c4553fffff", "valid_frac_scene": 0.998, "wind_ms": 2.0, "sea": "спокойное", "scene_reliable": true, "field_event_id": "S4:DOORS3:T23", "field_profile": "B", "field_date": "2024-06-10", "field_distance_km": 6979.2, "field_date_gap_days": 747, "field_conc_items_km2": 102.37, "conc_A_items_km2": null, "conc_A_lo80": null, "conc_A_hi80": null, "conc_A_lo95": null, "conc_A_hi95": null, "conc_A_status": "unavailable", "conc_A_status_ru": "концентрация недоступна", "conc_A_reasons": "вне бассейна профиля: nw_atlantic_subtropical", "conc_A_model": "conc-A-c6bce5631d2b", "conc_B_items_km2": null, "conc_B_lo80": null, "conc_B_hi80": null, "conc_B_lo95": null, "conc_B_hi95": null, "conc_B_status": "unavailable", "conc_B_status_ru": "концентрация недоступна", "conc_B_reasons": "вне бассейна профиля: black_sea", "conc_B_model": "conc-B-c6bce5631d2b"}}, {"type": "Feature", "geometry": {"type": "Polygon", "coordinates": [[[131.95378777925748, 43.03989472242472], [131.9537834615737, 43.03980479201619], [131.95366085888938, 43.03980795901184], [131.95365654140406, 43.03971802859165], [131.9537791439098, 43.0397148616059], [131.95377482626577, 43.03962493119384], [131.95402434886165, 43.03970852724094], [131.95402866688272, 43.03979845763143], [131.95390606423817, 43.039801624889385], [131.9539103821005, 43.03989155528801], [131.95378777925748, 43.03989472242472]]]}, "properties": {"zone_id": "vladivostok-2026-06-27-303", "aoi": "vladivostok", "date": "2026-06-27", "scene_id": "S2B_MSIL2A_20260627T020649_R103_T52TGN_20260627T041901", "scene_datetime_utc": "2026-06-27T02:06:49.024000+00:00", "detection_status": "detected", "detection_status_ru": "обнаружено", "lon": 131.95384, "lat": 43.03976, "n_pixels": 1, "zone_area_km2": 0.0005, "cover_m2": 5.1, "p_mean": 0.722, "p_max": 0.722, "cover_m2_km2": 10200.0, "h3": "88316c0999fffff", "valid_frac_scene": 0.998, "wind_ms": 2.0, "sea": "спокойное", "scene_reliable": true, "field_event_id": "S4:DOORS3:T23", "field_profile": "B", "field_date": "2024-06-10", "field_distance_km": 6991.9, "field_date_gap_days": 747, "field_conc_items_km2": 102.37, "conc_A_items_km2": null, "conc_A_lo80": null, "conc_A_hi80": null, "conc_A_lo95": null, "conc_A_hi95": null, "conc_A_status": "unavailable", "conc_A_status_ru": "концентрация недоступна", "conc_A_reasons": "вне бассейна профиля: nw_atlantic_subtropical", "conc_A_model": "conc-A-c6bce5631d2b", "conc_B_items_km2": null, "conc_B_lo80": null, "conc_B_hi80": null, "conc_B_lo95": null, "conc_B_hi95": null, "conc_B_status": "unavailable", "conc_B_status_ru": "концентрация недоступна", "conc_B_reasons": "вне бассейна профиля: black_sea", "conc_B_model": "conc-B-c6bce5631d2b"}}, {"type": "Feature", "geometry": {"type": "Polygon", "coordinates": [[[131.7657109491886, 43.0395558019283], [131.76570690625343, 43.03946585673848], [131.76558428410058, 43.039468822219916], [131.76558024136273, 43.03937887701911], [131.76570286333688, 43.03937591154694], [131.76569882043898, 43.03928596635369], [131.7659481072294, 43.03936998020897], [131.7659521505033, 43.039459925381955], [131.76582952838768, 43.03946289112582], [131.7658335715015, 43.03955283630637], [131.7657109491886, 43.0395558019283]]]}, "properties": {"zone_id": "vladivostok-2026-06-27-304", "aoi": "vladivostok", "date": "2026-06-27", "scene_id": "S2B_MSIL2A_20260627T020649_R103_T52TGN_20260627T041901", "scene_datetime_utc": "2026-06-27T02:06:49.024000+00:00", "detection_status": "detected", "detection_status_ru": "обнаружено", "lon": 131.76577, "lat": 43.03942, "n_pixels": 1, "zone_area_km2": 0.0005, "cover_m2": 3.5, "p_mean": 0.992, "p_max": 0.992, "cover_m2_km2": 7000.0, "h3": "88316c4553fffff", "valid_frac_scene": 0.998, "wind_ms": 2.0, "sea": "спокойное", "scene_reliable": true, "field_event_id": "S4:DOORS3:T23", "field_profile": "B", "field_date": "2024-06-10", "field_distance_km": 6979.2, "field_date_gap_days": 747, "field_conc_items_km2": 102.37, "conc_A_items_km2": null, "conc_A_lo80": null, "conc_A_hi80": null, "conc_A_lo95": null, "conc_A_hi95": null, "conc_A_status": "unavailable", "conc_A_status_ru": "концентрация недоступна", "conc_A_reasons": "вне бассейна профиля: nw_atlantic_subtropical", "conc_A_model": "conc-A-c6bce5631d2b", "conc_B_items_km2": null, "conc_B_lo80": null, "conc_B_hi80": null, "conc_B_lo95": null, "conc_B_hi95": null, "conc_B_status": "unavailable", "conc_B_status_ru": "концентрация недоступна", "conc_B_reasons": "вне бассейна профиля: black_sea", "conc_B_model": "conc-B-c6bce5631d2b"}}, {"type": "Feature", "geometry": {"type": "Polygon", "coordinates": [[[131.93548111510685, 43.03955577314078], [131.93547682421018, 43.03946584124601], [131.93535422018192, 43.03946898861057], [131.935345638805, 43.03928912479611], [131.93558655511146, 43.039192898084984], [131.93559084612747, 43.03928282997519], [131.93571344975908, 43.039279682368], [131.9357220322075, 43.03945954612342], [131.93548111510685, 43.03955577314078]]]}, "properties": {"zone_id": "vladivostok-2026-06-27-305", "aoi": "vladivostok", "date": "2026-06-27", "scene_id": "S2B_MSIL2A_20260627T020649_R103_T52TGN_20260627T041901", "scene_datetime_utc": "2026-06-27T02:06:49.024000+00:00", "detection_status": "detected", "detection_status_ru": "обнаружено", "lon": 131.93553, "lat": 43.03937, "n_pixels": 2, "zone_area_km2": 0.0008, "cover_m2": 12.5, "p_mean": 0.761, "p_max": 0.831, "cover_m2_km2": 15625.0, "h3": "88316c0983fffff", "valid_frac_scene": 0.998, "wind_ms": 2.0, "sea": "спокойное", "scene_reliable": true, "field_event_id": "S4:DOORS3:T23", "field_profile": "B", "field_date": "2024-06-10", "field_distance_km": 6990.6, "field_date_gap_days": 747, "field_conc_items_km2": 102.37, "conc_A_items_km2": null, "conc_A_lo80": null, "conc_A_hi80": null, "conc_A_lo95": null, "conc_A_hi95": null, "conc_A_status": "unavailable", "conc_A_status_ru": "концентрация недоступна", "conc_A_reasons": "вне бассейна профиля: nw_atlantic_subtropical", "conc_A_model": "conc-A-c6bce5631d2b", "conc_B_items_km2": null, "conc_B_lo80": null, "conc_B_hi80": null, "conc_B_lo95": null, "conc_B_hi95": null, "conc_B_status": "unavailable", "conc_B_status_ru": "концентрация недоступна", "conc_B_reasons": "вне бассейна профиля: black_sea", "conc_B_model": "conc-B-c6bce5631d2b"}}, {"type": "Feature", "geometry": {"type": "Polygon", "coordinates": [[[131.62920138795158, 43.03944401420334], [131.62919754443917, 43.0393540588953], [131.62907490871766, 43.03935687810263], [131.62907106540172, 43.03926692278406], [131.62919370094446, 43.039264103585516], [131.62918985746742, 43.03917414827407], [131.62943897197684, 43.03925846479466], [131.62944281582912, 43.039348420086796], [131.629320180143, 43.03935123955667], [131.6293240238342, 43.03944119485592], [131.62920138795158, 43.03944401420334]]]}, "properties": {"zone_id": "vladivostok-2026-06-27-306", "aoi": "vladivostok", "date": "2026-06-27", "scene_id": "S2B_MSIL2A_20260627T020649_R103_T52TGN_20260627T041901", "scene_datetime_utc": "2026-06-27T02:06:49.024000+00:00", "detection_status": "detected", "detection_status_ru": "обнаружено", "lon": 131.62926, "lat": 43.03931, "n_pixels": 1, "zone_area_km2": 0.0005, "cover_m2": 2.7, "p_mean": 0.898, "p_max": 0.898, "cover_m2_km2": 5400.0, "h3": "88316c4f51fffff", "valid_frac_scene": 0.998, "wind_ms": 2.0, "sea": "спокойное", "scene_reliable": true, "field_event_id": "S4:DOORS3:T23", "field_profile": "B", "field_date": "2024-06-10", "field_distance_km": 6970.0, "field_date_gap_days": 747, "field_conc_items_km2": 102.37, "conc_A_items_km2": null, "conc_A_lo80": null, "conc_A_hi80": null, "conc_A_lo95": null, "conc_A_hi95": null, "conc_A_status": "unavailable", "conc_A_status_ru": "концентрация недоступна", "conc_A_reasons": "вне бассейна профиля: nw_atlantic_subtropical", "conc_A_model": "conc-A-c6bce5631d2b", "conc_B_items_km2": null, "conc_B_lo80": null, "conc_B_hi80": null, "conc_B_lo95": null, "conc_B_hi95": null, "conc_B_status": "unavailable", "conc_B_status_ru": "концентрация недоступна", "conc_B_reasons": "вне бассейна профиля: black_sea", "conc_B_model": "conc-B-c6bce5631d2b"}}, {"type": "Feature", "geometry": {"type": "Polygon", "coordinates": [[[131.93620815601673, 43.03935702246685], [131.93620386408804, 43.0392670906276], [131.93608126053542, 43.03927023875944], [131.93607696880508, 43.039180306908584], [131.9361995721791, 43.039177158786586], [131.93619528028992, 43.03908722694382], [131.93644477886792, 43.039170862149135], [131.93644907113404, 43.03926079397046], [131.93632646762092, 43.03926394236461], [131.93633075972818, 43.03935387419401], [131.93620815601673, 43.03935702246685]]]}, "properties": {"zone_id": "vladivostok-2026-06-27-307", "aoi": "vladivostok", "date": "2026-06-27", "scene_id": "S2B_MSIL2A_20260627T020649_R103_T52TGN_20260627T041901", "scene_datetime_utc": "2026-06-27T02:06:49.024000+00:00", "detection_status": "detected", "detection_status_ru": "обнаружено", "lon": 131.93626, "lat": 43.03922, "n_pixels": 1, "zone_area_km2": 0.0005, "cover_m2": 3.9, "p_mean": 0.722, "p_max": 0.722, "cover_m2_km2": 7800.0, "h3": "88316c0983fffff", "valid_frac_scene": 0.998, "wind_ms": 2.0, "sea": "спокойное", "scene_reliable": true, "field_event_id": "S4:DOORS3:T23", "field_profile": "B", "field_date": "2024-06-10", "field_distance_km": 6990.7, "field_date_gap_days": 747, "field_conc_items_km2": 102.37, "conc_A_items_km2": null, "conc_A_lo80": null, "conc_A_hi80": null, "conc_A_lo95": null, "conc_A_hi95": null, "conc_A_status": "unavailable", "conc_A_status_ru": "концентрация недоступна", "conc_A_reasons": "вне бассейна профиля: nw_atlantic_subtropical", "conc_A_model": "conc-A-c6bce5631d2b", "conc_B_items_km2": null, "conc_B_lo80": null, "conc_B_hi80": null, "conc_B_lo95": null, "conc_B_hi95": null, "conc_B_status": "unavailable", "conc_B_status_ru": "концентрация недоступна", "conc_B_reasons": "вне бассейна профиля: black_sea", "conc_B_model": "conc-B-c6bce5631d2b"}}, {"type": "Feature", "geometry": {"type": "Polygon", "coordinates": [[[131.76484046747998, 43.0393067218384], [131.7648364258515, 43.03921677657853], [131.7647138041045, 43.03921974111364], [131.7647097626733, 43.039129795842776], [131.7648323842416, 43.039126831316935], [131.76482834265033, 43.03903688605361], [131.76507762732246, 43.0391209018716], [131.7650816692897, 43.03921084711466], [131.7649590475799, 43.039213811912205], [131.76496308938707, 43.03930375716281], [131.76484046747998, 43.0393067218384]]]}, "properties": {"zone_id": "vladivostok-2026-06-27-308", "aoi": "vladivostok", "date": "2026-06-27", "scene_id": "S2B_MSIL2A_20260627T020649_R103_T52TGN_20260627T041901", "scene_datetime_utc": "2026-06-27T02:06:49.024000+00:00", "detection_status": "detected", "detection_status_ru": "обнаружено", "lon": 131.7649, "lat": 43.03917, "n_pixels": 1, "zone_area_km2": 0.0005, "cover_m2": 4.7, "p_mean": 0.925, "p_max": 0.925, "cover_m2_km2": 9400.0, "h3": "88316c4553fffff", "valid_frac_scene": 0.998, "wind_ms": 2.0, "sea": "спокойное", "scene_reliable": true, "field_event_id": "S4:DOORS3:T23", "field_profile": "B", "field_date": "2024-06-10", "field_distance_km": 6979.1, "field_date_gap_days": 747, "field_conc_items_km2": 102.37, "conc_A_items_km2": null, "conc_A_lo80": null, "conc_A_hi80": null, "conc_A_lo95": null, "conc_A_hi95": null, "conc_A_status": "unavailable", "conc_A_status_ru": "концентрация недоступна", "conc_A_reasons": "вне бассейна профиля: nw_atlantic_subtropical", "conc_A_model": "conc-A-c6bce5631d2b", "conc_B_items_km2": null, "conc_B_lo80": null, "conc_B_hi80": null, "conc_B_lo95": null, "conc_B_hi95": null, "conc_B_status": "unavailable", "conc_B_status_ru": "концентрация недоступна", "conc_B_reasons": "вне бассейна профиля: black_sea", "conc_B_model": "conc-B-c6bce5631d2b"}}, {"type": "Feature", "geometry": {"type": "Polygon", "coordinates": [[[131.91374153082901, 43.03930141269085], [131.91373727172038, 43.039211479045434], [131.91361466581745, 43.03921460310611], [131.91361040690703, 43.03912466944918], [131.91373301263135, 43.03912154539828], [131.9137287535619, 43.039031611749365], [131.91397822402124, 43.03911529690299], [131.91398248346746, 43.03920523053063], [131.91385987760376, 43.03920835485361], [131.91386413689096, 43.039298288489256], [131.91374153082901, 43.03930141269085]]]}, "properties": {"zone_id": "vladivostok-2026-06-27-309", "aoi": "vladivostok", "date": "2026-06-27", "scene_id": "S2B_MSIL2A_20260627T020649_R103_T52TGN_20260627T041901", "scene_datetime_utc": "2026-06-27T02:06:49.024000+00:00", "detection_status": "detected", "detection_status_ru": "обнаружено", "lon": 131.9138, "lat": 43.03916, "n_pixels": 1, "zone_area_km2": 0.0005, "cover_m2": 5.1, "p_mean": 0.769, "p_max": 0.769, "cover_m2_km2": 10200.0, "h3": "88316c09abfffff", "valid_frac_scene": 0.998, "wind_ms": 2.0, "sea": "спокойное", "scene_reliable": true, "field_event_id": "S4:DOORS3:T23", "field_profile": "B", "field_date": "2024-06-10", "field_distance_km": 6989.2, "field_date_gap_days": 747, "field_conc_items_km2": 102.37, "conc_A_items_km2": null, "conc_A_lo80": null, "conc_A_hi80": null, "conc_A_lo95": null, "conc_A_hi95": null, "conc_A_status": "unavailable", "conc_A_status_ru": "концентрация недоступна", "conc_A_reasons": "вне бассейна профиля: nw_atlantic_subtropical", "conc_A_model": "conc-A-c6bce5631d2b", "conc_B_items_km2": null, "conc_B_lo80": null, "conc_B_hi80": null, "conc_B_lo95": null, "conc_B_hi95": null, "conc_B_status": "unavailable", "conc_B_status_ru": "концентрация недоступна", "conc_B_reasons": "вне бассейна профиля: black_sea", "conc_B_model": "conc-B-c6bce5631d2b"}}, {"type": "Feature", "geometry": {"type": "Polygon", "coordinates": [[[131.91103568216982, 43.03919024421883], [131.91103142702954, 43.03910031035519], [131.91090882105283, 43.039103431510696], [131.91090456611073, 43.03901349763552], [131.91102717190887, 43.039010376489784], [131.91102291680772, 43.03892044262264], [131.91127238344635, 43.03900413380481], [131.91127663892425, 43.03909406765069], [131.91115403298667, 43.03909718906852], [131.91115828830556, 43.039187122922414], [131.91103568216982, 43.03919024421883]]]}, "properties": {"zone_id": "vladivostok-2026-06-27-310", "aoi": "vladivostok", "date": "2026-06-27", "scene_id": "S2B_MSIL2A_20260627T020649_R103_T52TGN_20260627T041901", "scene_datetime_utc": "2026-06-27T02:06:49.024000+00:00", "detection_status": "detected", "detection_status_ru": "обнаружено", "lon": 131.91109, "lat": 43.03905, "n_pixels": 1, "zone_area_km2": 0.0005, "cover_m2": 5.5, "p_mean": 0.886, "p_max": 0.886, "cover_m2_km2": 11000.0, "h3": "88316c09a1fffff", "valid_frac_scene": 0.998, "wind_ms": 2.0, "sea": "спокойное", "scene_reliable": true, "field_event_id": "S4:DOORS3:T23", "field_profile": "B", "field_date": "2024-06-10", "field_distance_km": 6989.0, "field_date_gap_days": 747, "field_conc_items_km2": 102.37, "conc_A_items_km2": null, "conc_A_lo80": null, "conc_A_hi80": null, "conc_A_lo95": null, "conc_A_hi95": null, "conc_A_status": "unavailable", "conc_A_status_ru": "концентрация недоступна", "conc_A_reasons": "вне бассейна профиля: nw_atlantic_subtropical", "conc_A_model": "conc-A-c6bce5631d2b", "conc_B_items_km2": null, "conc_B_lo80": null, "conc_B_hi80": null, "conc_B_lo95": null, "conc_B_hi95": null, "conc_B_status": "unavailable", "conc_B_status_ru": "концентрация недоступна", "conc_B_reasons": "вне бассейна профиля: black_sea", "conc_B_model": "conc-B-c6bce5631d2b"}}, {"type": "Feature", "geometry": {"type": "Polygon", "coordinates": [[[131.77453159652543, 43.03916205271447], [131.774527540762, 43.03907210818973], [131.7744049203083, 43.03907508310013], [131.77440086474223, 43.03898513856435], [131.7745234850172, 43.038982163663256], [131.7745194292911, 43.03889221913506], [131.77476872551117, 43.03897621346742], [131.77477278161328, 43.0390661579753], [131.77465016119697, 43.03906913314813], [131.7746542171391, 43.03915907766355], [131.77453159652543, 43.03916205271447]]]}, "properties": {"zone_id": "vladivostok-2026-06-27-311", "aoi": "vladivostok", "date": "2026-06-27", "scene_id": "S2B_MSIL2A_20260627T020649_R103_T52TGN_20260627T041901", "scene_datetime_utc": "2026-06-27T02:06:49.024000+00:00", "detection_status": "detected", "detection_status_ru": "обнаружено", "lon": 131.77459, "lat": 43.03903, "n_pixels": 1, "zone_area_km2": 0.0005, "cover_m2": 3.9, "p_mean": 0.984, "p_max": 0.984, "cover_m2_km2": 7800.0, "h3": "88316c442dfffff", "valid_frac_scene": 0.998, "wind_ms": 2.0, "sea": "спокойное", "scene_reliable": true, "field_event_id": "S4:DOORS3:T23", "field_profile": "B", "field_date": "2024-06-10", "field_distance_km": 6979.8, "field_date_gap_days": 747, "field_conc_items_km2": 102.37, "conc_A_items_km2": null, "conc_A_lo80": null, "conc_A_hi80": null, "conc_A_lo95": null, "conc_A_hi95": null, "conc_A_status": "unavailable", "conc_A_status_ru": "концентрация недоступна", "conc_A_reasons": "вне бассейна профиля: nw_atlantic_subtropical", "conc_A_model": "conc-A-c6bce5631d2b", "conc_B_items_km2": null, "conc_B_lo80": null, "conc_B_hi80": null, "conc_B_lo95": null, "conc_B_hi95": null, "conc_B_status": "unavailable", "conc_B_status_ru": "концентрация недоступна", "conc_B_reasons": "вне бассейна профиля: black_sea", "conc_B_model": "conc-B-c6bce5631d2b"}}, {"type": "Feature", "geometry": {"type": "Polygon", "coordinates": [[[131.9244039101583, 43.03893918367316], [131.92439963553164, 43.03884925087709], [131.92427703151554, 43.038852386339116], [131.92427275708712, 43.03876245353148], [131.92439536092465, 43.038759318079265], [131.92439108633735, 43.03866938527966], [131.92464056854067, 43.038753046781316], [131.92464484350486, 43.03884297955955], [131.92452223952807, 43.038846115283896], [131.92452651433334, 43.03893604807018], [131.9244039101583, 43.03893918367316]]]}, "properties": {"zone_id": "vladivostok-2026-06-27-312", "aoi": "vladivostok", "date": "2026-06-27", "scene_id": "S2B_MSIL2A_20260627T020649_R103_T52TGN_20260627T041901", "scene_datetime_utc": "2026-06-27T02:06:49.024000+00:00", "detection_status": "detected", "detection_status_ru": "обнаружено", "lon": 131.92446, "lat": 43.0388, "n_pixels": 1, "zone_area_km2": 0.0005, "cover_m2": 5.5, "p_mean": 0.894, "p_max": 0.894, "cover_m2_km2": 11000.0, "h3": "88316c0987fffff", "valid_frac_scene": 0.998, "wind_ms": 2.0, "sea": "спокойное", "scene_reliable": true, "field_event_id": "S4:DOORS3:T23", "field_profile": "B", "field_date": "2024-06-10", "field_distance_km": 6989.9, "field_date_gap_days": 747, "field_conc_items_km2": 102.37, "conc_A_items_km2": null, "conc_A_lo80": null, "conc_A_hi80": null, "conc_A_lo95": null, "conc_A_hi95": null, "conc_A_status": "unavailable", "conc_A_status_ru": "концентрация недоступна", "conc_A_reasons": "вне бассейна профиля: nw_atlantic_subtropical", "conc_A_model": "conc-A-c6bce5631d2b", "conc_B_items_km2": null, "conc_B_lo80": null, "conc_B_hi80": null, "conc_B_lo95": null, "conc_B_hi95": null, "conc_B_status": "unavailable", "conc_B_status_ru": "концентрация недоступна", "conc_B_reasons": "вне бассейна профиля: black_sea", "conc_B_model": "conc-B-c6bce5631d2b"}}, {"type": "Feature", "geometry": {"type": "Polygon", "coordinates": [[[131.91250269722266, 43.03906284625828], [131.91249843995877, 43.03897291250999], [131.91224897192592, 43.038889224048695], [131.91223620138217, 43.038619422729404], [131.9123588062505, 43.03861630017988], [131.91235454926314, 43.03852636641304], [131.91260401592834, 43.038610054687354], [131.91260827329242, 43.038699988432924], [131.91273087828054, 43.03869686548016], [131.91274365102618, 43.03896666667704], [131.91250269722266, 43.03906284625828]]]}, "properties": {"zone_id": "vladivostok-2026-06-27-313", "aoi": "vladivostok", "date": "2026-06-27", "scene_id": "S2B_MSIL2A_20260627T020649_R103_T52TGN_20260627T041901", "scene_datetime_utc": "2026-06-27T02:06:49.024000+00:00", "detection_status": "detected", "detection_status_ru": "обнаружено", "lon": 131.91249, "lat": 43.03879, "n_pixels": 6, "zone_area_km2": 0.0016, "cover_m2": 47.8, "p_mean": 0.745, "p_max": 0.894, "cover_m2_km2": 29875.0, "h3": "88316c09abfffff", "valid_frac_scene": 0.998, "wind_ms": 2.0, "sea": "спокойное", "scene_reliable": true, "field_event_id": "S4:DOORS3:T23", "field_profile": "B", "field_date": "2024-06-10", "field_distance_km": 6989.1, "field_date_gap_days": 747, "field_conc_items_km2": 102.37, "conc_A_items_km2": null, "conc_A_lo80": null, "conc_A_hi80": null, "conc_A_lo95": null, "conc_A_hi95": null, "conc_A_status": "unavailable", "conc_A_status_ru": "концентрация недоступна", "conc_A_reasons": "вне бассейна профиля: nw_atlantic_subtropical", "conc_A_model": "conc-A-c6bce5631d2b", "conc_B_items_km2": null, "conc_B_lo80": null, "conc_B_hi80": null, "conc_B_lo95": null, "conc_B_hi95": null, "conc_B_status": "unavailable", "conc_B_status_ru": "концентрация недоступна", "conc_B_reasons": "вне бассейна профиля: black_sea", "conc_B_model": "conc-B-c6bce5631d2b"}}, {"type": "Feature", "geometry": {"type": "Polygon", "coordinates": [[[131.63003677044068, 43.038884544511276], [131.63003292578307, 43.03879458925475], [131.629910291258, 43.038797409328026], [131.62990644679684, 43.03870745406098], [131.6300290811431, 43.03870463399652], [131.63002523652085, 43.038614678736586], [131.63027050480278, 43.038609038231506], [131.63027434978255, 43.03869899347379], [131.63039698407576, 43.038696173015545], [131.63040082925198, 43.038786128247324], [131.63027819478006, 43.03878894871439], [131.63028203979522, 43.03887890395328], [131.63003677044068, 43.038884544511276]]]}, "properties": {"zone_id": "vladivostok-2026-06-27-314", "aoi": "vladivostok", "date": "2026-06-27", "scene_id": "S2B_MSIL2A_20260627T020649_R103_T52TGN_20260627T041901", "scene_datetime_utc": "2026-06-27T02:06:49.024000+00:00", "detection_status": "detected", "detection_status_ru": "обнаружено", "lon": 131.63015, "lat": 43.03875, "n_pixels": 2, "zone_area_km2": 0.0008, "cover_m2": 8.6, "p_mean": 0.725, "p_max": 0.91, "cover_m2_km2": 10750.0, "h3": "88316c4f51fffff", "valid_frac_scene": 0.998, "wind_ms": 2.0, "sea": "спокойное", "scene_reliable": true, "field_event_id": "S4:DOORS3:T23", "field_profile": "B", "field_date": "2024-06-10", "field_distance_km": 6970.1, "field_date_gap_days": 747, "field_conc_items_km2": 102.37, "conc_A_items_km2": null, "conc_A_lo80": null, "conc_A_hi80": null, "conc_A_lo95": null, "conc_A_hi95": null, "conc_A_status": "unavailable", "conc_A_status_ru": "концентрация недоступна", "conc_A_reasons": "вне бассейна профиля: nw_atlantic_subtropical", "conc_A_model": "conc-A-c6bce5631d2b", "conc_B_items_km2": null, "conc_B_lo80": null, "conc_B_hi80": null, "conc_B_lo95": null, "conc_B_hi95": null, "conc_B_status": "unavailable", "conc_B_status_ru": "концентрация недоступна", "conc_B_reasons": "вне бассейна профиля: black_sea", "conc_B_model": "conc-B-c6bce5631d2b"}}, {"type": "Feature", "geometry": {"type": "Polygon", "coordinates": [[[131.761750691071, 43.03884112310794], [131.7617466540213, 43.038751177606166], [131.76162403288168, 43.038754138805295], [131.76161999602925, 43.038664193292526], [131.76137071757518, 43.03858016974564], [131.76136668111727, 43.038490224210925], [131.76148930175802, 43.038487263302], [131.76148526513998, 43.03839731777482], [131.76173050600832, 43.038391395581854], [131.7617345429837, 43.03848134109051], [131.7618571635687, 43.038478379787946], [131.76186120074132, 43.03856832528563], [131.7621104797615, 43.03865234774579], [131.76211451732868, 43.03874229322152], [131.7619918962448, 43.03874525481429], [131.7619959336519, 43.03883520029755], [131.761750691071, 43.03884112310794]]]}, "properties": {"zone_id": "vladivostok-2026-06-27-315", "aoi": "vladivostok", "date": "2026-06-27", "scene_id": "S2B_MSIL2A_20260627T020649_R103_T52TGN_20260627T041901", "scene_datetime_utc": "2026-06-27T02:06:49.024000+00:00", "detection_status": "detected", "detection_status_ru": "обнаружено", "lon": 131.76174, "lat": 43.03862, "n_pixels": 4, "zone_area_km2": 0.0016, "cover_m2": 18.0, "p_mean": 0.759, "p_max": 0.965, "cover_m2_km2": 11250.0, "h3": "88316c4553fffff", "valid_frac_scene": 0.998, "wind_ms": 2.0, "sea": "спокойное", "scene_reliable": true, "field_event_id": "S4:DOORS3:T23", "field_profile": "B", "field_date": "2024-06-10", "field_distance_km": 6979.0, "field_date_gap_days": 747, "field_conc_items_km2": 102.37, "conc_A_items_km2": null, "conc_A_lo80": null, "conc_A_hi80": null, "conc_A_lo95": null, "conc_A_hi95": null, "conc_A_status": "unavailable", "conc_A_status_ru": "концентрация недоступна", "conc_A_reasons": "вне бассейна профиля: nw_atlantic_subtropical", "conc_A_model": "conc-A-c6bce5631d2b", "conc_B_items_km2": null, "conc_B_lo80": null, "conc_B_hi80": null, "conc_B_lo95": null, "conc_B_hi95": null, "conc_B_status": "unavailable", "conc_B_status_ru": "концентрация недоступна", "conc_B_reasons": "вне бассейна профиля: black_sea", "conc_B_model": "conc-B-c6bce5631d2b"}}, {"type": "Feature", "geometry": {"type": "Polygon", "coordinates": [[[131.91075643212318, 43.03847701530375], [131.91075217749673, 43.03838708140653], [131.91062957290964, 43.03839020222166], [131.91062531848138, 43.03830026831294], [131.9107479228899, 43.038297147507556], [131.91074366830262, 43.038207213606846], [131.91099313164818, 43.03829090550333], [131.91099738661222, 43.038380839382796], [131.9108747820643, 43.03838396046024], [131.91087903686932, 43.0384738943477], [131.91075643212318, 43.03847701530375]]]}, "properties": {"zone_id": "vladivostok-2026-06-27-316", "aoi": "vladivostok", "date": "2026-06-27", "scene_id": "S2B_MSIL2A_20260627T020649_R103_T52TGN_20260627T041901", "scene_datetime_utc": "2026-06-27T02:06:49.024000+00:00", "detection_status": "detected", "detection_status_ru": "обнаружено", "lon": 131.91081, "lat": 43.03834, "n_pixels": 1, "zone_area_km2": 0.0005, "cover_m2": 7.5, "p_mean": 0.624, "p_max": 0.624, "cover_m2_km2": 15000.0, "h3": "88316c09a1fffff", "valid_frac_scene": 0.998, "wind_ms": 2.0, "sea": "спокойное", "scene_reliable": true, "field_event_id": "S4:DOORS3:T23", "field_profile": "B", "field_date": "2024-06-10", "field_distance_km": 6989.0, "field_date_gap_days": 747, "field_conc_items_km2": 102.37, "conc_A_items_km2": null, "conc_A_lo80": null, "conc_A_hi80": null, "conc_A_lo95": null, "conc_A_hi95": null, "conc_A_status": "unavailable", "conc_A_status_ru": "концентрация недоступна", "conc_A_reasons": "вне бассейна профиля: nw_atlantic_subtropical", "conc_A_model": "conc-A-c6bce5631d2b", "conc_B_items_km2": null, "conc_B_lo80": null, "conc_B_hi80": null, "conc_B_lo95": null, "conc_B_hi95": null, "conc_B_status": "unavailable", "conc_B_status_ru": "концентрация недоступна", "conc_B_reasons": "вне бассейна профиля: black_sea", "conc_B_model": "conc-B-c6bce5631d2b"}}, {"type": "Feature", "geometry": {"type": "Polygon", "coordinates": [[[131.9119782222909, 43.0383558660413], [131.91197396589814, 43.03826593223989], [131.91185136168545, 43.03826905435689], [131.91184284931583, 43.038089186729295], [131.91196545317135, 43.03808606463182], [131.91196119683732, 43.03799613082514], [131.91220640413243, 43.03798988625622], [131.9122106608236, 43.03807982004337], [131.91233326462037, 43.03807669755242], [131.91234177841872, 43.03825656510194], [131.91221917426478, 43.03825968761242], [131.91222343101475, 43.038349621394296], [131.9119782222909, 43.0383558660413]]]}, "properties": {"zone_id": "vladivostok-2026-06-27-317", "aoi": "vladivostok", "date": "2026-06-27", "scene_id": "S2B_MSIL2A_20260627T020649_R103_T52TGN_20260627T041901", "scene_datetime_utc": "2026-06-27T02:06:49.024000+00:00", "detection_status": "detected", "detection_status_ru": "обнаружено", "lon": 131.91209, "lat": 43.03817, "n_pixels": 4, "zone_area_km2": 0.0012, "cover_m2": 22.0, "p_mean": 0.813, "p_max": 0.937, "cover_m2_km2": 18333.3, "h3": "88316c09a3fffff", "valid_frac_scene": 0.998, "wind_ms": 2.0, "sea": "спокойное", "scene_reliable": true, "field_event_id": "S4:DOORS3:T23", "field_profile": "B", "field_date": "2024-06-10", "field_distance_km": 6989.1, "field_date_gap_days": 747, "field_conc_items_km2": 102.37, "conc_A_items_km2": null, "conc_A_lo80": null, "conc_A_hi80": null, "conc_A_lo95": null, "conc_A_hi95": null, "conc_A_status": "unavailable", "conc_A_status_ru": "концентрация недоступна", "conc_A_reasons": "вне бассейна профиля: nw_atlantic_subtropical", "conc_A_model": "conc-A-c6bce5631d2b", "conc_B_items_km2": null, "conc_B_lo80": null, "conc_B_hi80": null, "conc_B_lo95": null, "conc_B_hi95": null, "conc_B_status": "unavailable", "conc_B_status_ru": "концентрация недоступна", "conc_B_reasons": "вне бассейна профиля: black_sea", "conc_B_model": "conc-B-c6bce5631d2b"}}, {"type": "Feature", "geometry": {"type": "Polygon", "coordinates": [[[131.7821015050335, 43.03825779980808], [131.78209743834157, 43.03816785584688], [131.78197482047617, 43.03817083881779], [131.78197075398162, 43.03808089484554], [131.78209337166837, 43.03807791188395], [131.78208930501387, 43.03798796791931], [131.7823386069857, 43.03807194556717], [131.78234267401623, 43.038161889511436], [131.78222005618827, 43.038164872744765], [131.78222412305885, 43.038254816696636], [131.7821015050335, 43.03825779980808]]]}, "properties": {"zone_id": "vladivostok-2026-06-27-318", "aoi": "vladivostok", "date": "2026-06-27", "scene_id": "S2B_MSIL2A_20260627T020649_R103_T52TGN_20260627T041901", "scene_datetime_utc": "2026-06-27T02:06:49.024000+00:00", "detection_status": "detected", "detection_status_ru": "обнаружено", "lon": 131.78216, "lat": 43.03812, "n_pixels": 1, "zone_area_km2": 0.0005, "cover_m2": 11.4, "p_mean": 0.6, "p_max": 0.6, "cover_m2_km2": 22800.0, "h3": "88316c4429fffff", "valid_frac_scene": 0.998, "wind_ms": 2.0, "sea": "спокойное", "scene_reliable": true, "field_event_id": "S4:DOORS3:T23", "field_profile": "B", "field_date": "2024-06-10", "field_distance_km": 6980.4, "field_date_gap_days": 747, "field_conc_items_km2": 102.37, "conc_A_items_km2": null, "conc_A_lo80": null, "conc_A_hi80": null, "conc_A_lo95": null, "conc_A_hi95": null, "conc_A_status": "unavailable", "conc_A_status_ru": "концентрация недоступна", "conc_A_reasons": "вне бассейна профиля: nw_atlantic_subtropical", "conc_A_model": "conc-A-c6bce5631d2b", "conc_B_items_km2": null, "conc_B_lo80": null, "conc_B_hi80": null, "conc_B_lo95": null, "conc_B_hi95": null, "conc_B_status": "unavailable", "conc_B_status_ru": "концентрация недоступна", "conc_B_reasons": "вне бассейна профиля: black_sea", "conc_B_model": "conc-B-c6bce5631d2b"}}, {"type": "Feature", "geometry": {"type": "Polygon", "coordinates": [[[131.97935908160525, 43.03815080009169], [131.97935472684136, 43.03806087173963], [131.97923213047002, 43.03806406602532], [131.97922777590475, 43.03797413766151], [131.97935037209754, 43.037970943385815], [131.97934601737376, 43.0378810150302], [131.97959556442305, 43.037964554441004], [131.97959991952396, 43.03805448277487], [131.97947732319267, 43.03805767732282], [131.9794816781351, 43.03814760566489], [131.97935908160525, 43.03815080009169]]]}, "properties": {"zone_id": "vladivostok-2026-06-27-319", "aoi": "vladivostok", "date": "2026-06-27", "scene_id": "S2B_MSIL2A_20260627T020649_R103_T52TGN_20260627T041901", "scene_datetime_utc": "2026-06-27T02:06:49.024000+00:00", "detection_status": "detected", "detection_status_ru": "обнаружено", "lon": 131.97941, "lat": 43.03801, "n_pixels": 1, "zone_area_km2": 0.0005, "cover_m2": 2.7, "p_mean": 0.612, "p_max": 0.612, "cover_m2_km2": 5400.0, "h3": "88316c08a3fffff", "valid_frac_scene": 0.998, "wind_ms": 2.0, "sea": "спокойное", "scene_reliable": true, "field_event_id": "S4:DOORS3:T23", "field_profile": "B", "field_date": "2024-06-10", "field_distance_km": 6993.7, "field_date_gap_days": 747, "field_conc_items_km2": 102.37, "conc_A_items_km2": null, "conc_A_lo80": null, "conc_A_hi80": null, "conc_A_lo95": null, "conc_A_hi95": null, "conc_A_status": "unavailable", "conc_A_status_ru": "концентрация недоступна", "conc_A_reasons": "вне бассейна профиля: nw_atlantic_subtropical", "conc_A_model": "conc-A-c6bce5631d2b", "conc_B_items_km2": null, "conc_B_lo80": null, "conc_B_hi80": null, "conc_B_lo95": null, "conc_B_hi95": null, "conc_B_status": "unavailable", "conc_B_status_ru": "концентрация недоступна", "conc_B_reasons": "вне бассейна профиля: black_sea", "conc_B_model": "conc-B-c6bce5631d2b"}}, {"type": "Feature", "geometry": {"type": "Polygon", "coordinates": [[[131.97727058580386, 43.03811515676166], [131.97726623409534, 43.03802522823817], [131.97714363756202, 43.038028420284554], [131.97713928605205, 43.0379384917493], [131.97726188240682, 43.037935299712906], [131.97725753073834, 43.03784537118586], [131.97750707505634, 43.03792891524668], [131.97751142710194, 43.038018843752], [131.97738883060867, 43.03802203606065], [131.97739318249572, 43.03811196457416], [131.97727058580386, 43.03811515676166]]]}, "properties": {"zone_id": "vladivostok-2026-06-27-320", "aoi": "vladivostok", "date": "2026-06-27", "scene_id": "S2B_MSIL2A_20260627T020649_R103_T52TGN_20260627T041901", "scene_datetime_utc": "2026-06-27T02:06:49.024000+00:00", "detection_status": "detected", "detection_status_ru": "обнаружено", "lon": 131.97733, "lat": 43.03798, "n_pixels": 1, "zone_area_km2": 0.0005, "cover_m2": 2.4, "p_mean": 0.835, "p_max": 0.835, "cover_m2_km2": 4800.0, "h3": "88316c08a3fffff", "valid_frac_scene": 0.998, "wind_ms": 2.0, "sea": "спокойное", "scene_reliable": true, "field_event_id": "S4:DOORS3:T23", "field_profile": "B", "field_date": "2024-06-10", "field_distance_km": 6993.6, "field_date_gap_days": 747, "field_conc_items_km2": 102.37, "conc_A_items_km2": null, "conc_A_lo80": null, "conc_A_hi80": null, "conc_A_lo95": null, "conc_A_hi95": null, "conc_A_status": "unavailable", "conc_A_status_ru": "концентрация недоступна", "conc_A_reasons": "вне бассейна профиля: nw_atlantic_subtropical", "conc_A_model": "conc-A-c6bce5631d2b", "conc_B_items_km2": null, "conc_B_lo80": null, "conc_B_hi80": null, "conc_B_lo95": null, "conc_B_hi95": null, "conc_B_status": "unavailable", "conc_B_status_ru": "концентрация недоступна", "conc_B_reasons": "вне бассейна профиля: black_sea", "conc_B_model": "conc-B-c6bce5631d2b"}}, {"type": "Feature", "geometry": {"type": "MultiPolygon", "coordinates": [[[[131.73886273433413, 43.03759070557079], [131.73861348885777, 43.03750663140543], [131.73861749194373, 43.037596578674666], [131.73849487072087, 43.037599515029775], [131.7385028765906, 43.037779409581454], [131.7387521230525, 43.03786348395818], [131.73874811973263, 43.03777353670329], [131.738870741276, 43.03777060006739], [131.73886273433413, 43.03759070557079]]], [[[131.7388787482916, 43.03795049455711], [131.7391279959307, 43.03803456807884], [131.73912399203783, 43.037944620854915], [131.73924661388335, 43.037941683807], [131.7392386057956, 43.03776178937236], [131.73898935914212, 43.03767771606201], [131.73899336280098, 43.037767663300265], [131.738870741276, 43.03777060006739], [131.7388787482916, 43.03795049455711]]]]}, "properties": {"zone_id": "vladivostok-2026-06-27-321", "aoi": "vladivostok", "date": "2026-06-27", "scene_id": "S2B_MSIL2A_20260627T020649_R103_T52TGN_20260627T041901", "scene_datetime_utc": "2026-06-27T02:06:49.024000+00:00", "detection_status": "detected", "detection_status_ru": "обнаружено", "lon": 131.73887, "lat": 43.03777, "n_pixels": 4, "zone_area_km2": 0.0016, "cover_m2": 12.9, "p_mean": 0.725, "p_max": 0.827, "cover_m2_km2": 8062.5, "h3": "88316c450bfffff", "valid_frac_scene": 0.998, "wind_ms": 2.0, "sea": "спокойное", "scene_reliable": true, "field_event_id": "S4:DOORS3:T23", "field_profile": "B", "field_date": "2024-06-10", "field_distance_km": 6977.5, "field_date_gap_days": 747, "field_conc_items_km2": 102.37, "conc_A_items_km2": null, "conc_A_lo80": null, "conc_A_hi80": null, "conc_A_lo95": null, "conc_A_hi95": null, "conc_A_status": "unavailable", "conc_A_status_ru": "концентрация недоступна", "conc_A_reasons": "вне бассейна профиля: nw_atlantic_subtropical", "conc_A_model": "conc-A-c6bce5631d2b", "conc_B_items_km2": null, "conc_B_lo80": null, "conc_B_hi80": null, "conc_B_lo95": null, "conc_B_hi95": null, "conc_B_status": "unavailable", "conc_B_status_ru": "концентрация недоступна", "conc_B_reasons": "вне бассейна профиля: black_sea", "conc_B_model": "conc-B-c6bce5631d2b"}}, {"type": "Feature", "geometry": {"type": "Polygon", "coordinates": [[[131.76010416248485, 43.03771031536047], [131.76010012799952, 43.037620369715974], [131.75985488986458, 43.03762628833084], [131.75985085575513, 43.03753634266613], [131.7597282368385, 43.037539301767495], [131.75972420292632, 43.03744935609181], [131.75996540613278, 43.037353492117454], [131.7599694403837, 43.037443437776375], [131.76021467776684, 43.037437518936095], [131.7602187123937, 43.037527464574765], [131.76034133123608, 43.037524504948564], [131.7603453660602, 43.037614450576264], [131.76022274703917, 43.03761741021173], [131.76022678170318, 43.03770735584697], [131.76010416248485, 43.03771031536047]]]}, "properties": {"zone_id": "vladivostok-2026-06-27-322", "aoi": "vladivostok", "date": "2026-06-27", "scene_id": "S2B_MSIL2A_20260627T020649_R103_T52TGN_20260627T041901", "scene_datetime_utc": "2026-06-27T02:06:49.024000+00:00", "detection_status": "detected", "detection_status_ru": "обнаружено", "lon": 131.76003, "lat": 43.03753, "n_pixels": 2, "zone_area_km2": 0.001, "cover_m2": 7.1, "p_mean": 0.876, "p_max": 0.91, "cover_m2_km2": 7100.0, "h3": "88316c4553fffff", "valid_frac_scene": 0.998, "wind_ms": 2.0, "sea": "спокойное", "scene_reliable": true, "field_event_id": "S4:DOORS3:T23", "field_profile": "B", "field_date": "2024-06-10", "field_distance_km": 6978.9, "field_date_gap_days": 747, "field_conc_items_km2": 102.37, "conc_A_items_km2": null, "conc_A_lo80": null, "conc_A_hi80": null, "conc_A_lo95": null, "conc_A_hi95": null, "conc_A_status": "unavailable", "conc_A_status_ru": "концентрация недоступна", "conc_A_reasons": "вне бассейна профиля: nw_atlantic_subtropical", "conc_A_model": "conc-A-c6bce5631d2b", "conc_B_items_km2": null, "conc_B_lo80": null, "conc_B_hi80": null, "conc_B_lo95": null, "conc_B_hi95": null, "conc_B_status": "unavailable", "conc_B_status_ru": "концентрация недоступна", "conc_B_reasons": "вне бассейна профиля: black_sea", "conc_B_model": "conc-B-c6bce5631d2b"}}, {"type": "Feature", "geometry": {"type": "Polygon", "coordinates": [[[131.9804363117285, 43.03758247592981], [131.98043195547802, 43.03749254765699], [131.98030936035832, 43.03749574306297], [131.98030064827452, 43.03731588649201], [131.98042324303717, 43.03731269110601], [131.9804188868468, 43.03722276282785], [131.98066407595488, 43.037216371682405], [131.9806684325023, 43.037306299940575], [131.98079102720482, 43.037303104161175], [131.9807997407169, 43.03748296065222], [131.98067714565732, 43.0374861564516], [131.9806815022649, 43.03757608470446], [131.9804363117285, 43.03758247592981]]]}, "properties": {"zone_id": "vladivostok-2026-06-27-323", "aoi": "vladivostok", "date": "2026-06-27", "scene_id": "S2B_MSIL2A_20260627T020649_R103_T52TGN_20260627T041901", "scene_datetime_utc": "2026-06-27T02:06:49.024000+00:00", "detection_status": "detected", "detection_status_ru": "обнаружено", "lon": 131.98055, "lat": 43.0374, "n_pixels": 4, "zone_area_km2": 0.0012, "cover_m2": 23.1, "p_mean": 0.783, "p_max": 0.969, "cover_m2_km2": 19250.0, "h3": "88316c08a3fffff", "valid_frac_scene": 0.998, "wind_ms": 2.0, "sea": "спокойное", "scene_reliable": true, "field_event_id": "S4:DOORS3:T23", "field_profile": "B", "field_date": "2024-06-10", "field_distance_km": 6993.8, "field_date_gap_days": 747, "field_conc_items_km2": 102.37, "conc_A_items_km2": null, "conc_A_lo80": null, "conc_A_hi80": null, "conc_A_lo95": null, "conc_A_hi95": null, "conc_A_status": "unavailable", "conc_A_status_ru": "концентрация недоступна", "conc_A_reasons": "вне бассейна профиля: nw_atlantic_subtropical", "conc_A_model": "conc-A-c6bce5631d2b", "conc_B_items_km2": null, "conc_B_lo80": null, "conc_B_hi80": null, "conc_B_lo95": null, "conc_B_hi95": null, "conc_B_status": "unavailable", "conc_B_status_ru": "концентрация недоступна", "conc_B_reasons": "вне бассейна профиля: black_sea", "conc_B_model": "conc-B-c6bce5631d2b"}}, {"type": "Feature", "geometry": {"type": "Polygon", "coordinates": [[[131.7728605146691, 43.037491767874094], [131.772856461583, 43.03740182319569], [131.77273384428162, 43.037404796223726], [131.77272979139283, 43.03731485153429], [131.77285240851555, 43.03731187851555], [131.77284835546675, 43.0372219338337], [131.77309764270498, 43.03730593208446], [131.77310169612977, 43.03739587674601], [131.77297907886572, 43.03739885003645], [131.7729831321305, 43.03748879470557], [131.7728605146691, 43.037491767874094]]]}, "properties": {"zone_id": "vladivostok-2026-06-27-324", "aoi": "vladivostok", "date": "2026-06-27", "scene_id": "S2B_MSIL2A_20260627T020649_R103_T52TGN_20260627T041901", "scene_datetime_utc": "2026-06-27T02:06:49.024000+00:00", "detection_status": "detected", "detection_status_ru": "обнаружено", "lon": 131.77292, "lat": 43.03736, "n_pixels": 1, "zone_area_km2": 0.0005, "cover_m2": 4.7, "p_mean": 0.965, "p_max": 0.965, "cover_m2_km2": 9400.0, "h3": "88316c442dfffff", "valid_frac_scene": 0.998, "wind_ms": 2.0, "sea": "спокойное", "scene_reliable": true, "field_event_id": "S4:DOORS3:T23", "field_profile": "B", "field_date": "2024-06-10", "field_distance_km": 6979.8, "field_date_gap_days": 747, "field_conc_items_km2": 102.37, "conc_A_items_km2": null, "conc_A_lo80": null, "conc_A_hi80": null, "conc_A_lo95": null, "conc_A_hi95": null, "conc_A_status": "unavailable", "conc_A_status_ru": "концентрация недоступна", "conc_A_reasons": "вне бассейна профиля: nw_atlantic_subtropical", "conc_A_model": "conc-A-c6bce5631d2b", "conc_B_items_km2": null, "conc_B_lo80": null, "conc_B_hi80": null, "conc_B_lo95": null, "conc_B_hi95": null, "conc_B_status": "unavailable", "conc_B_status_ru": "концентрация недоступна", "conc_B_reasons": "вне бассейна профиля: black_sea", "conc_B_model": "conc-B-c6bce5631d2b"}}, {"type": "Feature", "geometry": {"type": "Polygon", "coordinates": [[[131.73787376032118, 43.037434300186696], [131.73786975834426, 43.03734435285896], [131.7376205151301, 43.03726027646045], [131.73761651354738, 43.03717032911092], [131.73773913400572, 43.03716739372023], [131.73773513226274, 43.03707744637815], [131.7379803727668, 43.03707157522146], [131.73798437486712, 43.03716152254518], [131.73810699527024, 43.037158586760846], [131.73811499988358, 43.03733848138478], [131.73787376032118, 43.037434300186696]]]}, "properties": {"zone_id": "vladivostok-2026-06-27-325", "aoi": "vladivostok", "date": "2026-06-27", "scene_id": "S2B_MSIL2A_20260627T020649_R103_T52TGN_20260627T041901", "scene_datetime_utc": "2026-06-27T02:06:49.024000+00:00", "detection_status": "detected", "detection_status_ru": "обнаружено", "lon": 131.73789, "lat": 43.03724, "n_pixels": 3, "zone_area_km2": 0.001, "cover_m2": 19.2, "p_mean": 0.973, "p_max": 0.988, "cover_m2_km2": 19200.0, "h3": "88316c4501fffff", "valid_frac_scene": 0.998, "wind_ms": 2.0, "sea": "спокойное", "scene_reliable": true, "field_event_id": "S4:DOORS3:T23", "field_profile": "B", "field_date": "2024-06-10", "field_distance_km": 6977.4, "field_date_gap_days": 747, "field_conc_items_km2": 102.37, "conc_A_items_km2": null, "conc_A_lo80": null, "conc_A_hi80": null, "conc_A_lo95": null, "conc_A_hi95": null, "conc_A_status": "unavailable", "conc_A_status_ru": "концентрация недоступна", "conc_A_reasons": "вне бассейна профиля: nw_atlantic_subtropical", "conc_A_model": "conc-A-c6bce5631d2b", "conc_B_items_km2": null, "conc_B_lo80": null, "conc_B_hi80": null, "conc_B_lo95": null, "conc_B_hi95": null, "conc_B_status": "unavailable", "conc_B_status_ru": "концентрация недоступна", "conc_B_reasons": "вне бассейна профиля: black_sea", "conc_B_model": "conc-B-c6bce5631d2b"}}, {"type": "Feature", "geometry": {"type": "Polygon", "coordinates": [[[131.75947493185845, 43.0373653281865], [131.7594708983408, 43.03727538248886], [131.75922162830784, 43.03719135399977], [131.75921356208, 43.0370114625589], [131.75933617999883, 43.03700850403787], [131.75933214673407, 43.03691855832409], [131.75958141578084, 43.03700258660219], [131.7595854494215, 43.03709253229574], [131.75970806746335, 43.03708957337183], [131.7597161351577, 43.03726946473527], [131.75947493185845, 43.0373653281865]]]}, "properties": {"zone_id": "vladivostok-2026-06-27-326", "aoi": "vladivostok", "date": "2026-06-27", "scene_id": "S2B_MSIL2A_20260627T020649_R103_T52TGN_20260627T041901", "scene_datetime_utc": "2026-06-27T02:06:49.024000+00:00", "detection_status": "detected", "detection_status_ru": "обнаружено", "lon": 131.75946, "lat": 43.03714, "n_pixels": 4, "zone_area_km2": 0.0012, "cover_m2": 16.9, "p_mean": 0.973, "p_max": 0.984, "cover_m2_km2": 14083.3, "h3": "88316c4553fffff", "valid_frac_scene": 0.998, "wind_ms": 2.0, "sea": "спокойное", "scene_reliable": true, "field_event_id": "S4:DOORS3:T23", "field_profile": "B", "field_date": "2024-06-10", "field_distance_km": 6978.9, "field_date_gap_days": 747, "field_conc_items_km2": 102.37, "conc_A_items_km2": null, "conc_A_lo80": null, "conc_A_hi80": null, "conc_A_lo95": null, "conc_A_hi95": null, "conc_A_status": "unavailable", "conc_A_status_ru": "концентрация недоступна", "conc_A_reasons": "вне бассейна профиля: nw_atlantic_subtropical", "conc_A_model": "conc-A-c6bce5631d2b", "conc_B_items_km2": null, "conc_B_lo80": null, "conc_B_hi80": null, "conc_B_lo95": null, "conc_B_hi95": null, "conc_B_status": "unavailable", "conc_B_status_ru": "концентрация недоступна", "conc_B_reasons": "вне бассейна профиля: black_sea", "conc_B_model": "conc-B-c6bce5631d2b"}}, {"type": "Feature", "geometry": {"type": "Polygon", "coordinates": [[[131.7371220306803, 43.03709212197358], [131.73711802984917, 43.0370021745839], [131.73699540965612, 43.03700510930016], [131.7369914090221, 43.03691516189959], [131.73711402903643, 43.03691222719251], [131.73711002824214, 43.036822279799395], [131.73735926900994, 43.03690635738468], [131.73736327018, 43.03699630475772], [131.7372406500238, 43.03699923973641], [131.73724465103362, 43.037089187116926], [131.7371220306803, 43.03709212197358]]]}, "properties": {"zone_id": "vladivostok-2026-06-27-327", "aoi": "vladivostok", "date": "2026-06-27", "scene_id": "S2B_MSIL2A_20260627T020649_R103_T52TGN_20260627T041901", "scene_datetime_utc": "2026-06-27T02:06:49.024000+00:00", "detection_status": "detected", "detection_status_ru": "обнаружено", "lon": 131.73718, "lat": 43.03696, "n_pixels": 1, "zone_area_km2": 0.0005, "cover_m2": 7.8, "p_mean": 0.949, "p_max": 0.949, "cover_m2_km2": 15600.0, "h3": "88316c4501fffff", "valid_frac_scene": 0.998, "wind_ms": 2.0, "sea": "спокойное", "scene_reliable": true, "field_event_id": "S4:DOORS3:T23", "field_profile": "B", "field_date": "2024-06-10", "field_distance_km": 6977.4, "field_date_gap_days": 747, "field_conc_items_km2": 102.37, "conc_A_items_km2": null, "conc_A_lo80": null, "conc_A_hi80": null, "conc_A_lo95": null, "conc_A_hi95": null, "conc_A_status": "unavailable", "conc_A_status_ru": "концентрация недоступна", "conc_A_reasons": "вне бассейна профиля: nw_atlantic_subtropical", "conc_A_model": "conc-A-c6bce5631d2b", "conc_B_items_km2": null, "conc_B_lo80": null, "conc_B_hi80": null, "conc_B_lo95": null, "conc_B_hi95": null, "conc_B_status": "unavailable", "conc_B_status_ru": "концентрация недоступна", "conc_B_reasons": "вне бассейна профиля: black_sea", "conc_B_model": "conc-B-c6bce5631d2b"}}, {"type": "Feature", "geometry": {"type": "Polygon", "coordinates": [[[131.96948618926118, 43.03705699191995], [131.96948184908095, 43.03696706274393], [131.9693592537874, 43.036970246389245], [131.96935491380566, 43.03688031720151], [131.96947750892065, 43.036877133566136], [131.96947316878038, 43.03678720438657], [131.96971835859338, 43.03678083674233], [131.9697226990908, 43.036870765902], [131.96984529414587, 43.03686758187323], [131.96984963484178, 43.03695751102116], [131.96972703960813, 43.03696069505988], [131.96973138014545, 43.037050624216], [131.96948618926118, 43.03705699191995]]]}, "properties": {"zone_id": "vladivostok-2026-06-27-328", "aoi": "vladivostok", "date": "2026-06-27", "scene_id": "S2B_MSIL2A_20260627T020649_R103_T52TGN_20260627T041901", "scene_datetime_utc": "2026-06-27T02:06:49.024000+00:00", "detection_status": "detected", "detection_status_ru": "обнаружено", "lon": 131.9696, "lat": 43.03692, "n_pixels": 2, "zone_area_km2": 0.0008, "cover_m2": 5.1, "p_mean": 0.682, "p_max": 0.839, "cover_m2_km2": 6375.0, "h3": "88316c08a7fffff", "valid_frac_scene": 0.998, "wind_ms": 2.0, "sea": "спокойное", "scene_reliable": true, "field_event_id": "S4:DOORS3:T23", "field_profile": "B", "field_date": "2024-06-10", "field_distance_km": 6993.1, "field_date_gap_days": 747, "field_conc_items_km2": 102.37, "conc_A_items_km2": null, "conc_A_lo80": null, "conc_A_hi80": null, "conc_A_lo95": null, "conc_A_hi95": null, "conc_A_status": "unavailable", "conc_A_status_ru": "концентрация недоступна", "conc_A_reasons": "вне бассейна профиля: nw_atlantic_subtropical", "conc_A_model": "conc-A-c6bce5631d2b", "conc_B_items_km2": null, "conc_B_lo80": null, "conc_B_hi80": null, "conc_B_lo95": null, "conc_B_hi95": null, "conc_B_status": "unavailable", "conc_B_status_ru": "концентрация недоступна", "conc_B_reasons": "вне бассейна профиля: black_sea", "conc_B_model": "conc-B-c6bce5631d2b"}}, {"type": "Feature", "geometry": {"type": "Polygon", "coordinates": [[[131.736619548789, 43.036834017803756], [131.73661554872785, 43.03674407037222], [131.7363663095628, 43.036659991117176], [131.73636230989584, 43.03657004366387], [131.7364849292875, 43.036567109649546], [131.7364809294603, 43.03647716220369], [131.73697940723048, 43.03664531968759], [131.73698340780928, 43.0367352670933], [131.73686078813387, 43.03673820165082], [131.7368647885524, 43.03682814906401], [131.736619548789, 43.036834017803756]]]}, "properties": {"zone_id": "vladivostok-2026-06-27-329", "aoi": "vladivostok", "date": "2026-06-27", "scene_id": "S2B_MSIL2A_20260627T020649_R103_T52TGN_20260627T041901", "scene_datetime_utc": "2026-06-27T02:06:49.024000+00:00", "detection_status": "detected", "detection_status_ru": "обнаружено", "lon": 131.73667, "lat": 43.03667, "n_pixels": 3, "zone_area_km2": 0.0011, "cover_m2": 18.0, "p_mean": 0.681, "p_max": 0.871, "cover_m2_km2": 16363.6, "h3": "88316c4501fffff", "valid_frac_scene": 0.998, "wind_ms": 2.0, "sea": "спокойное", "scene_reliable": true, "field_event_id": "S4:DOORS3:T23", "field_profile": "B", "field_date": "2024-06-10", "field_distance_km": 6977.4, "field_date_gap_days": 747, "field_conc_items_km2": 102.37, "conc_A_items_km2": null, "conc_A_lo80": null, "conc_A_hi80": null, "conc_A_lo95": null, "conc_A_hi95": null, "conc_A_status": "unavailable", "conc_A_status_ru": "концентрация недоступна", "conc_A_reasons": "вне бассейна профиля: nw_atlantic_subtropical", "conc_A_model": "conc-A-c6bce5631d2b", "conc_B_items_km2": null, "conc_B_lo80": null, "conc_B_hi80": null, "conc_B_lo95": null, "conc_B_hi95": null, "conc_B_status": "unavailable", "conc_B_status_ru": "концентрация недоступна", "conc_B_reasons": "вне бассейна профиля: black_sea", "conc_B_model": "conc-B-c6bce5631d2b"}}, {"type": "Feature", "geometry": {"type": "Polygon", "coordinates": [[[131.7793348393454, 43.036794344003155], [131.77933077690216, 43.03670439980755], [131.7792081616625, 43.03670737973353], [131.77920003718938, 43.03652749131848], [131.77944120436948, 43.03643158718106], [131.7794452669353, 43.03652153137256], [131.77956788178022, 43.036518551202796], [131.77957600732532, 43.036698439561945], [131.7793348393454, 43.036794344003155]]]}, "properties": {"zone_id": "vladivostok-2026-06-27-330", "aoi": "vladivostok", "date": "2026-06-27", "scene_id": "S2B_MSIL2A_20260627T020649_R103_T52TGN_20260627T041901", "scene_datetime_utc": "2026-06-27T02:06:49.024000+00:00", "detection_status": "detected", "detection_status_ru": "обнаружено", "lon": 131.77939, "lat": 43.03661, "n_pixels": 2, "zone_area_km2": 0.0008, "cover_m2": 12.2, "p_mean": 0.937, "p_max": 0.98, "cover_m2_km2": 15250.0, "h3": "88316c4421fffff", "valid_frac_scene": 0.998, "wind_ms": 2.0, "sea": "спокойное", "scene_reliable": true, "field_event_id": "S4:DOORS3:T23", "field_profile": "B", "field_date": "2024-06-10", "field_distance_km": 6980.3, "field_date_gap_days": 747, "field_conc_items_km2": 102.37, "conc_A_items_km2": null, "conc_A_lo80": null, "conc_A_hi80": null, "conc_A_lo95": null, "conc_A_hi95": null, "conc_A_status": "unavailable", "conc_A_status_ru": "концентрация недоступна", "conc_A_reasons": "вне бассейна профиля: nw_atlantic_subtropical", "conc_A_model": "conc-A-c6bce5631d2b", "conc_B_items_km2": null, "conc_B_lo80": null, "conc_B_hi80": null, "conc_B_lo95": null, "conc_B_hi95": null, "conc_B_status": "unavailable", "conc_B_status_ru": "концентрация недоступна", "conc_B_reasons": "вне бассейна профиля: black_sea", "conc_B_model": "conc-B-c6bce5631d2b"}}, {"type": "Feature", "geometry": {"type": "Polygon", "coordinates": [[[131.96787075747014, 43.03664872266543], [131.96786641971076, 43.03655879335125], [131.96774382505038, 43.03656197524208], [131.9677394874895, 43.03647204591618], [131.96786208197136, 43.036468864035285], [131.9678577442519, 43.036378934717554], [131.96810293279867, 43.036372570582266], [131.9681072708752, 43.03646249988011], [131.9682298652972, 43.03645931760582], [131.96823420357222, 43.036549246891944], [131.9681116089717, 43.03655242917618], [131.96811594708817, 43.03664235847048], [131.96787075747014, 43.03664872266543]]]}, "properties": {"zone_id": "vladivostok-2026-06-27-331", "aoi": "vladivostok", "date": "2026-06-27", "scene_id": "S2B_MSIL2A_20260627T020649_R103_T52TGN_20260627T041901", "scene_datetime_utc": "2026-06-27T02:06:49.024000+00:00", "detection_status": "detected", "detection_status_ru": "обнаружено", "lon": 131.96799, "lat": 43.03651, "n_pixels": 2, "zone_area_km2": 0.0008, "cover_m2": 9.4, "p_mean": 0.686, "p_max": 0.82, "cover_m2_km2": 11750.0, "h3": "88316c08a7fffff", "valid_frac_scene": 0.998, "wind_ms": 2.0, "sea": "спокойное", "scene_reliable": true, "field_event_id": "S4:DOORS3:T23", "field_profile": "B", "field_date": "2024-06-10", "field_distance_km": 6993.0, "field_date_gap_days": 747, "field_conc_items_km2": 102.37, "conc_A_items_km2": null, "conc_A_lo80": null, "conc_A_hi80": null, "conc_A_lo95": null, "conc_A_hi95": null, "conc_A_status": "unavailable", "conc_A_status_ru": "концентрация недоступна", "conc_A_reasons": "вне бассейна профиля: nw_atlantic_subtropical", "conc_A_model": "conc-A-c6bce5631d2b", "conc_B_items_km2": null, "conc_B_lo80": null, "conc_B_hi80": null, "conc_B_lo95": null, "conc_B_hi95": null, "conc_B_status": "unavailable", "conc_B_status_ru": "концентрация недоступна", "conc_B_reasons": "вне бассейна профиля: black_sea", "conc_B_model": "conc-B-c6bce5631d2b"}}, {"type": "Feature", "geometry": {"type": "Polygon", "coordinates": [[[131.7704902832845, 43.03664878452004], [131.7704862337795, 43.03655883964787], [131.77023695289392, 43.03647483550867], [131.77023290378355, 43.03638489061448], [131.77035551931382, 43.03638192032201], [131.7703514700434, 43.03629197543536], [131.77059670069073, 43.03628603447538], [131.77060075031847, 43.03637597934346], [131.77072336579283, 43.03637300865737], [131.77073146546155, 43.03655289836976], [131.7704902832845, 43.03664878452004]]]}, "properties": {"zone_id": "vladivostok-2026-06-27-332", "aoi": "vladivostok", "date": "2026-06-27", "scene_id": "S2B_MSIL2A_20260627T020649_R103_T52TGN_20260627T041901", "scene_datetime_utc": "2026-06-27T02:06:49.024000+00:00", "detection_status": "detected", "detection_status_ru": "обнаружено", "lon": 131.7705, "lat": 43.03645, "n_pixels": 3, "zone_area_km2": 0.001, "cover_m2": 10.2, "p_mean": 0.754, "p_max": 0.929, "cover_m2_km2": 10200.0, "h3": "88316c442dfffff", "valid_frac_scene": 0.998, "wind_ms": 2.0, "sea": "спокойное", "scene_reliable": true, "field_event_id": "S4:DOORS3:T23", "field_profile": "B", "field_date": "2024-06-10", "field_distance_km": 6979.7, "field_date_gap_days": 747, "field_conc_items_km2": 102.37, "conc_A_items_km2": null, "conc_A_lo80": null, "conc_A_hi80": null, "conc_A_lo95": null, "conc_A_hi95": null, "conc_A_status": "unavailable", "conc_A_status_ru": "концентрация недоступна", "conc_A_reasons": "вне бассейна профиля: nw_atlantic_subtropical", "conc_A_model": "conc-A-c6bce5631d2b", "conc_B_items_km2": null, "conc_B_lo80": null, "conc_B_hi80": null, "conc_B_lo95": null, "conc_B_hi95": null, "conc_B_status": "unavailable", "conc_B_status_ru": "концентрация недоступна", "conc_B_reasons": "вне бассейна профиля: black_sea", "conc_B_model": "conc-B-c6bce5631d2b"}}, {"type": "Feature", "geometry": {"type": "Polygon", "coordinates": [[[131.7806754789142, 43.036581667867544], [131.78067141454306, 43.03649172377096], [131.78042212117603, 43.03640774222393], [131.78041805719965, 43.03631779810526], [131.78054067153766, 43.036314816904536], [131.78053660740133, 43.03622487279344], [131.78078590015755, 43.0363088541095], [131.7807899646699, 43.03639879820022], [131.78091257913044, 43.036395816596574], [131.7809166438402, 43.03648576067626], [131.78079402920096, 43.036488742289215], [131.78079809375075, 43.03657868637647], [131.7806754789142, 43.036581667867544]]]}, "properties": {"zone_id": "vladivostok-2026-06-27-333", "aoi": "vladivostok", "date": "2026-06-27", "scene_id": "S2B_MSIL2A_20260627T020649_R103_T52TGN_20260627T041901", "scene_datetime_utc": "2026-06-27T02:06:49.024000+00:00", "detection_status": "detected", "detection_status_ru": "обнаружено", "lon": 131.78067, "lat": 43.0364, "n_pixels": 2, "zone_area_km2": 0.0008, "cover_m2": 9.0, "p_mean": 0.671, "p_max": 0.678, "cover_m2_km2": 11250.0, "h3": "88316c442bfffff", "valid_frac_scene": 0.998, "wind_ms": 2.0, "sea": "спокойное", "scene_reliable": true, "field_event_id": "S4:DOORS3:T23", "field_profile": "B", "field_date": "2024-06-10", "field_distance_km": 6980.4, "field_date_gap_days": 747, "field_conc_items_km2": 102.37, "conc_A_items_km2": null, "conc_A_lo80": null, "conc_A_hi80": null, "conc_A_lo95": null, "conc_A_hi95": null, "conc_A_status": "unavailable", "conc_A_status_ru": "концентрация недоступна", "conc_A_reasons": "вне бассейна профиля: nw_atlantic_subtropical", "conc_A_model": "conc-A-c6bce5631d2b", "conc_B_items_km2": null, "conc_B_lo80": null, "conc_B_hi80": null, "conc_B_lo95": null, "conc_B_hi95": null, "conc_B_status": "unavailable", "conc_B_status_ru": "концентрация недоступна", "conc_B_reasons": "вне бассейна профиля: black_sea", "conc_B_model": "conc-B-c6bce5631d2b"}}, {"type": "Feature", "geometry": {"type": "Polygon", "coordinates": [[[131.9802614448897, 43.03650653183494], [131.98025708905826, 43.036416603530846], [131.9801344960609, 43.03641979868585], [131.98013014042806, 43.03632987037], [131.98025273324686, 43.03632667522497], [131.98024837745552, 43.03623674691732], [131.98049791882437, 43.03632028454153], [131.98050227499283, 43.03641021282743], [131.98037968203556, 43.0364134082447], [131.98038403804551, 43.0365033365388], [131.9802614448897, 43.03650653183494]]]}, "properties": {"zone_id": "vladivostok-2026-06-27-334", "aoi": "vladivostok", "date": "2026-06-27", "scene_id": "S2B_MSIL2A_20260627T020649_R103_T52TGN_20260627T041901", "scene_datetime_utc": "2026-06-27T02:06:49.024000+00:00", "detection_status": "detected", "detection_status_ru": "обнаружено", "lon": 131.98032, "lat": 43.03637, "n_pixels": 1, "zone_area_km2": 0.0005, "cover_m2": 4.3, "p_mean": 0.851, "p_max": 0.851, "cover_m2_km2": 8600.0, "h3": "88316c08a3fffff", "valid_frac_scene": 0.998, "wind_ms": 2.0, "sea": "спокойное", "scene_reliable": true, "field_event_id": "S4:DOORS3:T23", "field_profile": "B", "field_date": "2024-06-10", "field_distance_km": 6993.9, "field_date_gap_days": 747, "field_conc_items_km2": 102.37, "conc_A_items_km2": null, "conc_A_lo80": null, "conc_A_hi80": null, "conc_A_lo95": null, "conc_A_hi95": null, "conc_A_status": "unavailable", "conc_A_status_ru": "концентрация недоступна", "conc_A_reasons": "вне бассейна профиля: nw_atlantic_subtropical", "conc_A_model": "conc-A-c6bce5631d2b", "conc_B_items_km2": null, "conc_B_lo80": null, "conc_B_hi80": null, "conc_B_lo95": null, "conc_B_hi95": null, "conc_B_status": "unavailable", "conc_B_status_ru": "концентрация недоступна", "conc_B_reasons": "вне бассейна профиля: black_sea", "conc_B_model": "conc-B-c6bce5631d2b"}}, {"type": "Feature", "geometry": {"type": "Polygon", "coordinates": [[[131.91041337933217, 43.036414776293135], [131.91040912551318, 43.036324842336], [131.91028652499435, 43.03632796266448], [131.91027801777219, 43.03614809472541], [131.91002856416551, 43.036064400958224], [131.91002005777509, 43.035884532969604], [131.91014265744025, 43.0358814129522], [131.91013840409585, 43.03579147896501], [131.9103878567118, 43.03587517252392], [131.91039211043292, 43.03596510648985], [131.9105147102179, 43.03596198606924], [131.91052321807604, 43.03614185397631], [131.9106458181986, 43.03613873340504], [131.91065432649216, 43.036318601285586], [131.91041337933217, 43.036414776293135]]]}, "properties": {"zone_id": "vladivostok-2026-06-27-335", "aoi": "vladivostok", "date": "2026-06-27", "scene_id": "S2B_MSIL2A_20260627T020649_R103_T52TGN_20260627T041901", "scene_datetime_utc": "2026-06-27T02:06:49.024000+00:00", "detection_status": "detected", "detection_status_ru": "обнаружено", "lon": 131.91034, "lat": 43.03608, "n_pixels": 5, "zone_area_km2": 0.0018, "cover_m2": 33.7, "p_mean": 0.882, "p_max": 0.984, "cover_m2_km2": 18722.2, "h3": "88316c09a3fffff", "valid_frac_scene": 0.998, "wind_ms": 2.0, "sea": "спокойное", "scene_reliable": true, "field_event_id": "S4:DOORS3:T23", "field_profile": "B", "field_date": "2024-06-10", "field_distance_km": 6989.1, "field_date_gap_days": 747, "field_conc_items_km2": 102.37, "conc_A_items_km2": null, "conc_A_lo80": null, "conc_A_hi80": null, "conc_A_lo95": null, "conc_A_hi95": null, "conc_A_status": "unavailable", "conc_A_status_ru": "концентрация недоступна", "conc_A_reasons": "вне бассейна профиля: nw_atlantic_subtropical", "conc_A_model": "conc-A-c6bce5631d2b", "conc_B_items_km2": null, "conc_B_lo80": null, "conc_B_hi80": null, "conc_B_lo95": null, "conc_B_hi95": null, "conc_B_status": "unavailable", "conc_B_status_ru": "концентрация недоступна", "conc_B_reasons": "вне бассейна профиля: black_sea", "conc_B_model": "conc-B-c6bce5631d2b"}}, {"type": "Feature", "geometry": {"type": "Polygon", "coordinates": [[[131.7708338313493, 43.036100203286416], [131.77082978142016, 43.03601025843174], [131.7707071666791, 43.03601322921188], [131.77069906723403, 43.03583333947878], [131.77094024593106, 43.03573745297389], [131.77094429598296, 43.03582739782445], [131.77106691032947, 43.0358244268005], [131.77107501084646, 43.03600431647788], [131.7708338313493, 43.036100203286416]]]}, "properties": {"zone_id": "vladivostok-2026-06-27-336", "aoi": "vladivostok", "date": "2026-06-27", "scene_id": "S2B_MSIL2A_20260627T020649_R103_T52TGN_20260627T041901", "scene_datetime_utc": "2026-06-27T02:06:49.024000+00:00", "detection_status": "detected", "detection_status_ru": "обнаружено", "lon": 131.77089, "lat": 43.03592, "n_pixels": 2, "zone_area_km2": 0.0008, "cover_m2": 9.0, "p_mean": 0.802, "p_max": 0.925, "cover_m2_km2": 11250.0, "h3": "88316c442dfffff", "valid_frac_scene": 0.998, "wind_ms": 2.0, "sea": "спокойное", "scene_reliable": true, "field_event_id": "S4:DOORS3:T23", "field_profile": "B", "field_date": "2024-06-10", "field_distance_km": 6979.7, "field_date_gap_days": 747, "field_conc_items_km2": 102.37, "conc_A_items_km2": null, "conc_A_lo80": null, "conc_A_hi80": null, "conc_A_lo95": null, "conc_A_hi95": null, "conc_A_status": "unavailable", "conc_A_status_ru": "концентрация недоступна", "conc_A_reasons": "вне бассейна профиля: nw_atlantic_subtropical", "conc_A_model": "conc-A-c6bce5631d2b", "conc_B_items_km2": null, "conc_B_lo80": null, "conc_B_hi80": null, "conc_B_lo95": null, "conc_B_hi95": null, "conc_B_status": "unavailable", "conc_B_status_ru": "концентрация недоступна", "conc_B_reasons": "вне бассейна профиля: black_sea", "conc_B_model": "conc-B-c6bce5631d2b"}}, {"type": "Feature", "geometry": {"type": "MultiPolygon", "coordinates": [[[[131.75743242213923, 43.03561373423019], [131.75730980680075, 43.0356166906352], [131.75730577669157, 43.03552674474593], [131.75718316151318, 43.0355297010105], [131.75717913160122, 43.03543975511026], [131.7569379311008, 43.035535613146024], [131.75694599026573, 43.0357155049783], [131.75706860583853, 43.03571254895765], [131.75707263562748, 43.03580249486197], [131.75731786707476, 43.03579658240858], [131.75731383692846, 43.035706636522754], [131.75743645244563, 43.03570368010849], [131.75743242213923, 43.03561373423019]]], [[[131.75732592742295, 43.03597647417506], [131.75757519006996, 43.03606050702207], [131.75757115951072, 43.03597056115988], [131.75769377552675, 43.03596760445551], [131.75768571410654, 43.03578771274448], [131.75743645244563, 43.03570368010849], [131.75744048277056, 43.03579362598508], [131.75731786707476, 43.03579658240858], [131.75732592742295, 43.03597647417506]]]]}, "properties": {"zone_id": "vladivostok-2026-06-27-337", "aoi": "vladivostok", "date": "2026-06-27", "scene_id": "S2B_MSIL2A_20260627T020649_R103_T52TGN_20260627T041901", "scene_datetime_utc": "2026-06-27T02:06:49.024000+00:00", "detection_status": "detected", "detection_status_ru": "обнаружено", "lon": 131.7573, "lat": 43.03573, "n_pixels": 5, "zone_area_km2": 0.0018, "cover_m2": 25.1, "p_mean": 0.975, "p_max": 1.0, "cover_m2_km2": 13944.4, "h3": "88316c4519fffff", "valid_frac_scene": 0.998, "wind_ms": 2.0, "sea": "спокойное", "scene_reliable": true, "field_event_id": "S4:DOORS3:T23", "field_profile": "B", "field_date": "2024-06-10", "field_distance_km": 6978.8, "field_date_gap_days": 747, "field_conc_items_km2": 102.37, "conc_A_items_km2": null, "conc_A_lo80": null, "conc_A_hi80": null, "conc_A_lo95": null, "conc_A_hi95": null, "conc_A_status": "unavailable", "conc_A_status_ru": "концентрация недоступна", "conc_A_reasons": "вне бассейна профиля: nw_atlantic_subtropical", "conc_A_model": "conc-A-c6bce5631d2b", "conc_B_items_km2": null, "conc_B_lo80": null, "conc_B_hi80": null, "conc_B_lo95": null, "conc_B_hi95": null, "conc_B_status": "unavailable", "conc_B_status_ru": "концентрация недоступна", "conc_B_reasons": "вне бассейна профиля: black_sea", "conc_B_model": "conc-B-c6bce5631d2b"}}, {"type": "Feature", "geometry": {"type": "Polygon", "coordinates": [[[131.75593284023543, 43.0350195804584], [131.75592881222127, 43.03492963445545], [131.755679556301, 43.03484559781444], [131.75567552868128, 43.03475565178955], [131.75579814247422, 43.034752697182554], [131.75579411469437, 43.03466275116518], [131.7560433700045, 43.03474678757495], [131.75604739816023, 43.03483673357211], [131.75617001207624, 43.03483377856228], [131.75617404042913, 43.03492372454849], [131.7560514263345, 43.03492667956757], [131.75605545452726, 43.0350166255613], [131.75593284023543, 43.0350195804584]]]}, "properties": {"zone_id": "vladivostok-2026-06-27-338", "aoi": "vladivostok", "date": "2026-06-27", "scene_id": "S2B_MSIL2A_20260627T020649_R103_T52TGN_20260627T041901", "scene_datetime_utc": "2026-06-27T02:06:49.024000+00:00", "detection_status": "detected", "detection_status_ru": "обнаружено", "lon": 131.75592, "lat": 43.03484, "n_pixels": 2, "zone_area_km2": 0.0008, "cover_m2": 5.5, "p_mean": 0.89, "p_max": 0.996, "cover_m2_km2": 6875.0, "h3": "88316c4519fffff", "valid_frac_scene": 0.998, "wind_ms": 2.0, "sea": "спокойное", "scene_reliable": true, "field_event_id": "S4:DOORS3:T23", "field_profile": "B", "field_date": "2024-06-10", "field_distance_km": 6978.8, "field_date_gap_days": 747, "field_conc_items_km2": 102.37, "conc_A_items_km2": null, "conc_A_lo80": null, "conc_A_hi80": null, "conc_A_lo95": null, "conc_A_hi95": null, "conc_A_status": "unavailable", "conc_A_status_ru": "концентрация недоступна", "conc_A_reasons": "вне бассейна профиля: nw_atlantic_subtropical", "conc_A_model": "conc-A-c6bce5631d2b", "conc_B_items_km2": null, "conc_B_lo80": null, "conc_B_hi80": null, "conc_B_lo95": null, "conc_B_hi95": null, "conc_B_status": "unavailable", "conc_B_status_ru": "концентрация недоступна", "conc_B_reasons": "вне бассейна профиля: black_sea", "conc_B_model": "conc-B-c6bce5631d2b"}}, {"type": "Feature", "geometry": {"type": "Polygon", "coordinates": [[[131.94457517086835, 43.03463976699035], [131.94457086742923, 43.03454983575264], [131.94444827418894, 43.03455299257198], [131.94444397094819, 43.03446306132263], [131.94456656400993, 43.03445990451315], [131.9445622606104, 43.0343699732719], [131.94480744631744, 43.034363659279286], [131.944811750074, 43.0344535905008], [131.94493434307637, 43.03445043329793], [131.94493864703128, 43.03454036450781], [131.9448160538504, 43.03454352172056], [131.94482035764656, 43.034633452938536], [131.94457517086835, 43.03463976699035]]]}, "properties": {"zone_id": "vladivostok-2026-06-27-339", "aoi": "vladivostok", "date": "2026-06-27", "scene_id": "S2B_MSIL2A_20260627T020649_R103_T52TGN_20260627T041901", "scene_datetime_utc": "2026-06-27T02:06:49.024000+00:00", "detection_status": "detected", "detection_status_ru": "обнаружено", "lon": 131.94469, "lat": 43.0345, "n_pixels": 2, "zone_area_km2": 0.0008, "cover_m2": 12.9, "p_mean": 0.555, "p_max": 0.604, "cover_m2_km2": 16125.0, "h3": "88316c0991fffff", "valid_frac_scene": 0.998, "wind_ms": 2.0, "sea": "спокойное", "scene_reliable": true, "field_event_id": "S4:DOORS3:T23", "field_profile": "B", "field_date": "2024-06-10", "field_distance_km": 6991.6, "field_date_gap_days": 747, "field_conc_items_km2": 102.37, "conc_A_items_km2": null, "conc_A_lo80": null, "conc_A_hi80": null, "conc_A_lo95": null, "conc_A_hi95": null, "conc_A_status": "unavailable", "conc_A_status_ru": "концентрация недоступна", "conc_A_reasons": "вне бассейна профиля: nw_atlantic_subtropical", "conc_A_model": "conc-A-c6bce5631d2b", "conc_B_items_km2": null, "conc_B_lo80": null, "conc_B_hi80": null, "conc_B_lo95": null, "conc_B_hi95": null, "conc_B_status": "unavailable", "conc_B_status_ru": "концентрация недоступна", "conc_B_reasons": "вне бассейна профиля: black_sea", "conc_B_model": "conc-B-c6bce5631d2b"}}, {"type": "Feature", "geometry": {"type": "Polygon", "coordinates": [[[131.9084893477252, 43.0346628851937], [131.90848509697608, 43.03457295105516], [131.908235652102, 43.03448925309671], [131.90822715141576, 43.03430938477187], [131.90810455467127, 43.03431250264658], [131.90810030453605, 43.03422256847179], [131.907850861587, 43.03413886961222], [131.90784236212855, 43.03395900121487], [131.9079649581979, 43.033955883641426], [131.90796070831945, 43.033865949449854], [131.90821015027797, 43.033949648101114], [131.90821440053307, 43.03403958227144], [131.9083369967223, 43.03403646429482], [131.90834549764833, 43.03421633261071], [131.9084680941751, 43.03421321448345], [131.90847659553646, 43.03439308277282], [131.90872604031273, 43.03447678020845], [131.90873029139945, 43.03456671432925], [131.90860769419754, 43.03456983275778], [131.90861194512524, 43.03465976688657], [131.9084893477252, 43.0346628851937]]]}, "properties": {"zone_id": "vladivostok-2026-06-27-340", "aoi": "vladivostok", "date": "2026-06-27", "scene_id": "S2B_MSIL2A_20260627T020649_R103_T52TGN_20260627T041901", "scene_datetime_utc": "2026-06-27T02:06:49.024000+00:00", "detection_status": "detected", "detection_status_ru": "обнаружено", "lon": 131.90823, "lat": 43.03423, "n_pixels": 7, "zone_area_km2": 0.0023, "cover_m2": 30.6, "p_mean": 0.872, "p_max": 0.992, "cover_m2_km2": 13304.3, "h3": "88316c09a3fffff", "valid_frac_scene": 0.998, "wind_ms": 2.0, "sea": "спокойное", "scene_reliable": true, "field_event_id": "S4:DOORS3:T23", "field_profile": "B", "field_date": "2024-06-10", "field_distance_km": 6989.1, "field_date_gap_days": 747, "field_conc_items_km2": 102.37, "conc_A_items_km2": null, "conc_A_lo80": null, "conc_A_hi80": null, "conc_A_lo95": null, "conc_A_hi95": null, "conc_A_status": "unavailable", "conc_A_status_ru": "концентрация недоступна", "conc_A_reasons": "вне бассейна профиля: nw_atlantic_subtropical", "conc_A_model": "conc-A-c6bce5631d2b", "conc_B_items_km2": null, "conc_B_lo80": null, "conc_B_hi80": null, "conc_B_lo95": null, "conc_B_hi95": null, "conc_B_status": "unavailable", "conc_B_status_ru": "концентрация недоступна", "conc_B_reasons": "вне бассейна профиля: black_sea", "conc_B_model": "conc-B-c6bce5631d2b"}}, {"type": "Feature", "geometry": {"type": "Polygon", "coordinates": [[[131.6346269503198, 43.03427671122981], [131.63462309957666, 43.0341867562326], [131.63437399939664, 43.03410245058637], [131.63437014904636, 43.03401249556809], [131.6344927736038, 43.03400967096621], [131.63448892309256, 43.03391971595508], [131.63473802266552, 43.03400402136873], [131.63474187355195, 43.03409397636051], [131.63486449823495, 43.03409115135609], [131.63486834931783, 43.034181106337314], [131.6347457244561, 43.03418393135058], [131.63474957537798, 43.034273886338966], [131.6346269503198, 43.03427671122981]]]}, "properties": {"zone_id": "vladivostok-2026-06-27-341", "aoi": "vladivostok", "date": "2026-06-27", "scene_id": "S2B_MSIL2A_20260627T020649_R103_T52TGN_20260627T041901", "scene_datetime_utc": "2026-06-27T02:06:49.024000+00:00", "detection_status": "detected", "detection_status_ru": "обнаружено", "lon": 131.63462, "lat": 43.0341, "n_pixels": 2, "zone_area_km2": 0.0008, "cover_m2": 7.1, "p_mean": 0.69, "p_max": 0.847, "cover_m2_km2": 8875.0, "h3": "88316c4f53fffff", "valid_frac_scene": 0.998, "wind_ms": 2.0, "sea": "спокойное", "scene_reliable": true, "field_event_id": "S4:DOORS3:T23", "field_profile": "B", "field_date": "2024-06-10", "field_distance_km": 6970.6, "field_date_gap_days": 747, "field_conc_items_km2": 102.37, "conc_A_items_km2": null, "conc_A_lo80": null, "conc_A_hi80": null, "conc_A_lo95": null, "conc_A_hi95": null, "conc_A_status": "unavailable", "conc_A_status_ru": "концентрация недоступна", "conc_A_reasons": "вне бассейна профиля: nw_atlantic_subtropical", "conc_A_model": "conc-A-c6bce5631d2b", "conc_B_items_km2": null, "conc_B_lo80": null, "conc_B_hi80": null, "conc_B_lo95": null, "conc_B_hi95": null, "conc_B_status": "unavailable", "conc_B_status_ru": "концентрация недоступна", "conc_B_reasons": "вне бассейна профиля: black_sea", "conc_B_model": "conc-B-c6bce5631d2b"}}, {"type": "Feature", "geometry": {"type": "Polygon", "coordinates": [[[131.75441718373398, 43.03406562164376], [131.75441315806756, 43.03397567551104], [131.75429054567866, 43.03397862859175], [131.75428249475868, 43.03379873630266], [131.7541598827085, 43.03380168923372], [131.75415585745495, 43.03371174307737], [131.75427846932647, 43.03370879015554], [131.7542744439128, 43.033618844006696], [131.7545236930139, 43.0337028839183], [131.75452771880342, 43.03379283004696], [131.75465033079797, 43.03378987672231], [131.75465838278984, 43.03396976895601], [131.75441718373398, 43.03406562164376]]]}, "properties": {"zone_id": "vladivostok-2026-06-27-342", "aoi": "vladivostok", "date": "2026-06-27", "scene_id": "S2B_MSIL2A_20260627T020649_R103_T52TGN_20260627T041901", "scene_datetime_utc": "2026-06-27T02:06:49.024000+00:00", "detection_status": "detected", "detection_status_ru": "обнаружено", "lon": 131.75443, "lat": 43.03384, "n_pixels": 3, "zone_area_km2": 0.0011, "cover_m2": 9.0, "p_mean": 0.922, "p_max": 0.984, "cover_m2_km2": 8181.8, "h3": "88316c4519fffff", "valid_frac_scene": 0.998, "wind_ms": 2.0, "sea": "спокойное", "scene_reliable": true, "field_event_id": "S4:DOORS3:T23", "field_profile": "B", "field_date": "2024-06-10", "field_distance_km": 6978.8, "field_date_gap_days": 747, "field_conc_items_km2": 102.37, "conc_A_items_km2": null, "conc_A_lo80": null, "conc_A_hi80": null, "conc_A_lo95": null, "conc_A_hi95": null, "conc_A_status": "unavailable", "conc_A_status_ru": "концентрация недоступна", "conc_A_reasons": "вне бассейна профиля: nw_atlantic_subtropical", "conc_A_model": "conc-A-c6bce5631d2b", "conc_B_items_km2": null, "conc_B_lo80": null, "conc_B_hi80": null, "conc_B_lo95": null, "conc_B_hi95": null, "conc_B_status": "unavailable", "conc_B_status_ru": "концентрация недоступна", "conc_B_reasons": "вне бассейна профиля: black_sea", "conc_B_model": "conc-B-c6bce5631d2b"}}, {"type": "Feature", "geometry": {"type": "Polygon", "coordinates": [[[131.75378399703018, 43.033630654869896], [131.7537799723496, 43.03354070868241], [131.75365736076128, 43.033543661060996], [131.7536533362779, 43.033453714862546], [131.7537759476876, 43.033450762493196], [131.75377192304407, 43.03336081630226], [131.75389453425655, 43.03335786381093], [131.7538905094529, 43.0332679176275], [131.754139756626, 43.03335195843471], [131.75414780700342, 43.03353185075949], [131.75402519547066, 43.033534803531666], [131.75402922050856, 43.033624749700685], [131.75378399703018, 43.033630654869896]]]}, "properties": {"zone_id": "vladivostok-2026-06-27-343", "aoi": "vladivostok", "date": "2026-06-27", "scene_id": "S2B_MSIL2A_20260627T020649_R103_T52TGN_20260627T041901", "scene_datetime_utc": "2026-06-27T02:06:49.024000+00:00", "detection_status": "detected", "detection_status_ru": "обнаружено", "lon": 131.75392, "lat": 43.03346, "n_pixels": 3, "zone_area_km2": 0.001, "cover_m2": 11.8, "p_mean": 0.858, "p_max": 0.984, "cover_m2_km2": 11800.0, "h3": "88316c4519fffff", "valid_frac_scene": 0.998, "wind_ms": 2.0, "sea": "спокойное", "scene_reliable": true, "field_event_id": "S4:DOORS3:T23", "field_profile": "B", "field_date": "2024-06-10", "field_distance_km": 6978.7, "field_date_gap_days": 747, "field_conc_items_km2": 102.37, "conc_A_items_km2": null, "conc_A_lo80": null, "conc_A_hi80": null, "conc_A_lo95": null, "conc_A_hi95": null, "conc_A_status": "unavailable", "conc_A_status_ru": "концентрация недоступна", "conc_A_reasons": "вне бассейна профиля: nw_atlantic_subtropical", "conc_A_model": "conc-A-c6bce5631d2b", "conc_B_items_km2": null, "conc_B_lo80": null, "conc_B_hi80": null, "conc_B_lo95": null, "conc_B_hi95": null, "conc_B_status": "unavailable", "conc_B_status_ru": "концентрация недоступна", "conc_B_reasons": "вне бассейна профиля: black_sea", "conc_B_model": "conc-B-c6bce5631d2b"}}, {"type": "Feature", "geometry": {"type": "Polygon", "coordinates": [[[131.62342198335426, 43.03345375722796], [131.62341814908697, 43.03336380140844], [131.62329552472508, 43.033366614110896], [131.62329169065418, 43.03327665828089], [131.62341431483736, 43.03327384558723], [131.62341048060537, 43.03318388976432], [131.62365572856135, 43.03317826400089], [131.62365956315077, 43.033268219806224], [131.623782187281, 43.033265406718854], [131.62378602206675, 43.03335536251368], [131.6236633977578, 43.03335817560984], [131.62366723238256, 43.03344813141176], [131.62342198335426, 43.03345375722796]]]}, "properties": {"zone_id": "vladivostok-2026-06-27-344", "aoi": "vladivostok", "date": "2026-06-27", "scene_id": "S2B_MSIL2A_20260627T020649_R103_T52TGN_20260627T041901", "scene_datetime_utc": "2026-06-27T02:06:49.024000+00:00", "detection_status": "detected", "detection_status_ru": "обнаружено", "lon": 131.62354, "lat": 43.03332, "n_pixels": 2, "zone_area_km2": 0.0008, "cover_m2": 7.5, "p_mean": 0.916, "p_max": 0.945, "cover_m2_km2": 9375.0, "h3": "88316c4f57fffff", "valid_frac_scene": 0.998, "wind_ms": 2.0, "sea": "спокойное", "scene_reliable": true, "field_event_id": "S4:DOORS3:T23", "field_profile": "B", "field_date": "2024-06-10", "field_distance_km": 6969.9, "field_date_gap_days": 747, "field_conc_items_km2": 102.37, "conc_A_items_km2": null, "conc_A_lo80": null, "conc_A_hi80": null, "conc_A_lo95": null, "conc_A_hi95": null, "conc_A_status": "unavailable", "conc_A_status_ru": "концентрация недоступна", "conc_A_reasons": "вне бассейна профиля: nw_atlantic_subtropical", "conc_A_model": "conc-A-c6bce5631d2b", "conc_B_items_km2": null, "conc_B_lo80": null, "conc_B_hi80": null, "conc_B_lo95": null, "conc_B_hi95": null, "conc_B_status": "unavailable", "conc_B_status_ru": "концентрация недоступна", "conc_B_reasons": "вне бассейна профиля: black_sea", "conc_B_model": "conc-B-c6bce5631d2b"}}, {"type": "Feature", "geometry": {"type": "MultiPolygon", "coordinates": [[[[131.9801793272431, 43.032276704798186], [131.97992980298045, 43.0321931659232], [131.97993415769147, 43.032283094320654], [131.9798115728856, 43.032286288885224], [131.97981592743818, 43.03237621729088], [131.98006545231647, 43.03245975639457], [131.98006109738688, 43.032369828010665], [131.98018368233113, 43.0323666331739], [131.9801793272431, 43.032276704798186]]], [[[131.98018803743923, 43.03245656154781], [131.98031062254196, 43.03245336656995], [131.9803149778486, 43.032543294932125], [131.98068273357205, 43.03253370918189], [131.98067837772993, 43.03244378084968], [131.98080096275248, 43.03244058534737], [131.98079660675194, 43.03235065702338], [131.98067402190787, 43.0323538525157], [131.98066966610585, 43.032263924179944], [131.98042014128953, 43.03218038639378], [131.98042449671456, 43.03227031475129], [131.98018368233113, 43.0323666331739], [131.98018803743923, 43.03245656154781]]]]}, "properties": {"zone_id": "vladivostok-2026-06-27-345", "aoi": "vladivostok", "date": "2026-06-27", "scene_id": "S2B_MSIL2A_20260627T020649_R103_T52TGN_20260627T041901", "scene_datetime_utc": "2026-06-27T02:06:49.024000+00:00", "detection_status": "detected", "detection_status_ru": "обнаружено", "lon": 131.98039, "lat": 43.03237, "n_pixels": 5, "zone_area_km2": 0.0017, "cover_m2": 36.5, "p_mean": 0.769, "p_max": 0.941, "cover_m2_km2": 21470.6, "h3": "88316c08b5fffff", "valid_frac_scene": 0.998, "wind_ms": 2.0, "sea": "спокойное", "scene_reliable": true, "field_event_id": "S4:DOORS3:T23", "field_profile": "B", "field_date": "2024-06-10", "field_distance_km": 6994.1, "field_date_gap_days": 747, "field_conc_items_km2": 102.37, "conc_A_items_km2": null, "conc_A_lo80": null, "conc_A_hi80": null, "conc_A_lo95": null, "conc_A_hi95": null, "conc_A_status": "unavailable", "conc_A_status_ru": "концентрация недоступна", "conc_A_reasons": "вне бассейна профиля: nw_atlantic_subtropical", "conc_A_model": "conc-A-c6bce5631d2b", "conc_B_items_km2": null, "conc_B_lo80": null, "conc_B_hi80": null, "conc_B_lo95": null, "conc_B_hi95": null, "conc_B_status": "unavailable", "conc_B_status_ru": "концентрация недоступна", "conc_B_reasons": "вне бассейна профиля: black_sea", "conc_B_model": "conc-B-c6bce5631d2b"}}, {"type": "Feature", "geometry": {"type": "Polygon", "coordinates": [[[131.97908041711133, 43.03239538198488], [131.97907606362972, 43.03230545351932], [131.9789534786836, 43.032308647166104], [131.97894912540053, 43.0322187186888], [131.9790717101681, 43.03221552505199], [131.97906735672657, 43.03212559658288], [131.97931687964325, 43.03220913738503], [131.97932123346183, 43.0322990658324], [131.97919864855578, 43.032302259741414], [131.97920300221588, 43.03239218819699], [131.97908041711133, 43.03239538198488]]]}, "properties": {"zone_id": "vladivostok-2026-06-27-346", "aoi": "vladivostok", "date": "2026-06-27", "scene_id": "S2B_MSIL2A_20260627T020649_R103_T52TGN_20260627T041901", "scene_datetime_utc": "2026-06-27T02:06:49.024000+00:00", "detection_status": "detected", "detection_status_ru": "обнаружено", "lon": 131.97914, "lat": 43.03226, "n_pixels": 1, "zone_area_km2": 0.0005, "cover_m2": 7.1, "p_mean": 0.58, "p_max": 0.58, "cover_m2_km2": 14200.0, "h3": "88316c08b5fffff", "valid_frac_scene": 0.998, "wind_ms": 2.0, "sea": "спокойное", "scene_reliable": true, "field_event_id": "S4:DOORS3:T23", "field_profile": "B", "field_date": "2024-06-10", "field_distance_km": 6994.0, "field_date_gap_days": 747, "field_conc_items_km2": 102.37, "conc_A_items_km2": null, "conc_A_lo80": null, "conc_A_hi80": null, "conc_A_lo95": null, "conc_A_hi95": null, "conc_A_status": "unavailable", "conc_A_status_ru": "концентрация недоступна", "conc_A_reasons": "вне бассейна профиля: nw_atlantic_subtropical", "conc_A_model": "conc-A-c6bce5631d2b", "conc_B_items_km2": null, "conc_B_lo80": null, "conc_B_hi80": null, "conc_B_lo95": null, "conc_B_hi95": null, "conc_B_status": "unavailable", "conc_B_status_ru": "концентрация недоступна", "conc_B_reasons": "вне бассейна профиля: black_sea", "conc_B_model": "conc-B-c6bce5631d2b"}}, {"type": "Feature", "geometry": {"type": "Polygon", "coordinates": [[[131.72733833457463, 43.032373488237944], [131.7273343486905, 43.0322835400395], [131.72721173689072, 43.03228646401792], [131.7272077512036, 43.03219651580862], [131.72733036282472, 43.03219359183934], [131.72732637697732, 43.032103643637434], [131.72757159980725, 43.03209779532355], [131.727575586012, 43.032187743507166], [131.7276981975781, 43.032184819144284], [131.72770218397983, 43.03227476731702], [131.72757957223507, 43.03227769168904], [131.72758355847648, 43.03236763986921], [131.72733833457463, 43.032373488237944]]]}, "properties": {"zone_id": "vladivostok-2026-06-27-347", "aoi": "vladivostok", "date": "2026-06-27", "scene_id": "S2B_MSIL2A_20260627T020649_R103_T52TGN_20260627T041901", "scene_datetime_utc": "2026-06-27T02:06:49.024000+00:00", "detection_status": "detected", "detection_status_ru": "обнаружено", "lon": 131.72745, "lat": 43.03224, "n_pixels": 2, "zone_area_km2": 0.0008, "cover_m2": 8.6, "p_mean": 0.596, "p_max": 0.627, "cover_m2_km2": 10750.0, "h3": "88316c4507fffff", "valid_frac_scene": 0.998, "wind_ms": 2.0, "sea": "спокойное", "scene_reliable": true, "field_event_id": "S4:DOORS3:T23", "field_profile": "B", "field_date": "2024-06-10", "field_distance_km": 6977.0, "field_date_gap_days": 747, "field_conc_items_km2": 102.37, "conc_A_items_km2": null, "conc_A_lo80": null, "conc_A_hi80": null, "conc_A_lo95": null, "conc_A_hi95": null, "conc_A_status": "unavailable", "conc_A_status_ru": "концентрация недоступна", "conc_A_reasons": "вне бассейна профиля: nw_atlantic_subtropical", "conc_A_model": "conc-A-c6bce5631d2b", "conc_B_items_km2": null, "conc_B_lo80": null, "conc_B_hi80": null, "conc_B_lo95": null, "conc_B_hi95": null, "conc_B_status": "unavailable", "conc_B_status_ru": "концентрация недоступна", "conc_B_reasons": "вне бассейна профиля: black_sea", "conc_B_model": "conc-B-c6bce5631d2b"}}, {"type": "Feature", "geometry": {"type": "Polygon", "coordinates": [[[131.75176590270993, 43.03241862848312], [131.75176188114685, 43.03232868212391], [131.75163927176328, 43.03233163227424], [131.75163122904988, 43.0321517395322], [131.75175383807618, 43.0321487894003], [131.7517498165686, 43.03205884303592], [131.75199503420845, 43.032052942397016], [131.7519990560733, 43.032142888742946], [131.7521216650441, 43.03213993821748], [131.75212970918653, 43.03231983088575], [131.7520070998585, 43.03232278142966], [131.75201112177885, 43.03241272777043], [131.75176590270993, 43.03241862848312]]]}, "properties": {"zone_id": "vladivostok-2026-06-27-348", "aoi": "vladivostok", "date": "2026-06-27", "scene_id": "S2B_MSIL2A_20260627T020649_R103_T52TGN_20260627T041901", "scene_datetime_utc": "2026-06-27T02:06:49.024000+00:00", "detection_status": "detected", "detection_status_ru": "обнаружено", "lon": 131.75188, "lat": 43.03224, "n_pixels": 4, "zone_area_km2": 0.0012, "cover_m2": 23.1, "p_mean": 0.844, "p_max": 0.961, "cover_m2_km2": 19250.0, "h3": "88316c451dfffff", "valid_frac_scene": 0.998, "wind_ms": 2.0, "sea": "спокойное", "scene_reliable": true, "field_event_id": "S4:DOORS3:T23", "field_profile": "B", "field_date": "2024-06-10", "field_distance_km": 6978.7, "field_date_gap_days": 747, "field_conc_items_km2": 102.37, "conc_A_items_km2": null, "conc_A_lo80": null, "conc_A_hi80": null, "conc_A_lo95": null, "conc_A_hi95": null, "conc_A_status": "unavailable", "conc_A_status_ru": "концентрация недоступна", "conc_A_reasons": "вне бассейна профиля: nw_atlantic_subtropical", "conc_A_model": "conc-A-c6bce5631d2b", "conc_B_items_km2": null, "conc_B_lo80": null, "conc_B_hi80": null, "conc_B_lo95": null, "conc_B_hi95": null, "conc_B_status": "unavailable", "conc_B_status_ru": "концентрация недоступна", "conc_B_reasons": "вне бассейна профиля: black_sea", "conc_B_model": "conc-B-c6bce5631d2b"}}, {"type": "Feature", "geometry": {"type": "Polygon", "coordinates": [[[131.96017611677394, 43.03234608046374], [131.96017179090106, 43.03225615045521], [131.96004920395092, 43.0322593238508], [131.96004487827645, 43.03216939383058], [131.9601674650481, 43.03216622044491], [131.96016313921504, 43.03207629043284], [131.96041263853166, 43.0321598732802], [131.96041696474163, 43.032249803270666], [131.9602943778313, 43.0322529769285], [131.96029870388267, 43.03234290692711], [131.96017611677394, 43.03234608046374]]]}, "properties": {"zone_id": "vladivostok-2026-06-27-349", "aoi": "vladivostok", "date": "2026-06-27", "scene_id": "S2B_MSIL2A_20260627T020649_R103_T52TGN_20260627T041901", "scene_datetime_utc": "2026-06-27T02:06:49.024000+00:00", "detection_status": "detected", "detection_status_ru": "обнаружено", "lon": 131.96023, "lat": 43.03221, "n_pixels": 1, "zone_area_km2": 0.0005, "cover_m2": 5.5, "p_mean": 0.894, "p_max": 0.894, "cover_m2_km2": 11000.0, "h3": "88316c724dfffff", "valid_frac_scene": 0.998, "wind_ms": 2.0, "sea": "спокойное", "scene_reliable": true, "field_event_id": "S4:DOORS3:T23", "field_profile": "B", "field_date": "2024-06-10", "field_distance_km": 6992.8, "field_date_gap_days": 747, "field_conc_items_km2": 102.37, "conc_A_items_km2": null, "conc_A_lo80": null, "conc_A_hi80": null, "conc_A_lo95": null, "conc_A_hi95": null, "conc_A_status": "unavailable", "conc_A_status_ru": "концентрация недоступна", "conc_A_reasons": "вне бассейна профиля: nw_atlantic_subtropical", "conc_A_model": "conc-A-c6bce5631d2b", "conc_B_items_km2": null, "conc_B_lo80": null, "conc_B_hi80": null, "conc_B_lo95": null, "conc_B_hi95": null, "conc_B_status": "unavailable", "conc_B_status_ru": "концентрация недоступна", "conc_B_reasons": "вне бассейна профиля: black_sea", "conc_B_model": "conc-B-c6bce5631d2b"}}, {"type": "Feature", "geometry": {"type": "Polygon", "coordinates": [[[131.75075688514454, 43.03181260101921], [131.75075286514004, 43.03172265457417], [131.75063025685887, 43.031725603610454], [131.75062221726265, 43.03154571069676], [131.75074482518656, 43.03154276167892], [131.75074080523757, 43.03145281522871], [131.75098602067266, 43.031446916817906], [131.7509900409789, 43.03153686324967], [131.7511126488473, 43.03153391383826], [131.75112068987258, 43.03171380667819], [131.7509980816469, 43.03171675610804], [131.75100210200867, 43.03180670253465], [131.75075688514454, 43.03181260101921]]]}, "properties": {"zone_id": "vladivostok-2026-06-27-350", "aoi": "vladivostok", "date": "2026-06-27", "scene_id": "S2B_MSIL2A_20260627T020649_R103_T52TGN_20260627T041901", "scene_datetime_utc": "2026-06-27T02:06:49.024000+00:00", "detection_status": "detected", "detection_status_ru": "обнаружено", "lon": 131.75087, "lat": 43.03163, "n_pixels": 4, "zone_area_km2": 0.0012, "cover_m2": 14.9, "p_mean": 0.983, "p_max": 0.992, "cover_m2_km2": 12416.7, "h3": "88316c451dfffff", "valid_frac_scene": 0.998, "wind_ms": 2.0, "sea": "спокойное", "scene_reliable": true, "field_event_id": "S4:DOORS3:T23", "field_profile": "B", "field_date": "2024-06-10", "field_distance_km": 6978.7, "field_date_gap_days": 747, "field_conc_items_km2": 102.37, "conc_A_items_km2": null, "conc_A_lo80": null, "conc_A_hi80": null, "conc_A_lo95": null, "conc_A_hi95": null, "conc_A_status": "unavailable", "conc_A_status_ru": "концентрация недоступна", "conc_A_reasons": "вне бассейна профиля: nw_atlantic_subtropical", "conc_A_model": "conc-A-c6bce5631d2b", "conc_B_items_km2": null, "conc_B_lo80": null, "conc_B_hi80": null, "conc_B_lo95": null, "conc_B_hi95": null, "conc_B_status": "unavailable", "conc_B_status_ru": "концентрация недоступна", "conc_B_reasons": "вне бассейна профиля: black_sea", "conc_B_model": "conc-B-c6bce5631d2b"}}, {"type": "Feature", "geometry": {"type": "Polygon", "coordinates": [[[131.92429008841455, 43.03137855297478], [131.92428581508287, 43.03128862005042], [131.9241632261046, 43.03129175495158], [131.92415895297106, 43.03120182201566], [131.9242815417708, 43.031198687124295], [131.92427726847842, 43.03110875419642], [131.9245267193113, 43.03119241694817], [131.92453099298038, 43.0312823498547], [131.92440840404146, 43.031285485018124], [131.9244126775517, 43.031375417932686], [131.92429008841455, 43.03137855297478]]]}, "properties": {"zone_id": "vladivostok-2026-06-27-351", "aoi": "vladivostok", "date": "2026-06-27", "scene_id": "S2B_MSIL2A_20260627T020649_R103_T52TGN_20260627T041901", "scene_datetime_utc": "2026-06-27T02:06:49.024000+00:00", "detection_status": "detected", "detection_status_ru": "обнаружено", "lon": 131.92434, "lat": 43.03124, "n_pixels": 1, "zone_area_km2": 0.0005, "cover_m2": 3.9, "p_mean": 0.584, "p_max": 0.584, "cover_m2_km2": 7800.0, "h3": "88316c09b1fffff", "valid_frac_scene": 0.998, "wind_ms": 2.0, "sea": "спокойное", "scene_reliable": true, "field_event_id": "S4:DOORS3:T23", "field_profile": "B", "field_date": "2024-06-10", "field_distance_km": 6990.4, "field_date_gap_days": 747, "field_conc_items_km2": 102.37, "conc_A_items_km2": null, "conc_A_lo80": null, "conc_A_hi80": null, "conc_A_lo95": null, "conc_A_hi95": null, "conc_A_status": "unavailable", "conc_A_status_ru": "концентрация недоступна", "conc_A_reasons": "вне бассейна профиля: nw_atlantic_subtropical", "conc_A_model": "conc-A-c6bce5631d2b", "conc_B_items_km2": null, "conc_B_lo80": null, "conc_B_hi80": null, "conc_B_lo95": null, "conc_B_hi95": null, "conc_B_status": "unavailable", "conc_B_status_ru": "концентрация недоступна", "conc_B_reasons": "вне бассейна профиля: black_sea", "conc_B_model": "conc-B-c6bce5631d2b"}}, {"type": "Feature", "geometry": {"type": "Polygon", "coordinates": [[[131.63768797757163, 43.03123471319324], [131.6376841227673, 43.03114475836976], [131.6375615042285, 43.031147586240934], [131.6375576496206, 43.03105763140692], [131.63768026798067, 43.031054803544585], [131.6376764132118, 43.03096484871772], [131.63792550464765, 43.03104914742629], [131.63792935979166, 43.03113910223376], [131.63780674128836, 43.031141930367376], [131.63781059627138, 43.03123188518201], [131.63768797757163, 43.03123471319324]]]}, "properties": {"zone_id": "vladivostok-2026-06-27-352", "aoi": "vladivostok", "date": "2026-06-27", "scene_id": "S2B_MSIL2A_20260627T020649_R103_T52TGN_20260627T041901", "scene_datetime_utc": "2026-06-27T02:06:49.024000+00:00", "detection_status": "detected", "detection_status_ru": "обнаружено", "lon": 131.63774, "lat": 43.0311, "n_pixels": 1, "zone_area_km2": 0.0005, "cover_m2": 2.0, "p_mean": 0.604, "p_max": 0.604, "cover_m2_km2": 4000.0, "h3": "88316c4e2dfffff", "valid_frac_scene": 0.998, "wind_ms": 2.0, "sea": "спокойное", "scene_reliable": true, "field_event_id": "S4:DOORS3:T23", "field_profile": "B", "field_date": "2024-06-10", "field_distance_km": 6971.0, "field_date_gap_days": 747, "field_conc_items_km2": 102.37, "conc_A_items_km2": null, "conc_A_lo80": null, "conc_A_hi80": null, "conc_A_lo95": null, "conc_A_hi95": null, "conc_A_status": "unavailable", "conc_A_status_ru": "концентрация недоступна", "conc_A_reasons": "вне бассейна профиля: nw_atlantic_subtropical", "conc_A_model": "conc-A-c6bce5631d2b", "conc_B_items_km2": null, "conc_B_lo80": null, "conc_B_hi80": null, "conc_B_lo95": null, "conc_B_hi95": null, "conc_B_status": "unavailable", "conc_B_status_ru": "концентрация недоступна", "conc_B_reasons": "вне бассейна профиля: black_sea", "conc_B_model": "conc-B-c6bce5631d2b"}}, {"type": "Feature", "geometry": {"type": "Polygon", "coordinates": [[[131.70959886173569, 43.030904251520035], [131.70959490196097, 43.03081430197355], [131.70947229127992, 43.03081720686817], [131.70946833170208, 43.03072725731088], [131.70959094220447, 43.03072435242535], [131.70958698246622, 43.030634402875435], [131.70983616315456, 43.030718542260686], [131.70984012326832, 43.03080849179072], [131.70971751262377, 43.03081139694773], [131.70972147257714, 43.03090134648515], [131.70959886173569, 43.030904251520035]]]}, "properties": {"zone_id": "vladivostok-2026-06-27-353", "aoi": "vladivostok", "date": "2026-06-27", "scene_id": "S2B_MSIL2A_20260627T020649_R103_T52TGN_20260627T041901", "scene_datetime_utc": "2026-06-27T02:06:49.024000+00:00", "detection_status": "detected", "detection_status_ru": "обнаружено", "lon": 131.70965, "lat": 43.03077, "n_pixels": 1, "zone_area_km2": 0.0005, "cover_m2": 13.3, "p_mean": 0.757, "p_max": 0.757, "cover_m2_km2": 26600.0, "h3": "88316c4521fffff", "valid_frac_scene": 0.998, "wind_ms": 2.0, "sea": "спокойное", "scene_reliable": true, "field_event_id": "S4:DOORS3:T23", "field_profile": "B", "field_date": "2024-06-10", "field_distance_km": 6975.9, "field_date_gap_days": 747, "field_conc_items_km2": 102.37, "conc_A_items_km2": null, "conc_A_lo80": null, "conc_A_hi80": null, "conc_A_lo95": null, "conc_A_hi95": null, "conc_A_status": "unavailable", "conc_A_status_ru": "концентрация недоступна", "conc_A_reasons": "вне бассейна профиля: nw_atlantic_subtropical", "conc_A_model": "conc-A-c6bce5631d2b", "conc_B_items_km2": null, "conc_B_lo80": null, "conc_B_hi80": null, "conc_B_lo95": null, "conc_B_hi95": null, "conc_B_status": "unavailable", "conc_B_status_ru": "концентрация недоступна", "conc_B_reasons": "вне бассейна профиля: black_sea", "conc_B_model": "conc-B-c6bce5631d2b"}}, {"type": "Feature", "geometry": {"type": "Polygon", "coordinates": [[[131.63742732243753, 43.030880549447225], [131.6374234680615, 43.03079059459927], [131.637300850202, 43.030793422172636], [131.63729699602243, 43.03070346731416], [131.63741961370326, 43.03070063974964], [131.6374157593627, 43.03061068489829], [131.63766484901168, 43.03069498422694], [131.63766870372731, 43.0307849390589], [131.6375460859033, 43.03078776689469], [131.63754994045797, 43.0308777217338], [131.63742732243753, 43.030880549447225]]]}, "properties": {"zone_id": "vladivostok-2026-06-27-354", "aoi": "vladivostok", "date": "2026-06-27", "scene_id": "S2B_MSIL2A_20260627T020649_R103_T52TGN_20260627T041901", "scene_datetime_utc": "2026-06-27T02:06:49.024000+00:00", "detection_status": "detected", "detection_status_ru": "обнаружено", "lon": 131.63748, "lat": 43.03074, "n_pixels": 1, "zone_area_km2": 0.0005, "cover_m2": 2.4, "p_mean": 0.976, "p_max": 0.976, "cover_m2_km2": 4800.0, "h3": "88316c4e2dfffff", "valid_frac_scene": 0.998, "wind_ms": 2.0, "sea": "спокойное", "scene_reliable": true, "field_event_id": "S4:DOORS3:T23", "field_profile": "B", "field_date": "2024-06-10", "field_distance_km": 6971.0, "field_date_gap_days": 747, "field_conc_items_km2": 102.37, "conc_A_items_km2": null, "conc_A_lo80": null, "conc_A_hi80": null, "conc_A_lo95": null, "conc_A_hi95": null, "conc_A_status": "unavailable", "conc_A_status_ru": "концентрация недоступна", "conc_A_reasons": "вне бассейна профиля: nw_atlantic_subtropical", "conc_A_model": "conc-A-c6bce5631d2b", "conc_B_items_km2": null, "conc_B_lo80": null, "conc_B_hi80": null, "conc_B_lo95": null, "conc_B_hi95": null, "conc_B_status": "unavailable", "conc_B_status_ru": "концентрация недоступна", "conc_B_reasons": "вне бассейна профиля: black_sea", "conc_B_model": "conc-B-c6bce5631d2b"}}, {"type": "Feature", "geometry": {"type": "Polygon", "coordinates": [[[131.7716983560023, 43.03076671583048], [131.7716943055652, 43.030676770957555], [131.77157170153123, 43.03067974237042], [131.77156765129138, 43.03058979748648], [131.77169025514672, 43.03058682608291], [131.7716862047469, 43.03049688120654], [131.77193141204452, 43.03049093802447], [131.77193546280157, 43.03058088288227], [131.772058066601, 43.030577911085174], [131.7720621175553, 43.030667855931966], [131.77193951357722, 43.03067082773833], [131.77194356437155, 43.030760772592686], [131.7716983560023, 43.03076671583048]]]}, "properties": {"zone_id": "vladivostok-2026-06-27-355", "aoi": "vladivostok", "date": "2026-06-27", "scene_id": "S2B_MSIL2A_20260627T020649_R103_T52TGN_20260627T041901", "scene_datetime_utc": "2026-06-27T02:06:49.024000+00:00", "detection_status": "detected", "detection_status_ru": "обнаружено", "lon": 131.77181, "lat": 43.03063, "n_pixels": 2, "zone_area_km2": 0.0008, "cover_m2": 8.2, "p_mean": 0.945, "p_max": 0.98, "cover_m2_km2": 10250.0, "h3": "88316c4427fffff", "valid_frac_scene": 0.998, "wind_ms": 2.0, "sea": "спокойное", "scene_reliable": true, "field_event_id": "S4:DOORS3:T23", "field_profile": "B", "field_date": "2024-06-10", "field_distance_km": 6980.1, "field_date_gap_days": 747, "field_conc_items_km2": 102.37, "conc_A_items_km2": null, "conc_A_lo80": null, "conc_A_hi80": null, "conc_A_lo95": null, "conc_A_hi95": null, "conc_A_status": "unavailable", "conc_A_status_ru": "концентрация недоступна", "conc_A_reasons": "вне бассейна профиля: nw_atlantic_subtropical", "conc_A_model": "conc-A-c6bce5631d2b", "conc_B_items_km2": null, "conc_B_lo80": null, "conc_B_hi80": null, "conc_B_lo95": null, "conc_B_hi95": null, "conc_B_status": "unavailable", "conc_B_status_ru": "концентрация недоступна", "conc_B_reasons": "вне бассейна профиля: black_sea", "conc_B_model": "conc-B-c6bce5631d2b"}}, {"type": "Feature", "geometry": {"type": "Polygon", "coordinates": [[[131.7739052286406, 43.030713207800915], [131.7739011749885, 43.030623263095265], [131.7737785712902, 43.03062623686927], [131.77377046439926, 43.03044634743417], [131.77401161728815, 43.03035045509065], [131.77401567106287, 43.03044039979218], [131.77413827436666, 43.030437425774416], [131.7741463823292, 43.030617315153734], [131.7739052286406, 43.030713207800915]]]}, "properties": {"zone_id": "vladivostok-2026-06-27-356", "aoi": "vladivostok", "date": "2026-06-27", "scene_id": "S2B_MSIL2A_20260627T020649_R103_T52TGN_20260627T041901", "scene_datetime_utc": "2026-06-27T02:06:49.024000+00:00", "detection_status": "detected", "detection_status_ru": "обнаружено", "lon": 131.77396, "lat": 43.03053, "n_pixels": 2, "zone_area_km2": 0.0008, "cover_m2": 9.4, "p_mean": 0.794, "p_max": 0.851, "cover_m2_km2": 11750.0, "h3": "88316c4421fffff", "valid_frac_scene": 0.998, "wind_ms": 2.0, "sea": "спокойное", "scene_reliable": true, "field_event_id": "S4:DOORS3:T23", "field_profile": "B", "field_date": "2024-06-10", "field_distance_km": 6980.3, "field_date_gap_days": 747, "field_conc_items_km2": 102.37, "conc_A_items_km2": null, "conc_A_lo80": null, "conc_A_hi80": null, "conc_A_lo95": null, "conc_A_hi95": null, "conc_A_status": "unavailable", "conc_A_status_ru": "концентрация недоступна", "conc_A_reasons": "вне бассейна профиля: nw_atlantic_subtropical", "conc_A_model": "conc-A-c6bce5631d2b", "conc_B_items_km2": null, "conc_B_lo80": null, "conc_B_hi80": null, "conc_B_lo95": null, "conc_B_hi95": null, "conc_B_status": "unavailable", "conc_B_status_ru": "концентрация недоступна", "conc_B_reasons": "вне бассейна профиля: black_sea", "conc_B_model": "conc-B-c6bce5631d2b"}}, {"type": "Feature", "geometry": {"type": "Polygon", "coordinates": [[[131.77119578992804, 43.030508765996565], [131.7711917402613, 43.03041882108132], [131.77094248380632, 43.03033481773515], [131.77093843453406, 43.030244872797866], [131.7710610377682, 43.03024190208734], [131.77105698833594, 43.03015195715762], [131.7713021943911, 43.030146015361595], [131.77130624418055, 43.03023596027275], [131.77142884735878, 43.03023298916869], [131.7714369473508, 43.030412878967226], [131.77119578992804, 43.030508765996565]]]}, "properties": {"zone_id": "vladivostok-2026-06-27-357", "aoi": "vladivostok", "date": "2026-06-27", "scene_id": "S2B_MSIL2A_20260627T020649_R103_T52TGN_20260627T041901", "scene_datetime_utc": "2026-06-27T02:06:49.024000+00:00", "detection_status": "detected", "detection_status_ru": "обнаружено", "lon": 131.77121, "lat": 43.03031, "n_pixels": 3, "zone_area_km2": 0.001, "cover_m2": 10.6, "p_mean": 0.953, "p_max": 0.992, "cover_m2_km2": 10600.0, "h3": "88316c4427fffff", "valid_frac_scene": 0.998, "wind_ms": 2.0, "sea": "спокойное", "scene_reliable": true, "field_event_id": "S4:DOORS3:T23", "field_profile": "B", "field_date": "2024-06-10", "field_distance_km": 6980.1, "field_date_gap_days": 747, "field_conc_items_km2": 102.37, "conc_A_items_km2": null, "conc_A_lo80": null, "conc_A_hi80": null, "conc_A_lo95": null, "conc_A_hi95": null, "conc_A_status": "unavailable", "conc_A_status_ru": "концентрация недоступна", "conc_A_reasons": "вне бассейна профиля: nw_atlantic_subtropical", "conc_A_model": "conc-A-c6bce5631d2b", "conc_B_items_km2": null, "conc_B_lo80": null, "conc_B_hi80": null, "conc_B_lo95": null, "conc_B_hi95": null, "conc_B_status": "unavailable", "conc_B_status_ru": "концентрация недоступна", "conc_B_reasons": "вне бассейна профиля: black_sea", "conc_B_model": "conc-B-c6bce5631d2b"}}, {"type": "Feature", "geometry": {"type": "Polygon", "coordinates": [[[131.7735212046008, 43.03036234981277], [131.7735171515592, 43.03027240507234], [131.77339454851932, 43.03027537841563], [131.77338644284927, 43.03009548891095], [131.77326384014796, 43.03009846210449], [131.7732597875195, 43.03000851734028], [131.77338239004223, 43.03000554415603], [131.7733783372538, 43.02991559939938], [131.77362759503166, 43.029999597394024], [131.77363164819593, 43.030089542130355], [131.7737542508413, 43.030086568543304], [131.77376235758297, 43.0302664579922], [131.7735212046008, 43.03036234981277]]]}, "properties": {"zone_id": "vladivostok-2026-06-27-358", "aoi": "vladivostok", "date": "2026-06-27", "scene_id": "S2B_MSIL2A_20260627T020649_R103_T52TGN_20260627T041901", "scene_datetime_utc": "2026-06-27T02:06:49.024000+00:00", "detection_status": "detected", "detection_status_ru": "обнаружено", "lon": 131.77353, "lat": 43.03014, "n_pixels": 3, "zone_area_km2": 0.0011, "cover_m2": 14.1, "p_mean": 0.852, "p_max": 0.976, "cover_m2_km2": 12818.2, "h3": "88316c4427fffff", "valid_frac_scene": 0.998, "wind_ms": 2.0, "sea": "спокойное", "scene_reliable": true, "field_event_id": "S4:DOORS3:T23", "field_profile": "B", "field_date": "2024-06-10", "field_distance_km": 6980.3, "field_date_gap_days": 747, "field_conc_items_km2": 102.37, "conc_A_items_km2": null, "conc_A_lo80": null, "conc_A_hi80": null, "conc_A_lo95": null, "conc_A_hi95": null, "conc_A_status": "unavailable", "conc_A_status_ru": "концентрация недоступна", "conc_A_reasons": "вне бассейна профиля: nw_atlantic_subtropical", "conc_A_model": "conc-A-c6bce5631d2b", "conc_B_items_km2": null, "conc_B_lo80": null, "conc_B_hi80": null, "conc_B_lo95": null, "conc_B_hi95": null, "conc_B_status": "unavailable", "conc_B_status_ru": "концентрация недоступна", "conc_B_reasons": "вне бассейна профиля: black_sea", "conc_B_model": "conc-B-c6bce5631d2b"}}, {"type": "Feature", "geometry": {"type": "Polygon", "coordinates": [[[131.92264090623357, 43.03025016677997], [131.92263663547809, 43.03016023370536], [131.92251404856498, 43.03016336677459], [131.92250977800768, 43.03007343368843], [131.92263236474227, 43.030070300629], [131.9226280940261, 43.0299803675509], [131.92287326707932, 43.029974101058265], [131.9228775381525, 43.030064034116776], [131.92300012482815, 43.03006090066399], [131.9230043960995, 43.03015083371097], [131.92288180924535, 43.03015396717356], [131.92288608035784, 43.03024390022856], [131.92264090623357, 43.03025016677997]]]}, "properties": {"zone_id": "vladivostok-2026-06-27-359", "aoi": "vladivostok", "date": "2026-06-27", "scene_id": "S2B_MSIL2A_20260627T020649_R103_T52TGN_20260627T041901", "scene_datetime_utc": "2026-06-27T02:06:49.024000+00:00", "detection_status": "detected", "detection_status_ru": "обнаружено", "lon": 131.92276, "lat": 43.03011, "n_pixels": 2, "zone_area_km2": 0.0008, "cover_m2": 7.8, "p_mean": 0.698, "p_max": 0.725, "cover_m2_km2": 9750.0, "h3": "88316c09b1fffff", "valid_frac_scene": 0.998, "wind_ms": 2.0, "sea": "спокойное", "scene_reliable": true, "field_event_id": "S4:DOORS3:T23", "field_profile": "B", "field_date": "2024-06-10", "field_distance_km": 6990.4, "field_date_gap_days": 747, "field_conc_items_km2": 102.37, "conc_A_items_km2": null, "conc_A_lo80": null, "conc_A_hi80": null, "conc_A_lo95": null, "conc_A_hi95": null, "conc_A_status": "unavailable", "conc_A_status_ru": "концентрация недоступна", "conc_A_reasons": "вне бассейна профиля: nw_atlantic_subtropical", "conc_A_model": "conc-A-c6bce5631d2b", "conc_B_items_km2": null, "conc_B_lo80": null, "conc_B_hi80": null, "conc_B_lo95": null, "conc_B_hi95": null, "conc_B_status": "unavailable", "conc_B_status_ru": "концентрация недоступна", "conc_B_reasons": "вне бассейна профиля: black_sea", "conc_B_model": "conc-B-c6bce5631d2b"}}, {"type": "Feature", "geometry": {"type": "Polygon", "coordinates": [[[131.93196603633885, 43.030191533771095], [131.93196175197747, 43.03010160144549], [131.9318391662032, 43.030104744499376], [131.93183488204005, 43.03001481216218], [131.93195746763578, 43.0300116691181], [131.93195318331385, 43.029921736788964], [131.93220263876816, 43.030005382636624], [131.93220692346682, 43.03009531494434], [131.93208433773202, 43.03009845826046], [131.9320886222719, 43.03018839057625], [131.93196603633885, 43.030191533771095]]]}, "properties": {"zone_id": "vladivostok-2026-06-27-360", "aoi": "vladivostok", "date": "2026-06-27", "scene_id": "S2B_MSIL2A_20260627T020649_R103_T52TGN_20260627T041901", "scene_datetime_utc": "2026-06-27T02:06:49.024000+00:00", "detection_status": "detected", "detection_status_ru": "обнаружено", "lon": 131.93202, "lat": 43.03006, "n_pixels": 1, "zone_area_km2": 0.0005, "cover_m2": 7.1, "p_mean": 0.639, "p_max": 0.639, "cover_m2_km2": 14200.0, "h3": "88316c09bbfffff", "valid_frac_scene": 0.998, "wind_ms": 2.0, "sea": "спокойное", "scene_reliable": true, "field_event_id": "S4:DOORS3:T23", "field_profile": "B", "field_date": "2024-06-10", "field_distance_km": 6991.0, "field_date_gap_days": 747, "field_conc_items_km2": 102.37, "conc_A_items_km2": null, "conc_A_lo80": null, "conc_A_hi80": null, "conc_A_lo95": null, "conc_A_hi95": null, "conc_A_status": "unavailable", "conc_A_status_ru": "концентрация недоступна", "conc_A_reasons": "вне бассейна профиля: nw_atlantic_subtropical", "conc_A_model": "conc-A-c6bce5631d2b", "conc_B_items_km2": null, "conc_B_lo80": null, "conc_B_hi80": null, "conc_B_lo95": null, "conc_B_hi95": null, "conc_B_status": "unavailable", "conc_B_status_ru": "концентрация недоступна", "conc_B_reasons": "вне бассейна профиля: black_sea", "conc_B_model": "conc-B-c6bce5631d2b"}}, {"type": "Feature", "geometry": {"type": "Polygon", "coordinates": [[[131.96522076281585, 43.030054368347294], [131.96521642992434, 43.02996443871323], [131.9650938480947, 43.02996761737724], [131.96508951540164, 43.02987768773145], [131.9652120970528, 43.02987450907738], [131.96520776420118, 43.029784579439784], [131.96545726029535, 43.02986815137592], [131.96546159352388, 43.02995808099191], [131.96533901173407, 43.029961259918124], [131.96534334480404, 43.03005118954224], [131.96522076281585, 43.030054368347294]]]}, "properties": {"zone_id": "vladivostok-2026-06-27-361", "aoi": "vladivostok", "date": "2026-06-27", "scene_id": "S2B_MSIL2A_20260627T020649_R103_T52TGN_20260627T041901", "scene_datetime_utc": "2026-06-27T02:06:49.024000+00:00", "detection_status": "detected", "detection_status_ru": "обнаружено", "lon": 131.96528, "lat": 43.02992, "n_pixels": 1, "zone_area_km2": 0.0005, "cover_m2": 5.5, "p_mean": 0.686, "p_max": 0.686, "cover_m2_km2": 11000.0, "h3": "88316c724dfffff", "valid_frac_scene": 0.998, "wind_ms": 2.0, "sea": "спокойное", "scene_reliable": true, "field_event_id": "S4:DOORS3:T23", "field_profile": "B", "field_date": "2024-06-10", "field_distance_km": 6993.2, "field_date_gap_days": 747, "field_conc_items_km2": 102.37, "conc_A_items_km2": null, "conc_A_lo80": null, "conc_A_hi80": null, "conc_A_lo95": null, "conc_A_hi95": null, "conc_A_status": "unavailable", "conc_A_status_ru": "концентрация недоступна", "conc_A_reasons": "вне бассейна профиля: nw_atlantic_subtropical", "conc_A_model": "conc-A-c6bce5631d2b", "conc_B_items_km2": null, "conc_B_lo80": null, "conc_B_hi80": null, "conc_B_lo95": null, "conc_B_hi95": null, "conc_B_status": "unavailable", "conc_B_status_ru": "концентрация недоступна", "conc_B_reasons": "вне бассейна профиля: black_sea", "conc_B_model": "conc-B-c6bce5631d2b"}}, {"type": "Feature", "geometry": {"type": "Polygon", "coordinates": [[[131.9287659560606, 43.0300034130663], [131.92876167639943, 43.029913480480104], [131.9286390906484, 43.02991662009549], [131.92863481118545, 43.02982668749772], [131.92875739675796, 43.02982354789215], [131.92875311713615, 43.02973361530243], [131.9290025678439, 43.02981726828766], [131.9290068478424, 43.02990720085599], [131.92888426213077, 43.0299103407336], [131.92888854197042, 43.03000027330997], [131.9287659560606, 43.0300034130663]]]}, "properties": {"zone_id": "vladivostok-2026-06-27-362", "aoi": "vladivostok", "date": "2026-06-27", "scene_id": "S2B_MSIL2A_20260627T020649_R103_T52TGN_20260627T041901", "scene_datetime_utc": "2026-06-27T02:06:49.024000+00:00", "detection_status": "detected", "detection_status_ru": "обнаружено", "lon": 131.92882, "lat": 43.02987, "n_pixels": 1, "zone_area_km2": 0.0005, "cover_m2": 4.7, "p_mean": 0.863, "p_max": 0.863, "cover_m2_km2": 9400.0, "h3": "88316c09b1fffff", "valid_frac_scene": 0.998, "wind_ms": 2.0, "sea": "спокойное", "scene_reliable": true, "field_event_id": "S4:DOORS3:T23", "field_profile": "B", "field_date": "2024-06-10", "field_distance_km": 6990.8, "field_date_gap_days": 747, "field_conc_items_km2": 102.37, "conc_A_items_km2": null, "conc_A_lo80": null, "conc_A_hi80": null, "conc_A_lo95": null, "conc_A_hi95": null, "conc_A_status": "unavailable", "conc_A_status_ru": "концентрация недоступна", "conc_A_reasons": "вне бассейна профиля: nw_atlantic_subtropical", "conc_A_model": "conc-A-c6bce5631d2b", "conc_B_items_km2": null, "conc_B_lo80": null, "conc_B_hi80": null, "conc_B_lo95": null, "conc_B_hi95": null, "conc_B_status": "unavailable", "conc_B_status_ru": "концентрация недоступна", "conc_B_reasons": "вне бассейна профиля: black_sea", "conc_B_model": "conc-B-c6bce5631d2b"}}, {"type": "Feature", "geometry": {"type": "Polygon", "coordinates": [[[131.7728798236734, 43.02974760171932], [131.77287577165535, 43.029657656920314], [131.77275316977244, 43.02966062954271], [131.77274911795163, 43.02957068473268], [131.77287171965594, 43.02956771211959], [131.77286766767517, 43.02947776731714], [131.77311287067067, 43.02947182171602], [131.77311692300862, 43.029561766499896], [131.773239524657, 43.02955879349329], [131.77324357719218, 43.02964873826614], [131.77312097536523, 43.02965171128203], [131.7731250277405, 43.02974165606246], [131.7728798236734, 43.02974760171932]]]}, "properties": {"zone_id": "vladivostok-2026-06-27-363", "aoi": "vladivostok", "date": "2026-06-27", "scene_id": "S2B_MSIL2A_20260627T020649_R103_T52TGN_20260627T041901", "scene_datetime_utc": "2026-06-27T02:06:49.024000+00:00", "detection_status": "detected", "detection_status_ru": "обнаружено", "lon": 131.773, "lat": 43.02961, "n_pixels": 2, "zone_area_km2": 0.0008, "cover_m2": 6.3, "p_mean": 0.971, "p_max": 0.996, "cover_m2_km2": 7875.0, "h3": "88316c4427fffff", "valid_frac_scene": 0.998, "wind_ms": 2.0, "sea": "спокойное", "scene_reliable": true, "field_event_id": "S4:DOORS3:T23", "field_profile": "B", "field_date": "2024-06-10", "field_distance_km": 6980.3, "field_date_gap_days": 747, "field_conc_items_km2": 102.37, "conc_A_items_km2": null, "conc_A_lo80": null, "conc_A_hi80": null, "conc_A_lo95": null, "conc_A_hi95": null, "conc_A_status": "unavailable", "conc_A_status_ru": "концентрация недоступна", "conc_A_reasons": "вне бассейна профиля: nw_atlantic_subtropical", "conc_A_model": "conc-A-c6bce5631d2b", "conc_B_items_km2": null, "conc_B_lo80": null, "conc_B_hi80": null, "conc_B_lo95": null, "conc_B_hi95": null, "conc_B_status": "unavailable", "conc_B_status_ru": "концентрация недоступна", "conc_B_reasons": "вне бассейна профиля: black_sea", "conc_B_model": "conc-B-c6bce5631d2b"}}, {"type": "Feature", "geometry": {"type": "Polygon", "coordinates": [[[131.63638858529993, 43.029553842472595], [131.6363847326194, 43.029463887528486], [131.63626211729826, 43.029466713919525], [131.63625826481416, 43.02937675896487], [131.63638087995665, 43.02937393258267], [131.6363770273116, 43.02928397763517], [131.6366261101884, 43.02936827942462], [131.6366299632085, 43.02945823435275], [131.63650734792282, 43.029461061006224], [131.636511200782, 43.0295510159415], [131.63638858529993, 43.029553842472595]]]}, "properties": {"zone_id": "vladivostok-2026-06-27-364", "aoi": "vladivostok", "date": "2026-06-27", "scene_id": "S2B_MSIL2A_20260627T020649_R103_T52TGN_20260627T041901", "scene_datetime_utc": "2026-06-27T02:06:49.024000+00:00", "detection_status": "detected", "detection_status_ru": "обнаружено", "lon": 131.63644, "lat": 43.02942, "n_pixels": 1, "zone_area_km2": 0.0005, "cover_m2": 3.1, "p_mean": 0.855, "p_max": 0.855, "cover_m2_km2": 6200.0, "h3": "88316c4e25fffff", "valid_frac_scene": 0.998, "wind_ms": 2.0, "sea": "спокойное", "scene_reliable": true, "field_event_id": "S4:DOORS3:T23", "field_profile": "B", "field_date": "2024-06-10", "field_distance_km": 6971.1, "field_date_gap_days": 747, "field_conc_items_km2": 102.37, "conc_A_items_km2": null, "conc_A_lo80": null, "conc_A_hi80": null, "conc_A_lo95": null, "conc_A_hi95": null, "conc_A_status": "unavailable", "conc_A_status_ru": "концентрация недоступна", "conc_A_reasons": "вне бассейна профиля: nw_atlantic_subtropical", "conc_A_model": "conc-A-c6bce5631d2b", "conc_B_items_km2": null, "conc_B_lo80": null, "conc_B_hi80": null, "conc_B_lo95": null, "conc_B_hi95": null, "conc_B_status": "unavailable", "conc_B_status_ru": "концентрация недоступна", "conc_B_reasons": "вне бассейна профиля: black_sea", "conc_B_model": "conc-B-c6bce5631d2b"}}, {"type": "Feature", "geometry": {"type": "Polygon", "coordinates": [[[131.9289897279666, 43.02954747057212], [131.92898544804692, 43.02945753799674], [131.92886286322778, 43.0294606778253], [131.92885858350627, 43.029370745238346], [131.9289811681469, 43.029367605419615], [131.92897688826656, 43.029277672840735], [131.92922633736907, 43.029361325388805], [131.92923061762608, 43.029451257946306], [131.92910803284636, 43.02945439803708], [131.92911231294457, 43.02954433060264], [131.9289897279666, 43.02954747057212]]]}, "properties": {"zone_id": "vladivostok-2026-06-27-365", "aoi": "vladivostok", "date": "2026-06-27", "scene_id": "S2B_MSIL2A_20260627T020649_R103_T52TGN_20260627T041901", "scene_datetime_utc": "2026-06-27T02:06:49.024000+00:00", "detection_status": "detected", "detection_status_ru": "обнаружено", "lon": 131.92904, "lat": 43.02941, "n_pixels": 1, "zone_area_km2": 0.0005, "cover_m2": 7.1, "p_mean": 0.671, "p_max": 0.671, "cover_m2_km2": 14200.0, "h3": "88316c09b1fffff", "valid_frac_scene": 0.998, "wind_ms": 2.0, "sea": "спокойное", "scene_reliable": true, "field_event_id": "S4:DOORS3:T23", "field_profile": "B", "field_date": "2024-06-10", "field_distance_km": 6990.8, "field_date_gap_days": 747, "field_conc_items_km2": 102.37, "conc_A_items_km2": null, "conc_A_lo80": null, "conc_A_hi80": null, "conc_A_lo95": null, "conc_A_hi95": null, "conc_A_status": "unavailable", "conc_A_status_ru": "концентрация недоступна", "conc_A_reasons": "вне бассейна профиля: nw_atlantic_subtropical", "conc_A_model": "conc-A-c6bce5631d2b", "conc_B_items_km2": null, "conc_B_lo80": null, "conc_B_hi80": null, "conc_B_lo95": null, "conc_B_hi95": null, "conc_B_status": "unavailable", "conc_B_status_ru": "концентрация недоступна", "conc_B_reasons": "вне бассейна профиля: black_sea", "conc_B_model": "conc-B-c6bce5631d2b"}}, {"type": "Feature", "geometry": {"type": "Polygon", "coordinates": [[[131.63908612180836, 43.029491628477835], [131.63908226519695, 43.02940167372823], [131.6389596502661, 43.029404503006], [131.63895193745395, 43.029224593484], [131.63919330984638, 43.029128980086796], [131.6391971665832, 43.029218934832656], [131.63931978112117, 43.029216105310155], [131.6393274950054, 43.02939601477907], [131.63908612180836, 43.029491628477835]]]}, "properties": {"zone_id": "vladivostok-2026-06-27-366", "aoi": "vladivostok", "date": "2026-06-27", "scene_id": "S2B_MSIL2A_20260627T020649_R103_T52TGN_20260627T041901", "scene_datetime_utc": "2026-06-27T02:06:49.024000+00:00", "detection_status": "detected", "detection_status_ru": "обнаружено", "lon": 131.63914, "lat": 43.02931, "n_pixels": 2, "zone_area_km2": 0.0008, "cover_m2": 6.7, "p_mean": 0.69, "p_max": 0.714, "cover_m2_km2": 8375.0, "h3": "88316c4e25fffff", "valid_frac_scene": 0.998, "wind_ms": 2.0, "sea": "спокойное", "scene_reliable": true, "field_event_id": "S4:DOORS3:T23", "field_profile": "B", "field_date": "2024-06-10", "field_distance_km": 6971.2, "field_date_gap_days": 747, "field_conc_items_km2": 102.37, "conc_A_items_km2": null, "conc_A_lo80": null, "conc_A_hi80": null, "conc_A_lo95": null, "conc_A_hi95": null, "conc_A_status": "unavailable", "conc_A_status_ru": "концентрация недоступна", "conc_A_reasons": "вне бассейна профиля: nw_atlantic_subtropical", "conc_A_model": "conc-A-c6bce5631d2b", "conc_B_items_km2": null, "conc_B_lo80": null, "conc_B_hi80": null, "conc_B_lo95": null, "conc_B_hi95": null, "conc_B_status": "unavailable", "conc_B_status_ru": "концентрация недоступна", "conc_B_reasons": "вне бассейна профиля: black_sea", "conc_B_model": "conc-B-c6bce5631d2b"}}, {"type": "Feature", "geometry": {"type": "Polygon", "coordinates": [[[131.77249581161578, 43.02939673990297], [131.7724917602081, 43.029306795069175], [131.77236915898365, 43.029309767260884], [131.7723651077732, 43.02921982241609], [131.77248770881909, 43.02921685023366], [131.77248365744867, 43.02912690539643], [131.77273291085487, 43.029210905475324], [131.77273696260107, 43.029300850292266], [131.7726143614139, 43.02930382274631], [131.7726184130002, 43.0293937675708], [131.77249581161578, 43.02939673990297]]]}, "properties": {"zone_id": "vladivostok-2026-06-27-367", "aoi": "vladivostok", "date": "2026-06-27", "scene_id": "S2B_MSIL2A_20260627T020649_R103_T52TGN_20260627T041901", "scene_datetime_utc": "2026-06-27T02:06:49.024000+00:00", "detection_status": "detected", "detection_status_ru": "обнаружено", "lon": 131.77255, "lat": 43.02926, "n_pixels": 1, "zone_area_km2": 0.0005, "cover_m2": 5.5, "p_mean": 0.769, "p_max": 0.769, "cover_m2_km2": 11000.0, "h3": "88316c4427fffff", "valid_frac_scene": 0.998, "wind_ms": 2.0, "sea": "спокойное", "scene_reliable": true, "field_event_id": "S4:DOORS3:T23", "field_profile": "B", "field_date": "2024-06-10", "field_distance_km": 6980.3, "field_date_gap_days": 747, "field_conc_items_km2": 102.37, "conc_A_items_km2": null, "conc_A_lo80": null, "conc_A_hi80": null, "conc_A_lo95": null, "conc_A_hi95": null, "conc_A_status": "unavailable", "conc_A_status_ru": "концентрация недоступна", "conc_A_reasons": "вне бассейна профиля: nw_atlantic_subtropical", "conc_A_model": "conc-A-c6bce5631d2b", "conc_B_items_km2": null, "conc_B_lo80": null, "conc_B_hi80": null, "conc_B_lo95": null, "conc_B_hi95": null, "conc_B_status": "unavailable", "conc_B_status_ru": "концентрация недоступна", "conc_B_reasons": "вне бассейна профиля: black_sea", "conc_B_model": "conc-B-c6bce5631d2b"}}, {"type": "Feature", "geometry": {"type": "Polygon", "coordinates": [[[131.772103702399, 43.02886598691661], [131.77209965163894, 43.02877604204459], [131.77197705143013, 43.028779013787045], [131.77197300086732, 43.02868906890401], [131.77209560089756, 43.02868609717085], [131.7720915501748, 43.02859615229537], [131.77234080090207, 43.02868015331101], [131.77234485200066, 43.02877009816618], [131.77222225182913, 43.02877307017096], [131.77222630276776, 43.02886301503369], [131.772103702399, 43.02886598691661]]]}, "properties": {"zone_id": "vladivostok-2026-06-27-368", "aoi": "vladivostok", "date": "2026-06-27", "scene_id": "S2B_MSIL2A_20260627T020649_R103_T52TGN_20260627T041901", "scene_datetime_utc": "2026-06-27T02:06:49.024000+00:00", "detection_status": "detected", "detection_status_ru": "обнаружено", "lon": 131.77216, "lat": 43.02873, "n_pixels": 1, "zone_area_km2": 0.0005, "cover_m2": 3.1, "p_mean": 0.996, "p_max": 0.996, "cover_m2_km2": 6200.0, "h3": "88316c4427fffff", "valid_frac_scene": 0.998, "wind_ms": 2.0, "sea": "спокойное", "scene_reliable": true, "field_event_id": "S4:DOORS3:T23", "field_profile": "B", "field_date": "2024-06-10", "field_distance_km": 6980.3, "field_date_gap_days": 747, "field_conc_items_km2": 102.37, "conc_A_items_km2": null, "conc_A_lo80": null, "conc_A_hi80": null, "conc_A_lo95": null, "conc_A_hi95": null, "conc_A_status": "unavailable", "conc_A_status_ru": "концентрация недоступна", "conc_A_reasons": "вне бассейна профиля: nw_atlantic_subtropical", "conc_A_model": "conc-A-c6bce5631d2b", "conc_B_items_km2": null, "conc_B_lo80": null, "conc_B_hi80": null, "conc_B_lo95": null, "conc_B_hi95": null, "conc_B_status": "unavailable", "conc_B_status_ru": "концентрация недоступна", "conc_B_reasons": "вне бассейна профиля: black_sea", "conc_B_model": "conc-B-c6bce5631d2b"}}, {"type": "Feature", "geometry": {"type": "Polygon", "coordinates": [[[131.6354956141992, 43.02876402940148], [131.63549176292898, 43.02867407438024], [131.6353691490918, 43.028676899773274], [131.63536529801797, 43.028586944741505], [131.63548791167648, 43.02858411935731], [131.6354840604417, 43.02849416433268], [131.6357331389403, 43.02857846819528], [131.63573699055016, 43.028668423200536], [131.63561437674844, 43.028671248856], [131.63561822819733, 43.028761203868406], [131.6354956141992, 43.02876402940148]]]}, "properties": {"zone_id": "vladivostok-2026-06-27-369", "aoi": "vladivostok", "date": "2026-06-27", "scene_id": "S2B_MSIL2A_20260627T020649_R103_T52TGN_20260627T041901", "scene_datetime_utc": "2026-06-27T02:06:49.024000+00:00", "detection_status": "detected", "detection_status_ru": "обнаружено", "lon": 131.63555, "lat": 43.02863, "n_pixels": 1, "zone_area_km2": 0.0005, "cover_m2": 2.7, "p_mean": 0.686, "p_max": 0.686, "cover_m2_km2": 5400.0, "h3": "88316c4e25fffff", "valid_frac_scene": 0.998, "wind_ms": 2.0, "sea": "спокойное", "scene_reliable": true, "field_event_id": "S4:DOORS3:T23", "field_profile": "B", "field_date": "2024-06-10", "field_distance_km": 6971.0, "field_date_gap_days": 747, "field_conc_items_km2": 102.37, "conc_A_items_km2": null, "conc_A_lo80": null, "conc_A_hi80": null, "conc_A_lo95": null, "conc_A_hi95": null, "conc_A_status": "unavailable", "conc_A_status_ru": "концентрация недоступна", "conc_A_reasons": "вне бассейна профиля: nw_atlantic_subtropical", "conc_A_model": "conc-A-c6bce5631d2b", "conc_B_items_km2": null, "conc_B_lo80": null, "conc_B_hi80": null, "conc_B_lo95": null, "conc_B_hi95": null, "conc_B_status": "unavailable", "conc_B_status_ru": "концентрация недоступна", "conc_B_reasons": "вне бассейна профиля: black_sea", "conc_B_model": "conc-B-c6bce5631d2b"}}, {"type": "Feature", "geometry": {"type": "Polygon", "coordinates": [[[131.937168543426, 43.028617347338475], [131.937164251705, 43.028527415407474], [131.93704166963508, 43.02853056394189], [131.93703737811234, 43.02844063199929], [131.93715996000378, 43.02843748347471], [131.93715566832228, 43.02834755154016], [131.93740512372744, 43.02843118603223], [131.93740941578565, 43.02852111794531], [131.9372868337552, 43.02852426674194], [131.93729112565467, 43.02861419866311], [131.937168543426, 43.028617347338475]]]}, "properties": {"zone_id": "vladivostok-2026-06-27-370", "aoi": "vladivostok", "date": "2026-06-27", "scene_id": "S2B_MSIL2A_20260627T020649_R103_T52TGN_20260627T041901", "scene_datetime_utc": "2026-06-27T02:06:49.024000+00:00", "detection_status": "detected", "detection_status_ru": "обнаружено", "lon": 131.93722, "lat": 43.02848, "n_pixels": 1, "zone_area_km2": 0.0005, "cover_m2": 5.1, "p_mean": 0.682, "p_max": 0.682, "cover_m2_km2": 10200.0, "h3": "88316c09bbfffff", "valid_frac_scene": 0.998, "wind_ms": 2.0, "sea": "спокойное", "scene_reliable": true, "field_event_id": "S4:DOORS3:T23", "field_profile": "B", "field_date": "2024-06-10", "field_distance_km": 6991.4, "field_date_gap_days": 747, "field_conc_items_km2": 102.37, "conc_A_items_km2": null, "conc_A_lo80": null, "conc_A_hi80": null, "conc_A_lo95": null, "conc_A_hi95": null, "conc_A_status": "unavailable", "conc_A_status_ru": "концентрация недоступна", "conc_A_reasons": "вне бассейна профиля: nw_atlantic_subtropical", "conc_A_model": "conc-A-c6bce5631d2b", "conc_B_items_km2": null, "conc_B_lo80": null, "conc_B_hi80": null, "conc_B_lo95": null, "conc_B_hi95": null, "conc_B_status": "unavailable", "conc_B_status_ru": "концентрация недоступна", "conc_B_reasons": "вне бассейна профиля: black_sea", "conc_B_model": "conc-B-c6bce5631d2b"}}, {"type": "Feature", "geometry": {"type": "Polygon", "coordinates": [[[131.97877065803897, 43.02853164959235], [131.97876630559708, 43.02844172104057], [131.97864372830537, 43.028444914127085], [131.97863937606198, 43.02835498556355], [131.9787619531752, 43.02835179248701], [131.97875760077335, 43.028261863931675], [131.97900710734154, 43.02834540594066], [131.97901146012032, 43.02843533447427], [131.97888888286872, 43.028438527822956], [131.97889323548907, 43.028528456364775], [131.97877065803897, 43.02853164959235]]]}, "properties": {"zone_id": "vladivostok-2026-06-27-371", "aoi": "vladivostok", "date": "2026-06-27", "scene_id": "S2B_MSIL2A_20260627T020649_R103_T52TGN_20260627T041901", "scene_datetime_utc": "2026-06-27T02:06:49.024000+00:00", "detection_status": "detected", "detection_status_ru": "обнаружено", "lon": 131.97883, "lat": 43.0284, "n_pixels": 1, "zone_area_km2": 0.0005, "cover_m2": 3.1, "p_mean": 0.537, "p_max": 0.537, "cover_m2_km2": 6200.0, "h3": "88316c08b5fffff", "valid_frac_scene": 0.998, "wind_ms": 2.0, "sea": "спокойное", "scene_reliable": true, "field_event_id": "S4:DOORS3:T23", "field_profile": "B", "field_date": "2024-06-10", "field_distance_km": 6994.2, "field_date_gap_days": 747, "field_conc_items_km2": 102.37, "conc_A_items_km2": null, "conc_A_lo80": null, "conc_A_hi80": null, "conc_A_lo95": null, "conc_A_hi95": null, "conc_A_status": "unavailable", "conc_A_status_ru": "концентрация недоступна", "conc_A_reasons": "вне бассейна профиля: nw_atlantic_subtropical", "conc_A_model": "conc-A-c6bce5631d2b", "conc_B_items_km2": null, "conc_B_lo80": null, "conc_B_hi80": null, "conc_B_lo95": null, "conc_B_hi95": null, "conc_B_status": "unavailable", "conc_B_status_ru": "концентрация недоступна", "conc_B_reasons": "вне бассейна профиля: black_sea", "conc_B_model": "conc-B-c6bce5631d2b"}}, {"type": "Feature", "geometry": {"type": "Polygon", "coordinates": [[[131.96046746269576, 43.028196605132244], [131.96046313702453, 43.028106675082014], [131.96034055836438, 43.02810984854577], [131.9603362328915, 43.02801991848386], [131.9604588113732, 43.02801674503001], [131.9604544857418, 43.02792681497624], [131.9607039682769, 43.02801039772903], [131.96070829428515, 43.02810032776119], [131.96058571566482, 43.02810350148715], [131.9605900415145, 43.028193431527455], [131.96046746269576, 43.028196605132244]]]}, "properties": {"zone_id": "vladivostok-2026-06-27-372", "aoi": "vladivostok", "date": "2026-06-27", "scene_id": "S2B_MSIL2A_20260627T020649_R103_T52TGN_20260627T041901", "scene_datetime_utc": "2026-06-27T02:06:49.024000+00:00", "detection_status": "detected", "detection_status_ru": "обнаружено", "lon": 131.96052, "lat": 43.02806, "n_pixels": 1, "zone_area_km2": 0.0005, "cover_m2": 13.3, "p_mean": 0.906, "p_max": 0.906, "cover_m2_km2": 26600.0, "h3": "88316c724dfffff", "valid_frac_scene": 0.998, "wind_ms": 2.0, "sea": "спокойное", "scene_reliable": true, "field_event_id": "S4:DOORS3:T23", "field_profile": "B", "field_date": "2024-06-10", "field_distance_km": 6993.0, "field_date_gap_days": 747, "field_conc_items_km2": 102.37, "conc_A_items_km2": null, "conc_A_lo80": null, "conc_A_hi80": null, "conc_A_lo95": null, "conc_A_hi95": null, "conc_A_status": "unavailable", "conc_A_status_ru": "концентрация недоступна", "conc_A_reasons": "вне бассейна профиля: nw_atlantic_subtropical", "conc_A_model": "conc-A-c6bce5631d2b", "conc_B_items_km2": null, "conc_B_lo80": null, "conc_B_hi80": null, "conc_B_lo95": null, "conc_B_hi95": null, "conc_B_status": "unavailable", "conc_B_status_ru": "концентрация недоступна", "conc_B_reasons": "вне бассейна профиля: black_sea", "conc_B_model": "conc-B-c6bce5631d2b"}}, {"type": "Feature", "geometry": {"type": "Polygon", "coordinates": [[[131.63877533766666, 43.027968055644905], [131.63877148171434, 43.027878100848746], [131.63864886978536, 43.02788092971372], [131.63864115829128, 43.02770102009862], [131.63888252533908, 43.02760540748042], [131.63888638141685, 43.02769536227284], [131.63900899295302, 43.02769253316312], [131.63901670551905, 43.02787244272517], [131.63877533766666, 43.027968055644905]]]}, "properties": {"zone_id": "vladivostok-2026-06-27-373", "aoi": "vladivostok", "date": "2026-06-27", "scene_id": "S2B_MSIL2A_20260627T020649_R103_T52TGN_20260627T041901", "scene_datetime_utc": "2026-06-27T02:06:49.024000+00:00", "detection_status": "detected", "detection_status_ru": "обнаружено", "lon": 131.63883, "lat": 43.02779, "n_pixels": 2, "zone_area_km2": 0.0008, "cover_m2": 9.0, "p_mean": 0.641, "p_max": 0.745, "cover_m2_km2": 11250.0, "h3": "88316c4e25fffff", "valid_frac_scene": 0.998, "wind_ms": 2.0, "sea": "спокойное", "scene_reliable": true, "field_event_id": "S4:DOORS3:T23", "field_profile": "B", "field_date": "2024-06-10", "field_distance_km": 6971.3, "field_date_gap_days": 747, "field_conc_items_km2": 102.37, "conc_A_items_km2": null, "conc_A_lo80": null, "conc_A_hi80": null, "conc_A_lo95": null, "conc_A_hi95": null, "conc_A_status": "unavailable", "conc_A_status_ru": "концентрация недоступна", "conc_A_reasons": "вне бассейна профиля: nw_atlantic_subtropical", "conc_A_model": "conc-A-c6bce5631d2b", "conc_B_items_km2": null, "conc_B_lo80": null, "conc_B_hi80": null, "conc_B_lo95": null, "conc_B_hi95": null, "conc_B_status": "unavailable", "conc_B_status_ru": "концентрация недоступна", "conc_B_reasons": "вне бассейна профиля: black_sea", "conc_B_model": "conc-B-c6bce5631d2b"}}, {"type": "Feature", "geometry": {"type": "Polygon", "coordinates": [[[131.64846550810756, 43.02783411409594], [131.64846163802343, 43.02774416000146], [131.64833902732033, 43.02774699924052], [131.64833128756283, 43.027567091028736], [131.6485726380273, 43.02747145836423], [131.64857650823663, 43.02756141245493], [131.64869911854683, 43.02755857297122], [131.64870685937623, 43.02773848112973], [131.64846550810756, 43.02783411409594]]]}, "properties": {"zone_id": "vladivostok-2026-06-27-374", "aoi": "vladivostok", "date": "2026-06-27", "scene_id": "S2B_MSIL2A_20260627T020649_R103_T52TGN_20260627T041901", "scene_datetime_utc": "2026-06-27T02:06:49.024000+00:00", "detection_status": "detected", "detection_status_ru": "обнаружено", "lon": 131.64852, "lat": 43.02765, "n_pixels": 2, "zone_area_km2": 0.0008, "cover_m2": 3.9, "p_mean": 0.718, "p_max": 0.875, "cover_m2_km2": 4875.0, "h3": "88316c4e21fffff", "valid_frac_scene": 0.998, "wind_ms": 2.0, "sea": "спокойное", "scene_reliable": true, "field_event_id": "S4:DOORS3:T23", "field_profile": "B", "field_date": "2024-06-10", "field_distance_km": 6972.0, "field_date_gap_days": 747, "field_conc_items_km2": 102.37, "conc_A_items_km2": null, "conc_A_lo80": null, "conc_A_hi80": null, "conc_A_lo95": null, "conc_A_hi95": null, "conc_A_status": "unavailable", "conc_A_status_ru": "концентрация недоступна", "conc_A_reasons": "вне бассейна профиля: nw_atlantic_subtropical", "conc_A_model": "conc-A-c6bce5631d2b", "conc_B_items_km2": null, "conc_B_lo80": null, "conc_B_hi80": null, "conc_B_lo95": null, "conc_B_hi95": null, "conc_B_status": "unavailable", "conc_B_status_ru": "концентрация недоступна", "conc_B_reasons": "вне бассейна профиля: black_sea", "conc_B_model": "conc-B-c6bce5631d2b"}}, {"type": "Feature", "geometry": {"type": "Polygon", "coordinates": [[[131.918717013801, 43.02773916258192], [131.9187127491485, 43.02764922915292], [131.91859016680317, 43.02765235787375], [131.9185859023488, 43.027562424433206], [131.91870848451563, 43.02755929572216], [131.9187042199024, 43.02746936228965], [131.91882680187118, 43.02746623345726], [131.91882253709906, 43.02737630003275], [131.91907196574982, 43.02745997539916], [131.9190762308985, 43.027549908802335], [131.9189536487905, 43.02755303790672], [131.91895791378033, 43.02764297131793], [131.918717013801, 43.02773916258192]]]}, "properties": {"zone_id": "vladivostok-2026-06-27-375", "aoi": "vladivostok", "date": "2026-06-27", "scene_id": "S2B_MSIL2A_20260627T020649_R103_T52TGN_20260627T041901", "scene_datetime_utc": "2026-06-27T02:06:49.024000+00:00", "detection_status": "detected", "detection_status_ru": "обнаружено", "lon": 131.91883, "lat": 43.02756, "n_pixels": 2, "zone_area_km2": 0.0008, "cover_m2": 7.8, "p_mean": 0.743, "p_max": 0.784, "cover_m2_km2": 9750.0, "h3": "88316c09b5fffff", "valid_frac_scene": 0.998, "wind_ms": 2.0, "sea": "спокойное", "scene_reliable": true, "field_event_id": "S4:DOORS3:T23", "field_profile": "B", "field_date": "2024-06-10", "field_distance_km": 6990.2, "field_date_gap_days": 747, "field_conc_items_km2": 102.37, "conc_A_items_km2": null, "conc_A_lo80": null, "conc_A_hi80": null, "conc_A_lo95": null, "conc_A_hi95": null, "conc_A_status": "unavailable", "conc_A_status_ru": "концентрация недоступна", "conc_A_reasons": "вне бассейна профиля: nw_atlantic_subtropical", "conc_A_model": "conc-A-c6bce5631d2b", "conc_B_items_km2": null, "conc_B_lo80": null, "conc_B_hi80": null, "conc_B_lo95": null, "conc_B_hi95": null, "conc_B_status": "unavailable", "conc_B_status_ru": "концентрация недоступна", "conc_B_reasons": "вне бассейна профиля: black_sea", "conc_B_model": "conc-B-c6bce5631d2b"}}, {"type": "Feature", "geometry": {"type": "Polygon", "coordinates": [[[131.95858987179503, 43.02743482161776], [131.95858554897984, 43.027344891402876], [131.9584629716274, 43.02734806281095], [131.95845864901054, 43.02725813258438], [131.95858122618452, 43.027254961186216], [131.95857690340912, 43.027165030967794], [131.9588263804728, 43.027248617996605], [131.95883070362504, 43.02733854819344], [131.9587081263124, 43.027341719863706], [131.95871244930603, 43.02743165006868], [131.95858987179503, 43.02743482161776]]]}, "properties": {"zone_id": "vladivostok-2026-06-27-376", "aoi": "vladivostok", "date": "2026-06-27", "scene_id": "S2B_MSIL2A_20260627T020649_R103_T52TGN_20260627T041901", "scene_datetime_utc": "2026-06-27T02:06:49.024000+00:00", "detection_status": "detected", "detection_status_ru": "обнаружено", "lon": 131.95864, "lat": 43.0273, "n_pixels": 1, "zone_area_km2": 0.0005, "cover_m2": 4.7, "p_mean": 0.561, "p_max": 0.561, "cover_m2_km2": 9400.0, "h3": "88316c0993fffff", "valid_frac_scene": 0.998, "wind_ms": 2.0, "sea": "спокойное", "scene_reliable": true, "field_event_id": "S4:DOORS3:T23", "field_profile": "B", "field_date": "2024-06-10", "field_distance_km": 6993.0, "field_date_gap_days": 747, "field_conc_items_km2": 102.37, "conc_A_items_km2": null, "conc_A_lo80": null, "conc_A_hi80": null, "conc_A_lo95": null, "conc_A_hi95": null, "conc_A_status": "unavailable", "conc_A_status_ru": "концентрация недоступна", "conc_A_reasons": "вне бассейна профиля: nw_atlantic_subtropical", "conc_A_model": "conc-A-c6bce5631d2b", "conc_B_items_km2": null, "conc_B_lo80": null, "conc_B_hi80": null, "conc_B_lo95": null, "conc_B_hi95": null, "conc_B_status": "unavailable", "conc_B_status_ru": "концентрация недоступна", "conc_B_reasons": "вне бассейна профиля: black_sea", "conc_B_model": "conc-B-c6bce5631d2b"}}, {"type": "Feature", "geometry": {"type": "Polygon", "coordinates": [[[131.9168612261006, 43.02742634546123], [131.9168569642039, 43.027336411878544], [131.91673438227824, 43.027339538593615], [131.91673012057967, 43.0272496049994], [131.91685270232685, 43.027246478294096], [131.91684844046935, 43.02715654470789], [131.91709786576232, 43.02724022449018], [131.91710212799634, 43.027330158055065], [131.91697954610993, 43.027333285032356], [131.91698380818508, 43.02742321860527], [131.9168612261006, 43.02742634546123]]]}, "properties": {"zone_id": "vladivostok-2026-06-27-377", "aoi": "vladivostok", "date": "2026-06-27", "scene_id": "S2B_MSIL2A_20260627T020649_R103_T52TGN_20260627T041901", "scene_datetime_utc": "2026-06-27T02:06:49.024000+00:00", "detection_status": "detected", "detection_status_ru": "обнаружено", "lon": 131.91692, "lat": 43.02729, "n_pixels": 1, "zone_area_km2": 0.0005, "cover_m2": 4.3, "p_mean": 0.922, "p_max": 0.922, "cover_m2_km2": 8600.0, "h3": "88316c09b5fffff", "valid_frac_scene": 0.998, "wind_ms": 2.0, "sea": "спокойное", "scene_reliable": true, "field_event_id": "S4:DOORS3:T23", "field_profile": "B", "field_date": "2024-06-10", "field_distance_km": 6990.1, "field_date_gap_days": 747, "field_conc_items_km2": 102.37, "conc_A_items_km2": null, "conc_A_lo80": null, "conc_A_hi80": null, "conc_A_lo95": null, "conc_A_hi95": null, "conc_A_status": "unavailable", "conc_A_status_ru": "концентрация недоступна", "conc_A_reasons": "вне бассейна профиля: nw_atlantic_subtropical", "conc_A_model": "conc-A-c6bce5631d2b", "conc_B_items_km2": null, "conc_B_lo80": null, "conc_B_hi80": null, "conc_B_lo95": null, "conc_B_hi95": null, "conc_B_status": "unavailable", "conc_B_status_ru": "концентрация недоступна", "conc_B_reasons": "вне бассейна профиля: black_sea", "conc_B_model": "conc-B-c6bce5631d2b"}}, {"type": "Feature", "geometry": {"type": "Polygon", "coordinates": [[[131.62817302468153, 43.02686152571747], [131.6281691843596, 43.026771570136766], [131.62804657358743, 43.02677438758561], [131.62804273346183, 43.026684431994404], [131.62816534405536, 43.02668161455438], [131.6281615037688, 43.02659165897028], [131.6284105651894, 43.026675979280704], [131.62841440585095, 43.02676593484548], [131.6282917951141, 43.026768752556734], [131.62829563561468, 43.02685870812863], [131.62817302468153, 43.02686152571747]]]}, "properties": {"zone_id": "vladivostok-2026-06-27-378", "aoi": "vladivostok", "date": "2026-06-27", "scene_id": "S2B_MSIL2A_20260627T020649_R103_T52TGN_20260627T041901", "scene_datetime_utc": "2026-06-27T02:06:49.024000+00:00", "detection_status": "detected", "detection_status_ru": "обнаружено", "lon": 131.62823, "lat": 43.02673, "n_pixels": 1, "zone_area_km2": 0.0005, "cover_m2": 2.4, "p_mean": 0.545, "p_max": 0.545, "cover_m2_km2": 4800.0, "h3": "88316c4f19fffff", "valid_frac_scene": 0.998, "wind_ms": 2.0, "sea": "спокойное", "scene_reliable": true, "field_event_id": "S4:DOORS3:T23", "field_profile": "B", "field_date": "2024-06-10", "field_distance_km": 6970.7, "field_date_gap_days": 747, "field_conc_items_km2": 102.37, "conc_A_items_km2": null, "conc_A_lo80": null, "conc_A_hi80": null, "conc_A_lo95": null, "conc_A_hi95": null, "conc_A_status": "unavailable", "conc_A_status_ru": "концентрация недоступна", "conc_A_reasons": "вне бассейна профиля: nw_atlantic_subtropical", "conc_A_model": "conc-A-c6bce5631d2b", "conc_B_items_km2": null, "conc_B_lo80": null, "conc_B_hi80": null, "conc_B_lo95": null, "conc_B_hi95": null, "conc_B_status": "unavailable", "conc_B_status_ru": "концентрация недоступна", "conc_B_reasons": "вне бассейна профиля: black_sea", "conc_B_model": "conc-B-c6bce5631d2b"}}, {"type": "Feature", "geometry": {"type": "Polygon", "coordinates": [[[131.9233196080364, 43.02645104378641], [131.92331533685686, 43.026361110706446], [131.923192757578, 43.02636424428211], [131.9231884865966, 43.0262743111906], [131.92331106569696, 43.02627117762473], [131.92330679455674, 43.026181244541235], [131.92355195234163, 43.02617497703576], [131.9235562238388, 43.026264910099655], [131.9236788028802, 43.02626177614049], [131.9236830745755, 43.02635170919281], [131.92356049535562, 43.02635484316179], [131.9235647668921, 43.02644477622217], [131.9233196080364, 43.02645104378641]]]}, "properties": {"zone_id": "vladivostok-2026-06-27-379", "aoi": "vladivostok", "date": "2026-06-27", "scene_id": "S2B_MSIL2A_20260627T020649_R103_T52TGN_20260627T041901", "scene_datetime_utc": "2026-06-27T02:06:49.024000+00:00", "detection_status": "detected", "detection_status_ru": "обнаружено", "lon": 131.92344, "lat": 43.02631, "n_pixels": 2, "zone_area_km2": 0.0008, "cover_m2": 24.3, "p_mean": 0.984, "p_max": 0.992, "cover_m2_km2": 30375.0, "h3": "88316c09b1fffff", "valid_frac_scene": 0.998, "wind_ms": 2.0, "sea": "спокойное", "scene_reliable": true, "field_event_id": "S4:DOORS3:T23", "field_profile": "B", "field_date": "2024-06-10", "field_distance_km": 6990.6, "field_date_gap_days": 747, "field_conc_items_km2": 102.37, "conc_A_items_km2": null, "conc_A_lo80": null, "conc_A_hi80": null, "conc_A_lo95": null, "conc_A_hi95": null, "conc_A_status": "unavailable", "conc_A_status_ru": "концентрация недоступна", "conc_A_reasons": "вне бассейна профиля: nw_atlantic_subtropical", "conc_A_model": "conc-A-c6bce5631d2b", "conc_B_items_km2": null, "conc_B_lo80": null, "conc_B_hi80": null, "conc_B_lo95": null, "conc_B_hi95": null, "conc_B_status": "unavailable", "conc_B_status_ru": "концентрация недоступна", "conc_B_reasons": "вне бассейна профиля: black_sea", "conc_B_model": "conc-B-c6bce5631d2b"}}, {"type": "Feature", "geometry": {"type": "Polygon", "coordinates": [[[131.91975199784576, 43.02627206443975], [131.91974773190094, 43.02618213107064], [131.91962515258797, 43.02618526081494], [131.91962088684124, 43.026095327434284], [131.91974346597578, 43.02609219769976], [131.9197392000702, 43.02600226432711], [131.91998862418595, 43.02608593783741], [131.91999289046808, 43.02617587118872], [131.91987031119433, 43.02617900119523], [131.91987457731761, 43.026268934554565], [131.91975199784576, 43.02627206443975]]]}, "properties": {"zone_id": "vladivostok-2026-06-27-380", "aoi": "vladivostok", "date": "2026-06-27", "scene_id": "S2B_MSIL2A_20260627T020649_R103_T52TGN_20260627T041901", "scene_datetime_utc": "2026-06-27T02:06:49.024000+00:00", "detection_status": "detected", "detection_status_ru": "обнаружено", "lon": 131.91981, "lat": 43.02614, "n_pixels": 1, "zone_area_km2": 0.0005, "cover_m2": 4.3, "p_mean": 0.71, "p_max": 0.71, "cover_m2_km2": 8600.0, "h3": "88316c09b5fffff", "valid_frac_scene": 0.998, "wind_ms": 2.0, "sea": "спокойное", "scene_reliable": true, "field_event_id": "S4:DOORS3:T23", "field_profile": "B", "field_date": "2024-06-10", "field_distance_km": 6990.4, "field_date_gap_days": 747, "field_conc_items_km2": 102.37, "conc_A_items_km2": null, "conc_A_lo80": null, "conc_A_hi80": null, "conc_A_lo95": null, "conc_A_hi95": null, "conc_A_status": "unavailable", "conc_A_status_ru": "концентрация недоступна", "conc_A_reasons": "вне бассейна профиля: nw_atlantic_subtropical", "conc_A_model": "conc-A-c6bce5631d2b", "conc_B_items_km2": null, "conc_B_lo80": null, "conc_B_hi80": null, "conc_B_lo95": null, "conc_B_hi95": null, "conc_B_status": "unavailable", "conc_B_status_ru": "концентрация недоступна", "conc_B_reasons": "вне бассейна профиля: black_sea", "conc_B_model": "conc-B-c6bce5631d2b"}}, {"type": "Feature", "geometry": {"type": "Polygon", "coordinates": [[[131.64151821338766, 43.02610386315859], [131.64151435368143, 43.02601390853201], [131.64139174573384, 43.02601674023767], [131.64138788622404, 43.025926785600525], [131.64151049399297, 43.02592395390372], [131.64150663432227, 43.02583399927372], [131.64175570947756, 43.02591829011651], [131.6417595695233, 43.026008244727095], [131.64163696161125, 43.02601107669515], [131.64164082149614, 43.02610103131289], [131.64151821338766, 43.02610386315859]]]}, "properties": {"zone_id": "vladivostok-2026-06-27-381", "aoi": "vladivostok", "date": "2026-06-27", "scene_id": "S2B_MSIL2A_20260627T020649_R103_T52TGN_20260627T041901", "scene_datetime_utc": "2026-06-27T02:06:49.024000+00:00", "detection_status": "detected", "detection_status_ru": "обнаружено", "lon": 131.64157, "lat": 43.02597, "n_pixels": 1, "zone_area_km2": 0.0005, "cover_m2": 7.1, "p_mean": 0.667, "p_max": 0.667, "cover_m2_km2": 14200.0, "h3": "88316c4e21fffff", "valid_frac_scene": 0.998, "wind_ms": 2.0, "sea": "спокойное", "scene_reliable": true, "field_event_id": "S4:DOORS3:T23", "field_profile": "B", "field_date": "2024-06-10", "field_distance_km": 6971.6, "field_date_gap_days": 747, "field_conc_items_km2": 102.37, "conc_A_items_km2": null, "conc_A_lo80": null, "conc_A_hi80": null, "conc_A_lo95": null, "conc_A_hi95": null, "conc_A_status": "unavailable", "conc_A_status_ru": "концентрация недоступна", "conc_A_reasons": "вне бассейна профиля: nw_atlantic_subtropical", "conc_A_model": "conc-A-c6bce5631d2b", "conc_B_items_km2": null, "conc_B_lo80": null, "conc_B_hi80": null, "conc_B_lo95": null, "conc_B_hi95": null, "conc_B_status": "unavailable", "conc_B_status_ru": "концентрация недоступна", "conc_B_reasons": "вне бассейна профиля: black_sea", "conc_B_model": "conc-B-c6bce5631d2b"}}, {"type": "Feature", "geometry": {"type": "Polygon", "coordinates": [[[131.62727635773655, 43.02598168866583], [131.62727251884192, 43.025891733006524], [131.6271499097326, 43.02589454944887], [131.62714607103428, 43.02580459377907], [131.62726867996497, 43.02580177734553], [131.62726484110567, 43.02571182168283], [131.62751389777335, 43.02579614408485], [131.6275177370076, 43.02588609972825], [131.6273951279336, 43.02588891643298], [131.62739896700685, 43.025978872083485], [131.62727635773655, 43.02598168866583]]]}, "properties": {"zone_id": "vladivostok-2026-06-27-382", "aoi": "vladivostok", "date": "2026-06-27", "scene_id": "S2B_MSIL2A_20260627T020649_R103_T52TGN_20260627T041901", "scene_datetime_utc": "2026-06-27T02:06:49.024000+00:00", "detection_status": "detected", "detection_status_ru": "обнаружено", "lon": 131.62733, "lat": 43.02585, "n_pixels": 1, "zone_area_km2": 0.0005, "cover_m2": 2.4, "p_mean": 0.663, "p_max": 0.663, "cover_m2_km2": 4800.0, "h3": "88316c4f19fffff", "valid_frac_scene": 0.998, "wind_ms": 2.0, "sea": "спокойное", "scene_reliable": true, "field_event_id": "S4:DOORS3:T23", "field_profile": "B", "field_date": "2024-06-10", "field_distance_km": 6970.7, "field_date_gap_days": 747, "field_conc_items_km2": 102.37, "conc_A_items_km2": null, "conc_A_lo80": null, "conc_A_hi80": null, "conc_A_lo95": null, "conc_A_hi95": null, "conc_A_status": "unavailable", "conc_A_status_ru": "концентрация недоступна", "conc_A_reasons": "вне бассейна профиля: nw_atlantic_subtropical", "conc_A_model": "conc-A-c6bce5631d2b", "conc_B_items_km2": null, "conc_B_lo80": null, "conc_B_hi80": null, "conc_B_lo95": null, "conc_B_hi95": null, "conc_B_status": "unavailable", "conc_B_status_ru": "концентрация недоступна", "conc_B_reasons": "вне бассейна профиля: black_sea", "conc_B_model": "conc-B-c6bce5631d2b"}}, {"type": "Feature", "geometry": {"type": "Polygon", "coordinates": [[[131.9376269327318, 43.02536405379486], [131.93762264082935, 43.02527412184958], [131.9375000652831, 43.0252772706852], [131.9374957735789, 43.02518733872831], [131.93761834894667, 43.025184189902525], [131.93761405708375, 43.02509425795371], [131.93786349962303, 43.02517789185769], [131.93786779186263, 43.02526782378506], [131.93774521635586, 43.025270972882865], [131.93774950843675, 43.02536090481831], [131.9376269327318, 43.02536405379486]]]}, "properties": {"zone_id": "vladivostok-2026-06-27-383", "aoi": "vladivostok", "date": "2026-06-27", "scene_id": "S2B_MSIL2A_20260627T020649_R103_T52TGN_20260627T041901", "scene_datetime_utc": "2026-06-27T02:06:49.024000+00:00", "detection_status": "detected", "detection_status_ru": "обнаружено", "lon": 131.93768, "lat": 43.02523, "n_pixels": 1, "zone_area_km2": 0.0005, "cover_m2": 6.3, "p_mean": 0.824, "p_max": 0.824, "cover_m2_km2": 12600.0, "h3": "88316c09bbfffff", "valid_frac_scene": 0.998, "wind_ms": 2.0, "sea": "спокойное", "scene_reliable": true, "field_event_id": "S4:DOORS3:T23", "field_profile": "B", "field_date": "2024-06-10", "field_distance_km": 6991.7, "field_date_gap_days": 747, "field_conc_items_km2": 102.37, "conc_A_items_km2": null, "conc_A_lo80": null, "conc_A_hi80": null, "conc_A_lo95": null, "conc_A_hi95": null, "conc_A_status": "unavailable", "conc_A_status_ru": "концентрация недоступна", "conc_A_reasons": "вне бассейна профиля: nw_atlantic_subtropical", "conc_A_model": "conc-A-c6bce5631d2b", "conc_B_items_km2": null, "conc_B_lo80": null, "conc_B_hi80": null, "conc_B_lo95": null, "conc_B_hi95": null, "conc_B_status": "unavailable", "conc_B_status_ru": "концентрация недоступна", "conc_B_reasons": "вне бассейна профиля: black_sea", "conc_B_model": "conc-B-c6bce5631d2b"}}, {"type": "Feature", "geometry": {"type": "Polygon", "coordinates": [[[131.6403684436029, 43.02504988727894], [131.64036458571752, 43.0249599325523], [131.64024197975377, 43.02496276297099], [131.6402381220648, 43.02487280823381], [131.64036072784992, 43.02486997782396], [131.64035687000006, 43.02478002309394], [131.6406059393669, 43.02486431661072], [131.64060979759176, 43.02495427132135], [131.64048719166354, 43.024957102002425], [131.64049104972753, 43.0250470567202], [131.6403684436029, 43.02504988727894]]]}, "properties": {"zone_id": "vladivostok-2026-06-27-384", "aoi": "vladivostok", "date": "2026-06-27", "scene_id": "S2B_MSIL2A_20260627T020649_R103_T52TGN_20260627T041901", "scene_datetime_utc": "2026-06-27T02:06:49.024000+00:00", "detection_status": "detected", "detection_status_ru": "обнаружено", "lon": 131.64042, "lat": 43.02491, "n_pixels": 1, "zone_area_km2": 0.0005, "cover_m2": 4.7, "p_mean": 0.89, "p_max": 0.89, "cover_m2_km2": 9400.0, "h3": "88316c4e25fffff", "valid_frac_scene": 0.998, "wind_ms": 2.0, "sea": "спокойное", "scene_reliable": true, "field_event_id": "S4:DOORS3:T23", "field_profile": "B", "field_date": "2024-06-10", "field_distance_km": 6971.6, "field_date_gap_days": 747, "field_conc_items_km2": 102.37, "conc_A_items_km2": null, "conc_A_lo80": null, "conc_A_hi80": null, "conc_A_lo95": null, "conc_A_hi95": null, "conc_A_status": "unavailable", "conc_A_status_ru": "концентрация недоступна", "conc_A_reasons": "вне бассейна профиля: nw_atlantic_subtropical", "conc_A_model": "conc-A-c6bce5631d2b", "conc_B_items_km2": null, "conc_B_lo80": null, "conc_B_hi80": null, "conc_B_lo95": null, "conc_B_hi95": null, "conc_B_status": "unavailable", "conc_B_status_ru": "концентрация недоступна", "conc_B_reasons": "вне бассейна профиля: black_sea", "conc_B_model": "conc-B-c6bce5631d2b"}}, {"type": "Feature", "geometry": {"type": "Polygon", "coordinates": [[[131.95034021699084, 43.02431641070118], [131.9503359066882, 43.0242264797676], [131.9502133346276, 43.02422964215753], [131.95020902452325, 43.02413971121228], [131.9503315964054, 43.02413654883223], [131.95032728614243, 43.02404661789511], [131.9505767401102, 43.0241302236789], [131.95058105074986, 43.02422015459449], [131.95045847872893, 43.02422331724659], [131.95046278921, 43.02431324817031], [131.95034021699084, 43.02431641070118]]]}, "properties": {"zone_id": "vladivostok-2026-06-27-385", "aoi": "vladivostok", "date": "2026-06-27", "scene_id": "S2B_MSIL2A_20260627T020649_R103_T52TGN_20260627T041901", "scene_datetime_utc": "2026-06-27T02:06:49.024000+00:00", "detection_status": "detected", "detection_status_ru": "обнаружено", "lon": 131.9504, "lat": 43.02418, "n_pixels": 1, "zone_area_km2": 0.0005, "cover_m2": 5.9, "p_mean": 0.953, "p_max": 0.953, "cover_m2_km2": 11800.0, "h3": "88316c7269fffff", "valid_frac_scene": 0.998, "wind_ms": 2.0, "sea": "спокойное", "scene_reliable": true, "field_event_id": "S4:DOORS3:T23", "field_profile": "B", "field_date": "2024-06-10", "field_distance_km": 6992.6, "field_date_gap_days": 747, "field_conc_items_km2": 102.37, "conc_A_items_km2": null, "conc_A_lo80": null, "conc_A_hi80": null, "conc_A_lo95": null, "conc_A_hi95": null, "conc_A_status": "unavailable", "conc_A_status_ru": "концентрация недоступна", "conc_A_reasons": "вне бассейна профиля: nw_atlantic_subtropical", "conc_A_model": "conc-A-c6bce5631d2b", "conc_B_items_km2": null, "conc_B_lo80": null, "conc_B_hi80": null, "conc_B_lo95": null, "conc_B_hi95": null, "conc_B_status": "unavailable", "conc_B_status_ru": "концентрация недоступна", "conc_B_reasons": "вне бассейна профиля: black_sea", "conc_B_model": "conc-B-c6bce5631d2b"}}, {"type": "Feature", "geometry": {"type": "Polygon", "coordinates": [[[131.6301344294233, 43.02393503423335], [131.63013058663023, 43.02384507874818], [131.63000798187517, 43.023847898145426], [131.63000413927838, 43.023757942649745], [131.63012674385482, 43.02375512326133], [131.63012290109708, 43.02366516777278], [131.63037195295456, 43.023749484090914], [131.63037579608724, 43.02383943956015], [131.63025319136756, 43.02384225921976], [131.63025703433928, 43.0239322146961], [131.6301344294233, 43.02393503423335]]]}, "properties": {"zone_id": "vladivostok-2026-06-27-386", "aoi": "vladivostok", "date": "2026-06-27", "scene_id": "S2B_MSIL2A_20260627T020649_R103_T52TGN_20260627T041901", "scene_datetime_utc": "2026-06-27T02:06:49.024000+00:00", "detection_status": "detected", "detection_status_ru": "обнаружено", "lon": 131.63019, "lat": 43.0238, "n_pixels": 1, "zone_area_km2": 0.0005, "cover_m2": 3.1, "p_mean": 0.984, "p_max": 0.984, "cover_m2_km2": 6200.0, "h3": "88316c4f19fffff", "valid_frac_scene": 0.998, "wind_ms": 2.0, "sea": "спокойное", "scene_reliable": true, "field_event_id": "S4:DOORS3:T23", "field_profile": "B", "field_date": "2024-06-10", "field_distance_km": 6971.0, "field_date_gap_days": 747, "field_conc_items_km2": 102.37, "conc_A_items_km2": null, "conc_A_lo80": null, "conc_A_hi80": null, "conc_A_lo95": null, "conc_A_hi95": null, "conc_A_status": "unavailable", "conc_A_status_ru": "концентрация недоступна", "conc_A_reasons": "вне бассейна профиля: nw_atlantic_subtropical", "conc_A_model": "conc-A-c6bce5631d2b", "conc_B_items_km2": null, "conc_B_lo80": null, "conc_B_hi80": null, "conc_B_lo95": null, "conc_B_hi95": null, "conc_B_status": "unavailable", "conc_B_status_ru": "концентрация недоступна", "conc_B_reasons": "вне бассейна профиля: black_sea", "conc_B_model": "conc-B-c6bce5631d2b"}}, {"type": "Feature", "geometry": {"type": "Polygon", "coordinates": [[[131.63896193811786, 43.02373169222864], [131.63895808246366, 43.023641737379215], [131.63883547898408, 43.02364456622211], [131.63883162352624, 43.02355461136215], [131.63895422682717, 43.023551782528095], [131.63895037120847, 43.02346182767529], [131.63919943337586, 43.02354612446645], [131.63920328936953, 43.02363607929988], [131.63908068592548, 43.02363890840514], [131.6390845417583, 43.02372886324571], [131.63896193811786, 43.02373169222864]]]}, "properties": {"zone_id": "vladivostok-2026-06-27-387", "aoi": "vladivostok", "date": "2026-06-27", "scene_id": "S2B_MSIL2A_20260627T020649_R103_T52TGN_20260627T041901", "scene_datetime_utc": "2026-06-27T02:06:49.024000+00:00", "detection_status": "detected", "detection_status_ru": "обнаружено", "lon": 131.63902, "lat": 43.0236, "n_pixels": 1, "zone_area_km2": 0.0005, "cover_m2": 3.1, "p_mean": 0.867, "p_max": 0.867, "cover_m2_km2": 6200.0, "h3": "88316c4e25fffff", "valid_frac_scene": 0.998, "wind_ms": 2.0, "sea": "спокойное", "scene_reliable": true, "field_event_id": "S4:DOORS3:T23", "field_profile": "B", "field_date": "2024-06-10", "field_distance_km": 6971.6, "field_date_gap_days": 747, "field_conc_items_km2": 102.37, "conc_A_items_km2": null, "conc_A_lo80": null, "conc_A_hi80": null, "conc_A_lo95": null, "conc_A_hi95": null, "conc_A_status": "unavailable", "conc_A_status_ru": "концентрация недоступна", "conc_A_reasons": "вне бассейна профиля: nw_atlantic_subtropical", "conc_A_model": "conc-A-c6bce5631d2b", "conc_B_items_km2": null, "conc_B_lo80": null, "conc_B_hi80": null, "conc_B_lo95": null, "conc_B_hi95": null, "conc_B_status": "unavailable", "conc_B_status_ru": "концентрация недоступна", "conc_B_reasons": "вне бассейна профиля: black_sea", "conc_B_model": "conc-B-c6bce5631d2b"}}, {"type": "Feature", "geometry": {"type": "Polygon", "coordinates": [[[131.6290233020306, 43.023780493034245], [131.62901946088053, 43.02369053746637], [131.62877425174906, 43.02369617373296], [131.6287704109739, 43.02360621814576], [131.6286478065603, 43.02360903607346], [131.6286439659815, 43.023519080475765], [131.62876657021647, 43.02351626255689], [131.6287627294767, 43.023426306966314], [131.6288853335154, 43.02342348892505], [131.6288891744338, 43.023513444506804], [131.62901177863347, 43.023510626325546], [131.62900793753641, 43.02342067075259], [131.62925698697973, 43.02350498956944], [131.62926466994134, 43.023684900675015], [131.6290233020306, 43.023780493034245]]]}, "properties": {"zone_id": "vladivostok-2026-06-27-388", "aoi": "vladivostok", "date": "2026-06-27", "scene_id": "S2B_MSIL2A_20260627T020649_R103_T52TGN_20260627T041901", "scene_datetime_utc": "2026-06-27T02:06:49.024000+00:00", "detection_status": "detected", "detection_status_ru": "обнаружено", "lon": 131.62899, "lat": 43.02359, "n_pixels": 3, "zone_area_km2": 0.0012, "cover_m2": 15.7, "p_mean": 0.63, "p_max": 0.659, "cover_m2_km2": 13083.3, "h3": "88316c4f19fffff", "valid_frac_scene": 0.998, "wind_ms": 2.0, "sea": "спокойное", "scene_reliable": true, "field_event_id": "S4:DOORS3:T23", "field_profile": "B", "field_date": "2024-06-10", "field_distance_km": 6970.9, "field_date_gap_days": 747, "field_conc_items_km2": 102.37, "conc_A_items_km2": null, "conc_A_lo80": null, "conc_A_hi80": null, "conc_A_lo95": null, "conc_A_hi95": null, "conc_A_status": "unavailable", "conc_A_status_ru": "концентрация недоступна", "conc_A_reasons": "вне бассейна профиля: nw_atlantic_subtropical", "conc_A_model": "conc-A-c6bce5631d2b", "conc_B_items_km2": null, "conc_B_lo80": null, "conc_B_hi80": null, "conc_B_lo95": null, "conc_B_hi95": null, "conc_B_status": "unavailable", "conc_B_status_ru": "концентрация недоступна", "conc_B_reasons": "вне бассейна профиля: black_sea", "conc_B_model": "conc-B-c6bce5631d2b"}}, {"type": "Feature", "geometry": {"type": "Polygon", "coordinates": [[[131.62851368098143, 43.02334198704536], [131.62850984063425, 43.02325203143378], [131.62838723689978, 43.02325484906385], [131.62838339674892, 43.023164893441766], [131.62850600030475, 43.023162075820494], [131.62850215999293, 43.02307212020551], [131.62875120736345, 43.0231564401844], [131.62875504805018, 43.02324639578006], [131.62863244435107, 43.023249213672514], [131.62863628487685, 43.02333916927529], [131.62851368098143, 43.02334198704536]]]}, "properties": {"zone_id": "vladivostok-2026-06-27-389", "aoi": "vladivostok", "date": "2026-06-27", "scene_id": "S2B_MSIL2A_20260627T020649_R103_T52TGN_20260627T041901", "scene_datetime_utc": "2026-06-27T02:06:49.024000+00:00", "detection_status": "detected", "detection_status_ru": "обнаружено", "lon": 131.62857, "lat": 43.02321, "n_pixels": 1, "zone_area_km2": 0.0005, "cover_m2": 5.9, "p_mean": 0.839, "p_max": 0.839, "cover_m2_km2": 11800.0, "h3": "88316c4f19fffff", "valid_frac_scene": 0.998, "wind_ms": 2.0, "sea": "спокойное", "scene_reliable": true, "field_event_id": "S4:DOORS3:T23", "field_profile": "B", "field_date": "2024-06-10", "field_distance_km": 6970.9, "field_date_gap_days": 747, "field_conc_items_km2": 102.37, "conc_A_items_km2": null, "conc_A_lo80": null, "conc_A_hi80": null, "conc_A_lo95": null, "conc_A_hi95": null, "conc_A_status": "unavailable", "conc_A_status_ru": "концентрация недоступна", "conc_A_reasons": "вне бассейна профиля: nw_atlantic_subtropical", "conc_A_model": "conc-A-c6bce5631d2b", "conc_B_items_km2": null, "conc_B_lo80": null, "conc_B_hi80": null, "conc_B_lo95": null, "conc_B_hi95": null, "conc_B_status": "unavailable", "conc_B_status_ru": "концентрация недоступна", "conc_B_reasons": "вне бассейна профиля: black_sea", "conc_B_model": "conc-B-c6bce5631d2b"}}, {"type": "Feature", "geometry": {"type": "Polygon", "coordinates": [[[131.95332253940595, 43.022528624760874], [131.95331822501953, 43.02243869404094], [131.9531956568451, 43.022441859519965], [131.95319134265702, 43.02235192878837], [131.953313910653, 43.02234876331924], [131.95330959630633, 43.02225883259578], [131.95355904658547, 43.02234243198779], [131.95356336130882, 43.02243236268971], [131.9534407931741, 43.02243552843087], [131.95344510773893, 43.022525459140894], [131.95332253940595, 43.022528624760874]]]}, "properties": {"zone_id": "vladivostok-2026-06-27-390", "aoi": "vladivostok", "date": "2026-06-27", "scene_id": "S2B_MSIL2A_20260627T020649_R103_T52TGN_20260627T041901", "scene_datetime_utc": "2026-06-27T02:06:49.024000+00:00", "detection_status": "detected", "detection_status_ru": "обнаружено", "lon": 131.95338, "lat": 43.02239, "n_pixels": 1, "zone_area_km2": 0.0005, "cover_m2": 4.3, "p_mean": 0.8, "p_max": 0.8, "cover_m2_km2": 8600.0, "h3": "88316c7269fffff", "valid_frac_scene": 0.998, "wind_ms": 2.0, "sea": "спокойное", "scene_reliable": true, "field_event_id": "S4:DOORS3:T23", "field_profile": "B", "field_date": "2024-06-10", "field_distance_km": 6992.9, "field_date_gap_days": 747, "field_conc_items_km2": 102.37, "conc_A_items_km2": null, "conc_A_lo80": null, "conc_A_hi80": null, "conc_A_lo95": null, "conc_A_hi95": null, "conc_A_status": "unavailable", "conc_A_status_ru": "концентрация недоступна", "conc_A_reasons": "вне бассейна профиля: nw_atlantic_subtropical", "conc_A_model": "conc-A-c6bce5631d2b", "conc_B_items_km2": null, "conc_B_lo80": null, "conc_B_hi80": null, "conc_B_lo95": null, "conc_B_hi95": null, "conc_B_status": "unavailable", "conc_B_status_ru": "концентрация недоступна", "conc_B_reasons": "вне бассейна профиля: black_sea", "conc_B_model": "conc-B-c6bce5631d2b"}}, {"type": "Feature", "geometry": {"type": "Polygon", "coordinates": [[[131.7657729595655, 43.02181581690843], [131.76576891904435, 43.02172587144371], [131.76564633220812, 43.02172883601742], [131.7656422918841, 43.02163889054169], [131.76576487854177, 43.02163592597726], [131.7657608380578, 43.021545980509075], [131.76600601096027, 43.02154005100533], [131.76601005180132, 43.02162999645498], [131.7661326384032, 43.02162703149714], [131.76613667944136, 43.02171697693578], [131.76601409266095, 43.021719941902894], [131.76601813353915, 43.02180988734908], [131.7657729595655, 43.02181581690843]]]}, "properties": {"zone_id": "vladivostok-2026-06-27-391", "aoi": "vladivostok", "date": "2026-06-27", "scene_id": "S2B_MSIL2A_20260627T020649_R103_T52TGN_20260627T041901", "scene_datetime_utc": "2026-06-27T02:06:49.024000+00:00", "detection_status": "detected", "detection_status_ru": "обнаружено", "lon": 131.76589, "lat": 43.02168, "n_pixels": 2, "zone_area_km2": 0.0008, "cover_m2": 5.5, "p_mean": 0.698, "p_max": 0.729, "cover_m2_km2": 6875.0, "h3": "88316c45cdfffff", "valid_frac_scene": 0.998, "wind_ms": 2.0, "sea": "спокойное", "scene_reliable": true, "field_event_id": "S4:DOORS3:T23", "field_profile": "B", "field_date": "2024-06-10", "field_distance_km": 6980.3, "field_date_gap_days": 747, "field_conc_items_km2": 102.37, "conc_A_items_km2": null, "conc_A_lo80": null, "conc_A_hi80": null, "conc_A_lo95": null, "conc_A_hi95": null, "conc_A_status": "unavailable", "conc_A_status_ru": "концентрация недоступна", "conc_A_reasons": "вне бассейна профиля: nw_atlantic_subtropical", "conc_A_model": "conc-A-c6bce5631d2b", "conc_B_items_km2": null, "conc_B_lo80": null, "conc_B_hi80": null, "conc_B_lo95": null, "conc_B_hi95": null, "conc_B_status": "unavailable", "conc_B_status_ru": "концентрация недоступна", "conc_B_reasons": "вне бассейна профиля: black_sea", "conc_B_model": "conc-B-c6bce5631d2b"}}, {"type": "Feature", "geometry": {"type": "Polygon", "coordinates": [[[131.63740591990938, 43.02178662037746], [131.6374020667888, 43.02169666538458], [131.63727946702588, 43.02169949245876], [131.63727561410164, 43.02160953745537], [131.63739821368597, 43.021606710390024], [131.63739436060087, 43.021516755393776], [131.6376434128014, 43.02160105586582], [131.63764726626144, 43.0216910108427], [131.637524666534, 43.02169383817923], [131.63752851983315, 43.021783793163266], [131.63740591990938, 43.02178662037746]]]}, "properties": {"zone_id": "vladivostok-2026-06-27-392", "aoi": "vladivostok", "date": "2026-06-27", "scene_id": "S2B_MSIL2A_20260627T020649_R103_T52TGN_20260627T041901", "scene_datetime_utc": "2026-06-27T02:06:49.024000+00:00", "detection_status": "detected", "detection_status_ru": "обнаружено", "lon": 131.63746, "lat": 43.02165, "n_pixels": 1, "zone_area_km2": 0.0005, "cover_m2": 4.3, "p_mean": 0.702, "p_max": 0.702, "cover_m2_km2": 8600.0, "h3": "88316c4e27fffff", "valid_frac_scene": 0.998, "wind_ms": 2.0, "sea": "спокойное", "scene_reliable": true, "field_event_id": "S4:DOORS3:T23", "field_profile": "B", "field_date": "2024-06-10", "field_distance_km": 6971.6, "field_date_gap_days": 747, "field_conc_items_km2": 102.37, "conc_A_items_km2": null, "conc_A_lo80": null, "conc_A_hi80": null, "conc_A_lo95": null, "conc_A_hi95": null, "conc_A_status": "unavailable", "conc_A_status_ru": "концентрация недоступна", "conc_A_reasons": "вне бассейна профиля: nw_atlantic_subtropical", "conc_A_model": "conc-A-c6bce5631d2b", "conc_B_items_km2": null, "conc_B_lo80": null, "conc_B_hi80": null, "conc_B_lo95": null, "conc_B_hi95": null, "conc_B_status": "unavailable", "conc_B_status_ru": "концентрация недоступна", "conc_B_reasons": "вне бассейна профиля: black_sea", "conc_B_model": "conc-B-c6bce5631d2b"}}, {"type": "Feature", "geometry": {"type": "Polygon", "coordinates": [[[131.63617221704502, 43.02163497514031], [131.63616836574596, 43.02154502005568], [131.63604576616297, 43.02154784580039], [131.63604191506025, 43.02145789070523], [131.6361645144646, 43.02145506496936], [131.636160663201, 43.02136510988134], [131.63640971322022, 43.021449413104065], [131.63641356485877, 43.02153936817274], [131.63629096531122, 43.021542194179794], [131.6362948167889, 43.02163214925559], [131.63617221704502, 43.02163497514031]]]}, "properties": {"zone_id": "vladivostok-2026-06-27-393", "aoi": "vladivostok", "date": "2026-06-27", "scene_id": "S2B_MSIL2A_20260627T020649_R103_T52TGN_20260627T041901", "scene_datetime_utc": "2026-06-27T02:06:49.024000+00:00", "detection_status": "detected", "detection_status_ru": "обнаружено", "lon": 131.63623, "lat": 43.0215, "n_pixels": 1, "zone_area_km2": 0.0005, "cover_m2": 3.5, "p_mean": 0.729, "p_max": 0.729, "cover_m2_km2": 7000.0, "h3": "88316c4f1bfffff", "valid_frac_scene": 0.998, "wind_ms": 2.0, "sea": "спокойное", "scene_reliable": true, "field_event_id": "S4:DOORS3:T23", "field_profile": "B", "field_date": "2024-06-10", "field_distance_km": 6971.5, "field_date_gap_days": 747, "field_conc_items_km2": 102.37, "conc_A_items_km2": null, "conc_A_lo80": null, "conc_A_hi80": null, "conc_A_lo95": null, "conc_A_hi95": null, "conc_A_status": "unavailable", "conc_A_status_ru": "концентрация недоступна", "conc_A_reasons": "вне бассейна профиля: nw_atlantic_subtropical", "conc_A_model": "conc-A-c6bce5631d2b", "conc_B_items_km2": null, "conc_B_lo80": null, "conc_B_hi80": null, "conc_B_lo95": null, "conc_B_hi95": null, "conc_B_status": "unavailable", "conc_B_status_ru": "концентрация недоступна", "conc_B_reasons": "вне бассейна профиля: black_sea", "conc_B_model": "conc-B-c6bce5631d2b"}}, {"type": "Feature", "geometry": {"type": "Polygon", "coordinates": [[[131.76563017102353, 43.021369054104184], [131.76562613077385, 43.02127910862156], [131.7655035448117, 43.021282073017794], [131.76549950475916, 43.02119212752418], [131.76562209054276, 43.02118916313722], [131.7656180503303, 43.02109921765116], [131.76586726205423, 43.02118323396989], [131.76587130264238, 43.0212731794357], [131.7657487167174, 43.021276144094195], [131.7657527571456, 43.02136608956755], [131.76563017102353, 43.021369054104184]]]}, "properties": {"zone_id": "vladivostok-2026-06-27-394", "aoi": "vladivostok", "date": "2026-06-27", "scene_id": "S2B_MSIL2A_20260627T020649_R103_T52TGN_20260627T041901", "scene_datetime_utc": "2026-06-27T02:06:49.024000+00:00", "detection_status": "detected", "detection_status_ru": "обнаружено", "lon": 131.76569, "lat": 43.02123, "n_pixels": 1, "zone_area_km2": 0.0005, "cover_m2": 4.7, "p_mean": 0.651, "p_max": 0.651, "cover_m2_km2": 9400.0, "h3": "88316c45cdfffff", "valid_frac_scene": 0.998, "wind_ms": 2.0, "sea": "спокойное", "scene_reliable": true, "field_event_id": "S4:DOORS3:T23", "field_profile": "B", "field_date": "2024-06-10", "field_distance_km": 6980.3, "field_date_gap_days": 747, "field_conc_items_km2": 102.37, "conc_A_items_km2": null, "conc_A_lo80": null, "conc_A_hi80": null, "conc_A_lo95": null, "conc_A_hi95": null, "conc_A_status": "unavailable", "conc_A_status_ru": "концентрация недоступна", "conc_A_reasons": "вне бассейна профиля: nw_atlantic_subtropical", "conc_A_model": "conc-A-c6bce5631d2b", "conc_B_items_km2": null, "conc_B_lo80": null, "conc_B_hi80": null, "conc_B_lo95": null, "conc_B_hi95": null, "conc_B_status": "unavailable", "conc_B_status_ru": "концентрация недоступна", "conc_B_reasons": "вне бассейна профиля: black_sea", "conc_B_model": "conc-B-c6bce5631d2b"}}, {"type": "Feature", "geometry": {"type": "Polygon", "coordinates": [[[131.942091374444, 43.02119737808645], [131.94208707665027, 43.02110744643606], [131.94196450988449, 43.021110599809624], [131.94196021228893, 43.02102066814762], [131.94208277887628, 43.02101751478392], [131.94207848112208, 43.02092758313002], [131.94232791199167, 43.021011207663314], [131.9423322101225, 43.02110113929574], [131.94220964339627, 43.02110429293144], [131.9422139413684, 43.021194224571964], [131.942091374444, 43.02119737808645]]]}, "properties": {"zone_id": "vladivostok-2026-06-27-395", "aoi": "vladivostok", "date": "2026-06-27", "scene_id": "S2B_MSIL2A_20260627T020649_R103_T52TGN_20260627T041901", "scene_datetime_utc": "2026-06-27T02:06:49.024000+00:00", "detection_status": "detected", "detection_status_ru": "обнаружено", "lon": 131.94215, "lat": 43.02106, "n_pixels": 1, "zone_area_km2": 0.0005, "cover_m2": 6.3, "p_mean": 0.682, "p_max": 0.682, "cover_m2_km2": 12600.0, "h3": "88316c726dfffff", "valid_frac_scene": 0.998, "wind_ms": 2.0, "sea": "спокойное", "scene_reliable": true, "field_event_id": "S4:DOORS3:T23", "field_profile": "B", "field_date": "2024-06-10", "field_distance_km": 6992.2, "field_date_gap_days": 747, "field_conc_items_km2": 102.37, "conc_A_items_km2": null, "conc_A_lo80": null, "conc_A_hi80": null, "conc_A_lo95": null, "conc_A_hi95": null, "conc_A_status": "unavailable", "conc_A_status_ru": "концентрация недоступна", "conc_A_reasons": "вне бассейна профиля: nw_atlantic_subtropical", "conc_A_model": "conc-A-c6bce5631d2b", "conc_B_items_km2": null, "conc_B_lo80": null, "conc_B_hi80": null, "conc_B_lo95": null, "conc_B_hi95": null, "conc_B_status": "unavailable", "conc_B_status_ru": "концентрация недоступна", "conc_B_reasons": "вне бассейна профиля: black_sea", "conc_B_model": "conc-B-c6bce5631d2b"}}, {"type": "Feature", "geometry": {"type": "Polygon", "coordinates": [[[131.77028033653622, 43.02107641926242], [131.77027628953985, 43.02098647412881], [131.77015370464184, 43.02098944348958], [131.770145611062, 43.0208095531986], [131.77038673300635, 43.02071366925359], [131.77039078012538, 43.02080361438309], [131.7705133646291, 43.020800644778625], [131.77052145928005, 43.02098053501391], [131.77028033653622, 43.02107641926242]]]}, "properties": {"zone_id": "vladivostok-2026-06-27-396", "aoi": "vladivostok", "date": "2026-06-27", "scene_id": "S2B_MSIL2A_20260627T020649_R103_T52TGN_20260627T041901", "scene_datetime_utc": "2026-06-27T02:06:49.024000+00:00", "detection_status": "detected", "detection_status_ru": "обнаружено", "lon": 131.77033, "lat": 43.0209, "n_pixels": 2, "zone_area_km2": 0.0008, "cover_m2": 22.7, "p_mean": 0.751, "p_max": 0.961, "cover_m2_km2": 28375.0, "h3": "88316c45cdfffff", "valid_frac_scene": 0.998, "wind_ms": 2.0, "sea": "спокойное", "scene_reliable": true, "field_event_id": "S4:DOORS3:T23", "field_profile": "B", "field_date": "2024-06-10", "field_distance_km": 6980.6, "field_date_gap_days": 747, "field_conc_items_km2": 102.37, "conc_A_items_km2": null, "conc_A_lo80": null, "conc_A_hi80": null, "conc_A_lo95": null, "conc_A_hi95": null, "conc_A_status": "unavailable", "conc_A_status_ru": "концентрация недоступна", "conc_A_reasons": "вне бассейна профиля: nw_atlantic_subtropical", "conc_A_model": "conc-A-c6bce5631d2b", "conc_B_items_km2": null, "conc_B_lo80": null, "conc_B_hi80": null, "conc_B_lo95": null, "conc_B_hi95": null, "conc_B_status": "unavailable", "conc_B_status_ru": "концентрация недоступна", "conc_B_reasons": "вне бассейна профиля: black_sea", "conc_B_model": "conc-B-c6bce5631d2b"}}, {"type": "Feature", "geometry": {"type": "Polygon", "coordinates": [[[131.63834431973513, 43.02077449475401], [131.63834046538082, 43.0206845398132], [131.6382178677244, 43.02068736783955], [131.63821401356643, 43.020597412888186], [131.63833661104425, 43.020594584870686], [131.63833275672542, 43.020504629926485], [131.6385818059467, 43.02058892844216], [131.63858566064044, 43.020678883367], [131.63846306301951, 43.02068171165568], [131.6384669175524, 43.02077166658765], [131.63834431973513, 43.02077449475401]]]}, "properties": {"zone_id": "vladivostok-2026-06-27-397", "aoi": "vladivostok", "date": "2026-06-27", "scene_id": "S2B_MSIL2A_20260627T020649_R103_T52TGN_20260627T041901", "scene_datetime_utc": "2026-06-27T02:06:49.024000+00:00", "detection_status": "detected", "detection_status_ru": "обнаружено", "lon": 131.6384, "lat": 43.02064, "n_pixels": 1, "zone_area_km2": 0.0005, "cover_m2": 3.1, "p_mean": 0.937, "p_max": 0.937, "cover_m2_km2": 6200.0, "h3": "88316c4e27fffff", "valid_frac_scene": 0.998, "wind_ms": 2.0, "sea": "спокойное", "scene_reliable": true, "field_event_id": "S4:DOORS3:T23", "field_profile": "B", "field_date": "2024-06-10", "field_distance_km": 6971.7, "field_date_gap_days": 747, "field_conc_items_km2": 102.37, "conc_A_items_km2": null, "conc_A_lo80": null, "conc_A_hi80": null, "conc_A_lo95": null, "conc_A_hi95": null, "conc_A_status": "unavailable", "conc_A_status_ru": "концентрация недоступна", "conc_A_reasons": "вне бассейна профиля: nw_atlantic_subtropical", "conc_A_model": "conc-A-c6bce5631d2b", "conc_B_items_km2": null, "conc_B_lo80": null, "conc_B_hi80": null, "conc_B_lo95": null, "conc_B_hi95": null, "conc_B_status": "unavailable", "conc_B_status_ru": "концентрация недоступна", "conc_B_reasons": "вне бассейна профиля: black_sea", "conc_B_model": "conc-B-c6bce5631d2b"}}, {"type": "Feature", "geometry": {"type": "Polygon", "coordinates": [[[131.77037863882416, 43.02053377898939], [131.77037459176103, 43.0204438338547], [131.7702520079527, 43.02044680329089], [131.7702479610867, 43.0203568581452], [131.77037054471649, 43.02035388871829], [131.7703664976906, 43.02026394358015], [131.7706157119202, 43.02034794947109], [131.77061975932176, 43.02043789458894], [131.7704971755507, 43.02044086428737], [131.77050122279235, 43.02053080941278], [131.77037863882416, 43.02053377898939]]]}, "properties": {"zone_id": "vladivostok-2026-06-27-398", "aoi": "vladivostok", "date": "2026-06-27", "scene_id": "S2B_MSIL2A_20260627T020649_R103_T52TGN_20260627T041901", "scene_datetime_utc": "2026-06-27T02:06:49.024000+00:00", "detection_status": "detected", "detection_status_ru": "обнаружено", "lon": 131.77043, "lat": 43.0204, "n_pixels": 1, "zone_area_km2": 0.0005, "cover_m2": 6.3, "p_mean": 0.624, "p_max": 0.624, "cover_m2_km2": 12600.0, "h3": "88316c45cdfffff", "valid_frac_scene": 0.998, "wind_ms": 2.0, "sea": "спокойное", "scene_reliable": true, "field_event_id": "S4:DOORS3:T23", "field_profile": "B", "field_date": "2024-06-10", "field_distance_km": 6980.7, "field_date_gap_days": 747, "field_conc_items_km2": 102.37, "conc_A_items_km2": null, "conc_A_lo80": null, "conc_A_hi80": null, "conc_A_lo95": null, "conc_A_hi95": null, "conc_A_status": "unavailable", "conc_A_status_ru": "концентрация недоступна", "conc_A_reasons": "вне бассейна профиля: nw_atlantic_subtropical", "conc_A_model": "conc-A-c6bce5631d2b", "conc_B_items_km2": null, "conc_B_lo80": null, "conc_B_hi80": null, "conc_B_lo95": null, "conc_B_hi95": null, "conc_B_status": "unavailable", "conc_B_status_ru": "концентрация недоступна", "conc_B_reasons": "вне бассейна профиля: black_sea", "conc_B_model": "conc-B-c6bce5631d2b"}}, {"type": "Feature", "geometry": {"type": "Polygon", "coordinates": [[[131.97825645704762, 43.020441265028715], [131.97825210658604, 43.02035133630738], [131.97812954533228, 43.02035452836475], [131.97812519506905, 43.02026459963166], [131.97824775614444, 43.02026140758426], [131.97824340572285, 43.02017147885937], [131.97849287823513, 43.0202550230963], [131.97849722903348, 43.020344951799466], [131.9783746678198, 43.020348144118955], [131.97837901845978, 43.02043807283031], [131.97825645704762, 43.020441265028715]]]}, "properties": {"zone_id": "vladivostok-2026-06-27-399", "aoi": "vladivostok", "date": "2026-06-27", "scene_id": "S2B_MSIL2A_20260627T020649_R103_T52TGN_20260627T041901", "scene_datetime_utc": "2026-06-27T02:06:49.024000+00:00", "detection_status": "detected", "detection_status_ru": "обнаружено", "lon": 131.97831, "lat": 43.0203, "n_pixels": 1, "zone_area_km2": 0.0005, "cover_m2": 0.0, "p_mean": 0.839, "p_max": 0.839, "cover_m2_km2": 0.0, "h3": "88316c724bfffff", "valid_frac_scene": 0.998, "wind_ms": 2.0, "sea": "спокойное", "scene_reliable": true, "field_event_id": "S4:DOORS3:T23", "field_profile": "B", "field_date": "2024-06-10", "field_distance_km": 6994.7, "field_date_gap_days": 747, "field_conc_items_km2": 102.37, "conc_A_items_km2": null, "conc_A_lo80": null, "conc_A_hi80": null, "conc_A_lo95": null, "conc_A_hi95": null, "conc_A_status": "unavailable", "conc_A_status_ru": "концентрация недоступна", "conc_A_reasons": "вне бассейна профиля: nw_atlantic_subtropical", "conc_A_model": "conc-A-c6bce5631d2b", "conc_B_items_km2": null, "conc_B_lo80": null, "conc_B_hi80": null, "conc_B_lo95": null, "conc_B_hi95": null, "conc_B_status": "unavailable", "conc_B_status_ru": "концентрация недоступна", "conc_B_reasons": "вне бассейна профиля: black_sea", "conc_B_model": "conc-B-c6bce5631d2b"}}, {"type": "Feature", "geometry": {"type": "Polygon", "coordinates": [[[131.69979908248212, 43.02015070892553], [131.69979513849987, 43.020060758481335], [131.69967254822598, 43.02006365230086], [131.69966860444046, 43.0199737018459], [131.6997911945358, 43.019970808035424], [131.69978725058988, 43.01988085758781], [131.70003637467204, 43.01996502002101], [131.70004031899322, 43.02005497044883], [131.69991772875565, 43.02005786453065], [131.69992167291642, 43.02014781496581], [131.69979908248212, 43.02015070892553]]]}, "properties": {"zone_id": "vladivostok-2026-06-27-400", "aoi": "vladivostok", "date": "2026-06-27", "scene_id": "S2B_MSIL2A_20260627T020649_R103_T52TGN_20260627T041901", "scene_datetime_utc": "2026-06-27T02:06:49.024000+00:00", "detection_status": "detected", "detection_status_ru": "обнаружено", "lon": 131.69985, "lat": 43.02001, "n_pixels": 1, "zone_area_km2": 0.0005, "cover_m2": 4.7, "p_mean": 0.51, "p_max": 0.51, "cover_m2_km2": 9400.0, "h3": "88316c4e1bfffff", "valid_frac_scene": 0.998, "wind_ms": 2.0, "sea": "спокойное", "scene_reliable": true, "field_event_id": "S4:DOORS3:T23", "field_profile": "B", "field_date": "2024-06-10", "field_distance_km": 6975.9, "field_date_gap_days": 747, "field_conc_items_km2": 102.37, "conc_A_items_km2": null, "conc_A_lo80": null, "conc_A_hi80": null, "conc_A_lo95": null, "conc_A_hi95": null, "conc_A_status": "unavailable", "conc_A_status_ru": "концентрация недоступна", "conc_A_reasons": "вне бассейна профиля: nw_atlantic_subtropical", "conc_A_model": "conc-A-c6bce5631d2b", "conc_B_items_km2": null, "conc_B_lo80": null, "conc_B_hi80": null, "conc_B_lo95": null, "conc_B_hi95": null, "conc_B_status": "unavailable", "conc_B_status_ru": "концентрация недоступна", "conc_B_reasons": "вне бассейна профиля: black_sea", "conc_B_model": "conc-B-c6bce5631d2b"}}, {"type": "Feature", "geometry": {"type": "Polygon", "coordinates": [[[131.6367158788419, 43.02000165341718], [131.63671202696892, 43.01991169834618], [131.63658943068933, 43.01991452458773], [131.63658557901263, 43.019824569506206], [131.63670817511368, 43.01982174327349], [131.63670432327612, 43.019731788199095], [131.63695336726252, 43.01981609041456], [131.63695721947494, 43.019906045469575], [131.6368346232308, 43.01990887197346], [131.6368384752824, 43.019998827035636], [131.6367158788419, 43.02000165341718]]]}, "properties": {"zone_id": "vladivostok-2026-06-27-401", "aoi": "vladivostok", "date": "2026-06-27", "scene_id": "S2B_MSIL2A_20260627T020649_R103_T52TGN_20260627T041901", "scene_datetime_utc": "2026-06-27T02:06:49.024000+00:00", "detection_status": "detected", "detection_status_ru": "обнаружено", "lon": 131.63677, "lat": 43.01987, "n_pixels": 1, "zone_area_km2": 0.0005, "cover_m2": 3.5, "p_mean": 0.855, "p_max": 0.855, "cover_m2_km2": 7000.0, "h3": "88316c4e27fffff", "valid_frac_scene": 0.998, "wind_ms": 2.0, "sea": "спокойное", "scene_reliable": true, "field_event_id": "S4:DOORS3:T23", "field_profile": "B", "field_date": "2024-06-10", "field_distance_km": 6971.7, "field_date_gap_days": 747, "field_conc_items_km2": 102.37, "conc_A_items_km2": null, "conc_A_lo80": null, "conc_A_hi80": null, "conc_A_lo95": null, "conc_A_hi95": null, "conc_A_status": "unavailable", "conc_A_status_ru": "концентрация недоступна", "conc_A_reasons": "вне бассейна профиля: nw_atlantic_subtropical", "conc_A_model": "conc-A-c6bce5631d2b", "conc_B_items_km2": null, "conc_B_lo80": null, "conc_B_hi80": null, "conc_B_lo95": null, "conc_B_hi95": null, "conc_B_status": "unavailable", "conc_B_status_ru": "концентрация недоступна", "conc_B_reasons": "вне бассейна профиля: black_sea", "conc_B_model": "conc-B-c6bce5631d2b"}}, {"type": "Feature", "geometry": {"type": "Polygon", "coordinates": [[[131.97590170428157, 43.01996231840608], [131.9758973573293, 43.019872389484604], [131.97577479676573, 43.01987557899208], [131.97576610327795, 43.01969572112389], [131.97600687660093, 43.019599413100934], [131.9760112236716, 43.019689342017735], [131.97613378383843, 43.01968615226809], [131.9761424783965, 43.01986601007648], [131.97590170428157, 43.01996231840608]]]}, "properties": {"zone_id": "vladivostok-2026-06-27-402", "aoi": "vladivostok", "date": "2026-06-27", "scene_id": "S2B_MSIL2A_20260627T020649_R103_T52TGN_20260627T041901", "scene_datetime_utc": "2026-06-27T02:06:49.024000+00:00", "detection_status": "detected", "detection_status_ru": "обнаружено", "lon": 131.97595, "lat": 43.01978, "n_pixels": 2, "zone_area_km2": 0.0008, "cover_m2": 0.0, "p_mean": 0.796, "p_max": 0.827, "cover_m2_km2": 0.0, "h3": "88316c7243fffff", "valid_frac_scene": 0.998, "wind_ms": 2.0, "sea": "спокойное", "scene_reliable": true, "field_event_id": "S4:DOORS3:T23", "field_profile": "B", "field_date": "2024-06-10", "field_distance_km": 6994.6, "field_date_gap_days": 747, "field_conc_items_km2": 102.37, "conc_A_items_km2": null, "conc_A_lo80": null, "conc_A_hi80": null, "conc_A_lo95": null, "conc_A_hi95": null, "conc_A_status": "unavailable", "conc_A_status_ru": "концентрация недоступна", "conc_A_reasons": "вне бассейна профиля: nw_atlantic_subtropical", "conc_A_model": "conc-A-c6bce5631d2b", "conc_B_items_km2": null, "conc_B_lo80": null, "conc_B_hi80": null, "conc_B_lo95": null, "conc_B_hi95": null, "conc_B_status": "unavailable", "conc_B_status_ru": "концентрация недоступна", "conc_B_reasons": "вне бассейна профиля: black_sea", "conc_B_model": "conc-B-c6bce5631d2b"}}, {"type": "Feature", "geometry": {"type": "Polygon", "coordinates": [[[131.6338730694935, 43.019526892319156], [131.63386922183435, 43.019436937034854], [131.6337466262188, 43.019439760206474], [131.63374277875593, 43.019349804911656], [131.6338653741929, 43.019346981748846], [131.63386152656918, 43.01925702646115], [131.63411056501374, 43.01934133502974], [131.63411441301233, 43.01943129029808], [131.63399181743222, 43.01943411373205], [131.63399566526994, 43.01952406900753], [131.6338730694935, 43.019526892319156]]]}, "properties": {"zone_id": "vladivostok-2026-06-27-403", "aoi": "vladivostok", "date": "2026-06-27", "scene_id": "S2B_MSIL2A_20260627T020649_R103_T52TGN_20260627T041901", "scene_datetime_utc": "2026-06-27T02:06:49.024000+00:00", "detection_status": "detected", "detection_status_ru": "обнаружено", "lon": 131.63393, "lat": 43.01939, "n_pixels": 1, "zone_area_km2": 0.0005, "cover_m2": 2.4, "p_mean": 0.6, "p_max": 0.6, "cover_m2_km2": 4800.0, "h3": "88316c4f1bfffff", "valid_frac_scene": 0.998, "wind_ms": 2.0, "sea": "спокойное", "scene_reliable": true, "field_event_id": "S4:DOORS3:T23", "field_profile": "B", "field_date": "2024-06-10", "field_distance_km": 6971.5, "field_date_gap_days": 747, "field_conc_items_km2": 102.37, "conc_A_items_km2": null, "conc_A_lo80": null, "conc_A_hi80": null, "conc_A_lo95": null, "conc_A_hi95": null, "conc_A_status": "unavailable", "conc_A_status_ru": "концентрация недоступна", "conc_A_reasons": "вне бассейна профиля: nw_atlantic_subtropical", "conc_A_model": "conc-A-c6bce5631d2b", "conc_B_items_km2": null, "conc_B_lo80": null, "conc_B_hi80": null, "conc_B_lo95": null, "conc_B_hi95": null, "conc_B_status": "unavailable", "conc_B_status_ru": "концентрация недоступна", "conc_B_reasons": "вне бассейна профиля: black_sea", "conc_B_model": "conc-B-c6bce5631d2b"}}, {"type": "Feature", "geometry": {"type": "Polygon", "coordinates": [[[131.63743604554708, 43.01962487307822], [131.6374321926735, 43.019534918053466], [131.6373095972146, 43.019537745046684], [131.63730574453731, 43.019447790011384], [131.6374283398176, 43.019444963027], [131.63742063415904, 43.019265052969], [131.63729803923593, 43.0192678799357], [131.63729418661183, 43.01917792489531], [131.63753552311965, 43.01908231582401], [131.63753937608317, 43.019172270848415], [131.63766197079224, 43.019169443628215], [131.63766582395212, 43.019259398642085], [131.63754322906445, 43.019262225871124], [131.63755093508016, 43.019442135911454], [131.637673530325, 43.01943930866472], [131.63767738353803, 43.01952926367352], [131.63743604554708, 43.01962487307822]]]}, "properties": {"zone_id": "vladivostok-2026-06-27-404", "aoi": "vladivostok", "date": "2026-06-27", "scene_id": "S2B_MSIL2A_20260627T020649_R103_T52TGN_20260627T041901", "scene_datetime_utc": "2026-06-27T02:06:49.024000+00:00", "detection_status": "detected", "detection_status_ru": "обнаружено", "lon": 131.63749, "lat": 43.01935, "n_pixels": 2, "zone_area_km2": 0.001, "cover_m2": 5.1, "p_mean": 0.831, "p_max": 0.929, "cover_m2_km2": 5100.0, "h3": "88316c4e27fffff", "valid_frac_scene": 0.998, "wind_ms": 2.0, "sea": "спокойное", "scene_reliable": true, "field_event_id": "S4:DOORS3:T23", "field_profile": "B", "field_date": "2024-06-10", "field_distance_km": 6971.7, "field_date_gap_days": 747, "field_conc_items_km2": 102.37, "conc_A_items_km2": null, "conc_A_lo80": null, "conc_A_hi80": null, "conc_A_lo95": null, "conc_A_hi95": null, "conc_A_status": "unavailable", "conc_A_status_ru": "концентрация недоступна", "conc_A_reasons": "вне бассейна профиля: nw_atlantic_subtropical", "conc_A_model": "conc-A-c6bce5631d2b", "conc_B_items_km2": null, "conc_B_lo80": null, "conc_B_hi80": null, "conc_B_lo95": null, "conc_B_hi95": null, "conc_B_status": "unavailable", "conc_B_status_ru": "концентрация недоступна", "conc_B_reasons": "вне бассейна профиля: black_sea", "conc_B_model": "conc-B-c6bce5631d2b"}}, {"type": "Feature", "geometry": {"type": "Polygon", "coordinates": [[[131.956564411209, 43.01848299670301], [131.9565600927012, 43.0183930661825], [131.95643753293243, 43.018396234895754], [131.9564332146229, 43.01830630436357], [131.95655577421326, 43.01830313566022], [131.95655145574523, 43.01821320513618], [131.956919133862, 43.018203698269495], [131.95692345286517, 43.01829362876383], [131.95704601237605, 43.01829045953625], [131.9570503315775, 43.01838039001891], [131.95692777188822, 43.01838355925639], [131.95693209093116, 43.01847348974718], [131.956564411209, 43.01848299670301]]]}, "properties": {"zone_id": "vladivostok-2026-06-27-405", "aoi": "vladivostok", "date": "2026-06-27", "scene_id": "S2B_MSIL2A_20260627T020649_R103_T52TGN_20260627T041901", "scene_datetime_utc": "2026-06-27T02:06:49.024000+00:00", "detection_status": "detected", "detection_status_ru": "обнаружено", "lon": 131.95674, "lat": 43.01834, "n_pixels": 3, "zone_area_km2": 0.0011, "cover_m2": 17.6, "p_mean": 0.685, "p_max": 0.792, "cover_m2_km2": 16000.0, "h3": "88316c726bfffff", "valid_frac_scene": 0.998, "wind_ms": 2.0, "sea": "спокойное", "scene_reliable": true, "field_event_id": "S4:DOORS3:T23", "field_profile": "B", "field_date": "2024-06-10", "field_distance_km": 6993.4, "field_date_gap_days": 747, "field_conc_items_km2": 102.37, "conc_A_items_km2": null, "conc_A_lo80": null, "conc_A_hi80": null, "conc_A_lo95": null, "conc_A_hi95": null, "conc_A_status": "unavailable", "conc_A_status_ru": "концентрация недоступна", "conc_A_reasons": "вне бассейна профиля: nw_atlantic_subtropical", "conc_A_model": "conc-A-c6bce5631d2b", "conc_B_items_km2": null, "conc_B_lo80": null, "conc_B_hi80": null, "conc_B_lo95": null, "conc_B_hi95": null, "conc_B_status": "unavailable", "conc_B_status_ru": "концентрация недоступна", "conc_B_reasons": "вне бассейна профиля: black_sea", "conc_B_model": "conc-B-c6bce5631d2b"}}, {"type": "Feature", "geometry": {"type": "Polygon", "coordinates": [[[131.94942574474499, 43.01803704831291], [131.94942143672222, 43.01794711720626], [131.9492988770512, 43.017950278249074], [131.94929456922665, 43.01786034713077], [131.9494171287193, 43.01785718609785], [131.94941282073617, 43.01776725498765], [131.94965793930524, 43.017760932548406], [131.94966224764514, 43.01785086363883], [131.94978480707832, 43.01784770221274], [131.9497891156164, 43.01793763329152], [131.94966655600481, 43.01794079472749], [131.94967086438433, 43.01803072581437], [131.94942574474499, 43.01803704831291]]]}, "properties": {"zone_id": "vladivostok-2026-06-27-406", "aoi": "vladivostok", "date": "2026-06-27", "scene_id": "S2B_MSIL2A_20260627T020649_R103_T52TGN_20260627T041901", "scene_datetime_utc": "2026-06-27T02:06:49.024000+00:00", "detection_status": "detected", "detection_status_ru": "обнаружено", "lon": 131.94954, "lat": 43.0179, "n_pixels": 2, "zone_area_km2": 0.0008, "cover_m2": 14.5, "p_mean": 0.573, "p_max": 0.588, "cover_m2_km2": 18125.0, "h3": "88316c7261fffff", "valid_frac_scene": 0.998, "wind_ms": 2.0, "sea": "спокойное", "scene_reliable": true, "field_event_id": "S4:DOORS3:T23", "field_profile": "B", "field_date": "2024-06-10", "field_distance_km": 6992.9, "field_date_gap_days": 747, "field_conc_items_km2": 102.37, "conc_A_items_km2": null, "conc_A_lo80": null, "conc_A_hi80": null, "conc_A_lo95": null, "conc_A_hi95": null, "conc_A_status": "unavailable", "conc_A_status_ru": "концентрация недоступна", "conc_A_reasons": "вне бассейна профиля: nw_atlantic_subtropical", "conc_A_model": "conc-A-c6bce5631d2b", "conc_B_items_km2": null, "conc_B_lo80": null, "conc_B_hi80": null, "conc_B_lo95": null, "conc_B_hi95": null, "conc_B_status": "unavailable", "conc_B_status_ru": "концентрация недоступна", "conc_B_reasons": "вне бассейна профиля: black_sea", "conc_B_model": "conc-B-c6bce5631d2b"}}, {"type": "Feature", "geometry": {"type": "Polygon", "coordinates": [[[131.96069684155987, 43.01765574062019], [131.96069251714636, 43.017565810422525], [131.96056995948058, 43.01756898351228], [131.9605656352653, 43.017479053302914], [131.9606881927527, 43.01747588022308], [131.960683868379, 43.017385950021875], [131.96093330766783, 43.01746953367027], [131.96093763241822, 43.01755946384988], [131.9608150747922, 43.017562637201735], [131.96081939938412, 43.017652567389476], [131.96069684155987, 43.01765574062019]]]}, "properties": {"zone_id": "vladivostok-2026-06-27-407", "aoi": "vladivostok", "date": "2026-06-27", "scene_id": "S2B_MSIL2A_20260627T020649_R103_T52TGN_20260627T041901", "scene_datetime_utc": "2026-06-27T02:06:49.024000+00:00", "detection_status": "detected", "detection_status_ru": "обнаружено", "lon": 131.96075, "lat": 43.01752, "n_pixels": 1, "zone_area_km2": 0.0005, "cover_m2": 6.3, "p_mean": 0.525, "p_max": 0.525, "cover_m2_km2": 12600.0, "h3": "88316c7247fffff", "valid_frac_scene": 0.998, "wind_ms": 2.0, "sea": "спокойное", "scene_reliable": true, "field_event_id": "S4:DOORS3:T23", "field_profile": "B", "field_date": "2024-06-10", "field_distance_km": 6993.7, "field_date_gap_days": 747, "field_conc_items_km2": 102.37, "conc_A_items_km2": null, "conc_A_lo80": null, "conc_A_hi80": null, "conc_A_lo95": null, "conc_A_hi95": null, "conc_A_status": "unavailable", "conc_A_status_ru": "концентрация недоступна", "conc_A_reasons": "вне бассейна профиля: nw_atlantic_subtropical", "conc_A_model": "conc-A-c6bce5631d2b", "conc_B_items_km2": null, "conc_B_lo80": null, "conc_B_hi80": null, "conc_B_lo95": null, "conc_B_hi95": null, "conc_B_status": "unavailable", "conc_B_status_ru": "концентрация недоступна", "conc_B_reasons": "вне бассейна профиля: black_sea", "conc_B_model": "conc-B-c6bce5631d2b"}}, {"type": "Feature", "geometry": {"type": "Polygon", "coordinates": [[[131.9529584059723, 43.01749566665855], [131.95295409287576, 43.017405735829776], [131.95283153467173, 43.0174089006237], [131.9528229088949, 43.01722903894106], [131.95294546674216, 43.01722587416692], [131.95294115370515, 43.01713594333284], [131.95318626898344, 43.01712961341118], [131.9531905823772, 43.017219544225476], [131.95331314016497, 43.01721637905818], [131.95331745375697, 43.01730630986081], [131.95319489579083, 43.017309475038], [131.95319920922427, 43.01739940584875], [131.9529584059723, 43.01749566665855]]]}, "properties": {"zone_id": "vladivostok-2026-06-27-408", "aoi": "vladivostok", "date": "2026-06-27", "scene_id": "S2B_MSIL2A_20260627T020649_R103_T52TGN_20260627T041901", "scene_datetime_utc": "2026-06-27T02:06:49.024000+00:00", "detection_status": "detected", "detection_status_ru": "обнаружено", "lon": 131.95305, "lat": 43.0173, "n_pixels": 3, "zone_area_km2": 0.001, "cover_m2": 17.3, "p_mean": 0.767, "p_max": 0.965, "cover_m2_km2": 17300.0, "h3": "88316c726bfffff", "valid_frac_scene": 0.998, "wind_ms": 2.0, "sea": "спокойное", "scene_reliable": true, "field_event_id": "S4:DOORS3:T23", "field_profile": "B", "field_date": "2024-06-10", "field_distance_km": 6993.2, "field_date_gap_days": 747, "field_conc_items_km2": 102.37, "conc_A_items_km2": null, "conc_A_lo80": null, "conc_A_hi80": null, "conc_A_lo95": null, "conc_A_hi95": null, "conc_A_status": "unavailable", "conc_A_status_ru": "концентрация недоступна", "conc_A_reasons": "вне бассейна профиля: nw_atlantic_subtropical", "conc_A_model": "conc-A-c6bce5631d2b", "conc_B_items_km2": null, "conc_B_lo80": null, "conc_B_hi80": null, "conc_B_lo95": null, "conc_B_hi95": null, "conc_B_status": "unavailable", "conc_B_status_ru": "концентрация недоступна", "conc_B_reasons": "вне бассейна профиля: black_sea", "conc_B_model": "conc-B-c6bce5631d2b"}}, {"type": "Feature", "geometry": {"type": "Polygon", "coordinates": [[[131.63304518124593, 43.017384900871846], [131.63304133508313, 43.01729494549387], [131.63291874364722, 43.0172977676667], [131.63291489768073, 43.01720781227821], [131.63303748893804, 43.0172049901142], [131.6330336428107, 43.01711503473283], [131.63315623387174, 43.01711221244649], [131.6331523875835, 43.01702225707225], [131.6334014159408, 43.017106567480326], [131.63340526260387, 43.017196522835214], [131.63328267139966, 43.0171993453927], [131.63328651790187, 43.017289300754726], [131.63304518124593, 43.017384900871846]]]}, "properties": {"zone_id": "vladivostok-2026-06-27-409", "aoi": "vladivostok", "date": "2026-06-27", "scene_id": "S2B_MSIL2A_20260627T020649_R103_T52TGN_20260627T041901", "scene_datetime_utc": "2026-06-27T02:06:49.024000+00:00", "detection_status": "detected", "detection_status_ru": "обнаружено", "lon": 131.63316, "lat": 43.0172, "n_pixels": 2, "zone_area_km2": 0.0008, "cover_m2": 8.2, "p_mean": 0.62, "p_max": 0.667, "cover_m2_km2": 10250.0, "h3": "88316c4f1bfffff", "valid_frac_scene": 0.998, "wind_ms": 2.0, "sea": "спокойное", "scene_reliable": true, "field_event_id": "S4:DOORS3:T23", "field_profile": "B", "field_date": "2024-06-10", "field_distance_km": 6971.6, "field_date_gap_days": 747, "field_conc_items_km2": 102.37, "conc_A_items_km2": null, "conc_A_lo80": null, "conc_A_hi80": null, "conc_A_lo95": null, "conc_A_hi95": null, "conc_A_status": "unavailable", "conc_A_status_ru": "концентрация недоступна", "conc_A_reasons": "вне бассейна профиля: nw_atlantic_subtropical", "conc_A_model": "conc-A-c6bce5631d2b", "conc_B_items_km2": null, "conc_B_lo80": null, "conc_B_hi80": null, "conc_B_lo95": null, "conc_B_hi95": null, "conc_B_status": "unavailable", "conc_B_status_ru": "концентрация недоступна", "conc_B_reasons": "вне бассейна профиля: black_sea", "conc_B_model": "conc-B-c6bce5631d2b"}}, {"type": "Feature", "geometry": {"type": "Polygon", "coordinates": [[[131.95049430602737, 43.017289144750094], [131.95048999655782, 43.01719921371826], [131.9503674384922, 43.01720237586149], [131.95036312922085, 43.017112444818004], [131.95048568710808, 43.01710928268465], [131.95048137767816, 43.01701935164928], [131.9507264930364, 43.017013027009206], [131.95073080282305, 43.01710295802481], [131.9508533606508, 43.017099795498304], [131.95085767063566, 43.01718972650226], [131.95073511262953, 43.01719288903864], [131.95073942245583, 43.01728282005072], [131.95049430602737, 43.017289144750094]]]}, "properties": {"zone_id": "vladivostok-2026-06-27-410", "aoi": "vladivostok", "date": "2026-06-27", "scene_id": "S2B_MSIL2A_20260627T020649_R103_T52TGN_20260627T041901", "scene_datetime_utc": "2026-06-27T02:06:49.024000+00:00", "detection_status": "detected", "detection_status_ru": "обнаружено", "lon": 131.95061, "lat": 43.01715, "n_pixels": 2, "zone_area_km2": 0.0008, "cover_m2": 12.9, "p_mean": 0.908, "p_max": 0.929, "cover_m2_km2": 16125.0, "h3": "88316c726bfffff", "valid_frac_scene": 0.998, "wind_ms": 2.0, "sea": "спокойное", "scene_reliable": true, "field_event_id": "S4:DOORS3:T23", "field_profile": "B", "field_date": "2024-06-10", "field_distance_km": 6993.0, "field_date_gap_days": 747, "field_conc_items_km2": 102.37, "conc_A_items_km2": null, "conc_A_lo80": null, "conc_A_hi80": null, "conc_A_lo95": null, "conc_A_hi95": null, "conc_A_status": "unavailable", "conc_A_status_ru": "концентрация недоступна", "conc_A_reasons": "вне бассейна профиля: nw_atlantic_subtropical", "conc_A_model": "conc-A-c6bce5631d2b", "conc_B_items_km2": null, "conc_B_lo80": null, "conc_B_hi80": null, "conc_B_lo95": null, "conc_B_hi95": null, "conc_B_status": "unavailable", "conc_B_status_ru": "концентрация недоступна", "conc_B_reasons": "вне бассейна профиля: black_sea", "conc_B_model": "conc-B-c6bce5631d2b"}}, {"type": "Feature", "geometry": {"type": "Polygon", "coordinates": [[[131.98005637789464, 43.01706281616526], [131.98005202531988, 43.016972887537975], [131.9798025644342, 43.016889346327716], [131.97979821225618, 43.01679941767694], [131.97992076625331, 43.01679622404306], [131.97991641391695, 43.01670629540049], [131.98016152149444, 43.01669990775956], [131.9801658741875, 43.016789836382166], [131.9802884281245, 43.016786642355164], [131.9802971339274, 43.01696649957507], [131.98005637789464, 43.01706281616526]]]}, "properties": {"zone_id": "vladivostok-2026-06-27-411", "aoi": "vladivostok", "date": "2026-06-27", "scene_id": "S2B_MSIL2A_20260627T020649_R103_T52TGN_20260627T041901", "scene_datetime_utc": "2026-06-27T02:06:49.024000+00:00", "detection_status": "detected", "detection_status_ru": "обнаружено", "lon": 131.98007, "lat": 43.01687, "n_pixels": 3, "zone_area_km2": 0.001, "cover_m2": 3.9, "p_mean": 0.69, "p_max": 0.871, "cover_m2_km2": 3900.0, "h3": "88316c725dfffff", "valid_frac_scene": 0.998, "wind_ms": 2.0, "sea": "спокойное", "scene_reliable": true, "field_event_id": "S4:DOORS3:T23", "field_profile": "B", "field_date": "2024-06-10", "field_distance_km": 6995.0, "field_date_gap_days": 747, "field_conc_items_km2": 102.37, "conc_A_items_km2": null, "conc_A_lo80": null, "conc_A_hi80": null, "conc_A_lo95": null, "conc_A_hi95": null, "conc_A_status": "unavailable", "conc_A_status_ru": "концентрация недоступна", "conc_A_reasons": "вне бассейна профиля: nw_atlantic_subtropical", "conc_A_model": "conc-A-c6bce5631d2b", "conc_B_items_km2": null, "conc_B_lo80": null, "conc_B_hi80": null, "conc_B_lo95": null, "conc_B_hi95": null, "conc_B_status": "unavailable", "conc_B_status_ru": "концентрация недоступна", "conc_B_reasons": "вне бассейна профиля: black_sea", "conc_B_model": "conc-B-c6bce5631d2b"}}, {"type": "Feature", "geometry": {"type": "Polygon", "coordinates": [[[131.60442379193407, 43.0166895625459], [131.60441998764296, 43.01659960509772], [131.60429739478406, 43.01660239657779], [131.60429359068902, 43.01651243911918], [131.60441618336938, 43.01650964764785], [131.60441237911326, 43.016419690196294], [131.60466136867748, 43.01650406431171], [131.60466517330826, 43.01659402174413], [131.60454258048435, 43.01659681348651], [131.60454638495406, 43.01668677092596], [131.60442379193407, 43.0166895625459]]]}, "properties": {"zone_id": "vladivostok-2026-06-27-412", "aoi": "vladivostok", "date": "2026-06-27", "scene_id": "S2B_MSIL2A_20260627T020649_R103_T52TGN_20260627T041901", "scene_datetime_utc": "2026-06-27T02:06:49.024000+00:00", "detection_status": "detected", "detection_status_ru": "обнаружено", "lon": 131.60448, "lat": 43.01655, "n_pixels": 1, "zone_area_km2": 0.0005, "cover_m2": 2.7, "p_mean": 0.902, "p_max": 0.902, "cover_m2_km2": 5400.0, "h3": "88316c4f39fffff", "valid_frac_scene": 0.998, "wind_ms": 2.0, "sea": "спокойное", "scene_reliable": true, "field_event_id": "S4:DOORS3:T23", "field_profile": "B", "field_date": "2024-06-10", "field_distance_km": 6969.7, "field_date_gap_days": 747, "field_conc_items_km2": 102.37, "conc_A_items_km2": null, "conc_A_lo80": null, "conc_A_hi80": null, "conc_A_lo95": null, "conc_A_hi95": null, "conc_A_status": "unavailable", "conc_A_status_ru": "концентрация недоступна", "conc_A_reasons": "вне бассейна профиля: nw_atlantic_subtropical", "conc_A_model": "conc-A-c6bce5631d2b", "conc_B_items_km2": null, "conc_B_lo80": null, "conc_B_hi80": null, "conc_B_lo95": null, "conc_B_hi95": null, "conc_B_status": "unavailable", "conc_B_status_ru": "концентрация недоступна", "conc_B_reasons": "вне бассейна профиля: black_sea", "conc_B_model": "conc-B-c6bce5631d2b"}}, {"type": "Feature", "geometry": {"type": "Polygon", "coordinates": [[[131.63323651475366, 43.016119880916115], [131.63323266848155, 43.016029925532045], [131.63311007958092, 43.01603274784365], [131.6331062335051, 43.01594279244905], [131.63322882222718, 43.01593997014627], [131.63322497599046, 43.015850014758804], [131.63347399961825, 43.015934325147235], [131.63347784622974, 43.01602428051535], [131.6333552573645, 43.01602710308928], [131.63335910381517, 43.01611705846452], [131.63323651475366, 43.016119880916115]]]}, "properties": {"zone_id": "vladivostok-2026-06-27-413", "aoi": "vladivostok", "date": "2026-06-27", "scene_id": "S2B_MSIL2A_20260627T020649_R103_T52TGN_20260627T041901", "scene_datetime_utc": "2026-06-27T02:06:49.024000+00:00", "detection_status": "detected", "detection_status_ru": "обнаружено", "lon": 131.63329, "lat": 43.01598, "n_pixels": 1, "zone_area_km2": 0.0005, "cover_m2": 3.1, "p_mean": 0.906, "p_max": 0.906, "cover_m2_km2": 6200.0, "h3": "88316c4f1bfffff", "valid_frac_scene": 0.998, "wind_ms": 2.0, "sea": "спокойное", "scene_reliable": true, "field_event_id": "S4:DOORS3:T23", "field_profile": "B", "field_date": "2024-06-10", "field_distance_km": 6971.7, "field_date_gap_days": 747, "field_conc_items_km2": 102.37, "conc_A_items_km2": null, "conc_A_lo80": null, "conc_A_hi80": null, "conc_A_lo95": null, "conc_A_hi95": null, "conc_A_status": "unavailable", "conc_A_status_ru": "концентрация недоступна", "conc_A_reasons": "вне бассейна профиля: nw_atlantic_subtropical", "conc_A_model": "conc-A-c6bce5631d2b", "conc_B_items_km2": null, "conc_B_lo80": null, "conc_B_hi80": null, "conc_B_lo95": null, "conc_B_hi95": null, "conc_B_status": "unavailable", "conc_B_status_ru": "концентрация недоступна", "conc_B_reasons": "вне бассейна профиля: black_sea", "conc_B_model": "conc-B-c6bce5631d2b"}}, {"type": "Feature", "geometry": {"type": "Polygon", "coordinates": [[[131.96552983662147, 43.01608983215074], [131.965525505392, 43.01599990232181], [131.96540295137643, 43.01600308049454], [131.9653986203453, 43.01591315065391], [131.9655211741825, 43.0159099724911], [131.9655168429929, 43.01582004265863], [131.96576628179713, 43.01590361577235], [131.96577061336336, 43.01599354558317], [131.96564805938766, 43.01599672401801], [131.96565239079544, 43.01608665383702], [131.96552983662147, 43.01608983215074]]]}, "properties": {"zone_id": "vladivostok-2026-06-27-414", "aoi": "vladivostok", "date": "2026-06-27", "scene_id": "S2B_MSIL2A_20260627T020649_R103_T52TGN_20260627T041901", "scene_datetime_utc": "2026-06-27T02:06:49.024000+00:00", "detection_status": "detected", "detection_status_ru": "обнаружено", "lon": 131.96558, "lat": 43.01595, "n_pixels": 1, "zone_area_km2": 0.0005, "cover_m2": 2.4, "p_mean": 0.71, "p_max": 0.71, "cover_m2_km2": 4800.0, "h3": "88316c7247fffff", "valid_frac_scene": 0.998, "wind_ms": 2.0, "sea": "спокойное", "scene_reliable": true, "field_event_id": "S4:DOORS3:T23", "field_profile": "B", "field_date": "2024-06-10", "field_distance_km": 6994.1, "field_date_gap_days": 747, "field_conc_items_km2": 102.37, "conc_A_items_km2": null, "conc_A_lo80": null, "conc_A_hi80": null, "conc_A_lo95": null, "conc_A_hi95": null, "conc_A_status": "unavailable", "conc_A_status_ru": "концентрация недоступна", "conc_A_reasons": "вне бассейна профиля: nw_atlantic_subtropical", "conc_A_model": "conc-A-c6bce5631d2b", "conc_B_items_km2": null, "conc_B_lo80": null, "conc_B_hi80": null, "conc_B_lo95": null, "conc_B_hi95": null, "conc_B_status": "unavailable", "conc_B_status_ru": "концентрация недоступна", "conc_B_reasons": "вне бассейна профиля: black_sea", "conc_B_model": "conc-B-c6bce5631d2b"}}, {"type": "Feature", "geometry": {"type": "Polygon", "coordinates": [[[131.59445201211935, 43.015925708366375], [131.59444822248525, 43.01583575019399], [131.59432563017535, 43.01583853095373], [131.59432184073728, 43.01574857277097], [131.5944444328686, 43.01574579201992], [131.5944406432694, 43.015655833844164], [131.59468961707896, 43.01574023012434], [131.59469340705274, 43.015830188281015], [131.5945708147777, 43.015832969303084], [131.5945746045904, 43.01592292746677], [131.59445201211935, 43.015925708366375]]]}, "properties": {"zone_id": "vladivostok-2026-06-27-415", "aoi": "vladivostok", "date": "2026-06-27", "scene_id": "S2B_MSIL2A_20260627T020649_R103_T52TGN_20260627T041901", "scene_datetime_utc": "2026-06-27T02:06:49.024000+00:00", "detection_status": "detected", "detection_status_ru": "обнаружено", "lon": 131.59451, "lat": 43.01579, "n_pixels": 1, "zone_area_km2": 0.0005, "cover_m2": 0.8, "p_mean": 0.933, "p_max": 0.933, "cover_m2_km2": 1600.0, "h3": "88316c4f3dfffff", "valid_frac_scene": 0.998, "wind_ms": 2.0, "sea": "спокойное", "scene_reliable": true, "field_event_id": "S4:DOORS3:T23", "field_profile": "B", "field_date": "2024-06-10", "field_distance_km": 6969.1, "field_date_gap_days": 747, "field_conc_items_km2": 102.37, "conc_A_items_km2": null, "conc_A_lo80": null, "conc_A_hi80": null, "conc_A_lo95": null, "conc_A_hi95": null, "conc_A_status": "unavailable", "conc_A_status_ru": "концентрация недоступна", "conc_A_reasons": "вне бассейна профиля: nw_atlantic_subtropical", "conc_A_model": "conc-A-c6bce5631d2b", "conc_B_items_km2": null, "conc_B_lo80": null, "conc_B_hi80": null, "conc_B_lo95": null, "conc_B_hi95": null, "conc_B_status": "unavailable", "conc_B_status_ru": "концентрация недоступна", "conc_B_reasons": "вне бассейна профиля: black_sea", "conc_B_model": "conc-B-c6bce5631d2b"}}, {"type": "Feature", "geometry": {"type": "Polygon", "coordinates": [[[131.97852046801103, 43.01575220166344], [131.97851611787672, 43.015662272889806], [131.97839356597788, 43.01566546495255], [131.97838921604196, 43.01557553616718], [131.97851176776243, 43.01557234411441], [131.97850741766814, 43.015482415337246], [131.97862996919025, 43.01547922316342], [131.97862561893763, 43.015389294394446], [131.97887507217445, 43.01547283842267], [131.97887942280377, 43.015562767169904], [131.9787568711433, 43.01556595961577], [131.9787612216143, 43.0156558883712], [131.97852046801103, 43.01575220166344]]]}, "properties": {"zone_id": "vladivostok-2026-06-27-416", "aoi": "vladivostok", "date": "2026-06-27", "scene_id": "S2B_MSIL2A_20260627T020649_R103_T52TGN_20260627T041901", "scene_datetime_utc": "2026-06-27T02:06:49.024000+00:00", "detection_status": "detected", "detection_status_ru": "обнаружено", "lon": 131.97863, "lat": 43.01557, "n_pixels": 2, "zone_area_km2": 0.0008, "cover_m2": 2.7, "p_mean": 0.725, "p_max": 0.949, "cover_m2_km2": 3375.0, "h3": "88316c725dfffff", "valid_frac_scene": 0.998, "wind_ms": 2.0, "sea": "спокойное", "scene_reliable": true, "field_event_id": "S4:DOORS3:T23", "field_profile": "B", "field_date": "2024-06-10", "field_distance_km": 6995.0, "field_date_gap_days": 747, "field_conc_items_km2": 102.37, "conc_A_items_km2": null, "conc_A_lo80": null, "conc_A_hi80": null, "conc_A_lo95": null, "conc_A_hi95": null, "conc_A_status": "unavailable", "conc_A_status_ru": "концентрация недоступна", "conc_A_reasons": "вне бассейна профиля: nw_atlantic_subtropical", "conc_A_model": "conc-A-c6bce5631d2b", "conc_B_items_km2": null, "conc_B_lo80": null, "conc_B_hi80": null, "conc_B_lo95": null, "conc_B_hi95": null, "conc_B_status": "unavailable", "conc_B_status_ru": "концентрация недоступна", "conc_B_reasons": "вне бассейна профиля: black_sea", "conc_B_model": "conc-B-c6bce5631d2b"}}, {"type": "Feature", "geometry": {"type": "Polygon", "coordinates": [[[131.71393985467682, 43.01522380494441], [131.71393589073475, 43.015133855474154], [131.71381331169454, 43.01513676417423], [131.7138093479492, 43.01504681469317], [131.71393192681091, 43.01504390600219], [131.7139279629053, 43.014953956528515], [131.7141770844796, 43.01503808822686], [131.71418104876042, 43.01512803768063], [131.7140584697567, 43.01513094664295], [131.7140624338773, 43.01522089610411], [131.71393985467682, 43.01522380494441]]]}, "properties": {"zone_id": "vladivostok-2026-06-27-417", "aoi": "vladivostok", "date": "2026-06-27", "scene_id": "S2B_MSIL2A_20260627T020649_R103_T52TGN_20260627T041901", "scene_datetime_utc": "2026-06-27T02:06:49.024000+00:00", "detection_status": "detected", "detection_status_ru": "обнаружено", "lon": 131.714, "lat": 43.01509, "n_pixels": 1, "zone_area_km2": 0.0005, "cover_m2": 5.9, "p_mean": 0.98, "p_max": 0.98, "cover_m2_km2": 11800.0, "h3": "88316c4ec9fffff", "valid_frac_scene": 0.998, "wind_ms": 2.0, "sea": "спокойное", "scene_reliable": true, "field_event_id": "S4:DOORS3:T23", "field_profile": "B", "field_date": "2024-06-10", "field_distance_km": 6977.2, "field_date_gap_days": 747, "field_conc_items_km2": 102.37, "conc_A_items_km2": null, "conc_A_lo80": null, "conc_A_hi80": null, "conc_A_lo95": null, "conc_A_hi95": null, "conc_A_status": "unavailable", "conc_A_status_ru": "концентрация недоступна", "conc_A_reasons": "вне бассейна профиля: nw_atlantic_subtropical", "conc_A_model": "conc-A-c6bce5631d2b", "conc_B_items_km2": null, "conc_B_lo80": null, "conc_B_hi80": null, "conc_B_lo95": null, "conc_B_hi95": null, "conc_B_status": "unavailable", "conc_B_status_ru": "концентрация недоступна", "conc_B_reasons": "вне бассейна профиля: black_sea", "conc_B_model": "conc-B-c6bce5631d2b"}}, {"type": "Feature", "geometry": {"type": "Polygon", "coordinates": [[[131.95612931144223, 43.01453238857194], [131.95612499416524, 43.01444245795385], [131.95600244220472, 43.014445625969266], [131.95599812512597, 43.014355695339496], [131.9561206769081, 43.01435252733398], [131.95611635967086, 43.01426259671234], [131.9563614628189, 43.014256260328], [131.95636578041288, 43.01434619092983], [131.95648833213545, 43.01434302253119], [131.9564926499276, 43.014432953121364], [131.95637009802667, 43.01443612152989], [131.95637441566035, 43.01452605212819], [131.95612931144223, 43.01453238857194]]]}, "properties": {"zone_id": "vladivostok-2026-06-27-418", "aoi": "vladivostok", "date": "2026-06-27", "scene_id": "S2B_MSIL2A_20260627T020649_R103_T52TGN_20260627T041901", "scene_datetime_utc": "2026-06-27T02:06:49.024000+00:00", "detection_status": "detected", "detection_status_ru": "обнаружено", "lon": 131.95625, "lat": 43.01439, "n_pixels": 2, "zone_area_km2": 0.0008, "cover_m2": 6.7, "p_mean": 0.649, "p_max": 0.741, "cover_m2_km2": 8375.0, "h3": "88316c726bfffff", "valid_frac_scene": 0.998, "wind_ms": 2.0, "sea": "спокойное", "scene_reliable": true, "field_event_id": "S4:DOORS3:T23", "field_profile": "B", "field_date": "2024-06-10", "field_distance_km": 6993.6, "field_date_gap_days": 747, "field_conc_items_km2": 102.37, "conc_A_items_km2": null, "conc_A_lo80": null, "conc_A_hi80": null, "conc_A_lo95": null, "conc_A_hi95": null, "conc_A_status": "unavailable", "conc_A_status_ru": "концентрация недоступна", "conc_A_reasons": "вне бассейна профиля: nw_atlantic_subtropical", "conc_A_model": "conc-A-c6bce5631d2b", "conc_B_items_km2": null, "conc_B_lo80": null, "conc_B_hi80": null, "conc_B_lo95": null, "conc_B_hi95": null, "conc_B_status": "unavailable", "conc_B_status_ru": "концентрация недоступна", "conc_B_reasons": "вне бассейна профиля: black_sea", "conc_B_model": "conc-B-c6bce5631d2b"}}, {"type": "Feature", "geometry": {"type": "Polygon", "coordinates": [[[131.6331519008559, 43.01414086207458], [131.6331480549732, 43.01405090665319], [131.6330254700006, 43.014053728770676], [131.6330216243141, 43.01396377333876], [131.63314420910817, 43.01396095123009], [131.63314036326082, 43.0138709958053], [131.6333893786432, 43.01395530661932], [131.63339322486527, 43.01404526202478], [131.6332706399281, 43.01404808440456], [131.63327448598935, 43.01413803981711], [131.6331519008559, 43.01414086207458]]]}, "properties": {"zone_id": "vladivostok-2026-06-27-419", "aoi": "vladivostok", "date": "2026-06-27", "scene_id": "S2B_MSIL2A_20260627T020649_R103_T52TGN_20260627T041901", "scene_datetime_utc": "2026-06-27T02:06:49.024000+00:00", "detection_status": "detected", "detection_status_ru": "обнаружено", "lon": 131.63321, "lat": 43.014, "n_pixels": 1, "zone_area_km2": 0.0005, "cover_m2": 3.1, "p_mean": 0.878, "p_max": 0.878, "cover_m2_km2": 6200.0, "h3": "88316c4c4dfffff", "valid_frac_scene": 0.998, "wind_ms": 2.0, "sea": "спокойное", "scene_reliable": true, "field_event_id": "S4:DOORS3:T23", "field_profile": "B", "field_date": "2024-06-10", "field_distance_km": 6971.8, "field_date_gap_days": 747, "field_conc_items_km2": 102.37, "conc_A_items_km2": null, "conc_A_lo80": null, "conc_A_hi80": null, "conc_A_lo95": null, "conc_A_hi95": null, "conc_A_status": "unavailable", "conc_A_status_ru": "концентрация недоступна", "conc_A_reasons": "вне бассейна профиля: nw_atlantic_subtropical", "conc_A_model": "conc-A-c6bce5631d2b", "conc_B_items_km2": null, "conc_B_lo80": null, "conc_B_hi80": null, "conc_B_lo95": null, "conc_B_hi95": null, "conc_B_status": "unavailable", "conc_B_status_ru": "концентрация недоступна", "conc_B_reasons": "вне бассейна профиля: black_sea", "conc_B_model": "conc-B-c6bce5631d2b"}}, {"type": "Feature", "geometry": {"type": "Polygon", "coordinates": [[[131.97009144967765, 43.013990515773585], [131.9700871121099, 43.013900586283484], [131.9698376762302, 43.01381702250743], [131.969833339059, 43.01372709299389], [131.9699558880566, 43.01372391021144], [131.96995155072702, 43.01363398070608], [131.9701966483057, 43.013627614768], [131.9702009859919, 43.01371754425346], [131.97032353492963, 43.01371436107792], [131.97033221071862, 43.01389422002363], [131.97009144967765, 43.013990515773585]]]}, "properties": {"zone_id": "vladivostok-2026-06-27-420", "aoi": "vladivostok", "date": "2026-06-27", "scene_id": "S2B_MSIL2A_20260627T020649_R103_T52TGN_20260627T041901", "scene_datetime_utc": "2026-06-27T02:06:49.024000+00:00", "detection_status": "detected", "detection_status_ru": "обнаружено", "lon": 131.9701, "lat": 43.0138, "n_pixels": 3, "zone_area_km2": 0.001, "cover_m2": 15.3, "p_mean": 0.962, "p_max": 0.996, "cover_m2_km2": 15300.0, "h3": "88316c7209fffff", "valid_frac_scene": 0.998, "wind_ms": 2.0, "sea": "спокойное", "scene_reliable": true, "field_event_id": "S4:DOORS3:T23", "field_profile": "B", "field_date": "2024-06-10", "field_distance_km": 6994.6, "field_date_gap_days": 747, "field_conc_items_km2": 102.37, "conc_A_items_km2": null, "conc_A_lo80": null, "conc_A_hi80": null, "conc_A_lo95": null, "conc_A_hi95": null, "conc_A_status": "unavailable", "conc_A_status_ru": "концентрация недоступна", "conc_A_reasons": "вне бассейна профиля: nw_atlantic_subtropical", "conc_A_model": "conc-A-c6bce5631d2b", "conc_B_items_km2": null, "conc_B_lo80": null, "conc_B_hi80": null, "conc_B_lo95": null, "conc_B_hi95": null, "conc_B_status": "unavailable", "conc_B_status_ru": "концентрация недоступна", "conc_B_reasons": "вне бассейна профиля: black_sea", "conc_B_model": "conc-B-c6bce5631d2b"}}, {"type": "Feature", "geometry": {"type": "Polygon", "coordinates": [[[131.76100085364686, 43.013917276496635], [131.76099682120463, 43.01382733054512], [131.76087424958592, 43.01383028957444], [131.76086618511408, 43.01365039764772], [131.7611072950541, 43.01355453354755], [131.7611113276191, 43.013644479494985], [131.76123389884378, 43.01364152022196], [131.76124196438641, 43.01382141209317], [131.76100085364686, 43.013917276496635]]]}, "properties": {"zone_id": "vladivostok-2026-06-27-421", "aoi": "vladivostok", "date": "2026-06-27", "scene_id": "S2B_MSIL2A_20260627T020649_R103_T52TGN_20260627T041901", "scene_datetime_utc": "2026-06-27T02:06:49.024000+00:00", "detection_status": "detected", "detection_status_ru": "обнаружено", "lon": 131.76105, "lat": 43.01374, "n_pixels": 2, "zone_area_km2": 0.0008, "cover_m2": 5.5, "p_mean": 0.814, "p_max": 0.859, "cover_m2_km2": 6875.0, "h3": "88316c45c5fffff", "valid_frac_scene": 0.998, "wind_ms": 2.0, "sea": "спокойное", "scene_reliable": true, "field_event_id": "S4:DOORS3:T23", "field_profile": "B", "field_date": "2024-06-10", "field_distance_km": 6980.4, "field_date_gap_days": 747, "field_conc_items_km2": 102.37, "conc_A_items_km2": null, "conc_A_lo80": null, "conc_A_hi80": null, "conc_A_lo95": null, "conc_A_hi95": null, "conc_A_status": "unavailable", "conc_A_status_ru": "концентрация недоступна", "conc_A_reasons": "вне бассейна профиля: nw_atlantic_subtropical", "conc_A_model": "conc-A-c6bce5631d2b", "conc_B_items_km2": null, "conc_B_lo80": null, "conc_B_hi80": null, "conc_B_lo95": null, "conc_B_hi95": null, "conc_B_status": "unavailable", "conc_B_status_ru": "концентрация недоступна", "conc_B_reasons": "вне бассейна профиля: black_sea", "conc_B_model": "conc-B-c6bce5631d2b"}}, {"type": "Feature", "geometry": {"type": "Polygon", "coordinates": [[[131.76038799447542, 43.013932070378466], [131.76038396292554, 43.0138421243807], [131.7601347883096, 43.013758094979224], [131.76013075715372, 43.01366814895951], [131.7602533285268, 43.0136651907353], [131.760249297211, 43.01357524472313], [131.76012672601638, 43.013578202938085], [131.76012269489758, 43.01348825691495], [131.76024526591377, 43.01348529870922], [131.76024123463506, 43.01339535269359], [131.7604904078905, 43.01347938190449], [131.76049847121737, 43.01365927389358], [131.7606210425348, 43.013656315276066], [131.76062910629284, 43.013836207239784], [131.76038799447542, 43.013932070378466]]]}, "properties": {"zone_id": "vladivostok-2026-06-27-422", "aoi": "vladivostok", "date": "2026-06-27", "scene_id": "S2B_MSIL2A_20260627T020649_R103_T52TGN_20260627T041901", "scene_datetime_utc": "2026-06-27T02:06:49.024000+00:00", "detection_status": "detected", "detection_status_ru": "обнаружено", "lon": 131.76038, "lat": 43.01368, "n_pixels": 4, "zone_area_km2": 0.0014, "cover_m2": 13.3, "p_mean": 0.895, "p_max": 0.976, "cover_m2_km2": 9500.0, "h3": "88316c45c5fffff", "valid_frac_scene": 0.998, "wind_ms": 2.0, "sea": "спокойное", "scene_reliable": true, "field_event_id": "S4:DOORS3:T23", "field_profile": "B", "field_date": "2024-06-10", "field_distance_km": 6980.4, "field_date_gap_days": 747, "field_conc_items_km2": 102.37, "conc_A_items_km2": null, "conc_A_lo80": null, "conc_A_hi80": null, "conc_A_lo95": null, "conc_A_hi95": null, "conc_A_status": "unavailable", "conc_A_status_ru": "концентрация недоступна", "conc_A_reasons": "вне бассейна профиля: nw_atlantic_subtropical", "conc_A_model": "conc-A-c6bce5631d2b", "conc_B_items_km2": null, "conc_B_lo80": null, "conc_B_hi80": null, "conc_B_lo95": null, "conc_B_hi95": null, "conc_B_status": "unavailable", "conc_B_status_ru": "концентрация недоступна", "conc_B_reasons": "вне бассейна профиля: black_sea", "conc_B_model": "conc-B-c6bce5631d2b"}}, {"type": "Feature", "geometry": {"type": "Polygon", "coordinates": [[[131.9606291361612, 43.01369563745511], [131.96062481244465, 43.01360570718953], [131.96050226264626, 43.01360887997395], [131.96049793912795, 43.01351894969669], [131.96062048874796, 43.01351577692218], [131.96061616507117, 43.013425846653064], [131.96086558792834, 43.013509430980086], [131.9608699119817, 43.013599361227605], [131.96074736222312, 43.01360253427408], [131.96075168611802, 43.01369246452975], [131.9606291361612, 43.01369563745511]]]}, "properties": {"zone_id": "vladivostok-2026-06-27-423", "aoi": "vladivostok", "date": "2026-06-27", "scene_id": "S2B_MSIL2A_20260627T020649_R103_T52TGN_20260627T041901", "scene_datetime_utc": "2026-06-27T02:06:49.024000+00:00", "detection_status": "detected", "detection_status_ru": "обнаружено", "lon": 131.96068, "lat": 43.01356, "n_pixels": 1, "zone_area_km2": 0.0005, "cover_m2": 1.2, "p_mean": 0.976, "p_max": 0.976, "cover_m2_km2": 2400.0, "h3": "88316c7247fffff", "valid_frac_scene": 0.998, "wind_ms": 2.0, "sea": "спокойное", "scene_reliable": true, "field_event_id": "S4:DOORS3:T23", "field_profile": "B", "field_date": "2024-06-10", "field_distance_km": 6993.9, "field_date_gap_days": 747, "field_conc_items_km2": 102.37, "conc_A_items_km2": null, "conc_A_lo80": null, "conc_A_hi80": null, "conc_A_lo95": null, "conc_A_hi95": null, "conc_A_status": "unavailable", "conc_A_status_ru": "концентрация недоступна", "conc_A_reasons": "вне бассейна профиля: nw_atlantic_subtropical", "conc_A_model": "conc-A-c6bce5631d2b", "conc_B_items_km2": null, "conc_B_lo80": null, "conc_B_hi80": null, "conc_B_lo95": null, "conc_B_hi95": null, "conc_B_status": "unavailable", "conc_B_status_ru": "концентрация недоступна", "conc_B_reasons": "вне бассейна профиля: black_sea", "conc_B_model": "conc-B-c6bce5631d2b"}}, {"type": "Feature", "geometry": {"type": "Polygon", "coordinates": [[[131.94061457681352, 43.01340168591913], [131.94061028234478, 43.01331175402657], [131.94048773092018, 43.01331490536339], [131.94048343664957, 43.01322497345922], [131.94060598789585, 43.013221822132245], [131.94060169346665, 43.01313189023617], [131.9408510903291, 43.01321551908521], [131.9408553851347, 43.01330545095982], [131.94073283374965, 43.013308602558716], [131.9407371283967, 43.01339853444142], [131.94061457681352, 43.01340168591913]]]}, "properties": {"zone_id": "vladivostok-2026-06-27-424", "aoi": "vladivostok", "date": "2026-06-27", "scene_id": "S2B_MSIL2A_20260627T020649_R103_T52TGN_20260627T041901", "scene_datetime_utc": "2026-06-27T02:06:49.024000+00:00", "detection_status": "detected", "detection_status_ru": "обнаружено", "lon": 131.94067, "lat": 43.01327, "n_pixels": 1, "zone_area_km2": 0.0005, "cover_m2": 2.4, "p_mean": 0.812, "p_max": 0.812, "cover_m2_km2": 4800.0, "h3": "88316c7265fffff", "valid_frac_scene": 0.998, "wind_ms": 2.0, "sea": "спокойное", "scene_reliable": true, "field_event_id": "S4:DOORS3:T23", "field_profile": "B", "field_date": "2024-06-10", "field_distance_km": 6992.6, "field_date_gap_days": 747, "field_conc_items_km2": 102.37, "conc_A_items_km2": null, "conc_A_lo80": null, "conc_A_hi80": null, "conc_A_lo95": null, "conc_A_hi95": null, "conc_A_status": "unavailable", "conc_A_status_ru": "концентрация недоступна", "conc_A_reasons": "вне бассейна профиля: nw_atlantic_subtropical", "conc_A_model": "conc-A-c6bce5631d2b", "conc_B_items_km2": null, "conc_B_lo80": null, "conc_B_hi80": null, "conc_B_lo95": null, "conc_B_hi95": null, "conc_B_status": "unavailable", "conc_B_status_ru": "концентрация недоступна", "conc_B_reasons": "вне бассейна профиля: black_sea", "conc_B_model": "conc-B-c6bce5631d2b"}}, {"type": "Feature", "geometry": {"type": "Polygon", "coordinates": [[[131.76379981731085, 43.013399453714705], [131.76379578085692, 43.013309507967435], [131.76367321055747, 43.0133124699658], [131.7636651380622, 43.013132578447596], [131.76378770800477, 43.01312961646774], [131.76378367160655, 43.01303967071531], [131.76402881107904, 43.01303374638084], [131.76403284783416, 43.01312369211475], [131.764155417721, 43.01312072974161], [131.76415945467315, 43.01321067546454], [131.76403688460786, 43.013213637846945], [131.76404092140015, 43.013303583577404], [131.76379981731085, 43.013399453714705]]]}, "properties": {"zone_id": "vladivostok-2026-06-27-425", "aoi": "vladivostok", "date": "2026-06-27", "scene_id": "S2B_MSIL2A_20260627T020649_R103_T52TGN_20260627T041901", "scene_datetime_utc": "2026-06-27T02:06:49.024000+00:00", "detection_status": "detected", "detection_status_ru": "обнаружено", "lon": 131.76389, "lat": 43.0132, "n_pixels": 3, "zone_area_km2": 0.001, "cover_m2": 11.4, "p_mean": 0.733, "p_max": 0.784, "cover_m2_km2": 11400.0, "h3": "88316c45c5fffff", "valid_frac_scene": 0.998, "wind_ms": 2.0, "sea": "спокойное", "scene_reliable": true, "field_event_id": "S4:DOORS3:T23", "field_profile": "B", "field_date": "2024-06-10", "field_distance_km": 6980.7, "field_date_gap_days": 747, "field_conc_items_km2": 102.37, "conc_A_items_km2": null, "conc_A_lo80": null, "conc_A_hi80": null, "conc_A_lo95": null, "conc_A_hi95": null, "conc_A_status": "unavailable", "conc_A_status_ru": "концентрация недоступна", "conc_A_reasons": "вне бассейна профиля: nw_atlantic_subtropical", "conc_A_model": "conc-A-c6bce5631d2b", "conc_B_items_km2": null, "conc_B_lo80": null, "conc_B_hi80": null, "conc_B_lo95": null, "conc_B_hi95": null, "conc_B_status": "unavailable", "conc_B_status_ru": "концентрация недоступна", "conc_B_reasons": "вне бассейна профиля: black_sea", "conc_B_model": "conc-B-c6bce5631d2b"}}, {"type": "Feature", "geometry": {"type": "Polygon", "coordinates": [[[131.75863975443622, 43.01325390674493], [131.75863572553308, 43.013163960603926], [131.75851315498966, 43.013166917068354], [131.7585091262835, 43.013076970916394], [131.7586316966485, 43.01307401446121], [131.75862766778246, 43.012984068316776], [131.75887280809985, 43.01297815503161], [131.75887683732282, 43.01306810115756], [131.75899940763216, 43.01306514430908], [131.75900343705212, 43.013155090424064], [131.7588808665643, 43.0131580472818], [131.75888489582434, 43.01324799340429], [131.75863975443622, 43.01325390674493]]]}, "properties": {"zone_id": "vladivostok-2026-06-27-426", "aoi": "vladivostok", "date": "2026-06-27", "scene_id": "S2B_MSIL2A_20260627T020649_R103_T52TGN_20260627T041901", "scene_datetime_utc": "2026-06-27T02:06:49.024000+00:00", "detection_status": "detected", "detection_status_ru": "обнаружено", "lon": 131.75876, "lat": 43.01312, "n_pixels": 2, "zone_area_km2": 0.0008, "cover_m2": 11.4, "p_mean": 0.878, "p_max": 0.941, "cover_m2_km2": 14250.0, "h3": "88316c45c5fffff", "valid_frac_scene": 0.998, "wind_ms": 2.0, "sea": "спокойное", "scene_reliable": true, "field_event_id": "S4:DOORS3:T23", "field_profile": "B", "field_date": "2024-06-10", "field_distance_km": 6980.3, "field_date_gap_days": 747, "field_conc_items_km2": 102.37, "conc_A_items_km2": null, "conc_A_lo80": null, "conc_A_hi80": null, "conc_A_lo95": null, "conc_A_hi95": null, "conc_A_status": "unavailable", "conc_A_status_ru": "концентрация недоступна", "conc_A_reasons": "вне бассейна профиля: nw_atlantic_subtropical", "conc_A_model": "conc-A-c6bce5631d2b", "conc_B_items_km2": null, "conc_B_lo80": null, "conc_B_hi80": null, "conc_B_lo95": null, "conc_B_hi95": null, "conc_B_status": "unavailable", "conc_B_status_ru": "концентрация недоступна", "conc_B_reasons": "вне бассейна профиля: black_sea", "conc_B_model": "conc-B-c6bce5631d2b"}}, {"type": "Feature", "geometry": {"type": "Polygon", "coordinates": [[[131.9529878743203, 43.012992794043704], [131.95298356185913, 43.01290286314635], [131.95286101261246, 43.012906027707785], [131.95285670034946, 43.012816096798794], [131.95297924941778, 43.012812932247265], [131.95297493699627, 43.0127230013464], [131.95322003471676, 43.01271667187001], [131.9532243474949, 43.0128066027511], [131.95334689650375, 43.012803437806475], [131.95335120948008, 43.0128933686759], [131.95322866029295, 43.012896533630425], [131.9532329731108, 43.012986464507975], [131.9529878743203, 43.012992794043704]]]}, "properties": {"zone_id": "vladivostok-2026-06-27-427", "aoi": "vladivostok", "date": "2026-06-27", "scene_id": "S2B_MSIL2A_20260627T020649_R103_T52TGN_20260627T041901", "scene_datetime_utc": "2026-06-27T02:06:49.024000+00:00", "detection_status": "detected", "detection_status_ru": "обнаружено", "lon": 131.9531, "lat": 43.01285, "n_pixels": 2, "zone_area_km2": 0.0008, "cover_m2": 9.0, "p_mean": 0.527, "p_max": 0.549, "cover_m2_km2": 11250.0, "h3": "88316c726bfffff", "valid_frac_scene": 0.998, "wind_ms": 2.0, "sea": "спокойное", "scene_reliable": true, "field_event_id": "S4:DOORS3:T23", "field_profile": "B", "field_date": "2024-06-10", "field_distance_km": 6993.5, "field_date_gap_days": 747, "field_conc_items_km2": 102.37, "conc_A_items_km2": null, "conc_A_lo80": null, "conc_A_hi80": null, "conc_A_lo95": null, "conc_A_hi95": null, "conc_A_status": "unavailable", "conc_A_status_ru": "концентрация недоступна", "conc_A_reasons": "вне бассейна профиля: nw_atlantic_subtropical", "conc_A_model": "conc-A-c6bce5631d2b", "conc_B_items_km2": null, "conc_B_lo80": null, "conc_B_hi80": null, "conc_B_lo95": null, "conc_B_hi95": null, "conc_B_status": "unavailable", "conc_B_status_ru": "концентрация недоступна", "conc_B_reasons": "вне бассейна профиля: black_sea", "conc_B_model": "conc-B-c6bce5631d2b"}}, {"type": "Feature", "geometry": {"type": "Polygon", "coordinates": [[[131.97973798536574, 43.01301921952838], [131.97973363387027, 43.012929290811336], [131.9796110875415, 43.01293248401601], [131.97960238496728, 43.01275262655664], [131.97984312527785, 43.0126563113438], [131.97984747689154, 43.012746240056174], [131.97997002282366, 43.0127430466094], [131.97997872646778, 43.0129229040089], [131.97973798536574, 43.01301921952838]]]}, "properties": {"zone_id": "vladivostok-2026-06-27-428", "aoi": "vladivostok", "date": "2026-06-27", "scene_id": "S2B_MSIL2A_20260627T020649_R103_T52TGN_20260627T041901", "scene_datetime_utc": "2026-06-27T02:06:49.024000+00:00", "detection_status": "detected", "detection_status_ru": "обнаружено", "lon": 131.97979, "lat": 43.01284, "n_pixels": 2, "zone_area_km2": 0.0008, "cover_m2": 1.6, "p_mean": 0.767, "p_max": 0.827, "cover_m2_km2": 2000.0, "h3": "88316c7255fffff", "valid_frac_scene": 0.998, "wind_ms": 2.0, "sea": "спокойное", "scene_reliable": true, "field_event_id": "S4:DOORS3:T23", "field_profile": "B", "field_date": "2024-06-10", "field_distance_km": 6995.3, "field_date_gap_days": 747, "field_conc_items_km2": 102.37, "conc_A_items_km2": null, "conc_A_lo80": null, "conc_A_hi80": null, "conc_A_lo95": null, "conc_A_hi95": null, "conc_A_status": "unavailable", "conc_A_status_ru": "концентрация недоступна", "conc_A_reasons": "вне бассейна профиля: nw_atlantic_subtropical", "conc_A_model": "conc-A-c6bce5631d2b", "conc_B_items_km2": null, "conc_B_lo80": null, "conc_B_hi80": null, "conc_B_lo95": null, "conc_B_hi95": null, "conc_B_status": "unavailable", "conc_B_status_ru": "концентрация недоступна", "conc_B_reasons": "вне бассейна профиля: black_sea", "conc_B_model": "conc-B-c6bce5631d2b"}}, {"type": "Feature", "geometry": {"type": "Polygon", "coordinates": [[[131.9785081696818, 43.012961216962196], [131.97850381998953, 43.01287128814359], [131.97838127363892, 43.01287448002808], [131.97837257467103, 43.01269462236559], [131.97861331682842, 43.012598309691555], [131.97861766663897, 43.0126882385055], [131.97874021259292, 43.01268504637891], [131.9787489126307, 43.012864903981544], [131.9785081696818, 43.012961216962196]]]}, "properties": {"zone_id": "vladivostok-2026-06-27-429", "aoi": "vladivostok", "date": "2026-06-27", "scene_id": "S2B_MSIL2A_20260627T020649_R103_T52TGN_20260627T041901", "scene_datetime_utc": "2026-06-27T02:06:49.024000+00:00", "detection_status": "detected", "detection_status_ru": "обнаружено", "lon": 131.97856, "lat": 43.01278, "n_pixels": 2, "zone_area_km2": 0.0008, "cover_m2": 5.5, "p_mean": 0.78, "p_max": 0.996, "cover_m2_km2": 6875.0, "h3": "88316c7255fffff", "valid_frac_scene": 0.998, "wind_ms": 2.0, "sea": "спокойное", "scene_reliable": true, "field_event_id": "S4:DOORS3:T23", "field_profile": "B", "field_date": "2024-06-10", "field_distance_km": 6995.2, "field_date_gap_days": 747, "field_conc_items_km2": 102.37, "conc_A_items_km2": null, "conc_A_lo80": null, "conc_A_hi80": null, "conc_A_lo95": null, "conc_A_hi95": null, "conc_A_status": "unavailable", "conc_A_status_ru": "концентрация недоступна", "conc_A_reasons": "вне бассейна профиля: nw_atlantic_subtropical", "conc_A_model": "conc-A-c6bce5631d2b", "conc_B_items_km2": null, "conc_B_lo80": null, "conc_B_hi80": null, "conc_B_lo95": null, "conc_B_hi95": null, "conc_B_status": "unavailable", "conc_B_status_ru": "концентрация недоступна", "conc_B_reasons": "вне бассейна профиля: black_sea", "conc_B_model": "conc-B-c6bce5631d2b"}}, {"type": "Feature", "geometry": {"type": "Polygon", "coordinates": [[[131.97983877368415, 43.01256638262963], [131.97983442211046, 43.012476453913706], [131.97971187669327, 43.01247964719951], [131.9797031739626, 43.012299789742364], [131.9799439123718, 43.01220347436839], [131.97994826406372, 43.01229340307967], [131.98007080908422, 43.01229020955179], [131.9800795128848, 43.01247006694905], [131.97983877368415, 43.01256638262963]]]}, "properties": {"zone_id": "vladivostok-2026-06-27-430", "aoi": "vladivostok", "date": "2026-06-27", "scene_id": "S2B_MSIL2A_20260627T020649_R103_T52TGN_20260627T041901", "scene_datetime_utc": "2026-06-27T02:06:49.024000+00:00", "detection_status": "detected", "detection_status_ru": "обнаружено", "lon": 131.97989, "lat": 43.01238, "n_pixels": 2, "zone_area_km2": 0.0008, "cover_m2": 2.7, "p_mean": 0.847, "p_max": 0.914, "cover_m2_km2": 3375.0, "h3": "88316c7255fffff", "valid_frac_scene": 0.998, "wind_ms": 2.0, "sea": "спокойное", "scene_reliable": true, "field_event_id": "S4:DOORS3:T23", "field_profile": "B", "field_date": "2024-06-10", "field_distance_km": 6995.3, "field_date_gap_days": 747, "field_conc_items_km2": 102.37, "conc_A_items_km2": null, "conc_A_lo80": null, "conc_A_hi80": null, "conc_A_lo95": null, "conc_A_hi95": null, "conc_A_status": "unavailable", "conc_A_status_ru": "концентрация недоступна", "conc_A_reasons": "вне бассейна профиля: nw_atlantic_subtropical", "conc_A_model": "conc-A-c6bce5631d2b", "conc_B_items_km2": null, "conc_B_lo80": null, "conc_B_hi80": null, "conc_B_lo95": null, "conc_B_hi95": null, "conc_B_status": "unavailable", "conc_B_status_ru": "концентрация недоступна", "conc_B_reasons": "вне бассейна профиля: black_sea", "conc_B_model": "conc-B-c6bce5631d2b"}}, {"type": "Feature", "geometry": {"type": "Polygon", "coordinates": [[[131.76789848217047, 43.011769594869705], [131.76789443996532, 43.0116796494082], [131.76777187333136, 43.01168261570626], [131.76776783132323, 43.01159267023377], [131.76789039777876, 43.01158970394497], [131.7678863556108, 43.011499758480014], [131.76813553063403, 43.011583770974134], [131.76813957317745, 43.01167371641881], [131.7680170065807, 43.011676682979044], [131.76802104896427, 43.01176662843128], [131.76789848217047, 43.011769594869705]]]}, "properties": {"zone_id": "vladivostok-2026-06-27-431", "aoi": "vladivostok", "date": "2026-06-27", "scene_id": "S2B_MSIL2A_20260627T020649_R103_T52TGN_20260627T041901", "scene_datetime_utc": "2026-06-27T02:06:49.024000+00:00", "detection_status": "detected", "detection_status_ru": "обнаружено", "lon": 131.76795, "lat": 43.01163, "n_pixels": 1, "zone_area_km2": 0.0005, "cover_m2": 3.1, "p_mean": 0.647, "p_max": 0.647, "cover_m2_km2": 6200.0, "h3": "88316c45c1fffff", "valid_frac_scene": 0.998, "wind_ms": 2.0, "sea": "спокойное", "scene_reliable": true, "field_event_id": "S4:DOORS3:T23", "field_profile": "B", "field_date": "2024-06-10", "field_distance_km": 6981.0, "field_date_gap_days": 747, "field_conc_items_km2": 102.37, "conc_A_items_km2": null, "conc_A_lo80": null, "conc_A_hi80": null, "conc_A_lo95": null, "conc_A_hi95": null, "conc_A_status": "unavailable", "conc_A_status_ru": "концентрация недоступна", "conc_A_reasons": "вне бассейна профиля: nw_atlantic_subtropical", "conc_A_model": "conc-A-c6bce5631d2b", "conc_B_items_km2": null, "conc_B_lo80": null, "conc_B_hi80": null, "conc_B_lo95": null, "conc_B_hi95": null, "conc_B_status": "unavailable", "conc_B_status_ru": "концентрация недоступна", "conc_B_reasons": "вне бассейна профиля: black_sea", "conc_B_model": "conc-B-c6bce5631d2b"}}, {"type": "Feature", "geometry": {"type": "Polygon", "coordinates": [[[131.978451625243, 43.01179214218201], [131.97844727581085, 43.01170221334035], [131.9783247317783, 43.01170540509515], [131.97831603333063, 43.01152554738656], [131.9785567711121, 43.01142923494887], [131.97856112066253, 43.01151916378587], [131.97868366429844, 43.011515971788995], [131.97869236381595, 43.011695829437706], [131.978451625243, 43.01179214218201]]]}, "properties": {"zone_id": "vladivostok-2026-06-27-432", "aoi": "vladivostok", "date": "2026-06-27", "scene_id": "S2B_MSIL2A_20260627T020649_R103_T52TGN_20260627T041901", "scene_datetime_utc": "2026-06-27T02:06:49.024000+00:00", "detection_status": "detected", "detection_status_ru": "обнаружено", "lon": 131.9785, "lat": 43.01161, "n_pixels": 2, "zone_area_km2": 0.0008, "cover_m2": 2.4, "p_mean": 0.775, "p_max": 0.898, "cover_m2_km2": 3000.0, "h3": "88316c7255fffff", "valid_frac_scene": 0.998, "wind_ms": 2.0, "sea": "спокойное", "scene_reliable": true, "field_event_id": "S4:DOORS3:T23", "field_profile": "B", "field_date": "2024-06-10", "field_distance_km": 6995.3, "field_date_gap_days": 747, "field_conc_items_km2": 102.37, "conc_A_items_km2": null, "conc_A_lo80": null, "conc_A_hi80": null, "conc_A_lo95": null, "conc_A_hi95": null, "conc_A_status": "unavailable", "conc_A_status_ru": "концентрация недоступна", "conc_A_reasons": "вне бассейна профиля: nw_atlantic_subtropical", "conc_A_model": "conc-A-c6bce5631d2b", "conc_B_items_km2": null, "conc_B_lo80": null, "conc_B_hi80": null, "conc_B_lo95": null, "conc_B_hi95": null, "conc_B_status": "unavailable", "conc_B_status_ru": "концентрация недоступна", "conc_B_reasons": "вне бассейна профиля: black_sea", "conc_B_model": "conc-B-c6bce5631d2b"}}, {"type": "Feature", "geometry": {"type": "Polygon", "coordinates": [[[131.97793535626602, 43.01126533513905], [131.97793100766714, 43.011175406246856], [131.9778084646244, 43.01117859741774], [131.9777997678432, 43.01099873960807], [131.97792231052938, 43.01099554845714], [131.9779179619905, 43.01090561955964], [131.9781673958417, 43.01098916576224], [131.97817174475716, 43.01107909463804], [131.97829428756162, 43.01107590308408], [131.9782986366754, 43.01116583194813], [131.97817609369264, 43.01116902351205], [131.97818044264815, 43.011258952384296], [131.97793535626602, 43.01126533513905]]]}, "properties": {"zone_id": "vladivostok-2026-06-27-433", "aoi": "vladivostok", "date": "2026-06-27", "scene_id": "S2B_MSIL2A_20260627T020649_R103_T52TGN_20260627T041901", "scene_datetime_utc": "2026-06-27T02:06:49.024000+00:00", "detection_status": "detected", "detection_status_ru": "обнаружено", "lon": 131.97803, "lat": 43.0111, "n_pixels": 3, "zone_area_km2": 0.001, "cover_m2": 4.7, "p_mean": 0.668, "p_max": 0.796, "cover_m2_km2": 4700.0, "h3": "88316c7255fffff", "valid_frac_scene": 0.998, "wind_ms": 2.0, "sea": "спокойное", "scene_reliable": true, "field_event_id": "S4:DOORS3:T23", "field_profile": "B", "field_date": "2024-06-10", "field_distance_km": 6995.3, "field_date_gap_days": 747, "field_conc_items_km2": 102.37, "conc_A_items_km2": null, "conc_A_lo80": null, "conc_A_hi80": null, "conc_A_lo95": null, "conc_A_hi95": null, "conc_A_status": "unavailable", "conc_A_status_ru": "концентрация недоступна", "conc_A_reasons": "вне бассейна профиля: nw_atlantic_subtropical", "conc_A_model": "conc-A-c6bce5631d2b", "conc_B_items_km2": null, "conc_B_lo80": null, "conc_B_hi80": null, "conc_B_lo95": null, "conc_B_hi95": null, "conc_B_status": "unavailable", "conc_B_status_ru": "концентрация недоступна", "conc_B_reasons": "вне бассейна профиля: black_sea", "conc_B_model": "conc-B-c6bce5631d2b"}}, {"type": "Feature", "geometry": {"type": "Polygon", "coordinates": [[[131.95743149301512, 43.0109870712667], [131.9574271743729, 43.01089714069851], [131.9573046296056, 43.010900309900016], [131.9572959927374, 43.01072044873851], [131.957536762778, 43.01062417968052], [131.95754108153895, 43.0107141102441], [131.9576636259099, 43.01071094080038], [131.95767226384794, 43.010890801902434], [131.95743149301512, 43.0109870712667]]]}, "properties": {"zone_id": "vladivostok-2026-06-27-434", "aoi": "vladivostok", "date": "2026-06-27", "scene_id": "S2B_MSIL2A_20260627T020649_R103_T52TGN_20260627T041901", "scene_datetime_utc": "2026-06-27T02:06:49.024000+00:00", "detection_status": "detected", "detection_status_ru": "обнаружено", "lon": 131.95748, "lat": 43.01081, "n_pixels": 2, "zone_area_km2": 0.0008, "cover_m2": 2.0, "p_mean": 0.855, "p_max": 0.949, "cover_m2_km2": 2500.0, "h3": "88316c720dfffff", "valid_frac_scene": 0.998, "wind_ms": 2.0, "sea": "спокойное", "scene_reliable": true, "field_event_id": "S4:DOORS3:T23", "field_profile": "B", "field_date": "2024-06-10", "field_distance_km": 6993.9, "field_date_gap_days": 747, "field_conc_items_km2": 102.37, "conc_A_items_km2": null, "conc_A_lo80": null, "conc_A_hi80": null, "conc_A_lo95": null, "conc_A_hi95": null, "conc_A_status": "unavailable", "conc_A_status_ru": "концентрация недоступна", "conc_A_reasons": "вне бассейна профиля: nw_atlantic_subtropical", "conc_A_model": "conc-A-c6bce5631d2b", "conc_B_items_km2": null, "conc_B_lo80": null, "conc_B_hi80": null, "conc_B_lo95": null, "conc_B_hi95": null, "conc_B_status": "unavailable", "conc_B_status_ru": "концентрация недоступна", "conc_B_reasons": "вне бассейна профиля: black_sea", "conc_B_model": "conc-B-c6bce5631d2b"}}, {"type": "Feature", "geometry": {"type": "Polygon", "coordinates": [[[131.96466593879595, 43.01088978586964], [131.9646616096136, 43.0107998558884], [131.96453906584154, 43.010803032829934], [131.9645347368574, 43.01071310283701], [131.96465728045115, 43.01070992590539], [131.9646529513086, 43.01061999592061], [131.96490236757884, 43.01070357164912], [131.96490669709792, 43.01079350161226], [131.9647841533657, 43.01079667881583], [131.96478848272636, 43.010886608787146], [131.96466593879595, 43.01088978586964]]]}, "properties": {"zone_id": "vladivostok-2026-06-27-435", "aoi": "vladivostok", "date": "2026-06-27", "scene_id": "S2B_MSIL2A_20260627T020649_R103_T52TGN_20260627T041901", "scene_datetime_utc": "2026-06-27T02:06:49.024000+00:00", "detection_status": "detected", "detection_status_ru": "обнаружено", "lon": 131.96472, "lat": 43.01075, "n_pixels": 1, "zone_area_km2": 0.0005, "cover_m2": 2.4, "p_mean": 0.741, "p_max": 0.741, "cover_m2_km2": 4800.0, "h3": "88316c7209fffff", "valid_frac_scene": 0.998, "wind_ms": 2.0, "sea": "спокойное", "scene_reliable": true, "field_event_id": "S4:DOORS3:T23", "field_profile": "B", "field_date": "2024-06-10", "field_distance_km": 6994.4, "field_date_gap_days": 747, "field_conc_items_km2": 102.37, "conc_A_items_km2": null, "conc_A_lo80": null, "conc_A_hi80": null, "conc_A_lo95": null, "conc_A_hi95": null, "conc_A_status": "unavailable", "conc_A_status_ru": "концентрация недоступна", "conc_A_reasons": "вне бассейна профиля: nw_atlantic_subtropical", "conc_A_model": "conc-A-c6bce5631d2b", "conc_B_items_km2": null, "conc_B_lo80": null, "conc_B_hi80": null, "conc_B_lo95": null, "conc_B_hi95": null, "conc_B_status": "unavailable", "conc_B_status_ru": "концентрация недоступна", "conc_B_reasons": "вне бассейна профиля: black_sea", "conc_B_model": "conc-B-c6bce5631d2b"}}, {"type": "Feature", "geometry": {"type": "Polygon", "coordinates": [[[131.95801398112621, 43.01034170957662], [131.95800966173155, 43.01025177904558], [131.95788711831173, 43.01025494883283], [131.95788279911523, 43.01016501829012], [131.95800534235676, 43.01016184851278], [131.95800102300186, 43.01007191797822], [131.95825042878016, 43.010155508565035], [131.95825474851156, 43.010245439078034], [131.95813220513148, 43.010248609127316], [131.95813652470446, 43.01033853964843], [131.95801398112621, 43.01034170957662]]]}, "properties": {"zone_id": "vladivostok-2026-06-27-436", "aoi": "vladivostok", "date": "2026-06-27", "scene_id": "S2B_MSIL2A_20260627T020649_R103_T52TGN_20260627T041901", "scene_datetime_utc": "2026-06-27T02:06:49.024000+00:00", "detection_status": "detected", "detection_status_ru": "обнаружено", "lon": 131.95807, "lat": 43.01021, "n_pixels": 1, "zone_area_km2": 0.0005, "cover_m2": 3.9, "p_mean": 0.706, "p_max": 0.706, "cover_m2_km2": 7800.0, "h3": "88316c720dfffff", "valid_frac_scene": 0.998, "wind_ms": 2.0, "sea": "спокойное", "scene_reliable": true, "field_event_id": "S4:DOORS3:T23", "field_profile": "B", "field_date": "2024-06-10", "field_distance_km": 6994.0, "field_date_gap_days": 747, "field_conc_items_km2": 102.37, "conc_A_items_km2": null, "conc_A_lo80": null, "conc_A_hi80": null, "conc_A_lo95": null, "conc_A_hi95": null, "conc_A_status": "unavailable", "conc_A_status_ru": "концентрация недоступна", "conc_A_reasons": "вне бассейна профиля: nw_atlantic_subtropical", "conc_A_model": "conc-A-c6bce5631d2b", "conc_B_items_km2": null, "conc_B_lo80": null, "conc_B_hi80": null, "conc_B_lo95": null, "conc_B_hi95": null, "conc_B_status": "unavailable", "conc_B_status_ru": "концентрация недоступна", "conc_B_reasons": "вне бассейна профиля: black_sea", "conc_B_model": "conc-B-c6bce5631d2b"}}, {"type": "Feature", "geometry": {"type": "Polygon", "coordinates": [[[131.61090324940312, 43.01032879393994], [131.61089943650126, 43.010238836855684], [131.61065046480604, 43.01015447580196], [131.61064665229628, 43.01006451869685], [131.610769231532, 43.01006172075506], [131.6107654188613, 43.00997176365699], [131.61101438995078, 43.01005612447807], [131.61101820299606, 43.01014608155694], [131.61114078235767, 43.01014328321299], [131.61114459559903, 43.01023324028144], [131.6110220160589, 43.01023603863413], [131.6110258291393, 43.01032599570963], [131.61090324940312, 43.01032879393994]]]}, "properties": {"zone_id": "vladivostok-2026-06-27-437", "aoi": "vladivostok", "date": "2026-06-27", "scene_id": "S2B_MSIL2A_20260627T020649_R103_T52TGN_20260627T041901", "scene_datetime_utc": "2026-06-27T02:06:49.024000+00:00", "detection_status": "detected", "detection_status_ru": "обнаружено", "lon": 131.6109, "lat": 43.01015, "n_pixels": 2, "zone_area_km2": 0.0008, "cover_m2": 3.1, "p_mean": 0.716, "p_max": 0.718, "cover_m2_km2": 3875.0, "h3": "88316c4f3bfffff", "valid_frac_scene": 0.998, "wind_ms": 2.0, "sea": "спокойное", "scene_reliable": true, "field_event_id": "S4:DOORS3:T23", "field_profile": "B", "field_date": "2024-06-10", "field_distance_km": 6970.5, "field_date_gap_days": 747, "field_conc_items_km2": 102.37, "conc_A_items_km2": null, "conc_A_lo80": null, "conc_A_hi80": null, "conc_A_lo95": null, "conc_A_hi95": null, "conc_A_status": "unavailable", "conc_A_status_ru": "концентрация недоступна", "conc_A_reasons": "вне бассейна профиля: nw_atlantic_subtropical", "conc_A_model": "conc-A-c6bce5631d2b", "conc_B_items_km2": null, "conc_B_lo80": null, "conc_B_hi80": null, "conc_B_lo95": null, "conc_B_hi95": null, "conc_B_status": "unavailable", "conc_B_status_ru": "концентрация недоступна", "conc_B_reasons": "вне бассейна профиля: black_sea", "conc_B_model": "conc-B-c6bce5631d2b"}}, {"type": "Feature", "geometry": {"type": "Polygon", "coordinates": [[[131.94376870085864, 43.01007901036317], [131.9437644022866, 43.0099890786732], [131.94364185781552, 43.00999223319302], [131.94363755944158, 43.00990230149144], [131.9437601037344, 43.00989914698146], [131.94375580520193, 43.00980921528795], [131.94400519226065, 43.00989283756848], [131.94400949116948, 43.009982769240494], [131.94388694673793, 43.00998592402236], [131.94389124548826, 43.010075855702475], [131.94376870085864, 43.01007901036317]]]}, "properties": {"zone_id": "vladivostok-2026-06-27-438", "aoi": "vladivostok", "date": "2026-06-27", "scene_id": "S2B_MSIL2A_20260627T020649_R103_T52TGN_20260627T041901", "scene_datetime_utc": "2026-06-27T02:06:49.024000+00:00", "detection_status": "detected", "detection_status_ru": "обнаружено", "lon": 131.94382, "lat": 43.00994, "n_pixels": 1, "zone_area_km2": 0.0005, "cover_m2": 3.9, "p_mean": 0.796, "p_max": 0.796, "cover_m2_km2": 7800.0, "h3": "88316c7267fffff", "valid_frac_scene": 0.998, "wind_ms": 2.0, "sea": "спокойное", "scene_reliable": true, "field_event_id": "S4:DOORS3:T23", "field_profile": "B", "field_date": "2024-06-10", "field_distance_km": 6993.0, "field_date_gap_days": 747, "field_conc_items_km2": 102.37, "conc_A_items_km2": null, "conc_A_lo80": null, "conc_A_hi80": null, "conc_A_lo95": null, "conc_A_hi95": null, "conc_A_status": "unavailable", "conc_A_status_ru": "концентрация недоступна", "conc_A_reasons": "вне бассейна профиля: nw_atlantic_subtropical", "conc_A_model": "conc-A-c6bce5631d2b", "conc_B_items_km2": null, "conc_B_lo80": null, "conc_B_hi80": null, "conc_B_lo95": null, "conc_B_hi95": null, "conc_B_status": "unavailable", "conc_B_status_ru": "концентрация недоступна", "conc_B_reasons": "вне бассейна профиля: black_sea", "conc_B_model": "conc-B-c6bce5631d2b"}}, {"type": "Feature", "geometry": {"type": "Polygon", "coordinates": [[[131.61601338000094, 43.00931158811902], [131.61600955977724, 43.00922163138566], [131.6158869827248, 43.009224434896076], [131.6158831626972, 43.00913447815226], [131.61600573957114, 43.00913167465061], [131.61600191938263, 43.00904171791387], [131.61625089326634, 43.00912606725392], [131.61625471382945, 43.00921602397145], [131.61613213681215, 43.009218827744114], [131.61613595721434, 43.00930878446871], [131.61601338000094, 43.00931158811902]]]}, "properties": {"zone_id": "vladivostok-2026-06-27-439", "aoi": "vladivostok", "date": "2026-06-27", "scene_id": "S2B_MSIL2A_20260627T020649_R103_T52TGN_20260627T041901", "scene_datetime_utc": "2026-06-27T02:06:49.024000+00:00", "detection_status": "detected", "detection_status_ru": "обнаружено", "lon": 131.61607, "lat": 43.00918, "n_pixels": 1, "zone_area_km2": 0.0005, "cover_m2": 5.5, "p_mean": 0.898, "p_max": 0.898, "cover_m2_km2": 11000.0, "h3": "88316c4f17fffff", "valid_frac_scene": 0.998, "wind_ms": 2.0, "sea": "спокойное", "scene_reliable": true, "field_event_id": "S4:DOORS3:T23", "field_profile": "B", "field_date": "2024-06-10", "field_distance_km": 6970.9, "field_date_gap_days": 747, "field_conc_items_km2": 102.37, "conc_A_items_km2": null, "conc_A_lo80": null, "conc_A_hi80": null, "conc_A_lo95": null, "conc_A_hi95": null, "conc_A_status": "unavailable", "conc_A_status_ru": "концентрация недоступна", "conc_A_reasons": "вне бассейна профиля: nw_atlantic_subtropical", "conc_A_model": "conc-A-c6bce5631d2b", "conc_B_items_km2": null, "conc_B_lo80": null, "conc_B_hi80": null, "conc_B_lo95": null, "conc_B_hi95": null, "conc_B_status": "unavailable", "conc_B_status_ru": "концентрация недоступна", "conc_B_reasons": "вне бассейна профиля: black_sea", "conc_B_model": "conc-B-c6bce5631d2b"}}, {"type": "Feature", "geometry": {"type": "Polygon", "coordinates": [[[131.9473761707761, 43.00854541103244], [131.9473718671715, 43.00845547961021], [131.94724932614687, 43.008458637902685], [131.94724502274042, 43.00836870646883], [131.94736756358677, 43.00836554818623], [131.9473632600218, 43.00827561676047], [131.94761264522006, 43.008359231227985], [131.94761694916141, 43.00844916263222], [131.94749440817637, 43.008452321186724], [131.9474987119592, 43.00854225259908], [131.9473761707761, 43.00854541103244]]]}, "properties": {"zone_id": "vladivostok-2026-06-27-440", "aoi": "vladivostok", "date": "2026-06-27", "scene_id": "S2B_MSIL2A_20260627T020649_R103_T52TGN_20260627T041901", "scene_datetime_utc": "2026-06-27T02:06:49.024000+00:00", "detection_status": "detected", "detection_status_ru": "обнаружено", "lon": 131.94743, "lat": 43.00841, "n_pixels": 1, "zone_area_km2": 0.0005, "cover_m2": 4.7, "p_mean": 0.902, "p_max": 0.902, "cover_m2_km2": 9400.0, "h3": "88316c7263fffff", "valid_frac_scene": 0.998, "wind_ms": 2.0, "sea": "спокойное", "scene_reliable": true, "field_event_id": "S4:DOORS3:T23", "field_profile": "B", "field_date": "2024-06-10", "field_distance_km": 6993.4, "field_date_gap_days": 747, "field_conc_items_km2": 102.37, "conc_A_items_km2": null, "conc_A_lo80": null, "conc_A_hi80": null, "conc_A_lo95": null, "conc_A_hi95": null, "conc_A_status": "unavailable", "conc_A_status_ru": "концентрация недоступна", "conc_A_reasons": "вне бассейна профиля: nw_atlantic_subtropical", "conc_A_model": "conc-A-c6bce5631d2b", "conc_B_items_km2": null, "conc_B_lo80": null, "conc_B_hi80": null, "conc_B_lo95": null, "conc_B_hi95": null, "conc_B_status": "unavailable", "conc_B_status_ru": "концентрация недоступна", "conc_B_reasons": "вне бассейна профиля: black_sea", "conc_B_model": "conc-B-c6bce5631d2b"}}, {"type": "Feature", "geometry": {"type": "Polygon", "coordinates": [[[131.76245462432854, 43.00802935417734], [131.76245059059445, 43.007939408243324], [131.76220143769575, 43.0078553826843], [131.7621974043556, 43.00776543672832], [131.76231996377808, 43.00776247661476], [131.76231593027808, 43.007672530666305], [131.76256104871052, 43.00766661006446], [131.76256508256733, 43.00775655599441], [131.76268764193415, 43.00775359548762], [131.76269571006023, 43.007933487323804], [131.76245462432854, 43.00802935417734]]]}, "properties": {"zone_id": "vladivostok-2026-06-27-441", "aoi": "vladivostok", "date": "2026-06-27", "scene_id": "S2B_MSIL2A_20260627T020649_R103_T52TGN_20260627T041901", "scene_datetime_utc": "2026-06-27T02:06:49.024000+00:00", "detection_status": "detected", "detection_status_ru": "обнаружено", "lon": 131.76247, "lat": 43.00783, "n_pixels": 3, "zone_area_km2": 0.001, "cover_m2": 15.7, "p_mean": 0.954, "p_max": 0.988, "cover_m2_km2": 15700.0, "h3": "88316c45ebfffff", "valid_frac_scene": 0.998, "wind_ms": 2.0, "sea": "спокойное", "scene_reliable": true, "field_event_id": "S4:DOORS3:T23", "field_profile": "B", "field_date": "2024-06-10", "field_distance_km": 6980.9, "field_date_gap_days": 747, "field_conc_items_km2": 102.37, "conc_A_items_km2": null, "conc_A_lo80": null, "conc_A_hi80": null, "conc_A_lo95": null, "conc_A_hi95": null, "conc_A_status": "unavailable", "conc_A_status_ru": "концентрация недоступна", "conc_A_reasons": "вне бассейна профиля: nw_atlantic_subtropical", "conc_A_model": "conc-A-c6bce5631d2b", "conc_B_items_km2": null, "conc_B_lo80": null, "conc_B_hi80": null, "conc_B_lo95": null, "conc_B_hi95": null, "conc_B_status": "unavailable", "conc_B_status_ru": "концентрация недоступна", "conc_B_reasons": "вне бассейна профиля: black_sea", "conc_B_model": "conc-B-c6bce5631d2b"}}, {"type": "Feature", "geometry": {"type": "Polygon", "coordinates": [[[131.60515803788334, 43.0079385605211], [131.60515423368355, 43.00784860298751], [131.60503165830036, 43.007851394801214], [131.6050278542966, 43.0077614372572], [131.60515042950126, 43.00775864545223], [131.60514662533646, 43.00766868791524], [131.6053917753363, 43.007663103929374], [131.60539557985808, 43.007753061448895], [131.60551815501023, 43.007750269250536], [131.60552195972804, 43.007840226759626], [131.60539938439737, 43.00784301896671], [131.60540318895414, 43.00793297648284], [131.60515803788334, 43.0079385605211]]]}, "properties": {"zone_id": "vladivostok-2026-06-27-442", "aoi": "vladivostok", "date": "2026-06-27", "scene_id": "S2B_MSIL2A_20260627T020649_R103_T52TGN_20260627T041901", "scene_datetime_utc": "2026-06-27T02:06:49.024000+00:00", "detection_status": "detected", "detection_status_ru": "обнаружено", "lon": 131.60527, "lat": 43.0078, "n_pixels": 2, "zone_area_km2": 0.0008, "cover_m2": 4.7, "p_mean": 0.792, "p_max": 0.91, "cover_m2_km2": 5875.0, "h3": "88316c4f33fffff", "valid_frac_scene": 0.998, "wind_ms": 2.0, "sea": "спокойное", "scene_reliable": true, "field_event_id": "S4:DOORS3:T23", "field_profile": "B", "field_date": "2024-06-10", "field_distance_km": 6970.3, "field_date_gap_days": 747, "field_conc_items_km2": 102.37, "conc_A_items_km2": null, "conc_A_lo80": null, "conc_A_hi80": null, "conc_A_lo95": null, "conc_A_hi95": null, "conc_A_status": "unavailable", "conc_A_status_ru": "концентрация недоступна", "conc_A_reasons": "вне бассейна профиля: nw_atlantic_subtropical", "conc_A_model": "conc-A-c6bce5631d2b", "conc_B_items_km2": null, "conc_B_lo80": null, "conc_B_hi80": null, "conc_B_lo95": null, "conc_B_hi95": null, "conc_B_status": "unavailable", "conc_B_status_ru": "концентрация недоступна", "conc_B_reasons": "вне бассейна профиля: black_sea", "conc_B_model": "conc-B-c6bce5631d2b"}}, {"type": "Feature", "geometry": {"type": "Polygon", "coordinates": [[[131.72514779916295, 43.00784385505476], [131.72514381988893, 43.00775390630557], [131.72502125666523, 43.00775682660975], [131.72501727758794, 43.00766687784972], [131.72513984063323, 43.00766395755468], [131.72513586139584, 43.007574008802074], [131.72538496666888, 43.007658116571335], [131.72538894628144, 43.00774806530396], [131.72526638309432, 43.00775098587031], [131.7252703625468, 43.007840934610364], [131.72514779916295, 43.00784385505476]]]}, "properties": {"zone_id": "vladivostok-2026-06-27-443", "aoi": "vladivostok", "date": "2026-06-27", "scene_id": "S2B_MSIL2A_20260627T020649_R103_T52TGN_20260627T041901", "scene_datetime_utc": "2026-06-27T02:06:49.024000+00:00", "detection_status": "detected", "detection_status_ru": "обнаружено", "lon": 131.7252, "lat": 43.00771, "n_pixels": 1, "zone_area_km2": 0.0005, "cover_m2": 2.0, "p_mean": 0.624, "p_max": 0.624, "cover_m2_km2": 4000.0, "h3": "88316c4537fffff", "valid_frac_scene": 0.998, "wind_ms": 2.0, "sea": "спокойное", "scene_reliable": true, "field_event_id": "S4:DOORS3:T23", "field_profile": "B", "field_date": "2024-06-10", "field_distance_km": 6978.4, "field_date_gap_days": 747, "field_conc_items_km2": 102.37, "conc_A_items_km2": null, "conc_A_lo80": null, "conc_A_hi80": null, "conc_A_lo95": null, "conc_A_hi95": null, "conc_A_status": "unavailable", "conc_A_status_ru": "концентрация недоступна", "conc_A_reasons": "вне бассейна профиля: nw_atlantic_subtropical", "conc_A_model": "conc-A-c6bce5631d2b", "conc_B_items_km2": null, "conc_B_lo80": null, "conc_B_hi80": null, "conc_B_lo95": null, "conc_B_hi95": null, "conc_B_status": "unavailable", "conc_B_status_ru": "концентрация недоступна", "conc_B_reasons": "вне бассейна профиля: black_sea", "conc_B_model": "conc-B-c6bce5631d2b"}}, {"type": "Feature", "geometry": {"type": "Polygon", "coordinates": [[[131.7306591459933, 43.00762235694348], [131.7306551587085, 43.00753240860386], [131.73053259648793, 43.007535334797744], [131.73052860939987, 43.00744538644725], [131.730651171442, 43.00744246026251], [131.7306471841939, 43.00735251191945], [131.73089629547124, 43.00743660749979], [131.73090028309454, 43.00752655582283], [131.73077772091068, 43.007529482278876], [131.7307817083739, 43.00761943060935], [131.7306591459933, 43.00762235694348]]]}, "properties": {"zone_id": "vladivostok-2026-06-27-444", "aoi": "vladivostok", "date": "2026-06-27", "scene_id": "S2B_MSIL2A_20260627T020649_R103_T52TGN_20260627T041901", "scene_datetime_utc": "2026-06-27T02:06:49.024000+00:00", "detection_status": "detected", "detection_status_ru": "обнаружено", "lon": 131.73071, "lat": 43.00749, "n_pixels": 1, "zone_area_km2": 0.0005, "cover_m2": 3.9, "p_mean": 0.851, "p_max": 0.851, "cover_m2_km2": 7800.0, "h3": "88316c4ed9fffff", "valid_frac_scene": 0.998, "wind_ms": 2.0, "sea": "спокойное", "scene_reliable": true, "field_event_id": "S4:DOORS3:T23", "field_profile": "B", "field_date": "2024-06-10", "field_distance_km": 6978.8, "field_date_gap_days": 747, "field_conc_items_km2": 102.37, "conc_A_items_km2": null, "conc_A_lo80": null, "conc_A_hi80": null, "conc_A_lo95": null, "conc_A_hi95": null, "conc_A_status": "unavailable", "conc_A_status_ru": "концентрация недоступна", "conc_A_reasons": "вне бассейна профиля: nw_atlantic_subtropical", "conc_A_model": "conc-A-c6bce5631d2b", "conc_B_items_km2": null, "conc_B_lo80": null, "conc_B_hi80": null, "conc_B_lo95": null, "conc_B_hi95": null, "conc_B_status": "unavailable", "conc_B_status_ru": "концентрация недоступна", "conc_B_reasons": "вне бассейна профиля: black_sea", "conc_B_model": "conc-B-c6bce5631d2b"}}, {"type": "Feature", "geometry": {"type": "Polygon", "coordinates": [[[131.68647273660662, 43.0072280930254], [131.68646881384905, 43.007138141391465], [131.68634624793222, 43.00714102024756], [131.68634232537113, 43.007051068602934], [131.6864648911095, 43.00704818975584], [131.68646096838805, 43.0069582381185], [131.68670609945374, 43.00695248004903], [131.6867100225321, 43.00704243166837], [131.68683258821633, 43.007039552427976], [131.68683651149115, 43.007129504036605], [131.6867139456285, 43.007132383286], [131.68671786874296, 43.007222334901925], [131.68647273660662, 43.0072280930254]]]}, "properties": {"zone_id": "vladivostok-2026-06-27-445", "aoi": "vladivostok", "date": "2026-06-27", "scene_id": "S2B_MSIL2A_20260627T020649_R103_T52TGN_20260627T041901", "scene_datetime_utc": "2026-06-27T02:06:49.024000+00:00", "detection_status": "detected", "detection_status_ru": "обнаружено", "lon": 131.68659, "lat": 43.00709, "n_pixels": 2, "zone_area_km2": 0.0008, "cover_m2": 24.3, "p_mean": 0.706, "p_max": 0.875, "cover_m2_km2": 30375.0, "h3": "88316c4ee9fffff", "valid_frac_scene": 0.998, "wind_ms": 2.0, "sea": "спокойное", "scene_reliable": true, "field_event_id": "S4:DOORS3:T23", "field_profile": "B", "field_date": "2024-06-10", "field_distance_km": 6975.8, "field_date_gap_days": 747, "field_conc_items_km2": 102.37, "conc_A_items_km2": null, "conc_A_lo80": null, "conc_A_hi80": null, "conc_A_lo95": null, "conc_A_hi95": null, "conc_A_status": "unavailable", "conc_A_status_ru": "концентрация недоступна", "conc_A_reasons": "вне бассейна профиля: nw_atlantic_subtropical", "conc_A_model": "conc-A-c6bce5631d2b", "conc_B_items_km2": null, "conc_B_lo80": null, "conc_B_hi80": null, "conc_B_lo95": null, "conc_B_hi95": null, "conc_B_status": "unavailable", "conc_B_status_ru": "концентрация недоступна", "conc_B_reasons": "вне бассейна профиля: black_sea", "conc_B_model": "conc-B-c6bce5631d2b"}}, {"type": "Feature", "geometry": {"type": "Polygon", "coordinates": [[[131.65101554719132, 43.007245041052826], [131.65101167616865, 43.00715508681941], [131.65088910667592, 43.007157927706324], [131.65088523584956, 43.007067973462334], [131.65100780516383, 43.0070651325843], [131.6510039341768, 43.0069751783475], [131.6511265032948, 43.00697233734725], [131.65112263214712, 43.00688238311763], [131.65137164147734, 43.0069666549534], [131.65137551299975, 43.00705660916356], [131.65125294373894, 43.00705945043492], [131.6512568151007, 43.00714940465227], [131.65101554719132, 43.007245041052826]]]}, "properties": {"zone_id": "vladivostok-2026-06-27-446", "aoi": "vladivostok", "date": "2026-06-27", "scene_id": "S2B_MSIL2A_20260627T020649_R103_T52TGN_20260627T041901", "scene_datetime_utc": "2026-06-27T02:06:49.024000+00:00", "detection_status": "detected", "detection_status_ru": "обнаружено", "lon": 131.65113, "lat": 43.00706, "n_pixels": 2, "zone_area_km2": 0.0008, "cover_m2": 4.7, "p_mean": 0.737, "p_max": 0.839, "cover_m2_km2": 5875.0, "h3": "88316c4c4bfffff", "valid_frac_scene": 0.998, "wind_ms": 2.0, "sea": "спокойное", "scene_reliable": true, "field_event_id": "S4:DOORS3:T23", "field_profile": "B", "field_date": "2024-06-10", "field_distance_km": 6973.4, "field_date_gap_days": 747, "field_conc_items_km2": 102.37, "conc_A_items_km2": null, "conc_A_lo80": null, "conc_A_hi80": null, "conc_A_lo95": null, "conc_A_hi95": null, "conc_A_status": "unavailable", "conc_A_status_ru": "концентрация недоступна", "conc_A_reasons": "вне бассейна профиля: nw_atlantic_subtropical", "conc_A_model": "conc-A-c6bce5631d2b", "conc_B_items_km2": null, "conc_B_lo80": null, "conc_B_hi80": null, "conc_B_lo95": null, "conc_B_hi95": null, "conc_B_status": "unavailable", "conc_B_status_ru": "концентрация недоступна", "conc_B_reasons": "вне бассейна профиля: black_sea", "conc_B_model": "conc-B-c6bce5631d2b"}}, {"type": "Feature", "geometry": {"type": "Polygon", "coordinates": [[[131.7614297899413, 43.007063626503154], [131.76142575783857, 43.00697368047616], [131.76130319989184, 43.006976639588935], [131.76129916798607, 43.00688669355095], [131.7614217257544, 43.00688373444743], [131.76141769368874, 43.00679378841697], [131.7616668412354, 43.006877815847155], [131.7616708736764, 43.00696776185738], [131.76154831576676, 43.0069707212323], [131.7615523480479, 43.00706066725005], [131.7614297899413, 43.007063626503154]]]}, "properties": {"zone_id": "vladivostok-2026-06-27-447", "aoi": "vladivostok", "date": "2026-06-27", "scene_id": "S2B_MSIL2A_20260627T020649_R103_T52TGN_20260627T041901", "scene_datetime_utc": "2026-06-27T02:06:49.024000+00:00", "detection_status": "detected", "detection_status_ru": "обнаружено", "lon": 131.76149, "lat": 43.00693, "n_pixels": 1, "zone_area_km2": 0.0005, "cover_m2": 4.3, "p_mean": 0.957, "p_max": 0.957, "cover_m2_km2": 8600.0, "h3": "88316c45ebfffff", "valid_frac_scene": 0.998, "wind_ms": 2.0, "sea": "спокойное", "scene_reliable": true, "field_event_id": "S4:DOORS3:T23", "field_profile": "B", "field_date": "2024-06-10", "field_distance_km": 6980.9, "field_date_gap_days": 747, "field_conc_items_km2": 102.37, "conc_A_items_km2": null, "conc_A_lo80": null, "conc_A_hi80": null, "conc_A_lo95": null, "conc_A_hi95": null, "conc_A_status": "unavailable", "conc_A_status_ru": "концентрация недоступна", "conc_A_reasons": "вне бассейна профиля: nw_atlantic_subtropical", "conc_A_model": "conc-A-c6bce5631d2b", "conc_B_items_km2": null, "conc_B_lo80": null, "conc_B_hi80": null, "conc_B_lo95": null, "conc_B_hi95": null, "conc_B_status": "unavailable", "conc_B_status_ru": "концентрация недоступна", "conc_B_reasons": "вне бассейна профиля: black_sea", "conc_B_model": "conc-B-c6bce5631d2b"}}, {"type": "Feature", "geometry": {"type": "Polygon", "coordinates": [[[131.9506158434508, 43.00702118864583], [131.95061153534942, 43.006931257462035], [131.9504889977122, 43.00693441913372], [131.9504846898089, 43.00684448793829], [131.95060722726782, 43.0068413262765], [131.95060291920606, 43.006751395089175], [131.9508479937079, 43.00674507139234], [131.95085230212624, 43.00683500255988], [131.95097483952568, 43.00683184050507], [131.95097914814212, 43.00692177166097], [131.9508566105644, 43.006924933725664], [131.95086091902235, 43.00701486488969], [131.9506158434508, 43.00702118864583]]]}, "properties": {"zone_id": "vladivostok-2026-06-27-448", "aoi": "vladivostok", "date": "2026-06-27", "scene_id": "S2B_MSIL2A_20260627T020649_R103_T52TGN_20260627T041901", "scene_datetime_utc": "2026-06-27T02:06:49.024000+00:00", "detection_status": "detected", "detection_status_ru": "обнаружено", "lon": 131.95073, "lat": 43.00688, "n_pixels": 2, "zone_area_km2": 0.0008, "cover_m2": 0.8, "p_mean": 0.873, "p_max": 0.925, "cover_m2_km2": 1000.0, "h3": "88316c7263fffff", "valid_frac_scene": 0.998, "wind_ms": 2.0, "sea": "спокойное", "scene_reliable": true, "field_event_id": "S4:DOORS3:T23", "field_profile": "B", "field_date": "2024-06-10", "field_distance_km": 6993.7, "field_date_gap_days": 747, "field_conc_items_km2": 102.37, "conc_A_items_km2": null, "conc_A_lo80": null, "conc_A_hi80": null, "conc_A_lo95": null, "conc_A_hi95": null, "conc_A_status": "unavailable", "conc_A_status_ru": "концентрация недоступна", "conc_A_reasons": "вне бассейна профиля: nw_atlantic_subtropical", "conc_A_model": "conc-A-c6bce5631d2b", "conc_B_items_km2": null, "conc_B_lo80": null, "conc_B_hi80": null, "conc_B_lo95": null, "conc_B_hi95": null, "conc_B_status": "unavailable", "conc_B_status_ru": "концентрация недоступна", "conc_B_reasons": "вне бассейна профиля: black_sea", "conc_B_model": "conc-B-c6bce5631d2b"}}, {"type": "Feature", "geometry": {"type": "Polygon", "coordinates": [[[131.64521226539978, 43.006388920177265], [131.6452084029606, 43.006298965508165], [131.64508583459474, 43.00630180013542], [131.64508197235182, 43.006211845455724], [131.64520454053923, 43.00620901083733], [131.64520067813564, 43.00611905616482], [131.64544967686075, 43.006203341207225], [131.64545353963908, 43.006293295860324], [131.64533097130874, 43.006296130749796], [131.64533483392634, 43.00638608541004], [131.64521226539978, 43.006388920177265]]]}, "properties": {"zone_id": "vladivostok-2026-06-27-449", "aoi": "vladivostok", "date": "2026-06-27", "scene_id": "S2B_MSIL2A_20260627T020649_R103_T52TGN_20260627T041901", "scene_datetime_utc": "2026-06-27T02:06:49.024000+00:00", "detection_status": "detected", "detection_status_ru": "обнаружено", "lon": 131.64527, "lat": 43.00625, "n_pixels": 1, "zone_area_km2": 0.0005, "cover_m2": 2.7, "p_mean": 0.702, "p_max": 0.702, "cover_m2_km2": 5400.0, "h3": "88316c4c41fffff", "valid_frac_scene": 0.998, "wind_ms": 2.0, "sea": "спокойное", "scene_reliable": true, "field_event_id": "S4:DOORS3:T23", "field_profile": "B", "field_date": "2024-06-10", "field_distance_km": 6973.1, "field_date_gap_days": 747, "field_conc_items_km2": 102.37, "conc_A_items_km2": null, "conc_A_lo80": null, "conc_A_hi80": null, "conc_A_lo95": null, "conc_A_hi95": null, "conc_A_status": "unavailable", "conc_A_status_ru": "концентрация недоступна", "conc_A_reasons": "вне бассейна профиля: nw_atlantic_subtropical", "conc_A_model": "conc-A-c6bce5631d2b", "conc_B_items_km2": null, "conc_B_lo80": null, "conc_B_hi80": null, "conc_B_lo95": null, "conc_B_hi95": null, "conc_B_status": "unavailable", "conc_B_status_ru": "концентрация недоступна", "conc_B_reasons": "вне бассейна профиля: black_sea", "conc_B_model": "conc-B-c6bce5631d2b"}}, {"type": "Feature", "geometry": {"type": "Polygon", "coordinates": [[[131.6020984303139, 43.005216837250316], [131.60209463094012, 43.00512687945495], [131.60197206067014, 43.00512966785132], [131.60196446233195, 43.00494975223809], [131.60220580264067, 43.00485421755739], [131.60220960214048, 43.004944175349095], [131.60233217201855, 43.00494138670794], [131.60233977142755, 43.00512130226887], [131.6020984303139, 43.005216837250316]]]}, "properties": {"zone_id": "vladivostok-2026-06-27-450", "aoi": "vladivostok", "date": "2026-06-27", "scene_id": "S2B_MSIL2A_20260627T020649_R103_T52TGN_20260627T041901", "scene_datetime_utc": "2026-06-27T02:06:49.024000+00:00", "detection_status": "detected", "detection_status_ru": "обнаружено", "lon": 131.60215, "lat": 43.00504, "n_pixels": 2, "zone_area_km2": 0.0008, "cover_m2": 17.3, "p_mean": 0.631, "p_max": 0.69, "cover_m2_km2": 21625.0, "h3": "88316c4f33fffff", "valid_frac_scene": 0.998, "wind_ms": 2.0, "sea": "спокойное", "scene_reliable": true, "field_event_id": "S4:DOORS3:T23", "field_profile": "B", "field_date": "2024-06-10", "field_distance_km": 6970.2, "field_date_gap_days": 747, "field_conc_items_km2": 102.37, "conc_A_items_km2": null, "conc_A_lo80": null, "conc_A_hi80": null, "conc_A_lo95": null, "conc_A_hi95": null, "conc_A_status": "unavailable", "conc_A_status_ru": "концентрация недоступна", "conc_A_reasons": "вне бассейна профиля: nw_atlantic_subtropical", "conc_A_model": "conc-A-c6bce5631d2b", "conc_B_items_km2": null, "conc_B_lo80": null, "conc_B_hi80": null, "conc_B_lo95": null, "conc_B_hi95": null, "conc_B_status": "unavailable", "conc_B_status_ru": "концентрация недоступна", "conc_B_reasons": "вне бассейна профиля: black_sea", "conc_B_model": "conc-B-c6bce5631d2b"}}, {"type": "Feature", "geometry": {"type": "Polygon", "coordinates": [[[131.58976945305037, 43.00378581380177], [131.58976567185516, 43.003695855104525], [131.58964310323208, 43.003698630224264], [131.5896393222327, 43.003608671516645], [131.58976189067735, 43.003605896405595], [131.58975810951694, 43.00351593770497], [131.59000324599702, 43.00351038710688], [131.5900070275144, 43.00360034579014], [131.59012959590677, 43.00359757028576], [131.59013337762, 43.00368752895866], [131.59001080904912, 43.00369030447173], [131.59001459060127, 43.00378026315161], [131.58976945305037, 43.00378581380177]]]}, "properties": {"zone_id": "vladivostok-2026-06-27-451", "aoi": "vladivostok", "date": "2026-06-27", "scene_id": "S2B_MSIL2A_20260627T020649_R103_T52TGN_20260627T041901", "scene_datetime_utc": "2026-06-27T02:06:49.024000+00:00", "detection_status": "detected", "detection_status_ru": "обнаружено", "lon": 131.58989, "lat": 43.00365, "n_pixels": 2, "zone_area_km2": 0.0008, "cover_m2": 7.8, "p_mean": 0.941, "p_max": 0.969, "cover_m2_km2": 9750.0, "h3": "88316c4d4bfffff", "valid_frac_scene": 0.998, "wind_ms": 2.0, "sea": "спокойное", "scene_reliable": true, "field_event_id": "S4:DOORS3:T23", "field_profile": "B", "field_date": "2024-06-10", "field_distance_km": 6969.5, "field_date_gap_days": 747, "field_conc_items_km2": 102.37, "conc_A_items_km2": null, "conc_A_lo80": null, "conc_A_hi80": null, "conc_A_lo95": null, "conc_A_hi95": null, "conc_A_status": "unavailable", "conc_A_status_ru": "концентрация недоступна", "conc_A_reasons": "вне бассейна профиля: nw_atlantic_subtropical", "conc_A_model": "conc-A-c6bce5631d2b", "conc_B_items_km2": null, "conc_B_lo80": null, "conc_B_hi80": null, "conc_B_lo95": null, "conc_B_hi95": null, "conc_B_status": "unavailable", "conc_B_status_ru": "концентрация недоступна", "conc_B_reasons": "вне бассейна профиля: black_sea", "conc_B_model": "conc-B-c6bce5631d2b"}}, {"type": "Feature", "geometry": {"type": "Polygon", "coordinates": [[[131.96992999683425, 43.003009558935055], [131.96992566116552, 43.00291962925875], [131.9698031336414, 43.002922811371526], [131.9697987981708, 43.002832881683524], [131.96992132551674, 43.00282969958068], [131.96991698988788, 43.002739769900835], [131.97016204416343, 43.00273340532212], [131.97016638014875, 43.002823334982075], [131.97028890743485, 43.00282015248631], [131.97029324361833, 43.002910082134534], [131.97017071615403, 43.00291326464025], [131.9701750521792, 43.00300319429666], [131.96992999683425, 43.003009558935055]]]}, "properties": {"zone_id": "vladivostok-2026-06-27-452", "aoi": "vladivostok", "date": "2026-06-27", "scene_id": "S2B_MSIL2A_20260627T020649_R103_T52TGN_20260627T041901", "scene_datetime_utc": "2026-06-27T02:06:49.024000+00:00", "detection_status": "detected", "detection_status_ru": "обнаружено", "lon": 131.97005, "lat": 43.00287, "n_pixels": 2, "zone_area_km2": 0.0008, "cover_m2": 4.3, "p_mean": 0.857, "p_max": 0.973, "cover_m2_km2": 5375.0, "h3": "88316c720bfffff", "valid_frac_scene": 0.998, "wind_ms": 2.0, "sea": "спокойное", "scene_reliable": true, "field_event_id": "S4:DOORS3:T23", "field_profile": "B", "field_date": "2024-06-10", "field_distance_km": 6995.2, "field_date_gap_days": 747, "field_conc_items_km2": 102.37, "conc_A_items_km2": null, "conc_A_lo80": null, "conc_A_hi80": null, "conc_A_lo95": null, "conc_A_hi95": null, "conc_A_status": "unavailable", "conc_A_status_ru": "концентрация недоступна", "conc_A_reasons": "вне бассейна профиля: nw_atlantic_subtropical", "conc_A_model": "conc-A-c6bce5631d2b", "conc_B_items_km2": null, "conc_B_lo80": null, "conc_B_hi80": null, "conc_B_lo95": null, "conc_B_hi95": null, "conc_B_status": "unavailable", "conc_B_status_ru": "концентрация недоступна", "conc_B_reasons": "вне бассейна профиля: black_sea", "conc_B_model": "conc-B-c6bce5631d2b"}}, {"type": "Feature", "geometry": {"type": "Polygon", "coordinates": [[[131.6386653029403, 43.0024881649014], [131.63866145057904, 43.00239820969558], [131.63853888932022, 43.00240103710739], [131.63853503715507, 43.00231108189103], [131.63865759823545, 43.00230825448806], [131.63865374590964, 43.00221829927885], [131.63890272034305, 43.00230259928885], [131.63890657304347, 43.0023925544787], [131.63878401182012, 43.00239538215268], [131.6387878643598, 43.002485337349654], [131.6386653029403, 43.0024881649014]]]}, "properties": {"zone_id": "vladivostok-2026-06-27-453", "aoi": "vladivostok", "date": "2026-06-27", "scene_id": "S2B_MSIL2A_20260627T020649_R103_T52TGN_20260627T041901", "scene_datetime_utc": "2026-06-27T02:06:49.024000+00:00", "detection_status": "detected", "detection_status_ru": "обнаружено", "lon": 131.63872, "lat": 43.00235, "n_pixels": 1, "zone_area_km2": 0.0005, "cover_m2": 7.5, "p_mean": 0.573, "p_max": 0.573, "cover_m2_km2": 15000.0, "h3": "88316c4c47fffff", "valid_frac_scene": 0.998, "wind_ms": 2.0, "sea": "спокойное", "scene_reliable": true, "field_event_id": "S4:DOORS3:T23", "field_profile": "B", "field_date": "2024-06-10", "field_distance_km": 6972.9, "field_date_gap_days": 747, "field_conc_items_km2": 102.37, "conc_A_items_km2": null, "conc_A_lo80": null, "conc_A_hi80": null, "conc_A_lo95": null, "conc_A_hi95": null, "conc_A_status": "unavailable", "conc_A_status_ru": "концентрация недоступна", "conc_A_reasons": "вне бассейна профиля: nw_atlantic_subtropical", "conc_A_model": "conc-A-c6bce5631d2b", "conc_B_items_km2": null, "conc_B_lo80": null, "conc_B_hi80": null, "conc_B_lo95": null, "conc_B_hi95": null, "conc_B_status": "unavailable", "conc_B_status_ru": "концентрация недоступна", "conc_B_reasons": "вне бассейна профиля: black_sea", "conc_B_model": "conc-B-c6bce5631d2b"}}, {"type": "Feature", "geometry": {"type": "Polygon", "coordinates": [[[131.6166997814838, 43.002362487223714], [131.61669596118594, 43.002272530430126], [131.61657339801647, 43.00227533431445], [131.6165695779146, 43.00218537751043], [131.61669214090566, 43.00218257363486], [131.61668832064296, 43.00209261683792], [131.61693726683498, 43.00217696549047], [131.61694108747216, 43.00226692226819], [131.61681852433784, 43.00226972641471], [131.61682234481415, 43.002359683199515], [131.6166997814838, 43.002362487223714]]]}, "properties": {"zone_id": "vladivostok-2026-06-27-454", "aoi": "vladivostok", "date": "2026-06-27", "scene_id": "S2B_MSIL2A_20260627T020649_R103_T52TGN_20260627T041901", "scene_datetime_utc": "2026-06-27T02:06:49.024000+00:00", "detection_status": "detected", "detection_status_ru": "обнаружено", "lon": 131.61676, "lat": 43.00223, "n_pixels": 1, "zone_area_km2": 0.0005, "cover_m2": 4.7, "p_mean": 0.635, "p_max": 0.635, "cover_m2_km2": 9400.0, "h3": "88316c4c6dfffff", "valid_frac_scene": 0.998, "wind_ms": 2.0, "sea": "спокойное", "scene_reliable": true, "field_event_id": "S4:DOORS3:T23", "field_profile": "B", "field_date": "2024-06-10", "field_distance_km": 6971.4, "field_date_gap_days": 747, "field_conc_items_km2": 102.37, "conc_A_items_km2": null, "conc_A_lo80": null, "conc_A_hi80": null, "conc_A_lo95": null, "conc_A_hi95": null, "conc_A_status": "unavailable", "conc_A_status_ru": "концентрация недоступна", "conc_A_reasons": "вне бассейна профиля: nw_atlantic_subtropical", "conc_A_model": "conc-A-c6bce5631d2b", "conc_B_items_km2": null, "conc_B_lo80": null, "conc_B_hi80": null, "conc_B_lo95": null, "conc_B_hi95": null, "conc_B_status": "unavailable", "conc_B_status_ru": "концентрация недоступна", "conc_B_reasons": "вне бассейна профиля: black_sea", "conc_B_model": "conc-B-c6bce5631d2b"}}, {"type": "Feature", "geometry": {"type": "Polygon", "coordinates": [[[131.94595930524915, 43.00200882609072], [131.94595500469373, 43.00191889445081], [131.94583247650445, 43.00192205084385], [131.94582817614705, 43.0018321191923], [131.94595070415807, 43.00182896280913], [131.94594640364218, 43.001739031165684], [131.9461957601208, 43.00182264964984], [131.94620006101292, 43.00191258127179], [131.9460775328632, 43.001915737926794], [131.94608183359688, 43.00200566955684], [131.94595930524915, 43.00200882609072]]]}, "properties": {"zone_id": "vladivostok-2026-06-27-455", "aoi": "vladivostok", "date": "2026-06-27", "scene_id": "S2B_MSIL2A_20260627T020649_R103_T52TGN_20260627T041901", "scene_datetime_utc": "2026-06-27T02:06:49.024000+00:00", "detection_status": "detected", "detection_status_ru": "обнаружено", "lon": 131.94601, "lat": 43.00187, "n_pixels": 1, "zone_area_km2": 0.0005, "cover_m2": 2.4, "p_mean": 0.659, "p_max": 0.659, "cover_m2_km2": 4800.0, "h3": "88316c7229fffff", "valid_frac_scene": 0.998, "wind_ms": 2.0, "sea": "спокойное", "scene_reliable": true, "field_event_id": "S4:DOORS3:T23", "field_profile": "B", "field_date": "2024-06-10", "field_distance_km": 6993.7, "field_date_gap_days": 747, "field_conc_items_km2": 102.37, "conc_A_items_km2": null, "conc_A_lo80": null, "conc_A_hi80": null, "conc_A_lo95": null, "conc_A_hi95": null, "conc_A_status": "unavailable", "conc_A_status_ru": "концентрация недоступна", "conc_A_reasons": "вне бассейна профиля: nw_atlantic_subtropical", "conc_A_model": "conc-A-c6bce5631d2b", "conc_B_items_km2": null, "conc_B_lo80": null, "conc_B_hi80": null, "conc_B_lo95": null, "conc_B_hi95": null, "conc_B_status": "unavailable", "conc_B_status_ru": "концентрация недоступна", "conc_B_reasons": "вне бассейна профиля: black_sea", "conc_B_model": "conc-B-c6bce5631d2b"}}, {"type": "Feature", "geometry": {"type": "Polygon", "coordinates": [[[131.59128717888876, 43.00195055319238], [131.59128339572166, 43.001860594574225], [131.59116083089398, 43.001863371224765], [131.59115704792274, 43.00177341259623], [131.59127961257195, 43.001770635954365], [131.59127582943964, 43.001680677332836], [131.5915247418181, 43.00176508227733], [131.5915285253247, 43.00185504087981], [131.5914059605319, 43.00185781779256], [131.59140974387745, 43.00194777640204], [131.59128717888876, 43.00195055319238]]]}, "properties": {"zone_id": "vladivostok-2026-06-27-456", "aoi": "vladivostok", "date": "2026-06-27", "scene_id": "S2B_MSIL2A_20260627T020649_R103_T52TGN_20260627T041901", "scene_datetime_utc": "2026-06-27T02:06:49.024000+00:00", "detection_status": "detected", "detection_status_ru": "обнаружено", "lon": 131.59134, "lat": 43.00181, "n_pixels": 1, "zone_area_km2": 0.0005, "cover_m2": 3.5, "p_mean": 0.941, "p_max": 0.941, "cover_m2_km2": 7000.0, "h3": "88316c4f37fffff", "valid_frac_scene": 0.998, "wind_ms": 2.0, "sea": "спокойное", "scene_reliable": true, "field_event_id": "S4:DOORS3:T23", "field_profile": "B", "field_date": "2024-06-10", "field_distance_km": 6969.7, "field_date_gap_days": 747, "field_conc_items_km2": 102.37, "conc_A_items_km2": null, "conc_A_lo80": null, "conc_A_hi80": null, "conc_A_lo95": null, "conc_A_hi95": null, "conc_A_status": "unavailable", "conc_A_status_ru": "концентрация недоступна", "conc_A_reasons": "вне бассейна профиля: nw_atlantic_subtropical", "conc_A_model": "conc-A-c6bce5631d2b", "conc_B_items_km2": null, "conc_B_lo80": null, "conc_B_hi80": null, "conc_B_lo95": null, "conc_B_hi95": null, "conc_B_status": "unavailable", "conc_B_status_ru": "концентрация недоступна", "conc_B_reasons": "вне бассейна профиля: black_sea", "conc_B_model": "conc-B-c6bce5631d2b"}}, {"type": "Feature", "geometry": {"type": "Polygon", "coordinates": [[[131.59065544248398, 43.00151464185278], [131.59065166029617, 43.00142468318277], [131.5905290962737, 43.00142745913439], [131.59052531428176, 43.00133750045403], [131.59064787812574, 43.001334724511075], [131.5906440959727, 43.0012447658377], [131.59089300576147, 43.00132917223188], [131.59089678828877, 43.00141913088621], [131.59077422430119, 43.00142190710003], [131.59077800666748, 43.001511865761366], [131.59065544248398, 43.00151464185278]]]}, "properties": {"zone_id": "vladivostok-2026-06-27-457", "aoi": "vladivostok", "date": "2026-06-27", "scene_id": "S2B_MSIL2A_20260627T020649_R103_T52TGN_20260627T041901", "scene_datetime_utc": "2026-06-27T02:06:49.024000+00:00", "detection_status": "detected", "detection_status_ru": "обнаружено", "lon": 131.59071, "lat": 43.00138, "n_pixels": 1, "zone_area_km2": 0.0005, "cover_m2": 4.3, "p_mean": 0.871, "p_max": 0.871, "cover_m2_km2": 8600.0, "h3": "88316c4d4bfffff", "valid_frac_scene": 0.998, "wind_ms": 2.0, "sea": "спокойное", "scene_reliable": true, "field_event_id": "S4:DOORS3:T23", "field_profile": "B", "field_date": "2024-06-10", "field_distance_km": 6969.7, "field_date_gap_days": 747, "field_conc_items_km2": 102.37, "conc_A_items_km2": null, "conc_A_lo80": null, "conc_A_hi80": null, "conc_A_lo95": null, "conc_A_hi95": null, "conc_A_status": "unavailable", "conc_A_status_ru": "концентрация недоступна", "conc_A_reasons": "вне бассейна профиля: nw_atlantic_subtropical", "conc_A_model": "conc-A-c6bce5631d2b", "conc_B_items_km2": null, "conc_B_lo80": null, "conc_B_hi80": null, "conc_B_lo95": null, "conc_B_hi95": null, "conc_B_status": "unavailable", "conc_B_status_ru": "концентрация недоступна", "conc_B_reasons": "вне бассейна профиля: black_sea", "conc_B_model": "conc-B-c6bce5631d2b"}}, {"type": "Feature", "geometry": {"type": "Polygon", "coordinates": [[[131.96838599579138, 43.00151892899654], [131.9683816626003, 43.001428999170805], [131.9682591378667, 43.00143217954282], [131.96825480487377, 43.00134224970538], [131.96837732942913, 43.0013390693433], [131.96837299627794, 43.00124913951405], [131.96861804497246, 43.00124277841686], [131.9686223784801, 43.00133270822623], [131.96874490297566, 43.00132952747124], [131.96874923668145, 43.001419457268916], [131.96862671200768, 43.001422638033844], [131.96863104555518, 43.001512567839704], [131.96838599579138, 43.00151892899654]]]}, "properties": {"zone_id": "vladivostok-2026-06-27-458", "aoi": "vladivostok", "date": "2026-06-27", "scene_id": "S2B_MSIL2A_20260627T020649_R103_T52TGN_20260627T041901", "scene_datetime_utc": "2026-06-27T02:06:49.024000+00:00", "detection_status": "detected", "detection_status_ru": "обнаружено", "lon": 131.9685, "lat": 43.00138, "n_pixels": 2, "zone_area_km2": 0.0008, "cover_m2": 9.0, "p_mean": 0.731, "p_max": 0.949, "cover_m2_km2": 11250.0, "h3": "88316c7201fffff", "valid_frac_scene": 0.998, "wind_ms": 2.0, "sea": "спокойное", "scene_reliable": true, "field_event_id": "S4:DOORS3:T23", "field_profile": "B", "field_date": "2024-06-10", "field_distance_km": 6995.2, "field_date_gap_days": 747, "field_conc_items_km2": 102.37, "conc_A_items_km2": null, "conc_A_lo80": null, "conc_A_hi80": null, "conc_A_lo95": null, "conc_A_hi95": null, "conc_A_status": "unavailable", "conc_A_status_ru": "концентрация недоступна", "conc_A_reasons": "вне бассейна профиля: nw_atlantic_subtropical", "conc_A_model": "conc-A-c6bce5631d2b", "conc_B_items_km2": null, "conc_B_lo80": null, "conc_B_hi80": null, "conc_B_lo95": null, "conc_B_hi95": null, "conc_B_status": "unavailable", "conc_B_status_ru": "концентрация недоступна", "conc_B_reasons": "вне бассейна профиля: black_sea", "conc_B_model": "conc-B-c6bce5631d2b"}}, {"type": "Feature", "geometry": {"type": "Polygon", "coordinates": [[[131.59887479259538, 43.00150827003381], [131.59887099841686, 43.00141831194968], [131.59862207817227, 43.00133392322081], [131.59861828438554, 43.00124396511587], [131.59874084725757, 43.00124118051164], [131.59873705330983, 43.00115122241372], [131.59923489325004, 43.001319998845105], [131.59923868794644, 43.00140995690482], [131.59911612478737, 43.00141274205086], [131.5991199193228, 43.0015027001176], [131.59887479259538, 43.00150827003381]]]}, "properties": {"zone_id": "vladivostok-2026-06-27-459", "aoi": "vladivostok", "date": "2026-06-27", "scene_id": "S2B_MSIL2A_20260627T020649_R103_T52TGN_20260627T041901", "scene_datetime_utc": "2026-06-27T02:06:49.024000+00:00", "detection_status": "detected", "detection_status_ru": "обнаружено", "lon": 131.59893, "lat": 43.00134, "n_pixels": 3, "zone_area_km2": 0.0011, "cover_m2": 10.2, "p_mean": 0.688, "p_max": 0.824, "cover_m2_km2": 9272.7, "h3": "88316c4f37fffff", "valid_frac_scene": 0.998, "wind_ms": 2.0, "sea": "спокойное", "scene_reliable": true, "field_event_id": "S4:DOORS3:T23", "field_profile": "B", "field_date": "2024-06-10", "field_distance_km": 6970.2, "field_date_gap_days": 747, "field_conc_items_km2": 102.37, "conc_A_items_km2": null, "conc_A_lo80": null, "conc_A_hi80": null, "conc_A_lo95": null, "conc_A_hi95": null, "conc_A_status": "unavailable", "conc_A_status_ru": "концентрация недоступна", "conc_A_reasons": "вне бассейна профиля: nw_atlantic_subtropical", "conc_A_model": "conc-A-c6bce5631d2b", "conc_B_items_km2": null, "conc_B_lo80": null, "conc_B_hi80": null, "conc_B_lo95": null, "conc_B_hi95": null, "conc_B_status": "unavailable", "conc_B_status_ru": "концентрация недоступна", "conc_B_reasons": "вне бассейна профиля: black_sea", "conc_B_model": "conc-B-c6bce5631d2b"}}, {"type": "Feature", "geometry": {"type": "Polygon", "coordinates": [[[131.71480024187497, 43.00133666840887], [131.71479627860023, 43.001246718783875], [131.7146737272583, 43.00124962765659], [131.7146658011203, 43.001069728383264], [131.71490693967414, 43.00097396092214], [131.7149109030725, 43.00106391054318], [131.71503345402127, 43.00106100142654], [131.7150413812295, 43.001240900645286], [131.71480024187497, 43.00133666840887]]]}, "properties": {"zone_id": "vladivostok-2026-06-27-460", "aoi": "vladivostok", "date": "2026-06-27", "scene_id": "S2B_MSIL2A_20260627T020649_R103_T52TGN_20260627T041901", "scene_datetime_utc": "2026-06-27T02:06:49.024000+00:00", "detection_status": "detected", "detection_status_ru": "обнаружено", "lon": 131.71485, "lat": 43.00116, "n_pixels": 2, "zone_area_km2": 0.0008, "cover_m2": 5.1, "p_mean": 0.735, "p_max": 0.91, "cover_m2_km2": 6375.0, "h3": "88316c4ec3fffff", "valid_frac_scene": 0.998, "wind_ms": 2.0, "sea": "спокойное", "scene_reliable": true, "field_event_id": "S4:DOORS3:T23", "field_profile": "B", "field_date": "2024-06-10", "field_distance_km": 6978.1, "field_date_gap_days": 747, "field_conc_items_km2": 102.37, "conc_A_items_km2": null, "conc_A_lo80": null, "conc_A_hi80": null, "conc_A_lo95": null, "conc_A_hi95": null, "conc_A_status": "unavailable", "conc_A_status_ru": "концентрация недоступна", "conc_A_reasons": "вне бассейна профиля: nw_atlantic_subtropical", "conc_A_model": "conc-A-c6bce5631d2b", "conc_B_items_km2": null, "conc_B_lo80": null, "conc_B_hi80": null, "conc_B_lo95": null, "conc_B_hi95": null, "conc_B_status": "unavailable", "conc_B_status_ru": "концентрация недоступна", "conc_B_reasons": "вне бассейна профиля: black_sea", "conc_B_model": "conc-B-c6bce5631d2b"}}, {"type": "Feature", "geometry": {"type": "Polygon", "coordinates": [[[131.94346576512416, 43.00117261081068], [131.94346146833115, 43.00108267895587], [131.94333894152874, 43.00108583263062], [131.94333034835853, 43.000905968895985], [131.94357110431872, 43.00080972960465], [131.94357540123065, 43.0008996614549], [131.94369792763706, 43.000896507537895], [131.94370652187666, 43.00107637121337], [131.94346576512416, 43.00117261081068]]]}, "properties": {"zone_id": "vladivostok-2026-06-27-461", "aoi": "vladivostok", "date": "2026-06-27", "scene_id": "S2B_MSIL2A_20260627T020649_R103_T52TGN_20260627T041901", "scene_datetime_utc": "2026-06-27T02:06:49.024000+00:00", "detection_status": "detected", "detection_status_ru": "обнаружено", "lon": 131.94352, "lat": 43.00099, "n_pixels": 2, "zone_area_km2": 0.0008, "cover_m2": 5.1, "p_mean": 0.714, "p_max": 0.902, "cover_m2_km2": 6375.0, "h3": "88316c7229fffff", "valid_frac_scene": 0.998, "wind_ms": 2.0, "sea": "спокойное", "scene_reliable": true, "field_event_id": "S4:DOORS3:T23", "field_profile": "B", "field_date": "2024-06-10", "field_distance_km": 6993.6, "field_date_gap_days": 747, "field_conc_items_km2": 102.37, "conc_A_items_km2": null, "conc_A_lo80": null, "conc_A_hi80": null, "conc_A_lo95": null, "conc_A_hi95": null, "conc_A_status": "unavailable", "conc_A_status_ru": "концентрация недоступна", "conc_A_reasons": "вне бассейна профиля: nw_atlantic_subtropical", "conc_A_model": "conc-A-c6bce5631d2b", "conc_B_items_km2": null, "conc_B_lo80": null, "conc_B_hi80": null, "conc_B_lo95": null, "conc_B_hi95": null, "conc_B_status": "unavailable", "conc_B_status_ru": "концентрация недоступна", "conc_B_reasons": "вне бассейна профиля: black_sea", "conc_B_model": "conc-B-c6bce5631d2b"}}, {"type": "Feature", "geometry": {"type": "Polygon", "coordinates": [[[131.6073202048705, 43.00104593243842], [131.60731639843215, 43.00095597495099], [131.60719383696258, 43.00095876872326], [131.6071900307202, 43.0008688112254], [131.60731259201134, 43.00086601746187], [131.60730878560804, 43.00077605997105], [131.6075577145411, 43.000860429541525], [131.60756152131876, 43.00095038701317], [131.60743895988423, 43.00095318104763], [131.60744276650098, 43.00104313852633], [131.6073202048705, 43.00104593243842]]]}, "properties": {"zone_id": "vladivostok-2026-06-27-462", "aoi": "vladivostok", "date": "2026-06-27", "scene_id": "S2B_MSIL2A_20260627T020649_R103_T52TGN_20260627T041901", "scene_datetime_utc": "2026-06-27T02:06:49.024000+00:00", "detection_status": "detected", "detection_status_ru": "обнаружено", "lon": 131.60738, "lat": 43.00091, "n_pixels": 1, "zone_area_km2": 0.0005, "cover_m2": 5.5, "p_mean": 0.769, "p_max": 0.769, "cover_m2_km2": 11000.0, "h3": "88316c4f33fffff", "valid_frac_scene": 0.998, "wind_ms": 2.0, "sea": "спокойное", "scene_reliable": true, "field_event_id": "S4:DOORS3:T23", "field_profile": "B", "field_date": "2024-06-10", "field_distance_km": 6970.8, "field_date_gap_days": 747, "field_conc_items_km2": 102.37, "conc_A_items_km2": null, "conc_A_lo80": null, "conc_A_hi80": null, "conc_A_lo95": null, "conc_A_hi95": null, "conc_A_status": "unavailable", "conc_A_status_ru": "концентрация недоступна", "conc_A_reasons": "вне бассейна профиля: nw_atlantic_subtropical", "conc_A_model": "conc-A-c6bce5631d2b", "conc_B_items_km2": null, "conc_B_lo80": null, "conc_B_hi80": null, "conc_B_lo95": null, "conc_B_hi95": null, "conc_B_status": "unavailable", "conc_B_status_ru": "концентрация недоступна", "conc_B_reasons": "вне бассейна профиля: black_sea", "conc_B_model": "conc-B-c6bce5631d2b"}}, {"type": "Feature", "geometry": {"type": "Polygon", "coordinates": [[[131.5911267847794, 43.001053743507235], [131.5911230019648, 43.00096378486352], [131.5910004389042, 43.000966561296146], [131.59099287368414, 43.000786643986295], [131.5912342161333, 43.00069113238456], [131.5912379990741, 43.000781091024656], [131.591360561743, 43.000778314347194], [131.59136812803374, 43.00095823160497], [131.5911267847794, 43.001053743507235]]]}, "properties": {"zone_id": "vladivostok-2026-06-27-463", "aoi": "vladivostok", "date": "2026-06-27", "scene_id": "S2B_MSIL2A_20260627T020649_R103_T52TGN_20260627T041901", "scene_datetime_utc": "2026-06-27T02:06:49.024000+00:00", "detection_status": "detected", "detection_status_ru": "обнаружено", "lon": 131.59118, "lat": 43.00087, "n_pixels": 2, "zone_area_km2": 0.0008, "cover_m2": 8.2, "p_mean": 0.837, "p_max": 0.851, "cover_m2_km2": 10250.0, "h3": "88316c4f37fffff", "valid_frac_scene": 0.998, "wind_ms": 2.0, "sea": "спокойное", "scene_reliable": true, "field_event_id": "S4:DOORS3:T23", "field_profile": "B", "field_date": "2024-06-10", "field_distance_km": 6969.8, "field_date_gap_days": 747, "field_conc_items_km2": 102.37, "conc_A_items_km2": null, "conc_A_lo80": null, "conc_A_hi80": null, "conc_A_lo95": null, "conc_A_hi95": null, "conc_A_status": "unavailable", "conc_A_status_ru": "концентрация недоступна", "conc_A_reasons": "вне бассейна профиля: nw_atlantic_subtropical", "conc_A_model": "conc-A-c6bce5631d2b", "conc_B_items_km2": null, "conc_B_lo80": null, "conc_B_hi80": null, "conc_B_lo95": null, "conc_B_hi95": null, "conc_B_status": "unavailable", "conc_B_status_ru": "концентрация недоступна", "conc_B_reasons": "вне бассейна профиля: black_sea", "conc_B_model": "conc-B-c6bce5631d2b"}}, {"type": "Feature", "geometry": {"type": "Polygon", "coordinates": [[[131.63246803017154, 43.00101017343419], [131.63246418705015, 43.000920217756324], [131.63234162811776, 43.000923038454765], [131.63233778519248, 43.000833082766384], [131.63246034394646, 43.00083026207676], [131.63245650086043, 43.0007403063955], [131.63270546140137, 43.000824620304265], [131.63270930486192, 43.000914575966185], [131.6325867459649, 43.000917396926795], [131.63259058926468, 43.00100735259585], [131.63246803017154, 43.00101017343419]]]}, "properties": {"zone_id": "vladivostok-2026-06-27-464", "aoi": "vladivostok", "date": "2026-06-27", "scene_id": "S2B_MSIL2A_20260627T020649_R103_T52TGN_20260627T041901", "scene_datetime_utc": "2026-06-27T02:06:49.024000+00:00", "detection_status": "detected", "detection_status_ru": "обнаружено", "lon": 131.63252, "lat": 43.00087, "n_pixels": 1, "zone_area_km2": 0.0005, "cover_m2": 5.9, "p_mean": 0.58, "p_max": 0.58, "cover_m2_km2": 11800.0, "h3": "88316c4c6bfffff", "valid_frac_scene": 0.998, "wind_ms": 2.0, "sea": "спокойное", "scene_reliable": true, "field_event_id": "S4:DOORS3:T23", "field_profile": "B", "field_date": "2024-06-10", "field_distance_km": 6972.5, "field_date_gap_days": 747, "field_conc_items_km2": 102.37, "conc_A_items_km2": null, "conc_A_lo80": null, "conc_A_hi80": null, "conc_A_lo95": null, "conc_A_hi95": null, "conc_A_status": "unavailable", "conc_A_status_ru": "концентрация недоступна", "conc_A_reasons": "вне бассейна профиля: nw_atlantic_subtropical", "conc_A_model": "conc-A-c6bce5631d2b", "conc_B_items_km2": null, "conc_B_lo80": null, "conc_B_hi80": null, "conc_B_lo95": null, "conc_B_hi95": null, "conc_B_status": "unavailable", "conc_B_status_ru": "концентрация недоступна", "conc_B_reasons": "вне бассейна профиля: black_sea", "conc_B_model": "conc-B-c6bce5631d2b"}}, {"type": "Feature", "geometry": {"type": "Polygon", "coordinates": [[[131.59026506017526, 43.00098321713883], [131.59026127862714, 43.00089325843267], [131.5901387156232, 43.00089603393892], [131.59013493427094, 43.00080607522239], [131.59025749709645, 43.000803299724815], [131.5902537155832, 43.000713341015285], [131.59050262269528, 43.00079774833637], [131.59050640458287, 43.00088770702687], [131.59038384161371, 43.00089048279531], [131.59038762334023, 43.00098044149281], [131.59026506017526, 43.00098321713883]]]}, "properties": {"zone_id": "vladivostok-2026-06-27-465", "aoi": "vladivostok", "date": "2026-06-27", "scene_id": "S2B_MSIL2A_20260627T020649_R103_T52TGN_20260627T041901", "scene_datetime_utc": "2026-06-27T02:06:49.024000+00:00", "detection_status": "detected", "detection_status_ru": "обнаружено", "lon": 131.59032, "lat": 43.00085, "n_pixels": 1, "zone_area_km2": 0.0005, "cover_m2": 4.3, "p_mean": 0.729, "p_max": 0.729, "cover_m2_km2": 8600.0, "h3": "88316c4d4bfffff", "valid_frac_scene": 0.998, "wind_ms": 2.0, "sea": "спокойное", "scene_reliable": true, "field_event_id": "S4:DOORS3:T23", "field_profile": "B", "field_date": "2024-06-10", "field_distance_km": 6969.7, "field_date_gap_days": 747, "field_conc_items_km2": 102.37, "conc_A_items_km2": null, "conc_A_lo80": null, "conc_A_hi80": null, "conc_A_lo95": null, "conc_A_hi95": null, "conc_A_status": "unavailable", "conc_A_status_ru": "концентрация недоступна", "conc_A_reasons": "вне бассейна профиля: nw_atlantic_subtropical", "conc_A_model": "conc-A-c6bce5631d2b", "conc_B_items_km2": null, "conc_B_lo80": null, "conc_B_hi80": null, "conc_B_lo95": null, "conc_B_hi95": null, "conc_B_status": "unavailable", "conc_B_status_ru": "концентрация недоступна", "conc_B_reasons": "вне бассейна профиля: black_sea", "conc_B_model": "conc-B-c6bce5631d2b"}}, {"type": "Feature", "geometry": {"type": "Polygon", "coordinates": [[[131.94958347754869, 43.00083489685485], [131.94957917188387, 43.00074496548991], [131.94945664642717, 43.00074812569389], [131.9494523409604, 43.000658194317325], [131.94957486623883, 43.000655034123206], [131.9495705606136, 43.00056510275475], [131.94981991673632, 43.00064871334207], [131.9498242227378, 43.000738644689], [131.94970169732073, 43.000741805154945], [131.94970600316378, 43.00083173651], [131.94958347754869, 43.00083489685485]]]}, "properties": {"zone_id": "vladivostok-2026-06-27-466", "aoi": "vladivostok", "date": "2026-06-27", "scene_id": "S2B_MSIL2A_20260627T020649_R103_T52TGN_20260627T041901", "scene_datetime_utc": "2026-06-27T02:06:49.024000+00:00", "detection_status": "detected", "detection_status_ru": "обнаружено", "lon": 131.94964, "lat": 43.0007, "n_pixels": 1, "zone_area_km2": 0.0005, "cover_m2": 2.7, "p_mean": 0.918, "p_max": 0.918, "cover_m2_km2": 5400.0, "h3": "88316c7229fffff", "valid_frac_scene": 0.998, "wind_ms": 2.0, "sea": "спокойное", "scene_reliable": true, "field_event_id": "S4:DOORS3:T23", "field_profile": "B", "field_date": "2024-06-10", "field_distance_km": 6994.0, "field_date_gap_days": 747, "field_conc_items_km2": 102.37, "conc_A_items_km2": null, "conc_A_lo80": null, "conc_A_hi80": null, "conc_A_lo95": null, "conc_A_hi95": null, "conc_A_status": "unavailable", "conc_A_status_ru": "концентрация недоступна", "conc_A_reasons": "вне бассейна профиля: nw_atlantic_subtropical", "conc_A_model": "conc-A-c6bce5631d2b", "conc_B_items_km2": null, "conc_B_lo80": null, "conc_B_hi80": null, "conc_B_lo95": null, "conc_B_hi95": null, "conc_B_status": "unavailable", "conc_B_status_ru": "концентрация недоступна", "conc_B_reasons": "вне бассейна профиля: black_sea", "conc_B_model": "conc-B-c6bce5631d2b"}}, {"type": "Feature", "geometry": {"type": "Polygon", "coordinates": [[[131.59758468958438, 43.00000682260878], [131.59758089748692, 42.99991686440886], [131.59745833713436, 42.99991964770267], [131.59745454523275, 42.999829689492366], [131.5975771054069, 42.99982690620726], [131.59757331334436, 42.99973694800398], [131.59782222570286, 42.99982133924377], [131.5978260181397, 42.99991129742797], [131.59770345782206, 42.999914080983956], [131.59770725009793, 43.00000403917518], [131.59758468958438, 43.00000682260878]]]}, "properties": {"zone_id": "vladivostok-2026-06-27-467", "aoi": "vladivostok", "date": "2026-06-27", "scene_id": "S2B_MSIL2A_20260627T020649_R103_T52TGN_20260627T041901", "scene_datetime_utc": "2026-06-27T02:06:49.024000+00:00", "detection_status": "detected", "detection_status_ru": "обнаружено", "lon": 131.59764, "lat": 42.99987, "n_pixels": 1, "zone_area_km2": 0.0005, "cover_m2": 3.9, "p_mean": 0.667, "p_max": 0.667, "cover_m2_km2": 7800.0, "h3": "88316c4d59fffff", "valid_frac_scene": 0.998, "wind_ms": 2.0, "sea": "спокойное", "scene_reliable": true, "field_event_id": "S4:DOORS3:T23", "field_profile": "B", "field_date": "2024-06-10", "field_distance_km": 6970.3, "field_date_gap_days": 747, "field_conc_items_km2": 102.37, "conc_A_items_km2": null, "conc_A_lo80": null, "conc_A_hi80": null, "conc_A_lo95": null, "conc_A_hi95": null, "conc_A_status": "unavailable", "conc_A_status_ru": "концентрация недоступна", "conc_A_reasons": "вне бассейна профиля: nw_atlantic_subtropical", "conc_A_model": "conc-A-c6bce5631d2b", "conc_B_items_km2": null, "conc_B_lo80": null, "conc_B_hi80": null, "conc_B_lo95": null, "conc_B_hi95": null, "conc_B_status": "unavailable", "conc_B_status_ru": "концентрация недоступна", "conc_B_reasons": "вне бассейна профиля: black_sea", "conc_B_model": "conc-B-c6bce5631d2b"}}, {"type": "Feature", "geometry": {"type": "Polygon", "coordinates": [[[131.5867426520501, 42.99890186675928], [131.58673887591547, 42.99881190776979], [131.5866163167071, 42.99881467939724], [131.58661254076827, 42.998724720397384], [131.58673509979826, 42.99872194877862], [131.5867313236984, 42.998631989785764], [131.58697644134935, 42.99862644617227], [131.58698021780606, 42.99871640514778], [131.5871027767839, 42.99871363313573], [131.5871065534364, 42.998803592100906], [131.58698399428013, 42.998806364121634], [131.5869877707716, 42.998896323093774], [131.5867426520501, 42.99890186675928]]]}, "properties": {"zone_id": "vladivostok-2026-06-27-468", "aoi": "vladivostok", "date": "2026-06-27", "scene_id": "S2B_MSIL2A_20260627T020649_R103_T52TGN_20260627T041901", "scene_datetime_utc": "2026-06-27T02:06:49.024000+00:00", "detection_status": "detected", "detection_status_ru": "обнаружено", "lon": 131.58686, "lat": 42.99876, "n_pixels": 2, "zone_area_km2": 0.0008, "cover_m2": 11.0, "p_mean": 0.857, "p_max": 0.875, "cover_m2_km2": 13750.0, "h3": "88316c4d5dfffff", "valid_frac_scene": 0.998, "wind_ms": 2.0, "sea": "спокойное", "scene_reliable": true, "field_event_id": "S4:DOORS3:T23", "field_profile": "B", "field_date": "2024-06-10", "field_distance_km": 6969.6, "field_date_gap_days": 747, "field_conc_items_km2": 102.37, "conc_A_items_km2": null, "conc_A_lo80": null, "conc_A_hi80": null, "conc_A_lo95": null, "conc_A_hi95": null, "conc_A_status": "unavailable", "conc_A_status_ru": "концентрация недоступна", "conc_A_reasons": "вне бассейна профиля: nw_atlantic_subtropical", "conc_A_model": "conc-A-c6bce5631d2b", "conc_B_items_km2": null, "conc_B_lo80": null, "conc_B_hi80": null, "conc_B_lo95": null, "conc_B_hi95": null, "conc_B_status": "unavailable", "conc_B_status_ru": "концентрация недоступна", "conc_B_reasons": "вне бассейна профиля: black_sea", "conc_B_model": "conc-B-c6bce5631d2b"}}, {"type": "Feature", "geometry": {"type": "Polygon", "coordinates": [[[131.94347657725694, 42.99883122845275], [131.94347228079963, 42.99874129656192], [131.9433497586507, 42.99874445011137], [131.94334546239133, 42.99865451820891], [131.94346798436203, 42.99865136466932], [131.94346368794422, 42.998561432774956], [131.94371302824413, 42.99864505719723], [131.94371732503814, 42.99873498907012], [131.94359480292874, 42.9987381428815], [131.94359909956427, 42.99882807476247], [131.94347657725694, 42.99883122845275]]]}, "properties": {"zone_id": "vladivostok-2026-06-27-469", "aoi": "vladivostok", "date": "2026-06-27", "scene_id": "S2B_MSIL2A_20260627T020649_R103_T52TGN_20260627T041901", "scene_datetime_utc": "2026-06-27T02:06:49.024000+00:00", "detection_status": "detected", "detection_status_ru": "обнаружено", "lon": 131.94353, "lat": 42.99869, "n_pixels": 1, "zone_area_km2": 0.0005, "cover_m2": 1.6, "p_mean": 0.69, "p_max": 0.69, "cover_m2_km2": 3200.0, "h3": "88316c7229fffff", "valid_frac_scene": 0.998, "wind_ms": 2.0, "sea": "спокойное", "scene_reliable": true, "field_event_id": "S4:DOORS3:T23", "field_profile": "B", "field_date": "2024-06-10", "field_distance_km": 6993.7, "field_date_gap_days": 747, "field_conc_items_km2": 102.37, "conc_A_items_km2": null, "conc_A_lo80": null, "conc_A_hi80": null, "conc_A_lo95": null, "conc_A_hi95": null, "conc_A_status": "unavailable", "conc_A_status_ru": "концентрация недоступна", "conc_A_reasons": "вне бассейна профиля: nw_atlantic_subtropical", "conc_A_model": "conc-A-c6bce5631d2b", "conc_B_items_km2": null, "conc_B_lo80": null, "conc_B_hi80": null, "conc_B_lo95": null, "conc_B_hi95": null, "conc_B_status": "unavailable", "conc_B_status_ru": "концентрация недоступна", "conc_B_reasons": "вне бассейна профиля: black_sea", "conc_B_model": "conc-B-c6bce5631d2b"}}, {"type": "Feature", "geometry": {"type": "Polygon", "coordinates": [[[131.60254506867904, 42.99836331077876], [131.60254126956323, 42.99827335290729], [131.60241871295986, 42.998276141427624], [131.60241491403994, 42.99818618354575], [131.60253747046488, 42.998183395034125], [131.60253367138404, 42.99809343715926], [131.6027787838247, 42.998087859760226], [131.60278258326238, 42.998177817617645], [131.60290513963488, 42.99817502871277], [131.60290893926847, 42.998264986559775], [131.60278638271754, 42.99826777547336], [131.60279018219018, 42.998357733327396], [131.60254506867904, 42.99836331077876]]]}, "properties": {"zone_id": "vladivostok-2026-06-27-470", "aoi": "vladivostok", "date": "2026-06-27", "scene_id": "S2B_MSIL2A_20260627T020649_R103_T52TGN_20260627T041901", "scene_datetime_utc": "2026-06-27T02:06:49.024000+00:00", "detection_status": "detected", "detection_status_ru": "обнаружено", "lon": 131.60266, "lat": 42.99823, "n_pixels": 2, "zone_area_km2": 0.0008, "cover_m2": 10.2, "p_mean": 0.688, "p_max": 0.855, "cover_m2_km2": 12750.0, "h3": "88316c4d59fffff", "valid_frac_scene": 0.998, "wind_ms": 2.0, "sea": "спокойное", "scene_reliable": true, "field_event_id": "S4:DOORS3:T23", "field_profile": "B", "field_date": "2024-06-10", "field_distance_km": 6970.7, "field_date_gap_days": 747, "field_conc_items_km2": 102.37, "conc_A_items_km2": null, "conc_A_lo80": null, "conc_A_hi80": null, "conc_A_lo95": null, "conc_A_hi95": null, "conc_A_status": "unavailable", "conc_A_status_ru": "концентрация недоступна", "conc_A_reasons": "вне бассейна профиля: nw_atlantic_subtropical", "conc_A_model": "conc-A-c6bce5631d2b", "conc_B_items_km2": null, "conc_B_lo80": null, "conc_B_hi80": null, "conc_B_lo95": null, "conc_B_hi95": null, "conc_B_status": "unavailable", "conc_B_status_ru": "концентрация недоступна", "conc_B_reasons": "вне бассейна профиля: black_sea", "conc_B_model": "conc-B-c6bce5631d2b"}}, {"type": "Feature", "geometry": {"type": "Polygon", "coordinates": [[[131.94814735334253, 42.99645984930207], [131.94814305042993, 42.99636991775187], [131.9480205335073, 42.99637307616228], [131.9480162307927, 42.99628314460043], [131.94813874753712, 42.9962799861999], [131.9481344446641, 42.996190054646156], [131.9483837809666, 42.99627366900596], [131.9483880842158, 42.99636360053818], [131.94826556733275, 42.9963667592105], [131.94826987042356, 42.996456690750826], [131.94814735334253, 42.99645984930207]]]}, "properties": {"zone_id": "vladivostok-2026-06-27-471", "aoi": "vladivostok", "date": "2026-06-27", "scene_id": "S2B_MSIL2A_20260627T020649_R103_T52TGN_20260627T041901", "scene_datetime_utc": "2026-06-27T02:06:49.024000+00:00", "detection_status": "detected", "detection_status_ru": "обнаружено", "lon": 131.9482, "lat": 42.99632, "n_pixels": 1, "zone_area_km2": 0.0005, "cover_m2": 2.7, "p_mean": 0.886, "p_max": 0.886, "cover_m2_km2": 5400.0, "h3": "88316c722bfffff", "valid_frac_scene": 0.998, "wind_ms": 2.0, "sea": "спокойное", "scene_reliable": true, "field_event_id": "S4:DOORS3:T23", "field_profile": "B", "field_date": "2024-06-10", "field_distance_km": 6994.2, "field_date_gap_days": 747, "field_conc_items_km2": 102.37, "conc_A_items_km2": null, "conc_A_lo80": null, "conc_A_hi80": null, "conc_A_lo95": null, "conc_A_hi95": null, "conc_A_status": "unavailable", "conc_A_status_ru": "концентрация недоступна", "conc_A_reasons": "вне бассейна профиля: nw_atlantic_subtropical", "conc_A_model": "conc-A-c6bce5631d2b", "conc_B_items_km2": null, "conc_B_lo80": null, "conc_B_hi80": null, "conc_B_lo95": null, "conc_B_hi95": null, "conc_B_status": "unavailable", "conc_B_status_ru": "концентрация недоступна", "conc_B_reasons": "вне бассейна профиля: black_sea", "conc_B_model": "conc-B-c6bce5631d2b"}}, {"type": "Feature", "geometry": {"type": "Polygon", "coordinates": [[[131.5944727976, 42.99602545562593], [131.5944690105691, 42.9959354971413], [131.59434645782662, 42.99593827689771], [131.59434267099155, 42.9958483184027], [131.59446522355566, 42.99584553865498], [131.5944614365596, 42.99575558016697], [131.59471032863155, 42.99583997876632], [131.59471411600182, 42.99592993723525], [131.59459156329416, 42.99593271725382], [131.59459535050345, 42.99602267572975], [131.5944727976, 42.99602545562593]]]}, "properties": {"zone_id": "vladivostok-2026-06-27-472", "aoi": "vladivostok", "date": "2026-06-27", "scene_id": "S2B_MSIL2A_20260627T020649_R103_T52TGN_20260627T041901", "scene_datetime_utc": "2026-06-27T02:06:49.024000+00:00", "detection_status": "detected", "detection_status_ru": "обнаружено", "lon": 131.59453, "lat": 42.99589, "n_pixels": 1, "zone_area_km2": 0.0005, "cover_m2": 2.4, "p_mean": 0.722, "p_max": 0.722, "cover_m2_km2": 4800.0, "h3": "88316c4d5dfffff", "valid_frac_scene": 0.998, "wind_ms": 2.0, "sea": "спокойное", "scene_reliable": true, "field_event_id": "S4:DOORS3:T23", "field_profile": "B", "field_date": "2024-06-10", "field_distance_km": 6970.3, "field_date_gap_days": 747, "field_conc_items_km2": 102.37, "conc_A_items_km2": null, "conc_A_lo80": null, "conc_A_hi80": null, "conc_A_lo95": null, "conc_A_hi95": null, "conc_A_status": "unavailable", "conc_A_status_ru": "концентрация недоступна", "conc_A_reasons": "вне бассейна профиля: nw_atlantic_subtropical", "conc_A_model": "conc-A-c6bce5631d2b", "conc_B_items_km2": null, "conc_B_lo80": null, "conc_B_hi80": null, "conc_B_lo95": null, "conc_B_hi95": null, "conc_B_status": "unavailable", "conc_B_status_ru": "концентрация недоступна", "conc_B_reasons": "вне бассейна профиля: black_sea", "conc_B_model": "conc-B-c6bce5631d2b"}}, {"type": "Feature", "geometry": {"type": "Polygon", "coordinates": [[[131.7062257104121, 42.996047205887365], [131.70622176037583, 42.99595725554046], [131.70597272729552, 42.99587310385757], [131.70596877765226, 42.99578315348912], [131.70609131901406, 42.99578025423085], [131.70608736921068, 42.99569030386976], [131.70633640168325, 42.99577445532121], [131.70634035186154, 42.99586440566246], [131.70646289334718, 42.99586150600201], [131.70646684372196, 42.99595145633248], [131.70634430205797, 42.99595435600199], [131.7063482522726, 42.99604430633983], [131.7062257104121, 42.996047205887365]]]}, "properties": {"zone_id": "vladivostok-2026-06-27-473", "aoi": "vladivostok", "date": "2026-06-27", "scene_id": "S2B_MSIL2A_20260627T020649_R103_T52TGN_20260627T041901", "scene_datetime_utc": "2026-06-27T02:06:49.024000+00:00", "detection_status": "detected", "detection_status_ru": "обнаружено", "lon": 131.70622, "lat": 42.99587, "n_pixels": 2, "zone_area_km2": 0.0008, "cover_m2": 7.5, "p_mean": 0.849, "p_max": 0.976, "cover_m2_km2": 9375.0, "h3": "88316c4e89fffff", "valid_frac_scene": 0.998, "wind_ms": 2.0, "sea": "спокойное", "scene_reliable": true, "field_event_id": "S4:DOORS3:T23", "field_profile": "B", "field_date": "2024-06-10", "field_distance_km": 6977.8, "field_date_gap_days": 747, "field_conc_items_km2": 102.37, "conc_A_items_km2": null, "conc_A_lo80": null, "conc_A_hi80": null, "conc_A_lo95": null, "conc_A_hi95": null, "conc_A_status": "unavailable", "conc_A_status_ru": "концентрация недоступна", "conc_A_reasons": "вне бассейна профиля: nw_atlantic_subtropical", "conc_A_model": "conc-A-c6bce5631d2b", "conc_B_items_km2": null, "conc_B_lo80": null, "conc_B_hi80": null, "conc_B_lo95": null, "conc_B_hi95": null, "conc_B_status": "unavailable", "conc_B_status_ru": "концентрация недоступна", "conc_B_reasons": "вне бассейна профиля: black_sea", "conc_B_model": "conc-B-c6bce5631d2b"}}, {"type": "Feature", "geometry": {"type": "Polygon", "coordinates": [[[131.7047157285232, 42.995182485603245], [131.70471178080857, 42.99509253513048], [131.7045892406735, 42.99509543287484], [131.7045852931553, 42.995005482391306], [131.70470783311205, 42.995002584656014], [131.70470388543373, 42.994912634179826], [131.70494896493608, 42.99490683833425], [131.70495291297107, 42.994996788792314], [131.70507545287333, 42.994993890663906], [131.7050794011048, 42.995083841111196], [131.70495686102421, 42.99508673924865], [131.70496080909552, 42.99517668970331], [131.7047157285232, 42.995182485603245]]]}, "properties": {"zone_id": "vladivostok-2026-06-27-474", "aoi": "vladivostok", "date": "2026-06-27", "scene_id": "S2B_MSIL2A_20260627T020649_R103_T52TGN_20260627T041901", "scene_datetime_utc": "2026-06-27T02:06:49.024000+00:00", "detection_status": "detected", "detection_status_ru": "обнаружено", "lon": 131.70483, "lat": 42.99504, "n_pixels": 2, "zone_area_km2": 0.0008, "cover_m2": 8.2, "p_mean": 0.886, "p_max": 0.922, "cover_m2_km2": 10250.0, "h3": "88316c4e89fffff", "valid_frac_scene": 0.998, "wind_ms": 2.0, "sea": "спокойное", "scene_reliable": true, "field_event_id": "S4:DOORS3:T23", "field_profile": "B", "field_date": "2024-06-10", "field_distance_km": 6977.8, "field_date_gap_days": 747, "field_conc_items_km2": 102.37, "conc_A_items_km2": null, "conc_A_lo80": null, "conc_A_hi80": null, "conc_A_lo95": null, "conc_A_hi95": null, "conc_A_status": "unavailable", "conc_A_status_ru": "концентрация недоступна", "conc_A_reasons": "вне бассейна профиля: nw_atlantic_subtropical", "conc_A_model": "conc-A-c6bce5631d2b", "conc_B_items_km2": null, "conc_B_lo80": null, "conc_B_hi80": null, "conc_B_lo95": null, "conc_B_hi95": null, "conc_B_status": "unavailable", "conc_B_status_ru": "концентрация недоступна", "conc_B_reasons": "вне бассейна профиля: black_sea", "conc_B_model": "conc-B-c6bce5631d2b"}}, {"type": "Feature", "geometry": {"type": "Polygon", "coordinates": [[[131.94611397899743, 42.99498152903343], [131.94610967927207, 42.99489159729529], [131.94598716506192, 42.99489475344265], [131.9459828655345, 42.99480482169289], [131.94610537956646, 42.9948016655554], [131.94610107988063, 42.99471173381374], [131.94635040757106, 42.99479535288757], [131.94635470763302, 42.994885284607726], [131.94623219346244, 42.994888441016975], [131.94623649336597, 42.99497837274526], [131.94611397899743, 42.99498152903343]]]}, "properties": {"zone_id": "vladivostok-2026-06-27-475", "aoi": "vladivostok", "date": "2026-06-27", "scene_id": "S2B_MSIL2A_20260627T020649_R103_T52TGN_20260627T041901", "scene_datetime_utc": "2026-06-27T02:06:49.024000+00:00", "detection_status": "detected", "detection_status_ru": "обнаружено", "lon": 131.94617, "lat": 42.99485, "n_pixels": 1, "zone_area_km2": 0.0005, "cover_m2": 4.3, "p_mean": 0.624, "p_max": 0.624, "cover_m2_km2": 8600.0, "h3": "88316c7221fffff", "valid_frac_scene": 0.998, "wind_ms": 2.0, "sea": "спокойное", "scene_reliable": true, "field_event_id": "S4:DOORS3:T23", "field_profile": "B", "field_date": "2024-06-10", "field_distance_km": 6994.1, "field_date_gap_days": 747, "field_conc_items_km2": 102.37, "conc_A_items_km2": null, "conc_A_lo80": null, "conc_A_hi80": null, "conc_A_lo95": null, "conc_A_hi95": null, "conc_A_status": "unavailable", "conc_A_status_ru": "концентрация недоступна", "conc_A_reasons": "вне бассейна профиля: nw_atlantic_subtropical", "conc_A_model": "conc-A-c6bce5631d2b", "conc_B_items_km2": null, "conc_B_lo80": null, "conc_B_hi80": null, "conc_B_lo95": null, "conc_B_hi95": null, "conc_B_status": "unavailable", "conc_B_status_ru": "концентрация недоступна", "conc_B_reasons": "вне бассейна профиля: black_sea", "conc_B_model": "conc-B-c6bce5631d2b"}}, {"type": "Feature", "geometry": {"type": "Polygon", "coordinates": [[[131.9485470495726, 42.99455865221561], [131.94854274636296, 42.994468720667825], [131.9484202332612, 42.99447187939471], [131.9484159302495, 42.99438194783528], [131.9485384431731, 42.99437878911827], [131.94853414000303, 42.99428885756696], [131.94878346896087, 42.9943724712914], [131.94878777250707, 42.994462402821206], [131.94866525944488, 42.99446556180999], [131.94866956283272, 42.9945554933479], [131.9485470495726, 42.99455865221561]]]}, "properties": {"zone_id": "vladivostok-2026-06-27-476", "aoi": "vladivostok", "date": "2026-06-27", "scene_id": "S2B_MSIL2A_20260627T020649_R103_T52TGN_20260627T041901", "scene_datetime_utc": "2026-06-27T02:06:49.024000+00:00", "detection_status": "detected", "detection_status_ru": "обнаружено", "lon": 131.9486, "lat": 42.99442, "n_pixels": 1, "zone_area_km2": 0.0005, "cover_m2": 2.7, "p_mean": 0.576, "p_max": 0.576, "cover_m2_km2": 5400.0, "h3": "88316c722bfffff", "valid_frac_scene": 0.998, "wind_ms": 2.0, "sea": "спокойное", "scene_reliable": true, "field_event_id": "S4:DOORS3:T23", "field_profile": "B", "field_date": "2024-06-10", "field_distance_km": 6994.3, "field_date_gap_days": 747, "field_conc_items_km2": 102.37, "conc_A_items_km2": null, "conc_A_lo80": null, "conc_A_hi80": null, "conc_A_lo95": null, "conc_A_hi95": null, "conc_A_status": "unavailable", "conc_A_status_ru": "концентрация недоступна", "conc_A_reasons": "вне бассейна профиля: nw_atlantic_subtropical", "conc_A_model": "conc-A-c6bce5631d2b", "conc_B_items_km2": null, "conc_B_lo80": null, "conc_B_hi80": null, "conc_B_lo95": null, "conc_B_hi95": null, "conc_B_status": "unavailable", "conc_B_status_ru": "концентрация недоступна", "conc_B_reasons": "вне бассейна профиля: black_sea", "conc_B_model": "conc-B-c6bce5631d2b"}}, {"type": "Feature", "geometry": {"type": "Polygon", "coordinates": [[[131.65181789725926, 42.99453023263507], [131.6518140267854, 42.99444027825968], [131.65169148264394, 42.99444311933602], [131.6516876123662, 42.994353164950034], [131.65181015632928, 42.9943503238826], [131.651806285891, 42.9942603695038], [131.65205524420207, 42.994344641354544], [131.65205911501488, 42.99443459571388], [131.65193657090904, 42.994437437052305], [131.6519404415613, 42.99452739141881], [131.65181789725926, 42.99453023263507]]]}, "properties": {"zone_id": "vladivostok-2026-06-27-477", "aoi": "vladivostok", "date": "2026-06-27", "scene_id": "S2B_MSIL2A_20260627T020649_R103_T52TGN_20260627T041901", "scene_datetime_utc": "2026-06-27T02:06:49.024000+00:00", "detection_status": "detected", "detection_status_ru": "обнаружено", "lon": 131.65187, "lat": 42.99439, "n_pixels": 1, "zone_area_km2": 0.0005, "cover_m2": 5.1, "p_mean": 0.878, "p_max": 0.878, "cover_m2_km2": 10200.0, "h3": "88316c4c55fffff", "valid_frac_scene": 0.998, "wind_ms": 2.0, "sea": "спокойное", "scene_reliable": true, "field_event_id": "S4:DOORS3:T23", "field_profile": "B", "field_date": "2024-06-10", "field_distance_km": 6974.3, "field_date_gap_days": 747, "field_conc_items_km2": 102.37, "conc_A_items_km2": null, "conc_A_lo80": null, "conc_A_hi80": null, "conc_A_lo95": null, "conc_A_hi95": null, "conc_A_status": "unavailable", "conc_A_status_ru": "концентрация недоступна", "conc_A_reasons": "вне бассейна профиля: nw_atlantic_subtropical", "conc_A_model": "conc-A-c6bce5631d2b", "conc_B_items_km2": null, "conc_B_lo80": null, "conc_B_hi80": null, "conc_B_lo95": null, "conc_B_hi95": null, "conc_B_status": "unavailable", "conc_B_status_ru": "концентрация недоступна", "conc_B_reasons": "вне бассейна профиля: black_sea", "conc_B_model": "conc-B-c6bce5631d2b"}}, {"type": "Feature", "geometry": {"type": "Polygon", "coordinates": [[[131.65130837124877, 42.994091824118], [131.65130450157727, 42.99400186969858], [131.65118195825636, 42.9940047102063], [131.65117808878102, 42.99391475577629], [131.65130063192362, 42.99391191527746], [131.65129676228776, 42.99382196085463], [131.6515457181554, 42.99390623388664], [131.65154958816578, 42.99399618828999], [131.65142704488045, 42.99399902905981], [131.65143091473027, 42.994088983470355], [131.65130837124877, 42.994091824118]]]}, "properties": {"zone_id": "vladivostok-2026-06-27-478", "aoi": "vladivostok", "date": "2026-06-27", "scene_id": "S2B_MSIL2A_20260627T020649_R103_T52TGN_20260627T041901", "scene_datetime_utc": "2026-06-27T02:06:49.024000+00:00", "detection_status": "detected", "detection_status_ru": "обнаружено", "lon": 131.65136, "lat": 42.99396, "n_pixels": 1, "zone_area_km2": 0.0005, "cover_m2": 5.5, "p_mean": 0.6, "p_max": 0.6, "cover_m2_km2": 11000.0, "h3": "88316c4c55fffff", "valid_frac_scene": 0.998, "wind_ms": 2.0, "sea": "спокойное", "scene_reliable": true, "field_event_id": "S4:DOORS3:T23", "field_profile": "B", "field_date": "2024-06-10", "field_distance_km": 6974.3, "field_date_gap_days": 747, "field_conc_items_km2": 102.37, "conc_A_items_km2": null, "conc_A_lo80": null, "conc_A_hi80": null, "conc_A_lo95": null, "conc_A_hi95": null, "conc_A_status": "unavailable", "conc_A_status_ru": "концентрация недоступна", "conc_A_reasons": "вне бассейна профиля: nw_atlantic_subtropical", "conc_A_model": "conc-A-c6bce5631d2b", "conc_B_items_km2": null, "conc_B_lo80": null, "conc_B_hi80": null, "conc_B_lo95": null, "conc_B_hi95": null, "conc_B_status": "unavailable", "conc_B_status_ru": "концентрация недоступна", "conc_B_reasons": "вне бассейна профиля: black_sea", "conc_B_model": "conc-B-c6bce5631d2b"}}, {"type": "Feature", "geometry": {"type": "Polygon", "coordinates": [[[131.9466405420759, 42.99316711217175], [131.94663624185526, 42.99307718044765], [131.9465137313073, 42.99308033705241], [131.94650943128462, 42.99299040531669], [131.94663194165443, 42.992987248721796], [131.94662764147336, 42.99289731699417], [131.94687696233467, 42.99298093513917], [131.94688126289182, 42.9930708668453], [131.94675875238343, 42.993074023711955], [131.94676305278222, 42.993163955426176], [131.9466405420759, 42.99316711217175]]]}, "properties": {"zone_id": "vladivostok-2026-06-27-479", "aoi": "vladivostok", "date": "2026-06-27", "scene_id": "S2B_MSIL2A_20260627T020649_R103_T52TGN_20260627T041901", "scene_datetime_utc": "2026-06-27T02:06:49.024000+00:00", "detection_status": "detected", "detection_status_ru": "обнаружено", "lon": 131.9467, "lat": 42.99303, "n_pixels": 1, "zone_area_km2": 0.0005, "cover_m2": 2.7, "p_mean": 0.949, "p_max": 0.949, "cover_m2_km2": 5400.0, "h3": "88316c7221fffff", "valid_frac_scene": 0.998, "wind_ms": 2.0, "sea": "спокойное", "scene_reliable": true, "field_event_id": "S4:DOORS3:T23", "field_profile": "B", "field_date": "2024-06-10", "field_distance_km": 6994.3, "field_date_gap_days": 747, "field_conc_items_km2": 102.37, "conc_A_items_km2": null, "conc_A_lo80": null, "conc_A_hi80": null, "conc_A_lo95": null, "conc_A_hi95": null, "conc_A_status": "unavailable", "conc_A_status_ru": "концентрация недоступна", "conc_A_reasons": "вне бассейна профиля: nw_atlantic_subtropical", "conc_A_model": "conc-A-c6bce5631d2b", "conc_B_items_km2": null, "conc_B_lo80": null, "conc_B_hi80": null, "conc_B_lo95": null, "conc_B_hi95": null, "conc_B_status": "unavailable", "conc_B_status_ru": "концентрация недоступна", "conc_B_reasons": "вне бассейна профиля: black_sea", "conc_B_model": "conc-B-c6bce5631d2b"}}, {"type": "Feature", "geometry": {"type": "Polygon", "coordinates": [[[131.58919328643972, 42.99299353217263], [131.58918950751016, 42.992903573264265], [131.58906696028, 42.99290634721185], [131.58906318154618, 42.99281638829311], [131.58918572859795, 42.99281361435419], [131.58918194970315, 42.992723655442425], [131.58943082264932, 42.99280806608316], [131.58943460191824, 42.99289802497587], [131.5893120547229, 42.9929007991856], [131.58931583383085, 42.9929907580853], [131.58919328643972, 42.99299353217263]]]}, "properties": {"zone_id": "vladivostok-2026-06-27-480", "aoi": "vladivostok", "date": "2026-06-27", "scene_id": "S2B_MSIL2A_20260627T020649_R103_T52TGN_20260627T041901", "scene_datetime_utc": "2026-06-27T02:06:49.024000+00:00", "detection_status": "detected", "detection_status_ru": "обнаружено", "lon": 131.58925, "lat": 42.99286, "n_pixels": 1, "zone_area_km2": 0.0005, "cover_m2": 3.1, "p_mean": 0.808, "p_max": 0.808, "cover_m2_km2": 6200.0, "h3": "88316c4d5dfffff", "valid_frac_scene": 0.998, "wind_ms": 2.0, "sea": "спокойное", "scene_reliable": true, "field_event_id": "S4:DOORS3:T23", "field_profile": "B", "field_date": "2024-06-10", "field_distance_km": 6970.1, "field_date_gap_days": 747, "field_conc_items_km2": 102.37, "conc_A_items_km2": null, "conc_A_lo80": null, "conc_A_hi80": null, "conc_A_lo95": null, "conc_A_hi95": null, "conc_A_status": "unavailable", "conc_A_status_ru": "концентрация недоступна", "conc_A_reasons": "вне бассейна профиля: nw_atlantic_subtropical", "conc_A_model": "conc-A-c6bce5631d2b", "conc_B_items_km2": null, "conc_B_lo80": null, "conc_B_hi80": null, "conc_B_lo95": null, "conc_B_hi95": null, "conc_B_status": "unavailable", "conc_B_status_ru": "концентрация недоступна", "conc_B_reasons": "вне бассейна профиля: black_sea", "conc_B_model": "conc-B-c6bce5631d2b"}}, {"type": "Feature", "geometry": {"type": "Polygon", "coordinates": [[[131.6499139804359, 42.993043608275585], [131.6499101129398, 42.9929536537381], [131.64978757156317, 42.99295649269776], [131.6497798369809, 42.992776583599934], [131.650021051382, 42.99268095105135], [131.65002491900307, 42.99277090558507], [131.65014745998747, 42.992768066381075], [131.65015519563968, 42.99294797542564], [131.6499139804359, 42.993043608275585]]]}, "properties": {"zone_id": "vladivostok-2026-06-27-481", "aoi": "vladivostok", "date": "2026-06-27", "scene_id": "S2B_MSIL2A_20260627T020649_R103_T52TGN_20260627T041901", "scene_datetime_utc": "2026-06-27T02:06:49.024000+00:00", "detection_status": "detected", "detection_status_ru": "обнаружено", "lon": 131.64997, "lat": 42.99286, "n_pixels": 2, "zone_area_km2": 0.0008, "cover_m2": 12.2, "p_mean": 0.863, "p_max": 0.929, "cover_m2_km2": 15250.0, "h3": "88316c4c55fffff", "valid_frac_scene": 0.998, "wind_ms": 2.0, "sea": "спокойное", "scene_reliable": true, "field_event_id": "S4:DOORS3:T23", "field_profile": "B", "field_date": "2024-06-10", "field_distance_km": 6974.2, "field_date_gap_days": 747, "field_conc_items_km2": 102.37, "conc_A_items_km2": null, "conc_A_lo80": null, "conc_A_hi80": null, "conc_A_lo95": null, "conc_A_hi95": null, "conc_A_status": "unavailable", "conc_A_status_ru": "концентрация недоступна", "conc_A_reasons": "вне бассейна профиля: nw_atlantic_subtropical", "conc_A_model": "conc-A-c6bce5631d2b", "conc_B_items_km2": null, "conc_B_lo80": null, "conc_B_hi80": null, "conc_B_lo95": null, "conc_B_hi95": null, "conc_B_status": "unavailable", "conc_B_status_ru": "концентрация недоступна", "conc_B_reasons": "вне бассейна профиля: black_sea", "conc_B_model": "conc-B-c6bce5631d2b"}}, {"type": "Feature", "geometry": {"type": "Polygon", "coordinates": [[[131.96991722019447, 42.992564979488066], [131.96991288612602, 42.992475049646146], [131.96979037935088, 42.99247823112905], [131.96977737779952, 42.99220844156285], [131.97001805609412, 42.99211214868672], [131.970022390261, 42.99220207852578], [131.97014489646182, 42.99219889681084], [131.97015356521163, 42.992378756463744], [131.9702760717488, 42.992375574597986], [131.97028040633174, 42.992465504411825], [131.97015789961642, 42.99246868628754], [131.97016223404117, 42.99255861610955], [131.96991722019447, 42.992564979488066]]]}, "properties": {"zone_id": "vladivostok-2026-06-27-482", "aoi": "vladivostok", "date": "2026-06-27", "scene_id": "S2B_MSIL2A_20260627T020649_R103_T52TGN_20260627T041901", "scene_datetime_utc": "2026-06-27T02:06:49.024000+00:00", "detection_status": "detected", "detection_status_ru": "обнаружено", "lon": 131.97, "lat": 42.99236, "n_pixels": 4, "zone_area_km2": 0.0013, "cover_m2": 17.6, "p_mean": 0.908, "p_max": 0.992, "cover_m2_km2": 13538.5, "h3": "88316c7203fffff", "valid_frac_scene": 0.998, "wind_ms": 2.0, "sea": "спокойное", "scene_reliable": true, "field_event_id": "S4:DOORS3:T23", "field_profile": "B", "field_date": "2024-06-10", "field_distance_km": 6995.9, "field_date_gap_days": 747, "field_conc_items_km2": 102.37, "conc_A_items_km2": null, "conc_A_lo80": null, "conc_A_hi80": null, "conc_A_lo95": null, "conc_A_hi95": null, "conc_A_status": "unavailable", "conc_A_status_ru": "концентрация недоступна", "conc_A_reasons": "вне бассейна профиля: nw_atlantic_subtropical", "conc_A_model": "conc-A-c6bce5631d2b", "conc_B_items_km2": null, "conc_B_lo80": null, "conc_B_hi80": null, "conc_B_lo95": null, "conc_B_hi95": null, "conc_B_status": "unavailable", "conc_B_status_ru": "концентрация недоступна", "conc_B_reasons": "вне бассейна профиля: black_sea", "conc_B_model": "conc-B-c6bce5631d2b"}}, {"type": "Feature", "geometry": {"type": "Polygon", "coordinates": [[[131.70054181778383, 42.992309665915236], [131.70053787655235, 42.99221971508728], [131.7004153417027, 42.992222608208905], [131.70041140066763, 42.9921326573702], [131.70053393533897, 42.99212976425761], [131.70052999414375, 42.99203981342623], [131.70077900462726, 42.99212397763938], [131.7007829461972, 42.99221392845096], [131.70066041138384, 42.99221682183464], [131.70066435279364, 42.99230677265355], [131.70054181778383, 42.992309665915236]]]}, "properties": {"zone_id": "vladivostok-2026-06-27-483", "aoi": "vladivostok", "date": "2026-06-27", "scene_id": "S2B_MSIL2A_20260627T020649_R103_T52TGN_20260627T041901", "scene_datetime_utc": "2026-06-27T02:06:49.024000+00:00", "detection_status": "detected", "detection_status_ru": "обнаружено", "lon": 131.7006, "lat": 42.99217, "n_pixels": 1, "zone_area_km2": 0.0005, "cover_m2": 3.9, "p_mean": 0.651, "p_max": 0.651, "cover_m2_km2": 7800.0, "h3": "88316c4e8dfffff", "valid_frac_scene": 0.998, "wind_ms": 2.0, "sea": "спокойное", "scene_reliable": true, "field_event_id": "S4:DOORS3:T23", "field_profile": "B", "field_date": "2024-06-10", "field_distance_km": 6977.7, "field_date_gap_days": 747, "field_conc_items_km2": 102.37, "conc_A_items_km2": null, "conc_A_lo80": null, "conc_A_hi80": null, "conc_A_lo95": null, "conc_A_hi95": null, "conc_A_status": "unavailable", "conc_A_status_ru": "концентрация недоступна", "conc_A_reasons": "вне бассейна профиля: nw_atlantic_subtropical", "conc_A_model": "conc-A-c6bce5631d2b", "conc_B_items_km2": null, "conc_B_lo80": null, "conc_B_hi80": null, "conc_B_lo95": null, "conc_B_hi95": null, "conc_B_status": "unavailable", "conc_B_status_ru": "концентрация недоступна", "conc_B_reasons": "вне бассейна профиля: black_sea", "conc_B_model": "conc-B-c6bce5631d2b"}}, {"type": "Feature", "geometry": {"type": "Polygon", "coordinates": [[[131.64877244768996, 42.9921696080247], [131.64876858197675, 42.99207965339034], [131.6486460422233, 42.99208249108188], [131.64863831120684, 42.99190258179033], [131.64887952414438, 42.99180695168111], [131.6488833899826, 42.991896906311695], [131.6490059293438, 42.99189406837583], [131.64901366143025, 42.992073977614155], [131.64877244768996, 42.9921696080247]]]}, "properties": {"zone_id": "vladivostok-2026-06-27-484", "aoi": "vladivostok", "date": "2026-06-27", "scene_id": "S2B_MSIL2A_20260627T020649_R103_T52TGN_20260627T041901", "scene_datetime_utc": "2026-06-27T02:06:49.024000+00:00", "detection_status": "detected", "detection_status_ru": "обнаружено", "lon": 131.64883, "lat": 42.99199, "n_pixels": 2, "zone_area_km2": 0.0008, "cover_m2": 20.0, "p_mean": 0.651, "p_max": 0.769, "cover_m2_km2": 25000.0, "h3": "88316c4c55fffff", "valid_frac_scene": 0.998, "wind_ms": 2.0, "sea": "спокойное", "scene_reliable": true, "field_event_id": "S4:DOORS3:T23", "field_profile": "B", "field_date": "2024-06-10", "field_distance_km": 6974.2, "field_date_gap_days": 747, "field_conc_items_km2": 102.37, "conc_A_items_km2": null, "conc_A_lo80": null, "conc_A_hi80": null, "conc_A_lo95": null, "conc_A_hi95": null, "conc_A_status": "unavailable", "conc_A_status_ru": "концентрация недоступна", "conc_A_reasons": "вне бассейна профиля: nw_atlantic_subtropical", "conc_A_model": "conc-A-c6bce5631d2b", "conc_B_items_km2": null, "conc_B_lo80": null, "conc_B_hi80": null, "conc_B_lo95": null, "conc_B_hi95": null, "conc_B_status": "unavailable", "conc_B_status_ru": "концентрация недоступна", "conc_B_reasons": "вне бассейна профиля: black_sea", "conc_B_model": "conc-B-c6bce5631d2b"}}, {"type": "Feature", "geometry": {"type": "Polygon", "coordinates": [[[131.94805904225018, 42.99205004319816], [131.94805474012915, 42.991960111571316], [131.94793223195643, 42.99196326962894], [131.94792362813, 42.991783406350194], [131.94804613594647, 42.99178024831234], [131.9480418338848, 42.991690316680184], [131.94829115151998, 42.99177393184378], [131.9482954539577, 42.9918638634544], [131.94841796189291, 42.99186070501385], [131.94842226452863, 42.99195063661284], [131.94829975641525, 42.991953795063274], [131.94830405889257, 42.99204372667038], [131.94805904225018, 42.99205004319816]]]}, "properties": {"zone_id": "vladivostok-2026-06-27-485", "aoi": "vladivostok", "date": "2026-06-27", "scene_id": "S2B_MSIL2A_20260627T020649_R103_T52TGN_20260627T041901", "scene_datetime_utc": "2026-06-27T02:06:49.024000+00:00", "detection_status": "detected", "detection_status_ru": "обнаружено", "lon": 131.94815, "lat": 42.99188, "n_pixels": 3, "zone_area_km2": 0.001, "cover_m2": 11.8, "p_mean": 0.714, "p_max": 0.882, "cover_m2_km2": 11800.0, "h3": "88316c7223fffff", "valid_frac_scene": 0.998, "wind_ms": 2.0, "sea": "спокойное", "scene_reliable": true, "field_event_id": "S4:DOORS3:T23", "field_profile": "B", "field_date": "2024-06-10", "field_distance_km": 6994.4, "field_date_gap_days": 747, "field_conc_items_km2": 102.37, "conc_A_items_km2": null, "conc_A_lo80": null, "conc_A_hi80": null, "conc_A_lo95": null, "conc_A_hi95": null, "conc_A_status": "unavailable", "conc_A_status_ru": "концентрация недоступна", "conc_A_reasons": "вне бассейна профиля: nw_atlantic_subtropical", "conc_A_model": "conc-A-c6bce5631d2b", "conc_B_items_km2": null, "conc_B_lo80": null, "conc_B_hi80": null, "conc_B_lo95": null, "conc_B_hi95": null, "conc_B_status": "unavailable", "conc_B_status_ru": "концентрация недоступна", "conc_B_reasons": "вне бассейна профиля: black_sea", "conc_B_model": "conc-B-c6bce5631d2b"}}, {"type": "Feature", "geometry": {"type": "Polygon", "coordinates": [[[131.5898680926158, 42.99153754377892], [131.58986431289424, 42.9914475848956], [131.58974176862225, 42.99145035949076], [131.58973798909648, 42.991360400597074], [131.58986053319012, 42.9913576260106], [131.58985675350334, 42.991267667123886], [131.5901056213252, 42.99135207644446], [131.59010940138606, 42.99144203531211], [131.58998685714886, 42.99144481016939], [131.58999063704874, 42.99153476904402], [131.5898680926158, 42.99153754377892]]]}, "properties": {"zone_id": "vladivostok-2026-06-27-486", "aoi": "vladivostok", "date": "2026-06-27", "scene_id": "S2B_MSIL2A_20260627T020649_R103_T52TGN_20260627T041901", "scene_datetime_utc": "2026-06-27T02:06:49.024000+00:00", "detection_status": "detected", "detection_status_ru": "обнаружено", "lon": 131.58992, "lat": 42.9914, "n_pixels": 1, "zone_area_km2": 0.0005, "cover_m2": 8.6, "p_mean": 0.533, "p_max": 0.533, "cover_m2_km2": 17200.0, "h3": "88316c4d55fffff", "valid_frac_scene": 0.998, "wind_ms": 2.0, "sea": "спокойное", "scene_reliable": true, "field_event_id": "S4:DOORS3:T23", "field_profile": "B", "field_date": "2024-06-10", "field_distance_km": 6970.3, "field_date_gap_days": 747, "field_conc_items_km2": 102.37, "conc_A_items_km2": null, "conc_A_lo80": null, "conc_A_hi80": null, "conc_A_lo95": null, "conc_A_hi95": null, "conc_A_status": "unavailable", "conc_A_status_ru": "концентрация недоступна", "conc_A_reasons": "вне бассейна профиля: nw_atlantic_subtropical", "conc_A_model": "conc-A-c6bce5631d2b", "conc_B_items_km2": null, "conc_B_lo80": null, "conc_B_hi80": null, "conc_B_lo95": null, "conc_B_hi95": null, "conc_B_status": "unavailable", "conc_B_status_ru": "концентрация недоступна", "conc_B_reasons": "вне бассейна профиля: black_sea", "conc_B_model": "conc-B-c6bce5631d2b"}}, {"type": "Feature", "geometry": {"type": "Polygon", "coordinates": [[[131.9389547711604, 42.99147399525502], [131.93895048240003, 42.991384062882894], [131.93882797436856, 42.9913872111624], [131.93881939726322, 42.99120734639317], [131.93906012371446, 42.99111111737502], [131.9390644125938, 42.9912010497426], [131.93918692022953, 42.99119790122091], [131.93919549840373, 42.991377765931084], [131.9389547711604, 42.99147399525502]]]}, "properties": {"zone_id": "vladivostok-2026-06-27-487", "aoi": "vladivostok", "date": "2026-06-27", "scene_id": "S2B_MSIL2A_20260627T020649_R103_T52TGN_20260627T041901", "scene_datetime_utc": "2026-06-27T02:06:49.024000+00:00", "detection_status": "detected", "detection_status_ru": "обнаружено", "lon": 131.93901, "lat": 42.99129, "n_pixels": 2, "zone_area_km2": 0.0008, "cover_m2": 17.3, "p_mean": 0.978, "p_max": 0.992, "cover_m2_km2": 21625.0, "h3": "88316c7227fffff", "valid_frac_scene": 0.998, "wind_ms": 2.0, "sea": "спокойное", "scene_reliable": true, "field_event_id": "S4:DOORS3:T23", "field_profile": "B", "field_date": "2024-06-10", "field_distance_km": 6993.9, "field_date_gap_days": 747, "field_conc_items_km2": 102.37, "conc_A_items_km2": null, "conc_A_lo80": null, "conc_A_hi80": null, "conc_A_lo95": null, "conc_A_hi95": null, "conc_A_status": "unavailable", "conc_A_status_ru": "концентрация недоступна", "conc_A_reasons": "вне бассейна профиля: nw_atlantic_subtropical", "conc_A_model": "conc-A-c6bce5631d2b", "conc_B_items_km2": null, "conc_B_lo80": null, "conc_B_hi80": null, "conc_B_lo95": null, "conc_B_hi95": null, "conc_B_status": "unavailable", "conc_B_status_ru": "концентрация недоступна", "conc_B_reasons": "вне бассейна профиля: black_sea", "conc_B_model": "conc-B-c6bce5631d2b"}}, {"type": "Feature", "geometry": {"type": "Polygon", "coordinates": [[[131.58826745861668, 42.99139368541249], [131.58826368124858, 42.99130372641302], [131.5881411371073, 42.991306499287106], [131.5881373599349, 42.9912165402773], [131.5882599038978, 42.99121376741189], [131.58825612656446, 42.991123808409064], [131.58850121408145, 42.99111826230242], [131.58850499177152, 42.991208221287906], [131.5886275356823, 42.99120544802932], [131.58863131356813, 42.991295407004436], [131.58850876947898, 42.99129818027169], [131.58851254720383, 42.991388139253814], [131.58826745861668, 42.99139368541249]]]}, "properties": {"zone_id": "vladivostok-2026-06-27-488", "aoi": "vladivostok", "date": "2026-06-27", "scene_id": "S2B_MSIL2A_20260627T020649_R103_T52TGN_20260627T041901", "scene_datetime_utc": "2026-06-27T02:06:49.024000+00:00", "detection_status": "detected", "detection_status_ru": "обнаружено", "lon": 131.58838, "lat": 42.99126, "n_pixels": 2, "zone_area_km2": 0.0008, "cover_m2": 18.0, "p_mean": 0.675, "p_max": 0.749, "cover_m2_km2": 22500.0, "h3": "88316c4d55fffff", "valid_frac_scene": 0.998, "wind_ms": 2.0, "sea": "спокойное", "scene_reliable": true, "field_event_id": "S4:DOORS3:T23", "field_profile": "B", "field_date": "2024-06-10", "field_distance_km": 6970.2, "field_date_gap_days": 747, "field_conc_items_km2": 102.37, "conc_A_items_km2": null, "conc_A_lo80": null, "conc_A_hi80": null, "conc_A_lo95": null, "conc_A_hi95": null, "conc_A_status": "unavailable", "conc_A_status_ru": "концентрация недоступна", "conc_A_reasons": "вне бассейна профиля: nw_atlantic_subtropical", "conc_A_model": "conc-A-c6bce5631d2b", "conc_B_items_km2": null, "conc_B_lo80": null, "conc_B_hi80": null, "conc_B_lo95": null, "conc_B_hi95": null, "conc_B_status": "unavailable", "conc_B_status_ru": "концентрация недоступна", "conc_B_reasons": "вне бассейна профиля: black_sea", "conc_B_model": "conc-B-c6bce5631d2b"}}, {"type": "Feature", "geometry": {"type": "Polygon", "coordinates": [[[131.64775734979864, 42.99138271354969], [131.647753485672, 42.991292758829076], [131.64750454532057, 42.99120847708475], [131.6475006815862, 42.99111852234299], [131.64762321953808, 42.99111568592839], [131.64761935564314, 42.99102573119378], [131.64786443113692, 42.9910200579892], [131.6478682953885, 42.99111001270605], [131.64799083328705, 42.991107175898335], [131.6479985622002, 42.99128708530918], [131.64775734979864, 42.99138271354969]]]}, "properties": {"zone_id": "vladivostok-2026-06-27-489", "aoi": "vladivostok", "date": "2026-06-27", "scene_id": "S2B_MSIL2A_20260627T020649_R103_T52TGN_20260627T041901", "scene_datetime_utc": "2026-06-27T02:06:49.024000+00:00", "detection_status": "detected", "detection_status_ru": "обнаружено", "lon": 131.64777, "lat": 42.99119, "n_pixels": 3, "zone_area_km2": 0.001, "cover_m2": 18.4, "p_mean": 0.74, "p_max": 0.757, "cover_m2_km2": 18400.0, "h3": "88316c4c55fffff", "valid_frac_scene": 0.998, "wind_ms": 2.0, "sea": "спокойное", "scene_reliable": true, "field_event_id": "S4:DOORS3:T23", "field_profile": "B", "field_date": "2024-06-10", "field_distance_km": 6974.2, "field_date_gap_days": 747, "field_conc_items_km2": 102.37, "conc_A_items_km2": null, "conc_A_lo80": null, "conc_A_hi80": null, "conc_A_lo95": null, "conc_A_hi95": null, "conc_A_status": "unavailable", "conc_A_status_ru": "концентрация недоступна", "conc_A_reasons": "вне бассейна профиля: nw_atlantic_subtropical", "conc_A_model": "conc-A-c6bce5631d2b", "conc_B_items_km2": null, "conc_B_lo80": null, "conc_B_hi80": null, "conc_B_lo95": null, "conc_B_hi95": null, "conc_B_status": "unavailable", "conc_B_status_ru": "концентрация недоступна", "conc_B_reasons": "вне бассейна профиля: black_sea", "conc_B_model": "conc-B-c6bce5631d2b"}}, {"type": "Feature", "geometry": {"type": "Polygon", "coordinates": [[[131.58776972794183, 42.99122485808717], [131.5877659513219, 42.99113489904968], [131.5876434074678, 42.99113767138219], [131.5876396310436, 42.99104771233433], [131.58776217471933, 42.99104494001049], [131.58775839813413, 42.99095498096961], [131.58800726201864, 42.991039394969626], [131.58801103897792, 42.991129353991475], [131.5878884951586, 42.99113212658611], [131.58789227195692, 42.99122208561494], [131.58776972794183, 42.99122485808717]]]}, "properties": {"zone_id": "vladivostok-2026-06-27-490", "aoi": "vladivostok", "date": "2026-06-27", "scene_id": "S2B_MSIL2A_20260627T020649_R103_T52TGN_20260627T041901", "scene_datetime_utc": "2026-06-27T02:06:49.024000+00:00", "detection_status": "detected", "detection_status_ru": "обнаружено", "lon": 131.58783, "lat": 42.99109, "n_pixels": 1, "zone_area_km2": 0.0005, "cover_m2": 11.0, "p_mean": 0.675, "p_max": 0.675, "cover_m2_km2": 22000.0, "h3": "88316c4d55fffff", "valid_frac_scene": 0.998, "wind_ms": 2.0, "sea": "спокойное", "scene_reliable": true, "field_event_id": "S4:DOORS3:T23", "field_profile": "B", "field_date": "2024-06-10", "field_distance_km": 6970.1, "field_date_gap_days": 747, "field_conc_items_km2": 102.37, "conc_A_items_km2": null, "conc_A_lo80": null, "conc_A_hi80": null, "conc_A_lo95": null, "conc_A_hi95": null, "conc_A_status": "unavailable", "conc_A_status_ru": "концентрация недоступна", "conc_A_reasons": "вне бассейна профиля: nw_atlantic_subtropical", "conc_A_model": "conc-A-c6bce5631d2b", "conc_B_items_km2": null, "conc_B_lo80": null, "conc_B_hi80": null, "conc_B_lo95": null, "conc_B_hi95": null, "conc_B_status": "unavailable", "conc_B_status_ru": "концентрация недоступна", "conc_B_reasons": "вне бассейна профиля: black_sea", "conc_B_model": "conc-B-c6bce5631d2b"}}, {"type": "Feature", "geometry": {"type": "Polygon", "coordinates": [[[131.58715323187775, 42.991148759401696], [131.58714945616697, 42.99105880031916], [131.58702691240435, 42.99106157198773], [131.5870231368893, 42.990971612894846], [131.58714568047353, 42.990968841234945], [131.58714190479748, 42.99087888214903], [131.58739076758988, 42.99096329752198], [131.58739454364004, 42.991053256588856], [131.5872719999122, 42.99105602851954], [131.58727577580132, 42.991145987593406], [131.58715323187775, 42.991148759401696]]]}, "properties": {"zone_id": "vladivostok-2026-06-27-491", "aoi": "vladivostok", "date": "2026-06-27", "scene_id": "S2B_MSIL2A_20260627T020649_R103_T52TGN_20260627T041901", "scene_datetime_utc": "2026-06-27T02:06:49.024000+00:00", "detection_status": "detected", "detection_status_ru": "обнаружено", "lon": 131.58721, "lat": 42.99101, "n_pixels": 1, "zone_area_km2": 0.0005, "cover_m2": 5.5, "p_mean": 0.741, "p_max": 0.741, "cover_m2_km2": 11000.0, "h3": "88316c4d55fffff", "valid_frac_scene": 0.998, "wind_ms": 2.0, "sea": "спокойное", "scene_reliable": true, "field_event_id": "S4:DOORS3:T23", "field_profile": "B", "field_date": "2024-06-10", "field_distance_km": 6970.1, "field_date_gap_days": 747, "field_conc_items_km2": 102.37, "conc_A_items_km2": null, "conc_A_lo80": null, "conc_A_hi80": null, "conc_A_lo95": null, "conc_A_hi95": null, "conc_A_status": "unavailable", "conc_A_status_ru": "концентрация недоступна", "conc_A_reasons": "вне бассейна профиля: nw_atlantic_subtropical", "conc_A_model": "conc-A-c6bce5631d2b", "conc_B_items_km2": null, "conc_B_lo80": null, "conc_B_hi80": null, "conc_B_lo95": null, "conc_B_hi95": null, "conc_B_status": "unavailable", "conc_B_status_ru": "концентрация недоступна", "conc_B_reasons": "вне бассейна профиля: black_sea", "conc_B_model": "conc-B-c6bce5631d2b"}}, {"type": "Feature", "geometry": {"type": "Polygon", "coordinates": [[[131.58960410704748, 42.99109329833529], [131.5896003277696, 42.99100333942617], [131.5894777843546, 42.99100611371585], [131.58947400527245, 42.990916154796366], [131.5895965485091, 42.99091338051537], [131.589592769266, 42.99082342160288], [131.5898416349302, 42.990907831560214], [131.58984541454743, 42.99099779045366], [131.5897228711672, 42.991000565005436], [131.58972665062342, 42.99109052390588], [131.58960410704748, 42.99109329833529]]]}, "properties": {"zone_id": "vladivostok-2026-06-27-492", "aoi": "vladivostok", "date": "2026-06-27", "scene_id": "S2B_MSIL2A_20260627T020649_R103_T52TGN_20260627T041901", "scene_datetime_utc": "2026-06-27T02:06:49.024000+00:00", "detection_status": "detected", "detection_status_ru": "обнаружено", "lon": 131.58966, "lat": 42.99096, "n_pixels": 1, "zone_area_km2": 0.0005, "cover_m2": 3.9, "p_mean": 0.882, "p_max": 0.882, "cover_m2_km2": 7800.0, "h3": "88316c4d55fffff", "valid_frac_scene": 0.998, "wind_ms": 2.0, "sea": "спокойное", "scene_reliable": true, "field_event_id": "S4:DOORS3:T23", "field_profile": "B", "field_date": "2024-06-10", "field_distance_km": 6970.3, "field_date_gap_days": 747, "field_conc_items_km2": 102.37, "conc_A_items_km2": null, "conc_A_lo80": null, "conc_A_hi80": null, "conc_A_lo95": null, "conc_A_hi95": null, "conc_A_status": "unavailable", "conc_A_status_ru": "концентрация недоступна", "conc_A_reasons": "вне бассейна профиля: nw_atlantic_subtropical", "conc_A_model": "conc-A-c6bce5631d2b", "conc_B_items_km2": null, "conc_B_lo80": null, "conc_B_hi80": null, "conc_B_lo95": null, "conc_B_hi95": null, "conc_B_status": "unavailable", "conc_B_status_ru": "концентрация недоступна", "conc_B_reasons": "вне бассейна профиля: black_sea", "conc_B_model": "conc-B-c6bce5631d2b"}}, {"type": "Feature", "geometry": {"type": "Polygon", "coordinates": [[[131.93856580553987, 42.99103377770436], [131.9385615174125, 42.99094384529389], [131.9384390102126, 42.99094699313138], [131.93843472228312, 42.99085706070932], [131.93855722930488, 42.99085391288167], [131.93855294121698, 42.99076398046767], [131.93880224328927, 42.99084761683357], [131.93880653175313, 42.99093754922612], [131.93868402459267, 42.99094069732548], [131.93868831289817, 42.99103062972609], [131.93856580553987, 42.99103377770436]]]}, "properties": {"zone_id": "vladivostok-2026-06-27-493", "aoi": "vladivostok", "date": "2026-06-27", "scene_id": "S2B_MSIL2A_20260627T020649_R103_T52TGN_20260627T041901", "scene_datetime_utc": "2026-06-27T02:06:49.024000+00:00", "detection_status": "detected", "detection_status_ru": "обнаружено", "lon": 131.93862, "lat": 42.9909, "n_pixels": 1, "zone_area_km2": 0.0005, "cover_m2": 3.9, "p_mean": 0.992, "p_max": 0.992, "cover_m2_km2": 7800.0, "h3": "88316c7227fffff", "valid_frac_scene": 0.998, "wind_ms": 2.0, "sea": "спокойное", "scene_reliable": true, "field_event_id": "S4:DOORS3:T23", "field_profile": "B", "field_date": "2024-06-10", "field_distance_km": 6993.9, "field_date_gap_days": 747, "field_conc_items_km2": 102.37, "conc_A_items_km2": null, "conc_A_lo80": null, "conc_A_hi80": null, "conc_A_lo95": null, "conc_A_hi95": null, "conc_A_status": "unavailable", "conc_A_status_ru": "концентрация недоступна", "conc_A_reasons": "вне бассейна профиля: nw_atlantic_subtropical", "conc_A_model": "conc-A-c6bce5631d2b", "conc_B_items_km2": null, "conc_B_lo80": null, "conc_B_hi80": null, "conc_B_lo95": null, "conc_B_hi95": null, "conc_B_status": "unavailable", "conc_B_status_ru": "концентрация недоступна", "conc_B_reasons": "вне бассейна профиля: black_sea", "conc_B_model": "conc-B-c6bce5631d2b"}}, {"type": "Feature", "geometry": {"type": "Polygon", "coordinates": [[[131.96797999672586, 42.990544297891084], [131.96797566578766, 42.990454367859336], [131.96785316281057, 42.99045754714967], [131.96784883207042, 42.99036761710621], [131.9679713348694, 42.99036443782581], [131.967967003971, 42.99027450779052], [131.96821634040754, 42.99035807887223], [131.96822067168208, 42.990448008885885], [131.96809816874483, 42.990451188438065], [131.96810249986117, 42.990541118459895], [131.96797999672586, 42.990544297891084]]]}, "properties": {"zone_id": "vladivostok-2026-06-27-494", "aoi": "vladivostok", "date": "2026-06-27", "scene_id": "S2B_MSIL2A_20260627T020649_R103_T52TGN_20260627T041901", "scene_datetime_utc": "2026-06-27T02:06:49.024000+00:00", "detection_status": "detected", "detection_status_ru": "обнаружено", "lon": 131.96803, "lat": 42.99041, "n_pixels": 1, "zone_area_km2": 0.0005, "cover_m2": 3.9, "p_mean": 0.933, "p_max": 0.933, "cover_m2_km2": 7800.0, "h3": "88316c7239fffff", "valid_frac_scene": 0.998, "wind_ms": 2.0, "sea": "спокойное", "scene_reliable": true, "field_event_id": "S4:DOORS3:T23", "field_profile": "B", "field_date": "2024-06-10", "field_distance_km": 6995.9, "field_date_gap_days": 747, "field_conc_items_km2": 102.37, "conc_A_items_km2": null, "conc_A_lo80": null, "conc_A_hi80": null, "conc_A_lo95": null, "conc_A_hi95": null, "conc_A_status": "unavailable", "conc_A_status_ru": "концентрация недоступна", "conc_A_reasons": "вне бассейна профиля: nw_atlantic_subtropical", "conc_A_model": "conc-A-c6bce5631d2b", "conc_B_items_km2": null, "conc_B_lo80": null, "conc_B_hi80": null, "conc_B_lo95": null, "conc_B_hi95": null, "conc_B_status": "unavailable", "conc_B_status_ru": "концентрация недоступна", "conc_B_reasons": "вне бассейна профиля: black_sea", "conc_B_model": "conc-B-c6bce5631d2b"}}, {"type": "Feature", "geometry": {"type": "Polygon", "coordinates": [[[131.9462364387959, 42.989845949572754], [131.94623213966332, 42.989756017763625], [131.94610963566706, 42.98975917374146], [131.9461053367324, 42.9896692419207], [131.9462278405505, 42.98966608595271], [131.94622354145747, 42.989576154140046], [131.94646854867815, 42.98956984183105], [131.94647284812746, 42.989659773623984], [131.94659535188626, 42.98965661726322], [131.94659965153346, 42.989746549044526], [131.9464771475965, 42.989749705415164], [131.94648144708538, 42.98983963720457], [131.9462364387959, 42.989845949572754]]]}, "properties": {"zone_id": "vladivostok-2026-06-27-495", "aoi": "vladivostok", "date": "2026-06-27", "scene_id": "S2B_MSIL2A_20260627T020649_R103_T52TGN_20260627T041901", "scene_datetime_utc": "2026-06-27T02:06:49.024000+00:00", "detection_status": "detected", "detection_status_ru": "обнаружено", "lon": 131.94635, "lat": 42.98971, "n_pixels": 2, "zone_area_km2": 0.0008, "cover_m2": 9.8, "p_mean": 0.818, "p_max": 0.949, "cover_m2_km2": 12250.0, "h3": "88316c7223fffff", "valid_frac_scene": 0.998, "wind_ms": 2.0, "sea": "спокойное", "scene_reliable": true, "field_event_id": "S4:DOORS3:T23", "field_profile": "B", "field_date": "2024-06-10", "field_distance_km": 6994.5, "field_date_gap_days": 747, "field_conc_items_km2": 102.37, "conc_A_items_km2": null, "conc_A_lo80": null, "conc_A_hi80": null, "conc_A_lo95": null, "conc_A_hi95": null, "conc_A_status": "unavailable", "conc_A_status_ru": "концентрация недоступна", "conc_A_reasons": "вне бассейна профиля: nw_atlantic_subtropical", "conc_A_model": "conc-A-c6bce5631d2b", "conc_B_items_km2": null, "conc_B_lo80": null, "conc_B_hi80": null, "conc_B_lo95": null, "conc_B_hi95": null, "conc_B_status": "unavailable", "conc_B_status_ru": "концентрация недоступна", "conc_B_reasons": "вне бассейна профиля: black_sea", "conc_B_model": "conc-B-c6bce5631d2b"}}, {"type": "Feature", "geometry": {"type": "Polygon", "coordinates": [[[131.71269229920463, 42.989680992671346], [131.71268834061715, 42.989591042705484], [131.71256581222005, 42.98959394869302], [131.71256185382902, 42.98950399871635], [131.71268438204785, 42.98950109273788], [131.71268042349678, 42.989411142768596], [131.71292547952325, 42.989405330436824], [131.71292943843085, 42.989495280387956], [131.71305196659503, 42.98949237401647], [131.71305592569914, 42.9895823239568], [131.71293339735666, 42.98958523033737], [131.7129373563007, 42.98967518028506], [131.71269229920463, 42.989680992671346]]]}, "properties": {"zone_id": "vladivostok-2026-06-27-496", "aoi": "vladivostok", "date": "2026-06-27", "scene_id": "S2B_MSIL2A_20260627T020649_R103_T52TGN_20260627T041901", "scene_datetime_utc": "2026-06-27T02:06:49.024000+00:00", "detection_status": "detected", "detection_status_ru": "обнаружено", "lon": 131.71281, "lat": 42.98954, "n_pixels": 2, "zone_area_km2": 0.0008, "cover_m2": 18.4, "p_mean": 0.712, "p_max": 0.82, "cover_m2_km2": 23000.0, "h3": "88316c4e8bfffff", "valid_frac_scene": 0.998, "wind_ms": 2.0, "sea": "спокойное", "scene_reliable": true, "field_event_id": "S4:DOORS3:T23", "field_profile": "B", "field_date": "2024-06-10", "field_distance_km": 6978.7, "field_date_gap_days": 747, "field_conc_items_km2": 102.37, "conc_A_items_km2": null, "conc_A_lo80": null, "conc_A_hi80": null, "conc_A_lo95": null, "conc_A_hi95": null, "conc_A_status": "unavailable", "conc_A_status_ru": "концентрация недоступна", "conc_A_reasons": "вне бассейна профиля: nw_atlantic_subtropical", "conc_A_model": "conc-A-c6bce5631d2b", "conc_B_items_km2": null, "conc_B_lo80": null, "conc_B_hi80": null, "conc_B_lo95": null, "conc_B_hi95": null, "conc_B_status": "unavailable", "conc_B_status_ru": "концентрация недоступна", "conc_B_reasons": "вне бассейна профиля: black_sea", "conc_B_model": "conc-B-c6bce5631d2b"}}, {"type": "Feature", "geometry": {"type": "Polygon", "coordinates": [[[131.94670495626804, 42.98938366544664], [131.9467006565218, 42.98929373366814], [131.9465781534953, 42.989296890120364], [131.94657385394697, 42.98920695833023], [131.9466963567954, 42.98920380188788], [131.94669205708874, 42.98911387010585], [131.9469413624329, 42.98919748861041], [131.9469456625156, 42.98928742037093], [131.9468231595286, 42.989290577084994], [131.94682745945292, 42.98938050885363], [131.94670495626804, 42.98938366544664]]]}, "properties": {"zone_id": "vladivostok-2026-06-27-497", "aoi": "vladivostok", "date": "2026-06-27", "scene_id": "S2B_MSIL2A_20260627T020649_R103_T52TGN_20260627T041901", "scene_datetime_utc": "2026-06-27T02:06:49.024000+00:00", "detection_status": "detected", "detection_status_ru": "обнаружено", "lon": 131.94676, "lat": 42.98925, "n_pixels": 1, "zone_area_km2": 0.0005, "cover_m2": 5.5, "p_mean": 0.871, "p_max": 0.871, "cover_m2_km2": 11000.0, "h3": "88316c7223fffff", "valid_frac_scene": 0.998, "wind_ms": 2.0, "sea": "спокойное", "scene_reliable": true, "field_event_id": "S4:DOORS3:T23", "field_profile": "B", "field_date": "2024-06-10", "field_distance_km": 6994.5, "field_date_gap_days": 747, "field_conc_items_km2": 102.37, "conc_A_items_km2": null, "conc_A_lo80": null, "conc_A_hi80": null, "conc_A_lo95": null, "conc_A_hi95": null, "conc_A_status": "unavailable", "conc_A_status_ru": "концентрация недоступна", "conc_A_reasons": "вне бассейна профиля: nw_atlantic_subtropical", "conc_A_model": "conc-A-c6bce5631d2b", "conc_B_items_km2": null, "conc_B_lo80": null, "conc_B_hi80": null, "conc_B_lo95": null, "conc_B_hi95": null, "conc_B_status": "unavailable", "conc_B_status_ru": "концентрация недоступна", "conc_B_reasons": "вне бассейна профиля: black_sea", "conc_B_model": "conc-B-c6bce5631d2b"}}, {"type": "Feature", "geometry": {"type": "Polygon", "coordinates": [[[131.94142246196657, 42.986638293089285], [131.9414181703333, 42.98654836084029], [131.9412956721765, 42.98655151147839], [131.94128708932539, 42.9863716469554], [131.9415277931547, 42.98627541334324], [131.94153208490687, 42.98636534558767], [131.941654582668, 42.98636219470744], [131.94166316658772, 42.986542059171335], [131.94142246196657, 42.986638293089285]]]}, "properties": {"zone_id": "vladivostok-2026-06-27-498", "aoi": "vladivostok", "date": "2026-06-27", "scene_id": "S2B_MSIL2A_20260627T020649_R103_T52TGN_20260627T041901", "scene_datetime_utc": "2026-06-27T02:06:49.024000+00:00", "detection_status": "detected", "detection_status_ru": "обнаружено", "lon": 131.94148, "lat": 42.98646, "n_pixels": 2, "zone_area_km2": 0.0008, "cover_m2": 10.2, "p_mean": 0.788, "p_max": 0.812, "cover_m2_km2": 12750.0, "h3": "88316c7227fffff", "valid_frac_scene": 0.998, "wind_ms": 2.0, "sea": "спокойное", "scene_reliable": true, "field_event_id": "S4:DOORS3:T23", "field_profile": "B", "field_date": "2024-06-10", "field_distance_km": 6994.3, "field_date_gap_days": 747, "field_conc_items_km2": 102.37, "conc_A_items_km2": null, "conc_A_lo80": null, "conc_A_hi80": null, "conc_A_lo95": null, "conc_A_hi95": null, "conc_A_status": "unavailable", "conc_A_status_ru": "концентрация недоступна", "conc_A_reasons": "вне бассейна профиля: nw_atlantic_subtropical", "conc_A_model": "conc-A-c6bce5631d2b", "conc_B_items_km2": null, "conc_B_lo80": null, "conc_B_hi80": null, "conc_B_lo95": null, "conc_B_hi95": null, "conc_B_status": "unavailable", "conc_B_status_ru": "концентрация недоступна", "conc_B_reasons": "вне бассейна профиля: black_sea", "conc_B_model": "conc-B-c6bce5631d2b"}}, {"type": "Feature", "geometry": {"type": "Polygon", "coordinates": [[[131.93467217880234, 42.98654158593964], [131.93466789702387, 42.98645165314428], [131.934545398317, 42.98645479655247], [131.93454111673628, 42.98636486374552], [131.93466361526507, 42.986361720347155], [131.93465933352599, 42.98627178754827], [131.9349086122636, 42.98635543315768], [131.93491289437858, 42.98644536593515], [131.93479039571108, 42.986448509605175], [131.93479467766767, 42.98653844239071], [131.93467217880234, 42.98654158593964]]]}, "properties": {"zone_id": "vladivostok-2026-06-27-499", "aoi": "vladivostok", "date": "2026-06-27", "scene_id": "S2B_MSIL2A_20260627T020649_R103_T52TGN_20260627T041901", "scene_datetime_utc": "2026-06-27T02:06:49.024000+00:00", "detection_status": "detected", "detection_status_ru": "обнаружено", "lon": 131.93473, "lat": 42.98641, "n_pixels": 1, "zone_area_km2": 0.0005, "cover_m2": 3.5, "p_mean": 0.663, "p_max": 0.663, "cover_m2_km2": 7000.0, "h3": "88316c7227fffff", "valid_frac_scene": 0.998, "wind_ms": 2.0, "sea": "спокойное", "scene_reliable": true, "field_event_id": "S4:DOORS3:T23", "field_profile": "B", "field_date": "2024-06-10", "field_distance_km": 6993.9, "field_date_gap_days": 747, "field_conc_items_km2": 102.37, "conc_A_items_km2": null, "conc_A_lo80": null, "conc_A_hi80": null, "conc_A_lo95": null, "conc_A_hi95": null, "conc_A_status": "unavailable", "conc_A_status_ru": "концентрация недоступна", "conc_A_reasons": "вне бассейна профиля: nw_atlantic_subtropical", "conc_A_model": "conc-A-c6bce5631d2b", "conc_B_items_km2": null, "conc_B_lo80": null, "conc_B_hi80": null, "conc_B_lo95": null, "conc_B_hi95": null, "conc_B_status": "unavailable", "conc_B_status_ru": "концентрация недоступна", "conc_B_reasons": "вне бассейна профиля: black_sea", "conc_B_model": "conc-B-c6bce5631d2b"}}, {"type": "Feature", "geometry": {"type": "Polygon", "coordinates": [[[131.5914112825805, 42.9844791211822], [131.59140750154077, 42.98438916229743], [131.59128497143894, 42.98439193818133], [131.5912811905949, 42.9843019792862], [131.59140372051843, 42.98429920341099], [131.59139993951348, 42.98420924452286], [131.5916487803133, 42.9842936512675], [131.59165256169223, 42.98438361013659], [131.5915300316252, 42.98438638628252], [131.59153381284324, 42.98447634515861], [131.5914112825805, 42.9844791211822]]]}, "properties": {"zone_id": "vladivostok-2026-06-27-500", "aoi": "vladivostok", "date": "2026-06-27", "scene_id": "S2B_MSIL2A_20260627T020649_R103_T52TGN_20260627T041901", "scene_datetime_utc": "2026-06-27T02:06:49.024000+00:00", "detection_status": "detected", "detection_status_ru": "обнаружено", "lon": 131.59147, "lat": 42.98434, "n_pixels": 1, "zone_area_km2": 0.0005, "cover_m2": 6.3, "p_mean": 0.596, "p_max": 0.596, "cover_m2_km2": 12600.0, "h3": "88316c4d57fffff", "valid_frac_scene": 0.998, "wind_ms": 2.0, "sea": "спокойное", "scene_reliable": true, "field_event_id": "S4:DOORS3:T23", "field_profile": "B", "field_date": "2024-06-10", "field_distance_km": 6970.8, "field_date_gap_days": 747, "field_conc_items_km2": 102.37, "conc_A_items_km2": null, "conc_A_lo80": null, "conc_A_hi80": null, "conc_A_lo95": null, "conc_A_hi95": null, "conc_A_status": "unavailable", "conc_A_status_ru": "концентрация недоступна", "conc_A_reasons": "вне бассейна профиля: nw_atlantic_subtropical", "conc_A_model": "conc-A-c6bce5631d2b", "conc_B_items_km2": null, "conc_B_lo80": null, "conc_B_hi80": null, "conc_B_lo95": null, "conc_B_hi95": null, "conc_B_status": "unavailable", "conc_B_status_ru": "концентрация недоступна", "conc_B_reasons": "вне бассейна профиля: black_sea", "conc_B_model": "conc-B-c6bce5631d2b"}}, {"type": "Feature", "geometry": {"type": "Polygon", "coordinates": [[[131.70410777747722, 42.984121461254645], [131.70410383217404, 42.98403151056236], [131.7038548507761, 42.98394735271768], [131.70385090586564, 42.98385740200387], [131.70397342375296, 42.98385450565377], [131.70396947868244, 42.98376455494731], [131.70421845947308, 42.9838487125606], [131.7042224049182, 42.98393866324725], [131.70434492292927, 42.98393576649514], [131.70434886857075, 42.984025717171], [131.70422635038148, 42.984028613932175], [131.70423029586289, 42.98411856461541], [131.70410777747722, 42.984121461254645]]]}, "properties": {"zone_id": "vladivostok-2026-06-27-501", "aoi": "vladivostok", "date": "2026-06-27", "scene_id": "S2B_MSIL2A_20260627T020649_R103_T52TGN_20260627T041901", "scene_datetime_utc": "2026-06-27T02:06:49.024000+00:00", "detection_status": "detected", "detection_status_ru": "обнаружено", "lon": 131.7041, "lat": 42.98394, "n_pixels": 2, "zone_area_km2": 0.0008, "cover_m2": 24.7, "p_mean": 0.72, "p_max": 0.749, "cover_m2_km2": 30875.0, "h3": "88316c4e83fffff", "valid_frac_scene": 0.998, "wind_ms": 2.0, "sea": "спокойное", "scene_reliable": true, "field_event_id": "S4:DOORS3:T23", "field_profile": "B", "field_date": "2024-06-10", "field_distance_km": 6978.4, "field_date_gap_days": 747, "field_conc_items_km2": 102.37, "conc_A_items_km2": null, "conc_A_lo80": null, "conc_A_hi80": null, "conc_A_lo95": null, "conc_A_hi95": null, "conc_A_status": "unavailable", "conc_A_status_ru": "концентрация недоступна", "conc_A_reasons": "вне бассейна профиля: nw_atlantic_subtropical", "conc_A_model": "conc-A-c6bce5631d2b", "conc_B_items_km2": null, "conc_B_lo80": null, "conc_B_hi80": null, "conc_B_lo95": null, "conc_B_hi95": null, "conc_B_status": "unavailable", "conc_B_status_ru": "концентрация недоступна", "conc_B_reasons": "вне бассейна профиля: black_sea", "conc_B_model": "conc-B-c6bce5631d2b"}}, {"type": "Feature", "geometry": {"type": "Polygon", "coordinates": [[[131.5884327842334, 42.983646115435505], [131.58842900764645, 42.983556156325676], [131.58830647891025, 42.98355892897827], [131.58830270251897, 42.98346896985809], [131.58842523107685, 42.98346619721415], [131.58842145452465, 42.98337623810095], [131.5886702881405, 42.98346065153323], [131.58867406506664, 42.983550610627404], [131.58855153636523, 42.983553383542045], [131.58855531313046, 42.983643342643205], [131.5884327842334, 42.983646115435505]]]}, "properties": {"zone_id": "vladivostok-2026-06-27-502", "aoi": "vladivostok", "date": "2026-06-27", "scene_id": "S2B_MSIL2A_20260627T020649_R103_T52TGN_20260627T041901", "scene_datetime_utc": "2026-06-27T02:06:49.024000+00:00", "detection_status": "detected", "detection_status_ru": "обнаружено", "lon": 131.58849, "lat": 42.98351, "n_pixels": 1, "zone_area_km2": 0.0005, "cover_m2": 5.5, "p_mean": 0.553, "p_max": 0.553, "cover_m2_km2": 11000.0, "h3": "88316c4d57fffff", "valid_frac_scene": 0.998, "wind_ms": 2.0, "sea": "спокойное", "scene_reliable": true, "field_event_id": "S4:DOORS3:T23", "field_profile": "B", "field_date": "2024-06-10", "field_distance_km": 6970.6, "field_date_gap_days": 747, "field_conc_items_km2": 102.37, "conc_A_items_km2": null, "conc_A_lo80": null, "conc_A_hi80": null, "conc_A_lo95": null, "conc_A_hi95": null, "conc_A_status": "unavailable", "conc_A_status_ru": "концентрация недоступна", "conc_A_reasons": "вне бассейна профиля: nw_atlantic_subtropical", "conc_A_model": "conc-A-c6bce5631d2b", "conc_B_items_km2": null, "conc_B_lo80": null, "conc_B_hi80": null, "conc_B_lo95": null, "conc_B_hi95": null, "conc_B_status": "unavailable", "conc_B_status_ru": "концентрация недоступна", "conc_B_reasons": "вне бассейна профиля: black_sea", "conc_B_model": "conc-B-c6bce5631d2b"}}, {"type": "Feature", "geometry": {"type": "Polygon", "coordinates": [[[131.93142579352354, 42.98275300976541], [131.93142151704356, 42.98266307664877], [131.93129902550237, 42.98266621636195], [131.93129474922011, 42.98257628323373], [131.93141724058322, 42.98257314353036], [131.93141296414257, 42.9824832104102], [131.9316622232504, 42.98256686373092], [131.93166650006685, 42.98265679682971], [131.93154400856503, 42.982659936804694], [131.93154828522307, 42.982749869911515], [131.93142579352354, 42.98275300976541]]]}, "properties": {"zone_id": "vladivostok-2026-06-27-503", "aoi": "vladivostok", "date": "2026-06-27", "scene_id": "S2B_MSIL2A_20260627T020649_R103_T52TGN_20260627T041901", "scene_datetime_utc": "2026-06-27T02:06:49.024000+00:00", "detection_status": "detected", "detection_status_ru": "обнаружено", "lon": 131.93148, "lat": 42.98262, "n_pixels": 1, "zone_area_km2": 0.0005, "cover_m2": 3.9, "p_mean": 0.651, "p_max": 0.651, "cover_m2_km2": 7800.0, "h3": "88316c704dfffff", "valid_frac_scene": 0.998, "wind_ms": 2.0, "sea": "спокойное", "scene_reliable": true, "field_event_id": "S4:DOORS3:T23", "field_profile": "B", "field_date": "2024-06-10", "field_distance_km": 6993.9, "field_date_gap_days": 747, "field_conc_items_km2": 102.37, "conc_A_items_km2": null, "conc_A_lo80": null, "conc_A_hi80": null, "conc_A_lo95": null, "conc_A_hi95": null, "conc_A_status": "unavailable", "conc_A_status_ru": "концентрация недоступна", "conc_A_reasons": "вне бассейна профиля: nw_atlantic_subtropical", "conc_A_model": "conc-A-c6bce5631d2b", "conc_B_items_km2": null, "conc_B_lo80": null, "conc_B_hi80": null, "conc_B_lo95": null, "conc_B_hi95": null, "conc_B_status": "unavailable", "conc_B_status_ru": "концентрация недоступна", "conc_B_reasons": "вне бассейна профиля: black_sea", "conc_B_model": "conc-B-c6bce5631d2b"}}, {"type": "Feature", "geometry": {"type": "Polygon", "coordinates": [[[131.68687270113824, 42.9826367064525], [131.68686878116603, 42.98254675446047], [131.68674626415034, 42.98254963243216], [131.6867423443744, 42.982459680429415], [131.68686486121183, 42.982456802466714], [131.6868609412757, 42.98236685047128], [131.68710989483264, 42.982451046148384], [131.68711381514325, 42.98254099812413], [131.68699129816366, 42.98254387635779], [131.68699521831408, 42.98263382834082], [131.68687270113824, 42.9826367064525]]]}, "properties": {"zone_id": "vladivostok-2026-06-27-504", "aoi": "vladivostok", "date": "2026-06-27", "scene_id": "S2B_MSIL2A_20260627T020649_R103_T52TGN_20260627T041901", "scene_datetime_utc": "2026-06-27T02:06:49.024000+00:00", "detection_status": "detected", "detection_status_ru": "обнаружено", "lon": 131.68693, "lat": 42.9825, "n_pixels": 1, "zone_area_km2": 0.0005, "cover_m2": 3.5, "p_mean": 0.714, "p_max": 0.714, "cover_m2_km2": 7000.0, "h3": "88316c4eabfffff", "valid_frac_scene": 0.998, "wind_ms": 2.0, "sea": "спокойное", "scene_reliable": true, "field_event_id": "S4:DOORS3:T23", "field_profile": "B", "field_date": "2024-06-10", "field_distance_km": 6977.4, "field_date_gap_days": 747, "field_conc_items_km2": 102.37, "conc_A_items_km2": null, "conc_A_lo80": null, "conc_A_hi80": null, "conc_A_lo95": null, "conc_A_hi95": null, "conc_A_status": "unavailable", "conc_A_status_ru": "концентрация недоступна", "conc_A_reasons": "вне бассейна профиля: nw_atlantic_subtropical", "conc_A_model": "conc-A-c6bce5631d2b", "conc_B_items_km2": null, "conc_B_lo80": null, "conc_B_hi80": null, "conc_B_lo95": null, "conc_B_hi95": null, "conc_B_status": "unavailable", "conc_B_status_ru": "концентрация недоступна", "conc_B_reasons": "вне бассейна профиля: black_sea", "conc_B_model": "conc-B-c6bce5631d2b"}}, {"type": "Feature", "geometry": {"type": "Polygon", "coordinates": [[[131.6864973106454, 42.982465435961856], [131.6864933912439, 42.982375483939414], [131.68637087453058, 42.98237836150015], [131.68636695532535, 42.98228840946702], [131.68648947186045, 42.98228553191527], [131.68648555249504, 42.982195579889414], [131.68673450487657, 42.98227977641883], [131.68673842461646, 42.98236972842497], [131.6866159079392, 42.98237260624769], [131.6866198275189, 42.982462558261126], [131.6864973106454, 42.982465435961856]]]}, "properties": {"zone_id": "vladivostok-2026-06-27-505", "aoi": "vladivostok", "date": "2026-06-27", "scene_id": "S2B_MSIL2A_20260627T020649_R103_T52TGN_20260627T041901", "scene_datetime_utc": "2026-06-27T02:06:49.024000+00:00", "detection_status": "detected", "detection_status_ru": "обнаружено", "lon": 131.68655, "lat": 42.98233, "n_pixels": 1, "zone_area_km2": 0.0005, "cover_m2": 6.7, "p_mean": 0.647, "p_max": 0.647, "cover_m2_km2": 13400.0, "h3": "88316c4eabfffff", "valid_frac_scene": 0.998, "wind_ms": 2.0, "sea": "спокойное", "scene_reliable": true, "field_event_id": "S4:DOORS3:T23", "field_profile": "B", "field_date": "2024-06-10", "field_distance_km": 6977.3, "field_date_gap_days": 747, "field_conc_items_km2": 102.37, "conc_A_items_km2": null, "conc_A_lo80": null, "conc_A_hi80": null, "conc_A_lo95": null, "conc_A_hi95": null, "conc_A_status": "unavailable", "conc_A_status_ru": "концентрация недоступна", "conc_A_reasons": "вне бассейна профиля: nw_atlantic_subtropical", "conc_A_model": "conc-A-c6bce5631d2b", "conc_B_items_km2": null, "conc_B_lo80": null, "conc_B_hi80": null, "conc_B_lo95": null, "conc_B_hi95": null, "conc_B_status": "unavailable", "conc_B_status_ru": "концентрация недоступна", "conc_B_reasons": "вне бассейна профиля: black_sea", "conc_B_model": "conc-B-c6bce5631d2b"}}, {"type": "Feature", "geometry": {"type": "Polygon", "coordinates": [[[131.68562793761822, 42.982215719938004], [131.68562401951834, 42.982125767847464], [131.6855015032135, 42.98212864446433], [131.68549366742423, 42.98194874026016], [131.68561618337267, 42.98194586366127], [131.68561226532685, 42.981855911565624], [131.68586121521545, 42.98194011007056], [131.6858651336357, 42.982030062146514], [131.68598764970827, 42.9820271851457], [131.68599156832477, 42.98211713721095], [131.685869052074, 42.98212001422077], [131.68587297053028, 42.982209966293325], [131.68562793761822, 42.982215719938004]]]}, "properties": {"zone_id": "vladivostok-2026-06-27-506", "aoi": "vladivostok", "date": "2026-06-27", "scene_id": "S2B_MSIL2A_20260627T020649_R103_T52TGN_20260627T041901", "scene_datetime_utc": "2026-06-27T02:06:49.024000+00:00", "detection_status": "detected", "detection_status_ru": "обнаружено", "lon": 131.68572, "lat": 42.98205, "n_pixels": 3, "zone_area_km2": 0.001, "cover_m2": 19.6, "p_mean": 0.639, "p_max": 0.71, "cover_m2_km2": 19600.0, "h3": "88316c4eabfffff", "valid_frac_scene": 0.998, "wind_ms": 2.0, "sea": "спокойное", "scene_reliable": true, "field_event_id": "S4:DOORS3:T23", "field_profile": "B", "field_date": "2024-06-10", "field_distance_km": 6977.3, "field_date_gap_days": 747, "field_conc_items_km2": 102.37, "conc_A_items_km2": null, "conc_A_lo80": null, "conc_A_hi80": null, "conc_A_lo95": null, "conc_A_hi95": null, "conc_A_status": "unavailable", "conc_A_status_ru": "концентрация недоступна", "conc_A_reasons": "вне бассейна профиля: nw_atlantic_subtropical", "conc_A_model": "conc-A-c6bce5631d2b", "conc_B_items_km2": null, "conc_B_lo80": null, "conc_B_hi80": null, "conc_B_lo95": null, "conc_B_hi95": null, "conc_B_status": "unavailable", "conc_B_status_ru": "концентрация недоступна", "conc_B_reasons": "вне бассейна профиля: black_sea", "conc_B_model": "conc-B-c6bce5631d2b"}}, {"type": "Feature", "geometry": {"type": "Polygon", "coordinates": [[[131.63618311365536, 42.981745186983], [131.63617926770337, 42.981655231270324], [131.6360567474097, 42.98165805493774], [131.63605290165364, 42.98156809921454], [131.63617542176905, 42.98156527555596], [131.63617157585244, 42.981475319839895], [131.63642046194684, 42.98155962784579], [131.63642430823762, 42.9816495835425], [131.63630178797936, 42.981652407471906], [131.6363056341096, 42.981742363175755], [131.63618311365536, 42.981745186983]]]}, "properties": {"zone_id": "vladivostok-2026-06-27-507", "aoi": "vladivostok", "date": "2026-06-27", "scene_id": "S2B_MSIL2A_20260627T020649_R103_T52TGN_20260627T041901", "scene_datetime_utc": "2026-06-27T02:06:49.024000+00:00", "detection_status": "detected", "detection_status_ru": "обнаружено", "lon": 131.63624, "lat": 42.98161, "n_pixels": 1, "zone_area_km2": 0.0005, "cover_m2": 11.8, "p_mean": 0.796, "p_max": 0.796, "cover_m2_km2": 23600.0, "h3": "88316c4c07fffff", "valid_frac_scene": 0.998, "wind_ms": 2.0, "sea": "спокойное", "scene_reliable": true, "field_event_id": "S4:DOORS3:T23", "field_profile": "B", "field_date": "2024-06-10", "field_distance_km": 6974.0, "field_date_gap_days": 747, "field_conc_items_km2": 102.37, "conc_A_items_km2": null, "conc_A_lo80": null, "conc_A_hi80": null, "conc_A_lo95": null, "conc_A_hi95": null, "conc_A_status": "unavailable", "conc_A_status_ru": "концентрация недоступна", "conc_A_reasons": "вне бассейна профиля: nw_atlantic_subtropical", "conc_A_model": "conc-A-c6bce5631d2b", "conc_B_items_km2": null, "conc_B_lo80": null, "conc_B_hi80": null, "conc_B_lo95": null, "conc_B_hi95": null, "conc_B_status": "unavailable", "conc_B_status_ru": "концентрация недоступна", "conc_B_reasons": "вне бассейна профиля: black_sea", "conc_B_model": "conc-B-c6bce5631d2b"}}, {"type": "Feature", "geometry": {"type": "Polygon", "coordinates": [[[131.6311175356951, 42.98087133337957], [131.63111369724533, 42.98078137728657], [131.63099117818757, 42.98078419548614], [131.6309873399337, 42.980694239382665], [131.6311098588132, 42.98069142119191], [131.63110602039876, 42.98060146509554], [131.6313548965192, 42.98068578441744], [131.6313587353078, 42.98077574049449], [131.6312362162854, 42.98077855895603], [131.6312400549134, 42.9808685150402], [131.6311175356951, 42.98087133337957]]]}, "properties": {"zone_id": "vladivostok-2026-06-27-508", "aoi": "vladivostok", "date": "2026-06-27", "scene_id": "S2B_MSIL2A_20260627T020649_R103_T52TGN_20260627T041901", "scene_datetime_utc": "2026-06-27T02:06:49.024000+00:00", "detection_status": "detected", "detection_status_ru": "обнаружено", "lon": 131.63117, "lat": 42.98073, "n_pixels": 1, "zone_area_km2": 0.0005, "cover_m2": 3.5, "p_mean": 0.502, "p_max": 0.502, "cover_m2_km2": 7000.0, "h3": "88316c4c07fffff", "valid_frac_scene": 0.998, "wind_ms": 2.0, "sea": "спокойное", "scene_reliable": true, "field_event_id": "S4:DOORS3:T23", "field_profile": "B", "field_date": "2024-06-10", "field_distance_km": 6973.7, "field_date_gap_days": 747, "field_conc_items_km2": 102.37, "conc_A_items_km2": null, "conc_A_lo80": null, "conc_A_hi80": null, "conc_A_lo95": null, "conc_A_hi95": null, "conc_A_status": "unavailable", "conc_A_status_ru": "концентрация недоступна", "conc_A_reasons": "вне бассейна профиля: nw_atlantic_subtropical", "conc_A_model": "conc-A-c6bce5631d2b", "conc_B_items_km2": null, "conc_B_lo80": null, "conc_B_hi80": null, "conc_B_lo95": null, "conc_B_hi95": null, "conc_B_status": "unavailable", "conc_B_status_ru": "концентрация недоступна", "conc_B_reasons": "вне бассейна профиля: black_sea", "conc_B_model": "conc-B-c6bce5631d2b"}}, {"type": "Feature", "geometry": {"type": "Polygon", "coordinates": [[[131.62115900496227, 42.98028957251842], [131.6211551811083, 42.98019961569775], [131.62103266222707, 42.98020242320754], [131.62102883856892, 42.980112466376404], [131.62115135727188, 42.980109658875385], [131.62114753345307, 42.980019702051315], [131.62139639462504, 42.98010404348036], [131.6214002188179, 42.980194000285174], [131.6212776999719, 42.98019680805695], [131.62128152400413, 42.98028676486884], [131.62115900496227, 42.98028957251842]]]}, "properties": {"zone_id": "vladivostok-2026-06-27-509", "aoi": "vladivostok", "date": "2026-06-27", "scene_id": "S2B_MSIL2A_20260627T020649_R103_T52TGN_20260627T041901", "scene_datetime_utc": "2026-06-27T02:06:49.024000+00:00", "detection_status": "detected", "detection_status_ru": "обнаружено", "lon": 131.62121, "lat": 42.98015, "n_pixels": 1, "zone_area_km2": 0.0005, "cover_m2": 3.9, "p_mean": 0.51, "p_max": 0.51, "cover_m2_km2": 7800.0, "h3": "88316c4c2bfffff", "valid_frac_scene": 0.998, "wind_ms": 2.0, "sea": "спокойное", "scene_reliable": true, "field_event_id": "S4:DOORS3:T23", "field_profile": "B", "field_date": "2024-06-10", "field_distance_km": 6973.1, "field_date_gap_days": 747, "field_conc_items_km2": 102.37, "conc_A_items_km2": null, "conc_A_lo80": null, "conc_A_hi80": null, "conc_A_lo95": null, "conc_A_hi95": null, "conc_A_status": "unavailable", "conc_A_status_ru": "концентрация недоступна", "conc_A_reasons": "вне бассейна профиля: nw_atlantic_subtropical", "conc_A_model": "conc-A-c6bce5631d2b", "conc_B_items_km2": null, "conc_B_lo80": null, "conc_B_hi80": null, "conc_B_lo95": null, "conc_B_hi95": null, "conc_B_status": "unavailable", "conc_B_status_ru": "концентрация недоступна", "conc_B_reasons": "вне бассейна профиля: black_sea", "conc_B_model": "conc-B-c6bce5631d2b"}}, {"type": "Feature", "geometry": {"type": "Polygon", "coordinates": [[[131.94981854157757, 42.98011904979513], [131.949814238685, 42.98002911812283], [131.94969175439618, 42.9800322773644], [131.9496874517014, 42.97994234568046], [131.94980993581217, 42.979939186448775], [131.94980563295917, 42.97984925477296], [131.95005490397438, 42.979932867592744], [131.95005920720322, 42.98002279924705], [131.94993672295402, 42.9800259587504], [131.94994102602462, 42.9801158904128], [131.94981854157757, 42.98011904979513]]]}, "properties": {"zone_id": "vladivostok-2026-06-27-510", "aoi": "vladivostok", "date": "2026-06-27", "scene_id": "S2B_MSIL2A_20260627T020649_R103_T52TGN_20260627T041901", "scene_datetime_utc": "2026-06-27T02:06:49.024000+00:00", "detection_status": "detected", "detection_status_ru": "обнаружено", "lon": 131.94987, "lat": 42.97998, "n_pixels": 1, "zone_area_km2": 0.0005, "cover_m2": 2.7, "p_mean": 0.627, "p_max": 0.627, "cover_m2_km2": 5400.0, "h3": "88316c7235fffff", "valid_frac_scene": 0.998, "wind_ms": 2.0, "sea": "спокойное", "scene_reliable": true, "field_event_id": "S4:DOORS3:T23", "field_profile": "B", "field_date": "2024-06-10", "field_distance_km": 6995.3, "field_date_gap_days": 747, "field_conc_items_km2": 102.37, "conc_A_items_km2": null, "conc_A_lo80": null, "conc_A_hi80": null, "conc_A_lo95": null, "conc_A_hi95": null, "conc_A_status": "unavailable", "conc_A_status_ru": "концентрация недоступна", "conc_A_reasons": "вне бассейна профиля: nw_atlantic_subtropical", "conc_A_model": "conc-A-c6bce5631d2b", "conc_B_items_km2": null, "conc_B_lo80": null, "conc_B_hi80": null, "conc_B_lo95": null, "conc_B_hi95": null, "conc_B_status": "unavailable", "conc_B_status_ru": "концентрация недоступна", "conc_B_reasons": "вне бассейна профиля: black_sea", "conc_B_model": "conc-B-c6bce5631d2b"}}, {"type": "Feature", "geometry": {"type": "Polygon", "coordinates": [[[131.9287039290666, 42.979671249117764], [131.92869965701388, 42.97958131573347], [131.92857717129192, 42.9795844523545], [131.92857289943692, 42.979494518958646], [131.9286953849808, 42.97949138234741], [131.9286911129674, 42.979401448959585], [131.9289403560097, 42.979485108732284], [131.92894462839885, 42.97957504209872], [131.92882214271617, 42.97957817898155], [131.9288264149469, 42.97966811235603], [131.9287039290666, 42.979671249117764]]]}, "properties": {"zone_id": "vladivostok-2026-06-27-511", "aoi": "vladivostok", "date": "2026-06-27", "scene_id": "S2B_MSIL2A_20260627T020649_R103_T52TGN_20260627T041901", "scene_datetime_utc": "2026-06-27T02:06:49.024000+00:00", "detection_status": "detected", "detection_status_ru": "обнаружено", "lon": 131.92876, "lat": 42.97953, "n_pixels": 1, "zone_area_km2": 0.0005, "cover_m2": 2.7, "p_mean": 0.976, "p_max": 0.976, "cover_m2_km2": 5400.0, "h3": "88316c704dfffff", "valid_frac_scene": 0.998, "wind_ms": 2.0, "sea": "спокойное", "scene_reliable": true, "field_event_id": "S4:DOORS3:T23", "field_profile": "B", "field_date": "2024-06-10", "field_distance_km": 6993.9, "field_date_gap_days": 747, "field_conc_items_km2": 102.37, "conc_A_items_km2": null, "conc_A_lo80": null, "conc_A_hi80": null, "conc_A_lo95": null, "conc_A_hi95": null, "conc_A_status": "unavailable", "conc_A_status_ru": "концентрация недоступна", "conc_A_reasons": "вне бассейна профиля: nw_atlantic_subtropical", "conc_A_model": "conc-A-c6bce5631d2b", "conc_B_items_km2": null, "conc_B_lo80": null, "conc_B_hi80": null, "conc_B_lo95": null, "conc_B_hi95": null, "conc_B_status": "unavailable", "conc_B_status_ru": "концентрация недоступна", "conc_B_reasons": "вне бассейна профиля: black_sea", "conc_B_model": "conc-B-c6bce5631d2b"}}, {"type": "Feature", "geometry": {"type": "Polygon", "coordinates": [[[131.92651067780216, 42.97738628114492], [131.9265064092867, 42.97729634754823], [131.9263839278598, 42.97729948168942], [131.92637539124382, 42.977119614471135], [131.92649787231468, 42.97711648034955], [131.92649360385812, 42.977026546747574], [131.92673856558488, 42.977020278131356], [131.9267428343975, 42.977110211713736], [131.92686531540946, 42.977107077199506], [131.92686958441973, 42.97719701077034], [131.92674710322973, 42.97720014529437], [131.92675137208164, 42.97729007887323], [131.92651067780216, 42.97738628114492]]]}, "properties": {"zone_id": "vladivostok-2026-06-27-512", "aoi": "vladivostok", "date": "2026-06-27", "scene_id": "S2B_MSIL2A_20260627T020649_R103_T52TGN_20260627T041901", "scene_datetime_utc": "2026-06-27T02:06:49.024000+00:00", "detection_status": "detected", "detection_status_ru": "обнаружено", "lon": 131.9266, "lat": 42.97719, "n_pixels": 3, "zone_area_km2": 0.001, "cover_m2": 7.5, "p_mean": 0.803, "p_max": 0.839, "cover_m2_km2": 7500.0, "h3": "88316c7313fffff", "valid_frac_scene": 0.998, "wind_ms": 2.0, "sea": "спокойное", "scene_reliable": true, "field_event_id": "S4:DOORS3:T23", "field_profile": "B", "field_date": "2024-06-10", "field_distance_km": 6993.9, "field_date_gap_days": 747, "field_conc_items_km2": 102.37, "conc_A_items_km2": null, "conc_A_lo80": null, "conc_A_hi80": null, "conc_A_lo95": null, "conc_A_hi95": null, "conc_A_status": "unavailable", "conc_A_status_ru": "концентрация недоступна", "conc_A_reasons": "вне бассейна профиля: nw_atlantic_subtropical", "conc_A_model": "conc-A-c6bce5631d2b", "conc_B_items_km2": null, "conc_B_lo80": null, "conc_B_hi80": null, "conc_B_lo95": null, "conc_B_hi95": null, "conc_B_status": "unavailable", "conc_B_status_ru": "концентрация недоступна", "conc_B_reasons": "вне бассейна профиля: black_sea", "conc_B_model": "conc-B-c6bce5631d2b"}}, {"type": "Feature", "geometry": {"type": "Polygon", "coordinates": [[[131.9257629855951, 42.97713528311593], [131.92575871820668, 42.97704534945517], [131.92563623719607, 42.9770484827817], [131.92562770283416, 42.97686861543531], [131.92586839661607, 42.97677241503432], [131.92587266412363, 42.976862348690545], [131.92599514473895, 42.97685921512186], [131.926003680169, 42.977039082409476], [131.9257629855951, 42.97713528311593]]]}, "properties": {"zone_id": "vladivostok-2026-06-27-513", "aoi": "vladivostok", "date": "2026-06-27", "scene_id": "S2B_MSIL2A_20260627T020649_R103_T52TGN_20260627T041901", "scene_datetime_utc": "2026-06-27T02:06:49.024000+00:00", "detection_status": "detected", "detection_status_ru": "обнаружено", "lon": 131.92582, "lat": 42.97695, "n_pixels": 2, "zone_area_km2": 0.0008, "cover_m2": 4.7, "p_mean": 0.588, "p_max": 0.659, "cover_m2_km2": 5875.0, "h3": "88316c7313fffff", "valid_frac_scene": 0.998, "wind_ms": 2.0, "sea": "спокойное", "scene_reliable": true, "field_event_id": "S4:DOORS3:T23", "field_profile": "B", "field_date": "2024-06-10", "field_distance_km": 6993.9, "field_date_gap_days": 747, "field_conc_items_km2": 102.37, "conc_A_items_km2": null, "conc_A_lo80": null, "conc_A_hi80": null, "conc_A_lo95": null, "conc_A_hi95": null, "conc_A_status": "unavailable", "conc_A_status_ru": "концентрация недоступна", "conc_A_reasons": "вне бассейна профиля: nw_atlantic_subtropical", "conc_A_model": "conc-A-c6bce5631d2b", "conc_B_items_km2": null, "conc_B_lo80": null, "conc_B_hi80": null, "conc_B_lo95": null, "conc_B_hi95": null, "conc_B_status": "unavailable", "conc_B_status_ru": "концентрация недоступна", "conc_B_reasons": "вне бассейна профиля: black_sea", "conc_B_model": "conc-B-c6bce5631d2b"}}, {"type": "Feature", "geometry": {"type": "Polygon", "coordinates": [[[131.94982255900226, 42.97507655563818], [131.94981825686173, 42.97498662388677], [131.94969578258122, 42.974989782837056], [131.9496871787155, 42.97480991930917], [131.94992782428568, 42.974713669570406], [131.94993212654484, 42.97480360131724], [131.9500546004298, 42.97480044212499], [131.95006320536342, 42.97498030559362], [131.94982255900226, 42.97507655563818]]]}, "properties": {"zone_id": "vladivostok-2026-06-27-514", "aoi": "vladivostok", "date": "2026-06-27", "scene_id": "S2B_MSIL2A_20260627T020649_R103_T52TGN_20260627T041901", "scene_datetime_utc": "2026-06-27T02:06:49.024000+00:00", "detection_status": "detected", "detection_status_ru": "обнаружено", "lon": 131.94988, "lat": 42.9749, "n_pixels": 2, "zone_area_km2": 0.0008, "cover_m2": 9.8, "p_mean": 0.78, "p_max": 0.788, "cover_m2_km2": 12250.0, "h3": "88316c704bfffff", "valid_frac_scene": 0.998, "wind_ms": 2.0, "sea": "спокойное", "scene_reliable": true, "field_event_id": "S4:DOORS3:T23", "field_profile": "B", "field_date": "2024-06-10", "field_distance_km": 6995.6, "field_date_gap_days": 747, "field_conc_items_km2": 102.37, "conc_A_items_km2": null, "conc_A_lo80": null, "conc_A_hi80": null, "conc_A_lo95": null, "conc_A_hi95": null, "conc_A_status": "unavailable", "conc_A_status_ru": "концентрация недоступна", "conc_A_reasons": "вне бассейна профиля: nw_atlantic_subtropical", "conc_A_model": "conc-A-c6bce5631d2b", "conc_B_items_km2": null, "conc_B_lo80": null, "conc_B_hi80": null, "conc_B_lo95": null, "conc_B_hi95": null, "conc_B_status": "unavailable", "conc_B_status_ru": "концентрация недоступна", "conc_B_reasons": "вне бассейна профиля: black_sea", "conc_B_model": "conc-B-c6bce5631d2b"}}, {"type": "Feature", "geometry": {"type": "Polygon", "coordinates": [[[131.97087053991592, 42.97417154740742], [131.9708662072424, 42.974081617353505], [131.97074373708884, 42.97408479877099], [131.97073940461323, 42.973994868705354], [131.97086187458882, 42.973991687297804], [131.97085754195518, 42.97390175724035], [131.97110248149073, 42.973895394052605], [131.9711068144803, 42.97398532409017], [131.97122928439614, 42.97398214229009], [131.9712336175836, 42.97407207231595], [131.9711111474898, 42.97407525412597], [131.97111548051925, 42.974165184160015], [131.97087053991592, 42.97417154740742]]]}, "properties": {"zone_id": "vladivostok-2026-06-27-515", "aoi": "vladivostok", "date": "2026-06-27", "scene_id": "S2B_MSIL2A_20260627T020649_R103_T52TGN_20260627T041901", "scene_datetime_utc": "2026-06-27T02:06:49.024000+00:00", "detection_status": "detected", "detection_status_ru": "обнаружено", "lon": 131.97099, "lat": 42.97403, "n_pixels": 2, "zone_area_km2": 0.0008, "cover_m2": 11.8, "p_mean": 0.973, "p_max": 0.984, "cover_m2_km2": 14750.0, "h3": "88316c7233fffff", "valid_frac_scene": 0.998, "wind_ms": 2.0, "sea": "спокойное", "scene_reliable": true, "field_event_id": "S4:DOORS3:T23", "field_profile": "B", "field_date": "2024-06-10", "field_distance_km": 6997.1, "field_date_gap_days": 747, "field_conc_items_km2": 102.37, "conc_A_items_km2": null, "conc_A_lo80": null, "conc_A_hi80": null, "conc_A_lo95": null, "conc_A_hi95": null, "conc_A_status": "unavailable", "conc_A_status_ru": "концентрация недоступна", "conc_A_reasons": "вне бассейна профиля: nw_atlantic_subtropical", "conc_A_model": "conc-A-c6bce5631d2b", "conc_B_items_km2": null, "conc_B_lo80": null, "conc_B_hi80": null, "conc_B_lo95": null, "conc_B_hi95": null, "conc_B_status": "unavailable", "conc_B_status_ru": "концентрация недоступна", "conc_B_reasons": "вне бассейна профиля: black_sea", "conc_B_model": "conc-B-c6bce5631d2b"}}, {"type": "Feature", "geometry": {"type": "Polygon", "coordinates": [[[131.9573771188903, 42.97407106423205], [131.95737280589313, 42.97398113307776], [131.95712355035093, 42.9738975357198], [131.95711923774937, 42.97380760454218], [131.95724170886376, 42.97380443771847], [131.95723739610406, 42.973714506549], [131.95748233791736, 42.97370817252881], [131.957486651033, 42.97379810367849], [131.9576091220879, 42.97379493646222], [131.9576177487346, 42.97397479873647], [131.9573771188903, 42.97407106423205]]]}, "properties": {"zone_id": "vladivostok-2026-06-27-516", "aoi": "vladivostok", "date": "2026-06-27", "scene_id": "S2B_MSIL2A_20260627T020649_R103_T52TGN_20260627T041901", "scene_datetime_utc": "2026-06-27T02:06:49.024000+00:00", "detection_status": "detected", "detection_status_ru": "обнаружено", "lon": 131.95739, "lat": 42.97388, "n_pixels": 3, "zone_area_km2": 0.001, "cover_m2": 10.6, "p_mean": 0.918, "p_max": 0.953, "cover_m2_km2": 10600.0, "h3": "88316c7237fffff", "valid_frac_scene": 0.998, "wind_ms": 2.0, "sea": "спокойное", "scene_reliable": true, "field_event_id": "S4:DOORS3:T23", "field_profile": "B", "field_date": "2024-06-10", "field_distance_km": 6996.2, "field_date_gap_days": 747, "field_conc_items_km2": 102.37, "conc_A_items_km2": null, "conc_A_lo80": null, "conc_A_hi80": null, "conc_A_lo95": null, "conc_A_hi95": null, "conc_A_status": "unavailable", "conc_A_status_ru": "концентрация недоступна", "conc_A_reasons": "вне бассейна профиля: nw_atlantic_subtropical", "conc_A_model": "conc-A-c6bce5631d2b", "conc_B_items_km2": null, "conc_B_lo80": null, "conc_B_hi80": null, "conc_B_lo95": null, "conc_B_hi95": null, "conc_B_status": "unavailable", "conc_B_status_ru": "концентрация недоступна", "conc_B_reasons": "вне бассейна профиля: black_sea", "conc_B_model": "conc-B-c6bce5631d2b"}}, {"type": "Feature", "geometry": {"type": "Polygon", "coordinates": [[[131.9232695579547, 42.97368737279708], [131.92326529471353, 42.973597438881676], [131.9230160829464, 42.973513765730374], [131.92301182010038, 42.97342383179188], [131.92313429420497, 42.97342070148415], [131.92313003120057, 42.97333076755367], [131.9233792423553, 42.97341444047612], [131.9233835057353, 42.97350437438525], [131.92350597995906, 42.973501243675166], [131.9235102435366, 42.973591177572764], [131.92338776913488, 42.97359430829266], [131.9233920325541, 42.97368424219828], [131.9232695579547, 42.97368737279708]]]}, "properties": {"zone_id": "vladivostok-2026-06-27-517", "aoi": "vladivostok", "date": "2026-06-27", "scene_id": "S2B_MSIL2A_20260627T020649_R103_T52TGN_20260627T041901", "scene_datetime_utc": "2026-06-27T02:06:49.024000+00:00", "detection_status": "detected", "detection_status_ru": "обнаружено", "lon": 131.92326, "lat": 42.97351, "n_pixels": 2, "zone_area_km2": 0.0008, "cover_m2": 4.7, "p_mean": 0.806, "p_max": 0.922, "cover_m2_km2": 5875.0, "h3": "88316c7069fffff", "valid_frac_scene": 0.998, "wind_ms": 2.0, "sea": "спокойное", "scene_reliable": true, "field_event_id": "S4:DOORS3:T23", "field_profile": "B", "field_date": "2024-06-10", "field_distance_km": 6993.9, "field_date_gap_days": 747, "field_conc_items_km2": 102.37, "conc_A_items_km2": null, "conc_A_lo80": null, "conc_A_hi80": null, "conc_A_lo95": null, "conc_A_hi95": null, "conc_A_status": "unavailable", "conc_A_status_ru": "концентрация недоступна", "conc_A_reasons": "вне бассейна профиля: nw_atlantic_subtropical", "conc_A_model": "conc-A-c6bce5631d2b", "conc_B_items_km2": null, "conc_B_lo80": null, "conc_B_hi80": null, "conc_B_lo95": null, "conc_B_hi95": null, "conc_B_status": "unavailable", "conc_B_status_ru": "концентрация недоступна", "conc_B_reasons": "вне бассейна профиля: black_sea", "conc_B_model": "conc-B-c6bce5631d2b"}}, {"type": "Feature", "geometry": {"type": "Polygon", "coordinates": [[[131.92288508332777, 42.9733370280187], [131.922880820699, 42.973247094066885], [131.92275834691117, 42.973250224093306], [131.92274982206834, 42.97307035616484], [131.9229905061644, 42.97297416207296], [131.9229947689124, 42.97306409602025], [131.92311724230504, 42.97306096575168], [131.92312576821578, 42.97324083362143], [131.92288508332777, 42.9733370280187]]]}, "properties": {"zone_id": "vladivostok-2026-06-27-518", "aoi": "vladivostok", "date": "2026-06-27", "scene_id": "S2B_MSIL2A_20260627T020649_R103_T52TGN_20260627T041901", "scene_datetime_utc": "2026-06-27T02:06:49.024000+00:00", "detection_status": "detected", "detection_status_ru": "обнаружено", "lon": 131.92294, "lat": 42.97316, "n_pixels": 2, "zone_area_km2": 0.0008, "cover_m2": 8.6, "p_mean": 0.716, "p_max": 0.737, "cover_m2_km2": 10750.0, "h3": "88316c7069fffff", "valid_frac_scene": 0.998, "wind_ms": 2.0, "sea": "спокойное", "scene_reliable": true, "field_event_id": "S4:DOORS3:T23", "field_profile": "B", "field_date": "2024-06-10", "field_distance_km": 6993.9, "field_date_gap_days": 747, "field_conc_items_km2": 102.37, "conc_A_items_km2": null, "conc_A_lo80": null, "conc_A_hi80": null, "conc_A_lo95": null, "conc_A_hi95": null, "conc_A_status": "unavailable", "conc_A_status_ru": "концентрация недоступна", "conc_A_reasons": "вне бассейна профиля: nw_atlantic_subtropical", "conc_A_model": "conc-A-c6bce5631d2b", "conc_B_items_km2": null, "conc_B_lo80": null, "conc_B_hi80": null, "conc_B_lo95": null, "conc_B_hi95": null, "conc_B_status": "unavailable", "conc_B_status_ru": "концентрация недоступна", "conc_B_reasons": "вне бассейна профиля: black_sea", "conc_B_model": "conc-B-c6bce5631d2b"}}, {"type": "Feature", "geometry": {"type": "Polygon", "coordinates": [[[131.9467628336855, 42.97263423822488], [131.94675853637017, 42.97254430618716], [131.94663606659853, 42.97254746172057], [131.94663176948092, 42.97245752967123], [131.9467542390746, 42.97245437414766], [131.9467499417988, 42.97236444210642], [131.94699917820273, 42.972448062708004], [131.94700347585425, 42.972537994727766], [131.9468810061221, 42.97254115052288], [131.9468853036154, 42.97263108255074], [131.9467628336855, 42.97263423822488]]]}, "properties": {"zone_id": "vladivostok-2026-06-27-519", "aoi": "vladivostok", "date": "2026-06-27", "scene_id": "S2B_MSIL2A_20260627T020649_R103_T52TGN_20260627T041901", "scene_datetime_utc": "2026-06-27T02:06:49.024000+00:00", "detection_status": "detected", "detection_status_ru": "обнаружено", "lon": 131.94682, "lat": 42.9725, "n_pixels": 1, "zone_area_km2": 0.0005, "cover_m2": 3.9, "p_mean": 0.553, "p_max": 0.553, "cover_m2_km2": 7800.0, "h3": "88316c704bfffff", "valid_frac_scene": 0.998, "wind_ms": 2.0, "sea": "спокойное", "scene_reliable": true, "field_event_id": "S4:DOORS3:T23", "field_profile": "B", "field_date": "2024-06-10", "field_distance_km": 6995.5, "field_date_gap_days": 747, "field_conc_items_km2": 102.37, "conc_A_items_km2": null, "conc_A_lo80": null, "conc_A_hi80": null, "conc_A_lo95": null, "conc_A_hi95": null, "conc_A_status": "unavailable", "conc_A_status_ru": "концентрация недоступна", "conc_A_reasons": "вне бассейна профиля: nw_atlantic_subtropical", "conc_A_model": "conc-A-c6bce5631d2b", "conc_B_items_km2": null, "conc_B_lo80": null, "conc_B_hi80": null, "conc_B_lo95": null, "conc_B_hi95": null, "conc_B_status": "unavailable", "conc_B_status_ru": "концентрация недоступна", "conc_B_reasons": "вне бассейна профиля: black_sea", "conc_B_model": "conc-B-c6bce5631d2b"}}]}