{"type": "FeatureCollection", "features": [{"type": "Feature", "geometry": {"type": "Polygon", "coordinates": [[[41.03212853766451, 41.912606919687654], [41.0321256814222, 41.91251690839445], [41.032005175176714, 41.912519041776655], [41.03199946306935, 41.91233901917216], [41.03211996897665, 41.912336885803356], [41.032117112773406, 41.91224687450544], [41.03236098075217, 41.91233261868661], [41.03236383730662, 41.91242262996955], [41.03248434334394, 41.91242049621493], [41.0324872000805, 41.91251050748959], [41.032366693874096, 41.91251264125092], [41.0323695504546, 41.91260265253073], [41.03212853766451, 41.912606919687654]]]}, "properties": {"zone_id": "batumi-2024-05-21-001", "aoi": "batumi", "date": "2024-05-21", "scene_id": "S2A_MSIL2A_20240521T080611_R078_T37TFG_20240521T135035", "scene_datetime_utc": "2024-05-21T08:06:11.024000+00:00", "detection_status": "detected", "detection_status_ru": "обнаружено", "lon": 41.03222, "lat": 41.91244, "n_pixels": 3, "zone_area_km2": 0.001, "cover_m2": 32.2, "p_mean": 0.786, "p_max": 0.902, "cover_m2_km2": 32200.0, "h3": "882c256b43fffff", "valid_frac_scene": 0.658, "wind_ms": 3.1, "sea": "спокойное", "scene_reliable": true, "field_event_id": "S4:DOORS3:T18", "field_profile": "B", "field_date": "2024-06-05", "field_distance_km": 12.6, "field_date_gap_days": 15, "field_conc_items_km2": 348.74, "conc_A_items_km2": null, "conc_A_lo80": null, "conc_A_hi80": null, "conc_A_lo95": null, "conc_A_hi95": null, "conc_A_status": "unavailable", "conc_A_status_ru": "концентрация недоступна", "conc_A_reasons": "вне бассейна профиля: nw_atlantic_subtropical", "conc_A_model": "conc-A-c6bce5631d2b", "conc_B_items_km2": 214.1, "conc_B_lo80": 45.2, "conc_B_hi80": 720.9, "conc_B_lo95": 27.9, "conc_B_hi95": 1350.3, "conc_B_status": "research_estimate", "conc_B_status_ru": "исследовательская оценка", "conc_B_reasons": "месяц 5 вне месяцев обучения [6]", "conc_B_model": "conc-B-c6bce5631d2b"}}, {"type": "Feature", "geometry": {"type": "Polygon", "coordinates": [[[41.266009187129754, 41.90831787835551], [41.26588233896597, 41.90814026186234], [41.26600281848206, 41.908137883263485], [41.26599963417998, 41.90804788571505], [41.266243777470656, 41.90813312568686], [41.26624696212515, 41.90822312321876], [41.266126482469154, 41.908225502077684], [41.26612966696921, 41.90831549961542], [41.266009187129754, 41.90831787835551]]]}, "properties": {"zone_id": "batumi-2024-05-21-002", "aoi": "batumi", "date": "2024-05-21", "scene_id": "S2A_MSIL2A_20240521T080611_R078_T37TFG_20240521T135035", "scene_datetime_utc": "2024-05-21T08:06:11.024000+00:00", "detection_status": "detected", "detection_status_ru": "обнаружено", "lon": 41.26606, "lat": 41.90818, "n_pixels": 1, "zone_area_km2": 0.0005, "cover_m2": 13.7, "p_mean": 0.698, "p_max": 0.698, "cover_m2_km2": 27400.0, "h3": "882c21d22bfffff", "valid_frac_scene": 0.658, "wind_ms": 3.1, "sea": "спокойное", "scene_reliable": true, "field_event_id": "S4:DOORS3:T19", "field_profile": "B", "field_date": "2024-06-05", "field_distance_km": 14.9, "field_date_gap_days": 15, "field_conc_items_km2": 544.69, "conc_A_items_km2": null, "conc_A_lo80": null, "conc_A_hi80": null, "conc_A_lo95": null, "conc_A_hi95": null, "conc_A_status": "unavailable", "conc_A_status_ru": "концентрация недоступна", "conc_A_reasons": "вне бассейна профиля: nw_atlantic_subtropical", "conc_A_model": "conc-A-c6bce5631d2b", "conc_B_items_km2": 239.4, "conc_B_lo80": 50.6, "conc_B_hi80": 805.8, "conc_B_lo95": 31.3, "conc_B_hi95": 1509.2, "conc_B_status": "research_estimate", "conc_B_status_ru": "исследовательская оценка", "conc_B_reasons": "месяц 5 вне месяцев обучения [6]", "conc_B_model": "conc-B-c6bce5631d2b"}}, {"type": "Feature", "geometry": {"type": "Polygon", "coordinates": [[[41.020399255409664, 41.903897838894736], [41.02039641651332, 41.90380782681133], [41.02027592577103, 41.9038099475286], [41.02027024835522, 41.90362992334374], [41.020508390124235, 41.90353566972806], [41.02051122915076, 41.903625681809515], [41.02063171952912, 41.9036235608529], [41.020637397959064, 41.9038035849978], [41.020399255409664, 41.903897838894736]]]}, "properties": {"zone_id": "batumi-2024-05-21-003", "aoi": "batumi", "date": "2024-05-21", "scene_id": "S2A_MSIL2A_20240521T080611_R078_T37TFG_20240521T135035", "scene_datetime_utc": "2024-05-21T08:06:11.024000+00:00", "detection_status": "detected", "detection_status_ru": "обнаружено", "lon": 41.02045, "lat": 41.90372, "n_pixels": 2, "zone_area_km2": 0.0008, "cover_m2": 9.4, "p_mean": 0.971, "p_max": 0.992, "cover_m2_km2": 11750.0, "h3": "882c256b41fffff", "valid_frac_scene": 0.658, "wind_ms": 3.1, "sea": "спокойное", "scene_reliable": true, "field_event_id": "S4:DOORS3:T18", "field_profile": "B", "field_date": "2024-06-05", "field_distance_km": 12.0, "field_date_gap_days": 15, "field_conc_items_km2": 348.74, "conc_A_items_km2": null, "conc_A_lo80": null, "conc_A_hi80": null, "conc_A_lo95": null, "conc_A_hi95": null, "conc_A_status": "unavailable", "conc_A_status_ru": "концентрация недоступна", "conc_A_reasons": "вне бассейна профиля: nw_atlantic_subtropical", "conc_A_model": "conc-A-c6bce5631d2b", "conc_B_items_km2": 214.0, "conc_B_lo80": 45.2, "conc_B_hi80": 720.5, "conc_B_lo95": 27.9, "conc_B_hi95": 1349.7, "conc_B_status": "research_estimate", "conc_B_status_ru": "исследовательская оценка", "conc_B_reasons": "месяц 5 вне месяцев обучения [6]", "conc_B_model": "conc-B-c6bce5631d2b"}}, {"type": "Feature", "geometry": {"type": "Polygon", "coordinates": [[[41.155229377902025, 41.90171560204933], [41.15510284574046, 41.90153785536723], [41.15522332185441, 41.90153559328747], [41.1552202938513, 41.90144558890414], [41.15546427404088, 41.90153106874907], [41.15546730239568, 41.9016210731166], [41.1553468261404, 41.90162333545605], [41.15534985434005, 41.90171333982907], [41.155229377902025, 41.90171560204933]]]}, "properties": {"zone_id": "batumi-2024-05-21-004", "aoi": "batumi", "date": "2024-05-21", "scene_id": "S2A_MSIL2A_20240521T080611_R078_T37TFG_20240521T135035", "scene_datetime_utc": "2024-05-21T08:06:11.024000+00:00", "detection_status": "detected", "detection_status_ru": "обнаружено", "lon": 41.15529, "lat": 41.90158, "n_pixels": 1, "zone_area_km2": 0.0005, "cover_m2": 8.6, "p_mean": 0.714, "p_max": 0.714, "cover_m2_km2": 17200.0, "h3": "882c2569c1fffff", "valid_frac_scene": 0.658, "wind_ms": 3.1, "sea": "спокойное", "scene_reliable": true, "field_event_id": "S4:DOORS3:T18", "field_profile": "B", "field_date": "2024-06-05", "field_distance_km": 13.2, "field_date_gap_days": 15, "field_conc_items_km2": 348.74, "conc_A_items_km2": null, "conc_A_lo80": null, "conc_A_hi80": null, "conc_A_lo95": null, "conc_A_hi95": null, "conc_A_status": "unavailable", "conc_A_status_ru": "концентрация недоступна", "conc_A_reasons": "вне бассейна профиля: nw_atlantic_subtropical", "conc_A_model": "conc-A-c6bce5631d2b", "conc_B_items_km2": 227.0, "conc_B_lo80": 47.9, "conc_B_hi80": 764.1, "conc_B_lo95": 29.7, "conc_B_hi95": 1431.2, "conc_B_status": "research_estimate", "conc_B_status_ru": "исследовательская оценка", "conc_B_reasons": "месяц 5 вне месяцев обучения [6]", "conc_B_model": "conc-B-c6bce5631d2b"}}, {"type": "Feature", "geometry": {"type": "Polygon", "coordinates": [[[41.06384342620079, 41.90150382873601], [41.06384052652963, 41.901413819053595], [41.06372004355217, 41.90141598525414], [41.06371424458748, 41.90123596587094], [41.06395231005276, 41.90114162369035], [41.06395520985324, 41.901231633370735], [41.06407569246629, 41.90122946693114], [41.06408149244488, 41.90140948627353], [41.06384342620079, 41.90150382873601]]]}, "properties": {"zone_id": "batumi-2024-05-21-005", "aoi": "batumi", "date": "2024-05-21", "scene_id": "S2A_MSIL2A_20240521T080611_R078_T37TFG_20240521T135035", "scene_datetime_utc": "2024-05-21T08:06:11.024000+00:00", "detection_status": "detected", "detection_status_ru": "обнаружено", "lon": 41.0639, "lat": 41.90132, "n_pixels": 2, "zone_area_km2": 0.0008, "cover_m2": 9.4, "p_mean": 0.749, "p_max": 0.984, "cover_m2_km2": 11750.0, "h3": "882c256b39fffff", "valid_frac_scene": 0.658, "wind_ms": 3.1, "sea": "спокойное", "scene_reliable": true, "field_event_id": "S4:DOORS3:T18", "field_profile": "B", "field_date": "2024-06-05", "field_distance_km": 11.0, "field_date_gap_days": 15, "field_conc_items_km2": 348.74, "conc_A_items_km2": null, "conc_A_lo80": null, "conc_A_hi80": null, "conc_A_lo95": null, "conc_A_hi95": null, "conc_A_status": "unavailable", "conc_A_status_ru": "концентрация недоступна", "conc_A_reasons": "вне бассейна профиля: nw_atlantic_subtropical", "conc_A_model": "conc-A-c6bce5631d2b", "conc_B_items_km2": 217.1, "conc_B_lo80": 45.8, "conc_B_hi80": 730.9, "conc_B_lo95": 28.3, "conc_B_hi95": 1369.1, "conc_B_status": "research_estimate", "conc_B_status_ru": "исследовательская оценка", "conc_B_reasons": "месяц 5 вне месяцев обучения [6]", "conc_B_model": "conc-B-c6bce5631d2b"}}, {"type": "Feature", "geometry": {"type": "Polygon", "coordinates": [[[41.02538017902432, 41.90128832331622], [41.0253773333924, 41.90119831146875], [41.02525684792669, 41.90120043730531], [41.02525115703977, 41.90102041359229], [41.02537164216747, 41.90101828776907], [41.025368796574476, 41.90092827591688], [41.02573025137276, 41.9009218977093], [41.025733097472745, 41.90101190954148], [41.02585358254855, 41.90100978321295], [41.02585642883051, 41.901099795036885], [41.02573594358571, 41.901101921372074], [41.025738789711646, 41.9011919332011], [41.025497818845125, 41.90119618550586], [41.025500664646046, 41.90128619734666], [41.02538017902432, 41.90128832331622]]]}, "properties": {"zone_id": "batumi-2024-05-21-006", "aoi": "batumi", "date": "2024-05-21", "scene_id": "S2A_MSIL2A_20240521T080611_R078_T37TFG_20240521T135035", "scene_datetime_utc": "2024-05-21T08:06:11.024000+00:00", "detection_status": "detected", "detection_status_ru": "обнаружено", "lon": 41.02552, "lat": 41.90108, "n_pixels": 4, "zone_area_km2": 0.0013, "cover_m2": 30.6, "p_mean": 0.837, "p_max": 0.976, "cover_m2_km2": 23538.5, "h3": "882c256b45fffff", "valid_frac_scene": 0.658, "wind_ms": 3.1, "sea": "спокойное", "scene_reliable": true, "field_event_id": "S4:DOORS3:T18", "field_profile": "B", "field_date": "2024-06-05", "field_distance_km": 11.6, "field_date_gap_days": 15, "field_conc_items_km2": 348.74, "conc_A_items_km2": null, "conc_A_lo80": null, "conc_A_hi80": null, "conc_A_lo95": null, "conc_A_hi95": null, "conc_A_status": "unavailable", "conc_A_status_ru": "концентрация недоступна", "conc_A_reasons": "вне бассейна профиля: nw_atlantic_subtropical", "conc_A_model": "conc-A-c6bce5631d2b", "conc_B_items_km2": 214.0, "conc_B_lo80": 45.2, "conc_B_hi80": 720.5, "conc_B_lo95": 27.9, "conc_B_hi95": 1349.7, "conc_B_status": "research_estimate", "conc_B_status_ru": "исследовательская оценка", "conc_B_reasons": "месяц 5 вне месяцев обучения [6]", "conc_B_model": "conc-B-c6bce5631d2b"}}, {"type": "Feature", "geometry": {"type": "Polygon", "coordinates": [[[41.15579238565045, 41.900534233080606], [41.15578935695452, 41.90044422871527], [41.155668882936894, 41.90044649134127], [41.15566282592433, 41.900266482591576], [41.155900744446605, 41.90017195287867], [41.15590377327005, 41.90026195724171], [41.156024246922186, 41.90025969437735], [41.15603030494836, 41.90043970308441], [41.15579238565045, 41.900534233080606]]]}, "properties": {"zone_id": "batumi-2024-05-21-007", "aoi": "batumi", "date": "2024-05-21", "scene_id": "S2A_MSIL2A_20240521T080611_R078_T37TFG_20240521T135035", "scene_datetime_utc": "2024-05-21T08:06:11.024000+00:00", "detection_status": "detected", "detection_status_ru": "обнаружено", "lon": 41.15585, "lat": 41.90035, "n_pixels": 2, "zone_area_km2": 0.0008, "cover_m2": 15.3, "p_mean": 0.969, "p_max": 0.976, "cover_m2_km2": 19125.0, "h3": "882c2569c1fffff", "valid_frac_scene": 0.658, "wind_ms": 3.1, "sea": "спокойное", "scene_reliable": true, "field_event_id": "S4:DOORS3:T18", "field_profile": "B", "field_date": "2024-06-05", "field_distance_km": 13.1, "field_date_gap_days": 15, "field_conc_items_km2": 348.74, "conc_A_items_km2": null, "conc_A_lo80": null, "conc_A_hi80": null, "conc_A_lo95": null, "conc_A_hi95": null, "conc_A_status": "unavailable", "conc_A_status_ru": "концентрация недоступна", "conc_A_reasons": "вне бассейна профиля: nw_atlantic_subtropical", "conc_A_model": "conc-A-c6bce5631d2b", "conc_B_items_km2": 227.0, "conc_B_lo80": 47.9, "conc_B_hi80": 764.1, "conc_B_lo95": 29.7, "conc_B_hi95": 1431.2, "conc_B_status": "research_estimate", "conc_B_status_ru": "исследовательская оценка", "conc_B_reasons": "месяц 5 вне месяцев обучения [6]", "conc_B_model": "conc-B-c6bce5631d2b"}}, {"type": "Feature", "geometry": {"type": "Polygon", "coordinates": [[[41.154337614535855, 41.90029136298617], [41.15421108778754, 41.900113615156], [41.154331561295066, 41.90011135407388], [41.15432853469537, 41.90002134961535], [41.15457250826873, 41.90010683153078], [41.15457553522009, 41.90019683597352], [41.15445506157123, 41.900199097315316], [41.154458088367456, 41.90028910176356], [41.154337614535855, 41.90029136298617]]]}, "properties": {"zone_id": "batumi-2024-05-21-008", "aoi": "batumi", "date": "2024-05-21", "scene_id": "S2A_MSIL2A_20240521T080611_R078_T37TFG_20240521T135035", "scene_datetime_utc": "2024-05-21T08:06:11.024000+00:00", "detection_status": "detected", "detection_status_ru": "обнаружено", "lon": 41.15439, "lat": 41.90016, "n_pixels": 1, "zone_area_km2": 0.0005, "cover_m2": 5.9, "p_mean": 0.835, "p_max": 0.835, "cover_m2_km2": 11800.0, "h3": "882c2569c1fffff", "valid_frac_scene": 0.658, "wind_ms": 3.1, "sea": "спокойное", "scene_reliable": true, "field_event_id": "S4:DOORS3:T18", "field_profile": "B", "field_date": "2024-06-05", "field_distance_km": 13.0, "field_date_gap_days": 15, "field_conc_items_km2": 348.74, "conc_A_items_km2": null, "conc_A_lo80": null, "conc_A_hi80": null, "conc_A_lo95": null, "conc_A_hi95": null, "conc_A_status": "unavailable", "conc_A_status_ru": "концентрация недоступна", "conc_A_reasons": "вне бассейна профиля: nw_atlantic_subtropical", "conc_A_model": "conc-A-c6bce5631d2b", "conc_B_items_km2": 227.0, "conc_B_lo80": 47.9, "conc_B_hi80": 764.1, "conc_B_lo95": 29.7, "conc_B_hi95": 1431.2, "conc_B_status": "research_estimate", "conc_B_status_ru": "исследовательская оценка", "conc_B_reasons": "месяц 5 вне месяцев обучения [6]", "conc_B_model": "conc-B-c6bce5631d2b"}}, {"type": "Feature", "geometry": {"type": "Polygon", "coordinates": [[[41.155057429677534, 41.90018778934344], [41.15493090118136, 41.90001004234591], [41.15505137443715, 41.900007780513164], [41.15504834683767, 41.89991777609564], [41.15529232090733, 41.90000325646879], [41.15529534885849, 41.90009326087053], [41.15517487546136, 41.90009552296296], [41.155177903257396, 41.9001855273702], [41.155057429677534, 41.90018778934344]]]}, "properties": {"zone_id": "batumi-2024-05-21-009", "aoi": "batumi", "date": "2024-05-21", "scene_id": "S2A_MSIL2A_20240521T080611_R078_T37TFG_20240521T135035", "scene_datetime_utc": "2024-05-21T08:06:11.024000+00:00", "detection_status": "detected", "detection_status_ru": "обнаружено", "lon": 41.15511, "lat": 41.90005, "n_pixels": 1, "zone_area_km2": 0.0005, "cover_m2": 10.6, "p_mean": 0.592, "p_max": 0.592, "cover_m2_km2": 21200.0, "h3": "882c2569c1fffff", "valid_frac_scene": 0.658, "wind_ms": 3.1, "sea": "спокойное", "scene_reliable": true, "field_event_id": "S4:DOORS3:T18", "field_profile": "B", "field_date": "2024-06-05", "field_distance_km": 13.0, "field_date_gap_days": 15, "field_conc_items_km2": 348.74, "conc_A_items_km2": null, "conc_A_lo80": null, "conc_A_hi80": null, "conc_A_lo95": null, "conc_A_hi95": null, "conc_A_status": "unavailable", "conc_A_status_ru": "концентрация недоступна", "conc_A_reasons": "вне бассейна профиля: nw_atlantic_subtropical", "conc_A_model": "conc-A-c6bce5631d2b", "conc_B_items_km2": 227.0, "conc_B_lo80": 47.9, "conc_B_hi80": 764.1, "conc_B_lo95": 29.7, "conc_B_hi95": 1431.2, "conc_B_status": "research_estimate", "conc_B_status_ru": "исследовательская оценка", "conc_B_reasons": "месяц 5 вне месяцев обучения [6]", "conc_B_model": "conc-B-c6bce5631d2b"}}, {"type": "Feature", "geometry": {"type": "Polygon", "coordinates": [[[41.613927336721304, 41.89884959856917], [41.61379956282292, 41.89867239292128], [41.61391999331217, 41.89866964984344], [41.613916321632715, 41.89857967547805], [41.61416085424049, 41.89866416330929], [41.614164526274074, 41.89875413765579], [41.6140440956496, 41.89875688099454], [41.61404776753122, 41.89884685534796], [41.613927336721304, 41.89884959856917]]]}, "properties": {"zone_id": "batumi-2024-05-21-010", "aoi": "batumi", "date": "2024-05-21", "scene_id": "S2A_MSIL2A_20240521T080611_R078_T37TFG_20240521T135035", "scene_datetime_utc": "2024-05-21T08:06:11.024000+00:00", "detection_status": "detected", "detection_status_ru": "обнаружено", "lon": 41.61398, "lat": 41.89871, "n_pixels": 1, "zone_area_km2": 0.0005, "cover_m2": 4.3, "p_mean": 0.706, "p_max": 0.706, "cover_m2_km2": 8600.0, "h3": "882c21c093fffff", "valid_frac_scene": 0.658, "wind_ms": 3.1, "sea": "спокойное", "scene_reliable": true, "field_event_id": "S4:DOORS3:T25", "field_profile": "B", "field_date": "2024-06-11", "field_distance_km": 16.3, "field_date_gap_days": 21, "field_conc_items_km2": 976.01, "conc_A_items_km2": null, "conc_A_lo80": null, "conc_A_hi80": null, "conc_A_lo95": null, "conc_A_hi95": null, "conc_A_status": "unavailable", "conc_A_status_ru": "концентрация недоступна", "conc_A_reasons": "вне бассейна профиля: nw_atlantic_subtropical", "conc_A_model": "conc-A-c6bce5631d2b", "conc_B_items_km2": 345.5, "conc_B_lo80": 73.4, "conc_B_hi80": 1161.7, "conc_B_lo95": 45.6, "conc_B_hi95": 2175.6, "conc_B_status": "research_estimate", "conc_B_status_ru": "исследовательская оценка", "conc_B_reasons": "месяц 5 вне месяцев обучения [6]", "conc_B_model": "conc-B-c6bce5631d2b"}}, {"type": "Feature", "geometry": {"type": "Polygon", "coordinates": [[[41.61195641442557, 41.897813778844395], [41.611828648083446, 41.89763657075921], [41.61194907681604, 41.89763382980304], [41.61194540803636, 41.897543855279835], [41.61218993423108, 41.897628347512246], [41.61219360336485, 41.897718322016544], [41.612073174497006, 41.89772106323363], [41.612076843478825, 41.897811037744866], [41.61195641442557, 41.897813778844395]]]}, "properties": {"zone_id": "batumi-2024-05-21-011", "aoi": "batumi", "date": "2024-05-21", "scene_id": "S2A_MSIL2A_20240521T080611_R078_T37TFG_20240521T135035", "scene_datetime_utc": "2024-05-21T08:06:11.024000+00:00", "detection_status": "detected", "detection_status_ru": "обнаружено", "lon": 41.61201, "lat": 41.89768, "n_pixels": 1, "zone_area_km2": 0.0005, "cover_m2": 6.3, "p_mean": 0.553, "p_max": 0.553, "cover_m2_km2": 12600.0, "h3": "882c21c093fffff", "valid_frac_scene": 0.658, "wind_ms": 3.1, "sea": "спокойное", "scene_reliable": true, "field_event_id": "S4:DOORS3:T25", "field_profile": "B", "field_date": "2024-06-11", "field_distance_km": 16.4, "field_date_gap_days": 21, "field_conc_items_km2": 976.01, "conc_A_items_km2": null, "conc_A_lo80": null, "conc_A_hi80": null, "conc_A_lo95": null, "conc_A_hi95": null, "conc_A_status": "unavailable", "conc_A_status_ru": "концентрация недоступна", "conc_A_reasons": "вне бассейна профиля: nw_atlantic_subtropical", "conc_A_model": "conc-A-c6bce5631d2b", "conc_B_items_km2": 345.5, "conc_B_lo80": 73.4, "conc_B_hi80": 1161.7, "conc_B_lo95": 45.6, "conc_B_hi95": 2175.6, "conc_B_status": "research_estimate", "conc_B_status_ru": "исследовательская оценка", "conc_B_reasons": "месяц 5 вне месяцев обучения [6]", "conc_B_model": "conc-B-c6bce5631d2b"}}, {"type": "Feature", "geometry": {"type": "Polygon", "coordinates": [[[41.15749038121908, 41.89726012410936], [41.15736385220756, 41.897082379732765], [41.157484319767924, 41.89708011547543], [41.157481289063085, 41.89699011115608], [41.15772525484723, 41.89707558658196], [41.1577282859037, 41.8971655908855], [41.15760781820205, 41.89716785540248], [41.15761084910345, 41.897257859711544], [41.15749038121908, 41.89726012410936]]]}, "properties": {"zone_id": "batumi-2024-05-21-012", "aoi": "batumi", "date": "2024-05-21", "scene_id": "S2A_MSIL2A_20240521T080611_R078_T37TFG_20240521T135035", "scene_datetime_utc": "2024-05-21T08:06:11.024000+00:00", "detection_status": "detected", "detection_status_ru": "обнаружено", "lon": 41.15755, "lat": 41.89712, "n_pixels": 1, "zone_area_km2": 0.0005, "cover_m2": 4.7, "p_mean": 0.753, "p_max": 0.753, "cover_m2_km2": 9400.0, "h3": "882c2569c1fffff", "valid_frac_scene": 0.658, "wind_ms": 3.1, "sea": "спокойное", "scene_reliable": true, "field_event_id": "S4:DOORS3:T18", "field_profile": "B", "field_date": "2024-06-05", "field_distance_km": 12.9, "field_date_gap_days": 15, "field_conc_items_km2": 348.74, "conc_A_items_km2": null, "conc_A_lo80": null, "conc_A_hi80": null, "conc_A_lo95": null, "conc_A_hi95": null, "conc_A_status": "unavailable", "conc_A_status_ru": "концентрация недоступна", "conc_A_reasons": "вне бассейна профиля: nw_atlantic_subtropical", "conc_A_model": "conc-A-c6bce5631d2b", "conc_B_items_km2": 227.0, "conc_B_lo80": 47.9, "conc_B_hi80": 764.1, "conc_B_lo95": 29.7, "conc_B_hi95": 1431.2, "conc_B_status": "research_estimate", "conc_B_status_ru": "исследовательская оценка", "conc_B_reasons": "месяц 5 вне месяцев обучения [6]", "conc_B_model": "conc-B-c6bce5631d2b"}}, {"type": "Feature", "geometry": {"type": "Polygon", "coordinates": [[[41.15809272050274, 41.89724880085752], [41.15808968892572, 41.897158796576896], [41.15784572236614, 41.897073321945804], [41.15784269115458, 41.89698331764779], [41.15796315849077, 41.896981052892464], [41.15796012712412, 41.89689104859995], [41.1582040931217, 41.89697652300301], [41.158207124839976, 41.897066527279705], [41.158327592303614, 41.897064262138464], [41.15833062420462, 41.897154266406446], [41.15821015657208, 41.897156531554806], [41.15821318831801, 41.897246535828316], [41.15809272050274, 41.89724880085752]]]}, "properties": {"zone_id": "batumi-2024-05-21-013", "aoi": "batumi", "date": "2024-05-21", "scene_id": "S2A_MSIL2A_20240521T080611_R078_T37TFG_20240521T135035", "scene_datetime_utc": "2024-05-21T08:06:11.024000+00:00", "detection_status": "detected", "detection_status_ru": "обнаружено", "lon": 41.15809, "lat": 41.89707, "n_pixels": 2, "zone_area_km2": 0.0008, "cover_m2": 9.0, "p_mean": 0.908, "p_max": 0.925, "cover_m2_km2": 11250.0, "h3": "882c2569c1fffff", "valid_frac_scene": 0.658, "wind_ms": 3.1, "sea": "спокойное", "scene_reliable": true, "field_event_id": "S4:DOORS3:T18", "field_profile": "B", "field_date": "2024-06-05", "field_distance_km": 12.9, "field_date_gap_days": 15, "field_conc_items_km2": 348.74, "conc_A_items_km2": null, "conc_A_lo80": null, "conc_A_hi80": null, "conc_A_lo95": null, "conc_A_hi95": null, "conc_A_status": "unavailable", "conc_A_status_ru": "концентрация недоступна", "conc_A_reasons": "вне бассейна профиля: nw_atlantic_subtropical", "conc_A_model": "conc-A-c6bce5631d2b", "conc_B_items_km2": 227.0, "conc_B_lo80": 47.9, "conc_B_hi80": 764.1, "conc_B_lo95": 29.7, "conc_B_hi95": 1431.2, "conc_B_status": "research_estimate", "conc_B_status_ru": "исследовательская оценка", "conc_B_reasons": "месяц 5 вне месяцев обучения [6]", "conc_B_model": "conc-B-c6bce5631d2b"}}, {"type": "Feature", "geometry": {"type": "Polygon", "coordinates": [[[41.15724035426633, 41.896994639530234], [41.15723732391311, 41.89690463519507], [41.15711685666291, 41.89690689918564], [41.15711079633572, 41.8967268904963], [41.157348699666, 41.89663235808449], [41.15735173014668, 41.896722362417336], [41.15747219703144, 41.89672009818844], [41.157478258372045, 41.89690010683512], [41.15724035426633, 41.896994639530234]]]}, "properties": {"zone_id": "batumi-2024-05-21-014", "aoi": "batumi", "date": "2024-05-21", "scene_id": "S2A_MSIL2A_20240521T080611_R078_T37TFG_20240521T135035", "scene_datetime_utc": "2024-05-21T08:06:11.024000+00:00", "detection_status": "detected", "detection_status_ru": "обнаружено", "lon": 41.15729, "lat": 41.89681, "n_pixels": 2, "zone_area_km2": 0.0008, "cover_m2": 26.7, "p_mean": 0.594, "p_max": 0.671, "cover_m2_km2": 33375.0, "h3": "882c2569c1fffff", "valid_frac_scene": 0.658, "wind_ms": 3.1, "sea": "спокойное", "scene_reliable": true, "field_event_id": "S4:DOORS3:T18", "field_profile": "B", "field_date": "2024-06-05", "field_distance_km": 12.8, "field_date_gap_days": 15, "field_conc_items_km2": 348.74, "conc_A_items_km2": null, "conc_A_lo80": null, "conc_A_hi80": null, "conc_A_lo95": null, "conc_A_hi95": null, "conc_A_status": "unavailable", "conc_A_status_ru": "концентрация недоступна", "conc_A_reasons": "вне бассейна профиля: nw_atlantic_subtropical", "conc_A_model": "conc-A-c6bce5631d2b", "conc_B_items_km2": 227.0, "conc_B_lo80": 47.9, "conc_B_hi80": 764.1, "conc_B_lo95": 29.7, "conc_B_hi95": 1431.2, "conc_B_status": "research_estimate", "conc_B_status_ru": "исследовательская оценка", "conc_B_reasons": "месяц 5 вне месяцев обучения [6]", "conc_B_model": "conc-B-c6bce5631d2b"}}, {"type": "Feature", "geometry": {"type": "Polygon", "coordinates": [[[41.15492725417613, 41.89631759808723], [41.15480073413029, 41.8961398506473], [41.15492120012271, 41.896137589119846], [41.154918173116705, 41.89604758463378], [41.15516213206616, 41.896133065686136], [41.15516515942377, 41.89622307015643], [41.155044693290044, 41.89622533194352], [41.155047720492554, 41.896315336419306], [41.15492725417613, 41.89631759808723]]]}, "properties": {"zone_id": "batumi-2024-05-21-015", "aoi": "batumi", "date": "2024-05-21", "scene_id": "S2A_MSIL2A_20240521T080611_R078_T37TFG_20240521T135035", "scene_datetime_utc": "2024-05-21T08:06:11.024000+00:00", "detection_status": "detected", "detection_status_ru": "обнаружено", "lon": 41.15498, "lat": 41.89618, "n_pixels": 1, "zone_area_km2": 0.0005, "cover_m2": 4.7, "p_mean": 0.776, "p_max": 0.776, "cover_m2_km2": 9400.0, "h3": "882c2569c5fffff", "valid_frac_scene": 0.658, "wind_ms": 3.1, "sea": "спокойное", "scene_reliable": true, "field_event_id": "S4:DOORS3:T18", "field_profile": "B", "field_date": "2024-06-05", "field_distance_km": 12.7, "field_date_gap_days": 15, "field_conc_items_km2": 348.74, "conc_A_items_km2": null, "conc_A_lo80": null, "conc_A_hi80": null, "conc_A_lo95": null, "conc_A_hi95": null, "conc_A_status": "unavailable", "conc_A_status_ru": "концентрация недоступна", "conc_A_reasons": "вне бассейна профиля: nw_atlantic_subtropical", "conc_A_model": "conc-A-c6bce5631d2b", "conc_B_items_km2": 227.0, "conc_B_lo80": 47.9, "conc_B_hi80": 764.1, "conc_B_lo95": 29.7, "conc_B_hi95": 1431.2, "conc_B_status": "research_estimate", "conc_B_status_ru": "исследовательская оценка", "conc_B_reasons": "месяц 5 вне месяцев обучения [6]", "conc_B_model": "conc-B-c6bce5631d2b"}}, {"type": "Feature", "geometry": {"type": "Polygon", "coordinates": [[[41.61835290641564, 41.89505633068303], [41.6182251286231, 41.89487912999254], [41.61834555156021, 41.89487638247451], [41.618341874157636, 41.894786408367736], [41.618586397384135, 41.894870887060044], [41.61859007514079, 41.8949608611479], [41.61846965206855, 41.894963608926815], [41.6184733296733, 41.89505358302162], [41.61835290641564, 41.89505633068303]]]}, "properties": {"zone_id": "batumi-2024-05-21-016", "aoi": "batumi", "date": "2024-05-21", "scene_id": "S2A_MSIL2A_20240521T080611_R078_T37TFG_20240521T135035", "scene_datetime_utc": "2024-05-21T08:06:11.024000+00:00", "detection_status": "detected", "detection_status_ru": "обнаружено", "lon": 41.61841, "lat": 41.89492, "n_pixels": 1, "zone_area_km2": 0.0005, "cover_m2": 3.5, "p_mean": 0.871, "p_max": 0.871, "cover_m2_km2": 7000.0, "h3": "882c21c093fffff", "valid_frac_scene": 0.658, "wind_ms": 3.1, "sea": "спокойное", "scene_reliable": true, "field_event_id": "S4:DOORS3:T25", "field_profile": "B", "field_date": "2024-06-11", "field_distance_km": 16.5, "field_date_gap_days": 21, "field_conc_items_km2": 976.01, "conc_A_items_km2": null, "conc_A_lo80": null, "conc_A_hi80": null, "conc_A_lo95": null, "conc_A_hi95": null, "conc_A_status": "unavailable", "conc_A_status_ru": "концентрация недоступна", "conc_A_reasons": "вне бассейна профиля: nw_atlantic_subtropical", "conc_A_model": "conc-A-c6bce5631d2b", "conc_B_items_km2": 357.4, "conc_B_lo80": 76.0, "conc_B_hi80": 1201.9, "conc_B_lo95": 47.2, "conc_B_hi95": 2250.8, "conc_B_status": "research_estimate", "conc_B_status_ru": "исследовательская оценка", "conc_B_reasons": "месяц 5 вне месяцев обучения [6]", "conc_B_model": "conc-B-c6bce5631d2b"}}, {"type": "Feature", "geometry": {"type": "Polygon", "coordinates": [[[41.09083435343043, 41.893720361678554], [41.09070801377661, 41.893542539332095], [41.09082847989376, 41.89354034514974], [41.0908255431455, 41.89345033688294], [41.09106941208787, 41.89353595640618], [41.09107234918733, 41.89362596465761], [41.09095188292806, 41.893628159099414], [41.090954819871996, 41.89371816735614], [41.09083435343043, 41.893720361678554]]]}, "properties": {"zone_id": "batumi-2024-05-21-017", "aoi": "batumi", "date": "2024-05-21", "scene_id": "S2A_MSIL2A_20240521T080611_R078_T37TFG_20240521T135035", "scene_datetime_utc": "2024-05-21T08:06:11.024000+00:00", "detection_status": "detected", "detection_status_ru": "обнаружено", "lon": 41.09089, "lat": 41.89358, "n_pixels": 1, "zone_area_km2": 0.0005, "cover_m2": 5.5, "p_mean": 0.647, "p_max": 0.647, "cover_m2_km2": 11000.0, "h3": "882c256b37fffff", "valid_frac_scene": 0.658, "wind_ms": 3.1, "sea": "спокойное", "scene_reliable": true, "field_event_id": "S4:DOORS3:T18", "field_profile": "B", "field_date": "2024-06-05", "field_distance_km": 10.3, "field_date_gap_days": 15, "field_conc_items_km2": 348.74, "conc_A_items_km2": null, "conc_A_lo80": null, "conc_A_hi80": null, "conc_A_lo95": null, "conc_A_hi95": null, "conc_A_status": "unavailable", "conc_A_status_ru": "концентрация недоступна", "conc_A_reasons": "вне бассейна профиля: nw_atlantic_subtropical", "conc_A_model": "conc-A-c6bce5631d2b", "conc_B_items_km2": 220.3, "conc_B_lo80": 46.5, "conc_B_hi80": 741.6, "conc_B_lo95": 28.8, "conc_B_hi95": 1389.2, "conc_B_status": "research_estimate", "conc_B_status_ru": "исследовательская оценка", "conc_B_reasons": "месяц 5 вне месяцев обучения [6]", "conc_B_model": "conc-B-c6bce5631d2b"}}, {"type": "Feature", "geometry": {"type": "Polygon", "coordinates": [[[41.08768169484893, 41.89314731060664], [41.0875553649999, 41.892969484548736], [41.087675830282556, 41.8929672936977], [41.08767289801943, 41.892877285240864], [41.08791676080777, 41.892962911616834], [41.08791969342208, 41.89305292005835], [41.08779922799725, 41.8930551111688], [41.08780216045603, 41.893145119615596], [41.08768169484893, 41.89314731060664]]]}, "properties": {"zone_id": "batumi-2024-05-21-018", "aoi": "batumi", "date": "2024-05-21", "scene_id": "S2A_MSIL2A_20240521T080611_R078_T37TFG_20240521T135035", "scene_datetime_utc": "2024-05-21T08:06:11.024000+00:00", "detection_status": "detected", "detection_status_ru": "обнаружено", "lon": 41.08774, "lat": 41.89301, "n_pixels": 1, "zone_area_km2": 0.0005, "cover_m2": 11.0, "p_mean": 0.918, "p_max": 0.918, "cover_m2_km2": 22000.0, "h3": "882c256b37fffff", "valid_frac_scene": 0.658, "wind_ms": 3.1, "sea": "спокойное", "scene_reliable": true, "field_event_id": "S4:DOORS3:T18", "field_profile": "B", "field_date": "2024-06-05", "field_distance_km": 10.2, "field_date_gap_days": 15, "field_conc_items_km2": 348.74, "conc_A_items_km2": null, "conc_A_lo80": null, "conc_A_hi80": null, "conc_A_lo95": null, "conc_A_hi95": null, "conc_A_status": "unavailable", "conc_A_status_ru": "концентрация недоступна", "conc_A_reasons": "вне бассейна профиля: nw_atlantic_subtropical", "conc_A_model": "conc-A-c6bce5631d2b", "conc_B_items_km2": 220.3, "conc_B_lo80": 46.5, "conc_B_hi80": 741.6, "conc_B_lo95": 28.8, "conc_B_hi95": 1389.2, "conc_B_status": "research_estimate", "conc_B_status_ru": "исследовательская оценка", "conc_B_reasons": "месяц 5 вне месяцев обучения [6]", "conc_B_model": "conc-B-c6bce5631d2b"}}, {"type": "Feature", "geometry": {"type": "Polygon", "coordinates": [[[40.967392996820415, 41.88554519420937], [40.967390234152454, 41.88545517893228], [40.967269774011754, 41.88545724330116], [40.9672642490514, 41.88527721272931], [40.967502405845615, 41.88518306861592], [40.967505168644664, 41.88527308389122], [40.96762562842241, 41.885271019282776], [40.96763115439608, 41.885451049815735], [40.967392996820415, 41.88554519420937]]]}, "properties": {"zone_id": "batumi-2024-05-21-019", "aoi": "batumi", "date": "2024-05-21", "scene_id": "S2A_MSIL2A_20240521T080611_R078_T37TFG_20240521T135035", "scene_datetime_utc": "2024-05-21T08:06:11.024000+00:00", "detection_status": "detected", "detection_status_ru": "обнаружено", "lon": 40.96745, "lat": 41.88536, "n_pixels": 2, "zone_area_km2": 0.0008, "cover_m2": 21.2, "p_mean": 0.633, "p_max": 0.725, "cover_m2_km2": 26500.0, "h3": "882c20b6c3fffff", "valid_frac_scene": 0.658, "wind_ms": 3.1, "sea": "спокойное", "scene_reliable": true, "field_event_id": "S4:DOORS3:T18", "field_profile": "B", "field_date": "2024-06-05", "field_distance_km": 12.5, "field_date_gap_days": 15, "field_conc_items_km2": 348.74, "conc_A_items_km2": null, "conc_A_lo80": null, "conc_A_hi80": null, "conc_A_lo95": null, "conc_A_hi95": null, "conc_A_status": "unavailable", "conc_A_status_ru": "концентрация недоступна", "conc_A_reasons": "вне бассейна профиля: nw_atlantic_subtropical", "conc_A_model": "conc-A-c6bce5631d2b", "conc_B_items_km2": 210.8, "conc_B_lo80": 44.5, "conc_B_hi80": 709.6, "conc_B_lo95": 27.5, "conc_B_hi95": 1329.3, "conc_B_status": "research_estimate", "conc_B_status_ru": "исследовательская оценка", "conc_B_reasons": "месяц 5 вне месяцев обучения [6]", "conc_B_model": "conc-B-c6bce5631d2b"}}, {"type": "Feature", "geometry": {"type": "Polygon", "coordinates": [[[41.03004847204167, 41.881212057670204], [41.03004562186016, 41.881122045767285], [41.02992517446407, 41.881124175677094], [41.02991947447767, 41.88094415185314], [41.030157518270215, 41.880849880033075], [41.03016036858157, 41.88093989193404], [41.03028081561403, 41.880937761785134], [41.030286516613366, 41.88111778556896], [41.03004847204167, 41.881212057670204]]]}, "properties": {"zone_id": "batumi-2024-05-21-020", "aoi": "batumi", "date": "2024-05-21", "scene_id": "S2A_MSIL2A_20240521T080611_R078_T37TFG_20240521T135035", "scene_datetime_utc": "2024-05-21T08:06:11.024000+00:00", "detection_status": "detected", "detection_status_ru": "обнаружено", "lon": 41.0301, "lat": 41.88103, "n_pixels": 2, "zone_area_km2": 0.0008, "cover_m2": 12.9, "p_mean": 0.765, "p_max": 0.914, "cover_m2_km2": 16125.0, "h3": "882c256b65fffff", "valid_frac_scene": 0.658, "wind_ms": 3.1, "sea": "спокойное", "scene_reliable": true, "field_event_id": "S4:DOORS3:T18", "field_profile": "B", "field_date": "2024-06-05", "field_distance_km": 9.3, "field_date_gap_days": 15, "field_conc_items_km2": 348.74, "conc_A_items_km2": null, "conc_A_lo80": null, "conc_A_hi80": null, "conc_A_lo95": null, "conc_A_hi95": null, "conc_A_status": "unavailable", "conc_A_status_ru": "концентрация недоступна", "conc_A_reasons": "вне бассейна профиля: nw_atlantic_subtropical", "conc_A_model": "conc-A-c6bce5631d2b", "conc_B_items_km2": 215.4, "conc_B_lo80": 45.5, "conc_B_hi80": 725.1, "conc_B_lo95": 28.1, "conc_B_hi95": 1358.2, "conc_B_status": "research_estimate", "conc_B_status_ru": "исследовательская оценка", "conc_B_reasons": "месяц 5 вне месяцев обучения [6]", "conc_B_model": "conc-B-c6bce5631d2b"}}, {"type": "Feature", "geometry": {"type": "Polygon", "coordinates": [[[41.03001216961996, 41.87625927099686], [41.03000931998421, 41.87616925901404], [41.02988888188529, 41.87617138868228], [41.02988033356233, 41.87590135270433], [41.03000077115492, 41.87589922305615], [41.02999792157112, 41.87580921106704], [41.030238796379756, 41.87580495140542], [41.03024164630109, 41.87589496338114], [41.0303620838547, 41.87589283335432], [41.03037063420303, 41.87616286925203], [41.03025019614308, 41.876164999298915], [41.03025304611639, 41.876255011268356], [41.03001216961996, 41.87625927099686]]]}, "properties": {"zone_id": "batumi-2024-05-21-021", "aoi": "batumi", "date": "2024-05-21", "scene_id": "S2A_MSIL2A_20240521T080611_R078_T37TFG_20240521T135035", "scene_datetime_utc": "2024-05-21T08:06:11.024000+00:00", "detection_status": "detected", "detection_status_ru": "обнаружено", "lon": 41.03013, "lat": 41.87603, "n_pixels": 6, "zone_area_km2": 0.0016, "cover_m2": 52.5, "p_mean": 0.889, "p_max": 0.992, "cover_m2_km2": 32812.5, "h3": "882c256b65fffff", "valid_frac_scene": 0.658, "wind_ms": 3.1, "sea": "спокойное", "scene_reliable": true, "field_event_id": "S4:DOORS3:T18", "field_profile": "B", "field_date": "2024-06-05", "field_distance_km": 8.8, "field_date_gap_days": 15, "field_conc_items_km2": 348.74, "conc_A_items_km2": null, "conc_A_lo80": null, "conc_A_hi80": null, "conc_A_lo95": null, "conc_A_hi95": null, "conc_A_status": "unavailable", "conc_A_status_ru": "концентрация недоступна", "conc_A_reasons": "вне бассейна профиля: nw_atlantic_subtropical", "conc_A_model": "conc-A-c6bce5631d2b", "conc_B_items_km2": 215.4, "conc_B_lo80": 45.5, "conc_B_hi80": 725.1, "conc_B_lo95": 28.1, "conc_B_hi95": 1358.2, "conc_B_status": "research_estimate", "conc_B_status_ru": "исследовательская оценка", "conc_B_reasons": "месяц 5 вне месяцев обучения [6]", "conc_B_model": "conc-B-c6bce5631d2b"}}, {"type": "Feature", "geometry": {"type": "Polygon", "coordinates": [[[41.015525533238446, 41.87543377731125], [41.01552270401187, 41.87534376450999], [41.01540226638508, 41.87534587895255], [41.01539943734018, 41.87525586614307], [41.015519874798194, 41.87525375170715], [41.015517045597406, 41.87516373890275], [41.01575792013717, 41.87515950966554], [41.01576074967551, 41.875249522456656], [41.01588118709482, 41.875247407642085], [41.01588401681484, 41.875337420425], [41.01576357922675, 41.87533953524621], [41.01576640879089, 41.875429548034205], [41.015525533238446, 41.87543377731125]]]}, "properties": {"zone_id": "batumi-2024-05-21-022", "aoi": "batumi", "date": "2024-05-21", "scene_id": "S2A_MSIL2A_20240521T080611_R078_T37TFG_20240521T135035", "scene_datetime_utc": "2024-05-21T08:06:11.024000+00:00", "detection_status": "detected", "detection_status_ru": "обнаружено", "lon": 41.01564, "lat": 41.8753, "n_pixels": 2, "zone_area_km2": 0.0008, "cover_m2": 24.3, "p_mean": 0.925, "p_max": 0.984, "cover_m2_km2": 30375.0, "h3": "882c20b6bbfffff", "valid_frac_scene": 0.658, "wind_ms": 3.1, "sea": "спокойное", "scene_reliable": true, "field_event_id": "S4:DOORS3:T18", "field_profile": "B", "field_date": "2024-06-05", "field_distance_km": 9.3, "field_date_gap_days": 15, "field_conc_items_km2": 348.74, "conc_A_items_km2": null, "conc_A_lo80": null, "conc_A_hi80": null, "conc_A_lo95": null, "conc_A_hi95": null, "conc_A_status": "unavailable", "conc_A_status_ru": "концентрация недоступна", "conc_A_reasons": "вне бассейна профиля: nw_atlantic_subtropical", "conc_A_model": "conc-A-c6bce5631d2b", "conc_B_items_km2": 216.7, "conc_B_lo80": 45.7, "conc_B_hi80": 729.5, "conc_B_lo95": 28.3, "conc_B_hi95": 1366.5, "conc_B_status": "research_estimate", "conc_B_status_ru": "исследовательская оценка", "conc_B_reasons": "месяц 5 вне месяцев обучения [6]", "conc_B_model": "conc-B-c6bce5631d2b"}}, {"type": "Feature", "geometry": {"type": "Polygon", "coordinates": [[[41.090708452264614, 41.87507984499868], [41.09070551758466, 41.87498983643478], [41.09058508629912, 41.874992029703286], [41.09057921731682, 41.87481201255696], [41.090817144390975, 41.87471761735956], [41.090820079199545, 41.874807625921314], [41.090940510120845, 41.874805432414206], [41.09094638011561, 41.87498544951921], [41.090708452264614, 41.87507984499868]]]}, "properties": {"zone_id": "batumi-2024-05-21-023", "aoi": "batumi", "date": "2024-05-21", "scene_id": "S2A_MSIL2A_20240521T080611_R078_T37TFG_20240521T135035", "scene_datetime_utc": "2024-05-21T08:06:11.024000+00:00", "detection_status": "detected", "detection_status_ru": "обнаружено", "lon": 41.09076, "lat": 41.8749, "n_pixels": 2, "zone_area_km2": 0.0008, "cover_m2": 19.2, "p_mean": 0.796, "p_max": 0.933, "cover_m2_km2": 24000.0, "h3": "882c256941fffff", "valid_frac_scene": 0.658, "wind_ms": 3.1, "sea": "спокойное", "scene_reliable": true, "field_event_id": "S4:DOORS3:T18", "field_profile": "B", "field_date": "2024-06-05", "field_distance_km": 8.3, "field_date_gap_days": 15, "field_conc_items_km2": 348.74, "conc_A_items_km2": null, "conc_A_lo80": null, "conc_A_hi80": null, "conc_A_lo95": null, "conc_A_hi95": null, "conc_A_status": "unavailable", "conc_A_status_ru": "концентрация недоступна", "conc_A_reasons": "вне бассейна профиля: nw_atlantic_subtropical", "conc_A_model": "conc-A-c6bce5631d2b", "conc_B_items_km2": 223.6, "conc_B_lo80": 47.2, "conc_B_hi80": 752.6, "conc_B_lo95": 29.2, "conc_B_hi95": 1409.7, "conc_B_status": "research_estimate", "conc_B_status_ru": "исследовательская оценка", "conc_B_reasons": "месяц 5 вне месяцев обучения [6]", "conc_B_model": "conc-B-c6bce5631d2b"}}, {"type": "Feature", "geometry": {"type": "Polygon", "coordinates": [[[41.07875357654002, 41.874306265316854], [41.07875065871264, 41.87421625605573], [41.078630227962755, 41.87421843675548], [41.078624392685384, 41.87403841821482], [41.07886233554066, 41.87394404745752], [41.07886525349688, 41.87403405671652], [41.07898568388268, 41.87403187577809], [41.078991520172515, 41.87421189427766], [41.07875357654002, 41.874306265316854]]]}, "properties": {"zone_id": "batumi-2024-05-21-024", "aoi": "batumi", "date": "2024-05-21", "scene_id": "S2A_MSIL2A_20240521T080611_R078_T37TFG_20240521T135035", "scene_datetime_utc": "2024-05-21T08:06:11.024000+00:00", "detection_status": "detected", "detection_status_ru": "обнаружено", "lon": 41.07881, "lat": 41.87413, "n_pixels": 2, "zone_area_km2": 0.0008, "cover_m2": 16.1, "p_mean": 0.784, "p_max": 0.82, "cover_m2_km2": 20125.0, "h3": "882c25694dfffff", "valid_frac_scene": 0.658, "wind_ms": 3.1, "sea": "спокойное", "scene_reliable": true, "field_event_id": "S4:DOORS3:T18", "field_profile": "B", "field_date": "2024-06-05", "field_distance_km": 8.0, "field_date_gap_days": 15, "field_conc_items_km2": 348.74, "conc_A_items_km2": null, "conc_A_lo80": null, "conc_A_hi80": null, "conc_A_lo95": null, "conc_A_hi95": null, "conc_A_status": "unavailable", "conc_A_status_ru": "концентрация недоступна", "conc_A_reasons": "вне бассейна профиля: nw_atlantic_subtropical", "conc_A_model": "conc-A-c6bce5631d2b", "conc_B_items_km2": 221.8, "conc_B_lo80": 46.8, "conc_B_hi80": 746.6, "conc_B_lo95": 29.0, "conc_B_hi95": 1398.6, "conc_B_status": "research_estimate", "conc_B_status_ru": "исследовательская оценка", "conc_B_reasons": "месяц 5 вне месяцев обучения [6]", "conc_B_model": "conc-B-c6bce5631d2b"}}, {"type": "Feature", "geometry": {"type": "Polygon", "coordinates": [[[41.080631521756665, 41.86904864099205], [41.08050526135295, 41.86887080495837], [41.08062568192208, 41.86886862251766], [41.08062276202475, 41.86877861327809], [41.08086652302041, 41.868864257257734], [41.08086944326844, 41.868954266482014], [41.08074902255723, 41.86895644918191], [41.080751942649876, 41.86904645841147], [41.080631521756665, 41.86904864099205]]]}, "properties": {"zone_id": "batumi-2024-05-21-025", "aoi": "batumi", "date": "2024-05-21", "scene_id": "S2A_MSIL2A_20240521T080611_R078_T37TFG_20240521T135035", "scene_datetime_utc": "2024-05-21T08:06:11.024000+00:00", "detection_status": "detected", "detection_status_ru": "обнаружено", "lon": 41.08069, "lat": 41.86891, "n_pixels": 1, "zone_area_km2": 0.0005, "cover_m2": 5.9, "p_mean": 0.773, "p_max": 0.773, "cover_m2_km2": 11800.0, "h3": "882c25694dfffff", "valid_frac_scene": 0.658, "wind_ms": 3.1, "sea": "спокойное", "scene_reliable": true, "field_event_id": "S4:DOORS3:T18", "field_profile": "B", "field_date": "2024-06-05", "field_distance_km": 7.5, "field_date_gap_days": 15, "field_conc_items_km2": 348.74, "conc_A_items_km2": null, "conc_A_lo80": null, "conc_A_hi80": null, "conc_A_lo95": null, "conc_A_hi95": null, "conc_A_status": "unavailable", "conc_A_status_ru": "концентрация недоступна", "conc_A_reasons": "вне бассейна профиля: nw_atlantic_subtropical", "conc_A_model": "conc-A-c6bce5631d2b", "conc_B_items_km2": 221.8, "conc_B_lo80": 46.8, "conc_B_hi80": 746.6, "conc_B_lo95": 29.0, "conc_B_hi95": 1398.6, "conc_B_status": "research_estimate", "conc_B_status_ru": "исследовательская оценка", "conc_B_reasons": "месяц 5 вне месяцев обучения [6]", "conc_B_model": "conc-B-c6bce5631d2b"}}, {"type": "Feature", "geometry": {"type": "Polygon", "coordinates": [[[41.427567143082385, 41.863857134668784], [41.4274399491865, 41.863679704928096], [41.427560331260146, 41.863677159021044], [41.427556925372315, 41.863587171194695], [41.427801095360884, 41.86367206682876], [41.42780450160122, 41.86376205463747], [41.42768411939013, 41.86376460080462], [41.4276875254775, 41.86385458861969], [41.427567143082385, 41.863857134668784]]]}, "properties": {"zone_id": "batumi-2024-05-21-026", "aoi": "batumi", "date": "2024-05-21", "scene_id": "S2A_MSIL2A_20240521T080611_R078_T37TFG_20240521T135035", "scene_datetime_utc": "2024-05-21T08:06:11.024000+00:00", "detection_status": "detected", "detection_status_ru": "обнаружено", "lon": 41.42762, "lat": 41.86372, "n_pixels": 1, "zone_area_km2": 0.0005, "cover_m2": 5.9, "p_mean": 0.749, "p_max": 0.749, "cover_m2_km2": 11800.0, "h3": "882c21c26dfffff", "valid_frac_scene": 0.658, "wind_ms": 3.1, "sea": "спокойное", "scene_reliable": true, "field_event_id": "S4:DOORS3:T19", "field_profile": "B", "field_date": "2024-06-05", "field_distance_km": 17.9, "field_date_gap_days": 15, "field_conc_items_km2": 544.69, "conc_A_items_km2": null, "conc_A_lo80": null, "conc_A_hi80": null, "conc_A_lo95": null, "conc_A_hi95": null, "conc_A_status": "unavailable", "conc_A_status_ru": "концентрация недоступна", "conc_A_reasons": "вне бассейна профиля: nw_atlantic_subtropical", "conc_A_model": "conc-A-c6bce5631d2b", "conc_B_items_km2": 268.0, "conc_B_lo80": 56.8, "conc_B_hi80": 901.8, "conc_B_lo95": 35.2, "conc_B_hi95": 1689.1, "conc_B_status": "research_estimate", "conc_B_status_ru": "исследовательская оценка", "conc_B_reasons": "месяц 5 вне месяцев обучения [6]", "conc_B_model": "conc-B-c6bce5631d2b"}}, {"type": "Feature", "geometry": {"type": "Polygon", "coordinates": [[[41.5809133414423, 41.86330326930924], [41.580785732831494, 41.86312602135188], [41.580906099747544, 41.863123314753075], [41.58090247892491, 41.86303333747248], [41.581146833530156, 41.86311790117744], [41.5811504547061, 41.86320787843936], [41.58103008765463, 41.86321058529869], [41.58103370867867, 41.86330056256743], [41.5809133414423, 41.86330326930924]]]}, "properties": {"zone_id": "batumi-2024-05-21-027", "aoi": "batumi", "date": "2024-05-21", "scene_id": "S2A_MSIL2A_20240521T080611_R078_T37TFG_20240521T135035", "scene_datetime_utc": "2024-05-21T08:06:11.024000+00:00", "detection_status": "detected", "detection_status_ru": "обнаружено", "lon": 41.58097, "lat": 41.86317, "n_pixels": 1, "zone_area_km2": 0.0005, "cover_m2": 4.3, "p_mean": 0.651, "p_max": 0.651, "cover_m2_km2": 8600.0, "h3": "882c21c0e3fffff", "valid_frac_scene": 0.658, "wind_ms": 3.1, "sea": "спокойное", "scene_reliable": true, "field_event_id": "S4:DOORS3:T20", "field_profile": "B", "field_date": "2024-06-07", "field_distance_km": 16.2, "field_date_gap_days": 17, "field_conc_items_km2": 224.92, "conc_A_items_km2": null, "conc_A_lo80": null, "conc_A_hi80": null, "conc_A_lo95": null, "conc_A_hi95": null, "conc_A_status": "unavailable", "conc_A_status_ru": "концентрация недоступна", "conc_A_reasons": "вне бассейна профиля: nw_atlantic_subtropical", "conc_A_model": "conc-A-c6bce5631d2b", "conc_B_items_km2": 320.3, "conc_B_lo80": 68.0, "conc_B_hi80": 1077.3, "conc_B_lo95": 42.2, "conc_B_hi95": 2017.6, "conc_B_status": "research_estimate", "conc_B_status_ru": "исследовательская оценка", "conc_B_reasons": "месяц 5 вне месяцев обучения [6]", "conc_B_model": "conc-B-c6bce5631d2b"}}, {"type": "Feature", "geometry": {"type": "Polygon", "coordinates": [[[41.58024634729226, 41.86169720911762], [41.58011874390811, 41.861519960232286], [41.58023910787538, 41.86151725441638], [41.58023548819169, 41.86142727706326], [41.58047983576047, 41.861511842406586], [41.58048345579745, 41.861601819741054], [41.580363091694764, 41.86160452581745], [41.58036671157984, 41.861694503158745], [41.58024634729226, 41.86169720911762]]]}, "properties": {"zone_id": "batumi-2024-05-21-028", "aoi": "batumi", "date": "2024-05-21", "scene_id": "S2A_MSIL2A_20240521T080611_R078_T37TFG_20240521T135035", "scene_datetime_utc": "2024-05-21T08:06:11.024000+00:00", "detection_status": "detected", "detection_status_ru": "обнаружено", "lon": 41.5803, "lat": 41.86156, "n_pixels": 1, "zone_area_km2": 0.0005, "cover_m2": 4.7, "p_mean": 0.894, "p_max": 0.894, "cover_m2_km2": 9400.0, "h3": "882c21c0e3fffff", "valid_frac_scene": 0.658, "wind_ms": 3.1, "sea": "спокойное", "scene_reliable": true, "field_event_id": "S4:DOORS3:T20", "field_profile": "B", "field_date": "2024-06-07", "field_distance_km": 16.1, "field_date_gap_days": 17, "field_conc_items_km2": 224.92, "conc_A_items_km2": null, "conc_A_lo80": null, "conc_A_hi80": null, "conc_A_lo95": null, "conc_A_hi95": null, "conc_A_status": "unavailable", "conc_A_status_ru": "концентрация недоступна", "conc_A_reasons": "вне бассейна профиля: nw_atlantic_subtropical", "conc_A_model": "conc-A-c6bce5631d2b", "conc_B_items_km2": 320.3, "conc_B_lo80": 68.0, "conc_B_hi80": 1077.3, "conc_B_lo95": 42.2, "conc_B_hi95": 2017.6, "conc_B_status": "research_estimate", "conc_B_status_ru": "исследовательская оценка", "conc_B_reasons": "месяц 5 вне месяцев обучения [6]", "conc_B_model": "conc-B-c6bce5631d2b"}}, {"type": "Feature", "geometry": {"type": "Polygon", "coordinates": [[[41.57819653502666, 41.861653213646655], [41.57806893728912, 41.86147596231884], [41.57818930136826, 41.86147325865341], [41.57818568456378, 41.861383281154296], [41.578430029477104, 41.86146785094456], [41.57843364663486, 41.86155782842504], [41.57831328242028, 41.86156053235095], [41.57831689942612, 41.861650509838256], [41.57819653502666, 41.861653213646655]]]}, "properties": {"zone_id": "batumi-2024-05-21-029", "aoi": "batumi", "date": "2024-05-21", "scene_id": "S2A_MSIL2A_20240521T080611_R078_T37TFG_20240521T135035", "scene_datetime_utc": "2024-05-21T08:06:11.024000+00:00", "detection_status": "detected", "detection_status_ru": "обнаружено", "lon": 41.57825, "lat": 41.86152, "n_pixels": 1, "zone_area_km2": 0.0005, "cover_m2": 6.3, "p_mean": 0.929, "p_max": 0.929, "cover_m2_km2": 12600.0, "h3": "882c21c0e3fffff", "valid_frac_scene": 0.658, "wind_ms": 3.1, "sea": "спокойное", "scene_reliable": true, "field_event_id": "S4:DOORS3:T20", "field_profile": "B", "field_date": "2024-06-07", "field_distance_km": 16.1, "field_date_gap_days": 17, "field_conc_items_km2": 224.92, "conc_A_items_km2": null, "conc_A_lo80": null, "conc_A_hi80": null, "conc_A_lo95": null, "conc_A_hi95": null, "conc_A_status": "unavailable", "conc_A_status_ru": "концентрация недоступна", "conc_A_reasons": "вне бассейна профиля: nw_atlantic_subtropical", "conc_A_model": "conc-A-c6bce5631d2b", "conc_B_items_km2": 320.3, "conc_B_lo80": 68.0, "conc_B_hi80": 1077.3, "conc_B_lo95": 42.2, "conc_B_hi95": 2017.6, "conc_B_status": "research_estimate", "conc_B_status_ru": "исследовательская оценка", "conc_B_reasons": "месяц 5 вне месяцев обучения [6]", "conc_B_model": "conc-B-c6bce5631d2b"}}, {"type": "Feature", "geometry": {"type": "Polygon", "coordinates": [[[41.49877469081275, 41.86088809516628], [41.49864730997762, 41.86071074945785], [41.498767680034014, 41.860708129066694], [41.4987641746686, 41.86061814601444], [41.49900842009886, 41.86070288790634], [41.49901192581711, 41.86079287094049], [41.49889155562424, 41.860795491591915], [41.49889506119003, 41.86088547463265], [41.49877469081275, 41.86088809516628]]]}, "properties": {"zone_id": "batumi-2024-05-21-030", "aoi": "batumi", "date": "2024-05-21", "scene_id": "S2A_MSIL2A_20240521T080611_R078_T37TFG_20240521T135035", "scene_datetime_utc": "2024-05-21T08:06:11.024000+00:00", "detection_status": "detected", "detection_status_ru": "обнаружено", "lon": 41.49883, "lat": 41.86075, "n_pixels": 1, "zone_area_km2": 0.0005, "cover_m2": 7.5, "p_mean": 0.78, "p_max": 0.78, "cover_m2_km2": 15000.0, "h3": "882c21c043fffff", "valid_frac_scene": 0.658, "wind_ms": 3.1, "sea": "спокойное", "scene_reliable": true, "field_event_id": "S4:DOORS3:T20", "field_profile": "B", "field_date": "2024-06-07", "field_distance_km": 19.1, "field_date_gap_days": 17, "field_conc_items_km2": 224.92, "conc_A_items_km2": null, "conc_A_lo80": null, "conc_A_hi80": null, "conc_A_lo95": null, "conc_A_hi95": null, "conc_A_status": "unavailable", "conc_A_status_ru": "концентрация недоступна", "conc_A_reasons": "вне бассейна профиля: nw_atlantic_subtropical", "conc_A_model": "conc-A-c6bce5631d2b", "conc_B_items_km2": 292.9, "conc_B_lo80": 62.1, "conc_B_hi80": 985.2, "conc_B_lo95": 38.5, "conc_B_hi95": 1845.1, "conc_B_status": "research_estimate", "conc_B_status_ru": "исследовательская оценка", "conc_B_reasons": "месяц 5 вне месяцев обучения [6]", "conc_B_model": "conc-B-c6bce5631d2b"}}, {"type": "Feature", "geometry": {"type": "Polygon", "coordinates": [[[41.0585549122737, 41.860710586917904], [41.05842872946077, 41.86053272461525], [41.058549136064975, 41.860530565669585], [41.05854624798035, 41.860440555043056], [41.05878994923387, 41.86052624739984], [41.05879283766893, 41.86061625801121], [41.05867243092243, 41.86061841721594], [41.05867531920201, 41.860708427832535], [41.0585549122737, 41.860710586917904]]]}, "properties": {"zone_id": "batumi-2024-05-21-031", "aoi": "batumi", "date": "2024-05-21", "scene_id": "S2A_MSIL2A_20240521T080611_R078_T37TFG_20240521T135035", "scene_datetime_utc": "2024-05-21T08:06:11.024000+00:00", "detection_status": "detected", "detection_status_ru": "обнаружено", "lon": 41.05861, "lat": 41.86057, "n_pixels": 1, "zone_area_km2": 0.0005, "cover_m2": 14.5, "p_mean": 0.608, "p_max": 0.608, "cover_m2_km2": 29000.0, "h3": "882c20b499fffff", "valid_frac_scene": 0.658, "wind_ms": 3.1, "sea": "спокойное", "scene_reliable": true, "field_event_id": "S4:DOORS3:T18", "field_profile": "B", "field_date": "2024-06-05", "field_distance_km": 6.6, "field_date_gap_days": 15, "field_conc_items_km2": 348.74, "conc_A_items_km2": null, "conc_A_lo80": null, "conc_A_hi80": null, "conc_A_lo95": null, "conc_A_hi95": null, "conc_A_status": "unavailable", "conc_A_status_ru": "концентрация недоступна", "conc_A_reasons": "вне бассейна профиля: nw_atlantic_subtropical", "conc_A_model": "conc-A-c6bce5631d2b", "conc_B_items_km2": 220.0, "conc_B_lo80": 46.5, "conc_B_hi80": 740.8, "conc_B_lo95": 28.7, "conc_B_hi95": 1387.7, "conc_B_status": "research_estimate", "conc_B_status_ru": "исследовательская оценка", "conc_B_reasons": "месяц 5 вне месяцев обучения [6]", "conc_B_model": "conc-B-c6bce5631d2b"}}, {"type": "Feature", "geometry": {"type": "Polygon", "coordinates": [[[41.059036539907936, 41.86070194981961], [41.058910355798574, 41.860524088075735], [41.05903076235011, 41.86052192862552], [41.05902787359095, 41.860431918026116], [41.05927157541368, 41.86051760934667], [41.059274464523284, 41.86060761993093], [41.059154057829446, 41.860609779640214], [41.05915694678358, 41.86069979022969], [41.059036539907936, 41.86070194981961]]]}, "properties": {"zone_id": "batumi-2024-05-21-032", "aoi": "batumi", "date": "2024-05-21", "scene_id": "S2A_MSIL2A_20240521T080611_R078_T37TFG_20240521T135035", "scene_datetime_utc": "2024-05-21T08:06:11.024000+00:00", "detection_status": "detected", "detection_status_ru": "обнаружено", "lon": 41.05909, "lat": 41.86057, "n_pixels": 1, "zone_area_km2": 0.0005, "cover_m2": 4.7, "p_mean": 0.651, "p_max": 0.651, "cover_m2_km2": 9400.0, "h3": "882c20b499fffff", "valid_frac_scene": 0.658, "wind_ms": 3.1, "sea": "спокойное", "scene_reliable": true, "field_event_id": "S4:DOORS3:T18", "field_profile": "B", "field_date": "2024-06-05", "field_distance_km": 6.6, "field_date_gap_days": 15, "field_conc_items_km2": 348.74, "conc_A_items_km2": null, "conc_A_lo80": null, "conc_A_hi80": null, "conc_A_lo95": null, "conc_A_hi95": null, "conc_A_status": "unavailable", "conc_A_status_ru": "концентрация недоступна", "conc_A_reasons": "вне бассейна профиля: nw_atlantic_subtropical", "conc_A_model": "conc-A-c6bce5631d2b", "conc_B_items_km2": 220.0, "conc_B_lo80": 46.5, "conc_B_hi80": 740.8, "conc_B_lo95": 28.7, "conc_B_hi95": 1387.7, "conc_B_status": "research_estimate", "conc_B_status_ru": "исследовательская оценка", "conc_B_reasons": "месяц 5 вне месяцев обучения [6]", "conc_B_model": "conc-B-c6bce5631d2b"}}, {"type": "Feature", "geometry": {"type": "Polygon", "coordinates": [[[41.06454627771363, 41.85970237521956], [41.06442008064663, 41.859524519803124], [41.06454048490539, 41.85952235461856], [41.06453758852108, 41.8594323443157], [41.06478129338331, 41.85951802387104], [41.064784190118075, 41.859608034158725], [41.064663785717094, 41.85961019960235], [41.06466668229644, 41.859700209895266], [41.06454627771363, 41.85970237521956]]]}, "properties": {"zone_id": "batumi-2024-05-21-033", "aoi": "batumi", "date": "2024-05-21", "scene_id": "S2A_MSIL2A_20240521T080611_R078_T37TFG_20240521T135035", "scene_datetime_utc": "2024-05-21T08:06:11.024000+00:00", "detection_status": "detected", "detection_status_ru": "обнаружено", "lon": 41.0646, "lat": 41.85957, "n_pixels": 1, "zone_area_km2": 0.0005, "cover_m2": 2.7, "p_mean": 0.969, "p_max": 0.969, "cover_m2_km2": 5400.0, "h3": "882c20b491fffff", "valid_frac_scene": 0.658, "wind_ms": 3.1, "sea": "спокойное", "scene_reliable": true, "field_event_id": "S4:DOORS3:T18", "field_profile": "B", "field_date": "2024-06-05", "field_distance_km": 6.4, "field_date_gap_days": 15, "field_conc_items_km2": 348.74, "conc_A_items_km2": null, "conc_A_lo80": null, "conc_A_hi80": null, "conc_A_lo95": null, "conc_A_hi95": null, "conc_A_status": "unavailable", "conc_A_status_ru": "концентрация недоступна", "conc_A_reasons": "вне бассейна профиля: nw_atlantic_subtropical", "conc_A_model": "conc-A-c6bce5631d2b", "conc_B_items_km2": 220.0, "conc_B_lo80": 46.5, "conc_B_hi80": 740.8, "conc_B_lo95": 28.7, "conc_B_hi95": 1387.7, "conc_B_status": "research_estimate", "conc_B_status_ru": "исследовательская оценка", "conc_B_reasons": "месяц 5 вне месяцев обучения [6]", "conc_B_model": "conc-B-c6bce5631d2b"}}, {"type": "Feature", "geometry": {"type": "MultiPolygon", "coordinates": [[[[41.53839634245391, 41.85749702893441], [41.5383999029914, 41.857587009292295], [41.53852026350913, 41.85758434740007], [41.53851670280325, 41.85749436705054], [41.53863706313638, 41.857491705040694], [41.538633502278344, 41.85740172469787], [41.53838922142761, 41.857317068213675], [41.53839278193264, 41.85740704857487], [41.53827242173546, 41.85740971032437], [41.538275982088344, 41.85749969069228], [41.53839634245391, 41.85749702893441]]], [[[41.53803526130854, 41.857505013830014], [41.538038821340876, 41.857594994212974], [41.537918460758256, 41.8575976556012], [41.537922020638426, 41.857687635990835], [41.53804238138943, 41.85768497459424], [41.53804594145421, 41.857774954973856], [41.538286663244314, 41.85776963178599], [41.53828310284277, 41.857679651423084], [41.5384034635451, 41.85767698964851], [41.538275982088344, 41.85749969069228], [41.53803526130854, 41.857505013830014]]]]}, "properties": {"zone_id": "batumi-2024-05-21-034", "aoi": "batumi", "date": "2024-05-21", "scene_id": "S2A_MSIL2A_20240521T080611_R078_T37TFG_20240521T135035", "scene_datetime_utc": "2024-05-21T08:06:11.024000+00:00", "detection_status": "detected", "detection_status_ru": "обнаружено", "lon": 41.53826, "lat": 41.85758, "n_pixels": 3, "zone_area_km2": 0.0013, "cover_m2": 25.5, "p_mean": 0.626, "p_max": 0.694, "cover_m2_km2": 19615.4, "h3": "882c21c015fffff", "valid_frac_scene": 0.658, "wind_ms": 3.1, "sea": "спокойное", "scene_reliable": true, "field_event_id": "S4:DOORS3:T20", "field_profile": "B", "field_date": "2024-06-07", "field_distance_km": 17.0, "field_date_gap_days": 17, "field_conc_items_km2": 224.92, "conc_A_items_km2": null, "conc_A_lo80": null, "conc_A_hi80": null, "conc_A_lo95": null, "conc_A_hi95": null, "conc_A_status": "unavailable", "conc_A_status_ru": "концентрация недоступна", "conc_A_reasons": "вне бассейна профиля: nw_atlantic_subtropical", "conc_A_model": "conc-A-c6bce5631d2b", "conc_B_items_km2": 305.5, "conc_B_lo80": 64.8, "conc_B_hi80": 1027.6, "conc_B_lo95": 40.2, "conc_B_hi95": 1924.5, "conc_B_status": "research_estimate", "conc_B_status_ru": "исследовательская оценка", "conc_B_reasons": "месяц 5 вне месяцев обучения [6]", "conc_B_model": "conc-B-c6bce5631d2b"}}, {"type": "Feature", "geometry": {"type": "Polygon", "coordinates": [[[41.49307326391097, 41.85677928063147], [41.49294590725146, 41.85660192782905], [41.49306627012614, 41.85659931362056], [41.49306277325763, 41.85650933011262], [41.49330699582771, 41.8565940848256], [41.49331049304895, 41.856684068315474], [41.49319013003774, 41.85668668278417], [41.49319362710653, 41.85677666628058], [41.49307326391097, 41.85677928063147]]]}, "properties": {"zone_id": "batumi-2024-05-21-035", "aoi": "batumi", "date": "2024-05-21", "scene_id": "S2A_MSIL2A_20240521T080611_R078_T37TFG_20240521T135035", "scene_datetime_utc": "2024-05-21T08:06:11.024000+00:00", "detection_status": "detected", "detection_status_ru": "обнаружено", "lon": 41.49313, "lat": 41.85664, "n_pixels": 1, "zone_area_km2": 0.0005, "cover_m2": 1.6, "p_mean": 0.792, "p_max": 0.792, "cover_m2_km2": 3200.0, "h3": "882c21c041fffff", "valid_frac_scene": 0.658, "wind_ms": 3.1, "sea": "спокойное", "scene_reliable": true, "field_event_id": "S4:DOORS3:T20", "field_profile": "B", "field_date": "2024-06-07", "field_distance_km": 19.0, "field_date_gap_days": 17, "field_conc_items_km2": 224.92, "conc_A_items_km2": null, "conc_A_lo80": null, "conc_A_hi80": null, "conc_A_lo95": null, "conc_A_hi95": null, "conc_A_status": "unavailable", "conc_A_status_ru": "концентрация недоступна", "conc_A_reasons": "вне бассейна профиля: nw_atlantic_subtropical", "conc_A_model": "conc-A-c6bce5631d2b", "conc_B_items_km2": 287.2, "conc_B_lo80": 60.9, "conc_B_hi80": 966.2, "conc_B_lo95": 37.8, "conc_B_hi95": 1809.6, "conc_B_status": "research_estimate", "conc_B_status_ru": "исследовательская оценка", "conc_B_reasons": "месяц 5 вне месяцев обучения [6]", "conc_B_model": "conc-B-c6bce5631d2b"}}, {"type": "Feature", "geometry": {"type": "Polygon", "coordinates": [[[41.49354422392342, 41.85649887205151], [41.49354072639725, 41.856408888574755], [41.49329650425958, 41.856324134346075], [41.493293007102075, 41.856234150849595], [41.493413369255364, 41.85623153629592], [41.493409871945396, 41.85614155280601], [41.49365409351413, 41.85622630681061], [41.493657591176834, 41.85631629028247], [41.49377795345071, 41.85631367534259], [41.493781451297735, 41.8564036588046], [41.49366108885546, 41.85640627375268], [41.49366458655004, 41.856496257221224], [41.49354422392342, 41.85649887205151]]]}, "properties": {"zone_id": "batumi-2024-05-21-036", "aoi": "batumi", "date": "2024-05-21", "scene_id": "S2A_MSIL2A_20240521T080611_R078_T37TFG_20240521T135035", "scene_datetime_utc": "2024-05-21T08:06:11.024000+00:00", "detection_status": "detected", "detection_status_ru": "обнаружено", "lon": 41.49354, "lat": 41.85632, "n_pixels": 2, "zone_area_km2": 0.0008, "cover_m2": 11.4, "p_mean": 0.698, "p_max": 0.729, "cover_m2_km2": 14250.0, "h3": "882c21c041fffff", "valid_frac_scene": 0.658, "wind_ms": 3.1, "sea": "спокойное", "scene_reliable": true, "field_event_id": "S4:DOORS3:T20", "field_profile": "B", "field_date": "2024-06-07", "field_distance_km": 19.0, "field_date_gap_days": 17, "field_conc_items_km2": 224.92, "conc_A_items_km2": null, "conc_A_lo80": null, "conc_A_hi80": null, "conc_A_lo95": null, "conc_A_hi95": null, "conc_A_status": "unavailable", "conc_A_status_ru": "концентрация недоступна", "conc_A_reasons": "вне бассейна профиля: nw_atlantic_subtropical", "conc_A_model": "conc-A-c6bce5631d2b", "conc_B_items_km2": 287.2, "conc_B_lo80": 60.9, "conc_B_hi80": 966.2, "conc_B_lo95": 37.8, "conc_B_hi95": 1809.6, "conc_B_status": "research_estimate", "conc_B_status_ru": "исследовательская оценка", "conc_B_reasons": "месяц 5 вне месяцев обучения [6]", "conc_B_model": "conc-B-c6bce5631d2b"}}, {"type": "Feature", "geometry": {"type": "Polygon", "coordinates": [[[41.53520651544687, 41.85603652366184], [41.53520295957905, 41.85594654305696], [41.535082601822765, 41.85594920138875], [41.535075490472465, 41.85576924015731], [41.53531264930774, 41.85567394279956], [41.53531620529534, 41.8557639234011], [41.53543656268247, 41.855761264834], [41.535443675043, 41.85594122601538], [41.53520651544687, 41.85603652366184]]]}, "properties": {"zone_id": "batumi-2024-05-21-037", "aoi": "batumi", "date": "2024-05-21", "scene_id": "S2A_MSIL2A_20240521T080611_R078_T37TFG_20240521T135035", "scene_datetime_utc": "2024-05-21T08:06:11.024000+00:00", "detection_status": "detected", "detection_status_ru": "обнаружено", "lon": 41.53526, "lat": 41.85586, "n_pixels": 2, "zone_area_km2": 0.0008, "cover_m2": 16.5, "p_mean": 0.731, "p_max": 0.945, "cover_m2_km2": 20625.0, "h3": "882c21c015fffff", "valid_frac_scene": 0.658, "wind_ms": 3.1, "sea": "спокойное", "scene_reliable": true, "field_event_id": "S4:DOORS3:T20", "field_profile": "B", "field_date": "2024-06-07", "field_distance_km": 17.0, "field_date_gap_days": 17, "field_conc_items_km2": 224.92, "conc_A_items_km2": null, "conc_A_lo80": null, "conc_A_hi80": null, "conc_A_lo95": null, "conc_A_hi95": null, "conc_A_status": "unavailable", "conc_A_status_ru": "концентрация недоступна", "conc_A_reasons": "вне бассейна профиля: nw_atlantic_subtropical", "conc_A_model": "conc-A-c6bce5631d2b", "conc_B_items_km2": 305.5, "conc_B_lo80": 64.8, "conc_B_hi80": 1027.6, "conc_B_lo95": 40.2, "conc_B_hi95": 1924.5, "conc_B_status": "research_estimate", "conc_B_status_ru": "исследовательская оценка", "conc_B_reasons": "месяц 5 вне месяцев обучения [6]", "conc_B_model": "conc-B-c6bce5631d2b"}}, {"type": "Feature", "geometry": {"type": "Polygon", "coordinates": [[[41.10161209622204, 41.85479690184614], [41.101485808253265, 41.85461908916799], [41.10160620047265, 41.85461688533557], [41.10160325261811, 41.85452687707791], [41.10184698487112, 41.85461247729241], [41.101849933076224, 41.85470248553463], [41.10172954071515, 41.85470468962618], [41.10173248876512, 41.854794697873764], [41.10161209622204, 41.85479690184614]]]}, "properties": {"zone_id": "batumi-2024-05-21-038", "aoi": "batumi", "date": "2024-05-21", "scene_id": "S2A_MSIL2A_20240521T080611_R078_T37TFG_20240521T135035", "scene_datetime_utc": "2024-05-21T08:06:11.024000+00:00", "detection_status": "detected", "detection_status_ru": "обнаружено", "lon": 41.10167, "lat": 41.85466, "n_pixels": 1, "zone_area_km2": 0.0005, "cover_m2": 7.8, "p_mean": 0.549, "p_max": 0.549, "cover_m2_km2": 15600.0, "h3": "882c256961fffff", "valid_frac_scene": 0.658, "wind_ms": 3.1, "sea": "спокойное", "scene_reliable": true, "field_event_id": "S4:DOORS3:T18", "field_profile": "B", "field_date": "2024-06-05", "field_distance_km": 6.4, "field_date_gap_days": 15, "field_conc_items_km2": 348.74, "conc_A_items_km2": null, "conc_A_lo80": null, "conc_A_hi80": null, "conc_A_lo95": null, "conc_A_hi95": null, "conc_A_status": "unavailable", "conc_A_status_ru": "концентрация недоступна", "conc_A_reasons": "вне бассейна профиля: nw_atlantic_subtropical", "conc_A_model": "conc-A-c6bce5631d2b", "conc_B_items_km2": 227.1, "conc_B_lo80": 48.0, "conc_B_hi80": 764.3, "conc_B_lo95": 29.7, "conc_B_hi95": 1431.7, "conc_B_status": "research_estimate", "conc_B_status_ru": "исследовательская оценка", "conc_B_reasons": "месяц 5 вне месяцев обучения [6]", "conc_B_model": "conc-B-c6bce5631d2b"}}, {"type": "Feature", "geometry": {"type": "Polygon", "coordinates": [[[41.07004555999284, 41.85464991739676], [41.070042656384736, 41.854559907330135], [41.06992226185176, 41.854562078074785], [41.069919358425466, 41.85447206799976], [41.07003975278986, 41.854469897261914], [41.07003684920822, 41.854379887192124], [41.070277637560146, 41.85437554535175], [41.07028054147895, 41.85446555540791], [41.07040093580364, 41.854463384291755], [41.07040383990426, 41.8545533943395], [41.070283445410986, 41.8545555654625], [41.07028634935626, 41.854645575515484], [41.07004555999284, 41.85464991739676]]]}, "properties": {"zone_id": "batumi-2024-05-21-039", "aoi": "batumi", "date": "2024-05-21", "scene_id": "S2A_MSIL2A_20240521T080611_R078_T37TFG_20240521T135035", "scene_datetime_utc": "2024-05-21T08:06:11.024000+00:00", "detection_status": "detected", "detection_status_ru": "обнаружено", "lon": 41.07016, "lat": 41.85451, "n_pixels": 2, "zone_area_km2": 0.0008, "cover_m2": 18.4, "p_mean": 0.667, "p_max": 0.78, "cover_m2_km2": 23000.0, "h3": "882c20b495fffff", "valid_frac_scene": 0.658, "wind_ms": 3.1, "sea": "спокойное", "scene_reliable": true, "field_event_id": "S4:DOORS3:T18", "field_profile": "B", "field_date": "2024-06-05", "field_distance_km": 5.8, "field_date_gap_days": 15, "field_conc_items_km2": 348.74, "conc_A_items_km2": null, "conc_A_lo80": null, "conc_A_hi80": null, "conc_A_lo95": null, "conc_A_hi95": null, "conc_A_status": "unavailable", "conc_A_status_ru": "концентрация недоступна", "conc_A_reasons": "вне бассейна профиля: nw_atlantic_subtropical", "conc_A_model": "conc-A-c6bce5631d2b", "conc_B_items_km2": 223.3, "conc_B_lo80": 47.2, "conc_B_hi80": 751.7, "conc_B_lo95": 29.2, "conc_B_hi95": 1408.1, "conc_B_status": "research_estimate", "conc_B_status_ru": "исследовательская оценка", "conc_B_reasons": "месяц 5 вне месяцев обучения [6]", "conc_B_model": "conc-B-c6bce5631d2b"}}, {"type": "Feature", "geometry": {"type": "Polygon", "coordinates": [[[41.0706475333021, 41.85463906174776], [41.07064462885109, 41.85454905171522], [41.070524234384294, 41.85455122309041], [41.0705213301151, 41.854461213049476], [41.07064172441331, 41.85445904168108], [41.07063881998878, 41.85436903164537], [41.07087960820834, 41.85436468854392], [41.07088251297004, 41.854454698566], [41.07100290722854, 41.85445252681929], [41.07100581217205, 41.85454253683296], [41.07088541774497, 41.85454470858648], [41.07088832253314, 41.85463471860538], [41.0706475333021, 41.85463906174776]]]}, "properties": {"zone_id": "batumi-2024-05-21-040", "aoi": "batumi", "date": "2024-05-21", "scene_id": "S2A_MSIL2A_20240521T080611_R078_T37TFG_20240521T135035", "scene_datetime_utc": "2024-05-21T08:06:11.024000+00:00", "detection_status": "detected", "detection_status_ru": "обнаружено", "lon": 41.07076, "lat": 41.8545, "n_pixels": 2, "zone_area_km2": 0.0008, "cover_m2": 15.3, "p_mean": 0.755, "p_max": 0.8, "cover_m2_km2": 19125.0, "h3": "882c20b495fffff", "valid_frac_scene": 0.658, "wind_ms": 3.1, "sea": "спокойное", "scene_reliable": true, "field_event_id": "S4:DOORS3:T18", "field_profile": "B", "field_date": "2024-06-05", "field_distance_km": 5.8, "field_date_gap_days": 15, "field_conc_items_km2": 348.74, "conc_A_items_km2": null, "conc_A_lo80": null, "conc_A_hi80": null, "conc_A_lo95": null, "conc_A_hi95": null, "conc_A_status": "unavailable", "conc_A_status_ru": "концентрация недоступна", "conc_A_reasons": "вне бассейна профиля: nw_atlantic_subtropical", "conc_A_model": "conc-A-c6bce5631d2b", "conc_B_items_km2": 223.3, "conc_B_lo80": 47.2, "conc_B_hi80": 751.7, "conc_B_lo95": 29.2, "conc_B_hi95": 1408.1, "conc_B_status": "research_estimate", "conc_B_status_ru": "исследовательская оценка", "conc_B_reasons": "месяц 5 вне месяцев обучения [6]", "conc_B_model": "conc-B-c6bce5631d2b"}}, {"type": "Feature", "geometry": {"type": "Polygon", "coordinates": [[[41.007734976784235, 41.85368506195076], [41.007608947276914, 41.85350714018345], [41.00784692542525, 41.853412915722494], [41.00784410914792, 41.85332290215046], [41.00796450601072, 41.85332079652927], [41.00796168957763, 41.853230782962264], [41.00820529969781, 41.85331658490853], [41.0082109332769, 41.853496612011384], [41.00809053610258, 41.853498717898034], [41.008093352742776, 41.85358873145373], [41.00785255801842, 41.85359294286189], [41.00785537433426, 41.85368295642923], [41.007734976784235, 41.85368506195076]]]}, "properties": {"zone_id": "batumi-2024-05-21-041", "aoi": "batumi", "date": "2024-05-21", "scene_id": "S2A_MSIL2A_20240521T080611_R078_T37TFG_20240521T135035", "scene_datetime_utc": "2024-05-21T08:06:11.024000+00:00", "detection_status": "detected", "detection_status_ru": "обнаружено", "lon": 41.00795, "lat": 41.85346, "n_pixels": 3, "zone_area_km2": 0.0013, "cover_m2": 25.5, "p_mean": 0.695, "p_max": 0.831, "cover_m2_km2": 19615.4, "h3": "882c20b4c9fffff", "valid_frac_scene": 0.658, "wind_ms": 3.1, "sea": "спокойное", "scene_reliable": true, "field_event_id": "S4:DOORS3:T18", "field_profile": "B", "field_date": "2024-06-05", "field_distance_km": 7.6, "field_date_gap_days": 15, "field_conc_items_km2": 348.74, "conc_A_items_km2": null, "conc_A_lo80": null, "conc_A_hi80": null, "conc_A_lo95": null, "conc_A_hi95": null, "conc_A_status": "unavailable", "conc_A_status_ru": "концентрация недоступна", "conc_A_reasons": "вне бассейна профиля: nw_atlantic_subtropical", "conc_A_model": "conc-A-c6bce5631d2b", "conc_B_items_km2": 216.3, "conc_B_lo80": 45.6, "conc_B_hi80": 728.1, "conc_B_lo95": 28.2, "conc_B_hi95": 1363.9, "conc_B_status": "research_estimate", "conc_B_status_ru": "исследовательская оценка", "conc_B_reasons": "месяц 5 вне месяцев обучения [6]", "conc_B_model": "conc-B-c6bce5631d2b"}}, {"type": "Feature", "geometry": {"type": "Polygon", "coordinates": [[[41.06061137809467, 41.853468698178126], [41.060485204720315, 41.8532908377344], [41.060605597585905, 41.85328867693497], [41.06060270735127, 41.85319866631103], [41.06084638327755, 41.85328435495779], [41.0608492738625, 41.85337436556657], [41.06072888085469, 41.85337652662502], [41.06073177128424, 41.85346653723902], [41.06061137809467, 41.853468698178126]]]}, "properties": {"zone_id": "batumi-2024-05-21-042", "aoi": "batumi", "date": "2024-05-21", "scene_id": "S2A_MSIL2A_20240521T080611_R078_T37TFG_20240521T135035", "scene_datetime_utc": "2024-05-21T08:06:11.024000+00:00", "detection_status": "detected", "detection_status_ru": "обнаружено", "lon": 41.06067, "lat": 41.85333, "n_pixels": 1, "zone_area_km2": 0.0005, "cover_m2": 5.1, "p_mean": 0.635, "p_max": 0.635, "cover_m2_km2": 10200.0, "h3": "882c20b49dfffff", "valid_frac_scene": 0.658, "wind_ms": 3.1, "sea": "спокойное", "scene_reliable": true, "field_event_id": "S4:DOORS3:T18", "field_profile": "B", "field_date": "2024-06-05", "field_distance_km": 5.7, "field_date_gap_days": 15, "field_conc_items_km2": 348.74, "conc_A_items_km2": null, "conc_A_lo80": null, "conc_A_hi80": null, "conc_A_lo95": null, "conc_A_hi95": null, "conc_A_status": "unavailable", "conc_A_status_ru": "концентрация недоступна", "conc_A_reasons": "вне бассейна профиля: nw_atlantic_subtropical", "conc_A_model": "conc-A-c6bce5631d2b", "conc_B_items_km2": 221.5, "conc_B_lo80": 46.8, "conc_B_hi80": 745.6, "conc_B_lo95": 28.9, "conc_B_hi95": 1396.6, "conc_B_status": "research_estimate", "conc_B_status_ru": "исследовательская оценка", "conc_B_reasons": "месяц 5 вне месяцев обучения [6]", "conc_B_model": "conc-B-c6bce5631d2b"}}, {"type": "Feature", "geometry": {"type": "Polygon", "coordinates": [[[41.00518974982207, 41.8531891664689], [41.005186937292336, 41.85309915274678], [41.005066540640286, 41.85310125544741], [41.00506091595647, 41.85292122798525], [41.00529889591351, 41.852827008764066], [41.005301708573384, 41.852917022484284], [41.00542210486261, 41.85291491954462], [41.005427730558, 41.85309494696717], [41.00518974982207, 41.8531891664689]]]}, "properties": {"zone_id": "batumi-2024-05-21-043", "aoi": "batumi", "date": "2024-05-21", "scene_id": "S2A_MSIL2A_20240521T080611_R078_T37TFG_20240521T135035", "scene_datetime_utc": "2024-05-21T08:06:11.024000+00:00", "detection_status": "detected", "detection_status_ru": "обнаружено", "lon": 41.00524, "lat": 41.85301, "n_pixels": 2, "zone_area_km2": 0.0008, "cover_m2": 11.8, "p_mean": 0.637, "p_max": 0.671, "cover_m2_km2": 14750.0, "h3": "882c20b6a7fffff", "valid_frac_scene": 0.658, "wind_ms": 3.1, "sea": "спокойное", "scene_reliable": true, "field_event_id": "S4:DOORS3:T18", "field_profile": "B", "field_date": "2024-06-05", "field_distance_km": 7.7, "field_date_gap_days": 15, "field_conc_items_km2": 348.74, "conc_A_items_km2": null, "conc_A_lo80": null, "conc_A_hi80": null, "conc_A_lo95": null, "conc_A_hi95": null, "conc_A_status": "unavailable", "conc_A_status_ru": "концентрация недоступна", "conc_A_reasons": "вне бассейна профиля: nw_atlantic_subtropical", "conc_A_model": "conc-A-c6bce5631d2b", "conc_B_items_km2": 216.3, "conc_B_lo80": 45.6, "conc_B_hi80": 728.1, "conc_B_lo95": 28.2, "conc_B_hi95": 1363.9, "conc_B_status": "research_estimate", "conc_B_status_ru": "исследовательская оценка", "conc_B_reasons": "месяц 5 вне месяцев обучения [6]", "conc_B_model": "conc-B-c6bce5631d2b"}}, {"type": "Feature", "geometry": {"type": "Polygon", "coordinates": [[[41.0708331338217, 41.85292452797589], [41.07070693369279, 41.85274667936749], [41.07082732476166, 41.852744507876444], [41.0708244202515, 41.85265449782434], [41.071068106859684, 41.85274016451605], [41.071071011720214, 41.85283017455292], [41.07095062050926, 41.85283234630299], [41.070953525214456, 41.852922356345104], [41.0708331338217, 41.85292452797589]]]}, "properties": {"zone_id": "batumi-2024-05-21-044", "aoi": "batumi", "date": "2024-05-21", "scene_id": "S2A_MSIL2A_20240521T080611_R078_T37TFG_20240521T135035", "scene_datetime_utc": "2024-05-21T08:06:11.024000+00:00", "detection_status": "detected", "detection_status_ru": "обнаружено", "lon": 41.07089, "lat": 41.85279, "n_pixels": 1, "zone_area_km2": 0.0005, "cover_m2": 7.5, "p_mean": 0.757, "p_max": 0.757, "cover_m2_km2": 15000.0, "h3": "882c20b495fffff", "valid_frac_scene": 0.658, "wind_ms": 3.1, "sea": "спокойное", "scene_reliable": true, "field_event_id": "S4:DOORS3:T18", "field_profile": "B", "field_date": "2024-06-05", "field_distance_km": 5.6, "field_date_gap_days": 15, "field_conc_items_km2": 348.74, "conc_A_items_km2": null, "conc_A_lo80": null, "conc_A_hi80": null, "conc_A_lo95": null, "conc_A_hi95": null, "conc_A_status": "unavailable", "conc_A_status_ru": "концентрация недоступна", "conc_A_reasons": "вне бассейна профиля: nw_atlantic_subtropical", "conc_A_model": "conc-A-c6bce5631d2b", "conc_B_items_km2": 223.3, "conc_B_lo80": 47.2, "conc_B_hi80": 751.7, "conc_B_lo95": 29.2, "conc_B_hi95": 1408.1, "conc_B_status": "research_estimate", "conc_B_status_ru": "исследовательская оценка", "conc_B_reasons": "месяц 5 вне месяцев обучения [6]", "conc_B_model": "conc-B-c6bce5631d2b"}}, {"type": "Feature", "geometry": {"type": "Polygon", "coordinates": [[[41.00698444043544, 41.852797556224544], [41.006858414816875, 41.85261963352371], [41.0069788104336, 41.852617528964345], [41.00697599545192, 41.85252751533188], [41.007219601628556, 41.85261331946726], [41.007222416960246, 41.85270333308492], [41.00710202120059, 41.852705437903126], [41.00710483637652, 41.85279545152584], [41.00698444043544, 41.852797556224544]]]}, "properties": {"zone_id": "batumi-2024-05-21-045", "aoi": "batumi", "date": "2024-05-21", "scene_id": "S2A_MSIL2A_20240521T080611_R078_T37TFG_20240521T135035", "scene_datetime_utc": "2024-05-21T08:06:11.024000+00:00", "detection_status": "detected", "detection_status_ru": "обнаружено", "lon": 41.00704, "lat": 41.85266, "n_pixels": 1, "zone_area_km2": 0.0005, "cover_m2": 8.6, "p_mean": 0.961, "p_max": 0.961, "cover_m2_km2": 17200.0, "h3": "882c20b4c9fffff", "valid_frac_scene": 0.658, "wind_ms": 3.1, "sea": "спокойное", "scene_reliable": true, "field_event_id": "S4:DOORS3:T18", "field_profile": "B", "field_date": "2024-06-05", "field_distance_km": 7.6, "field_date_gap_days": 15, "field_conc_items_km2": 348.74, "conc_A_items_km2": null, "conc_A_lo80": null, "conc_A_hi80": null, "conc_A_lo95": null, "conc_A_hi95": null, "conc_A_status": "unavailable", "conc_A_status_ru": "концентрация недоступна", "conc_A_reasons": "вне бассейна профиля: nw_atlantic_subtropical", "conc_A_model": "conc-A-c6bce5631d2b", "conc_B_items_km2": 216.3, "conc_B_lo80": 45.6, "conc_B_hi80": 728.1, "conc_B_lo95": 28.2, "conc_B_hi95": 1363.9, "conc_B_status": "research_estimate", "conc_B_status_ru": "исследовательская оценка", "conc_B_reasons": "месяц 5 вне месяцев обучения [6]", "conc_B_model": "conc-B-c6bce5631d2b"}}, {"type": "Feature", "geometry": {"type": "Polygon", "coordinates": [[[41.4207250055785, 41.85175347836338], [41.42072161069448, 41.851663489894264], [41.42060125053949, 41.851666028044534], [41.42059446115465, 41.851486051085445], [41.42083178576957, 41.851390986224715], [41.420835180775576, 41.85148097469077], [41.42095554056284, 41.85147843630444], [41.420962330958034, 41.85165841321573], [41.4207250055785, 41.85175347836338]]]}, "properties": {"zone_id": "batumi-2024-05-21-046", "aoi": "batumi", "date": "2024-05-21", "scene_id": "S2A_MSIL2A_20240521T080611_R078_T37TFG_20240521T135035", "scene_datetime_utc": "2024-05-21T08:06:11.024000+00:00", "detection_status": "detected", "detection_status_ru": "обнаружено", "lon": 41.42078, "lat": 41.85157, "n_pixels": 2, "zone_area_km2": 0.0008, "cover_m2": 3.5, "p_mean": 0.749, "p_max": 0.792, "cover_m2_km2": 4375.0, "h3": "882c21d1b3fffff", "valid_frac_scene": 0.658, "wind_ms": 3.1, "sea": "спокойное", "scene_reliable": true, "field_event_id": "S4:DOORS3:T19", "field_profile": "B", "field_date": "2024-06-05", "field_distance_km": 16.7, "field_date_gap_days": 15, "field_conc_items_km2": 544.69, "conc_A_items_km2": null, "conc_A_lo80": null, "conc_A_hi80": null, "conc_A_lo95": null, "conc_A_hi95": null, "conc_A_status": "unavailable", "conc_A_status_ru": "концентрация недоступна", "conc_A_reasons": "вне бассейна профиля: nw_atlantic_subtropical", "conc_A_model": "conc-A-c6bce5631d2b", "conc_B_items_km2": 271.1, "conc_B_lo80": 57.4, "conc_B_hi80": 912.2, "conc_B_lo95": 35.6, "conc_B_hi95": 1708.5, "conc_B_status": "research_estimate", "conc_B_status_ru": "исследовательская оценка", "conc_B_reasons": "месяц 5 вне месяцев обучения [6]", "conc_B_model": "conc-B-c6bce5631d2b"}}, {"type": "Feature", "geometry": {"type": "Polygon", "coordinates": [[[41.05415272901242, 41.85115275048122], [41.054026578070506, 41.85097488236787], [41.054146967081856, 41.85097272843475], [41.05414408613627, 41.85088271740914], [41.054387745065156, 41.850968420190206], [41.05439062636099, 41.851058431200705], [41.05427023720735, 41.8510605853928], [41.05427311834776, 41.851150596408466], [41.05415272901242, 41.85115275048122]]]}, "properties": {"zone_id": "batumi-2024-05-21-047", "aoi": "batumi", "date": "2024-05-21", "scene_id": "S2A_MSIL2A_20240521T080611_R078_T37TFG_20240521T135035", "scene_datetime_utc": "2024-05-21T08:06:11.024000+00:00", "detection_status": "detected", "detection_status_ru": "обнаружено", "lon": 41.05421, "lat": 41.85102, "n_pixels": 1, "zone_area_km2": 0.0005, "cover_m2": 6.3, "p_mean": 0.847, "p_max": 0.847, "cover_m2_km2": 12600.0, "h3": "882c20b48bfffff", "valid_frac_scene": 0.658, "wind_ms": 3.1, "sea": "спокойное", "scene_reliable": true, "field_event_id": "S4:DOORS3:T18", "field_profile": "B", "field_date": "2024-06-05", "field_distance_km": 5.6, "field_date_gap_days": 15, "field_conc_items_km2": 348.74, "conc_A_items_km2": null, "conc_A_lo80": null, "conc_A_hi80": null, "conc_A_lo95": null, "conc_A_hi95": null, "conc_A_status": "unavailable", "conc_A_status_ru": "концентрация недоступна", "conc_A_reasons": "вне бассейна профиля: nw_atlantic_subtropical", "conc_A_model": "conc-A-c6bce5631d2b", "conc_B_items_km2": 221.5, "conc_B_lo80": 46.8, "conc_B_hi80": 745.6, "conc_B_lo95": 28.9, "conc_B_hi95": 1396.6, "conc_B_status": "research_estimate", "conc_B_status_ru": "исследовательская оценка", "conc_B_reasons": "месяц 5 вне месяцев обучения [6]", "conc_B_model": "conc-B-c6bce5631d2b"}}, {"type": "Feature", "geometry": {"type": "Polygon", "coordinates": [[[41.10457699189928, 41.84969910297118], [41.104574040388506, 41.84960909480795], [41.104453657788646, 41.849611301537884], [41.1044477551445, 41.849431285192814], [41.10456813740731, 41.849429078476746], [41.10456518593689, 41.849339070308766], [41.104805950085115, 41.84933465651224], [41.10480890189258, 41.84942466466636], [41.10492928411504, 41.849422457572054], [41.10493518810736, 41.84960247386168], [41.10481480554787, 41.84960468096984], [41.104817757395686, 41.84969468911922], [41.10457699189928, 41.84969910297118]]]}, "properties": {"zone_id": "batumi-2024-05-21-048", "aoi": "batumi", "date": "2024-05-21", "scene_id": "S2A_MSIL2A_20240521T080611_R078_T37TFG_20240521T135035", "scene_datetime_utc": "2024-05-21T08:06:11.024000+00:00", "detection_status": "detected", "detection_status_ru": "обнаружено", "lon": 41.10469, "lat": 41.84952, "n_pixels": 4, "zone_area_km2": 0.0012, "cover_m2": 17.6, "p_mean": 0.73, "p_max": 0.847, "cover_m2_km2": 14666.7, "h3": "882c256967fffff", "valid_frac_scene": 0.658, "wind_ms": 3.1, "sea": "спокойное", "scene_reliable": true, "field_event_id": "S4:DOORS3:T18", "field_profile": "B", "field_date": "2024-06-05", "field_distance_km": 6.0, "field_date_gap_days": 15, "field_conc_items_km2": 348.74, "conc_A_items_km2": null, "conc_A_lo80": null, "conc_A_hi80": null, "conc_A_lo95": null, "conc_A_hi95": null, "conc_A_status": "unavailable", "conc_A_status_ru": "концентрация недоступна", "conc_A_reasons": "вне бассейна профиля: nw_atlantic_subtropical", "conc_A_model": "conc-A-c6bce5631d2b", "conc_B_items_km2": 227.1, "conc_B_lo80": 48.0, "conc_B_hi80": 764.3, "conc_B_lo95": 29.7, "conc_B_hi95": 1431.7, "conc_B_status": "research_estimate", "conc_B_status_ru": "исследовательская оценка", "conc_B_reasons": "месяц 5 вне месяцев обучения [6]", "conc_B_model": "conc-B-c6bce5631d2b"}}, {"type": "Feature", "geometry": {"type": "Polygon", "coordinates": [[[41.10397212725472, 41.84962012719682], [41.10396917660001, 41.849530118997365], [41.10384879410143, 41.84953232508998], [41.10384289316941, 41.84935230867247], [41.104080706696145, 41.849257888191595], [41.10408365747903, 41.84934789638888], [41.10420403961367, 41.849345690057966], [41.10420994155683, 41.849525706433916], [41.10397212725472, 41.84962012719682]]]}, "properties": {"zone_id": "batumi-2024-05-21-049", "aoi": "batumi", "date": "2024-05-21", "scene_id": "S2A_MSIL2A_20240521T080611_R078_T37TFG_20240521T135035", "scene_datetime_utc": "2024-05-21T08:06:11.024000+00:00", "detection_status": "detected", "detection_status_ru": "обнаружено", "lon": 41.10403, "lat": 41.84944, "n_pixels": 2, "zone_area_km2": 0.0008, "cover_m2": 11.0, "p_mean": 0.853, "p_max": 0.969, "cover_m2_km2": 13750.0, "h3": "882c256967fffff", "valid_frac_scene": 0.658, "wind_ms": 3.1, "sea": "спокойное", "scene_reliable": true, "field_event_id": "S4:DOORS3:T18", "field_profile": "B", "field_date": "2024-06-05", "field_distance_km": 6.0, "field_date_gap_days": 15, "field_conc_items_km2": 348.74, "conc_A_items_km2": null, "conc_A_lo80": null, "conc_A_hi80": null, "conc_A_lo95": null, "conc_A_hi95": null, "conc_A_status": "unavailable", "conc_A_status_ru": "концентрация недоступна", "conc_A_reasons": "вне бассейна профиля: nw_atlantic_subtropical", "conc_A_model": "conc-A-c6bce5631d2b", "conc_B_items_km2": 227.1, "conc_B_lo80": 48.0, "conc_B_hi80": 764.3, "conc_B_lo95": 29.7, "conc_B_hi95": 1431.7, "conc_B_status": "research_estimate", "conc_B_status_ru": "исследовательская оценка", "conc_B_reasons": "месяц 5 вне месяцев обучения [6]", "conc_B_model": "conc-B-c6bce5631d2b"}}, {"type": "Feature", "geometry": {"type": "Polygon", "coordinates": [[[41.10489681311914, 41.84843236786573], [41.10489386129114, 41.8483423597011], [41.10465014939967, 41.84825676541725], [41.1046471979356, 41.84816675723558], [41.104767577812275, 41.84816455036436], [41.10476462619315, 41.848074542188044], [41.10500538556912, 41.848070128081254], [41.10500833752527, 41.84816013624371], [41.105128717361595, 41.84815792899428], [41.10513462165128, 41.848337945300585], [41.10489681311914, 41.84843236786573]]]}, "properties": {"zone_id": "batumi-2024-05-21-050", "aoi": "batumi", "date": "2024-05-21", "scene_id": "S2A_MSIL2A_20240521T080611_R078_T37TFG_20240521T135035", "scene_datetime_utc": "2024-05-21T08:06:11.024000+00:00", "detection_status": "detected", "detection_status_ru": "обнаружено", "lon": 41.10491, "lat": 41.84824, "n_pixels": 3, "zone_area_km2": 0.001, "cover_m2": 27.8, "p_mean": 0.864, "p_max": 0.984, "cover_m2_km2": 27800.0, "h3": "882c256967fffff", "valid_frac_scene": 0.658, "wind_ms": 3.1, "sea": "спокойное", "scene_reliable": true, "field_event_id": "S4:DOORS3:T18", "field_profile": "B", "field_date": "2024-06-05", "field_distance_km": 5.9, "field_date_gap_days": 15, "field_conc_items_km2": 348.74, "conc_A_items_km2": null, "conc_A_lo80": null, "conc_A_hi80": null, "conc_A_lo95": null, "conc_A_hi95": null, "conc_A_status": "unavailable", "conc_A_status_ru": "концентрация недоступна", "conc_A_reasons": "вне бассейна профиля: nw_atlantic_subtropical", "conc_A_model": "conc-A-c6bce5631d2b", "conc_B_items_km2": 227.1, "conc_B_lo80": 48.0, "conc_B_hi80": 764.3, "conc_B_lo95": 29.7, "conc_B_hi95": 1431.7, "conc_B_status": "research_estimate", "conc_B_status_ru": "исследовательская оценка", "conc_B_reasons": "месяц 5 вне месяцев обучения [6]", "conc_B_model": "conc-B-c6bce5631d2b"}}, {"type": "Feature", "geometry": {"type": "Polygon", "coordinates": [[[41.10706070259444, 41.848302611941925], [41.106934413291434, 41.84812480512411], [41.107054792912386, 41.84812259585752], [41.10705183809157, 41.848032587812945], [41.10729555211391, 41.84811817694612], [41.107298507285215, 41.84820818497525], [41.10717812752269, 41.848210394500924], [41.10718108253895, 41.84830040253539], [41.10706070259444, 41.848302611941925]]]}, "properties": {"zone_id": "batumi-2024-05-21-051", "aoi": "batumi", "date": "2024-05-21", "scene_id": "S2A_MSIL2A_20240521T080611_R078_T37TFG_20240521T135035", "scene_datetime_utc": "2024-05-21T08:06:11.024000+00:00", "detection_status": "detected", "detection_status_ru": "обнаружено", "lon": 41.10712, "lat": 41.84817, "n_pixels": 1, "zone_area_km2": 0.0005, "cover_m2": 4.7, "p_mean": 0.98, "p_max": 0.98, "cover_m2_km2": 9400.0, "h3": "882c256967fffff", "valid_frac_scene": 0.658, "wind_ms": 3.1, "sea": "спокойное", "scene_reliable": true, "field_event_id": "S4:DOORS3:T18", "field_profile": "B", "field_date": "2024-06-05", "field_distance_km": 6.0, "field_date_gap_days": 15, "field_conc_items_km2": 348.74, "conc_A_items_km2": null, "conc_A_lo80": null, "conc_A_hi80": null, "conc_A_lo95": null, "conc_A_hi95": null, "conc_A_status": "unavailable", "conc_A_status_ru": "концентрация недоступна", "conc_A_reasons": "вне бассейна профиля: nw_atlantic_subtropical", "conc_A_model": "conc-A-c6bce5631d2b", "conc_B_items_km2": 227.1, "conc_B_lo80": 48.0, "conc_B_hi80": 764.3, "conc_B_lo95": 29.7, "conc_B_hi95": 1431.7, "conc_B_status": "research_estimate", "conc_B_status_ru": "исследовательская оценка", "conc_B_reasons": "месяц 5 вне месяцев обучения [6]", "conc_B_model": "conc-B-c6bce5631d2b"}}, {"type": "Feature", "geometry": {"type": "Polygon", "coordinates": [[[41.10584804296121, 41.84805467473623], [41.10584508983895, 41.84796466662071], [41.10572471042038, 41.84796687461271], [41.10572175748009, 41.84787686648869], [41.10584213673014, 41.8478746585036], [41.10583918363479, 41.84778465038492], [41.10607994175751, 41.847780234050425], [41.10608289518987, 41.84787024215525], [41.10620327439955, 41.847868033791976], [41.10620622801388, 41.847958041888276], [41.10608584863569, 41.847960250258495], [41.10608880209498, 41.84805025836014], [41.10584804296121, 41.84805467473623]]]}, "properties": {"zone_id": "batumi-2024-05-21-052", "aoi": "batumi", "date": "2024-05-21", "scene_id": "S2A_MSIL2A_20240521T080611_R078_T37TFG_20240521T135035", "scene_datetime_utc": "2024-05-21T08:06:11.024000+00:00", "detection_status": "detected", "detection_status_ru": "обнаружено", "lon": 41.10596, "lat": 41.84792, "n_pixels": 2, "zone_area_km2": 0.0008, "cover_m2": 12.9, "p_mean": 0.99, "p_max": 0.996, "cover_m2_km2": 16125.0, "h3": "882c256967fffff", "valid_frac_scene": 0.658, "wind_ms": 3.1, "sea": "спокойное", "scene_reliable": true, "field_event_id": "S4:DOORS3:T18", "field_profile": "B", "field_date": "2024-06-05", "field_distance_km": 5.9, "field_date_gap_days": 15, "field_conc_items_km2": 348.74, "conc_A_items_km2": null, "conc_A_lo80": null, "conc_A_hi80": null, "conc_A_lo95": null, "conc_A_hi95": null, "conc_A_status": "unavailable", "conc_A_status_ru": "концентрация недоступна", "conc_A_reasons": "вне бассейна профиля: nw_atlantic_subtropical", "conc_A_model": "conc-A-c6bce5631d2b", "conc_B_items_km2": 227.1, "conc_B_lo80": 48.0, "conc_B_hi80": 764.3, "conc_B_lo95": 29.7, "conc_B_hi95": 1431.7, "conc_B_status": "research_estimate", "conc_B_status_ru": "исследовательская оценка", "conc_B_reasons": "месяц 5 вне месяцев обучения [6]", "conc_B_model": "conc-B-c6bce5631d2b"}}, {"type": "Feature", "geometry": {"type": "Polygon", "coordinates": [[[41.10595365621555, 41.84760242605243], [41.10595070299207, 41.84751241793591], [41.105830324429505, 41.847514626019326], [41.10582737138799, 41.84742461789429], [41.105947749782054, 41.8474224098178], [41.10594479658549, 41.84733240169813], [41.10618555299624, 41.84732798518083], [41.1061885065298, 41.84741799328666], [41.10630888488348, 41.84741578483197], [41.10631183859902, 41.847505792929276], [41.10619146007683, 41.84750800139089], [41.10619441363731, 41.84759800949354], [41.10595365621555, 41.84760242605243]]]}, "properties": {"zone_id": "batumi-2024-05-21-053", "aoi": "batumi", "date": "2024-05-21", "scene_id": "S2A_MSIL2A_20240521T080611_R078_T37TFG_20240521T135035", "scene_datetime_utc": "2024-05-21T08:06:11.024000+00:00", "detection_status": "detected", "detection_status_ru": "обнаружено", "lon": 41.10607, "lat": 41.84747, "n_pixels": 2, "zone_area_km2": 0.0008, "cover_m2": 12.5, "p_mean": 0.935, "p_max": 0.949, "cover_m2_km2": 15625.0, "h3": "882c256967fffff", "valid_frac_scene": 0.658, "wind_ms": 3.1, "sea": "спокойное", "scene_reliable": true, "field_event_id": "S4:DOORS3:T18", "field_profile": "B", "field_date": "2024-06-05", "field_distance_km": 5.9, "field_date_gap_days": 15, "field_conc_items_km2": 348.74, "conc_A_items_km2": null, "conc_A_lo80": null, "conc_A_hi80": null, "conc_A_lo95": null, "conc_A_hi95": null, "conc_A_status": "unavailable", "conc_A_status_ru": "концентрация недоступна", "conc_A_reasons": "вне бассейна профиля: nw_atlantic_subtropical", "conc_A_model": "conc-A-c6bce5631d2b", "conc_B_items_km2": 227.1, "conc_B_lo80": 48.0, "conc_B_hi80": 764.3, "conc_B_lo95": 29.7, "conc_B_hi95": 1431.7, "conc_B_status": "research_estimate", "conc_B_status_ru": "исследовательская оценка", "conc_B_reasons": "месяц 5 вне месяцев обучения [6]", "conc_B_model": "conc-B-c6bce5631d2b"}}, {"type": "Feature", "geometry": {"type": "Polygon", "coordinates": [[[41.2837104418871, 41.846815812476066], [41.28358367476126, 41.846638211992214], [41.28370403733932, 41.84663581766439], [41.283700835087316, 41.84654582025613], [41.28394476245166, 41.8466310286307], [41.28394796505509, 41.84672102602233], [41.283827602337794, 41.84672342060969], [41.28383080478741, 41.8468134180072], [41.2837104418871, 41.846815812476066]]]}, "properties": {"zone_id": "batumi-2024-05-21-054", "aoi": "batumi", "date": "2024-05-21", "scene_id": "S2A_MSIL2A_20240521T080611_R078_T37TFG_20240521T135035", "scene_datetime_utc": "2024-05-21T08:06:11.024000+00:00", "detection_status": "detected", "detection_status_ru": "обнаружено", "lon": 41.28377, "lat": 41.84668, "n_pixels": 1, "zone_area_km2": 0.0005, "cover_m2": 5.1, "p_mean": 0.643, "p_max": 0.643, "cover_m2_km2": 10200.0, "h3": "882c21d335fffff", "valid_frac_scene": 0.658, "wind_ms": 3.1, "sea": "спокойное", "scene_reliable": true, "field_event_id": "S4:DOORS3:T19", "field_profile": "B", "field_date": "2024-06-05", "field_distance_km": 8.5, "field_date_gap_days": 15, "field_conc_items_km2": 544.69, "conc_A_items_km2": null, "conc_A_lo80": null, "conc_A_hi80": null, "conc_A_lo95": null, "conc_A_hi95": null, "conc_A_status": "unavailable", "conc_A_status_ru": "концентрация недоступна", "conc_A_reasons": "вне бассейна профиля: nw_atlantic_subtropical", "conc_A_model": "conc-A-c6bce5631d2b", "conc_B_items_km2": 250.6, "conc_B_lo80": 53.0, "conc_B_hi80": 843.2, "conc_B_lo95": 32.8, "conc_B_hi95": 1579.3, "conc_B_status": "research_estimate", "conc_B_status_ru": "исследовательская оценка", "conc_B_reasons": "месяц 5 вне месяцев обучения [6]", "conc_B_model": "conc-B-c6bce5631d2b"}}, {"type": "Feature", "geometry": {"type": "Polygon", "coordinates": [[[41.52686948847699, 41.846223785551516], [41.5268659455142, 41.8461338042125], [41.526621722610635, 41.84604912091586], [41.52661818001671, 41.84595913955691], [41.52673851983496, 41.845956490606184], [41.52673497708889, 41.84586650925388], [41.52697919942302, 41.84595119232689], [41.52698274252181, 41.8460411736609], [41.52710308245992, 41.84603852432402], [41.527106625743144, 41.84612850564806], [41.526986285636745, 41.84613115499325], [41.526989828767825, 41.846221136323955], [41.52686948847699, 41.846223785551516]]]}, "properties": {"zone_id": "batumi-2024-05-21-055", "aoi": "batumi", "date": "2024-05-21", "scene_id": "S2A_MSIL2A_20240521T080611_R078_T37TFG_20240521T135035", "scene_datetime_utc": "2024-05-21T08:06:11.024000+00:00", "detection_status": "detected", "detection_status_ru": "обнаружено", "lon": 41.52686, "lat": 41.84604, "n_pixels": 2, "zone_area_km2": 0.0008, "cover_m2": 0.0, "p_mean": 0.537, "p_max": 0.573, "cover_m2_km2": 0.0, "h3": "882c21c007fffff", "valid_frac_scene": 0.658, "wind_ms": 3.1, "sea": "спокойное", "scene_reliable": true, "field_event_id": "S4:DOORS3:T20", "field_profile": "B", "field_date": "2024-06-07", "field_distance_km": 16.4, "field_date_gap_days": 17, "field_conc_items_km2": 224.92, "conc_A_items_km2": null, "conc_A_lo80": null, "conc_A_hi80": null, "conc_A_lo95": null, "conc_A_hi95": null, "conc_A_status": "unavailable", "conc_A_status_ru": "концентрация недоступна", "conc_A_reasons": "вне бассейна профиля: nw_atlantic_subtropical", "conc_A_model": "conc-A-c6bce5631d2b", "conc_B_items_km2": 298.9, "conc_B_lo80": 63.4, "conc_B_hi80": 1005.6, "conc_B_lo95": 39.4, "conc_B_hi95": 1883.3, "conc_B_status": "research_estimate", "conc_B_status_ru": "исследовательская оценка", "conc_B_reasons": "месяц 5 вне месяцев обучения [6]", "conc_B_model": "conc-B-c6bce5631d2b"}}, {"type": "Feature", "geometry": {"type": "Polygon", "coordinates": [[[41.53709063693464, 41.84275618819505], [41.536963190724656, 41.84257888644466], [41.53708352324631, 41.842576226828996], [41.53707996642646, 41.84248624614349], [41.537324188241, 41.84257090721988], [41.53732774541358, 41.84266088788702], [41.53720741275608, 41.8426635477629], [41.5372109697766, 41.84275352843676], [41.53709063693464, 41.84275618819505]]]}, "properties": {"zone_id": "batumi-2024-05-21-056", "aoi": "batumi", "date": "2024-05-21", "scene_id": "S2A_MSIL2A_20240521T080611_R078_T37TFG_20240521T135035", "scene_datetime_utc": "2024-05-21T08:06:11.024000+00:00", "detection_status": "detected", "detection_status_ru": "обнаружено", "lon": 41.53715, "lat": 41.84262, "n_pixels": 1, "zone_area_km2": 0.0005, "cover_m2": 3.5, "p_mean": 0.58, "p_max": 0.58, "cover_m2_km2": 7000.0, "h3": "882c21c03dfffff", "valid_frac_scene": 0.658, "wind_ms": 3.1, "sea": "спокойное", "scene_reliable": true, "field_event_id": "S4:DOORS3:T20", "field_profile": "B", "field_date": "2024-06-07", "field_distance_km": 15.6, "field_date_gap_days": 17, "field_conc_items_km2": 224.92, "conc_A_items_km2": null, "conc_A_lo80": null, "conc_A_hi80": null, "conc_A_lo95": null, "conc_A_hi95": null, "conc_A_status": "unavailable", "conc_A_status_ru": "концентрация недоступна", "conc_A_reasons": "вне бассейна профиля: nw_atlantic_subtropical", "conc_A_model": "conc-A-c6bce5631d2b", "conc_B_items_km2": 307.7, "conc_B_lo80": 65.3, "conc_B_hi80": 1035.1, "conc_B_lo95": 40.5, "conc_B_hi95": 1938.6, "conc_B_status": "research_estimate", "conc_B_status_ru": "исследовательская оценка", "conc_B_reasons": "месяц 5 вне месяцев обучения [6]", "conc_B_model": "conc-B-c6bce5631d2b"}}, {"type": "Feature", "geometry": {"type": "Polygon", "coordinates": [[[41.00004567682659, 41.842741529382245], [40.99991969098433, 41.84256359792032], [41.00004006825929, 41.84256150104161], [41.00003726399481, 41.84247148686894], [41.000280822770875, 41.84255730690596], [41.00028362738515, 41.84264732106389], [41.000163249967244, 41.84264941820135], [41.00016605442579, 41.84273943236429], [41.00004567682659, 41.842741529382245]]]}, "properties": {"zone_id": "batumi-2024-05-21-057", "aoi": "batumi", "date": "2024-05-21", "scene_id": "S2A_MSIL2A_20240521T080611_R078_T37TFG_20240521T135035", "scene_datetime_utc": "2024-05-21T08:06:11.024000+00:00", "detection_status": "detected", "detection_status_ru": "обнаружено", "lon": 41.0001, "lat": 41.84261, "n_pixels": 1, "zone_area_km2": 0.0005, "cover_m2": 14.1, "p_mean": 0.529, "p_max": 0.529, "cover_m2_km2": 28200.0, "h3": "882c20b41bfffff", "valid_frac_scene": 0.658, "wind_ms": 3.1, "sea": "спокойное", "scene_reliable": true, "field_event_id": "S4:DOORS3:T18", "field_profile": "B", "field_date": "2024-06-05", "field_distance_km": 7.3, "field_date_gap_days": 15, "field_conc_items_km2": 348.74, "conc_A_items_km2": null, "conc_A_lo80": null, "conc_A_hi80": null, "conc_A_lo95": null, "conc_A_hi95": null, "conc_A_status": "unavailable", "conc_A_status_ru": "концентрация недоступна", "conc_A_reasons": "вне бассейна профиля: nw_atlantic_subtropical", "conc_A_model": "conc-A-c6bce5631d2b", "conc_B_items_km2": 217.5, "conc_B_lo80": 45.9, "conc_B_hi80": 732.1, "conc_B_lo95": 28.4, "conc_B_hi95": 1371.4, "conc_B_status": "research_estimate", "conc_B_status_ru": "исследовательская оценка", "conc_B_reasons": "месяц 5 вне месяцев обучения [6]", "conc_B_model": "conc-B-c6bce5631d2b"}}, {"type": "Feature", "geometry": {"type": "Polygon", "coordinates": [[[41.41291268441129, 41.83939959504661], [41.412909301942406, 41.83930960586442], [41.412788964245316, 41.83931213522444], [41.41278558196014, 41.83922214603269], [41.412905919488935, 41.839219616680616], [41.412902537050876, 41.83912962749517], [41.413143211725654, 41.83912456842906], [41.413146594500304, 41.839214557598616], [41.41326693198286, 41.839212027868705], [41.413270314941215, 41.83930201702869], [41.41314997729036, 41.83930454676655], [41.413153360095826, 41.83939453593284], [41.41291268441129, 41.83939959504661]]]}, "properties": {"zone_id": "batumi-2024-05-21-058", "aoi": "batumi", "date": "2024-05-21", "scene_id": "S2A_MSIL2A_20240521T080611_R078_T37TFG_20240521T135035", "scene_datetime_utc": "2024-05-21T08:06:11.024000+00:00", "detection_status": "detected", "detection_status_ru": "обнаружено", "lon": 41.41303, "lat": 41.83926, "n_pixels": 2, "zone_area_km2": 0.0008, "cover_m2": 10.6, "p_mean": 0.98, "p_max": 0.984, "cover_m2_km2": 13250.0, "h3": "882c21d1b5fffff", "valid_frac_scene": 0.658, "wind_ms": 3.1, "sea": "спокойное", "scene_reliable": true, "field_event_id": "S4:DOORS3:T19", "field_profile": "B", "field_date": "2024-06-05", "field_distance_km": 15.5, "field_date_gap_days": 15, "field_conc_items_km2": 544.69, "conc_A_items_km2": null, "conc_A_lo80": null, "conc_A_hi80": null, "conc_A_lo95": null, "conc_A_hi95": null, "conc_A_status": "unavailable", "conc_A_status_ru": "концентрация недоступна", "conc_A_reasons": "вне бассейна профиля: nw_atlantic_subtropical", "conc_A_model": "conc-A-c6bce5631d2b", "conc_B_items_km2": 272.7, "conc_B_lo80": 57.8, "conc_B_hi80": 917.5, "conc_B_lo95": 35.8, "conc_B_hi95": 1718.5, "conc_B_status": "research_estimate", "conc_B_status_ru": "исследовательская оценка", "conc_B_reasons": "месяц 5 вне месяцев обучения [6]", "conc_B_model": "conc-B-c6bce5631d2b"}}, {"type": "Feature", "geometry": {"type": "Polygon", "coordinates": [[[41.4335072885798, 41.83941515999454], [41.43350387725631, 41.83932517218426], [41.433383541364236, 41.83932772312122], [41.433373307991864, 41.83905775965654], [41.43325297258909, 41.83906031044354], [41.43324956166433, 41.83897032261069], [41.433369896898824, 41.83896777183169], [41.433366485821324, 41.838877784005206], [41.43360715590714, 41.8388726820854], [41.43373431410694, 41.83905010653987], [41.433978396722594, 41.83913499161552], [41.43398522066919, 41.83931496717691], [41.43386488483929, 41.83931751861766], [41.433868296667626, 41.83940750640391], [41.4335072885798, 41.83941515999454]], [[41.433617390195934, 41.83914264551189], [41.43373772572036, 41.83914009433905], [41.43373431410694, 41.83905010653987], [41.43361397875079, 41.8390526577047], [41.433617390195934, 41.83914264551189]]]}, "properties": {"zone_id": "batumi-2024-05-21-059", "aoi": "batumi", "date": "2024-05-21", "scene_id": "S2A_MSIL2A_20240521T080611_R078_T37TFG_20240521T135035", "scene_datetime_utc": "2024-05-21T08:06:11.024000+00:00", "detection_status": "detected", "detection_status_ru": "обнаружено", "lon": 41.43363, "lat": 41.83917, "n_pixels": 7, "zone_area_km2": 0.0022, "cover_m2": 56.5, "p_mean": 0.803, "p_max": 0.941, "cover_m2_km2": 25681.8, "h3": "882c21c35dfffff", "valid_frac_scene": 0.658, "wind_ms": 3.1, "sea": "спокойное", "scene_reliable": true, "field_event_id": "S4:DOORS3:T19", "field_profile": "B", "field_date": "2024-06-05", "field_distance_km": 17.0, "field_date_gap_days": 15, "field_conc_items_km2": 544.69, "conc_A_items_km2": null, "conc_A_lo80": null, "conc_A_hi80": null, "conc_A_lo95": null, "conc_A_hi95": null, "conc_A_status": "unavailable", "conc_A_status_ru": "концентрация недоступна", "conc_A_reasons": "вне бассейна профиля: nw_atlantic_subtropical", "conc_A_model": "conc-A-c6bce5631d2b", "conc_B_items_km2": 279.1, "conc_B_lo80": 59.1, "conc_B_hi80": 938.8, "conc_B_lo95": 36.7, "conc_B_hi95": 1758.4, "conc_B_status": "research_estimate", "conc_B_status_ru": "исследовательская оценка", "conc_B_reasons": "месяц 5 вне месяцев обучения [6]", "conc_B_model": "conc-B-c6bce5631d2b"}}, {"type": "Feature", "geometry": {"type": "Polygon", "coordinates": [[[41.41434319973256, 41.83900927644976], [41.4142160942239, 41.838831829093], [41.414336430894565, 41.838829298261295], [41.4143330464987, 41.83873930916464], [41.414577104189625, 41.83882423622008], [41.41458048893749, 41.838914225299234], [41.41446015212938, 41.838916756390766], [41.41446353672438, 41.83900674547623], [41.41434319973256, 41.83900927644976]]]}, "properties": {"zone_id": "batumi-2024-05-21-060", "aoi": "batumi", "date": "2024-05-21", "scene_id": "S2A_MSIL2A_20240521T080611_R078_T37TFG_20240521T135035", "scene_datetime_utc": "2024-05-21T08:06:11.024000+00:00", "detection_status": "detected", "detection_status_ru": "обнаружено", "lon": 41.4144, "lat": 41.83887, "n_pixels": 1, "zone_area_km2": 0.0005, "cover_m2": 4.3, "p_mean": 0.859, "p_max": 0.859, "cover_m2_km2": 8600.0, "h3": "882c21d1b5fffff", "valid_frac_scene": 0.658, "wind_ms": 3.1, "sea": "спокойное", "scene_reliable": true, "field_event_id": "S4:DOORS3:T19", "field_profile": "B", "field_date": "2024-06-05", "field_distance_km": 15.5, "field_date_gap_days": 15, "field_conc_items_km2": 544.69, "conc_A_items_km2": null, "conc_A_lo80": null, "conc_A_hi80": null, "conc_A_lo95": null, "conc_A_hi95": null, "conc_A_status": "unavailable", "conc_A_status_ru": "концентрация недоступна", "conc_A_reasons": "вне бассейна профиля: nw_atlantic_subtropical", "conc_A_model": "conc-A-c6bce5631d2b", "conc_B_items_km2": 272.7, "conc_B_lo80": 57.8, "conc_B_hi80": 917.5, "conc_B_lo95": 35.8, "conc_B_hi95": 1718.5, "conc_B_status": "research_estimate", "conc_B_status_ru": "исследовательская оценка", "conc_B_reasons": "месяц 5 вне месяцев обучения [6]", "conc_B_model": "conc-B-c6bce5631d2b"}}, {"type": "Feature", "geometry": {"type": "Polygon", "coordinates": [[[41.429791612703596, 41.83670200323339], [41.42978820690969, 41.83661201513216], [41.42966787576817, 41.836614562042875], [41.42966447015804, 41.836524573931996], [41.42978480113131, 41.836522027029275], [41.42978139536844, 41.83643203892476], [41.430022056931904, 41.83642694475751], [41.43002546303129, 41.83651693284604], [41.430145793958005, 41.8365143855655], [41.430149200241175, 41.83660437364439], [41.4300288691462, 41.836606920932915], [41.43003227527663, 41.83669690901816], [41.429791612703596, 41.83670200323339]]]}, "properties": {"zone_id": "batumi-2024-05-21-061", "aoi": "batumi", "date": "2024-05-21", "scene_id": "S2A_MSIL2A_20240521T080611_R078_T37TFG_20240521T135035", "scene_datetime_utc": "2024-05-21T08:06:11.024000+00:00", "detection_status": "detected", "detection_status_ru": "обнаружено", "lon": 41.42991, "lat": 41.83656, "n_pixels": 2, "zone_area_km2": 0.0008, "cover_m2": 16.5, "p_mean": 0.767, "p_max": 0.933, "cover_m2_km2": 20625.0, "h3": "882c21c343fffff", "valid_frac_scene": 0.658, "wind_ms": 3.1, "sea": "спокойное", "scene_reliable": true, "field_event_id": "S4:DOORS3:T19", "field_profile": "B", "field_date": "2024-06-05", "field_distance_km": 16.6, "field_date_gap_days": 15, "field_conc_items_km2": 544.69, "conc_A_items_km2": null, "conc_A_lo80": null, "conc_A_hi80": null, "conc_A_lo95": null, "conc_A_hi95": null, "conc_A_status": "unavailable", "conc_A_status_ru": "концентрация недоступна", "conc_A_reasons": "вне бассейна профиля: nw_atlantic_subtropical", "conc_A_model": "conc-A-c6bce5631d2b", "conc_B_items_km2": 275.9, "conc_B_lo80": 58.4, "conc_B_hi80": 928.2, "conc_B_lo95": 36.3, "conc_B_hi95": 1738.4, "conc_B_status": "research_estimate", "conc_B_status_ru": "исследовательская оценка", "conc_B_reasons": "месяц 5 вне месяцев обучения [6]", "conc_B_model": "conc-B-c6bce5631d2b"}}, {"type": "Feature", "geometry": {"type": "Polygon", "coordinates": [[[41.01056473234958, 41.83634346024531], [41.010438731051465, 41.836165540505576], [41.01055909556117, 41.836163432863195], [41.010556277186225, 41.83607341916977], [41.01079982454204, 41.8361592172003], [41.01080264326672, 41.83624923087891], [41.01068227861426, 41.83625133877999], [41.01068509718334, 41.83634135246365], [41.01056473234958, 41.83634346024531]]]}, "properties": {"zone_id": "batumi-2024-05-21-062", "aoi": "batumi", "date": "2024-05-21", "scene_id": "S2A_MSIL2A_20240521T080611_R078_T37TFG_20240521T135035", "scene_datetime_utc": "2024-05-21T08:06:11.024000+00:00", "detection_status": "detected", "detection_status_ru": "обнаружено", "lon": 41.01062, "lat": 41.83621, "n_pixels": 1, "zone_area_km2": 0.0005, "cover_m2": 6.3, "p_mean": 0.773, "p_max": 0.773, "cover_m2_km2": 12600.0, "h3": "882c20b413fffff", "valid_frac_scene": 0.658, "wind_ms": 3.1, "sea": "спокойное", "scene_reliable": true, "field_event_id": "S4:DOORS3:T18", "field_profile": "B", "field_date": "2024-06-05", "field_distance_km": 6.1, "field_date_gap_days": 15, "field_conc_items_km2": 348.74, "conc_A_items_km2": null, "conc_A_lo80": null, "conc_A_hi80": null, "conc_A_lo95": null, "conc_A_hi95": null, "conc_A_status": "unavailable", "conc_A_status_ru": "концентрация недоступна", "conc_A_reasons": "вне бассейна профиля: nw_atlantic_subtropical", "conc_A_model": "conc-A-c6bce5631d2b", "conc_B_items_km2": 217.5, "conc_B_lo80": 45.9, "conc_B_hi80": 732.1, "conc_B_lo95": 28.4, "conc_B_hi95": 1371.4, "conc_B_status": "research_estimate", "conc_B_status_ru": "исследовательская оценка", "conc_B_reasons": "месяц 5 вне месяцев обучения [6]", "conc_B_model": "conc-B-c6bce5631d2b"}}, {"type": "Feature", "geometry": {"type": "Polygon", "coordinates": [[[41.00044843204702, 41.83634003543355], [41.00032245836073, 41.836162103977415], [41.0004428236097, 41.83616000693595], [41.00044001941021, 41.836069992684806], [41.000683554069305, 41.836155812474885], [41.00068635861848, 41.836245826711306], [41.000565993226616, 41.836247924011445], [41.00056879762012, 41.836337938252875], [41.00044843204702, 41.83634003543355]]]}, "properties": {"zone_id": "batumi-2024-05-21-063", "aoi": "batumi", "date": "2024-05-21", "scene_id": "S2A_MSIL2A_20240521T080611_R078_T37TFG_20240521T135035", "scene_datetime_utc": "2024-05-21T08:06:11.024000+00:00", "detection_status": "detected", "detection_status_ru": "обнаружено", "lon": 41.0005, "lat": 41.8362, "n_pixels": 1, "zone_area_km2": 0.0005, "cover_m2": 3.9, "p_mean": 0.953, "p_max": 0.953, "cover_m2_km2": 7800.0, "h3": "882c20b411fffff", "valid_frac_scene": 0.658, "wind_ms": 3.1, "sea": "спокойное", "scene_reliable": true, "field_event_id": "S4:DOORS3:T18", "field_profile": "B", "field_date": "2024-06-05", "field_distance_km": 6.8, "field_date_gap_days": 15, "field_conc_items_km2": 348.74, "conc_A_items_km2": null, "conc_A_lo80": null, "conc_A_hi80": null, "conc_A_lo95": null, "conc_A_hi95": null, "conc_A_status": "unavailable", "conc_A_status_ru": "концентрация недоступна", "conc_A_reasons": "вне бассейна профиля: nw_atlantic_subtropical", "conc_A_model": "conc-A-c6bce5631d2b", "conc_B_items_km2": 217.5, "conc_B_lo80": 45.9, "conc_B_hi80": 732.1, "conc_B_lo95": 28.4, "conc_B_hi95": 1371.4, "conc_B_status": "research_estimate", "conc_B_status_ru": "исследовательская оценка", "conc_B_reasons": "месяц 5 вне месяцев обучения [6]", "conc_B_model": "conc-B-c6bce5631d2b"}}, {"type": "Feature", "geometry": {"type": "Polygon", "coordinates": [[[41.42773236668674, 41.83638533076614], [41.427728963815305, 41.836295342522455], [41.427484899816086, 41.83621044361099], [41.42748149731218, 41.83612045534806], [41.427601827723315, 41.83611791075209], [41.42759842506665, 41.8360279224955], [41.4278390855059, 41.836022832941744], [41.42784248849908, 41.836112821182354], [41.42796281886371, 41.8361102762086], [41.4279696252331, 41.83629025266891], [41.42773236668674, 41.83638533076614]]]}, "properties": {"zone_id": "batumi-2024-05-21-064", "aoi": "batumi", "date": "2024-05-21", "scene_id": "S2A_MSIL2A_20240521T080611_R078_T37TFG_20240521T135035", "scene_datetime_utc": "2024-05-21T08:06:11.024000+00:00", "detection_status": "detected", "detection_status_ru": "обнаружено", "lon": 41.42775, "lat": 41.83619, "n_pixels": 3, "zone_area_km2": 0.001, "cover_m2": 24.3, "p_mean": 0.783, "p_max": 0.965, "cover_m2_km2": 24300.0, "h3": "882c21c34bfffff", "valid_frac_scene": 0.658, "wind_ms": 3.1, "sea": "спокойное", "scene_reliable": true, "field_event_id": "S4:DOORS3:T19", "field_profile": "B", "field_date": "2024-06-05", "field_distance_km": 16.4, "field_date_gap_days": 15, "field_conc_items_km2": 544.69, "conc_A_items_km2": null, "conc_A_lo80": null, "conc_A_hi80": null, "conc_A_lo95": null, "conc_A_hi95": null, "conc_A_status": "unavailable", "conc_A_status_ru": "концентрация недоступна", "conc_A_reasons": "вне бассейна профиля: nw_atlantic_subtropical", "conc_A_model": "conc-A-c6bce5631d2b", "conc_B_items_km2": 275.9, "conc_B_lo80": 58.4, "conc_B_hi80": 928.2, "conc_B_lo95": 36.3, "conc_B_hi95": 1738.4, "conc_B_status": "research_estimate", "conc_B_status_ru": "исследовательская оценка", "conc_B_reasons": "месяц 5 вне месяцев обучения [6]", "conc_B_model": "conc-B-c6bce5631d2b"}}, {"type": "Feature", "geometry": {"type": "Polygon", "coordinates": [[[41.43353987783293, 41.83392079927243], [41.43341273099544, 41.83374337417428], [41.43353305642441, 41.83374082348196], [41.43352623507804, 41.83356084768492], [41.433646560155, 41.83355829688269], [41.433643149336895, 41.833468308989715], [41.43388379910772, 41.83346320702349], [41.43388721026229, 41.83355319490045], [41.43412786030741, 41.833548092414546], [41.434131271813996, 41.833638080273836], [41.43425159698148, 41.833635528833994], [41.43425500867184, 41.833725516683636], [41.43413468333612, 41.83372806813149], [41.43413809487378, 41.8338180559875], [41.43365679270255, 41.833828260551755], [41.43366020358282, 41.83391824843815], [41.43353987783293, 41.83392079927243]]]}, "properties": {"zone_id": "batumi-2024-05-21-065", "aoi": "batumi", "date": "2024-05-21", "scene_id": "S2A_MSIL2A_20240521T080611_R078_T37TFG_20240521T135035", "scene_datetime_utc": "2024-05-21T08:06:11.024000+00:00", "detection_status": "detected", "detection_status_ru": "обнаружено", "lon": 41.43381, "lat": 41.83368, "n_pixels": 7, "zone_area_km2": 0.002, "cover_m2": 56.5, "p_mean": 0.845, "p_max": 0.973, "cover_m2_km2": 28250.0, "h3": "882c21c343fffff", "valid_frac_scene": 0.658, "wind_ms": 3.1, "sea": "спокойное", "scene_reliable": true, "field_event_id": "S4:DOORS3:T19", "field_profile": "B", "field_date": "2024-06-05", "field_distance_km": 16.8, "field_date_gap_days": 15, "field_conc_items_km2": 544.69, "conc_A_items_km2": null, "conc_A_lo80": null, "conc_A_hi80": null, "conc_A_lo95": null, "conc_A_hi95": null, "conc_A_status": "unavailable", "conc_A_status_ru": "концентрация недоступна", "conc_A_reasons": "вне бассейна профиля: nw_atlantic_subtropical", "conc_A_model": "conc-A-c6bce5631d2b", "conc_B_items_km2": 279.1, "conc_B_lo80": 59.1, "conc_B_hi80": 938.8, "conc_B_lo95": 36.7, "conc_B_hi95": 1758.4, "conc_B_status": "research_estimate", "conc_B_status_ru": "исследовательская оценка", "conc_B_reasons": "месяц 5 вне месяцев обучения [6]", "conc_B_model": "conc-B-c6bce5631d2b"}}, {"type": "Feature", "geometry": {"type": "Polygon", "coordinates": [[[40.97940196506725, 41.83337245538879], [40.979276054961225, 41.83319449936332], [40.97939641618954, 41.833192424495444], [40.97939364176965, 41.833102409046425], [40.97951400281686, 41.83310033405902], [40.979511228241186, 41.833010318614946], [40.97975472487338, 41.83309618370609], [40.97975749979858, 41.833186199135554], [40.9798778609763, 41.833184123763516], [40.979880636082584, 41.833274139184915], [40.97976027473642, 41.833276214563455], [40.979763049686916, 41.83336622998981], [40.97940196506725, 41.83337245538879]]]}, "properties": {"zone_id": "batumi-2024-05-21-066", "aoi": "batumi", "date": "2024-05-21", "scene_id": "S2A_MSIL2A_20240521T080611_R078_T37TFG_20240521T135035", "scene_datetime_utc": "2024-05-21T08:06:11.024000+00:00", "detection_status": "detected", "detection_status_ru": "обнаружено", "lon": 40.97958, "lat": 41.83321, "n_pixels": 4, "zone_area_km2": 0.0012, "cover_m2": 11.0, "p_mean": 0.825, "p_max": 0.98, "cover_m2_km2": 9166.7, "h3": "882c20b457fffff", "valid_frac_scene": 0.658, "wind_ms": 3.1, "sea": "спокойное", "scene_reliable": true, "field_event_id": "S4:DOORS3:T18", "field_profile": "B", "field_date": "2024-06-05", "field_distance_km": 8.2, "field_date_gap_days": 15, "field_conc_items_km2": 348.74, "conc_A_items_km2": null, "conc_A_lo80": null, "conc_A_hi80": null, "conc_A_lo95": null, "conc_A_hi95": null, "conc_A_status": "unavailable", "conc_A_status_ru": "концентрация недоступна", "conc_A_reasons": "вне бассейна профиля: nw_atlantic_subtropical", "conc_A_model": "conc-A-c6bce5631d2b", "conc_B_items_km2": 214.1, "conc_B_lo80": 45.2, "conc_B_hi80": 720.7, "conc_B_lo95": 27.9, "conc_B_hi95": 1350.1, "conc_B_status": "research_estimate", "conc_B_status_ru": "исследовательская оценка", "conc_B_reasons": "месяц 5 вне месяцев обучения [6]", "conc_B_model": "conc-B-c6bce5631d2b"}}, {"type": "Feature", "geometry": {"type": "Polygon", "coordinates": [[[40.975060635654756, 41.83317702465218], [40.97493473780261, 41.8329990635918], [40.97505509898028, 41.832996993280794], [40.97505233066196, 41.83290697759275], [40.97529582129774, 41.83299285228065], [40.97529858996555, 41.83308286795412], [40.97517822864469, 41.83308493852371], [40.97518099715667, 41.83317495420213], [40.975060635654756, 41.83317702465218]]]}, "properties": {"zone_id": "batumi-2024-05-21-067", "aoi": "batumi", "date": "2024-05-21", "scene_id": "S2A_MSIL2A_20240521T080611_R078_T37TFG_20240521T135035", "scene_datetime_utc": "2024-05-21T08:06:11.024000+00:00", "detection_status": "detected", "detection_status_ru": "обнаружено", "lon": 40.97512, "lat": 41.83304, "n_pixels": 1, "zone_area_km2": 0.0005, "cover_m2": 3.9, "p_mean": 0.698, "p_max": 0.698, "cover_m2_km2": 7800.0, "h3": "882c20b455fffff", "valid_frac_scene": 0.658, "wind_ms": 3.1, "sea": "спокойное", "scene_reliable": true, "field_event_id": "S4:DOORS3:T18", "field_profile": "B", "field_date": "2024-06-05", "field_distance_km": 8.5, "field_date_gap_days": 15, "field_conc_items_km2": 348.74, "conc_A_items_km2": null, "conc_A_lo80": null, "conc_A_hi80": null, "conc_A_lo95": null, "conc_A_hi95": null, "conc_A_status": "unavailable", "conc_A_status_ru": "концентрация недоступна", "conc_A_reasons": "вне бассейна профиля: nw_atlantic_subtropical", "conc_A_model": "conc-A-c6bce5631d2b", "conc_B_items_km2": 214.1, "conc_B_lo80": 45.2, "conc_B_hi80": 720.7, "conc_B_lo95": 27.9, "conc_B_hi95": 1350.1, "conc_B_status": "research_estimate", "conc_B_status_ru": "исследовательская оценка", "conc_B_reasons": "месяц 5 вне месяцев обучения [6]", "conc_B_model": "conc-B-c6bce5631d2b"}}, {"type": "Feature", "geometry": {"type": "Polygon", "coordinates": [[[41.43134334308339, 41.83315680035115], [41.43133993553935, 41.83306681229787], [41.43121961117669, 41.83306936065962], [41.43121620381639, 41.83297937259672], [41.431336528010824, 41.832976824242955], [41.43133312049783, 41.832886836186404], [41.43157376850367, 41.83288173911715], [41.431577176353116, 41.832971727157705], [41.431697500500974, 41.832969178426204], [41.43170090853419, 41.83305916645711], [41.4315805842181, 41.83306171519661], [41.43158399209861, 41.83315170323388], [41.43134334308339, 41.83315680035115]]]}, "properties": {"zone_id": "batumi-2024-05-21-068", "aoi": "batumi", "date": "2024-05-21", "scene_id": "S2A_MSIL2A_20240521T080611_R078_T37TFG_20240521T135035", "scene_datetime_utc": "2024-05-21T08:06:11.024000+00:00", "detection_status": "detected", "detection_status_ru": "обнаружено", "lon": 41.43146, "lat": 41.83302, "n_pixels": 2, "zone_area_km2": 0.0008, "cover_m2": 10.2, "p_mean": 0.62, "p_max": 0.718, "cover_m2_km2": 12750.0, "h3": "882c21c343fffff", "valid_frac_scene": 0.658, "wind_ms": 3.1, "sea": "спокойное", "scene_reliable": true, "field_event_id": "S4:DOORS3:T19", "field_profile": "B", "field_date": "2024-06-05", "field_distance_km": 16.5, "field_date_gap_days": 15, "field_conc_items_km2": 544.69, "conc_A_items_km2": null, "conc_A_lo80": null, "conc_A_hi80": null, "conc_A_lo95": null, "conc_A_hi95": null, "conc_A_status": "unavailable", "conc_A_status_ru": "концентрация недоступна", "conc_A_reasons": "вне бассейна профиля: nw_atlantic_subtropical", "conc_A_model": "conc-A-c6bce5631d2b", "conc_B_items_km2": 275.9, "conc_B_lo80": 58.4, "conc_B_hi80": 928.2, "conc_B_lo95": 36.3, "conc_B_hi95": 1738.4, "conc_B_status": "research_estimate", "conc_B_status_ru": "исследовательская оценка", "conc_B_reasons": "месяц 5 вне месяцев обучения [6]", "conc_B_model": "conc-B-c6bce5631d2b"}}, {"type": "Feature", "geometry": {"type": "Polygon", "coordinates": [[[40.97866315506881, 41.83284480985036], [40.97853724807046, 41.832666852932626], [40.97865760836401, 41.83266477886004], [40.97865483503057, 41.83257476336255], [40.97877519514304, 41.83257268917043], [40.97877242165381, 41.83248267367789], [40.97901314150398, 41.83247852492862], [40.97901591533007, 41.83256854040814], [40.97913627540463, 41.83256646583793], [40.97914182343161, 41.832746496779265], [40.97902146302019, 41.832748571362494], [40.97902423688421, 41.83283858683733], [40.97866315506881, 41.83284480985036]]]}, "properties": {"zone_id": "batumi-2024-05-21-069", "aoi": "batumi", "date": "2024-05-21", "scene_id": "S2A_MSIL2A_20240521T080611_R078_T37TFG_20240521T135035", "scene_datetime_utc": "2024-05-21T08:06:11.024000+00:00", "detection_status": "detected", "detection_status_ru": "обнаружено", "lon": 40.97886, "lat": 41.83267, "n_pixels": 5, "zone_area_km2": 0.0014, "cover_m2": 17.6, "p_mean": 0.914, "p_max": 0.961, "cover_m2_km2": 12571.4, "h3": "882c20b457fffff", "valid_frac_scene": 0.658, "wind_ms": 3.1, "sea": "спокойное", "scene_reliable": true, "field_event_id": "S4:DOORS3:T18", "field_profile": "B", "field_date": "2024-06-05", "field_distance_km": 8.2, "field_date_gap_days": 15, "field_conc_items_km2": 348.74, "conc_A_items_km2": null, "conc_A_lo80": null, "conc_A_hi80": null, "conc_A_lo95": null, "conc_A_hi95": null, "conc_A_status": "unavailable", "conc_A_status_ru": "концентрация недоступна", "conc_A_reasons": "вне бассейна профиля: nw_atlantic_subtropical", "conc_A_model": "conc-A-c6bce5631d2b", "conc_B_items_km2": 214.1, "conc_B_lo80": 45.2, "conc_B_hi80": 720.7, "conc_B_lo95": 27.9, "conc_B_hi95": 1350.1, "conc_B_status": "research_estimate", "conc_B_status_ru": "исследовательская оценка", "conc_B_reasons": "месяц 5 вне месяцев обучения [6]", "conc_B_model": "conc-B-c6bce5631d2b"}}, {"type": "Feature", "geometry": {"type": "Polygon", "coordinates": [[[40.97840579585379, 41.83230886482764], [40.978279890666116, 41.83213090757391], [40.978400249974364, 41.83212883379249], [40.978397477053605, 41.832038818272565], [40.97864096855294, 41.832124685851525], [40.978643741823184, 41.83221470135686], [40.97852338237179, 41.83221677539688], [40.97852615548625, 41.832306790907154], [40.97840579585379, 41.83230886482764]]]}, "properties": {"zone_id": "batumi-2024-05-21-070", "aoi": "batumi", "date": "2024-05-21", "scene_id": "S2A_MSIL2A_20240521T080611_R078_T37TFG_20240521T135035", "scene_datetime_utc": "2024-05-21T08:06:11.024000+00:00", "detection_status": "detected", "detection_status_ru": "обнаружено", "lon": 40.97846, "lat": 41.83217, "n_pixels": 1, "zone_area_km2": 0.0005, "cover_m2": 5.9, "p_mean": 0.835, "p_max": 0.835, "cover_m2_km2": 11800.0, "h3": "882c20b457fffff", "valid_frac_scene": 0.658, "wind_ms": 3.1, "sea": "спокойное", "scene_reliable": true, "field_event_id": "S4:DOORS3:T18", "field_profile": "B", "field_date": "2024-06-05", "field_distance_km": 8.2, "field_date_gap_days": 15, "field_conc_items_km2": 348.74, "conc_A_items_km2": null, "conc_A_lo80": null, "conc_A_hi80": null, "conc_A_lo95": null, "conc_A_hi95": null, "conc_A_status": "unavailable", "conc_A_status_ru": "концентрация недоступна", "conc_A_reasons": "вне бассейна профиля: nw_atlantic_subtropical", "conc_A_model": "conc-A-c6bce5631d2b", "conc_B_items_km2": 214.1, "conc_B_lo80": 45.2, "conc_B_hi80": 720.7, "conc_B_lo95": 27.9, "conc_B_hi95": 1350.1, "conc_B_status": "research_estimate", "conc_B_status_ru": "исследовательская оценка", "conc_B_reasons": "месяц 5 вне месяцев обучения [6]", "conc_B_model": "conc-B-c6bce5631d2b"}}, {"type": "Feature", "geometry": {"type": "Polygon", "coordinates": [[[41.49125603219334, 41.83169209963708], [41.49125254091252, 41.83160211561384], [41.49113222471198, 41.83160472666062], [41.49112524253443, 41.831424758592796], [41.49136238284556, 41.831329552386116], [41.49136587424685, 41.831419536406116], [41.4914861900792, 41.83141692512393], [41.49149317326588, 41.831596893142574], [41.49125603219334, 41.83169209963708]]]}, "properties": {"zone_id": "batumi-2024-05-21-071", "aoi": "batumi", "date": "2024-05-21", "scene_id": "S2A_MSIL2A_20240521T080611_R078_T37TFG_20240521T135035", "scene_datetime_utc": "2024-05-21T08:06:11.024000+00:00", "detection_status": "detected", "detection_status_ru": "обнаружено", "lon": 41.49131, "lat": 41.83151, "n_pixels": 2, "zone_area_km2": 0.0008, "cover_m2": 9.8, "p_mean": 0.853, "p_max": 0.894, "cover_m2_km2": 12250.0, "h3": "882c21c06dfffff", "valid_frac_scene": 0.658, "wind_ms": 3.1, "sea": "спокойное", "scene_reliable": true, "field_event_id": "S4:DOORS3:T20", "field_profile": "B", "field_date": "2024-06-07", "field_distance_km": 17.0, "field_date_gap_days": 17, "field_conc_items_km2": 224.92, "conc_A_items_km2": null, "conc_A_lo80": null, "conc_A_hi80": null, "conc_A_lo95": null, "conc_A_hi95": null, "conc_A_status": "unavailable", "conc_A_status_ru": "концентрация недоступна", "conc_A_reasons": "вне бассейна профиля: nw_atlantic_subtropical", "conc_A_model": "conc-A-c6bce5631d2b", "conc_B_items_km2": 289.8, "conc_B_lo80": 61.4, "conc_B_hi80": 974.8, "conc_B_lo95": 38.1, "conc_B_hi95": 1825.7, "conc_B_status": "research_estimate", "conc_B_status_ru": "исследовательская оценка", "conc_B_reasons": "месяц 5 вне месяцев обучения [6]", "conc_B_model": "conc-B-c6bce5631d2b"}}, {"type": "Feature", "geometry": {"type": "Polygon", "coordinates": [[[41.153765036202635, 41.82942351584162], [41.15376201788773, 41.829333510238456], [41.15364167713082, 41.82933576763718], [41.153635640878925, 41.82915575641187], [41.15375598129917, 41.82915349902731], [41.153752963025525, 41.82906349341937], [41.15399364348811, 41.8290589782865], [41.153996662098415, 41.829148983880266], [41.1541170024774, 41.82914672611777], [41.154120021269776, 41.82923673170288], [41.153999680722464, 41.82923898947245], [41.154002699360284, 41.829328995063044], [41.153765036202635, 41.82942351584162]]]}, "properties": {"zone_id": "batumi-2024-05-21-072", "aoi": "batumi", "date": "2024-05-21", "scene_id": "S2A_MSIL2A_20240521T080611_R078_T37TFG_20240521T135035", "scene_datetime_utc": "2024-05-21T08:06:11.024000+00:00", "detection_status": "detected", "detection_status_ru": "обнаружено", "lon": 41.15386, "lat": 41.82923, "n_pixels": 3, "zone_area_km2": 0.001, "cover_m2": 15.3, "p_mean": 0.99, "p_max": 0.996, "cover_m2_km2": 15300.0, "h3": "882c20a6e9fffff", "valid_frac_scene": 0.658, "wind_ms": 3.1, "sea": "спокойное", "scene_reliable": true, "field_event_id": "S4:DOORS3:T18", "field_profile": "B", "field_date": "2024-06-05", "field_distance_km": 7.7, "field_date_gap_days": 15, "field_conc_items_km2": 348.74, "conc_A_items_km2": null, "conc_A_lo80": null, "conc_A_hi80": null, "conc_A_lo95": null, "conc_A_hi95": null, "conc_A_status": "unavailable", "conc_A_status_ru": "концентрация недоступна", "conc_A_reasons": "вне бассейна профиля: nw_atlantic_subtropical", "conc_A_model": "conc-A-c6bce5631d2b", "conc_B_items_km2": 235.0, "conc_B_lo80": 49.7, "conc_B_hi80": 790.9, "conc_B_lo95": 30.7, "conc_B_hi95": 1481.4, "conc_B_status": "research_estimate", "conc_B_status_ru": "исследовательская оценка", "conc_B_reasons": "месяц 5 вне месяцев обучения [6]", "conc_B_model": "conc-B-c6bce5631d2b"}}, {"type": "Feature", "geometry": {"type": "Polygon", "coordinates": [[[41.153382889005016, 41.828800248276636], [41.1532565141399, 41.82862249396797], [41.153376853591446, 41.82862023700385], [41.153373835905285, 41.82853023136508], [41.153617532453296, 41.82861572269772], [41.153620550489855, 41.828705728320735], [41.153500210897484, 41.82870798554388], [41.15350322877947, 41.82879799117238], [41.153382889005016, 41.828800248276636]]]}, "properties": {"zone_id": "batumi-2024-05-21-073", "aoi": "batumi", "date": "2024-05-21", "scene_id": "S2A_MSIL2A_20240521T080611_R078_T37TFG_20240521T135035", "scene_datetime_utc": "2024-05-21T08:06:11.024000+00:00", "detection_status": "detected", "detection_status_ru": "обнаружено", "lon": 41.15344, "lat": 41.82866, "n_pixels": 1, "zone_area_km2": 0.0005, "cover_m2": 5.9, "p_mean": 0.596, "p_max": 0.596, "cover_m2_km2": 11800.0, "h3": "882c20a6e9fffff", "valid_frac_scene": 0.658, "wind_ms": 3.1, "sea": "спокойное", "scene_reliable": true, "field_event_id": "S4:DOORS3:T18", "field_profile": "B", "field_date": "2024-06-05", "field_distance_km": 7.6, "field_date_gap_days": 15, "field_conc_items_km2": 348.74, "conc_A_items_km2": null, "conc_A_lo80": null, "conc_A_hi80": null, "conc_A_lo95": null, "conc_A_hi95": null, "conc_A_status": "unavailable", "conc_A_status_ru": "концентрация недоступна", "conc_A_reasons": "вне бассейна профиля: nw_atlantic_subtropical", "conc_A_model": "conc-A-c6bce5631d2b", "conc_B_items_km2": 235.0, "conc_B_lo80": 49.7, "conc_B_hi80": 790.9, "conc_B_lo95": 30.7, "conc_B_hi95": 1481.4, "conc_B_status": "research_estimate", "conc_B_status_ru": "исследовательская оценка", "conc_B_reasons": "месяц 5 вне месяцев обучения [6]", "conc_B_model": "conc-B-c6bce5631d2b"}}, {"type": "Feature", "geometry": {"type": "Polygon", "coordinates": [[[40.97130334769485, 41.82846823576051], [40.971300585071795, 41.8283782197978], [40.97118023227377, 41.82838028599021], [40.971177469831694, 41.828290270019416], [40.97129782246133, 41.82828820383349], [40.97129505986346, 41.82819818786764], [40.97153576474817, 41.8281940551307], [40.97153852768283, 41.82828407108357], [40.9716588802747, 41.82828200451958], [40.97166164339036, 41.828372020464414], [40.97154129063009, 41.828374087034895], [40.97154405358995, 41.82846410298463], [40.97130334769485, 41.82846823576051]]]}, "properties": {"zone_id": "batumi-2024-05-21-074", "aoi": "batumi", "date": "2024-05-21", "scene_id": "S2A_MSIL2A_20240521T080611_R078_T37TFG_20240521T135035", "scene_datetime_utc": "2024-05-21T08:06:11.024000+00:00", "detection_status": "detected", "detection_status_ru": "обнаружено", "lon": 40.97142, "lat": 41.82833, "n_pixels": 2, "zone_area_km2": 0.0008, "cover_m2": 14.1, "p_mean": 0.569, "p_max": 0.576, "cover_m2_km2": 17625.0, "h3": "882c20b455fffff", "valid_frac_scene": 0.658, "wind_ms": 3.1, "sea": "спокойное", "scene_reliable": true, "field_event_id": "S4:DOORS3:T18", "field_profile": "B", "field_date": "2024-06-05", "field_distance_km": 8.6, "field_date_gap_days": 15, "field_conc_items_km2": 348.74, "conc_A_items_km2": null, "conc_A_lo80": null, "conc_A_hi80": null, "conc_A_lo95": null, "conc_A_hi95": null, "conc_A_status": "unavailable", "conc_A_status_ru": "концентрация недоступна", "conc_A_reasons": "вне бассейна профиля: nw_atlantic_subtropical", "conc_A_model": "conc-A-c6bce5631d2b", "conc_B_items_km2": 214.1, "conc_B_lo80": 45.2, "conc_B_hi80": 720.7, "conc_B_lo95": 27.9, "conc_B_hi95": 1350.1, "conc_B_status": "research_estimate", "conc_B_status_ru": "исследовательская оценка", "conc_B_reasons": "месяц 5 вне месяцев обучения [6]", "conc_B_model": "conc-B-c6bce5631d2b"}}, {"type": "Feature", "geometry": {"type": "Polygon", "coordinates": [[[40.961267283437365, 41.82710902071371], [40.96114143577513, 41.826931043275664], [40.96126178658428, 41.82692898765908], [40.96125903817653, 41.82683897112941], [40.96150248816501, 41.82692487604787], [40.96150523692207, 41.82701489256306], [40.96138488596958, 41.82701694843812], [40.96138763457077, 41.827106964958205], [40.961267283437365, 41.82710902071371]]]}, "properties": {"zone_id": "batumi-2024-05-21-075", "aoi": "batumi", "date": "2024-05-21", "scene_id": "S2A_MSIL2A_20240521T080611_R078_T37TFG_20240521T135035", "scene_datetime_utc": "2024-05-21T08:06:11.024000+00:00", "detection_status": "detected", "detection_status_ru": "обнаружено", "lon": 40.96132, "lat": 41.82697, "n_pixels": 1, "zone_area_km2": 0.0005, "cover_m2": 5.5, "p_mean": 0.588, "p_max": 0.588, "cover_m2_km2": 11000.0, "h3": "882c20b443fffff", "valid_frac_scene": 0.658, "wind_ms": 3.1, "sea": "спокойное", "scene_reliable": true, "field_event_id": "S4:DOORS3:T26", "field_profile": "B", "field_date": "2024-06-14", "field_distance_km": 9.1, "field_date_gap_days": 24, "field_conc_items_km2": 85.69, "conc_A_items_km2": null, "conc_A_lo80": null, "conc_A_hi80": null, "conc_A_lo95": null, "conc_A_hi95": null, "conc_A_status": "unavailable", "conc_A_status_ru": "концентрация недоступна", "conc_A_reasons": "вне бассейна профиля: nw_atlantic_subtropical", "conc_A_model": "conc-A-c6bce5631d2b", "conc_B_items_km2": 212.4, "conc_B_lo80": 44.8, "conc_B_hi80": 715.2, "conc_B_lo95": 27.7, "conc_B_hi95": 1339.8, "conc_B_status": "research_estimate", "conc_B_status_ru": "исследовательская оценка", "conc_B_reasons": "месяц 5 вне месяцев обучения [6]", "conc_B_model": "conc-B-c6bce5631d2b"}}, {"type": "Feature", "geometry": {"type": "Polygon", "coordinates": [[[41.493703799775524, 41.82650554289799], [41.493700305702, 41.82641555896096], [41.49357999943689, 41.82641817230973], [41.493573011673874, 41.82623820441429], [41.493693317602705, 41.82623559108194], [41.49368982357693, 41.82614560713995], [41.49393392941261, 41.82623036403963], [41.49393742379059, 41.826320347963566], [41.49405772983981, 41.82631773424541], [41.49406122440184, 41.82640771815947], [41.49394091818448, 41.826410331885846], [41.49394441259429, 41.82650031580646], [41.493703799775524, 41.82650554289799]]]}, "properties": {"zone_id": "batumi-2024-05-21-076", "aoi": "batumi", "date": "2024-05-21", "scene_id": "S2A_MSIL2A_20240521T080611_R078_T37TFG_20240521T135035", "scene_datetime_utc": "2024-05-21T08:06:11.024000+00:00", "detection_status": "detected", "detection_status_ru": "обнаружено", "lon": 41.4938, "lat": 41.82634, "n_pixels": 3, "zone_area_km2": 0.001, "cover_m2": 12.2, "p_mean": 0.817, "p_max": 0.961, "cover_m2_km2": 12200.0, "h3": "882c21c065fffff", "valid_frac_scene": 0.658, "wind_ms": 3.1, "sea": "спокойное", "scene_reliable": true, "field_event_id": "S4:DOORS3:T20", "field_profile": "B", "field_date": "2024-06-07", "field_distance_km": 16.5, "field_date_gap_days": 17, "field_conc_items_km2": 224.92, "conc_A_items_km2": null, "conc_A_lo80": null, "conc_A_hi80": null, "conc_A_lo95": null, "conc_A_hi95": null, "conc_A_status": "unavailable", "conc_A_status_ru": "концентрация недоступна", "conc_A_reasons": "вне бассейна профиля: nw_atlantic_subtropical", "conc_A_model": "conc-A-c6bce5631d2b", "conc_B_items_km2": 289.8, "conc_B_lo80": 61.4, "conc_B_hi80": 974.8, "conc_B_lo95": 38.1, "conc_B_hi95": 1825.7, "conc_B_status": "research_estimate", "conc_B_status_ru": "исследовательская оценка", "conc_B_reasons": "месяц 5 вне месяцев обучения [6]", "conc_B_model": "conc-B-c6bce5631d2b"}}, {"type": "Feature", "geometry": {"type": "Polygon", "coordinates": [[[40.96449198327827, 41.826243323858805], [40.964489230411836, 41.82615330749265], [40.96424577963491, 41.82606740892042], [40.96424302713033, 41.82597739253821], [40.96436337592974, 41.825975333709934], [40.96436062326932, 41.82588531733263], [40.96460407349093, 41.82597121567535], [40.96460682650066, 41.826061232038164], [40.964727175430816, 41.82605917282539], [40.964729928621466, 41.82614918918018], [40.96460957952292, 41.82615124839942], [40.964612332557735, 41.826241264759105], [40.96449198327827, 41.826243323858805]]]}, "properties": {"zone_id": "batumi-2024-05-21-077", "aoi": "batumi", "date": "2024-05-21", "scene_id": "S2A_MSIL2A_20240521T080611_R078_T37TFG_20240521T135035", "scene_datetime_utc": "2024-05-21T08:06:11.024000+00:00", "detection_status": "detected", "detection_status_ru": "обнаружено", "lon": 40.96449, "lat": 41.82606, "n_pixels": 2, "zone_area_km2": 0.0008, "cover_m2": 13.3, "p_mean": 0.647, "p_max": 0.71, "cover_m2_km2": 16625.0, "h3": "882c20b443fffff", "valid_frac_scene": 0.658, "wind_ms": 3.1, "sea": "спокойное", "scene_reliable": true, "field_event_id": "S4:DOORS3:T26", "field_profile": "B", "field_date": "2024-06-14", "field_distance_km": 8.9, "field_date_gap_days": 24, "field_conc_items_km2": 85.69, "conc_A_items_km2": null, "conc_A_lo80": null, "conc_A_hi80": null, "conc_A_lo95": null, "conc_A_hi95": null, "conc_A_status": "unavailable", "conc_A_status_ru": "концентрация недоступна", "conc_A_reasons": "вне бассейна профиля: nw_atlantic_subtropical", "conc_A_model": "conc-A-c6bce5631d2b", "conc_B_items_km2": 212.4, "conc_B_lo80": 44.8, "conc_B_hi80": 715.2, "conc_B_lo95": 27.7, "conc_B_hi95": 1339.8, "conc_B_status": "research_estimate", "conc_B_status_ru": "исследовательская оценка", "conc_B_reasons": "месяц 5 вне месяцев обучения [6]", "conc_B_model": "conc-B-c6bce5631d2b"}}, {"type": "Feature", "geometry": {"type": "Polygon", "coordinates": [[[41.499656058919584, 41.824755010839034], [41.49952875227497, 41.82457766321119], [41.49964905454882, 41.824575043725225], [41.49964555238736, 41.82448506016584], [41.49988965904866, 41.824569804375706], [41.49989316156231, 41.82465978791699], [41.499772859152245, 41.82466240766292], [41.499776361513725, 41.82475239121077], [41.499656058919584, 41.824755010839034]]]}, "properties": {"zone_id": "batumi-2024-05-21-078", "aoi": "batumi", "date": "2024-05-21", "scene_id": "S2A_MSIL2A_20240521T080611_R078_T37TFG_20240521T135035", "scene_datetime_utc": "2024-05-21T08:06:11.024000+00:00", "detection_status": "detected", "detection_status_ru": "обнаружено", "lon": 41.49971, "lat": 41.82462, "n_pixels": 1, "zone_area_km2": 0.0005, "cover_m2": 2.7, "p_mean": 0.91, "p_max": 0.91, "cover_m2_km2": 5400.0, "h3": "882c21c065fffff", "valid_frac_scene": 0.658, "wind_ms": 3.1, "sea": "спокойное", "scene_reliable": true, "field_event_id": "S4:DOORS3:T20", "field_profile": "B", "field_date": "2024-06-07", "field_distance_km": 16.0, "field_date_gap_days": 17, "field_conc_items_km2": 224.92, "conc_A_items_km2": null, "conc_A_lo80": null, "conc_A_hi80": null, "conc_A_lo95": null, "conc_A_hi95": null, "conc_A_status": "unavailable", "conc_A_status_ru": "концентрация недоступна", "conc_A_reasons": "вне бассейна профиля: nw_atlantic_subtropical", "conc_A_model": "conc-A-c6bce5631d2b", "conc_B_items_km2": 299.0, "conc_B_lo80": 63.4, "conc_B_hi80": 1005.8, "conc_B_lo95": 39.4, "conc_B_hi95": 1883.7, "conc_B_status": "research_estimate", "conc_B_status_ru": "исследовательская оценка", "conc_B_reasons": "месяц 5 вне месяцев обучения [6]", "conc_B_model": "conc-B-c6bce5631d2b"}}, {"type": "Feature", "geometry": {"type": "Polygon", "coordinates": [[[41.48900659751188, 41.82336532798701], [41.489003110399736, 41.823275343679015], [41.488759021990504, 41.823190575768805], [41.48875553524637, 41.82310059144111], [41.48887583574268, 41.823097983312515], [41.488872348846314, 41.82300799899137], [41.48911643668765, 41.82309276667773], [41.48911992393614, 41.82318275098086], [41.48924022455291, 41.8231801424665], [41.4892437119854, 41.82327012675978], [41.48912341120051, 41.82327273528232], [41.48912689848077, 41.82336271958213], [41.48900659751188, 41.82336532798701]]]}, "properties": {"zone_id": "batumi-2024-05-21-079", "aoi": "batumi", "date": "2024-05-21", "scene_id": "S2A_MSIL2A_20240521T080611_R078_T37TFG_20240521T135035", "scene_datetime_utc": "2024-05-21T08:06:11.024000+00:00", "detection_status": "detected", "detection_status_ru": "обнаружено", "lon": 41.489, "lat": 41.82319, "n_pixels": 2, "zone_area_km2": 0.0008, "cover_m2": 5.1, "p_mean": 0.729, "p_max": 0.914, "cover_m2_km2": 6375.0, "h3": "882c21c333fffff", "valid_frac_scene": 0.658, "wind_ms": 3.1, "sea": "спокойное", "scene_reliable": true, "field_event_id": "S4:DOORS3:T20", "field_profile": "B", "field_date": "2024-06-07", "field_distance_km": 16.5, "field_date_gap_days": 17, "field_conc_items_km2": 224.92, "conc_A_items_km2": null, "conc_A_lo80": null, "conc_A_hi80": null, "conc_A_lo95": null, "conc_A_hi95": null, "conc_A_status": "unavailable", "conc_A_status_ru": "концентрация недоступна", "conc_A_reasons": "вне бассейна профиля: nw_atlantic_subtropical", "conc_A_model": "conc-A-c6bce5631d2b", "conc_B_items_km2": 295.0, "conc_B_lo80": 62.6, "conc_B_hi80": 992.5, "conc_B_lo95": 38.8, "conc_B_hi95": 1858.8, "conc_B_status": "research_estimate", "conc_B_status_ru": "исследовательская оценка", "conc_B_reasons": "месяц 5 вне месяцев обучения [6]", "conc_B_model": "conc-B-c6bce5631d2b"}}, {"type": "Feature", "geometry": {"type": "Polygon", "coordinates": [[[41.43631750956916, 41.82143356745164], [41.436190381568515, 41.82125614462639], [41.43631068336883, 41.82125359164057], [41.436307270292, 41.821163603732586], [41.436551286922835, 41.82124848529134], [41.43655470035148, 41.82133847318167], [41.43643439841412, 41.82134102642723], [41.43643781169019, 41.82143101432392], [41.43631750956916, 41.82143356745164]]]}, "properties": {"zone_id": "batumi-2024-05-21-080", "aoi": "batumi", "date": "2024-05-21", "scene_id": "S2A_MSIL2A_20240521T080611_R078_T37TFG_20240521T135035", "scene_datetime_utc": "2024-05-21T08:06:11.024000+00:00", "detection_status": "detected", "detection_status_ru": "обнаружено", "lon": 41.43637, "lat": 41.8213, "n_pixels": 1, "zone_area_km2": 0.0005, "cover_m2": 10.2, "p_mean": 0.867, "p_max": 0.867, "cover_m2_km2": 20400.0, "h3": "882c21c347fffff", "valid_frac_scene": 0.658, "wind_ms": 3.1, "sea": "спокойное", "scene_reliable": true, "field_event_id": "S4:DOORS3:T19", "field_profile": "B", "field_date": "2024-06-05", "field_distance_km": 16.5, "field_date_gap_days": 15, "field_conc_items_km2": 544.69, "conc_A_items_km2": null, "conc_A_lo80": null, "conc_A_hi80": null, "conc_A_lo95": null, "conc_A_hi95": null, "conc_A_status": "unavailable", "conc_A_status_ru": "концентрация недоступна", "conc_A_reasons": "вне бассейна профиля: nw_atlantic_subtropical", "conc_A_model": "conc-A-c6bce5631d2b", "conc_B_items_km2": 284.4, "conc_B_lo80": 60.3, "conc_B_hi80": 956.6, "conc_B_lo95": 37.4, "conc_B_hi95": 1791.7, "conc_B_status": "research_estimate", "conc_B_status_ru": "исследовательская оценка", "conc_B_reasons": "месяц 5 вне месяцев обучения [6]", "conc_B_model": "conc-B-c6bce5631d2b"}}, {"type": "Feature", "geometry": {"type": "Polygon", "coordinates": [[[41.4849565846672, 41.82138168902896], [41.48495310346775, 41.82129170441296], [41.48483280599388, 41.82129430834242], [41.4848293249784, 41.82120432371659], [41.48494962228416, 41.82120171979531], [41.484946141116424, 41.82111173517599], [41.48518673534418, 41.82110652697223], [41.48519021684812, 41.82119651157518], [41.4853105141063, 41.82119390727636], [41.48531399579419, 41.82128389186948], [41.48519369836791, 41.8212864961765], [41.485197179903565, 41.82137648077613], [41.4849565846672, 41.82138168902896]]]}, "properties": {"zone_id": "batumi-2024-05-21-081", "aoi": "batumi", "date": "2024-05-21", "scene_id": "S2A_MSIL2A_20240521T080611_R078_T37TFG_20240521T135035", "scene_datetime_utc": "2024-05-21T08:06:11.024000+00:00", "detection_status": "detected", "detection_status_ru": "обнаружено", "lon": 41.48507, "lat": 41.82124, "n_pixels": 2, "zone_area_km2": 0.0008, "cover_m2": 6.3, "p_mean": 0.753, "p_max": 0.961, "cover_m2_km2": 7875.0, "h3": "882c21c333fffff", "valid_frac_scene": 0.658, "wind_ms": 3.1, "sea": "спокойное", "scene_reliable": true, "field_event_id": "S4:DOORS3:T20", "field_profile": "B", "field_date": "2024-06-07", "field_distance_km": 16.6, "field_date_gap_days": 17, "field_conc_items_km2": 224.92, "conc_A_items_km2": null, "conc_A_lo80": null, "conc_A_hi80": null, "conc_A_lo95": null, "conc_A_hi95": null, "conc_A_status": "unavailable", "conc_A_status_ru": "концентрация недоступна", "conc_A_reasons": "вне бассейна профиля: nw_atlantic_subtropical", "conc_A_model": "conc-A-c6bce5631d2b", "conc_B_items_km2": 295.0, "conc_B_lo80": 62.6, "conc_B_hi80": 992.5, "conc_B_lo95": 38.8, "conc_B_hi95": 1858.8, "conc_B_status": "research_estimate", "conc_B_status_ru": "исследовательская оценка", "conc_B_reasons": "месяц 5 вне месяцев обучения [6]", "conc_B_model": "conc-B-c6bce5631d2b"}}, {"type": "Feature", "geometry": {"type": "Polygon", "coordinates": [[[41.43688488123289, 41.820520921834266], [41.43675775362099, 41.82034349960551], [41.43687805366233, 41.82034094607054], [41.436874639900374, 41.82025095818619], [41.43711865369837, 41.820335838623016], [41.43712206781212, 41.820425826489675], [41.43700176763375, 41.82042838028437], [41.43700518159493, 41.8205183681574], [41.43688488123289, 41.820520921834266]]]}, "properties": {"zone_id": "batumi-2024-05-21-082", "aoi": "batumi", "date": "2024-05-21", "scene_id": "S2A_MSIL2A_20240521T080611_R078_T37TFG_20240521T135035", "scene_datetime_utc": "2024-05-21T08:06:11.024000+00:00", "detection_status": "detected", "detection_status_ru": "обнаружено", "lon": 41.43694, "lat": 41.82038, "n_pixels": 1, "zone_area_km2": 0.0005, "cover_m2": 5.1, "p_mean": 0.698, "p_max": 0.698, "cover_m2_km2": 10200.0, "h3": "882c21c30dfffff", "valid_frac_scene": 0.658, "wind_ms": 3.1, "sea": "спокойное", "scene_reliable": true, "field_event_id": "S4:DOORS3:T19", "field_profile": "B", "field_date": "2024-06-05", "field_distance_km": 16.5, "field_date_gap_days": 15, "field_conc_items_km2": 544.69, "conc_A_items_km2": null, "conc_A_lo80": null, "conc_A_hi80": null, "conc_A_lo95": null, "conc_A_hi95": null, "conc_A_status": "unavailable", "conc_A_status_ru": "концентрация недоступна", "conc_A_reasons": "вне бассейна профиля: nw_atlantic_subtropical", "conc_A_model": "conc-A-c6bce5631d2b", "conc_B_items_km2": 284.4, "conc_B_lo80": 60.3, "conc_B_hi80": 956.6, "conc_B_lo95": 37.4, "conc_B_hi95": 1791.7, "conc_B_status": "research_estimate", "conc_B_status_ru": "исследовательская оценка", "conc_B_reasons": "месяц 5 вне месяцев обучения [6]", "conc_B_model": "conc-B-c6bce5631d2b"}}, {"type": "Feature", "geometry": {"type": "Polygon", "coordinates": [[[41.497005124014315, 41.81850851254622], [41.496877837773624, 41.81833116126578], [41.49699812859951, 41.818328544872095], [41.49699463091601, 41.81823856103255], [41.497238710203476, 41.8183233117072], [41.49724220823906, 41.81841329552867], [41.49712191727697, 41.81841591218224], [41.497125415160404, 41.818505896010265], [41.497005124014315, 41.81850851254622]]]}, "properties": {"zone_id": "batumi-2024-05-21-083", "aoi": "batumi", "date": "2024-05-21", "scene_id": "S2A_MSIL2A_20240521T080611_R078_T37TFG_20240521T135035", "scene_datetime_utc": "2024-05-21T08:06:11.024000+00:00", "detection_status": "detected", "detection_status_ru": "обнаружено", "lon": 41.49706, "lat": 41.81837, "n_pixels": 1, "zone_area_km2": 0.0005, "cover_m2": 3.5, "p_mean": 0.686, "p_max": 0.686, "cover_m2_km2": 7000.0, "h3": "882c21c159fffff", "valid_frac_scene": 0.658, "wind_ms": 3.1, "sea": "спокойное", "scene_reliable": true, "field_event_id": "S4:DOORS3:T20", "field_profile": "B", "field_date": "2024-06-07", "field_distance_km": 15.7, "field_date_gap_days": 17, "field_conc_items_km2": 224.92, "conc_A_items_km2": null, "conc_A_lo80": null, "conc_A_hi80": null, "conc_A_lo95": null, "conc_A_hi95": null, "conc_A_status": "unavailable", "conc_A_status_ru": "концентрация недоступна", "conc_A_reasons": "вне бассейна профиля: nw_atlantic_subtropical", "conc_A_model": "conc-A-c6bce5631d2b", "conc_B_items_km2": 295.0, "conc_B_lo80": 62.6, "conc_B_hi80": 992.5, "conc_B_lo95": 38.8, "conc_B_hi95": 1858.8, "conc_B_status": "research_estimate", "conc_B_status_ru": "исследовательская оценка", "conc_B_reasons": "месяц 5 вне месяцев обучения [6]", "conc_B_model": "conc-B-c6bce5631d2b"}}, {"type": "Feature", "geometry": {"type": "Polygon", "coordinates": [[[41.48853241665493, 41.81734159103302], [41.48852893094302, 41.81725160659796], [41.48828486639476, 41.8171668369602], [41.48828138105074, 41.81707685250545], [41.48840167031673, 41.817074245177075], [41.488398184820525, 41.81698426072887], [41.488642248801085, 41.817069030142825], [41.488645734649296, 41.817159014573015], [41.48876602403572, 41.817156406858956], [41.488769510067876, 41.81724639127929], [41.48864922051339, 41.81724899900154], [41.48865270639336, 41.81733898342842], [41.48853241665493, 41.81734159103302]]]}, "properties": {"zone_id": "batumi-2024-05-21-084", "aoi": "batumi", "date": "2024-05-21", "scene_id": "S2A_MSIL2A_20240521T080611_R078_T37TFG_20240521T135035", "scene_datetime_utc": "2024-05-21T08:06:11.024000+00:00", "detection_status": "detected", "detection_status_ru": "обнаружено", "lon": 41.48853, "lat": 41.81716, "n_pixels": 2, "zone_area_km2": 0.0008, "cover_m2": 6.7, "p_mean": 0.829, "p_max": 0.941, "cover_m2_km2": 8375.0, "h3": "882c21c337fffff", "valid_frac_scene": 0.658, "wind_ms": 3.1, "sea": "спокойное", "scene_reliable": true, "field_event_id": "S4:DOORS3:T20", "field_profile": "B", "field_date": "2024-06-07", "field_distance_km": 16.1, "field_date_gap_days": 17, "field_conc_items_km2": 224.92, "conc_A_items_km2": null, "conc_A_lo80": null, "conc_A_hi80": null, "conc_A_lo95": null, "conc_A_hi95": null, "conc_A_status": "unavailable", "conc_A_status_ru": "концентрация недоступна", "conc_A_reasons": "вне бассейна профиля: nw_atlantic_subtropical", "conc_A_model": "conc-A-c6bce5631d2b", "conc_B_items_km2": 295.0, "conc_B_lo80": 62.6, "conc_B_hi80": 992.5, "conc_B_lo95": 38.8, "conc_B_hi95": 1858.8, "conc_B_status": "research_estimate", "conc_B_status_ru": "исследовательская оценка", "conc_B_reasons": "месяц 5 вне месяцев обучения [6]", "conc_B_model": "conc-B-c6bce5631d2b"}}, {"type": "Feature", "geometry": {"type": "Polygon", "coordinates": [[[41.497555451925976, 41.81408360393797], [41.49742817356022, 41.81390625294647], [41.49754845605594, 41.813903636200365], [41.49754495814482, 41.813813652329074], [41.49766524045657, 41.81381103546537], [41.497661742393355, 41.81372105160066], [41.49790580503226, 41.813805801360516], [41.497909303447486, 41.81389578520716], [41.49778902099957, 41.81389840233071], [41.49779251926269, 41.81398838618391], [41.497555451925976, 41.81408360393797]]]}, "properties": {"zone_id": "batumi-2024-05-21-085", "aoi": "batumi", "date": "2024-05-21", "scene_id": "S2A_MSIL2A_20240521T080611_R078_T37TFG_20240521T135035", "scene_datetime_utc": "2024-05-21T08:06:11.024000+00:00", "detection_status": "detected", "detection_status_ru": "обнаружено", "lon": 41.49767, "lat": 41.8139, "n_pixels": 2, "zone_area_km2": 0.0008, "cover_m2": 8.2, "p_mean": 0.816, "p_max": 0.925, "cover_m2_km2": 10250.0, "h3": "882c21c159fffff", "valid_frac_scene": 0.658, "wind_ms": 3.1, "sea": "спокойное", "scene_reliable": true, "field_event_id": "S4:DOORS3:T20", "field_profile": "B", "field_date": "2024-06-07", "field_distance_km": 15.3, "field_date_gap_days": 17, "field_conc_items_km2": 224.92, "conc_A_items_km2": null, "conc_A_lo80": null, "conc_A_hi80": null, "conc_A_lo95": null, "conc_A_hi95": null, "conc_A_status": "unavailable", "conc_A_status_ru": "концентрация недоступна", "conc_A_reasons": "вне бассейна профиля: nw_atlantic_subtropical", "conc_A_model": "conc-A-c6bce5631d2b", "conc_B_items_km2": 295.0, "conc_B_lo80": 62.6, "conc_B_hi80": 992.5, "conc_B_lo95": 38.8, "conc_B_hi95": 1858.8, "conc_B_status": "research_estimate", "conc_B_status_ru": "исследовательская оценка", "conc_B_reasons": "месяц 5 вне месяцев обучения [6]", "conc_B_model": "conc-B-c6bce5631d2b"}}, {"type": "Feature", "geometry": {"type": "Polygon", "coordinates": [[[41.4322780811433, 41.81332372333585], [41.43227467465978, 41.813233735033464], [41.43215438750642, 41.81323628339725], [41.43214757492204, 41.813056306771564], [41.432027288089294, 41.81305885499352], [41.432017069833265, 41.812788890018666], [41.432137356161846, 41.81278634182071], [41.43213394993948, 41.81269635350048], [41.43237792877246, 41.81278124504732], [41.43238133534645, 41.8128712333499], [41.43250162179654, 41.812868684766464], [41.43250502855412, 41.8129586730594], [41.43262531515674, 41.81295612434212], [41.43262872209789, 41.813046112625436], [41.43274900885306, 41.81304356377433], [41.43275241597779, 41.81313355204799], [41.43251524891994, 41.81322863792839], [41.43251865573959, 41.813318626214766], [41.4322780811433, 41.81332372333585]]]}, "properties": {"zone_id": "batumi-2024-05-21-086", "aoi": "batumi", "date": "2024-05-21", "scene_id": "S2A_MSIL2A_20240521T080611_R078_T37TFG_20240521T135035", "scene_datetime_utc": "2024-05-21T08:06:11.024000+00:00", "detection_status": "detected", "detection_status_ru": "обнаружено", "lon": 41.43234, "lat": 41.81303, "n_pixels": 10, "zone_area_km2": 0.0024, "cover_m2": 122.4, "p_mean": 0.923, "p_max": 0.984, "cover_m2_km2": 51000.0, "h3": "882c21c36bfffff", "valid_frac_scene": 0.658, "wind_ms": 3.1, "sea": "спокойное", "scene_reliable": true, "field_event_id": "S4:DOORS3:T19", "field_profile": "B", "field_date": "2024-06-05", "field_distance_km": 15.9, "field_date_gap_days": 15, "field_conc_items_km2": 544.69, "conc_A_items_km2": null, "conc_A_lo80": null, "conc_A_hi80": null, "conc_A_lo95": null, "conc_A_hi95": null, "conc_A_status": "unavailable", "conc_A_status_ru": "концентрация недоступна", "conc_A_reasons": "вне бассейна профиля: nw_atlantic_subtropical", "conc_A_model": "conc-A-c6bce5631d2b", "conc_B_items_km2": 284.4, "conc_B_lo80": 60.3, "conc_B_hi80": 956.6, "conc_B_lo95": 37.4, "conc_B_hi95": 1791.7, "conc_B_status": "research_estimate", "conc_B_status_ru": "исследовательская оценка", "conc_B_reasons": "месяц 5 вне месяцев обучения [6]", "conc_B_model": "conc-B-c6bce5631d2b"}}, {"type": "Feature", "geometry": {"type": "Polygon", "coordinates": [[[41.484024532976676, 41.81284615768297], [41.4840210541235, 41.81275617286923], [41.48390077253673, 41.81275877539309], [41.48389729386742, 41.812668790569525], [41.48401757528617, 41.81266618805384], [41.48401409646468, 41.81257620323681], [41.48425465891858, 41.81257099784434], [41.48425813807612, 41.81266098264503], [41.48437841944733, 41.81265837975191], [41.484381898788754, 41.812748364542784], [41.484261617249516, 41.812750967444074], [41.48426509643876, 41.81284095224147], [41.484024532976676, 41.81284615768297]]]}, "properties": {"zone_id": "batumi-2024-05-21-087", "aoi": "batumi", "date": "2024-05-21", "scene_id": "S2A_MSIL2A_20240521T080611_R078_T37TFG_20240521T135035", "scene_datetime_utc": "2024-05-21T08:06:11.024000+00:00", "detection_status": "detected", "detection_status_ru": "обнаружено", "lon": 41.48414, "lat": 41.81271, "n_pixels": 2, "zone_area_km2": 0.0008, "cover_m2": 7.1, "p_mean": 0.576, "p_max": 0.62, "cover_m2_km2": 8875.0, "h3": "882c21c335fffff", "valid_frac_scene": 0.658, "wind_ms": 3.1, "sea": "спокойное", "scene_reliable": true, "field_event_id": "S4:DOORS3:T20", "field_profile": "B", "field_date": "2024-06-07", "field_distance_km": 16.1, "field_date_gap_days": 17, "field_conc_items_km2": 224.92, "conc_A_items_km2": null, "conc_A_lo80": null, "conc_A_hi80": null, "conc_A_lo95": null, "conc_A_hi95": null, "conc_A_status": "unavailable", "conc_A_status_ru": "концентрация недоступна", "conc_A_reasons": "вне бассейна профиля: nw_atlantic_subtropical", "conc_A_model": "conc-A-c6bce5631d2b", "conc_B_items_km2": 295.0, "conc_B_lo80": 62.6, "conc_B_hi80": 992.5, "conc_B_lo95": 38.8, "conc_B_hi95": 1858.8, "conc_B_status": "research_estimate", "conc_B_status_ru": "исследовательская оценка", "conc_B_reasons": "месяц 5 вне месяцев обучения [6]", "conc_B_model": "conc-B-c6bce5631d2b"}}, {"type": "Feature", "geometry": {"type": "Polygon", "coordinates": [[[41.49725892644757, 41.8126490949883], [41.497255429095546, 41.81255911107744], [41.497135149088386, 41.8125617274487], [41.49712815476818, 41.812381759605564], [41.49736521662223, 41.81228654286251], [41.49736871409448, 41.81237652677011], [41.49748899373373, 41.812373910163664], [41.497495989062074, 41.8125538779575], [41.49725892644757, 41.8126490949883]]]}, "properties": {"zone_id": "batumi-2024-05-21-088", "aoi": "batumi", "date": "2024-05-21", "scene_id": "S2A_MSIL2A_20240521T080611_R078_T37TFG_20240521T135035", "scene_datetime_utc": "2024-05-21T08:06:11.024000+00:00", "detection_status": "detected", "detection_status_ru": "обнаружено", "lon": 41.49731, "lat": 41.81247, "n_pixels": 2, "zone_area_km2": 0.0008, "cover_m2": 7.1, "p_mean": 0.859, "p_max": 0.902, "cover_m2_km2": 8875.0, "h3": "882c21c15dfffff", "valid_frac_scene": 0.658, "wind_ms": 3.1, "sea": "спокойное", "scene_reliable": true, "field_event_id": "S4:DOORS3:T20", "field_profile": "B", "field_date": "2024-06-07", "field_distance_km": 15.2, "field_date_gap_days": 17, "field_conc_items_km2": 224.92, "conc_A_items_km2": null, "conc_A_lo80": null, "conc_A_hi80": null, "conc_A_lo95": null, "conc_A_hi95": null, "conc_A_status": "unavailable", "conc_A_status_ru": "концентрация недоступна", "conc_A_reasons": "вне бассейна профиля: nw_atlantic_subtropical", "conc_A_model": "conc-A-c6bce5631d2b", "conc_B_items_km2": 295.0, "conc_B_lo80": 62.6, "conc_B_hi80": 992.5, "conc_B_lo95": 38.8, "conc_B_hi95": 1858.8, "conc_B_status": "research_estimate", "conc_B_status_ru": "исследовательская оценка", "conc_B_reasons": "месяц 5 вне месяцев обучения [6]", "conc_B_model": "conc-B-c6bce5631d2b"}}, {"type": "Feature", "geometry": {"type": "Polygon", "coordinates": [[[41.43256058622342, 41.811246346647536], [41.432433489903794, 41.81106891856286], [41.432553772977364, 41.811066370013634], [41.43255036637762, 41.81097638169422], [41.432794339077944, 41.8110612725377], [41.4327977460293, 41.81115126083947], [41.432677462818724, 41.81115380964835], [41.43268086961755, 41.81124379795648], [41.43256058622342, 41.811246346647536]]]}, "properties": {"zone_id": "batumi-2024-05-21-089", "aoi": "batumi", "date": "2024-05-21", "scene_id": "S2A_MSIL2A_20240521T080611_R078_T37TFG_20240521T135035", "scene_datetime_utc": "2024-05-21T08:06:11.024000+00:00", "detection_status": "detected", "detection_status_ru": "обнаружено", "lon": 41.43262, "lat": 41.81111, "n_pixels": 1, "zone_area_km2": 0.0005, "cover_m2": 5.9, "p_mean": 0.643, "p_max": 0.643, "cover_m2_km2": 11800.0, "h3": "882c21c361fffff", "valid_frac_scene": 0.658, "wind_ms": 3.1, "sea": "спокойное", "scene_reliable": true, "field_event_id": "S4:DOORS3:T19", "field_profile": "B", "field_date": "2024-06-05", "field_distance_km": 15.8, "field_date_gap_days": 15, "field_conc_items_km2": 544.69, "conc_A_items_km2": null, "conc_A_lo80": null, "conc_A_hi80": null, "conc_A_lo95": null, "conc_A_hi95": null, "conc_A_status": "unavailable", "conc_A_status_ru": "концентрация недоступна", "conc_A_reasons": "вне бассейна профиля: nw_atlantic_subtropical", "conc_A_model": "conc-A-c6bce5631d2b", "conc_B_items_km2": 284.4, "conc_B_lo80": 60.3, "conc_B_hi80": 956.6, "conc_B_lo95": 37.4, "conc_B_hi95": 1791.7, "conc_B_status": "research_estimate", "conc_B_status_ru": "исследовательская оценка", "conc_B_reasons": "месяц 5 вне месяцев обучения [6]", "conc_B_model": "conc-B-c6bce5631d2b"}}, {"type": "Feature", "geometry": {"type": "Polygon", "coordinates": [[[41.49840706683272, 41.808121113460935], [41.49840356842927, 41.808031129557754], [41.49815952749826, 41.8079463801992], [41.49815602946265, 41.807856396276286], [41.49827630057439, 41.80785377907427], [41.49827280238673, 41.80776379515791], [41.49851684275006, 41.80784854429287], [41.49852034128962, 41.80793852819112], [41.498640612521534, 41.807935910603526], [41.49864411124501, 41.80802589449191], [41.498523839845106, 41.80802851208772], [41.49852733841653, 41.808118495982676], [41.49840706683272, 41.808121113460935]]]}, "properties": {"zone_id": "batumi-2024-05-21-090", "aoi": "batumi", "date": "2024-05-21", "scene_id": "S2A_MSIL2A_20240521T080611_R078_T37TFG_20240521T135035", "scene_datetime_utc": "2024-05-21T08:06:11.024000+00:00", "detection_status": "detected", "detection_status_ru": "обнаружено", "lon": 41.4984, "lat": 41.80794, "n_pixels": 2, "zone_area_km2": 0.0008, "cover_m2": 8.2, "p_mean": 0.727, "p_max": 0.757, "cover_m2_km2": 10250.0, "h3": "882c21c15dfffff", "valid_frac_scene": 0.658, "wind_ms": 3.1, "sea": "спокойное", "scene_reliable": true, "field_event_id": "S4:DOORS3:T20", "field_profile": "B", "field_date": "2024-06-07", "field_distance_km": 14.8, "field_date_gap_days": 17, "field_conc_items_km2": 224.92, "conc_A_items_km2": null, "conc_A_lo80": null, "conc_A_hi80": null, "conc_A_lo95": null, "conc_A_hi95": null, "conc_A_status": "unavailable", "conc_A_status_ru": "концентрация недоступна", "conc_A_reasons": "вне бассейна профиля: nw_atlantic_subtropical", "conc_A_model": "conc-A-c6bce5631d2b", "conc_B_items_km2": 306.2, "conc_B_lo80": 64.9, "conc_B_hi80": 1029.8, "conc_B_lo95": 40.3, "conc_B_hi95": 1928.7, "conc_B_status": "research_estimate", "conc_B_status_ru": "исследовательская оценка", "conc_B_reasons": "месяц 5 вне месяцев обучения [6]", "conc_B_model": "conc-B-c6bce5631d2b"}}, {"type": "Feature", "geometry": {"type": "Polygon", "coordinates": [[[41.495089853715314, 41.8063920550131], [41.495086360165715, 41.80630207085514], [41.494966091663564, 41.806304684638945], [41.494959104948045, 41.80612471630164], [41.49519614759472, 41.806029504486354], [41.495199641264556, 41.80611948864107], [41.49531990939894, 41.80611687462213], [41.495326897122276, 41.806296842910186], [41.495089853715314, 41.8063920550131]]]}, "properties": {"zone_id": "batumi-2024-05-21-091", "aoi": "batumi", "date": "2024-05-21", "scene_id": "S2A_MSIL2A_20240521T080611_R078_T37TFG_20240521T135035", "scene_datetime_utc": "2024-05-21T08:06:11.024000+00:00", "detection_status": "detected", "detection_status_ru": "обнаружено", "lon": 41.49514, "lat": 41.80621, "n_pixels": 2, "zone_area_km2": 0.0008, "cover_m2": 7.1, "p_mean": 0.845, "p_max": 0.918, "cover_m2_km2": 8875.0, "h3": "882c21c14bfffff", "valid_frac_scene": 0.658, "wind_ms": 3.1, "sea": "спокойное", "scene_reliable": true, "field_event_id": "S4:DOORS3:T20", "field_profile": "B", "field_date": "2024-06-07", "field_distance_km": 14.9, "field_date_gap_days": 17, "field_conc_items_km2": 224.92, "conc_A_items_km2": null, "conc_A_lo80": null, "conc_A_hi80": null, "conc_A_lo95": null, "conc_A_hi95": null, "conc_A_status": "unavailable", "conc_A_status_ru": "концентрация недоступна", "conc_A_reasons": "вне бассейна профиля: nw_atlantic_subtropical", "conc_A_model": "conc-A-c6bce5631d2b", "conc_B_items_km2": 302.1, "conc_B_lo80": 64.1, "conc_B_hi80": 1016.3, "conc_B_lo95": 39.8, "conc_B_hi95": 1903.4, "conc_B_status": "research_estimate", "conc_B_status_ru": "исследовательская оценка", "conc_B_reasons": "месяц 5 вне месяцев обучения [6]", "conc_B_model": "conc-B-c6bce5631d2b"}}, {"type": "Feature", "geometry": {"type": "Polygon", "coordinates": [[[41.432508210558844, 41.80350224932926], [41.432381130715555, 41.803324820557776], [41.43250139930929, 41.803322272445044], [41.43249799370777, 41.80323228400047], [41.43274193645021, 41.80331717584224], [41.43274534240319, 41.80340716426917], [41.432625073672504, 41.80340971264146], [41.43262847947302, 41.80349970107475], [41.432508210558844, 41.80350224932926]]]}, "properties": {"zone_id": "batumi-2024-05-21-092", "aoi": "batumi", "date": "2024-05-21", "scene_id": "S2A_MSIL2A_20240521T080611_R078_T37TFG_20240521T135035", "scene_datetime_utc": "2024-05-21T08:06:11.024000+00:00", "detection_status": "detected", "detection_status_ru": "обнаружено", "lon": 41.43256, "lat": 41.80337, "n_pixels": 1, "zone_area_km2": 0.0005, "cover_m2": 9.4, "p_mean": 0.718, "p_max": 0.718, "cover_m2_km2": 18800.0, "h3": "882c21c365fffff", "valid_frac_scene": 0.658, "wind_ms": 3.1, "sea": "спокойное", "scene_reliable": true, "field_event_id": "S4:DOORS3:T19", "field_profile": "B", "field_date": "2024-06-05", "field_distance_km": 15.6, "field_date_gap_days": 15, "field_conc_items_km2": 544.69, "conc_A_items_km2": null, "conc_A_lo80": null, "conc_A_hi80": null, "conc_A_lo95": null, "conc_A_hi95": null, "conc_A_status": "unavailable", "conc_A_status_ru": "концентрация недоступна", "conc_A_reasons": "вне бассейна профиля: nw_atlantic_subtropical", "conc_A_model": "conc-A-c6bce5631d2b", "conc_B_items_km2": 289.8, "conc_B_lo80": 61.4, "conc_B_hi80": 974.9, "conc_B_lo95": 38.1, "conc_B_hi95": 1825.9, "conc_B_status": "research_estimate", "conc_B_status_ru": "исследовательская оценка", "conc_B_reasons": "месяц 5 вне месяцев обучения [6]", "conc_B_model": "conc-B-c6bce5631d2b"}}, {"type": "Feature", "geometry": {"type": "Polygon", "coordinates": [[[41.46516412637271, 41.76993359665219], [41.46503702892339, 41.7697562037328], [41.46515723186037, 41.76975362310936], [41.465153784627745, 41.76966363633548], [41.46539763768723, 41.76974846148561], [41.46540108527091, 41.76983844824162], [41.46528088219765, 41.76984102912442], [41.46528432962935, 41.76993101588691], [41.46516412637271, 41.76993359665219]]]}, "properties": {"zone_id": "batumi-2024-05-21-093", "aoi": "batumi", "date": "2024-05-21", "scene_id": "S2A_MSIL2A_20240521T080611_R078_T37TFG_20240521T135035", "scene_datetime_utc": "2024-05-21T08:06:11.024000+00:00", "detection_status": "detected", "detection_status_ru": "обнаружено", "lon": 41.46522, "lat": 41.7698, "n_pixels": 1, "zone_area_km2": 0.0005, "cover_m2": 5.1, "p_mean": 0.761, "p_max": 0.761, "cover_m2_km2": 10200.0, "h3": "882c21d883fffff", "valid_frac_scene": 0.658, "wind_ms": 3.1, "sea": "спокойное", "scene_reliable": true, "field_event_id": "S4:DOORS3:T20", "field_profile": "B", "field_date": "2024-06-07", "field_distance_km": 15.1, "field_date_gap_days": 17, "field_conc_items_km2": 224.92, "conc_A_items_km2": null, "conc_A_lo80": null, "conc_A_hi80": null, "conc_A_lo95": null, "conc_A_hi95": null, "conc_A_status": "unavailable", "conc_A_status_ru": "концентрация недоступна", "conc_A_reasons": "вне бассейна профиля: nw_atlantic_subtropical", "conc_A_model": "conc-A-c6bce5631d2b", "conc_B_items_km2": 311.8, "conc_B_lo80": 66.2, "conc_B_hi80": 1048.7, "conc_B_lo95": 41.1, "conc_B_hi95": 1964.1, "conc_B_status": "research_estimate", "conc_B_status_ru": "исследовательская оценка", "conc_B_reasons": "месяц 5 вне месяцев обучения [6]", "conc_B_model": "conc-B-c6bce5631d2b"}}, {"type": "Feature", "geometry": {"type": "Polygon", "coordinates": [[[41.47124609244682, 41.768542008300166], [41.47124263685171, 41.76845202192032], [41.47112243689591, 41.76845460884522], [41.471115526088234, 41.76827463606435], [41.47099532645201, 41.76827722284738], [41.47099187123943, 41.76818723644634], [41.471112070707996, 41.768184649671426], [41.471108615343496, 41.76809466327688], [41.47135246959792, 41.76817947574476], [41.471355925313475, 41.76826946212141], [41.471476124902495, 41.76826687496151], [41.47148303671613, 41.76844684769366], [41.47124609244682, 41.768542008300166]]]}, "properties": {"zone_id": "batumi-2024-05-21-094", "aoi": "batumi", "date": "2024-05-21", "scene_id": "S2A_MSIL2A_20240521T080611_R078_T37TFG_20240521T135035", "scene_datetime_utc": "2024-05-21T08:06:11.024000+00:00", "detection_status": "detected", "detection_status_ru": "обнаружено", "lon": 41.47126, "lat": 41.76832, "n_pixels": 3, "zone_area_km2": 0.0011, "cover_m2": 16.9, "p_mean": 0.659, "p_max": 0.765, "cover_m2_km2": 15363.6, "h3": "882c21d8b9fffff", "valid_frac_scene": 0.658, "wind_ms": 3.1, "sea": "спокойное", "scene_reliable": true, "field_event_id": "S4:DOORS3:T20", "field_profile": "B", "field_date": "2024-06-07", "field_distance_km": 14.6, "field_date_gap_days": 17, "field_conc_items_km2": 224.92, "conc_A_items_km2": null, "conc_A_lo80": null, "conc_A_hi80": null, "conc_A_lo95": null, "conc_A_hi95": null, "conc_A_status": "unavailable", "conc_A_status_ru": "концентрация недоступна", "conc_A_reasons": "вне бассейна профиля: nw_atlantic_subtropical", "conc_A_model": "conc-A-c6bce5631d2b", "conc_B_items_km2": 311.8, "conc_B_lo80": 66.2, "conc_B_hi80": 1048.7, "conc_B_lo95": 41.1, "conc_B_hi95": 1964.1, "conc_B_status": "research_estimate", "conc_B_status_ru": "исследовательская оценка", "conc_B_reasons": "месяц 5 вне месяцев обучения [6]", "conc_B_model": "conc-B-c6bce5631d2b"}}, {"type": "Feature", "geometry": {"type": "Polygon", "coordinates": [[[41.476716407023076, 41.76689311126169], [41.47658928474662, 41.76671573174944], [41.47670948096014, 41.766713139192504], [41.476706017952324, 41.766623153155436], [41.47694987333987, 41.76670795370178], [41.47695333669874, 41.766797939720924], [41.476833140349115, 41.766800532537225], [41.476836603556116, 41.766890518562846], [41.476716407023076, 41.76689311126169]]]}, "properties": {"zone_id": "batumi-2024-05-21-095", "aoi": "batumi", "date": "2024-05-21", "scene_id": "S2A_MSIL2A_20240521T080611_R078_T37TFG_20240521T135035", "scene_datetime_utc": "2024-05-21T08:06:11.024000+00:00", "detection_status": "detected", "detection_status_ru": "обнаружено", "lon": 41.47677, "lat": 41.76676, "n_pixels": 1, "zone_area_km2": 0.0005, "cover_m2": 3.9, "p_mean": 0.898, "p_max": 0.898, "cover_m2_km2": 7800.0, "h3": "882c21d8bbfffff", "valid_frac_scene": 0.658, "wind_ms": 3.1, "sea": "спокойное", "scene_reliable": true, "field_event_id": "S4:DOORS3:T20", "field_profile": "B", "field_date": "2024-06-07", "field_distance_km": 14.1, "field_date_gap_days": 17, "field_conc_items_km2": 224.92, "conc_A_items_km2": null, "conc_A_lo80": null, "conc_A_hi80": null, "conc_A_lo95": null, "conc_A_hi95": null, "conc_A_status": "unavailable", "conc_A_status_ru": "концентрация недоступна", "conc_A_reasons": "вне бассейна профиля: nw_atlantic_subtropical", "conc_A_model": "conc-A-c6bce5631d2b", "conc_B_items_km2": 311.8, "conc_B_lo80": 66.2, "conc_B_hi80": 1048.7, "conc_B_lo95": 41.1, "conc_B_hi95": 1964.1, "conc_B_status": "research_estimate", "conc_B_status_ru": "исследовательская оценка", "conc_B_reasons": "месяц 5 вне месяцев обучения [6]", "conc_B_model": "conc-B-c6bce5631d2b"}}, {"type": "Feature", "geometry": {"type": "Polygon", "coordinates": [[[41.468445770279494, 41.76139737827782], [41.468318681953406, 41.76121998854139], [41.46843886866129, 41.76121740491185], [41.46843541787575, 41.76112741822639], [41.46867924202993, 41.76121223727597], [41.46868269316637, 41.76130222394356], [41.468562506322314, 41.76130480783241], [41.46856595730687, 41.76139479450645], [41.468445770279494, 41.76139737827782]]]}, "properties": {"zone_id": "batumi-2024-05-21-096", "aoi": "batumi", "date": "2024-05-21", "scene_id": "S2A_MSIL2A_20240521T080611_R078_T37TFG_20240521T135035", "scene_datetime_utc": "2024-05-21T08:06:11.024000+00:00", "detection_status": "detected", "detection_status_ru": "обнаружено", "lon": 41.4685, "lat": 41.76126, "n_pixels": 1, "zone_area_km2": 0.0005, "cover_m2": 3.1, "p_mean": 0.584, "p_max": 0.584, "cover_m2_km2": 6200.0, "h3": "882c21d8b9fffff", "valid_frac_scene": 0.658, "wind_ms": 3.1, "sea": "спокойное", "scene_reliable": true, "field_event_id": "S4:DOORS3:T20", "field_profile": "B", "field_date": "2024-06-07", "field_distance_km": 14.5, "field_date_gap_days": 17, "field_conc_items_km2": 224.92, "conc_A_items_km2": null, "conc_A_lo80": null, "conc_A_hi80": null, "conc_A_lo95": null, "conc_A_hi95": null, "conc_A_status": "unavailable", "conc_A_status_ru": "концентрация недоступна", "conc_A_reasons": "вне бассейна профиля: nw_atlantic_subtropical", "conc_A_model": "conc-A-c6bce5631d2b", "conc_B_items_km2": 311.8, "conc_B_lo80": 66.2, "conc_B_hi80": 1048.7, "conc_B_lo95": 41.1, "conc_B_hi95": 1964.1, "conc_B_status": "research_estimate", "conc_B_status_ru": "исследовательская оценка", "conc_B_reasons": "месяц 5 вне месяцев обучения [6]", "conc_B_model": "conc-B-c6bce5631d2b"}}, {"type": "Feature", "geometry": {"type": "Polygon", "coordinates": [[[41.46721975548491, 41.76079330170635], [41.46709267174683, 41.76061591047194], [41.467212857438604, 41.76061332815508], [41.467209408439004, 41.76052334137698], [41.467453228775035, 41.76060816314458], [41.46745667812553, 41.76069814990482], [41.46733649229758, 41.76070073248097], [41.46733994149617, 41.76079071924768], [41.46721975548491, 41.76079330170635]]]}, "properties": {"zone_id": "batumi-2024-05-21-097", "aoi": "batumi", "date": "2024-05-21", "scene_id": "S2A_MSIL2A_20240521T080611_R078_T37TFG_20240521T135035", "scene_datetime_utc": "2024-05-21T08:06:11.024000+00:00", "detection_status": "detected", "detection_status_ru": "обнаружено", "lon": 41.46727, "lat": 41.76066, "n_pixels": 1, "zone_area_km2": 0.0005, "cover_m2": 5.1, "p_mean": 0.929, "p_max": 0.929, "cover_m2_km2": 10200.0, "h3": "882c21d887fffff", "valid_frac_scene": 0.658, "wind_ms": 3.1, "sea": "спокойное", "scene_reliable": true, "field_event_id": "S4:DOORS3:T20", "field_profile": "B", "field_date": "2024-06-07", "field_distance_km": 14.6, "field_date_gap_days": 17, "field_conc_items_km2": 224.92, "conc_A_items_km2": null, "conc_A_lo80": null, "conc_A_hi80": null, "conc_A_lo95": null, "conc_A_hi95": null, "conc_A_status": "unavailable", "conc_A_status_ru": "концентрация недоступна", "conc_A_reasons": "вне бассейна профиля: nw_atlantic_subtropical", "conc_A_model": "conc-A-c6bce5631d2b", "conc_B_items_km2": 311.8, "conc_B_lo80": 66.2, "conc_B_hi80": 1048.7, "conc_B_lo95": 41.1, "conc_B_hi95": 1964.1, "conc_B_status": "research_estimate", "conc_B_status_ru": "исследовательская оценка", "conc_B_reasons": "месяц 5 вне месяцев обучения [6]", "conc_B_model": "conc-B-c6bce5631d2b"}}, {"type": "Feature", "geometry": {"type": "Polygon", "coordinates": [[[41.47192697375566, 41.758080297677424], [41.47192351847708, 41.75799031117952], [41.47180333810637, 41.75799289829243], [41.471796427931544, 41.75781292527542], [41.47203333258801, 41.75771776446181], [41.472036787986966, 41.75780775095653], [41.47215696799107, 41.75780516360873], [41.47216387917131, 41.75798513657697], [41.47192697375566, 41.758080297677424]]]}, "properties": {"zone_id": "batumi-2024-05-21-098", "aoi": "batumi", "date": "2024-05-21", "scene_id": "S2A_MSIL2A_20240521T080611_R078_T37TFG_20240521T135035", "scene_datetime_utc": "2024-05-21T08:06:11.024000+00:00", "detection_status": "detected", "detection_status_ru": "обнаружено", "lon": 41.47198, "lat": 41.7579, "n_pixels": 2, "zone_area_km2": 0.0008, "cover_m2": 10.6, "p_mean": 0.7, "p_max": 0.729, "cover_m2_km2": 13250.0, "h3": "882c21d8bdfffff", "valid_frac_scene": 0.658, "wind_ms": 3.1, "sea": "спокойное", "scene_reliable": true, "field_event_id": "S4:DOORS3:T20", "field_profile": "B", "field_date": "2024-06-07", "field_distance_km": 14.2, "field_date_gap_days": 17, "field_conc_items_km2": 224.92, "conc_A_items_km2": null, "conc_A_lo80": null, "conc_A_hi80": null, "conc_A_lo95": null, "conc_A_hi95": null, "conc_A_status": "unavailable", "conc_A_status_ru": "концентрация недоступна", "conc_A_reasons": "вне бассейна профиля: nw_atlantic_subtropical", "conc_A_model": "conc-A-c6bce5631d2b", "conc_B_items_km2": 319.1, "conc_B_lo80": 67.7, "conc_B_hi80": 1073.1, "conc_B_lo95": 42.1, "conc_B_hi95": 2009.7, "conc_B_status": "research_estimate", "conc_B_status_ru": "исследовательская оценка", "conc_B_reasons": "месяц 5 вне месяцев обучения [6]", "conc_B_model": "conc-B-c6bce5631d2b"}}, {"type": "Feature", "geometry": {"type": "Polygon", "coordinates": [[[41.47227714797945, 41.757802576135354], [41.47227369224536, 41.75771258965687], [41.47215351242455, 41.75771517712213], [41.47214660133871, 41.75753520414399], [41.472383504439854, 41.757440042645115], [41.472386960294315, 41.75753002912041], [41.472507139748515, 41.75752744142026], [41.47251405183977, 41.757707414349625], [41.47227714797945, 41.757802576135354]]]}, "properties": {"zone_id": "batumi-2024-05-21-099", "aoi": "batumi", "date": "2024-05-21", "scene_id": "S2A_MSIL2A_20240521T080611_R078_T37TFG_20240521T135035", "scene_datetime_utc": "2024-05-21T08:06:11.024000+00:00", "detection_status": "detected", "detection_status_ru": "обнаружено", "lon": 41.47233, "lat": 41.75762, "n_pixels": 2, "zone_area_km2": 0.0008, "cover_m2": 8.6, "p_mean": 0.88, "p_max": 0.914, "cover_m2_km2": 10750.0, "h3": "882c21d8bdfffff", "valid_frac_scene": 0.658, "wind_ms": 3.1, "sea": "спокойное", "scene_reliable": true, "field_event_id": "S4:DOORS3:T20", "field_profile": "B", "field_date": "2024-06-07", "field_distance_km": 14.1, "field_date_gap_days": 17, "field_conc_items_km2": 224.92, "conc_A_items_km2": null, "conc_A_lo80": null, "conc_A_hi80": null, "conc_A_lo95": null, "conc_A_hi95": null, "conc_A_status": "unavailable", "conc_A_status_ru": "концентрация недоступна", "conc_A_reasons": "вне бассейна профиля: nw_atlantic_subtropical", "conc_A_model": "conc-A-c6bce5631d2b", "conc_B_items_km2": 319.1, "conc_B_lo80": 67.7, "conc_B_hi80": 1073.1, "conc_B_lo95": 42.1, "conc_B_hi95": 2009.7, "conc_B_status": "research_estimate", "conc_B_status_ru": "исследовательская оценка", "conc_B_reasons": "месяц 5 вне месяцев обучения [6]", "conc_B_model": "conc-B-c6bce5631d2b"}}, {"type": "Feature", "geometry": {"type": "Polygon", "coordinates": [[[41.460410017434334, 41.75571588202818], [41.46028296280575, 41.755538482335446], [41.46040313964048, 41.75553590739512], [41.46039970076705, 41.75544592007611], [41.460643493262985, 41.75553075713776], [41.460646932487194, 41.755620744438936], [41.46052675551621, 41.75562331963849], [41.46053019458852, 41.755713306946106], [41.460410017434334, 41.75571588202818]]]}, "properties": {"zone_id": "batumi-2024-05-21-100", "aoi": "batumi", "date": "2024-05-21", "scene_id": "S2A_MSIL2A_20240521T080611_R078_T37TFG_20240521T135035", "scene_datetime_utc": "2024-05-21T08:06:11.024000+00:00", "detection_status": "detected", "detection_status_ru": "обнаружено", "lon": 41.46046, "lat": 41.75558, "n_pixels": 1, "zone_area_km2": 0.0005, "cover_m2": 5.5, "p_mean": 0.604, "p_max": 0.604, "cover_m2_km2": 11000.0, "h3": "882c21d8abfffff", "valid_frac_scene": 0.658, "wind_ms": 3.1, "sea": "спокойное", "scene_reliable": true, "field_event_id": "S4:DOORS3:T20", "field_profile": "B", "field_date": "2024-06-07", "field_distance_km": 15.0, "field_date_gap_days": 17, "field_conc_items_km2": 224.92, "conc_A_items_km2": null, "conc_A_lo80": null, "conc_A_hi80": null, "conc_A_lo95": null, "conc_A_hi95": null, "conc_A_status": "unavailable", "conc_A_status_ru": "концентрация недоступна", "conc_A_reasons": "вне бассейна профиля: nw_atlantic_subtropical", "conc_A_model": "conc-A-c6bce5631d2b", "conc_B_items_km2": 314.4, "conc_B_lo80": 66.7, "conc_B_hi80": 1057.5, "conc_B_lo95": 41.4, "conc_B_hi95": 1980.4, "conc_B_status": "research_estimate", "conc_B_status_ru": "исследовательская оценка", "conc_B_reasons": "месяц 5 вне месяцев обучения [6]", "conc_B_model": "conc-B-c6bce5631d2b"}}, {"type": "Feature", "geometry": {"type": "Polygon", "coordinates": [[[41.46150857767561, 41.75299050779615], [41.46150513756519, 41.75290052051196], [41.46126135415119, 41.75281568500716], [41.46125791440717, 41.75272569770349], [41.461378085907086, 41.75272312188383], [41.46137464601119, 41.752633134586596], [41.46161498862898, 41.75262798258677], [41.46161842885994, 41.752717969867824], [41.46173860031287, 41.75271539367149], [41.46174548115685, 41.75289536821248], [41.46150857767561, 41.75299050779615]]]}, "properties": {"zone_id": "batumi-2024-05-21-101", "aoi": "batumi", "date": "2024-05-21", "scene_id": "S2A_MSIL2A_20240521T080611_R078_T37TFG_20240521T135035", "scene_datetime_utc": "2024-05-21T08:06:11.024000+00:00", "detection_status": "detected", "detection_status_ru": "обнаружено", "lon": 41.46152, "lat": 41.7528, "n_pixels": 3, "zone_area_km2": 0.001, "cover_m2": 23.5, "p_mean": 0.876, "p_max": 0.988, "cover_m2_km2": 23500.0, "h3": "882c21d8abfffff", "valid_frac_scene": 0.658, "wind_ms": 3.1, "sea": "спокойное", "scene_reliable": true, "field_event_id": "S4:DOORS3:T20", "field_profile": "B", "field_date": "2024-06-07", "field_distance_km": 14.9, "field_date_gap_days": 17, "field_conc_items_km2": 224.92, "conc_A_items_km2": null, "conc_A_lo80": null, "conc_A_hi80": null, "conc_A_lo95": null, "conc_A_hi95": null, "conc_A_status": "unavailable", "conc_A_status_ru": "концентрация недоступна", "conc_A_reasons": "вне бассейна профиля: nw_atlantic_subtropical", "conc_A_model": "conc-A-c6bce5631d2b", "conc_B_items_km2": 314.4, "conc_B_lo80": 66.7, "conc_B_hi80": 1057.5, "conc_B_lo95": 41.4, "conc_B_hi95": 1980.4, "conc_B_status": "research_estimate", "conc_B_status_ru": "исследовательская оценка", "conc_B_reasons": "месяц 5 вне месяцев обучения [6]", "conc_B_model": "conc-B-c6bce5631d2b"}}, {"type": "Feature", "geometry": {"type": "Polygon", "coordinates": [[[41.463032947769264, 41.75196714970749], [41.4630295056533, 41.75187716251038], [41.4627857243267, 41.75179233017908], [41.46278228257713, 41.75170234296249], [41.46290245203059, 41.751699765599646], [41.46289901012917, 41.751609778389486], [41.46313934865403, 41.75160462330331], [41.4631427908905, 41.75169461049727], [41.46326296029695, 41.75169203275776], [41.46326984515196, 41.75187200712453], [41.463032947769264, 41.75196714970749]]]}, "properties": {"zone_id": "batumi-2024-05-21-102", "aoi": "batumi", "date": "2024-05-21", "scene_id": "S2A_MSIL2A_20240521T080611_R078_T37TFG_20240521T135035", "scene_datetime_utc": "2024-05-21T08:06:11.024000+00:00", "detection_status": "detected", "detection_status_ru": "обнаружено", "lon": 41.46305, "lat": 41.75177, "n_pixels": 3, "zone_area_km2": 0.001, "cover_m2": 9.0, "p_mean": 0.826, "p_max": 0.949, "cover_m2_km2": 9000.0, "h3": "882c21d8abfffff", "valid_frac_scene": 0.658, "wind_ms": 3.1, "sea": "спокойное", "scene_reliable": true, "field_event_id": "S4:DOORS3:T20", "field_profile": "B", "field_date": "2024-06-07", "field_distance_km": 14.7, "field_date_gap_days": 17, "field_conc_items_km2": 224.92, "conc_A_items_km2": null, "conc_A_lo80": null, "conc_A_hi80": null, "conc_A_lo95": null, "conc_A_hi95": null, "conc_A_status": "unavailable", "conc_A_status_ru": "концентрация недоступна", "conc_A_reasons": "вне бассейна профиля: nw_atlantic_subtropical", "conc_A_model": "conc-A-c6bce5631d2b", "conc_B_items_km2": 314.4, "conc_B_lo80": 66.7, "conc_B_hi80": 1057.5, "conc_B_lo95": 41.4, "conc_B_hi95": 1980.4, "conc_B_status": "research_estimate", "conc_B_status_ru": "исследовательская оценка", "conc_B_reasons": "месяц 5 вне месяцев обучения [6]", "conc_B_model": "conc-B-c6bce5631d2b"}}, {"type": "Feature", "geometry": {"type": "Polygon", "coordinates": [[[41.45507081915642, 41.751327106598644], [41.455067388237865, 41.75123711885332], [41.454947218940134, 41.75123968799875], [41.454940357484915, 41.75105971248705], [41.45517726435545, 41.75096458636072], [41.45518069539467, 41.75105457410291], [41.45530086432611, 41.75105200472252], [41.45530772678646, 41.75123198018581], [41.45507081915642, 41.751327106598644]]]}, "properties": {"zone_id": "batumi-2024-05-21-103", "aoi": "batumi", "date": "2024-05-21", "scene_id": "S2A_MSIL2A_20240521T080611_R078_T37TFG_20240521T135035", "scene_datetime_utc": "2024-05-21T08:06:11.024000+00:00", "detection_status": "detected", "detection_status_ru": "обнаружено", "lon": 41.45512, "lat": 41.75115, "n_pixels": 2, "zone_area_km2": 0.0008, "cover_m2": 16.5, "p_mean": 0.714, "p_max": 0.816, "cover_m2_km2": 20625.0, "h3": "882c21d8a9fffff", "valid_frac_scene": 0.658, "wind_ms": 3.1, "sea": "спокойное", "scene_reliable": true, "field_event_id": "S4:DOORS3:T20", "field_profile": "B", "field_date": "2024-06-07", "field_distance_km": 15.3, "field_date_gap_days": 17, "field_conc_items_km2": 224.92, "conc_A_items_km2": null, "conc_A_lo80": null, "conc_A_hi80": null, "conc_A_lo95": null, "conc_A_hi95": null, "conc_A_status": "unavailable", "conc_A_status_ru": "концентрация недоступна", "conc_A_reasons": "вне бассейна профиля: nw_atlantic_subtropical", "conc_A_model": "conc-A-c6bce5631d2b", "conc_B_items_km2": 314.4, "conc_B_lo80": 66.7, "conc_B_hi80": 1057.5, "conc_B_lo95": 41.4, "conc_B_hi95": 1980.4, "conc_B_status": "research_estimate", "conc_B_status_ru": "исследовательская оценка", "conc_B_reasons": "месяц 5 вне месяцев обучения [6]", "conc_B_model": "conc-B-c6bce5631d2b"}}, {"type": "Feature", "geometry": {"type": "Polygon", "coordinates": [[[41.467667310913626, 41.74736460057914], [41.46754025426272, 41.74718720877982], [41.46766041486552, 41.74718462666677], [41.467656966865015, 41.747094639708116], [41.46790073602402, 41.74717946206407], [41.46790418437519, 41.747269449004854], [41.467784023636305, 41.74727203137708], [41.46778747183569, 41.74736201832435], [41.467667310913626, 41.74736460057914]]]}, "properties": {"zone_id": "batumi-2024-05-21-104", "aoi": "batumi", "date": "2024-05-21", "scene_id": "S2A_MSIL2A_20240521T080611_R078_T37TFG_20240521T135035", "scene_datetime_utc": "2024-05-21T08:06:11.024000+00:00", "detection_status": "detected", "detection_status_ru": "обнаружено", "lon": 41.46772, "lat": 41.74723, "n_pixels": 1, "zone_area_km2": 0.0005, "cover_m2": 5.1, "p_mean": 0.816, "p_max": 0.816, "cover_m2_km2": 10200.0, "h3": "882c21d8a3fffff", "valid_frac_scene": 0.658, "wind_ms": 3.1, "sea": "спокойное", "scene_reliable": true, "field_event_id": "S4:DOORS3:T20", "field_profile": "B", "field_date": "2024-06-07", "field_distance_km": 14.2, "field_date_gap_days": 17, "field_conc_items_km2": 224.92, "conc_A_items_km2": null, "conc_A_lo80": null, "conc_A_hi80": null, "conc_A_lo95": null, "conc_A_hi95": null, "conc_A_status": "unavailable", "conc_A_status_ru": "концентрация недоступна", "conc_A_reasons": "вне бассейна профиля: nw_atlantic_subtropical", "conc_A_model": "conc-A-c6bce5631d2b", "conc_B_items_km2": 319.1, "conc_B_lo80": 67.7, "conc_B_hi80": 1073.1, "conc_B_lo95": 42.1, "conc_B_hi95": 2009.7, "conc_B_status": "research_estimate", "conc_B_status_ru": "исследовательская оценка", "conc_B_reasons": "месяц 5 вне месяцев обучения [6]", "conc_B_model": "conc-B-c6bce5631d2b"}}, {"type": "Feature", "geometry": {"type": "Polygon", "coordinates": [[[41.454085744483486, 41.744413454707455], [41.45408231577224, 41.7443234667871], [41.45396215927787, 41.74432603455819], [41.453955302237155, 41.744146058696415], [41.45419218570857, 41.74405093514374], [41.45419561454044, 41.744140923060954], [41.45431577066867, 41.74413835505495], [41.45432262871417, 41.744318330868346], [41.454085744483486, 41.744413454707455]]]}, "properties": {"zone_id": "batumi-2024-05-21-105", "aoi": "batumi", "date": "2024-05-21", "scene_id": "S2A_MSIL2A_20240521T080611_R078_T37TFG_20240521T135035", "scene_datetime_utc": "2024-05-21T08:06:11.024000+00:00", "detection_status": "detected", "detection_status_ru": "обнаружено", "lon": 41.45414, "lat": 41.74423, "n_pixels": 2, "zone_area_km2": 0.0008, "cover_m2": 14.5, "p_mean": 0.851, "p_max": 0.933, "cover_m2_km2": 18125.0, "h3": "882c21d8adfffff", "valid_frac_scene": 0.658, "wind_ms": 3.1, "sea": "спокойное", "scene_reliable": true, "field_event_id": "S4:DOORS3:T20", "field_profile": "B", "field_date": "2024-06-07", "field_distance_km": 15.3, "field_date_gap_days": 17, "field_conc_items_km2": 224.92, "conc_A_items_km2": null, "conc_A_lo80": null, "conc_A_hi80": null, "conc_A_lo95": null, "conc_A_hi95": null, "conc_A_status": "unavailable", "conc_A_status_ru": "концентрация недоступна", "conc_A_reasons": "вне бассейна профиля: nw_atlantic_subtropical", "conc_A_model": "conc-A-c6bce5631d2b", "conc_B_items_km2": 314.4, "conc_B_lo80": 66.7, "conc_B_hi80": 1057.5, "conc_B_lo95": 41.4, "conc_B_hi95": 1980.4, "conc_B_status": "research_estimate", "conc_B_status_ru": "исследовательская оценка", "conc_B_reasons": "месяц 5 вне месяцев обучения [6]", "conc_B_model": "conc-B-c6bce5631d2b"}}, {"type": "Feature", "geometry": {"type": "Polygon", "coordinates": [[[41.44510369683958, 41.732716959960186], [41.44510028207121, 41.732626971251385], [41.444980146570025, 41.732629529049696], [41.44497331741466, 41.732449551611076], [41.44521017284292, 41.7323544472154], [41.44521358773202, 41.73244443592111], [41.44533372286739, 41.73244187788791], [41.445340553026966, 41.73262185527833], [41.44510369683958, 41.732716959960186]]]}, "properties": {"zone_id": "batumi-2024-05-21-106", "aoi": "batumi", "date": "2024-05-21", "scene_id": "S2A_MSIL2A_20240521T080611_R078_T37TFG_20240521T135035", "scene_datetime_utc": "2024-05-21T08:06:11.024000+00:00", "detection_status": "detected", "detection_status_ru": "обнаружено", "lon": 41.44516, "lat": 41.73254, "n_pixels": 2, "zone_area_km2": 0.0008, "cover_m2": 11.4, "p_mean": 0.7, "p_max": 0.71, "cover_m2_km2": 14250.0, "h3": "882c21d9d1fffff", "valid_frac_scene": 0.658, "wind_ms": 3.1, "sea": "спокойное", "scene_reliable": true, "field_event_id": "S4:DOORS3:T20", "field_profile": "B", "field_date": "2024-06-07", "field_distance_km": 15.9, "field_date_gap_days": 17, "field_conc_items_km2": 224.92, "conc_A_items_km2": null, "conc_A_lo80": null, "conc_A_hi80": null, "conc_A_lo95": null, "conc_A_hi95": null, "conc_A_status": "unavailable", "conc_A_status_ru": "концентрация недоступна", "conc_A_reasons": "вне бассейна профиля: nw_atlantic_subtropical", "conc_A_model": "conc-A-c6bce5631d2b", "conc_B_items_km2": 317.4, "conc_B_lo80": 67.4, "conc_B_hi80": 1067.7, "conc_B_lo95": 41.8, "conc_B_hi95": 1999.5, "conc_B_status": "research_estimate", "conc_B_status_ru": "исследовательская оценка", "conc_B_reasons": "месяц 5 вне месяцев обучения [6]", "conc_B_model": "conc-B-c6bce5631d2b"}}, {"type": "Feature", "geometry": {"type": "Polygon", "coordinates": [[[40.962017814803446, 41.72937660045499], [40.96189216649332, 41.72919861692493], [40.96201233466304, 41.72919656440927], [40.962009594611544, 41.729106546384074], [40.96212976260122, 41.72910449374926], [40.962127022394654, 41.72901447572896], [40.96237009854314, 41.72910038810292], [40.962372839097306, 41.72919040610877], [40.962493007217105, 41.72918835309077], [40.96249574795131, 41.72927837108862], [40.96237557966395, 41.72928042411308], [40.96237832024307, 41.729370442115794], [40.962017814803446, 41.72937660045499]]]}, "properties": {"zone_id": "batumi-2024-05-21-107", "aoi": "batumi", "date": "2024-05-21", "scene_id": "S2A_MSIL2A_20240521T080611_R078_T37TFG_20240521T135035", "scene_datetime_utc": "2024-05-21T08:06:11.024000+00:00", "detection_status": "detected", "detection_status_ru": "обнаружено", "lon": 40.96219, "lat": 41.72922, "n_pixels": 4, "zone_area_km2": 0.0012, "cover_m2": 35.7, "p_mean": 0.805, "p_max": 0.91, "cover_m2_km2": 29750.0, "h3": "882c20a259fffff", "valid_frac_scene": 0.658, "wind_ms": 3.1, "sea": "спокойное", "scene_reliable": true, "field_event_id": "S4:DOORS3:T26", "field_profile": "B", "field_date": "2024-06-14", "field_distance_km": 5.2, "field_date_gap_days": 24, "field_conc_items_km2": 85.69, "conc_A_items_km2": null, "conc_A_lo80": null, "conc_A_hi80": null, "conc_A_lo95": null, "conc_A_hi95": null, "conc_A_status": "unavailable", "conc_A_status_ru": "концентрация недоступна", "conc_A_reasons": "вне бассейна профиля: nw_atlantic_subtropical", "conc_A_model": "conc-A-c6bce5631d2b", "conc_B_items_km2": 220.9, "conc_B_lo80": 46.7, "conc_B_hi80": 743.8, "conc_B_lo95": 28.9, "conc_B_hi95": 1393.2, "conc_B_status": "research_estimate", "conc_B_status_ru": "исследовательская оценка", "conc_B_reasons": "месяц 5 вне месяцев обучения [6]", "conc_B_model": "conc-B-c6bce5631d2b"}}, {"type": "Feature", "geometry": {"type": "Polygon", "coordinates": [[[40.99301808668907, 41.72875283591546], [40.99289235535976, 41.728574888129174], [40.99301252011759, 41.72857280322048], [40.99300973685086, 41.72848278687066], [40.99325284959523, 41.72856863302637], [40.99325563320971, 41.728658649361535], [40.993135468309696, 41.72866073452793], [40.99313825176931, 41.72875075086809], [40.99301808668907, 41.72875283591546]]]}, "properties": {"zone_id": "batumi-2024-05-21-108", "aoi": "batumi", "date": "2024-05-21", "scene_id": "S2A_MSIL2A_20240521T080611_R078_T37TFG_20240521T135035", "scene_datetime_utc": "2024-05-21T08:06:11.024000+00:00", "detection_status": "detected", "detection_status_ru": "обнаружено", "lon": 40.99307, "lat": 41.72862, "n_pixels": 1, "zone_area_km2": 0.0005, "cover_m2": 16.9, "p_mean": 0.596, "p_max": 0.596, "cover_m2_km2": 33800.0, "h3": "882c20b525fffff", "valid_frac_scene": 0.658, "wind_ms": 3.1, "sea": "спокойное", "scene_reliable": true, "field_event_id": "S4:DOORS3:T26", "field_profile": "B", "field_date": "2024-06-14", "field_distance_km": 3.5, "field_date_gap_days": 24, "field_conc_items_km2": 85.69, "conc_A_items_km2": null, "conc_A_lo80": null, "conc_A_hi80": null, "conc_A_lo95": null, "conc_A_hi95": null, "conc_A_status": "unavailable", "conc_A_status_ru": "концентрация недоступна", "conc_A_reasons": "вне бассейна профиля: nw_atlantic_subtropical", "conc_A_model": "conc-A-c6bce5631d2b", "conc_B_items_km2": 223.0, "conc_B_lo80": 47.1, "conc_B_hi80": 750.7, "conc_B_lo95": 29.1, "conc_B_hi95": 1406.1, "conc_B_status": "research_estimate", "conc_B_status_ru": "исследовательская оценка", "conc_B_reasons": "месяц 5 вне месяцев обучения [6]", "conc_B_model": "conc-B-c6bce5631d2b"}}, {"type": "Feature", "geometry": {"type": "Polygon", "coordinates": [[[40.99300417035541, 41.72830275416628], [40.99287843999053, 41.72812480633158], [40.99299860391066, 41.728122721455634], [40.99299582070729, 41.72803270509797], [40.9932389317129, 41.72811855132702], [40.99324171526402, 41.72820856767004], [40.993121551201696, 41.72821065280367], [40.993124334597944, 41.728300669151665], [40.99300417035541, 41.72830275416628]]]}, "properties": {"zone_id": "batumi-2024-05-21-109", "aoi": "batumi", "date": "2024-05-21", "scene_id": "S2A_MSIL2A_20240521T080611_R078_T37TFG_20240521T135035", "scene_datetime_utc": "2024-05-21T08:06:11.024000+00:00", "detection_status": "detected", "detection_status_ru": "обнаружено", "lon": 40.99306, "lat": 41.72817, "n_pixels": 1, "zone_area_km2": 0.0005, "cover_m2": 9.0, "p_mean": 0.878, "p_max": 0.878, "cover_m2_km2": 18000.0, "h3": "882c20b525fffff", "valid_frac_scene": 0.658, "wind_ms": 3.1, "sea": "спокойное", "scene_reliable": true, "field_event_id": "S4:DOORS3:T26", "field_profile": "B", "field_date": "2024-06-14", "field_distance_km": 3.5, "field_date_gap_days": 24, "field_conc_items_km2": 85.69, "conc_A_items_km2": null, "conc_A_lo80": null, "conc_A_hi80": null, "conc_A_lo95": null, "conc_A_hi95": null, "conc_A_status": "unavailable", "conc_A_status_ru": "концентрация недоступна", "conc_A_reasons": "вне бассейна профиля: nw_atlantic_subtropical", "conc_A_model": "conc-A-c6bce5631d2b", "conc_B_items_km2": 223.0, "conc_B_lo80": 47.1, "conc_B_hi80": 750.7, "conc_B_lo95": 29.1, "conc_B_hi95": 1406.1, "conc_B_status": "research_estimate", "conc_B_status_ru": "исследовательская оценка", "conc_B_reasons": "месяц 5 вне месяцев обучения [6]", "conc_B_model": "conc-B-c6bce5631d2b"}}, {"type": "Feature", "geometry": {"type": "Polygon", "coordinates": [[[41.04338040375044, 41.72831827258717], [41.04337755019908, 41.728228259027624], [41.043257389813085, 41.72823039658901], [41.043254536442234, 41.7281403830212], [41.04301136294347, 41.728054644171046], [41.043008509933635, 41.72796463058665], [41.043128669843064, 41.72796249329651], [41.04312011038897, 41.72769245255398], [41.04324026978287, 41.72769031515843], [41.04323741648997, 41.72760030158117], [41.04348058853169, 41.727686039990665], [41.04348914949342, 41.72795608067275], [41.043609309350884, 41.727953942880376], [41.0436178709321, 41.72822398352814], [41.04338040375044, 41.72831827258717]]]}, "properties": {"zone_id": "batumi-2024-05-21-110", "aoi": "batumi", "date": "2024-05-21", "scene_id": "S2A_MSIL2A_20240521T080611_R078_T37TFG_20240521T135035", "scene_datetime_utc": "2024-05-21T08:06:11.024000+00:00", "detection_status": "detected", "detection_status_ru": "обнаружено", "lon": 41.04334, "lat": 41.72798, "n_pixels": 7, "zone_area_km2": 0.0023, "cover_m2": 42.7, "p_mean": 0.706, "p_max": 0.922, "cover_m2_km2": 18565.2, "h3": "882c20a289fffff", "valid_frac_scene": 0.658, "wind_ms": 3.1, "sea": "спокойное", "scene_reliable": true, "field_event_id": "S4:DOORS3:T26", "field_profile": "B", "field_date": "2024-06-14", "field_distance_km": 3.9, "field_date_gap_days": 24, "field_conc_items_km2": 85.69, "conc_A_items_km2": null, "conc_A_lo80": null, "conc_A_hi80": null, "conc_A_lo95": null, "conc_A_hi95": null, "conc_A_status": "unavailable", "conc_A_status_ru": "концентрация недоступна", "conc_A_reasons": "вне бассейна профиля: nw_atlantic_subtropical", "conc_A_model": "conc-A-c6bce5631d2b", "conc_B_items_km2": 227.6, "conc_B_lo80": 48.1, "conc_B_hi80": 766.1, "conc_B_lo95": 29.8, "conc_B_hi95": 1435.0, "conc_B_status": "research_estimate", "conc_B_status_ru": "исследовательская оценка", "conc_B_reasons": "месяц 5 вне месяцев обучения [6]", "conc_B_model": "conc-B-c6bce5631d2b"}}, {"type": "Feature", "geometry": {"type": "Polygon", "coordinates": [[[41.4540283404258, 41.72712291080822], [41.4540249138735, 41.727032922612445], [41.45390478959636, 41.72703548946282], [41.45389793687318, 41.72685551305021], [41.45413475806977, 41.72676039106363], [41.4541381847426, 41.72685037925628], [41.45425830865391, 41.72684781217113], [41.45426516238099, 41.72702778853535], [41.4540283404258, 41.72712291080822]]]}, "properties": {"zone_id": "batumi-2024-05-21-111", "aoi": "batumi", "date": "2024-05-21", "scene_id": "S2A_MSIL2A_20240521T080611_R078_T37TFG_20240521T135035", "scene_datetime_utc": "2024-05-21T08:06:11.024000+00:00", "detection_status": "detected", "detection_status_ru": "обнаружено", "lon": 41.45408, "lat": 41.72694, "n_pixels": 2, "zone_area_km2": 0.0008, "cover_m2": 9.4, "p_mean": 0.784, "p_max": 0.898, "cover_m2_km2": 11750.0, "h3": "882c21d9d7fffff", "valid_frac_scene": 0.658, "wind_ms": 3.1, "sea": "спокойное", "scene_reliable": true, "field_event_id": "S4:DOORS3:T20", "field_profile": "B", "field_date": "2024-06-07", "field_distance_km": 15.1, "field_date_gap_days": 17, "field_conc_items_km2": 224.92, "conc_A_items_km2": null, "conc_A_lo80": null, "conc_A_hi80": null, "conc_A_lo95": null, "conc_A_hi95": null, "conc_A_status": "unavailable", "conc_A_status_ru": "концентрация недоступна", "conc_A_reasons": "вне бассейна профиля: nw_atlantic_subtropical", "conc_A_model": "conc-A-c6bce5631d2b", "conc_B_items_km2": 323.1, "conc_B_lo80": 68.6, "conc_B_hi80": 1086.8, "conc_B_lo95": 42.6, "conc_B_hi95": 2035.3, "conc_B_status": "research_estimate", "conc_B_status_ru": "исследовательская оценка", "conc_B_reasons": "месяц 5 вне месяцев обучения [6]", "conc_B_model": "conc-B-c6bce5631d2b"}}, {"type": "Feature", "geometry": {"type": "Polygon", "coordinates": [[[41.15142042200504, 41.72697585923712], [41.151417417787506, 41.72688585188544], [41.15117411476478, 41.72680034534118], [41.15117111090952, 41.72671033797218], [41.151291260158345, 41.72670808763751], [41.15128825614931, 41.72661808027398], [41.151531558614955, 41.726703586591576], [41.15153456297258, 41.72679359393937], [41.151654712347835, 41.72679134322103], [41.1516577168866, 41.72688135056017], [41.15153756734389, 41.72688360128557], [41.15154057172888, 41.72697360863018], [41.15142042200504, 41.72697585923712]]]}, "properties": {"zone_id": "batumi-2024-05-21-112", "aoi": "batumi", "date": "2024-05-21", "scene_id": "S2A_MSIL2A_20240521T080611_R078_T37TFG_20240521T135035", "scene_datetime_utc": "2024-05-21T08:06:11.024000+00:00", "detection_status": "detected", "detection_status_ru": "обнаружено", "lon": 41.15141, "lat": 41.7268, "n_pixels": 2, "zone_area_km2": 0.0008, "cover_m2": 16.9, "p_mean": 0.596, "p_max": 0.651, "cover_m2_km2": 21125.0, "h3": "882c20a541fffff", "valid_frac_scene": 0.658, "wind_ms": 3.1, "sea": "спокойное", "scene_reliable": true, "field_event_id": "S4:DOORS3:T19", "field_profile": "B", "field_date": "2024-06-05", "field_distance_km": 9.6, "field_date_gap_days": 15, "field_conc_items_km2": 544.69, "conc_A_items_km2": null, "conc_A_lo80": null, "conc_A_hi80": null, "conc_A_lo95": null, "conc_A_hi95": null, "conc_A_status": "unavailable", "conc_A_status_ru": "концентрация недоступна", "conc_A_reasons": "вне бассейна профиля: nw_atlantic_subtropical", "conc_A_model": "conc-A-c6bce5631d2b", "conc_B_items_km2": 245.3, "conc_B_lo80": 51.9, "conc_B_hi80": 825.6, "conc_B_lo95": 32.1, "conc_B_hi95": 1546.4, "conc_B_status": "research_estimate", "conc_B_status_ru": "исследовательская оценка", "conc_B_reasons": "месяц 5 вне месяцев обучения [6]", "conc_B_model": "conc-B-c6bce5631d2b"}}, {"type": "Feature", "geometry": {"type": "Polygon", "coordinates": [[[40.98821780197596, 41.72514337285266], [40.98821502573643, 41.725053356186564], [40.988094867186064, 41.72505543593643], [40.98808931507995, 41.7248754025865], [40.98832685512886, 41.72478122632308], [40.98832963149798, 41.72487124298733], [40.98844978968804, 41.7248691629994], [40.988455342799234, 41.72504919631014], [40.98821780197596, 41.72514337285266]]]}, "properties": {"zone_id": "batumi-2024-05-21-113", "aoi": "batumi", "date": "2024-05-21", "scene_id": "S2A_MSIL2A_20240521T080611_R078_T37TFG_20240521T135035", "scene_datetime_utc": "2024-05-21T08:06:11.024000+00:00", "detection_status": "detected", "detection_status_ru": "обнаружено", "lon": 40.98827, "lat": 41.72496, "n_pixels": 2, "zone_area_km2": 0.0008, "cover_m2": 16.1, "p_mean": 0.88, "p_max": 0.922, "cover_m2_km2": 20125.0, "h3": "882c20a253fffff", "valid_frac_scene": 0.658, "wind_ms": 3.1, "sea": "спокойное", "scene_reliable": true, "field_event_id": "S4:DOORS3:T26", "field_profile": "B", "field_date": "2024-06-14", "field_distance_km": 4.1, "field_date_gap_days": 24, "field_conc_items_km2": 85.69, "conc_A_items_km2": null, "conc_A_lo80": null, "conc_A_hi80": null, "conc_A_lo95": null, "conc_A_hi95": null, "conc_A_status": "unavailable", "conc_A_status_ru": "концентрация недоступна", "conc_A_reasons": "вне бассейна профиля: nw_atlantic_subtropical", "conc_A_model": "conc-A-c6bce5631d2b", "conc_B_items_km2": 225.6, "conc_B_lo80": 47.6, "conc_B_hi80": 759.3, "conc_B_lo95": 29.5, "conc_B_hi95": 1422.3, "conc_B_status": "research_estimate", "conc_B_status_ru": "исследовательская оценка", "conc_B_reasons": "месяц 5 вне месяцев обучения [6]", "conc_B_model": "conc-B-c6bce5631d2b"}}, {"type": "Feature", "geometry": {"type": "Polygon", "coordinates": [[[41.12214362505549, 41.72508879008314], [41.12201755057014, 41.72491099165422], [41.12213769875235, 41.72490877187968], [41.122134735621, 41.72481876277558], [41.12237799507626, 41.724904331954015], [41.12238095855601, 41.724994341042596], [41.122260810233335, 41.72499656107516], [41.12226377355911, 41.725086570169125], [41.12214362505549, 41.72508879008314]]]}, "properties": {"zone_id": "batumi-2024-05-21-114", "aoi": "batumi", "date": "2024-05-21", "scene_id": "S2A_MSIL2A_20240521T080611_R078_T37TFG_20240521T135035", "scene_datetime_utc": "2024-05-21T08:06:11.024000+00:00", "detection_status": "detected", "detection_status_ru": "обнаружено", "lon": 41.1222, "lat": 41.72495, "n_pixels": 1, "zone_area_km2": 0.0005, "cover_m2": 11.0, "p_mean": 0.933, "p_max": 0.933, "cover_m2_km2": 22000.0, "h3": "882c20a72dfffff", "valid_frac_scene": 0.658, "wind_ms": 3.1, "sea": "спокойное", "scene_reliable": true, "field_event_id": "S4:DOORS3:T26", "field_profile": "B", "field_date": "2024-06-14", "field_distance_km": 9.6, "field_date_gap_days": 24, "field_conc_items_km2": 85.69, "conc_A_items_km2": null, "conc_A_lo80": null, "conc_A_hi80": null, "conc_A_lo95": null, "conc_A_hi95": null, "conc_A_status": "unavailable", "conc_A_status_ru": "концентрация недоступна", "conc_A_reasons": "вне бассейна профиля: nw_atlantic_subtropical", "conc_A_model": "conc-A-c6bce5631d2b", "conc_B_items_km2": 240.9, "conc_B_lo80": 50.9, "conc_B_hi80": 810.7, "conc_B_lo95": 31.5, "conc_B_hi95": 1518.6, "conc_B_status": "research_estimate", "conc_B_status_ru": "исследовательская оценка", "conc_B_reasons": "месяц 5 вне месяцев обучения [6]", "conc_B_model": "conc-B-c6bce5631d2b"}}, {"type": "Feature", "geometry": {"type": "Polygon", "coordinates": [[[41.02003402911786, 41.72377767779472], [41.01990823460637, 41.723599760879274], [41.02002838810526, 41.72359764792365], [41.02002556761823, 41.72350763298576], [41.02026869506451, 41.72359342163575], [41.02027151589937, 41.723683436558794], [41.02015136225867, 41.723685549772156], [41.02015418293888, 41.723775564700276], [41.02003402911786, 41.72377767779472]]]}, "properties": {"zone_id": "batumi-2024-05-21-115", "aoi": "batumi", "date": "2024-05-21", "scene_id": "S2A_MSIL2A_20240521T080611_R078_T37TFG_20240521T135035", "scene_datetime_utc": "2024-05-21T08:06:11.024000+00:00", "detection_status": "detected", "detection_status_ru": "обнаружено", "lon": 41.02009, "lat": 41.72364, "n_pixels": 1, "zone_area_km2": 0.0005, "cover_m2": 14.9, "p_mean": 0.831, "p_max": 0.831, "cover_m2_km2": 29800.0, "h3": "882c20a2c5fffff", "valid_frac_scene": 0.658, "wind_ms": 3.1, "sea": "спокойное", "scene_reliable": true, "field_event_id": "S4:DOORS3:T26", "field_profile": "B", "field_date": "2024-06-14", "field_distance_km": 3.6, "field_date_gap_days": 24, "field_conc_items_km2": 85.69, "conc_A_items_km2": null, "conc_A_lo80": null, "conc_A_hi80": null, "conc_A_lo95": null, "conc_A_hi95": null, "conc_A_status": "unavailable", "conc_A_status_ru": "концентрация недоступна", "conc_A_reasons": "вне бассейна профиля: nw_atlantic_subtropical", "conc_A_model": "conc-A-c6bce5631d2b", "conc_B_items_km2": 227.7, "conc_B_lo80": 48.1, "conc_B_hi80": 766.3, "conc_B_lo95": 29.8, "conc_B_hi95": 1435.4, "conc_B_status": "research_estimate", "conc_B_status_ru": "исследовательская оценка", "conc_B_reasons": "месяц 5 вне месяцев обучения [6]", "conc_B_model": "conc-B-c6bce5631d2b"}}, {"type": "Feature", "geometry": {"type": "Polygon", "coordinates": [[[41.01929900851149, 41.723340278836375], [41.019173216898636, 41.72316236103911], [41.01929336963713, 41.72316024886994], [41.01929055021922, 41.723070233884364], [41.019533675075614, 41.72315602415496], [41.01953649484135, 41.72324603912569], [41.01941634196104, 41.72324815155259], [41.01941916157212, 41.72333816652839], [41.01929900851149, 41.723340278836375]]]}, "properties": {"zone_id": "batumi-2024-05-21-116", "aoi": "batumi", "date": "2024-05-21", "scene_id": "S2A_MSIL2A_20240521T080611_R078_T37TFG_20240521T135035", "scene_datetime_utc": "2024-05-21T08:06:11.024000+00:00", "detection_status": "detected", "detection_status_ru": "обнаружено", "lon": 41.01935, "lat": 41.7232, "n_pixels": 1, "zone_area_km2": 0.0005, "cover_m2": 12.5, "p_mean": 0.549, "p_max": 0.549, "cover_m2_km2": 25000.0, "h3": "882c20a2c5fffff", "valid_frac_scene": 0.658, "wind_ms": 3.1, "sea": "спокойное", "scene_reliable": true, "field_event_id": "S4:DOORS3:T26", "field_profile": "B", "field_date": "2024-06-14", "field_distance_km": 3.6, "field_date_gap_days": 24, "field_conc_items_km2": 85.69, "conc_A_items_km2": null, "conc_A_lo80": null, "conc_A_hi80": null, "conc_A_lo95": null, "conc_A_hi95": null, "conc_A_status": "unavailable", "conc_A_status_ru": "концентрация недоступна", "conc_A_reasons": "вне бассейна профиля: nw_atlantic_subtropical", "conc_A_model": "conc-A-c6bce5631d2b", "conc_B_items_km2": 227.7, "conc_B_lo80": 48.1, "conc_B_hi80": 766.3, "conc_B_lo95": 29.8, "conc_B_hi95": 1435.4, "conc_B_status": "research_estimate", "conc_B_status_ru": "исследовательская оценка", "conc_B_reasons": "месяц 5 вне месяцев обучения [6]", "conc_B_model": "conc-B-c6bce5631d2b"}}, {"type": "Feature", "geometry": {"type": "MultiPolygon", "coordinates": [[[[40.99572646917604, 41.72303173712829], [40.995729255702344, 41.72312175341483], [40.995849410092106, 41.723119665760365], [40.99584662339831, 41.723029649480374], [40.9959667776079, 41.72302756170692], [40.995963990759286, 41.722937545431925], [40.995720896161494, 41.72285170455048], [40.99572368266243, 41.722941720840176], [40.99560352859496, 41.72294380835597], [40.99560631494108, 41.72303382465064], [40.99572646917604, 41.72303173712829]]], [[[40.99548616069344, 41.72303591204745], [40.995488946884755, 41.723125928347116], [40.99536879245693, 41.72312801562493], [40.99537157849344, 41.7232180319296], [40.99549173308876, 41.72321594464522], [40.995494519305446, 41.72330596094174], [40.995732042241336, 41.7232117696998], [40.995729255702344, 41.72312175341483], [40.99548616069344, 41.72303591204745]]]]}, "properties": {"zone_id": "batumi-2024-05-21-117", "aoi": "batumi", "date": "2024-05-21", "scene_id": "S2A_MSIL2A_20240521T080611_R078_T37TFG_20240521T135035", "scene_datetime_utc": "2024-05-21T08:06:11.024000+00:00", "detection_status": "detected", "detection_status_ru": "обнаружено", "lon": 40.99567, "lat": 41.72308, "n_pixels": 2, "zone_area_km2": 0.001, "cover_m2": 25.9, "p_mean": 0.622, "p_max": 0.714, "cover_m2_km2": 25900.0, "h3": "882c20a219fffff", "valid_frac_scene": 0.658, "wind_ms": 3.1, "sea": "спокойное", "scene_reliable": true, "field_event_id": "S4:DOORS3:T26", "field_profile": "B", "field_date": "2024-06-14", "field_distance_km": 4.0, "field_date_gap_days": 24, "field_conc_items_km2": 85.69, "conc_A_items_km2": null, "conc_A_lo80": null, "conc_A_hi80": null, "conc_A_lo95": null, "conc_A_hi95": null, "conc_A_status": "unavailable", "conc_A_status_ru": "концентрация недоступна", "conc_A_reasons": "вне бассейна профиля: nw_atlantic_subtropical", "conc_A_model": "conc-A-c6bce5631d2b", "conc_B_items_km2": 225.6, "conc_B_lo80": 47.6, "conc_B_hi80": 759.3, "conc_B_lo95": 29.5, "conc_B_hi95": 1422.3, "conc_B_status": "research_estimate", "conc_B_status_ru": "исследовательская оценка", "conc_B_reasons": "месяц 5 вне месяцев обучения [6]", "conc_B_model": "conc-B-c6bce5631d2b"}}, {"type": "Feature", "geometry": {"type": "Polygon", "coordinates": [[[41.036363457479744, 41.72312908832023], [41.03636061424093, 41.723039074285694], [41.03611746885123, 41.72295332012967], [41.036114625973255, 41.7228633060786], [41.03623477689416, 41.72286117620802], [41.03623193386166, 41.72277116216207], [41.03647223532968, 41.722766902057685], [41.03659807312709, 41.72294479986736], [41.036718224163685, 41.72294266948792], [41.03672106789199, 41.723032683503945], [41.03660091668792, 41.723034813890074], [41.03660376026169, 41.72312482791122], [41.036363457479744, 41.72312908832023]]]}, "properties": {"zone_id": "batumi-2024-05-21-118", "aoi": "batumi", "date": "2024-05-21", "scene_id": "S2A_MSIL2A_20240521T080611_R078_T37TFG_20240521T135035", "scene_datetime_utc": "2024-05-21T08:06:11.024000+00:00", "detection_status": "detected", "detection_status_ru": "обнаружено", "lon": 41.03642, "lat": 41.72295, "n_pixels": 4, "zone_area_km2": 0.0012, "cover_m2": 36.1, "p_mean": 0.882, "p_max": 0.988, "cover_m2_km2": 30083.3, "h3": "882c20a28dfffff", "valid_frac_scene": 0.658, "wind_ms": 3.1, "sea": "спокойное", "scene_reliable": true, "field_event_id": "S4:DOORS3:T26", "field_profile": "B", "field_date": "2024-06-14", "field_distance_km": 4.1, "field_date_gap_days": 24, "field_conc_items_km2": 85.69, "conc_A_items_km2": null, "conc_A_lo80": null, "conc_A_hi80": null, "conc_A_lo95": null, "conc_A_hi95": null, "conc_A_status": "unavailable", "conc_A_status_ru": "концентрация недоступна", "conc_A_reasons": "вне бассейна профиля: nw_atlantic_subtropical", "conc_A_model": "conc-A-c6bce5631d2b", "conc_B_items_km2": 229.0, "conc_B_lo80": 48.4, "conc_B_hi80": 770.9, "conc_B_lo95": 29.9, "conc_B_hi95": 1443.9, "conc_B_status": "research_estimate", "conc_B_status_ru": "исследовательская оценка", "conc_B_reasons": "месяц 5 вне месяцев обучения [6]", "conc_B_model": "conc-B-c6bce5631d2b"}}, {"type": "Feature", "geometry": {"type": "Polygon", "coordinates": [[[41.65506825364292, 41.7220203349471], [41.65494074507773, 41.721843163335386], [41.65506084084351, 41.721840386624756], [41.6550571344691, 41.72175041246105], [41.65530103232443, 41.72183483282742], [41.65530473905005, 41.72192480697199], [41.655184643150854, 41.72192758394206], [41.65518834972616, 41.722017558093675], [41.65506825364292, 41.7220203349471]]]}, "properties": {"zone_id": "batumi-2024-05-21-119", "aoi": "batumi", "date": "2024-05-21", "scene_id": "S2A_MSIL2A_20240521T080611_R078_T37TFG_20240521T135035", "scene_datetime_utc": "2024-05-21T08:06:11.024000+00:00", "detection_status": "detected", "detection_status_ru": "обнаружено", "lon": 41.65512, "lat": 41.72188, "n_pixels": 1, "zone_area_km2": 0.0005, "cover_m2": 2.7, "p_mean": 0.843, "p_max": 0.843, "cover_m2_km2": 5400.0, "h3": "882c21c885fffff", "valid_frac_scene": 0.658, "wind_ms": 3.1, "sea": "спокойное", "scene_reliable": true, "field_event_id": "S4:DOORS3:T20", "field_profile": "B", "field_date": "2024-06-07", "field_distance_km": 1.6, "field_date_gap_days": 17, "field_conc_items_km2": 224.92, "conc_A_items_km2": null, "conc_A_lo80": null, "conc_A_hi80": null, "conc_A_lo95": null, "conc_A_hi95": null, "conc_A_status": "unavailable", "conc_A_status_ru": "концентрация недоступна", "conc_A_reasons": "вне бассейна профиля: nw_atlantic_subtropical", "conc_A_model": "conc-A-c6bce5631d2b", "conc_B_items_km2": 462.6, "conc_B_lo80": 98.5, "conc_B_hi80": 1554.9, "conc_B_lo95": 61.4, "conc_B_hi95": 2911.7, "conc_B_status": "research_estimate", "conc_B_status_ru": "исследовательская оценка", "conc_B_reasons": "месяц 5 вне месяцев обучения [6]", "conc_B_model": "conc-B-c6bce5631d2b"}}, {"type": "Feature", "geometry": {"type": "Polygon", "coordinates": [[[41.45140337259782, 41.72132497752171], [41.4512764146795, 41.721147564402415], [41.45139652822695, 41.72114500059249], [41.45139310606488, 41.72105501212542], [41.45163675527513, 41.72113987259639], [41.45164017778731, 41.721229861045714], [41.45152006410375, 41.72123242511453], [41.45152348646424, 41.72132241357027], [41.45140337259782, 41.72132497752171]]]}, "properties": {"zone_id": "batumi-2024-05-21-120", "aoi": "batumi", "date": "2024-05-21", "scene_id": "S2A_MSIL2A_20240521T080611_R078_T37TFG_20240521T135035", "scene_datetime_utc": "2024-05-21T08:06:11.024000+00:00", "detection_status": "detected", "detection_status_ru": "обнаружено", "lon": 41.45146, "lat": 41.72119, "n_pixels": 1, "zone_area_km2": 0.0005, "cover_m2": 5.1, "p_mean": 0.584, "p_max": 0.584, "cover_m2_km2": 10200.0, "h3": "882c21d9d7fffff", "valid_frac_scene": 0.658, "wind_ms": 3.1, "sea": "спокойное", "scene_reliable": true, "field_event_id": "S4:DOORS3:T20", "field_profile": "B", "field_date": "2024-06-07", "field_distance_km": 15.3, "field_date_gap_days": 17, "field_conc_items_km2": 224.92, "conc_A_items_km2": null, "conc_A_lo80": null, "conc_A_hi80": null, "conc_A_lo95": null, "conc_A_hi95": null, "conc_A_status": "unavailable", "conc_A_status_ru": "концентрация недоступна", "conc_A_reasons": "вне бассейна профиля: nw_atlantic_subtropical", "conc_A_model": "conc-A-c6bce5631d2b", "conc_B_items_km2": 332.3, "conc_B_lo80": 70.6, "conc_B_hi80": 1117.5, "conc_B_lo95": 43.8, "conc_B_hi95": 2092.7, "conc_B_status": "research_estimate", "conc_B_status_ru": "исследовательская оценка", "conc_B_reasons": "месяц 5 вне месяцев обучения [6]", "conc_B_model": "conc-B-c6bce5631d2b"}}, {"type": "Feature", "geometry": {"type": "Polygon", "coordinates": [[[41.13535778598162, 41.72115127068628], [41.135231683801756, 41.720973487325644], [41.13535182361707, 41.72097125390555], [41.13534884245516, 41.72088124551282], [41.13559210320699, 41.72096678668887], [41.1355950847173, 41.721056795065984], [41.13547494476172, 41.72105902874411], [41.13547792611819, 41.721149037126644], [41.13535778598162, 41.72115127068628]]]}, "properties": {"zone_id": "batumi-2024-05-21-121", "aoi": "batumi", "date": "2024-05-21", "scene_id": "S2A_MSIL2A_20240521T080611_R078_T37TFG_20240521T135035", "scene_datetime_utc": "2024-05-21T08:06:11.024000+00:00", "detection_status": "detected", "detection_status_ru": "обнаружено", "lon": 41.13541, "lat": 41.72102, "n_pixels": 1, "zone_area_km2": 0.0005, "cover_m2": 8.2, "p_mean": 0.659, "p_max": 0.659, "cover_m2_km2": 16400.0, "h3": "882c20a09bfffff", "valid_frac_scene": 0.658, "wind_ms": 3.1, "sea": "спокойное", "scene_reliable": true, "field_event_id": "S4:DOORS3:T18", "field_profile": "B", "field_date": "2024-06-05", "field_distance_km": 10.6, "field_date_gap_days": 15, "field_conc_items_km2": 348.74, "conc_A_items_km2": null, "conc_A_lo80": null, "conc_A_hi80": null, "conc_A_lo95": null, "conc_A_hi95": null, "conc_A_status": "unavailable", "conc_A_status_ru": "концентрация недоступна", "conc_A_reasons": "вне бассейна профиля: nw_atlantic_subtropical", "conc_A_model": "conc-A-c6bce5631d2b", "conc_B_items_km2": 243.7, "conc_B_lo80": 51.5, "conc_B_hi80": 820.2, "conc_B_lo95": 31.9, "conc_B_hi95": 1536.2, "conc_B_status": "research_estimate", "conc_B_status_ru": "исследовательская оценка", "conc_B_reasons": "месяц 5 вне месяцев обучения [6]", "conc_B_model": "conc-B-c6bce5631d2b"}}, {"type": "Feature", "geometry": {"type": "Polygon", "coordinates": [[[41.42155380431658, 41.72033713651218], [41.42142692909502, 41.720159688114826], [41.42154704347101, 41.7201571555539], [41.421543663071304, 41.72006716507231], [41.42178727217683, 41.7201520900558], [41.421790652926475, 41.72024208051983], [41.421670538413984, 41.72024461333957], [41.42167391901174, 41.72033460380992], [41.42155380431658, 41.72033713651218]]]}, "properties": {"zone_id": "batumi-2024-05-21-122", "aoi": "batumi", "date": "2024-05-21", "scene_id": "S2A_MSIL2A_20240521T080611_R078_T37TFG_20240521T135035", "scene_datetime_utc": "2024-05-21T08:06:11.024000+00:00", "detection_status": "detected", "detection_status_ru": "обнаружено", "lon": 41.42161, "lat": 41.7202, "n_pixels": 1, "zone_area_km2": 0.0005, "cover_m2": 11.0, "p_mean": 0.588, "p_max": 0.588, "cover_m2_km2": 22000.0, "h3": "882c21d9cbfffff", "valid_frac_scene": 0.658, "wind_ms": 3.1, "sea": "спокойное", "scene_reliable": true, "field_event_id": "S4:DOORS3:T19", "field_profile": "B", "field_date": "2024-06-05", "field_distance_km": 15.6, "field_date_gap_days": 15, "field_conc_items_km2": 544.69, "conc_A_items_km2": null, "conc_A_lo80": null, "conc_A_hi80": null, "conc_A_lo95": null, "conc_A_hi95": null, "conc_A_status": "unavailable", "conc_A_status_ru": "концентрация недоступна", "conc_A_reasons": "вне бассейна профиля: nw_atlantic_subtropical", "conc_A_model": "conc-A-c6bce5631d2b", "conc_B_items_km2": 318.8, "conc_B_lo80": 67.7, "conc_B_hi80": 1072.3, "conc_B_lo95": 42.0, "conc_B_hi95": 2008.3, "conc_B_status": "research_estimate", "conc_B_status_ru": "исследовательская оценка", "conc_B_reasons": "месяц 5 вне месяцев обучения [6]", "conc_B_model": "conc-B-c6bce5631d2b"}}, {"type": "Feature", "geometry": {"type": "Polygon", "coordinates": [[[41.13087689235229, 41.72015372026883], [41.130750804393806, 41.71997593162361], [41.130988106023906, 41.719881465449355], [41.1309851310651, 41.719791456783625], [41.131105269011194, 41.71978922785432], [41.13110229389853, 41.719699219194], [41.131345544862725, 41.7197847696192], [41.13134852032375, 41.71987477826393], [41.13111121927715, 41.719969245170205], [41.131114194430445, 41.720059253825745], [41.13087689235229, 41.72015372026883]]]}, "properties": {"zone_id": "batumi-2024-05-21-123", "aoi": "batumi", "date": "2024-05-21", "scene_id": "S2A_MSIL2A_20240521T080611_R078_T37TFG_20240521T135035", "scene_datetime_utc": "2024-05-21T08:06:11.024000+00:00", "detection_status": "detected", "detection_status_ru": "обнаружено", "lon": 41.13105, "lat": 41.71993, "n_pixels": 3, "zone_area_km2": 0.0011, "cover_m2": 42.4, "p_mean": 0.603, "p_max": 0.678, "cover_m2_km2": 38545.5, "h3": "882c20a725fffff", "valid_frac_scene": 0.658, "wind_ms": 3.1, "sea": "спокойное", "scene_reliable": true, "field_event_id": "S4:DOORS3:T26", "field_profile": "B", "field_date": "2024-06-14", "field_distance_km": 10.5, "field_date_gap_days": 24, "field_conc_items_km2": 85.69, "conc_A_items_km2": null, "conc_A_lo80": null, "conc_A_hi80": null, "conc_A_lo95": null, "conc_A_hi95": null, "conc_A_status": "unavailable", "conc_A_status_ru": "концентрация недоступна", "conc_A_reasons": "вне бассейна профиля: nw_atlantic_subtropical", "conc_A_model": "conc-A-c6bce5631d2b", "conc_B_items_km2": 240.9, "conc_B_lo80": 50.9, "conc_B_hi80": 810.7, "conc_B_lo95": 31.5, "conc_B_hi95": 1518.6, "conc_B_status": "research_estimate", "conc_B_status_ru": "исследовательская оценка", "conc_B_reasons": "месяц 5 вне месяцев обучения [6]", "conc_B_model": "conc-B-c6bce5631d2b"}}, {"type": "Feature", "geometry": {"type": "Polygon", "coordinates": [[[41.13831053580454, 41.71956525418914], [41.13830755066111, 41.7194752459481], [41.13818741386388, 41.7194774823934], [41.1381814439526, 41.71929746589252], [41.138418731593795, 41.71920298466571], [41.13842171686386, 41.7192929929045], [41.13854185329911, 41.71929075622224], [41.138547824214804, 41.71947077268098], [41.13831053580454, 41.71956525418914]]]}, "properties": {"zone_id": "batumi-2024-05-21-124", "aoi": "batumi", "date": "2024-05-21", "scene_id": "S2A_MSIL2A_20240521T080611_R078_T37TFG_20240521T135035", "scene_datetime_utc": "2024-05-21T08:06:11.024000+00:00", "detection_status": "detected", "detection_status_ru": "обнаружено", "lon": 41.13836, "lat": 41.71938, "n_pixels": 2, "zone_area_km2": 0.0008, "cover_m2": 10.2, "p_mean": 0.749, "p_max": 0.91, "cover_m2_km2": 12750.0, "h3": "882c20a09bfffff", "valid_frac_scene": 0.658, "wind_ms": 3.1, "sea": "спокойное", "scene_reliable": true, "field_event_id": "S4:DOORS3:T18", "field_profile": "B", "field_date": "2024-06-05", "field_distance_km": 10.8, "field_date_gap_days": 15, "field_conc_items_km2": 348.74, "conc_A_items_km2": null, "conc_A_lo80": null, "conc_A_hi80": null, "conc_A_lo95": null, "conc_A_hi95": null, "conc_A_status": "unavailable", "conc_A_status_ru": "концентрация недоступна", "conc_A_reasons": "вне бассейна профиля: nw_atlantic_subtropical", "conc_A_model": "conc-A-c6bce5631d2b", "conc_B_items_km2": 243.7, "conc_B_lo80": 51.5, "conc_B_hi80": 820.2, "conc_B_lo95": 31.9, "conc_B_hi95": 1536.2, "conc_B_status": "research_estimate", "conc_B_status_ru": "исследовательская оценка", "conc_B_reasons": "месяц 5 вне месяцев обучения [6]", "conc_B_model": "conc-B-c6bce5631d2b"}}, {"type": "Feature", "geometry": {"type": "Polygon", "coordinates": [[[41.23420662432008, 41.71864058434971], [41.234203505470084, 41.71855058185708], [41.2340833780865, 41.71855291851097], [41.23408025941806, 41.71846291600939], [41.23420038663428, 41.71846057936284], [41.234197267812675, 41.718370576866995], [41.234557648874116, 41.71836356619657], [41.234560768197774, 41.718453568670384], [41.234680895357194, 41.718451231521954], [41.2346840148624, 41.718541233986834], [41.23456388753562, 41.718543571142604], [41.23456700688768, 41.718633573613204], [41.23420662432008, 41.71864058434971]]]}, "properties": {"zone_id": "batumi-2024-05-21-125", "aoi": "batumi", "date": "2024-05-21", "scene_id": "S2A_MSIL2A_20240521T080611_R078_T37TFG_20240521T135035", "scene_datetime_utc": "2024-05-21T08:06:11.024000+00:00", "detection_status": "detected", "detection_status_ru": "обнаружено", "lon": 41.23438, "lat": 41.7185, "n_pixels": 3, "zone_area_km2": 0.0011, "cover_m2": 27.8, "p_mean": 0.659, "p_max": 0.776, "cover_m2_km2": 25272.7, "h3": "882c20a5e5fffff", "valid_frac_scene": 0.658, "wind_ms": 3.1, "sea": "спокойное", "scene_reliable": true, "field_event_id": "S4:DOORS3:T19", "field_profile": "B", "field_date": "2024-06-05", "field_distance_km": 6.4, "field_date_gap_days": 15, "field_conc_items_km2": 544.69, "conc_A_items_km2": null, "conc_A_lo80": null, "conc_A_hi80": null, "conc_A_lo95": null, "conc_A_hi95": null, "conc_A_status": "unavailable", "conc_A_status_ru": "концентрация недоступна", "conc_A_reasons": "вне бассейна профиля: nw_atlantic_subtropical", "conc_A_model": "conc-A-c6bce5631d2b", "conc_B_items_km2": 263.4, "conc_B_lo80": 55.8, "conc_B_hi80": 886.4, "conc_B_lo95": 34.6, "conc_B_hi95": 1660.1, "conc_B_status": "research_estimate", "conc_B_status_ru": "исследовательская оценка", "conc_B_reasons": "месяц 5 вне месяцев обучения [6]", "conc_B_model": "conc-B-c6bce5631d2b"}}, {"type": "Feature", "geometry": {"type": "Polygon", "coordinates": [[[41.24706960043113, 41.71865984174393], [41.24706646363202, 41.71856984004382], [41.246946337269925, 41.71857219014491], [41.24694006404922, 41.71839218672512], [41.247177179166115, 41.71829748472947], [41.24718031608974, 41.718387486427005], [41.24730044208858, 41.71838513608974], [41.24730671631335, 41.718565139465255], [41.24706960043113, 41.71865984174393]]]}, "properties": {"zone_id": "batumi-2024-05-21-126", "aoi": "batumi", "date": "2024-05-21", "scene_id": "S2A_MSIL2A_20240521T080611_R078_T37TFG_20240521T135035", "scene_datetime_utc": "2024-05-21T08:06:11.024000+00:00", "detection_status": "detected", "detection_status_ru": "обнаружено", "lon": 41.24712, "lat": 41.71848, "n_pixels": 2, "zone_area_km2": 0.0008, "cover_m2": 19.6, "p_mean": 0.837, "p_max": 0.906, "cover_m2_km2": 24500.0, "h3": "882c20a5adfffff", "valid_frac_scene": 0.658, "wind_ms": 3.1, "sea": "спокойное", "scene_reliable": true, "field_event_id": "S4:DOORS3:T19", "field_profile": "B", "field_date": "2024-06-05", "field_distance_km": 6.3, "field_date_gap_days": 15, "field_conc_items_km2": 544.69, "conc_A_items_km2": null, "conc_A_lo80": null, "conc_A_hi80": null, "conc_A_lo95": null, "conc_A_hi95": null, "conc_A_status": "unavailable", "conc_A_status_ru": "концентрация недоступна", "conc_A_reasons": "вне бассейна профиля: nw_atlantic_subtropical", "conc_A_model": "conc-A-c6bce5631d2b", "conc_B_items_km2": 263.4, "conc_B_lo80": 55.8, "conc_B_hi80": 886.4, "conc_B_lo95": 34.6, "conc_B_hi95": 1660.1, "conc_B_status": "research_estimate", "conc_B_status_ru": "исследовательская оценка", "conc_B_reasons": "месяц 5 вне месяцев обучения [6]", "conc_B_model": "conc-B-c6bce5631d2b"}}, {"type": "Feature", "geometry": {"type": "Polygon", "coordinates": [[[41.03885876240721, 41.718401471980684], [41.03885591615788, 41.71831145801164], [41.03873577390761, 41.7183135904346], [41.03873292783867, 41.7182235764573], [41.0388530699215, 41.71822144404103], [41.038850223698084, 41.71813143006882], [41.03909050749, 41.71812716487317], [41.03909335404828, 41.71821717883196], [41.03921349609224, 41.71821504603915], [41.03921634283092, 41.718305059989675], [41.03909620061953, 41.71830719278918], [41.03909904720374, 41.71839720674482], [41.03885876240721, 41.718401471980684]]]}, "properties": {"zone_id": "batumi-2024-05-21-127", "aoi": "batumi", "date": "2024-05-21", "scene_id": "S2A_MSIL2A_20240521T080611_R078_T37TFG_20240521T135035", "scene_datetime_utc": "2024-05-21T08:06:11.024000+00:00", "detection_status": "detected", "detection_status_ru": "обнаружено", "lon": 41.03897, "lat": 41.71826, "n_pixels": 2, "zone_area_km2": 0.0008, "cover_m2": 5.1, "p_mean": 0.822, "p_max": 0.863, "cover_m2_km2": 6375.0, "h3": "882c20a28dfffff", "valid_frac_scene": 0.658, "wind_ms": 3.1, "sea": "спокойное", "scene_reliable": true, "field_event_id": "S4:DOORS3:T26", "field_profile": "B", "field_date": "2024-06-14", "field_distance_km": 4.6, "field_date_gap_days": 24, "field_conc_items_km2": 85.69, "conc_A_items_km2": null, "conc_A_lo80": null, "conc_A_hi80": null, "conc_A_lo95": null, "conc_A_hi95": null, "conc_A_status": "unavailable", "conc_A_status_ru": "концентрация недоступна", "conc_A_reasons": "вне бассейна профиля: nw_atlantic_subtropical", "conc_A_model": "conc-A-c6bce5631d2b", "conc_B_items_km2": 229.0, "conc_B_lo80": 48.4, "conc_B_hi80": 770.9, "conc_B_lo95": 29.9, "conc_B_hi95": 1443.9, "conc_B_status": "research_estimate", "conc_B_status_ru": "исследовательская оценка", "conc_B_reasons": "месяц 5 вне месяцев обучения [6]", "conc_B_model": "conc-B-c6bce5631d2b"}}, {"type": "Feature", "geometry": {"type": "Polygon", "coordinates": [[[41.06775208957527, 41.71599363673285], [41.06762618151953, 41.715815774501465], [41.06774631694166, 41.71581361197914], [41.06774343064457, 41.71572359959992], [41.06798658774651, 41.71580928655796], [41.067989474391545, 41.71589929892202], [41.067869338828295, 41.715901461702146], [41.06787222531907, 41.715991474071416], [41.06775208957527, 41.71599363673285]]]}, "properties": {"zone_id": "batumi-2024-05-21-128", "aoi": "batumi", "date": "2024-05-21", "scene_id": "S2A_MSIL2A_20240521T080611_R078_T37TFG_20240521T135035", "scene_datetime_utc": "2024-05-21T08:06:11.024000+00:00", "detection_status": "detected", "detection_status_ru": "обнаружено", "lon": 41.06781, "lat": 41.71586, "n_pixels": 1, "zone_area_km2": 0.0005, "cover_m2": 6.3, "p_mean": 0.518, "p_max": 0.518, "cover_m2_km2": 12600.0, "h3": "882c20a2bdfffff", "valid_frac_scene": 0.658, "wind_ms": 3.1, "sea": "спокойное", "scene_reliable": true, "field_event_id": "S4:DOORS3:T26", "field_profile": "B", "field_date": "2024-06-14", "field_distance_km": 6.3, "field_date_gap_days": 24, "field_conc_items_km2": 85.69, "conc_A_items_km2": null, "conc_A_lo80": null, "conc_A_hi80": null, "conc_A_lo95": null, "conc_A_hi95": null, "conc_A_status": "unavailable", "conc_A_status_ru": "концентрация недоступна", "conc_A_reasons": "вне бассейна профиля: nw_atlantic_subtropical", "conc_A_model": "conc-A-c6bce5631d2b", "conc_B_items_km2": 233.1, "conc_B_lo80": 49.3, "conc_B_hi80": 784.6, "conc_B_lo95": 30.5, "conc_B_hi95": 1469.6, "conc_B_status": "research_estimate", "conc_B_status_ru": "исследовательская оценка", "conc_B_reasons": "месяц 5 вне месяцев обучения [6]", "conc_B_model": "conc-B-c6bce5631d2b"}}, {"type": "Feature", "geometry": {"type": "Polygon", "coordinates": [[[41.446500348151645, 41.71566558872308], [41.44637341536733, 41.71548816936015], [41.44649351881777, 41.715485610956044], [41.44649010417414, 41.715395622070055], [41.446733725672, 41.715480493771615], [41.44673714066562, 41.715570482639876], [41.446617037079044, 41.71557304130283], [41.446620451920985, 41.71566303017749], [41.446500348151645, 41.71566558872308]]]}, "properties": {"zone_id": "batumi-2024-05-21-129", "aoi": "batumi", "date": "2024-05-21", "scene_id": "S2A_MSIL2A_20240521T080611_R078_T37TFG_20240521T135035", "scene_datetime_utc": "2024-05-21T08:06:11.024000+00:00", "detection_status": "detected", "detection_status_ru": "обнаружено", "lon": 41.44656, "lat": 41.71553, "n_pixels": 1, "zone_area_km2": 0.0005, "cover_m2": 4.3, "p_mean": 0.631, "p_max": 0.631, "cover_m2_km2": 8600.0, "h3": "882c21d98bfffff", "valid_frac_scene": 0.658, "wind_ms": 3.1, "sea": "спокойное", "scene_reliable": true, "field_event_id": "S4:DOORS3:T20", "field_profile": "B", "field_date": "2024-06-07", "field_distance_km": 15.7, "field_date_gap_days": 17, "field_conc_items_km2": 224.92, "conc_A_items_km2": null, "conc_A_lo80": null, "conc_A_hi80": null, "conc_A_lo95": null, "conc_A_hi95": null, "conc_A_status": "unavailable", "conc_A_status_ru": "концентрация недоступна", "conc_A_reasons": "вне бассейна профиля: nw_atlantic_subtropical", "conc_A_model": "conc-A-c6bce5631d2b", "conc_B_items_km2": 325.5, "conc_B_lo80": 69.1, "conc_B_hi80": 1094.6, "conc_B_lo95": 42.9, "conc_B_hi95": 2049.9, "conc_B_status": "research_estimate", "conc_B_status_ru": "исследовательская оценка", "conc_B_reasons": "месяц 5 вне месяцев обучения [6]", "conc_B_model": "conc-B-c6bce5631d2b"}}, {"type": "Feature", "geometry": {"type": "Polygon", "coordinates": [[[41.15656790110172, 41.71553130357417], [41.15644175304949, 41.71535354446776], [41.15656188072874, 41.715351289119184], [41.15655887056281, 41.7152612818893], [41.15680213604613, 41.7153467780456], [41.15680514656049, 41.71543678525972], [41.156685018741285, 41.71543904086633], [41.156688029101986, 41.71552904808595], [41.15656790110172, 41.71553130357417]]]}, "properties": {"zone_id": "batumi-2024-05-21-130", "aoi": "batumi", "date": "2024-05-21", "scene_id": "S2A_MSIL2A_20240521T080611_R078_T37TFG_20240521T135035", "scene_datetime_utc": "2024-05-21T08:06:11.024000+00:00", "detection_status": "detected", "detection_status_ru": "обнаружено", "lon": 41.15662, "lat": 41.7154, "n_pixels": 1, "zone_area_km2": 0.0005, "cover_m2": 4.3, "p_mean": 0.855, "p_max": 0.855, "cover_m2_km2": 8600.0, "h3": "882c20a545fffff", "valid_frac_scene": 0.658, "wind_ms": 3.1, "sea": "спокойное", "scene_reliable": true, "field_event_id": "S4:DOORS3:T19", "field_profile": "B", "field_date": "2024-06-05", "field_distance_km": 10.0, "field_date_gap_days": 15, "field_conc_items_km2": 544.69, "conc_A_items_km2": null, "conc_A_lo80": null, "conc_A_hi80": null, "conc_A_lo95": null, "conc_A_hi95": null, "conc_A_status": "unavailable", "conc_A_status_ru": "концентрация недоступна", "conc_A_reasons": "вне бассейна профиля: nw_atlantic_subtropical", "conc_A_model": "conc-A-c6bce5631d2b", "conc_B_items_km2": 246.6, "conc_B_lo80": 52.2, "conc_B_hi80": 830.0, "conc_B_lo95": 32.3, "conc_B_hi95": 1554.7, "conc_B_status": "research_estimate", "conc_B_status_ru": "исследовательская оценка", "conc_B_reasons": "месяц 5 вне месяцев обучения [6]", "conc_B_model": "conc-B-c6bce5631d2b"}}, {"type": "Feature", "geometry": {"type": "Polygon", "coordinates": [[[41.04728881383936, 41.71509927548138], [41.047285956157666, 41.71500926193389], [41.04716582068898, 41.71501140303312], [41.04716296318771, 41.71492138947733], [41.04728309848899, 41.71491924838483], [41.04728024083333, 41.7148292348342], [41.04752051106207, 41.714824952286165], [41.04752336905254, 41.714914965823354], [41.0476435043148, 41.71491282435434], [41.04764636248568, 41.71500283788322], [41.047526227056025, 41.71500497935895], [41.04752908507251, 41.71509499289297], [41.04728881383936, 41.71509927548138]]]}, "properties": {"zone_id": "batumi-2024-05-21-131", "aoi": "batumi", "date": "2024-05-21", "scene_id": "S2A_MSIL2A_20240521T080611_R078_T37TFG_20240521T135035", "scene_datetime_utc": "2024-05-21T08:06:11.024000+00:00", "detection_status": "detected", "detection_status_ru": "обнаружено", "lon": 41.0474, "lat": 41.71496, "n_pixels": 2, "zone_area_km2": 0.0008, "cover_m2": 13.7, "p_mean": 0.749, "p_max": 0.953, "cover_m2_km2": 17125.0, "h3": "882c20a285fffff", "valid_frac_scene": 0.658, "wind_ms": 3.1, "sea": "спокойное", "scene_reliable": true, "field_event_id": "S4:DOORS3:T26", "field_profile": "B", "field_date": "2024-06-14", "field_distance_km": 5.3, "field_date_gap_days": 24, "field_conc_items_km2": 85.69, "conc_A_items_km2": null, "conc_A_lo80": null, "conc_A_hi80": null, "conc_A_lo95": null, "conc_A_hi95": null, "conc_A_status": "unavailable", "conc_A_status_ru": "концентрация недоступна", "conc_A_reasons": "вне бассейна профиля: nw_atlantic_subtropical", "conc_A_model": "conc-A-c6bce5631d2b", "conc_B_items_km2": 229.0, "conc_B_lo80": 48.4, "conc_B_hi80": 770.9, "conc_B_lo95": 29.9, "conc_B_hi95": 1443.9, "conc_B_status": "research_estimate", "conc_B_status_ru": "исследовательская оценка", "conc_B_reasons": "месяц 5 вне месяцев обучения [6]", "conc_B_model": "conc-B-c6bce5631d2b"}}, {"type": "Feature", "geometry": {"type": "Polygon", "coordinates": [[[41.097407651329604, 41.714915582464464], [41.097404723739736, 41.71482557176915], [41.0972845924234, 41.71482776525448], [41.097281665014236, 41.7147377545507], [41.09703847561528, 41.71465213041196], [41.09703262153311, 41.714472108968934], [41.096789433459854, 41.714386484268374], [41.096786506786835, 41.71429647352911], [41.0965433196912, 41.71421084828209], [41.09654039337958, 41.714120837525904], [41.09666052343684, 41.714118644848625], [41.09665759697117, 41.71402863409774], [41.09689785671097, 41.71402424838051], [41.0970238405098, 41.71420207679252], [41.09726702816834, 41.714287701008075], [41.09727288286672, 41.71446772242987], [41.09775926146472, 41.71463896920625], [41.09776218953007, 41.714728979884036], [41.09764205842111, 41.71473117373893], [41.09764498633241, 41.71482118442204], [41.097407651329604, 41.714915582464464]]]}, "properties": {"zone_id": "batumi-2024-05-21-132", "aoi": "batumi", "date": "2024-05-21", "scene_id": "S2A_MSIL2A_20240521T080611_R078_T37TFG_20240521T135035", "scene_datetime_utc": "2024-05-21T08:06:11.024000+00:00", "detection_status": "detected", "detection_status_ru": "обнаружено", "lon": 41.09716, "lat": 41.71447, "n_pixels": 10, "zone_area_km2": 0.0034, "cover_m2": 100.0, "p_mean": 0.868, "p_max": 0.984, "cover_m2_km2": 29411.8, "h3": "882c20a0ddfffff", "valid_frac_scene": 0.658, "wind_ms": 3.1, "sea": "спокойное", "scene_reliable": true, "field_event_id": "S4:DOORS3:T26", "field_profile": "B", "field_date": "2024-06-14", "field_distance_km": 8.3, "field_date_gap_days": 24, "field_conc_items_km2": 85.69, "conc_A_items_km2": null, "conc_A_lo80": null, "conc_A_hi80": null, "conc_A_lo95": null, "conc_A_hi95": null, "conc_A_status": "unavailable", "conc_A_status_ru": "концентрация недоступна", "conc_A_reasons": "вне бассейна профиля: nw_atlantic_subtropical", "conc_A_model": "conc-A-c6bce5631d2b", "conc_B_items_km2": 235.6, "conc_B_lo80": 49.8, "conc_B_hi80": 793.0, "conc_B_lo95": 30.8, "conc_B_hi95": 1485.3, "conc_B_status": "research_estimate", "conc_B_status_ru": "исследовательская оценка", "conc_B_reasons": "месяц 5 вне месяцев обучения [6]", "conc_B_model": "conc-B-c6bce5631d2b"}}, {"type": "Feature", "geometry": {"type": "Polygon", "coordinates": [[[41.09750143346456, 41.71410329259407], [41.09749850582726, 41.71401328189141], [41.09713811639746, 41.71401986216132], [41.097135189275626, 41.713929851436404], [41.09701505960641, 41.71393204460185], [41.09700920573745, 41.7137520231335], [41.09724653714382, 41.713657625981924], [41.0973725211308, 41.71383545401636], [41.09773290947639, 41.71382887303489], [41.09772998154434, 41.71373886234127], [41.09785011079884, 41.7137366684367], [41.097853038898265, 41.713826679123436], [41.09797316830681, 41.713824485086484], [41.09797609658693, 41.71391449576474], [41.09785596701102, 41.71391668980858], [41.09785889513711, 41.71400670049214], [41.097618635610544, 41.71401108821715], [41.09762156341521, 41.714101098912906], [41.09750143346456, 41.71410329259407]]]}, "properties": {"zone_id": "batumi-2024-05-21-133", "aoi": "batumi", "date": "2024-05-21", "scene_id": "S2A_MSIL2A_20240521T080611_R078_T37TFG_20240521T135035", "scene_datetime_utc": "2024-05-21T08:06:11.024000+00:00", "detection_status": "detected", "detection_status_ru": "обнаружено", "lon": 41.09741, "lat": 41.71388, "n_pixels": 5, "zone_area_km2": 0.002, "cover_m2": 48.6, "p_mean": 0.779, "p_max": 0.957, "cover_m2_km2": 24300.0, "h3": "882c20a0ddfffff", "valid_frac_scene": 0.658, "wind_ms": 3.1, "sea": "спокойное", "scene_reliable": true, "field_event_id": "S4:DOORS3:T26", "field_profile": "B", "field_date": "2024-06-14", "field_distance_km": 8.3, "field_date_gap_days": 24, "field_conc_items_km2": 85.69, "conc_A_items_km2": null, "conc_A_lo80": null, "conc_A_hi80": null, "conc_A_lo95": null, "conc_A_hi95": null, "conc_A_status": "unavailable", "conc_A_status_ru": "концентрация недоступна", "conc_A_reasons": "вне бассейна профиля: nw_atlantic_subtropical", "conc_A_model": "conc-A-c6bce5631d2b", "conc_B_items_km2": 235.6, "conc_B_lo80": 49.8, "conc_B_hi80": 793.0, "conc_B_lo95": 30.8, "conc_B_hi95": 1485.3, "conc_B_status": "research_estimate", "conc_B_status_ru": "исследовательская оценка", "conc_B_reasons": "месяц 5 вне месяцев обучения [6]", "conc_B_model": "conc-B-c6bce5631d2b"}}, {"type": "Feature", "geometry": {"type": "Polygon", "coordinates": [[[41.24713733229332, 41.71370504607001], [41.247134195944874, 41.71361504429626], [41.24701407881423, 41.71361739424223], [41.24700780649477, 41.713437390675146], [41.247127923290805, 41.71343504074396], [41.24712478698518, 41.71334503896538], [41.24736815684003, 41.71343034050521], [41.24737129349453, 41.713520342267415], [41.24749141041504, 41.71351799195249], [41.247494547251115, 41.71360799370571], [41.24737443016332, 41.713610344028], [41.247377566846374, 41.71370034578698], [41.24713733229332, 41.71370504607001]]]}, "properties": {"zone_id": "batumi-2024-05-21-134", "aoi": "batumi", "date": "2024-05-21", "scene_id": "S2A_MSIL2A_20240521T080611_R078_T37TFG_20240521T135035", "scene_datetime_utc": "2024-05-21T08:06:11.024000+00:00", "detection_status": "detected", "detection_status_ru": "обнаружено", "lon": 41.24723, "lat": 41.71354, "n_pixels": 3, "zone_area_km2": 0.001, "cover_m2": 28.6, "p_mean": 0.793, "p_max": 0.875, "cover_m2_km2": 28600.0, "h3": "882c20aed3fffff", "valid_frac_scene": 0.658, "wind_ms": 3.1, "sea": "спокойное", "scene_reliable": true, "field_event_id": "S4:DOORS3:T19", "field_profile": "B", "field_date": "2024-06-05", "field_distance_km": 6.8, "field_date_gap_days": 15, "field_conc_items_km2": 544.69, "conc_A_items_km2": null, "conc_A_lo80": null, "conc_A_hi80": null, "conc_A_lo95": null, "conc_A_hi95": null, "conc_A_status": "unavailable", "conc_A_status_ru": "концентрация недоступна", "conc_A_reasons": "вне бассейна профиля: nw_atlantic_subtropical", "conc_A_model": "conc-A-c6bce5631d2b", "conc_B_items_km2": 263.4, "conc_B_lo80": 55.8, "conc_B_hi80": 886.4, "conc_B_lo95": 34.6, "conc_B_hi95": 1660.1, "conc_B_status": "research_estimate", "conc_B_status_ru": "исследовательская оценка", "conc_B_reasons": "месяц 5 вне месяцев обучения [6]", "conc_B_model": "conc-B-c6bce5631d2b"}}, {"type": "Feature", "geometry": {"type": "Polygon", "coordinates": [[[41.04603890653149, 41.71359044922853], [41.045913062385694, 41.713412561667106], [41.04603319497129, 41.71341042194392], [41.04603033921069, 41.71332040829927], [41.04627346010348, 41.71340614212107], [41.04627631621186, 41.71349615575071], [41.046156183484875, 41.71349829573161], [41.04615903943886, 41.71358830936639], [41.04603890653149, 41.71359044922853]]]}, "properties": {"zone_id": "batumi-2024-05-21-135", "aoi": "batumi", "date": "2024-05-21", "scene_id": "S2A_MSIL2A_20240521T080611_R078_T37TFG_20240521T135035", "scene_datetime_utc": "2024-05-21T08:06:11.024000+00:00", "detection_status": "detected", "detection_status_ru": "обнаружено", "lon": 41.04609, "lat": 41.71345, "n_pixels": 1, "zone_area_km2": 0.0005, "cover_m2": 3.9, "p_mean": 0.996, "p_max": 0.996, "cover_m2_km2": 7800.0, "h3": "882c20a2e3fffff", "valid_frac_scene": 0.658, "wind_ms": 3.1, "sea": "спокойное", "scene_reliable": true, "field_event_id": "S4:DOORS3:T26", "field_profile": "B", "field_date": "2024-06-14", "field_distance_km": 5.4, "field_date_gap_days": 24, "field_conc_items_km2": 85.69, "conc_A_items_km2": null, "conc_A_lo80": null, "conc_A_hi80": null, "conc_A_lo95": null, "conc_A_hi95": null, "conc_A_status": "unavailable", "conc_A_status_ru": "концентрация недоступна", "conc_A_reasons": "вне бассейна профиля: nw_atlantic_subtropical", "conc_A_model": "conc-A-c6bce5631d2b", "conc_B_items_km2": 229.0, "conc_B_lo80": 48.4, "conc_B_hi80": 770.9, "conc_B_lo95": 29.9, "conc_B_hi95": 1443.9, "conc_B_status": "research_estimate", "conc_B_status_ru": "исследовательская оценка", "conc_B_reasons": "месяц 5 вне месяцев обучения [6]", "conc_B_model": "conc-B-c6bce5631d2b"}}, {"type": "Feature", "geometry": {"type": "Polygon", "coordinates": [[[41.240022249528515, 41.71303345874351], [41.239895880545646, 41.71285579676678], [41.24001599684424, 41.71285345429573], [41.24001287052346, 41.71276345206943], [41.240256229398746, 41.7128487689773], [41.24025935606837, 41.712938771187275], [41.240139239630935, 41.71294111391657], [41.24014236614748, 41.71303111613229], [41.240022249528515, 41.71303345874351]]]}, "properties": {"zone_id": "batumi-2024-05-21-136", "aoi": "batumi", "date": "2024-05-21", "scene_id": "S2A_MSIL2A_20240521T080611_R078_T37TFG_20240521T135035", "scene_datetime_utc": "2024-05-21T08:06:11.024000+00:00", "detection_status": "detected", "detection_status_ru": "обнаружено", "lon": 41.24008, "lat": 41.7129, "n_pixels": 1, "zone_area_km2": 0.0005, "cover_m2": 12.5, "p_mean": 0.6, "p_max": 0.6, "cover_m2_km2": 25000.0, "h3": "882c20aed1fffff", "valid_frac_scene": 0.658, "wind_ms": 3.1, "sea": "спокойное", "scene_reliable": true, "field_event_id": "S4:DOORS3:T19", "field_profile": "B", "field_date": "2024-06-05", "field_distance_km": 6.9, "field_date_gap_days": 15, "field_conc_items_km2": 544.69, "conc_A_items_km2": null, "conc_A_lo80": null, "conc_A_hi80": null, "conc_A_lo95": null, "conc_A_hi95": null, "conc_A_status": "unavailable", "conc_A_status_ru": "концентрация недоступна", "conc_A_reasons": "вне бассейна профиля: nw_atlantic_subtropical", "conc_A_model": "conc-A-c6bce5631d2b", "conc_B_items_km2": 263.4, "conc_B_lo80": 55.8, "conc_B_hi80": 886.4, "conc_B_lo95": 34.6, "conc_B_hi95": 1660.1, "conc_B_status": "research_estimate", "conc_B_status_ru": "исследовательская оценка", "conc_B_reasons": "месяц 5 вне месяцев обучения [6]", "conc_B_model": "conc-B-c6bce5631d2b"}}, {"type": "Feature", "geometry": {"type": "Polygon", "coordinates": [[[41.04504929891463, 41.712707426584], [41.04492345927689, 41.71252953781239], [41.0450435902926, 41.712527399160365], [41.045040736001084, 41.71243738544619], [41.04528385228503, 41.71252312147985], [41.04528670692431, 41.712613135179005], [41.04516657576721, 41.71261527408873], [41.04516943025211, 41.712705287793035], [41.04504929891463, 41.712707426584]]]}, "properties": {"zone_id": "batumi-2024-05-21-137", "aoi": "batumi", "date": "2024-05-21", "scene_id": "S2A_MSIL2A_20240521T080611_R078_T37TFG_20240521T135035", "scene_datetime_utc": "2024-05-21T08:06:11.024000+00:00", "detection_status": "detected", "detection_status_ru": "обнаружено", "lon": 41.04511, "lat": 41.71257, "n_pixels": 1, "zone_area_km2": 0.0005, "cover_m2": 3.9, "p_mean": 0.953, "p_max": 0.953, "cover_m2_km2": 7800.0, "h3": "882c20a2e3fffff", "valid_frac_scene": 0.658, "wind_ms": 3.1, "sea": "спокойное", "scene_reliable": true, "field_event_id": "S4:DOORS3:T26", "field_profile": "B", "field_date": "2024-06-14", "field_distance_km": 5.4, "field_date_gap_days": 24, "field_conc_items_km2": 85.69, "conc_A_items_km2": null, "conc_A_lo80": null, "conc_A_hi80": null, "conc_A_lo95": null, "conc_A_hi95": null, "conc_A_status": "unavailable", "conc_A_status_ru": "концентрация недоступна", "conc_A_reasons": "вне бассейна профиля: nw_atlantic_subtropical", "conc_A_model": "conc-A-c6bce5631d2b", "conc_B_items_km2": 229.0, "conc_B_lo80": 48.4, "conc_B_hi80": 770.9, "conc_B_lo95": 29.9, "conc_B_hi95": 1443.9, "conc_B_status": "research_estimate", "conc_B_status_ru": "исследовательская оценка", "conc_B_reasons": "месяц 5 вне месяцев обучения [6]", "conc_B_model": "conc-B-c6bce5631d2b"}}, {"type": "Feature", "geometry": {"type": "Polygon", "coordinates": [[[41.09805230083685, 41.71256214135884], [41.09792631763778, 41.712384314019175], [41.09804644435513, 41.712382119967046], [41.09804351613427, 41.71229210926877], [41.098286697749835, 41.71237773148634], [41.09828962631875, 41.71246774216924], [41.0981694994607, 41.71246993647922], [41.09817242787559, 41.712559947167435], [41.09805230083685, 41.71256214135884]]]}, "properties": {"zone_id": "batumi-2024-05-21-138", "aoi": "batumi", "date": "2024-05-21", "scene_id": "S2A_MSIL2A_20240521T080611_R078_T37TFG_20240521T135035", "scene_datetime_utc": "2024-05-21T08:06:11.024000+00:00", "detection_status": "detected", "detection_status_ru": "обнаружено", "lon": 41.09811, "lat": 41.71243, "n_pixels": 1, "zone_area_km2": 0.0005, "cover_m2": 8.2, "p_mean": 0.6, "p_max": 0.6, "cover_m2_km2": 16400.0, "h3": "882c20a0ddfffff", "valid_frac_scene": 0.658, "wind_ms": 3.1, "sea": "спокойное", "scene_reliable": true, "field_event_id": "S4:DOORS3:T26", "field_profile": "B", "field_date": "2024-06-14", "field_distance_km": 8.4, "field_date_gap_days": 24, "field_conc_items_km2": 85.69, "conc_A_items_km2": null, "conc_A_lo80": null, "conc_A_hi80": null, "conc_A_lo95": null, "conc_A_hi95": null, "conc_A_status": "unavailable", "conc_A_status_ru": "концентрация недоступна", "conc_A_reasons": "вне бассейна профиля: nw_atlantic_subtropical", "conc_A_model": "conc-A-c6bce5631d2b", "conc_B_items_km2": 235.6, "conc_B_lo80": 49.8, "conc_B_hi80": 793.0, "conc_B_lo95": 30.8, "conc_B_hi95": 1485.3, "conc_B_status": "research_estimate", "conc_B_status_ru": "исследовательская оценка", "conc_B_reasons": "месяц 5 вне месяцев обучения [6]", "conc_B_model": "conc-B-c6bce5631d2b"}}, {"type": "Feature", "geometry": {"type": "Polygon", "coordinates": [[[41.046599579391994, 41.71231955800918], [41.046473736344836, 41.71214167100425], [41.04659386652203, 41.71213953074773], [41.046591010106546, 41.71204951711465], [41.046711140103355, 41.712047376739356], [41.0467082835335, 41.711957363111416], [41.04695140005794, 41.71204309561234], [41.04695425697556, 41.71213310922525], [41.04683412683739, 41.712135249858235], [41.04683698360063, 41.7122252634763], [41.046599579391994, 41.71231955800918]]]}, "properties": {"zone_id": "batumi-2024-05-21-139", "aoi": "batumi", "date": "2024-05-21", "scene_id": "S2A_MSIL2A_20240521T080611_R078_T37TFG_20240521T135035", "scene_datetime_utc": "2024-05-21T08:06:11.024000+00:00", "detection_status": "detected", "detection_status_ru": "обнаружено", "lon": 41.04671, "lat": 41.71214, "n_pixels": 2, "zone_area_km2": 0.0008, "cover_m2": 5.5, "p_mean": 0.71, "p_max": 0.902, "cover_m2_km2": 6875.0, "h3": "882c20a2a9fffff", "valid_frac_scene": 0.658, "wind_ms": 3.1, "sea": "спокойное", "scene_reliable": true, "field_event_id": "S4:DOORS3:T26", "field_profile": "B", "field_date": "2024-06-14", "field_distance_km": 5.5, "field_date_gap_days": 24, "field_conc_items_km2": 85.69, "conc_A_items_km2": null, "conc_A_lo80": null, "conc_A_hi80": null, "conc_A_lo95": null, "conc_A_hi95": null, "conc_A_status": "unavailable", "conc_A_status_ru": "концентрация недоступна", "conc_A_reasons": "вне бассейна профиля: nw_atlantic_subtropical", "conc_A_model": "conc-A-c6bce5631d2b", "conc_B_items_km2": 229.0, "conc_B_lo80": 48.4, "conc_B_hi80": 770.9, "conc_B_lo95": 29.9, "conc_B_hi95": 1443.9, "conc_B_status": "research_estimate", "conc_B_status_ru": "исследовательская оценка", "conc_B_reasons": "месяц 5 вне месяцев обучения [6]", "conc_B_model": "conc-B-c6bce5631d2b"}}, {"type": "Feature", "geometry": {"type": "Polygon", "coordinates": [[[41.23649516171933, 41.71184130564532], [41.236492040420806, 41.71175130318651], [41.236248690384656, 41.71166597806124], [41.23624556944913, 41.71157597558454], [41.236365683664864, 41.71157363698702], [41.23636256257626, 41.71148363451604], [41.2366059120537, 41.71156895941566], [41.23660903349109, 41.711658961870334], [41.23672914783149, 41.71165662288916], [41.23673226945039, 41.71174662533488], [41.236612154942705, 41.711748964323405], [41.23661527640853, 41.71183896677488], [41.23649516171933, 41.71184130564532]]]}, "properties": {"zone_id": "batumi-2024-05-21-140", "aoi": "batumi", "date": "2024-05-21", "scene_id": "S2A_MSIL2A_20240521T080611_R078_T37TFG_20240521T135035", "scene_datetime_utc": "2024-05-21T08:06:11.024000+00:00", "detection_status": "detected", "detection_status_ru": "обнаружено", "lon": 41.23649, "lat": 41.71166, "n_pixels": 2, "zone_area_km2": 0.0008, "cover_m2": 16.1, "p_mean": 0.753, "p_max": 0.808, "cover_m2_km2": 20125.0, "h3": "882c20aed9fffff", "valid_frac_scene": 0.658, "wind_ms": 3.1, "sea": "спокойное", "scene_reliable": true, "field_event_id": "S4:DOORS3:T19", "field_profile": "B", "field_date": "2024-06-05", "field_distance_km": 7.1, "field_date_gap_days": 15, "field_conc_items_km2": 544.69, "conc_A_items_km2": null, "conc_A_lo80": null, "conc_A_hi80": null, "conc_A_lo95": null, "conc_A_hi95": null, "conc_A_status": "unavailable", "conc_A_status_ru": "концентрация недоступна", "conc_A_reasons": "вне бассейна профиля: nw_atlantic_subtropical", "conc_A_model": "conc-A-c6bce5631d2b", "conc_B_items_km2": 263.4, "conc_B_lo80": 55.8, "conc_B_hi80": 886.4, "conc_B_lo95": 34.6, "conc_B_hi95": 1660.1, "conc_B_status": "research_estimate", "conc_B_status_ru": "исследовательская оценка", "conc_B_reasons": "месяц 5 вне месяцев обучения [6]", "conc_B_model": "conc-B-c6bce5631d2b"}}, {"type": "Feature", "geometry": {"type": "Polygon", "coordinates": [[[41.24622440544035, 41.71165145071791], [41.246098022541, 41.71147379588228], [41.24621813575646, 41.711471446991524], [41.24621500093592, 41.71138144512594], [41.246458362144566, 41.71146674883374], [41.24646149731395, 41.71155675068298], [41.246341383959745, 41.71155909983197], [41.246344518976116, 41.71164910168697], [41.24622440544035, 41.71165145071791]]]}, "properties": {"zone_id": "batumi-2024-05-21-141", "aoi": "batumi", "date": "2024-05-21", "scene_id": "S2A_MSIL2A_20240521T080611_R078_T37TFG_20240521T135035", "scene_datetime_utc": "2024-05-21T08:06:11.024000+00:00", "detection_status": "detected", "detection_status_ru": "обнаружено", "lon": 41.24628, "lat": 41.71152, "n_pixels": 1, "zone_area_km2": 0.0005, "cover_m2": 6.7, "p_mean": 0.514, "p_max": 0.514, "cover_m2_km2": 13400.0, "h3": "882c20aed3fffff", "valid_frac_scene": 0.658, "wind_ms": 3.1, "sea": "спокойное", "scene_reliable": true, "field_event_id": "S4:DOORS3:T19", "field_profile": "B", "field_date": "2024-06-05", "field_distance_km": 7.0, "field_date_gap_days": 15, "field_conc_items_km2": 544.69, "conc_A_items_km2": null, "conc_A_lo80": null, "conc_A_hi80": null, "conc_A_lo95": null, "conc_A_hi95": null, "conc_A_status": "unavailable", "conc_A_status_ru": "концентрация недоступна", "conc_A_reasons": "вне бассейна профиля: nw_atlantic_subtropical", "conc_A_model": "conc-A-c6bce5631d2b", "conc_B_items_km2": 263.4, "conc_B_lo80": 55.8, "conc_B_hi80": 886.4, "conc_B_lo95": 34.6, "conc_B_hi95": 1660.1, "conc_B_status": "research_estimate", "conc_B_status_ru": "исследовательская оценка", "conc_B_reasons": "месяц 5 вне месяцев обучения [6]", "conc_B_model": "conc-B-c6bce5631d2b"}}, {"type": "Feature", "geometry": {"type": "Polygon", "coordinates": [[[41.04821565643546, 41.71021926933239], [41.04821279794998, 41.71012925576041], [41.04809267163707, 41.710131397625716], [41.04808981333196, 41.710041384045425], [41.04820993947751, 41.71003924218686], [41.048207081018056, 41.70994922861172], [41.048567458874516, 41.7099428023033], [41.04857031783605, 41.710032815858234], [41.04869044392954, 41.71003067349774], [41.04869330307145, 41.71012068704437], [41.048573176810606, 41.710122829411596], [41.04857603579818, 41.710212842963394], [41.04821565643546, 41.71021926933239]]]}, "properties": {"zone_id": "batumi-2024-05-21-142", "aoi": "batumi", "date": "2024-05-21", "scene_id": "S2A_MSIL2A_20240521T080611_R078_T37TFG_20240521T135035", "scene_datetime_utc": "2024-05-21T08:06:11.024000+00:00", "detection_status": "detected", "detection_status_ru": "обнаружено", "lon": 41.04839, "lat": 41.71008, "n_pixels": 3, "zone_area_km2": 0.0011, "cover_m2": 12.9, "p_mean": 0.916, "p_max": 0.98, "cover_m2_km2": 11727.3, "h3": "882c20a2a9fffff", "valid_frac_scene": 0.658, "wind_ms": 3.1, "sea": "спокойное", "scene_reliable": true, "field_event_id": "S4:DOORS3:T26", "field_profile": "B", "field_date": "2024-06-14", "field_distance_km": 5.8, "field_date_gap_days": 24, "field_conc_items_km2": 85.69, "conc_A_items_km2": null, "conc_A_lo80": null, "conc_A_hi80": null, "conc_A_lo95": null, "conc_A_hi95": null, "conc_A_status": "unavailable", "conc_A_status_ru": "концентрация недоступна", "conc_A_reasons": "вне бассейна профиля: nw_atlantic_subtropical", "conc_A_model": "conc-A-c6bce5631d2b", "conc_B_items_km2": 230.8, "conc_B_lo80": 48.8, "conc_B_hi80": 777.0, "conc_B_lo95": 30.2, "conc_B_hi95": 1455.5, "conc_B_status": "research_estimate", "conc_B_status_ru": "исследовательская оценка", "conc_B_reasons": "месяц 5 вне месяцев обучения [6]", "conc_B_model": "conc-B-c6bce5631d2b"}}, {"type": "Feature", "geometry": {"type": "Polygon", "coordinates": [[[41.446285253995526, 41.70999628590486], [41.44628184029982, 41.70990629691866], [41.446161747215854, 41.70990885482459], [41.446154920205394, 41.709728876831214], [41.446391691872805, 41.70963377194304], [41.44639510568908, 41.709723760926124], [41.44651519840762, 41.709721202785516], [41.44652202642113, 41.70990118073068], [41.446285253995526, 41.70999628590486]]]}, "properties": {"zone_id": "batumi-2024-05-21-143", "aoi": "batumi", "date": "2024-05-21", "scene_id": "S2A_MSIL2A_20240521T080611_R078_T37TFG_20240521T135035", "scene_datetime_utc": "2024-05-21T08:06:11.024000+00:00", "detection_status": "detected", "detection_status_ru": "обнаружено", "lon": 41.44634, "lat": 41.70982, "n_pixels": 2, "zone_area_km2": 0.0008, "cover_m2": 7.1, "p_mean": 0.975, "p_max": 0.992, "cover_m2_km2": 8875.0, "h3": "882c21d989fffff", "valid_frac_scene": 0.658, "wind_ms": 3.1, "sea": "спокойное", "scene_reliable": true, "field_event_id": "S4:DOORS3:T21", "field_profile": "B", "field_date": "2024-06-07", "field_distance_km": 15.3, "field_date_gap_days": 17, "field_conc_items_km2": 67.34, "conc_A_items_km2": null, "conc_A_lo80": null, "conc_A_hi80": null, "conc_A_lo95": null, "conc_A_hi95": null, "conc_A_status": "unavailable", "conc_A_status_ru": "концентрация недоступна", "conc_A_reasons": "вне бассейна профиля: nw_atlantic_subtropical", "conc_A_model": "conc-A-c6bce5631d2b", "conc_B_items_km2": 325.5, "conc_B_lo80": 69.1, "conc_B_hi80": 1094.6, "conc_B_lo95": 42.9, "conc_B_hi95": 2049.9, "conc_B_status": "research_estimate", "conc_B_status_ru": "исследовательская оценка", "conc_B_reasons": "месяц 5 вне месяцев обучения [6]", "conc_B_model": "conc-B-c6bce5631d2b"}}, {"type": "Feature", "geometry": {"type": "Polygon", "coordinates": [[[41.43087926956085, 41.70942277965163], [41.430752392065116, 41.7092453413643], [41.43087248529253, 41.70924279959434], [41.430869093181535, 41.70915280956324], [41.43098918622634, 41.709150267675895], [41.4309857939636, 41.70906027765115], [41.43122937226963, 41.70914518352509], [41.431232764882154, 41.709235173532235], [41.43111267170106, 41.70923771567831], [41.43111606416185, 41.7093277056918], [41.43087926956085, 41.70942277965163]]]}, "properties": {"zone_id": "batumi-2024-05-21-144", "aoi": "batumi", "date": "2024-05-21", "scene_id": "S2A_MSIL2A_20240521T080611_R078_T37TFG_20240521T135035", "scene_datetime_utc": "2024-05-21T08:06:11.024000+00:00", "detection_status": "detected", "detection_status_ru": "обнаружено", "lon": 41.43099, "lat": 41.70924, "n_pixels": 2, "zone_area_km2": 0.0008, "cover_m2": 10.2, "p_mean": 0.692, "p_max": 0.761, "cover_m2_km2": 12750.0, "h3": "882c21d9c7fffff", "valid_frac_scene": 0.658, "wind_ms": 3.1, "sea": "спокойное", "scene_reliable": true, "field_event_id": "S4:DOORS3:T21", "field_profile": "B", "field_date": "2024-06-07", "field_distance_km": 16.0, "field_date_gap_days": 17, "field_conc_items_km2": 67.34, "conc_A_items_km2": null, "conc_A_lo80": null, "conc_A_hi80": null, "conc_A_lo95": null, "conc_A_hi95": null, "conc_A_status": "unavailable", "conc_A_status_ru": "концентрация недоступна", "conc_A_reasons": "вне бассейна профиля: nw_atlantic_subtropical", "conc_A_model": "conc-A-c6bce5631d2b", "conc_B_items_km2": 325.7, "conc_B_lo80": 69.2, "conc_B_hi80": 1095.5, "conc_B_lo95": 43.0, "conc_B_hi95": 2051.7, "conc_B_status": "research_estimate", "conc_B_status_ru": "исследовательская оценка", "conc_B_reasons": "месяц 5 вне месяцев обучения [6]", "conc_B_model": "conc-B-c6bce5631d2b"}}, {"type": "Feature", "geometry": {"type": "Polygon", "coordinates": [[[41.24422115507744, 41.70934896614088], [41.24421802327565, 41.7092589641187], [41.24409791401394, 41.70926131081816], [41.24409165078768, 41.70908130675423], [41.244328736701505, 41.708986611239766], [41.24433186862778, 41.70907661325939], [41.24445197752645, 41.709074266323825], [41.24445824175632, 41.709254270343514], [41.24422115507744, 41.70934896614088]]]}, "properties": {"zone_id": "batumi-2024-05-21-145", "aoi": "batumi", "date": "2024-05-21", "scene_id": "S2A_MSIL2A_20240521T080611_R078_T37TFG_20240521T135035", "scene_datetime_utc": "2024-05-21T08:06:11.024000+00:00", "detection_status": "detected", "detection_status_ru": "обнаружено", "lon": 41.24427, "lat": 41.70917, "n_pixels": 2, "zone_area_km2": 0.0008, "cover_m2": 6.3, "p_mean": 0.743, "p_max": 0.91, "cover_m2_km2": 7875.0, "h3": "882c20aed1fffff", "valid_frac_scene": 0.658, "wind_ms": 3.1, "sea": "спокойное", "scene_reliable": true, "field_event_id": "S4:DOORS3:T19", "field_profile": "B", "field_date": "2024-06-05", "field_distance_km": 7.3, "field_date_gap_days": 15, "field_conc_items_km2": 544.69, "conc_A_items_km2": null, "conc_A_lo80": null, "conc_A_hi80": null, "conc_A_lo95": null, "conc_A_hi95": null, "conc_A_status": "unavailable", "conc_A_status_ru": "концентрация недоступна", "conc_A_reasons": "вне бассейна профиля: nw_atlantic_subtropical", "conc_A_model": "conc-A-c6bce5631d2b", "conc_B_items_km2": 265.2, "conc_B_lo80": 56.2, "conc_B_hi80": 892.4, "conc_B_lo95": 34.8, "conc_B_hi95": 1671.5, "conc_B_status": "research_estimate", "conc_B_status_ru": "исследовательская оценка", "conc_B_reasons": "месяц 5 вне месяцев обучения [6]", "conc_B_model": "conc-B-c6bce5631d2b"}}, {"type": "Feature", "geometry": {"type": "Polygon", "coordinates": [[[41.42819993538212, 41.70848877765277], [41.42807306708114, 41.708311336132276], [41.428193158809066, 41.7083087972083], [41.42818977054567, 41.70821880698361], [41.428433342218675, 41.70830371898425], [41.42843673083184, 41.70839370919134], [41.42831663896757, 41.70839624837403], [41.42832002742899, 41.70848623858747], [41.42819993538212, 41.70848877765277]]]}, "properties": {"zone_id": "batumi-2024-05-21-146", "aoi": "batumi", "date": "2024-05-21", "scene_id": "S2A_MSIL2A_20240521T080611_R078_T37TFG_20240521T135035", "scene_datetime_utc": "2024-05-21T08:06:11.024000+00:00", "detection_status": "detected", "detection_status_ru": "обнаружено", "lon": 41.42825, "lat": 41.70835, "n_pixels": 1, "zone_area_km2": 0.0005, "cover_m2": 5.1, "p_mean": 0.988, "p_max": 0.988, "cover_m2_km2": 10200.0, "h3": "882c21d9c7fffff", "valid_frac_scene": 0.658, "wind_ms": 3.1, "sea": "спокойное", "scene_reliable": true, "field_event_id": "S4:DOORS3:T21", "field_profile": "B", "field_date": "2024-06-07", "field_distance_km": 16.1, "field_date_gap_days": 17, "field_conc_items_km2": 67.34, "conc_A_items_km2": null, "conc_A_lo80": null, "conc_A_hi80": null, "conc_A_lo95": null, "conc_A_hi95": null, "conc_A_status": "unavailable", "conc_A_status_ru": "концентрация недоступна", "conc_A_reasons": "вне бассейна профиля: nw_atlantic_subtropical", "conc_A_model": "conc-A-c6bce5631d2b", "conc_B_items_km2": 325.7, "conc_B_lo80": 69.2, "conc_B_hi80": 1095.5, "conc_B_lo95": 43.0, "conc_B_hi95": 2051.7, "conc_B_status": "research_estimate", "conc_B_status_ru": "исследовательская оценка", "conc_B_reasons": "месяц 5 вне месяцев обучения [6]", "conc_B_model": "conc-B-c6bce5631d2b"}}, {"type": "Feature", "geometry": {"type": "Polygon", "coordinates": [[[41.122196257862626, 41.708425985026906], [41.12219329636239, 41.708335975667275], [41.12207317904657, 41.708338194786265], [41.12206725642116, 41.70815817604829], [41.12218737340235, 41.70815595694324], [41.12218441194254, 41.708065947578845], [41.12242464552984, 41.70806150900634], [41.12242760732426, 41.7081515183568], [41.122547724265, 41.708149298875384], [41.12255068624022, 41.70823930821729], [41.12243056913217, 41.70824152770565], [41.122433530953565, 41.708331537052935], [41.122196257862626, 41.708425985026906]]]}, "properties": {"zone_id": "batumi-2024-05-21-147", "aoi": "batumi", "date": "2024-05-21", "scene_id": "S2A_MSIL2A_20240521T080611_R078_T37TFG_20240521T135035", "scene_datetime_utc": "2024-05-21T08:06:11.024000+00:00", "detection_status": "detected", "detection_status_ru": "обнаружено", "lon": 41.12229, "lat": 41.70823, "n_pixels": 3, "zone_area_km2": 0.001, "cover_m2": 9.0, "p_mean": 0.596, "p_max": 0.612, "cover_m2_km2": 9000.0, "h3": "882c20a0d7fffff", "valid_frac_scene": 0.658, "wind_ms": 3.1, "sea": "спокойное", "scene_reliable": true, "field_event_id": "S4:DOORS3:T26", "field_profile": "B", "field_date": "2024-06-14", "field_distance_km": 10.4, "field_date_gap_days": 24, "field_conc_items_km2": 85.69, "conc_A_items_km2": null, "conc_A_lo80": null, "conc_A_hi80": null, "conc_A_lo95": null, "conc_A_hi95": null, "conc_A_status": "unavailable", "conc_A_status_ru": "концентрация недоступна", "conc_A_reasons": "вне бассейна профиля: nw_atlantic_subtropical", "conc_A_model": "conc-A-c6bce5631d2b", "conc_B_items_km2": 241.9, "conc_B_lo80": 51.1, "conc_B_hi80": 814.0, "conc_B_lo95": 31.7, "conc_B_hi95": 1524.8, "conc_B_status": "research_estimate", "conc_B_status_ru": "исследовательская оценка", "conc_B_reasons": "месяц 5 вне месяцев обучения [6]", "conc_B_model": "conc-B-c6bce5631d2b"}}, {"type": "Feature", "geometry": {"type": "Polygon", "coordinates": [[[41.42695837561285, 41.70743427768828], [41.426954989175314, 41.70734428736746], [41.426834899132075, 41.70734682495003], [41.42682812663758, 41.70716684428753], [41.42706491948154, 41.70707177871115], [41.42706830603999, 41.707161769028914], [41.42718839571808, 41.70715923121155], [41.42719516921556, 41.707339211826216], [41.42695837561285, 41.70743427768828]]]}, "properties": {"zone_id": "batumi-2024-05-21-148", "aoi": "batumi", "date": "2024-05-21", "scene_id": "S2A_MSIL2A_20240521T080611_R078_T37TFG_20240521T135035", "scene_datetime_utc": "2024-05-21T08:06:11.024000+00:00", "detection_status": "detected", "detection_status_ru": "обнаружено", "lon": 41.42701, "lat": 41.70725, "n_pixels": 2, "zone_area_km2": 0.0008, "cover_m2": 9.0, "p_mean": 0.945, "p_max": 0.973, "cover_m2_km2": 11250.0, "h3": "882c21d9c5fffff", "valid_frac_scene": 0.658, "wind_ms": 3.1, "sea": "спокойное", "scene_reliable": true, "field_event_id": "S4:DOORS3:T21", "field_profile": "B", "field_date": "2024-06-07", "field_distance_km": 16.0, "field_date_gap_days": 17, "field_conc_items_km2": 67.34, "conc_A_items_km2": null, "conc_A_lo80": null, "conc_A_hi80": null, "conc_A_lo95": null, "conc_A_hi95": null, "conc_A_status": "unavailable", "conc_A_status_ru": "концентрация недоступна", "conc_A_reasons": "вне бассейна профиля: nw_atlantic_subtropical", "conc_A_model": "conc-A-c6bce5631d2b", "conc_B_items_km2": 325.7, "conc_B_lo80": 69.2, "conc_B_hi80": 1095.5, "conc_B_lo95": 43.0, "conc_B_hi95": 2051.7, "conc_B_status": "research_estimate", "conc_B_status_ru": "исследовательская оценка", "conc_B_reasons": "месяц 5 вне месяцев обучения [6]", "conc_B_model": "conc-B-c6bce5631d2b"}}, {"type": "Feature", "geometry": {"type": "Polygon", "coordinates": [[[41.447617077048726, 41.707085935871504], [41.44761366184432, 41.70699594692918], [41.44749357429612, 41.706998506082336], [41.44749015927441, 41.70690851713035], [41.447610246655465, 41.70690595798522], [41.44760683148215, 41.70681596903963], [41.44784700586332, 41.70681085038939], [41.447850421370944, 41.706900839318905], [41.44797050870536, 41.70689827979771], [41.447973924395676, 41.70698826871756], [41.4478538368941, 41.706990828246795], [41.44785725243281, 41.70708081717303], [41.447617077048726, 41.707085935871504]]]}, "properties": {"zone_id": "batumi-2024-05-21-149", "aoi": "batumi", "date": "2024-05-21", "scene_id": "S2A_MSIL2A_20240521T080611_R078_T37TFG_20240521T135035", "scene_datetime_utc": "2024-05-21T08:06:11.024000+00:00", "detection_status": "detected", "detection_status_ru": "обнаружено", "lon": 41.44773, "lat": 41.70695, "n_pixels": 2, "zone_area_km2": 0.0008, "cover_m2": 5.1, "p_mean": 0.743, "p_max": 0.827, "cover_m2_km2": 6375.0, "h3": "882c21d981fffff", "valid_frac_scene": 0.658, "wind_ms": 3.1, "sea": "спокойное", "scene_reliable": true, "field_event_id": "S4:DOORS3:T21", "field_profile": "B", "field_date": "2024-06-07", "field_distance_km": 15.0, "field_date_gap_days": 17, "field_conc_items_km2": 67.34, "conc_A_items_km2": null, "conc_A_lo80": null, "conc_A_hi80": null, "conc_A_lo95": null, "conc_A_hi95": null, "conc_A_status": "unavailable", "conc_A_status_ru": "концентрация недоступна", "conc_A_reasons": "вне бассейна профиля: nw_atlantic_subtropical", "conc_A_model": "conc-A-c6bce5631d2b", "conc_B_items_km2": 333.5, "conc_B_lo80": 70.8, "conc_B_hi80": 1121.5, "conc_B_lo95": 44.0, "conc_B_hi95": 2100.3, "conc_B_status": "research_estimate", "conc_B_status_ru": "исследовательская оценка", "conc_B_reasons": "месяц 5 вне месяцев обучения [6]", "conc_B_model": "conc-B-c6bce5631d2b"}}, {"type": "Feature", "geometry": {"type": "Polygon", "coordinates": [[[41.0994352198957, 41.70704295725346], [41.09943229028615, 41.706952946551425], [41.09918912800363, 41.706867326247504], [41.09918619875539, 41.70677731552851], [41.0993063149379, 41.7067751203983], [41.09930338553568, 41.70668510968463], [41.09954654726292, 41.70677072976149], [41.0995494770131, 41.70686074045978], [41.099669593322915, 41.70685854494631], [41.09967252325375, 41.70694855563612], [41.09955240677662, 41.706950751156505], [41.09955533655348, 41.70704076185162], [41.0994352198957, 41.70704295725346]]]}, "properties": {"zone_id": "batumi-2024-05-21-150", "aoi": "batumi", "date": "2024-05-21", "scene_id": "S2A_MSIL2A_20240521T080611_R078_T37TFG_20240521T135035", "scene_datetime_utc": "2024-05-21T08:06:11.024000+00:00", "detection_status": "detected", "detection_status_ru": "обнаружено", "lon": 41.09943, "lat": 41.70686, "n_pixels": 2, "zone_area_km2": 0.0008, "cover_m2": 16.9, "p_mean": 0.751, "p_max": 0.973, "cover_m2_km2": 21125.0, "h3": "882c20a0c3fffff", "valid_frac_scene": 0.658, "wind_ms": 3.1, "sea": "спокойное", "scene_reliable": true, "field_event_id": "S4:DOORS3:T26", "field_profile": "B", "field_date": "2024-06-14", "field_distance_km": 8.9, "field_date_gap_days": 24, "field_conc_items_km2": 85.69, "conc_A_items_km2": null, "conc_A_lo80": null, "conc_A_hi80": null, "conc_A_lo95": null, "conc_A_hi95": null, "conc_A_status": "unavailable", "conc_A_status_ru": "концентрация недоступна", "conc_A_reasons": "вне бассейна профиля: nw_atlantic_subtropical", "conc_A_model": "conc-A-c6bce5631d2b", "conc_B_items_km2": 239.1, "conc_B_lo80": 50.6, "conc_B_hi80": 804.7, "conc_B_lo95": 31.3, "conc_B_hi95": 1507.3, "conc_B_status": "research_estimate", "conc_B_status_ru": "исследовательская оценка", "conc_B_reasons": "месяц 5 вне месяцев обучения [6]", "conc_B_model": "conc-B-c6bce5631d2b"}}, {"type": "Feature", "geometry": {"type": "Polygon", "coordinates": [[[41.09990982590253, 41.706854153542984], [41.09990689565041, 41.70676414286537], [41.09966373350127, 41.706678523561926], [41.09966080361045, 41.706588512867356], [41.09978091940499, 41.706586317249126], [41.0997779893602, 41.70649630655988], [41.10001822057465, 41.706491914960836], [41.10002115095406, 41.70658192563629], [41.10014126670858, 41.706579729641696], [41.10014712784205, 41.70675975097404], [41.09990982590253, 41.706854153542984]]]}, "properties": {"zone_id": "batumi-2024-05-21-151", "aoi": "batumi", "date": "2024-05-21", "scene_id": "S2A_MSIL2A_20240521T080611_R078_T37TFG_20240521T135035", "scene_datetime_utc": "2024-05-21T08:06:11.024000+00:00", "detection_status": "detected", "detection_status_ru": "обнаружено", "lon": 41.09992, "lat": 41.70666, "n_pixels": 3, "zone_area_km2": 0.001, "cover_m2": 29.4, "p_mean": 0.822, "p_max": 0.957, "cover_m2_km2": 29400.0, "h3": "882c20a0c3fffff", "valid_frac_scene": 0.658, "wind_ms": 3.1, "sea": "спокойное", "scene_reliable": true, "field_event_id": "S4:DOORS3:T26", "field_profile": "B", "field_date": "2024-06-14", "field_distance_km": 8.9, "field_date_gap_days": 24, "field_conc_items_km2": 85.69, "conc_A_items_km2": null, "conc_A_lo80": null, "conc_A_hi80": null, "conc_A_lo95": null, "conc_A_hi95": null, "conc_A_status": "unavailable", "conc_A_status_ru": "концентрация недоступна", "conc_A_reasons": "вне бассейна профиля: nw_atlantic_subtropical", "conc_A_model": "conc-A-c6bce5631d2b", "conc_B_items_km2": 239.1, "conc_B_lo80": 50.6, "conc_B_hi80": 804.7, "conc_B_lo95": 31.3, "conc_B_hi95": 1507.3, "conc_B_status": "research_estimate", "conc_B_status_ru": "исследовательская оценка", "conc_B_reasons": "месяц 5 вне месяцев обучения [6]", "conc_B_model": "conc-B-c6bce5631d2b"}}, {"type": "Feature", "geometry": {"type": "Polygon", "coordinates": [[[41.152972868829295, 41.70506127563341], [41.15284675222193, 41.70488351155667], [41.152966860694775, 41.704881260423605], [41.15296385664803, 41.70479125281631], [41.15320707759944, 41.70487675778116], [41.15321008199441, 41.7049667653727], [41.15308997338164, 41.70496901676371], [41.15309297762301, 41.70505902436075], [41.152972868829295, 41.70506127563341]]]}, "properties": {"zone_id": "batumi-2024-05-21-152", "aoi": "batumi", "date": "2024-05-21", "scene_id": "S2A_MSIL2A_20240521T080611_R078_T37TFG_20240521T135035", "scene_datetime_utc": "2024-05-21T08:06:11.024000+00:00", "detection_status": "detected", "detection_status_ru": "обнаружено", "lon": 41.15303, "lat": 41.70493, "n_pixels": 1, "zone_area_km2": 0.0005, "cover_m2": 4.7, "p_mean": 0.843, "p_max": 0.843, "cover_m2_km2": 9400.0, "h3": "882c20a569fffff", "valid_frac_scene": 0.658, "wind_ms": 3.1, "sea": "спокойное", "scene_reliable": true, "field_event_id": "S4:DOORS3:T19", "field_profile": "B", "field_date": "2024-06-05", "field_distance_km": 11.1, "field_date_gap_days": 15, "field_conc_items_km2": 544.69, "conc_A_items_km2": null, "conc_A_lo80": null, "conc_A_hi80": null, "conc_A_lo95": null, "conc_A_hi95": null, "conc_A_status": "unavailable", "conc_A_status_ru": "концентрация недоступна", "conc_A_reasons": "вне бассейна профиля: nw_atlantic_subtropical", "conc_A_model": "conc-A-c6bce5631d2b", "conc_B_items_km2": 247.8, "conc_B_lo80": 52.4, "conc_B_hi80": 833.9, "conc_B_lo95": 32.5, "conc_B_hi95": 1561.9, "conc_B_status": "research_estimate", "conc_B_status_ru": "исследовательская оценка", "conc_B_reasons": "месяц 5 вне месяцев обучения [6]", "conc_B_model": "conc-B-c6bce5631d2b"}}, {"type": "Feature", "geometry": {"type": "Polygon", "coordinates": [[[41.04224437133852, 41.703840933215304], [41.04211855759483, 41.70366304055029], [41.042238672315854, 41.70366090519792], [41.042235822823976, 41.70357089118688], [41.04235593736471, 41.70356875571576], [41.042353087718496, 41.703478741709844], [41.04259616640726, 41.70356448439717], [41.04259901640106, 41.70365449838809], [41.04271913107019, 41.70365236253391], [41.04272198124428, 41.70374237651654], [41.04260186640784, 41.703744512377426], [41.0426047164276, 41.7038345263652], [41.04224437133852, 41.703840933215304]]]}, "properties": {"zone_id": "batumi-2024-05-21-153", "aoi": "batumi", "date": "2024-05-21", "scene_id": "S2A_MSIL2A_20240521T080611_R078_T37TFG_20240521T135035", "scene_datetime_utc": "2024-05-21T08:06:11.024000+00:00", "detection_status": "detected", "detection_status_ru": "обнаружено", "lon": 41.04242, "lat": 41.70368, "n_pixels": 4, "zone_area_km2": 0.0012, "cover_m2": 51.0, "p_mean": 0.815, "p_max": 0.945, "cover_m2_km2": 42500.0, "h3": "882c20a2e7fffff", "valid_frac_scene": 0.658, "wind_ms": 3.1, "sea": "спокойное", "scene_reliable": true, "field_event_id": "S4:DOORS3:T26", "field_profile": "B", "field_date": "2024-06-14", "field_distance_km": 6.2, "field_date_gap_days": 24, "field_conc_items_km2": 85.69, "conc_A_items_km2": null, "conc_A_lo80": null, "conc_A_hi80": null, "conc_A_lo95": null, "conc_A_hi95": null, "conc_A_status": "unavailable", "conc_A_status_ru": "концентрация недоступна", "conc_A_reasons": "вне бассейна профиля: nw_atlantic_subtropical", "conc_A_model": "conc-A-c6bce5631d2b", "conc_B_items_km2": 231.6, "conc_B_lo80": 48.9, "conc_B_hi80": 779.5, "conc_B_lo95": 30.3, "conc_B_hi95": 1460.0, "conc_B_status": "research_estimate", "conc_B_status_ru": "исследовательская оценка", "conc_B_reasons": "месяц 5 вне месяцев обучения [6]", "conc_B_model": "conc-B-c6bce5631d2b"}}, {"type": "Feature", "geometry": {"type": "Polygon", "coordinates": [[[41.440395673671446, 41.70363713397151], [41.44026878263108, 41.70345970643492], [41.44038886424221, 41.703457155006696], [41.44038545955083, 41.70336716552183], [41.440505540979345, 41.70336461397628], [41.44050213613634, 41.703274624497794], [41.44074570378987, 41.70335951050914], [41.440749108982615, 41.70344949996997], [41.440629027417984, 41.70345205177422], [41.440632432459104, 41.70354204124142], [41.440395673671446, 41.70363713397151]]]}, "properties": {"zone_id": "batumi-2024-05-21-154", "aoi": "batumi", "date": "2024-05-21", "scene_id": "S2A_MSIL2A_20240521T080611_R078_T37TFG_20240521T135035", "scene_datetime_utc": "2024-05-21T08:06:11.024000+00:00", "detection_status": "detected", "detection_status_ru": "обнаружено", "lon": 41.44051, "lat": 41.70345, "n_pixels": 2, "zone_area_km2": 0.0008, "cover_m2": 11.4, "p_mean": 0.753, "p_max": 0.894, "cover_m2_km2": 14250.0, "h3": "882c21d98dfffff", "valid_frac_scene": 0.658, "wind_ms": 3.1, "sea": "спокойное", "scene_reliable": true, "field_event_id": "S4:DOORS3:T21", "field_profile": "B", "field_date": "2024-06-07", "field_distance_km": 15.0, "field_date_gap_days": 17, "field_conc_items_km2": 67.34, "conc_A_items_km2": null, "conc_A_lo80": null, "conc_A_hi80": null, "conc_A_lo95": null, "conc_A_hi95": null, "conc_A_status": "unavailable", "conc_A_status_ru": "концентрация недоступна", "conc_A_reasons": "вне бассейна профиля: nw_atlantic_subtropical", "conc_A_model": "conc-A-c6bce5631d2b", "conc_B_items_km2": 333.5, "conc_B_lo80": 70.8, "conc_B_hi80": 1121.5, "conc_B_lo95": 44.0, "conc_B_hi95": 2100.3, "conc_B_status": "research_estimate", "conc_B_status_ru": "исследовательская оценка", "conc_B_reasons": "месяц 5 вне месяцев обучения [6]", "conc_B_model": "conc-B-c6bce5631d2b"}}, {"type": "Feature", "geometry": {"type": "Polygon", "coordinates": [[[41.070201939657956, 41.70243984864774], [41.07019905129001, 41.70234983619808], [41.070078941117686, 41.70235200071886], [41.070073164755826, 41.7021719758012], [41.07031049592241, 41.702077634213786], [41.07031338441819, 41.70216764666138], [41.070433494229654, 41.70216548190331], [41.070439271595234, 41.70234550678017], [41.070201939657956, 41.70243984864774]]]}, "properties": {"zone_id": "batumi-2024-05-21-155", "aoi": "batumi", "date": "2024-05-21", "scene_id": "S2A_MSIL2A_20240521T080611_R078_T37TFG_20240521T135035", "scene_datetime_utc": "2024-05-21T08:06:11.024000+00:00", "detection_status": "detected", "detection_status_ru": "обнаружено", "lon": 41.07026, "lat": 41.70226, "n_pixels": 2, "zone_area_km2": 0.0008, "cover_m2": 11.4, "p_mean": 0.673, "p_max": 0.784, "cover_m2_km2": 14250.0, "h3": "882c20a2a7fffff", "valid_frac_scene": 0.658, "wind_ms": 3.1, "sea": "спокойное", "scene_reliable": true, "field_event_id": "S4:DOORS3:T26", "field_profile": "B", "field_date": "2024-06-14", "field_distance_km": 7.5, "field_date_gap_days": 24, "field_conc_items_km2": 85.69, "conc_A_items_km2": null, "conc_A_lo80": null, "conc_A_hi80": null, "conc_A_lo95": null, "conc_A_hi95": null, "conc_A_status": "unavailable", "conc_A_status_ru": "концентрация недоступна", "conc_A_reasons": "вне бассейна профиля: nw_atlantic_subtropical", "conc_A_model": "conc-A-c6bce5631d2b", "conc_B_items_km2": 234.9, "conc_B_lo80": 49.7, "conc_B_hi80": 790.8, "conc_B_lo95": 30.7, "conc_B_hi95": 1481.2, "conc_B_status": "research_estimate", "conc_B_status_ru": "исследовательская оценка", "conc_B_reasons": "месяц 5 вне месяцев обучения [6]", "conc_B_model": "conc-B-c6bce5631d2b"}}, {"type": "Feature", "geometry": {"type": "Polygon", "coordinates": [[[41.26414349591265, 41.69824046795385], [41.26401709243468, 41.69806283303123], [41.26413717921106, 41.69806046602779], [41.26413402088183, 41.69797046506233], [41.26437735272071, 41.69805573164478], [41.26438051139865, 41.69814573259373], [41.26426042448385, 41.69814809985537], [41.264263583009, 41.69823810081016], [41.26414349591265, 41.69824046795385]]]}, "properties": {"zone_id": "batumi-2024-05-21-156", "aoi": "batumi", "date": "2024-05-21", "scene_id": "S2A_MSIL2A_20240521T080611_R078_T37TFG_20240521T135035", "scene_datetime_utc": "2024-05-21T08:06:11.024000+00:00", "detection_status": "detected", "detection_status_ru": "обнаружено", "lon": 41.2642, "lat": 41.6981, "n_pixels": 1, "zone_area_km2": 0.0005, "cover_m2": 5.5, "p_mean": 0.592, "p_max": 0.592, "cover_m2_km2": 11000.0, "h3": "882c20ae9dfffff", "valid_frac_scene": 0.658, "wind_ms": 3.1, "sea": "спокойное", "scene_reliable": true, "field_event_id": "S4:DOORS3:T19", "field_profile": "B", "field_date": "2024-06-05", "field_distance_km": 8.6, "field_date_gap_days": 15, "field_conc_items_km2": 544.69, "conc_A_items_km2": null, "conc_A_lo80": null, "conc_A_hi80": null, "conc_A_lo95": null, "conc_A_hi95": null, "conc_A_status": "unavailable", "conc_A_status_ru": "концентрация недоступна", "conc_A_reasons": "вне бассейна профиля: nw_atlantic_subtropical", "conc_A_model": "conc-A-c6bce5631d2b", "conc_B_items_km2": 269.3, "conc_B_lo80": 57.0, "conc_B_hi80": 906.0, "conc_B_lo95": 35.4, "conc_B_hi95": 1696.9, "conc_B_status": "research_estimate", "conc_B_status_ru": "исследовательская оценка", "conc_B_reasons": "месяц 5 вне месяцев обучения [6]", "conc_B_model": "conc-B-c6bce5631d2b"}}, {"type": "Feature", "geometry": {"type": "Polygon", "coordinates": [[[41.24187709937172, 41.69723619495619], [41.24175075823152, 41.697058533931695], [41.24187084497953, 41.697056190240666], [41.24186771780477, 41.6969661878805], [41.24211101843284, 41.697051502482466], [41.24211414595616, 41.69714150482631], [41.24199405906945, 41.697143848775454], [41.241997186439825, 41.69723385112505], [41.24187709937172, 41.69723619495619]]]}, "properties": {"zone_id": "batumi-2024-05-21-157", "aoi": "batumi", "date": "2024-05-21", "scene_id": "S2A_MSIL2A_20240521T080611_R078_T37TFG_20240521T135035", "scene_datetime_utc": "2024-05-21T08:06:11.024000+00:00", "detection_status": "detected", "detection_status_ru": "обнаружено", "lon": 41.24193, "lat": 41.6971, "n_pixels": 1, "zone_area_km2": 0.0005, "cover_m2": 11.0, "p_mean": 0.824, "p_max": 0.824, "cover_m2_km2": 22000.0, "h3": "882c20aed5fffff", "valid_frac_scene": 0.658, "wind_ms": 3.1, "sea": "спокойное", "scene_reliable": true, "field_event_id": "S4:DOORS3:T19", "field_profile": "B", "field_date": "2024-06-05", "field_distance_km": 8.7, "field_date_gap_days": 15, "field_conc_items_km2": 544.69, "conc_A_items_km2": null, "conc_A_lo80": null, "conc_A_hi80": null, "conc_A_lo95": null, "conc_A_hi95": null, "conc_A_status": "unavailable", "conc_A_status_ru": "концентрация недоступна", "conc_A_reasons": "вне бассейна профиля: nw_atlantic_subtropical", "conc_A_model": "conc-A-c6bce5631d2b", "conc_B_items_km2": 265.2, "conc_B_lo80": 56.2, "conc_B_hi80": 892.4, "conc_B_lo95": 34.8, "conc_B_hi95": 1671.5, "conc_B_status": "research_estimate", "conc_B_status_ru": "исследовательская оценка", "conc_B_reasons": "месяц 5 вне месяцев обучения [6]", "conc_B_model": "conc-B-c6bce5631d2b"}}, {"type": "Feature", "geometry": {"type": "Polygon", "coordinates": [[[41.08516119369686, 41.6967654163544], [41.08503527810096, 41.69658757289212], [41.085155376408, 41.69658539298393], [41.085152467783416, 41.69649538129632], [41.08539557298234, 41.6965810327913], [41.08539848195463, 41.69667104446362], [41.08527838350684, 41.6966732246295], [41.08528129232512, 41.696763236307085], [41.08516119369686, 41.6967654163544]]]}, "properties": {"zone_id": "batumi-2024-05-21-158", "aoi": "batumi", "date": "2024-05-21", "scene_id": "S2A_MSIL2A_20240521T080611_R078_T37TFG_20240521T135035", "scene_datetime_utc": "2024-05-21T08:06:11.024000+00:00", "detection_status": "detected", "detection_status_ru": "обнаружено", "lon": 41.08522, "lat": 41.69663, "n_pixels": 1, "zone_area_km2": 0.0005, "cover_m2": 4.3, "p_mean": 0.635, "p_max": 0.635, "cover_m2_km2": 8600.0, "h3": "882c20a0c1fffff", "valid_frac_scene": 0.658, "wind_ms": 3.1, "sea": "спокойное", "scene_reliable": true, "field_event_id": "S4:DOORS3:T26", "field_profile": "B", "field_date": "2024-06-14", "field_distance_km": 8.8, "field_date_gap_days": 24, "field_conc_items_km2": 85.69, "conc_A_items_km2": null, "conc_A_lo80": null, "conc_A_hi80": null, "conc_A_lo95": null, "conc_A_hi95": null, "conc_A_status": "unavailable", "conc_A_status_ru": "концентрация недоступна", "conc_A_reasons": "вне бассейна профиля: nw_atlantic_subtropical", "conc_A_model": "conc-A-c6bce5631d2b", "conc_B_items_km2": 237.0, "conc_B_lo80": 50.1, "conc_B_hi80": 797.6, "conc_B_lo95": 31.0, "conc_B_hi95": 1493.9, "conc_B_status": "research_estimate", "conc_B_status_ru": "исследовательская оценка", "conc_B_reasons": "месяц 5 вне месяцев обучения [6]", "conc_B_model": "conc-B-c6bce5631d2b"}}, {"type": "Feature", "geometry": {"type": "Polygon", "coordinates": [[[41.20605051739338, 41.696759011821456], [41.206047440191576, 41.69666900726686], [41.20592735124197, 41.69667131350768], [41.20592119721474, 41.69649130437918], [41.20615829710428, 41.69639668724899], [41.20616137443125, 41.69648669180114], [41.20628146301848, 41.69648438532405], [41.206287618048776, 41.696664394409076], [41.20605051739338, 41.696759011821456]]]}, "properties": {"zone_id": "batumi-2024-05-21-159", "aoi": "batumi", "date": "2024-05-21", "scene_id": "S2A_MSIL2A_20240521T080611_R078_T37TFG_20240521T135035", "scene_datetime_utc": "2024-05-21T08:06:11.024000+00:00", "detection_status": "detected", "detection_status_ru": "обнаружено", "lon": 41.2061, "lat": 41.69658, "n_pixels": 2, "zone_area_km2": 0.0008, "cover_m2": 22.4, "p_mean": 0.541, "p_max": 0.545, "cover_m2_km2": 28000.0, "h3": "882c20a527fffff", "valid_frac_scene": 0.658, "wind_ms": 3.1, "sea": "спокойное", "scene_reliable": true, "field_event_id": "S4:DOORS3:T19", "field_profile": "B", "field_date": "2024-06-05", "field_distance_km": 9.4, "field_date_gap_days": 15, "field_conc_items_km2": 544.69, "conc_A_items_km2": null, "conc_A_lo80": null, "conc_A_hi80": null, "conc_A_lo95": null, "conc_A_hi95": null, "conc_A_status": "unavailable", "conc_A_status_ru": "концентрация недоступна", "conc_A_reasons": "вне бассейна профиля: nw_atlantic_subtropical", "conc_A_model": "conc-A-c6bce5631d2b", "conc_B_items_km2": 257.7, "conc_B_lo80": 54.6, "conc_B_hi80": 867.3, "conc_B_lo95": 33.8, "conc_B_hi95": 1624.4, "conc_B_status": "research_estimate", "conc_B_status_ru": "исследовательская оценка", "conc_B_reasons": "месяц 5 вне месяцев обучения [6]", "conc_B_model": "conc-B-c6bce5631d2b"}}, {"type": "Feature", "geometry": {"type": "Polygon", "coordinates": [[[41.163745087440944, 41.69657298726628], [41.16361895923087, 41.69639523508667], [41.16373905105716, 41.696392973068015], [41.163736032885886, 41.6963029659665], [41.163979234668545, 41.69638844865454], [41.16398225318796, 41.69647845574025], [41.16386216122194, 41.6964807180168], [41.163865179587894, 41.696570725108025], [41.163745087440944, 41.69657298726628]]]}, "properties": {"zone_id": "batumi-2024-05-21-160", "aoi": "batumi", "date": "2024-05-21", "scene_id": "S2A_MSIL2A_20240521T080611_R078_T37TFG_20240521T135035", "scene_datetime_utc": "2024-05-21T08:06:11.024000+00:00", "detection_status": "detected", "detection_status_ru": "обнаружено", "lon": 41.1638, "lat": 41.69644, "n_pixels": 1, "zone_area_km2": 0.0005, "cover_m2": 3.5, "p_mean": 0.588, "p_max": 0.588, "cover_m2_km2": 7000.0, "h3": "882c20a565fffff", "valid_frac_scene": 0.658, "wind_ms": 3.1, "sea": "спокойное", "scene_reliable": true, "field_event_id": "S4:DOORS3:T19", "field_profile": "B", "field_date": "2024-06-05", "field_distance_km": 11.2, "field_date_gap_days": 15, "field_conc_items_km2": 544.69, "conc_A_items_km2": null, "conc_A_lo80": null, "conc_A_hi80": null, "conc_A_lo95": null, "conc_A_hi95": null, "conc_A_status": "unavailable", "conc_A_status_ru": "концентрация недоступна", "conc_A_reasons": "вне бассейна профиля: nw_atlantic_subtropical", "conc_A_model": "conc-A-c6bce5631d2b", "conc_B_items_km2": 247.8, "conc_B_lo80": 52.4, "conc_B_hi80": 833.9, "conc_B_lo95": 32.5, "conc_B_hi95": 1561.9, "conc_B_status": "research_estimate", "conc_B_status_ru": "исследовательская оценка", "conc_B_reasons": "месяц 5 вне месяцев обучения [6]", "conc_B_model": "conc-B-c6bce5631d2b"}}, {"type": "Feature", "geometry": {"type": "Polygon", "coordinates": [[[41.06878725572546, 41.695800557709454], [41.06878437000266, 41.695710545075016], [41.0686642720761, 41.69571270783847], [41.06866138653366, 41.695622695195645], [41.06878148429299, 41.695620532438994], [41.06877859859647, 41.69553051980139], [41.06901879374126, 41.695526193925446], [41.06902167977225, 41.695616206549445], [41.06914177749217, 41.69561404341656], [41.069144663703526, 41.69570405603218], [41.06902456581638, 41.69570621917187], [41.06902745187364, 41.69579623179273], [41.06878725572546, 41.695800557709454]]]}, "properties": {"zone_id": "batumi-2024-05-21-161", "aoi": "batumi", "date": "2024-05-21", "scene_id": "S2A_MSIL2A_20240521T080611_R078_T37TFG_20240521T135035", "scene_datetime_utc": "2024-05-21T08:06:11.024000+00:00", "detection_status": "detected", "detection_status_ru": "обнаружено", "lon": 41.0689, "lat": 41.69566, "n_pixels": 2, "zone_area_km2": 0.0008, "cover_m2": 6.3, "p_mean": 0.686, "p_max": 0.784, "cover_m2_km2": 7875.0, "h3": "882c20a01bfffff", "valid_frac_scene": 0.658, "wind_ms": 3.1, "sea": "спокойное", "scene_reliable": true, "field_event_id": "S4:DOORS3:T26", "field_profile": "B", "field_date": "2024-06-14", "field_distance_km": 8.1, "field_date_gap_days": 24, "field_conc_items_km2": 85.69, "conc_A_items_km2": null, "conc_A_lo80": null, "conc_A_hi80": null, "conc_A_lo95": null, "conc_A_hi95": null, "conc_A_status": "unavailable", "conc_A_status_ru": "концентрация недоступна", "conc_A_reasons": "вне бассейна профиля: nw_atlantic_subtropical", "conc_A_model": "conc-A-c6bce5631d2b", "conc_B_items_km2": 234.9, "conc_B_lo80": 49.7, "conc_B_hi80": 790.8, "conc_B_lo95": 30.7, "conc_B_hi95": 1481.2, "conc_B_status": "research_estimate", "conc_B_status_ru": "исследовательская оценка", "conc_B_reasons": "месяц 5 вне месяцев обучения [6]", "conc_B_model": "conc-B-c6bce5631d2b"}}, {"type": "Feature", "geometry": {"type": "Polygon", "coordinates": [[[41.103500720987434, 41.69165764630112], [41.10337476621081, 41.69147982373678], [41.10349485360824, 41.69147762488181], [41.10349191993867, 41.69138761416977], [41.10373502836301, 41.6914732267957], [41.1037379623803, 41.69156323749233], [41.103617874842406, 41.69156543660499], [41.10362080870587, 41.69165544730695], [41.103500720987434, 41.69165764630112]]]}, "properties": {"zone_id": "batumi-2024-05-21-162", "aoi": "batumi", "date": "2024-05-21", "scene_id": "S2A_MSIL2A_20240521T080611_R078_T37TFG_20240521T135035", "scene_datetime_utc": "2024-05-21T08:06:11.024000+00:00", "detection_status": "detected", "detection_status_ru": "обнаружено", "lon": 41.10356, "lat": 41.69152, "n_pixels": 1, "zone_area_km2": 0.0005, "cover_m2": 6.3, "p_mean": 0.659, "p_max": 0.659, "cover_m2_km2": 12600.0, "h3": "882c20a08dfffff", "valid_frac_scene": 0.658, "wind_ms": 3.1, "sea": "спокойное", "scene_reliable": true, "field_event_id": "S4:DOORS3:T26", "field_profile": "B", "field_date": "2024-06-14", "field_distance_km": 10.3, "field_date_gap_days": 24, "field_conc_items_km2": 85.69, "conc_A_items_km2": null, "conc_A_lo80": null, "conc_A_hi80": null, "conc_A_lo95": null, "conc_A_hi95": null, "conc_A_status": "unavailable", "conc_A_status_ru": "концентрация недоступна", "conc_A_reasons": "вне бассейна профиля: nw_atlantic_subtropical", "conc_A_model": "conc-A-c6bce5631d2b", "conc_B_items_km2": 241.5, "conc_B_lo80": 51.1, "conc_B_hi80": 812.8, "conc_B_lo95": 31.6, "conc_B_hi95": 1522.5, "conc_B_status": "research_estimate", "conc_B_status_ru": "исследовательская оценка", "conc_B_reasons": "месяц 5 вне месяцев обучения [6]", "conc_B_model": "conc-B-c6bce5631d2b"}}, {"type": "Feature", "geometry": {"type": "Polygon", "coordinates": [[[41.1056153121907, 41.69017787568077], [41.10548935473856, 41.69000005546087], [41.10560943922072, 41.68999785445963], [41.105606502755776, 41.68990784384667], [41.10584960814495, 41.689993452081], [41.105852544957585, 41.69008346267852], [41.10573246033499, 41.69008566393744], [41.10573539699383, 41.69017567454031], [41.1056153121907, 41.69017787568077]]]}, "properties": {"zone_id": "batumi-2024-05-21-163", "aoi": "batumi", "date": "2024-05-21", "scene_id": "S2A_MSIL2A_20240521T080611_R078_T37TFG_20240521T135035", "scene_datetime_utc": "2024-05-21T08:06:11.024000+00:00", "detection_status": "detected", "detection_status_ru": "обнаружено", "lon": 41.10567, "lat": 41.69004, "n_pixels": 1, "zone_area_km2": 0.0005, "cover_m2": 4.3, "p_mean": 0.847, "p_max": 0.847, "cover_m2_km2": 8600.0, "h3": "882c20a08dfffff", "valid_frac_scene": 0.658, "wind_ms": 3.1, "sea": "спокойное", "scene_reliable": true, "field_event_id": "S4:DOORS3:T26", "field_profile": "B", "field_date": "2024-06-14", "field_distance_km": 10.5, "field_date_gap_days": 24, "field_conc_items_km2": 85.69, "conc_A_items_km2": null, "conc_A_lo80": null, "conc_A_hi80": null, "conc_A_lo95": null, "conc_A_hi95": null, "conc_A_status": "unavailable", "conc_A_status_ru": "концентрация недоступна", "conc_A_reasons": "вне бассейна профиля: nw_atlantic_subtropical", "conc_A_model": "conc-A-c6bce5631d2b", "conc_B_items_km2": 241.5, "conc_B_lo80": 51.1, "conc_B_hi80": 812.8, "conc_B_lo95": 31.6, "conc_B_hi95": 1522.5, "conc_B_status": "research_estimate", "conc_B_status_ru": "исследовательская оценка", "conc_B_reasons": "месяц 5 вне месяцев обучения [6]", "conc_B_model": "conc-B-c6bce5631d2b"}}, {"type": "Feature", "geometry": {"type": "Polygon", "coordinates": [[[41.141781139016736, 41.69013973125569], [41.14165508363285, 41.68996195304335], [41.141775165227536, 41.68995971425586], [41.141772178353335, 41.68986970575357], [41.14189225976728, 41.68986746684776], [41.14188927273952, 41.68977745835089], [41.14213242255438, 41.68986298866], [41.1421383973193, 41.6900430056208], [41.14201831559825, 41.69004524479143], [41.14202130283395, 41.69013525327647], [41.141781139016736, 41.69013973125569]]]}, "properties": {"zone_id": "batumi-2024-05-21-164", "aoi": "batumi", "date": "2024-05-21", "scene_id": "S2A_MSIL2A_20240521T080611_R078_T37TFG_20240521T135035", "scene_datetime_utc": "2024-05-21T08:06:11.024000+00:00", "detection_status": "detected", "detection_status_ru": "обнаружено", "lon": 41.14192, "lat": 41.68997, "n_pixels": 3, "zone_area_km2": 0.001, "cover_m2": 11.4, "p_mean": 0.786, "p_max": 0.957, "cover_m2_km2": 11400.0, "h3": "882c20a0b1fffff", "valid_frac_scene": 0.658, "wind_ms": 3.1, "sea": "спокойное", "scene_reliable": true, "field_event_id": "S4:DOORS3:T26", "field_profile": "B", "field_date": "2024-06-14", "field_distance_km": 12.9, "field_date_gap_days": 24, "field_conc_items_km2": 85.69, "conc_A_items_km2": null, "conc_A_lo80": null, "conc_A_hi80": null, "conc_A_lo95": null, "conc_A_hi95": null, "conc_A_status": "unavailable", "conc_A_status_ru": "концентрация недоступна", "conc_A_reasons": "вне бассейна профиля: nw_atlantic_subtropical", "conc_A_model": "conc-A-c6bce5631d2b", "conc_B_items_km2": 246.0, "conc_B_lo80": 52.0, "conc_B_hi80": 827.8, "conc_B_lo95": 32.2, "conc_B_hi95": 1550.6, "conc_B_status": "research_estimate", "conc_B_status_ru": "исследовательская оценка", "conc_B_reasons": "месяц 5 вне месяцев обучения [6]", "conc_B_model": "conc-B-c6bce5631d2b"}}, {"type": "Feature", "geometry": {"type": "Polygon", "coordinates": [[[41.11306054467906, 41.6900411678825], [41.11305759782307, 41.68995115770226], [41.11293751400388, 41.68995336648381], [41.112934567328466, 41.689863356295064], [41.11305465098049, 41.689861147520446], [41.113051704151324, 41.68977113733703], [41.113291871080804, 41.68976671942557], [41.1132948182443, 41.68985672959509], [41.113414901856075, 41.68985452044435], [41.11341784920015, 41.68994453060535], [41.1132977654212, 41.689946739763016], [41.11330071261152, 41.690036749929384], [41.11306054467906, 41.6900411678825]]]}, "properties": {"zone_id": "batumi-2024-05-21-165", "aoi": "batumi", "date": "2024-05-21", "scene_id": "S2A_MSIL2A_20240521T080611_R078_T37TFG_20240521T135035", "scene_datetime_utc": "2024-05-21T08:06:11.024000+00:00", "detection_status": "detected", "detection_status_ru": "обнаружено", "lon": 41.11318, "lat": 41.6899, "n_pixels": 2, "zone_area_km2": 0.0008, "cover_m2": 8.6, "p_mean": 0.939, "p_max": 0.984, "cover_m2_km2": 10750.0, "h3": "882c20a08dfffff", "valid_frac_scene": 0.658, "wind_ms": 3.1, "sea": "спокойное", "scene_reliable": true, "field_event_id": "S4:DOORS3:T26", "field_profile": "B", "field_date": "2024-06-14", "field_distance_km": 11.0, "field_date_gap_days": 24, "field_conc_items_km2": 85.69, "conc_A_items_km2": null, "conc_A_lo80": null, "conc_A_hi80": null, "conc_A_lo95": null, "conc_A_hi95": null, "conc_A_status": "unavailable", "conc_A_status_ru": "концентрация недоступна", "conc_A_reasons": "вне бассейна профиля: nw_atlantic_subtropical", "conc_A_model": "conc-A-c6bce5631d2b", "conc_B_items_km2": 241.5, "conc_B_lo80": 51.1, "conc_B_hi80": 812.8, "conc_B_lo95": 31.6, "conc_B_hi95": 1522.5, "conc_B_status": "research_estimate", "conc_B_status_ru": "исследовательская оценка", "conc_B_reasons": "месяц 5 вне месяцев обучения [6]", "conc_B_model": "conc-B-c6bce5631d2b"}}, {"type": "Feature", "geometry": {"type": "Polygon", "coordinates": [[[41.00386514808751, 41.68704421577083], [41.00386235374491, 41.68695419936471], [41.003742267256264, 41.68695629392669], [41.00373667894358, 41.68677626109657], [41.003974056767795, 41.68668205546931], [41.00397685123942, 41.68677207187356], [41.00409693736826, 41.686769977073965], [41.00410252668404, 41.686950009864596], [41.00386514808751, 41.68704421577083]]]}, "properties": {"zone_id": "batumi-2024-05-21-166", "aoi": "batumi", "date": "2024-05-21", "scene_id": "S2A_MSIL2A_20240521T080611_R078_T37TFG_20240521T135035", "scene_datetime_utc": "2024-05-21T08:06:11.024000+00:00", "detection_status": "detected", "detection_status_ru": "обнаружено", "lon": 41.00392, "lat": 41.68686, "n_pixels": 2, "zone_area_km2": 0.0008, "cover_m2": 12.9, "p_mean": 0.647, "p_max": 0.773, "cover_m2_km2": 16125.0, "h3": "882c20a23dfffff", "valid_frac_scene": 0.658, "wind_ms": 3.1, "sea": "спокойное", "scene_reliable": true, "field_event_id": "S4:DOORS3:T26", "field_profile": "B", "field_date": "2024-06-14", "field_distance_km": 7.7, "field_date_gap_days": 24, "field_conc_items_km2": 85.69, "conc_A_items_km2": null, "conc_A_lo80": null, "conc_A_hi80": null, "conc_A_lo95": null, "conc_A_hi95": null, "conc_A_status": "unavailable", "conc_A_status_ru": "концентрация недоступна", "conc_A_reasons": "вне бассейна профиля: nw_atlantic_subtropical", "conc_A_model": "conc-A-c6bce5631d2b", "conc_B_items_km2": 232.2, "conc_B_lo80": 49.1, "conc_B_hi80": 781.7, "conc_B_lo95": 30.4, "conc_B_hi95": 1464.2, "conc_B_status": "research_estimate", "conc_B_status_ru": "исследовательская оценка", "conc_B_reasons": "месяц 5 вне месяцев обучения [6]", "conc_B_model": "conc-B-c6bce5631d2b"}}, {"type": "Feature", "geometry": {"type": "Polygon", "coordinates": [[[40.98968373672139, 41.686930440553695], [40.98955810045811, 41.68675248591255], [40.989678187606394, 41.686750406179485], [40.98967541306784, 41.686660388990035], [40.98991836186507, 41.68674624633718], [40.98992113675063, 41.686836263511985], [40.98980104946042, 41.68683834350237], [40.98980382419142, 41.686928360682174], [40.98968373672139, 41.686930440553695]]]}, "properties": {"zone_id": "batumi-2024-05-21-167", "aoi": "batumi", "date": "2024-05-21", "scene_id": "S2A_MSIL2A_20240521T080611_R078_T37TFG_20240521T135035", "scene_datetime_utc": "2024-05-21T08:06:11.024000+00:00", "detection_status": "detected", "detection_status_ru": "обнаружено", "lon": 40.98974, "lat": 41.68679, "n_pixels": 1, "zone_area_km2": 0.0005, "cover_m2": 6.3, "p_mean": 0.741, "p_max": 0.741, "cover_m2_km2": 12600.0, "h3": "882c20a22bfffff", "valid_frac_scene": 0.658, "wind_ms": 3.1, "sea": "спокойное", "scene_reliable": true, "field_event_id": "S4:DOORS3:T26", "field_profile": "B", "field_date": "2024-06-14", "field_distance_km": 7.9, "field_date_gap_days": 24, "field_conc_items_km2": 85.69, "conc_A_items_km2": null, "conc_A_lo80": null, "conc_A_hi80": null, "conc_A_lo95": null, "conc_A_hi95": null, "conc_A_status": "unavailable", "conc_A_status_ru": "концентрация недоступна", "conc_A_reasons": "вне бассейна профиля: nw_atlantic_subtropical", "conc_A_model": "conc-A-c6bce5631d2b", "conc_B_items_km2": 231.0, "conc_B_lo80": 48.8, "conc_B_hi80": 777.5, "conc_B_lo95": 30.2, "conc_B_hi95": 1456.3, "conc_B_status": "research_estimate", "conc_B_status_ru": "исследовательская оценка", "conc_B_reasons": "месяц 5 вне месяцев обучения [6]", "conc_B_model": "conc-B-c6bce5631d2b"}}, {"type": "Feature", "geometry": {"type": "Polygon", "coordinates": [[[41.22360869245338, 41.68669359565231], [41.223482422657476, 41.68651591248939], [41.22360249129486, 41.68651358836323], [41.223599390736766, 41.68642358471628], [41.2238426285273, 41.68650893973491], [41.22384572943368, 41.68659894336566], [41.22372566065743, 41.686601267749786], [41.22372876141083, 41.68669127138621], [41.22360869245338, 41.68669359565231]]]}, "properties": {"zone_id": "batumi-2024-05-21-168", "aoi": "batumi", "date": "2024-05-21", "scene_id": "S2A_MSIL2A_20240521T080611_R078_T37TFG_20240521T135035", "scene_datetime_utc": "2024-05-21T08:06:11.024000+00:00", "detection_status": "detected", "detection_status_ru": "обнаружено", "lon": 41.22366, "lat": 41.68656, "n_pixels": 1, "zone_area_km2": 0.0005, "cover_m2": 9.0, "p_mean": 0.624, "p_max": 0.624, "cover_m2_km2": 18000.0, "h3": "882c20aec5fffff", "valid_frac_scene": 0.658, "wind_ms": 3.1, "sea": "спокойное", "scene_reliable": true, "field_event_id": "S4:DOORS3:T19", "field_profile": "B", "field_date": "2024-06-05", "field_distance_km": 10.0, "field_date_gap_days": 15, "field_conc_items_km2": 544.69, "conc_A_items_km2": null, "conc_A_lo80": null, "conc_A_hi80": null, "conc_A_lo95": null, "conc_A_hi95": null, "conc_A_status": "unavailable", "conc_A_status_ru": "концентрация недоступна", "conc_A_reasons": "вне бассейна профиля: nw_atlantic_subtropical", "conc_A_model": "conc-A-c6bce5631d2b", "conc_B_items_km2": 262.8, "conc_B_lo80": 55.6, "conc_B_hi80": 884.2, "conc_B_lo95": 34.5, "conc_B_hi95": 1656.2, "conc_B_status": "research_estimate", "conc_B_status_ru": "исследовательская оценка", "conc_B_reasons": "месяц 5 вне месяцев обучения [6]", "conc_B_model": "conc-B-c6bce5631d2b"}}, {"type": "Feature", "geometry": {"type": "Polygon", "coordinates": [[[41.00420863910457, 41.68649783297106], [41.00408296430143, 41.686319895069985], [41.00420304958164, 41.68631780017792], [41.004200254839255, 41.68622778377901], [41.00444322010391, 41.68631361001763], [41.004446015193366, 41.68640362640183], [41.00432592977142, 41.686405721551246], [41.00432872470642, 41.68649573794045], [41.00420863910457, 41.68649783297106]]]}, "properties": {"zone_id": "batumi-2024-05-21-169", "aoi": "batumi", "date": "2024-05-21", "scene_id": "S2A_MSIL2A_20240521T080611_R078_T37TFG_20240521T135035", "scene_datetime_utc": "2024-05-21T08:06:11.024000+00:00", "detection_status": "detected", "detection_status_ru": "обнаружено", "lon": 41.00426, "lat": 41.68636, "n_pixels": 1, "zone_area_km2": 0.0005, "cover_m2": 3.9, "p_mean": 0.639, "p_max": 0.639, "cover_m2_km2": 7800.0, "h3": "882c20a23dfffff", "valid_frac_scene": 0.658, "wind_ms": 3.1, "sea": "спокойное", "scene_reliable": true, "field_event_id": "S4:DOORS3:T26", "field_profile": "B", "field_date": "2024-06-14", "field_distance_km": 7.8, "field_date_gap_days": 24, "field_conc_items_km2": 85.69, "conc_A_items_km2": null, "conc_A_lo80": null, "conc_A_hi80": null, "conc_A_lo95": null, "conc_A_hi95": null, "conc_A_status": "unavailable", "conc_A_status_ru": "концентрация недоступна", "conc_A_reasons": "вне бассейна профиля: nw_atlantic_subtropical", "conc_A_model": "conc-A-c6bce5631d2b", "conc_B_items_km2": 232.2, "conc_B_lo80": 49.1, "conc_B_hi80": 781.7, "conc_B_lo95": 30.4, "conc_B_hi95": 1464.2, "conc_B_status": "research_estimate", "conc_B_status_ru": "исследовательская оценка", "conc_B_reasons": "месяц 5 вне месяцев обучения [6]", "conc_B_model": "conc-B-c6bce5631d2b"}}, {"type": "Feature", "geometry": {"type": "Polygon", "coordinates": [[[41.68456525661666, 41.685580774700135], [41.684437746006715, 41.68540363511486], [41.68455777109785, 41.68540082956263], [41.68455402836399, 41.685310856991336], [41.684797821229026, 41.685395218082576], [41.68480156431362, 41.685485190634544], [41.684681539089695, 41.68548799644598], [41.684685282024454, 41.685577969005074], [41.68456525661666, 41.685580774700135]]]}, "properties": {"zone_id": "batumi-2024-05-21-170", "aoi": "batumi", "date": "2024-05-21", "scene_id": "S2A_MSIL2A_20240521T080611_R078_T37TFG_20240521T135035", "scene_datetime_utc": "2024-05-21T08:06:11.024000+00:00", "detection_status": "detected", "detection_status_ru": "обнаружено", "lon": 41.68462, "lat": 41.68544, "n_pixels": 1, "zone_area_km2": 0.0005, "cover_m2": 6.3, "p_mean": 0.843, "p_max": 0.843, "cover_m2_km2": 12600.0, "h3": "882c21c993fffff", "valid_frac_scene": 0.658, "wind_ms": 3.1, "sea": "спокойное", "scene_reliable": true, "field_event_id": "S4:DOORS3:T20", "field_profile": "B", "field_date": "2024-06-07", "field_distance_km": 5.8, "field_date_gap_days": 17, "field_conc_items_km2": 224.92, "conc_A_items_km2": null, "conc_A_lo80": null, "conc_A_hi80": null, "conc_A_lo95": null, "conc_A_hi95": null, "conc_A_status": "unavailable", "conc_A_status_ru": "концентрация недоступна", "conc_A_reasons": "вне бассейна профиля: nw_atlantic_subtropical", "conc_A_model": "conc-A-c6bce5631d2b", "conc_B_items_km2": 662.6, "conc_B_lo80": 141.5, "conc_B_hi80": 2225.9, "conc_B_lo95": 88.3, "conc_B_hi95": 4167.7, "conc_B_status": "research_estimate", "conc_B_status_ru": "исследовательская оценка", "conc_B_reasons": "месяц 5 вне месяцев обучения [6]; log_dist_coast_km = 0.9 вне диапазона обучения [1.7; 5.0]", "conc_B_model": "conc-B-c6bce5631d2b"}}, {"type": "Feature", "geometry": {"type": "Polygon", "coordinates": [[[41.3452573404863, 41.684994846672204], [41.34513074536, 41.684817305734946], [41.34525080064947, 41.68481485460724], [41.34524753075337, 41.68472485857231], [41.345487640953614, 41.6847199559564], [41.34548437073837, 41.68462995993525], [41.345971132073714, 41.68480014520979], [41.34597440298678, 41.684890141196874], [41.3458543476196, 41.68489259308405], [41.345857618380535, 41.68498258907722], [41.34573756283146, 41.68498504084681], [41.34573429223753, 41.68489504484593], [41.34561423684058, 41.68489749648252], [41.3456175072675, 41.68498749249109], [41.3452573404863, 41.684994846672204]]]}, "properties": {"zone_id": "batumi-2024-05-21-171", "aoi": "batumi", "date": "2024-05-21", "scene_id": "S2A_MSIL2A_20240521T080611_R078_T37TFG_20240521T135035", "scene_datetime_utc": "2024-05-21T08:06:11.024000+00:00", "detection_status": "detected", "detection_status_ru": "обнаружено", "lon": 41.34553, "lat": 41.68484, "n_pixels": 5, "zone_area_km2": 0.0017, "cover_m2": 55.7, "p_mean": 0.953, "p_max": 1.0, "cover_m2_km2": 32764.7, "h3": "882c21d94dfffff", "valid_frac_scene": 0.658, "wind_ms": 3.1, "sea": "спокойное", "scene_reliable": true, "field_event_id": "S4:DOORS3:T19", "field_profile": "B", "field_date": "2024-06-05", "field_distance_km": 12.9, "field_date_gap_days": 15, "field_conc_items_km2": 544.69, "conc_A_items_km2": null, "conc_A_lo80": null, "conc_A_hi80": null, "conc_A_lo95": null, "conc_A_hi95": null, "conc_A_status": "unavailable", "conc_A_status_ru": "концентрация недоступна", "conc_A_reasons": "вне бассейна профиля: nw_atlantic_subtropical", "conc_A_model": "conc-A-c6bce5631d2b", "conc_B_items_km2": 296.4, "conc_B_lo80": 62.8, "conc_B_hi80": 997.0, "conc_B_lo95": 39.0, "conc_B_hi95": 1867.2, "conc_B_status": "research_estimate", "conc_B_status_ru": "исследовательская оценка", "conc_B_reasons": "месяц 5 вне месяцев обучения [6]", "conc_B_model": "conc-B-c6bce5631d2b"}}, {"type": "Feature", "geometry": {"type": "Polygon", "coordinates": [[[41.17353149813182, 41.6838693383732], [41.17340536973713, 41.68369159662707], [41.173525437160876, 41.68368932494264], [41.173522406696094, 41.68359931822495], [41.17376557196699, 41.68368478119776], [41.17376860277973, 41.683774787899566], [41.17364853521649, 41.68377705984181], [41.17365156587594, 41.68386706654915], [41.17353149813182, 41.6838693383732]]]}, "properties": {"zone_id": "batumi-2024-05-21-172", "aoi": "batumi", "date": "2024-05-21", "scene_id": "S2A_MSIL2A_20240521T080611_R078_T37TFG_20240521T135035", "scene_datetime_utc": "2024-05-21T08:06:11.024000+00:00", "detection_status": "detected", "detection_status_ru": "обнаружено", "lon": 41.17359, "lat": 41.68373, "n_pixels": 1, "zone_area_km2": 0.0005, "cover_m2": 3.1, "p_mean": 0.596, "p_max": 0.596, "cover_m2_km2": 6200.0, "h3": "882c20ae51fffff", "valid_frac_scene": 0.658, "wind_ms": 3.1, "sea": "спокойное", "scene_reliable": true, "field_event_id": "S4:DOORS3:T19", "field_profile": "B", "field_date": "2024-06-05", "field_distance_km": 11.8, "field_date_gap_days": 15, "field_conc_items_km2": 544.69, "conc_A_items_km2": null, "conc_A_lo80": null, "conc_A_hi80": null, "conc_A_lo95": null, "conc_A_hi95": null, "conc_A_status": "unavailable", "conc_A_status_ru": "концентрация недоступна", "conc_A_reasons": "вне бассейна профиля: nw_atlantic_subtropical", "conc_A_model": "conc-A-c6bce5631d2b", "conc_B_items_km2": 252.0, "conc_B_lo80": 53.3, "conc_B_hi80": 848.1, "conc_B_lo95": 33.0, "conc_B_hi95": 1588.5, "conc_B_status": "research_estimate", "conc_B_status_ru": "исследовательская оценка", "conc_B_reasons": "месяц 5 вне месяцев обучения [6]", "conc_B_model": "conc-B-c6bce5631d2b"}}, {"type": "Feature", "geometry": {"type": "Polygon", "coordinates": [[[41.68929877229715, 41.68384894911663], [41.689295023162465, 41.68375897687111], [41.68917500158926, 41.68376178728097], [41.68917125263847, 41.68367181502493], [41.68929127404484, 41.6836690046239], [41.68928752494427, 41.683579032375], [41.68952756737219, 41.68357341121502], [41.68953131680641, 41.683663383446266], [41.68965133816162, 41.68366057266967], [41.68965508777972, 41.6837505448904], [41.6895350662577, 41.683753355675826], [41.68953881572604, 41.68384332790369], [41.68929877229715, 41.68384894911663]]]}, "properties": {"zone_id": "batumi-2024-05-21-173", "aoi": "batumi", "date": "2024-05-21", "scene_id": "S2A_MSIL2A_20240521T080611_R078_T37TFG_20240521T135035", "scene_datetime_utc": "2024-05-21T08:06:11.024000+00:00", "detection_status": "detected", "detection_status_ru": "обнаружено", "lon": 41.68941, "lat": 41.68371, "n_pixels": 2, "zone_area_km2": 0.0008, "cover_m2": 18.8, "p_mean": 0.729, "p_max": 0.957, "cover_m2_km2": 23500.0, "h3": "882c215269fffff", "valid_frac_scene": 0.658, "wind_ms": 3.1, "sea": "спокойное", "scene_reliable": true, "field_event_id": "S4:DOORS3:T20", "field_profile": "B", "field_date": "2024-06-07", "field_distance_km": 6.2, "field_date_gap_days": 17, "field_conc_items_km2": 224.92, "conc_A_items_km2": null, "conc_A_lo80": null, "conc_A_hi80": null, "conc_A_lo95": null, "conc_A_hi95": null, "conc_A_status": "unavailable", "conc_A_status_ru": "концентрация недоступна", "conc_A_reasons": "вне бассейна профиля: nw_atlantic_subtropical", "conc_A_model": "conc-A-c6bce5631d2b", "conc_B_items_km2": 662.6, "conc_B_lo80": 141.5, "conc_B_hi80": 2225.9, "conc_B_lo95": 88.3, "conc_B_hi95": 4167.7, "conc_B_status": "research_estimate", "conc_B_status_ru": "исследовательская оценка", "conc_B_reasons": "месяц 5 вне месяцев обучения [6]; log_dist_coast_km = 0.9 вне диапазона обучения [1.7; 5.0]", "conc_B_model": "conc-B-c6bce5631d2b"}}, {"type": "Feature", "geometry": {"type": "Polygon", "coordinates": [[[41.693120686772694, 41.683309089789866], [41.692993157988155, 41.6831319602083], [41.6931131780142, 41.68312914584559], [41.69310942366058, 41.6830391738709], [41.693353218015076, 41.68312351674461], [41.69335697271942, 41.68321348869991], [41.69323695256071, 41.683216303321835], [41.693240707115315, 41.68330627528429], [41.693120686772694, 41.683309089789866]]]}, "properties": {"zone_id": "batumi-2024-05-21-174", "aoi": "batumi", "date": "2024-05-21", "scene_id": "S2A_MSIL2A_20240521T080611_R078_T37TFG_20240521T135035", "scene_datetime_utc": "2024-05-21T08:06:11.024000+00:00", "detection_status": "detected", "detection_status_ru": "обнаружено", "lon": 41.69318, "lat": 41.68317, "n_pixels": 1, "zone_area_km2": 0.0005, "cover_m2": 4.7, "p_mean": 0.859, "p_max": 0.859, "cover_m2_km2": 9400.0, "h3": "882c215269fffff", "valid_frac_scene": 0.658, "wind_ms": 3.1, "sea": "спокойное", "scene_reliable": true, "field_event_id": "S4:DOORS3:T20", "field_profile": "B", "field_date": "2024-06-07", "field_distance_km": 6.5, "field_date_gap_days": 17, "field_conc_items_km2": 224.92, "conc_A_items_km2": null, "conc_A_lo80": null, "conc_A_hi80": null, "conc_A_lo95": null, "conc_A_hi95": null, "conc_A_status": "unavailable", "conc_A_status_ru": "концентрация недоступна", "conc_A_reasons": "вне бассейна профиля: nw_atlantic_subtropical", "conc_A_model": "conc-A-c6bce5631d2b", "conc_B_items_km2": 662.6, "conc_B_lo80": 141.5, "conc_B_hi80": 2225.9, "conc_B_lo95": 88.3, "conc_B_hi95": 4167.7, "conc_B_status": "research_estimate", "conc_B_status_ru": "исследовательская оценка", "conc_B_reasons": "месяц 5 вне месяцев обучения [6]; log_dist_coast_km = 0.9 вне диапазона обучения [1.7; 5.0]", "conc_B_model": "conc-B-c6bce5631d2b"}}, {"type": "Feature", "geometry": {"type": "Polygon", "coordinates": [[[41.353939312293704, 41.68256568761198], [41.35381269879359, 41.68238815667282], [41.35393274881976, 41.682385696592135], [41.35392946710519, 41.68229570107977], [41.354172848827304, 41.6823807760549], [41.354176130890785, 41.68247077155017], [41.354056080727496, 41.682473231889155], [41.35405936263892, 41.682563227390546], [41.353939312293704, 41.68256568761198]]]}, "properties": {"zone_id": "batumi-2024-05-21-175", "aoi": "batumi", "date": "2024-05-21", "scene_id": "S2A_MSIL2A_20240521T080611_R078_T37TFG_20240521T135035", "scene_datetime_utc": "2024-05-21T08:06:11.024000+00:00", "detection_status": "detected", "detection_status_ru": "обнаружено", "lon": 41.35399, "lat": 41.68243, "n_pixels": 1, "zone_area_km2": 0.0005, "cover_m2": 5.1, "p_mean": 0.827, "p_max": 0.827, "cover_m2_km2": 10200.0, "h3": "882c21d945fffff", "valid_frac_scene": 0.658, "wind_ms": 3.1, "sea": "спокойное", "scene_reliable": true, "field_event_id": "S4:DOORS3:T19", "field_profile": "B", "field_date": "2024-06-05", "field_distance_km": 13.5, "field_date_gap_days": 15, "field_conc_items_km2": 544.69, "conc_A_items_km2": null, "conc_A_lo80": null, "conc_A_hi80": null, "conc_A_lo95": null, "conc_A_hi95": null, "conc_A_status": "unavailable", "conc_A_status_ru": "концентрация недоступна", "conc_A_reasons": "вне бассейна профиля: nw_atlantic_subtropical", "conc_A_model": "conc-A-c6bce5631d2b", "conc_B_items_km2": 302.5, "conc_B_lo80": 64.2, "conc_B_hi80": 1017.6, "conc_B_lo95": 39.8, "conc_B_hi95": 1905.9, "conc_B_status": "research_estimate", "conc_B_status_ru": "исследовательская оценка", "conc_B_reasons": "месяц 5 вне месяцев обучения [6]", "conc_B_model": "conc-B-c6bce5631d2b"}}, {"type": "Feature", "geometry": {"type": "Polygon", "coordinates": [[[41.38752952366867, 41.681241979003175], [41.387402822251794, 41.681064487421736], [41.387522866898, 41.68106199231953], [41.38751953853538, 41.68097199897526], [41.38776295614497, 41.681057001739326], [41.38776628485666, 41.68114699506628], [41.387646240073785, 41.681149490426854], [41.387649568633655, 41.681239483760024], [41.38752952366867, 41.681241979003175]]]}, "properties": {"zone_id": "batumi-2024-05-21-176", "aoi": "batumi", "date": "2024-05-21", "scene_id": "S2A_MSIL2A_20240521T080611_R078_T37TFG_20240521T135035", "scene_datetime_utc": "2024-05-21T08:06:11.024000+00:00", "detection_status": "detected", "detection_status_ru": "обнаружено", "lon": 41.38758, "lat": 41.68111, "n_pixels": 1, "zone_area_km2": 0.0005, "cover_m2": 5.1, "p_mean": 0.82, "p_max": 0.82, "cover_m2_km2": 10200.0, "h3": "882c21d901fffff", "valid_frac_scene": 0.658, "wind_ms": 3.1, "sea": "спокойное", "scene_reliable": true, "field_event_id": "S4:DOORS3:T19", "field_profile": "B", "field_date": "2024-06-05", "field_distance_km": 15.6, "field_date_gap_days": 15, "field_conc_items_km2": 544.69, "conc_A_items_km2": null, "conc_A_lo80": null, "conc_A_hi80": null, "conc_A_lo95": null, "conc_A_hi95": null, "conc_A_status": "unavailable", "conc_A_status_ru": "концентрация недоступна", "conc_A_reasons": "вне бассейна профиля: nw_atlantic_subtropical", "conc_A_model": "conc-A-c6bce5631d2b", "conc_B_items_km2": 316.3, "conc_B_lo80": 67.1, "conc_B_hi80": 1063.8, "conc_B_lo95": 41.7, "conc_B_hi95": 1992.2, "conc_B_status": "research_estimate", "conc_B_status_ru": "исследовательская оценка", "conc_B_reasons": "месяц 5 вне месяцев обучения [6]", "conc_B_model": "conc-B-c6bce5631d2b"}}, {"type": "Feature", "geometry": {"type": "Polygon", "coordinates": [[[41.362623897904655, 41.680225883113486], [41.36249726584334, 41.680048362185836], [41.36261731076991, 41.680045893146065], [41.36261401722502, 41.67995589815991], [41.362857400578086, 41.680040954690725], [41.3628606944719, 41.68013094965974], [41.36274064940834, 41.680133418957794], [41.36274394315018, 41.680223413932936], [41.362623897904655, 41.680225883113486]]]}, "properties": {"zone_id": "batumi-2024-05-21-177", "aoi": "batumi", "date": "2024-05-21", "scene_id": "S2A_MSIL2A_20240521T080611_R078_T37TFG_20240521T135035", "scene_datetime_utc": "2024-05-21T08:06:11.024000+00:00", "detection_status": "detected", "detection_status_ru": "обнаружено", "lon": 41.36268, "lat": 41.68009, "n_pixels": 1, "zone_area_km2": 0.0005, "cover_m2": 4.3, "p_mean": 0.988, "p_max": 0.988, "cover_m2_km2": 8600.0, "h3": "882c21d947fffff", "valid_frac_scene": 0.658, "wind_ms": 3.1, "sea": "спокойное", "scene_reliable": true, "field_event_id": "S4:DOORS3:T19", "field_profile": "B", "field_date": "2024-06-05", "field_distance_km": 14.2, "field_date_gap_days": 15, "field_conc_items_km2": 544.69, "conc_A_items_km2": null, "conc_A_lo80": null, "conc_A_hi80": null, "conc_A_lo95": null, "conc_A_hi95": null, "conc_A_status": "unavailable", "conc_A_status_ru": "концентрация недоступна", "conc_A_reasons": "вне бассейна профиля: nw_atlantic_subtropical", "conc_A_model": "conc-A-c6bce5631d2b", "conc_B_items_km2": 302.5, "conc_B_lo80": 64.2, "conc_B_hi80": 1017.6, "conc_B_lo95": 39.8, "conc_B_hi95": 1905.9, "conc_B_status": "research_estimate", "conc_B_status_ru": "исследовательская оценка", "conc_B_reasons": "месяц 5 вне месяцев обучения [6]", "conc_B_model": "conc-B-c6bce5631d2b"}}, {"type": "Feature", "geometry": {"type": "Polygon", "coordinates": [[[41.34964909674841, 41.680221829821896], [41.349645821251194, 41.680131833998644], [41.34952577504437, 41.680134289493964], [41.349519224428605, 41.67995429782716], [41.34975604054001, 41.67985939092169], [41.34975931615948, 41.6799493867421], [41.34987936200255, 41.67994693101167], [41.34988591362015, 41.68012692263219], [41.34964909674841, 41.680221829821896]]]}, "properties": {"zone_id": "batumi-2024-05-21-178", "aoi": "batumi", "date": "2024-05-21", "scene_id": "S2A_MSIL2A_20240521T080611_R078_T37TFG_20240521T135035", "scene_datetime_utc": "2024-05-21T08:06:11.024000+00:00", "detection_status": "detected", "detection_status_ru": "обнаружено", "lon": 41.3497, "lat": 41.68004, "n_pixels": 2, "zone_area_km2": 0.0008, "cover_m2": 16.5, "p_mean": 0.649, "p_max": 0.702, "cover_m2_km2": 20625.0, "h3": "882c21d94dfffff", "valid_frac_scene": 0.658, "wind_ms": 3.1, "sea": "спокойное", "scene_reliable": true, "field_event_id": "S4:DOORS3:T19", "field_profile": "B", "field_date": "2024-06-05", "field_distance_km": 13.5, "field_date_gap_days": 15, "field_conc_items_km2": 544.69, "conc_A_items_km2": null, "conc_A_lo80": null, "conc_A_hi80": null, "conc_A_lo95": null, "conc_A_hi95": null, "conc_A_status": "unavailable", "conc_A_status_ru": "концентрация недоступна", "conc_A_reasons": "вне бассейна профиля: nw_atlantic_subtropical", "conc_A_model": "conc-A-c6bce5631d2b", "conc_B_items_km2": 302.5, "conc_B_lo80": 64.2, "conc_B_hi80": 1017.6, "conc_B_lo95": 39.8, "conc_B_hi95": 1905.9, "conc_B_status": "research_estimate", "conc_B_status_ru": "исследовательская оценка", "conc_B_reasons": "месяц 5 вне месяцев обучения [6]", "conc_B_model": "conc-B-c6bce5631d2b"}}, {"type": "Feature", "geometry": {"type": "Polygon", "coordinates": [[[41.34434089742492, 41.67960978410467], [41.3443376293936, 41.679519787929365], [41.34421758386746, 41.679522237851174], [41.34421431601799, 41.67943224166654], [41.34433436137715, 41.67942979175243], [41.34433109337558, 41.67933979557387], [41.344571183715374, 41.67933489538524], [41.34457445205088, 41.67942489154841], [41.34469449736544, 41.67942244125849], [41.34469776588279, 41.67951243741234], [41.34457772040127, 41.67951488770995], [41.34458098876653, 41.67960488386986], [41.34434089742492, 41.67960978410467]]]}, "properties": {"zone_id": "batumi-2024-05-21-179", "aoi": "batumi", "date": "2024-05-21", "scene_id": "S2A_MSIL2A_20240521T080611_R078_T37TFG_20240521T135035", "scene_datetime_utc": "2024-05-21T08:06:11.024000+00:00", "detection_status": "detected", "detection_status_ru": "обнаружено", "lon": 41.34446, "lat": 41.67947, "n_pixels": 2, "zone_area_km2": 0.0008, "cover_m2": 7.5, "p_mean": 0.788, "p_max": 0.957, "cover_m2_km2": 9375.0, "h3": "882c21d94dfffff", "valid_frac_scene": 0.658, "wind_ms": 3.1, "sea": "спокойное", "scene_reliable": true, "field_event_id": "S4:DOORS3:T19", "field_profile": "B", "field_date": "2024-06-05", "field_distance_km": 13.3, "field_date_gap_days": 15, "field_conc_items_km2": 544.69, "conc_A_items_km2": null, "conc_A_lo80": null, "conc_A_hi80": null, "conc_A_lo95": null, "conc_A_hi95": null, "conc_A_status": "unavailable", "conc_A_status_ru": "концентрация недоступна", "conc_A_reasons": "вне бассейна профиля: nw_atlantic_subtropical", "conc_A_model": "conc-A-c6bce5631d2b", "conc_B_items_km2": 296.4, "conc_B_lo80": 62.8, "conc_B_hi80": 997.0, "conc_B_lo95": 39.0, "conc_B_hi95": 1867.2, "conc_B_status": "research_estimate", "conc_B_status_ru": "исследовательская оценка", "conc_B_reasons": "месяц 5 вне месяцев обучения [6]", "conc_B_model": "conc-B-c6bce5631d2b"}}, {"type": "Feature", "geometry": {"type": "Polygon", "coordinates": [[[41.20232618340452, 41.67917797335025], [41.202199986794845, 41.67900026479174], [41.20232004318831, 41.67899796323586], [41.20231697310116, 41.678907958176275], [41.20256015593332, 41.6789933597482], [41.202563226368504, 41.67908336479174], [41.20244316983596, 41.67908566660546], [41.20244624011808, 41.67917567165462], [41.20232618340452, 41.67917797335025]]]}, "properties": {"zone_id": "batumi-2024-05-21-180", "aoi": "batumi", "date": "2024-05-21", "scene_id": "S2A_MSIL2A_20240521T080611_R078_T37TFG_20240521T135035", "scene_datetime_utc": "2024-05-21T08:06:11.024000+00:00", "detection_status": "detected", "detection_status_ru": "обнаружено", "lon": 41.20238, "lat": 41.67904, "n_pixels": 1, "zone_area_km2": 0.0005, "cover_m2": 7.8, "p_mean": 0.596, "p_max": 0.596, "cover_m2_km2": 15600.0, "h3": "882c20ae11fffff", "valid_frac_scene": 0.658, "wind_ms": 3.1, "sea": "спокойное", "scene_reliable": true, "field_event_id": "S4:DOORS3:T19", "field_profile": "B", "field_date": "2024-06-05", "field_distance_km": 11.3, "field_date_gap_days": 15, "field_conc_items_km2": 544.69, "conc_A_items_km2": null, "conc_A_lo80": null, "conc_A_hi80": null, "conc_A_lo95": null, "conc_A_hi95": null, "conc_A_status": "unavailable", "conc_A_status_ru": "концентрация недоступна", "conc_A_reasons": "вне бассейна профиля: nw_atlantic_subtropical", "conc_A_model": "conc-A-c6bce5631d2b", "conc_B_items_km2": 259.0, "conc_B_lo80": 54.8, "conc_B_hi80": 871.6, "conc_B_lo95": 34.0, "conc_B_hi95": 1632.4, "conc_B_status": "research_estimate", "conc_B_status_ru": "исследовательская оценка", "conc_B_reasons": "месяц 5 вне месяцев обучения [6]", "conc_B_model": "conc-B-c6bce5631d2b"}}, {"type": "Feature", "geometry": {"type": "Polygon", "coordinates": [[[41.343951353062614, 41.67880716767333], [41.34382477438324, 41.67862962471472], [41.34394481828432, 41.67862717524567], [41.34394155091747, 41.67853717902942], [41.34418490604188, 41.6786222759318], [41.344188173757516, 41.678712272131044], [41.34406812971921, 41.678714721858306], [41.344071397282754, 41.67880471806363], [41.343951353062614, 41.67880716767333]]]}, "properties": {"zone_id": "batumi-2024-05-21-181", "aoi": "batumi", "date": "2024-05-21", "scene_id": "S2A_MSIL2A_20240521T080611_R078_T37TFG_20240521T135035", "scene_datetime_utc": "2024-05-21T08:06:11.024000+00:00", "detection_status": "detected", "detection_status_ru": "обнаружено", "lon": 41.34401, "lat": 41.67867, "n_pixels": 1, "zone_area_km2": 0.0005, "cover_m2": 4.7, "p_mean": 0.675, "p_max": 0.675, "cover_m2_km2": 9400.0, "h3": "882c20ac93fffff", "valid_frac_scene": 0.658, "wind_ms": 3.1, "sea": "спокойное", "scene_reliable": true, "field_event_id": "S4:DOORS3:T19", "field_profile": "B", "field_date": "2024-06-05", "field_distance_km": 13.3, "field_date_gap_days": 15, "field_conc_items_km2": 544.69, "conc_A_items_km2": null, "conc_A_lo80": null, "conc_A_hi80": null, "conc_A_lo95": null, "conc_A_hi95": null, "conc_A_status": "unavailable", "conc_A_status_ru": "концентрация недоступна", "conc_A_reasons": "вне бассейна профиля: nw_atlantic_subtropical", "conc_A_model": "conc-A-c6bce5631d2b", "conc_B_items_km2": 296.4, "conc_B_lo80": 62.8, "conc_B_hi80": 997.0, "conc_B_lo95": 39.0, "conc_B_hi95": 1867.2, "conc_B_status": "research_estimate", "conc_B_status_ru": "исследовательская оценка", "conc_B_reasons": "месяц 5 вне месяцев обучения [6]", "conc_B_model": "conc-B-c6bce5631d2b"}}, {"type": "Feature", "geometry": {"type": "Polygon", "coordinates": [[[41.37781980380566, 41.67856138484624], [41.377693134202254, 41.678383881637714], [41.37781317471506, 41.67838139680657], [41.377809860192386, 41.678291402784296], [41.37805325569541, 41.678376426768516], [41.37805657056706, 41.67846642077355], [41.377936529917484, 41.67846890586302], [41.377939844637275, 41.678558899874226], [41.37781980380566, 41.67856138484624]]]}, "properties": {"zone_id": "batumi-2024-05-21-182", "aoi": "batumi", "date": "2024-05-21", "scene_id": "S2A_MSIL2A_20240521T080611_R078_T37TFG_20240521T135035", "scene_datetime_utc": "2024-05-21T08:06:11.024000+00:00", "detection_status": "detected", "detection_status_ru": "обнаружено", "lon": 41.37787, "lat": 41.67843, "n_pixels": 1, "zone_area_km2": 0.0005, "cover_m2": 11.0, "p_mean": 0.565, "p_max": 0.565, "cover_m2_km2": 22000.0, "h3": "882c21d90dfffff", "valid_frac_scene": 0.658, "wind_ms": 3.1, "sea": "спокойное", "scene_reliable": true, "field_event_id": "S4:DOORS3:T19", "field_profile": "B", "field_date": "2024-06-05", "field_distance_km": 15.2, "field_date_gap_days": 15, "field_conc_items_km2": 544.69, "conc_A_items_km2": null, "conc_A_lo80": null, "conc_A_hi80": null, "conc_A_lo95": null, "conc_A_hi95": null, "conc_A_status": "unavailable", "conc_A_status_ru": "концентрация недоступна", "conc_A_reasons": "вне бассейна профиля: nw_atlantic_subtropical", "conc_A_model": "conc-A-c6bce5631d2b", "conc_B_items_km2": 309.2, "conc_B_lo80": 65.6, "conc_B_hi80": 1039.9, "conc_B_lo95": 40.7, "conc_B_hi95": 1947.5, "conc_B_status": "research_estimate", "conc_B_status_ru": "исследовательская оценка", "conc_B_reasons": "месяц 5 вне месяцев обучения [6]", "conc_B_model": "conc-B-c6bce5631d2b"}}, {"type": "Feature", "geometry": {"type": "Polygon", "coordinates": [[[41.35498879347741, 41.678401288214566], [41.3549855107503, 41.67831129270798], [41.354865468387274, 41.678313753693516], [41.35486218584206, 41.67822375817757], [41.354982228038146, 41.67822129719976], [41.35497894534092, 41.67813130168994], [41.35521902935436, 41.67812637937401], [41.35522231238549, 41.67821637486838], [41.35534235453676, 41.678213913514796], [41.355345637749785, 41.678303908999816], [41.35522559543157, 41.678306370361135], [41.35522887849258, 41.67839636585226], [41.35498879347741, 41.678401288214566]]]}, "properties": {"zone_id": "batumi-2024-05-21-183", "aoi": "batumi", "date": "2024-05-21", "scene_id": "S2A_MSIL2A_20240521T080611_R078_T37TFG_20240521T135035", "scene_datetime_utc": "2024-05-21T08:06:11.024000+00:00", "detection_status": "detected", "detection_status_ru": "обнаружено", "lon": 41.3551, "lat": 41.67826, "n_pixels": 2, "zone_area_km2": 0.0008, "cover_m2": 11.0, "p_mean": 0.686, "p_max": 0.718, "cover_m2_km2": 13750.0, "h3": "882c21d945fffff", "valid_frac_scene": 0.658, "wind_ms": 3.1, "sea": "спокойное", "scene_reliable": true, "field_event_id": "S4:DOORS3:T19", "field_profile": "B", "field_date": "2024-06-05", "field_distance_km": 13.9, "field_date_gap_days": 15, "field_conc_items_km2": 544.69, "conc_A_items_km2": null, "conc_A_lo80": null, "conc_A_hi80": null, "conc_A_lo95": null, "conc_A_hi95": null, "conc_A_status": "unavailable", "conc_A_status_ru": "концентрация недоступна", "conc_A_reasons": "вне бассейна профиля: nw_atlantic_subtropical", "conc_A_model": "conc-A-c6bce5631d2b", "conc_B_items_km2": 302.5, "conc_B_lo80": 64.2, "conc_B_hi80": 1017.6, "conc_B_lo95": 39.8, "conc_B_hi95": 1905.9, "conc_B_status": "research_estimate", "conc_B_status_ru": "исследовательская оценка", "conc_B_reasons": "месяц 5 вне месяцев обучения [6]", "conc_B_model": "conc-B-c6bce5631d2b"}}, {"type": "Feature", "geometry": {"type": "Polygon", "coordinates": [[[40.99150376258712, 41.67582087248932], [40.991378144200084, 41.675642919150775], [40.99149821056262, 41.675640837965226], [40.99149543456932, 41.67555082070083], [40.99173834324979, 41.67563667521812], [40.99174111958992, 41.67572669246786], [40.99162105308555, 41.67572877391063], [40.99162382927122, 41.675818791165355], [40.99150376258712, 41.67582087248932]]]}, "properties": {"zone_id": "batumi-2024-05-21-184", "aoi": "batumi", "date": "2024-05-21", "scene_id": "S2A_MSIL2A_20240521T080611_R078_T37TFG_20240521T135035", "scene_datetime_utc": "2024-05-21T08:06:11.024000+00:00", "detection_status": "detected", "detection_status_ru": "обнаружено", "lon": 40.99156, "lat": 41.67568, "n_pixels": 1, "zone_area_km2": 0.0005, "cover_m2": 7.8, "p_mean": 0.565, "p_max": 0.565, "cover_m2_km2": 15600.0, "h3": "882c20a221fffff", "valid_frac_scene": 0.658, "wind_ms": 3.1, "sea": "спокойное", "scene_reliable": true, "field_event_id": "S4:DOORS3:T26", "field_profile": "B", "field_date": "2024-06-14", "field_distance_km": 9.1, "field_date_gap_days": 24, "field_conc_items_km2": 85.69, "conc_A_items_km2": null, "conc_A_lo80": null, "conc_A_hi80": null, "conc_A_lo95": null, "conc_A_hi95": null, "conc_A_status": "unavailable", "conc_A_status_ru": "концентрация недоступна", "conc_A_reasons": "вне бассейна профиля: nw_atlantic_subtropical", "conc_A_model": "conc-A-c6bce5631d2b", "conc_B_items_km2": 233.8, "conc_B_lo80": 49.4, "conc_B_hi80": 787.0, "conc_B_lo95": 30.6, "conc_B_hi95": 1474.2, "conc_B_status": "research_estimate", "conc_B_status_ru": "исследовательская оценка", "conc_B_reasons": "месяц 5 вне месяцев обучения [6]", "conc_B_model": "conc-B-c6bce5631d2b"}}, {"type": "Feature", "geometry": {"type": "Polygon", "coordinates": [[[41.343240076977814, 41.67575954038141], [41.3431135065808, 41.67558199634754], [41.34323354487988, 41.67557954776639], [41.343230278853206, 41.675489551456465], [41.34347362143346, 41.67557465022836], [41.343476887808876, 41.67566464652129], [41.343356849372576, 41.675667095360616], [41.343360115595914, 41.67575709165963], [41.343240076977814, 41.67575954038141]]]}, "properties": {"zone_id": "batumi-2024-05-21-185", "aoi": "batumi", "date": "2024-05-21", "scene_id": "S2A_MSIL2A_20240521T080611_R078_T37TFG_20240521T135035", "scene_datetime_utc": "2024-05-21T08:06:11.024000+00:00", "detection_status": "detected", "detection_status_ru": "обнаружено", "lon": 41.3433, "lat": 41.67562, "n_pixels": 1, "zone_area_km2": 0.0005, "cover_m2": 6.3, "p_mean": 0.753, "p_max": 0.753, "cover_m2_km2": 12600.0, "h3": "882c20ac93fffff", "valid_frac_scene": 0.658, "wind_ms": 3.1, "sea": "спокойное", "scene_reliable": true, "field_event_id": "S4:DOORS3:T19", "field_profile": "B", "field_date": "2024-06-05", "field_distance_km": 13.6, "field_date_gap_days": 15, "field_conc_items_km2": 544.69, "conc_A_items_km2": null, "conc_A_lo80": null, "conc_A_hi80": null, "conc_A_lo95": null, "conc_A_hi95": null, "conc_A_status": "unavailable", "conc_A_status_ru": "концентрация недоступна", "conc_A_reasons": "вне бассейна профиля: nw_atlantic_subtropical", "conc_A_model": "conc-A-c6bce5631d2b", "conc_B_items_km2": 298.9, "conc_B_lo80": 63.4, "conc_B_hi80": 1005.6, "conc_B_lo95": 39.4, "conc_B_hi95": 1883.3, "conc_B_status": "research_estimate", "conc_B_status_ru": "исследовательская оценка", "conc_B_reasons": "месяц 5 вне месяцев обучения [6]", "conc_B_model": "conc-B-c6bce5631d2b"}}, {"type": "Feature", "geometry": {"type": "Polygon", "coordinates": [[[41.34370389788892, 41.675299763346956], [41.343577327199185, 41.675122219820935], [41.34369736460414, 41.675119770777265], [41.34369409798404, 41.67502977448998], [41.34393743936945, 41.67511487231416], [41.34394070633827, 41.67520486858442], [41.34382066879612, 41.6752073178863], [41.34382393561288, 41.67529731416263], [41.34370389788892, 41.675299763346956]]]}, "properties": {"zone_id": "batumi-2024-05-21-186", "aoi": "batumi", "date": "2024-05-21", "scene_id": "S2A_MSIL2A_20240521T080611_R078_T37TFG_20240521T135035", "scene_datetime_utc": "2024-05-21T08:06:11.024000+00:00", "detection_status": "detected", "detection_status_ru": "обнаружено", "lon": 41.34376, "lat": 41.67516, "n_pixels": 1, "zone_area_km2": 0.0005, "cover_m2": 6.3, "p_mean": 0.565, "p_max": 0.565, "cover_m2_km2": 12600.0, "h3": "882c20ac93fffff", "valid_frac_scene": 0.658, "wind_ms": 3.1, "sea": "спокойное", "scene_reliable": true, "field_event_id": "S4:DOORS3:T19", "field_profile": "B", "field_date": "2024-06-05", "field_distance_km": 13.6, "field_date_gap_days": 15, "field_conc_items_km2": 544.69, "conc_A_items_km2": null, "conc_A_lo80": null, "conc_A_hi80": null, "conc_A_lo95": null, "conc_A_hi95": null, "conc_A_status": "unavailable", "conc_A_status_ru": "концентрация недоступна", "conc_A_reasons": "вне бассейна профиля: nw_atlantic_subtropical", "conc_A_model": "conc-A-c6bce5631d2b", "conc_B_items_km2": 298.9, "conc_B_lo80": 63.4, "conc_B_hi80": 1005.6, "conc_B_lo95": 39.4, "conc_B_hi95": 1883.3, "conc_B_status": "research_estimate", "conc_B_status_ru": "исследовательская оценка", "conc_B_reasons": "месяц 5 вне месяцев обучения [6]", "conc_B_model": "conc-B-c6bce5631d2b"}}, {"type": "Feature", "geometry": {"type": "Polygon", "coordinates": [[[41.65120826532216, 41.67491798393454], [41.65108086697111, 41.674740803712524], [41.65120087551306, 41.6747380335704], [41.65119718063373, 41.674648058385806], [41.65144089254653, 41.67473249291069], [41.651444587776226, 41.6748224680762], [41.65132457910112, 41.67482523847733], [41.65132827418085, 41.674915213649875], [41.65120826532216, 41.67491798393454]]]}, "properties": {"zone_id": "batumi-2024-05-21-187", "aoi": "batumi", "date": "2024-05-21", "scene_id": "S2A_MSIL2A_20240521T080611_R078_T37TFG_20240521T135035", "scene_datetime_utc": "2024-05-21T08:06:11.024000+00:00", "detection_status": "detected", "detection_status_ru": "обнаружено", "lon": 41.65126, "lat": 41.67478, "n_pixels": 1, "zone_area_km2": 0.0005, "cover_m2": 9.4, "p_mean": 0.82, "p_max": 0.82, "cover_m2_km2": 18800.0, "h3": "882c21c98bfffff", "valid_frac_scene": 0.658, "wind_ms": 3.1, "sea": "спокойное", "scene_reliable": true, "field_event_id": "S4:DOORS3:T20", "field_profile": "B", "field_date": "2024-06-07", "field_distance_km": 5.5, "field_date_gap_days": 17, "field_conc_items_km2": 224.92, "conc_A_items_km2": null, "conc_A_lo80": null, "conc_A_hi80": null, "conc_A_lo95": null, "conc_A_hi95": null, "conc_A_status": "unavailable", "conc_A_status_ru": "концентрация недоступна", "conc_A_reasons": "вне бассейна профиля: nw_atlantic_subtropical", "conc_A_model": "conc-A-c6bce5631d2b", "conc_B_items_km2": 589.6, "conc_B_lo80": 125.8, "conc_B_hi80": 1980.9, "conc_B_lo95": 78.5, "conc_B_hi95": 3709.1, "conc_B_status": "research_estimate", "conc_B_status_ru": "исследовательская оценка", "conc_B_reasons": "месяц 5 вне месяцев обучения [6]; log_dist_coast_km = 1.2 вне диапазона обучения [1.7; 5.0]", "conc_B_model": "conc-B-c6bce5631d2b"}}, {"type": "Feature", "geometry": {"type": "Polygon", "coordinates": [[[41.34608502983486, 41.67471077905825], [41.34595845394535, 41.67453323827949], [41.34607849005128, 41.67453078677702], [41.34607522018181, 41.674440790633966], [41.34631856221851, 41.67452588339637], [41.346321832436715, 41.67461587952239], [41.34620179619362, 41.67461833128304], [41.34620506625978, 41.67470832741514], [41.34608502983486, 41.67471077905825]]]}, "properties": {"zone_id": "batumi-2024-05-21-188", "aoi": "batumi", "date": "2024-05-21", "scene_id": "S2A_MSIL2A_20240521T080611_R078_T37TFG_20240521T135035", "scene_datetime_utc": "2024-05-21T08:06:11.024000+00:00", "detection_status": "detected", "detection_status_ru": "обнаружено", "lon": 41.34614, "lat": 41.67457, "n_pixels": 1, "zone_area_km2": 0.0005, "cover_m2": 4.3, "p_mean": 0.761, "p_max": 0.761, "cover_m2_km2": 8600.0, "h3": "882c20ac93fffff", "valid_frac_scene": 0.658, "wind_ms": 3.1, "sea": "спокойное", "scene_reliable": true, "field_event_id": "S4:DOORS3:T19", "field_profile": "B", "field_date": "2024-06-05", "field_distance_km": 13.8, "field_date_gap_days": 15, "field_conc_items_km2": 544.69, "conc_A_items_km2": null, "conc_A_lo80": null, "conc_A_hi80": null, "conc_A_lo95": null, "conc_A_hi95": null, "conc_A_status": "unavailable", "conc_A_status_ru": "концентрация недоступна", "conc_A_reasons": "вне бассейна профиля: nw_atlantic_subtropical", "conc_A_model": "conc-A-c6bce5631d2b", "conc_B_items_km2": 298.9, "conc_B_lo80": 63.4, "conc_B_hi80": 1005.6, "conc_B_lo95": 39.4, "conc_B_hi95": 1883.3, "conc_B_status": "research_estimate", "conc_B_status_ru": "исследовательская оценка", "conc_B_reasons": "месяц 5 вне месяцев обучения [6]", "conc_B_model": "conc-B-c6bce5631d2b"}}, {"type": "Feature", "geometry": {"type": "Polygon", "coordinates": [[[40.9876145223284, 41.67435711146557], [40.987488917500826, 41.67417915353364], [40.987608981426774, 41.674177076470066], [40.987606210994876, 41.67408705896996], [40.987849109240834, 41.674172921966885], [40.98785188001951, 41.67426293945237], [40.987731815951705, 41.67426501677316], [40.987734586575904, 41.67435503426359], [40.9876145223284, 41.67435711146557]]]}, "properties": {"zone_id": "batumi-2024-05-21-189", "aoi": "batumi", "date": "2024-05-21", "scene_id": "S2A_MSIL2A_20240521T080611_R078_T37TFG_20240521T135035", "scene_datetime_utc": "2024-05-21T08:06:11.024000+00:00", "detection_status": "detected", "detection_status_ru": "обнаружено", "lon": 40.98767, "lat": 41.67422, "n_pixels": 1, "zone_area_km2": 0.0005, "cover_m2": 9.0, "p_mean": 0.635, "p_max": 0.635, "cover_m2_km2": 18000.0, "h3": "882c20a22dfffff", "valid_frac_scene": 0.658, "wind_ms": 3.1, "sea": "спокойное", "scene_reliable": true, "field_event_id": "S4:DOORS3:T26", "field_profile": "B", "field_date": "2024-06-14", "field_distance_km": 9.3, "field_date_gap_days": 24, "field_conc_items_km2": 85.69, "conc_A_items_km2": null, "conc_A_lo80": null, "conc_A_hi80": null, "conc_A_lo95": null, "conc_A_hi95": null, "conc_A_status": "unavailable", "conc_A_status_ru": "концентрация недоступна", "conc_A_reasons": "вне бассейна профиля: nw_atlantic_subtropical", "conc_A_model": "conc-A-c6bce5631d2b", "conc_B_items_km2": 233.8, "conc_B_lo80": 49.4, "conc_B_hi80": 787.0, "conc_B_lo95": 30.6, "conc_B_hi95": 1474.2, "conc_B_status": "research_estimate", "conc_B_status_ru": "исследовательская оценка", "conc_B_reasons": "месяц 5 вне месяцев обучения [6]", "conc_B_model": "conc-B-c6bce5631d2b"}}, {"type": "Feature", "geometry": {"type": "Polygon", "coordinates": [[[41.40241060140755, 41.67435714606402], [41.40228387424188, 41.67417967143271], [41.40240390478818, 41.6741771611234], [41.40240055650135, 41.67408716865064], [41.402643965835075, 41.67417214012909], [41.40264731447094, 41.674262132584445], [41.40252728378822, 41.6742646431521], [41.402530632272416, 41.6743546356137], [41.40241060140755, 41.67435714606402]]]}, "properties": {"zone_id": "batumi-2024-05-21-190", "aoi": "batumi", "date": "2024-05-21", "scene_id": "S2A_MSIL2A_20240521T080611_R078_T37TFG_20240521T135035", "scene_datetime_utc": "2024-05-21T08:06:11.024000+00:00", "detection_status": "detected", "detection_status_ru": "обнаружено", "lon": 41.40247, "lat": 41.67422, "n_pixels": 1, "zone_area_km2": 0.0005, "cover_m2": 4.3, "p_mean": 0.525, "p_max": 0.525, "cover_m2_km2": 8600.0, "h3": "882c21d93dfffff", "valid_frac_scene": 0.658, "wind_ms": 3.1, "sea": "спокойное", "scene_reliable": true, "field_event_id": "S4:DOORS3:T21", "field_profile": "B", "field_date": "2024-06-07", "field_distance_km": 15.0, "field_date_gap_days": 17, "field_conc_items_km2": 67.34, "conc_A_items_km2": null, "conc_A_lo80": null, "conc_A_hi80": null, "conc_A_lo95": null, "conc_A_hi95": null, "conc_A_status": "unavailable", "conc_A_status_ru": "концентрация недоступна", "conc_A_reasons": "вне бассейна профиля: nw_atlantic_subtropical", "conc_A_model": "conc-A-c6bce5631d2b", "conc_B_items_km2": 328.7, "conc_B_lo80": 69.8, "conc_B_hi80": 1105.6, "conc_B_lo95": 43.4, "conc_B_hi95": 2070.5, "conc_B_status": "research_estimate", "conc_B_status_ru": "исследовательская оценка", "conc_B_reasons": "месяц 5 вне месяцев обучения [6]", "conc_B_model": "conc-B-c6bce5631d2b"}}, {"type": "Feature", "geometry": {"type": "Polygon", "coordinates": [[[41.385832895213916, 41.674342412878545], [41.38570621280708, 41.6741649187515], [41.38582624478101, 41.674162425755604], [41.38582291958725, 41.674072432191686], [41.38606630868348, 41.67415743938812], [41.386069634226175, 41.67424743293474], [41.3859496021156, 41.674249926188935], [41.38595292750653, 41.674339919741755], [41.385832895213916, 41.674342412878545]]]}, "properties": {"zone_id": "batumi-2024-05-21-191", "aoi": "batumi", "date": "2024-05-21", "scene_id": "S2A_MSIL2A_20240521T080611_R078_T37TFG_20240521T135035", "scene_datetime_utc": "2024-05-21T08:06:11.024000+00:00", "detection_status": "detected", "detection_status_ru": "обнаружено", "lon": 41.38589, "lat": 41.67421, "n_pixels": 1, "zone_area_km2": 0.0005, "cover_m2": 5.9, "p_mean": 0.553, "p_max": 0.553, "cover_m2_km2": 11800.0, "h3": "882c21d905fffff", "valid_frac_scene": 0.658, "wind_ms": 3.1, "sea": "спокойное", "scene_reliable": true, "field_event_id": "S4:DOORS3:T19", "field_profile": "B", "field_date": "2024-06-05", "field_distance_km": 16.0, "field_date_gap_days": 15, "field_conc_items_km2": 544.69, "conc_A_items_km2": null, "conc_A_lo80": null, "conc_A_hi80": null, "conc_A_lo95": null, "conc_A_hi95": null, "conc_A_status": "unavailable", "conc_A_status_ru": "концентрация недоступна", "conc_A_reasons": "вне бассейна профиля: nw_atlantic_subtropical", "conc_A_model": "conc-A-c6bce5631d2b", "conc_B_items_km2": 320.3, "conc_B_lo80": 68.0, "conc_B_hi80": 1077.3, "conc_B_lo95": 42.2, "conc_B_hi95": 2017.6, "conc_B_status": "research_estimate", "conc_B_status_ru": "исследовательская оценка", "conc_B_reasons": "месяц 5 вне месяцев обучения [6]", "conc_B_model": "conc-B-c6bce5631d2b"}}, {"type": "Feature", "geometry": {"type": "Polygon", "coordinates": [[[41.32948089944569, 41.67396793804346], [41.32947765276067, 41.67387794082502], [41.329234333778, 41.67379281173213], [41.329231087456385, 41.67370281449514], [41.32935112345306, 41.673700380501835], [41.32934787697929, 41.67361038327088], [41.32958794859446, 41.67360551492382], [41.32959119540209, 41.673695512139474], [41.32971123135444, 41.67369307777043], [41.32971772534787, 41.67387307218158], [41.32948089944569, 41.67396793804346]]]}, "properties": {"zone_id": "batumi-2024-05-21-192", "aoi": "batumi", "date": "2024-05-21", "scene_id": "S2A_MSIL2A_20240521T080611_R078_T37TFG_20240521T135035", "scene_datetime_utc": "2024-05-21T08:06:11.024000+00:00", "detection_status": "detected", "detection_status_ru": "обнаружено", "lon": 41.32949, "lat": 41.67377, "n_pixels": 3, "zone_area_km2": 0.001, "cover_m2": 22.0, "p_mean": 0.978, "p_max": 0.996, "cover_m2_km2": 22000.0, "h3": "882c20ac99fffff", "valid_frac_scene": 0.658, "wind_ms": 3.1, "sea": "спокойное", "scene_reliable": true, "field_event_id": "S4:DOORS3:T19", "field_profile": "B", "field_date": "2024-06-05", "field_distance_km": 13.1, "field_date_gap_days": 15, "field_conc_items_km2": 544.69, "conc_A_items_km2": null, "conc_A_lo80": null, "conc_A_hi80": null, "conc_A_lo95": null, "conc_A_hi95": null, "conc_A_status": "unavailable", "conc_A_status_ru": "концентрация недоступна", "conc_A_reasons": "вне бассейна профиля: nw_atlantic_subtropical", "conc_A_model": "conc-A-c6bce5631d2b", "conc_B_items_km2": 292.9, "conc_B_lo80": 62.1, "conc_B_hi80": 985.2, "conc_B_lo95": 38.5, "conc_B_hi95": 1845.1, "conc_B_status": "research_estimate", "conc_B_status_ru": "исследовательская оценка", "conc_B_reasons": "месяц 5 вне месяцев обучения [6]", "conc_B_model": "conc-B-c6bce5631d2b"}}, {"type": "Feature", "geometry": {"type": "Polygon", "coordinates": [[[41.32897803161542, 41.67334769308071], [41.328851504762966, 41.67317013213002], [41.328971539802396, 41.67316769855833], [41.32896829391804, 41.6730777012947], [41.32921160983694, 41.67316283103922], [41.32921485606992, 41.67325282828592], [41.32909482089311, 41.67325526211575], [41.32909806697393, 41.67334525936848], [41.32897803161542, 41.67334769308071]]]}, "properties": {"zone_id": "batumi-2024-05-21-193", "aoi": "batumi", "date": "2024-05-21", "scene_id": "S2A_MSIL2A_20240521T080611_R078_T37TFG_20240521T135035", "scene_datetime_utc": "2024-05-21T08:06:11.024000+00:00", "detection_status": "detected", "detection_status_ru": "обнаружено", "lon": 41.32903, "lat": 41.67321, "n_pixels": 1, "zone_area_km2": 0.0005, "cover_m2": 11.0, "p_mean": 0.694, "p_max": 0.694, "cover_m2_km2": 22000.0, "h3": "882c20ac99fffff", "valid_frac_scene": 0.658, "wind_ms": 3.1, "sea": "спокойное", "scene_reliable": true, "field_event_id": "S4:DOORS3:T19", "field_profile": "B", "field_date": "2024-06-05", "field_distance_km": 13.2, "field_date_gap_days": 15, "field_conc_items_km2": 544.69, "conc_A_items_km2": null, "conc_A_lo80": null, "conc_A_hi80": null, "conc_A_lo95": null, "conc_A_hi95": null, "conc_A_status": "unavailable", "conc_A_status_ru": "концентрация недоступна", "conc_A_reasons": "вне бассейна профиля: nw_atlantic_subtropical", "conc_A_model": "conc-A-c6bce5631d2b", "conc_B_items_km2": 292.9, "conc_B_lo80": 62.1, "conc_B_hi80": 985.2, "conc_B_lo95": 38.5, "conc_B_hi95": 1845.1, "conc_B_status": "research_estimate", "conc_B_status_ru": "исследовательская оценка", "conc_B_reasons": "месяц 5 вне месяцев обучения [6]", "conc_B_model": "conc-B-c6bce5631d2b"}}, {"type": "Feature", "geometry": {"type": "Polygon", "coordinates": [[[41.312900376414056, 41.67052032017164], [41.31289715321532, 41.67043032184116], [41.312777121893525, 41.67043273849662], [41.312770675873864, 41.670252741815624], [41.31289070686185, 41.67025032517535], [41.312884260567046, 41.67007032850308], [41.313121098372164, 41.6699754965538], [41.313124321831374, 41.670065494877186], [41.313244352441544, 41.67006307787639], [41.31325079973779, 41.670243074503105], [41.31313076879381, 41.6702454915191], [41.31313721581492, 41.67042548815453], [41.312900376414056, 41.67052032017164]]]}, "properties": {"zone_id": "batumi-2024-05-21-194", "aoi": "batumi", "date": "2024-05-21", "scene_id": "S2A_MSIL2A_20240521T080611_R078_T37TFG_20240521T135035", "scene_datetime_utc": "2024-05-21T08:06:11.024000+00:00", "detection_status": "detected", "detection_status_ru": "обнаружено", "lon": 41.31301, "lat": 41.67025, "n_pixels": 4, "zone_area_km2": 0.0014, "cover_m2": 30.2, "p_mean": 0.7, "p_max": 0.91, "cover_m2_km2": 21571.4, "h3": "882c20acd7fffff", "valid_frac_scene": 0.658, "wind_ms": 3.1, "sea": "спокойное", "scene_reliable": true, "field_event_id": "S4:DOORS3:T19", "field_profile": "B", "field_date": "2024-06-05", "field_distance_km": 12.8, "field_date_gap_days": 15, "field_conc_items_km2": 544.69, "conc_A_items_km2": null, "conc_A_lo80": null, "conc_A_hi80": null, "conc_A_lo95": null, "conc_A_hi95": null, "conc_A_status": "unavailable", "conc_A_status_ru": "концентрация недоступна", "conc_A_reasons": "вне бассейна профиля: nw_atlantic_subtropical", "conc_A_model": "conc-A-c6bce5631d2b", "conc_B_items_km2": 287.2, "conc_B_lo80": 60.9, "conc_B_hi80": 966.2, "conc_B_lo95": 37.8, "conc_B_hi95": 1809.6, "conc_B_status": "research_estimate", "conc_B_status_ru": "исследовательская оценка", "conc_B_reasons": "месяц 5 вне месяцев обучения [6]", "conc_B_model": "conc-B-c6bce5631d2b"}}, {"type": "Feature", "geometry": {"type": "Polygon", "coordinates": [[[41.359801961374174, 41.66875584953833], [41.35967536088937, 41.66857832438711], [41.35979538474985, 41.66857585884438], [41.35979209646013, 41.66848586349496], [41.360035432425924, 41.66857092738327], [41.360038721064356, 41.66866092271556], [41.359918697066924, 41.66866338851647], [41.359921985553434, 41.66875338385488], [41.359801961374174, 41.66875584953833]]]}, "properties": {"zone_id": "batumi-2024-05-21-195", "aoi": "batumi", "date": "2024-05-21", "scene_id": "S2A_MSIL2A_20240521T080611_R078_T37TFG_20240521T135035", "scene_datetime_utc": "2024-05-21T08:06:11.024000+00:00", "detection_status": "detected", "detection_status_ru": "обнаружено", "lon": 41.35986, "lat": 41.66862, "n_pixels": 1, "zone_area_km2": 0.0005, "cover_m2": 4.3, "p_mean": 0.953, "p_max": 0.953, "cover_m2_km2": 8600.0, "h3": "882c21d969fffff", "valid_frac_scene": 0.658, "wind_ms": 3.1, "sea": "спокойное", "scene_reliable": true, "field_event_id": "S4:DOORS3:T19", "field_profile": "B", "field_date": "2024-06-05", "field_distance_km": 15.0, "field_date_gap_days": 15, "field_conc_items_km2": 544.69, "conc_A_items_km2": null, "conc_A_lo80": null, "conc_A_hi80": null, "conc_A_lo95": null, "conc_A_hi95": null, "conc_A_status": "unavailable", "conc_A_status_ru": "концентрация недоступна", "conc_A_reasons": "вне бассейна профиля: nw_atlantic_subtropical", "conc_A_model": "conc-A-c6bce5631d2b", "conc_B_items_km2": 305.5, "conc_B_lo80": 64.8, "conc_B_hi80": 1027.6, "conc_B_lo95": 40.2, "conc_B_hi95": 1924.5, "conc_B_status": "research_estimate", "conc_B_status_ru": "исследовательская оценка", "conc_B_reasons": "месяц 5 вне месяцев обучения [6]", "conc_B_model": "conc-B-c6bce5631d2b"}}, {"type": "Feature", "geometry": {"type": "Polygon", "coordinates": [[[41.67076013365425, 41.66843094929413], [41.67075641235901, 41.66834097544104], [41.670636417605365, 41.66834376565495], [41.6706289753991, 41.668163817926185], [41.67086524281148, 41.66806826355895], [41.670868964222635, 41.66815823740833], [41.670988958609, 41.66815544696172], [41.67099640181552, 41.66833539463789], [41.67076013365425, 41.66843094929413]]]}, "properties": {"zone_id": "batumi-2024-05-21-196", "aoi": "batumi", "date": "2024-05-21", "scene_id": "S2A_MSIL2A_20240521T080611_R078_T37TFG_20240521T135035", "scene_datetime_utc": "2024-05-21T08:06:11.024000+00:00", "detection_status": "detected", "detection_status_ru": "обнаружено", "lon": 41.67081, "lat": 41.66825, "n_pixels": 2, "zone_area_km2": 0.0008, "cover_m2": 18.4, "p_mean": 0.576, "p_max": 0.643, "cover_m2_km2": 23000.0, "h3": "882c21c9b9fffff", "valid_frac_scene": 0.658, "wind_ms": 3.1, "sea": "спокойное", "scene_reliable": true, "field_event_id": "S4:DOORS3:T20", "field_profile": "B", "field_date": "2024-06-07", "field_distance_km": 6.7, "field_date_gap_days": 17, "field_conc_items_km2": 224.92, "conc_A_items_km2": null, "conc_A_lo80": null, "conc_A_hi80": null, "conc_A_lo95": null, "conc_A_hi95": null, "conc_A_status": "unavailable", "conc_A_status_ru": "концентрация недоступна", "conc_A_reasons": "вне бассейна профиля: nw_atlantic_subtropical", "conc_A_model": "conc-A-c6bce5631d2b", "conc_B_items_km2": 662.6, "conc_B_lo80": 141.5, "conc_B_hi80": 2225.9, "conc_B_lo95": 88.3, "conc_B_hi95": 4167.7, "conc_B_status": "research_estimate", "conc_B_status_ru": "исследовательская оценка", "conc_B_reasons": "месяц 5 вне месяцев обучения [6]; log_dist_coast_km = 0.9 вне диапазона обучения [1.7; 5.0]", "conc_B_model": "conc-B-c6bce5631d2b"}}, {"type": "Feature", "geometry": {"type": "Polygon", "coordinates": [[[41.18176110701416, 41.66786205140581], [41.1817580667609, 41.66777204493252], [41.18151495246628, 41.66768659747772], [41.18151191257458, 41.66759659098692], [41.18163194944215, 41.66759431154668], [41.18162890939735, 41.667504305061456], [41.18186898275709, 41.66749974581952], [41.18187202313579, 41.667589752290425], [41.18199205996186, 41.667587472474395], [41.181998141094645, 41.667767485397086], [41.18176110701416, 41.66786205140581]]]}, "properties": {"zone_id": "batumi-2024-05-21-197", "aoi": "batumi", "date": "2024-05-21", "scene_id": "S2A_MSIL2A_20240521T080611_R078_T37TFG_20240521T135035", "scene_datetime_utc": "2024-05-21T08:06:11.024000+00:00", "detection_status": "detected", "detection_status_ru": "обнаружено", "lon": 41.18177, "lat": 41.66767, "n_pixels": 3, "zone_area_km2": 0.001, "cover_m2": 25.9, "p_mean": 0.94, "p_max": 0.961, "cover_m2_km2": 25900.0, "h3": "882c20ae0bfffff", "valid_frac_scene": 0.658, "wind_ms": 3.1, "sea": "спокойное", "scene_reliable": true, "field_event_id": "S4:DOORS3:T19", "field_profile": "B", "field_date": "2024-06-05", "field_distance_km": 13.1, "field_date_gap_days": 15, "field_conc_items_km2": 544.69, "conc_A_items_km2": null, "conc_A_lo80": null, "conc_A_hi80": null, "conc_A_lo95": null, "conc_A_hi95": null, "conc_A_status": "unavailable", "conc_A_status_ru": "концентрация недоступна", "conc_A_reasons": "вне бассейна профиля: nw_atlantic_subtropical", "conc_A_model": "conc-A-c6bce5631d2b", "conc_B_items_km2": 256.4, "conc_B_lo80": 54.3, "conc_B_hi80": 862.6, "conc_B_lo95": 33.6, "conc_B_hi95": 1615.7, "conc_B_status": "research_estimate", "conc_B_status_ru": "исследовательская оценка", "conc_B_reasons": "месяц 5 вне месяцев обучения [6]", "conc_B_model": "conc-B-c6bce5631d2b"}}, {"type": "Feature", "geometry": {"type": "Polygon", "coordinates": [[[41.31263210063965, 41.66638281160865], [41.3125056324472, 41.66620523095542], [41.31262565593978, 41.666202814782025], [41.31262243361184, 41.66611281636629], [41.312865702880956, 41.66619798205958], [41.312868925557304, 41.66628798045851], [41.31274890192717, 41.66629039688994], [41.312752124451315, 41.66638039529485], [41.31263210063965, 41.66638281160865]]]}, "properties": {"zone_id": "batumi-2024-05-21-198", "aoi": "batumi", "date": "2024-05-21", "scene_id": "S2A_MSIL2A_20240521T080611_R078_T37TFG_20240521T135035", "scene_datetime_utc": "2024-05-21T08:06:11.024000+00:00", "detection_status": "detected", "detection_status_ru": "обнаружено", "lon": 41.31269, "lat": 41.66625, "n_pixels": 1, "zone_area_km2": 0.0005, "cover_m2": 15.3, "p_mean": 0.8, "p_max": 0.8, "cover_m2_km2": 30600.0, "h3": "882c20acd5fffff", "valid_frac_scene": 0.658, "wind_ms": 3.1, "sea": "спокойное", "scene_reliable": true, "field_event_id": "S4:DOORS3:T19", "field_profile": "B", "field_date": "2024-06-05", "field_distance_km": 13.2, "field_date_gap_days": 15, "field_conc_items_km2": 544.69, "conc_A_items_km2": null, "conc_A_lo80": null, "conc_A_hi80": null, "conc_A_lo95": null, "conc_A_hi95": null, "conc_A_status": "unavailable", "conc_A_status_ru": "концентрация недоступна", "conc_A_reasons": "вне бассейна профиля: nw_atlantic_subtropical", "conc_A_model": "conc-A-c6bce5631d2b", "conc_B_items_km2": 287.2, "conc_B_lo80": 60.9, "conc_B_hi80": 966.2, "conc_B_lo95": 37.8, "conc_B_hi95": 1809.6, "conc_B_status": "research_estimate", "conc_B_status_ru": "исследовательская оценка", "conc_B_reasons": "месяц 5 вне месяцев обучения [6]", "conc_B_model": "conc-B-c6bce5631d2b"}}, {"type": "Feature", "geometry": {"type": "Polygon", "coordinates": [[[41.67051735043004, 41.66546460118589], [41.67038992020418, 41.665287443140066], [41.670509909307064, 41.66528465334926], [41.670506188770965, 41.665194679428424], [41.67074988746206, 41.66527907339232], [41.67075360834845, 41.665369047293936], [41.670633619112735, 41.66537183734373], [41.67063733984937, 41.665461811252435], [41.67051735043004, 41.66546460118589]]]}, "properties": {"zone_id": "batumi-2024-05-21-199", "aoi": "batumi", "date": "2024-05-21", "scene_id": "S2A_MSIL2A_20240521T080611_R078_T37TFG_20240521T135035", "scene_datetime_utc": "2024-05-21T08:06:11.024000+00:00", "detection_status": "detected", "detection_status_ru": "обнаружено", "lon": 41.67057, "lat": 41.66533, "n_pixels": 1, "zone_area_km2": 0.0005, "cover_m2": 2.7, "p_mean": 0.988, "p_max": 0.988, "cover_m2_km2": 5400.0, "h3": "882c21c9b9fffff", "valid_frac_scene": 0.658, "wind_ms": 3.1, "sea": "спокойное", "scene_reliable": true, "field_event_id": "S4:DOORS3:T20", "field_profile": "B", "field_date": "2024-06-07", "field_distance_km": 7.0, "field_date_gap_days": 17, "field_conc_items_km2": 224.92, "conc_A_items_km2": null, "conc_A_lo80": null, "conc_A_hi80": null, "conc_A_lo95": null, "conc_A_hi95": null, "conc_A_status": "unavailable", "conc_A_status_ru": "концентрация недоступна", "conc_A_reasons": "вне бассейна профиля: nw_atlantic_subtropical", "conc_A_model": "conc-A-c6bce5631d2b", "conc_B_items_km2": 662.6, "conc_B_lo80": 141.5, "conc_B_hi80": 2225.9, "conc_B_lo95": 88.3, "conc_B_hi95": 4167.7, "conc_B_status": "research_estimate", "conc_B_status_ru": "исследовательская оценка", "conc_B_reasons": "месяц 5 вне месяцев обучения [6]; log_dist_coast_km = 0.9 вне диапазона обучения [1.7; 5.0]", "conc_B_model": "conc-B-c6bce5631d2b"}}, {"type": "Feature", "geometry": {"type": "Polygon", "coordinates": [[[41.366167847977906, 41.66547270002407], [41.36604123717027, 41.66529518208651], [41.36616125438183, 41.66529271005398], [41.36615795760628, 41.66520271506648], [41.366277974636, 41.6652002429165], [41.36627467770862, 41.66511024793516], [41.366518008650424, 41.66519529824098], [41.36652460321754, 41.66537528816774], [41.366404585884155, 41.66537776058364], [41.36640788302338, 41.665467755552335], [41.366167847977906, 41.66547270002407]]]}, "properties": {"zone_id": "batumi-2024-05-21-200", "aoi": "batumi", "date": "2024-05-21", "scene_id": "S2A_MSIL2A_20240521T080611_R078_T37TFG_20240521T135035", "scene_datetime_utc": "2024-05-21T08:06:11.024000+00:00", "detection_status": "detected", "detection_status_ru": "обнаружено", "lon": 41.3663, "lat": 41.6653, "n_pixels": 3, "zone_area_km2": 0.001, "cover_m2": 12.2, "p_mean": 0.771, "p_max": 0.984, "cover_m2_km2": 12200.0, "h3": "882c21d961fffff", "valid_frac_scene": 0.658, "wind_ms": 3.1, "sea": "спокойное", "scene_reliable": true, "field_event_id": "S4:DOORS3:T19", "field_profile": "B", "field_date": "2024-06-05", "field_distance_km": 15.7, "field_date_gap_days": 15, "field_conc_items_km2": 544.69, "conc_A_items_km2": null, "conc_A_lo80": null, "conc_A_hi80": null, "conc_A_lo95": null, "conc_A_hi95": null, "conc_A_status": "unavailable", "conc_A_status_ru": "концентрация недоступна", "conc_A_reasons": "вне бассейна профиля: nw_atlantic_subtropical", "conc_A_model": "conc-A-c6bce5631d2b", "conc_B_items_km2": 312.6, "conc_B_lo80": 66.3, "conc_B_hi80": 1051.4, "conc_B_lo95": 41.2, "conc_B_hi95": 1969.1, "conc_B_status": "research_estimate", "conc_B_status_ru": "исследовательская оценка", "conc_B_reasons": "месяц 5 вне месяцев обучения [6]", "conc_B_model": "conc-B-c6bce5631d2b"}}, {"type": "Feature", "geometry": {"type": "Polygon", "coordinates": [[[41.36472104685334, 41.66532236618109], [41.36459444026359, 41.665144846532705], [41.36471445732141, 41.66514237601811], [41.36471116257794, 41.66505238093419], [41.36495449139208, 41.66513743461332], [41.36495778648423, 41.6652274296801], [41.36483776928955, 41.66522990045285], [41.36484106422985, 41.66531989552577], [41.36472104685334, 41.66532236618109]]]}, "properties": {"zone_id": "batumi-2024-05-21-201", "aoi": "batumi", "date": "2024-05-21", "scene_id": "S2A_MSIL2A_20240521T080611_R078_T37TFG_20240521T135035", "scene_datetime_utc": "2024-05-21T08:06:11.024000+00:00", "detection_status": "detected", "detection_status_ru": "обнаружено", "lon": 41.36478, "lat": 41.66519, "n_pixels": 1, "zone_area_km2": 0.0005, "cover_m2": 4.3, "p_mean": 0.89, "p_max": 0.89, "cover_m2_km2": 8600.0, "h3": "882c21d961fffff", "valid_frac_scene": 0.658, "wind_ms": 3.1, "sea": "спокойное", "scene_reliable": true, "field_event_id": "S4:DOORS3:T19", "field_profile": "B", "field_date": "2024-06-05", "field_distance_km": 15.6, "field_date_gap_days": 15, "field_conc_items_km2": 544.69, "conc_A_items_km2": null, "conc_A_lo80": null, "conc_A_hi80": null, "conc_A_lo95": null, "conc_A_hi95": null, "conc_A_status": "unavailable", "conc_A_status_ru": "концентрация недоступна", "conc_A_reasons": "вне бассейна профиля: nw_atlantic_subtropical", "conc_A_model": "conc-A-c6bce5631d2b", "conc_B_items_km2": 305.5, "conc_B_lo80": 64.8, "conc_B_hi80": 1027.6, "conc_B_lo95": 40.2, "conc_B_hi95": 1924.5, "conc_B_status": "research_estimate", "conc_B_status_ru": "исследовательская оценка", "conc_B_reasons": "месяц 5 вне месяцев обучения [6]", "conc_B_model": "conc-B-c6bce5631d2b"}}, {"type": "Feature", "geometry": {"type": "Polygon", "coordinates": [[[41.34150847641938, 41.66444690996818], [41.34138193430181, 41.66426936300968], [41.34150195173605, 41.664266916774906], [41.34149868941666, 41.664176920175834], [41.341741986560024, 41.66426202392976], [41.34174524922794, 41.664352020511835], [41.341625231656536, 41.66435446700469], [41.34162849417247, 41.66444446359284], [41.34150847641938, 41.66444690996818]]]}, "properties": {"zone_id": "batumi-2024-05-21-202", "aoi": "batumi", "date": "2024-05-21", "scene_id": "S2A_MSIL2A_20240521T080611_R078_T37TFG_20240521T135035", "scene_datetime_utc": "2024-05-21T08:06:11.024000+00:00", "detection_status": "detected", "detection_status_ru": "обнаружено", "lon": 41.34156, "lat": 41.66431, "n_pixels": 1, "zone_area_km2": 0.0005, "cover_m2": 3.9, "p_mean": 0.769, "p_max": 0.769, "cover_m2_km2": 7800.0, "h3": "882c20ac95fffff", "valid_frac_scene": 0.658, "wind_ms": 3.1, "sea": "спокойное", "scene_reliable": true, "field_event_id": "S4:DOORS3:T19", "field_profile": "B", "field_date": "2024-06-05", "field_distance_km": 14.5, "field_date_gap_days": 15, "field_conc_items_km2": 544.69, "conc_A_items_km2": null, "conc_A_lo80": null, "conc_A_hi80": null, "conc_A_lo95": null, "conc_A_hi95": null, "conc_A_status": "unavailable", "conc_A_status_ru": "концентрация недоступна", "conc_A_reasons": "вне бассейна профиля: nw_atlantic_subtropical", "conc_A_model": "conc-A-c6bce5631d2b", "conc_B_items_km2": 298.9, "conc_B_lo80": 63.4, "conc_B_hi80": 1005.6, "conc_B_lo95": 39.4, "conc_B_hi95": 1883.3, "conc_B_status": "research_estimate", "conc_B_status_ru": "исследовательская оценка", "conc_B_reasons": "месяц 5 вне месяцев обучения [6]", "conc_B_model": "conc-B-c6bce5631d2b"}}, {"type": "Feature", "geometry": {"type": "Polygon", "coordinates": [[[41.18603494632264, 41.66282727481904], [41.18590882767324, 41.66264954603843], [41.186028855000785, 41.662647262225875], [41.18602580936064, 41.662557255926885], [41.1862689096143, 41.66264269422504], [41.1862719556021, 41.662732700508066], [41.186151928135374, 41.66273498457828], [41.18615497397014, 41.66282499086688], [41.18603494632264, 41.66282727481904]]]}, "properties": {"zone_id": "batumi-2024-05-21-203", "aoi": "batumi", "date": "2024-05-21", "scene_id": "S2A_MSIL2A_20240521T080611_R078_T37TFG_20240521T135035", "scene_datetime_utc": "2024-05-21T08:06:11.024000+00:00", "detection_status": "detected", "detection_status_ru": "обнаружено", "lon": 41.18609, "lat": 41.66269, "n_pixels": 1, "zone_area_km2": 0.0005, "cover_m2": 5.9, "p_mean": 0.608, "p_max": 0.608, "cover_m2_km2": 11800.0, "h3": "882c20ae01fffff", "valid_frac_scene": 0.658, "wind_ms": 3.1, "sea": "спокойное", "scene_reliable": true, "field_event_id": "S4:DOORS3:T19", "field_profile": "B", "field_date": "2024-06-05", "field_distance_km": 13.5, "field_date_gap_days": 15, "field_conc_items_km2": 544.69, "conc_A_items_km2": null, "conc_A_lo80": null, "conc_A_hi80": null, "conc_A_lo95": null, "conc_A_hi95": null, "conc_A_status": "unavailable", "conc_A_status_ru": "концентрация недоступна", "conc_A_reasons": "вне бассейна профиля: nw_atlantic_subtropical", "conc_A_model": "conc-A-c6bce5631d2b", "conc_B_items_km2": 256.4, "conc_B_lo80": 54.3, "conc_B_hi80": 862.6, "conc_B_lo95": 33.6, "conc_B_hi95": 1615.7, "conc_B_status": "research_estimate", "conc_B_status_ru": "исследовательская оценка", "conc_B_reasons": "месяц 5 вне месяцев обучения [6]", "conc_B_model": "conc-B-c6bce5631d2b"}}, {"type": "Feature", "geometry": {"type": "Polygon", "coordinates": [[[41.33950344350319, 41.66214611973105], [41.33937691159616, 41.66196857023939], [41.33949692493011, 41.66196612620754], [41.33949366566582, 41.66187612944336], [41.33973695155352, 41.66196123776827], [41.339740211166294, 41.662051234515474], [41.339620197695176, 41.66205367880538], [41.33962345715596, 41.662143675558646], [41.33950344350319, 41.66214611973105]]]}, "properties": {"zone_id": "batumi-2024-05-21-204", "aoi": "batumi", "date": "2024-05-21", "scene_id": "S2A_MSIL2A_20240521T080611_R078_T37TFG_20240521T135035", "scene_datetime_utc": "2024-05-21T08:06:11.024000+00:00", "detection_status": "detected", "detection_status_ru": "обнаружено", "lon": 41.33956, "lat": 41.66201, "n_pixels": 1, "zone_area_km2": 0.0005, "cover_m2": 3.5, "p_mean": 0.776, "p_max": 0.776, "cover_m2_km2": 7000.0, "h3": "882c20ac95fffff", "valid_frac_scene": 0.658, "wind_ms": 3.1, "sea": "спокойное", "scene_reliable": true, "field_event_id": "S4:DOORS3:T19", "field_profile": "B", "field_date": "2024-06-05", "field_distance_km": 14.7, "field_date_gap_days": 15, "field_conc_items_km2": 544.69, "conc_A_items_km2": null, "conc_A_lo80": null, "conc_A_hi80": null, "conc_A_lo95": null, "conc_A_hi95": null, "conc_A_status": "unavailable", "conc_A_status_ru": "концентрация недоступна", "conc_A_reasons": "вне бассейна профиля: nw_atlantic_subtropical", "conc_A_model": "conc-A-c6bce5631d2b", "conc_B_items_km2": 298.9, "conc_B_lo80": 63.4, "conc_B_hi80": 1005.6, "conc_B_lo95": 39.4, "conc_B_hi95": 1883.3, "conc_B_status": "research_estimate", "conc_B_status_ru": "исследовательская оценка", "conc_B_reasons": "месяц 5 вне месяцев обучения [6]", "conc_B_model": "conc-B-c6bce5631d2b"}}, {"type": "Feature", "geometry": {"type": "Polygon", "coordinates": [[[41.24340969344557, 41.66181127168214], [41.24340656799251, 41.661721268863296], [41.24328654704245, 41.661723612549544], [41.24328342177047, 41.66163360972174], [41.243403442553664, 41.661631266042846], [41.24340031712904, 41.6615412632208], [41.24364035831902, 41.66153657550209], [41.243643484077374, 41.661626578309416], [41.2437635048179, 41.66162423425487], [41.24376663075734, 41.66171423705322], [41.243646609849954, 41.66171658111512], [41.24364973563676, 41.661806583919244], [41.24340969344557, 41.66181127168214]]]}, "properties": {"zone_id": "batumi-2024-05-21-205", "aoi": "batumi", "date": "2024-05-21", "scene_id": "S2A_MSIL2A_20240521T080611_R078_T37TFG_20240521T135035", "scene_datetime_utc": "2024-05-21T08:06:11.024000+00:00", "detection_status": "detected", "detection_status_ru": "обнаружено", "lon": 41.24353, "lat": 41.66167, "n_pixels": 2, "zone_area_km2": 0.0008, "cover_m2": 17.3, "p_mean": 0.51, "p_max": 0.51, "cover_m2_km2": 21625.0, "h3": "882c20ac5bfffff", "valid_frac_scene": 0.658, "wind_ms": 3.1, "sea": "спокойное", "scene_reliable": true, "field_event_id": "S4:DOORS3:T19", "field_profile": "B", "field_date": "2024-06-05", "field_distance_km": 12.6, "field_date_gap_days": 15, "field_conc_items_km2": 544.69, "conc_A_items_km2": null, "conc_A_lo80": null, "conc_A_hi80": null, "conc_A_lo95": null, "conc_A_hi95": null, "conc_A_status": "unavailable", "conc_A_status_ru": "концентрация недоступна", "conc_A_reasons": "вне бассейна профиля: nw_atlantic_subtropical", "conc_A_model": "conc-A-c6bce5631d2b", "conc_B_items_km2": 268.0, "conc_B_lo80": 56.8, "conc_B_hi80": 901.8, "conc_B_lo95": 35.2, "conc_B_hi95": 1689.1, "conc_B_status": "research_estimate", "conc_B_status_ru": "исследовательская оценка", "conc_B_reasons": "месяц 5 вне месяцев обучения [6]", "conc_B_model": "conc-B-c6bce5631d2b"}}, {"type": "Feature", "geometry": {"type": "Polygon", "coordinates": [[[41.32824804548177, 41.659762953146355], [41.3281215489229, 41.659585390270905], [41.32824155879491, 41.65958295810389], [41.32823831547361, 41.65949296058023], [41.328481578494646, 41.659578093394295], [41.32848482216432, 41.65966809090105], [41.328364812155016, 41.659670523326085], [41.32836805567264, 41.65976052083886], [41.32824804548177, 41.659762953146355]]]}, "properties": {"zone_id": "batumi-2024-05-21-206", "aoi": "batumi", "date": "2024-05-21", "scene_id": "S2A_MSIL2A_20240521T080611_R078_T37TFG_20240521T135035", "scene_datetime_utc": "2024-05-21T08:06:11.024000+00:00", "detection_status": "detected", "detection_status_ru": "обнаружено", "lon": 41.3283, "lat": 41.65963, "n_pixels": 1, "zone_area_km2": 0.0005, "cover_m2": 3.5, "p_mean": 0.502, "p_max": 0.502, "cover_m2_km2": 7000.0, "h3": "882c20ac83fffff", "valid_frac_scene": 0.658, "wind_ms": 3.1, "sea": "спокойное", "scene_reliable": true, "field_event_id": "S4:DOORS3:T19", "field_profile": "B", "field_date": "2024-06-05", "field_distance_km": 14.4, "field_date_gap_days": 15, "field_conc_items_km2": 544.69, "conc_A_items_km2": null, "conc_A_lo80": null, "conc_A_hi80": null, "conc_A_lo95": null, "conc_A_hi95": null, "conc_A_status": "unavailable", "conc_A_status_ru": "концентрация недоступна", "conc_A_reasons": "вне бассейна профиля: nw_atlantic_subtropical", "conc_A_model": "conc-A-c6bce5631d2b", "conc_B_items_km2": 292.9, "conc_B_lo80": 62.1, "conc_B_hi80": 985.2, "conc_B_lo95": 38.5, "conc_B_hi95": 1845.1, "conc_B_status": "research_estimate", "conc_B_status_ru": "исследовательская оценка", "conc_B_reasons": "месяц 5 вне месяцев обучения [6]", "conc_B_model": "conc-B-c6bce5631d2b"}}, {"type": "Feature", "geometry": {"type": "Polygon", "coordinates": [[[41.33461181744993, 41.65972386545572], [41.33448530379611, 41.659546310037165], [41.334605313051746, 41.65954387122767], [41.33460206087484, 41.65945387411121], [41.33484533151862, 41.65953899323311], [41.33484858404393, 41.65962899033262], [41.33472857465109, 41.65963142940015], [41.33473182702439, 41.65972142650572], [41.33461181744993, 41.65972386545572]]]}, "properties": {"zone_id": "batumi-2024-05-21-207", "aoi": "batumi", "date": "2024-05-21", "scene_id": "S2A_MSIL2A_20240521T080611_R078_T37TFG_20240521T135035", "scene_datetime_utc": "2024-05-21T08:06:11.024000+00:00", "detection_status": "detected", "detection_status_ru": "обнаружено", "lon": 41.33467, "lat": 41.65959, "n_pixels": 1, "zone_area_km2": 0.0005, "cover_m2": 3.5, "p_mean": 0.525, "p_max": 0.525, "cover_m2_km2": 7000.0, "h3": "882c20ac95fffff", "valid_frac_scene": 0.658, "wind_ms": 3.1, "sea": "спокойное", "scene_reliable": true, "field_event_id": "S4:DOORS3:T19", "field_profile": "B", "field_date": "2024-06-05", "field_distance_km": 14.7, "field_date_gap_days": 15, "field_conc_items_km2": 544.69, "conc_A_items_km2": null, "conc_A_lo80": null, "conc_A_hi80": null, "conc_A_lo95": null, "conc_A_hi95": null, "conc_A_status": "unavailable", "conc_A_status_ru": "концентрация недоступна", "conc_A_reasons": "вне бассейна профиля: nw_atlantic_subtropical", "conc_A_model": "conc-A-c6bce5631d2b", "conc_B_items_km2": 298.9, "conc_B_lo80": 63.4, "conc_B_hi80": 1005.6, "conc_B_lo95": 39.4, "conc_B_hi95": 1883.3, "conc_B_status": "research_estimate", "conc_B_status_ru": "исследовательская оценка", "conc_B_reasons": "месяц 5 вне месяцев обучения [6]", "conc_B_model": "conc-B-c6bce5631d2b"}}, {"type": "Feature", "geometry": {"type": "Polygon", "coordinates": [[[41.322821685288716, 41.659152294457364], [41.32269520464973, 41.65897472517457], [41.32281521385054, 41.65897229870198], [41.32281197815354, 41.65888230082186], [41.32305523220799, 41.65896744538123], [41.32305846825333, 41.65905744324449], [41.32293845891516, 41.65905986997508], [41.322941694808414, 41.65914986784434], [41.322821685288716, 41.659152294457364]]]}, "properties": {"zone_id": "batumi-2024-05-21-208", "aoi": "batumi", "date": "2024-05-21", "scene_id": "S2A_MSIL2A_20240521T080611_R078_T37TFG_20240521T135035", "scene_datetime_utc": "2024-05-21T08:06:11.024000+00:00", "detection_status": "detected", "detection_status_ru": "обнаружено", "lon": 41.32288, "lat": 41.65902, "n_pixels": 1, "zone_area_km2": 0.0005, "cover_m2": 2.7, "p_mean": 0.957, "p_max": 0.957, "cover_m2_km2": 5400.0, "h3": "882c20ac83fffff", "valid_frac_scene": 0.658, "wind_ms": 3.1, "sea": "спокойное", "scene_reliable": true, "field_event_id": "S4:DOORS3:T19", "field_profile": "B", "field_date": "2024-06-05", "field_distance_km": 14.3, "field_date_gap_days": 15, "field_conc_items_km2": 544.69, "conc_A_items_km2": null, "conc_A_lo80": null, "conc_A_hi80": null, "conc_A_lo95": null, "conc_A_hi95": null, "conc_A_status": "unavailable", "conc_A_status_ru": "концентрация недоступна", "conc_A_reasons": "вне бассейна профиля: nw_atlantic_subtropical", "conc_A_model": "conc-A-c6bce5631d2b", "conc_B_items_km2": 294.5, "conc_B_lo80": 62.5, "conc_B_hi80": 990.8, "conc_B_lo95": 38.8, "conc_B_hi95": 1855.7, "conc_B_status": "research_estimate", "conc_B_status_ru": "исследовательская оценка", "conc_B_reasons": "месяц 5 вне месяцев обучения [6]", "conc_B_model": "conc-B-c6bce5631d2b"}}, {"type": "Feature", "geometry": {"type": "Polygon", "coordinates": [[[41.32280874247127, 41.65879230294012], [41.32268226261728, 41.65861473361388], [41.32280227115086, 41.65861230717178], [41.32279903551276, 41.65852230928517], [41.323042288173866, 41.65860745391204], [41.32304552416032, 41.65869745178176], [41.32292551548937, 41.65869987848185], [41.32292875132374, 41.65878987635759], [41.32280874247127, 41.65879230294012]]]}, "properties": {"zone_id": "batumi-2024-05-21-209", "aoi": "batumi", "date": "2024-05-21", "scene_id": "S2A_MSIL2A_20240521T080611_R078_T37TFG_20240521T135035", "scene_datetime_utc": "2024-05-21T08:06:11.024000+00:00", "detection_status": "detected", "detection_status_ru": "обнаружено", "lon": 41.32286, "lat": 41.65866, "n_pixels": 1, "zone_area_km2": 0.0005, "cover_m2": 3.5, "p_mean": 0.506, "p_max": 0.506, "cover_m2_km2": 7000.0, "h3": "882c20ac83fffff", "valid_frac_scene": 0.658, "wind_ms": 3.1, "sea": "спокойное", "scene_reliable": true, "field_event_id": "S4:DOORS3:T19", "field_profile": "B", "field_date": "2024-06-05", "field_distance_km": 14.3, "field_date_gap_days": 15, "field_conc_items_km2": 544.69, "conc_A_items_km2": null, "conc_A_lo80": null, "conc_A_hi80": null, "conc_A_lo95": null, "conc_A_hi95": null, "conc_A_status": "unavailable", "conc_A_status_ru": "концентрация недоступна", "conc_A_reasons": "вне бассейна профиля: nw_atlantic_subtropical", "conc_A_model": "conc-A-c6bce5631d2b", "conc_B_items_km2": 294.5, "conc_B_lo80": 62.5, "conc_B_hi80": 990.8, "conc_B_lo95": 38.8, "conc_B_hi95": 1855.7, "conc_B_status": "research_estimate", "conc_B_status_ru": "исследовательская оценка", "conc_B_reasons": "месяц 5 вне месяцев обучения [6]", "conc_B_model": "conc-B-c6bce5631d2b"}}, {"type": "Feature", "geometry": {"type": "Polygon", "coordinates": [[[41.332286147550036, 41.65851021995076], [41.33215964270306, 41.65833266171008], [41.332279649904464, 41.65833022538626], [41.332276401103854, 41.658240228101576], [41.33251966426292, 41.6583253523631], [41.332522913411914, 41.65841534963085], [41.33240290607328, 41.65841778621268], [41.332406155070245, 41.658507783486456], [41.332286147550036, 41.65851021995076]]]}, "properties": {"zone_id": "batumi-2024-05-21-210", "aoi": "batumi", "date": "2024-05-21", "scene_id": "S2A_MSIL2A_20240521T080611_R078_T37TFG_20240521T135035", "scene_datetime_utc": "2024-05-21T08:06:11.024000+00:00", "detection_status": "detected", "detection_status_ru": "обнаружено", "lon": 41.33234, "lat": 41.65837, "n_pixels": 1, "zone_area_km2": 0.0005, "cover_m2": 2.4, "p_mean": 0.553, "p_max": 0.553, "cover_m2_km2": 4800.0, "h3": "882c20ac83fffff", "valid_frac_scene": 0.658, "wind_ms": 3.1, "sea": "спокойное", "scene_reliable": true, "field_event_id": "S4:DOORS3:T19", "field_profile": "B", "field_date": "2024-06-05", "field_distance_km": 14.7, "field_date_gap_days": 15, "field_conc_items_km2": 544.69, "conc_A_items_km2": null, "conc_A_lo80": null, "conc_A_hi80": null, "conc_A_lo95": null, "conc_A_hi95": null, "conc_A_status": "unavailable", "conc_A_status_ru": "концентрация недоступна", "conc_A_reasons": "вне бассейна профиля: nw_atlantic_subtropical", "conc_A_model": "conc-A-c6bce5631d2b", "conc_B_items_km2": 300.9, "conc_B_lo80": 63.8, "conc_B_hi80": 1012.1, "conc_B_lo95": 39.6, "conc_B_hi95": 1895.4, "conc_B_status": "research_estimate", "conc_B_status_ru": "исследовательская оценка", "conc_B_reasons": "месяц 5 вне месяцев обучения [6]", "conc_B_model": "conc-B-c6bce5631d2b"}}, {"type": "Feature", "geometry": {"type": "Polygon", "coordinates": [[[41.32674958001359, 41.658172173805895], [41.32662309081456, 41.65799460904905], [41.32674309786111, 41.65799217852174], [41.32673985680699, 41.65790218087723], [41.32698311190998, 41.65798731709157], [41.32698635331245, 41.658077314719186], [41.32686634612859, 41.658079745504494], [41.326869587379, 41.65816974313813], [41.32674958001359, 41.658172173805895]]]}, "properties": {"zone_id": "batumi-2024-05-21-211", "aoi": "batumi", "date": "2024-05-21", "scene_id": "S2A_MSIL2A_20240521T080611_R078_T37TFG_20240521T135035", "scene_datetime_utc": "2024-05-21T08:06:11.024000+00:00", "detection_status": "detected", "detection_status_ru": "обнаружено", "lon": 41.3268, "lat": 41.65804, "n_pixels": 1, "zone_area_km2": 0.0005, "cover_m2": 3.1, "p_mean": 0.965, "p_max": 0.965, "cover_m2_km2": 6200.0, "h3": "882c20ac83fffff", "valid_frac_scene": 0.658, "wind_ms": 3.1, "sea": "спокойное", "scene_reliable": true, "field_event_id": "S4:DOORS3:T19", "field_profile": "B", "field_date": "2024-06-05", "field_distance_km": 14.5, "field_date_gap_days": 15, "field_conc_items_km2": 544.69, "conc_A_items_km2": null, "conc_A_lo80": null, "conc_A_hi80": null, "conc_A_lo95": null, "conc_A_hi95": null, "conc_A_status": "unavailable", "conc_A_status_ru": "концентрация недоступна", "conc_A_reasons": "вне бассейна профиля: nw_atlantic_subtropical", "conc_A_model": "conc-A-c6bce5631d2b", "conc_B_items_km2": 294.5, "conc_B_lo80": 62.5, "conc_B_hi80": 990.8, "conc_B_lo95": 38.8, "conc_B_hi95": 1855.7, "conc_B_status": "research_estimate", "conc_B_status_ru": "исследовательская оценка", "conc_B_reasons": "месяц 5 вне месяцев обучения [6]", "conc_B_model": "conc-B-c6bce5631d2b"}}, {"type": "Feature", "geometry": {"type": "Polygon", "coordinates": [[[41.33224391391074, 41.657340255165565], [41.33211741161639, 41.65716269678321], [41.332237416649484, 41.657160260558925], [41.33223416804103, 41.65707026325315], [41.33247742667134, 41.65715538773479], [41.33248067562815, 41.657245385023614], [41.33236067045783, 41.65724782150592], [41.332363919262626, 41.657337818800784], [41.33224391391074, 41.657340255165565]]]}, "properties": {"zone_id": "batumi-2024-05-21-212", "aoi": "batumi", "date": "2024-05-21", "scene_id": "S2A_MSIL2A_20240521T080611_R078_T37TFG_20240521T135035", "scene_datetime_utc": "2024-05-21T08:06:11.024000+00:00", "detection_status": "detected", "detection_status_ru": "обнаружено", "lon": 41.3323, "lat": 41.6572, "n_pixels": 1, "zone_area_km2": 0.0005, "cover_m2": 2.0, "p_mean": 0.686, "p_max": 0.686, "cover_m2_km2": 4000.0, "h3": "882c20ac83fffff", "valid_frac_scene": 0.658, "wind_ms": 3.1, "sea": "спокойное", "scene_reliable": true, "field_event_id": "S4:DOORS3:T19", "field_profile": "B", "field_date": "2024-06-05", "field_distance_km": 14.8, "field_date_gap_days": 15, "field_conc_items_km2": 544.69, "conc_A_items_km2": null, "conc_A_lo80": null, "conc_A_hi80": null, "conc_A_lo95": null, "conc_A_hi95": null, "conc_A_status": "unavailable", "conc_A_status_ru": "концентрация недоступна", "conc_A_reasons": "вне бассейна профиля: nw_atlantic_subtropical", "conc_A_model": "conc-A-c6bce5631d2b", "conc_B_items_km2": 300.9, "conc_B_lo80": 63.8, "conc_B_hi80": 1012.1, "conc_B_lo95": 39.6, "conc_B_hi95": 1895.4, "conc_B_status": "research_estimate", "conc_B_status_ru": "исследовательская оценка", "conc_B_reasons": "месяц 5 вне месяцев обучения [6]", "conc_B_model": "conc-B-c6bce5631d2b"}}, {"type": "Feature", "geometry": {"type": "Polygon", "coordinates": [[[41.61936985616547, 41.657005911433245], [41.619242581266505, 41.65682869183968], [41.61936255962595, 41.656825955894575], [41.61935891138108, 41.65673597812271], [41.619602516295046, 41.65682048362906], [41.61960616488978, 41.65691046138205], [41.61948618639689, 41.65691319758594], [41.619489834841595, 41.65700317534584], [41.61936985616547, 41.657005911433245]]]}, "properties": {"zone_id": "batumi-2024-05-21-213", "aoi": "batumi", "date": "2024-05-21", "scene_id": "S2A_MSIL2A_20240521T080611_R078_T37TFG_20240521T135035", "scene_datetime_utc": "2024-05-21T08:06:11.024000+00:00", "detection_status": "detected", "detection_status_ru": "обнаружено", "lon": 41.61942, "lat": 41.65687, "n_pixels": 1, "zone_area_km2": 0.0005, "cover_m2": 3.1, "p_mean": 0.871, "p_max": 0.871, "cover_m2_km2": 6200.0, "h3": "882c21c9e9fffff", "valid_frac_scene": 0.658, "wind_ms": 3.1, "sea": "спокойное", "scene_reliable": true, "field_event_id": "S4:DOORS3:T20", "field_profile": "B", "field_date": "2024-06-07", "field_distance_km": 7.5, "field_date_gap_days": 17, "field_conc_items_km2": 224.92, "conc_A_items_km2": null, "conc_A_lo80": null, "conc_A_hi80": null, "conc_A_lo95": null, "conc_A_hi95": null, "conc_A_status": "unavailable", "conc_A_status_ru": "концентрация недоступна", "conc_A_reasons": "вне бассейна профиля: nw_atlantic_subtropical", "conc_A_model": "conc-A-c6bce5631d2b", "conc_B_items_km2": 662.6, "conc_B_lo80": 141.5, "conc_B_hi80": 2225.9, "conc_B_lo95": 88.3, "conc_B_hi95": 4167.7, "conc_B_status": "research_estimate", "conc_B_status_ru": "исследовательская оценка", "conc_B_reasons": "месяц 5 вне месяцев обучения [6]; log_dist_coast_km = 0.9 вне диапазона обучения [1.7; 5.0]", "conc_B_model": "conc-B-c6bce5631d2b"}}, {"type": "Feature", "geometry": {"type": "Polygon", "coordinates": [[[41.31861862110843, 41.6558147945127], [41.31849215876747, 41.65563722004335], [41.31861216213015, 41.65563479811627], [41.31860570321065, 41.65545480171337], [41.31884247945355, 41.655359959325466], [41.31884570922482, 41.65544995751414], [41.31896571220986, 41.65544753522677], [41.31897217213004, 41.655627531584], [41.31873539512671, 41.65572237425543], [41.31873862478998, 41.65581237244523], [41.31861862110843, 41.6558147945127]]]}, "properties": {"zone_id": "batumi-2024-05-21-214", "aoi": "batumi", "date": "2024-05-21", "scene_id": "S2A_MSIL2A_20240521T080611_R078_T37TFG_20240521T135035", "scene_datetime_utc": "2024-05-21T08:06:11.024000+00:00", "detection_status": "detected", "detection_status_ru": "обнаружено", "lon": 41.31875, "lat": 41.65559, "n_pixels": 3, "zone_area_km2": 0.0011, "cover_m2": 22.7, "p_mean": 0.663, "p_max": 0.863, "cover_m2_km2": 20636.4, "h3": "882c20ac81fffff", "valid_frac_scene": 0.658, "wind_ms": 3.1, "sea": "спокойное", "scene_reliable": true, "field_event_id": "S4:DOORS3:T19", "field_profile": "B", "field_date": "2024-06-05", "field_distance_km": 14.5, "field_date_gap_days": 15, "field_conc_items_km2": 544.69, "conc_A_items_km2": null, "conc_A_lo80": null, "conc_A_hi80": null, "conc_A_lo95": null, "conc_A_hi95": null, "conc_A_status": "unavailable", "conc_A_status_ru": "концентрация недоступна", "conc_A_reasons": "вне бассейна профиля: nw_atlantic_subtropical", "conc_A_model": "conc-A-c6bce5631d2b", "conc_B_items_km2": 294.5, "conc_B_lo80": 62.5, "conc_B_hi80": 990.8, "conc_B_lo95": 38.8, "conc_B_hi95": 1855.7, "conc_B_status": "research_estimate", "conc_B_status_ru": "исследовательская оценка", "conc_B_reasons": "месяц 5 вне месяцев обучения [6]", "conc_B_model": "conc-B-c6bce5631d2b"}}, {"type": "Feature", "geometry": {"type": "Polygon", "coordinates": [[[41.29195190212032, 41.65562939595354], [41.29194870976763, 41.65553939606344], [41.29182870432924, 41.65554179014866], [41.29182551215787, 41.65545179024941], [41.291945517429475, 41.65544939617172], [41.291942325105836, 41.65535939627837], [41.292182335271875, 41.655354607762504], [41.2921855279291, 41.65544460764079], [41.29230553315712, 41.65544221318756], [41.29230872599565, 41.65553221305672], [41.29218872060084, 41.655534607517474], [41.292191913287105, 41.655624607392525], [41.29195190212032, 41.65562939595354]]]}, "properties": {"zone_id": "batumi-2024-05-21-215", "aoi": "batumi", "date": "2024-05-21", "scene_id": "S2A_MSIL2A_20240521T080611_R078_T37TFG_20240521T135035", "scene_datetime_utc": "2024-05-21T08:06:11.024000+00:00", "detection_status": "detected", "detection_status_ru": "обнаружено", "lon": 41.29207, "lat": 41.65549, "n_pixels": 2, "zone_area_km2": 0.0008, "cover_m2": 20.8, "p_mean": 0.598, "p_max": 0.616, "cover_m2_km2": 26000.0, "h3": "882c20acc5fffff", "valid_frac_scene": 0.658, "wind_ms": 3.1, "sea": "спокойное", "scene_reliable": true, "field_event_id": "S4:DOORS3:T19", "field_profile": "B", "field_date": "2024-06-05", "field_distance_km": 13.8, "field_date_gap_days": 15, "field_conc_items_km2": 544.69, "conc_A_items_km2": null, "conc_A_lo80": null, "conc_A_hi80": null, "conc_A_lo95": null, "conc_A_hi95": null, "conc_A_status": "unavailable", "conc_A_status_ru": "концентрация недоступна", "conc_A_reasons": "вне бассейна профиля: nw_atlantic_subtropical", "conc_A_model": "conc-A-c6bce5631d2b", "conc_B_items_km2": 283.2, "conc_B_lo80": 60.0, "conc_B_hi80": 952.9, "conc_B_lo95": 37.2, "conc_B_hi95": 1784.6, "conc_B_status": "research_estimate", "conc_B_status_ru": "исследовательская оценка", "conc_B_reasons": "месяц 5 вне месяцев обучения [6]", "conc_B_model": "conc-B-c6bce5631d2b"}}, {"type": "Feature", "geometry": {"type": "Polygon", "coordinates": [[[41.218056144521235, 41.65446799742707], [41.2179299566067, 41.654290305321716], [41.218049965829714, 41.654287988447855], [41.21804687650505, 41.654197983955854], [41.218289984233586, 41.654283354324555], [41.21829307390595, 41.654373358800406], [41.218173064544224, 41.65437567593193], [41.21817615406383, 41.65446568041346], [41.218056144521235, 41.65446799742707]]]}, "properties": {"zone_id": "batumi-2024-05-21-216", "aoi": "batumi", "date": "2024-05-21", "scene_id": "S2A_MSIL2A_20240521T080611_R078_T37TFG_20240521T135035", "scene_datetime_utc": "2024-05-21T08:06:11.024000+00:00", "detection_status": "detected", "detection_status_ru": "обнаружено", "lon": 41.21811, "lat": 41.65433, "n_pixels": 1, "zone_area_km2": 0.0005, "cover_m2": 5.5, "p_mean": 0.639, "p_max": 0.639, "cover_m2_km2": 11000.0, "h3": "882c20ae31fffff", "valid_frac_scene": 0.658, "wind_ms": 3.1, "sea": "спокойное", "scene_reliable": true, "field_event_id": "S4:DOORS3:T19", "field_profile": "B", "field_date": "2024-06-05", "field_distance_km": 13.6, "field_date_gap_days": 15, "field_conc_items_km2": 544.69, "conc_A_items_km2": null, "conc_A_lo80": null, "conc_A_hi80": null, "conc_A_lo95": null, "conc_A_hi95": null, "conc_A_status": "unavailable", "conc_A_status_ru": "концентрация недоступна", "conc_A_reasons": "вне бассейна профиля: nw_atlantic_subtropical", "conc_A_model": "conc-A-c6bce5631d2b", "conc_B_items_km2": 265.4, "conc_B_lo80": 56.2, "conc_B_hi80": 893.2, "conc_B_lo95": 34.8, "conc_B_hi95": 1672.9, "conc_B_status": "research_estimate", "conc_B_status_ru": "исследовательская оценка", "conc_B_reasons": "месяц 5 вне месяцев обучения [6]", "conc_B_model": "conc-B-c6bce5631d2b"}}, {"type": "Feature", "geometry": {"type": "Polygon", "coordinates": [[[41.300553816097214, 41.65437670003263], [41.300427405516, 41.65419910429713], [41.30054740773847, 41.65419670129734], [41.30054420358097, 41.65410670192727], [41.300787412139684, 41.654191894922214], [41.30079061664532, 41.65428189427556], [41.300670614285224, 41.65428429753325], [41.300673818638664, 41.65437429689254], [41.300553816097214, 41.65437670003263]]]}, "properties": {"zone_id": "batumi-2024-05-21-217", "aoi": "batumi", "date": "2024-05-21", "scene_id": "S2A_MSIL2A_20240521T080611_R078_T37TFG_20240521T135035", "scene_datetime_utc": "2024-05-21T08:06:11.024000+00:00", "detection_status": "detected", "detection_status_ru": "обнаружено", "lon": 41.30061, "lat": 41.65424, "n_pixels": 1, "zone_area_km2": 0.0005, "cover_m2": 10.6, "p_mean": 0.647, "p_max": 0.647, "cover_m2_km2": 21200.0, "h3": "882c20acc7fffff", "valid_frac_scene": 0.658, "wind_ms": 3.1, "sea": "спокойное", "scene_reliable": true, "field_event_id": "S4:DOORS3:T19", "field_profile": "B", "field_date": "2024-06-05", "field_distance_km": 14.1, "field_date_gap_days": 15, "field_conc_items_km2": 544.69, "conc_A_items_km2": null, "conc_A_lo80": null, "conc_A_hi80": null, "conc_A_lo95": null, "conc_A_hi95": null, "conc_A_status": "unavailable", "conc_A_status_ru": "концентрация недоступна", "conc_A_reasons": "вне бассейна профиля: nw_atlantic_subtropical", "conc_A_model": "conc-A-c6bce5631d2b", "conc_B_items_km2": 288.7, "conc_B_lo80": 61.2, "conc_B_hi80": 971.1, "conc_B_lo95": 38.0, "conc_B_hi95": 1818.8, "conc_B_status": "research_estimate", "conc_B_status_ru": "исследовательская оценка", "conc_B_reasons": "месяц 5 вне месяцев обучения [6]", "conc_B_model": "conc-B-c6bce5631d2b"}}, {"type": "Feature", "geometry": {"type": "Polygon", "coordinates": [[[41.2797829790708, 41.651098149419916], [41.27977980416356, 41.65100814869403], [41.27965980611585, 41.651010529864585], [41.279656631389805, 41.65092052912962], [41.279776629270756, 41.65091814796655], [41.2797734543924, 41.650828147237455], [41.280013449777435, 41.650823384550804], [41.28001662498931, 41.65091338526494], [41.28013662282692, 41.650911003726385], [41.280139798220006, 41.651001004431414], [41.28001980021563, 41.65100338597746], [41.280022975456404, 41.65109338668837], [41.2797829790708, 41.651098149419916]]]}, "properties": {"zone_id": "batumi-2024-05-21-218", "aoi": "batumi", "date": "2024-05-21", "scene_id": "S2A_MSIL2A_20240521T080611_R078_T37TFG_20240521T135035", "scene_datetime_utc": "2024-05-21T08:06:11.024000+00:00", "detection_status": "detected", "detection_status_ru": "обнаружено", "lon": 41.2799, "lat": 41.65096, "n_pixels": 2, "zone_area_km2": 0.0008, "cover_m2": 10.2, "p_mean": 0.727, "p_max": 0.804, "cover_m2_km2": 12750.0, "h3": "882c20ac13fffff", "valid_frac_scene": 0.658, "wind_ms": 3.1, "sea": "спокойное", "scene_reliable": true, "field_event_id": "S4:DOORS3:T19", "field_profile": "B", "field_date": "2024-06-05", "field_distance_km": 14.0, "field_date_gap_days": 15, "field_conc_items_km2": 544.69, "conc_A_items_km2": null, "conc_A_lo80": null, "conc_A_hi80": null, "conc_A_lo95": null, "conc_A_hi95": null, "conc_A_status": "unavailable", "conc_A_status_ru": "концентрация недоступна", "conc_A_reasons": "вне бассейна профиля: nw_atlantic_subtropical", "conc_A_model": "conc-A-c6bce5631d2b", "conc_B_items_km2": 278.2, "conc_B_lo80": 58.9, "conc_B_hi80": 935.8, "conc_B_lo95": 36.6, "conc_B_hi95": 1752.7, "conc_B_status": "research_estimate", "conc_B_status_ru": "исследовательская оценка", "conc_B_reasons": "месяц 5 вне месяцев обучения [6]", "conc_B_model": "conc-B-c6bce5631d2b"}}, {"type": "Feature", "geometry": {"type": "Polygon", "coordinates": [[[41.3164952987149, 41.65018363330306], [41.316368853831385, 41.65000605590459], [41.316488846923264, 41.650003636459246], [41.316485621049466, 41.64991363803493], [41.316605613959936, 41.64991121847205], [41.316602387934076, 41.6498212200537], [41.31684559973684, 41.64990637897085], [41.31685205249953, 41.65008637577227], [41.316732059284945, 41.650088795600645], [41.316735285521574, 41.65017879400653], [41.3164952987149, 41.65018363330306]]]}, "properties": {"zone_id": "batumi-2024-05-21-219", "aoi": "batumi", "date": "2024-05-21", "scene_id": "S2A_MSIL2A_20240521T080611_R078_T37TFG_20240521T135035", "scene_datetime_utc": "2024-05-21T08:06:11.024000+00:00", "detection_status": "detected", "detection_status_ru": "обнаружено", "lon": 41.31663, "lat": 41.65002, "n_pixels": 3, "zone_area_km2": 0.001, "cover_m2": 12.2, "p_mean": 0.533, "p_max": 0.569, "cover_m2_km2": 12200.0, "h3": "882c20ac85fffff", "valid_frac_scene": 0.658, "wind_ms": 3.1, "sea": "спокойное", "scene_reliable": true, "field_event_id": "S4:DOORS3:T19", "field_profile": "B", "field_date": "2024-06-05", "field_distance_km": 15.0, "field_date_gap_days": 15, "field_conc_items_km2": 544.69, "conc_A_items_km2": null, "conc_A_lo80": null, "conc_A_hi80": null, "conc_A_lo95": null, "conc_A_hi95": null, "conc_A_status": "unavailable", "conc_A_status_ru": "концентрация недоступна", "conc_A_reasons": "вне бассейна профиля: nw_atlantic_subtropical", "conc_A_model": "conc-A-c6bce5631d2b", "conc_B_items_km2": 294.5, "conc_B_lo80": 62.5, "conc_B_hi80": 990.8, "conc_B_lo95": 38.8, "conc_B_hi95": 1855.7, "conc_B_status": "research_estimate", "conc_B_status_ru": "исследовательская оценка", "conc_B_reasons": "месяц 5 вне месяцев обучения [6]", "conc_B_model": "conc-B-c6bce5631d2b"}}, {"type": "Feature", "geometry": {"type": "Polygon", "coordinates": [[[41.316706249920344, 41.64936880829528], [41.31657980616403, 41.64919123107996], [41.316699797725974, 41.64918881145277], [41.31669657165081, 41.64909881302907], [41.31693978080583, 41.64918397182292], [41.31694300722914, 41.649273970229785], [41.31682301552981, 41.649276390114885], [41.316826241801074, 41.64936638852773], [41.316706249920344, 41.64936880829528]]]}, "properties": {"zone_id": "batumi-2024-05-21-220", "aoi": "batumi", "date": "2024-05-21", "scene_id": "S2A_MSIL2A_20240521T080611_R078_T37TFG_20240521T135035", "scene_datetime_utc": "2024-05-21T08:06:11.024000+00:00", "detection_status": "detected", "detection_status_ru": "обнаружено", "lon": 41.31676, "lat": 41.64923, "n_pixels": 1, "zone_area_km2": 0.0005, "cover_m2": 3.1, "p_mean": 0.784, "p_max": 0.784, "cover_m2_km2": 6200.0, "h3": "882c20ac85fffff", "valid_frac_scene": 0.658, "wind_ms": 3.1, "sea": "спокойное", "scene_reliable": true, "field_event_id": "S4:DOORS3:T19", "field_profile": "B", "field_date": "2024-06-05", "field_distance_km": 15.1, "field_date_gap_days": 15, "field_conc_items_km2": 544.69, "conc_A_items_km2": null, "conc_A_lo80": null, "conc_A_hi80": null, "conc_A_lo95": null, "conc_A_hi95": null, "conc_A_status": "unavailable", "conc_A_status_ru": "концентрация недоступна", "conc_A_reasons": "вне бассейна профиля: nw_atlantic_subtropical", "conc_A_model": "conc-A-c6bce5631d2b", "conc_B_items_km2": 294.5, "conc_B_lo80": 62.5, "conc_B_hi80": 990.8, "conc_B_lo95": 38.8, "conc_B_hi95": 1855.7, "conc_B_status": "research_estimate", "conc_B_status_ru": "исследовательская оценка", "conc_B_reasons": "месяц 5 вне месяцев обучения [6]", "conc_B_model": "conc-B-c6bce5631d2b"}}, {"type": "Feature", "geometry": {"type": "Polygon", "coordinates": [[[41.27858876108609, 41.64787954594554], [41.27846242331918, 41.64770192400886], [41.278582415327215, 41.64769954424146], [41.278579242469426, 41.647609543387006], [41.278822399299976, 41.64769478433124], [41.27882557250567, 41.64778478516914], [41.27870558035977, 41.647787165194295], [41.27870875341316, 41.64787716603805], [41.27858876108609, 41.64787954594554]]]}, "properties": {"zone_id": "batumi-2024-05-21-221", "aoi": "batumi", "date": "2024-05-21", "scene_id": "S2A_MSIL2A_20240521T080611_R078_T37TFG_20240521T135035", "scene_datetime_utc": "2024-05-21T08:06:11.024000+00:00", "detection_status": "detected", "detection_status_ru": "обнаружено", "lon": 41.27864, "lat": 41.64774, "n_pixels": 1, "zone_area_km2": 0.0005, "cover_m2": 8.6, "p_mean": 0.533, "p_max": 0.533, "cover_m2_km2": 17200.0, "h3": "882c20ac13fffff", "valid_frac_scene": 0.658, "wind_ms": 3.1, "sea": "спокойное", "scene_reliable": true, "field_event_id": "S4:DOORS3:T19", "field_profile": "B", "field_date": "2024-06-05", "field_distance_km": 14.4, "field_date_gap_days": 15, "field_conc_items_km2": 544.69, "conc_A_items_km2": null, "conc_A_lo80": null, "conc_A_hi80": null, "conc_A_lo95": null, "conc_A_hi95": null, "conc_A_status": "unavailable", "conc_A_status_ru": "концентрация недоступна", "conc_A_reasons": "вне бассейна профиля: nw_atlantic_subtropical", "conc_A_model": "conc-A-c6bce5631d2b", "conc_B_items_km2": 278.2, "conc_B_lo80": 58.9, "conc_B_hi80": 935.8, "conc_B_lo95": 36.6, "conc_B_hi95": 1752.7, "conc_B_status": "research_estimate", "conc_B_status_ru": "исследовательская оценка", "conc_B_reasons": "месяц 5 вне месяцев обучения [6]", "conc_B_model": "conc-B-c6bce5631d2b"}}, {"type": "Feature", "geometry": {"type": "Polygon", "coordinates": [[[41.313373043064054, 41.64682413391511], [41.313246613600036, 41.64664655259657], [41.31336660072314, 41.64664413656845], [41.31336337957467, 41.64655413789269], [41.31360657492539, 41.64663930413679], [41.31360979642193, 41.646729302795755], [41.31348980916143, 41.646731719081735], [41.31349303050592, 41.64682171774666], [41.313373043064054, 41.64682413391511]]]}, "properties": {"zone_id": "batumi-2024-05-21-222", "aoi": "batumi", "date": "2024-05-21", "scene_id": "S2A_MSIL2A_20240521T080611_R078_T37TFG_20240521T135035", "scene_datetime_utc": "2024-05-21T08:06:11.024000+00:00", "detection_status": "detected", "detection_status_ru": "обнаружено", "lon": 41.31343, "lat": 41.64669, "n_pixels": 1, "zone_area_km2": 0.0005, "cover_m2": 6.3, "p_mean": 0.765, "p_max": 0.765, "cover_m2_km2": 12600.0, "h3": "882c20ac85fffff", "valid_frac_scene": 0.658, "wind_ms": 3.1, "sea": "спокойное", "scene_reliable": true, "field_event_id": "S4:DOORS3:T19", "field_profile": "B", "field_date": "2024-06-05", "field_distance_km": 15.3, "field_date_gap_days": 15, "field_conc_items_km2": 544.69, "conc_A_items_km2": null, "conc_A_lo80": null, "conc_A_hi80": null, "conc_A_lo95": null, "conc_A_hi95": null, "conc_A_status": "unavailable", "conc_A_status_ru": "концентрация недоступна", "conc_A_reasons": "вне бассейна профиля: nw_atlantic_subtropical", "conc_A_model": "conc-A-c6bce5631d2b", "conc_B_items_km2": 288.7, "conc_B_lo80": 61.2, "conc_B_hi80": 971.1, "conc_B_lo95": 38.0, "conc_B_hi95": 1818.8, "conc_B_status": "research_estimate", "conc_B_status_ru": "исследовательская оценка", "conc_B_reasons": "месяц 5 вне месяцев обучения [6]", "conc_B_model": "conc-B-c6bce5631d2b"}}, {"type": "Feature", "geometry": {"type": "Polygon", "coordinates": [[[41.277328586321836, 41.64619332026776], [41.277202255461354, 41.64601569672682], [41.27732224444589, 41.646013318352914], [41.277319073529554, 41.64592331739308], [41.2775622223717, 41.64600856122969], [41.277565393635896, 41.646098562172966], [41.277445404513486, 41.64610094080463], [41.27744857562539, 41.64619094175377], [41.277328586321836, 41.64619332026776]]]}, "properties": {"zone_id": "batumi-2024-05-21-223", "aoi": "batumi", "date": "2024-05-21", "scene_id": "S2A_MSIL2A_20240521T080611_R078_T37TFG_20240521T135035", "scene_datetime_utc": "2024-05-21T08:06:11.024000+00:00", "detection_status": "detected", "detection_status_ru": "обнаружено", "lon": 41.27738, "lat": 41.64606, "n_pixels": 1, "zone_area_km2": 0.0005, "cover_m2": 14.5, "p_mean": 0.541, "p_max": 0.541, "cover_m2_km2": 29000.0, "h3": "882c20ac13fffff", "valid_frac_scene": 0.658, "wind_ms": 3.1, "sea": "спокойное", "scene_reliable": true, "field_event_id": "S4:DOORS3:T19", "field_profile": "B", "field_date": "2024-06-05", "field_distance_km": 14.5, "field_date_gap_days": 15, "field_conc_items_km2": 544.69, "conc_A_items_km2": null, "conc_A_lo80": null, "conc_A_hi80": null, "conc_A_lo95": null, "conc_A_hi95": null, "conc_A_status": "unavailable", "conc_A_status_ru": "концентрация недоступна", "conc_A_reasons": "вне бассейна профиля: nw_atlantic_subtropical", "conc_A_model": "conc-A-c6bce5631d2b", "conc_B_items_km2": 278.2, "conc_B_lo80": 58.9, "conc_B_hi80": 935.8, "conc_B_lo95": 36.6, "conc_B_hi95": 1752.7, "conc_B_status": "research_estimate", "conc_B_status_ru": "исследовательская оценка", "conc_B_reasons": "месяц 5 вне месяцев обучения [6]", "conc_B_model": "conc-B-c6bce5631d2b"}}, {"type": "Feature", "geometry": {"type": "Polygon", "coordinates": [[[41.277805371837424, 41.64609380453423], [41.27780220023978, 41.6460038036059], [41.27768221131296, 41.64600618248037], [41.277675868494406, 41.64582618060392], [41.2777958570878, 41.64582380174439], [41.27779268553345, 41.64573380081123], [41.2781526507269, 41.64572666350427], [41.2781558227814, 41.64581666441501], [41.27827581131707, 41.645814285054925], [41.27827898355272, 41.645904285956576], [41.27804217805016, 41.645999045481545], [41.278045349981234, 41.64608904639491], [41.277805371837424, 41.64609380453423]]]}, "properties": {"zone_id": "batumi-2024-05-21-224", "aoi": "batumi", "date": "2024-05-21", "scene_id": "S2A_MSIL2A_20240521T080611_R078_T37TFG_20240521T135035", "scene_datetime_utc": "2024-05-21T08:06:11.024000+00:00", "detection_status": "detected", "detection_status_ru": "обнаружено", "lon": 41.27795, "lat": 41.6459, "n_pixels": 5, "zone_area_km2": 0.0014, "cover_m2": 50.2, "p_mean": 0.755, "p_max": 0.957, "cover_m2_km2": 35857.1, "h3": "882c20ac13fffff", "valid_frac_scene": 0.658, "wind_ms": 3.1, "sea": "спокойное", "scene_reliable": true, "field_event_id": "S4:DOORS3:T19", "field_profile": "B", "field_date": "2024-06-05", "field_distance_km": 14.5, "field_date_gap_days": 15, "field_conc_items_km2": 544.69, "conc_A_items_km2": null, "conc_A_lo80": null, "conc_A_hi80": null, "conc_A_lo95": null, "conc_A_hi95": null, "conc_A_status": "unavailable", "conc_A_status_ru": "концентрация недоступна", "conc_A_reasons": "вне бассейна профиля: nw_atlantic_subtropical", "conc_A_model": "conc-A-c6bce5631d2b", "conc_B_items_km2": 278.2, "conc_B_lo80": 58.9, "conc_B_hi80": 935.8, "conc_B_lo95": 36.6, "conc_B_hi95": 1752.7, "conc_B_status": "research_estimate", "conc_B_status_ru": "исследовательская оценка", "conc_B_reasons": "месяц 5 вне месяцев обучения [6]", "conc_B_model": "conc-B-c6bce5631d2b"}}, {"type": "Feature", "geometry": {"type": "Polygon", "coordinates": [[[41.28065970136539, 41.64531666778974], [41.28053336333334, 41.645139048075194], [41.28065335041322, 41.64513666626472], [41.2806501749588, 41.645046665499784], [41.280893324529636, 41.645131902268375], [41.28089650033192, 41.64522190301671], [41.28077651311422, 41.64522428508495], [41.28077968876424, 41.64531428583916], [41.28065970136539, 41.64531666778974]]]}, "properties": {"zone_id": "batumi-2024-05-21-225", "aoi": "batumi", "date": "2024-05-21", "scene_id": "S2A_MSIL2A_20240521T080611_R078_T37TFG_20240521T135035", "scene_datetime_utc": "2024-05-21T08:06:11.024000+00:00", "detection_status": "detected", "detection_status_ru": "обнаружено", "lon": 41.28071, "lat": 41.64518, "n_pixels": 1, "zone_area_km2": 0.0005, "cover_m2": 4.3, "p_mean": 0.725, "p_max": 0.725, "cover_m2_km2": 8600.0, "h3": "882c20ac13fffff", "valid_frac_scene": 0.658, "wind_ms": 3.1, "sea": "спокойное", "scene_reliable": true, "field_event_id": "S4:DOORS3:T19", "field_profile": "B", "field_date": "2024-06-05", "field_distance_km": 14.7, "field_date_gap_days": 15, "field_conc_items_km2": 544.69, "conc_A_items_km2": null, "conc_A_lo80": null, "conc_A_hi80": null, "conc_A_lo95": null, "conc_A_hi95": null, "conc_A_status": "unavailable", "conc_A_status_ru": "концентрация недоступна", "conc_A_reasons": "вне бассейна профиля: nw_atlantic_subtropical", "conc_A_model": "conc-A-c6bce5631d2b", "conc_B_items_km2": 278.2, "conc_B_lo80": 58.9, "conc_B_hi80": 935.8, "conc_B_lo95": 36.6, "conc_B_hi95": 1752.7, "conc_B_status": "research_estimate", "conc_B_status_ru": "исследовательская оценка", "conc_B_reasons": "месяц 5 вне месяцев обучения [6]", "conc_B_model": "conc-B-c6bce5631d2b"}}, {"type": "Feature", "geometry": {"type": "Polygon", "coordinates": [[[41.28687355411884, 41.644472637408064], [41.28687037008252, 41.64438263702318], [41.286750384921824, 41.644385025288145], [41.28674401722604, 41.64420502449855], [41.28698080270657, 41.644110247491284], [41.28698398686613, 41.644200247873506], [41.28710397166445, 41.64419785937329], [41.28711034036044, 41.64437786011787], [41.28687355411884, 41.644472637408064]]]}, "properties": {"zone_id": "batumi-2024-05-21-226", "aoi": "batumi", "date": "2024-05-21", "scene_id": "S2A_MSIL2A_20240521T080611_R078_T37TFG_20240521T135035", "scene_datetime_utc": "2024-05-21T08:06:11.024000+00:00", "detection_status": "detected", "detection_status_ru": "обнаружено", "lon": 41.28693, "lat": 41.64429, "n_pixels": 2, "zone_area_km2": 0.0008, "cover_m2": 18.4, "p_mean": 0.686, "p_max": 0.761, "cover_m2_km2": 23000.0, "h3": "882c20ace9fffff", "valid_frac_scene": 0.658, "wind_ms": 3.1, "sea": "спокойное", "scene_reliable": true, "field_event_id": "S4:DOORS3:T19", "field_profile": "B", "field_date": "2024-06-05", "field_distance_km": 14.9, "field_date_gap_days": 15, "field_conc_items_km2": 544.69, "conc_A_items_km2": null, "conc_A_lo80": null, "conc_A_hi80": null, "conc_A_lo95": null, "conc_A_hi95": null, "conc_A_status": "unavailable", "conc_A_status_ru": "концентрация недоступна", "conc_A_reasons": "вне бассейна профиля: nw_atlantic_subtropical", "conc_A_model": "conc-A-c6bce5631d2b", "conc_B_items_km2": 283.2, "conc_B_lo80": 60.0, "conc_B_hi80": 952.9, "conc_B_lo95": 37.2, "conc_B_hi95": 1784.6, "conc_B_status": "research_estimate", "conc_B_status_ru": "исследовательская оценка", "conc_B_reasons": "месяц 5 вне месяцев обучения [6]", "conc_B_model": "conc-B-c6bce5631d2b"}}, {"type": "Feature", "geometry": {"type": "Polygon", "coordinates": [[[41.2729235133792, 41.64384882977491], [41.27279719928256, 41.64367120090285], [41.27291718428473, 41.64366882723544], [41.2729140197591, 41.64357882596332], [41.27315715424589, 41.64366407952525], [41.27316031911933, 41.64375408078086], [41.273040333979246, 41.643756454705986], [41.27304349870038, 41.64384645596745], [41.2729235133792, 41.64384882977491]]]}, "properties": {"zone_id": "batumi-2024-05-21-227", "aoi": "batumi", "date": "2024-05-21", "scene_id": "S2A_MSIL2A_20240521T080611_R078_T37TFG_20240521T135035", "scene_datetime_utc": "2024-05-21T08:06:11.024000+00:00", "detection_status": "detected", "detection_status_ru": "обнаружено", "lon": 41.27298, "lat": 41.64371, "n_pixels": 1, "zone_area_km2": 0.0005, "cover_m2": 7.8, "p_mean": 0.533, "p_max": 0.533, "cover_m2_km2": 15600.0, "h3": "882c20ac11fffff", "valid_frac_scene": 0.658, "wind_ms": 3.1, "sea": "спокойное", "scene_reliable": true, "field_event_id": "S4:DOORS3:T19", "field_profile": "B", "field_date": "2024-06-05", "field_distance_km": 14.7, "field_date_gap_days": 15, "field_conc_items_km2": 544.69, "conc_A_items_km2": null, "conc_A_lo80": null, "conc_A_hi80": null, "conc_A_lo95": null, "conc_A_hi95": null, "conc_A_status": "unavailable", "conc_A_status_ru": "концентрация недоступна", "conc_A_reasons": "вне бассейна профиля: nw_atlantic_subtropical", "conc_A_model": "conc-A-c6bce5631d2b", "conc_B_items_km2": 278.2, "conc_B_lo80": 58.9, "conc_B_hi80": 935.8, "conc_B_lo95": 36.6, "conc_B_hi95": 1752.7, "conc_B_status": "research_estimate", "conc_B_status_ru": "исследовательская оценка", "conc_B_reasons": "месяц 5 вне месяцев обучения [6]", "conc_B_model": "conc-B-c6bce5631d2b"}}, {"type": "Feature", "geometry": {"type": "Polygon", "coordinates": [[[41.31115948470112, 41.64200525203584], [41.31115626714798, 41.641915253146955], [41.31103628861038, 41.64191766664582], [41.31103307123855, 41.64182766774774], [41.31115304960947, 41.64182525425647], [41.3111498320856, 41.64173525536436], [41.31138978845019, 41.64173042802163], [41.3113930063074, 41.64182042689857], [41.3115129846344, 41.64181801303194], [41.31151620267292, 41.64190801189967], [41.31139622417925, 41.641910425773894], [41.31139944206573, 41.6420004246476], [41.31115948470112, 41.64200525203584]]]}, "properties": {"zone_id": "batumi-2024-05-21-228", "aoi": "batumi", "date": "2024-05-21", "scene_id": "S2A_MSIL2A_20240521T080611_R078_T37TFG_20240521T135035", "scene_datetime_utc": "2024-05-21T08:06:11.024000+00:00", "detection_status": "detected", "detection_status_ru": "обнаружено", "lon": 41.31127, "lat": 41.64187, "n_pixels": 2, "zone_area_km2": 0.0008, "cover_m2": 10.6, "p_mean": 0.863, "p_max": 0.925, "cover_m2_km2": 13250.0, "h3": "882c20ace3fffff", "valid_frac_scene": 0.658, "wind_ms": 3.1, "sea": "спокойное", "scene_reliable": true, "field_event_id": "S4:DOORS3:T19", "field_profile": "B", "field_date": "2024-06-05", "field_distance_km": 15.7, "field_date_gap_days": 15, "field_conc_items_km2": 544.69, "conc_A_items_km2": null, "conc_A_lo80": null, "conc_A_hi80": null, "conc_A_lo95": null, "conc_A_hi95": null, "conc_A_status": "unavailable", "conc_A_status_ru": "концентрация недоступна", "conc_A_reasons": "вне бассейна профиля: nw_atlantic_subtropical", "conc_A_model": "conc-A-c6bce5631d2b", "conc_B_items_km2": 290.6, "conc_B_lo80": 61.6, "conc_B_hi80": 977.7, "conc_B_lo95": 38.2, "conc_B_hi95": 1831.1, "conc_B_status": "research_estimate", "conc_B_status_ru": "исследовательская оценка", "conc_B_reasons": "месяц 5 вне месяцев обучения [6]", "conc_B_model": "conc-B-c6bce5631d2b"}}, {"type": "Feature", "geometry": {"type": "Polygon", "coordinates": [[[41.279222423609916, 41.64201282868488], [41.279219250494634, 41.64192282778121], [41.27897611523747, 41.641837587065254], [41.27897294248443, 41.64174758614341], [41.27909292340312, 41.64174520611879], [41.27908975049783, 41.64165520520282], [41.27932971195855, 41.641650444793164], [41.279332885197206, 41.64174044569418], [41.279452866072596, 41.641738065294206], [41.27945921292658, 41.641918067076446], [41.279222423609916, 41.64201282868488]]]}, "properties": {"zone_id": "batumi-2024-05-21-229", "aoi": "batumi", "date": "2024-05-21", "scene_id": "S2A_MSIL2A_20240521T080611_R078_T37TFG_20240521T135035", "scene_datetime_utc": "2024-05-21T08:06:11.024000+00:00", "detection_status": "detected", "detection_status_ru": "обнаружено", "lon": 41.27924, "lat": 41.64182, "n_pixels": 3, "zone_area_km2": 0.001, "cover_m2": 35.3, "p_mean": 0.625, "p_max": 0.729, "cover_m2_km2": 35300.0, "h3": "882c20ac17fffff", "valid_frac_scene": 0.658, "wind_ms": 3.1, "sea": "спокойное", "scene_reliable": true, "field_event_id": "S4:DOORS3:T19", "field_profile": "B", "field_date": "2024-06-05", "field_distance_km": 15.0, "field_date_gap_days": 15, "field_conc_items_km2": 544.69, "conc_A_items_km2": null, "conc_A_lo80": null, "conc_A_hi80": null, "conc_A_lo95": null, "conc_A_hi95": null, "conc_A_status": "unavailable", "conc_A_status_ru": "концентрация недоступна", "conc_A_reasons": "вне бассейна профиля: nw_atlantic_subtropical", "conc_A_model": "conc-A-c6bce5631d2b", "conc_B_items_km2": 280.2, "conc_B_lo80": 59.4, "conc_B_hi80": 942.7, "conc_B_lo95": 36.8, "conc_B_hi95": 1765.6, "conc_B_status": "research_estimate", "conc_B_status_ru": "исследовательская оценка", "conc_B_reasons": "месяц 5 вне месяцев обучения [6]", "conc_B_model": "conc-B-c6bce5631d2b"}}, {"type": "Feature", "geometry": {"type": "Polygon", "coordinates": [[[41.27837938152812, 41.64193948630654], [41.27825305666915, 41.64176186366357], [41.27837303767444, 41.64175948438969], [41.27836986576924, 41.64166948342884], [41.27861299964173, 41.64175472546655], [41.27861617189472, 41.64184472641083], [41.27849619075161, 41.64184710594244], [41.27849936285235, 41.64193710689257], [41.27837938152812, 41.64193948630654]]]}, "properties": {"zone_id": "batumi-2024-05-21-230", "aoi": "batumi", "date": "2024-05-21", "scene_id": "S2A_MSIL2A_20240521T080611_R078_T37TFG_20240521T135035", "scene_datetime_utc": "2024-05-21T08:06:11.024000+00:00", "detection_status": "detected", "detection_status_ru": "обнаружено", "lon": 41.27843, "lat": 41.6418, "n_pixels": 1, "zone_area_km2": 0.0005, "cover_m2": 10.2, "p_mean": 0.537, "p_max": 0.537, "cover_m2_km2": 20400.0, "h3": "882c20ac17fffff", "valid_frac_scene": 0.658, "wind_ms": 3.1, "sea": "спокойное", "scene_reliable": true, "field_event_id": "S4:DOORS3:T19", "field_profile": "B", "field_date": "2024-06-05", "field_distance_km": 15.0, "field_date_gap_days": 15, "field_conc_items_km2": 544.69, "conc_A_items_km2": null, "conc_A_lo80": null, "conc_A_hi80": null, "conc_A_lo95": null, "conc_A_hi95": null, "conc_A_status": "unavailable", "conc_A_status_ru": "концентрация недоступна", "conc_A_reasons": "вне бассейна профиля: nw_atlantic_subtropical", "conc_A_model": "conc-A-c6bce5631d2b", "conc_B_items_km2": 280.2, "conc_B_lo80": 59.4, "conc_B_hi80": 942.7, "conc_B_lo95": 36.8, "conc_B_hi95": 1765.6, "conc_B_status": "research_estimate", "conc_B_status_ru": "исследовательская оценка", "conc_B_reasons": "месяц 5 вне месяцев обучения [6]", "conc_B_model": "conc-B-c6bce5631d2b"}}, {"type": "Feature", "geometry": {"type": "Polygon", "coordinates": [[[41.29170679163819, 41.64194460785753], [41.29170360115909, 41.6418546077371], [41.29158362109353, 41.64185700092935], [41.29157724051224, 41.64167700066861], [41.29169722024445, 41.64167460749139], [41.291694029808895, 41.64158460736612], [41.291937179665325, 41.641669820761614], [41.29194037044874, 41.641759820870234], [41.292060350304084, 41.64175742731014], [41.29206354126869, 41.64184742740963], [41.291943561246676, 41.64184982097723], [41.291946752059125, 41.64193982108262], [41.29170679163819, 41.64194460785753]]]}, "properties": {"zone_id": "batumi-2024-05-21-231", "aoi": "batumi", "date": "2024-05-21", "scene_id": "S2A_MSIL2A_20240521T080611_R078_T37TFG_20240521T135035", "scene_datetime_utc": "2024-05-21T08:06:11.024000+00:00", "detection_status": "detected", "detection_status_ru": "обнаружено", "lon": 41.2918, "lat": 41.64178, "n_pixels": 3, "zone_area_km2": 0.001, "cover_m2": 22.7, "p_mean": 0.843, "p_max": 0.933, "cover_m2_km2": 22700.0, "h3": "882c20ace9fffff", "valid_frac_scene": 0.658, "wind_ms": 3.1, "sea": "спокойное", "scene_reliable": true, "field_event_id": "S4:DOORS3:T19", "field_profile": "B", "field_date": "2024-06-05", "field_distance_km": 15.2, "field_date_gap_days": 15, "field_conc_items_km2": 544.69, "conc_A_items_km2": null, "conc_A_lo80": null, "conc_A_hi80": null, "conc_A_lo95": null, "conc_A_hi95": null, "conc_A_status": "unavailable", "conc_A_status_ru": "концентрация недоступна", "conc_A_reasons": "вне бассейна профиля: nw_atlantic_subtropical", "conc_A_model": "conc-A-c6bce5631d2b", "conc_B_items_km2": 285.2, "conc_B_lo80": 60.5, "conc_B_hi80": 959.6, "conc_B_lo95": 37.5, "conc_B_hi95": 1797.3, "conc_B_status": "research_estimate", "conc_B_status_ru": "исследовательская оценка", "conc_B_reasons": "месяц 5 вне месяцев обучения [6]", "conc_B_model": "conc-B-c6bce5631d2b"}}, {"type": "Feature", "geometry": {"type": "Polygon", "coordinates": [[[41.08050655055571, 41.641820165858405], [41.08038076083906, 41.64164231295144], [41.0805007574256, 41.641640140228816], [41.080497860880314, 41.64155012741167], [41.08074075055913, 41.64163579440809], [41.08074364745114, 41.641725807210015], [41.08062365072419, 41.64172798018979], [41.080626547462614, 41.64181799299698], [41.08050655055571, 41.641820165858405]]]}, "properties": {"zone_id": "batumi-2024-05-21-232", "aoi": "batumi", "date": "2024-05-21", "scene_id": "S2A_MSIL2A_20240521T080611_R078_T37TFG_20240521T135035", "scene_datetime_utc": "2024-05-21T08:06:11.024000+00:00", "detection_status": "detected", "detection_status_ru": "обнаружено", "lon": 41.08056, "lat": 41.64168, "n_pixels": 1, "zone_area_km2": 0.0005, "cover_m2": 6.3, "p_mean": 0.51, "p_max": 0.51, "cover_m2_km2": 12600.0, "h3": "882c20a1c9fffff", "valid_frac_scene": 0.658, "wind_ms": 3.1, "sea": "спокойное", "scene_reliable": true, "field_event_id": "S4:DOORS3:T26", "field_profile": "B", "field_date": "2024-06-14", "field_distance_km": 13.8, "field_date_gap_days": 24, "field_conc_items_km2": 85.69, "conc_A_items_km2": null, "conc_A_lo80": null, "conc_A_hi80": null, "conc_A_lo95": null, "conc_A_hi95": null, "conc_A_status": "unavailable", "conc_A_status_ru": "концентрация недоступна", "conc_A_reasons": "вне бассейна профиля: nw_atlantic_subtropical", "conc_A_model": "conc-A-c6bce5631d2b", "conc_B_items_km2": 247.5, "conc_B_lo80": 52.4, "conc_B_hi80": 832.9, "conc_B_lo95": 32.4, "conc_B_hi95": 1560.1, "conc_B_status": "research_estimate", "conc_B_status_ru": "исследовательская оценка", "conc_B_reasons": "месяц 5 вне месяцев обучения [6]", "conc_B_model": "conc-B-c6bce5631d2b"}}, {"type": "Feature", "geometry": {"type": "Polygon", "coordinates": [[[41.31006681171121, 41.64166697325159], [41.3099404019007, 41.64148938765772], [41.31006037973666, 41.64148697532279], [41.31005394782063, 41.64130697738753], [41.31029068651259, 41.641212153417754], [41.310293902781986, 41.641302152372646], [41.31041388024072, 41.641299739677535], [41.31042031315675, 41.64147973756731], [41.31018357370461, 41.64157456182036], [41.310186789865874, 41.641664560776384], [41.31006681171121, 41.64166697325159]]]}, "properties": {"zone_id": "batumi-2024-05-21-233", "aoi": "batumi", "date": "2024-05-21", "scene_id": "S2A_MSIL2A_20240521T080611_R078_T37TFG_20240521T135035", "scene_datetime_utc": "2024-05-21T08:06:11.024000+00:00", "detection_status": "detected", "detection_status_ru": "обнаружено", "lon": 41.3102, "lat": 41.64144, "n_pixels": 3, "zone_area_km2": 0.0011, "cover_m2": 29.4, "p_mean": 0.712, "p_max": 0.847, "cover_m2_km2": 26727.3, "h3": "882c20ace3fffff", "valid_frac_scene": 0.658, "wind_ms": 3.1, "sea": "спокойное", "scene_reliable": true, "field_event_id": "S4:DOORS3:T19", "field_profile": "B", "field_date": "2024-06-05", "field_distance_km": 15.7, "field_date_gap_days": 15, "field_conc_items_km2": 544.69, "conc_A_items_km2": null, "conc_A_lo80": null, "conc_A_hi80": null, "conc_A_lo95": null, "conc_A_hi95": null, "conc_A_status": "unavailable", "conc_A_status_ru": "концентрация недоступна", "conc_A_reasons": "вне бассейна профиля: nw_atlantic_subtropical", "conc_A_model": "conc-A-c6bce5631d2b", "conc_B_items_km2": 290.6, "conc_B_lo80": 61.6, "conc_B_hi80": 977.7, "conc_B_lo95": 38.2, "conc_B_hi95": 1831.1, "conc_B_status": "research_estimate", "conc_B_status_ru": "исследовательская оценка", "conc_B_reasons": "месяц 5 вне месяцев обучения [6]", "conc_B_model": "conc-B-c6bce5631d2b"}}, {"type": "Feature", "geometry": {"type": "Polygon", "coordinates": [[[41.3084878116213, 41.64115832964714], [41.30848459788111, 41.64106833057534], [41.30836462068835, 41.64107074124593], [41.308361407129446, 41.64098074216494], [41.30848138415555, 41.64097833150192], [41.3084781704446, 41.64088833242688], [41.30871812411962, 41.64088351074067], [41.30872133816389, 41.64097350980055], [41.30884131514613, 41.6409710987622], [41.30884452937168, 41.64106109781288], [41.308724552222785, 41.641063508858814], [41.3087277662963, 41.64115350791547], [41.3084878116213, 41.64115832964714]]]}, "properties": {"zone_id": "batumi-2024-05-21-234", "aoi": "batumi", "date": "2024-05-21", "scene_id": "S2A_MSIL2A_20240521T080611_R078_T37TFG_20240521T135035", "scene_datetime_utc": "2024-05-21T08:06:11.024000+00:00", "detection_status": "detected", "detection_status_ru": "обнаружено", "lon": 41.3086, "lat": 41.64102, "n_pixels": 2, "zone_area_km2": 0.0008, "cover_m2": 14.1, "p_mean": 0.755, "p_max": 0.824, "cover_m2_km2": 17625.0, "h3": "882c20ace3fffff", "valid_frac_scene": 0.658, "wind_ms": 3.1, "sea": "спокойное", "scene_reliable": true, "field_event_id": "S4:DOORS3:T19", "field_profile": "B", "field_date": "2024-06-05", "field_distance_km": 15.7, "field_date_gap_days": 15, "field_conc_items_km2": 544.69, "conc_A_items_km2": null, "conc_A_lo80": null, "conc_A_hi80": null, "conc_A_lo95": null, "conc_A_hi95": null, "conc_A_status": "unavailable", "conc_A_status_ru": "концентрация недоступна", "conc_A_reasons": "вне бассейна профиля: nw_atlantic_subtropical", "conc_A_model": "conc-A-c6bce5631d2b", "conc_B_items_km2": 290.6, "conc_B_lo80": 61.6, "conc_B_hi80": 977.7, "conc_B_lo95": 38.2, "conc_B_hi95": 1831.1, "conc_B_status": "research_estimate", "conc_B_status_ru": "исследовательская оценка", "conc_B_reasons": "месяц 5 вне месяцев обучения [6]", "conc_B_model": "conc-B-c6bce5631d2b"}}, {"type": "Feature", "geometry": {"type": "Polygon", "coordinates": [[[41.31196714868165, 41.64108836555694], [41.311840734947694, 41.64091078214261], [41.31196071154949, 41.64090836785141], [41.31195749300537, 41.640818368996236], [41.31220066470917, 41.64090353889367], [41.31220388360124, 41.64099353773206], [41.31208390686207, 41.64099595228108], [41.31208712560213, 41.64108595112545], [41.31196714868165, 41.64108836555694]]]}, "properties": {"zone_id": "batumi-2024-05-21-235", "aoi": "batumi", "date": "2024-05-21", "scene_id": "S2A_MSIL2A_20240521T080611_R078_T37TFG_20240521T135035", "scene_datetime_utc": "2024-05-21T08:06:11.024000+00:00", "detection_status": "detected", "detection_status_ru": "обнаружено", "lon": 41.31202, "lat": 41.64095, "n_pixels": 1, "zone_area_km2": 0.0005, "cover_m2": 8.2, "p_mean": 0.733, "p_max": 0.733, "cover_m2_km2": 16400.0, "h3": "882c20ace3fffff", "valid_frac_scene": 0.658, "wind_ms": 3.1, "sea": "спокойное", "scene_reliable": true, "field_event_id": "S4:DOORS3:T19", "field_profile": "B", "field_date": "2024-06-05", "field_distance_km": 15.8, "field_date_gap_days": 15, "field_conc_items_km2": 544.69, "conc_A_items_km2": null, "conc_A_lo80": null, "conc_A_hi80": null, "conc_A_lo95": null, "conc_A_hi95": null, "conc_A_status": "unavailable", "conc_A_status_ru": "концентрация недоступна", "conc_A_reasons": "вне бассейна профиля: nw_atlantic_subtropical", "conc_A_model": "conc-A-c6bce5631d2b", "conc_B_items_km2": 290.6, "conc_B_lo80": 61.6, "conc_B_hi80": 977.7, "conc_B_lo95": 38.2, "conc_B_hi95": 1831.1, "conc_B_status": "research_estimate", "conc_B_status_ru": "исследовательская оценка", "conc_B_reasons": "месяц 5 вне месяцев обучения [6]", "conc_B_model": "conc-B-c6bce5631d2b"}}, {"type": "Feature", "geometry": {"type": "Polygon", "coordinates": [[[41.31314759600707, 41.64052422293143], [41.313144375854954, 41.64043422414565], [41.313024400232905, 41.64043663965], [41.3130211802621, 41.640346640855014], [41.31314115571749, 41.64034422535826], [41.313137935594675, 41.64025422656925], [41.31337788612821, 41.6402493952156], [41.31338110658433, 41.64033939398942], [41.313501081995774, 41.64033697811736], [41.313504302633206, 41.640426976881976], [41.313384327055104, 41.64042939276163], [41.31338754754053, 41.64051939153222], [41.31314759600707, 41.64052422293143]]]}, "properties": {"zone_id": "batumi-2024-05-21-236", "aoi": "batumi", "date": "2024-05-21", "scene_id": "S2A_MSIL2A_20240521T080611_R078_T37TFG_20240521T135035", "scene_datetime_utc": "2024-05-21T08:06:11.024000+00:00", "detection_status": "detected", "detection_status_ru": "обнаружено", "lon": 41.31326, "lat": 41.64039, "n_pixels": 2, "zone_area_km2": 0.0008, "cover_m2": 16.1, "p_mean": 0.698, "p_max": 0.843, "cover_m2_km2": 20125.0, "h3": "882c20aca9fffff", "valid_frac_scene": 0.658, "wind_ms": 3.1, "sea": "спокойное", "scene_reliable": true, "field_event_id": "S4:DOORS3:T19", "field_profile": "B", "field_date": "2024-06-05", "field_distance_km": 15.9, "field_date_gap_days": 15, "field_conc_items_km2": 544.69, "conc_A_items_km2": null, "conc_A_lo80": null, "conc_A_hi80": null, "conc_A_lo95": null, "conc_A_hi95": null, "conc_A_status": "unavailable", "conc_A_status_ru": "концентрация недоступна", "conc_A_reasons": "вне бассейна профиля: nw_atlantic_subtropical", "conc_A_model": "conc-A-c6bce5631d2b", "conc_B_items_km2": 290.6, "conc_B_lo80": 61.6, "conc_B_hi80": 977.7, "conc_B_lo95": 38.2, "conc_B_hi95": 1831.1, "conc_B_status": "research_estimate", "conc_B_status_ru": "исследовательская оценка", "conc_B_reasons": "месяц 5 вне месяцев обучения [6]", "conc_B_model": "conc-B-c6bce5631d2b"}}, {"type": "Feature", "geometry": {"type": "Polygon", "coordinates": [[[41.2773529508318, 41.64006849540951], [41.27722663263035, 41.63989087142132], [41.27734661025087, 41.63988849330536], [41.27734343998205, 41.63979849225086], [41.277586565448644, 41.63988373669806], [41.27758973606523, 41.639973737735986], [41.277469758306886, 41.639976116109665], [41.27747292877123, 41.64006611715347], [41.2773529508318, 41.64006849540951]]]}, "properties": {"zone_id": "batumi-2024-05-21-237", "aoi": "batumi", "date": "2024-05-21", "scene_id": "S2A_MSIL2A_20240521T080611_R078_T37TFG_20240521T135035", "scene_datetime_utc": "2024-05-21T08:06:11.024000+00:00", "detection_status": "detected", "detection_status_ru": "обнаружено", "lon": 41.27741, "lat": 41.63993, "n_pixels": 1, "zone_area_km2": 0.0005, "cover_m2": 3.1, "p_mean": 0.957, "p_max": 0.957, "cover_m2_km2": 6200.0, "h3": "882c20ac17fffff", "valid_frac_scene": 0.658, "wind_ms": 3.1, "sea": "спокойное", "scene_reliable": true, "field_event_id": "S4:DOORS3:T19", "field_profile": "B", "field_date": "2024-06-05", "field_distance_km": 15.2, "field_date_gap_days": 15, "field_conc_items_km2": 544.69, "conc_A_items_km2": null, "conc_A_lo80": null, "conc_A_hi80": null, "conc_A_lo95": null, "conc_A_hi95": null, "conc_A_status": "unavailable", "conc_A_status_ru": "концентрация недоступна", "conc_A_reasons": "вне бассейна профиля: nw_atlantic_subtropical", "conc_A_model": "conc-A-c6bce5631d2b", "conc_B_items_km2": 280.2, "conc_B_lo80": 59.4, "conc_B_hi80": 942.7, "conc_B_lo95": 36.8, "conc_B_hi95": 1765.6, "conc_B_status": "research_estimate", "conc_B_status_ru": "исследовательская оценка", "conc_B_reasons": "месяц 5 вне месяцев обучения [6]", "conc_B_model": "conc-B-c6bce5631d2b"}}, {"type": "Feature", "geometry": {"type": "Polygon", "coordinates": [[[41.288125425548664, 41.63913394822457], [41.287999080213716, 41.638956336758966], [41.28811905519985, 41.63895394744296], [41.28811587004718, 41.63886394704976], [41.28835900512866, 41.63894916843563], [41.28836219062914, 41.63903916881222], [41.28824221550532, 41.63904155838595], [41.288245400853626, 41.63913155876844], [41.288125425548664, 41.63913394822457]]]}, "properties": {"zone_id": "batumi-2024-05-21-238", "aoi": "batumi", "date": "2024-05-21", "scene_id": "S2A_MSIL2A_20240521T080611_R078_T37TFG_20240521T135035", "scene_datetime_utc": "2024-05-21T08:06:11.024000+00:00", "detection_status": "detected", "detection_status_ru": "обнаружено", "lon": 41.28818, "lat": 41.639, "n_pixels": 1, "zone_area_km2": 0.0005, "cover_m2": 5.1, "p_mean": 0.922, "p_max": 0.922, "cover_m2_km2": 10200.0, "h3": "882c20acedfffff", "valid_frac_scene": 0.658, "wind_ms": 3.1, "sea": "спокойное", "scene_reliable": true, "field_event_id": "S4:DOORS3:T19", "field_profile": "B", "field_date": "2024-06-05", "field_distance_km": 15.5, "field_date_gap_days": 15, "field_conc_items_km2": 544.69, "conc_A_items_km2": null, "conc_A_lo80": null, "conc_A_hi80": null, "conc_A_lo95": null, "conc_A_hi95": null, "conc_A_status": "unavailable", "conc_A_status_ru": "концентрация недоступна", "conc_A_reasons": "вне бассейна профиля: nw_atlantic_subtropical", "conc_A_model": "conc-A-c6bce5631d2b", "conc_B_items_km2": 285.2, "conc_B_lo80": 60.5, "conc_B_hi80": 959.6, "conc_B_lo95": 37.5, "conc_B_hi95": 1797.3, "conc_B_status": "research_estimate", "conc_B_status_ru": "исследовательская оценка", "conc_B_reasons": "месяц 5 вне месяцев обучения [6]", "conc_B_model": "conc-B-c6bce5631d2b"}}, {"type": "Feature", "geometry": {"type": "Polygon", "coordinates": [[[41.28618672382534, 41.638632159423295], [41.28618354139707, 41.63854215890354], [41.28606356701245, 41.63854454618032], [41.28605720253264, 41.63836454512096], [41.286293968069295, 41.638269769955215], [41.28629715062079, 41.63835977047231], [41.286417124643144, 41.63835738296033], [41.286423490122864, 41.63853738397467], [41.28618672382534, 41.638632159423295]]]}, "properties": {"zone_id": "batumi-2024-05-21-239", "aoi": "batumi", "date": "2024-05-21", "scene_id": "S2A_MSIL2A_20240521T080611_R078_T37TFG_20240521T135035", "scene_datetime_utc": "2024-05-21T08:06:11.024000+00:00", "detection_status": "detected", "detection_status_ru": "обнаружено", "lon": 41.28624, "lat": 41.63845, "n_pixels": 2, "zone_area_km2": 0.0008, "cover_m2": 5.5, "p_mean": 0.875, "p_max": 0.925, "cover_m2_km2": 6875.0, "h3": "882c20acedfffff", "valid_frac_scene": 0.658, "wind_ms": 3.1, "sea": "спокойное", "scene_reliable": true, "field_event_id": "S4:DOORS3:T19", "field_profile": "B", "field_date": "2024-06-05", "field_distance_km": 15.5, "field_date_gap_days": 15, "field_conc_items_km2": 544.69, "conc_A_items_km2": null, "conc_A_lo80": null, "conc_A_hi80": null, "conc_A_lo95": null, "conc_A_hi95": null, "conc_A_status": "unavailable", "conc_A_status_ru": "концентрация недоступна", "conc_A_reasons": "вне бассейна профиля: nw_atlantic_subtropical", "conc_A_model": "conc-A-c6bce5631d2b", "conc_B_items_km2": 285.2, "conc_B_lo80": 60.5, "conc_B_hi80": 959.6, "conc_B_lo95": 37.5, "conc_B_hi95": 1797.3, "conc_B_status": "research_estimate", "conc_B_status_ru": "исследовательская оценка", "conc_B_reasons": "месяц 5 вне месяцев обучения [6]", "conc_B_model": "conc-B-c6bce5631d2b"}}, {"type": "Feature", "geometry": {"type": "Polygon", "coordinates": [[[41.30921835410031, 41.63808148385152], [41.309091954038074, 41.63790389698356], [41.30921192529574, 41.63790148570241], [41.3092087109154, 41.637811486625424], [41.30945186776721, 41.63789666276479], [41.309455082495454, 41.63798666182502], [41.309335111100395, 41.637989073363954], [41.30933832567663, 41.638079072430116], [41.30921835410031, 41.63808148385152]]]}, "properties": {"zone_id": "batumi-2024-05-21-240", "aoi": "batumi", "date": "2024-05-21", "scene_id": "S2A_MSIL2A_20240521T080611_R078_T37TFG_20240521T135035", "scene_datetime_utc": "2024-05-21T08:06:11.024000+00:00", "detection_status": "detected", "detection_status_ru": "обнаружено", "lon": 41.30927, "lat": 41.63795, "n_pixels": 1, "zone_area_km2": 0.0005, "cover_m2": 5.9, "p_mean": 0.698, "p_max": 0.698, "cover_m2_km2": 11800.0, "h3": "882c20ace7fffff", "valid_frac_scene": 0.658, "wind_ms": 3.1, "sea": "спокойное", "scene_reliable": true, "field_event_id": "S4:DOORS3:T19", "field_profile": "B", "field_date": "2024-06-05", "field_distance_km": 16.0, "field_date_gap_days": 15, "field_conc_items_km2": 544.69, "conc_A_items_km2": null, "conc_A_lo80": null, "conc_A_hi80": null, "conc_A_lo95": null, "conc_A_hi95": null, "conc_A_status": "unavailable", "conc_A_status_ru": "концентрация недоступна", "conc_A_reasons": "вне бассейна профиля: nw_atlantic_subtropical", "conc_A_model": "conc-A-c6bce5631d2b", "conc_B_items_km2": 290.6, "conc_B_lo80": 61.6, "conc_B_hi80": 977.7, "conc_B_lo95": 38.2, "conc_B_hi95": 1831.1, "conc_B_status": "research_estimate", "conc_B_status_ru": "исследовательская оценка", "conc_B_reasons": "месяц 5 вне месяцев обучения [6]", "conc_B_model": "conc-B-c6bce5631d2b"}}, {"type": "Feature", "geometry": {"type": "Polygon", "coordinates": [[[41.295746292789445, 41.637360772213675], [41.295619930574745, 41.6371831695238], [41.29573990163239, 41.637180772336635], [41.29573670607566, 41.63709077239568], [41.29597984370404, 41.63717597758698], [41.29598303960857, 41.637265977511234], [41.29586306841338, 41.63726837495615], [41.29586626416582, 41.63735837488633], [41.295746292789445, 41.637360772213675]]]}, "properties": {"zone_id": "batumi-2024-05-21-241", "aoi": "batumi", "date": "2024-05-21", "scene_id": "S2A_MSIL2A_20240521T080611_R078_T37TFG_20240521T135035", "scene_datetime_utc": "2024-05-21T08:06:11.024000+00:00", "detection_status": "detected", "detection_status_ru": "обнаружено", "lon": 41.2958, "lat": 41.63722, "n_pixels": 1, "zone_area_km2": 0.0005, "cover_m2": 6.7, "p_mean": 0.702, "p_max": 0.702, "cover_m2_km2": 13400.0, "h3": "882c20ace1fffff", "valid_frac_scene": 0.658, "wind_ms": 3.1, "sea": "спокойное", "scene_reliable": true, "field_event_id": "S4:DOORS3:T19", "field_profile": "B", "field_date": "2024-06-05", "field_distance_km": 15.8, "field_date_gap_days": 15, "field_conc_items_km2": 544.69, "conc_A_items_km2": null, "conc_A_lo80": null, "conc_A_hi80": null, "conc_A_lo95": null, "conc_A_hi95": null, "conc_A_status": "unavailable", "conc_A_status_ru": "концентрация недоступна", "conc_A_reasons": "вне бассейна профиля: nw_atlantic_subtropical", "conc_A_model": "conc-A-c6bce5631d2b", "conc_B_items_km2": 285.2, "conc_B_lo80": 60.5, "conc_B_hi80": 959.6, "conc_B_lo95": 37.5, "conc_B_hi95": 1797.3, "conc_B_status": "research_estimate", "conc_B_status_ru": "исследовательская оценка", "conc_B_reasons": "месяц 5 вне месяцев обучения [6]", "conc_B_model": "conc-B-c6bce5631d2b"}}, {"type": "Feature", "geometry": {"type": "Polygon", "coordinates": [[[41.286014893414865, 41.633772129048], [41.285888564916334, 41.63359451469688], [41.28600853013621, 41.63359212783267], [41.28600534851859, 41.63350212722258], [41.28624846053253, 41.63358735372899], [41.286251642497845, 41.63367735432248], [41.28613167714031, 41.633679741444354], [41.28613485895349, 41.63376974204371], [41.286014893414865, 41.633772129048]]]}, "properties": {"zone_id": "batumi-2024-05-21-242", "aoi": "batumi", "date": "2024-05-21", "scene_id": "S2A_MSIL2A_20240521T080611_R078_T37TFG_20240521T135035", "scene_datetime_utc": "2024-05-21T08:06:11.024000+00:00", "detection_status": "detected", "detection_status_ru": "обнаружено", "lon": 41.28607, "lat": 41.63364, "n_pixels": 1, "zone_area_km2": 0.0005, "cover_m2": 2.7, "p_mean": 0.573, "p_max": 0.573, "cover_m2_km2": 5400.0, "h3": "882c20acedfffff", "valid_frac_scene": 0.658, "wind_ms": 3.1, "sea": "спокойное", "scene_reliable": true, "field_event_id": "S4:DOORS3:T19", "field_profile": "B", "field_date": "2024-06-05", "field_distance_km": 16.0, "field_date_gap_days": 15, "field_conc_items_km2": 544.69, "conc_A_items_km2": null, "conc_A_lo80": null, "conc_A_hi80": null, "conc_A_lo95": null, "conc_A_hi95": null, "conc_A_status": "unavailable", "conc_A_status_ru": "концентрация недоступна", "conc_A_reasons": "вне бассейна профиля: nw_atlantic_subtropical", "conc_A_model": "conc-A-c6bce5631d2b", "conc_B_items_km2": 285.2, "conc_B_lo80": 60.5, "conc_B_hi80": 959.6, "conc_B_lo95": 37.5, "conc_B_hi95": 1797.3, "conc_B_status": "research_estimate", "conc_B_status_ru": "исследовательская оценка", "conc_B_reasons": "месяц 5 вне месяцев обучения [6]", "conc_B_model": "conc-B-c6bce5631d2b"}}, {"type": "Feature", "geometry": {"type": "Polygon", "coordinates": [[[41.259704352163354, 41.63321184262671], [41.259701207178324, 41.63312184036725], [41.25958124063974, 41.633124199755414], [41.259574951045835, 41.63294419521685], [41.259811738333504, 41.632849474088225], [41.25981488344223, 41.63293947634509], [41.259934849618965, 41.632937116721585], [41.259941140212575, 41.63311712121565], [41.259704352163354, 41.63321184262671]]]}, "properties": {"zone_id": "batumi-2024-05-21-243", "aoi": "batumi", "date": "2024-05-21", "scene_id": "S2A_MSIL2A_20240521T080611_R078_T37TFG_20240521T135035", "scene_datetime_utc": "2024-05-21T08:06:11.024000+00:00", "detection_status": "detected", "detection_status_ru": "обнаружено", "lon": 41.25976, "lat": 41.63303, "n_pixels": 2, "zone_area_km2": 0.0008, "cover_m2": 23.9, "p_mean": 0.724, "p_max": 0.922, "cover_m2_km2": 29875.0, "h3": "882c20ac03fffff", "valid_frac_scene": 0.658, "wind_ms": 3.1, "sea": "спокойное", "scene_reliable": true, "field_event_id": "S4:DOORS3:T19", "field_profile": "B", "field_date": "2024-06-05", "field_distance_km": 15.8, "field_date_gap_days": 15, "field_conc_items_km2": 544.69, "conc_A_items_km2": null, "conc_A_lo80": null, "conc_A_hi80": null, "conc_A_lo95": null, "conc_A_hi95": null, "conc_A_status": "unavailable", "conc_A_status_ru": "концентрация недоступна", "conc_A_reasons": "вне бассейна профиля: nw_atlantic_subtropical", "conc_A_model": "conc-A-c6bce5631d2b", "conc_B_items_km2": 275.9, "conc_B_lo80": 58.4, "conc_B_hi80": 928.2, "conc_B_lo95": 36.3, "conc_B_hi95": 1738.4, "conc_B_status": "research_estimate", "conc_B_status_ru": "исследовательская оценка", "conc_B_reasons": "месяц 5 вне месяцев обучения [6]", "conc_B_model": "conc-B-c6bce5631d2b"}}, {"type": "Feature", "geometry": {"type": "Polygon", "coordinates": [[[41.26460091233596, 41.63248498598669], [41.26459776061996, 41.632394984020316], [41.26447779583489, 41.632397348485085], [41.264474644299845, 41.63230734650964], [41.2645946089183, 41.6323049820523], [41.264591457230985, 41.63221498008269], [41.264831386091664, 41.63221025080762], [41.264834538112204, 41.63230025276236], [41.264954502687644, 41.63229788792976], [41.26495765488913, 41.63238788987548], [41.26483769014708, 41.6323902547155], [41.2648408421963, 41.63248025666702], [41.26460091233596, 41.63248498598669]]]}, "properties": {"zone_id": "batumi-2024-05-21-244", "aoi": "batumi", "date": "2024-05-21", "scene_id": "S2A_MSIL2A_20240521T080611_R078_T37TFG_20240521T135035", "scene_datetime_utc": "2024-05-21T08:06:11.024000+00:00", "detection_status": "detected", "detection_status_ru": "обнаружено", "lon": 41.26472, "lat": 41.63235, "n_pixels": 2, "zone_area_km2": 0.0008, "cover_m2": 19.6, "p_mean": 0.645, "p_max": 0.714, "cover_m2_km2": 24500.0, "h3": "882c20ac03fffff", "valid_frac_scene": 0.658, "wind_ms": 3.1, "sea": "спокойное", "scene_reliable": true, "field_event_id": "S4:DOORS3:T19", "field_profile": "B", "field_date": "2024-06-05", "field_distance_km": 15.9, "field_date_gap_days": 15, "field_conc_items_km2": 544.69, "conc_A_items_km2": null, "conc_A_lo80": null, "conc_A_hi80": null, "conc_A_lo95": null, "conc_A_hi95": null, "conc_A_status": "unavailable", "conc_A_status_ru": "концентрация недоступна", "conc_A_reasons": "вне бассейна профиля: nw_atlantic_subtropical", "conc_A_model": "conc-A-c6bce5631d2b", "conc_B_items_km2": 275.9, "conc_B_lo80": 58.4, "conc_B_hi80": 928.2, "conc_B_lo95": 36.3, "conc_B_hi95": 1738.4, "conc_B_status": "research_estimate", "conc_B_status_ru": "исследовательская оценка", "conc_B_reasons": "месяц 5 вне месяцев обучения [6]", "conc_B_model": "conc-B-c6bce5631d2b"}}, {"type": "Feature", "geometry": {"type": "Polygon", "coordinates": [[[41.26411790139367, 41.6324044411289], [41.26399163482837, 41.63222680108142], [41.26411159933757, 41.63222443713185], [41.26410844833102, 41.63213443513092], [41.26435152831295, 41.63221970885744], [41.26435467966705, 41.63230971084191], [41.26423471501992, 41.63231207504908], [41.26423786622174, 41.63240207703938], [41.26411790139367, 41.6324044411289]]]}, "properties": {"zone_id": "batumi-2024-05-21-245", "aoi": "batumi", "date": "2024-05-21", "scene_id": "S2A_MSIL2A_20240521T080611_R078_T37TFG_20240521T135035", "scene_datetime_utc": "2024-05-21T08:06:11.024000+00:00", "detection_status": "detected", "detection_status_ru": "обнаружено", "lon": 41.26417, "lat": 41.63227, "n_pixels": 1, "zone_area_km2": 0.0005, "cover_m2": 5.1, "p_mean": 0.592, "p_max": 0.592, "cover_m2_km2": 10200.0, "h3": "882c20ac03fffff", "valid_frac_scene": 0.658, "wind_ms": 3.1, "sea": "спокойное", "scene_reliable": true, "field_event_id": "S4:DOORS3:T19", "field_profile": "B", "field_date": "2024-06-05", "field_distance_km": 15.9, "field_date_gap_days": 15, "field_conc_items_km2": 544.69, "conc_A_items_km2": null, "conc_A_lo80": null, "conc_A_hi80": null, "conc_A_lo95": null, "conc_A_hi95": null, "conc_A_status": "unavailable", "conc_A_status_ru": "концентрация недоступна", "conc_A_reasons": "вне бассейна профиля: nw_atlantic_subtropical", "conc_A_model": "conc-A-c6bce5631d2b", "conc_B_items_km2": 275.9, "conc_B_lo80": 58.4, "conc_B_hi80": 928.2, "conc_B_lo95": 36.3, "conc_B_hi95": 1738.4, "conc_B_status": "research_estimate", "conc_B_status_ru": "исследовательская оценка", "conc_B_reasons": "месяц 5 вне месяцев обучения [6]", "conc_B_model": "conc-B-c6bce5631d2b"}}, {"type": "Feature", "geometry": {"type": "Polygon", "coordinates": [[[41.285720881935625, 41.63224689189023], [41.28571770086831, 41.63215689124095], [41.28559773828517, 41.63215927773499], [41.28559455739892, 41.63206927707659], [41.285714519815464, 41.632066890590046], [41.28571133877709, 41.63197688993754], [41.285951263233564, 41.63197211660421], [41.28595444460513, 41.63206211724172], [41.28607440697826, 41.63205973037994], [41.2860775885309, 41.63214973100834], [41.28595762599117, 41.63215211787762], [41.28596080739169, 41.63224211851191], [41.285720881935625, 41.63224689189023]]]}, "properties": {"zone_id": "batumi-2024-05-21-246", "aoi": "batumi", "date": "2024-05-21", "scene_id": "S2A_MSIL2A_20240521T080611_R078_T37TFG_20240521T135035", "scene_datetime_utc": "2024-05-21T08:06:11.024000+00:00", "detection_status": "detected", "detection_status_ru": "обнаружено", "lon": 41.28584, "lat": 41.63211, "n_pixels": 2, "zone_area_km2": 0.0008, "cover_m2": 5.5, "p_mean": 0.896, "p_max": 0.898, "cover_m2_km2": 6875.0, "h3": "882c20acedfffff", "valid_frac_scene": 0.658, "wind_ms": 3.1, "sea": "спокойное", "scene_reliable": true, "field_event_id": "S4:DOORS3:T19", "field_profile": "B", "field_date": "2024-06-05", "field_distance_km": 16.2, "field_date_gap_days": 15, "field_conc_items_km2": 544.69, "conc_A_items_km2": null, "conc_A_lo80": null, "conc_A_hi80": null, "conc_A_lo95": null, "conc_A_hi95": null, "conc_A_status": "unavailable", "conc_A_status_ru": "концентрация недоступна", "conc_A_reasons": "вне бассейна профиля: nw_atlantic_subtropical", "conc_A_model": "conc-A-c6bce5631d2b", "conc_B_items_km2": 285.2, "conc_B_lo80": 60.5, "conc_B_hi80": 959.6, "conc_B_lo95": 37.5, "conc_B_hi95": 1797.3, "conc_B_status": "research_estimate", "conc_B_status_ru": "исследовательская оценка", "conc_B_reasons": "месяц 5 вне месяцев обучения [6]", "conc_B_model": "conc-B-c6bce5631d2b"}}, {"type": "Feature", "geometry": {"type": "Polygon", "coordinates": [[[41.199147511395594, 41.6316849421337], [41.19902142175897, 41.6315072262571], [41.19914139024624, 41.63150493014301], [41.199138329692445, 41.63141492414528], [41.19938132717899, 41.63150033753954], [41.19938438807997, 41.63159034352125], [41.199264419453925, 41.63159263989275], [41.199267480202195, 41.63168264588009], [41.199147511395594, 41.6316849421337]]]}, "properties": {"zone_id": "batumi-2024-05-21-247", "aoi": "batumi", "date": "2024-05-21", "scene_id": "S2A_MSIL2A_20240521T080611_R078_T37TFG_20240521T135035", "scene_datetime_utc": "2024-05-21T08:06:11.024000+00:00", "detection_status": "detected", "detection_status_ru": "обнаружено", "lon": 41.1992, "lat": 41.63155, "n_pixels": 1, "zone_area_km2": 0.0005, "cover_m2": 12.9, "p_mean": 0.612, "p_max": 0.612, "cover_m2_km2": 25800.0, "h3": "882c20ae25fffff", "valid_frac_scene": 0.658, "wind_ms": 3.1, "sea": "спокойное", "scene_reliable": true, "field_event_id": "S4:DOORS3:T19", "field_profile": "B", "field_date": "2024-06-05", "field_distance_km": 16.4, "field_date_gap_days": 15, "field_conc_items_km2": 544.69, "conc_A_items_km2": null, "conc_A_lo80": null, "conc_A_hi80": null, "conc_A_lo95": null, "conc_A_hi95": null, "conc_A_status": "unavailable", "conc_A_status_ru": "концентрация недоступна", "conc_A_reasons": "вне бассейна профиля: nw_atlantic_subtropical", "conc_A_model": "conc-A-c6bce5631d2b", "conc_B_items_km2": 266.4, "conc_B_lo80": 56.4, "conc_B_hi80": 896.5, "conc_B_lo95": 35.0, "conc_B_hi95": 1679.1, "conc_B_status": "research_estimate", "conc_B_status_ru": "исследовательская оценка", "conc_B_reasons": "месяц 5 вне месяцев обучения [6]", "conc_B_model": "conc-B-c6bce5631d2b"}}, {"type": "Feature", "geometry": {"type": "Polygon", "coordinates": [[[41.20116859893622, 41.63110585355386], [41.201165535605426, 41.63101584767244], [41.20092253777329, 41.630930438059174], [41.20091947480363, 41.630840432160134], [41.201039441901614, 41.63083813409503], [41.20103637877926, 41.6307481282016], [41.20127631260017, 41.63074353171057], [41.20127937605578, 41.63083353758955], [41.20139934311195, 41.63083123914915], [41.201405470398235, 41.63101125088788], [41.20116859893622, 41.63110585355386]]]}, "properties": {"zone_id": "batumi-2024-05-21-248", "aoi": "batumi", "date": "2024-05-21", "scene_id": "S2A_MSIL2A_20240521T080611_R078_T37TFG_20240521T135035", "scene_datetime_utc": "2024-05-21T08:06:11.024000+00:00", "detection_status": "detected", "detection_status_ru": "обнаружено", "lon": 41.20118, "lat": 41.63091, "n_pixels": 3, "zone_area_km2": 0.001, "cover_m2": 24.7, "p_mean": 0.647, "p_max": 0.706, "cover_m2_km2": 24700.0, "h3": "882c20af1bfffff", "valid_frac_scene": 0.658, "wind_ms": 3.1, "sea": "спокойное", "scene_reliable": true, "field_event_id": "S4:DOORS3:T19", "field_profile": "B", "field_date": "2024-06-05", "field_distance_km": 16.5, "field_date_gap_days": 15, "field_conc_items_km2": 544.69, "conc_A_items_km2": null, "conc_A_lo80": null, "conc_A_hi80": null, "conc_A_lo95": null, "conc_A_hi95": null, "conc_A_status": "unavailable", "conc_A_status_ru": "концентрация недоступна", "conc_A_reasons": "вне бассейна профиля: nw_atlantic_subtropical", "conc_A_model": "conc-A-c6bce5631d2b", "conc_B_items_km2": 266.4, "conc_B_lo80": 56.4, "conc_B_hi80": 896.5, "conc_B_lo95": 35.0, "conc_B_hi95": 1679.1, "conc_B_status": "research_estimate", "conc_B_status_ru": "исследовательская оценка", "conc_B_reasons": "месяц 5 вне месяцев обучения [6]", "conc_B_model": "conc-B-c6bce5631d2b"}}, {"type": "Feature", "geometry": {"type": "Polygon", "coordinates": [[[41.30378379282269, 41.63044510238962], [41.30365742330056, 41.630267508563435], [41.3037773808581, 41.63026510331159], [41.30377417489768, 41.63017510377014], [41.304017295929434, 41.63026029243269], [41.30402050223758, 41.63035029195739], [41.303900544542635, 41.63035269746694], [41.303903750698794, 41.63044269699759], [41.30378379282269, 41.63044510238962]]]}, "properties": {"zone_id": "batumi-2024-05-21-249", "aoi": "batumi", "date": "2024-05-21", "scene_id": "S2A_MSIL2A_20240521T080611_R078_T37TFG_20240521T135035", "scene_datetime_utc": "2024-05-21T08:06:11.024000+00:00", "detection_status": "detected", "detection_status_ru": "обнаружено", "lon": 41.30384, "lat": 41.63031, "n_pixels": 1, "zone_area_km2": 0.0005, "cover_m2": 3.5, "p_mean": 0.714, "p_max": 0.714, "cover_m2_km2": 7000.0, "h3": "882c20ace5fffff", "valid_frac_scene": 0.658, "wind_ms": 3.1, "sea": "спокойное", "scene_reliable": true, "field_event_id": "S4:DOORS3:T19", "field_profile": "B", "field_date": "2024-06-05", "field_distance_km": 16.7, "field_date_gap_days": 15, "field_conc_items_km2": 544.69, "conc_A_items_km2": null, "conc_A_lo80": null, "conc_A_hi80": null, "conc_A_lo95": null, "conc_A_hi95": null, "conc_A_status": "unavailable", "conc_A_status_ru": "концентрация недоступна", "conc_A_reasons": "вне бассейна профиля: nw_atlantic_subtropical", "conc_A_model": "conc-A-c6bce5631d2b", "conc_B_items_km2": 290.6, "conc_B_lo80": 61.6, "conc_B_hi80": 977.7, "conc_B_lo95": 38.2, "conc_B_hi95": 1831.1, "conc_B_status": "research_estimate", "conc_B_status_ru": "исследовательская оценка", "conc_B_reasons": "месяц 5 вне месяцев обучения [6]", "conc_B_model": "conc-B-c6bce5631d2b"}}, {"type": "Feature", "geometry": {"type": "Polygon", "coordinates": [[[41.20221765888743, 41.63018510578194], [41.20209156406035, 41.63000739336661], [41.20221152951935, 41.630005094115596], [41.20220846485623, 41.62991508828002], [41.202451460395515, 41.6300004952383], [41.20245452540583, 41.63009050105781], [41.202334559808094, 41.63009280056624], [41.202337624665724, 41.630182806391375], [41.20221765888743, 41.63018510578194]]]}, "properties": {"zone_id": "batumi-2024-05-21-250", "aoi": "batumi", "date": "2024-05-21", "scene_id": "S2A_MSIL2A_20240521T080611_R078_T37TFG_20240521T135035", "scene_datetime_utc": "2024-05-21T08:06:11.024000+00:00", "detection_status": "detected", "detection_status_ru": "обнаружено", "lon": 41.20227, "lat": 41.63005, "n_pixels": 1, "zone_area_km2": 0.0005, "cover_m2": 6.7, "p_mean": 0.659, "p_max": 0.659, "cover_m2_km2": 13400.0, "h3": "882c20af1bfffff", "valid_frac_scene": 0.658, "wind_ms": 3.1, "sea": "спокойное", "scene_reliable": true, "field_event_id": "S4:DOORS3:T19", "field_profile": "B", "field_date": "2024-06-05", "field_distance_km": 16.5, "field_date_gap_days": 15, "field_conc_items_km2": 544.69, "conc_A_items_km2": null, "conc_A_lo80": null, "conc_A_hi80": null, "conc_A_lo95": null, "conc_A_hi95": null, "conc_A_status": "unavailable", "conc_A_status_ru": "концентрация недоступна", "conc_A_reasons": "вне бассейна профиля: nw_atlantic_subtropical", "conc_A_model": "conc-A-c6bce5631d2b", "conc_B_items_km2": 266.4, "conc_B_lo80": 56.4, "conc_B_hi80": 896.5, "conc_B_lo95": 35.0, "conc_B_hi95": 1679.1, "conc_B_status": "research_estimate", "conc_B_status_ru": "исследовательская оценка", "conc_B_reasons": "месяц 5 вне месяцев обучения [6]", "conc_B_model": "conc-B-c6bce5631d2b"}}, {"type": "Feature", "geometry": {"type": "Polygon", "coordinates": [[[41.200282894552956, 41.62977184926266], [41.20015680580714, 41.62959413456265], [41.200276770656025, 41.62959183734919], [41.20027370872845, 41.62950183139006], [41.20039367339678, 41.62949953405872], [41.20039061131653, 41.629409528105214], [41.20063360269166, 41.629494939020816], [41.200639727560436, 41.629674950894156], [41.20051976258673, 41.629677248490104], [41.20052282487539, 41.6297672544316], [41.200282894552956, 41.62977184926266]]]}, "properties": {"zone_id": "batumi-2024-05-21-251", "aoi": "batumi", "date": "2024-05-21", "scene_id": "S2A_MSIL2A_20240521T080611_R078_T37TFG_20240521T135035", "scene_datetime_utc": "2024-05-21T08:06:11.024000+00:00", "detection_status": "detected", "detection_status_ru": "обнаружено", "lon": 41.20042, "lat": 41.6296, "n_pixels": 3, "zone_area_km2": 0.001, "cover_m2": 33.7, "p_mean": 0.65, "p_max": 0.667, "cover_m2_km2": 33700.0, "h3": "882c20af1bfffff", "valid_frac_scene": 0.658, "wind_ms": 3.1, "sea": "спокойное", "scene_reliable": true, "field_event_id": "S4:DOORS3:T19", "field_profile": "B", "field_date": "2024-06-05", "field_distance_km": 16.6, "field_date_gap_days": 15, "field_conc_items_km2": 544.69, "conc_A_items_km2": null, "conc_A_lo80": null, "conc_A_hi80": null, "conc_A_lo95": null, "conc_A_hi95": null, "conc_A_status": "unavailable", "conc_A_status_ru": "концентрация недоступна", "conc_A_reasons": "вне бассейна профиля: nw_atlantic_subtropical", "conc_A_model": "conc-A-c6bce5631d2b", "conc_B_items_km2": 266.4, "conc_B_lo80": 56.4, "conc_B_hi80": 896.5, "conc_B_lo95": 35.0, "conc_B_hi95": 1679.1, "conc_B_status": "research_estimate", "conc_B_status_ru": "исследовательская оценка", "conc_B_reasons": "месяц 5 вне месяцев обучения [6]", "conc_B_model": "conc-B-c6bce5631d2b"}}, {"type": "Feature", "geometry": {"type": "Polygon", "coordinates": [[[41.19939416703086, 41.62834783093578], [41.199268083631544, 41.62817011509246], [41.19938804591214, 41.6281678188701], [41.19938498537366, 41.62807781283487], [41.19962797043156, 41.62816322605013], [41.19963103131717, 41.62825323206933], [41.19951106889782, 41.628255528549076], [41.19951412963074, 41.6283455345739], [41.19939416703086, 41.62834783093578]]]}, "properties": {"zone_id": "batumi-2024-05-21-252", "aoi": "batumi", "date": "2024-05-21", "scene_id": "S2A_MSIL2A_20240521T080611_R078_T37TFG_20240521T135035", "scene_datetime_utc": "2024-05-21T08:06:11.024000+00:00", "detection_status": "detected", "detection_status_ru": "обнаружено", "lon": 41.19945, "lat": 41.62821, "n_pixels": 1, "zone_area_km2": 0.0005, "cover_m2": 4.3, "p_mean": 0.835, "p_max": 0.835, "cover_m2_km2": 8600.0, "h3": "882c20af1bfffff", "valid_frac_scene": 0.658, "wind_ms": 3.1, "sea": "спокойное", "scene_reliable": true, "field_event_id": "S4:DOORS3:T19", "field_profile": "B", "field_date": "2024-06-05", "field_distance_km": 16.8, "field_date_gap_days": 15, "field_conc_items_km2": 544.69, "conc_A_items_km2": null, "conc_A_lo80": null, "conc_A_hi80": null, "conc_A_lo95": null, "conc_A_hi95": null, "conc_A_status": "unavailable", "conc_A_status_ru": "концентрация недоступна", "conc_A_reasons": "вне бассейна профиля: nw_atlantic_subtropical", "conc_A_model": "conc-A-c6bce5631d2b", "conc_B_items_km2": 266.4, "conc_B_lo80": 56.4, "conc_B_hi80": 896.5, "conc_B_lo95": 35.0, "conc_B_hi95": 1679.1, "conc_B_status": "research_estimate", "conc_B_status_ru": "исследовательская оценка", "conc_B_reasons": "месяц 5 вне месяцев обучения [6]", "conc_B_model": "conc-B-c6bce5631d2b"}}, {"type": "Feature", "geometry": {"type": "Polygon", "coordinates": [[[41.19529710115367, 41.62788579512716], [41.195171029777065, 41.62770807447832], [41.195290991530975, 41.62770578255205], [41.195284881963865, 41.62752576997052], [41.195404843370675, 41.627523477933565], [41.195401788441366, 41.62743347164761], [41.19588163326322, 41.627424302277795], [41.195884688858925, 41.627514308534934], [41.196004650196244, 41.627512015872576], [41.19600770597245, 41.6276020221209], [41.195887744468536, 41.627604314790474], [41.19589080009205, 41.627694321044416], [41.1955309149971, 41.62770119832424], [41.195533970134704, 41.62779120459819], [41.19541400824199, 41.627793496781834], [41.19541706322689, 41.6278835030614], [41.19529710115367, 41.62788579512716]]]}, "properties": {"zone_id": "batumi-2024-05-21-253", "aoi": "batumi", "date": "2024-05-21", "scene_id": "S2A_MSIL2A_20240521T080611_R078_T37TFG_20240521T135035", "scene_datetime_utc": "2024-05-21T08:06:11.024000+00:00", "detection_status": "detected", "detection_status_ru": "обнаружено", "lon": 41.19559, "lat": 41.6276, "n_pixels": 5, "zone_area_km2": 0.0019, "cover_m2": 73.3, "p_mean": 0.693, "p_max": 0.882, "cover_m2_km2": 38578.9, "h3": "882c20ae25fffff", "valid_frac_scene": 0.658, "wind_ms": 3.1, "sea": "спокойное", "scene_reliable": true, "field_event_id": "S4:DOORS3:T19", "field_profile": "B", "field_date": "2024-06-05", "field_distance_km": 16.9, "field_date_gap_days": 15, "field_conc_items_km2": 544.69, "conc_A_items_km2": null, "conc_A_lo80": null, "conc_A_hi80": null, "conc_A_lo95": null, "conc_A_hi95": null, "conc_A_status": "unavailable", "conc_A_status_ru": "концентрация недоступна", "conc_A_reasons": "вне бассейна профиля: nw_atlantic_subtropical", "conc_A_model": "conc-A-c6bce5631d2b", "conc_B_items_km2": 263.4, "conc_B_lo80": 55.8, "conc_B_hi80": 886.2, "conc_B_lo95": 34.6, "conc_B_hi95": 1659.8, "conc_B_status": "research_estimate", "conc_B_status_ru": "исследовательская оценка", "conc_B_reasons": "месяц 5 вне месяцев обучения [6]", "conc_B_model": "conc-B-c6bce5631d2b"}}, {"type": "Feature", "geometry": {"type": "Polygon", "coordinates": [[[41.250889094505325, 41.62482877712032], [41.25088596270423, 41.62473877418274], [41.25076601097765, 41.62474112398781], [41.25075974775132, 41.62456111809307], [41.250996518599116, 41.62446641545239], [41.250999650524015, 41.62455641838741], [41.251119601888995, 41.62455406834699], [41.25112586611464, 41.62473407419741], [41.250889094505325, 41.62482877712032]]]}, "properties": {"zone_id": "batumi-2024-05-21-254", "aoi": "batumi", "date": "2024-05-21", "scene_id": "S2A_MSIL2A_20240521T080611_R078_T37TFG_20240521T135035", "scene_datetime_utc": "2024-05-21T08:06:11.024000+00:00", "detection_status": "detected", "detection_status_ru": "обнаружено", "lon": 41.25094, "lat": 41.62465, "n_pixels": 2, "zone_area_km2": 0.0008, "cover_m2": 15.3, "p_mean": 0.651, "p_max": 0.741, "cover_m2_km2": 19125.0, "h3": "882c20ac05fffff", "valid_frac_scene": 0.658, "wind_ms": 3.1, "sea": "спокойное", "scene_reliable": true, "field_event_id": "S4:DOORS3:T19", "field_profile": "B", "field_date": "2024-06-05", "field_distance_km": 16.7, "field_date_gap_days": 15, "field_conc_items_km2": 544.69, "conc_A_items_km2": null, "conc_A_lo80": null, "conc_A_hi80": null, "conc_A_lo95": null, "conc_A_hi95": null, "conc_A_status": "unavailable", "conc_A_status_ru": "концентрация недоступна", "conc_A_reasons": "вне бассейна профиля: nw_atlantic_subtropical", "conc_A_model": "conc-A-c6bce5631d2b", "conc_B_items_km2": 280.8, "conc_B_lo80": 59.5, "conc_B_hi80": 944.6, "conc_B_lo95": 36.9, "conc_B_hi95": 1769.1, "conc_B_status": "research_estimate", "conc_B_status_ru": "исследовательская оценка", "conc_B_reasons": "месяц 5 вне месяцев обучения [6]", "conc_B_model": "conc-B-c6bce5631d2b"}}, {"type": "Feature", "geometry": {"type": "Polygon", "coordinates": [[[41.249980560269094, 41.62286515704642], [41.24985435164372, 41.62268749975549], [41.24997429963949, 41.62268515099559], [41.24997116934603, 41.622595147967765], [41.25009111716103, 41.62259279909018], [41.250087986715286, 41.62250279606814], [41.250331012748276, 41.622588100959895], [41.250337274348624, 41.622768106969644], [41.25021732622905, 41.622770456112086], [41.250220456884044, 41.62286045912193], [41.249980560269094, 41.62286515704642]]]}, "properties": {"zone_id": "batumi-2024-05-21-255", "aoi": "batumi", "date": "2024-05-21", "scene_id": "S2A_MSIL2A_20240521T080611_R078_T37TFG_20240521T135035", "scene_datetime_utc": "2024-05-21T08:06:11.024000+00:00", "detection_status": "detected", "detection_status_ru": "обнаружено", "lon": 41.25011, "lat": 41.6227, "n_pixels": 3, "zone_area_km2": 0.001, "cover_m2": 18.8, "p_mean": 0.639, "p_max": 0.773, "cover_m2_km2": 18800.0, "h3": "882c20ac05fffff", "valid_frac_scene": 0.658, "wind_ms": 3.1, "sea": "спокойное", "scene_reliable": true, "field_event_id": "S4:DOORS3:T19", "field_profile": "B", "field_date": "2024-06-05", "field_distance_km": 16.9, "field_date_gap_days": 15, "field_conc_items_km2": 544.69, "conc_A_items_km2": null, "conc_A_lo80": null, "conc_A_hi80": null, "conc_A_lo95": null, "conc_A_hi95": null, "conc_A_status": "unavailable", "conc_A_status_ru": "концентрация недоступна", "conc_A_reasons": "вне бассейна профиля: nw_atlantic_subtropical", "conc_A_model": "conc-A-c6bce5631d2b", "conc_B_items_km2": 280.8, "conc_B_lo80": 59.5, "conc_B_hi80": 944.6, "conc_B_lo95": 36.9, "conc_B_hi95": 1769.1, "conc_B_status": "research_estimate", "conc_B_status_ru": "исследовательская оценка", "conc_B_reasons": "месяц 5 вне месяцев обучения [6]", "conc_B_model": "conc-B-c6bce5631d2b"}}, {"type": "Feature", "geometry": {"type": "Polygon", "coordinates": [[[41.246928705018036, 41.621393784127], [41.246925579101294, 41.62130378089066], [41.2468056334143, 41.621306126406466], [41.2468025076783, 41.62121612316115], [41.24692245319877, 41.62121377765272], [41.246796256248956, 41.62103611666569], [41.24691620143639, 41.62103377117201], [41.24691307557653, 41.62094376792924], [41.24715296557568, 41.6209390765815], [41.24715609176859, 41.621029079809524], [41.247276036913355, 41.62102673394072], [41.247282289674885, 41.621206740377204], [41.24704552477408, 41.62130143524983], [41.24704865085734, 41.62139143847879], [41.246928705018036, 41.621393784127]]]}, "properties": {"zone_id": "batumi-2024-05-21-256", "aoi": "batumi", "date": "2024-05-21", "scene_id": "S2A_MSIL2A_20240521T080611_R078_T37TFG_20240521T135035", "scene_datetime_utc": "2024-05-21T08:06:11.024000+00:00", "detection_status": "detected", "detection_status_ru": "обнаружено", "lon": 41.24704, "lat": 41.62114, "n_pixels": 4, "zone_area_km2": 0.0013, "cover_m2": 37.6, "p_mean": 0.84, "p_max": 0.863, "cover_m2_km2": 28923.1, "h3": "882c20ac05fffff", "valid_frac_scene": 0.658, "wind_ms": 3.1, "sea": "спокойное", "scene_reliable": true, "field_event_id": "S4:DOORS3:T19", "field_profile": "B", "field_date": "2024-06-05", "field_distance_km": 17.1, "field_date_gap_days": 15, "field_conc_items_km2": 544.69, "conc_A_items_km2": null, "conc_A_lo80": null, "conc_A_hi80": null, "conc_A_lo95": null, "conc_A_hi95": null, "conc_A_status": "unavailable", "conc_A_status_ru": "концентрация недоступна", "conc_A_reasons": "вне бассейна профиля: nw_atlantic_subtropical", "conc_A_model": "conc-A-c6bce5631d2b", "conc_B_items_km2": 277.2, "conc_B_lo80": 58.7, "conc_B_hi80": 932.6, "conc_B_lo95": 36.4, "conc_B_hi95": 1746.8, "conc_B_status": "research_estimate", "conc_B_status_ru": "исследовательская оценка", "conc_B_reasons": "месяц 5 вне месяцев обучения [6]", "conc_B_model": "conc-B-c6bce5631d2b"}}, {"type": "Feature", "geometry": {"type": "MultiPolygon", "coordinates": [[[[41.247882016850625, 41.62119500908387], [41.24787888963013, 41.6211050059033], [41.247998834856084, 41.62110265927689], [41.24799258012472, 41.62092265292568], [41.247872635231815, 41.620924999537344], [41.247869508054, 41.62083499635196], [41.24762961855856, 41.62083968918543], [41.24763274540333, 41.62092969238556], [41.24751280046775, 41.62093203862211], [41.247519053866924, 41.621112045032305], [41.24763899913555, 41.62110969878101], [41.247642126022996, 41.62119970197632], [41.247882016850625, 41.62119500908387]]], [[[41.24752218058785, 41.621202048234984], [41.247525307322995, 41.62129205143608], [41.247405361707095, 41.62129439757708], [41.24741161488701, 41.62147440398916], [41.24765463371502, 41.62155971474152], [41.24765150677068, 41.621469711552635], [41.24777145269118, 41.621467365146806], [41.24776519851211, 41.62128735877895], [41.24752218058785, 41.621202048234984]]]]}, "properties": {"zone_id": "batumi-2024-05-21-257", "aoi": "batumi", "date": "2024-05-21", "scene_id": "S2A_MSIL2A_20240521T080611_R078_T37TFG_20240521T135035", "scene_datetime_utc": "2024-05-21T08:06:11.024000+00:00", "detection_status": "detected", "detection_status_ru": "обнаружено", "lon": 41.2477, "lat": 41.62114, "n_pixels": 6, "zone_area_km2": 0.002, "cover_m2": 39.2, "p_mean": 0.75, "p_max": 0.925, "cover_m2_km2": 19600.0, "h3": "882c20ac05fffff", "valid_frac_scene": 0.658, "wind_ms": 3.1, "sea": "спокойное", "scene_reliable": true, "field_event_id": "S4:DOORS3:T19", "field_profile": "B", "field_date": "2024-06-05", "field_distance_km": 17.1, "field_date_gap_days": 15, "field_conc_items_km2": 544.69, "conc_A_items_km2": null, "conc_A_lo80": null, "conc_A_hi80": null, "conc_A_lo95": null, "conc_A_hi95": null, "conc_A_status": "unavailable", "conc_A_status_ru": "концентрация недоступна", "conc_A_reasons": "вне бассейна профиля: nw_atlantic_subtropical", "conc_A_model": "conc-A-c6bce5631d2b", "conc_B_items_km2": 277.2, "conc_B_lo80": 58.7, "conc_B_hi80": 932.6, "conc_B_lo95": 36.4, "conc_B_hi95": 1746.8, "conc_B_status": "research_estimate", "conc_B_status_ru": "исследовательская оценка", "conc_B_reasons": "месяц 5 вне месяцев обучения [6]", "conc_B_model": "conc-B-c6bce5631d2b"}}, {"type": "Feature", "geometry": {"type": "Polygon", "coordinates": [[[41.25088377879068, 41.621226308721646], [41.25088064739287, 41.62113630572718], [41.250637626226435, 41.62105100186077], [41.25063136416813, 41.62087099583426], [41.25075130873365, 41.6208686463467], [41.25074817755934, 41.620778643338426], [41.25110801067086, 41.62077159414768], [41.2512342187079, 41.62094925012325], [41.25135416336872, 41.620946900003126], [41.25135729540412, 41.62103690297128], [41.25123735057678, 41.621039253098786], [41.25124048245991, 41.621129256072706], [41.25100059242947, 41.62113395596739], [41.25100372399379, 41.621223958954474], [41.25088377879068, 41.621226308721646]]]}, "properties": {"zone_id": "batumi-2024-05-21-258", "aoi": "batumi", "date": "2024-05-21", "scene_id": "S2A_MSIL2A_20240521T080611_R078_T37TFG_20240521T135035", "scene_datetime_utc": "2024-05-21T08:06:11.024000+00:00", "detection_status": "detected", "detection_status_ru": "обнаружено", "lon": 41.25097, "lat": 41.62098, "n_pixels": 8, "zone_area_km2": 0.0019, "cover_m2": 87.5, "p_mean": 0.802, "p_max": 0.937, "cover_m2_km2": 46052.6, "h3": "882c20ac05fffff", "valid_frac_scene": 0.658, "wind_ms": 3.1, "sea": "спокойное", "scene_reliable": true, "field_event_id": "S4:DOORS3:T19", "field_profile": "B", "field_date": "2024-06-05", "field_distance_km": 17.1, "field_date_gap_days": 15, "field_conc_items_km2": 544.69, "conc_A_items_km2": null, "conc_A_lo80": null, "conc_A_hi80": null, "conc_A_lo95": null, "conc_A_hi95": null, "conc_A_status": "unavailable", "conc_A_status_ru": "концентрация недоступна", "conc_A_reasons": "вне бассейна профиля: nw_atlantic_subtropical", "conc_A_model": "conc-A-c6bce5631d2b", "conc_B_items_km2": 280.8, "conc_B_lo80": 59.5, "conc_B_hi80": 944.6, "conc_B_lo95": 36.9, "conc_B_hi95": 1769.1, "conc_B_status": "research_estimate", "conc_B_status_ru": "исследовательская оценка", "conc_B_reasons": "месяц 5 вне месяцев обучения [6]", "conc_B_model": "conc-B-c6bce5631d2b"}}, {"type": "Feature", "geometry": {"type": "Polygon", "coordinates": [[[41.25015784648979, 41.62106039861967], [41.250031641126924, 41.62088274139645], [41.250151585763646, 41.620880392534076], [41.250148455421936, 41.62079038948889], [41.25039147499437, 41.62087569443425], [41.25039460568336, 41.62096569746308], [41.2502746609086, 41.6209680465829], [41.25027779144531, 41.62105804961751], [41.25015784648979, 41.62106039861967]]]}, "properties": {"zone_id": "batumi-2024-05-21-259", "aoi": "batumi", "date": "2024-05-21", "scene_id": "S2A_MSIL2A_20240521T080611_R078_T37TFG_20240521T135035", "scene_datetime_utc": "2024-05-21T08:06:11.024000+00:00", "detection_status": "detected", "detection_status_ru": "обнаружено", "lon": 41.25021, "lat": 41.62092, "n_pixels": 1, "zone_area_km2": 0.0005, "cover_m2": 1.6, "p_mean": 0.529, "p_max": 0.529, "cover_m2_km2": 3200.0, "h3": "882c20ac05fffff", "valid_frac_scene": 0.658, "wind_ms": 3.1, "sea": "спокойное", "scene_reliable": true, "field_event_id": "S4:DOORS3:T19", "field_profile": "B", "field_date": "2024-06-05", "field_distance_km": 17.1, "field_date_gap_days": 15, "field_conc_items_km2": 544.69, "conc_A_items_km2": null, "conc_A_lo80": null, "conc_A_hi80": null, "conc_A_lo95": null, "conc_A_hi95": null, "conc_A_status": "unavailable", "conc_A_status_ru": "концентрация недоступна", "conc_A_reasons": "вне бассейна профиля: nw_atlantic_subtropical", "conc_A_model": "conc-A-c6bce5631d2b", "conc_B_items_km2": 280.8, "conc_B_lo80": 59.5, "conc_B_hi80": 944.6, "conc_B_lo95": 36.9, "conc_B_hi95": 1769.1, "conc_B_status": "research_estimate", "conc_B_status_ru": "исследовательская оценка", "conc_B_reasons": "месяц 5 вне месяцев обучения [6]", "conc_B_model": "conc-B-c6bce5631d2b"}}, {"type": "Feature", "geometry": {"type": "MultiPolygon", "coordinates": [[[[41.24869455299907, 41.61694608406254], [41.24869142511518, 41.61685608086548], [41.248811362401575, 41.616853733585494], [41.248808234365434, 41.6167637303942], [41.24868829724553, 41.61676607766681], [41.2486851693901, 41.61667607446653], [41.24844529544059, 41.61668076862194], [41.24831910377523, 41.616503109062485], [41.24808235740085, 41.61659780567863], [41.24808548440962, 41.616687808917405], [41.247965547370846, 41.616690155432515], [41.24797180109808, 41.61687016191998], [41.24809173846983, 41.61686781539011], [41.24809486552128, 41.61695781862405], [41.248214803045286, 41.6169554719618], [41.248211675827356, 41.61686546873523], [41.24869455299907, 41.61694608406254]]], [[[41.24833474055507, 41.61695312517452], [41.248337867953715, 41.61704312839212], [41.24821793027745, 41.61704547518676], [41.24822105752382, 41.61713547841012], [41.24834099536658, 41.617133131608085], [41.24834412279368, 41.61722313482246], [41.24858087100944, 41.61712843762896], [41.24857774326358, 41.61703843442773], [41.24833474055507, 41.61695312517452]]]]}, "properties": {"zone_id": "batumi-2024-05-21-260", "aoi": "batumi", "date": "2024-05-21", "scene_id": "S2A_MSIL2A_20240521T080611_R078_T37TFG_20240521T135035", "scene_datetime_utc": "2024-05-21T08:06:11.024000+00:00", "detection_status": "detected", "detection_status_ru": "обнаружено", "lon": 41.24834, "lat": 41.61681, "n_pixels": 7, "zone_area_km2": 0.0025, "cover_m2": 51.0, "p_mean": 0.739, "p_max": 0.933, "cover_m2_km2": 20400.0, "h3": "882c20ac05fffff", "valid_frac_scene": 0.658, "wind_ms": 3.1, "sea": "спокойное", "scene_reliable": true, "field_event_id": "S4:DOORS3:T19", "field_profile": "B", "field_date": "2024-06-05", "field_distance_km": 17.6, "field_date_gap_days": 15, "field_conc_items_km2": 544.69, "conc_A_items_km2": null, "conc_A_lo80": null, "conc_A_hi80": null, "conc_A_lo95": null, "conc_A_hi95": null, "conc_A_status": "unavailable", "conc_A_status_ru": "концентрация недоступна", "conc_A_reasons": "вне бассейна профиля: nw_atlantic_subtropical", "conc_A_model": "conc-A-c6bce5631d2b", "conc_B_items_km2": 280.8, "conc_B_lo80": 59.5, "conc_B_hi80": 944.6, "conc_B_lo95": 36.9, "conc_B_hi95": 1769.1, "conc_B_status": "research_estimate", "conc_B_status_ru": "исследовательская оценка", "conc_B_reasons": "месяц 5 вне месяцев обучения [6]", "conc_B_model": "conc-B-c6bce5631d2b"}}, {"type": "Feature", "geometry": {"type": "Polygon", "coordinates": [[[41.247586978325536, 41.61615717459408], [41.247460790060956, 41.61597951399271], [41.24758072582475, 41.61597716803668], [41.247577599595694, 41.61588716475556], [41.247820597309676, 41.61597247574953], [41.24782372388592, 41.61606247901428], [41.247703787984086, 41.61606482522774], [41.24770691440807, 41.61615482849827], [41.247586978325536, 41.61615717459408]]]}, "properties": {"zone_id": "batumi-2024-05-21-261", "aoi": "batumi", "date": "2024-05-21", "scene_id": "S2A_MSIL2A_20240521T080611_R078_T37TFG_20240521T135035", "scene_datetime_utc": "2024-05-21T08:06:11.024000+00:00", "detection_status": "detected", "detection_status_ru": "обнаружено", "lon": 41.24764, "lat": 41.61602, "n_pixels": 1, "zone_area_km2": 0.0005, "cover_m2": 5.9, "p_mean": 0.82, "p_max": 0.82, "cover_m2_km2": 11800.0, "h3": "882c20ac63fffff", "valid_frac_scene": 0.658, "wind_ms": 3.1, "sea": "спокойное", "scene_reliable": true, "field_event_id": "S4:DOORS3:T19", "field_profile": "B", "field_date": "2024-06-05", "field_distance_km": 17.7, "field_date_gap_days": 15, "field_conc_items_km2": 544.69, "conc_A_items_km2": null, "conc_A_lo80": null, "conc_A_hi80": null, "conc_A_lo95": null, "conc_A_hi95": null, "conc_A_status": "unavailable", "conc_A_status_ru": "концентрация недоступна", "conc_A_reasons": "вне бассейна профиля: nw_atlantic_subtropical", "conc_A_model": "conc-A-c6bce5631d2b", "conc_B_items_km2": 277.2, "conc_B_lo80": 58.7, "conc_B_hi80": 932.6, "conc_B_lo95": 36.4, "conc_B_hi95": 1746.8, "conc_B_status": "research_estimate", "conc_B_status_ru": "исследовательская оценка", "conc_B_reasons": "месяц 5 вне месяцев обучения [6]", "conc_B_model": "conc-B-c6bce5631d2b"}}, {"type": "Feature", "geometry": {"type": "Polygon", "coordinates": [[[41.10525922201309, 41.59444521474273], [41.10525629586386, 41.5943552026088], [41.105136388791934, 41.59435739915033], [41.10513053686613, 41.59417737486394], [41.105250443605335, 41.594175178336215], [41.10524751749604, 41.594085166197544], [41.10548733060181, 41.594080772781055], [41.10549025704383, 41.59417078490592], [41.105610163743115, 41.594168588003335], [41.105613090364805, 41.594258600119694], [41.10549318349916, 41.5942607970292], [41.1054961099678, 41.59435080915089], [41.10525922201309, 41.59444521474273]]]}, "properties": {"zone_id": "batumi-2024-05-21-262", "aoi": "batumi", "date": "2024-05-21", "scene_id": "S2A_MSIL2A_20240521T080611_R078_T37TFG_20240521T135035", "scene_datetime_utc": "2024-05-21T08:06:11.024000+00:00", "detection_status": "detected", "detection_status_ru": "обнаружено", "lon": 41.10535, "lat": 41.59425, "n_pixels": 3, "zone_area_km2": 0.001, "cover_m2": 17.6, "p_mean": 0.722, "p_max": 0.922, "cover_m2_km2": 17600.0, "h3": "882c20aad1fffff", "valid_frac_scene": 0.658, "wind_ms": 3.1, "sea": "спокойное", "scene_reliable": true, "field_event_id": "S4:DOORS3:T26", "field_profile": "B", "field_date": "2024-06-14", "field_distance_km": 19.5, "field_date_gap_days": 24, "field_conc_items_km2": 85.69, "conc_A_items_km2": null, "conc_A_lo80": null, "conc_A_hi80": null, "conc_A_lo95": null, "conc_A_hi95": null, "conc_A_status": "unavailable", "conc_A_status_ru": "концентрация недоступна", "conc_A_reasons": "вне бассейна профиля: nw_atlantic_subtropical", "conc_A_model": "conc-A-c6bce5631d2b", "conc_B_items_km2": 258.9, "conc_B_lo80": 54.8, "conc_B_hi80": 871.0, "conc_B_lo95": 34.0, "conc_B_hi95": 1631.4, "conc_B_status": "research_estimate", "conc_B_status_ru": "исследовательская оценка", "conc_B_reasons": "месяц 5 вне месяцев обучения [6]", "conc_B_model": "conc-B-c6bce5631d2b"}}, {"type": "Feature", "geometry": {"type": "Polygon", "coordinates": [[[41.20503268260677, 41.593024419294665], [41.204906657003214, 41.592846707325585], [41.20502655340594, 41.592844406802385], [41.20502348882643, 41.592754400553844], [41.20526634616958, 41.59283980538119], [41.205269411095635, 41.59292981161367], [41.205149514554485, 41.59293211239397], [41.20515257932817, 41.59302211863207], [41.20503268260677, 41.593024419294665]]]}, "properties": {"zone_id": "batumi-2024-05-21-263", "aoi": "batumi", "date": "2024-05-21", "scene_id": "S2A_MSIL2A_20240521T080611_R078_T37TFG_20240521T135035", "scene_datetime_utc": "2024-05-21T08:06:11.024000+00:00", "detection_status": "detected", "detection_status_ru": "обнаружено", "lon": 41.20509, "lat": 41.59289, "n_pixels": 1, "zone_area_km2": 0.0005, "cover_m2": 12.2, "p_mean": 0.592, "p_max": 0.592, "cover_m2_km2": 24400.0, "h3": "882c20af3dfffff", "valid_frac_scene": 0.658, "wind_ms": 3.1, "sea": "спокойное", "scene_reliable": true, "field_event_id": "S4:DOORS3:T19", "field_profile": "B", "field_date": "2024-06-05", "field_distance_km": 20.5, "field_date_gap_days": 15, "field_conc_items_km2": 544.69, "conc_A_items_km2": null, "conc_A_lo80": null, "conc_A_hi80": null, "conc_A_lo95": null, "conc_A_hi95": null, "conc_A_status": "unavailable", "conc_A_status_ru": "концентрация недоступна", "conc_A_reasons": "вне бассейна профиля: nw_atlantic_subtropical", "conc_A_model": "conc-A-c6bce5631d2b", "conc_B_items_km2": 274.1, "conc_B_lo80": 58.1, "conc_B_hi80": 922.1, "conc_B_lo95": 36.0, "conc_B_hi95": 1727.0, "conc_B_status": "research_estimate", "conc_B_status_ru": "исследовательская оценка", "conc_B_reasons": "месяц 5 вне месяцев обучения [6]", "conc_B_model": "conc-B-c6bce5631d2b"}}, {"type": "Feature", "geometry": {"type": "Polygon", "coordinates": [[[41.18480177840984, 41.59079894025855], [41.18479874214341, 41.59070893275761], [41.18467884806642, 41.59071121209175], [41.18467581198009, 41.590621204582035], [41.184795705890785, 41.59061892525507], [41.18479266965197, 41.59052891775095], [41.18503245709934, 41.59052435873658], [41.18502942054175, 41.59043435124519], [41.18514931407842, 41.5904320715578], [41.18515235080231, 41.590522079042024], [41.185272244491465, 41.59051979922253], [41.18527528139546, 41.59060980669799], [41.18515538754001, 41.590612086524644], [41.18515842429152, 41.590702094005685], [41.18491863620659, 41.590706653298554], [41.18492167263931, 41.59079666079234], [41.18480177840984, 41.59079894025855]]]}, "properties": {"zone_id": "batumi-2024-05-21-264", "aoi": "batumi", "date": "2024-05-21", "scene_id": "S2A_MSIL2A_20240521T080611_R078_T37TFG_20240521T135035", "scene_datetime_utc": "2024-05-21T08:06:11.024000+00:00", "detection_status": "detected", "detection_status_ru": "обнаружено", "lon": 41.18498, "lat": 41.59062, "n_pixels": 2, "zone_area_km2": 0.001, "cover_m2": 13.7, "p_mean": 0.692, "p_max": 0.871, "cover_m2_km2": 13700.0, "h3": "882c20af05fffff", "valid_frac_scene": 0.658, "wind_ms": 3.1, "sea": "спокойное", "scene_reliable": true, "field_event_id": "S4:DOORS3:T19", "field_profile": "B", "field_date": "2024-06-05", "field_distance_km": 21.1, "field_date_gap_days": 15, "field_conc_items_km2": 544.69, "conc_A_items_km2": null, "conc_A_lo80": null, "conc_A_hi80": null, "conc_A_lo95": null, "conc_A_hi95": null, "conc_A_status": "unavailable", "conc_A_status_ru": "концентрация недоступна", "conc_A_reasons": "вне бассейна профиля: nw_atlantic_subtropical", "conc_A_model": "conc-A-c6bce5631d2b", "conc_B_items_km2": 274.1, "conc_B_lo80": 58.1, "conc_B_hi80": 922.1, "conc_B_lo95": 36.0, "conc_B_hi95": 1727.0, "conc_B_status": "research_estimate", "conc_B_status_ru": "исследовательская оценка", "conc_B_reasons": "месяц 5 вне месяцев обучения [6]", "conc_B_model": "conc-B-c6bce5631d2b"}}, {"type": "Feature", "geometry": {"type": "Polygon", "coordinates": [[[41.20104669882717, 41.585175102451494], [41.201043640599515, 41.58508509584153], [41.20068399345215, 41.585091983534205], [41.20068093573713, 41.58500197690099], [41.2005610534931, 41.58500427254154], [41.20055493843726, 41.584824259255875], [41.200674820348794, 41.58482196362975], [41.20067176267549, 41.584731956991746], [41.201151289517654, 41.58472277326719], [41.201148231193294, 41.58463276665645], [41.201391052855286, 41.58471818065556], [41.201400228909236, 41.584988200434886], [41.201163522954154, 41.58508279969418], [41.201166581348055, 41.585172806296924], [41.20104669882717, 41.585175102451494]]]}, "properties": {"zone_id": "batumi-2024-05-21-265", "aoi": "batumi", "date": "2024-05-21", "scene_id": "S2A_MSIL2A_20240521T080611_R078_T37TFG_20240521T135035", "scene_datetime_utc": "2024-05-21T08:06:11.024000+00:00", "detection_status": "detected", "detection_status_ru": "обнаружено", "lon": 41.20101, "lat": 41.58491, "n_pixels": 12, "zone_area_km2": 0.0027, "cover_m2": 64.7, "p_mean": 0.766, "p_max": 0.996, "cover_m2_km2": 23963.0, "h3": "882c20af23fffff", "valid_frac_scene": 0.658, "wind_ms": 3.1, "sea": "спокойное", "scene_reliable": true, "field_event_id": "S4:DOORS3:T19", "field_profile": "B", "field_date": "2024-06-05", "field_distance_km": 21.5, "field_date_gap_days": 15, "field_conc_items_km2": 544.69, "conc_A_items_km2": null, "conc_A_lo80": null, "conc_A_hi80": null, "conc_A_lo95": null, "conc_A_hi95": null, "conc_A_status": "unavailable", "conc_A_status_ru": "концентрация недоступна", "conc_A_reasons": "вне бассейна профиля: nw_atlantic_subtropical", "conc_A_model": "conc-A-c6bce5631d2b", "conc_B_items_km2": 277.9, "conc_B_lo80": 58.9, "conc_B_hi80": 934.8, "conc_B_lo95": 36.5, "conc_B_hi95": 1750.9, "conc_B_status": "research_estimate", "conc_B_status_ru": "исследовательская оценка", "conc_B_reasons": "месяц 5 вне месяцев обучения [6]", "conc_B_model": "conc-B-c6bce5631d2b"}}, {"type": "Feature", "geometry": {"type": "Polygon", "coordinates": [[[41.23665119288366, 41.5844876548249], [41.236525099662764, 41.58430997903216], [41.2366449777012, 41.584307645925065], [41.236641870131166, 41.58421764147273], [41.23688473373567, 41.5843029793362], [41.236887841652276, 41.584392983772254], [41.236767963475884, 41.584395317136455], [41.236771071240405, 41.584485321578235], [41.23665119288366, 41.5844876548249]]]}, "properties": {"zone_id": "batumi-2024-05-21-266", "aoi": "batumi", "date": "2024-05-21", "scene_id": "S2A_MSIL2A_20240521T080611_R078_T37TFG_20240521T135035", "scene_datetime_utc": "2024-05-21T08:06:11.024000+00:00", "detection_status": "detected", "detection_status_ru": "обнаружено", "lon": 41.23671, "lat": 41.58435, "n_pixels": 1, "zone_area_km2": 0.0005, "cover_m2": 11.8, "p_mean": 0.918, "p_max": 0.918, "cover_m2_km2": 23600.0, "h3": "882c20ad55fffff", "valid_frac_scene": 0.658, "wind_ms": 3.1, "sea": "спокойное", "scene_reliable": true, "field_event_id": "S4:DOORS3:T19", "field_profile": "B", "field_date": "2024-06-05", "field_distance_km": 21.2, "field_date_gap_days": 15, "field_conc_items_km2": 544.69, "conc_A_items_km2": null, "conc_A_lo80": null, "conc_A_hi80": null, "conc_A_lo95": null, "conc_A_hi95": null, "conc_A_status": "unavailable", "conc_A_status_ru": "концентрация недоступна", "conc_A_reasons": "вне бассейна профиля: nw_atlantic_subtropical", "conc_A_model": "conc-A-c6bce5631d2b", "conc_B_items_km2": 286.3, "conc_B_lo80": 60.7, "conc_B_hi80": 963.1, "conc_B_lo95": 37.7, "conc_B_hi95": 1803.9, "conc_B_status": "research_estimate", "conc_B_status_ru": "исследовательская оценка", "conc_B_reasons": "месяц 5 вне месяцев обучения [6]", "conc_B_model": "conc-B-c6bce5631d2b"}}, {"type": "Feature", "geometry": {"type": "MultiPolygon", "coordinates": [[[[41.194199116206946, 41.581343177666966], [41.19419606789899, 41.58125317058315], [41.19431594371725, 41.58125088174657], [41.194189971324654, 41.581073156410774], [41.19383034478399, 41.58108002212807], [41.19383339256559, 41.58117002923664], [41.193713516858104, 41.581172317566505], [41.19383948817037, 41.58135004344899], [41.194199116206946, 41.581343177666966]]], [[[41.193599736076685, 41.58135462001262], [41.193602783567435, 41.581444627130786], [41.19348290733359, 41.58144691523247], [41.193485954671985, 41.58153692235622], [41.19360583107204, 41.581534634247355], [41.19360887859052, 41.581624641362325], [41.1938486316815, 41.58162006475554], [41.193845583830594, 41.58153005765496], [41.19396546018908, 41.581527769171444], [41.19383948817037, 41.58135004344899], [41.193599736076685, 41.58135462001262]]]]}, "properties": {"zone_id": "batumi-2024-05-21-267", "aoi": "batumi", "date": "2024-05-21", "scene_id": "S2A_MSIL2A_20240521T080611_R078_T37TFG_20240521T135035", "scene_datetime_utc": "2024-05-21T08:06:11.024000+00:00", "detection_status": "detected", "detection_status_ru": "обнаружено", "lon": 41.1939, "lat": 41.58132, "n_pixels": 5, "zone_area_km2": 0.0019, "cover_m2": 15.3, "p_mean": 0.811, "p_max": 0.886, "cover_m2_km2": 8052.6, "h3": "882c20af21fffff", "valid_frac_scene": 0.658, "wind_ms": 3.1, "sea": "спокойное", "scene_reliable": true, "field_event_id": "S4:DOORS3:T19", "field_profile": "B", "field_date": "2024-06-05", "field_distance_km": 22.0, "field_date_gap_days": 15, "field_conc_items_km2": 544.69, "conc_A_items_km2": null, "conc_A_lo80": null, "conc_A_hi80": null, "conc_A_lo95": null, "conc_A_hi95": null, "conc_A_status": "unavailable", "conc_A_status_ru": "концентрация недоступна", "conc_A_reasons": "вне бассейна профиля: nw_atlantic_subtropical", "conc_A_model": "conc-A-c6bce5631d2b", "conc_B_items_km2": 274.1, "conc_B_lo80": 58.1, "conc_B_hi80": 922.1, "conc_B_lo95": 36.0, "conc_B_hi95": 1727.0, "conc_B_status": "research_estimate", "conc_B_status_ru": "исследовательская оценка", "conc_B_reasons": "месяц 5 вне месяцев обучения [6]", "conc_B_model": "conc-B-c6bce5631d2b"}}, {"type": "Feature", "geometry": {"type": "Polygon", "coordinates": [[[41.086723293399466, 41.5628098248848], [41.08659764922935, 41.56263197334641], [41.0867174990559, 41.56262979748592], [41.086714601903886, 41.56253978378412], [41.08695719866949, 41.56262544539045], [41.086960096166884, 41.562715459077005], [41.08684024620058, 41.56271763519399], [41.08684314354505, 41.562807648885794], [41.086723293399466, 41.5628098248848]]]}, "properties": {"zone_id": "batumi-2024-05-21-268", "aoi": "batumi", "date": "2024-05-21", "scene_id": "S2A_MSIL2A_20240521T080611_R078_T37TFG_20240521T135035", "scene_datetime_utc": "2024-05-21T08:06:11.024000+00:00", "detection_status": "detected", "detection_status_ru": "обнаружено", "lon": 41.08678, "lat": 41.56267, "n_pixels": 1, "zone_area_km2": 0.0005, "cover_m2": 13.7, "p_mean": 0.827, "p_max": 0.827, "cover_m2_km2": 27400.0, "h3": "882c20aae9fffff", "valid_frac_scene": 0.658, "wind_ms": 3.1, "sea": "спокойное", "scene_reliable": true, "field_event_id": "S4:DOORS3:T26", "field_profile": "B", "field_date": "2024-06-14", "field_distance_km": 22.3, "field_date_gap_days": 24, "field_conc_items_km2": 85.69, "conc_A_items_km2": null, "conc_A_lo80": null, "conc_A_hi80": null, "conc_A_lo95": null, "conc_A_hi95": null, "conc_A_status": "unavailable", "conc_A_status_ru": "концентрация недоступна", "conc_A_reasons": "вне бассейна профиля: nw_atlantic_subtropical", "conc_A_model": "conc-A-c6bce5631d2b", "conc_B_items_km2": 266.5, "conc_B_lo80": 56.4, "conc_B_hi80": 896.6, "conc_B_lo95": 35.0, "conc_B_hi95": 1679.2, "conc_B_status": "research_estimate", "conc_B_status_ru": "исследовательская оценка", "conc_B_reasons": "месяц 5 вне месяцев обучения [6]", "conc_B_model": "conc-B-c6bce5631d2b"}}, {"type": "Feature", "geometry": {"type": "Polygon", "coordinates": [[[41.11526193853936, 41.5627384769933], [41.11513621750066, 41.56256065849136], [41.115256065000885, 41.562558452888716], [41.11525312825168, 41.56246844083405], [41.11549575996126, 41.562554041308964], [41.115498697056005, 41.56264405334817], [41.1153788494164, 41.5626462592074], [41.11538178635841, 41.562736271251964], [41.11526193853936, 41.5627384769933]]]}, "properties": {"zone_id": "batumi-2024-05-21-269", "aoi": "batumi", "date": "2024-05-21", "scene_id": "S2A_MSIL2A_20240521T080611_R078_T37TFG_20240521T135035", "scene_datetime_utc": "2024-05-21T08:06:11.024000+00:00", "detection_status": "detected", "detection_status_ru": "обнаружено", "lon": 41.11532, "lat": 41.5626, "n_pixels": 1, "zone_area_km2": 0.0005, "cover_m2": 6.7, "p_mean": 0.8, "p_max": 0.8, "cover_m2_km2": 13400.0, "h3": "882c20aaa9fffff", "valid_frac_scene": 0.658, "wind_ms": 3.1, "sea": "спокойное", "scene_reliable": true, "field_event_id": "S4:DOORS3:T26", "field_profile": "B", "field_date": "2024-06-14", "field_distance_km": 23.1, "field_date_gap_days": 24, "field_conc_items_km2": 85.69, "conc_A_items_km2": null, "conc_A_lo80": null, "conc_A_hi80": null, "conc_A_lo95": null, "conc_A_hi95": null, "conc_A_status": "unavailable", "conc_A_status_ru": "концентрация недоступна", "conc_A_reasons": "вне бассейна профиля: nw_atlantic_subtropical", "conc_A_model": "conc-A-c6bce5631d2b", "conc_B_items_km2": 270.5, "conc_B_lo80": 57.3, "conc_B_hi80": 910.2, "conc_B_lo95": 35.5, "conc_B_hi95": 1704.8, "conc_B_status": "research_estimate", "conc_B_status_ru": "исследовательская оценка", "conc_B_reasons": "месяц 5 вне месяцев обучения [6]", "conc_B_model": "conc-B-c6bce5631d2b"}}]}