{"type": "FeatureCollection", "features": [{"type": "Feature", "geometry": {"type": "Polygon", "coordinates": [[[131.87244234430628, 43.31614111770896], [131.87243810472916, 43.3160511851456], [131.87231493918762, 43.31605428071136], [131.87231069981127, 43.315964348136575], [131.87243386517162, 43.315961252580465], [131.87242962563363, 43.315871320013606], [131.8726759559333, 43.31586512852339], [131.87268019583365, 43.31595506107092], [131.8728033611353, 43.31595196511746], [131.8728076012364, 43.31604189765357], [131.87268443575354, 43.3160449936167], [131.872688675693, 43.31613492616072], [131.87244234430628, 43.31614111770896]]]}, "properties": {"zone_id": "vladivostok-2025-11-19-001", "aoi": "vladivostok", "date": "2025-11-19", "scene_id": "S2B_MSIL2A_20251119T020859_R103_T52TGN_20251119T033950", "scene_datetime_utc": "2025-11-19T02:08:59.024000+00:00", "detection_status": "detected", "detection_status_ru": "обнаружено", "lon": 131.87256, "lat": 43.316, "n_pixels": 2, "zone_area_km2": 0.0008, "cover_m2": 28.6, "p_mean": 0.9, "p_max": 0.941, "cover_m2_km2": 35750.0, "h3": "88316ccc13fffff", "valid_frac_scene": 1.0, "wind_ms": 2.2, "sea": "спокойное", "scene_reliable": true, "field_event_id": "S4:DOORS3:T23", "field_profile": "B", "field_date": "2024-06-10", "field_distance_km": 6969.3, "field_date_gap_days": 527, "field_conc_items_km2": 102.37, "conc_A_items_km2": null, "conc_A_lo80": null, "conc_A_hi80": null, "conc_A_lo95": null, "conc_A_hi95": null, "conc_A_status": "unavailable", "conc_A_status_ru": "концентрация недоступна", "conc_A_reasons": "вне бассейна профиля: nw_atlantic_subtropical", "conc_A_model": "conc-A-c6bce5631d2b", "conc_B_items_km2": null, "conc_B_lo80": null, "conc_B_hi80": null, "conc_B_lo95": null, "conc_B_hi95": null, "conc_B_status": "unavailable", "conc_B_status_ru": "концентрация недоступна", "conc_B_reasons": "вне бассейна профиля: black_sea", "conc_B_model": "conc-B-c6bce5631d2b"}}, {"type": "Feature", "geometry": {"type": "Polygon", "coordinates": [[[131.81608292155522, 43.31601306582175], [131.81607876511305, 43.3159231288529], [131.81595559379966, 43.315926163722104], [131.8159472813352, 43.31574628976023], [131.8158241103651, 43.315749324477984], [131.81581995434283, 43.31565938748496], [131.81594312513175, 43.31565635277668], [131.8159389689475, 43.31556641579138], [131.81618946665208, 43.3156502829627], [131.81619362321797, 43.31574021992728], [131.81631679413053, 43.3157371848121], [131.81632510768225, 43.315917058717105], [131.81608292155522, 43.31601306582175]]]}, "properties": {"zone_id": "vladivostok-2025-11-19-002", "aoi": "vladivostok", "date": "2025-11-19", "scene_id": "S2B_MSIL2A_20251119T020859_R103_T52TGN_20251119T033950", "scene_datetime_utc": "2025-11-19T02:08:59.024000+00:00", "detection_status": "detected", "detection_status_ru": "обнаружено", "lon": 131.81609, "lat": 43.31579, "n_pixels": 3, "zone_area_km2": 0.0011, "cover_m2": 23.1, "p_mean": 0.837, "p_max": 0.925, "cover_m2_km2": 21000.0, "h3": "88316ccd1bfffff", "valid_frac_scene": 1.0, "wind_ms": 2.2, "sea": "спокойное", "scene_reliable": true, "field_event_id": "S4:DOORS3:T23", "field_profile": "B", "field_date": "2024-06-10", "field_distance_km": 6965.5, "field_date_gap_days": 527, "field_conc_items_km2": 102.37, "conc_A_items_km2": null, "conc_A_lo80": null, "conc_A_hi80": null, "conc_A_lo95": null, "conc_A_hi95": null, "conc_A_status": "unavailable", "conc_A_status_ru": "концентрация недоступна", "conc_A_reasons": "вне бассейна профиля: nw_atlantic_subtropical", "conc_A_model": "conc-A-c6bce5631d2b", "conc_B_items_km2": null, "conc_B_lo80": null, "conc_B_hi80": null, "conc_B_lo95": null, "conc_B_hi95": null, "conc_B_status": "unavailable", "conc_B_status_ru": "концентрация недоступна", "conc_B_reasons": "вне бассейна профиля: black_sea", "conc_B_model": "conc-B-c6bce5631d2b"}}, {"type": "Feature", "geometry": {"type": "Polygon", "coordinates": [[[131.81298702090632, 43.315729149214455], [131.81298286907105, 43.31563921200176], [131.8128596980033, 43.315642243521346], [131.81285139475267, 43.31546236907181], [131.81297456545798, 43.31545933757116], [131.8129704136802, 43.31536940035326], [131.81309358418517, 43.31536636872962], [131.81308943224533, 43.31527643151944], [131.8133399251376, 43.31536030508494], [131.8133523821593, 43.31563011664821], [131.81322921114904, 43.31563314856519], [131.8132333633467, 43.31572308575894], [131.81298702090632, 43.315729149214455]]]}, "properties": {"zone_id": "vladivostok-2025-11-19-003", "aoi": "vladivostok", "date": "2025-11-19", "scene_id": "S2B_MSIL2A_20251119T020859_R103_T52TGN_20251119T033950", "scene_datetime_utc": "2025-11-19T02:08:59.024000+00:00", "detection_status": "detected", "detection_status_ru": "обнаружено", "lon": 131.81311, "lat": 43.31552, "n_pixels": 5, "zone_area_km2": 0.0014, "cover_m2": 52.9, "p_mean": 0.942, "p_max": 0.984, "cover_m2_km2": 37785.7, "h3": "88316ccd1bfffff", "valid_frac_scene": 1.0, "wind_ms": 2.2, "sea": "спокойное", "scene_reliable": true, "field_event_id": "S4:DOORS3:T23", "field_profile": "B", "field_date": "2024-06-10", "field_distance_km": 6965.3, "field_date_gap_days": 527, "field_conc_items_km2": 102.37, "conc_A_items_km2": null, "conc_A_lo80": null, "conc_A_hi80": null, "conc_A_lo95": null, "conc_A_hi95": null, "conc_A_status": "unavailable", "conc_A_status_ru": "концентрация недоступна", "conc_A_reasons": "вне бассейна профиля: nw_atlantic_subtropical", "conc_A_model": "conc-A-c6bce5631d2b", "conc_B_items_km2": null, "conc_B_lo80": null, "conc_B_hi80": null, "conc_B_lo95": null, "conc_B_hi95": null, "conc_B_status": "unavailable", "conc_B_status_ru": "концентрация недоступна", "conc_B_reasons": "вне бассейна профиля: black_sea", "conc_B_model": "conc-B-c6bce5631d2b"}}, {"type": "Feature", "geometry": {"type": "Polygon", "coordinates": [[[131.9255465271083, 43.31524423667837], [131.92554220935446, 43.31515430832976], [131.92529157608521, 43.315070685217904], [131.92528725873348, 43.314980756846076], [131.92541041632995, 43.314977604302875], [131.92540609881704, 43.31488767593913], [131.9256567314632, 43.314971298819195], [131.92565241358798, 43.31488137047515], [131.92589872827924, 43.314875064481456], [131.9258944100617, 43.314785136155336], [131.9260175671963, 43.3147819829697], [131.926021885595, 43.314871911285984], [131.92614504289082, 43.31486875795807], [131.9261493614906, 43.31495868626274], [131.9262725189476, 43.31495553279255], [131.9262768377484, 43.315045461085596], [131.92615368011022, 43.31504861456562], [131.92615799874983, 43.31513854286676], [131.92591168305145, 43.31514484944924], [131.92591600134867, 43.315234777768296], [131.9255465271083, 43.31524423667837]]]}, "properties": {"zone_id": "vladivostok-2025-11-19-004", "aoi": "vladivostok", "date": "2025-11-19", "scene_id": "S2B_MSIL2A_20251119T020859_R103_T52TGN_20251119T033950", "scene_datetime_utc": "2025-11-19T02:08:59.024000+00:00", "detection_status": "detected", "detection_status_ru": "обнаружено", "lon": 131.9258, "lat": 43.31503, "n_pixels": 9, "zone_area_km2": 0.0023, "cover_m2": 282.4, "p_mean": 0.798, "p_max": 0.984, "cover_m2_km2": 122782.6, "h3": "88316cce97fffff", "valid_frac_scene": 1.0, "wind_ms": 2.2, "sea": "спокойное", "scene_reliable": true, "field_event_id": "S4:DOORS3:T23", "field_profile": "B", "field_date": "2024-06-10", "field_distance_km": 6972.9, "field_date_gap_days": 527, "field_conc_items_km2": 102.37, "conc_A_items_km2": null, "conc_A_lo80": null, "conc_A_hi80": null, "conc_A_lo95": null, "conc_A_hi95": null, "conc_A_status": "unavailable", "conc_A_status_ru": "концентрация недоступна", "conc_A_reasons": "вне бассейна профиля: nw_atlantic_subtropical", "conc_A_model": "conc-A-c6bce5631d2b", "conc_B_items_km2": null, "conc_B_lo80": null, "conc_B_hi80": null, "conc_B_lo95": null, "conc_B_hi95": null, "conc_B_status": "unavailable", "conc_B_status_ru": "концентрация недоступна", "conc_B_reasons": "вне бассейна профиля: black_sea", "conc_B_model": "conc-B-c6bce5631d2b"}}, {"type": "Feature", "geometry": {"type": "Polygon", "coordinates": [[[131.92677378764702, 43.31512277409311], [131.92676946810178, 43.315032845841216], [131.9266463105433, 43.31503599985095], [131.92664199119912, 43.31494607158746], [131.92676514857646, 43.31494291758758], [131.92676082907107, 43.31485298933219], [131.9270114632713, 43.31493660919055], [131.92701578315888, 43.31502653742449], [131.92689262564028, 43.31502969169907], [131.92689694536668, 43.3151196199411], [131.92677378764702, 43.31512277409311]]]}, "properties": {"zone_id": "vladivostok-2025-11-19-005", "aoi": "vladivostok", "date": "2025-11-19", "scene_id": "S2B_MSIL2A_20251119T020859_R103_T52TGN_20251119T033950", "scene_datetime_utc": "2025-11-19T02:08:59.024000+00:00", "detection_status": "detected", "detection_status_ru": "обнаружено", "lon": 131.92683, "lat": 43.31499, "n_pixels": 1, "zone_area_km2": 0.0005, "cover_m2": 35.7, "p_mean": 0.933, "p_max": 0.933, "cover_m2_km2": 71400.0, "h3": "88316cce97fffff", "valid_frac_scene": 1.0, "wind_ms": 2.2, "sea": "спокойное", "scene_reliable": true, "field_event_id": "S4:DOORS3:T23", "field_profile": "B", "field_date": "2024-06-10", "field_distance_km": 6973.0, "field_date_gap_days": 527, "field_conc_items_km2": 102.37, "conc_A_items_km2": null, "conc_A_lo80": null, "conc_A_hi80": null, "conc_A_lo95": null, "conc_A_hi95": null, "conc_A_status": "unavailable", "conc_A_status_ru": "концентрация недоступна", "conc_A_reasons": "вне бассейна профиля: nw_atlantic_subtropical", "conc_A_model": "conc-A-c6bce5631d2b", "conc_B_items_km2": null, "conc_B_lo80": null, "conc_B_hi80": null, "conc_B_lo95": null, "conc_B_hi95": null, "conc_B_status": "unavailable", "conc_B_status_ru": "концентрация недоступна", "conc_B_reasons": "вне бассейна профиля: black_sea", "conc_B_model": "conc-B-c6bce5631d2b"}}, {"type": "Feature", "geometry": {"type": "Polygon", "coordinates": [[[131.92739389651683, 43.31519693020966], [131.92738957604598, 43.315107002008816], [131.92726641840605, 43.31511015669052], [131.92725345765652, 43.31484037204782], [131.92737661475306, 43.31483721739568], [131.92737229436193, 43.314747289187764], [131.9274954512574, 43.31474413441304], [131.92749977182964, 43.3148340626111], [131.92786924293986, 43.314824597462824], [131.9278735640754, 43.314914525629554], [131.9279967212534, 43.314911370305424], [131.92799239993673, 43.31482144214856], [131.92836187080766, 43.31481197541121], [131.92835754896754, 43.31472204728214], [131.92921964570056, 43.31469995366249], [131.92921532261246, 43.314610025600665], [131.92946163542302, 43.31460371196583], [131.92946595887335, 43.31469364000793], [131.92958911542982, 43.314690482982016], [131.92959343908126, 43.3147804110125], [131.92947028234363, 43.31478356804827], [131.9294746058339, 43.31487349608683], [131.92898630074515, 43.31497605102139], [131.92899062355076, 43.315065979095884], [131.92873998632604, 43.314982363675725], [131.92874430876938, 43.31507229176994], [131.92849799390822, 43.31507860391428], [131.92850231600926, 43.31516853202643], [131.92837915836762, 43.31517168790982], [131.92837483644774, 43.31508175978782], [131.9282516789673, 43.315084915528935], [131.92825600070606, 43.31517484366079], [131.92739389651683, 43.31519693020966]]]}, "properties": {"zone_id": "vladivostok-2025-11-19-006", "aoi": "vladivostok", "date": "2025-11-19", "scene_id": "S2B_MSIL2A_20251119T020859_R103_T52TGN_20251119T033950", "scene_datetime_utc": "2025-11-19T02:08:59.024000+00:00", "detection_status": "detected", "detection_status_ru": "обнаружено", "lon": 131.92829, "lat": 43.31494, "n_pixels": 29, "zone_area_km2": 0.0067, "cover_m2": 1071.8, "p_mean": 0.67, "p_max": 0.988, "cover_m2_km2": 159970.1, "h3": "88316cce97fffff", "valid_frac_scene": 1.0, "wind_ms": 2.2, "sea": "спокойное", "scene_reliable": true, "field_event_id": "S4:DOORS3:T23", "field_profile": "B", "field_date": "2024-06-10", "field_distance_km": 6973.1, "field_date_gap_days": 527, "field_conc_items_km2": 102.37, "conc_A_items_km2": null, "conc_A_lo80": null, "conc_A_hi80": null, "conc_A_lo95": null, "conc_A_hi95": null, "conc_A_status": "unavailable", "conc_A_status_ru": "концентрация недоступна", "conc_A_reasons": "вне бассейна профиля: nw_atlantic_subtropical", "conc_A_model": "conc-A-c6bce5631d2b", "conc_B_items_km2": null, "conc_B_lo80": null, "conc_B_hi80": null, "conc_B_lo95": null, "conc_B_hi95": null, "conc_B_status": "unavailable", "conc_B_status_ru": "концентрация недоступна", "conc_B_reasons": "вне бассейна профиля: black_sea", "conc_B_model": "conc-B-c6bce5631d2b"}}, {"type": "Feature", "geometry": {"type": "Polygon", "coordinates": [[[131.92639567638471, 43.31495237918995], [131.92639135742272, 43.31486245090499], [131.92626820016673, 43.31486560449775], [131.9262638814058, 43.314775676201165], [131.9263870384806, 43.31477252261827], [131.9263827195585, 43.314682594329774], [131.92663335257055, 43.31476621505519], [131.92663767187486, 43.3148561433222], [131.92651451465875, 43.31485929717981], [131.92651883380188, 43.31494922545492], [131.92639567638471, 43.31495237918995]]]}, "properties": {"zone_id": "vladivostok-2025-11-19-007", "aoi": "vladivostok", "date": "2025-11-19", "scene_id": "S2B_MSIL2A_20251119T020859_R103_T52TGN_20251119T033950", "scene_datetime_utc": "2025-11-19T02:08:59.024000+00:00", "detection_status": "detected", "detection_status_ru": "обнаружено", "lon": 131.92645, "lat": 43.31482, "n_pixels": 1, "zone_area_km2": 0.0005, "cover_m2": 30.6, "p_mean": 0.722, "p_max": 0.722, "cover_m2_km2": 61200.0, "h3": "88316cce97fffff", "valid_frac_scene": 1.0, "wind_ms": 2.2, "sea": "спокойное", "scene_reliable": true, "field_event_id": "S4:DOORS3:T23", "field_profile": "B", "field_date": "2024-06-10", "field_distance_km": 6973.0, "field_date_gap_days": 527, "field_conc_items_km2": 102.37, "conc_A_items_km2": null, "conc_A_lo80": null, "conc_A_hi80": null, "conc_A_lo95": null, "conc_A_hi95": null, "conc_A_status": "unavailable", "conc_A_status_ru": "концентрация недоступна", "conc_A_reasons": "вне бассейна профиля: nw_atlantic_subtropical", "conc_A_model": "conc-A-c6bce5631d2b", "conc_B_items_km2": null, "conc_B_lo80": null, "conc_B_hi80": null, "conc_B_lo95": null, "conc_B_hi95": null, "conc_B_status": "unavailable", "conc_B_status_ru": "концентрация недоступна", "conc_B_reasons": "вне бассейна профиля: black_sea", "conc_B_model": "conc-B-c6bce5631d2b"}}, {"type": "Feature", "geometry": {"type": "Polygon", "coordinates": [[[131.78445175932453, 43.31462712516195], [131.7844476497309, 43.31453718573804], [131.78432447788455, 43.314540186468435], [131.7843203684911, 43.31445024703342], [131.78444354015625, 43.3144472463124], [131.78443943060057, 43.31435730688502], [131.78468988342965, 43.31444124447294], [131.78469399336674, 43.31453118387984], [131.7845708215583, 43.314534184875185], [131.78457493133314, 43.314624124289715], [131.78445175932453, 43.31462712516195]]]}, "properties": {"zone_id": "vladivostok-2025-11-19-008", "aoi": "vladivostok", "date": "2025-11-19", "scene_id": "S2B_MSIL2A_20251119T020859_R103_T52TGN_20251119T033950", "scene_datetime_utc": "2025-11-19T02:08:59.024000+00:00", "detection_status": "detected", "detection_status_ru": "обнаружено", "lon": 131.78451, "lat": 43.31449, "n_pixels": 1, "zone_area_km2": 0.0005, "cover_m2": 23.1, "p_mean": 0.957, "p_max": 0.957, "cover_m2_km2": 46200.0, "h3": "88316ccd39fffff", "valid_frac_scene": 1.0, "wind_ms": 2.2, "sea": "спокойное", "scene_reliable": true, "field_event_id": "S4:DOORS3:T23", "field_profile": "B", "field_date": "2024-06-10", "field_distance_km": 6963.5, "field_date_gap_days": 527, "field_conc_items_km2": 102.37, "conc_A_items_km2": null, "conc_A_lo80": null, "conc_A_hi80": null, "conc_A_lo95": null, "conc_A_hi95": null, "conc_A_status": "unavailable", "conc_A_status_ru": "концентрация недоступна", "conc_A_reasons": "вне бассейна профиля: nw_atlantic_subtropical", "conc_A_model": "conc-A-c6bce5631d2b", "conc_B_items_km2": null, "conc_B_lo80": null, "conc_B_hi80": null, "conc_B_lo95": null, "conc_B_hi95": null, "conc_B_status": "unavailable", "conc_B_status_ru": "концентрация недоступна", "conc_B_reasons": "вне бассейна профиля: black_sea", "conc_B_model": "conc-B-c6bce5631d2b"}}, {"type": "Feature", "geometry": {"type": "Polygon", "coordinates": [[[131.92700282355594, 43.314756752717386], [131.92699850372813, 43.314666824478145], [131.92674787067446, 43.31458320455537], [131.9267435512488, 43.3144932762929], [131.92686670770053, 43.314490122209854], [131.92686238811368, 43.314400193955464], [131.92723185680595, 43.314390730941355], [131.92722753669565, 43.31430080271477], [131.92808962834542, 43.3142787177827], [131.92808530698716, 43.31418878962334], [131.92870108523326, 43.31417301074851], [131.92870540749715, 43.3142629388586], [131.92882856326767, 43.31425978267651], [131.9288328857326, 43.31434971077497], [131.92870972978093, 43.314352866966914], [131.9287140520847, 43.314442795073475], [131.9282214273542, 43.31445541855646], [131.9282257489534, 43.31454534670068], [131.92748681017275, 43.31456427801164], [131.9274911307051, 43.31465420621323], [131.92712166050228, 43.314663670110555], [131.92712598051122, 43.314753598339934], [131.92700282355594, 43.314756752717386]]]}, "properties": {"zone_id": "vladivostok-2025-11-19-009", "aoi": "vladivostok", "date": "2025-11-19", "scene_id": "S2B_MSIL2A_20251119T020859_R103_T52TGN_20251119T033950", "scene_datetime_utc": "2025-11-19T02:08:59.024000+00:00", "detection_status": "detected", "detection_status_ru": "обнаружено", "lon": 131.92772, "lat": 43.31443, "n_pixels": 19, "zone_area_km2": 0.0051, "cover_m2": 603.1, "p_mean": 0.88, "p_max": 0.996, "cover_m2_km2": 118254.9, "h3": "88316cce97fffff", "valid_frac_scene": 1.0, "wind_ms": 2.2, "sea": "спокойное", "scene_reliable": true, "field_event_id": "S4:DOORS3:T23", "field_profile": "B", "field_date": "2024-06-10", "field_distance_km": 6973.1, "field_date_gap_days": 527, "field_conc_items_km2": 102.37, "conc_A_items_km2": null, "conc_A_lo80": null, "conc_A_hi80": null, "conc_A_lo95": null, "conc_A_hi95": null, "conc_A_status": "unavailable", "conc_A_status_ru": "концентрация недоступна", "conc_A_reasons": "вне бассейна профиля: nw_atlantic_subtropical", "conc_A_model": "conc-A-c6bce5631d2b", "conc_B_items_km2": null, "conc_B_lo80": null, "conc_B_hi80": null, "conc_B_lo95": null, "conc_B_hi95": null, "conc_B_status": "unavailable", "conc_B_status_ru": "концентрация недоступна", "conc_B_reasons": "вне бассейна профиля: black_sea", "conc_B_model": "conc-B-c6bce5631d2b"}}, {"type": "Feature", "geometry": {"type": "Polygon", "coordinates": [[[131.78506350867823, 43.31452218009899], [131.78505939819752, 43.314432240720215], [131.7849362266272, 43.31443524210359], [131.78493211634665, 43.31434530271372], [131.78505528773576, 43.314342301339714], [131.78505117729293, 43.314252361957486], [131.78530163045704, 43.31433629819429], [131.78530574128126, 43.31442623755604], [131.78518256974888, 43.314429239204365], [131.78518668041082, 43.31451917857376], [131.78506350867823, 43.31452218009899]]]}, "properties": {"zone_id": "vladivostok-2025-11-19-010", "aoi": "vladivostok", "date": "2025-11-19", "scene_id": "S2B_MSIL2A_20251119T020859_R103_T52TGN_20251119T033950", "scene_datetime_utc": "2025-11-19T02:08:59.024000+00:00", "detection_status": "detected", "detection_status_ru": "обнаружено", "lon": 131.78512, "lat": 43.31439, "n_pixels": 1, "zone_area_km2": 0.0005, "cover_m2": 24.7, "p_mean": 0.894, "p_max": 0.894, "cover_m2_km2": 49400.0, "h3": "88316ccd39fffff", "valid_frac_scene": 1.0, "wind_ms": 2.2, "sea": "спокойное", "scene_reliable": true, "field_event_id": "S4:DOORS3:T23", "field_profile": "B", "field_date": "2024-06-10", "field_distance_km": 6963.5, "field_date_gap_days": 527, "field_conc_items_km2": 102.37, "conc_A_items_km2": null, "conc_A_lo80": null, "conc_A_hi80": null, "conc_A_lo95": null, "conc_A_hi95": null, "conc_A_status": "unavailable", "conc_A_status_ru": "концентрация недоступна", "conc_A_reasons": "вне бассейна профиля: nw_atlantic_subtropical", "conc_A_model": "conc-A-c6bce5631d2b", "conc_B_items_km2": null, "conc_B_lo80": null, "conc_B_hi80": null, "conc_B_lo95": null, "conc_B_hi95": null, "conc_B_status": "unavailable", "conc_B_status_ru": "концентрация недоступна", "conc_B_reasons": "вне бассейна профиля: black_sea", "conc_B_model": "conc-B-c6bce5631d2b"}}, {"type": "Feature", "geometry": {"type": "Polygon", "coordinates": [[[131.9329013494058, 43.31433540992386], [131.93289702094387, 43.31424548215273], [131.9327738656508, 43.31424864271455], [131.93276953738996, 43.314158714931764], [131.93289269250192, 43.31415555437982], [131.9328883640799, 43.31406562660514], [131.9331390026659, 43.31414923287866], [131.93314333147012, 43.314239160631814], [131.93302017621698, 43.31424232145849], [131.93302450486004, 43.31433224921975], [131.9329013494058, 43.31433540992386]]]}, "properties": {"zone_id": "vladivostok-2025-11-19-011", "aoi": "vladivostok", "date": "2025-11-19", "scene_id": "S2B_MSIL2A_20251119T020859_R103_T52TGN_20251119T033950", "scene_datetime_utc": "2025-11-19T02:08:59.024000+00:00", "detection_status": "detected", "detection_status_ru": "обнаружено", "lon": 131.93296, "lat": 43.3142, "n_pixels": 1, "zone_area_km2": 0.0005, "cover_m2": 38.8, "p_mean": 0.941, "p_max": 0.941, "cover_m2_km2": 77600.0, "h3": "88316cce97fffff", "valid_frac_scene": 1.0, "wind_ms": 2.2, "sea": "спокойное", "scene_reliable": true, "field_event_id": "S4:DOORS3:T23", "field_profile": "B", "field_date": "2024-06-10", "field_distance_km": 6973.5, "field_date_gap_days": 527, "field_conc_items_km2": 102.37, "conc_A_items_km2": null, "conc_A_lo80": null, "conc_A_hi80": null, "conc_A_lo95": null, "conc_A_hi95": null, "conc_A_status": "unavailable", "conc_A_status_ru": "концентрация недоступна", "conc_A_reasons": "вне бассейна профиля: nw_atlantic_subtropical", "conc_A_model": "conc-A-c6bce5631d2b", "conc_B_items_km2": null, "conc_B_lo80": null, "conc_B_hi80": null, "conc_B_lo95": null, "conc_B_hi95": null, "conc_B_status": "unavailable", "conc_B_status_ru": "концентрация недоступна", "conc_B_reasons": "вне бассейна профиля: black_sea", "conc_B_model": "conc-B-c6bce5631d2b"}}, {"type": "Feature", "geometry": {"type": "Polygon", "coordinates": [[[131.9290748747489, 43.31425346991506], [131.92907055194163, 43.31416354183457], [131.92894739639212, 43.31416669827163], [131.92894307378594, 43.31407677017948], [131.92906622915433, 43.31407361375228], [131.92906190638698, 43.31398368566824], [131.92930821670168, 43.31397737243627], [131.92930389359205, 43.31388744437018], [131.92942704853834, 43.31388428756543], [131.92943137182914, 43.31397421562166], [131.9295545269366, 43.31397105867463], [131.92955885042846, 43.314060986719234], [131.9293168629808, 43.31415722856316], [131.9293211861503, 43.314247156623956], [131.9290748747489, 43.31425346991506]]]}, "properties": {"zone_id": "vladivostok-2025-11-19-012", "aoi": "vladivostok", "date": "2025-11-19", "scene_id": "S2B_MSIL2A_20251119T020859_R103_T52TGN_20251119T033950", "scene_datetime_utc": "2025-11-19T02:08:59.024000+00:00", "detection_status": "detected", "detection_status_ru": "обнаружено", "lon": 131.92925, "lat": 43.31408, "n_pixels": 3, "zone_area_km2": 0.0011, "cover_m2": 89.0, "p_mean": 0.869, "p_max": 0.976, "cover_m2_km2": 80909.1, "h3": "88316cce97fffff", "valid_frac_scene": 1.0, "wind_ms": 2.2, "sea": "спокойное", "scene_reliable": true, "field_event_id": "S4:DOORS3:T23", "field_profile": "B", "field_date": "2024-06-10", "field_distance_km": 6973.2, "field_date_gap_days": 527, "field_conc_items_km2": 102.37, "conc_A_items_km2": null, "conc_A_lo80": null, "conc_A_hi80": null, "conc_A_lo95": null, "conc_A_hi95": null, "conc_A_status": "unavailable", "conc_A_status_ru": "концентрация недоступна", "conc_A_reasons": "вне бассейна профиля: nw_atlantic_subtropical", "conc_A_model": "conc-A-c6bce5631d2b", "conc_B_items_km2": null, "conc_B_lo80": null, "conc_B_hi80": null, "conc_B_lo95": null, "conc_B_hi95": null, "conc_B_status": "unavailable", "conc_B_status_ru": "концентрация недоступна", "conc_B_reasons": "вне бассейна профиля: black_sea", "conc_B_model": "conc-B-c6bce5631d2b"}}, {"type": "Feature", "geometry": {"type": "MultiPolygon", "coordinates": [[[[131.931142564099, 43.31366022255338], [131.9311468898855, 43.313750150475045], [131.9312700443514, 43.31374699169389], [131.93126571838377, 43.31365706378208], [131.93138887264863, 43.31365390487836], [131.9313845465198, 43.313563976974656], [131.93162652815633, 43.313467730903966], [131.9316222017052, 43.31337780301646], [131.93149904802362, 43.313380962155414], [131.93149472177362, 43.313291034256274], [131.93124841471285, 43.31329735211718], [131.93125274060063, 43.31338728003606], [131.93112958685919, 43.31339043877775], [131.93113823833244, 43.313570294629926], [131.9310150842088, 43.31357345325894], [131.93101940979423, 43.313663381192264], [131.931142564099, 43.31366022255338]]], [[[131.93089625546952, 43.31366653969872], [131.9308919300652, 43.31357661175554], [131.93064562171816, 43.31358292835149], [131.93064994676024, 43.3136728563144], [131.93052679237567, 43.3136760144236], [131.9305311172566, 43.31376594239459], [131.93078175163114, 43.31384955397355], [131.93079040221727, 43.314029409867246], [131.93104103802082, 43.3141130208323], [131.93103671233558, 43.31402309290782], [131.9311598673648, 43.31401993422948], [131.93115121569198, 43.31384007839496], [131.931028061025, 43.31384323705359], [131.93101940979423, 43.313663381192264], [131.93089625546952, 43.31366653969872]]]]}, "properties": {"zone_id": "vladivostok-2025-11-19-013", "aoi": "vladivostok", "date": "2025-11-19", "scene_id": "S2B_MSIL2A_20251119T020859_R103_T52TGN_20251119T033950", "scene_datetime_utc": "2025-11-19T02:08:59.024000+00:00", "detection_status": "detected", "detection_status_ru": "обнаружено", "lon": 131.9311, "lat": 43.31366, "n_pixels": 8, "zone_area_km2": 0.0029, "cover_m2": 229.4, "p_mean": 0.799, "p_max": 0.949, "cover_m2_km2": 79103.4, "h3": "88316cce97fffff", "valid_frac_scene": 1.0, "wind_ms": 2.2, "sea": "спокойное", "scene_reliable": true, "field_event_id": "S4:DOORS3:T23", "field_profile": "B", "field_date": "2024-06-10", "field_distance_km": 6973.4, "field_date_gap_days": 527, "field_conc_items_km2": 102.37, "conc_A_items_km2": null, "conc_A_lo80": null, "conc_A_hi80": null, "conc_A_lo95": null, "conc_A_hi95": null, "conc_A_status": "unavailable", "conc_A_status_ru": "концентрация недоступна", "conc_A_reasons": "вне бассейна профиля: nw_atlantic_subtropical", "conc_A_model": "conc-A-c6bce5631d2b", "conc_B_items_km2": null, "conc_B_lo80": null, "conc_B_hi80": null, "conc_B_lo95": null, "conc_B_hi95": null, "conc_B_status": "unavailable", "conc_B_status_ru": "концентрация недоступна", "conc_B_reasons": "вне бассейна профиля: black_sea", "conc_B_model": "conc-B-c6bce5631d2b"}}, {"type": "Feature", "geometry": {"type": "Polygon", "coordinates": [[[131.9323870889016, 43.31389841234532], [131.93238276126397, 43.313808484525865], [131.9322596067966, 43.313811644508654], [131.9322552793601, 43.313721716677534], [131.93237843364633, 43.31371855670462], [131.93237410604866, 43.31362862888164], [131.9324972601338, 43.313625468786164], [131.932492932375, 43.31353554097127], [131.93274356824426, 43.31361914819798], [131.9327392401232, 43.313529220402835], [131.93286239396735, 43.31352605991999], [131.93285806568514, 43.31343613213294], [131.93298121932818, 43.31343297152755], [131.93298554779153, 43.31352289930472], [131.93310870159573, 43.313519738557034], [131.9331043729513, 43.313429810789735], [131.93335068013758, 43.31342348891689], [131.9333550091442, 43.31351341666444], [131.93347816288852, 43.31351025551951], [131.93348249209626, 43.313600183255424], [131.93335933817085, 43.313603344410225], [131.93336366721746, 43.31369327215424], [131.93299420477805, 43.313702754853765], [131.93299853330126, 43.31379268262563], [131.93275222454628, 43.31379900378298], [131.93274789638528, 43.313709075991355], [131.93262474215894, 43.313712236361525], [131.9326290701388, 43.313802164163015], [131.93250591571137, 43.31380532441065], [131.9325102435301, 43.313895252220235], [131.9323870889016, 43.31389841234532]]]}, "properties": {"zone_id": "vladivostok-2025-11-19-014", "aoi": "vladivostok", "date": "2025-11-19", "scene_id": "S2B_MSIL2A_20251119T020859_R103_T52TGN_20251119T033950", "scene_datetime_utc": "2025-11-19T02:08:59.024000+00:00", "detection_status": "detected", "detection_status_ru": "обнаружено", "lon": 131.93288, "lat": 43.31364, "n_pixels": 7, "zone_area_km2": 0.0024, "cover_m2": 218.8, "p_mean": 0.903, "p_max": 0.988, "cover_m2_km2": 91166.7, "h3": "88316cce97fffff", "valid_frac_scene": 1.0, "wind_ms": 2.2, "sea": "спокойное", "scene_reliable": true, "field_event_id": "S4:DOORS3:T23", "field_profile": "B", "field_date": "2024-06-10", "field_distance_km": 6973.5, "field_date_gap_days": 527, "field_conc_items_km2": 102.37, "conc_A_items_km2": null, "conc_A_lo80": null, "conc_A_hi80": null, "conc_A_lo95": null, "conc_A_hi95": null, "conc_A_status": "unavailable", "conc_A_status_ru": "концентрация недоступна", "conc_A_reasons": "вне бассейна профиля: nw_atlantic_subtropical", "conc_A_model": "conc-A-c6bce5631d2b", "conc_B_items_km2": null, "conc_B_lo80": null, "conc_B_hi80": null, "conc_B_lo95": null, "conc_B_hi95": null, "conc_B_status": "unavailable", "conc_B_status_ru": "концентрация недоступна", "conc_B_reasons": "вне бассейна профиля: black_sea", "conc_B_model": "conc-B-c6bce5631d2b"}}, {"type": "Feature", "geometry": {"type": "Polygon", "coordinates": [[[131.9285563195093, 43.3137265261621], [131.9285519975462, 43.31363659803156], [131.92842884300364, 43.31363975387979], [131.9284245212416, 43.313549825737624], [131.92854767560303, 43.313546669899246], [131.92854335367983, 43.31345674176517], [131.9287939842661, 43.313540357825225], [131.9287983065715, 43.31363028593782], [131.92867515206882, 43.31363344205089], [131.92867947421306, 43.31372337017158], [131.9285563195093, 43.3137265261621]]]}, "properties": {"zone_id": "vladivostok-2025-11-19-015", "aoi": "vladivostok", "date": "2025-11-19", "scene_id": "S2B_MSIL2A_20251119T020859_R103_T52TGN_20251119T033950", "scene_datetime_utc": "2025-11-19T02:08:59.024000+00:00", "detection_status": "detected", "detection_status_ru": "обнаружено", "lon": 131.92861, "lat": 43.31359, "n_pixels": 1, "zone_area_km2": 0.0005, "cover_m2": 19.2, "p_mean": 0.886, "p_max": 0.886, "cover_m2_km2": 38400.0, "h3": "88316cce97fffff", "valid_frac_scene": 1.0, "wind_ms": 2.2, "sea": "спокойное", "scene_reliable": true, "field_event_id": "S4:DOORS3:T23", "field_profile": "B", "field_date": "2024-06-10", "field_distance_km": 6973.2, "field_date_gap_days": 527, "field_conc_items_km2": 102.37, "conc_A_items_km2": null, "conc_A_lo80": null, "conc_A_hi80": null, "conc_A_lo95": null, "conc_A_hi95": null, "conc_A_status": "unavailable", "conc_A_status_ru": "концентрация недоступна", "conc_A_reasons": "вне бассейна профиля: nw_atlantic_subtropical", "conc_A_model": "conc-A-c6bce5631d2b", "conc_B_items_km2": null, "conc_B_lo80": null, "conc_B_hi80": null, "conc_B_lo95": null, "conc_B_hi95": null, "conc_B_status": "unavailable", "conc_B_status_ru": "концентрация недоступна", "conc_B_reasons": "вне бассейна профиля: black_sea", "conc_B_model": "conc-B-c6bce5631d2b"}}, {"type": "Feature", "geometry": {"type": "Polygon", "coordinates": [[[131.78305168341845, 43.31367079112103], [131.78304757602672, 43.313580851574955], [131.7829244059652, 43.313583850745076], [131.7829202987736, 43.31349391118791], [131.78304346865397, 43.31349091202716], [131.78303936130015, 43.31340097247763], [131.78328980835778, 43.313484913308244], [131.78329391609296, 43.3135748528373], [131.78317074606935, 43.31357785227236], [131.78317485364227, 43.31366779180905], [131.78305168341845, 43.31367079112103]]]}, "properties": {"zone_id": "vladivostok-2025-11-19-016", "aoi": "vladivostok", "date": "2025-11-19", "scene_id": "S2B_MSIL2A_20251119T020859_R103_T52TGN_20251119T033950", "scene_datetime_utc": "2025-11-19T02:08:59.024000+00:00", "detection_status": "detected", "detection_status_ru": "обнаружено", "lon": 131.78311, "lat": 43.31353, "n_pixels": 1, "zone_area_km2": 0.0005, "cover_m2": 14.5, "p_mean": 0.537, "p_max": 0.537, "cover_m2_km2": 29000.0, "h3": "88316ccd39fffff", "valid_frac_scene": 1.0, "wind_ms": 2.2, "sea": "спокойное", "scene_reliable": true, "field_event_id": "S4:DOORS3:T23", "field_profile": "B", "field_date": "2024-06-10", "field_distance_km": 6963.4, "field_date_gap_days": 527, "field_conc_items_km2": 102.37, "conc_A_items_km2": null, "conc_A_lo80": null, "conc_A_hi80": null, "conc_A_lo95": null, "conc_A_hi95": null, "conc_A_status": "unavailable", "conc_A_status_ru": "концентрация недоступна", "conc_A_reasons": "вне бассейна профиля: nw_atlantic_subtropical", "conc_A_model": "conc-A-c6bce5631d2b", "conc_B_items_km2": null, "conc_B_lo80": null, "conc_B_hi80": null, "conc_B_lo95": null, "conc_B_hi95": null, "conc_B_status": "unavailable", "conc_B_status_ru": "концентрация недоступна", "conc_B_reasons": "вне бассейна профиля: black_sea", "conc_B_model": "conc-B-c6bce5631d2b"}}, {"type": "Feature", "geometry": {"type": "Polygon", "coordinates": [[[131.78354436419997, 43.31365879307836], [131.7835402560834, 43.31356885356977], [131.78341708609767, 43.31357185326977], [131.78341297818127, 43.31348191375009], [131.78353614798579, 43.31347891405946], [131.78353203990716, 43.313388974547415], [131.783782487538, 43.31347291428079], [131.78378659599798, 43.31356285377237], [131.7836634260502, 43.3135658537373], [131.78366753434793, 43.313655793236514], [131.78354436419997, 43.31365879307836]]]}, "properties": {"zone_id": "vladivostok-2025-11-19-017", "aoi": "vladivostok", "date": "2025-11-19", "scene_id": "S2B_MSIL2A_20251119T020859_R103_T52TGN_20251119T033950", "scene_datetime_utc": "2025-11-19T02:08:59.024000+00:00", "detection_status": "detected", "detection_status_ru": "обнаружено", "lon": 131.7836, "lat": 43.31352, "n_pixels": 1, "zone_area_km2": 0.0005, "cover_m2": 18.4, "p_mean": 0.576, "p_max": 0.576, "cover_m2_km2": 36800.0, "h3": "88316ccd39fffff", "valid_frac_scene": 1.0, "wind_ms": 2.2, "sea": "спокойное", "scene_reliable": true, "field_event_id": "S4:DOORS3:T23", "field_profile": "B", "field_date": "2024-06-10", "field_distance_km": 6963.5, "field_date_gap_days": 527, "field_conc_items_km2": 102.37, "conc_A_items_km2": null, "conc_A_lo80": null, "conc_A_hi80": null, "conc_A_lo95": null, "conc_A_hi95": null, "conc_A_status": "unavailable", "conc_A_status_ru": "концентрация недоступна", "conc_A_reasons": "вне бассейна профиля: nw_atlantic_subtropical", "conc_A_model": "conc-A-c6bce5631d2b", "conc_B_items_km2": null, "conc_B_lo80": null, "conc_B_hi80": null, "conc_B_lo95": null, "conc_B_hi95": null, "conc_B_status": "unavailable", "conc_B_status_ru": "концентрация недоступна", "conc_B_reasons": "вне бассейна профиля: black_sea", "conc_B_model": "conc-B-c6bce5631d2b"}}, {"type": "Feature", "geometry": {"type": "Polygon", "coordinates": [[[131.78576142396258, 43.31360477565748], [131.78575731258425, 43.313514836317644], [131.78563414293987, 43.31351783840207], [131.78563003176174, 43.31342789905113], [131.78575320122494, 43.313424896976066], [131.78574908988458, 43.313334957632776], [131.7859995400944, 43.313418892428565], [131.78600365181612, 43.31350883175137], [131.78588048220968, 43.31351183410076], [131.7858845937692, 43.31360177343121], [131.78576142396258, 43.31360477565748]]]}, "properties": {"zone_id": "vladivostok-2025-11-19-018", "aoi": "vladivostok", "date": "2025-11-19", "scene_id": "S2B_MSIL2A_20251119T020859_R103_T52TGN_20251119T033950", "scene_datetime_utc": "2025-11-19T02:08:59.024000+00:00", "detection_status": "detected", "detection_status_ru": "обнаружено", "lon": 131.78582, "lat": 43.31347, "n_pixels": 1, "zone_area_km2": 0.0005, "cover_m2": 19.2, "p_mean": 0.847, "p_max": 0.847, "cover_m2_km2": 38400.0, "h3": "88316ccd39fffff", "valid_frac_scene": 1.0, "wind_ms": 2.2, "sea": "спокойное", "scene_reliable": true, "field_event_id": "S4:DOORS3:T23", "field_profile": "B", "field_date": "2024-06-10", "field_distance_km": 6963.6, "field_date_gap_days": 527, "field_conc_items_km2": 102.37, "conc_A_items_km2": null, "conc_A_lo80": null, "conc_A_hi80": null, "conc_A_lo95": null, "conc_A_hi95": null, "conc_A_status": "unavailable", "conc_A_status_ru": "концентрация недоступна", "conc_A_reasons": "вне бассейна профиля: nw_atlantic_subtropical", "conc_A_model": "conc-A-c6bce5631d2b", "conc_B_items_km2": null, "conc_B_lo80": null, "conc_B_hi80": null, "conc_B_lo95": null, "conc_B_hi95": null, "conc_B_status": "unavailable", "conc_B_status_ru": "концентрация недоступна", "conc_B_reasons": "вне бассейна профиля: black_sea", "conc_B_model": "conc-B-c6bce5631d2b"}}, {"type": "Feature", "geometry": {"type": "Polygon", "coordinates": [[[131.78415199672406, 43.31346391361928], [131.78414788773938, 43.31337397415411], [131.78402471821084, 43.3133769744977], [131.78402060942634, 43.31328703502141], [131.78414377877363, 43.31328403468718], [131.78413966982689, 43.31319409521853], [131.78439011741142, 43.31327803362133], [131.78439422673955, 43.3133679730695], [131.78427105724893, 43.31337097367804], [131.78427516641486, 43.313460913133845], [131.78415199672406, 43.31346391361928]]]}, "properties": {"zone_id": "vladivostok-2025-11-19-019", "aoi": "vladivostok", "date": "2025-11-19", "scene_id": "S2B_MSIL2A_20251119T020859_R103_T52TGN_20251119T033950", "scene_datetime_utc": "2025-11-19T02:08:59.024000+00:00", "detection_status": "detected", "detection_status_ru": "обнаружено", "lon": 131.78421, "lat": 43.31333, "n_pixels": 1, "zone_area_km2": 0.0005, "cover_m2": 16.9, "p_mean": 0.796, "p_max": 0.796, "cover_m2_km2": 33800.0, "h3": "88316ccd39fffff", "valid_frac_scene": 1.0, "wind_ms": 2.2, "sea": "спокойное", "scene_reliable": true, "field_event_id": "S4:DOORS3:T23", "field_profile": "B", "field_date": "2024-06-10", "field_distance_km": 6963.5, "field_date_gap_days": 527, "field_conc_items_km2": 102.37, "conc_A_items_km2": null, "conc_A_lo80": null, "conc_A_hi80": null, "conc_A_lo95": null, "conc_A_hi95": null, "conc_A_status": "unavailable", "conc_A_status_ru": "концентрация недоступна", "conc_A_reasons": "вне бассейна профиля: nw_atlantic_subtropical", "conc_A_model": "conc-A-c6bce5631d2b", "conc_B_items_km2": null, "conc_B_lo80": null, "conc_B_hi80": null, "conc_B_lo95": null, "conc_B_hi95": null, "conc_B_status": "unavailable", "conc_B_status_ru": "концентрация недоступна", "conc_B_reasons": "вне бассейна профиля: black_sea", "conc_B_model": "conc-B-c6bce5631d2b"}}, {"type": "Feature", "geometry": {"type": "Polygon", "coordinates": [[[131.93372447031717, 43.313503932832404], [131.93372014076718, 43.313414005114474], [131.93346950453295, 43.31333040004239], [131.93346517538512, 43.313240472301175], [131.93358832856612, 43.313237311053456], [131.93358399925717, 43.31314738332035], [131.93383463486813, 43.313230988160775], [131.9338389645593, 43.31332091587235], [131.93396211786145, 43.31331775421752], [131.9339664477537, 43.31340768191747], [131.93384329427045, 43.313410843582176], [131.93384762400152, 43.31350077129024], [131.93372447031717, 43.313503932832404]]]}, "properties": {"zone_id": "vladivostok-2025-11-19-020", "aoi": "vladivostok", "date": "2025-11-19", "scene_id": "S2B_MSIL2A_20251119T020859_R103_T52TGN_20251119T033950", "scene_datetime_utc": "2025-11-19T02:08:59.024000+00:00", "detection_status": "detected", "detection_status_ru": "обнаружено", "lon": 131.93372, "lat": 43.31332, "n_pixels": 2, "zone_area_km2": 0.0008, "cover_m2": 55.3, "p_mean": 0.555, "p_max": 0.557, "cover_m2_km2": 69125.0, "h3": "88316cce97fffff", "valid_frac_scene": 1.0, "wind_ms": 2.2, "sea": "спокойное", "scene_reliable": true, "field_event_id": "S4:DOORS3:T23", "field_profile": "B", "field_date": "2024-06-10", "field_distance_km": 6973.6, "field_date_gap_days": 527, "field_conc_items_km2": 102.37, "conc_A_items_km2": null, "conc_A_lo80": null, "conc_A_hi80": null, "conc_A_lo95": null, "conc_A_hi95": null, "conc_A_status": "unavailable", "conc_A_status_ru": "концентрация недоступна", "conc_A_reasons": "вне бассейна профиля: nw_atlantic_subtropical", "conc_A_model": "conc-A-c6bce5631d2b", "conc_B_items_km2": null, "conc_B_lo80": null, "conc_B_hi80": null, "conc_B_lo95": null, "conc_B_hi95": null, "conc_B_status": "unavailable", "conc_B_status_ru": "концентрация недоступна", "conc_B_reasons": "вне бассейна профиля: black_sea", "conc_B_model": "conc-B-c6bce5631d2b"}}, {"type": "Feature", "geometry": {"type": "Polygon", "coordinates": [[[131.81424637017216, 43.31362723971649], [131.8142422167844, 43.31353730256798], [131.81411905009503, 43.313540335326806], [131.81411489690765, 43.31345039816709], [131.81423806341581, 43.31344736541774], [131.81422975673615, 43.31326749111203], [131.8141065905903, 43.31327052384244], [131.8141024374604, 43.313180586677504], [131.81422560342506, 43.31317755395657], [131.81422145013315, 43.313087616799386], [131.81446778164252, 43.313081550979085], [131.8144719352968, 43.31317148811734], [131.81459510120393, 43.31316845499904], [131.8145992550586, 43.313258392126066], [131.81435707637422, 43.313354395393425], [131.81436122990485, 43.31344433253592], [131.8144843963747, 43.313441299521656], [131.81448855010566, 43.31353123665294], [131.81424637017216, 43.31362723971649]]]}, "properties": {"zone_id": "vladivostok-2025-11-19-021", "aoi": "vladivostok", "date": "2025-11-19", "scene_id": "S2B_MSIL2A_20251119T020859_R103_T52TGN_20251119T033950", "scene_datetime_utc": "2025-11-19T02:08:59.024000+00:00", "detection_status": "detected", "detection_status_ru": "обнаружено", "lon": 131.81433, "lat": 43.31331, "n_pixels": 3, "zone_area_km2": 0.0013, "cover_m2": 14.9, "p_mean": 0.818, "p_max": 0.969, "cover_m2_km2": 11461.5, "h3": "88316ccd1bfffff", "valid_frac_scene": 1.0, "wind_ms": 2.2, "sea": "спокойное", "scene_reliable": true, "field_event_id": "S4:DOORS3:T23", "field_profile": "B", "field_date": "2024-06-10", "field_distance_km": 6965.5, "field_date_gap_days": 527, "field_conc_items_km2": 102.37, "conc_A_items_km2": null, "conc_A_lo80": null, "conc_A_hi80": null, "conc_A_lo95": null, "conc_A_hi95": null, "conc_A_status": "unavailable", "conc_A_status_ru": "концентрация недоступна", "conc_A_reasons": "вне бассейна профиля: nw_atlantic_subtropical", "conc_A_model": "conc-A-c6bce5631d2b", "conc_B_items_km2": null, "conc_B_lo80": null, "conc_B_hi80": null, "conc_B_lo95": null, "conc_B_hi95": null, "conc_B_status": "unavailable", "conc_B_status_ru": "концентрация недоступна", "conc_B_reasons": "вне бассейна профиля: black_sea", "conc_B_model": "conc-B-c6bce5631d2b"}}, {"type": "Feature", "geometry": {"type": "Polygon", "coordinates": [[[131.78549452940263, 43.31316108290234], [131.78549041848157, 43.31307114353508], [131.78536724970527, 43.3130741453077], [131.7853631389844, 43.31298420592932], [131.7854863075795, 43.3129812041661], [131.7854821966964, 43.312891264795375], [131.7857326447128, 43.31297520024223], [131.78573675597727, 43.313065139592474], [131.7856135872389, 43.313068141630005], [131.78561769834116, 43.31315808098789], [131.78549452940263, 43.31316108290234]]]}, "properties": {"zone_id": "vladivostok-2025-11-19-022", "aoi": "vladivostok", "date": "2025-11-19", "scene_id": "S2B_MSIL2A_20251119T020859_R103_T52TGN_20251119T033950", "scene_datetime_utc": "2025-11-19T02:08:59.024000+00:00", "detection_status": "detected", "detection_status_ru": "обнаружено", "lon": 131.78555, "lat": 43.31302, "n_pixels": 1, "zone_area_km2": 0.0005, "cover_m2": 12.2, "p_mean": 0.937, "p_max": 0.937, "cover_m2_km2": 24400.0, "h3": "88316ccd39fffff", "valid_frac_scene": 1.0, "wind_ms": 2.2, "sea": "спокойное", "scene_reliable": true, "field_event_id": "S4:DOORS3:T23", "field_profile": "B", "field_date": "2024-06-10", "field_distance_km": 6963.6, "field_date_gap_days": 527, "field_conc_items_km2": 102.37, "conc_A_items_km2": null, "conc_A_lo80": null, "conc_A_hi80": null, "conc_A_lo95": null, "conc_A_hi95": null, "conc_A_status": "unavailable", "conc_A_status_ru": "концентрация недоступна", "conc_A_reasons": "вне бассейна профиля: nw_atlantic_subtropical", "conc_A_model": "conc-A-c6bce5631d2b", "conc_B_items_km2": null, "conc_B_lo80": null, "conc_B_hi80": null, "conc_B_lo95": null, "conc_B_hi95": null, "conc_B_status": "unavailable", "conc_B_status_ru": "концентрация недоступна", "conc_B_reasons": "вне бассейна профиля: black_sea", "conc_B_model": "conc-B-c6bce5631d2b"}}, {"type": "Feature", "geometry": {"type": "Polygon", "coordinates": [[[131.92493734170858, 43.312828779609134], [131.92493302521703, 43.312738851173485], [131.92480987208882, 43.31274200307328], [131.9248055557983, 43.31265207462603], [131.9249287087454, 43.312648922736074], [131.92492439229366, 43.31255899429691], [131.92517501457982, 43.31264261855895], [131.9251793314137, 43.31273254697667], [131.92505617832532, 43.312735699141285], [131.92506049499795, 43.312825627567086], [131.92493734170858, 43.312828779609134]]]}, "properties": {"zone_id": "vladivostok-2025-11-19-023", "aoi": "vladivostok", "date": "2025-11-19", "scene_id": "S2B_MSIL2A_20251119T020859_R103_T52TGN_20251119T033950", "scene_datetime_utc": "2025-11-19T02:08:59.024000+00:00", "detection_status": "detected", "detection_status_ru": "обнаружено", "lon": 131.92499, "lat": 43.31269, "n_pixels": 1, "zone_area_km2": 0.0005, "cover_m2": 13.7, "p_mean": 0.533, "p_max": 0.533, "cover_m2_km2": 27400.0, "h3": "88316c1b6dfffff", "valid_frac_scene": 1.0, "wind_ms": 2.2, "sea": "спокойное", "scene_reliable": true, "field_event_id": "S4:DOORS3:T23", "field_profile": "B", "field_date": "2024-06-10", "field_distance_km": 6973.0, "field_date_gap_days": 527, "field_conc_items_km2": 102.37, "conc_A_items_km2": null, "conc_A_lo80": null, "conc_A_hi80": null, "conc_A_lo95": null, "conc_A_hi95": null, "conc_A_status": "unavailable", "conc_A_status_ru": "концентрация недоступна", "conc_A_reasons": "вне бассейна профиля: nw_atlantic_subtropical", "conc_A_model": "conc-A-c6bce5631d2b", "conc_B_items_km2": null, "conc_B_lo80": null, "conc_B_hi80": null, "conc_B_lo95": null, "conc_B_hi95": null, "conc_B_status": "unavailable", "conc_B_status_ru": "концентрация недоступна", "conc_B_reasons": "вне бассейна профиля: black_sea", "conc_B_model": "conc-B-c6bce5631d2b"}}, {"type": "Feature", "geometry": {"type": "Polygon", "coordinates": [[[131.9285131007756, 43.31282724477724], [131.9285087790119, 43.31273731662904], [131.92838562628046, 43.3127404723787], [131.9283769831751, 43.312560616057304], [131.9285001355443, 43.31255746032735], [131.9284958138404, 43.312467532173855], [131.9288652702851, 43.31245806421908], [131.92886094805783, 43.31236813609339], [131.92898409998506, 43.31236497985349], [131.92898842239345, 43.312454907969325], [131.92911157448182, 43.312451751587155], [131.92910725189233, 43.31236182348118], [131.9292304037797, 43.31235866697647], [131.92923472655028, 43.31244859507258], [131.92935787859878, 43.312445438425584], [131.9293622015704, 43.312535366510076], [131.9292390493408, 43.31253852316692], [131.9292433721513, 43.31262845125949], [131.92899274482173, 43.31254483608339], [131.92899706727, 43.31263476419568], [131.92875508441492, 43.31273100473245], [131.92875940654085, 43.31282093286093], [131.9285131007756, 43.31282724477724]]]}, "properties": {"zone_id": "vladivostok-2025-11-19-024", "aoi": "vladivostok", "date": "2025-11-19", "scene_id": "S2B_MSIL2A_20251119T020859_R103_T52TGN_20251119T033950", "scene_datetime_utc": "2025-11-19T02:08:59.024000+00:00", "detection_status": "detected", "detection_status_ru": "обнаружено", "lon": 131.92877, "lat": 43.3126, "n_pixels": 6, "zone_area_km2": 0.0021, "cover_m2": 131.8, "p_mean": 0.892, "p_max": 0.992, "cover_m2_km2": 62761.9, "h3": "88316cce97fffff", "valid_frac_scene": 1.0, "wind_ms": 2.2, "sea": "спокойное", "scene_reliable": true, "field_event_id": "S4:DOORS3:T23", "field_profile": "B", "field_date": "2024-06-10", "field_distance_km": 6973.3, "field_date_gap_days": 527, "field_conc_items_km2": 102.37, "conc_A_items_km2": null, "conc_A_lo80": null, "conc_A_hi80": null, "conc_A_lo95": null, "conc_A_hi95": null, "conc_A_status": "unavailable", "conc_A_status_ru": "концентрация недоступна", "conc_A_reasons": "вне бассейна профиля: nw_atlantic_subtropical", "conc_A_model": "conc-A-c6bce5631d2b", "conc_B_items_km2": null, "conc_B_lo80": null, "conc_B_hi80": null, "conc_B_lo95": null, "conc_B_hi95": null, "conc_B_status": "unavailable", "conc_B_status_ru": "концентрация недоступна", "conc_B_reasons": "вне бассейна профиля: black_sea", "conc_B_model": "conc-B-c6bce5631d2b"}}, {"type": "Feature", "geometry": {"type": "Polygon", "coordinates": [[[131.9343055954542, 43.31276870239949], [131.9343012651585, 43.31267877471682], [131.934178113184, 43.31268193669977], [131.9341737830894, 43.312592009005435], [131.93429693488272, 43.31258884703236], [131.93428827439118, 43.312408991658145], [131.93441142580238, 43.31240582957242], [131.93440709540545, 43.31231590189254], [131.93465772856482, 43.312399505003725], [131.9346620593439, 43.31248943266207], [131.93453890779156, 43.31249259502251], [131.93454756904748, 43.31267245035368], [131.9343055954542, 43.31276870239949]]]}, "properties": {"zone_id": "vladivostok-2025-11-19-025", "aoi": "vladivostok", "date": "2025-11-19", "scene_id": "S2B_MSIL2A_20251119T020859_R103_T52TGN_20251119T033950", "scene_datetime_utc": "2025-11-19T02:08:59.024000+00:00", "detection_status": "detected", "detection_status_ru": "обнаружено", "lon": 131.93442, "lat": 43.31254, "n_pixels": 2, "zone_area_km2": 0.001, "cover_m2": 40.0, "p_mean": 0.594, "p_max": 0.639, "cover_m2_km2": 40000.0, "h3": "88316c1b69fffff", "valid_frac_scene": 1.0, "wind_ms": 2.2, "sea": "спокойное", "scene_reliable": true, "field_event_id": "S4:DOORS3:T23", "field_profile": "B", "field_date": "2024-06-10", "field_distance_km": 6973.7, "field_date_gap_days": 527, "field_conc_items_km2": 102.37, "conc_A_items_km2": null, "conc_A_lo80": null, "conc_A_hi80": null, "conc_A_lo95": null, "conc_A_hi95": null, "conc_A_status": "unavailable", "conc_A_status_ru": "концентрация недоступна", "conc_A_reasons": "вне бассейна профиля: nw_atlantic_subtropical", "conc_A_model": "conc-A-c6bce5631d2b", "conc_B_items_km2": null, "conc_B_lo80": null, "conc_B_hi80": null, "conc_B_lo95": null, "conc_B_hi95": null, "conc_B_status": "unavailable", "conc_B_status_ru": "концентрация недоступна", "conc_B_reasons": "вне бассейна профиля: black_sea", "conc_B_model": "conc-B-c6bce5631d2b"}}, {"type": "Feature", "geometry": {"type": "Polygon", "coordinates": [[[131.9297359816745, 43.312615823798176], [131.9297316581396, 43.31252589574505], [131.9296085059698, 43.312529052799135], [131.92960418263598, 43.312439124734375], [131.92972733462463, 43.31243596769014], [131.92972301112962, 43.312346039633475], [131.92984616291727, 43.312342882466695], [131.9298418392611, 43.31225295441813], [131.93008814241426, 43.31224663970706], [131.93008381841585, 43.312156711676444], [131.9302069697814, 43.31215355413216], [131.93021129396095, 43.3122434821529], [131.93033444548766, 43.31224032446635], [131.93033876986823, 43.312330252475476], [131.93009679047094, 43.31242649576299], [131.93010111452924, 43.3125164237883], [131.92985481028944, 43.31252273855854], [131.92985913400543, 43.31261266660182], [131.9297359816745, 43.312615823798176]]]}, "properties": {"zone_id": "vladivostok-2025-11-19-026", "aoi": "vladivostok", "date": "2025-11-19", "scene_id": "S2B_MSIL2A_20251119T020859_R103_T52TGN_20251119T033950", "scene_datetime_utc": "2025-11-19T02:08:59.024000+00:00", "detection_status": "detected", "detection_status_ru": "обнаружено", "lon": 131.92997, "lat": 43.31238, "n_pixels": 4, "zone_area_km2": 0.0014, "cover_m2": 87.5, "p_mean": 0.753, "p_max": 0.867, "cover_m2_km2": 62500.0, "h3": "88316cce97fffff", "valid_frac_scene": 1.0, "wind_ms": 2.2, "sea": "спокойное", "scene_reliable": true, "field_event_id": "S4:DOORS3:T23", "field_profile": "B", "field_date": "2024-06-10", "field_distance_km": 6973.4, "field_date_gap_days": 527, "field_conc_items_km2": 102.37, "conc_A_items_km2": null, "conc_A_lo80": null, "conc_A_hi80": null, "conc_A_lo95": null, "conc_A_hi95": null, "conc_A_status": "unavailable", "conc_A_status_ru": "концентрация недоступна", "conc_A_reasons": "вне бассейна профиля: nw_atlantic_subtropical", "conc_A_model": "conc-A-c6bce5631d2b", "conc_B_items_km2": null, "conc_B_lo80": null, "conc_B_hi80": null, "conc_B_lo95": null, "conc_B_hi95": null, "conc_B_status": "unavailable", "conc_B_status_ru": "концентрация недоступна", "conc_B_reasons": "вне бассейна профиля: black_sea", "conc_B_model": "conc-B-c6bce5631d2b"}}, {"type": "Feature", "geometry": {"type": "Polygon", "coordinates": [[[131.92590529582375, 43.312443846127], [131.92590097796295, 43.312353917763076], [131.92577782571857, 43.31235707068279], [131.92577350805885, 43.312267142307235], [131.92589666012213, 43.31226398939737], [131.9258923423012, 43.3121740610299], [131.92613864600585, 43.31216775483262], [131.92614296418895, 43.312257683180384], [131.92626611619252, 43.31225452987328], [131.92627043457668, 43.31234445820943], [131.92614728239204, 43.3123476115264], [131.92615160061501, 43.31243753987062], [131.92590529582375, 43.312443846127]]]}, "properties": {"zone_id": "vladivostok-2025-11-19-027", "aoi": "vladivostok", "date": "2025-11-19", "scene_id": "S2B_MSIL2A_20251119T020859_R103_T52TGN_20251119T033950", "scene_datetime_utc": "2025-11-19T02:08:59.024000+00:00", "detection_status": "detected", "detection_status_ru": "обнаружено", "lon": 131.92602, "lat": 43.31231, "n_pixels": 2, "zone_area_km2": 0.0008, "cover_m2": 26.3, "p_mean": 0.729, "p_max": 0.953, "cover_m2_km2": 32875.0, "h3": "88316c1b6dfffff", "valid_frac_scene": 1.0, "wind_ms": 2.2, "sea": "спокойное", "scene_reliable": true, "field_event_id": "S4:DOORS3:T23", "field_profile": "B", "field_date": "2024-06-10", "field_distance_km": 6973.1, "field_date_gap_days": 527, "field_conc_items_km2": 102.37, "conc_A_items_km2": null, "conc_A_lo80": null, "conc_A_hi80": null, "conc_A_lo95": null, "conc_A_hi95": null, "conc_A_status": "unavailable", "conc_A_status_ru": "концентрация недоступна", "conc_A_reasons": "вне бассейна профиля: nw_atlantic_subtropical", "conc_A_model": "conc-A-c6bce5631d2b", "conc_B_items_km2": null, "conc_B_lo80": null, "conc_B_hi80": null, "conc_B_lo95": null, "conc_B_hi95": null, "conc_B_status": "unavailable", "conc_B_status_ru": "концентрация недоступна", "conc_B_reasons": "вне бассейна профиля: black_sea", "conc_B_model": "conc-B-c6bce5631d2b"}}, {"type": "Feature", "geometry": {"type": "Polygon", "coordinates": [[[131.9272642910623, 43.31249908341628], [131.92725997118944, 43.31240915516246], [131.92713681898312, 43.31241230954858], [131.92712817965935, 43.31223245301596], [131.9272513315035, 43.31222929864954], [131.9272470116904, 43.31213937039042], [131.92737016333348, 43.31213621590146], [131.9273744833277, 43.31222614415071], [131.92762078691626, 43.31221983475584], [131.92761646655987, 43.312129906526295], [131.92773961814316, 43.31212675164008], [131.9277439386807, 43.31221667985978], [131.92786709042514, 43.312213524831314], [131.92786276970654, 43.31212359662146], [131.92810907277345, 43.312117286187], [131.92811339385426, 43.31220721437713], [131.92823654553894, 43.312204058951416], [131.92824086682077, 43.312293987129934], [131.9279988840089, 43.31239022606509], [131.9280032049684, 43.31248015425978], [131.9277569004128, 43.31248646450827], [131.9277525798155, 43.312396536293875], [131.92750195532716, 43.312312917757126], [131.92750627554233, 43.31240284599299], [131.92738312337585, 43.31240600064393], [131.92738744342984, 43.312495928887884], [131.9272642910623, 43.31249908341628]]]}, "properties": {"zone_id": "vladivostok-2025-11-19-028", "aoi": "vladivostok", "date": "2025-11-19", "scene_id": "S2B_MSIL2A_20251119T020859_R103_T52TGN_20251119T033950", "scene_datetime_utc": "2025-11-19T02:08:59.024000+00:00", "detection_status": "detected", "detection_status_ru": "обнаружено", "lon": 131.92772, "lat": 43.3123, "n_pixels": 7, "zone_area_km2": 0.0023, "cover_m2": 122.4, "p_mean": 0.717, "p_max": 0.988, "cover_m2_km2": 53217.4, "h3": "88316cce97fffff", "valid_frac_scene": 1.0, "wind_ms": 2.2, "sea": "спокойное", "scene_reliable": true, "field_event_id": "S4:DOORS3:T23", "field_profile": "B", "field_date": "2024-06-10", "field_distance_km": 6973.2, "field_date_gap_days": 527, "field_conc_items_km2": 102.37, "conc_A_items_km2": null, "conc_A_lo80": null, "conc_A_hi80": null, "conc_A_lo95": null, "conc_A_hi95": null, "conc_A_status": "unavailable", "conc_A_status_ru": "концентрация недоступна", "conc_A_reasons": "вне бассейна профиля: nw_atlantic_subtropical", "conc_A_model": "conc-A-c6bce5631d2b", "conc_B_items_km2": null, "conc_B_lo80": null, "conc_B_hi80": null, "conc_B_lo95": null, "conc_B_hi95": null, "conc_B_status": "unavailable", "conc_B_status_ru": "концентрация недоступна", "conc_B_reasons": "вне бассейна профиля: black_sea", "conc_B_model": "conc-B-c6bce5631d2b"}}, {"type": "Feature", "geometry": {"type": "Polygon", "coordinates": [[[131.93070822487198, 43.31232077859172], [131.9307038999481, 43.31223085061219], [131.93058074848122, 43.31223400869599], [131.9305764237584, 43.31214408070482], [131.93069957504417, 43.312140922630896], [131.93069525016017, 43.31205099464783], [131.9309458775558, 43.3121346060858], [131.93095020282195, 43.312224534047374], [131.930827051395, 43.312227692395986], [131.93083137649998, 43.31231762036565], [131.93070822487198, 43.31232077859172]]]}, "properties": {"zone_id": "vladivostok-2025-11-19-029", "aoi": "vladivostok", "date": "2025-11-19", "scene_id": "S2B_MSIL2A_20251119T020859_R103_T52TGN_20251119T033950", "scene_datetime_utc": "2025-11-19T02:08:59.024000+00:00", "detection_status": "detected", "detection_status_ru": "обнаружено", "lon": 131.93076, "lat": 43.31218, "n_pixels": 1, "zone_area_km2": 0.0005, "cover_m2": 21.6, "p_mean": 0.792, "p_max": 0.792, "cover_m2_km2": 43200.0, "h3": "88316cce97fffff", "valid_frac_scene": 1.0, "wind_ms": 2.2, "sea": "спокойное", "scene_reliable": true, "field_event_id": "S4:DOORS3:T23", "field_profile": "B", "field_date": "2024-06-10", "field_distance_km": 6973.5, "field_date_gap_days": 527, "field_conc_items_km2": 102.37, "conc_A_items_km2": null, "conc_A_lo80": null, "conc_A_hi80": null, "conc_A_lo95": null, "conc_A_hi95": null, "conc_A_status": "unavailable", "conc_A_status_ru": "концентрация недоступна", "conc_A_reasons": "вне бассейна профиля: nw_atlantic_subtropical", "conc_A_model": "conc-A-c6bce5631d2b", "conc_B_items_km2": null, "conc_B_lo80": null, "conc_B_hi80": null, "conc_B_lo95": null, "conc_B_hi95": null, "conc_B_status": "unavailable", "conc_B_status_ru": "концентрация недоступна", "conc_B_reasons": "вне бассейна профиля: black_sea", "conc_B_model": "conc-B-c6bce5631d2b"}}, {"type": "Feature", "geometry": {"type": "Polygon", "coordinates": [[[131.93290763850726, 43.311904199045344], [131.93290331040336, 43.31181427123637], [131.9327801600202, 43.31181743166407], [131.93277583211741, 43.31172750384345], [131.93289898231947, 43.31172434342563], [131.93289465425553, 43.31163441561312], [131.9331452826637, 43.31171802219275], [131.9331496111098, 43.31180794998375], [131.93302646076657, 43.31181111067626], [131.93303078905154, 43.31190103847536], [131.93290763850726, 43.311904199045344]]]}, "properties": {"zone_id": "vladivostok-2025-11-19-030", "aoi": "vladivostok", "date": "2025-11-19", "scene_id": "S2B_MSIL2A_20251119T020859_R103_T52TGN_20251119T033950", "scene_datetime_utc": "2025-11-19T02:08:59.024000+00:00", "detection_status": "detected", "detection_status_ru": "обнаружено", "lon": 131.93296, "lat": 43.31177, "n_pixels": 1, "zone_area_km2": 0.0005, "cover_m2": 20.0, "p_mean": 0.808, "p_max": 0.808, "cover_m2_km2": 40000.0, "h3": "88316c1b69fffff", "valid_frac_scene": 1.0, "wind_ms": 2.2, "sea": "спокойное", "scene_reliable": true, "field_event_id": "S4:DOORS3:T23", "field_profile": "B", "field_date": "2024-06-10", "field_distance_km": 6973.6, "field_date_gap_days": 527, "field_conc_items_km2": 102.37, "conc_A_items_km2": null, "conc_A_lo80": null, "conc_A_hi80": null, "conc_A_lo95": null, "conc_A_hi95": null, "conc_A_status": "unavailable", "conc_A_status_ru": "концентрация недоступна", "conc_A_reasons": "вне бассейна профиля: nw_atlantic_subtropical", "conc_A_model": "conc-A-c6bce5631d2b", "conc_B_items_km2": null, "conc_B_lo80": null, "conc_B_hi80": null, "conc_B_lo95": null, "conc_B_hi95": null, "conc_B_status": "unavailable", "conc_B_status_ru": "концентрация недоступна", "conc_B_reasons": "вне бассейна профиля: black_sea", "conc_B_model": "conc-B-c6bce5631d2b"}}, {"type": "Feature", "geometry": {"type": "Polygon", "coordinates": [[[131.95497743055597, 43.31187590384749], [131.95497306991652, 43.3117859778228], [131.95484992203447, 43.31178916201032], [131.95484556159624, 43.31169923597391], [131.95496870929722, 43.311696051796346], [131.954964348698, 43.31160612576812], [131.95521500463875, 43.311689683044015], [131.95521936562025, 43.31177960905058], [131.95509621777845, 43.31178279350289], [131.95510057859894, 43.31187271951763], [131.95497743055597, 43.31187590384749]]]}, "properties": {"zone_id": "vladivostok-2025-11-19-031", "aoi": "vladivostok", "date": "2025-11-19", "scene_id": "S2B_MSIL2A_20251119T020859_R103_T52TGN_20251119T033950", "scene_datetime_utc": "2025-11-19T02:08:59.024000+00:00", "detection_status": "detected", "detection_status_ru": "обнаружено", "lon": 131.95503, "lat": 43.31174, "n_pixels": 1, "zone_area_km2": 0.0005, "cover_m2": 48.6, "p_mean": 0.631, "p_max": 0.631, "cover_m2_km2": 97200.0, "h3": "88316c1b41fffff", "valid_frac_scene": 1.0, "wind_ms": 2.2, "sea": "спокойное", "scene_reliable": true, "field_event_id": "S4:DOORS3:T23", "field_profile": "B", "field_date": "2024-06-10", "field_distance_km": 6975.1, "field_date_gap_days": 527, "field_conc_items_km2": 102.37, "conc_A_items_km2": null, "conc_A_lo80": null, "conc_A_hi80": null, "conc_A_lo95": null, "conc_A_hi95": null, "conc_A_status": "unavailable", "conc_A_status_ru": "концентрация недоступна", "conc_A_reasons": "вне бассейна профиля: nw_atlantic_subtropical", "conc_A_model": "conc-A-c6bce5631d2b", "conc_B_items_km2": null, "conc_B_lo80": null, "conc_B_hi80": null, "conc_B_lo95": null, "conc_B_hi95": null, "conc_B_status": "unavailable", "conc_B_status_ru": "концентрация недоступна", "conc_B_reasons": "вне бассейна профиля: black_sea", "conc_B_model": "conc-B-c6bce5631d2b"}}, {"type": "Feature", "geometry": {"type": "Polygon", "coordinates": [[[131.95533815227935, 43.31168649846925], [131.9553337911369, 43.31159657247087], [131.9552106436774, 43.31159975703568], [131.95520628273616, 43.311509831025575], [131.9553294300146, 43.311506646470704], [131.9553250689124, 43.31141672046877], [131.95544821598963, 43.311413535791445], [131.95544385472647, 43.31132360979768], [131.95569451008373, 43.31140716603961], [131.95569887172917, 43.311497092011706], [131.95557572451108, 43.31150027696378], [131.95558008599556, 43.31159020294404], [131.95533815227935, 43.31168649846925]]]}, "properties": {"zone_id": "vladivostok-2025-11-19-032", "aoi": "vladivostok", "date": "2025-11-19", "scene_id": "S2B_MSIL2A_20251119T020859_R103_T52TGN_20251119T033950", "scene_datetime_utc": "2025-11-19T02:08:59.024000+00:00", "detection_status": "detected", "detection_status_ru": "обнаружено", "lon": 131.95545, "lat": 43.3115, "n_pixels": 2, "zone_area_km2": 0.0008, "cover_m2": 100.8, "p_mean": 0.914, "p_max": 0.984, "cover_m2_km2": 126000.0, "h3": "88316c1b41fffff", "valid_frac_scene": 1.0, "wind_ms": 2.2, "sea": "спокойное", "scene_reliable": true, "field_event_id": "S4:DOORS3:T23", "field_profile": "B", "field_date": "2024-06-10", "field_distance_km": 6975.2, "field_date_gap_days": 527, "field_conc_items_km2": 102.37, "conc_A_items_km2": null, "conc_A_lo80": null, "conc_A_hi80": null, "conc_A_lo95": null, "conc_A_hi95": null, "conc_A_status": "unavailable", "conc_A_status_ru": "концентрация недоступна", "conc_A_reasons": "вне бассейна профиля: nw_atlantic_subtropical", "conc_A_model": "conc-A-c6bce5631d2b", "conc_B_items_km2": null, "conc_B_lo80": null, "conc_B_hi80": null, "conc_B_lo95": null, "conc_B_hi95": null, "conc_B_status": "unavailable", "conc_B_status_ru": "концентрация недоступна", "conc_B_reasons": "вне бассейна профиля: black_sea", "conc_B_model": "conc-B-c6bce5631d2b"}}, {"type": "Feature", "geometry": {"type": "Polygon", "coordinates": [[[131.93461875245205, 43.31159015599899], [131.9346144218728, 43.31150022832296], [131.93449127231253, 43.31150339057475], [131.93448694193432, 43.311413462887074], [131.93461009131346, 43.31141030064518], [131.93460576077416, 43.31132037296561], [131.93485639001182, 43.31140397576416], [131.93486072093336, 43.311493903422196], [131.93473757141305, 43.31149706593878], [131.93474190217344, 43.31158699360493], [131.93461875245205, 43.31159015599899]]]}, "properties": {"zone_id": "vladivostok-2025-11-19-033", "aoi": "vladivostok", "date": "2025-11-19", "scene_id": "S2B_MSIL2A_20251119T020859_R103_T52TGN_20251119T033950", "scene_datetime_utc": "2025-11-19T02:08:59.024000+00:00", "detection_status": "detected", "detection_status_ru": "обнаружено", "lon": 131.93467, "lat": 43.31145, "n_pixels": 1, "zone_area_km2": 0.0005, "cover_m2": 16.9, "p_mean": 0.506, "p_max": 0.506, "cover_m2_km2": 33800.0, "h3": "88316c1b69fffff", "valid_frac_scene": 1.0, "wind_ms": 2.2, "sea": "спокойное", "scene_reliable": true, "field_event_id": "S4:DOORS3:T23", "field_profile": "B", "field_date": "2024-06-10", "field_distance_km": 6973.8, "field_date_gap_days": 527, "field_conc_items_km2": 102.37, "conc_A_items_km2": null, "conc_A_lo80": null, "conc_A_hi80": null, "conc_A_lo95": null, "conc_A_hi95": null, "conc_A_status": "unavailable", "conc_A_status_ru": "концентрация недоступна", "conc_A_reasons": "вне бассейна профиля: nw_atlantic_subtropical", "conc_A_model": "conc-A-c6bce5631d2b", "conc_B_items_km2": null, "conc_B_lo80": null, "conc_B_hi80": null, "conc_B_lo95": null, "conc_B_hi95": null, "conc_B_status": "unavailable", "conc_B_status_ru": "концентрация недоступна", "conc_B_reasons": "вне бассейна профиля: black_sea", "conc_B_model": "conc-B-c6bce5631d2b"}}, {"type": "Feature", "geometry": {"type": "MultiPolygon", "coordinates": [[[[131.9545600263546, 43.310896269345484], [131.95430937455856, 43.31081271050094], [131.95431373407132, 43.31090263659483], [131.9541905878995, 43.310905820020906], [131.9541949472513, 43.310995746122984], [131.95444559967103, 43.31107930519895], [131.95444123993695, 43.310989379118546], [131.95456438624964, 43.310986195417726], [131.9545600263546, 43.310896269345484]]], [[[131.95444995942523, 43.311169231277596], [131.95420366601525, 43.311175598321796], [131.95420802542736, 43.31126552441856], [131.95408487851114, 43.311268707752006], [131.9540892377623, 43.31135863385693], [131.95433989157027, 43.311442193121], [131.95434425122383, 43.3115321192025], [131.9544673986431, 43.31152893557441], [131.95446303880843, 43.31143900950287], [131.9545861860265, 43.31143582575233], [131.9545774660554, 43.311255973623815], [131.9547006128912, 43.31125278976077], [131.95470933322443, 43.3114326418694], [131.95483248040225, 43.31142945785407], [131.95483684078013, 43.31151938389579], [131.9553207078303, 43.31132679446507], [131.95531634676837, 43.311236868459595], [131.95519320003316, 43.31124005298462], [131.9551888391724, 43.31115012696742], [131.9549425460038, 43.31115649560041], [131.95493818552532, 43.31106656956155], [131.9546918926384, 43.31107293764504], [131.9546875325422, 43.310983011584526], [131.95444559967103, 43.31107930519895], [131.95444995942523, 43.311169231277596]]]]}, "properties": {"zone_id": "vladivostok-2025-11-19-034", "aoi": "vladivostok", "date": "2025-11-19", "scene_id": "S2B_MSIL2A_20251119T020859_R103_T52TGN_20251119T033950", "scene_datetime_utc": "2025-11-19T02:08:59.024000+00:00", "detection_status": "detected", "detection_status_ru": "обнаружено", "lon": 131.95463, "lat": 43.31124, "n_pixels": 10, "zone_area_km2": 0.0036, "cover_m2": 396.1, "p_mean": 0.676, "p_max": 0.996, "cover_m2_km2": 110027.8, "h3": "88316c1b41fffff", "valid_frac_scene": 1.0, "wind_ms": 2.2, "sea": "спокойное", "scene_reliable": true, "field_event_id": "S4:DOORS3:T23", "field_profile": "B", "field_date": "2024-06-10", "field_distance_km": 6975.1, "field_date_gap_days": 527, "field_conc_items_km2": 102.37, "conc_A_items_km2": null, "conc_A_lo80": null, "conc_A_hi80": null, "conc_A_lo95": null, "conc_A_hi95": null, "conc_A_status": "unavailable", "conc_A_status_ru": "концентрация недоступна", "conc_A_reasons": "вне бассейна профиля: nw_atlantic_subtropical", "conc_A_model": "conc-A-c6bce5631d2b", "conc_B_items_km2": null, "conc_B_lo80": null, "conc_B_hi80": null, "conc_B_lo95": null, "conc_B_hi95": null, "conc_B_status": "unavailable", "conc_B_status_ru": "концентрация недоступна", "conc_B_reasons": "вне бассейна профиля: black_sea", "conc_B_model": "conc-B-c6bce5631d2b"}}, {"type": "Feature", "geometry": {"type": "Polygon", "coordinates": [[[131.95591463247436, 43.310861240007796], [131.95591027060763, 43.310771314043215], [131.9557871248784, 43.31077449918048], [131.95578276321288, 43.31068457320418], [131.955905908761, 43.310681388076844], [131.95590154693454, 43.31059146210868], [131.95615219979692, 43.310675017425], [131.95615656200567, 43.310764943371474], [131.95603341631673, 43.310768128773546], [131.9560377783645, 43.310858054728186], [131.95591463247436, 43.310861240007796]]]}, "properties": {"zone_id": "vladivostok-2025-11-19-035", "aoi": "vladivostok", "date": "2025-11-19", "scene_id": "S2B_MSIL2A_20251119T020859_R103_T52TGN_20251119T033950", "scene_datetime_utc": "2025-11-19T02:08:59.024000+00:00", "detection_status": "detected", "detection_status_ru": "обнаружено", "lon": 131.95597, "lat": 43.31072, "n_pixels": 1, "zone_area_km2": 0.0005, "cover_m2": 43.1, "p_mean": 0.612, "p_max": 0.612, "cover_m2_km2": 86200.0, "h3": "88316c1b41fffff", "valid_frac_scene": 1.0, "wind_ms": 2.2, "sea": "спокойное", "scene_reliable": true, "field_event_id": "S4:DOORS3:T23", "field_profile": "B", "field_date": "2024-06-10", "field_distance_km": 6975.2, "field_date_gap_days": 527, "field_conc_items_km2": 102.37, "conc_A_items_km2": null, "conc_A_lo80": null, "conc_A_hi80": null, "conc_A_lo95": null, "conc_A_hi95": null, "conc_A_status": "unavailable", "conc_A_status_ru": "концентрация недоступна", "conc_A_reasons": "вне бассейна профиля: nw_atlantic_subtropical", "conc_A_model": "conc-A-c6bce5631d2b", "conc_B_items_km2": null, "conc_B_lo80": null, "conc_B_hi80": null, "conc_B_lo95": null, "conc_B_hi95": null, "conc_B_status": "unavailable", "conc_B_status_ru": "концентрация недоступна", "conc_B_reasons": "вне бассейна профиля: black_sea", "conc_B_model": "conc-B-c6bce5631d2b"}}, {"type": "Feature", "geometry": {"type": "Polygon", "coordinates": [[[131.95639849075232, 43.3106686462436], [131.95639412820154, 43.31057872031524], [131.956270982915, 43.31058190596219], [131.9562666205654, 43.31049198002212], [131.9563897656709, 43.31048879438512], [131.9563854031604, 43.31039886845325], [131.95663169294886, 43.31039249680196], [131.95663605582152, 43.31048242271393], [131.95675920086663, 43.310479236679754], [131.95676356394048, 43.31056916258001], [131.9566404187143, 43.31057234862415], [131.9566447816272, 43.31066227453259], [131.95639849075232, 43.3106686462436]]]}, "properties": {"zone_id": "vladivostok-2025-11-19-036", "aoi": "vladivostok", "date": "2025-11-19", "scene_id": "S2B_MSIL2A_20251119T020859_R103_T52TGN_20251119T033950", "scene_datetime_utc": "2025-11-19T02:08:59.024000+00:00", "detection_status": "detected", "detection_status_ru": "обнаружено", "lon": 131.95652, "lat": 43.31053, "n_pixels": 2, "zone_area_km2": 0.0008, "cover_m2": 89.8, "p_mean": 0.888, "p_max": 0.961, "cover_m2_km2": 112250.0, "h3": "88316c1b41fffff", "valid_frac_scene": 1.0, "wind_ms": 2.2, "sea": "спокойное", "scene_reliable": true, "field_event_id": "S4:DOORS3:T23", "field_profile": "B", "field_date": "2024-06-10", "field_distance_km": 6975.3, "field_date_gap_days": 527, "field_conc_items_km2": 102.37, "conc_A_items_km2": null, "conc_A_lo80": null, "conc_A_hi80": null, "conc_A_lo95": null, "conc_A_hi95": null, "conc_A_status": "unavailable", "conc_A_status_ru": "концентрация недоступна", "conc_A_reasons": "вне бассейна профиля: nw_atlantic_subtropical", "conc_A_model": "conc-A-c6bce5631d2b", "conc_B_items_km2": null, "conc_B_lo80": null, "conc_B_hi80": null, "conc_B_lo95": null, "conc_B_hi95": null, "conc_B_status": "unavailable", "conc_B_status_ru": "концентрация недоступна", "conc_B_reasons": "вне бассейна профиля: black_sea", "conc_B_model": "conc-B-c6bce5631d2b"}}, {"type": "Feature", "geometry": {"type": "Polygon", "coordinates": [[[131.95700549089648, 43.310472864214205], [131.95700112748062, 43.310382938332076], [131.95687798265683, 43.31038612462109], [131.95686925624761, 43.31020627283161], [131.95711118161424, 43.310109974283485], [131.9571155451508, 43.31019990016099], [131.95723868957216, 43.31019671362709], [131.95724741706778, 43.310376565356854], [131.95700549089648, 43.310472864214205]]]}, "properties": {"zone_id": "vladivostok-2025-11-19-037", "aoi": "vladivostok", "date": "2025-11-19", "scene_id": "S2B_MSIL2A_20251119T020859_R103_T52TGN_20251119T033950", "scene_datetime_utc": "2025-11-19T02:08:59.024000+00:00", "detection_status": "detected", "detection_status_ru": "обнаружено", "lon": 131.95706, "lat": 43.31029, "n_pixels": 2, "zone_area_km2": 0.0008, "cover_m2": 94.1, "p_mean": 0.922, "p_max": 0.945, "cover_m2_km2": 117625.0, "h3": "88316c1b41fffff", "valid_frac_scene": 1.0, "wind_ms": 2.2, "sea": "спокойное", "scene_reliable": true, "field_event_id": "S4:DOORS3:T23", "field_profile": "B", "field_date": "2024-06-10", "field_distance_km": 6975.3, "field_date_gap_days": 527, "field_conc_items_km2": 102.37, "conc_A_items_km2": null, "conc_A_lo80": null, "conc_A_hi80": null, "conc_A_lo95": null, "conc_A_hi95": null, "conc_A_status": "unavailable", "conc_A_status_ru": "концентрация недоступна", "conc_A_reasons": "вне бассейна профиля: nw_atlantic_subtropical", "conc_A_model": "conc-A-c6bce5631d2b", "conc_B_items_km2": null, "conc_B_lo80": null, "conc_B_hi80": null, "conc_B_lo95": null, "conc_B_hi95": null, "conc_B_status": "unavailable", "conc_B_status_ru": "концентрация недоступна", "conc_B_reasons": "вне бассейна профиля: black_sea", "conc_B_model": "conc-B-c6bce5631d2b"}}, {"type": "Feature", "geometry": {"type": "Polygon", "coordinates": [[[131.95774436050283, 43.31045374364011], [131.95773999600056, 43.3103638178177], [131.95761685129756, 43.310367004901074], [131.95761248699648, 43.31027707906695], [131.95785441137713, 43.31018077897171], [131.95784568215137, 43.31000092733439], [131.9577225381928, 43.310004114510335], [131.9577138094097, 43.30982426284602], [131.95795573185904, 43.309727962586656], [131.9579600965825, 43.30981788840156], [131.95808324013868, 43.30981470098073], [131.95809197000813, 43.30999455258532], [131.9579688260898, 43.30999774002605], [131.95797755567767, 43.31017759164346], [131.95810069995812, 43.31017440418281], [131.95810506496335, 43.31026432997889], [131.9578631406834, 43.310360630601934], [131.95786750536675, 43.31045055641438], [131.95774436050283, 43.31045374364011]]]}, "properties": {"zone_id": "vladivostok-2025-11-19-038", "aoi": "vladivostok", "date": "2025-11-19", "scene_id": "S2B_MSIL2A_20251119T020859_R103_T52TGN_20251119T033950", "scene_datetime_utc": "2025-11-19T02:08:59.024000+00:00", "detection_status": "detected", "detection_status_ru": "обнаружено", "lon": 131.95788, "lat": 43.31009, "n_pixels": 4, "zone_area_km2": 0.0016, "cover_m2": 174.9, "p_mean": 0.732, "p_max": 0.973, "cover_m2_km2": 109312.5, "h3": "88316c1b41fffff", "valid_frac_scene": 1.0, "wind_ms": 2.2, "sea": "спокойное", "scene_reliable": true, "field_event_id": "S4:DOORS3:T23", "field_profile": "B", "field_date": "2024-06-10", "field_distance_km": 6975.4, "field_date_gap_days": 527, "field_conc_items_km2": 102.37, "conc_A_items_km2": null, "conc_A_lo80": null, "conc_A_hi80": null, "conc_A_lo95": null, "conc_A_hi95": null, "conc_A_status": "unavailable", "conc_A_status_ru": "концентрация недоступна", "conc_A_reasons": "вне бассейна профиля: nw_atlantic_subtropical", "conc_A_model": "conc-A-c6bce5631d2b", "conc_B_items_km2": null, "conc_B_lo80": null, "conc_B_hi80": null, "conc_B_lo95": null, "conc_B_hi95": null, "conc_B_status": "unavailable", "conc_B_status_ru": "концентрация недоступна", "conc_B_reasons": "вне бассейна профиля: black_sea", "conc_B_model": "conc-B-c6bce5631d2b"}}, {"type": "Feature", "geometry": {"type": "Polygon", "coordinates": [[[131.94464743872098, 43.309891569921675], [131.94464309361305, 43.30980164302867], [131.94451994859116, 43.309804815979], [131.94451560368438, 43.309714889074314], [131.94463874852516, 43.309711716133904], [131.94463440345737, 43.30962178923736], [131.94488503814668, 43.30970536985591], [131.9448893835967, 43.30979529673086], [131.94476623861487, 43.30979846994597], [131.94477058390387, 43.30988839682906], [131.94464743872098, 43.309891569921675]]]}, "properties": {"zone_id": "vladivostok-2025-11-19-039", "aoi": "vladivostok", "date": "2025-11-19", "scene_id": "S2B_MSIL2A_20251119T020859_R103_T52TGN_20251119T033950", "scene_datetime_utc": "2025-11-19T02:08:59.024000+00:00", "detection_status": "detected", "detection_status_ru": "обнаружено", "lon": 131.9447, "lat": 43.30976, "n_pixels": 1, "zone_area_km2": 0.0005, "cover_m2": 17.6, "p_mean": 0.655, "p_max": 0.655, "cover_m2_km2": 35200.0, "h3": "88316c1b45fffff", "valid_frac_scene": 1.0, "wind_ms": 2.2, "sea": "спокойное", "scene_reliable": true, "field_event_id": "S4:DOORS3:T23", "field_profile": "B", "field_date": "2024-06-10", "field_distance_km": 6974.5, "field_date_gap_days": 527, "field_conc_items_km2": 102.37, "conc_A_items_km2": null, "conc_A_lo80": null, "conc_A_hi80": null, "conc_A_lo95": null, "conc_A_hi95": null, "conc_A_status": "unavailable", "conc_A_status_ru": "концентрация недоступна", "conc_A_reasons": "вне бассейна профиля: nw_atlantic_subtropical", "conc_A_model": "conc-A-c6bce5631d2b", "conc_B_items_km2": null, "conc_B_lo80": null, "conc_B_hi80": null, "conc_B_lo95": null, "conc_B_hi95": null, "conc_B_status": "unavailable", "conc_B_status_ru": "концентрация недоступна", "conc_B_reasons": "вне бассейна профиля: black_sea", "conc_B_model": "conc-B-c6bce5631d2b"}}, {"type": "Feature", "geometry": {"type": "Polygon", "coordinates": [[[131.9587076892976, 43.3099786133958], [131.9587033234475, 43.30988868764418], [131.95858017981095, 43.30989187573691], [131.95857581416203, 43.30980194997356], [131.95881773506198, 43.30970564793043], [131.95881336909125, 43.30961572218344], [131.9589365121443, 43.3096125338558], [131.95893214601264, 43.309522608117014], [131.95918279819006, 43.30960615680337], [131.95919153123808, 43.30978600823582], [131.95906838786314, 43.309789196848136], [131.9590727542363, 43.30987912257166], [131.95882646706391, 43.30988549941907], [131.9588308330951, 43.30997542516073], [131.9587076892976, 43.3099786133958]]]}, "properties": {"zone_id": "vladivostok-2025-11-19-040", "aoi": "vladivostok", "date": "2025-11-19", "scene_id": "S2B_MSIL2A_20251119T020859_R103_T52TGN_20251119T033950", "scene_datetime_utc": "2025-11-19T02:08:59.024000+00:00", "detection_status": "detected", "detection_status_ru": "обнаружено", "lon": 131.95892, "lat": 43.30975, "n_pixels": 3, "zone_area_km2": 0.0013, "cover_m2": 119.6, "p_mean": 0.906, "p_max": 0.996, "cover_m2_km2": 92000.0, "h3": "88316c1b4bfffff", "valid_frac_scene": 1.0, "wind_ms": 2.2, "sea": "спокойное", "scene_reliable": true, "field_event_id": "S4:DOORS3:T23", "field_profile": "B", "field_date": "2024-06-10", "field_distance_km": 6975.5, "field_date_gap_days": 527, "field_conc_items_km2": 102.37, "conc_A_items_km2": null, "conc_A_lo80": null, "conc_A_hi80": null, "conc_A_lo95": null, "conc_A_hi95": null, "conc_A_status": "unavailable", "conc_A_status_ru": "концентрация недоступна", "conc_A_reasons": "вне бассейна профиля: nw_atlantic_subtropical", "conc_A_model": "conc-A-c6bce5631d2b", "conc_B_items_km2": null, "conc_B_lo80": null, "conc_B_hi80": null, "conc_B_lo95": null, "conc_B_hi95": null, "conc_B_status": "unavailable", "conc_B_status_ru": "концентрация недоступна", "conc_B_reasons": "вне бассейна профиля: black_sea", "conc_B_model": "conc-B-c6bce5631d2b"}}, {"type": "Feature", "geometry": {"type": "MultiPolygon", "coordinates": [[[[131.956878960009, 43.307865012912835], [131.95700209974305, 43.307861826770086], [131.95699773672987, 43.30777190084651], [131.95687459717686, 43.30777508697931], [131.95687023436489, 43.307685161044006], [131.95699337373682, 43.30768197492116], [131.95698901076392, 43.30759204899404], [131.956865871573, 43.307595235106945], [131.95686150880127, 43.30750530916809], [131.95661959313077, 43.30760160693559], [131.95662395556056, 43.30769153289257], [131.95650081612823, 43.30769471861827], [131.9565051783971, 43.30778464458343], [131.9567558202548, 43.307868198923224], [131.95676018292602, 43.30795812486492], [131.95688332286124, 43.30795493884459], [131.956878960009, 43.307865012912835]]], [[[131.9563864008715, 43.30787775616003], [131.9563820387636, 43.307787830186705], [131.95625889910997, 43.3077910156576], [131.95625453720317, 43.30770108967254], [131.95601261974232, 43.30779738620225], [131.9560169813071, 43.30788731220543], [131.95614012118205, 43.30788412698934], [131.956144482948, 43.3079740529808], [131.9563864008715, 43.30787775616003]]], [[[131.95248512391888, 43.30878896242939], [131.9524807674236, 43.30869903615382], [131.95235762549694, 43.30870221747791], [131.95235326920277, 43.308612291190634], [131.95211134158336, 43.308708579728936], [131.9521156975355, 43.30879850603432], [131.9522388396834, 43.30879532496507], [131.95224319583667, 43.30888525125874], [131.95248512391888, 43.30878896242939]]], [[[131.9521156975355, 43.30879850603432], [131.95186941317945, 43.30880486777568], [131.95186505758943, 43.30871494145041], [131.95174191556228, 43.30871812211257], [131.95174627097126, 43.30880804844777], [131.951623128743, 43.308811228987466], [131.951627483991, 43.30890115533083], [131.9517506264003, 43.30889797478118], [131.95175933731872, 43.309077827442714], [131.95200997865277, 43.30916139221476], [131.9520056228013, 43.30907146590652], [131.95224755201005, 43.30897517755065], [131.95224319583667, 43.30888525125874], [131.95212005350774, 43.30888843233794], [131.9521156975355, 43.30879850603432]]], [[[131.9518999028722, 43.30943435200287], [131.95202304632772, 43.30943117112883], [131.95202740225957, 43.30952109742998], [131.9517811149663, 43.30952745906552], [131.95177675939664, 43.3094375327445], [131.9516536159009, 43.309440713353744], [131.95165797128956, 43.309530639684695], [131.95141603892236, 43.30962692687494], [131.95142039398908, 43.30971685322222], [131.95129724988993, 43.309720033464096], [131.95130160479565, 43.30980995981953], [131.95117846049533, 43.30981313993895], [131.95118281524006, 43.30990306630256], [131.95093217183438, 43.3098194997806], [131.95093652621702, 43.30990942616408], [131.95081338167535, 43.30991260589625], [131.95081773589698, 43.310002532287875], [131.9509408806197, 43.30999935254577], [131.95094523504252, 43.3100892789257], [131.95106837992623, 43.310086099041285], [131.95106402532235, 43.309996172671276], [131.95131031466738, 43.30998981252511], [131.95131466963338, 43.31007973887523], [131.95143781445682, 43.31007655859362], [131.95143345930975, 43.309986632253434], [131.9518028931163, 43.309977090644054], [131.95179853744614, 43.309887164331904], [131.95229547124373, 43.30996436664471], [131.95229111484926, 43.30987444037229], [131.9524142591498, 43.30987125905141], [131.95240990259438, 43.309781332787146], [131.9522867584749, 43.309784514098084], [131.95228240212063, 43.30969458782212], [131.95240554605905, 43.30969140652112], [131.95240118954382, 43.30960148025331], [131.95252433328108, 43.309598298829854], [131.9525199766049, 43.30950837257023], [131.95276626365694, 43.309502009346005], [131.95276190663873, 43.309412083104476], [131.95288504995352, 43.30940890130372], [131.95288069277436, 43.30931897507035], [131.95312262146035, 43.30922268487628], [131.95311826395925, 43.30913275865926], [131.953368907225, 43.30921632038779], [131.9533645493618, 43.30912639419064], [131.95361083468393, 43.30912002919249], [131.95360647647868, 43.30903010301344], [131.95372961892855, 43.30902692032572], [131.9537339773148, 43.30911684649482], [131.95398026251632, 43.30911048070232], [131.9539759037679, 43.30902055455312], [131.9540990461574, 43.30901737146822], [131.9541034050869, 43.3091072976075], [131.95422654763735, 43.30910411438028], [131.954230906768, 43.30919404050784], [131.9543540494794, 43.30919085713829], [131.95434969016773, 43.30910093102067], [131.95447283267796, 43.309097747528675], [131.9544684732053, 43.309007821419236], [131.95434533087612, 43.30901100490129], [131.95434097160464, 43.30892107878012], [131.9545872558808, 43.30891471170353], [131.9545916155144, 43.309004637804804], [131.95471475780337, 43.30900145405798], [131.95471039798872, 43.30891152796666], [131.9549566821442, 43.30890516009573], [131.95495232198755, 43.308815234022525], [131.95507546385406, 43.30881204989843], [131.95507110353645, 43.30872212383339], [131.95494796185102, 43.30872530794754], [131.9549392416383, 43.30854545579226], [131.95518988472327, 43.30862901352999], [131.9551942452018, 43.30871893958684], [131.955317386847, 43.30871575520793], [131.95531302618744, 43.308625829161], [131.95568245045922, 43.308616275259766], [131.9556780892766, 43.30852634924092], [131.9558012304792, 43.308523164352344], [131.95579686913567, 43.308433238341685], [131.95604751282414, 43.30851679417806], [131.9560431511185, 43.30842686818728], [131.9567776338121, 43.30831782861403], [131.95677327106037, 43.308227902679405], [131.95689641153876, 43.308224716629226], [131.95688768573362, 43.30804486477458], [131.95676454561735, 43.30804805080485], [131.95676018292602, 43.30795812486492], [131.9565139029952, 43.30796449650841], [131.95651826532443, 43.30805442246825], [131.9563951251478, 43.30805760810139], [131.95639076299958, 43.307967682131604], [131.95626762298386, 43.30797086762238], [131.956271984951, 43.30806079360214], [131.9561488447341, 43.30806397897049], [131.956144482948, 43.3079740529808], [131.95602134289203, 43.307977238206824], [131.9560169813071, 43.30788731220543], [131.95577070149687, 43.30789368224045], [131.9557750627197, 43.30798360826174], [131.9555331433478, 43.30807990382655], [131.95553750424875, 43.30816982986421], [131.9552912231913, 43.30817619889985], [131.95528686265243, 43.30808627284232], [131.95516372227456, 43.3080894571516], [131.9551680826324, 43.30817938321909], [131.95492180145425, 43.30818575146044], [131.95492616147007, 43.30827567754605], [131.95467552019562, 43.30819211917225], [131.95467987984935, 43.30828204527775], [131.95455673900884, 43.30828522894501], [131.95456545801454, 43.308465081170596], [131.95468859921718, 43.30846189748343], [131.95469295893128, 43.30855182358362], [131.95456981754756, 43.30855500728073], [131.95457853667398, 43.308734859495665], [131.95445539490808, 43.308738043080275], [131.95445103551586, 43.30864811696374], [131.9543278939109, 43.30865130040603], [131.95432353471986, 43.30856137427778], [131.95407725181173, 43.30856774074529], [131.9540728930029, 43.308477814595385], [131.95419603428599, 43.30847463143777], [131.95419167531622, 43.308384705296035], [131.9540685342142, 43.30838788844371], [131.9540641754456, 43.30829796229026], [131.9539410345045, 43.3083011452956], [131.9539366759371, 43.308211219130456], [131.95368603617146, 43.30812765853731], [131.9536903943567, 43.30821758472412], [131.95356725353633, 43.308220767322375], [131.95357596960503, 43.308400619710575], [131.95369911078748, 43.30839743709244], [131.953703469033, 43.30848736327393], [131.95358032766953, 43.30849054590201], [131.9535890438588, 43.308670398279574], [131.9530964767553, 43.308683127547546], [131.95310083415586, 43.30877305377343], [131.95285890717994, 43.30886934387698], [131.95286326425864, 43.30895927011919], [131.9527401218491, 43.30896245187025], [131.95274447876682, 43.309052378120654], [131.95224755201005, 43.30897517755065], [131.95225190820355, 43.30906510384079], [131.95212876551247, 43.309068284939855], [131.952133121545, 43.30915821123814], [131.95189119143095, 43.30925449937538], [131.9518999028722, 43.30943435200287]], [[131.95299512122781, 43.30913594069498], [131.9529907639279, 43.30904601446625], [131.95311390647825, 43.30904283244047], [131.95311826395925, 43.30913275865926], [131.95299512122781, 43.30913594069498]]], [[[131.9511697510661, 43.30963328720643], [131.9511653963816, 43.309543360837516], [131.95128854013873, 43.309540180747895], [131.95128418529328, 43.309450254387144], [131.95153482759272, 43.30953382017149], [131.95153047238512, 43.309443893830604], [131.9516536159009, 43.309440713353744], [131.9516449051839, 43.309260860686514], [131.95139426389025, 43.30917729511197], [131.95139861885647, 43.309267221468104], [131.95127547566264, 43.309270401660314], [131.95127112087744, 43.30918047529425], [131.95114797784458, 43.30918365534413], [131.9511523324487, 43.30927358172013], [131.95090604596055, 43.30927994144259], [131.95091040022263, 43.3093698678367], [131.95054096979658, 43.30937940645726], [131.95054532353555, 43.30946933287939], [131.95042217983894, 43.309472512164724], [131.95042653341696, 43.309562438594995], [131.9503033895192, 43.30956561775786], [131.95030774293622, 43.30965554419631], [131.95043088701505, 43.3096523650235], [131.9504352406332, 43.30974229145023], [131.9510509616313, 43.30972639355067], [131.9510466071078, 43.30963646717359], [131.9511697510661, 43.30963328720643]]], [[[131.95376012805485, 43.30965640347221], [131.9537557695479, 43.309566477313744], [131.95387891306402, 43.30956329443398], [131.95387019574832, 43.30938344213162], [131.95374705259437, 43.30938662499149], [131.95374269414773, 43.30929669882771], [131.9536195511547, 43.30929988154525], [131.95362390942026, 43.30938980771897], [131.95337762301176, 43.30939617277678], [131.95337326510833, 43.30930624658316], [131.95312697898154, 43.309312611091535], [131.95313133652286, 43.30940253730503], [131.95288504995352, 43.30940890130372], [131.9528894071528, 43.30949882753531], [131.95276626365694, 43.309502009346005], [131.95277062069528, 43.309591935585765], [131.9528937643722, 43.30958875376513], [131.9528981216117, 43.30967867999317], [131.9530212654496, 43.30967549803021], [131.95301690802904, 43.3095855718121], [131.9532631952824, 43.30957920750887], [131.9532675530651, 43.30966913370711], [131.9533906968427, 43.30966595134697], [131.95339505482656, 43.30975587753348], [131.9535181987651, 43.309752695031015], [131.95351384060018, 43.30966276885444], [131.95376012805485, 43.30965640347221]]]]}, "properties": {"zone_id": "vladivostok-2025-11-19-041", "aoi": "vladivostok", "date": "2025-11-19", "scene_id": "S2B_MSIL2A_20251119T020859_R103_T52TGN_20251119T033950", "scene_datetime_utc": "2025-11-19T02:08:59.024000+00:00", "detection_status": "detected", "detection_status_ru": "обнаружено", "lon": 131.95364, "lat": 43.30891, "n_pixels": 154, "zone_area_km2": 0.0371, "cover_m2": 3786.3, "p_mean": 0.713, "p_max": 1.0, "cover_m2_km2": 102056.6, "h3": "88316c1b41fffff", "valid_frac_scene": 1.0, "wind_ms": 2.2, "sea": "спокойное", "scene_reliable": true, "field_event_id": "S4:DOORS3:T23", "field_profile": "B", "field_date": "2024-06-10", "field_distance_km": 6975.2, "field_date_gap_days": 527, "field_conc_items_km2": 102.37, "conc_A_items_km2": null, "conc_A_lo80": null, "conc_A_hi80": null, "conc_A_lo95": null, "conc_A_hi95": null, "conc_A_status": "unavailable", "conc_A_status_ru": "концентрация недоступна", "conc_A_reasons": "вне бассейна профиля: nw_atlantic_subtropical", "conc_A_model": "conc-A-c6bce5631d2b", "conc_B_items_km2": null, "conc_B_lo80": null, "conc_B_hi80": null, "conc_B_lo95": null, "conc_B_hi95": null, "conc_B_status": "unavailable", "conc_B_status_ru": "концентрация недоступна", "conc_B_reasons": "вне бассейна профиля: black_sea", "conc_B_model": "conc-B-c6bce5631d2b"}}, {"type": "Feature", "geometry": {"type": "Polygon", "coordinates": [[[131.9565662522743, 43.30904360790948], [131.95656188972367, 43.30895368196916], [131.9564387477365, 43.30895686770177], [131.95643438538707, 43.308866941749706], [131.95667630628776, 43.308770644238045], [131.95667194361647, 43.30868071830233], [131.95679508502022, 43.30867753233478], [131.956790722188, 43.30858760640725], [131.95704136776735, 43.308671160002525], [131.95705009421638, 43.30885101181245], [131.9569269524908, 43.30885419806467], [131.95693131556445, 43.30894412397695], [131.95680817363765, 43.308947310106724], [131.9568125365504, 43.309037236027166], [131.9565662522743, 43.30904360790948]]]}, "properties": {"zone_id": "vladivostok-2025-11-19-042", "aoi": "vladivostok", "date": "2025-11-19", "scene_id": "S2B_MSIL2A_20251119T020859_R103_T52TGN_20251119T033950", "scene_datetime_utc": "2025-11-19T02:08:59.024000+00:00", "detection_status": "detected", "detection_status_ru": "обнаружено", "lon": 131.95677, "lat": 43.30883, "n_pixels": 5, "zone_area_km2": 0.0014, "cover_m2": 164.3, "p_mean": 0.624, "p_max": 0.741, "cover_m2_km2": 117357.1, "h3": "88316c1b41fffff", "valid_frac_scene": 1.0, "wind_ms": 2.2, "sea": "спокойное", "scene_reliable": true, "field_event_id": "S4:DOORS3:T23", "field_profile": "B", "field_date": "2024-06-10", "field_distance_km": 6975.4, "field_date_gap_days": 527, "field_conc_items_km2": 102.37, "conc_A_items_km2": null, "conc_A_lo80": null, "conc_A_hi80": null, "conc_A_lo95": null, "conc_A_hi95": null, "conc_A_status": "unavailable", "conc_A_status_ru": "концентрация недоступна", "conc_A_reasons": "вне бассейна профиля: nw_atlantic_subtropical", "conc_A_model": "conc-A-c6bce5631d2b", "conc_B_items_km2": null, "conc_B_lo80": null, "conc_B_hi80": null, "conc_B_lo95": null, "conc_B_hi95": null, "conc_B_status": "unavailable", "conc_B_status_ru": "концентрация недоступна", "conc_B_reasons": "вне бассейна профиля: black_sea", "conc_B_model": "conc-B-c6bce5631d2b"}}, {"type": "Feature", "geometry": {"type": "Polygon", "coordinates": [[[131.9575382969587, 43.30874833961544], [131.95753393302002, 43.30865841374939], [131.95728328687753, 43.30857486125301], [131.95727892334122, 43.30848493536351], [131.9574020642822, 43.30848174875394], [131.9573933369079, 43.30830189698955], [131.957270196329, 43.30830508357922], [131.9572658328531, 43.3082151576844], [131.95738897325094, 43.30821197110469], [131.9573846096141, 43.30812204521806], [131.95775403014372, 43.308112484714506], [131.9577583943237, 43.30820241057126], [131.95788153464102, 43.308199223462026], [131.95788589902216, 43.308289149307065], [131.9577627585238, 43.30829233642628], [131.95777148698443, 43.30847218813094], [131.9578946278449, 43.308469000991835], [131.95789899228643, 43.30855892683155], [131.95765707428285, 43.30865522685514], [131.9576614384026, 43.30874515271123], [131.9575382969587, 43.30874833961544]], [[131.95752520520307, 43.30847856201199], [131.9576483461038, 43.30847537513766], [131.95764398204452, 43.308385449276244], [131.9575208413248, 43.308388636140634], [131.95752520520307, 43.30847856201199]]]}, "properties": {"zone_id": "vladivostok-2025-11-19-043", "aoi": "vladivostok", "date": "2025-11-19", "scene_id": "S2B_MSIL2A_20251119T020859_R103_T52TGN_20251119T033950", "scene_datetime_utc": "2025-11-19T02:08:59.024000+00:00", "detection_status": "detected", "detection_status_ru": "обнаружено", "lon": 131.95758, "lat": 43.3084, "n_pixels": 6, "zone_area_km2": 0.0022, "cover_m2": 181.2, "p_mean": 0.58, "p_max": 0.69, "cover_m2_km2": 82363.6, "h3": "88316c1b41fffff", "valid_frac_scene": 1.0, "wind_ms": 2.2, "sea": "спокойное", "scene_reliable": true, "field_event_id": "S4:DOORS3:T23", "field_profile": "B", "field_date": "2024-06-10", "field_distance_km": 6975.5, "field_date_gap_days": 527, "field_conc_items_km2": 102.37, "conc_A_items_km2": null, "conc_A_lo80": null, "conc_A_hi80": null, "conc_A_lo95": null, "conc_A_hi95": null, "conc_A_status": "unavailable", "conc_A_status_ru": "концентрация недоступна", "conc_A_reasons": "вне бассейна профиля: nw_atlantic_subtropical", "conc_A_model": "conc-A-c6bce5631d2b", "conc_B_items_km2": null, "conc_B_lo80": null, "conc_B_hi80": null, "conc_B_lo95": null, "conc_B_hi95": null, "conc_B_status": "unavailable", "conc_B_status_ru": "концентрация недоступна", "conc_B_reasons": "вне бассейна профиля: black_sea", "conc_B_model": "conc-B-c6bce5631d2b"}}, {"type": "Feature", "geometry": {"type": "MultiPolygon", "coordinates": [[[[131.95307469005388, 43.30823349639155], [131.95319783095465, 43.308230314322834], [131.95319347349366, 43.30814038809626], [131.9530703327739, 43.308143570155046], [131.95306597551405, 43.30805364391676], [131.95281969437642, 43.30806000761729], [131.95282405127418, 43.30814993387545], [131.95270091049414, 43.30815311553708], [131.95270526723098, 43.3082430418034], [131.95282840819206, 43.30823986013184], [131.95283276513, 43.308329786386466], [131.95307904735395, 43.3083234226263], [131.95307469005388, 43.30823349639155]]], [[[131.95308340467415, 43.30841334885927], [131.95296026339116, 43.308416530815485], [131.9529646205504, 43.308506457056616], [131.9530877620144, 43.308503275090466], [131.9530921193748, 43.30859320131988], [131.95333404488218, 43.30849691076101], [131.95332968717977, 43.30840698454969], [131.953206545937, 43.30841016677068], [131.95320218843577, 43.30832024054763], [131.95307904735395, 43.3083234226263], [131.95308340467415, 43.30841334885927]]]]}, "properties": {"zone_id": "vladivostok-2025-11-19-044", "aoi": "vladivostok", "date": "2025-11-19", "scene_id": "S2B_MSIL2A_20251119T020859_R103_T52TGN_20251119T033950", "scene_datetime_utc": "2025-11-19T02:08:59.024000+00:00", "detection_status": "detected", "detection_status_ru": "обнаружено", "lon": 131.95302, "lat": 43.30828, "n_pixels": 3, "zone_area_km2": 0.0013, "cover_m2": 45.1, "p_mean": 0.689, "p_max": 0.741, "cover_m2_km2": 34692.3, "h3": "88316c1b41fffff", "valid_frac_scene": 1.0, "wind_ms": 2.2, "sea": "спокойное", "scene_reliable": true, "field_event_id": "S4:DOORS3:T23", "field_profile": "B", "field_date": "2024-06-10", "field_distance_km": 6975.2, "field_date_gap_days": 527, "field_conc_items_km2": 102.37, "conc_A_items_km2": null, "conc_A_lo80": null, "conc_A_hi80": null, "conc_A_lo95": null, "conc_A_hi95": null, "conc_A_status": "unavailable", "conc_A_status_ru": "концентрация недоступна", "conc_A_reasons": "вне бассейна профиля: nw_atlantic_subtropical", "conc_A_model": "conc-A-c6bce5631d2b", "conc_B_items_km2": null, "conc_B_lo80": null, "conc_B_hi80": null, "conc_B_lo95": null, "conc_B_hi95": null, "conc_B_status": "unavailable", "conc_B_status_ru": "концентрация недоступна", "conc_B_reasons": "вне бассейна профиля: black_sea", "conc_B_model": "conc-B-c6bce5631d2b"}}, {"type": "Feature", "geometry": {"type": "Polygon", "coordinates": [[[131.80474389317618, 43.30809830335499], [131.80473975460032, 43.308008365385916], [131.80449344152237, 43.30801440969352], [131.80448930332787, 43.307924471703814], [131.8043661469414, 43.30792749364953], [131.80436200894715, 43.30783755564864], [131.80448516515247, 43.307834533712374], [131.80448102699614, 43.30774459571921], [131.80472733898722, 43.307738551468255], [131.80473147750584, 43.30782848944255], [131.80485463365386, 43.30782546710896], [131.8048587723727, 43.30791540507209], [131.80498192868276, 43.307912382596626], [131.80498606760187, 43.308002320548574], [131.80486291111063, 43.30800534303347], [131.80486704986765, 43.30809528099309], [131.80474389317618, 43.30809830335499]]]}, "properties": {"zone_id": "vladivostok-2025-11-19-045", "aoi": "vladivostok", "date": "2025-11-19", "scene_id": "S2B_MSIL2A_20251119T020859_R103_T52TGN_20251119T033950", "scene_datetime_utc": "2025-11-19T02:08:59.024000+00:00", "detection_status": "detected", "detection_status_ru": "обнаружено", "lon": 131.80467, "lat": 43.3079, "n_pixels": 3, "zone_area_km2": 0.0011, "cover_m2": 90.6, "p_mean": 0.837, "p_max": 0.929, "cover_m2_km2": 82363.6, "h3": "88316ccd13fffff", "valid_frac_scene": 1.0, "wind_ms": 2.2, "sea": "спокойное", "scene_reliable": true, "field_event_id": "S4:DOORS3:T23", "field_profile": "B", "field_date": "2024-06-10", "field_distance_km": 6965.2, "field_date_gap_days": 527, "field_conc_items_km2": 102.37, "conc_A_items_km2": null, "conc_A_lo80": null, "conc_A_hi80": null, "conc_A_lo95": null, "conc_A_hi95": null, "conc_A_status": "unavailable", "conc_A_status_ru": "концентрация недоступна", "conc_A_reasons": "вне бассейна профиля: nw_atlantic_subtropical", "conc_A_model": "conc-A-c6bce5631d2b", "conc_B_items_km2": null, "conc_B_lo80": null, "conc_B_hi80": null, "conc_B_lo95": null, "conc_B_hi95": null, "conc_B_status": "unavailable", "conc_B_status_ru": "концентрация недоступна", "conc_B_reasons": "вне бассейна профиля: black_sea", "conc_B_model": "conc-B-c6bce5631d2b"}}, {"type": "Feature", "geometry": {"type": "Polygon", "coordinates": [[[131.95749902223542, 43.30793900675726], [131.95749465847794, 43.307849080875265], [131.95737151882443, 43.307852267547545], [131.95736279173195, 43.307672415758326], [131.95723965242038, 43.307675602278316], [131.95723528908536, 43.307585676371104], [131.95711214993472, 43.307588862748766], [131.9571077868009, 43.30749893682982], [131.95723092577052, 43.307495750462124], [131.95722656247577, 43.30740582455136], [131.9573497012442, 43.307402638061234], [131.95734533778855, 43.30731271215865], [131.95759161490298, 43.30730633880115], [131.95759597872072, 43.307396264683824], [131.9578422561167, 43.3073898907769], [131.95783789193686, 43.30729996491414], [131.95796103042363, 43.307296777772066], [131.95796539478448, 43.30738670362488], [131.95808853343212, 43.30738351634047], [131.95809726257633, 43.307563368020865], [131.95785534877695, 43.30765966835456], [131.95785971303727, 43.30774959421024], [131.9577365736252, 43.30775278126971], [131.95774093772462, 43.30784270713357], [131.95761779811136, 43.3078458940706], [131.95762216204986, 43.30793581994264], [131.95749902223542, 43.30793900675726]], [[131.95761343419295, 43.307755968196794], [131.9577365736252, 43.30775278126971], [131.9577322095459, 43.30766285540407], [131.9576090702947, 43.307666042321195], [131.95761343419295, 43.307755968196794]]]}, "properties": {"zone_id": "vladivostok-2025-11-19-046", "aoi": "vladivostok", "date": "2025-11-19", "scene_id": "S2B_MSIL2A_20251119T020859_R103_T52TGN_20251119T033950", "scene_datetime_utc": "2025-11-19T02:08:59.024000+00:00", "detection_status": "detected", "detection_status_ru": "обнаружено", "lon": 131.95761, "lat": 43.30755, "n_pixels": 11, "zone_area_km2": 0.0031, "cover_m2": 265.9, "p_mean": 0.741, "p_max": 0.988, "cover_m2_km2": 85774.2, "h3": "88316c1b43fffff", "valid_frac_scene": 1.0, "wind_ms": 2.2, "sea": "спокойное", "scene_reliable": true, "field_event_id": "S4:DOORS3:T23", "field_profile": "B", "field_date": "2024-06-10", "field_distance_km": 6975.5, "field_date_gap_days": 527, "field_conc_items_km2": 102.37, "conc_A_items_km2": null, "conc_A_lo80": null, "conc_A_hi80": null, "conc_A_lo95": null, "conc_A_hi95": null, "conc_A_status": "unavailable", "conc_A_status_ru": "концентрация недоступна", "conc_A_reasons": "вне бассейна профиля: nw_atlantic_subtropical", "conc_A_model": "conc-A-c6bce5631d2b", "conc_B_items_km2": null, "conc_B_lo80": null, "conc_B_hi80": null, "conc_B_lo95": null, "conc_B_hi95": null, "conc_B_status": "unavailable", "conc_B_status_ru": "концентрация недоступна", "conc_B_reasons": "вне бассейна профиля: black_sea", "conc_B_model": "conc-B-c6bce5631d2b"}}, {"type": "Feature", "geometry": {"type": "Polygon", "coordinates": [[[131.8038569722404, 43.30757982794303], [131.80385283504705, 43.30748988989745], [131.80372967947085, 43.30749291113378], [131.80372140550372, 43.30731303501854], [131.8039635785953, 43.30721705440983], [131.8039677159125, 43.30730699245119], [131.80409087108828, 43.30730397096886], [131.80409914614222, 43.30748384702748], [131.8038569722404, 43.30757982794303]]]}, "properties": {"zone_id": "vladivostok-2025-11-19-047", "aoi": "vladivostok", "date": "2025-11-19", "scene_id": "S2B_MSIL2A_20251119T020859_R103_T52TGN_20251119T033950", "scene_datetime_utc": "2025-11-19T02:08:59.024000+00:00", "detection_status": "detected", "detection_status_ru": "обнаружено", "lon": 131.80391, "lat": 43.3074, "n_pixels": 2, "zone_area_km2": 0.0008, "cover_m2": 49.8, "p_mean": 0.861, "p_max": 0.976, "cover_m2_km2": 62250.0, "h3": "88316ccd13fffff", "valid_frac_scene": 1.0, "wind_ms": 2.2, "sea": "спокойное", "scene_reliable": true, "field_event_id": "S4:DOORS3:T23", "field_profile": "B", "field_date": "2024-06-10", "field_distance_km": 6965.2, "field_date_gap_days": 527, "field_conc_items_km2": 102.37, "conc_A_items_km2": null, "conc_A_lo80": null, "conc_A_hi80": null, "conc_A_lo95": null, "conc_A_hi95": null, "conc_A_status": "unavailable", "conc_A_status_ru": "концентрация недоступна", "conc_A_reasons": "вне бассейна профиля: nw_atlantic_subtropical", "conc_A_model": "conc-A-c6bce5631d2b", "conc_B_items_km2": null, "conc_B_lo80": null, "conc_B_hi80": null, "conc_B_lo95": null, "conc_B_hi95": null, "conc_B_status": "unavailable", "conc_B_status_ru": "концентрация недоступна", "conc_B_reasons": "вне бассейна профиля: black_sea", "conc_B_model": "conc-B-c6bce5631d2b"}}, {"type": "Feature", "geometry": {"type": "Polygon", "coordinates": [[[131.8043495950789, 43.3075677416356], [131.804345457161, 43.30747780362777], [131.80422230166116, 43.30748082539383], [131.80421402624492, 43.3073009493541], [131.8044561984592, 43.307204967723685], [131.80446033650097, 43.30729490572728], [131.80458349160037, 43.30729188371522], [131.80459176810342, 43.30747175969833], [131.8043495950789, 43.3075677416356]]]}, "properties": {"zone_id": "vladivostok-2025-11-19-048", "aoi": "vladivostok", "date": "2025-11-19", "scene_id": "S2B_MSIL2A_20251119T020859_R103_T52TGN_20251119T033950", "scene_datetime_utc": "2025-11-19T02:08:59.024000+00:00", "detection_status": "detected", "detection_status_ru": "обнаружено", "lon": 131.8044, "lat": 43.30739, "n_pixels": 2, "zone_area_km2": 0.0008, "cover_m2": 43.9, "p_mean": 0.724, "p_max": 0.741, "cover_m2_km2": 54875.0, "h3": "88316ccd13fffff", "valid_frac_scene": 1.0, "wind_ms": 2.2, "sea": "спокойное", "scene_reliable": true, "field_event_id": "S4:DOORS3:T23", "field_profile": "B", "field_date": "2024-06-10", "field_distance_km": 6965.2, "field_date_gap_days": 527, "field_conc_items_km2": 102.37, "conc_A_items_km2": null, "conc_A_lo80": null, "conc_A_hi80": null, "conc_A_lo95": null, "conc_A_hi95": null, "conc_A_status": "unavailable", "conc_A_status_ru": "концентрация недоступна", "conc_A_reasons": "вне бассейна профиля: nw_atlantic_subtropical", "conc_A_model": "conc-A-c6bce5631d2b", "conc_B_items_km2": null, "conc_B_lo80": null, "conc_B_hi80": null, "conc_B_lo95": null, "conc_B_hi95": null, "conc_B_status": "unavailable", "conc_B_status_ru": "концентрация недоступна", "conc_B_reasons": "вне бассейна профиля: black_sea", "conc_B_model": "conc-B-c6bce5631d2b"}}, {"type": "Feature", "geometry": {"type": "Polygon", "coordinates": [[[131.80445206043655, 43.30711502971836], [131.80444792243298, 43.30702509171128], [131.8043247678579, 43.30702811356259], [131.80432063005458, 43.306938175544346], [131.8044437844485, 43.30693515370248], [131.80443550853684, 43.30675527767965], [131.80455866254943, 43.306752255724234], [131.8045545244411, 43.306662317719656], [131.80467767825343, 43.30665929564126], [131.80467353998304, 43.30656935764436], [131.80492398582086, 43.306653251087155], [131.80493640183332, 43.3069230650107], [131.80469423152584, 43.30701904761137], [131.8046983698917, 43.30710898559958], [131.80445206043655, 43.30711502971836]]]}, "properties": {"zone_id": "vladivostok-2025-11-19-049", "aoi": "vladivostok", "date": "2025-11-19", "scene_id": "S2B_MSIL2A_20251119T020859_R103_T52TGN_20251119T033950", "scene_datetime_utc": "2025-11-19T02:08:59.024000+00:00", "detection_status": "detected", "detection_status_ru": "обнаружено", "lon": 131.80467, "lat": 43.30685, "n_pixels": 6, "zone_area_km2": 0.0018, "cover_m2": 142.0, "p_mean": 0.848, "p_max": 0.996, "cover_m2_km2": 78888.9, "h3": "88316ccd13fffff", "valid_frac_scene": 1.0, "wind_ms": 2.2, "sea": "спокойное", "scene_reliable": true, "field_event_id": "S4:DOORS3:T23", "field_profile": "B", "field_date": "2024-06-10", "field_distance_km": 6965.3, "field_date_gap_days": 527, "field_conc_items_km2": 102.37, "conc_A_items_km2": null, "conc_A_lo80": null, "conc_A_hi80": null, "conc_A_lo95": null, "conc_A_hi95": null, "conc_A_status": "unavailable", "conc_A_status_ru": "концентрация недоступна", "conc_A_reasons": "вне бассейна профиля: nw_atlantic_subtropical", "conc_A_model": "conc-A-c6bce5631d2b", "conc_B_items_km2": null, "conc_B_lo80": null, "conc_B_hi80": null, "conc_B_lo95": null, "conc_B_hi95": null, "conc_B_status": "unavailable", "conc_B_status_ru": "концентрация недоступна", "conc_B_reasons": "вне бассейна профиля: black_sea", "conc_B_model": "conc-B-c6bce5631d2b"}}, {"type": "Feature", "geometry": {"type": "MultiPolygon", "coordinates": [[[[131.80558011730545, 43.30483635548969], [131.80570326732348, 43.30483333240829], [131.8056949883055, 43.30465345651328], [131.80557183864968, 43.30465647957577], [131.80556769935046, 43.30456654161622], [131.80531726142587, 43.304482649344905], [131.80531312252705, 43.30439271136297], [131.80506268565094, 43.30430881850184], [131.80505854715256, 43.30421888049755], [131.80456595165504, 43.30423096911582], [131.804570089429, 43.30432090715787], [131.8044469403258, 43.30432392899083], [131.80445107793776, 43.30441386704058], [131.80470151448054, 43.304497761252485], [131.8047056524929, 43.30458769927988], [131.80482880210127, 43.304584677153755], [131.8048246639078, 43.304494739135805], [131.80494781331595, 43.30449171688671], [131.80495195169053, 43.304581654895216], [131.8051982508118, 43.30457560998087], [131.8052023895677, 43.30466554796877], [131.8050792398355, 43.304668570501576], [131.80508337842937, 43.30475850849719], [131.80520652834267, 43.30475548595493], [131.80521066713678, 43.30484542393934], [131.80496850537978, 43.30494140691189], [131.80497264384982, 43.30503134491171], [131.80509579432558, 43.30502832247354], [131.80509993299583, 43.30511826046219], [131.80534623425226, 43.30511221516969], [131.80534209521977, 43.305022277199924], [131.80558425666197, 43.30492629344403], [131.80558011730545, 43.30483635548969]]], [[[131.8051909885728, 43.30709689577282], [131.80494881801766, 43.30719287891862], [131.80496537319743, 43.30755263077153], [131.80508852876386, 43.30754960820141], [131.8050926677877, 43.30763954615085], [131.80496951204015, 43.307642568730415], [131.80497365090193, 43.30773250668756], [131.80509680683065, 43.307729484098566], [131.80510094589263, 43.30781942204453], [131.8052241019834, 43.30781639931364], [131.80521996274024, 43.307726461377136], [131.80558943035444, 43.30771739241822], [131.80558529058698, 43.30762745450829], [131.80570844623904, 43.307624431266575], [131.8057043063095, 43.30753449336433], [131.80582746176134, 43.30753146999962], [131.80582332166978, 43.3074415321051], [131.8060654917191, 43.30734554711989], [131.80606963215385, 43.30743548499725], [131.8061927873672, 43.30743246124468], [131.80619692800218, 43.307522399110866], [131.80644737975027, 43.307606289035085], [131.80645152078574, 43.30769622687889], [131.80632836506715, 43.30769925092467], [131.8063325059406, 43.3077891887762], [131.80658295897575, 43.3078730783642], [131.8065871002497, 43.307963016193355], [131.80683341267815, 43.30795696738294], [131.8068375543335, 43.30804690519146], [131.80696071070022, 43.308043880578154], [131.8069689944305, 43.30822375617108], [131.80709215114035, 43.30822073140644], [131.80709629321532, 43.308310669190845], [131.8073384645028, 43.30821468147985], [131.8073260373058, 43.307944868172896], [131.80744919341493, 43.307941843039295], [131.80744090835017, 43.30776196751153], [131.80756406407792, 43.30775894226441], [131.80757649224714, 43.308028755525086], [131.80769964849915, 43.308025730117166], [131.80770379144158, 43.308115667857805], [131.80794596094591, 43.308019678904024], [131.807921101519, 43.30748005253714], [131.80767064843732, 43.307396165884064], [131.80764993468088, 43.30694647709401], [131.8075267806025, 43.30694950238851], [131.80751849559599, 43.30676962684143], [131.80739534186074, 43.3067726519846], [131.8073746305846, 43.30632296303921], [131.8072514777359, 43.30632598800272], [131.8072390517429, 43.306056174586274], [131.80711589941848, 43.306059199389004], [131.80711175764014, 43.30596926157059], [131.80686131189924, 43.30588537292083], [131.8068571705214, 43.30579543508005], [131.806606725829, 43.30571154584044], [131.80660258485162, 43.305621607977294], [131.80623313025117, 43.30563067986009], [131.80622898983626, 43.30554074196686], [131.8061058384457, 43.305543765653496], [131.8060934178589, 43.305273951935064], [131.8059702669926, 43.30527697546095], [131.80595784712108, 43.30500716169854], [131.80583469677902, 43.30501018506366], [131.80583055704116, 43.304920247129935], [131.80558425666197, 43.30492629344403], [131.8055883960376, 43.305016231396635], [131.80546524563823, 43.305019254364495], [131.80546938485185, 43.30510919232482], [131.8055925354323, 43.30510616934752], [131.80559667484613, 43.305196107296645], [131.80535451237452, 43.30529209110401], [131.80535865146433, 43.305382029068554], [131.8056090932022, 43.30546592113364], [131.80561323269242, 43.30555585907582], [131.8057363841594, 43.30555283591887], [131.8057405238498, 43.30564277384988], [131.80586367547883, 43.30563975055108], [131.80587195527923, 43.30581962638898], [131.80562979084428, 43.30591561082719], [131.80564634930172, 43.306275362550764], [131.8055231963667, 43.306278385650835], [131.80552733584767, 43.306368323586824], [131.80577778192327, 43.30645221515074], [131.8057819218047, 43.30654215306437], [131.805905075245, 43.30653912967111], [131.80590921532666, 43.30662906757356], [131.80578606170528, 43.30663209097626], [131.80579434156365, 43.30681196679484], [131.80567118756093, 43.30681499008399], [131.80567946713347, 43.306994865914504], [131.80543315834615, 43.30700091213331], [131.80543729779882, 43.307090850064846], [131.80531414319535, 43.30709387298504], [131.80531828248598, 43.30718381092429], [131.8051951276823, 43.307186833721495], [131.8051909885728, 43.30709689577282]], [[131.80544143727056, 43.30718078799464], [131.80544971627137, 43.30736066384903], [131.8053265611245, 43.307363686797565], [131.80531828248598, 43.30718381092429], [131.80544143727056, 43.30718078799464]], [[131.80681684624798, 43.307597216131484], [131.80682512942485, 43.307777091760684], [131.80670197358245, 43.307780116213216], [131.80669369076784, 43.30760024056512], [131.80681684624798, 43.307597216131484]], [[131.80718217047047, 43.30749820424713], [131.80718631257366, 43.30758814203599], [131.80706315715088, 43.30759116686692], [131.80705901522882, 43.307501229068606], [131.80718217047047, 43.30749820424713]], [[131.80667712536794, 43.30724048924807], [131.80668540802967, 43.30742036491007], [131.80643909773664, 43.307426413342235], [131.80643081579944, 43.30724653764244], [131.80667712536794, 43.30724048924807]], [[131.80716974427557, 43.30722839087012], [131.8071738863214, 43.307318328664195], [131.80705073144205, 43.30732135346678], [131.80704658957734, 43.307231415663246], [131.80716974427557, 43.30722839087012]], [[131.80653740622358, 43.306883762128834], [131.80654568837022, 43.30706363782363], [131.8064225339387, 43.30706666193572], [131.80641425215433, 43.30688678622202], [131.80653740622358, 43.306883762128834]], [[131.80703002230953, 43.306871664431775], [131.80703416409781, 43.30696160224225], [131.80691100992385, 43.30696462687461], [131.80690686831673, 43.30687468905468], [131.80703002230953, 43.306871664431775]], [[131.80615966297515, 43.30671295825268], [131.80615552251209, 43.30662302037087], [131.80639768881494, 43.306527034773794], [131.80641011129083, 43.30679684836258], [131.80615966297515, 43.30671295825268]], [[131.80664399548527, 43.30652098653056], [131.80663985433594, 43.306431048683045], [131.80688616056761, 43.30642499992901], [131.8068944436099, 43.3066048755845], [131.80664399548527, 43.30652098653056]], [[131.80638940725987, 43.30634715903925], [131.80626625425828, 43.306350182943326], [131.80626211369054, 43.30626024506401], [131.80638526651097, 43.30625722116938], [131.80638940725987, 43.30634715903925]], [[131.8060158079923, 43.306266292455994], [131.80601166780593, 43.306176354556044], [131.80613482048344, 43.30617333093571], [131.80612653980572, 43.305993455149476], [131.80637284437898, 43.30598740754931], [131.8063811257812, 43.30616728329777], [131.80625797314187, 43.30617030718295], [131.80626211369054, 43.30626024506401], [131.8060158079923, 43.306266292455994]]], [[[131.80758477778883, 43.30820863102352], [131.8074616211554, 43.3082116563179], [131.80746990641126, 43.308391531828285], [131.80759306340698, 43.308388506514994], [131.80759720624476, 43.30847844425813], [131.8078393773411, 43.30838245549112], [131.80783109099835, 43.30820258003744], [131.80770793440317, 43.30820560559669], [131.80770379144158, 43.308115667857805], [131.80758063500843, 43.30811869327517], [131.80758477778883, 43.30820863102352]]]]}, "properties": {"zone_id": "vladivostok-2025-11-19-050", "aoi": "vladivostok", "date": "2025-11-19", "scene_id": "S2B_MSIL2A_20251119T020859_R103_T52TGN_20251119T033950", "scene_datetime_utc": "2025-11-19T02:08:59.024000+00:00", "detection_status": "detected", "detection_status_ru": "обнаружено", "lon": 131.80646, "lat": 43.30667, "n_pixels": 199, "zone_area_km2": 0.0444, "cover_m2": 5243.1, "p_mean": 0.812, "p_max": 1.0, "cover_m2_km2": 118087.8, "h3": "88316ccd13fffff", "valid_frac_scene": 1.0, "wind_ms": 2.2, "sea": "спокойное", "scene_reliable": true, "field_event_id": "S4:DOORS3:T23", "field_profile": "B", "field_date": "2024-06-10", "field_distance_km": 6965.4, "field_date_gap_days": 527, "field_conc_items_km2": 102.37, "conc_A_items_km2": null, "conc_A_lo80": null, "conc_A_hi80": null, "conc_A_lo95": null, "conc_A_hi95": null, "conc_A_status": "unavailable", "conc_A_status_ru": "концентрация недоступна", "conc_A_reasons": "вне бассейна профиля: nw_atlantic_subtropical", "conc_A_model": "conc-A-c6bce5631d2b", "conc_B_items_km2": null, "conc_B_lo80": null, "conc_B_hi80": null, "conc_B_lo95": null, "conc_B_hi95": null, "conc_B_status": "unavailable", "conc_B_status_ru": "концентрация недоступна", "conc_B_reasons": "вне бассейна профиля: black_sea", "conc_B_model": "conc-B-c6bce5631d2b"}}, {"type": "Feature", "geometry": {"type": "Polygon", "coordinates": [[[131.8029369803197, 43.306341840161345], [131.8029328446615, 43.30625190202539], [131.8028096914876, 43.3062549222026], [131.80280555602963, 43.306164984055464], [131.80292870902244, 43.306161963887696], [131.80292457340238, 43.306072025748264], [131.80317501495074, 43.30615592315486], [131.80317915095213, 43.30624586127368], [131.8030559978164, 43.306248881715746], [131.8030601336557, 43.30633881984227], [131.8029369803197, 43.306341840161345]]]}, "properties": {"zone_id": "vladivostok-2025-11-19-051", "aoi": "vladivostok", "date": "2025-11-19", "scene_id": "S2B_MSIL2A_20251119T020859_R103_T52TGN_20251119T033950", "scene_datetime_utc": "2025-11-19T02:08:59.024000+00:00", "detection_status": "detected", "detection_status_ru": "обнаружено", "lon": 131.80299, "lat": 43.30621, "n_pixels": 1, "zone_area_km2": 0.0005, "cover_m2": 25.9, "p_mean": 0.804, "p_max": 0.804, "cover_m2_km2": 51800.0, "h3": "88316ccde9fffff", "valid_frac_scene": 1.0, "wind_ms": 2.2, "sea": "спокойное", "scene_reliable": true, "field_event_id": "S4:DOORS3:T23", "field_profile": "B", "field_date": "2024-06-10", "field_distance_km": 6965.2, "field_date_gap_days": 527, "field_conc_items_km2": 102.37, "conc_A_items_km2": null, "conc_A_lo80": null, "conc_A_hi80": null, "conc_A_lo95": null, "conc_A_hi95": null, "conc_A_status": "unavailable", "conc_A_status_ru": "концентрация недоступна", "conc_A_reasons": "вне бассейна профиля: nw_atlantic_subtropical", "conc_A_model": "conc-A-c6bce5631d2b", "conc_B_items_km2": null, "conc_B_lo80": null, "conc_B_hi80": null, "conc_B_lo95": null, "conc_B_hi95": null, "conc_B_status": "unavailable", "conc_B_status_ru": "концентрация недоступна", "conc_B_reasons": "вне бассейна профиля: black_sea", "conc_B_model": "conc-B-c6bce5631d2b"}}, {"type": "Feature", "geometry": {"type": "Polygon", "coordinates": [[[131.80441481909176, 43.30630558759219], [131.80441068126, 43.30621564956948], [131.80428752831511, 43.306218671335834], [131.8042833906836, 43.30612873330195], [131.80440654344736, 43.30612571154504], [131.80440240565383, 43.30603577351885], [131.80464871076182, 43.30602972962664], [131.8046528489176, 43.30611966763393], [131.8047760016241, 43.306116645479754], [131.80478013998012, 43.30620658347586], [131.8046569870925, 43.3062096056395], [131.80466112528651, 43.306299543643334], [131.80441481909176, 43.30630558759219]]]}, "properties": {"zone_id": "vladivostok-2025-11-19-052", "aoi": "vladivostok", "date": "2025-11-19", "scene_id": "S2B_MSIL2A_20251119T020859_R103_T52TGN_20251119T033950", "scene_datetime_utc": "2025-11-19T02:08:59.024000+00:00", "detection_status": "detected", "detection_status_ru": "обнаружено", "lon": 131.80453, "lat": 43.30617, "n_pixels": 2, "zone_area_km2": 0.0008, "cover_m2": 43.9, "p_mean": 0.89, "p_max": 0.953, "cover_m2_km2": 54875.0, "h3": "88316ccd13fffff", "valid_frac_scene": 1.0, "wind_ms": 2.2, "sea": "спокойное", "scene_reliable": true, "field_event_id": "S4:DOORS3:T23", "field_profile": "B", "field_date": "2024-06-10", "field_distance_km": 6965.3, "field_date_gap_days": 527, "field_conc_items_km2": 102.37, "conc_A_items_km2": null, "conc_A_lo80": null, "conc_A_hi80": null, "conc_A_lo95": null, "conc_A_hi95": null, "conc_A_status": "unavailable", "conc_A_status_ru": "концентрация недоступна", "conc_A_reasons": "вне бассейна профиля: nw_atlantic_subtropical", "conc_A_model": "conc-A-c6bce5631d2b", "conc_B_items_km2": null, "conc_B_lo80": null, "conc_B_hi80": null, "conc_B_lo95": null, "conc_B_hi95": null, "conc_B_status": "unavailable", "conc_B_status_ru": "концентрация недоступна", "conc_B_reasons": "вне бассейна профиля: black_sea", "conc_B_model": "conc-B-c6bce5631d2b"}}, {"type": "Feature", "geometry": {"type": "Polygon", "coordinates": [[[131.80341304813277, 43.305970005687215], [131.8034089118264, 43.30588006758205], [131.8032857594533, 43.30588308825123], [131.80328162334715, 43.3057931501349], [131.80340477553912, 43.30579012947517], [131.8034006392709, 43.30570019136653], [131.80352379126265, 43.3056971705838], [131.8035196548324, 43.305607232482856], [131.8037700951889, 43.30569112862106], [131.80377836883113, 43.30587100477996], [131.80365521651532, 43.305874025846414], [131.80365935318395, 43.30596396393271], [131.80341304813277, 43.305970005687215]]]}, "properties": {"zone_id": "vladivostok-2025-11-19-053", "aoi": "vladivostok", "date": "2025-11-19", "scene_id": "S2B_MSIL2A_20251119T020859_R103_T52TGN_20251119T033950", "scene_datetime_utc": "2025-11-19T02:08:59.024000+00:00", "detection_status": "detected", "detection_status_ru": "обнаружено", "lon": 131.80355, "lat": 43.3058, "n_pixels": 3, "zone_area_km2": 0.001, "cover_m2": 70.2, "p_mean": 0.579, "p_max": 0.627, "cover_m2_km2": 70200.0, "h3": "88316ccde9fffff", "valid_frac_scene": 1.0, "wind_ms": 2.2, "sea": "спокойное", "scene_reliable": true, "field_event_id": "S4:DOORS3:T23", "field_profile": "B", "field_date": "2024-06-10", "field_distance_km": 6965.3, "field_date_gap_days": 527, "field_conc_items_km2": 102.37, "conc_A_items_km2": null, "conc_A_lo80": null, "conc_A_hi80": null, "conc_A_lo95": null, "conc_A_hi95": null, "conc_A_status": "unavailable", "conc_A_status_ru": "концентрация недоступна", "conc_A_reasons": "вне бассейна профиля: nw_atlantic_subtropical", "conc_A_model": "conc-A-c6bce5631d2b", "conc_B_items_km2": null, "conc_B_lo80": null, "conc_B_hi80": null, "conc_B_lo95": null, "conc_B_hi95": null, "conc_B_status": "unavailable", "conc_B_status_ru": "концентрация недоступна", "conc_B_reasons": "вне бассейна профиля: black_sea", "conc_B_model": "conc-B-c6bce5631d2b"}}, {"type": "Feature", "geometry": {"type": "MultiPolygon", "coordinates": [[[[131.8043527536202, 43.30495651706919], [131.8043568911847, 43.30504645511622], [131.8044800417559, 43.30504343334016], [131.80447590401033, 43.30495349530257], [131.80471806664454, 43.30485751335163], [131.80471392857487, 43.30476757532945], [131.8045907785852, 43.304770597342035], [131.80458664071577, 43.30468065930867], [131.80434034104138, 43.304686702917685], [131.80434447854856, 43.30477664096993], [131.80422132850163, 43.304779662585254], [131.80422960321104, 43.30495953870339], [131.8043527536202, 43.30495651706919]]], [[[131.80410645278278, 43.30496256020517], [131.80411058998502, 43.30505249827107], [131.80398743935655, 43.305055519649855], [131.80399157639673, 43.305145457723455], [131.80411472720633, 43.30514243633524], [131.80412300170624, 43.30532231245835], [131.80437344163346, 43.30540620728695], [131.80437757929337, 43.30549614532529], [131.8045007307702, 43.30549312350203], [131.80450486863032, 43.3055830615292], [131.8047470336665, 43.30548707945826], [131.80473875727907, 43.30530720343647], [131.80461560620267, 43.3053102255057], [131.8046114682187, 43.30522028748277], [131.80448831730436, 43.305223309410124], [131.80448417952059, 43.30513337137601], [131.80436102876826, 43.305136393161504], [131.8043568911847, 43.30504645511622], [131.80410645278278, 43.30496256020517]]]]}, "properties": {"zone_id": "vladivostok-2025-11-19-054", "aoi": "vladivostok", "date": "2025-11-19", "scene_id": "S2B_MSIL2A_20251119T020859_R103_T52TGN_20251119T033950", "scene_datetime_utc": "2025-11-19T02:08:59.024000+00:00", "detection_status": "detected", "detection_status_ru": "обнаружено", "lon": 131.80442, "lat": 43.30512, "n_pixels": 8, "zone_area_km2": 0.0029, "cover_m2": 208.2, "p_mean": 0.9, "p_max": 0.992, "cover_m2_km2": 71793.1, "h3": "88316ccde9fffff", "valid_frac_scene": 1.0, "wind_ms": 2.2, "sea": "спокойное", "scene_reliable": true, "field_event_id": "S4:DOORS3:T23", "field_profile": "B", "field_date": "2024-06-10", "field_distance_km": 6965.4, "field_date_gap_days": 527, "field_conc_items_km2": 102.37, "conc_A_items_km2": null, "conc_A_lo80": null, "conc_A_hi80": null, "conc_A_lo95": null, "conc_A_hi95": null, "conc_A_status": "unavailable", "conc_A_status_ru": "концентрация недоступна", "conc_A_reasons": "вне бассейна профиля: nw_atlantic_subtropical", "conc_A_model": "conc-A-c6bce5631d2b", "conc_B_items_km2": null, "conc_B_lo80": null, "conc_B_hi80": null, "conc_B_lo95": null, "conc_B_hi95": null, "conc_B_status": "unavailable", "conc_B_status_ru": "концентрация недоступна", "conc_B_reasons": "вне бассейна профиля: black_sea", "conc_B_model": "conc-B-c6bce5631d2b"}}, {"type": "Feature", "geometry": {"type": "Polygon", "coordinates": [[[131.91108112699118, 43.29895640224624], [131.9110768330104, 43.298866472481194], [131.91095370636322, 43.29886960866402], [131.91094941258325, 43.298779678887406], [131.91107253904946, 43.29877654271436], [131.9110682451083, 43.298686612945794], [131.9113187919224, 43.298770269971236], [131.91132308624537, 43.298860199718455], [131.9111999596378, 43.298863336166], [131.91120425379955, 43.29895326592125], [131.91108112699118, 43.29895640224624]]]}, "properties": {"zone_id": "vladivostok-2025-11-19-055", "aoi": "vladivostok", "date": "2025-11-19", "scene_id": "S2B_MSIL2A_20251119T020859_R103_T52TGN_20251119T033950", "scene_datetime_utc": "2025-11-19T02:08:59.024000+00:00", "detection_status": "detected", "detection_status_ru": "обнаружено", "lon": 131.91114, "lat": 43.29882, "n_pixels": 1, "zone_area_km2": 0.0005, "cover_m2": 5.5, "p_mean": 0.788, "p_max": 0.788, "cover_m2_km2": 11000.0, "h3": "88316cccd9fffff", "valid_frac_scene": 1.0, "wind_ms": 2.2, "sea": "спокойное", "scene_reliable": true, "field_event_id": "S4:DOORS3:T23", "field_profile": "B", "field_date": "2024-06-10", "field_distance_km": 6973.0, "field_date_gap_days": 527, "field_conc_items_km2": 102.37, "conc_A_items_km2": null, "conc_A_lo80": null, "conc_A_hi80": null, "conc_A_lo95": null, "conc_A_hi95": null, "conc_A_status": "unavailable", "conc_A_status_ru": "концентрация недоступна", "conc_A_reasons": "вне бассейна профиля: nw_atlantic_subtropical", "conc_A_model": "conc-A-c6bce5631d2b", "conc_B_items_km2": null, "conc_B_lo80": null, "conc_B_hi80": null, "conc_B_lo95": null, "conc_B_hi95": null, "conc_B_status": "unavailable", "conc_B_status_ru": "концентрация недоступна", "conc_B_reasons": "вне бассейна профиля: black_sea", "conc_B_model": "conc-B-c6bce5631d2b"}}, {"type": "Feature", "geometry": {"type": "Polygon", "coordinates": [[[131.7721126148474, 43.29817968947753], [131.77210852579952, 43.298089748852476], [131.77198538586816, 43.298092735394285], [131.7719812970202, 43.29800279475817], [131.77210443677052, 43.2979998082257], [131.77210034776036, 43.297909867597184], [131.77235071621448, 43.29799383476353], [131.77235480560563, 43.29808377537164], [131.772231665712, 43.29808676217826], [131.77223575494097, 43.298176702794], [131.7721126148474, 43.29817968947753]]]}, "properties": {"zone_id": "vladivostok-2025-11-19-056", "aoi": "vladivostok", "date": "2025-11-19", "scene_id": "S2B_MSIL2A_20251119T020859_R103_T52TGN_20251119T033950", "scene_datetime_utc": "2025-11-19T02:08:59.024000+00:00", "detection_status": "detected", "detection_status_ru": "обнаружено", "lon": 131.77217, "lat": 43.29804, "n_pixels": 1, "zone_area_km2": 0.0005, "cover_m2": 19.6, "p_mean": 0.824, "p_max": 0.824, "cover_m2_km2": 39200.0, "h3": "88316ccd37fffff", "valid_frac_scene": 1.0, "wind_ms": 2.2, "sea": "спокойное", "scene_reliable": true, "field_event_id": "S4:DOORS3:T23", "field_profile": "B", "field_date": "2024-06-10", "field_distance_km": 6963.6, "field_date_gap_days": 527, "field_conc_items_km2": 102.37, "conc_A_items_km2": null, "conc_A_lo80": null, "conc_A_hi80": null, "conc_A_lo95": null, "conc_A_hi95": null, "conc_A_status": "unavailable", "conc_A_status_ru": "концентрация недоступна", "conc_A_reasons": "вне бассейна профиля: nw_atlantic_subtropical", "conc_A_model": "conc-A-c6bce5631d2b", "conc_B_items_km2": null, "conc_B_lo80": null, "conc_B_hi80": null, "conc_B_lo95": null, "conc_B_hi95": null, "conc_B_status": "unavailable", "conc_B_status_ru": "концентрация недоступна", "conc_B_reasons": "вне бассейна профиля: black_sea", "conc_B_model": "conc-B-c6bce5631d2b"}}, {"type": "Feature", "geometry": {"type": "MultiPolygon", "coordinates": [[[[131.95689265298074, 43.295439292161966], [131.95664206300782, 43.29535573647938], [131.95664642360617, 43.295445662627614], [131.95652330888873, 43.29544884766196], [131.95653202978394, 43.29562869997301], [131.9567826207621, 43.29571225586518], [131.9567782599225, 43.29562232973222], [131.95690137496157, 43.29561914441333], [131.95689265298074, 43.295439292161966]]], [[[131.95678698162186, 43.295802181996386], [131.9570375736454, 43.29588573729601], [131.95703321240367, 43.2957958111865], [131.95715632776435, 43.29579262558306], [131.9571519663618, 43.29570269948171], [131.95690137496157, 43.29561914441333], [131.95690573598213, 43.29570907053634], [131.9567826207621, 43.29571225586518], [131.95678698162186, 43.295802181996386]]]]}, "properties": {"zone_id": "vladivostok-2025-11-19-057", "aoi": "vladivostok", "date": "2025-11-19", "scene_id": "S2B_MSIL2A_20251119T020859_R103_T52TGN_20251119T033950", "scene_datetime_utc": "2025-11-19T02:08:59.024000+00:00", "detection_status": "detected", "detection_status_ru": "обнаружено", "lon": 131.9568, "lat": 43.29561, "n_pixels": 3, "zone_area_km2": 0.0013, "cover_m2": 19.2, "p_mean": 0.858, "p_max": 0.969, "cover_m2_km2": 14769.2, "h3": "88316c1b09fffff", "valid_frac_scene": 1.0, "wind_ms": 2.2, "sea": "спокойное", "scene_reliable": true, "field_event_id": "S4:DOORS3:T23", "field_profile": "B", "field_date": "2024-06-10", "field_distance_km": 6976.2, "field_date_gap_days": 527, "field_conc_items_km2": 102.37, "conc_A_items_km2": null, "conc_A_lo80": null, "conc_A_hi80": null, "conc_A_lo95": null, "conc_A_hi95": null, "conc_A_status": "unavailable", "conc_A_status_ru": "концентрация недоступна", "conc_A_reasons": "вне бассейна профиля: nw_atlantic_subtropical", "conc_A_model": "conc-A-c6bce5631d2b", "conc_B_items_km2": null, "conc_B_lo80": null, "conc_B_hi80": null, "conc_B_lo95": null, "conc_B_hi95": null, "conc_B_status": "unavailable", "conc_B_status_ru": "концентрация недоступна", "conc_B_reasons": "вне бассейна профиля: black_sea", "conc_B_model": "conc-B-c6bce5631d2b"}}, {"type": "Feature", "geometry": {"type": "MultiPolygon", "coordinates": [[[[131.77173141793398, 43.295217620291574], [131.7717355060161, 43.29530756099063], [131.7718586403535, 43.29530457487042], [131.7718545520903, 43.29521463418069], [131.77197768622779, 43.29521164793742], [131.77196950939592, 43.295031766571434], [131.77171915380072, 43.29494779818399], [131.77172324182627, 43.295037738888254], [131.77160010801316, 43.29504072484809], [131.77160828375875, 43.29522060627006], [131.77173141793398, 43.295217620291574]]], [[[131.77148514956468, 43.29522359211616], [131.77148923728473, 43.295313532833866], [131.77136610289077, 43.295316518556916], [131.77137019044864, 43.29540645928224], [131.77149332502364, 43.29540347354988], [131.7714974127814, 43.295493414264136], [131.77173959411712, 43.29539750168797], [131.7717355060161, 43.29530756099063], [131.77148514956468, 43.29522359211616]]]]}, "properties": {"zone_id": "vladivostok-2025-11-19-058", "aoi": "vladivostok", "date": "2025-11-19", "scene_id": "S2B_MSIL2A_20251119T020859_R103_T52TGN_20251119T033950", "scene_datetime_utc": "2025-11-19T02:08:59.024000+00:00", "detection_status": "detected", "detection_status_ru": "обнаружено", "lon": 131.77171, "lat": 43.2952, "n_pixels": 3, "zone_area_km2": 0.0013, "cover_m2": 45.5, "p_mean": 0.852, "p_max": 0.984, "cover_m2_km2": 35000.0, "h3": "88316c52ddfffff", "valid_frac_scene": 1.0, "wind_ms": 2.2, "sea": "спокойное", "scene_reliable": true, "field_event_id": "S4:DOORS3:T23", "field_profile": "B", "field_date": "2024-06-10", "field_distance_km": 6963.8, "field_date_gap_days": 527, "field_conc_items_km2": 102.37, "conc_A_items_km2": null, "conc_A_lo80": null, "conc_A_hi80": null, "conc_A_lo95": null, "conc_A_hi95": null, "conc_A_status": "unavailable", "conc_A_status_ru": "концентрация недоступна", "conc_A_reasons": "вне бассейна профиля: nw_atlantic_subtropical", "conc_A_model": "conc-A-c6bce5631d2b", "conc_B_items_km2": null, "conc_B_lo80": null, "conc_B_hi80": null, "conc_B_lo95": null, "conc_B_hi95": null, "conc_B_status": "unavailable", "conc_B_status_ru": "концентрация недоступна", "conc_B_reasons": "вне бассейна профиля: black_sea", "conc_B_model": "conc-B-c6bce5631d2b"}}, {"type": "Feature", "geometry": {"type": "Polygon", "coordinates": [[[131.98632529046267, 43.2948540582542], [131.98632088622273, 43.294764134519156], [131.9861977761961, 43.29476735145198], [131.98619337215735, 43.29467742770509], [131.98631648200308, 43.294674210782325], [131.98631207780377, 43.29458428704371], [131.98643518744828, 43.294581069998685], [131.98643078308837, 43.294491146268335], [131.98668140667635, 43.29457463551169], [131.98668581141837, 43.29466455922016], [131.9865627016336, 43.29466777653985], [131.98656710621503, 43.29475770025659], [131.98632529046267, 43.2948540582542]]]}, "properties": {"zone_id": "vladivostok-2025-11-19-059", "aoi": "vladivostok", "date": "2025-11-19", "scene_id": "S2B_MSIL2A_20251119T020859_R103_T52TGN_20251119T033950", "scene_datetime_utc": "2025-11-19T02:08:59.024000+00:00", "detection_status": "detected", "detection_status_ru": "обнаружено", "lon": 131.98644, "lat": 43.29467, "n_pixels": 2, "zone_area_km2": 0.0008, "cover_m2": 106.3, "p_mean": 0.947, "p_max": 0.969, "cover_m2_km2": 132875.0, "h3": "88316c1a2dfffff", "valid_frac_scene": 1.0, "wind_ms": 2.2, "sea": "спокойное", "scene_reliable": true, "field_event_id": "S4:DOORS3:T23", "field_profile": "B", "field_date": "2024-06-10", "field_distance_km": 6978.3, "field_date_gap_days": 527, "field_conc_items_km2": 102.37, "conc_A_items_km2": null, "conc_A_lo80": null, "conc_A_hi80": null, "conc_A_lo95": null, "conc_A_hi95": null, "conc_A_status": "unavailable", "conc_A_status_ru": "концентрация недоступна", "conc_A_reasons": "вне бассейна профиля: nw_atlantic_subtropical", "conc_A_model": "conc-A-c6bce5631d2b", "conc_B_items_km2": null, "conc_B_lo80": null, "conc_B_hi80": null, "conc_B_lo95": null, "conc_B_hi95": null, "conc_B_status": "unavailable", "conc_B_status_ru": "концентрация недоступна", "conc_B_reasons": "вне бассейна профиля: black_sea", "conc_B_model": "conc-B-c6bce5631d2b"}}, {"type": "Feature", "geometry": {"type": "Polygon", "coordinates": [[[131.77085313124076, 43.2948787562861], [131.77084904452022, 43.29478881551311], [131.77072591111823, 43.29479180051824], [131.7707177380958, 43.2946119189484], [131.77059460503705, 43.2946149038025], [131.7705864324521, 43.2944350222071], [131.77046329973658, 43.29443800691016], [131.77046738583857, 43.29452794771805], [131.7702211199889, 43.29453391674568], [131.77022520574766, 43.294623857570485], [131.7701020726135, 43.29462684189505], [131.77009798703577, 43.294536901060916], [131.76972858806332, 43.294545853212306], [131.76973267309793, 43.29463579407441], [131.76936327341275, 43.294644745062286], [131.76936735792307, 43.29473468595062], [131.76924422447595, 43.29473766935779], [131.76924014014665, 43.294647728460134], [131.76911700686173, 43.29465071172561], [131.76911292273232, 43.2945607708169], [131.7692360558362, 43.294557787560755], [131.76921971878284, 43.29419802394591], [131.76934285114373, 43.29419504059465], [131.76933876674644, 43.29410509969594], [131.76970816317294, 43.29409614887584], [131.7697122481133, 43.294186089746596], [131.76983538039883, 43.2941831058658], [131.7698312952774, 43.29409316500436], [131.7700775594298, 43.29408719686428], [131.7700816449133, 43.294177137707074], [131.77020477714225, 43.294174153429125], [131.77020886282565, 43.29426409426085], [131.77069730586965, 43.29416221499351], [131.77070139227718, 43.294252155787945], [131.7708245245929, 43.29424917083876], [131.77082861120033, 43.29433911162214], [131.77095174367827, 43.29433612653124], [131.77095991731173, 43.294516008074176], [131.7712102701423, 43.294599978208126], [131.77121844461305, 43.29477985970337], [131.77109531126763, 43.294782845105665], [131.77109939835026, 43.29487278586], [131.77085313124076, 43.2948787562861]]]}, "properties": {"zone_id": "vladivostok-2025-11-19-060", "aoi": "vladivostok", "date": "2025-11-19", "scene_id": "S2B_MSIL2A_20251119T020859_R103_T52TGN_20251119T033950", "scene_datetime_utc": "2025-11-19T02:08:59.024000+00:00", "detection_status": "detected", "detection_status_ru": "обнаружено", "lon": 131.77007, "lat": 43.29442, "n_pixels": 34, "zone_area_km2": 0.0076, "cover_m2": 596.9, "p_mean": 0.766, "p_max": 1.0, "cover_m2_km2": 78539.5, "h3": "88316c52ddfffff", "valid_frac_scene": 1.0, "wind_ms": 2.2, "sea": "спокойное", "scene_reliable": true, "field_event_id": "S4:DOORS3:T23", "field_profile": "B", "field_date": "2024-06-10", "field_distance_km": 6963.7, "field_date_gap_days": 527, "field_conc_items_km2": 102.37, "conc_A_items_km2": null, "conc_A_lo80": null, "conc_A_hi80": null, "conc_A_lo95": null, "conc_A_hi95": null, "conc_A_status": "unavailable", "conc_A_status_ru": "концентрация недоступна", "conc_A_reasons": "вне бассейна профиля: nw_atlantic_subtropical", "conc_A_model": "conc-A-c6bce5631d2b", "conc_B_items_km2": null, "conc_B_lo80": null, "conc_B_hi80": null, "conc_B_lo95": null, "conc_B_hi95": null, "conc_B_status": "unavailable", "conc_B_status_ru": "концентрация недоступна", "conc_B_reasons": "вне бассейна профиля: black_sea", "conc_B_model": "conc-B-c6bce5631d2b"}}, {"type": "Feature", "geometry": {"type": "Polygon", "coordinates": [[[131.76814827081665, 43.29503433699912], [131.76814418806026, 43.29494439602277], [131.76789792004618, 43.294950360094255], [131.7678938376707, 43.29486041909756], [131.76777070381647, 43.29486340092541], [131.76776662164082, 43.294773459917664], [131.76788975531403, 43.29477047809914], [131.76787750835706, 43.29450065509349], [131.76762716015884, 43.29441667751828], [131.76761491451413, 43.294146854435986], [131.76749178207055, 43.294149835924536], [131.76748770040768, 43.294059894884334], [131.7673645681263, 43.29406287623119], [131.7673604866633, 43.29397293517993], [131.76699109024935, 43.29398187839823], [131.76698700934827, 43.29389193731732], [131.76686387735367, 43.29389491811601], [131.76685979665245, 43.293804977024045], [131.76661761330797, 43.29390087931622], [131.76661353296885, 43.29381093820565], [131.7664904010988, 43.29381391859786], [131.76647816073745, 43.29354409522783], [131.7666012920644, 43.293541114863544], [131.76659313155557, 43.29336123262683], [131.76671626250163, 43.293358252148785], [131.7667121820944, 43.29326831103714], [131.76695844356797, 43.29326234970253], [131.76696252433726, 43.29335229079554], [131.76708565522682, 43.29334930992034], [131.76709381718393, 43.29352919208255], [131.76697068593228, 43.29353217297639], [131.76697476675804, 43.29362211406421], [131.76746729237578, 43.293610189657386], [131.76747137394452, 43.293700130706235], [131.76771763700245, 43.29369416768991], [131.76772171895206, 43.2937841087184], [131.76796798229677, 43.2937781451539], [131.7679720646273, 43.29386808616202], [131.76809519645244, 43.293865104171886], [131.7681074441001, 43.294134927157955], [131.76798431173185, 43.29413790917605], [131.76798839413772, 43.29422785017725], [131.76823874200423, 43.29431182697091], [131.76824282480982, 43.294401767950035], [131.7683659576835, 43.29439878563923], [131.76837004068898, 43.294488726607305], [131.76849317372486, 43.294485744154805], [131.76850134015444, 43.294665626067136], [131.76862447353358, 43.2946626434636], [131.76862039012832, 43.29457270251762], [131.76887074023534, 43.29465667785938], [131.7688789078265, 43.294836559708884], [131.76875577412295, 43.29483954259582], [131.76875985776576, 43.294929483527305], [131.76851358994006, 43.294935448922665], [131.76851767323961, 43.29502538987104], [131.76814827081665, 43.29503433699912]]]}, "properties": {"zone_id": "vladivostok-2025-11-19-061", "aoi": "vladivostok", "date": "2025-11-19", "scene_id": "S2B_MSIL2A_20251119T020859_R103_T52TGN_20251119T033950", "scene_datetime_utc": "2025-11-19T02:08:59.024000+00:00", "detection_status": "detected", "detection_status_ru": "обнаружено", "lon": 131.7677, "lat": 43.29417, "n_pixels": 53, "zone_area_km2": 0.0117, "cover_m2": 1196.1, "p_mean": 0.773, "p_max": 1.0, "cover_m2_km2": 102230.8, "h3": "88316c52ddfffff", "valid_frac_scene": 1.0, "wind_ms": 2.2, "sea": "спокойное", "scene_reliable": true, "field_event_id": "S4:DOORS3:T23", "field_profile": "B", "field_date": "2024-06-10", "field_distance_km": 6963.6, "field_date_gap_days": 527, "field_conc_items_km2": 102.37, "conc_A_items_km2": null, "conc_A_lo80": null, "conc_A_hi80": null, "conc_A_lo95": null, "conc_A_hi95": null, "conc_A_status": "unavailable", "conc_A_status_ru": "концентрация недоступна", "conc_A_reasons": "вне бассейна профиля: nw_atlantic_subtropical", "conc_A_model": "conc-A-c6bce5631d2b", "conc_B_items_km2": null, "conc_B_lo80": null, "conc_B_hi80": null, "conc_B_lo95": null, "conc_B_hi95": null, "conc_B_status": "unavailable", "conc_B_status_ru": "концентрация недоступна", "conc_B_reasons": "вне бассейна профиля: black_sea", "conc_B_model": "conc-B-c6bce5631d2b"}}, {"type": "Feature", "geometry": {"type": "Polygon", "coordinates": [[[131.7620739359224, 43.294280890358586], [131.76206986222527, 43.29419094890897], [131.76194672911618, 43.294193924430836], [131.76193858214043, 43.294014041507815], [131.7618154493746, 43.294017016878705], [131.76181137609598, 43.2939270754053], [131.76193450868075, 43.293924100043704], [131.76193043523986, 43.29383415857787], [131.76217669999096, 43.293828207476125], [131.76218077379392, 43.29391814892335], [131.7623039063223, 43.293915173164606], [131.7623161283871, 43.29418499746807], [131.7620739359224, 43.294280890358586]]]}, "properties": {"zone_id": "vladivostok-2025-11-19-062", "aoi": "vladivostok", "date": "2025-11-19", "scene_id": "S2B_MSIL2A_20251119T020859_R103_T52TGN_20251119T033950", "scene_datetime_utc": "2025-11-19T02:08:59.024000+00:00", "detection_status": "detected", "detection_status_ru": "обнаружено", "lon": 131.76209, "lat": 43.29403, "n_pixels": 4, "zone_area_km2": 0.0013, "cover_m2": 109.4, "p_mean": 0.89, "p_max": 0.957, "cover_m2_km2": 84153.8, "h3": "88316c52c3fffff", "valid_frac_scene": 1.0, "wind_ms": 2.2, "sea": "спокойное", "scene_reliable": true, "field_event_id": "S4:DOORS3:T23", "field_profile": "B", "field_date": "2024-06-10", "field_distance_km": 6963.2, "field_date_gap_days": 527, "field_conc_items_km2": 102.37, "conc_A_items_km2": null, "conc_A_lo80": null, "conc_A_hi80": null, "conc_A_lo95": null, "conc_A_hi95": null, "conc_A_status": "unavailable", "conc_A_status_ru": "концентрация недоступна", "conc_A_reasons": "вне бассейна профиля: nw_atlantic_subtropical", "conc_A_model": "conc-A-c6bce5631d2b", "conc_B_items_km2": null, "conc_B_lo80": null, "conc_B_hi80": null, "conc_B_lo95": null, "conc_B_hi95": null, "conc_B_status": "unavailable", "conc_B_status_ru": "концентрация недоступна", "conc_B_reasons": "вне бассейна профиля: black_sea", "conc_B_model": "conc-B-c6bce5631d2b"}}, {"type": "Feature", "geometry": {"type": "Polygon", "coordinates": [[[131.8085352601931, 43.29404906166326], [131.8085311180593, 43.293959123764914], [131.8084079902846, 43.29396214928727], [131.8084038483509, 43.293872211377746], [131.8085269759446, 43.293869185864835], [131.80852283384897, 43.29377924796302], [131.80877323107467, 43.29386313444193], [131.8087773735514, 43.2939530723231], [131.80865424581492, 43.293956098110186], [131.80865838812974, 43.29404603599908], [131.8085352601931, 43.29404906166326]]]}, "properties": {"zone_id": "vladivostok-2025-11-19-063", "aoi": "vladivostok", "date": "2025-11-19", "scene_id": "S2B_MSIL2A_20251119T020859_R103_T52TGN_20251119T033950", "scene_datetime_utc": "2025-11-19T02:08:59.024000+00:00", "detection_status": "detected", "detection_status_ru": "обнаружено", "lon": 131.80859, "lat": 43.29391, "n_pixels": 1, "zone_area_km2": 0.0005, "cover_m2": 5.1, "p_mean": 0.957, "p_max": 0.957, "cover_m2_km2": 10200.0, "h3": "88316ccdebfffff", "valid_frac_scene": 1.0, "wind_ms": 2.2, "sea": "спокойное", "scene_reliable": true, "field_event_id": "S4:DOORS3:T23", "field_profile": "B", "field_date": "2024-06-10", "field_distance_km": 6966.4, "field_date_gap_days": 527, "field_conc_items_km2": 102.37, "conc_A_items_km2": null, "conc_A_lo80": null, "conc_A_hi80": null, "conc_A_lo95": null, "conc_A_hi95": null, "conc_A_status": "unavailable", "conc_A_status_ru": "концентрация недоступна", "conc_A_reasons": "вне бассейна профиля: nw_atlantic_subtropical", "conc_A_model": "conc-A-c6bce5631d2b", "conc_B_items_km2": null, "conc_B_lo80": null, "conc_B_hi80": null, "conc_B_lo95": null, "conc_B_hi95": null, "conc_B_status": "unavailable", "conc_B_status_ru": "концентрация недоступна", "conc_B_reasons": "вне бассейна профиля: black_sea", "conc_B_model": "conc-B-c6bce5631d2b"}}, {"type": "Feature", "geometry": {"type": "Polygon", "coordinates": [[[131.76957277688464, 43.29382930996433], [131.76956869220066, 43.29373936907734], [131.76944556078266, 43.29374235264676], [131.76944147629857, 43.29365241174871], [131.76956460753556, 43.29364942818862], [131.7695605228893, 43.29355948729817], [131.769810869953, 43.293643460671284], [131.7698149549802, 43.29373340154136], [131.76969182359989, 43.293736385375546], [131.76969590846488, 43.29382632625321], [131.76957277688464, 43.29382930996433]]]}, "properties": {"zone_id": "vladivostok-2025-11-19-064", "aoi": "vladivostok", "date": "2025-11-19", "scene_id": "S2B_MSIL2A_20251119T020859_R103_T52TGN_20251119T033950", "scene_datetime_utc": "2025-11-19T02:08:59.024000+00:00", "detection_status": "detected", "detection_status_ru": "обнаружено", "lon": 131.76963, "lat": 43.29369, "n_pixels": 1, "zone_area_km2": 0.0005, "cover_m2": 11.8, "p_mean": 0.557, "p_max": 0.557, "cover_m2_km2": 23600.0, "h3": "88316c52ddfffff", "valid_frac_scene": 1.0, "wind_ms": 2.2, "sea": "спокойное", "scene_reliable": true, "field_event_id": "S4:DOORS3:T23", "field_profile": "B", "field_date": "2024-06-10", "field_distance_km": 6963.7, "field_date_gap_days": 527, "field_conc_items_km2": 102.37, "conc_A_items_km2": null, "conc_A_lo80": null, "conc_A_hi80": null, "conc_A_lo95": null, "conc_A_hi95": null, "conc_A_status": "unavailable", "conc_A_status_ru": "концентрация недоступна", "conc_A_reasons": "вне бассейна профиля: nw_atlantic_subtropical", "conc_A_model": "conc-A-c6bce5631d2b", "conc_B_items_km2": null, "conc_B_lo80": null, "conc_B_hi80": null, "conc_B_lo95": null, "conc_B_hi95": null, "conc_B_status": "unavailable", "conc_B_status_ru": "концентрация недоступна", "conc_B_reasons": "вне бассейна профиля: black_sea", "conc_B_model": "conc-B-c6bce5631d2b"}}, {"type": "Feature", "geometry": {"type": "Polygon", "coordinates": [[[131.76478286354916, 43.29421539517904], [131.76477878586914, 43.294125453934036], [131.7646556531737, 43.2941284323684], [131.76465157569353, 43.294038491112346], [131.7644053106083, 43.29404444756532], [131.76440123350903, 43.29395450628894], [131.76415496871064, 43.29396046219378], [131.76415904544785, 43.29405040348876], [131.76378964756606, 43.29405933638102], [131.76378557137198, 43.29396939505813], [131.7634161738641, 43.29397832673101], [131.76341209823195, 43.29388838537848], [131.76316175824346, 43.293804397773684], [131.76315768301097, 43.2937144563991], [131.76303455097624, 43.29371743306596], [131.76303862602768, 43.29380737444985], [131.76279236153974, 43.29381332740499], [131.7627882868504, 43.29372338600251], [131.76266515475925, 43.29372636227221], [131.76265293134708, 43.293456538026504], [131.76277606289509, 43.29345356178471], [131.76277198828092, 43.29336362037532], [131.76264885691393, 43.293366596607825], [131.7626447824996, 43.2932766551874], [131.76276791368554, 43.29327367896419], [131.76276383910897, 43.293183737551345], [131.76288697009508, 43.29318076120506], [131.76288289535628, 43.29309081979978], [131.7627597645512, 43.293093796136766], [131.76275161549205, 43.292913913302435], [131.7626284850302, 43.29291688948846], [131.76262441070986, 43.29282694805941], [131.76237815009188, 43.29283290001569], [131.76237407615238, 43.292742958566315], [131.76225094599621, 43.2927459343366], [131.76224687225653, 43.29265599287619], [131.76237000223168, 43.292653017115214], [131.76236592832979, 43.29256307566238], [131.7626121878616, 43.29255712376187], [131.76261626212556, 43.2926470651961], [131.76286659658905, 43.29273105416139], [131.76287067125264, 43.29282099557358], [131.76299380149587, 43.2928180191321], [131.7629897266512, 43.292728077729215], [131.76323598671917, 43.2927221244677], [131.76324006192587, 43.292812065852], [131.76336319211268, 43.29280908901338], [131.7633672675192, 43.29289903038664], [131.76361352819845, 43.29289307629366], [131.76361760398584, 43.29298301764659], [131.7637407344783, 43.29298004039222], [131.76374888647155, 43.2931599230743], [131.76387201730725, 43.29315694566894], [131.7638760935131, 43.2932468869981], [131.76412235549014, 43.293240931771656], [131.7641264320769, 43.29333087308047], [131.76424956321824, 43.29332789525937], [131.76424548645048, 43.29323795395986], [131.764368617392, 43.293234976015675], [131.7643726943408, 43.29332491730588], [131.76474208759555, 43.293315982651144], [131.76474616510626, 43.29340592391171], [131.76486929633458, 43.293402945419395], [131.7648774517745, 43.29358282791673], [131.76475432018412, 43.29358580642766], [131.76475839775125, 43.29367574768305], [131.76488152952268, 43.29367276916281], [131.76488560728967, 43.29376271040716], [131.7647624753372, 43.293765688936695], [131.76476655294195, 43.29385563018864], [131.76501689517582, 43.29393961421013], [131.76502505120357, 43.294119496668145], [131.76478286354916, 43.29421539517904]], [[131.76302232593474, 43.29344760890394], [131.76314545742633, 43.293444632264986], [131.76314138226908, 43.2933546908835], [131.76301825095848, 43.293357667513156], [131.76302232593474, 43.29344760890394]], [[131.76314138226908, 43.2933546908835], [131.76326451356087, 43.29335171412146], [131.76326043824136, 43.293261772747535], [131.7631373071306, 43.29326474950028], [131.76314138226908, 43.2933546908835]], [[131.76375703854, 43.293339805749476], [131.76388016973777, 43.29333682832552], [131.7638760935131, 43.2932468869981], [131.76375296249634, 43.29324986441276], [131.76375703854, 43.293339805749476]], [[131.76301417600106, 43.29326772612064], [131.7631373071306, 43.29326474950028], [131.76313323201094, 43.29317480811531], [131.76301010106243, 43.29317778472637], [131.76301417600106, 43.29326772612064]]]}, "properties": {"zone_id": "vladivostok-2025-11-19-065", "aoi": "vladivostok", "date": "2025-11-19", "scene_id": "S2B_MSIL2A_20251119T020859_R103_T52TGN_20251119T033950", "scene_datetime_utc": "2025-11-19T02:08:59.024000+00:00", "detection_status": "detected", "detection_status_ru": "обнаружено", "lon": 131.76373, "lat": 43.29348, "n_pixels": 94, "zone_area_km2": 0.0179, "cover_m2": 2362.0, "p_mean": 0.746, "p_max": 1.0, "cover_m2_km2": 131955.3, "h3": "88316c52c3fffff", "valid_frac_scene": 1.0, "wind_ms": 2.2, "sea": "спокойное", "scene_reliable": true, "field_event_id": "S4:DOORS3:T23", "field_profile": "B", "field_date": "2024-06-10", "field_distance_km": 6963.4, "field_date_gap_days": 527, "field_conc_items_km2": 102.37, "conc_A_items_km2": null, "conc_A_lo80": null, "conc_A_hi80": null, "conc_A_lo95": null, "conc_A_hi95": null, "conc_A_status": "unavailable", "conc_A_status_ru": "концентрация недоступна", "conc_A_reasons": "вне бассейна профиля: nw_atlantic_subtropical", "conc_A_model": "conc-A-c6bce5631d2b", "conc_B_items_km2": null, "conc_B_lo80": null, "conc_B_hi80": null, "conc_B_lo95": null, "conc_B_hi95": null, "conc_B_status": "unavailable", "conc_B_status_ru": "концентрация недоступна", "conc_B_reasons": "вне бассейна профиля: black_sea", "conc_B_model": "conc-B-c6bce5631d2b"}}, {"type": "Feature", "geometry": {"type": "Polygon", "coordinates": [[[131.76524684643283, 43.29357389158966], [131.7652427681604, 43.29348395036976], [131.76499242754412, 43.293399966794695], [131.76498427181738, 43.293220084309056], [131.765107402646, 43.2932171055706], [131.76510332462985, 43.29312716433447], [131.76534958586862, 43.293121206479], [131.76535366424687, 43.29321114769651], [131.76547679501908, 43.293208168560895], [131.7654727164598, 43.29311822735269], [131.76559584703216, 43.29311524809401], [131.76559176831068, 43.2930253068934], [131.7658421081204, 43.29310928917949], [131.76585434548394, 43.2933791127151], [131.76573121440614, 43.29338209226648], [131.7657352933839, 43.293472033450854], [131.76548495219404, 43.29338805097208], [131.7654890308098, 43.29347799217507], [131.76536589949447, 43.2934809713386], [131.76536997794798, 43.293570912549185], [131.76524684643283, 43.29357389158966]]]}, "properties": {"zone_id": "vladivostok-2025-11-19-066", "aoi": "vladivostok", "date": "2025-11-19", "scene_id": "S2B_MSIL2A_20251119T020859_R103_T52TGN_20251119T033950", "scene_datetime_utc": "2025-11-19T02:08:59.024000+00:00", "detection_status": "detected", "detection_status_ru": "обнаружено", "lon": 131.76542, "lat": 43.2933, "n_pixels": 10, "zone_area_km2": 0.0025, "cover_m2": 231.4, "p_mean": 0.714, "p_max": 0.996, "cover_m2_km2": 92560.0, "h3": "88316c52c3fffff", "valid_frac_scene": 1.0, "wind_ms": 2.2, "sea": "спокойное", "scene_reliable": true, "field_event_id": "S4:DOORS3:T23", "field_profile": "B", "field_date": "2024-06-10", "field_distance_km": 6963.5, "field_date_gap_days": 527, "field_conc_items_km2": 102.37, "conc_A_items_km2": null, "conc_A_lo80": null, "conc_A_hi80": null, "conc_A_lo95": null, "conc_A_hi95": null, "conc_A_status": "unavailable", "conc_A_status_ru": "концентрация недоступна", "conc_A_reasons": "вне бассейна профиля: nw_atlantic_subtropical", "conc_A_model": "conc-A-c6bce5631d2b", "conc_B_items_km2": null, "conc_B_lo80": null, "conc_B_hi80": null, "conc_B_lo95": null, "conc_B_hi95": null, "conc_B_status": "unavailable", "conc_B_status_ru": "концентрация недоступна", "conc_B_reasons": "вне бассейна профиля: black_sea", "conc_B_model": "conc-B-c6bce5631d2b"}}, {"type": "Feature", "geometry": {"type": "Polygon", "coordinates": [[[131.7681979149841, 43.29341241708459], [131.76819383238572, 43.29332247608645], [131.7680707016656, 43.29332545815308], [131.76806661926705, 43.29323551714389], [131.76818974980614, 43.29323253508659], [131.76818566724538, 43.29314259408499], [131.76843601082777, 43.29322657057483], [131.7684400937694, 43.29331651155606], [131.768316963087, 43.293319493887445], [131.76832104586643, 43.29340943487627], [131.7681979149841, 43.29341241708459]]]}, "properties": {"zone_id": "vladivostok-2025-11-19-067", "aoi": "vladivostok", "date": "2025-11-19", "scene_id": "S2B_MSIL2A_20251119T020859_R103_T52TGN_20251119T033950", "scene_datetime_utc": "2025-11-19T02:08:59.024000+00:00", "detection_status": "detected", "detection_status_ru": "обнаружено", "lon": 131.76825, "lat": 43.29328, "n_pixels": 1, "zone_area_km2": 0.0005, "cover_m2": 12.2, "p_mean": 0.675, "p_max": 0.675, "cover_m2_km2": 24400.0, "h3": "88316c52ddfffff", "valid_frac_scene": 1.0, "wind_ms": 2.2, "sea": "спокойное", "scene_reliable": true, "field_event_id": "S4:DOORS3:T23", "field_profile": "B", "field_date": "2024-06-10", "field_distance_km": 6963.7, "field_date_gap_days": 527, "field_conc_items_km2": 102.37, "conc_A_items_km2": null, "conc_A_lo80": null, "conc_A_hi80": null, "conc_A_lo95": null, "conc_A_hi95": null, "conc_A_status": "unavailable", "conc_A_status_ru": "концентрация недоступна", "conc_A_reasons": "вне бассейна профиля: nw_atlantic_subtropical", "conc_A_model": "conc-A-c6bce5631d2b", "conc_B_items_km2": null, "conc_B_lo80": null, "conc_B_hi80": null, "conc_B_lo95": null, "conc_B_hi95": null, "conc_B_status": "unavailable", "conc_B_status_ru": "концентрация недоступна", "conc_B_reasons": "вне бассейна профиля: black_sea", "conc_B_model": "conc-B-c6bce5631d2b"}}, {"type": "Feature", "geometry": {"type": "Polygon", "coordinates": [[[131.7659652386363, 43.29310630952366], [131.76596115937176, 43.29301636835098], [131.76583802903687, 43.29301934799751], [131.76583394997215, 43.29292940681378], [131.765957080126, 43.29292642717657], [131.7659530008991, 43.29283648600042], [131.76607613085307, 43.29283350624014], [131.766080210261, 43.29292344740698], [131.76632647047458, 43.292917487470646], [131.76632239070457, 43.292827546322435], [131.7664455206021, 43.29282456616501], [131.76644960055316, 43.29291450730393], [131.7665727306129, 43.29291152700481], [131.76657681076375, 43.29300146813267], [131.76645368052303, 43.29300444844109], [131.7664577605117, 43.293094389576524], [131.7663346300711, 43.29309736976188], [131.76633055026343, 43.29300742861712], [131.7660842896878, 43.29301338857208], [131.7660883691334, 43.293103329735445], [131.7659652386363, 43.29310630952366]]]}, "properties": {"zone_id": "vladivostok-2025-11-19-068", "aoi": "vladivostok", "date": "2025-11-19", "scene_id": "S2B_MSIL2A_20251119T020859_R103_T52TGN_20251119T033950", "scene_datetime_utc": "2025-11-19T02:08:59.024000+00:00", "detection_status": "detected", "detection_status_ru": "обнаружено", "lon": 131.76621, "lat": 43.29297, "n_pixels": 2, "zone_area_km2": 0.001, "cover_m2": 29.8, "p_mean": 0.514, "p_max": 0.522, "cover_m2_km2": 29800.0, "h3": "88316c52ddfffff", "valid_frac_scene": 1.0, "wind_ms": 2.2, "sea": "спокойное", "scene_reliable": true, "field_event_id": "S4:DOORS3:T23", "field_profile": "B", "field_date": "2024-06-10", "field_distance_km": 6963.6, "field_date_gap_days": 527, "field_conc_items_km2": 102.37, "conc_A_items_km2": null, "conc_A_lo80": null, "conc_A_hi80": null, "conc_A_lo95": null, "conc_A_hi95": null, "conc_A_status": "unavailable", "conc_A_status_ru": "концентрация недоступна", "conc_A_reasons": "вне бассейна профиля: nw_atlantic_subtropical", "conc_A_model": "conc-A-c6bce5631d2b", "conc_B_items_km2": null, "conc_B_lo80": null, "conc_B_hi80": null, "conc_B_lo95": null, "conc_B_hi95": null, "conc_B_status": "unavailable", "conc_B_status_ru": "концентрация недоступна", "conc_B_reasons": "вне бассейна профиля: black_sea", "conc_B_model": "conc-B-c6bce5631d2b"}}, {"type": "Feature", "geometry": {"type": "Polygon", "coordinates": [[[131.7615080920111, 43.29267384466212], [131.76150401937642, 43.29258390314421], [131.76125368725246, 43.292499911123684], [131.76124961501736, 43.292409969583744], [131.76137274459975, 43.29240699490968], [131.76136867220242, 43.29231705337731], [131.76161493094878, 43.29231110365063], [131.76161900370812, 43.29240104516442], [131.76174213323415, 43.29239807009322], [131.76175027917134, 43.29257795309702], [131.7615080920111, 43.29267384466212]]]}, "properties": {"zone_id": "vladivostok-2025-11-19-069", "aoi": "vladivostok", "date": "2025-11-19", "scene_id": "S2B_MSIL2A_20251119T020859_R103_T52TGN_20251119T033950", "scene_datetime_utc": "2025-11-19T02:08:59.024000+00:00", "detection_status": "detected", "detection_status_ru": "обнаружено", "lon": 131.76152, "lat": 43.29248, "n_pixels": 3, "zone_area_km2": 0.001, "cover_m2": 83.5, "p_mean": 0.932, "p_max": 0.996, "cover_m2_km2": 83500.0, "h3": "88316c52c3fffff", "valid_frac_scene": 1.0, "wind_ms": 2.2, "sea": "спокойное", "scene_reliable": true, "field_event_id": "S4:DOORS3:T23", "field_profile": "B", "field_date": "2024-06-10", "field_distance_km": 6963.3, "field_date_gap_days": 527, "field_conc_items_km2": 102.37, "conc_A_items_km2": null, "conc_A_lo80": null, "conc_A_hi80": null, "conc_A_lo95": null, "conc_A_hi95": null, "conc_A_status": "unavailable", "conc_A_status_ru": "концентрация недоступна", "conc_A_reasons": "вне бассейна профиля: nw_atlantic_subtropical", "conc_A_model": "conc-A-c6bce5631d2b", "conc_B_items_km2": null, "conc_B_lo80": null, "conc_B_hi80": null, "conc_B_lo95": null, "conc_B_hi95": null, "conc_B_status": "unavailable", "conc_B_status_ru": "концентрация недоступна", "conc_B_reasons": "вне бассейна профиля: black_sea", "conc_B_model": "conc-B-c6bce5631d2b"}}, {"type": "Feature", "geometry": {"type": "Polygon", "coordinates": [[[131.76310470669966, 43.29254521837229], [131.7631006317304, 43.29245527697351], [131.76297750223011, 43.292458253510176], [131.76297342746065, 43.29236831210038], [131.7630965567799, 43.29236533557302], [131.76309248184825, 43.29227539417078], [131.76334281536208, 43.29235938212114], [131.76334689067457, 43.29244932350305], [131.7632237612119, 43.292452300304475], [131.76322783636218, 43.292542241693944], [131.76310470669966, 43.29254521837229]]]}, "properties": {"zone_id": "vladivostok-2025-11-19-070", "aoi": "vladivostok", "date": "2025-11-19", "scene_id": "S2B_MSIL2A_20251119T020859_R103_T52TGN_20251119T033950", "scene_datetime_utc": "2025-11-19T02:08:59.024000+00:00", "detection_status": "detected", "detection_status_ru": "обнаружено", "lon": 131.76316, "lat": 43.29241, "n_pixels": 1, "zone_area_km2": 0.0005, "cover_m2": 18.8, "p_mean": 0.592, "p_max": 0.592, "cover_m2_km2": 37600.0, "h3": "88316c52c3fffff", "valid_frac_scene": 1.0, "wind_ms": 2.2, "sea": "спокойное", "scene_reliable": true, "field_event_id": "S4:DOORS3:T23", "field_profile": "B", "field_date": "2024-06-10", "field_distance_km": 6963.4, "field_date_gap_days": 527, "field_conc_items_km2": 102.37, "conc_A_items_km2": null, "conc_A_lo80": null, "conc_A_hi80": null, "conc_A_lo95": null, "conc_A_hi95": null, "conc_A_status": "unavailable", "conc_A_status_ru": "концентрация недоступна", "conc_A_reasons": "вне бассейна профиля: nw_atlantic_subtropical", "conc_A_model": "conc-A-c6bce5631d2b", "conc_B_items_km2": null, "conc_B_lo80": null, "conc_B_hi80": null, "conc_B_lo95": null, "conc_B_hi95": null, "conc_B_status": "unavailable", "conc_B_status_ru": "концентрация недоступна", "conc_B_reasons": "вне бассейна профиля: black_sea", "conc_B_model": "conc-B-c6bce5631d2b"}}, {"type": "Feature", "geometry": {"type": "Polygon", "coordinates": [[[131.76223872483357, 43.292476109950215], [131.76223465115027, 43.29238616848463], [131.76211152169944, 43.29238914408534], [131.76210744821597, 43.292299202608724], [131.7623496329101, 43.29220330983378], [131.76234555910216, 43.2921133683723], [131.76246868797233, 43.29211039253472], [131.76246461400217, 43.29202045108082], [131.7627149456563, 43.29210444046242], [131.76272309437712, 43.29228432332785], [131.7625999651825, 43.29228729944878], [131.76260403939006, 43.2923772408882], [131.76235778058233, 43.29238319275154], [131.76236185444665, 43.29247313420783], [131.76223872483357, 43.292476109950215]]]}, "properties": {"zone_id": "vladivostok-2025-11-19-071", "aoi": "vladivostok", "date": "2025-11-19", "scene_id": "S2B_MSIL2A_20251119T020859_R103_T52TGN_20251119T033950", "scene_datetime_utc": "2025-11-19T02:08:59.024000+00:00", "detection_status": "detected", "detection_status_ru": "обнаружено", "lon": 131.76244, "lat": 43.29225, "n_pixels": 4, "zone_area_km2": 0.0013, "cover_m2": 81.6, "p_mean": 0.532, "p_max": 0.561, "cover_m2_km2": 62769.2, "h3": "88316c52c3fffff", "valid_frac_scene": 1.0, "wind_ms": 2.2, "sea": "спокойное", "scene_reliable": true, "field_event_id": "S4:DOORS3:T23", "field_profile": "B", "field_date": "2024-06-10", "field_distance_km": 6963.3, "field_date_gap_days": 527, "field_conc_items_km2": 102.37, "conc_A_items_km2": null, "conc_A_lo80": null, "conc_A_hi80": null, "conc_A_lo95": null, "conc_A_hi95": null, "conc_A_status": "unavailable", "conc_A_status_ru": "концентрация недоступна", "conc_A_reasons": "вне бассейна профиля: nw_atlantic_subtropical", "conc_A_model": "conc-A-c6bce5631d2b", "conc_B_items_km2": null, "conc_B_lo80": null, "conc_B_hi80": null, "conc_B_lo95": null, "conc_B_hi95": null, "conc_B_status": "unavailable", "conc_B_status_ru": "концентрация недоступна", "conc_B_reasons": "вне бассейна профиля: black_sea", "conc_B_model": "conc-B-c6bce5631d2b"}}, {"type": "Feature", "geometry": {"type": "Polygon", "coordinates": [[[131.76198024564368, 43.29221223658015], [131.76197617237884, 43.292122295090785], [131.76185304343346, 43.29212527039885], [131.76184489732216, 43.29194538739637], [131.76196802590547, 43.291942412106884], [131.761963952697, 43.29185247061234], [131.76221020944521, 43.29184651965484], [131.76221428301574, 43.29193646113079], [131.76233741154266, 43.291933485444176], [131.76234148531302, 43.292023426909104], [131.76221835660505, 43.29202640260501], [131.76222243021317, 43.2921163440775], [131.76198024564368, 43.29221223658015]]]}, "properties": {"zone_id": "vladivostok-2025-11-19-072", "aoi": "vladivostok", "date": "2025-11-19", "scene_id": "S2B_MSIL2A_20251119T020859_R103_T52TGN_20251119T033950", "scene_datetime_utc": "2025-11-19T02:08:59.024000+00:00", "detection_status": "detected", "detection_status_ru": "обнаружено", "lon": 131.76207, "lat": 43.29201, "n_pixels": 3, "zone_area_km2": 0.001, "cover_m2": 58.0, "p_mean": 0.616, "p_max": 0.69, "cover_m2_km2": 58000.0, "h3": "88316c52c3fffff", "valid_frac_scene": 1.0, "wind_ms": 2.2, "sea": "спокойное", "scene_reliable": true, "field_event_id": "S4:DOORS3:T23", "field_profile": "B", "field_date": "2024-06-10", "field_distance_km": 6963.3, "field_date_gap_days": 527, "field_conc_items_km2": 102.37, "conc_A_items_km2": null, "conc_A_lo80": null, "conc_A_hi80": null, "conc_A_lo95": null, "conc_A_hi95": null, "conc_A_status": "unavailable", "conc_A_status_ru": "концентрация недоступна", "conc_A_reasons": "вне бассейна профиля: nw_atlantic_subtropical", "conc_A_model": "conc-A-c6bce5631d2b", "conc_B_items_km2": null, "conc_B_lo80": null, "conc_B_hi80": null, "conc_B_lo95": null, "conc_B_hi95": null, "conc_B_status": "unavailable", "conc_B_status_ru": "концентрация недоступна", "conc_B_reasons": "вне бассейна профиля: black_sea", "conc_B_model": "conc-B-c6bce5631d2b"}}, {"type": "Feature", "geometry": {"type": "Polygon", "coordinates": [[[131.83112367324213, 43.29205113227965], [131.83111949811212, 43.29196119609955], [131.8309963767633, 43.291964245824595], [131.83099220183354, 43.291874309633215], [131.83074595944004, 43.291880408667225], [131.8307417848915, 43.29179047245505], [131.8304997169695, 43.29188650717181], [131.83049554278293, 43.29179657094058], [131.8302493005973, 43.291802668896715], [131.83024512679194, 43.291712732644704], [131.8299947114671, 43.29162889377957], [131.8299905380622, 43.291538957505004], [131.83011365866022, 43.291535908886395], [131.83010948509357, 43.291445972619634], [131.83035572586988, 43.2914398750044], [131.83035989979845, 43.29152981125212], [131.83061031516948, 43.29161364931538], [131.83061448949854, 43.29170358554056], [131.8307376103622, 43.29170053624114], [131.83073343585218, 43.29161060002548], [131.83123009362436, 43.29168833771995], [131.83123426887755, 43.291778273895744], [131.83135738982588, 43.291775223925036], [131.83136574075203, 43.29195509625237], [131.83112367324213, 43.29205113227965]]]}, "properties": {"zone_id": "vladivostok-2025-11-19-073", "aoi": "vladivostok", "date": "2025-11-19", "scene_id": "S2B_MSIL2A_20251119T020859_R103_T52TGN_20251119T033950", "scene_datetime_utc": "2025-11-19T02:08:59.024000+00:00", "detection_status": "detected", "detection_status_ru": "обнаружено", "lon": 131.83065, "lat": 43.29172, "n_pixels": 9, "zone_area_km2": 0.003, "cover_m2": 46.3, "p_mean": 0.945, "p_max": 0.996, "cover_m2_km2": 15433.3, "h3": "88316ccdd5fffff", "valid_frac_scene": 1.0, "wind_ms": 2.2, "sea": "спокойное", "scene_reliable": true, "field_event_id": "S4:DOORS3:T23", "field_profile": "B", "field_date": "2024-06-10", "field_distance_km": 6968.0, "field_date_gap_days": 527, "field_conc_items_km2": 102.37, "conc_A_items_km2": null, "conc_A_lo80": null, "conc_A_hi80": null, "conc_A_lo95": null, "conc_A_hi95": null, "conc_A_status": "unavailable", "conc_A_status_ru": "концентрация недоступна", "conc_A_reasons": "вне бассейна профиля: nw_atlantic_subtropical", "conc_A_model": "conc-A-c6bce5631d2b", "conc_B_items_km2": null, "conc_B_lo80": null, "conc_B_hi80": null, "conc_B_lo95": null, "conc_B_hi95": null, "conc_B_status": "unavailable", "conc_B_status_ru": "концентрация недоступна", "conc_B_reasons": "вне бассейна профиля: black_sea", "conc_B_model": "conc-B-c6bce5631d2b"}}, {"type": "Feature", "geometry": {"type": "Polygon", "coordinates": [[[131.7602727192746, 43.29261364543742], [131.76026864846895, 43.29252370382488], [131.7601455185365, 43.292526677316815], [131.76013737734357, 43.29234679406796], [131.760260506914, 43.292343820594596], [131.76025643616467, 43.29225387897687], [131.76001017736712, 43.29225982577263], [131.76001424775438, 43.292349767408936], [131.75989111814644, 43.292352740617545], [131.7598870479402, 43.29226279897195], [131.7596367192046, 43.292178803307536], [131.75962450984102, 43.29190897829949], [131.7598666971907, 43.291813090718065], [131.75985855702234, 43.29163320740443], [131.75998168518214, 43.291630234270144], [131.7599776149451, 43.29154029262002], [131.76010074290508, 43.29153731936264], [131.76010481332312, 43.29162726100348], [131.7603510695488, 43.291621314073005], [131.76033885726486, 43.29135148920106], [131.76009667250582, 43.29144737772008], [131.76009260212533, 43.2913574360758], [131.75996947452737, 43.2913604093146], [131.75996133418474, 43.291180526002265], [131.75983820693003, 43.29118349909012], [131.75984227691094, 43.29127344075643], [131.75971914945646, 43.2912764137212], [131.75972728911256, 43.29145629706723], [131.75960416127725, 43.2914592699182], [131.75960823095247, 43.2915492115979], [131.75935790555036, 43.291465215223006], [131.75935383625597, 43.29137527352298], [131.7594769639478, 43.29137230094606], [131.7594688250533, 43.291192417559415], [131.7593456977235, 43.29119539011778], [131.75934162848543, 43.29110544841259], [131.7590913052743, 43.291021451388104], [131.7590872364358, 43.29093150966088], [131.75921036326008, 43.290928537395125], [131.75920629425937, 43.29083859567548], [131.75908316761607, 43.29084156793194], [131.75907503003293, 43.290661684468866], [131.7589519037329, 43.29066465657438], [131.75893562951592, 43.29030488959037], [131.7591778117798, 43.290209003589474], [131.75917374292928, 43.29011906185601], [131.75905061773406, 43.29012203403819], [131.75904654908328, 43.2900320922937], [131.75916967409748, 43.290029120120806], [131.75916560528444, 43.289939178383875], [131.75941592406954, 43.29002317537791], [131.75941999326338, 43.29011311709454], [131.7592968681057, 43.290116089541456], [131.7593050061876, 43.29029597298812], [131.75955532663932, 43.290379969626926], [131.75955939608923, 43.29046991132737], [131.7596825219334, 43.290466938578554], [131.75968659158306, 43.29055688026798], [131.75980971758946, 43.29055390737752], [131.75980564775875, 43.290463965697384], [131.76004782917923, 43.29036807787464], [131.7600518993532, 43.29045801953791], [131.76042127660398, 43.290449099305945], [131.76042534733972, 43.29053904093965], [131.76054847323343, 43.290536067254955], [131.76055254416895, 43.290626008877624], [131.76080286757838, 43.290710002694915], [131.7608069389135, 43.29079994429556], [131.76068381251432, 43.29080291827285], [131.7606878836872, 43.290892859881055], [131.76081101026742, 43.290889885894465], [131.76084358177476, 43.29160941862357], [131.76072045374644, 43.291612392684485], [131.7607285964491, 43.29179227586807], [131.7610979815638, 43.291783353232425], [131.76110205348638, 43.29187329479375], [131.7615904947871, 43.29177145453162], [131.76159456743375, 43.29186139605578], [131.7617176958736, 43.29185842104035], [131.76172176872004, 43.29194836255348], [131.76159864009918, 43.2919513375782], [131.7616027127834, 43.292041279098896], [131.7612333262649, 43.2920502034067], [131.76123739842484, 43.292140144953564], [131.76111426936674, 43.29214311946736], [131.76111834136444, 43.292233061021776], [131.76087208282988, 43.29223900967085], [131.7608761544843, 43.29232895124211], [131.760999283942, 43.29232597697448], [131.76100335579625, 43.292415918534736], [131.76088022615752, 43.29241889281167], [131.76088429784951, 43.29250883437949], [131.760761168011, 43.29251180853333], [131.76075709650001, 43.29242186695621], [131.7606339668237, 43.29242484096838], [131.76063803815364, 43.292514782554775], [131.76051490827754, 43.29251775644386], [131.76051897944524, 43.29260769803781], [131.7602727192746, 43.29261364543742]], [[131.7605108371286, 43.29242781484816], [131.7607530250078, 43.29233192537737], [131.76074488207976, 43.29215204221451], [131.7605026948871, 43.292247931651595], [131.7605108371286, 43.29242781484816]], [[131.7604904816657, 43.29197810684379], [131.76061361045566, 43.29197513301046], [131.76060953923843, 43.29188519141369], [131.76048641062945, 43.29188816523774], [131.7604904816657, 43.29197810684379]], [[131.76024015335523, 43.2918941124887], [131.76036328200175, 43.2918911389294], [131.7603592111653, 43.291801197312324], [131.76023608269983, 43.29180417086233], [131.76024015335523, 43.2918941124887]], [[131.76060953923843, 43.29188519141369], [131.7607326678286, 43.29188221745728], [131.7607285964491, 43.29179227586807], [131.76060546803996, 43.291795249815195], [131.76060953923843, 43.29188519141369]], [[131.75996133418474, 43.291180526002265], [131.76008446142066, 43.29117755278204], [131.7600803910965, 43.291087611132575], [131.7599572640416, 43.2910905843435], [131.75996133418474, 43.291180526002265]], [[131.7602075886378, 43.29117457942944], [131.76033071583615, 43.29117160594447], [131.76031850383393, 43.29090178104661], [131.76044163047047, 43.29089880745713], [131.7604375596596, 43.29080886583034], [131.7603144332041, 43.29081183941054], [131.760310362593, 43.290721897772734], [131.76006003975738, 43.2906379028593], [131.76006818023671, 43.2908177861738], [131.76019130672978, 43.29081481285835], [131.76019537717863, 43.29090475450371], [131.76007225050452, 43.29090772782844], [131.7600803910965, 43.291087611132575], [131.7602035181326, 43.29108463778926], [131.7602075886378, 43.29117457942944]]]}, "properties": {"zone_id": "vladivostok-2025-11-19-074", "aoi": "vladivostok", "date": "2025-11-19", "scene_id": "S2B_MSIL2A_20251119T020859_R103_T52TGN_20251119T033950", "scene_datetime_utc": "2025-11-19T02:08:59.024000+00:00", "detection_status": "detected", "detection_status_ru": "обнаружено", "lon": 131.76008, "lat": 43.2913, "n_pixels": 105, "zone_area_km2": 0.0242, "cover_m2": 2400.8, "p_mean": 0.679, "p_max": 1.0, "cover_m2_km2": 99206.6, "h3": "88316c52c3fffff", "valid_frac_scene": 1.0, "wind_ms": 2.2, "sea": "спокойное", "scene_reliable": true, "field_event_id": "S4:DOORS3:T23", "field_profile": "B", "field_date": "2024-06-10", "field_distance_km": 6963.2, "field_date_gap_days": 527, "field_conc_items_km2": 102.37, "conc_A_items_km2": null, "conc_A_lo80": null, "conc_A_hi80": null, "conc_A_lo95": null, "conc_A_hi95": null, "conc_A_status": "unavailable", "conc_A_status_ru": "концентрация недоступна", "conc_A_reasons": "вне бассейна профиля: nw_atlantic_subtropical", "conc_A_model": "conc-A-c6bce5631d2b", "conc_B_items_km2": null, "conc_B_lo80": null, "conc_B_hi80": null, "conc_B_lo95": null, "conc_B_hi95": null, "conc_B_status": "unavailable", "conc_B_status_ru": "концентрация недоступна", "conc_B_reasons": "вне бассейна профиля: black_sea", "conc_B_model": "conc-B-c6bce5631d2b"}}, {"type": "Feature", "geometry": {"type": "MultiPolygon", "coordinates": [[[[131.75817247141967, 43.28978306835884], [131.75829559602224, 43.28978009714038], [131.75829152853254, 43.289690155333275], [131.758168404111, 43.28969312654246], [131.75816433682107, 43.289603184724335], [131.75828746106163, 43.28960021352444], [131.75827525876142, 43.2893303880876], [131.75815213506388, 43.28933335925965], [131.7581440006529, 43.28915347560789], [131.75826712398847, 43.289150504454405], [131.75826305663014, 43.289060562635214], [131.75776243068688, 43.28889256270004], [131.75776649728368, 43.288982504559804], [131.75764337423507, 43.28898547516527], [131.75764744066967, 43.289075417032585], [131.75789775392548, 43.289159417517766], [131.75790182075957, 43.28924935936308], [131.75777869718672, 43.28925233012875], [131.75779089725864, 43.28952215568215], [131.75804121256172, 43.28960615579186], [131.75804527967065, 43.28969609761928], [131.75792215521156, 43.28969906856371], [131.75792622215826, 43.28978901039866], [131.7581765387471, 43.289873010173494], [131.75817247141967, 43.28978306835884]]], [[[131.7584431270243, 43.29031677654019], [131.75868937830765, 43.29031083333002], [131.75868531016235, 43.29022089156113], [131.75880843559486, 43.29021791976676], [131.75879623072856, 43.289948094477595], [131.75891935559926, 43.28994512257873], [131.75891528716704, 43.28985518082149], [131.75866496971733, 43.28977118269078], [131.7586690377688, 43.2898611244683], [131.7581765387471, 43.289873010173494], [131.75818060609333, 43.28996295198642], [131.75793028912366, 43.28987895223187], [131.75793435610788, 43.28996889406337], [131.757811231087, 43.289971864903286], [131.757815297909, 43.290061806742344], [131.75793842311086, 43.29005883589313], [131.7579424901326, 43.29014877772118], [131.7581846734583, 43.290052893797615], [131.75818874084206, 43.2901428356071], [131.75843905924097, 43.29022683475273], [131.7584431270243, 43.29031677654019]]], [[[131.75794655717309, 43.29023871954749], [131.75795062423234, 43.29032866137207], [131.75807374995847, 43.29032569036266], [131.7580778172175, 43.290415632176234], [131.75832000135443, 43.29031974794671], [131.75831593375216, 43.290229806149966], [131.75819280824456, 43.29023277741484], [131.75818874084206, 43.2901428356071], [131.75794655717309, 43.29023871954749]]]]}, "properties": {"zone_id": "vladivostok-2025-11-19-075", "aoi": "vladivostok", "date": "2025-11-19", "scene_id": "S2B_MSIL2A_20251119T020859_R103_T52TGN_20251119T033950", "scene_datetime_utc": "2025-11-19T02:08:59.024000+00:00", "detection_status": "detected", "detection_status_ru": "обнаружено", "lon": 131.75825, "lat": 43.28976, "n_pixels": 20, "zone_area_km2": 0.0063, "cover_m2": 447.1, "p_mean": 0.656, "p_max": 1.0, "cover_m2_km2": 70968.3, "h3": "88316c52c3fffff", "valid_frac_scene": 1.0, "wind_ms": 2.2, "sea": "спокойное", "scene_reliable": true, "field_event_id": "S4:DOORS3:T23", "field_profile": "B", "field_date": "2024-06-10", "field_distance_km": 6963.2, "field_date_gap_days": 527, "field_conc_items_km2": 102.37, "conc_A_items_km2": null, "conc_A_lo80": null, "conc_A_hi80": null, "conc_A_lo95": null, "conc_A_hi95": null, "conc_A_status": "unavailable", "conc_A_status_ru": "концентрация недоступна", "conc_A_reasons": "вне бассейна профиля: nw_atlantic_subtropical", "conc_A_model": "conc-A-c6bce5631d2b", "conc_B_items_km2": null, "conc_B_lo80": null, "conc_B_hi80": null, "conc_B_lo95": null, "conc_B_hi95": null, "conc_B_status": "unavailable", "conc_B_status_ru": "концентрация недоступна", "conc_B_reasons": "вне бассейна профиля: black_sea", "conc_B_model": "conc-B-c6bce5631d2b"}}, {"type": "Feature", "geometry": {"type": "Polygon", "coordinates": [[[131.94669720742615, 43.28597840624923], [131.94669286292458, 43.285888479145044], [131.9465697663782, 43.28589165290946], [131.94656107779682, 43.28571179867594], [131.94668417398154, 43.28570862493135], [131.94667982954007, 43.285618697821846], [131.9469303662908, 43.2857022770453], [131.94693471111398, 43.28579220413321], [131.9470578074194, 43.285789029981835], [131.9470621524435, 43.285878957058074], [131.94693905595722, 43.285882131219346], [131.94694340082052, 43.285972058303706], [131.94669720742615, 43.28597840624923]]]}, "properties": {"zone_id": "vladivostok-2025-11-19-076", "aoi": "vladivostok", "date": "2025-11-19", "scene_id": "S2B_MSIL2A_20251119T020859_R103_T52TGN_20251119T033950", "scene_datetime_utc": "2025-11-19T02:08:59.024000+00:00", "detection_status": "detected", "detection_status_ru": "обнаружено", "lon": 131.94679, "lat": 43.28581, "n_pixels": 3, "zone_area_km2": 0.001, "cover_m2": 24.7, "p_mean": 0.978, "p_max": 0.988, "cover_m2_km2": 24700.0, "h3": "88316c1b07fffff", "valid_frac_scene": 1.0, "wind_ms": 2.2, "sea": "спокойное", "scene_reliable": true, "field_event_id": "S4:DOORS3:T23", "field_profile": "B", "field_date": "2024-06-10", "field_distance_km": 6976.2, "field_date_gap_days": 527, "field_conc_items_km2": 102.37, "conc_A_items_km2": null, "conc_A_lo80": null, "conc_A_hi80": null, "conc_A_lo95": null, "conc_A_hi95": null, "conc_A_status": "unavailable", "conc_A_status_ru": "концентрация недоступна", "conc_A_reasons": "вне бассейна профиля: nw_atlantic_subtropical", "conc_A_model": "conc-A-c6bce5631d2b", "conc_B_items_km2": null, "conc_B_lo80": null, "conc_B_hi80": null, "conc_B_lo95": null, "conc_B_hi95": null, "conc_B_status": "unavailable", "conc_B_status_ru": "концентрация недоступна", "conc_B_reasons": "вне бассейна профиля: black_sea", "conc_B_model": "conc-B-c6bce5631d2b"}}, {"type": "Feature", "geometry": {"type": "Polygon", "coordinates": [[[131.93640351745742, 43.27696930760302], [131.93639918948065, 43.27687937952501], [131.93627610995776, 43.27688254168897], [131.93626745442566, 43.276702685507914], [131.9365092846308, 43.27660643301385], [131.93651361272842, 43.27669636108726], [131.93663669184988, 43.27669319867857], [131.9366453484666, 43.27687305480037], [131.93640351745742, 43.27696930760302]]]}, "properties": {"zone_id": "vladivostok-2025-11-19-077", "aoi": "vladivostok", "date": "2025-11-19", "scene_id": "S2B_MSIL2A_20251119T020859_R103_T52TGN_20251119T033950", "scene_datetime_utc": "2025-11-19T02:08:59.024000+00:00", "detection_status": "detected", "detection_status_ru": "обнаружено", "lon": 131.93646, "lat": 43.27679, "n_pixels": 2, "zone_area_km2": 0.0008, "cover_m2": 5.5, "p_mean": 0.943, "p_max": 0.965, "cover_m2_km2": 6875.0, "h3": "88316c1b23fffff", "valid_frac_scene": 1.0, "wind_ms": 2.2, "sea": "спокойное", "scene_reliable": true, "field_event_id": "S4:DOORS3:T23", "field_profile": "B", "field_date": "2024-06-10", "field_distance_km": 6976.0, "field_date_gap_days": 527, "field_conc_items_km2": 102.37, "conc_A_items_km2": null, "conc_A_lo80": null, "conc_A_hi80": null, "conc_A_lo95": null, "conc_A_hi95": null, "conc_A_status": "unavailable", "conc_A_status_ru": "концентрация недоступна", "conc_A_reasons": "вне бассейна профиля: nw_atlantic_subtropical", "conc_A_model": "conc-A-c6bce5631d2b", "conc_B_items_km2": null, "conc_B_lo80": null, "conc_B_hi80": null, "conc_B_lo95": null, "conc_B_hi95": null, "conc_B_status": "unavailable", "conc_B_status_ru": "концентрация недоступна", "conc_B_reasons": "вне бассейна профиля: black_sea", "conc_B_model": "conc-B-c6bce5631d2b"}}, {"type": "Feature", "geometry": {"type": "Polygon", "coordinates": [[[131.79477466663948, 43.25467873696501], [131.79477055044572, 43.254588797386724], [131.7946475005709, 43.25459180592109], [131.79464338457677, 43.25450186633167], [131.79476643427097, 43.25449885780672], [131.79476231811518, 43.254408918224975], [131.79500841708528, 43.254402900797295], [131.79501253360237, 43.254492840360236], [131.7952586328578, 43.25448682238499], [131.79525451597942, 43.254396882840844], [131.79537756539804, 43.254393873664334], [131.79538168245708, 43.25448381319907], [131.79550473203733, 43.25448080388097], [131.79550884929603, 43.25457074340457], [131.7953857995351, 43.254573752732085], [131.79538991663213, 43.25466369226335], [131.79526686667157, 43.25466670146807], [131.7952627497552, 43.25457676192739], [131.79477466663948, 43.25467873696501]]]}, "properties": {"zone_id": "vladivostok-2025-11-19-078", "aoi": "vladivostok", "date": "2025-11-19", "scene_id": "S2B_MSIL2A_20251119T020859_R103_T52TGN_20251119T033950", "scene_datetime_utc": "2025-11-19T02:08:59.024000+00:00", "detection_status": "detected", "detection_status_ru": "обнаружено", "lon": 131.79504, "lat": 43.25454, "n_pixels": 3, "zone_area_km2": 0.0013, "cover_m2": 24.7, "p_mean": 0.868, "p_max": 0.992, "cover_m2_km2": 19000.0, "h3": "88316c5741fffff", "valid_frac_scene": 1.0, "wind_ms": 2.2, "sea": "спокойное", "scene_reliable": true, "field_event_id": "S4:DOORS3:T23", "field_profile": "B", "field_date": "2024-06-10", "field_distance_km": 6967.9, "field_date_gap_days": 527, "field_conc_items_km2": 102.37, "conc_A_items_km2": null, "conc_A_lo80": null, "conc_A_hi80": null, "conc_A_lo95": null, "conc_A_hi95": null, "conc_A_status": "unavailable", "conc_A_status_ru": "концентрация недоступна", "conc_A_reasons": "вне бассейна профиля: nw_atlantic_subtropical", "conc_A_model": "conc-A-c6bce5631d2b", "conc_B_items_km2": null, "conc_B_lo80": null, "conc_B_hi80": null, "conc_B_lo95": null, "conc_B_hi95": null, "conc_B_status": "unavailable", "conc_B_status_ru": "концентрация недоступна", "conc_B_reasons": "вне бассейна профиля: black_sea", "conc_B_model": "conc-B-c6bce5631d2b"}}, {"type": "Feature", "geometry": {"type": "Polygon", "coordinates": [[[131.79390920092337, 43.25460985435109], [131.79390508601318, 43.2545199147053], [131.79378203618614, 43.25452292230489], [131.7937779214756, 43.25443298264796], [131.79390097112196, 43.25442997505776], [131.79389685624972, 43.2543400354085], [131.79414295512424, 43.25433401985032], [131.79414707035778, 43.25442395948079], [131.7942701199472, 43.25442095149401], [131.79427423538039, 43.254510891113355], [131.7941511856103, 43.25451389910953], [131.79415530088178, 43.254603838736536], [131.79390920092337, 43.25460985435109]]]}, "properties": {"zone_id": "vladivostok-2025-11-19-079", "aoi": "vladivostok", "date": "2025-11-19", "scene_id": "S2B_MSIL2A_20251119T020859_R103_T52TGN_20251119T033950", "scene_datetime_utc": "2025-11-19T02:08:59.024000+00:00", "detection_status": "detected", "detection_status_ru": "обнаружено", "lon": 131.79403, "lat": 43.25447, "n_pixels": 2, "zone_area_km2": 0.0008, "cover_m2": 16.5, "p_mean": 0.89, "p_max": 0.988, "cover_m2_km2": 20625.0, "h3": "88316c5741fffff", "valid_frac_scene": 1.0, "wind_ms": 2.2, "sea": "спокойное", "scene_reliable": true, "field_event_id": "S4:DOORS3:T23", "field_profile": "B", "field_date": "2024-06-10", "field_distance_km": 6967.8, "field_date_gap_days": 527, "field_conc_items_km2": 102.37, "conc_A_items_km2": null, "conc_A_lo80": null, "conc_A_hi80": null, "conc_A_lo95": null, "conc_A_hi95": null, "conc_A_status": "unavailable", "conc_A_status_ru": "концентрация недоступна", "conc_A_reasons": "вне бассейна профиля: nw_atlantic_subtropical", "conc_A_model": "conc-A-c6bce5631d2b", "conc_B_items_km2": null, "conc_B_lo80": null, "conc_B_hi80": null, "conc_B_lo95": null, "conc_B_hi95": null, "conc_B_status": "unavailable", "conc_B_status_ru": "концентрация недоступна", "conc_B_reasons": "вне бассейна профиля: black_sea", "conc_B_model": "conc-B-c6bce5631d2b"}}, {"type": "Feature", "geometry": {"type": "Polygon", "coordinates": [[[131.79685003773213, 43.25426781381153], [131.79684591854326, 43.25417787438618], [131.79672286971385, 43.25418088513018], [131.7967187507246, 43.25409094569368], [131.79684179937337, 43.25408793495909], [131.7968376802225, 43.25399799553026], [131.7970878966139, 43.25408191309332], [131.7970920161451, 43.25417185250159], [131.79696896735365, 43.254174863509974], [131.7969730867232, 43.254264802925924], [131.79685003773213, 43.25426781381153]]]}, "properties": {"zone_id": "vladivostok-2025-11-19-080", "aoi": "vladivostok", "date": "2025-11-19", "scene_id": "S2B_MSIL2A_20251119T020859_R103_T52TGN_20251119T033950", "scene_datetime_utc": "2025-11-19T02:08:59.024000+00:00", "detection_status": "detected", "detection_status_ru": "обнаружено", "lon": 131.79691, "lat": 43.25413, "n_pixels": 1, "zone_area_km2": 0.0005, "cover_m2": 5.9, "p_mean": 0.906, "p_max": 0.906, "cover_m2_km2": 11800.0, "h3": "88316c574bfffff", "valid_frac_scene": 1.0, "wind_ms": 2.2, "sea": "спокойное", "scene_reliable": true, "field_event_id": "S4:DOORS3:T23", "field_profile": "B", "field_date": "2024-06-10", "field_distance_km": 6968.0, "field_date_gap_days": 527, "field_conc_items_km2": 102.37, "conc_A_items_km2": null, "conc_A_lo80": null, "conc_A_hi80": null, "conc_A_lo95": null, "conc_A_hi95": null, "conc_A_status": "unavailable", "conc_A_status_ru": "концентрация недоступна", "conc_A_reasons": "вне бассейна профиля: nw_atlantic_subtropical", "conc_A_model": "conc-A-c6bce5631d2b", "conc_B_items_km2": null, "conc_B_lo80": null, "conc_B_hi80": null, "conc_B_lo95": null, "conc_B_hi95": null, "conc_B_status": "unavailable", "conc_B_status_ru": "концентрация недоступна", "conc_B_reasons": "вне бассейна профиля: black_sea", "conc_B_model": "conc-B-c6bce5631d2b"}}, {"type": "Feature", "geometry": {"type": "Polygon", "coordinates": [[[131.79486478621226, 43.2539562116895], [131.79486066998976, 43.253866272106755], [131.79473762157912, 43.2538692806981], [131.7947335055562, 43.25377934110421], [131.7948565537862, 43.25377633252226], [131.79485243760163, 43.25368639293605], [131.79510265018922, 43.253770314961805], [131.79510676675406, 43.253860254527495], [131.79498371838142, 43.25386326338322], [131.7949878347846, 43.253953202956566], [131.79486478621226, 43.2539562116895]]]}, "properties": {"zone_id": "vladivostok-2025-11-19-081", "aoi": "vladivostok", "date": "2025-11-19", "scene_id": "S2B_MSIL2A_20251119T020859_R103_T52TGN_20251119T033950", "scene_datetime_utc": "2025-11-19T02:08:59.024000+00:00", "detection_status": "detected", "detection_status_ru": "обнаружено", "lon": 131.79492, "lat": 43.25382, "n_pixels": 1, "zone_area_km2": 0.0005, "cover_m2": 12.5, "p_mean": 0.941, "p_max": 0.941, "cover_m2_km2": 25000.0, "h3": "88316c5741fffff", "valid_frac_scene": 1.0, "wind_ms": 2.2, "sea": "спокойное", "scene_reliable": true, "field_event_id": "S4:DOORS3:T23", "field_profile": "B", "field_date": "2024-06-10", "field_distance_km": 6967.9, "field_date_gap_days": 527, "field_conc_items_km2": 102.37, "conc_A_items_km2": null, "conc_A_lo80": null, "conc_A_hi80": null, "conc_A_lo95": null, "conc_A_hi95": null, "conc_A_status": "unavailable", "conc_A_status_ru": "концентрация недоступна", "conc_A_reasons": "вне бассейна профиля: nw_atlantic_subtropical", "conc_A_model": "conc-A-c6bce5631d2b", "conc_B_items_km2": null, "conc_B_lo80": null, "conc_B_hi80": null, "conc_B_lo95": null, "conc_B_hi95": null, "conc_B_status": "unavailable", "conc_B_status_ru": "концентрация недоступна", "conc_B_reasons": "вне бассейна профиля: black_sea", "conc_B_model": "conc-B-c6bce5631d2b"}}, {"type": "Feature", "geometry": {"type": "Polygon", "coordinates": [[[131.79654627783538, 43.25301468280992], [131.79654215927368, 43.25292474334147], [131.79641911293533, 43.25292775368941], [131.79641499457327, 43.25283781420981], [131.796538040731, 43.25283480387126], [131.79653392220735, 43.25274486439934], [131.79678413298953, 43.252828782797614], [131.79678825189347, 43.25291872224899], [131.7966652055931, 43.252921732861324], [131.7966693243354, 43.253011672320376], [131.79654627783538, 43.25301468280992]]]}, "properties": {"zone_id": "vladivostok-2025-11-19-082", "aoi": "vladivostok", "date": "2025-11-19", "scene_id": "S2B_MSIL2A_20251119T020859_R103_T52TGN_20251119T033950", "scene_datetime_utc": "2025-11-19T02:08:59.024000+00:00", "detection_status": "detected", "detection_status_ru": "обнаружено", "lon": 131.7966, "lat": 43.25288, "n_pixels": 1, "zone_area_km2": 0.0005, "cover_m2": 6.7, "p_mean": 0.663, "p_max": 0.663, "cover_m2_km2": 13400.0, "h3": "88316c5741fffff", "valid_frac_scene": 1.0, "wind_ms": 2.2, "sea": "спокойное", "scene_reliable": true, "field_event_id": "S4:DOORS3:T23", "field_profile": "B", "field_date": "2024-06-10", "field_distance_km": 6968.1, "field_date_gap_days": 527, "field_conc_items_km2": 102.37, "conc_A_items_km2": null, "conc_A_lo80": null, "conc_A_hi80": null, "conc_A_lo95": null, "conc_A_hi95": null, "conc_A_status": "unavailable", "conc_A_status_ru": "концентрация недоступна", "conc_A_reasons": "вне бассейна профиля: nw_atlantic_subtropical", "conc_A_model": "conc-A-c6bce5631d2b", "conc_B_items_km2": null, "conc_B_lo80": null, "conc_B_hi80": null, "conc_B_lo95": null, "conc_B_hi95": null, "conc_B_status": "unavailable", "conc_B_status_ru": "концентрация недоступна", "conc_B_reasons": "вне бассейна профиля: black_sea", "conc_B_model": "conc-B-c6bce5631d2b"}}, {"type": "Feature", "geometry": {"type": "Polygon", "coordinates": [[[131.7808334054045, 43.24880597148352], [131.7808293105673, 43.24871603074496], [131.78070627105456, 43.248719023960106], [131.7807021764168, 43.248629083210474], [131.78082521574896, 43.24862609000467], [131.7808211209495, 43.24853614926266], [131.78106719919592, 43.24853016247324], [131.78107129435656, 43.24862010319655], [131.78119433363207, 43.24861710959424], [131.7811984289922, 43.24870705030646], [131.7810753895361, 43.24871004391814], [131.78107948473456, 43.248799984638], [131.7808334054045, 43.24880597148352]]]}, "properties": {"zone_id": "vladivostok-2025-11-19-083", "aoi": "vladivostok", "date": "2025-11-19", "scene_id": "S2B_MSIL2A_20251119T020859_R103_T52TGN_20251119T033950", "scene_datetime_utc": "2025-11-19T02:08:59.024000+00:00", "detection_status": "detected", "detection_status_ru": "обнаружено", "lon": 131.78095, "lat": 43.24867, "n_pixels": 2, "zone_area_km2": 0.0008, "cover_m2": 8.6, "p_mean": 0.896, "p_max": 0.984, "cover_m2_km2": 10750.0, "h3": "88316c576bfffff", "valid_frac_scene": 1.0, "wind_ms": 2.2, "sea": "спокойное", "scene_reliable": true, "field_event_id": "S4:DOORS3:T23", "field_profile": "B", "field_date": "2024-06-10", "field_distance_km": 6967.3, "field_date_gap_days": 527, "field_conc_items_km2": 102.37, "conc_A_items_km2": null, "conc_A_lo80": null, "conc_A_hi80": null, "conc_A_lo95": null, "conc_A_hi95": null, "conc_A_status": "unavailable", "conc_A_status_ru": "концентрация недоступна", "conc_A_reasons": "вне бассейна профиля: nw_atlantic_subtropical", "conc_A_model": "conc-A-c6bce5631d2b", "conc_B_items_km2": null, "conc_B_lo80": null, "conc_B_hi80": null, "conc_B_lo95": null, "conc_B_hi95": null, "conc_B_status": "unavailable", "conc_B_status_ru": "концентрация недоступна", "conc_B_reasons": "вне бассейна профиля: black_sea", "conc_B_model": "conc-B-c6bce5631d2b"}}, {"type": "Feature", "geometry": {"type": "Polygon", "coordinates": [[[131.79733291040873, 43.248673502361754], [131.79732879131382, 43.24858356288528], [131.79720575379704, 43.24858657383914], [131.79720163490177, 43.248496634351525], [131.79732467223795, 43.24849362340707], [131.79732055318104, 43.24840368392713], [131.7975707468533, 43.24848760112168], [131.7975748662904, 43.24857754058107], [131.7974518288116, 43.24858055179926], [131.7974559480871, 43.24867049126633], [131.79733291040873, 43.248673502361754]]]}, "properties": {"zone_id": "vladivostok-2025-11-19-084", "aoi": "vladivostok", "date": "2025-11-19", "scene_id": "S2B_MSIL2A_20251119T020859_R103_T52TGN_20251119T033950", "scene_datetime_utc": "2025-11-19T02:08:59.024000+00:00", "detection_status": "detected", "detection_status_ru": "обнаружено", "lon": 131.79739, "lat": 43.24854, "n_pixels": 1, "zone_area_km2": 0.0005, "cover_m2": 6.3, "p_mean": 0.537, "p_max": 0.537, "cover_m2_km2": 12600.0, "h3": "88316c5743fffff", "valid_frac_scene": 1.0, "wind_ms": 2.2, "sea": "спокойное", "scene_reliable": true, "field_event_id": "S4:DOORS3:T23", "field_profile": "B", "field_date": "2024-06-10", "field_distance_km": 6968.4, "field_date_gap_days": 527, "field_conc_items_km2": 102.37, "conc_A_items_km2": null, "conc_A_lo80": null, "conc_A_hi80": null, "conc_A_lo95": null, "conc_A_hi95": null, "conc_A_status": "unavailable", "conc_A_status_ru": "концентрация недоступна", "conc_A_reasons": "вне бассейна профиля: nw_atlantic_subtropical", "conc_A_model": "conc-A-c6bce5631d2b", "conc_B_items_km2": null, "conc_B_lo80": null, "conc_B_hi80": null, "conc_B_lo95": null, "conc_B_hi95": null, "conc_B_status": "unavailable", "conc_B_status_ru": "концентрация недоступна", "conc_B_reasons": "вне бассейна профиля: black_sea", "conc_B_model": "conc-B-c6bce5631d2b"}}, {"type": "Feature", "geometry": {"type": "MultiPolygon", "coordinates": [[[[131.77638761132587, 43.2485538799868], [131.77639169960452, 43.24864382106696], [131.77651473941643, 43.24864083249651], [131.77651065095716, 43.24855089142569], [131.7767526413616, 43.2484549728531], [131.77674855257882, 43.2483650317975], [131.77662551334646, 43.248368020604254], [131.77661733619868, 43.24818813846919], [131.77674037506983, 43.248185149681085], [131.77673628634366, 43.248095208620306], [131.7766132476531, 43.24809819739905], [131.77660915912634, 43.24800825632719], [131.77648612059755, 43.248011244964445], [131.77648203227025, 43.24792130388151], [131.77624004348337, 43.248017221842446], [131.77624413146827, 43.24810716294232], [131.7763671702154, 43.24810417456006], [131.7763712583998, 43.24819411564888], [131.77649429730866, 43.24819112712511], [131.77650247409522, 43.24837100927887], [131.7762604835965, 43.248466927324515], [131.7762645716757, 43.24855686841574], [131.77638761132587, 43.2485538799868]]], [[[131.7761415320067, 43.2485598567125], [131.77613744410812, 43.24846991561194], [131.77601440460086, 43.248472903767194], [131.77601849231885, 43.248562844877085], [131.7758954526121, 43.248565832909506], [131.77589954016835, 43.24865577402701], [131.7761497078604, 43.248739738908434], [131.7761456199241, 43.24864979781133], [131.77626865977376, 43.248646809505225], [131.7762645716757, 43.24855686841574], [131.7761415320067, 43.2485598567125]]]]}, "properties": {"zone_id": "vladivostok-2025-11-19-085", "aoi": "vladivostok", "date": "2025-11-19", "scene_id": "S2B_MSIL2A_20251119T020859_R103_T52TGN_20251119T033950", "scene_datetime_utc": "2025-11-19T02:08:59.024000+00:00", "detection_status": "detected", "detection_status_ru": "обнаружено", "lon": 131.77642, "lat": 43.24835, "n_pixels": 5, "zone_area_km2": 0.0021, "cover_m2": 29.8, "p_mean": 0.879, "p_max": 0.969, "cover_m2_km2": 14190.5, "h3": "88316c576bfffff", "valid_frac_scene": 1.0, "wind_ms": 2.2, "sea": "спокойное", "scene_reliable": true, "field_event_id": "S4:DOORS3:T23", "field_profile": "B", "field_date": "2024-06-10", "field_distance_km": 6967.0, "field_date_gap_days": 527, "field_conc_items_km2": 102.37, "conc_A_items_km2": null, "conc_A_lo80": null, "conc_A_hi80": null, "conc_A_lo95": null, "conc_A_hi95": null, "conc_A_status": "unavailable", "conc_A_status_ru": "концентрация недоступна", "conc_A_reasons": "вне бассейна профиля: nw_atlantic_subtropical", "conc_A_model": "conc-A-c6bce5631d2b", "conc_B_items_km2": null, "conc_B_lo80": null, "conc_B_hi80": null, "conc_B_lo95": null, "conc_B_hi95": null, "conc_B_status": "unavailable", "conc_B_status_ru": "концентрация недоступна", "conc_B_reasons": "вне бассейна профиля: black_sea", "conc_B_model": "conc-B-c6bce5631d2b"}}, {"type": "Feature", "geometry": {"type": "Polygon", "coordinates": [[[131.79350227909015, 43.24840702168364], [131.79349816566972, 43.2483170819088], [131.7933751282869, 43.24832008872793], [131.79337101506601, 43.24823014894196], [131.79349405226824, 43.24822714213223], [131.79348993888573, 43.24813720235391], [131.79374012661575, 43.248221128116256], [131.79374424037843, 43.248311067874035], [131.79362120303355, 43.2483140749575], [131.79362531663458, 43.248404014722944], [131.79350227909015, 43.24840702168364]]]}, "properties": {"zone_id": "vladivostok-2025-11-19-086", "aoi": "vladivostok", "date": "2025-11-19", "scene_id": "S2B_MSIL2A_20251119T020859_R103_T52TGN_20251119T033950", "scene_datetime_utc": "2025-11-19T02:08:59.024000+00:00", "detection_status": "detected", "detection_status_ru": "обнаружено", "lon": 131.79356, "lat": 43.24827, "n_pixels": 1, "zone_area_km2": 0.0005, "cover_m2": 7.8, "p_mean": 0.965, "p_max": 0.965, "cover_m2_km2": 15600.0, "h3": "88316c5743fffff", "valid_frac_scene": 1.0, "wind_ms": 2.2, "sea": "спокойное", "scene_reliable": true, "field_event_id": "S4:DOORS3:T23", "field_profile": "B", "field_date": "2024-06-10", "field_distance_km": 6968.2, "field_date_gap_days": 527, "field_conc_items_km2": 102.37, "conc_A_items_km2": null, "conc_A_lo80": null, "conc_A_hi80": null, "conc_A_lo95": null, "conc_A_hi95": null, "conc_A_status": "unavailable", "conc_A_status_ru": "концентрация недоступна", "conc_A_reasons": "вне бассейна профиля: nw_atlantic_subtropical", "conc_A_model": "conc-A-c6bce5631d2b", "conc_B_items_km2": null, "conc_B_lo80": null, "conc_B_hi80": null, "conc_B_lo95": null, "conc_B_hi95": null, "conc_B_status": "unavailable", "conc_B_status_ru": "концентрация недоступна", "conc_B_reasons": "вне бассейна профиля: black_sea", "conc_B_model": "conc-B-c6bce5631d2b"}}, {"type": "Feature", "geometry": {"type": "Polygon", "coordinates": [[[131.772672476887, 43.24540260098452], [131.7726683945427, 43.24531265956977], [131.77254536102828, 43.24531564382068], [131.77254127888338, 43.245225702394876], [131.77266431221724, 43.245222718153286], [131.77266022991057, 43.245132776735076], [131.77291037882844, 43.245216749273645], [131.77291446151506, 43.245306690671484], [131.7727914280383, 43.24530967518671], [131.7727955105632, 43.24539961659213], [131.772672476887, 43.24540260098452]]]}, "properties": {"zone_id": "vladivostok-2025-11-19-087", "aoi": "vladivostok", "date": "2025-11-19", "scene_id": "S2B_MSIL2A_20251119T020859_R103_T52TGN_20251119T033950", "scene_datetime_utc": "2025-11-19T02:08:59.024000+00:00", "detection_status": "detected", "detection_status_ru": "обнаружено", "lon": 131.77273, "lat": 43.24527, "n_pixels": 1, "zone_area_km2": 0.0005, "cover_m2": 5.1, "p_mean": 0.965, "p_max": 0.965, "cover_m2_km2": 10200.0, "h3": "88316c5761fffff", "valid_frac_scene": 1.0, "wind_ms": 2.2, "sea": "спокойное", "scene_reliable": true, "field_event_id": "S4:DOORS3:T23", "field_profile": "B", "field_date": "2024-06-10", "field_distance_km": 6966.9, "field_date_gap_days": 527, "field_conc_items_km2": 102.37, "conc_A_items_km2": null, "conc_A_lo80": null, "conc_A_hi80": null, "conc_A_lo95": null, "conc_A_hi95": null, "conc_A_status": "unavailable", "conc_A_status_ru": "концентрация недоступна", "conc_A_reasons": "вне бассейна профиля: nw_atlantic_subtropical", "conc_A_model": "conc-A-c6bce5631d2b", "conc_B_items_km2": null, "conc_B_lo80": null, "conc_B_hi80": null, "conc_B_lo95": null, "conc_B_hi95": null, "conc_B_status": "unavailable", "conc_B_status_ru": "концентрация недоступна", "conc_B_reasons": "вне бассейна профиля: black_sea", "conc_B_model": "conc-B-c6bce5631d2b"}}, {"type": "Feature", "geometry": {"type": "MultiPolygon", "coordinates": [[[[131.7879326136625, 43.2451214687546], [131.78805564517847, 43.24511846796555], [131.7880515402432, 43.245028527721274], [131.7879285089078, 43.24503152850096], [131.78792440417203, 43.244941588245574], [131.7876824461802, 43.245037529663854], [131.78768655057374, 43.24512746993625], [131.7878095821276, 43.2451244694115], [131.78781368672063, 43.24521440967278], [131.7879367184361, 43.245211409006515], [131.7879326136625, 43.2451214687546]]], [[[131.78794082322867, 43.245301349256685], [131.7878177913326, 43.24530434993234], [131.7878218959635, 43.24539429019016], [131.78794492804013, 43.24539128950514], [131.78794903287053, 43.24548122975186], [131.7881909921366, 43.24538528773863], [131.78818688696398, 43.245295347508915], [131.78806385510578, 43.245298348448884], [131.78805975013265, 43.24520840820809], [131.7879367184361, 43.245211409006515], [131.78794082322867, 43.245301349256685]]]]}, "properties": {"zone_id": "vladivostok-2025-11-19-088", "aoi": "vladivostok", "date": "2025-11-19", "scene_id": "S2B_MSIL2A_20251119T020859_R103_T52TGN_20251119T033950", "scene_datetime_utc": "2025-11-19T02:08:59.024000+00:00", "detection_status": "detected", "detection_status_ru": "обнаружено", "lon": 131.78794, "lat": 43.24521, "n_pixels": 2, "zone_area_km2": 0.001, "cover_m2": 14.5, "p_mean": 0.902, "p_max": 0.992, "cover_m2_km2": 14500.0, "h3": "88316c5747fffff", "valid_frac_scene": 1.0, "wind_ms": 2.2, "sea": "спокойное", "scene_reliable": true, "field_event_id": "S4:DOORS3:T23", "field_profile": "B", "field_date": "2024-06-10", "field_distance_km": 6968.0, "field_date_gap_days": 527, "field_conc_items_km2": 102.37, "conc_A_items_km2": null, "conc_A_lo80": null, "conc_A_hi80": null, "conc_A_lo95": null, "conc_A_hi95": null, "conc_A_status": "unavailable", "conc_A_status_ru": "концентрация недоступна", "conc_A_reasons": "вне бассейна профиля: nw_atlantic_subtropical", "conc_A_model": "conc-A-c6bce5631d2b", "conc_B_items_km2": null, "conc_B_lo80": null, "conc_B_hi80": null, "conc_B_lo95": null, "conc_B_hi95": null, "conc_B_status": "unavailable", "conc_B_status_ru": "концентрация недоступна", "conc_B_reasons": "вне бассейна профиля: black_sea", "conc_B_model": "conc-B-c6bce5631d2b"}}, {"type": "Feature", "geometry": {"type": "Polygon", "coordinates": [[[131.78791619475732, 43.24476170772962], [131.78791209007832, 43.24467176746904], [131.78778905944628, 43.24467476807907], [131.7877849549668, 43.24458482780739], [131.7879079854183, 43.24458182720674], [131.78790388077718, 43.244491886942704], [131.7881540462645, 43.24457582560898], [131.78815815128567, 43.244665765852545], [131.7880351206915, 43.24466876672686], [131.78803922555102, 43.24475870697807], [131.78791619475732, 43.24476170772962]]]}, "properties": {"zone_id": "vladivostok-2025-11-19-089", "aoi": "vladivostok", "date": "2025-11-19", "scene_id": "S2B_MSIL2A_20251119T020859_R103_T52TGN_20251119T033950", "scene_datetime_utc": "2025-11-19T02:08:59.024000+00:00", "detection_status": "detected", "detection_status_ru": "обнаружено", "lon": 131.78797, "lat": 43.24463, "n_pixels": 1, "zone_area_km2": 0.0005, "cover_m2": 6.3, "p_mean": 0.98, "p_max": 0.98, "cover_m2_km2": 12600.0, "h3": "88316c5747fffff", "valid_frac_scene": 1.0, "wind_ms": 2.2, "sea": "спокойное", "scene_reliable": true, "field_event_id": "S4:DOORS3:T23", "field_profile": "B", "field_date": "2024-06-10", "field_distance_km": 6968.0, "field_date_gap_days": 527, "field_conc_items_km2": 102.37, "conc_A_items_km2": null, "conc_A_lo80": null, "conc_A_hi80": null, "conc_A_lo95": null, "conc_A_hi95": null, "conc_A_status": "unavailable", "conc_A_status_ru": "концентрация недоступна", "conc_A_reasons": "вне бассейна профиля: nw_atlantic_subtropical", "conc_A_model": "conc-A-c6bce5631d2b", "conc_B_items_km2": null, "conc_B_lo80": null, "conc_B_hi80": null, "conc_B_lo95": null, "conc_B_hi95": null, "conc_B_status": "unavailable", "conc_B_status_ru": "концентрация недоступна", "conc_B_reasons": "вне бассейна профиля: black_sea", "conc_B_model": "conc-B-c6bce5631d2b"}}, {"type": "Feature", "geometry": {"type": "Polygon", "coordinates": [[[131.78135868032678, 43.244111091578354], [131.78135458538796, 43.24402115080589], [131.78110443079242, 43.24393719692443], [131.78109624173146, 43.24375731533343], [131.78121927121762, 43.243754321971835], [131.7812151765349, 43.24366438118311], [131.78145714006442, 43.24356845331042], [131.78146123508938, 43.24365839408219], [131.78158426433828, 43.24365540033351], [131.78158835956268, 43.2437453410942], [131.78171138897326, 43.243742347204005], [131.78171957983986, 43.243922228701464], [131.78147761537804, 43.24401815715194], [131.7814817104974, 43.24410809791507], [131.78135868032678, 43.244111091578354]]]}, "properties": {"zone_id": "vladivostok-2025-11-19-090", "aoi": "vladivostok", "date": "2025-11-19", "scene_id": "S2B_MSIL2A_20251119T020859_R103_T52TGN_20251119T033950", "scene_datetime_utc": "2025-11-19T02:08:59.024000+00:00", "detection_status": "detected", "detection_status_ru": "обнаружено", "lon": 131.78141, "lat": 43.24384, "n_pixels": 8, "zone_area_km2": 0.0018, "cover_m2": 113.7, "p_mean": 0.95, "p_max": 1.0, "cover_m2_km2": 63166.7, "h3": "88316c576bfffff", "valid_frac_scene": 1.0, "wind_ms": 2.2, "sea": "спокойное", "scene_reliable": true, "field_event_id": "S4:DOORS3:T23", "field_profile": "B", "field_date": "2024-06-10", "field_distance_km": 6967.6, "field_date_gap_days": 527, "field_conc_items_km2": 102.37, "conc_A_items_km2": null, "conc_A_lo80": null, "conc_A_hi80": null, "conc_A_lo95": null, "conc_A_hi95": null, "conc_A_status": "unavailable", "conc_A_status_ru": "концентрация недоступна", "conc_A_reasons": "вне бассейна профиля: nw_atlantic_subtropical", "conc_A_model": "conc-A-c6bce5631d2b", "conc_B_items_km2": null, "conc_B_lo80": null, "conc_B_hi80": null, "conc_B_lo95": null, "conc_B_hi95": null, "conc_B_status": "unavailable", "conc_B_status_ru": "концентрация недоступна", "conc_B_reasons": "вне бассейна профиля: black_sea", "conc_B_model": "conc-B-c6bce5631d2b"}}, {"type": "Feature", "geometry": {"type": "Polygon", "coordinates": [[[131.9479744699873, 43.243536928501015], [131.94797013003955, 43.24344700083109], [131.94784711912058, 43.243450173495766], [131.94783843964603, 43.24327031813077], [131.9479614502041, 43.2432671454859], [131.9479571103164, 43.24317721781066], [131.94820313101158, 43.24317087214449], [131.94820747126022, 43.24326079979991], [131.94833048175823, 43.243257626758776], [131.94833482220733, 43.24334755440251], [131.9482118115288, 43.24335072745356], [131.94821615181743, 43.24344065510543], [131.9479744699873, 43.243536928501015]]]}, "properties": {"zone_id": "vladivostok-2025-11-19-091", "aoi": "vladivostok", "date": "2025-11-19", "scene_id": "S2B_MSIL2A_20251119T020859_R103_T52TGN_20251119T033950", "scene_datetime_utc": "2025-11-19T02:08:59.024000+00:00", "detection_status": "detected", "detection_status_ru": "обнаружено", "lon": 131.94807, "lat": 43.24334, "n_pixels": 3, "zone_area_km2": 0.001, "cover_m2": 12.9, "p_mean": 0.778, "p_max": 0.835, "cover_m2_km2": 12900.0, "h3": "88316c1953fffff", "valid_frac_scene": 1.0, "wind_ms": 2.2, "sea": "спокойное", "scene_reliable": true, "field_event_id": "S4:DOORS3:T23", "field_profile": "B", "field_date": "2024-06-10", "field_distance_km": 6978.9, "field_date_gap_days": 527, "field_conc_items_km2": 102.37, "conc_A_items_km2": null, "conc_A_lo80": null, "conc_A_hi80": null, "conc_A_lo95": null, "conc_A_hi95": null, "conc_A_status": "unavailable", "conc_A_status_ru": "концентрация недоступна", "conc_A_reasons": "вне бассейна профиля: nw_atlantic_subtropical", "conc_A_model": "conc-A-c6bce5631d2b", "conc_B_items_km2": null, "conc_B_lo80": null, "conc_B_hi80": null, "conc_B_lo95": null, "conc_B_hi95": null, "conc_B_status": "unavailable", "conc_B_status_ru": "концентрация недоступна", "conc_B_reasons": "вне бассейна профиля: black_sea", "conc_B_model": "conc-B-c6bce5631d2b"}}, {"type": "Feature", "geometry": {"type": "Polygon", "coordinates": [[[131.78257272631183, 43.24102017027758], [131.7825686300291, 43.24093022954916], [131.78244560636662, 43.24093322420645], [131.78243741421883, 43.2407533427257], [131.78231439089853, 43.24075633723215], [131.7823102950335, 43.2406663964798], [131.78243331817328, 43.240663401982715], [131.78242922214662, 43.24057346123802], [131.78267936439616, 43.24065741259212], [131.7826875572283, 43.24083729403892], [131.78281058067245, 43.2408342991267], [131.78281467729738, 43.240924239838144], [131.78269165367266, 43.24092723475972], [131.78269575013596, 43.24101717547879], [131.78257272631183, 43.24102017027758]]]}, "properties": {"zone_id": "vladivostok-2025-11-19-092", "aoi": "vladivostok", "date": "2025-11-19", "scene_id": "S2B_MSIL2A_20251119T020859_R103_T52TGN_20251119T033950", "scene_datetime_utc": "2025-11-19T02:08:59.024000+00:00", "detection_status": "detected", "detection_status_ru": "обнаружено", "lon": 131.78256, "lat": 43.2408, "n_pixels": 2, "zone_area_km2": 0.001, "cover_m2": 14.9, "p_mean": 0.759, "p_max": 0.925, "cover_m2_km2": 14900.0, "h3": "88316c570dfffff", "valid_frac_scene": 1.0, "wind_ms": 2.2, "sea": "спокойное", "scene_reliable": true, "field_event_id": "S4:DOORS3:T23", "field_profile": "B", "field_date": "2024-06-10", "field_distance_km": 6967.9, "field_date_gap_days": 527, "field_conc_items_km2": 102.37, "conc_A_items_km2": null, "conc_A_lo80": null, "conc_A_hi80": null, "conc_A_lo95": null, "conc_A_hi95": null, "conc_A_status": "unavailable", "conc_A_status_ru": "концентрация недоступна", "conc_A_reasons": "вне бассейна профиля: nw_atlantic_subtropical", "conc_A_model": "conc-A-c6bce5631d2b", "conc_B_items_km2": null, "conc_B_lo80": null, "conc_B_hi80": null, "conc_B_lo95": null, "conc_B_hi95": null, "conc_B_status": "unavailable", "conc_B_status_ru": "концентрация недоступна", "conc_B_reasons": "вне бассейна профиля: black_sea", "conc_B_model": "conc-B-c6bce5631d2b"}}, {"type": "Feature", "geometry": {"type": "Polygon", "coordinates": [[[131.78155987156617, 43.24041453825182], [131.7815557768599, 43.24032459743643], [131.7814327543101, 43.24032759097118], [131.7814245653152, 43.2401477093165], [131.78154758750398, 43.24014471580046], [131.78154349285433, 43.24005477497989], [131.78178953681413, 43.24004878757012], [131.78179363182485, 43.24013872837199], [131.78191665395696, 43.24013573445955], [131.78192074916709, 43.240225675250336], [131.78179772685442, 43.24022866917213], [131.78180182190292, 43.24031860997054], [131.78155987156617, 43.24041453825182]]]}, "properties": {"zone_id": "vladivostok-2025-11-19-093", "aoi": "vladivostok", "date": "2025-11-19", "scene_id": "S2B_MSIL2A_20251119T020859_R103_T52TGN_20251119T033950", "scene_datetime_utc": "2025-11-19T02:08:59.024000+00:00", "detection_status": "detected", "detection_status_ru": "обнаружено", "lon": 131.78165, "lat": 43.24022, "n_pixels": 3, "zone_area_km2": 0.001, "cover_m2": 28.6, "p_mean": 0.826, "p_max": 0.992, "cover_m2_km2": 28600.0, "h3": "88316c570dfffff", "valid_frac_scene": 1.0, "wind_ms": 2.2, "sea": "спокойное", "scene_reliable": true, "field_event_id": "S4:DOORS3:T23", "field_profile": "B", "field_date": "2024-06-10", "field_distance_km": 6967.9, "field_date_gap_days": 527, "field_conc_items_km2": 102.37, "conc_A_items_km2": null, "conc_A_lo80": null, "conc_A_hi80": null, "conc_A_lo95": null, "conc_A_hi95": null, "conc_A_status": "unavailable", "conc_A_status_ru": "концентрация недоступна", "conc_A_reasons": "вне бассейна профиля: nw_atlantic_subtropical", "conc_A_model": "conc-A-c6bce5631d2b", "conc_B_items_km2": null, "conc_B_lo80": null, "conc_B_hi80": null, "conc_B_lo95": null, "conc_B_hi95": null, "conc_B_status": "unavailable", "conc_B_status_ru": "концентрация недоступна", "conc_B_reasons": "вне бассейна профиля: black_sea", "conc_B_model": "conc-B-c6bce5631d2b"}}, {"type": "Feature", "geometry": {"type": "Polygon", "coordinates": [[[131.78091610149662, 43.2397999185796], [131.78091200782512, 43.23970997770534], [131.78078898644458, 43.23971297051396], [131.7807848929725, 43.23962302962862], [131.7809079141725, 43.23962003682934], [131.78090382053875, 43.23953009595162], [131.78115395651585, 43.2396140508344], [131.7811580505295, 43.2397039916917], [131.78103502918674, 43.23970698476458], [131.78103912303877, 43.23979692562949], [131.78091610149662, 43.2397999185796]]]}, "properties": {"zone_id": "vladivostok-2025-11-19-094", "aoi": "vladivostok", "date": "2025-11-19", "scene_id": "S2B_MSIL2A_20251119T020859_R103_T52TGN_20251119T033950", "scene_datetime_utc": "2025-11-19T02:08:59.024000+00:00", "detection_status": "detected", "detection_status_ru": "обнаружено", "lon": 131.78097, "lat": 43.23966, "n_pixels": 1, "zone_area_km2": 0.0005, "cover_m2": 7.1, "p_mean": 0.871, "p_max": 0.871, "cover_m2_km2": 14200.0, "h3": "88316c570dfffff", "valid_frac_scene": 1.0, "wind_ms": 2.2, "sea": "спокойное", "scene_reliable": true, "field_event_id": "S4:DOORS3:T23", "field_profile": "B", "field_date": "2024-06-10", "field_distance_km": 6967.8, "field_date_gap_days": 527, "field_conc_items_km2": 102.37, "conc_A_items_km2": null, "conc_A_lo80": null, "conc_A_hi80": null, "conc_A_lo95": null, "conc_A_hi95": null, "conc_A_status": "unavailable", "conc_A_status_ru": "концентрация недоступна", "conc_A_reasons": "вне бассейна профиля: nw_atlantic_subtropical", "conc_A_model": "conc-A-c6bce5631d2b", "conc_B_items_km2": null, "conc_B_lo80": null, "conc_B_hi80": null, "conc_B_lo95": null, "conc_B_hi95": null, "conc_B_status": "unavailable", "conc_B_status_ru": "концентрация недоступна", "conc_B_reasons": "вне бассейна профиля: black_sea", "conc_B_model": "conc-B-c6bce5631d2b"}}, {"type": "Feature", "geometry": {"type": "Polygon", "coordinates": [[[131.78152711444454, 43.23969501168027], [131.7815230198893, 43.23960507085103], [131.78127697765922, 43.23961105763873], [131.7812728834839, 43.23952111678907], [131.78114986252106, 43.239524109975385], [131.78114576854514, 43.23943416911463], [131.78138771577284, 43.23933824178479], [131.7813918100909, 43.23942818262858], [131.78176087226794, 43.23941920190853], [131.78176496714644, 43.239509142722525], [131.7818879880149, 43.23950614887558], [131.78189208309283, 43.23959608967848], [131.78176906204385, 43.2395990835348], [131.78177315696016, 43.23968902434532], [131.78152711444454, 43.23969501168027]]]}, "properties": {"zone_id": "vladivostok-2025-11-19-095", "aoi": "vladivostok", "date": "2025-11-19", "scene_id": "S2B_MSIL2A_20251119T020859_R103_T52TGN_20251119T033950", "scene_datetime_utc": "2025-11-19T02:08:59.024000+00:00", "detection_status": "detected", "detection_status_ru": "обнаружено", "lon": 131.78154, "lat": 43.23953, "n_pixels": 3, "zone_area_km2": 0.0013, "cover_m2": 32.5, "p_mean": 0.833, "p_max": 0.996, "cover_m2_km2": 25000.0, "h3": "88316c570dfffff", "valid_frac_scene": 1.0, "wind_ms": 2.2, "sea": "спокойное", "scene_reliable": true, "field_event_id": "S4:DOORS3:T23", "field_profile": "B", "field_date": "2024-06-10", "field_distance_km": 6967.9, "field_date_gap_days": 527, "field_conc_items_km2": 102.37, "conc_A_items_km2": null, "conc_A_lo80": null, "conc_A_hi80": null, "conc_A_lo95": null, "conc_A_hi95": null, "conc_A_status": "unavailable", "conc_A_status_ru": "концентрация недоступна", "conc_A_reasons": "вне бассейна профиля: nw_atlantic_subtropical", "conc_A_model": "conc-A-c6bce5631d2b", "conc_B_items_km2": null, "conc_B_lo80": null, "conc_B_hi80": null, "conc_B_lo95": null, "conc_B_hi95": null, "conc_B_status": "unavailable", "conc_B_status_ru": "концентрация недоступна", "conc_B_reasons": "вне бассейна профиля: black_sea", "conc_B_model": "conc-B-c6bce5631d2b"}}, {"type": "Feature", "geometry": {"type": "Polygon", "coordinates": [[[131.78377436398347, 43.23765941592747], [131.783770266414, 43.23756947523791], [131.78364724963853, 43.237572471002345], [131.78363905491722, 43.23739258959933], [131.7838809900339, 43.237296657290386], [131.7838850877272, 43.23738659797577], [131.78400810410386, 43.23738360196581], [131.7840162999082, 43.23756348331266], [131.78377436398347, 43.23765941592747]]]}, "properties": {"zone_id": "vladivostok-2025-11-19-096", "aoi": "vladivostok", "date": "2025-11-19", "scene_id": "S2B_MSIL2A_20251119T020859_R103_T52TGN_20251119T033950", "scene_datetime_utc": "2025-11-19T02:08:59.024000+00:00", "detection_status": "detected", "detection_status_ru": "обнаружено", "lon": 131.78383, "lat": 43.23748, "n_pixels": 2, "zone_area_km2": 0.0008, "cover_m2": 8.6, "p_mean": 0.998, "p_max": 1.0, "cover_m2_km2": 10750.0, "h3": "88316c570dfffff", "valid_frac_scene": 1.0, "wind_ms": 2.2, "sea": "спокойное", "scene_reliable": true, "field_event_id": "S4:DOORS3:T23", "field_profile": "B", "field_date": "2024-06-10", "field_distance_km": 6968.2, "field_date_gap_days": 527, "field_conc_items_km2": 102.37, "conc_A_items_km2": null, "conc_A_lo80": null, "conc_A_hi80": null, "conc_A_lo95": null, "conc_A_hi95": null, "conc_A_status": "unavailable", "conc_A_status_ru": "концентрация недоступна", "conc_A_reasons": "вне бассейна профиля: nw_atlantic_subtropical", "conc_A_model": "conc-A-c6bce5631d2b", "conc_B_items_km2": null, "conc_B_lo80": null, "conc_B_hi80": null, "conc_B_lo95": null, "conc_B_hi95": null, "conc_B_status": "unavailable", "conc_B_status_ru": "концентрация недоступна", "conc_B_reasons": "вне бассейна профиля: black_sea", "conc_B_model": "conc-B-c6bce5631d2b"}}, {"type": "Feature", "geometry": {"type": "Polygon", "coordinates": [[[131.9366389709156, 43.22807177769044], [131.93663464997493, 43.22798184886049], [131.9365116689067, 43.227985008437535], [131.93650734816626, 43.22789507959596], [131.93663032905417, 43.22789192002878], [131.93662600815335, 43.227801991195314], [131.93687629077024, 43.227885600498375], [131.93688061205162, 43.227975529310335], [131.93675763102323, 43.22797868915143], [131.93676195214422, 43.22806861797149], [131.9366389709156, 43.22807177769044]]]}, "properties": {"zone_id": "vladivostok-2025-11-19-097", "aoi": "vladivostok", "date": "2025-11-19", "scene_id": "S2B_MSIL2A_20251119T020859_R103_T52TGN_20251119T033950", "scene_datetime_utc": "2025-11-19T02:08:59.024000+00:00", "detection_status": "detected", "detection_status_ru": "обнаружено", "lon": 131.93669, "lat": 43.22794, "n_pixels": 1, "zone_area_km2": 0.0005, "cover_m2": 3.1, "p_mean": 0.875, "p_max": 0.875, "cover_m2_km2": 6200.0, "h3": "88316c1911fffff", "valid_frac_scene": 1.0, "wind_ms": 2.2, "sea": "спокойное", "scene_reliable": true, "field_event_id": "S4:DOORS3:T23", "field_profile": "B", "field_date": "2024-06-10", "field_distance_km": 6979.1, "field_date_gap_days": 527, "field_conc_items_km2": 102.37, "conc_A_items_km2": null, "conc_A_lo80": null, "conc_A_hi80": null, "conc_A_lo95": null, "conc_A_hi95": null, "conc_A_status": "unavailable", "conc_A_status_ru": "концентрация недоступна", "conc_A_reasons": "вне бассейна профиля: nw_atlantic_subtropical", "conc_A_model": "conc-A-c6bce5631d2b", "conc_B_items_km2": null, "conc_B_lo80": null, "conc_B_hi80": null, "conc_B_lo95": null, "conc_B_hi95": null, "conc_B_status": "unavailable", "conc_B_status_ru": "концентрация недоступна", "conc_B_reasons": "вне бассейна профиля: black_sea", "conc_B_model": "conc-B-c6bce5631d2b"}}, {"type": "Feature", "geometry": {"type": "Polygon", "coordinates": [[[131.93477041664065, 43.225058413987405], [131.93476609890126, 43.22496848495928], [131.93464312368465, 43.22497164235262], [131.93463448862616, 43.22479178427132], [131.9347574634822, 43.22478862689772], [131.93475314580252, 43.22469869786428], [131.93499909509427, 43.22469238274075], [131.93500341313452, 43.22478231175445], [131.93512638793086, 43.22477915398482], [131.93513502443164, 43.22495901198719], [131.93501204927477, 43.22496216977655], [131.93501636737474, 43.225052098784964], [131.93477041664065, 43.225058413987405]]]}, "properties": {"zone_id": "vladivostok-2025-11-19-098", "aoi": "vladivostok", "date": "2025-11-19", "scene_id": "S2B_MSIL2A_20251119T020859_R103_T52TGN_20251119T033950", "scene_datetime_utc": "2025-11-19T02:08:59.024000+00:00", "detection_status": "detected", "detection_status_ru": "обнаружено", "lon": 131.93488, "lat": 43.22488, "n_pixels": 4, "zone_area_km2": 0.0012, "cover_m2": 21.2, "p_mean": 0.93, "p_max": 0.992, "cover_m2_km2": 17666.7, "h3": "88316c1911fffff", "valid_frac_scene": 1.0, "wind_ms": 2.2, "sea": "спокойное", "scene_reliable": true, "field_event_id": "S4:DOORS3:T23", "field_profile": "B", "field_date": "2024-06-10", "field_distance_km": 6979.1, "field_date_gap_days": 527, "field_conc_items_km2": 102.37, "conc_A_items_km2": null, "conc_A_lo80": null, "conc_A_hi80": null, "conc_A_lo95": null, "conc_A_hi95": null, "conc_A_status": "unavailable", "conc_A_status_ru": "концентрация недоступна", "conc_A_reasons": "вне бассейна профиля: nw_atlantic_subtropical", "conc_A_model": "conc-A-c6bce5631d2b", "conc_B_items_km2": null, "conc_B_lo80": null, "conc_B_hi80": null, "conc_B_lo95": null, "conc_B_hi95": null, "conc_B_status": "unavailable", "conc_B_status_ru": "концентрация недоступна", "conc_B_reasons": "вне бассейна профиля: black_sea", "conc_B_model": "conc-B-c6bce5631d2b"}}, {"type": "Feature", "geometry": {"type": "Polygon", "coordinates": [[[131.70413528671557, 43.21075796908706], [131.7041313100197, 43.21066802197004], [131.70388139187912, 43.210583892067774], [131.70387741558054, 43.210493944929155], [131.70400038614093, 43.21049103639602], [131.70399640968037, 43.21040108926476], [131.70424632720673, 43.21048521893366], [131.70425030404624, 43.210575166045025], [131.70449624539927, 43.21056934803642], [131.70449226819917, 43.21047940094324], [131.7046152386679, 43.21047649174998], [131.70461921604831, 43.21056643883408], [131.704742186679, 43.210563529499716], [131.70474616425804, 43.21065347657301], [131.70462319344705, 43.210656385916444], [131.70462717086411, 43.21074633299712], [131.70450419985448, 43.21074924221763], [131.70450022261772, 43.210659295127876], [131.70425428090405, 43.21066511315467], [131.7042582577802, 43.210755060262606], [131.70413528671557, 43.21075796908706]]]}, "properties": {"zone_id": "vladivostok-2025-11-19-099", "aoi": "vladivostok", "date": "2025-11-19", "scene_id": "S2B_MSIL2A_20251119T020859_R103_T52TGN_20251119T033950", "scene_datetime_utc": "2025-11-19T02:08:59.024000+00:00", "detection_status": "detected", "detection_status_ru": "обнаружено", "lon": 131.70427, "lat": 43.21059, "n_pixels": 3, "zone_area_km2": 0.0013, "cover_m2": 95.3, "p_mean": 0.847, "p_max": 0.914, "cover_m2_km2": 73307.7, "h3": "88316c50a3fffff", "valid_frac_scene": 1.0, "wind_ms": 2.2, "sea": "спокойное", "scene_reliable": true, "field_event_id": "S4:DOORS3:T23", "field_profile": "B", "field_date": "2024-06-10", "field_distance_km": 6964.5, "field_date_gap_days": 527, "field_conc_items_km2": 102.37, "conc_A_items_km2": null, "conc_A_lo80": null, "conc_A_hi80": null, "conc_A_lo95": null, "conc_A_hi95": null, "conc_A_status": "unavailable", "conc_A_status_ru": "концентрация недоступна", "conc_A_reasons": "вне бассейна профиля: nw_atlantic_subtropical", "conc_A_model": "conc-A-c6bce5631d2b", "conc_B_items_km2": null, "conc_B_lo80": null, "conc_B_hi80": null, "conc_B_lo95": null, "conc_B_hi95": null, "conc_B_status": "unavailable", "conc_B_status_ru": "концентрация недоступна", "conc_B_reasons": "вне бассейна профиля: black_sea", "conc_B_model": "conc-B-c6bce5631d2b"}}, {"type": "Feature", "geometry": {"type": "Polygon", "coordinates": [[[131.71763801483937, 43.20989753021777], [131.71763401842128, 43.209807584092765], [131.71751105062194, 43.20981050724346], [131.71750705440255, 43.20972056110761], [131.71763002202158, 43.209717637966065], [131.71762602564033, 43.20962769183762], [131.71787595720443, 43.2097117912869], [131.71787995396465, 43.209801737395345], [131.71775698620218, 43.209804660810065], [131.71776098280057, 43.209894606925936], [131.71763801483937, 43.20989753021777]]]}, "properties": {"zone_id": "vladivostok-2025-11-19-100", "aoi": "vladivostok", "date": "2025-11-19", "scene_id": "S2B_MSIL2A_20251119T020859_R103_T52TGN_20251119T033950", "scene_datetime_utc": "2025-11-19T02:08:59.024000+00:00", "detection_status": "detected", "detection_status_ru": "обнаружено", "lon": 131.71769, "lat": 43.20976, "n_pixels": 1, "zone_area_km2": 0.0005, "cover_m2": 29.8, "p_mean": 0.545, "p_max": 0.545, "cover_m2_km2": 59600.0, "h3": "88316c50b1fffff", "valid_frac_scene": 1.0, "wind_ms": 2.2, "sea": "спокойное", "scene_reliable": true, "field_event_id": "S4:DOORS3:T23", "field_profile": "B", "field_date": "2024-06-10", "field_distance_km": 6965.4, "field_date_gap_days": 527, "field_conc_items_km2": 102.37, "conc_A_items_km2": null, "conc_A_lo80": null, "conc_A_hi80": null, "conc_A_lo95": null, "conc_A_hi95": null, "conc_A_status": "unavailable", "conc_A_status_ru": "концентрация недоступна", "conc_A_reasons": "вне бассейна профиля: nw_atlantic_subtropical", "conc_A_model": "conc-A-c6bce5631d2b", "conc_B_items_km2": null, "conc_B_lo80": null, "conc_B_hi80": null, "conc_B_lo95": null, "conc_B_hi95": null, "conc_B_status": "unavailable", "conc_B_status_ru": "концентрация недоступна", "conc_B_reasons": "вне бассейна профиля: black_sea", "conc_B_model": "conc-B-c6bce5631d2b"}}, {"type": "Feature", "geometry": {"type": "Polygon", "coordinates": [[[131.7190976349419, 43.20950265793103], [131.7190936364341, 43.20941271190881], [131.71897066957703, 43.209415636607105], [131.71896667126796, 43.20932569057403], [131.71908963794473, 43.20932276588487], [131.71908563947378, 43.20923281985921], [131.71933557124296, 43.209316916110524], [131.7193395700929, 43.20940686211619], [131.71921660327274, 43.209409787078506], [131.7192206019608, 43.20949973309158], [131.7190976349419, 43.20950265793103]]]}, "properties": {"zone_id": "vladivostok-2025-11-19-101", "aoi": "vladivostok", "date": "2025-11-19", "scene_id": "S2B_MSIL2A_20251119T020859_R103_T52TGN_20251119T033950", "scene_datetime_utc": "2025-11-19T02:08:59.024000+00:00", "detection_status": "detected", "detection_status_ru": "обнаружено", "lon": 131.71915, "lat": 43.20937, "n_pixels": 1, "zone_area_km2": 0.0005, "cover_m2": 27.5, "p_mean": 0.62, "p_max": 0.62, "cover_m2_km2": 55000.0, "h3": "88316c50b1fffff", "valid_frac_scene": 1.0, "wind_ms": 2.2, "sea": "спокойное", "scene_reliable": true, "field_event_id": "S4:DOORS3:T23", "field_profile": "B", "field_date": "2024-06-10", "field_distance_km": 6965.5, "field_date_gap_days": 527, "field_conc_items_km2": 102.37, "conc_A_items_km2": null, "conc_A_lo80": null, "conc_A_hi80": null, "conc_A_lo95": null, "conc_A_hi95": null, "conc_A_status": "unavailable", "conc_A_status_ru": "концентрация недоступна", "conc_A_reasons": "вне бассейна профиля: nw_atlantic_subtropical", "conc_A_model": "conc-A-c6bce5631d2b", "conc_B_items_km2": null, "conc_B_lo80": null, "conc_B_hi80": null, "conc_B_lo95": null, "conc_B_hi95": null, "conc_B_status": "unavailable", "conc_B_status_ru": "концентрация недоступна", "conc_B_reasons": "вне бассейна профиля: black_sea", "conc_B_model": "conc-B-c6bce5631d2b"}}, {"type": "Feature", "geometry": {"type": "Polygon", "coordinates": [[[131.76065537273487, 43.20841660114753], [131.7606513133159, 43.208326658236196], [131.76052835291665, 43.208329627542085], [131.76052429369662, 43.208239684619734], [131.7606472539156, 43.208236715323125], [131.76064319453403, 43.208146772408334], [131.76076615455403, 43.208143802989014], [131.76076209501093, 43.20805386008177], [131.76101207453794, 43.208137863754374], [131.76102019440125, 43.208317749526564], [131.7608972340582, 43.20832071922844], [131.7609012938377, 43.20841066212122], [131.76065537273487, 43.20841660114753]]]}, "properties": {"zone_id": "vladivostok-2025-11-19-102", "aoi": "vladivostok", "date": "2025-11-19", "scene_id": "S2B_MSIL2A_20251119T020859_R103_T52TGN_20251119T033950", "scene_datetime_utc": "2025-11-19T02:08:59.024000+00:00", "detection_status": "detected", "detection_status_ru": "обнаружено", "lon": 131.76079, "lat": 43.20825, "n_pixels": 3, "zone_area_km2": 0.001, "cover_m2": 9.4, "p_mean": 0.925, "p_max": 0.988, "cover_m2_km2": 9400.0, "h3": "88316c554dfffff", "valid_frac_scene": 1.0, "wind_ms": 2.2, "sea": "спокойное", "scene_reliable": true, "field_event_id": "S4:DOORS3:T23", "field_profile": "B", "field_date": "2024-06-10", "field_distance_km": 6968.4, "field_date_gap_days": 527, "field_conc_items_km2": 102.37, "conc_A_items_km2": null, "conc_A_lo80": null, "conc_A_hi80": null, "conc_A_lo95": null, "conc_A_hi95": null, "conc_A_status": "unavailable", "conc_A_status_ru": "концентрация недоступна", "conc_A_reasons": "вне бассейна профиля: nw_atlantic_subtropical", "conc_A_model": "conc-A-c6bce5631d2b", "conc_B_items_km2": null, "conc_B_lo80": null, "conc_B_hi80": null, "conc_B_lo95": null, "conc_B_hi95": null, "conc_B_status": "unavailable", "conc_B_status_ru": "концентрация недоступна", "conc_B_reasons": "вне бассейна профиля: black_sea", "conc_B_model": "conc-B-c6bce5631d2b"}}, {"type": "Feature", "geometry": {"type": "Polygon", "coordinates": [[[131.71769304313358, 43.20836552272272], [131.71768904684836, 43.20827557657767], [131.71744311739766, 43.2082814227005], [131.71743912149145, 43.208191476535475], [131.7173161569187, 43.20819439938975], [131.7173121612112, 43.20810445321385], [131.71743512560363, 43.208101530368715], [131.71743112973425, 43.208011584200236], [131.71767705810333, 43.208005738132215], [131.71768105433324, 43.208095684282426], [131.7181689146204, 43.20799404441209], [131.71817291157143, 43.20808399052576], [131.7182958758349, 43.20808106675659], [131.71829987298463, 43.208171012859395], [131.71817690854084, 43.208173936637706], [131.71818090552873, 43.20826388274793], [131.71769304313358, 43.20836552272272]]]}, "properties": {"zone_id": "vladivostok-2025-11-19-103", "aoi": "vladivostok", "date": "2025-11-19", "scene_id": "S2B_MSIL2A_20251119T020859_R103_T52TGN_20251119T033950", "scene_datetime_utc": "2025-11-19T02:08:59.024000+00:00", "detection_status": "detected", "detection_status_ru": "обнаружено", "lon": 131.71781, "lat": 43.20817, "n_pixels": 6, "zone_area_km2": 0.002, "cover_m2": 105.9, "p_mean": 0.669, "p_max": 0.757, "cover_m2_km2": 52950.0, "h3": "88316c50b1fffff", "valid_frac_scene": 1.0, "wind_ms": 2.2, "sea": "спокойное", "scene_reliable": true, "field_event_id": "S4:DOORS3:T23", "field_profile": "B", "field_date": "2024-06-10", "field_distance_km": 6965.5, "field_date_gap_days": 527, "field_conc_items_km2": 102.37, "conc_A_items_km2": null, "conc_A_lo80": null, "conc_A_hi80": null, "conc_A_lo95": null, "conc_A_hi95": null, "conc_A_status": "unavailable", "conc_A_status_ru": "концентрация недоступна", "conc_A_reasons": "вне бассейна профиля: nw_atlantic_subtropical", "conc_A_model": "conc-A-c6bce5631d2b", "conc_B_items_km2": null, "conc_B_lo80": null, "conc_B_hi80": null, "conc_B_lo95": null, "conc_B_hi95": null, "conc_B_status": "unavailable", "conc_B_status_ru": "концентрация недоступна", "conc_B_reasons": "вне бассейна профиля: black_sea", "conc_B_model": "conc-B-c6bce5631d2b"}}, {"type": "Feature", "geometry": {"type": "Polygon", "coordinates": [[[131.71298844916313, 43.20775693712699], [131.71298445987554, 43.20766699062139], [131.71286149590213, 43.207669908659554], [131.7128575068132, 43.20757996214313], [131.7129804706063, 43.20757704411409], [131.71297648135553, 43.20748709760506], [131.71322240852606, 43.20748126116921], [131.7132263981374, 43.20757120765998], [131.71334936187537, 43.20756828923493], [131.7133533516854, 43.20765823571487], [131.71323038776717, 43.20766115414905], [131.71323437741532, 43.20775110063641], [131.71298844916313, 43.20775693712699]]]}, "properties": {"zone_id": "vladivostok-2025-11-19-104", "aoi": "vladivostok", "date": "2025-11-19", "scene_id": "S2B_MSIL2A_20251119T020859_R103_T52TGN_20251119T033950", "scene_datetime_utc": "2025-11-19T02:08:59.024000+00:00", "detection_status": "detected", "detection_status_ru": "обнаружено", "lon": 131.71311, "lat": 43.20762, "n_pixels": 2, "zone_area_km2": 0.0008, "cover_m2": 23.1, "p_mean": 0.931, "p_max": 0.996, "cover_m2_km2": 28875.0, "h3": "88316c50b5fffff", "valid_frac_scene": 1.0, "wind_ms": 2.2, "sea": "спокойное", "scene_reliable": true, "field_event_id": "S4:DOORS3:T23", "field_profile": "B", "field_date": "2024-06-10", "field_distance_km": 6965.2, "field_date_gap_days": 527, "field_conc_items_km2": 102.37, "conc_A_items_km2": null, "conc_A_lo80": null, "conc_A_hi80": null, "conc_A_lo95": null, "conc_A_hi95": null, "conc_A_status": "unavailable", "conc_A_status_ru": "концентрация недоступна", "conc_A_reasons": "вне бассейна профиля: nw_atlantic_subtropical", "conc_A_model": "conc-A-c6bce5631d2b", "conc_B_items_km2": null, "conc_B_lo80": null, "conc_B_hi80": null, "conc_B_lo95": null, "conc_B_hi95": null, "conc_B_status": "unavailable", "conc_B_status_ru": "концентрация недоступна", "conc_B_reasons": "вне бассейна профиля: black_sea", "conc_B_model": "conc-B-c6bce5631d2b"}}, {"type": "Feature", "geometry": {"type": "Polygon", "coordinates": [[[131.7042022794355, 43.206704530161424], [131.70419830320398, 43.20661458298546], [131.70407534045077, 43.206617491523815], [131.70407136441787, 43.20652754433704], [131.7041943269908, 43.206524635807774], [131.70419035079598, 43.20643468862836], [131.70443627552632, 43.206428871191996], [131.7044402520817, 43.20651881835321], [131.70456321459963, 43.20651590942793], [131.70456719135362, 43.20660585657834], [131.7044442286554, 43.20660876551272], [131.70444820524745, 43.206698712670516], [131.7042022794355, 43.206704530161424]]]}, "properties": {"zone_id": "vladivostok-2025-11-19-105", "aoi": "vladivostok", "date": "2025-11-19", "scene_id": "S2B_MSIL2A_20251119T020859_R103_T52TGN_20251119T033950", "scene_datetime_utc": "2025-11-19T02:08:59.024000+00:00", "detection_status": "detected", "detection_status_ru": "обнаружено", "lon": 131.70432, "lat": 43.20657, "n_pixels": 2, "zone_area_km2": 0.0008, "cover_m2": 16.9, "p_mean": 0.804, "p_max": 0.882, "cover_m2_km2": 21125.0, "h3": "88316c4249fffff", "valid_frac_scene": 1.0, "wind_ms": 2.2, "sea": "спокойное", "scene_reliable": true, "field_event_id": "S4:DOORS3:T23", "field_profile": "B", "field_date": "2024-06-10", "field_distance_km": 6964.7, "field_date_gap_days": 527, "field_conc_items_km2": 102.37, "conc_A_items_km2": null, "conc_A_lo80": null, "conc_A_hi80": null, "conc_A_lo95": null, "conc_A_hi95": null, "conc_A_status": "unavailable", "conc_A_status_ru": "концентрация недоступна", "conc_A_reasons": "вне бассейна профиля: nw_atlantic_subtropical", "conc_A_model": "conc-A-c6bce5631d2b", "conc_B_items_km2": null, "conc_B_lo80": null, "conc_B_hi80": null, "conc_B_lo95": null, "conc_B_hi95": null, "conc_B_status": "unavailable", "conc_B_status_ru": "концентрация недоступна", "conc_B_reasons": "вне бассейна профиля: black_sea", "conc_B_model": "conc-B-c6bce5631d2b"}}, {"type": "Feature", "geometry": {"type": "Polygon", "coordinates": [[[131.70492414750893, 43.20632728760864], [131.7049201702692, 43.20623734048036], [131.70479720834703, 43.206240249774375], [131.7047932313059, 43.20615030263529], [131.70491619304775, 43.206147393350356], [131.7049122158447, 43.20605744621864], [131.70516211647654, 43.20614157438449], [131.70516609405848, 43.20623152149632], [131.70504313217302, 43.206234431054334], [131.70504710959304, 43.20632437817352], [131.70492414750893, 43.20632728760864]]]}, "properties": {"zone_id": "vladivostok-2025-11-19-106", "aoi": "vladivostok", "date": "2025-11-19", "scene_id": "S2B_MSIL2A_20251119T020859_R103_T52TGN_20251119T033950", "scene_datetime_utc": "2025-11-19T02:08:59.024000+00:00", "detection_status": "detected", "detection_status_ru": "обнаружено", "lon": 131.70498, "lat": 43.20619, "n_pixels": 1, "zone_area_km2": 0.0005, "cover_m2": 8.6, "p_mean": 0.976, "p_max": 0.976, "cover_m2_km2": 17200.0, "h3": "88316c4249fffff", "valid_frac_scene": 1.0, "wind_ms": 2.2, "sea": "спокойное", "scene_reliable": true, "field_event_id": "S4:DOORS3:T23", "field_profile": "B", "field_date": "2024-06-10", "field_distance_km": 6964.8, "field_date_gap_days": 527, "field_conc_items_km2": 102.37, "conc_A_items_km2": null, "conc_A_lo80": null, "conc_A_hi80": null, "conc_A_lo95": null, "conc_A_hi95": null, "conc_A_status": "unavailable", "conc_A_status_ru": "концентрация недоступна", "conc_A_reasons": "вне бассейна профиля: nw_atlantic_subtropical", "conc_A_model": "conc-A-c6bce5631d2b", "conc_B_items_km2": null, "conc_B_lo80": null, "conc_B_hi80": null, "conc_B_lo95": null, "conc_B_hi95": null, "conc_B_status": "unavailable", "conc_B_status_ru": "концентрация недоступна", "conc_B_reasons": "вне бассейна профиля: black_sea", "conc_B_model": "conc-B-c6bce5631d2b"}}, {"type": "Feature", "geometry": {"type": "Polygon", "coordinates": [[[131.70664561501727, 43.20628654350486], [131.70664163525385, 43.206196596503894], [131.70651867358845, 43.20619950764594], [131.70651469402364, 43.20610956063416], [131.70663765550876, 43.206106649501216], [131.70662969607366, 43.20592675549072], [131.70650673494904, 43.20592966660548], [131.70650275543926, 43.20583971958855], [131.70662571638363, 43.2058368084829], [131.70662173671192, 43.205746861473365], [131.70686367817123, 43.2056510918912], [131.70686765818508, 43.205741038884256], [131.70699061889414, 43.20573812739169], [131.7069985793374, 43.205918021354464], [131.70687561826784, 43.20592093286522], [131.706883578424, 43.206100826839325], [131.7070065398541, 43.20609791531037], [131.70701052013993, 43.206187862285766], [131.7068875585296, 43.20619077382381], [131.7068915386535, 43.206280720806575], [131.70664561501727, 43.20628654350486]]]}, "properties": {"zone_id": "vladivostok-2025-11-19-107", "aoi": "vladivostok", "date": "2025-11-19", "scene_id": "S2B_MSIL2A_20251119T020859_R103_T52TGN_20251119T033950", "scene_datetime_utc": "2025-11-19T02:08:59.024000+00:00", "detection_status": "detected", "detection_status_ru": "обнаружено", "lon": 131.70677, "lat": 43.20597, "n_pixels": 5, "zone_area_km2": 0.0018, "cover_m2": 39.2, "p_mean": 0.8, "p_max": 0.969, "cover_m2_km2": 21777.8, "h3": "88316c50b5fffff", "valid_frac_scene": 1.0, "wind_ms": 2.2, "sea": "спокойное", "scene_reliable": true, "field_event_id": "S4:DOORS3:T23", "field_profile": "B", "field_date": "2024-06-10", "field_distance_km": 6964.9, "field_date_gap_days": 527, "field_conc_items_km2": 102.37, "conc_A_items_km2": null, "conc_A_lo80": null, "conc_A_hi80": null, "conc_A_lo95": null, "conc_A_hi95": null, "conc_A_status": "unavailable", "conc_A_status_ru": "концентрация недоступна", "conc_A_reasons": "вне бассейна профиля: nw_atlantic_subtropical", "conc_A_model": "conc-A-c6bce5631d2b", "conc_B_items_km2": null, "conc_B_lo80": null, "conc_B_hi80": null, "conc_B_lo95": null, "conc_B_hi95": null, "conc_B_status": "unavailable", "conc_B_status_ru": "концентрация недоступна", "conc_B_reasons": "вне бассейна профиля: black_sea", "conc_B_model": "conc-B-c6bce5631d2b"}}, {"type": "Feature", "geometry": {"type": "Polygon", "coordinates": [[[131.70971168667242, 43.206033828277484], [131.70970770243926, 43.20594388150064], [131.7095847415933, 43.205946795924476], [131.70958075755874, 43.20585684913682], [131.70970371822443, 43.20585393472209], [131.709699734028, 43.20576398794183], [131.70994565494382, 43.205758158734575], [131.70994963950076, 43.20584810549663], [131.71007260011137, 43.20584519068589], [131.71007658486695, 43.205935137437116], [131.7099536240761, 43.20593805225696], [131.70995760866978, 43.20602799901558], [131.70971168667242, 43.206033828277484]]]}, "properties": {"zone_id": "vladivostok-2025-11-19-108", "aoi": "vladivostok", "date": "2025-11-19", "scene_id": "S2B_MSIL2A_20251119T020859_R103_T52TGN_20251119T033950", "scene_datetime_utc": "2025-11-19T02:08:59.024000+00:00", "detection_status": "detected", "detection_status_ru": "обнаружено", "lon": 131.70983, "lat": 43.2059, "n_pixels": 2, "zone_area_km2": 0.0008, "cover_m2": 16.5, "p_mean": 0.667, "p_max": 0.682, "cover_m2_km2": 20625.0, "h3": "88316c50b5fffff", "valid_frac_scene": 1.0, "wind_ms": 2.2, "sea": "спокойное", "scene_reliable": true, "field_event_id": "S4:DOORS3:T23", "field_profile": "B", "field_date": "2024-06-10", "field_distance_km": 6965.1, "field_date_gap_days": 527, "field_conc_items_km2": 102.37, "conc_A_items_km2": null, "conc_A_lo80": null, "conc_A_hi80": null, "conc_A_lo95": null, "conc_A_hi95": null, "conc_A_status": "unavailable", "conc_A_status_ru": "концентрация недоступна", "conc_A_reasons": "вне бассейна профиля: nw_atlantic_subtropical", "conc_A_model": "conc-A-c6bce5631d2b", "conc_B_items_km2": null, "conc_B_lo80": null, "conc_B_hi80": null, "conc_B_lo95": null, "conc_B_hi95": null, "conc_B_status": "unavailable", "conc_B_status_ru": "концентрация недоступна", "conc_B_reasons": "вне бассейна профиля: black_sea", "conc_B_model": "conc-B-c6bce5631d2b"}}, {"type": "Feature", "geometry": {"type": "Polygon", "coordinates": [[[131.71131815154985, 43.20617582194888], [131.71131416493657, 43.206085875293915], [131.71119120396892, 43.20608879145196], [131.71118323115806, 43.20590889811863], [131.7113061917652, 43.20590598197881], [131.7113022052071, 43.20581603531869], [131.7111792447802, 43.2058189514494], [131.7111752584207, 43.20572900477844], [131.7110522981557, 43.20573192076805], [131.71104831199483, 43.205641974086284], [131.71117127207958, 43.20563905810579], [131.71116728575683, 43.20554911143142], [131.71129024564297, 43.20554619532804], [131.71128625915836, 43.20545624866105], [131.71153217851497, 43.20545041607654], [131.7115361653601, 43.205540362725294], [131.7116591251911, 43.20553744622593], [131.71166709929693, 43.20571733950007], [131.71154413910546, 43.20572025601766], [131.7115481260057, 43.205810202661276], [131.71167108637746, 43.205807286134565], [131.7116790605936, 43.20598717939841], [131.71143712588585, 43.20608295900387], [131.71144111267935, 43.20617290564972], [131.71131815154985, 43.20617582194888]]]}, "properties": {"zone_id": "vladivostok-2025-11-19-109", "aoi": "vladivostok", "date": "2025-11-19", "scene_id": "S2B_MSIL2A_20251119T020859_R103_T52TGN_20251119T033950", "scene_datetime_utc": "2025-11-19T02:08:59.024000+00:00", "detection_status": "detected", "detection_status_ru": "обнаружено", "lon": 131.7114, "lat": 43.20578, "n_pixels": 9, "zone_area_km2": 0.0025, "cover_m2": 101.2, "p_mean": 0.87, "p_max": 0.996, "cover_m2_km2": 40480.0, "h3": "88316c50b5fffff", "valid_frac_scene": 1.0, "wind_ms": 2.2, "sea": "спокойное", "scene_reliable": true, "field_event_id": "S4:DOORS3:T23", "field_profile": "B", "field_date": "2024-06-10", "field_distance_km": 6965.2, "field_date_gap_days": 527, "field_conc_items_km2": 102.37, "conc_A_items_km2": null, "conc_A_lo80": null, "conc_A_hi80": null, "conc_A_lo95": null, "conc_A_hi95": null, "conc_A_status": "unavailable", "conc_A_status_ru": "концентрация недоступна", "conc_A_reasons": "вне бассейна профиля: nw_atlantic_subtropical", "conc_A_model": "conc-A-c6bce5631d2b", "conc_B_items_km2": null, "conc_B_lo80": null, "conc_B_hi80": null, "conc_B_lo95": null, "conc_B_hi95": null, "conc_B_status": "unavailable", "conc_B_status_ru": "концентрация недоступна", "conc_B_reasons": "вне бассейна профиля: black_sea", "conc_B_model": "conc-B-c6bce5631d2b"}}, {"type": "Feature", "geometry": {"type": "Polygon", "coordinates": [[[131.70747051885658, 43.205456639253654], [131.70746653799648, 43.20536669230096], [131.70734357808183, 43.20536960428511], [131.70733959742037, 43.20527965732159], [131.70746255715474, 43.20527674534654], [131.7074585763314, 43.20518679839041], [131.7077084765685, 43.205270921000434], [131.70771245777073, 43.205360867936655], [131.7075894978928, 43.205363780184804], [131.70759347893312, 43.205453727128415], [131.70747051885658, 43.205456639253654]]]}, "properties": {"zone_id": "vladivostok-2025-11-19-110", "aoi": "vladivostok", "date": "2025-11-19", "scene_id": "S2B_MSIL2A_20251119T020859_R103_T52TGN_20251119T033950", "scene_datetime_utc": "2025-11-19T02:08:59.024000+00:00", "detection_status": "detected", "detection_status_ru": "обнаружено", "lon": 131.70753, "lat": 43.20532, "n_pixels": 1, "zone_area_km2": 0.0005, "cover_m2": 8.6, "p_mean": 0.941, "p_max": 0.941, "cover_m2_km2": 17200.0, "h3": "88316c50b5fffff", "valid_frac_scene": 1.0, "wind_ms": 2.2, "sea": "спокойное", "scene_reliable": true, "field_event_id": "S4:DOORS3:T23", "field_profile": "B", "field_date": "2024-06-10", "field_distance_km": 6965.0, "field_date_gap_days": 527, "field_conc_items_km2": 102.37, "conc_A_items_km2": null, "conc_A_lo80": null, "conc_A_hi80": null, "conc_A_lo95": null, "conc_A_hi95": null, "conc_A_status": "unavailable", "conc_A_status_ru": "концентрация недоступна", "conc_A_reasons": "вне бассейна профиля: nw_atlantic_subtropical", "conc_A_model": "conc-A-c6bce5631d2b", "conc_B_items_km2": null, "conc_B_lo80": null, "conc_B_hi80": null, "conc_B_lo95": null, "conc_B_hi95": null, "conc_B_status": "unavailable", "conc_B_status_ru": "концентрация недоступна", "conc_B_reasons": "вне бассейна профиля: black_sea", "conc_B_model": "conc-B-c6bce5631d2b"}}, {"type": "Feature", "geometry": {"type": "Polygon", "coordinates": [[[131.70769653307192, 43.20500108018149], [131.70769255194313, 43.20491113323841], [131.70756959296642, 43.20491404544106], [131.70756163112435, 43.204734151531554], [131.70768458974052, 43.204731239347126], [131.70768060866675, 43.2046412923989], [131.7080494838645, 43.204632555080906], [131.70804152069059, 43.20445266123392], [131.70767264657428, 43.20446139849731], [131.70767662761133, 43.204551345448955], [131.7074307110816, 43.204557169649455], [131.70742673040502, 43.204467222679604], [131.7071768338646, 43.20438309934416], [131.7071728535852, 43.20429315235269], [131.7074147884854, 43.204197381759776], [131.7074108078822, 43.20410743478305], [131.70765672260958, 43.20410161067356], [131.70766070357323, 43.20419155763208], [131.7077836610896, 43.204188645370245], [131.70777967994573, 43.20409869842082], [131.70802559456294, 43.20409287351938], [131.70802957606733, 43.2041828204506], [131.70827947285483, 43.20426694191428], [131.7082834547564, 43.20435688882383], [131.70853335258866, 43.20444100970151], [131.70854529954002, 43.204710850360186], [131.7084223410523, 43.20471376346858], [131.7084263232259, 43.20480371036047], [131.70805744711188, 43.204812448921025], [131.70806142876307, 43.204902395838516], [131.70781551090144, 43.204908220903775], [131.70781949221052, 43.20499816783774], [131.70769653307192, 43.20500108018149]]]}, "properties": {"zone_id": "vladivostok-2025-11-19-111", "aoi": "vladivostok", "date": "2025-11-19", "scene_id": "S2B_MSIL2A_20251119T020859_R103_T52TGN_20251119T033950", "scene_datetime_utc": "2025-11-19T02:08:59.024000+00:00", "detection_status": "detected", "detection_status_ru": "обнаружено", "lon": 131.70789, "lat": 43.20448, "n_pixels": 22, "zone_area_km2": 0.0058, "cover_m2": 247.1, "p_mean": 0.889, "p_max": 1.0, "cover_m2_km2": 42603.4, "h3": "88316c50b5fffff", "valid_frac_scene": 1.0, "wind_ms": 2.2, "sea": "спокойное", "scene_reliable": true, "field_event_id": "S4:DOORS3:T23", "field_profile": "B", "field_date": "2024-06-10", "field_distance_km": 6965.1, "field_date_gap_days": 527, "field_conc_items_km2": 102.37, "conc_A_items_km2": null, "conc_A_lo80": null, "conc_A_hi80": null, "conc_A_lo95": null, "conc_A_hi95": null, "conc_A_status": "unavailable", "conc_A_status_ru": "концентрация недоступна", "conc_A_reasons": "вне бассейна профиля: nw_atlantic_subtropical", "conc_A_model": "conc-A-c6bce5631d2b", "conc_B_items_km2": null, "conc_B_lo80": null, "conc_B_hi80": null, "conc_B_lo95": null, "conc_B_hi95": null, "conc_B_status": "unavailable", "conc_B_status_ru": "концентрация недоступна", "conc_B_reasons": "вне бассейна профиля: black_sea", "conc_B_model": "conc-B-c6bce5631d2b"}}, {"type": "Feature", "geometry": {"type": "MultiPolygon", "coordinates": [[[[131.70950506439164, 43.204147859845456], [131.70950108072438, 43.204057913023476], [131.70962403778515, 43.20405499879089], [131.70961607014527, 43.20387510516005], [131.7093661732944, 43.20379098662061], [131.70937015672632, 43.20388093345683], [131.70924719998928, 43.203883847407226], [131.70925516654773, 43.20406374109271], [131.70950506439164, 43.204147859845456]]], [[[131.70925914985452, 43.20415368793289], [131.70926313317966, 43.20424363477134], [131.7091401757033, 43.20424654862618], [131.7091481420482, 43.204426442316155], [131.70939804126394, 43.204510561262275], [131.70940202484277, 43.204600508084766], [131.70927906666384, 43.20460342210802], [131.7092870335161, 43.204783315766065], [131.70953693439077, 43.204867434359386], [131.7095329505766, 43.20477748755115], [131.70965590907932, 43.2047745732457], [131.70964794114556, 43.20459467964229], [131.70977089926944, 43.20459176522306], [131.70976691514986, 43.20450181842788], [131.70964395720625, 43.204504732838004], [131.70963598938275, 43.204324839224306], [131.70951303178123, 43.20432775348422], [131.70950904807725, 43.2042378066657], [131.70925914985452, 43.20415368793289]]]]}, "properties": {"zone_id": "vladivostok-2025-11-19-112", "aoi": "vladivostok", "date": "2025-11-19", "scene_id": "S2B_MSIL2A_20251119T020859_R103_T52TGN_20251119T033950", "scene_datetime_utc": "2025-11-19T02:08:59.024000+00:00", "detection_status": "detected", "detection_status_ru": "обнаружено", "lon": 131.70944, "lat": 43.20437, "n_pixels": 9, "zone_area_km2": 0.0029, "cover_m2": 83.9, "p_mean": 0.934, "p_max": 0.996, "cover_m2_km2": 28931.0, "h3": "88316c50b5fffff", "valid_frac_scene": 1.0, "wind_ms": 2.2, "sea": "спокойное", "scene_reliable": true, "field_event_id": "S4:DOORS3:T23", "field_profile": "B", "field_date": "2024-06-10", "field_distance_km": 6965.2, "field_date_gap_days": 527, "field_conc_items_km2": 102.37, "conc_A_items_km2": null, "conc_A_lo80": null, "conc_A_hi80": null, "conc_A_lo95": null, "conc_A_hi95": null, "conc_A_status": "unavailable", "conc_A_status_ru": "концентрация недоступна", "conc_A_reasons": "вне бассейна профиля: nw_atlantic_subtropical", "conc_A_model": "conc-A-c6bce5631d2b", "conc_B_items_km2": null, "conc_B_lo80": null, "conc_B_hi80": null, "conc_B_lo95": null, "conc_B_hi95": null, "conc_B_status": "unavailable", "conc_B_status_ru": "концентрация недоступна", "conc_B_reasons": "вне бассейна профиля: black_sea", "conc_B_model": "conc-B-c6bce5631d2b"}}, {"type": "Feature", "geometry": {"type": "Polygon", "coordinates": [[[131.70644306499395, 43.20449051412906], [131.70643908577767, 43.20440056708471], [131.70631612769898, 43.20440347791283], [131.70630816968196, 43.2042235838008], [131.70655010575857, 43.204127815008555], [131.70655408510004, 43.204217762048955], [131.70667704278156, 43.20421485097504], [131.70668500188003, 43.204394745032495], [131.70644306499395, 43.20449051412906]]]}, "properties": {"zone_id": "vladivostok-2025-11-19-113", "aoi": "vladivostok", "date": "2025-11-19", "scene_id": "S2B_MSIL2A_20251119T020859_R103_T52TGN_20251119T033950", "scene_datetime_utc": "2025-11-19T02:08:59.024000+00:00", "detection_status": "detected", "detection_status_ru": "обнаружено", "lon": 131.7065, "lat": 43.20431, "n_pixels": 2, "zone_area_km2": 0.0008, "cover_m2": 18.4, "p_mean": 0.912, "p_max": 0.98, "cover_m2_km2": 23000.0, "h3": "88316c424bfffff", "valid_frac_scene": 1.0, "wind_ms": 2.2, "sea": "спокойное", "scene_reliable": true, "field_event_id": "S4:DOORS3:T23", "field_profile": "B", "field_date": "2024-06-10", "field_distance_km": 6965.0, "field_date_gap_days": 527, "field_conc_items_km2": 102.37, "conc_A_items_km2": null, "conc_A_lo80": null, "conc_A_hi80": null, "conc_A_lo95": null, "conc_A_hi95": null, "conc_A_status": "unavailable", "conc_A_status_ru": "концентрация недоступна", "conc_A_reasons": "вне бассейна профиля: nw_atlantic_subtropical", "conc_A_model": "conc-A-c6bce5631d2b", "conc_B_items_km2": null, "conc_B_lo80": null, "conc_B_hi80": null, "conc_B_lo95": null, "conc_B_hi95": null, "conc_B_status": "unavailable", "conc_B_status_ru": "концентрация недоступна", "conc_B_reasons": "вне бассейна профиля: black_sea", "conc_B_model": "conc-B-c6bce5631d2b"}}, {"type": "Feature", "geometry": {"type": "Polygon", "coordinates": [[[131.70889027791114, 43.20416242907411], [131.70888629514508, 43.20407248220661], [131.7086363983976, 43.20398836206852], [131.70863241602876, 43.2038984151794], [131.70875537285758, 43.20389550188895], [131.70875139032682, 43.2038055550072], [131.70899730356894, 43.20379972804853], [131.70900128646014, 43.20388967491207], [131.7091242432339, 43.20388676122565], [131.70913220943186, 43.20406665492932], [131.70889027791114, 43.20416242907411]]]}, "properties": {"zone_id": "vladivostok-2025-11-19-114", "aoi": "vladivostok", "date": "2025-11-19", "scene_id": "S2B_MSIL2A_20251119T020859_R103_T52TGN_20251119T033950", "scene_datetime_utc": "2025-11-19T02:08:59.024000+00:00", "detection_status": "detected", "detection_status_ru": "обнаружено", "lon": 131.7089, "lat": 43.20397, "n_pixels": 3, "zone_area_km2": 0.001, "cover_m2": 30.6, "p_mean": 0.835, "p_max": 1.0, "cover_m2_km2": 30600.0, "h3": "88316c50b5fffff", "valid_frac_scene": 1.0, "wind_ms": 2.2, "sea": "спокойное", "scene_reliable": true, "field_event_id": "S4:DOORS3:T23", "field_profile": "B", "field_date": "2024-06-10", "field_distance_km": 6965.2, "field_date_gap_days": 527, "field_conc_items_km2": 102.37, "conc_A_items_km2": null, "conc_A_lo80": null, "conc_A_hi80": null, "conc_A_lo95": null, "conc_A_hi95": null, "conc_A_status": "unavailable", "conc_A_status_ru": "концентрация недоступна", "conc_A_reasons": "вне бассейна профиля: nw_atlantic_subtropical", "conc_A_model": "conc-A-c6bce5631d2b", "conc_B_items_km2": null, "conc_B_lo80": null, "conc_B_hi80": null, "conc_B_lo95": null, "conc_B_hi95": null, "conc_B_status": "unavailable", "conc_B_status_ru": "концентрация недоступна", "conc_B_reasons": "вне бассейна профиля: black_sea", "conc_B_model": "conc-B-c6bce5631d2b"}}, {"type": "Feature", "geometry": {"type": "Polygon", "coordinates": [[[131.70445584917184, 43.20408733571888], [131.70445187293114, 43.203997388520484], [131.70432891546025, 43.20400029719126], [131.70432493941814, 43.20391034998204], [131.70444789670876, 43.203907441320354], [131.70444392050473, 43.203817494118525], [131.7046898346705, 43.203811676417374], [131.70469381123502, 43.20390162360103], [131.70481676847064, 43.203898714543364], [131.70482074523375, 43.20398866171621], [131.70469778781788, 43.203991570782954], [131.70470176441904, 43.20408151796318], [131.70445584917184, 43.20408733571888]]]}, "properties": {"zone_id": "vladivostok-2025-11-19-115", "aoi": "vladivostok", "date": "2025-11-19", "scene_id": "S2B_MSIL2A_20251119T020859_R103_T52TGN_20251119T033950", "scene_datetime_utc": "2025-11-19T02:08:59.024000+00:00", "detection_status": "detected", "detection_status_ru": "обнаружено", "lon": 131.70457, "lat": 43.20395, "n_pixels": 2, "zone_area_km2": 0.0008, "cover_m2": 19.6, "p_mean": 0.792, "p_max": 0.957, "cover_m2_km2": 24500.0, "h3": "88316c424bfffff", "valid_frac_scene": 1.0, "wind_ms": 2.2, "sea": "спокойное", "scene_reliable": true, "field_event_id": "S4:DOORS3:T23", "field_profile": "B", "field_date": "2024-06-10", "field_distance_km": 6964.9, "field_date_gap_days": 527, "field_conc_items_km2": 102.37, "conc_A_items_km2": null, "conc_A_lo80": null, "conc_A_hi80": null, "conc_A_lo95": null, "conc_A_hi95": null, "conc_A_status": "unavailable", "conc_A_status_ru": "концентрация недоступна", "conc_A_reasons": "вне бассейна профиля: nw_atlantic_subtropical", "conc_A_model": "conc-A-c6bce5631d2b", "conc_B_items_km2": null, "conc_B_lo80": null, "conc_B_hi80": null, "conc_B_lo95": null, "conc_B_hi95": null, "conc_B_status": "unavailable", "conc_B_status_ru": "концентрация недоступна", "conc_B_reasons": "вне бассейна профиля: black_sea", "conc_B_model": "conc-B-c6bce5631d2b"}}, {"type": "Feature", "geometry": {"type": "Polygon", "coordinates": [[[131.70813660690033, 43.203820120094065], [131.70813262528912, 43.20373017316511], [131.70800966872898, 43.20373308577741], [131.70800170592213, 43.20355319189614], [131.70824363656675, 43.203457419650945], [131.7082476183031, 43.20354736657595], [131.70837057446604, 43.203544453717875], [131.7083785383543, 43.20372434754455], [131.70813660690033, 43.203820120094065]]]}, "properties": {"zone_id": "vladivostok-2025-11-19-116", "aoi": "vladivostok", "date": "2025-11-19", "scene_id": "S2B_MSIL2A_20251119T020859_R103_T52TGN_20251119T033950", "scene_datetime_utc": "2025-11-19T02:08:59.024000+00:00", "detection_status": "detected", "detection_status_ru": "обнаружено", "lon": 131.70819, "lat": 43.20364, "n_pixels": 2, "zone_area_km2": 0.0008, "cover_m2": 24.3, "p_mean": 0.831, "p_max": 0.984, "cover_m2_km2": 30375.0, "h3": "88316c424bfffff", "valid_frac_scene": 1.0, "wind_ms": 2.2, "sea": "спокойное", "scene_reliable": true, "field_event_id": "S4:DOORS3:T23", "field_profile": "B", "field_date": "2024-06-10", "field_distance_km": 6965.2, "field_date_gap_days": 527, "field_conc_items_km2": 102.37, "conc_A_items_km2": null, "conc_A_lo80": null, "conc_A_hi80": null, "conc_A_lo95": null, "conc_A_hi95": null, "conc_A_status": "unavailable", "conc_A_status_ru": "концентрация недоступна", "conc_A_reasons": "вне бассейна профиля: nw_atlantic_subtropical", "conc_A_model": "conc-A-c6bce5631d2b", "conc_B_items_km2": null, "conc_B_lo80": null, "conc_B_hi80": null, "conc_B_lo95": null, "conc_B_hi95": null, "conc_B_status": "unavailable", "conc_B_status_ru": "концентрация недоступна", "conc_B_reasons": "вне бассейна профиля: black_sea", "conc_B_model": "conc-B-c6bce5631d2b"}}, {"type": "Feature", "geometry": {"type": "Polygon", "coordinates": [[[131.7044240397595, 43.203367758083665], [131.70442006366542, 43.20327781087155], [131.70429710763648, 43.2032807194696], [131.70429313174097, 43.203190772246685], [131.7044160875897, 43.20318786365772], [131.7044121115323, 43.20309791644219], [131.70465802281427, 43.20309209888645], [131.70466199923214, 43.20318204608381], [131.70478495502587, 43.203179137098886], [131.7047889316423, 43.20326908428543], [131.70466597566835, 43.20327199327946], [131.70466995212288, 43.2033619404734], [131.7044240397595, 43.203367758083665]]]}, "properties": {"zone_id": "vladivostok-2025-11-19-117", "aoi": "vladivostok", "date": "2025-11-19", "scene_id": "S2B_MSIL2A_20251119T020859_R103_T52TGN_20251119T033950", "scene_datetime_utc": "2025-11-19T02:08:59.024000+00:00", "detection_status": "detected", "detection_status_ru": "обнаружено", "lon": 131.70454, "lat": 43.20323, "n_pixels": 2, "zone_area_km2": 0.0008, "cover_m2": 22.0, "p_mean": 0.976, "p_max": 0.996, "cover_m2_km2": 27500.0, "h3": "88316c424bfffff", "valid_frac_scene": 1.0, "wind_ms": 2.2, "sea": "спокойное", "scene_reliable": true, "field_event_id": "S4:DOORS3:T23", "field_profile": "B", "field_date": "2024-06-10", "field_distance_km": 6964.9, "field_date_gap_days": 527, "field_conc_items_km2": 102.37, "conc_A_items_km2": null, "conc_A_lo80": null, "conc_A_hi80": null, "conc_A_lo95": null, "conc_A_hi95": null, "conc_A_status": "unavailable", "conc_A_status_ru": "концентрация недоступна", "conc_A_reasons": "вне бассейна профиля: nw_atlantic_subtropical", "conc_A_model": "conc-A-c6bce5631d2b", "conc_B_items_km2": null, "conc_B_lo80": null, "conc_B_hi80": null, "conc_B_lo95": null, "conc_B_hi95": null, "conc_B_status": "unavailable", "conc_B_status_ru": "концентрация недоступна", "conc_B_reasons": "вне бассейна профиля: black_sea", "conc_B_model": "conc-B-c6bce5631d2b"}}, {"type": "Feature", "geometry": {"type": "MultiPolygon", "coordinates": [[[[131.70871554837632, 43.202996032994434], [131.70871953074183, 43.203085979891604], [131.70884248593018, 43.203083066551095], [131.70885045107676, 43.203262960322085], [131.70910034508063, 43.20334708007341], [131.70910432806025, 43.203437026936385], [131.70922728391446, 43.2034341131635], [131.7092312670927, 43.20352406001567], [131.70960013508585, 43.20351531787776], [131.70960411882317, 43.203605264700904], [131.7097270749644, 43.20360235038185], [131.7097310589003, 43.20369229719418], [131.70997298719175, 43.20359652134779], [131.70997697148812, 43.203686468141896], [131.71009992775447, 43.20368355341777], [131.71010391224948, 43.203773500201045], [131.7103458402321, 43.20367772357355], [131.71033787057632, 43.203497830038266], [131.71021491470717, 43.20350074500815], [131.71021093008704, 43.203410798228845], [131.70996900291374, 43.20350657455196], [131.7099650186541, 43.20341662775443], [131.70984206291007, 43.20341954231924], [131.70983807884903, 43.20332959551089], [131.70959216766633, 43.20333542422634], [131.70958818398412, 43.203245477398056], [131.70946522854547, 43.2032483915487], [131.70946124506185, 43.20315844470957], [131.7092153344899, 43.20316427259668], [131.70920736829868, 43.2029843788769], [131.7090844133456, 43.202987292604256], [131.7090764475883, 43.202807398859406], [131.7091994021809, 43.20280448515025], [131.70919143613654, 43.20262459141674], [131.7090684819044, 43.202627505107685], [131.70906449909, 43.20253755822926], [131.7088185909311, 43.20254338519699], [131.70882257338505, 43.202633332093626], [131.70833075612603, 43.20264498448168], [131.70833473787744, 43.20273493141301], [131.70784291960385, 43.20274658172574], [131.7078469006527, 43.202836528691755], [131.7074780362141, 43.20284526506775], [131.7074820167406, 43.20293521205937], [131.70686724140816, 43.20294977009179], [131.70687122105187, 43.20303971712719], [131.70662531043004, 43.20304553943446], [131.7066292897316, 43.20313548648633], [131.70589553458296, 43.20324289739973], [131.70589951283986, 43.203332844502754], [131.7056575787579, 43.203428611872276], [131.70566155669098, 43.20351855899005], [131.70541564389998, 43.203524378748504], [131.70541962149093, 43.20361432588275], [131.70516973103565, 43.203530197979006], [131.7051737082661, 43.20362014513143], [131.70505075162617, 43.2036230545578], [131.70505870578168, 43.2038029488757], [131.70530859722982, 43.20388707699282], [131.70530461976412, 43.20379712985463], [131.70567349060025, 43.20378840033309], [131.70566951261216, 43.20369845322046], [131.70591542605075, 43.20369263289767], [131.70591940439934, 43.20378257999211], [131.70604236127136, 43.20377966962364], [131.70604633981853, 43.20386961670727], [131.706292253868, 43.20386379555616], [131.7062882749604, 43.20377384849073], [131.7064112317774, 43.20377093772627], [131.7064072527079, 43.20368099066822], [131.70628429607112, 43.20368390142356], [131.70628031720017, 43.20359395435468], [131.70640327365672, 43.203591043608434], [131.70639929462388, 43.203501096546944], [131.70652225088182, 43.20349818567779], [131.7065182716871, 43.20340823862369], [131.70688713981016, 43.20339950525161], [131.70688316009307, 43.20330955822308], [131.70712907172296, 43.20330373533329], [131.70712509166376, 43.20321378832122], [131.70749395843023, 43.20320505302391], [131.7074899778487, 43.20311510603744], [131.70773588857412, 43.20310928186417], [131.70773190765044, 43.203019334894186], [131.7081007730603, 43.20301059767168], [131.70811271750847, 43.20328043849458], [131.70836261065122, 43.20336455988436], [131.7083586287713, 43.203274612965025], [131.70848158437522, 43.20327170000228], [131.70847362031003, 43.203091806176666], [131.70871554837632, 43.202996032994434]], [[131.708469638305, 43.2030018592613], [131.70846565631828, 43.202911912344206], [131.70858861118288, 43.20290899928586], [131.70859259334983, 43.20299894619386], [131.708469638305, 43.2030018592613]]], [[[131.70531257471387, 43.20397702412931], [131.70518961737136, 43.20397993372402], [131.70519359469347, 43.20406988086788], [131.70531655221626, 43.20406697126407], [131.70532052973698, 43.204156918397125], [131.7055624672068, 43.20406115166047], [131.70555848934393, 43.2039712045439], [131.70543553203805, 43.2039741144026], [131.70543155437377, 43.2038841672752], [131.70530859722982, 43.20388707699282], [131.70531257471387, 43.20397702412931]]]]}, "properties": {"zone_id": "vladivostok-2025-11-19-118", "aoi": "vladivostok", "date": "2025-11-19", "scene_id": "S2B_MSIL2A_20251119T020859_R103_T52TGN_20251119T033950", "scene_datetime_utc": "2025-11-19T02:08:59.024000+00:00", "detection_status": "detected", "detection_status_ru": "обнаружено", "lon": 131.70767, "lat": 43.20323, "n_pixels": 70, "zone_area_km2": 0.0183, "cover_m2": 969.4, "p_mean": 0.933, "p_max": 1.0, "cover_m2_km2": 52972.7, "h3": "88316c424bfffff", "valid_frac_scene": 1.0, "wind_ms": 2.2, "sea": "спокойное", "scene_reliable": true, "field_event_id": "S4:DOORS3:T23", "field_profile": "B", "field_date": "2024-06-10", "field_distance_km": 6965.1, "field_date_gap_days": 527, "field_conc_items_km2": 102.37, "conc_A_items_km2": null, "conc_A_lo80": null, "conc_A_hi80": null, "conc_A_lo95": null, "conc_A_hi95": null, "conc_A_status": "unavailable", "conc_A_status_ru": "концентрация недоступна", "conc_A_reasons": "вне бассейна профиля: nw_atlantic_subtropical", "conc_A_model": "conc-A-c6bce5631d2b", "conc_B_items_km2": null, "conc_B_lo80": null, "conc_B_hi80": null, "conc_B_lo95": null, "conc_B_hi95": null, "conc_B_status": "unavailable", "conc_B_status_ru": "концентрация недоступна", "conc_B_reasons": "вне бассейна профиля: black_sea", "conc_B_model": "conc-B-c6bce5631d2b"}}, {"type": "Feature", "geometry": {"type": "Polygon", "coordinates": [[[131.7051617766297, 43.203350303669005], [131.7051577994542, 43.20326035651142], [131.7049079108013, 43.203176227981956], [131.70489995726294, 43.202996333621876], [131.70502291265953, 43.20299342439115], [131.70501893573763, 43.20290347721763], [131.70526882339774, 43.202987605533735], [131.7052767780175, 43.20316749983925], [131.70539973371953, 43.20316459019438], [131.70540371123715, 43.20325453733548], [131.70528075535486, 43.20325744698945], [131.70528473271057, 43.20334739413794], [131.7051617766297, 43.203350303669005]]]}, "properties": {"zone_id": "vladivostok-2025-11-19-119", "aoi": "vladivostok", "date": "2025-11-19", "scene_id": "S2B_MSIL2A_20251119T020859_R103_T52TGN_20251119T033950", "scene_datetime_utc": "2025-11-19T02:08:59.024000+00:00", "detection_status": "detected", "detection_status_ru": "обнаружено", "lon": 131.70513, "lat": 43.20313, "n_pixels": 3, "zone_area_km2": 0.0011, "cover_m2": 31.8, "p_mean": 0.975, "p_max": 0.992, "cover_m2_km2": 28909.1, "h3": "88316c424bfffff", "valid_frac_scene": 1.0, "wind_ms": 2.2, "sea": "спокойное", "scene_reliable": true, "field_event_id": "S4:DOORS3:T23", "field_profile": "B", "field_date": "2024-06-10", "field_distance_km": 6965.0, "field_date_gap_days": 527, "field_conc_items_km2": 102.37, "conc_A_items_km2": null, "conc_A_lo80": null, "conc_A_hi80": null, "conc_A_lo95": null, "conc_A_hi95": null, "conc_A_status": "unavailable", "conc_A_status_ru": "концентрация недоступна", "conc_A_reasons": "вне бассейна профиля: nw_atlantic_subtropical", "conc_A_model": "conc-A-c6bce5631d2b", "conc_B_items_km2": null, "conc_B_lo80": null, "conc_B_hi80": null, "conc_B_lo95": null, "conc_B_hi95": null, "conc_B_status": "unavailable", "conc_B_status_ru": "концентрация недоступна", "conc_B_reasons": "вне бассейна профиля: black_sea", "conc_B_model": "conc-B-c6bce5631d2b"}}, {"type": "Feature", "geometry": {"type": "Polygon", "coordinates": [[[131.70268278349263, 43.20295872985898], [131.70267881001348, 43.202868782511075], [131.70255585462917, 43.20287168921588], [131.70255188134854, 43.202781741857194], [131.7026748365526, 43.202778835161475], [131.7026708631101, 43.202688887810154], [131.70292074690582, 43.202773021374085], [131.7029247207271, 43.202862968705524], [131.70280176537946, 43.2028658756743], [131.70280573903884, 43.20295582301311], [131.70268278349263, 43.20295872985898]]]}, "properties": {"zone_id": "vladivostok-2025-11-19-120", "aoi": "vladivostok", "date": "2025-11-19", "scene_id": "S2B_MSIL2A_20251119T020859_R103_T52TGN_20251119T033950", "scene_datetime_utc": "2025-11-19T02:08:59.024000+00:00", "detection_status": "detected", "detection_status_ru": "обнаружено", "lon": 131.70274, "lat": 43.20282, "n_pixels": 1, "zone_area_km2": 0.0005, "cover_m2": 10.2, "p_mean": 0.624, "p_max": 0.624, "cover_m2_km2": 20400.0, "h3": "88316c424bfffff", "valid_frac_scene": 1.0, "wind_ms": 2.2, "sea": "спокойное", "scene_reliable": true, "field_event_id": "S4:DOORS3:T23", "field_profile": "B", "field_date": "2024-06-10", "field_distance_km": 6964.8, "field_date_gap_days": 527, "field_conc_items_km2": 102.37, "conc_A_items_km2": null, "conc_A_lo80": null, "conc_A_hi80": null, "conc_A_lo95": null, "conc_A_hi95": null, "conc_A_status": "unavailable", "conc_A_status_ru": "концентрация недоступна", "conc_A_reasons": "вне бассейна профиля: nw_atlantic_subtropical", "conc_A_model": "conc-A-c6bce5631d2b", "conc_B_items_km2": null, "conc_B_lo80": null, "conc_B_hi80": null, "conc_B_lo95": null, "conc_B_hi95": null, "conc_B_status": "unavailable", "conc_B_status_ru": "концентрация недоступна", "conc_B_reasons": "вне бассейна профиля: black_sea", "conc_B_model": "conc-B-c6bce5631d2b"}}, {"type": "Feature", "geometry": {"type": "Polygon", "coordinates": [[[131.70761248847313, 43.200320924997406], [131.70760850811828, 43.20023097797427], [131.70723965930353, 43.20023971316267], [131.70723567950765, 43.20014976611051], [131.70711273004622, 43.20015267756694], [131.70710875044892, 43.20006273050399], [131.7072316997301, 43.20005981905667], [131.70722771997094, 43.199969872001084], [131.70784246520074, 43.199955312830376], [131.70784644586095, 43.20004525984046], [131.70821529331926, 43.20003652272705], [131.7082192745384, 43.20012646970811], [131.70834222383468, 43.20012355706395], [131.70834620525238, 43.20021350403419], [131.70822325577592, 43.20021641668746], [131.7082272370318, 43.200306363665106], [131.70761248847313, 43.200320924997406]]]}, "properties": {"zone_id": "vladivostok-2025-11-19-121", "aoi": "vladivostok", "date": "2025-11-19", "scene_id": "S2B_MSIL2A_20251119T020859_R103_T52TGN_20251119T033950", "scene_datetime_utc": "2025-11-19T02:08:59.024000+00:00", "detection_status": "detected", "detection_status_ru": "обнаружено", "lon": 131.70773, "lat": 43.20014, "n_pixels": 10, "zone_area_km2": 0.0028, "cover_m2": 207.8, "p_mean": 0.988, "p_max": 1.0, "cover_m2_km2": 74214.3, "h3": "88316c424bfffff", "valid_frac_scene": 1.0, "wind_ms": 2.2, "sea": "спокойное", "scene_reliable": true, "field_event_id": "S4:DOORS3:T23", "field_profile": "B", "field_date": "2024-06-10", "field_distance_km": 6965.3, "field_date_gap_days": 527, "field_conc_items_km2": 102.37, "conc_A_items_km2": null, "conc_A_lo80": null, "conc_A_hi80": null, "conc_A_lo95": null, "conc_A_hi95": null, "conc_A_status": "unavailable", "conc_A_status_ru": "концентрация недоступна", "conc_A_reasons": "вне бассейна профиля: nw_atlantic_subtropical", "conc_A_model": "conc-A-c6bce5631d2b", "conc_B_items_km2": null, "conc_B_lo80": null, "conc_B_hi80": null, "conc_B_lo95": null, "conc_B_hi95": null, "conc_B_status": "unavailable", "conc_B_status_ru": "концентрация недоступна", "conc_B_reasons": "вне бассейна профиля: black_sea", "conc_B_model": "conc-B-c6bce5631d2b"}}, {"type": "Feature", "geometry": {"type": "Polygon", "coordinates": [[[131.687729395859, 43.181971431033105], [131.6877254472429, 43.18188148224704], [131.68760253247035, 43.18188437176409], [131.68759463565283, 43.1817044741688], [131.68734880677331, 43.1817102527711], [131.68734485875194, 43.18162030395281], [131.68722194446494, 43.18162319304709], [131.68721404883686, 43.181443295387346], [131.68696822092843, 43.181449073144094], [131.68697216837327, 43.18153902199288], [131.68684925421172, 43.18154191068244], [131.68685320149473, 43.181631859538534], [131.68660342583405, 43.18154768766588], [131.68659947892934, 43.18145773879002], [131.68672239294722, 43.18145485037327], [131.68671844588064, 43.181364901504736], [131.68659553204282, 43.18136778991245], [131.6865876383243, 43.18118789215218], [131.68646472482837, 43.181190780409956], [131.68645683154273, 43.181010882624804], [131.68621100521642, 43.181016658708565], [131.6862149514901, 43.18110660762005], [131.68596517881736, 43.181022434264754], [131.6859572870448, 43.18084253640056], [131.68583437417806, 43.18084542396277], [131.6858185915713, 43.18048562817778], [131.68594150371788, 43.180482740651655], [131.68593755793162, 43.180392791710155], [131.686179435682, 43.18029706735514], [131.68618338181017, 43.1803870162803], [131.68630629372214, 43.18038412836754], [131.68631418639308, 43.180564026194695], [131.68656001088263, 43.1805582499374], [131.68656395760544, 43.180648198830355], [131.6868137294834, 43.18073237090064], [131.68681767660263, 43.18082231977213], [131.68706744952445, 43.180906491257275], [131.68707534457408, 43.18108638895558], [131.6873211710058, 43.181080611007275], [131.687325118918, 43.1811705598358], [131.68744803228662, 43.18116767065477], [131.68745592852568, 43.18134756828864], [131.68770570443536, 43.18143173829113], [131.68770965296048, 43.181521687085734], [131.68783256699467, 43.181518797472904], [131.68784046445955, 43.181698695038925], [131.68796337883563, 43.18169580527615], [131.68797127673344, 43.18187570281727], [131.687729395859, 43.181971431033105]], [[131.68746382483755, 43.18152746591569], [131.6875867389081, 43.181524576566666], [131.68758279056303, 43.181434627763025], [131.6874598766725, 43.18143751710303], [131.68746382483755, 43.18152746591569]], [[131.68620705896097, 43.18092670979537], [131.68632997195317, 43.18092382182846], [131.68632602553586, 43.18083387292258], [131.6862031127237, 43.180836760880474], [131.68620705896097, 43.18092670979537]]]}, "properties": {"zone_id": "vladivostok-2025-11-19-122", "aoi": "vladivostok", "date": "2025-11-19", "scene_id": "S2B_MSIL2A_20251119T020859_R103_T52TGN_20251119T033950", "scene_datetime_utc": "2025-11-19T02:08:59.024000+00:00", "detection_status": "detected", "detection_status_ru": "обнаружено", "lon": 131.68679, "lat": 43.18108, "n_pixels": 40, "zone_area_km2": 0.0102, "cover_m2": 854.1, "p_mean": 0.789, "p_max": 1.0, "cover_m2_km2": 83735.3, "h3": "88316c4205fffff", "valid_frac_scene": 1.0, "wind_ms": 2.2, "sea": "спокойное", "scene_reliable": true, "field_event_id": "S4:DOORS3:T23", "field_profile": "B", "field_date": "2024-06-10", "field_distance_km": 6965.1, "field_date_gap_days": 527, "field_conc_items_km2": 102.37, "conc_A_items_km2": null, "conc_A_lo80": null, "conc_A_hi80": null, "conc_A_lo95": null, "conc_A_hi95": null, "conc_A_status": "unavailable", "conc_A_status_ru": "концентрация недоступна", "conc_A_reasons": "вне бассейна профиля: nw_atlantic_subtropical", "conc_A_model": "conc-A-c6bce5631d2b", "conc_B_items_km2": null, "conc_B_lo80": null, "conc_B_hi80": null, "conc_B_lo95": null, "conc_B_hi95": null, "conc_B_status": "unavailable", "conc_B_status_ru": "концентрация недоступна", "conc_B_reasons": "вне бассейна профиля: black_sea", "conc_B_model": "conc-B-c6bce5631d2b"}}, {"type": "Feature", "geometry": {"type": "Polygon", "coordinates": [[[131.68977152834742, 43.18084290520703], [131.68976757688907, 43.18075295655404], [131.6896446645865, 43.18075584820487], [131.6896367620845, 43.18057595087564], [131.68951385012377, 43.18057884237651], [131.6895059480547, 43.18039894502239], [131.68962885965533, 43.1803960535396], [131.68962490846806, 43.180306104869004], [131.6897478198705, 43.18030321326336], [131.68975177123778, 43.18039316192491], [131.68999759434803, 43.18038737829989], [131.69000154609358, 43.18047732694166], [131.69012445780143, 43.180474434922274], [131.69012840974526, 43.180564383553296], [131.6902513216149, 43.18056149139299], [131.69024341738543, 43.180381594147306], [131.69012050587585, 43.18038448628954], [131.69011655396844, 43.18029453765509], [131.690239465298, 43.1802916455219], [131.6902355132288, 43.18020169689479], [131.69048528790248, 43.18028586085983], [131.69048924034996, 43.18037580946717], [131.6906121518049, 43.18037291692927], [131.69061610445067, 43.180462865525854], [131.69049319281567, 43.18046575807279], [131.69050109780173, 43.18064565527889], [131.69062400979678, 43.18064276271387], [131.69062796249716, 43.18073271130533], [131.69050505032206, 43.180735603879384], [131.69050900286064, 43.18082555247817], [131.6903860904873, 43.18082844492937], [131.69038213812877, 43.18073849632155], [131.69025922591726, 43.18074138863182], [131.69026317809573, 43.18083133724868], [131.68977152834742, 43.18084290520703]]]}, "properties": {"zone_id": "vladivostok-2025-11-19-123", "aoi": "vladivostok", "date": "2025-11-19", "scene_id": "S2B_MSIL2A_20251119T020859_R103_T52TGN_20251119T033950", "scene_datetime_utc": "2025-11-19T02:08:59.024000+00:00", "detection_status": "detected", "detection_status_ru": "обнаружено", "lon": 131.69005, "lat": 43.18058, "n_pixels": 13, "zone_area_km2": 0.0039, "cover_m2": 415.3, "p_mean": 0.839, "p_max": 0.992, "cover_m2_km2": 106487.2, "h3": "88316c4201fffff", "valid_frac_scene": 1.0, "wind_ms": 2.2, "sea": "спокойное", "scene_reliable": true, "field_event_id": "S4:DOORS3:T23", "field_profile": "B", "field_date": "2024-06-10", "field_distance_km": 6965.4, "field_date_gap_days": 527, "field_conc_items_km2": 102.37, "conc_A_items_km2": null, "conc_A_lo80": null, "conc_A_hi80": null, "conc_A_lo95": null, "conc_A_hi95": null, "conc_A_status": "unavailable", "conc_A_status_ru": "концентрация недоступна", "conc_A_reasons": "вне бассейна профиля: nw_atlantic_subtropical", "conc_A_model": "conc-A-c6bce5631d2b", "conc_B_items_km2": null, "conc_B_lo80": null, "conc_B_hi80": null, "conc_B_lo95": null, "conc_B_hi95": null, "conc_B_status": "unavailable", "conc_B_status_ru": "концентрация недоступна", "conc_B_reasons": "вне бассейна профиля: black_sea", "conc_B_model": "conc-B-c6bce5631d2b"}}, {"type": "Feature", "geometry": {"type": "MultiPolygon", "coordinates": [[[[131.68404656091312, 43.17935670156297], [131.68405050378075, 43.1794466506603], [131.6839275935219, 43.17944953609985], [131.6839315362277, 43.17953948520448], [131.68405444666658, 43.17953659975591], [131.68405838957062, 43.179626548849825], [131.68430026748993, 43.17953082846312], [131.68429632424403, 43.17944087938555], [131.68404656091312, 43.17935670156297]]], [[[131.68441529104066, 43.179348044480065], [131.68442317787432, 43.179527942618904], [131.6846729423927, 43.17961211958362], [131.68467688621502, 43.17970206863072], [131.68479979690494, 43.1796991823728], [131.68480374092547, 43.17978913140918], [131.68492665177723, 43.17978624501035], [131.68493059599598, 43.179876194035984], [131.6850535070096, 43.17987330749625], [131.68506139586168, 43.180053205524366], [131.68518430721718, 43.18005031883471], [131.6851882518505, 43.18014026783719], [131.68543407486703, 43.18013449404414], [131.68544196490836, 43.18031439200788], [131.68556487674945, 43.18031150489548], [131.68556882197743, 43.18040145386575], [131.68581070037703, 43.18030573027501], [131.68580280925548, 43.18012583236542], [131.68555304117461, 43.18004165797438], [131.68554515088232, 43.179861760018426], [131.68542223994143, 43.179864647085715], [131.68541829500256, 43.17977469809616], [131.6852953842235, 43.179777585022535], [131.68529143948288, 43.17968763602225], [131.68516852886566, 43.17969052280772], [131.68516458432322, 43.17960057379669], [131.68491481923013, 43.17951639792315], [131.6849108750841, 43.17942644889067], [131.68478796495245, 43.179429335253424], [131.68478402100462, 43.179339386210195], [131.68466111103484, 43.179342272432045], [131.68465716728522, 43.1792523233781], [131.6844074042797, 43.179168146334405], [131.6844034609265, 43.179078197258995], [131.6841576419398, 43.17908396872537], [131.6841536989648, 43.17899401963024], [131.68403078962422, 43.17899690515658], [131.68403473241918, 43.17908685426074], [131.6839118228804, 43.17908973966421], [131.68391576551352, 43.17917968877568], [131.6841655279443, 43.179263866910546], [131.6841694709738, 43.17935381600056], [131.68441529104066, 43.179348044480065]]]]}, "properties": {"zone_id": "vladivostok-2025-11-19-124", "aoi": "vladivostok", "date": "2025-11-19", "scene_id": "S2B_MSIL2A_20251119T020859_R103_T52TGN_20251119T033950", "scene_datetime_utc": "2025-11-19T02:08:59.024000+00:00", "detection_status": "detected", "detection_status_ru": "обнаружено", "lon": 131.68491, "lat": 43.17969, "n_pixels": 18, "zone_area_km2": 0.006, "cover_m2": 287.1, "p_mean": 0.692, "p_max": 0.996, "cover_m2_km2": 47850.0, "h3": "88316c4205fffff", "valid_frac_scene": 1.0, "wind_ms": 2.2, "sea": "спокойное", "scene_reliable": true, "field_event_id": "S4:DOORS3:T23", "field_profile": "B", "field_date": "2024-06-10", "field_distance_km": 6965.1, "field_date_gap_days": 527, "field_conc_items_km2": 102.37, "conc_A_items_km2": null, "conc_A_lo80": null, "conc_A_hi80": null, "conc_A_lo95": null, "conc_A_hi95": null, "conc_A_status": "unavailable", "conc_A_status_ru": "концентрация недоступна", "conc_A_reasons": "вне бассейна профиля: nw_atlantic_subtropical", "conc_A_model": "conc-A-c6bce5631d2b", "conc_B_items_km2": null, "conc_B_lo80": null, "conc_B_hi80": null, "conc_B_lo95": null, "conc_B_hi95": null, "conc_B_status": "unavailable", "conc_B_status_ru": "концентрация недоступна", "conc_B_reasons": "вне бассейна профиля: black_sea", "conc_B_model": "conc-B-c6bce5631d2b"}}, {"type": "Feature", "geometry": {"type": "Polygon", "coordinates": [[[131.6892443223193, 43.18004493279124], [131.68924037174497, 43.1799549840867], [131.6889945502165, 43.179960766038704], [131.68899060002045, 43.17987081731438], [131.68874082896141, 43.179786649976684], [131.68873687916178, 43.17969670123088], [131.68836814824357, 43.179705372297136], [131.68836419900225, 43.179615423522534], [131.68811837865917, 43.179621203555875], [131.6881144297961, 43.17953125476148], [131.68799151977728, 43.1795341445713], [131.68798362246577, 43.17935424695932], [131.68786071278882, 43.17935713661919], [131.68785676434035, 43.1792671878016], [131.68809863452577, 43.179171459566824], [131.68810258331607, 43.17926140836805], [131.68822549277664, 43.179258518453445], [131.68822944176512, 43.17934846724393], [131.6883523513875, 43.17934557718841], [131.68834840221896, 43.17925562840694], [131.68859422104907, 43.179249847918314], [131.68859817057762, 43.17933979668172], [131.68884793960177, 43.17942396439109], [131.6888518895268, 43.179513913133], [131.68897479941822, 43.1795110224], [131.68897084931316, 43.17942107366712], [131.6892166686813, 43.17941529182352], [131.68922061914643, 43.17950524053832], [131.6893435289832, 43.17950234940966], [131.68935143032806, 43.17968224681608], [131.68960120172687, 43.179766412809514], [131.68960515280492, 43.179856361490366], [131.68972806330714, 43.17985346992992], [131.68973201458343, 43.17994341860002], [131.68960910390112, 43.17994631016952], [131.68961305501554, 43.18003625884695], [131.6892443223193, 43.18004493279124]]]}, "properties": {"zone_id": "vladivostok-2025-11-19-125", "aoi": "vladivostok", "date": "2025-11-19", "scene_id": "S2B_MSIL2A_20251119T020859_R103_T52TGN_20251119T033950", "scene_datetime_utc": "2025-11-19T02:08:59.024000+00:00", "detection_status": "detected", "detection_status_ru": "обнаружено", "lon": 131.68886, "lat": 43.17962, "n_pixels": 26, "zone_area_km2": 0.006, "cover_m2": 764.7, "p_mean": 0.832, "p_max": 1.0, "cover_m2_km2": 127450.0, "h3": "88316c4201fffff", "valid_frac_scene": 1.0, "wind_ms": 2.2, "sea": "спокойное", "scene_reliable": true, "field_event_id": "S4:DOORS3:T23", "field_profile": "B", "field_date": "2024-06-10", "field_distance_km": 6965.3, "field_date_gap_days": 527, "field_conc_items_km2": 102.37, "conc_A_items_km2": null, "conc_A_lo80": null, "conc_A_hi80": null, "conc_A_lo95": null, "conc_A_hi95": null, "conc_A_status": "unavailable", "conc_A_status_ru": "концентрация недоступна", "conc_A_reasons": "вне бассейна профиля: nw_atlantic_subtropical", "conc_A_model": "conc-A-c6bce5631d2b", "conc_B_items_km2": null, "conc_B_lo80": null, "conc_B_hi80": null, "conc_B_lo95": null, "conc_B_hi95": null, "conc_B_status": "unavailable", "conc_B_status_ru": "концентрация недоступна", "conc_B_reasons": "вне бассейна профиля: black_sea", "conc_B_model": "conc-B-c6bce5631d2b"}}, {"type": "Feature", "geometry": {"type": "Polygon", "coordinates": [[[131.68748803574033, 43.179275855962835], [131.68748408785018, 43.17918590711644], [131.6873611784605, 43.17918879623072], [131.68735723076853, 43.17909884737359], [131.68748013997822, 43.17909595826835], [131.68747619212445, 43.179006009418536], [131.6877220101292, 43.17900023083046], [131.687725958343, 43.179090179662204], [131.6878488674981, 43.179087290161306], [131.68785281591013, 43.17917723898232], [131.68772990657504, 43.17918012849225], [131.68773385482524, 43.17927007732056], [131.68748803574033, 43.179275855962835]]]}, "properties": {"zone_id": "vladivostok-2025-11-19-126", "aoi": "vladivostok", "date": "2025-11-19", "scene_id": "S2B_MSIL2A_20251119T020859_R103_T52TGN_20251119T033950", "scene_datetime_utc": "2025-11-19T02:08:59.024000+00:00", "detection_status": "detected", "detection_status_ru": "обнаружено", "lon": 131.68761, "lat": 43.17914, "n_pixels": 2, "zone_area_km2": 0.0008, "cover_m2": 44.7, "p_mean": 0.918, "p_max": 0.953, "cover_m2_km2": 55875.0, "h3": "88316c4205fffff", "valid_frac_scene": 1.0, "wind_ms": 2.2, "sea": "спокойное", "scene_reliable": true, "field_event_id": "S4:DOORS3:T23", "field_profile": "B", "field_date": "2024-06-10", "field_distance_km": 6965.3, "field_date_gap_days": 527, "field_conc_items_km2": 102.37, "conc_A_items_km2": null, "conc_A_lo80": null, "conc_A_hi80": null, "conc_A_lo95": null, "conc_A_hi95": null, "conc_A_status": "unavailable", "conc_A_status_ru": "концентрация недоступна", "conc_A_reasons": "вне бассейна профиля: nw_atlantic_subtropical", "conc_A_model": "conc-A-c6bce5631d2b", "conc_B_items_km2": null, "conc_B_lo80": null, "conc_B_hi80": null, "conc_B_lo95": null, "conc_B_hi95": null, "conc_B_status": "unavailable", "conc_B_status_ru": "концентрация недоступна", "conc_B_reasons": "вне бассейна профиля: black_sea", "conc_B_model": "conc-B-c6bce5631d2b"}}, {"type": "Feature", "geometry": {"type": "Polygon", "coordinates": [[[131.85970809553146, 43.175998053703346], [131.85970389533531, 43.17590811792764], [131.859581010449, 43.17591119185297], [131.8595768104521, 43.175821256065916], [131.85969969515853, 43.175818182150195], [131.8596954950011, 43.175728246371015], [131.85994126399606, 43.175722098163355], [131.8599454645133, 43.17581203392334], [131.86006834916165, 43.1758089596122], [131.8600725498781, 43.175898895360824], [131.85994966504987, 43.175901969681576], [131.8599538656058, 43.17599190543807], [131.85970809553146, 43.175998053703346]]]}, "properties": {"zone_id": "vladivostok-2025-11-19-127", "aoi": "vladivostok", "date": "2025-11-19", "scene_id": "S2B_MSIL2A_20251119T020859_R103_T52TGN_20251119T033950", "scene_datetime_utc": "2025-11-19T02:08:59.024000+00:00", "detection_status": "detected", "detection_status_ru": "обнаружено", "lon": 131.85982, "lat": 43.17586, "n_pixels": 2, "zone_area_km2": 0.0008, "cover_m2": 11.0, "p_mean": 0.996, "p_max": 1.0, "cover_m2_km2": 13750.0, "h3": "88316c56a7fffff", "valid_frac_scene": 1.0, "wind_ms": 2.2, "sea": "спокойное", "scene_reliable": true, "field_event_id": "S4:DOORS3:T23", "field_profile": "B", "field_date": "2024-06-10", "field_distance_km": 6977.1, "field_date_gap_days": 527, "field_conc_items_km2": 102.37, "conc_A_items_km2": null, "conc_A_lo80": null, "conc_A_hi80": null, "conc_A_lo95": null, "conc_A_hi95": null, "conc_A_status": "unavailable", "conc_A_status_ru": "концентрация недоступна", "conc_A_reasons": "вне бассейна профиля: nw_atlantic_subtropical", "conc_A_model": "conc-A-c6bce5631d2b", "conc_B_items_km2": null, "conc_B_lo80": null, "conc_B_hi80": null, "conc_B_lo95": null, "conc_B_hi95": null, "conc_B_status": "unavailable", "conc_B_status_ru": "концентрация недоступна", "conc_B_reasons": "вне бассейна профиля: black_sea", "conc_B_model": "conc-B-c6bce5631d2b"}}, {"type": "Feature", "geometry": {"type": "Polygon", "coordinates": [[[131.65061320768112, 43.171582727218805], [131.65060931496683, 43.171492775547236], [131.65048641731101, 43.1714956246437], [131.65048252479463, 43.17140567296153], [131.6506054222705, 43.171402823873976], [131.65059763693162, 43.17122292052233], [131.65072053402957, 43.171220071320725], [131.6507166412071, 43.17113011965125], [131.65096632817173, 43.171214372521945], [131.6509702213721, 43.1713043241719], [131.65084732413004, 43.17130717364612], [131.6508512171684, 43.17139712530329], [131.6509741145904, 43.171394275820155], [131.65097800782667, 43.1714842274667], [131.65085511022465, 43.17148707695874], [131.65085900329888, 43.1715770286125], [131.65061320768112, 43.171582727218805]]]}, "properties": {"zone_id": "vladivostok-2025-11-19-128", "aoi": "vladivostok", "date": "2025-11-19", "scene_id": "S2B_MSIL2A_20251119T020859_R103_T52TGN_20251119T033950", "scene_datetime_utc": "2025-11-19T02:08:59.024000+00:00", "detection_status": "detected", "detection_status_ru": "обнаружено", "lon": 131.65075, "lat": 43.17138, "n_pixels": 3, "zone_area_km2": 0.0012, "cover_m2": 75.7, "p_mean": 1.0, "p_max": 1.0, "cover_m2_km2": 63083.3, "h3": "88316c4319fffff", "valid_frac_scene": 1.0, "wind_ms": 2.2, "sea": "спокойное", "scene_reliable": true, "field_event_id": "S4:DOORS3:T23", "field_profile": "B", "field_date": "2024-06-10", "field_distance_km": 6963.3, "field_date_gap_days": 527, "field_conc_items_km2": 102.37, "conc_A_items_km2": null, "conc_A_lo80": null, "conc_A_hi80": null, "conc_A_lo95": null, "conc_A_hi95": null, "conc_A_status": "unavailable", "conc_A_status_ru": "концентрация недоступна", "conc_A_reasons": "вне бассейна профиля: nw_atlantic_subtropical", "conc_A_model": "conc-A-c6bce5631d2b", "conc_B_items_km2": null, "conc_B_lo80": null, "conc_B_hi80": null, "conc_B_lo95": null, "conc_B_hi95": null, "conc_B_status": "unavailable", "conc_B_status_ru": "концентрация недоступна", "conc_B_reasons": "вне бассейна профиля: black_sea", "conc_B_model": "conc-B-c6bce5631d2b"}}, {"type": "Feature", "geometry": {"type": "Polygon", "coordinates": [[[131.65839461942713, 43.166629842312325], [131.65839071596832, 43.166539891130114], [131.65826782901738, 43.1665427483241], [131.65826392575647, 43.16645279713125], [131.65838681252748, 43.166449939946204], [131.65838290910463, 43.1663599887606], [131.65863258601553, 43.16644422518063], [131.65863648981622, 43.166534176346666], [131.65851360290125, 43.16653703380432], [131.65851750654002, 43.16662698497759], [131.65839461942713, 43.166629842312325]]]}, "properties": {"zone_id": "vladivostok-2025-11-19-129", "aoi": "vladivostok", "date": "2025-11-19", "scene_id": "S2B_MSIL2A_20251119T020859_R103_T52TGN_20251119T033950", "scene_datetime_utc": "2025-11-19T02:08:59.024000+00:00", "detection_status": "detected", "detection_status_ru": "обнаружено", "lon": 131.65845, "lat": 43.16649, "n_pixels": 1, "zone_area_km2": 0.0005, "cover_m2": 14.5, "p_mean": 0.98, "p_max": 0.98, "cover_m2_km2": 29000.0, "h3": "88316c431bfffff", "valid_frac_scene": 1.0, "wind_ms": 2.2, "sea": "спокойное", "scene_reliable": true, "field_event_id": "S4:DOORS3:T23", "field_profile": "B", "field_date": "2024-06-10", "field_distance_km": 6964.1, "field_date_gap_days": 527, "field_conc_items_km2": 102.37, "conc_A_items_km2": null, "conc_A_lo80": null, "conc_A_hi80": null, "conc_A_lo95": null, "conc_A_hi95": null, "conc_A_status": "unavailable", "conc_A_status_ru": "концентрация недоступна", "conc_A_reasons": "вне бассейна профиля: nw_atlantic_subtropical", "conc_A_model": "conc-A-c6bce5631d2b", "conc_B_items_km2": null, "conc_B_lo80": null, "conc_B_hi80": null, "conc_B_lo95": null, "conc_B_hi95": null, "conc_B_status": "unavailable", "conc_B_status_ru": "концентрация недоступна", "conc_B_reasons": "вне бассейна профиля: black_sea", "conc_B_model": "conc-B-c6bce5631d2b"}}, {"type": "Feature", "geometry": {"type": "Polygon", "coordinates": [[[131.6472001557574, 43.166619451918564], [131.64719626872574, 43.16652949992035], [131.6470733806811, 43.166532345090424], [131.64706560703138, 43.166352441071105], [131.6469427193287, 43.16635528609157], [131.64693883271062, 43.16626533407046], [131.64706172023338, 43.16626248905891], [131.64705783345332, 43.166172537045], [131.64730360808525, 43.16616684664415], [131.6473074952252, 43.166256798640276], [131.6474303826942, 43.166253953233195], [131.64744204476125, 43.16652380918469], [131.6472001557574, 43.166619451918564]]]}, "properties": {"zone_id": "vladivostok-2025-11-19-130", "aoi": "vladivostok", "date": "2025-11-19", "scene_id": "S2B_MSIL2A_20251119T020859_R103_T52TGN_20251119T033950", "scene_datetime_utc": "2025-11-19T02:08:59.024000+00:00", "detection_status": "detected", "detection_status_ru": "обнаружено", "lon": 131.64722, "lat": 43.16637, "n_pixels": 4, "zone_area_km2": 0.0013, "cover_m2": 32.9, "p_mean": 0.776, "p_max": 1.0, "cover_m2_km2": 25307.7, "h3": "88316c4311fffff", "valid_frac_scene": 1.0, "wind_ms": 2.2, "sea": "спокойное", "scene_reliable": true, "field_event_id": "S4:DOORS3:T23", "field_profile": "B", "field_date": "2024-06-10", "field_distance_km": 6963.3, "field_date_gap_days": 527, "field_conc_items_km2": 102.37, "conc_A_items_km2": null, "conc_A_lo80": null, "conc_A_hi80": null, "conc_A_lo95": null, "conc_A_hi95": null, "conc_A_status": "unavailable", "conc_A_status_ru": "концентрация недоступна", "conc_A_reasons": "вне бассейна профиля: nw_atlantic_subtropical", "conc_A_model": "conc-A-c6bce5631d2b", "conc_B_items_km2": null, "conc_B_lo80": null, "conc_B_hi80": null, "conc_B_lo95": null, "conc_B_hi95": null, "conc_B_status": "unavailable", "conc_B_status_ru": "концентрация недоступна", "conc_B_reasons": "вне бассейна профиля: black_sea", "conc_B_model": "conc-B-c6bce5631d2b"}}, {"type": "Feature", "geometry": {"type": "Polygon", "coordinates": [[[131.66417029427188, 43.16649540506637], [131.66416638235677, 43.16640545430431], [131.66404349625222, 43.16640831769449], [131.66403958453503, 43.166318366921786], [131.6641624704597, 43.16631550354055], [131.66415855858065, 43.1662255527751], [131.66440824225495, 43.16630977638264], [131.66441215451184, 43.166399727128486], [131.66428926844333, 43.16640259078232], [131.66429318053838, 43.16649254153541], [131.66417029427188, 43.16649540506637]]]}, "properties": {"zone_id": "vladivostok-2025-11-19-131", "aoi": "vladivostok", "date": "2025-11-19", "scene_id": "S2B_MSIL2A_20251119T020859_R103_T52TGN_20251119T033950", "scene_datetime_utc": "2025-11-19T02:08:59.024000+00:00", "detection_status": "detected", "detection_status_ru": "обнаружено", "lon": 131.66423, "lat": 43.16636, "n_pixels": 1, "zone_area_km2": 0.0005, "cover_m2": 14.5, "p_mean": 0.745, "p_max": 0.745, "cover_m2_km2": 29000.0, "h3": "88316c4227fffff", "valid_frac_scene": 1.0, "wind_ms": 2.2, "sea": "спокойное", "scene_reliable": true, "field_event_id": "S4:DOORS3:T23", "field_profile": "B", "field_date": "2024-06-10", "field_distance_km": 6964.5, "field_date_gap_days": 527, "field_conc_items_km2": 102.37, "conc_A_items_km2": null, "conc_A_lo80": null, "conc_A_hi80": null, "conc_A_lo95": null, "conc_A_hi95": null, "conc_A_status": "unavailable", "conc_A_status_ru": "концентрация недоступна", "conc_A_reasons": "вне бассейна профиля: nw_atlantic_subtropical", "conc_A_model": "conc-A-c6bce5631d2b", "conc_B_items_km2": null, "conc_B_lo80": null, "conc_B_hi80": null, "conc_B_lo95": null, "conc_B_hi95": null, "conc_B_status": "unavailable", "conc_B_status_ru": "концентрация недоступна", "conc_B_reasons": "вне бассейна профиля: black_sea", "conc_B_model": "conc-B-c6bce5631d2b"}}, {"type": "Feature", "geometry": {"type": "Polygon", "coordinates": [[[131.66378990129232, 43.166234142496414], [131.66378598997107, 43.16614419170241], [131.66366310435214, 43.166147054670226], [131.66365919322882, 43.16605710386557], [131.6635363077718, 43.166059966692615], [131.66353239684642, 43.1659700158773], [131.66340951155127, 43.16597287856358], [131.6634056008238, 43.165882927737606], [131.66328271569057, 43.1658857902831], [131.66327880516107, 43.165795839446474], [131.66315592018972, 43.165798701851195], [131.66315200985815, 43.165708751003926], [131.6630291250487, 43.16571161326786], [131.66302521491502, 43.16562166240994], [131.66290233026749, 43.16562452453311], [131.66289842033174, 43.165534573664544], [131.66264874178452, 43.16545034660935], [131.6626409227228, 43.16527044482791], [131.66276380668674, 43.16526758300417], [131.66275989700299, 43.16517763211986], [131.66300175449146, 43.16508195722666], [131.6629939344944, 43.16490205548526], [131.66311681768465, 43.16489919330183], [131.66311290753325, 43.16480924243751], [131.66335867349994, 43.164803517693066], [131.66335476300674, 43.16471356684493], [131.66310508728455, 43.164629340703776], [131.66310117718717, 43.16453938983435], [131.6633430316353, 43.164443714290336], [131.6633391212142, 43.164353763435386], [131.66383847163266, 43.16452221418013], [131.6638423828094, 43.16461216499588], [131.66371950026698, 43.16461502794342], [131.66372341128184, 43.16470497876641], [131.66347373512806, 43.16462075344303], [131.66348155645622, 43.164800655123095], [131.6636044393945, 43.164797792421304], [131.66360835026552, 43.16488774324984], [131.66348546714735, 43.16489060596057], [131.663501110092, 43.16525040929342], [131.66375078889064, 43.165334634479606], [131.66375470004968, 43.16542458528897], [131.66387758421126, 43.16542172226088], [131.66388931833635, 43.16569157465186], [131.6641389994558, 43.16577579892224], [131.6641546467196, 43.166135602007934], [131.66403176115477, 43.16613846537125], [131.6640356728359, 43.166228416147376], [131.66378990129232, 43.166234142496414]]]}, "properties": {"zone_id": "vladivostok-2025-11-19-132", "aoi": "vladivostok", "date": "2025-11-19", "scene_id": "S2B_MSIL2A_20251119T020859_R103_T52TGN_20251119T033950", "scene_datetime_utc": "2025-11-19T02:08:59.024000+00:00", "detection_status": "detected", "detection_status_ru": "обнаружено", "lon": 131.66342, "lat": 43.16546, "n_pixels": 60, "zone_area_km2": 0.011, "cover_m2": 936.9, "p_mean": 0.725, "p_max": 1.0, "cover_m2_km2": 85172.7, "h3": "88316c4227fffff", "valid_frac_scene": 1.0, "wind_ms": 2.2, "sea": "спокойное", "scene_reliable": true, "field_event_id": "S4:DOORS3:T23", "field_profile": "B", "field_date": "2024-06-10", "field_distance_km": 6964.5, "field_date_gap_days": 527, "field_conc_items_km2": 102.37, "conc_A_items_km2": null, "conc_A_lo80": null, "conc_A_hi80": null, "conc_A_lo95": null, "conc_A_hi95": null, "conc_A_status": "unavailable", "conc_A_status_ru": "концентрация недоступна", "conc_A_reasons": "вне бассейна профиля: nw_atlantic_subtropical", "conc_A_model": "conc-A-c6bce5631d2b", "conc_B_items_km2": null, "conc_B_lo80": null, "conc_B_hi80": null, "conc_B_lo95": null, "conc_B_hi95": null, "conc_B_status": "unavailable", "conc_B_status_ru": "концентрация недоступна", "conc_B_reasons": "вне бассейна профиля: black_sea", "conc_B_model": "conc-B-c6bce5631d2b"}}, {"type": "Feature", "geometry": {"type": "Polygon", "coordinates": [[[131.66474559808833, 43.16558157884358], [131.66474168545392, 43.16549162810924], [131.66461880123865, 43.16549449206905], [131.6646148888022, 43.165404541324044], [131.66473777283758, 43.16540167737318], [131.66473386023924, 43.165311726635416], [131.66498354085425, 43.16539594907596], [131.66498745383043, 43.1654858997941], [131.6648645696512, 43.16548876401758], [131.6648684824655, 43.165578714742985], [131.66474559808833, 43.16558157884358]]]}, "properties": {"zone_id": "vladivostok-2025-11-19-133", "aoi": "vladivostok", "date": "2025-11-19", "scene_id": "S2B_MSIL2A_20251119T020859_R103_T52TGN_20251119T033950", "scene_datetime_utc": "2025-11-19T02:08:59.024000+00:00", "detection_status": "detected", "detection_status_ru": "обнаружено", "lon": 131.6648, "lat": 43.16545, "n_pixels": 1, "zone_area_km2": 0.0005, "cover_m2": 14.5, "p_mean": 0.502, "p_max": 0.502, "cover_m2_km2": 29000.0, "h3": "88316c4227fffff", "valid_frac_scene": 1.0, "wind_ms": 2.2, "sea": "спокойное", "scene_reliable": true, "field_event_id": "S4:DOORS3:T23", "field_profile": "B", "field_date": "2024-06-10", "field_distance_km": 6964.6, "field_date_gap_days": 527, "field_conc_items_km2": 102.37, "conc_A_items_km2": null, "conc_A_lo80": null, "conc_A_hi80": null, "conc_A_lo95": null, "conc_A_hi95": null, "conc_A_status": "unavailable", "conc_A_status_ru": "концентрация недоступна", "conc_A_reasons": "вне бассейна профиля: nw_atlantic_subtropical", "conc_A_model": "conc-A-c6bce5631d2b", "conc_B_items_km2": null, "conc_B_lo80": null, "conc_B_hi80": null, "conc_B_lo95": null, "conc_B_hi95": null, "conc_B_status": "unavailable", "conc_B_status_ru": "концентрация недоступна", "conc_B_reasons": "вне бассейна профиля: black_sea", "conc_B_model": "conc-B-c6bce5631d2b"}}, {"type": "Feature", "geometry": {"type": "Polygon", "coordinates": [[[131.64997210522822, 43.16529465114983], [131.64996821430924, 43.16520469933243], [131.6498453291957, 43.16520754741017], [131.6498414384746, 43.16511759558215], [131.6499643234082, 43.16511474751332], [131.6499604325251, 43.165024795692496], [131.65021009322163, 43.16510905098016], [131.6502139844825, 43.16519900278147], [131.65009109940485, 43.165201851122866], [131.65009499050373, 43.16529180293138], [131.64997210522822, 43.16529465114983]]]}, "properties": {"zone_id": "vladivostok-2025-11-19-134", "aoi": "vladivostok", "date": "2025-11-19", "scene_id": "S2B_MSIL2A_20251119T020859_R103_T52TGN_20251119T033950", "scene_datetime_utc": "2025-11-19T02:08:59.024000+00:00", "detection_status": "detected", "detection_status_ru": "обнаружено", "lon": 131.65003, "lat": 43.16516, "n_pixels": 1, "zone_area_km2": 0.0005, "cover_m2": 12.2, "p_mean": 0.961, "p_max": 0.961, "cover_m2_km2": 24400.0, "h3": "88316c4311fffff", "valid_frac_scene": 1.0, "wind_ms": 2.2, "sea": "спокойное", "scene_reliable": true, "field_event_id": "S4:DOORS3:T23", "field_profile": "B", "field_date": "2024-06-10", "field_distance_km": 6963.6, "field_date_gap_days": 527, "field_conc_items_km2": 102.37, "conc_A_items_km2": null, "conc_A_lo80": null, "conc_A_hi80": null, "conc_A_lo95": null, "conc_A_hi95": null, "conc_A_status": "unavailable", "conc_A_status_ru": "концентрация недоступна", "conc_A_reasons": "вне бассейна профиля: nw_atlantic_subtropical", "conc_A_model": "conc-A-c6bce5631d2b", "conc_B_items_km2": null, "conc_B_lo80": null, "conc_B_hi80": null, "conc_B_lo95": null, "conc_B_hi95": null, "conc_B_status": "unavailable", "conc_B_status_ru": "концентрация недоступна", "conc_B_reasons": "вне бассейна профиля: black_sea", "conc_B_model": "conc-B-c6bce5631d2b"}}, {"type": "Feature", "geometry": {"type": "Polygon", "coordinates": [[[131.6604211957789, 43.16514203300231], [131.66041728954943, 43.16505208194471], [131.66029440578305, 43.165054941236896], [131.66029049975148, 43.16496499016865], [131.66041338333795, 43.164962130885414], [131.6604094771445, 43.16487217982439], [131.66065915045692, 43.164956411923434], [131.6606630570282, 43.16504636296488], [131.66054017329782, 43.1650492225207], [131.66054407970722, 43.16513917356936], [131.6604211957789, 43.16514203300231]]]}, "properties": {"zone_id": "vladivostok-2025-11-19-135", "aoi": "vladivostok", "date": "2025-11-19", "scene_id": "S2B_MSIL2A_20251119T020859_R103_T52TGN_20251119T033950", "scene_datetime_utc": "2025-11-19T02:08:59.024000+00:00", "detection_status": "detected", "detection_status_ru": "обнаружено", "lon": 131.66048, "lat": 43.16501, "n_pixels": 1, "zone_area_km2": 0.0005, "cover_m2": 18.4, "p_mean": 0.6, "p_max": 0.6, "cover_m2_km2": 36800.0, "h3": "88316c431bfffff", "valid_frac_scene": 1.0, "wind_ms": 2.2, "sea": "спокойное", "scene_reliable": true, "field_event_id": "S4:DOORS3:T23", "field_profile": "B", "field_date": "2024-06-10", "field_distance_km": 6964.3, "field_date_gap_days": 527, "field_conc_items_km2": 102.37, "conc_A_items_km2": null, "conc_A_lo80": null, "conc_A_hi80": null, "conc_A_lo95": null, "conc_A_hi95": null, "conc_A_status": "unavailable", "conc_A_status_ru": "концентрация недоступна", "conc_A_reasons": "вне бассейна профиля: nw_atlantic_subtropical", "conc_A_model": "conc-A-c6bce5631d2b", "conc_B_items_km2": null, "conc_B_lo80": null, "conc_B_hi80": null, "conc_B_lo95": null, "conc_B_hi95": null, "conc_B_status": "unavailable", "conc_B_status_ru": "концентрация недоступна", "conc_B_reasons": "вне бассейна профиля: black_sea", "conc_B_model": "conc-B-c6bce5631d2b"}}, {"type": "Feature", "geometry": {"type": "Polygon", "coordinates": [[[131.66411944078155, 43.16532604502674], [131.6641155291008, 43.16523609424253], [131.6639926453351, 43.16523895751635], [131.66398482238745, 43.16505905592492], [131.66386193896352, 43.16506191904904], [131.66385802769668, 43.164971968241815], [131.66398091094067, 43.16496910512665], [131.66397699951193, 43.164879154326684], [131.66422276558606, 43.164873427718774], [131.66421885381556, 43.164783476934986], [131.66409597096737, 43.1647863402959], [131.66409205939476, 43.16469638950146], [131.664214942063, 43.164693526149485], [131.66421103032854, 43.164603575362285], [131.66457967768542, 43.16459498454229], [131.66458358995962, 43.16468493530264], [131.6648293551339, 43.16467920741227], [131.66482544249988, 43.164589256669835], [131.66494832488007, 43.16458639253587], [131.66495223769397, 43.16467634326937], [131.665075120236, 43.164673478994615], [131.66507903324785, 43.16476342971747], [131.66495615052588, 43.164766294001154], [131.66496006337584, 43.16485624473124], [131.6647103850279, 43.16477202217306], [131.66471429751803, 43.16486197292106], [131.6645914145621, 43.16486483681822], [131.66459532689038, 43.16495478757345], [131.66447244373649, 43.16495765134775], [131.66447635590288, 43.165047602110214], [131.66459923923665, 43.165044738326976], [131.664603151601, 43.165134689078805], [131.66472603509666, 43.16513182515478], [131.66472994765894, 43.16522177589595], [131.66460706398337, 43.16522463982892], [131.66461097638376, 43.16531459057733], [131.66448809251025, 43.16531745438743], [131.66448418028978, 43.165227503630064], [131.66436129657814, 43.16523036729938], [131.66436520861873, 43.165320318065696], [131.66411944078155, 43.16532604502674]]]}, "properties": {"zone_id": "vladivostok-2025-11-19-136", "aoi": "vladivostok", "date": "2025-11-19", "scene_id": "S2B_MSIL2A_20251119T020859_R103_T52TGN_20251119T033950", "scene_datetime_utc": "2025-11-19T02:08:59.024000+00:00", "detection_status": "detected", "detection_status_ru": "обнаружено", "lon": 131.66436, "lat": 43.16496, "n_pixels": 17, "zone_area_km2": 0.0041, "cover_m2": 256.1, "p_mean": 0.609, "p_max": 0.804, "cover_m2_km2": 62463.4, "h3": "88316c4227fffff", "valid_frac_scene": 1.0, "wind_ms": 2.2, "sea": "спокойное", "scene_reliable": true, "field_event_id": "S4:DOORS3:T23", "field_profile": "B", "field_date": "2024-06-10", "field_distance_km": 6964.6, "field_date_gap_days": 527, "field_conc_items_km2": 102.37, "conc_A_items_km2": null, "conc_A_lo80": null, "conc_A_hi80": null, "conc_A_lo95": null, "conc_A_hi95": null, "conc_A_status": "unavailable", "conc_A_status_ru": "концентрация недоступна", "conc_A_reasons": "вне бассейна профиля: nw_atlantic_subtropical", "conc_A_model": "conc-A-c6bce5631d2b", "conc_B_items_km2": null, "conc_B_lo80": null, "conc_B_hi80": null, "conc_B_lo95": null, "conc_B_hi95": null, "conc_B_status": "unavailable", "conc_B_status_ru": "концентрация недоступна", "conc_B_reasons": "вне бассейна профиля: black_sea", "conc_B_model": "conc-B-c6bce5631d2b"}}, {"type": "Feature", "geometry": {"type": "Polygon", "coordinates": [[[131.64171935682106, 43.1650354193893], [131.64171547804602, 43.16494546696792], [131.64159259263263, 43.16494830616843], [131.64158483549608, 43.16476840130284], [131.641826726684, 43.16467277038787], [131.6418306055853, 43.16476272280547], [131.64195349060313, 43.164759883359025], [131.6419612488192, 43.164939788171395], [131.64171935682106, 43.1650354193893]]]}, "properties": {"zone_id": "vladivostok-2025-11-19-137", "aoi": "vladivostok", "date": "2025-11-19", "scene_id": "S2B_MSIL2A_20251119T020859_R103_T52TGN_20251119T033950", "scene_datetime_utc": "2025-11-19T02:08:59.024000+00:00", "detection_status": "detected", "detection_status_ru": "обнаружено", "lon": 131.64177, "lat": 43.16485, "n_pixels": 2, "zone_area_km2": 0.0008, "cover_m2": 18.4, "p_mean": 0.833, "p_max": 0.965, "cover_m2_km2": 23000.0, "h3": "88316c4315fffff", "valid_frac_scene": 1.0, "wind_ms": 2.2, "sea": "спокойное", "scene_reliable": true, "field_event_id": "S4:DOORS3:T23", "field_profile": "B", "field_date": "2024-06-10", "field_distance_km": 6963.1, "field_date_gap_days": 527, "field_conc_items_km2": 102.37, "conc_A_items_km2": null, "conc_A_lo80": null, "conc_A_hi80": null, "conc_A_lo95": null, "conc_A_hi95": null, "conc_A_status": "unavailable", "conc_A_status_ru": "концентрация недоступна", "conc_A_reasons": "вне бассейна профиля: nw_atlantic_subtropical", "conc_A_model": "conc-A-c6bce5631d2b", "conc_B_items_km2": null, "conc_B_lo80": null, "conc_B_hi80": null, "conc_B_lo95": null, "conc_B_hi95": null, "conc_B_status": "unavailable", "conc_B_status_ru": "концентрация недоступна", "conc_B_reasons": "вне бассейна профиля: black_sea", "conc_B_model": "conc-B-c6bce5631d2b"}}, {"type": "Feature", "geometry": {"type": "Polygon", "coordinates": [[[131.65807468934256, 43.16492648349381], [131.6580707865853, 43.164836532261376], [131.65794790301678, 43.16483938902203], [131.65794400045743, 43.16474943777898], [131.65806688384603, 43.164746581027245], [131.65806298112477, 43.16465662979141], [131.65831265056931, 43.1647408671283], [131.65831655366839, 43.16483081834456], [131.65819367013583, 43.16483367536889], [131.65819757307298, 43.164923626592405], [131.65807468934256, 43.16492648349381]]]}, "properties": {"zone_id": "vladivostok-2025-11-19-138", "aoi": "vladivostok", "date": "2025-11-19", "scene_id": "S2B_MSIL2A_20251119T020859_R103_T52TGN_20251119T033950", "scene_datetime_utc": "2025-11-19T02:08:59.024000+00:00", "detection_status": "detected", "detection_status_ru": "обнаружено", "lon": 131.65813, "lat": 43.16479, "n_pixels": 1, "zone_area_km2": 0.0005, "cover_m2": 14.5, "p_mean": 0.592, "p_max": 0.592, "cover_m2_km2": 29000.0, "h3": "88316c431bfffff", "valid_frac_scene": 1.0, "wind_ms": 2.2, "sea": "спокойное", "scene_reliable": true, "field_event_id": "S4:DOORS3:T23", "field_profile": "B", "field_date": "2024-06-10", "field_distance_km": 6964.2, "field_date_gap_days": 527, "field_conc_items_km2": 102.37, "conc_A_items_km2": null, "conc_A_lo80": null, "conc_A_hi80": null, "conc_A_lo95": null, "conc_A_hi95": null, "conc_A_status": "unavailable", "conc_A_status_ru": "концентрация недоступна", "conc_A_reasons": "вне бассейна профиля: nw_atlantic_subtropical", "conc_A_model": "conc-A-c6bce5631d2b", "conc_B_items_km2": null, "conc_B_lo80": null, "conc_B_hi80": null, "conc_B_lo95": null, "conc_B_hi95": null, "conc_B_status": "unavailable", "conc_B_status_ru": "концентрация недоступна", "conc_B_reasons": "вне бассейна профиля: black_sea", "conc_B_model": "conc-B-c6bce5631d2b"}}, {"type": "Feature", "geometry": {"type": "Polygon", "coordinates": [[[131.66212984294594, 43.164832136142294], [131.6621259342518, 43.16474218520471], [131.66200305127722, 43.16474504631565], [131.66199914278099, 43.164655095367436], [131.66212202557568, 43.16465223426545], [131.66211811691755, 43.16456228332447], [131.66236779111097, 43.16464651166598], [131.6623717001469, 43.16473646258736], [131.66224881720836, 43.164739323961946], [131.66225272608241, 43.16482927489057], [131.66212984294594, 43.164832136142294]]]}, "properties": {"zone_id": "vladivostok-2025-11-19-139", "aoi": "vladivostok", "date": "2025-11-19", "scene_id": "S2B_MSIL2A_20251119T020859_R103_T52TGN_20251119T033950", "scene_datetime_utc": "2025-11-19T02:08:59.024000+00:00", "detection_status": "detected", "detection_status_ru": "обнаружено", "lon": 131.66219, "lat": 43.1647, "n_pixels": 1, "zone_area_km2": 0.0005, "cover_m2": 14.5, "p_mean": 0.733, "p_max": 0.733, "cover_m2_km2": 29000.0, "h3": "88316c4227fffff", "valid_frac_scene": 1.0, "wind_ms": 2.2, "sea": "спокойное", "scene_reliable": true, "field_event_id": "S4:DOORS3:T23", "field_profile": "B", "field_date": "2024-06-10", "field_distance_km": 6964.4, "field_date_gap_days": 527, "field_conc_items_km2": 102.37, "conc_A_items_km2": null, "conc_A_lo80": null, "conc_A_hi80": null, "conc_A_lo95": null, "conc_A_hi95": null, "conc_A_status": "unavailable", "conc_A_status_ru": "концентрация недоступна", "conc_A_reasons": "вне бассейна профиля: nw_atlantic_subtropical", "conc_A_model": "conc-A-c6bce5631d2b", "conc_B_items_km2": null, "conc_B_lo80": null, "conc_B_hi80": null, "conc_B_lo95": null, "conc_B_hi95": null, "conc_B_status": "unavailable", "conc_B_status_ru": "концентрация недоступна", "conc_B_reasons": "вне бассейна профиля: black_sea", "conc_B_model": "conc-B-c6bce5631d2b"}}, {"type": "Feature", "geometry": {"type": "MultiPolygon", "coordinates": [[[[131.65966046120099, 43.16461948013876], [131.65966436626104, 43.16470943125849], [131.65978724939777, 43.16470657266119], [131.65979505993167, 43.16488647487767], [131.66004473252454, 43.16497070833965], [131.66004082687078, 43.164880757251844], [131.66016371031336, 43.16487789824118], [131.66015199292036, 43.164608044994324], [131.66027487580521, 43.164605185878656], [131.66026315803452, 43.16433533264325], [131.66038604036166, 43.16433247342255], [131.66038213429417, 43.16424252234961], [131.65988279495548, 43.16407405618323], [131.6598788896616, 43.16398410506943], [131.65962922136845, 43.16389987111957], [131.65962531647037, 43.1638099199845], [131.6597481978081, 43.16380706147654], [131.65974429274812, 43.16371711034869], [131.65949462573224, 43.16363287606753], [131.65949853041445, 43.16372282721494], [131.65937564922064, 43.16372568545032], [131.65937955374093, 43.163815636604966], [131.65950243511466, 43.163812778360644], [131.65950633983283, 43.16390272950464], [131.65926448108397, 43.163998397039485], [131.65927228989074, 43.16417829935471], [131.65952195888556, 43.164262534063596], [131.65952586369372, 43.16435248519909], [131.65964874612882, 43.164349626769344], [131.65965655615892, 43.16452952901732], [131.659533673364, 43.16453238746494], [131.65953757822615, 43.164622338595315], [131.65966046120099, 43.16461948013876]]], [[[131.65940688588682, 43.16444529463971], [131.6594029812406, 43.16435534349701], [131.65915721628036, 43.16436105969737], [131.6591611205668, 43.16445101085794], [131.6590382378798, 43.16445386876932], [131.65904214200435, 43.164543819937116], [131.65916502487127, 43.164540962016815], [131.65916892919367, 43.16463091317399], [131.65941469523332, 43.16462519692003], [131.65941079055108, 43.164535245780726], [131.659533673364, 43.16453238746494], [131.65952976851986, 43.16444243633286], [131.65940688588682, 43.16444529463971]]], [[[131.66089710369565, 43.16477079038193], [131.6610199868323, 43.16476793045742], [131.6610160797753, 43.16467797943769], [131.66089319681853, 43.16468083935327], [131.66088538311837, 43.16450093729081], [131.6610082657153, 43.16449807739313], [131.66100435871232, 43.16440812636827], [131.6608814762953, 43.16441098625703], [131.6608775694902, 43.16432103522153], [131.66075468723508, 43.16432389496953], [131.6607507806279, 43.164233943923406], [131.66050501642343, 43.16423966300603], [131.6605089226708, 43.16432961407003], [131.66038604036166, 43.16433247342255], [131.66038994644714, 43.16442242449378], [131.6605128289362, 43.164419565132334], [131.66051673521955, 43.16450951619293], [131.6607664071646, 43.164593748097694], [131.66077031384378, 43.164683699136994], [131.66064743085107, 43.164686558788915], [131.66065133736834, 43.164776509835455], [131.66090101059075, 43.1648607414089], [131.66089710369565, 43.16477079038193]]], [[[131.65994137652328, 43.165423322685626], [131.66018714558533, 43.16541760468892], [131.66018323966165, 43.16532765361855], [131.66030612398578, 43.16532479443139], [131.66030221790018, 43.16523484336827], [131.66017933375602, 43.16523770254649], [131.66017542786832, 43.165147751472716], [131.66005254388605, 43.165150610510175], [131.66004863819632, 43.16506065942577], [131.65967998668117, 43.16506923572038], [131.65967608154915, 43.16497928460747], [131.65955319785468, 43.16498214309975], [131.65954538800443, 43.164802240850925], [131.6596682713391, 43.164799382376515], [131.65966436626104, 43.16470943125849], [131.65941469523332, 43.16462519692003], [131.65941859993356, 43.16471514805762], [131.65929571674283, 43.16471800625944], [131.65929962128115, 43.16480795740427], [131.6594225046518, 43.16480509919352], [131.65943031414224, 43.164985001460195], [131.65918454666334, 43.16499071778562], [131.65918845107572, 43.16508066893427], [131.65906556712937, 43.16508352690817], [131.65906947137987, 43.165173478064034], [131.6591923555061, 43.165170620081206], [131.6591962599545, 43.165260571226455], [131.65931914424266, 43.16525771310286], [131.6593152396144, 43.16516776196654], [131.65943812370463, 43.165164903720054], [131.65944202851284, 43.16525485484744], [131.6596877969992, 43.1652491379411], [131.65969560738924, 43.16542904015501], [131.65981849196527, 43.165426181486225], [131.65982239736718, 43.1655161325817], [131.65994528210513, 43.165513273772156], [131.65994137652328, 43.165423322685626]]]]}, "properties": {"zone_id": "vladivostok-2025-11-19-140", "aoi": "vladivostok", "date": "2025-11-19", "scene_id": "S2B_MSIL2A_20251119T020859_R103_T52TGN_20251119T033950", "scene_datetime_utc": "2025-11-19T02:08:59.024000+00:00", "detection_status": "detected", "detection_status_ru": "обнаружено", "lon": 131.65987, "lat": 43.16453, "n_pixels": 45, "zone_area_km2": 0.012, "cover_m2": 957.3, "p_mean": 0.857, "p_max": 1.0, "cover_m2_km2": 79775.0, "h3": "88316c431bfffff", "valid_frac_scene": 1.0, "wind_ms": 2.2, "sea": "спокойное", "scene_reliable": true, "field_event_id": "S4:DOORS3:T23", "field_profile": "B", "field_date": "2024-06-10", "field_distance_km": 6964.3, "field_date_gap_days": 527, "field_conc_items_km2": 102.37, "conc_A_items_km2": null, "conc_A_lo80": null, "conc_A_hi80": null, "conc_A_lo95": null, "conc_A_hi95": null, "conc_A_status": "unavailable", "conc_A_status_ru": "концентрация недоступна", "conc_A_reasons": "вне бассейна профиля: nw_atlantic_subtropical", "conc_A_model": "conc-A-c6bce5631d2b", "conc_B_items_km2": null, "conc_B_lo80": null, "conc_B_hi80": null, "conc_B_lo95": null, "conc_B_hi95": null, "conc_B_status": "unavailable", "conc_B_status_ru": "концентрация недоступна", "conc_B_reasons": "вне бассейна профиля: black_sea", "conc_B_model": "conc-B-c6bce5631d2b"}}, {"type": "Feature", "geometry": {"type": "Polygon", "coordinates": [[[131.64144643708565, 43.164411430566666], [131.64144255879557, 43.16432147811565], [131.64131967460582, 43.16432431699038], [131.64131579651354, 43.164234364528795], [131.64143868052338, 43.16423152566293], [131.64143480226903, 43.164141573208504], [131.6416844484894, 43.164225847535704], [131.64168832712141, 43.16431579997067], [131.64156544296745, 43.16431863910908], [131.6415693214374, 43.16440859155122], [131.64144643708565, 43.164411430566666]]]}, "properties": {"zone_id": "vladivostok-2025-11-19-141", "aoi": "vladivostok", "date": "2025-11-19", "scene_id": "S2B_MSIL2A_20251119T020859_R103_T52TGN_20251119T033950", "scene_datetime_utc": "2025-11-19T02:08:59.024000+00:00", "detection_status": "detected", "detection_status_ru": "обнаружено", "lon": 131.6415, "lat": 43.16428, "n_pixels": 1, "zone_area_km2": 0.0005, "cover_m2": 11.0, "p_mean": 0.984, "p_max": 0.984, "cover_m2_km2": 22000.0, "h3": "88316c4315fffff", "valid_frac_scene": 1.0, "wind_ms": 2.2, "sea": "спокойное", "scene_reliable": true, "field_event_id": "S4:DOORS3:T23", "field_profile": "B", "field_date": "2024-06-10", "field_distance_km": 6963.1, "field_date_gap_days": 527, "field_conc_items_km2": 102.37, "conc_A_items_km2": null, "conc_A_lo80": null, "conc_A_hi80": null, "conc_A_lo95": null, "conc_A_hi95": null, "conc_A_status": "unavailable", "conc_A_status_ru": "концентрация недоступна", "conc_A_reasons": "вне бассейна профиля: nw_atlantic_subtropical", "conc_A_model": "conc-A-c6bce5631d2b", "conc_B_items_km2": null, "conc_B_lo80": null, "conc_B_hi80": null, "conc_B_lo95": null, "conc_B_hi95": null, "conc_B_status": "unavailable", "conc_B_status_ru": "концентрация недоступна", "conc_B_reasons": "вне бассейна профиля: black_sea", "conc_B_model": "conc-B-c6bce5631d2b"}}, {"type": "Feature", "geometry": {"type": "Polygon", "coordinates": [[[131.65866568614402, 43.1643724905162], [131.65866178259517, 43.1642825393182], [131.65853890019602, 43.16428539668441], [131.65853499684505, 43.164195445475784], [131.65865787906432, 43.16419258811849], [131.65865397555146, 43.16410263691709], [131.65890364344884, 43.164186873008454], [131.65890754733954, 43.164276824190296], [131.65878466497634, 43.16427968182016], [131.6587885687051, 43.16436963300924], [131.65866568614402, 43.1643724905162]]]}, "properties": {"zone_id": "vladivostok-2025-11-19-142", "aoi": "vladivostok", "date": "2025-11-19", "scene_id": "S2B_MSIL2A_20251119T020859_R103_T52TGN_20251119T033950", "scene_datetime_utc": "2025-11-19T02:08:59.024000+00:00", "detection_status": "detected", "detection_status_ru": "обнаружено", "lon": 131.65872, "lat": 43.16424, "n_pixels": 1, "zone_area_km2": 0.0005, "cover_m2": 17.6, "p_mean": 0.992, "p_max": 0.992, "cover_m2_km2": 35200.0, "h3": "88316c431bfffff", "valid_frac_scene": 1.0, "wind_ms": 2.2, "sea": "спокойное", "scene_reliable": true, "field_event_id": "S4:DOORS3:T23", "field_profile": "B", "field_date": "2024-06-10", "field_distance_km": 6964.2, "field_date_gap_days": 527, "field_conc_items_km2": 102.37, "conc_A_items_km2": null, "conc_A_lo80": null, "conc_A_hi80": null, "conc_A_lo95": null, "conc_A_hi95": null, "conc_A_status": "unavailable", "conc_A_status_ru": "концентрация недоступна", "conc_A_reasons": "вне бассейна профиля: nw_atlantic_subtropical", "conc_A_model": "conc-A-c6bce5631d2b", "conc_B_items_km2": null, "conc_B_lo80": null, "conc_B_hi80": null, "conc_B_lo95": null, "conc_B_hi95": null, "conc_B_status": "unavailable", "conc_B_status_ru": "концентрация недоступна", "conc_B_reasons": "вне бассейна профиля: black_sea", "conc_B_model": "conc-B-c6bce5631d2b"}}, {"type": "Feature", "geometry": {"type": "Polygon", "coordinates": [[[131.6473409788696, 43.16418505709642], [131.64733709196176, 43.164095105070054], [131.64721420881074, 43.1640979502637], [131.64720643540858, 43.16391804618809], [131.64744831393907, 43.16382240368195], [131.64745220097308, 43.163912355704525], [131.64757508372847, 43.16390951026501], [131.64758285821006, 43.16408941428726], [131.6473409788696, 43.16418505709642]]]}, "properties": {"zone_id": "vladivostok-2025-11-19-143", "aoi": "vladivostok", "date": "2025-11-19", "scene_id": "S2B_MSIL2A_20251119T020859_R103_T52TGN_20251119T033950", "scene_datetime_utc": "2025-11-19T02:08:59.024000+00:00", "detection_status": "detected", "detection_status_ru": "обнаружено", "lon": 131.64739, "lat": 43.164, "n_pixels": 2, "zone_area_km2": 0.0008, "cover_m2": 20.0, "p_mean": 0.971, "p_max": 0.992, "cover_m2_km2": 25000.0, "h3": "88316c4311fffff", "valid_frac_scene": 1.0, "wind_ms": 2.2, "sea": "спокойное", "scene_reliable": true, "field_event_id": "S4:DOORS3:T23", "field_profile": "B", "field_date": "2024-06-10", "field_distance_km": 6963.5, "field_date_gap_days": 527, "field_conc_items_km2": 102.37, "conc_A_items_km2": null, "conc_A_lo80": null, "conc_A_hi80": null, "conc_A_lo95": null, "conc_A_hi95": null, "conc_A_status": "unavailable", "conc_A_status_ru": "концентрация недоступна", "conc_A_reasons": "вне бассейна профиля: nw_atlantic_subtropical", "conc_A_model": "conc-A-c6bce5631d2b", "conc_B_items_km2": null, "conc_B_lo80": null, "conc_B_hi80": null, "conc_B_lo95": null, "conc_B_hi95": null, "conc_B_status": "unavailable", "conc_B_status_ru": "концентрация недоступна", "conc_B_reasons": "вне бассейна профиля: black_sea", "conc_B_model": "conc-B-c6bce5631d2b"}}, {"type": "Feature", "geometry": {"type": "Polygon", "coordinates": [[[131.6457357250505, 43.16404213016134], [131.64573184051727, 43.163952178016004], [131.6456089574933, 43.163955021478124], [131.64560118884032, 43.163775117164576], [131.64584306949132, 43.16367947800253], [131.64584695415076, 43.163769430144065], [131.64596983677913, 43.16376658643607], [131.64597760651154, 43.16394649069629], [131.6457357250505, 43.16404213016134]]]}, "properties": {"zone_id": "vladivostok-2025-11-19-144", "aoi": "vladivostok", "date": "2025-11-19", "scene_id": "S2B_MSIL2A_20251119T020859_R103_T52TGN_20251119T033950", "scene_datetime_utc": "2025-11-19T02:08:59.024000+00:00", "detection_status": "detected", "detection_status_ru": "обнаружено", "lon": 131.64579, "lat": 43.16386, "n_pixels": 2, "zone_area_km2": 0.0008, "cover_m2": 23.9, "p_mean": 0.88, "p_max": 0.996, "cover_m2_km2": 29875.0, "h3": "88316c4311fffff", "valid_frac_scene": 1.0, "wind_ms": 2.2, "sea": "спокойное", "scene_reliable": true, "field_event_id": "S4:DOORS3:T23", "field_profile": "B", "field_date": "2024-06-10", "field_distance_km": 6963.4, "field_date_gap_days": 527, "field_conc_items_km2": 102.37, "conc_A_items_km2": null, "conc_A_lo80": null, "conc_A_hi80": null, "conc_A_lo95": null, "conc_A_hi95": null, "conc_A_status": "unavailable", "conc_A_status_ru": "концентрация недоступна", "conc_A_reasons": "вне бассейна профиля: nw_atlantic_subtropical", "conc_A_model": "conc-A-c6bce5631d2b", "conc_B_items_km2": null, "conc_B_lo80": null, "conc_B_hi80": null, "conc_B_lo95": null, "conc_B_hi95": null, "conc_B_status": "unavailable", "conc_B_status_ru": "концентрация недоступна", "conc_B_reasons": "вне бассейна профиля: black_sea", "conc_B_model": "conc-B-c6bce5631d2b"}}, {"type": "Feature", "geometry": {"type": "Polygon", "coordinates": [[[131.65790887823255, 43.16393987651477], [131.65790497585303, 43.163849925254674], [131.65778209424548, 43.1638527817853], [131.65777819206386, 43.16376283051458], [131.6579010734915, 43.16375997399288], [131.65789717114794, 43.16367002272938], [131.6581468362929, 43.16375426055401], [131.65815073901422, 43.16384421179795], [131.65802785744262, 43.163847068592226], [131.65803176000205, 43.163937019843395], [131.65790887823255, 43.16393987651477]]]}, "properties": {"zone_id": "vladivostok-2025-11-19-145", "aoi": "vladivostok", "date": "2025-11-19", "scene_id": "S2B_MSIL2A_20251119T020859_R103_T52TGN_20251119T033950", "scene_datetime_utc": "2025-11-19T02:08:59.024000+00:00", "detection_status": "detected", "detection_status_ru": "обнаружено", "lon": 131.65796, "lat": 43.1638, "n_pixels": 1, "zone_area_km2": 0.0005, "cover_m2": 14.5, "p_mean": 0.996, "p_max": 0.996, "cover_m2_km2": 29000.0, "h3": "88316c431bfffff", "valid_frac_scene": 1.0, "wind_ms": 2.2, "sea": "спокойное", "scene_reliable": true, "field_event_id": "S4:DOORS3:T23", "field_profile": "B", "field_date": "2024-06-10", "field_distance_km": 6964.2, "field_date_gap_days": 527, "field_conc_items_km2": 102.37, "conc_A_items_km2": null, "conc_A_lo80": null, "conc_A_hi80": null, "conc_A_lo95": null, "conc_A_hi95": null, "conc_A_status": "unavailable", "conc_A_status_ru": "концентрация недоступна", "conc_A_reasons": "вне бассейна профиля: nw_atlantic_subtropical", "conc_A_model": "conc-A-c6bce5631d2b", "conc_B_items_km2": null, "conc_B_lo80": null, "conc_B_hi80": null, "conc_B_lo95": null, "conc_B_hi95": null, "conc_B_status": "unavailable", "conc_B_status_ru": "концентрация недоступна", "conc_B_reasons": "вне бассейна профиля: black_sea", "conc_B_model": "conc-B-c6bce5631d2b"}}, {"type": "Feature", "geometry": {"type": "Polygon", "coordinates": [[[131.6462233724342, 43.163940802849275], [131.6462194871992, 43.16385085073778], [131.64609660442676, 43.16385369471833], [131.64609271938957, 43.16376374259626], [131.64621560198216, 43.163760898624595], [131.646211716783, 43.163670946509725], [131.64608883437035, 43.16367379047249], [131.64608494936897, 43.16358383834701], [131.64632682847332, 43.16348819819804], [131.64633071381658, 43.16357815030744], [131.64645359601354, 43.16357530608992], [131.6464574815546, 43.16366525818873], [131.64633459917775, 43.16366810241514], [131.64633848455682, 43.163758054521125], [131.64646136711357, 43.16375521028583], [131.64646525269046, 43.16384516238123], [131.6462233724342, 43.163940802849275]]]}, "properties": {"zone_id": "vladivostok-2025-11-19-146", "aoi": "vladivostok", "date": "2025-11-19", "scene_id": "S2B_MSIL2A_20251119T020859_R103_T52TGN_20251119T033950", "scene_datetime_utc": "2025-11-19T02:08:59.024000+00:00", "detection_status": "detected", "detection_status_ru": "обнаружено", "lon": 131.64628, "lat": 43.16371, "n_pixels": 2, "zone_area_km2": 0.0009, "cover_m2": 25.1, "p_mean": 0.753, "p_max": 0.992, "cover_m2_km2": 27888.9, "h3": "88316c4311fffff", "valid_frac_scene": 1.0, "wind_ms": 2.2, "sea": "спокойное", "scene_reliable": true, "field_event_id": "S4:DOORS3:T23", "field_profile": "B", "field_date": "2024-06-10", "field_distance_km": 6963.4, "field_date_gap_days": 527, "field_conc_items_km2": 102.37, "conc_A_items_km2": null, "conc_A_lo80": null, "conc_A_hi80": null, "conc_A_lo95": null, "conc_A_hi95": null, "conc_A_status": "unavailable", "conc_A_status_ru": "концентрация недоступна", "conc_A_reasons": "вне бассейна профиля: nw_atlantic_subtropical", "conc_A_model": "conc-A-c6bce5631d2b", "conc_B_items_km2": null, "conc_B_lo80": null, "conc_B_hi80": null, "conc_B_lo95": null, "conc_B_hi95": null, "conc_B_status": "unavailable", "conc_B_status_ru": "концентрация недоступна", "conc_B_reasons": "вне бассейна профиля: black_sea", "conc_B_model": "conc-B-c6bce5631d2b"}}, {"type": "Feature", "geometry": {"type": "Polygon", "coordinates": [[[131.64695678345802, 43.16383378408621], [131.64695289716153, 43.16374383202636], [131.6468300146764, 43.16374667678896], [131.64682612857771, 43.16365672471853], [131.64694901088293, 43.16365387996482], [131.64694512462225, 43.16356392790157], [131.64719477543966, 43.163648190061906], [131.64719866207804, 43.163738142105665], [131.64707577962875, 43.16374098713192], [131.64707966610516, 43.16383093918288], [131.64695678345802, 43.16383378408621]]]}, "properties": {"zone_id": "vladivostok-2025-11-19-147", "aoi": "vladivostok", "date": "2025-11-19", "scene_id": "S2B_MSIL2A_20251119T020859_R103_T52TGN_20251119T033950", "scene_datetime_utc": "2025-11-19T02:08:59.024000+00:00", "detection_status": "detected", "detection_status_ru": "обнаружено", "lon": 131.64701, "lat": 43.1637, "n_pixels": 1, "zone_area_km2": 0.0005, "cover_m2": 9.8, "p_mean": 0.992, "p_max": 0.992, "cover_m2_km2": 19600.0, "h3": "88316c4311fffff", "valid_frac_scene": 1.0, "wind_ms": 2.2, "sea": "спокойное", "scene_reliable": true, "field_event_id": "S4:DOORS3:T23", "field_profile": "B", "field_date": "2024-06-10", "field_distance_km": 6963.5, "field_date_gap_days": 527, "field_conc_items_km2": 102.37, "conc_A_items_km2": null, "conc_A_lo80": null, "conc_A_hi80": null, "conc_A_lo95": null, "conc_A_hi95": null, "conc_A_status": "unavailable", "conc_A_status_ru": "концентрация недоступна", "conc_A_reasons": "вне бассейна профиля: nw_atlantic_subtropical", "conc_A_model": "conc-A-c6bce5631d2b", "conc_B_items_km2": null, "conc_B_lo80": null, "conc_B_hi80": null, "conc_B_lo95": null, "conc_B_hi95": null, "conc_B_status": "unavailable", "conc_B_status_ru": "концентрация недоступна", "conc_B_reasons": "вне бассейна профиля: black_sea", "conc_B_model": "conc-B-c6bce5631d2b"}}, {"type": "Feature", "geometry": {"type": "Polygon", "coordinates": [[[131.64595818231476, 43.163496730032996], [131.64595429752913, 43.16340677789524], [131.64583141562036, 43.16340962156769], [131.6458236464626, 43.16322971726929], [131.6459465280115, 43.16322687361462], [131.6459426432796, 43.16313692147175], [131.64606552463073, 43.16313407769414], [131.64606163973679, 43.16304412555846], [131.64631128727936, 43.16312838974345], [131.64631517255097, 43.163218341859654], [131.6461922910557, 43.163221185909805], [131.64620006129292, 43.16340109015487], [131.64595818231476, 43.163496730032996]]]}, "properties": {"zone_id": "vladivostok-2025-11-19-148", "aoi": "vladivostok", "date": "2025-11-19", "scene_id": "S2B_MSIL2A_20251119T020859_R103_T52TGN_20251119T033950", "scene_datetime_utc": "2025-11-19T02:08:59.024000+00:00", "detection_status": "detected", "detection_status_ru": "обнаружено", "lon": 131.64605, "lat": 43.16327, "n_pixels": 3, "zone_area_km2": 0.0011, "cover_m2": 37.6, "p_mean": 0.695, "p_max": 0.808, "cover_m2_km2": 34181.8, "h3": "88316c4311fffff", "valid_frac_scene": 1.0, "wind_ms": 2.2, "sea": "спокойное", "scene_reliable": true, "field_event_id": "S4:DOORS3:T23", "field_profile": "B", "field_date": "2024-06-10", "field_distance_km": 6963.4, "field_date_gap_days": 527, "field_conc_items_km2": 102.37, "conc_A_items_km2": null, "conc_A_lo80": null, "conc_A_hi80": null, "conc_A_lo95": null, "conc_A_hi95": null, "conc_A_status": "unavailable", "conc_A_status_ru": "концентрация недоступна", "conc_A_reasons": "вне бассейна профиля: nw_atlantic_subtropical", "conc_A_model": "conc-A-c6bce5631d2b", "conc_B_items_km2": null, "conc_B_lo80": null, "conc_B_hi80": null, "conc_B_lo95": null, "conc_B_hi95": null, "conc_B_status": "unavailable", "conc_B_status_ru": "концентрация недоступна", "conc_B_reasons": "вне бассейна профиля: black_sea", "conc_B_model": "conc-B-c6bce5631d2b"}}, {"type": "Feature", "geometry": {"type": "Polygon", "coordinates": [[[131.63960978891527, 43.161752584945255], [131.63960591367976, 43.16166263231906], [131.63948303463692, 43.16166546908218], [131.63947915959918, 43.16157551644542], [131.6396020384621, 43.16157267969116], [131.63959816326232, 43.16148272706158], [131.6398477961344, 43.161567005787205], [131.63985167171182, 43.161656958397366], [131.63972879270472, 43.16165979542413], [131.6397326681201, 43.16174974804145], [131.63960978891527, 43.161752584945255]]]}, "properties": {"zone_id": "vladivostok-2025-11-19-149", "aoi": "vladivostok", "date": "2025-11-19", "scene_id": "S2B_MSIL2A_20251119T020859_R103_T52TGN_20251119T033950", "scene_datetime_utc": "2025-11-19T02:08:59.024000+00:00", "detection_status": "detected", "detection_status_ru": "обнаружено", "lon": 131.63967, "lat": 43.16162, "n_pixels": 1, "zone_area_km2": 0.0005, "cover_m2": 14.9, "p_mean": 0.62, "p_max": 0.62, "cover_m2_km2": 29800.0, "h3": "88316c4315fffff", "valid_frac_scene": 1.0, "wind_ms": 2.2, "sea": "спокойное", "scene_reliable": true, "field_event_id": "S4:DOORS3:T23", "field_profile": "B", "field_date": "2024-06-10", "field_distance_km": 6963.1, "field_date_gap_days": 527, "field_conc_items_km2": 102.37, "conc_A_items_km2": null, "conc_A_lo80": null, "conc_A_hi80": null, "conc_A_lo95": null, "conc_A_hi95": null, "conc_A_status": "unavailable", "conc_A_status_ru": "концентрация недоступна", "conc_A_reasons": "вне бассейна профиля: nw_atlantic_subtropical", "conc_A_model": "conc-A-c6bce5631d2b", "conc_B_items_km2": null, "conc_B_lo80": null, "conc_B_hi80": null, "conc_B_lo95": null, "conc_B_hi95": null, "conc_B_status": "unavailable", "conc_B_status_ru": "концентрация недоступна", "conc_B_reasons": "вне бассейна профиля: black_sea", "conc_B_model": "conc-B-c6bce5631d2b"}}, {"type": "Feature", "geometry": {"type": "Polygon", "coordinates": [[[131.65656304995179, 43.16126989475681], [131.65655914991044, 43.161179943356366], [131.65643627351972, 43.16118279830106], [131.65643237367624, 43.16109284688999], [131.6565552498871, 43.16108999195422], [131.65655134988174, 43.16100004055036], [131.65680100225492, 43.161084281687216], [131.65680490263802, 43.16117423307152], [131.65668202628322, 43.16117708827985], [131.6566859265044, 43.161267039671365], [131.65656304995179, 43.16126989475681]]]}, "properties": {"zone_id": "vladivostok-2025-11-19-150", "aoi": "vladivostok", "date": "2025-11-19", "scene_id": "S2B_MSIL2A_20251119T020859_R103_T52TGN_20251119T033950", "scene_datetime_utc": "2025-11-19T02:08:59.024000+00:00", "detection_status": "detected", "detection_status_ru": "обнаружено", "lon": 131.65662, "lat": 43.16113, "n_pixels": 1, "zone_area_km2": 0.0005, "cover_m2": 20.0, "p_mean": 0.953, "p_max": 0.953, "cover_m2_km2": 40000.0, "h3": "88316c431bfffff", "valid_frac_scene": 1.0, "wind_ms": 2.2, "sea": "спокойное", "scene_reliable": true, "field_event_id": "S4:DOORS3:T23", "field_profile": "B", "field_date": "2024-06-10", "field_distance_km": 6964.3, "field_date_gap_days": 527, "field_conc_items_km2": 102.37, "conc_A_items_km2": null, "conc_A_lo80": null, "conc_A_hi80": null, "conc_A_lo95": null, "conc_A_hi95": null, "conc_A_status": "unavailable", "conc_A_status_ru": "концентрация недоступна", "conc_A_reasons": "вне бассейна профиля: nw_atlantic_subtropical", "conc_A_model": "conc-A-c6bce5631d2b", "conc_B_items_km2": null, "conc_B_lo80": null, "conc_B_hi80": null, "conc_B_lo95": null, "conc_B_hi95": null, "conc_B_status": "unavailable", "conc_B_status_ru": "концентрация недоступна", "conc_B_reasons": "вне бассейна профиля: black_sea", "conc_B_model": "conc-B-c6bce5631d2b"}}, {"type": "Feature", "geometry": {"type": "Polygon", "coordinates": [[[131.6567971018898, 43.160994330301214], [131.65679320154265, 43.16090437891351], [131.65667032572748, 43.160907234095056], [131.65666642557815, 43.16081728269671], [131.65678930121348, 43.16081442752408], [131.65678540090227, 43.16072447613298], [131.65703505243016, 43.1608087167834], [131.65703895311907, 43.160898668154964], [131.65691607733987, 43.160901523600145], [131.6569199778669, 43.16099147497892], [131.6567971018898, 43.160994330301214]]]}, "properties": {"zone_id": "vladivostok-2025-11-19-151", "aoi": "vladivostok", "date": "2025-11-19", "scene_id": "S2B_MSIL2A_20251119T020859_R103_T52TGN_20251119T033950", "scene_datetime_utc": "2025-11-19T02:08:59.024000+00:00", "detection_status": "detected", "detection_status_ru": "обнаружено", "lon": 131.65685, "lat": 43.16086, "n_pixels": 1, "zone_area_km2": 0.0005, "cover_m2": 19.6, "p_mean": 0.996, "p_max": 0.996, "cover_m2_km2": 39200.0, "h3": "88316c431bfffff", "valid_frac_scene": 1.0, "wind_ms": 2.2, "sea": "спокойное", "scene_reliable": true, "field_event_id": "S4:DOORS3:T23", "field_profile": "B", "field_date": "2024-06-10", "field_distance_km": 6964.3, "field_date_gap_days": 527, "field_conc_items_km2": 102.37, "conc_A_items_km2": null, "conc_A_lo80": null, "conc_A_hi80": null, "conc_A_lo95": null, "conc_A_hi95": null, "conc_A_status": "unavailable", "conc_A_status_ru": "концентрация недоступна", "conc_A_reasons": "вне бассейна профиля: nw_atlantic_subtropical", "conc_A_model": "conc-A-c6bce5631d2b", "conc_B_items_km2": null, "conc_B_lo80": null, "conc_B_hi80": null, "conc_B_lo95": null, "conc_B_hi95": null, "conc_B_status": "unavailable", "conc_B_status_ru": "концентрация недоступна", "conc_B_reasons": "вне бассейна профиля: black_sea", "conc_B_model": "conc-B-c6bce5631d2b"}}, {"type": "Feature", "geometry": {"type": "Polygon", "coordinates": [[[131.64190182654866, 43.16070918410419], [131.64189794809187, 43.16061923162784], [131.6417750713672, 43.1606220707979], [131.64177119310818, 43.16053211831097], [131.64189406965298, 43.160529279149785], [131.64189019123194, 43.160439326670016], [131.64213982268893, 43.16052360043198], [131.6421437014876, 43.160613552892286], [131.64202082479866, 43.16061639232597], [131.64202470343534, 43.16070634479345], [131.64190182654866, 43.16070918410419]]]}, "properties": {"zone_id": "vladivostok-2025-11-19-152", "aoi": "vladivostok", "date": "2025-11-19", "scene_id": "S2B_MSIL2A_20251119T020859_R103_T52TGN_20251119T033950", "scene_datetime_utc": "2025-11-19T02:08:59.024000+00:00", "detection_status": "detected", "detection_status_ru": "обнаружено", "lon": 131.64196, "lat": 43.16057, "n_pixels": 1, "zone_area_km2": 0.0005, "cover_m2": 14.1, "p_mean": 0.667, "p_max": 0.667, "cover_m2_km2": 28200.0, "h3": "88316c4317fffff", "valid_frac_scene": 1.0, "wind_ms": 2.2, "sea": "спокойное", "scene_reliable": true, "field_event_id": "S4:DOORS3:T23", "field_profile": "B", "field_date": "2024-06-10", "field_distance_km": 6963.3, "field_date_gap_days": 527, "field_conc_items_km2": 102.37, "conc_A_items_km2": null, "conc_A_lo80": null, "conc_A_hi80": null, "conc_A_lo95": null, "conc_A_hi95": null, "conc_A_status": "unavailable", "conc_A_status_ru": "концентрация недоступна", "conc_A_reasons": "вне бассейна профиля: nw_atlantic_subtropical", "conc_A_model": "conc-A-c6bce5631d2b", "conc_B_items_km2": null, "conc_B_lo80": null, "conc_B_hi80": null, "conc_B_lo95": null, "conc_B_hi95": null, "conc_B_status": "unavailable", "conc_B_status_ru": "концентрация недоступна", "conc_B_reasons": "вне бассейна профиля: black_sea", "conc_B_model": "conc-B-c6bce5631d2b"}}, {"type": "Feature", "geometry": {"type": "Polygon", "coordinates": [[[131.64103393346414, 43.160549150510015], [131.64103005630227, 43.16045919796814], [131.64090717981225, 43.16046203619776], [131.6409033028481, 43.160372083645335], [131.64102617915825, 43.16036924542457], [131.6410223020321, 43.160279292879316], [131.64126805423896, 43.16027361606011], [131.64126417677093, 43.16018366353089], [131.6413870526677, 43.16018082493243], [131.64139093031562, 43.160270777452794], [131.6415138063744, 43.16026793871367], [131.64151768422005, 43.16035789122344], [131.64127580922866, 43.16045352111345], [131.6412796867503, 43.160543473637574], [131.64103393346414, 43.160549150510015]]]}, "properties": {"zone_id": "vladivostok-2025-11-19-153", "aoi": "vladivostok", "date": "2025-11-19", "scene_id": "S2B_MSIL2A_20251119T020859_R103_T52TGN_20251119T033950", "scene_datetime_utc": "2025-11-19T02:08:59.024000+00:00", "detection_status": "detected", "detection_status_ru": "обнаружено", "lon": 131.64121, "lat": 43.16038, "n_pixels": 3, "zone_area_km2": 0.0011, "cover_m2": 39.6, "p_mean": 0.898, "p_max": 1.0, "cover_m2_km2": 36000.0, "h3": "88316c4315fffff", "valid_frac_scene": 1.0, "wind_ms": 2.2, "sea": "спокойное", "scene_reliable": true, "field_event_id": "S4:DOORS3:T23", "field_profile": "B", "field_date": "2024-06-10", "field_distance_km": 6963.3, "field_date_gap_days": 527, "field_conc_items_km2": 102.37, "conc_A_items_km2": null, "conc_A_lo80": null, "conc_A_hi80": null, "conc_A_lo95": null, "conc_A_hi95": null, "conc_A_status": "unavailable", "conc_A_status_ru": "концентрация недоступна", "conc_A_reasons": "вне бассейна профиля: nw_atlantic_subtropical", "conc_A_model": "conc-A-c6bce5631d2b", "conc_B_items_km2": null, "conc_B_lo80": null, "conc_B_hi80": null, "conc_B_lo95": null, "conc_B_hi95": null, "conc_B_status": "unavailable", "conc_B_status_ru": "концентрация недоступна", "conc_B_reasons": "вне бассейна профиля: black_sea", "conc_B_model": "conc-B-c6bce5631d2b"}}, {"type": "Feature", "geometry": {"type": "Polygon", "coordinates": [[[131.65688877415397, 43.160271863900945], [131.65688487377074, 43.160181912508534], [131.65676199941248, 43.16018476775051], [131.6567580992271, 43.160094816347474], [131.6568809734055, 43.16009196111441], [131.6568770730582, 43.16000200971859], [131.65712672170835, 43.16008625025289], [131.65713062243333, 43.160176201629156], [131.65700774811103, 43.16017905713474], [131.65701164867411, 43.160269008518235], [131.65688877415397, 43.160271863900945]]]}, "properties": {"zone_id": "vladivostok-2025-11-19-154", "aoi": "vladivostok", "date": "2025-11-19", "scene_id": "S2B_MSIL2A_20251119T020859_R103_T52TGN_20251119T033950", "scene_datetime_utc": "2025-11-19T02:08:59.024000+00:00", "detection_status": "detected", "detection_status_ru": "обнаружено", "lon": 131.65694, "lat": 43.16014, "n_pixels": 1, "zone_area_km2": 0.0005, "cover_m2": 21.2, "p_mean": 0.98, "p_max": 0.98, "cover_m2_km2": 42400.0, "h3": "88316c431bfffff", "valid_frac_scene": 1.0, "wind_ms": 2.2, "sea": "спокойное", "scene_reliable": true, "field_event_id": "S4:DOORS3:T23", "field_profile": "B", "field_date": "2024-06-10", "field_distance_km": 6964.4, "field_date_gap_days": 527, "field_conc_items_km2": 102.37, "conc_A_items_km2": null, "conc_A_lo80": null, "conc_A_hi80": null, "conc_A_lo95": null, "conc_A_hi95": null, "conc_A_status": "unavailable", "conc_A_status_ru": "концентрация недоступна", "conc_A_reasons": "вне бассейна профиля: nw_atlantic_subtropical", "conc_A_model": "conc-A-c6bce5631d2b", "conc_B_items_km2": null, "conc_B_lo80": null, "conc_B_hi80": null, "conc_B_lo95": null, "conc_B_hi95": null, "conc_B_status": "unavailable", "conc_B_status_ru": "концентрация недоступна", "conc_B_reasons": "вне бассейна профиля: black_sea", "conc_B_model": "conc-B-c6bce5631d2b"}}, {"type": "Feature", "geometry": {"type": "Polygon", "coordinates": [[[131.64248129724137, 43.15988541428327], [131.64247741804607, 43.159795461835984], [131.64235454302965, 43.15979830158523], [131.6423506640321, 43.159708349127364], [131.6424735388687, 43.159705509386995], [131.64246965970918, 43.1596155569363], [131.6427192884882, 43.15969982951081], [131.64272316802533, 43.15978978194207], [131.64260029304467, 43.15979262195493], [131.6426041724198, 43.159882574393336], [131.64248129724137, 43.15988541428327]]]}, "properties": {"zone_id": "vladivostok-2025-11-19-155", "aoi": "vladivostok", "date": "2025-11-19", "scene_id": "S2B_MSIL2A_20251119T020859_R103_T52TGN_20251119T033950", "scene_datetime_utc": "2025-11-19T02:08:59.024000+00:00", "detection_status": "detected", "detection_status_ru": "обнаружено", "lon": 131.64254, "lat": 43.15975, "n_pixels": 1, "zone_area_km2": 0.0005, "cover_m2": 14.1, "p_mean": 0.996, "p_max": 0.996, "cover_m2_km2": 28200.0, "h3": "88316c4317fffff", "valid_frac_scene": 1.0, "wind_ms": 2.2, "sea": "спокойное", "scene_reliable": true, "field_event_id": "S4:DOORS3:T23", "field_profile": "B", "field_date": "2024-06-10", "field_distance_km": 6963.4, "field_date_gap_days": 527, "field_conc_items_km2": 102.37, "conc_A_items_km2": null, "conc_A_lo80": null, "conc_A_hi80": null, "conc_A_lo95": null, "conc_A_hi95": null, "conc_A_status": "unavailable", "conc_A_status_ru": "концентрация недоступна", "conc_A_reasons": "вне бассейна профиля: nw_atlantic_subtropical", "conc_A_model": "conc-A-c6bce5631d2b", "conc_B_items_km2": null, "conc_B_lo80": null, "conc_B_hi80": null, "conc_B_lo95": null, "conc_B_hi95": null, "conc_B_status": "unavailable", "conc_B_status_ru": "концентрация недоступна", "conc_B_reasons": "вне бассейна профиля: black_sea", "conc_B_model": "conc-B-c6bce5631d2b"}}, {"type": "Feature", "geometry": {"type": "Polygon", "coordinates": [[[131.65243412870316, 43.159654956139676], [131.6524302349387, 43.159565004412656], [131.6523073613729, 43.1595678548383], [131.6523034678062, 43.159477903100665], [131.65242634119218, 43.15947505268393], [131.6524224474636, 43.15938510095351], [131.65267208791028, 43.15946935145505], [131.65267598201652, 43.15955930316598], [131.6525531084866, 43.15956215385521], [131.6525570024309, 43.15965210557333], [131.65243412870316, 43.159654956139676]]]}, "properties": {"zone_id": "vladivostok-2025-11-19-156", "aoi": "vladivostok", "date": "2025-11-19", "scene_id": "S2B_MSIL2A_20251119T020859_R103_T52TGN_20251119T033950", "scene_datetime_utc": "2025-11-19T02:08:59.024000+00:00", "detection_status": "detected", "detection_status_ru": "обнаружено", "lon": 131.65249, "lat": 43.15952, "n_pixels": 1, "zone_area_km2": 0.0005, "cover_m2": 22.7, "p_mean": 0.984, "p_max": 0.984, "cover_m2_km2": 45400.0, "h3": "88316c4313fffff", "valid_frac_scene": 1.0, "wind_ms": 2.2, "sea": "спокойное", "scene_reliable": true, "field_event_id": "S4:DOORS3:T23", "field_profile": "B", "field_date": "2024-06-10", "field_distance_km": 6964.1, "field_date_gap_days": 527, "field_conc_items_km2": 102.37, "conc_A_items_km2": null, "conc_A_lo80": null, "conc_A_hi80": null, "conc_A_lo95": null, "conc_A_hi95": null, "conc_A_status": "unavailable", "conc_A_status_ru": "концентрация недоступна", "conc_A_reasons": "вне бассейна профиля: nw_atlantic_subtropical", "conc_A_model": "conc-A-c6bce5631d2b", "conc_B_items_km2": null, "conc_B_lo80": null, "conc_B_hi80": null, "conc_B_lo95": null, "conc_B_hi95": null, "conc_B_status": "unavailable", "conc_B_status_ru": "концентрация недоступна", "conc_B_reasons": "вне бассейна профиля: black_sea", "conc_B_model": "conc-B-c6bce5631d2b"}}, {"type": "Feature", "geometry": {"type": "Polygon", "coordinates": [[[131.65391640415103, 43.15980064387937], [131.65391250819232, 43.15971069226269], [131.65366676075402, 43.15971639618114], [131.65366286517298, 43.15962644454493], [131.65353999160678, 43.159629296297524], [131.65353609622355, 43.159539344650696], [131.65328645439143, 43.15945509607629], [131.6532786644342, 43.159275192738484], [131.65352051487017, 43.159179538046374], [131.65352441018157, 43.1592694897], [131.6537701558572, 43.15926378613431], [131.65377405154626, 43.159353737768406], [131.653896924537, 43.15935088577894], [131.65390471632878, 43.159530789024224], [131.6541543592583, 43.15961503621649], [131.65415825555883, 43.15970498781703], [131.65391640415103, 43.15980064387937]]]}, "properties": {"zone_id": "vladivostok-2025-11-19-157", "aoi": "vladivostok", "date": "2025-11-19", "scene_id": "S2B_MSIL2A_20251119T020859_R103_T52TGN_20251119T033950", "scene_datetime_utc": "2025-11-19T02:08:59.024000+00:00", "detection_status": "detected", "detection_status_ru": "обнаружено", "lon": 131.65368, "lat": 43.15948, "n_pixels": 6, "zone_area_km2": 0.0023, "cover_m2": 138.4, "p_mean": 0.844, "p_max": 0.996, "cover_m2_km2": 60173.9, "h3": "88316c4313fffff", "valid_frac_scene": 1.0, "wind_ms": 2.2, "sea": "спокойное", "scene_reliable": true, "field_event_id": "S4:DOORS3:T23", "field_profile": "B", "field_date": "2024-06-10", "field_distance_km": 6964.2, "field_date_gap_days": 527, "field_conc_items_km2": 102.37, "conc_A_items_km2": null, "conc_A_lo80": null, "conc_A_hi80": null, "conc_A_lo95": null, "conc_A_hi95": null, "conc_A_status": "unavailable", "conc_A_status_ru": "концентрация недоступна", "conc_A_reasons": "вне бассейна профиля: nw_atlantic_subtropical", "conc_A_model": "conc-A-c6bce5631d2b", "conc_B_items_km2": null, "conc_B_lo80": null, "conc_B_hi80": null, "conc_B_lo95": null, "conc_B_hi95": null, "conc_B_status": "unavailable", "conc_B_status_ru": "концентрация недоступна", "conc_B_reasons": "вне бассейна профиля: black_sea", "conc_B_model": "conc-B-c6bce5631d2b"}}, {"type": "Feature", "geometry": {"type": "Polygon", "coordinates": [[[131.651792510116, 43.15903954455768], [131.65178861737644, 43.15894959277421], [131.6516657449799, 43.15895244247847], [131.6516579599143, 43.158772538888606], [131.65153508785957, 43.15877538844325], [131.6515311955335, 43.158685436636866], [131.65165406740837, 43.15868258709112], [131.6516501749204, 43.15859263529193], [131.65189981110433, 43.15867688760422], [131.65190759685348, 43.158856791161874], [131.65203046903426, 43.1588539412029], [131.65203436211561, 43.158943892970264], [131.65191148975498, 43.15894674293814], [131.65191538267445, 43.1590366947127], [131.651792510116, 43.15903954455768]]]}, "properties": {"zone_id": "vladivostok-2025-11-19-158", "aoi": "vladivostok", "date": "2025-11-19", "scene_id": "S2B_MSIL2A_20251119T020859_R103_T52TGN_20251119T033950", "scene_datetime_utc": "2025-11-19T02:08:59.024000+00:00", "detection_status": "detected", "detection_status_ru": "обнаружено", "lon": 131.65178, "lat": 43.15881, "n_pixels": 2, "zone_area_km2": 0.001, "cover_m2": 20.0, "p_mean": 0.945, "p_max": 0.957, "cover_m2_km2": 20000.0, "h3": "88316c4313fffff", "valid_frac_scene": 1.0, "wind_ms": 2.2, "sea": "спокойное", "scene_reliable": true, "field_event_id": "S4:DOORS3:T23", "field_profile": "B", "field_date": "2024-06-10", "field_distance_km": 6964.1, "field_date_gap_days": 527, "field_conc_items_km2": 102.37, "conc_A_items_km2": null, "conc_A_lo80": null, "conc_A_hi80": null, "conc_A_lo95": null, "conc_A_hi95": null, "conc_A_status": "unavailable", "conc_A_status_ru": "концентрация недоступна", "conc_A_reasons": "вне бассейна профиля: nw_atlantic_subtropical", "conc_A_model": "conc-A-c6bce5631d2b", "conc_B_items_km2": null, "conc_B_lo80": null, "conc_B_hi80": null, "conc_B_lo95": null, "conc_B_hi95": null, "conc_B_status": "unavailable", "conc_B_status_ru": "концентрация недоступна", "conc_B_reasons": "вне бассейна профиля: black_sea", "conc_B_model": "conc-B-c6bce5631d2b"}}, {"type": "Feature", "geometry": {"type": "Polygon", "coordinates": [[[131.64354836586725, 43.15896032677832], [131.64354448523198, 43.15887037439392], [131.64342161217513, 43.15887321524066], [131.64341773173757, 43.15878326284569], [131.6435406046146, 43.158780422007816], [131.64353672401506, 43.158690469620026], [131.64365959669433, 43.15868762865923], [131.64365571593285, 43.15859767627863], [131.64390534199924, 43.15868194634226], [131.64390922313834, 43.15877189870341], [131.64378635031497, 43.15877473993668], [131.6437902312921, 43.15886469230502], [131.64354836586725, 43.15896032677832]]]}, "properties": {"zone_id": "vladivostok-2025-11-19-159", "aoi": "vladivostok", "date": "2025-11-19", "scene_id": "S2B_MSIL2A_20251119T020859_R103_T52TGN_20251119T033950", "scene_datetime_utc": "2025-11-19T02:08:59.024000+00:00", "detection_status": "detected", "detection_status_ru": "обнаружено", "lon": 131.64366, "lat": 43.15878, "n_pixels": 2, "zone_area_km2": 0.0008, "cover_m2": 25.9, "p_mean": 0.963, "p_max": 0.996, "cover_m2_km2": 32375.0, "h3": "88316c4317fffff", "valid_frac_scene": 1.0, "wind_ms": 2.2, "sea": "спокойное", "scene_reliable": true, "field_event_id": "S4:DOORS3:T23", "field_profile": "B", "field_date": "2024-06-10", "field_distance_km": 6963.6, "field_date_gap_days": 527, "field_conc_items_km2": 102.37, "conc_A_items_km2": null, "conc_A_lo80": null, "conc_A_hi80": null, "conc_A_lo95": null, "conc_A_hi95": null, "conc_A_status": "unavailable", "conc_A_status_ru": "концентрация недоступна", "conc_A_reasons": "вне бассейна профиля: nw_atlantic_subtropical", "conc_A_model": "conc-A-c6bce5631d2b", "conc_B_items_km2": null, "conc_B_lo80": null, "conc_B_hi80": null, "conc_B_lo95": null, "conc_B_hi95": null, "conc_B_status": "unavailable", "conc_B_status_ru": "концентрация недоступна", "conc_B_reasons": "вне бассейна профиля: black_sea", "conc_B_model": "conc-B-c6bce5631d2b"}}, {"type": "Feature", "geometry": {"type": "Polygon", "coordinates": [[[131.64547938424926, 43.1581052849212], [131.64547550089725, 43.15801533266362], [131.64535262974533, 43.15801817553926], [131.64534874659108, 43.1579282232711], [131.64547161756317, 43.157925380404336], [131.64546773424698, 43.15783542814334], [131.6457173594537, 43.15791969427541], [131.6457212431475, 43.158009646516916], [131.64559837203134, 43.158012489656166], [131.64560225556318, 43.158102441904866], [131.64547938424926, 43.1581052849212]]]}, "properties": {"zone_id": "vladivostok-2025-11-19-160", "aoi": "vladivostok", "date": "2025-11-19", "scene_id": "S2B_MSIL2A_20251119T020859_R103_T52TGN_20251119T033950", "scene_datetime_utc": "2025-11-19T02:08:59.024000+00:00", "detection_status": "detected", "detection_status_ru": "обнаружено", "lon": 131.64553, "lat": 43.15797, "n_pixels": 1, "zone_area_km2": 0.0005, "cover_m2": 11.4, "p_mean": 0.906, "p_max": 0.906, "cover_m2_km2": 22800.0, "h3": "88316c4317fffff", "valid_frac_scene": 1.0, "wind_ms": 2.2, "sea": "спокойное", "scene_reliable": true, "field_event_id": "S4:DOORS3:T23", "field_profile": "B", "field_date": "2024-06-10", "field_distance_km": 6963.7, "field_date_gap_days": 527, "field_conc_items_km2": 102.37, "conc_A_items_km2": null, "conc_A_lo80": null, "conc_A_hi80": null, "conc_A_lo95": null, "conc_A_hi95": null, "conc_A_status": "unavailable", "conc_A_status_ru": "концентрация недоступна", "conc_A_reasons": "вне бассейна профиля: nw_atlantic_subtropical", "conc_A_model": "conc-A-c6bce5631d2b", "conc_B_items_km2": null, "conc_B_lo80": null, "conc_B_hi80": null, "conc_B_lo95": null, "conc_B_hi95": null, "conc_B_status": "unavailable", "conc_B_status_ru": "концентрация недоступна", "conc_B_reasons": "вне бассейна профиля: black_sea", "conc_B_model": "conc-B-c6bce5631d2b"}}, {"type": "Feature", "geometry": {"type": "Polygon", "coordinates": [[[131.64339444948786, 43.15824354844013], [131.6433905691755, 43.15815359603326], [131.6432676975396, 43.15815643667718], [131.6432599373282, 43.15797653184057], [131.64313706603417, 43.15797937233492], [131.643129306254, 43.157799467473744], [131.64325217718837, 43.15779662699717], [131.64324441711997, 43.157616722146955], [131.64312154654533, 43.157619562605795], [131.64311766671784, 43.157529610169256], [131.64324053711263, 43.15752676971929], [131.64323277715155, 43.15734686485888], [131.64347463685473, 43.15725123118406], [131.64347851716815, 43.15734118359907], [131.64360138714963, 43.15733834277146], [131.6436091481898, 43.157518247578594], [131.64336728767677, 43.1576138815563], [131.64337504810484, 43.15779378638876], [131.64349791900344, 43.157790945648564], [131.64350956031916, 43.15806080285786], [131.6437514223257, 43.15796516854515], [131.64375530314183, 43.158055120928786], [131.64387817452635, 43.15805227976655], [131.64388205554025, 43.15814223213962], [131.64375918397587, 43.15814507331073], [131.64376306482782, 43.15823502569096], [131.6435134407935, 43.15815075525756], [131.64351732128574, 43.15824070765556], [131.64339444948786, 43.15824354844013]]]}, "properties": {"zone_id": "vladivostok-2025-11-19-161", "aoi": "vladivostok", "date": "2025-11-19", "scene_id": "S2B_MSIL2A_20251119T020859_R103_T52TGN_20251119T033950", "scene_datetime_utc": "2025-11-19T02:08:59.024000+00:00", "detection_status": "detected", "detection_status_ru": "обнаружено", "lon": 131.64342, "lat": 43.15777, "n_pixels": 7, "zone_area_km2": 0.0028, "cover_m2": 101.2, "p_mean": 0.933, "p_max": 1.0, "cover_m2_km2": 36142.9, "h3": "88316c4317fffff", "valid_frac_scene": 1.0, "wind_ms": 2.2, "sea": "спокойное", "scene_reliable": true, "field_event_id": "S4:DOORS3:T23", "field_profile": "B", "field_date": "2024-06-10", "field_distance_km": 6963.6, "field_date_gap_days": 527, "field_conc_items_km2": 102.37, "conc_A_items_km2": null, "conc_A_lo80": null, "conc_A_hi80": null, "conc_A_lo95": null, "conc_A_hi95": null, "conc_A_status": "unavailable", "conc_A_status_ru": "концентрация недоступна", "conc_A_reasons": "вне бассейна профиля: nw_atlantic_subtropical", "conc_A_model": "conc-A-c6bce5631d2b", "conc_B_items_km2": null, "conc_B_lo80": null, "conc_B_hi80": null, "conc_B_lo95": null, "conc_B_hi95": null, "conc_B_status": "unavailable", "conc_B_status_ru": "концентрация недоступна", "conc_B_reasons": "вне бассейна профиля: black_sea", "conc_B_model": "conc-B-c6bce5631d2b"}}, {"type": "Feature", "geometry": {"type": "Polygon", "coordinates": [[[131.64408898568405, 43.15723702577247], [131.6440851044893, 43.15714707340016], [131.64396223493904, 43.157149914737204], [131.64395835394203, 43.157059962354325], [131.64408122331244, 43.15705712102617], [131.64407734215342, 43.15696716865046], [131.64432696199958, 43.15705143797447], [131.64433084353615, 43.15714139033071], [131.64420797402167, 43.15714423193134], [131.64421185539626, 43.15723418429475], [131.64408898568405, 43.15723702577247]]]}, "properties": {"zone_id": "vladivostok-2025-11-19-162", "aoi": "vladivostok", "date": "2025-11-19", "scene_id": "S2B_MSIL2A_20251119T020859_R103_T52TGN_20251119T033950", "scene_datetime_utc": "2025-11-19T02:08:59.024000+00:00", "detection_status": "detected", "detection_status_ru": "обнаружено", "lon": 131.64414, "lat": 43.1571, "n_pixels": 1, "zone_area_km2": 0.0005, "cover_m2": 14.1, "p_mean": 0.996, "p_max": 0.996, "cover_m2_km2": 28200.0, "h3": "88316c4317fffff", "valid_frac_scene": 1.0, "wind_ms": 2.2, "sea": "спокойное", "scene_reliable": true, "field_event_id": "S4:DOORS3:T23", "field_profile": "B", "field_date": "2024-06-10", "field_distance_km": 6963.7, "field_date_gap_days": 527, "field_conc_items_km2": 102.37, "conc_A_items_km2": null, "conc_A_lo80": null, "conc_A_hi80": null, "conc_A_lo95": null, "conc_A_hi95": null, "conc_A_status": "unavailable", "conc_A_status_ru": "концентрация недоступна", "conc_A_reasons": "вне бассейна профиля: nw_atlantic_subtropical", "conc_A_model": "conc-A-c6bce5631d2b", "conc_B_items_km2": null, "conc_B_lo80": null, "conc_B_hi80": null, "conc_B_lo95": null, "conc_B_hi95": null, "conc_B_status": "unavailable", "conc_B_status_ru": "концентрация недоступна", "conc_B_reasons": "вне бассейна профиля: black_sea", "conc_B_model": "conc-B-c6bce5631d2b"}}, {"type": "Feature", "geometry": {"type": "Polygon", "coordinates": [[[131.74197820800893, 43.15421100433322], [131.7419741836573, 43.15412105915546], [131.74172445247302, 43.15403700640259], [131.74172042851805, 43.15394706120298], [131.74184328177316, 43.15394411506475], [131.74183925765695, 43.15385416987264], [131.74208898822778, 43.15393822239306], [131.74209301272208, 43.154028167565045], [131.74221586610133, 43.154025221022366], [131.7422198907939, 43.15411516618342], [131.74209703723488, 43.15411811273531], [131.74210106176622, 43.154208057903865], [131.74197820800893, 43.15421100433322]]]}, "properties": {"zone_id": "vladivostok-2025-11-19-163", "aoi": "vladivostok", "date": "2025-11-19", "scene_id": "S2B_MSIL2A_20251119T020859_R103_T52TGN_20251119T033950", "scene_datetime_utc": "2025-11-19T02:08:59.024000+00:00", "detection_status": "detected", "detection_status_ru": "обнаружено", "lon": 131.74197, "lat": 43.15403, "n_pixels": 2, "zone_area_km2": 0.0008, "cover_m2": 11.8, "p_mean": 0.888, "p_max": 0.914, "cover_m2_km2": 14750.0, "h3": "88316c42cbfffff", "valid_frac_scene": 1.0, "wind_ms": 2.2, "sea": "спокойное", "scene_reliable": true, "field_event_id": "S4:DOORS3:T23", "field_profile": "B", "field_date": "2024-06-10", "field_distance_km": 6970.5, "field_date_gap_days": 527, "field_conc_items_km2": 102.37, "conc_A_items_km2": null, "conc_A_lo80": null, "conc_A_hi80": null, "conc_A_lo95": null, "conc_A_hi95": null, "conc_A_status": "unavailable", "conc_A_status_ru": "концентрация недоступна", "conc_A_reasons": "вне бассейна профиля: nw_atlantic_subtropical", "conc_A_model": "conc-A-c6bce5631d2b", "conc_B_items_km2": null, "conc_B_lo80": null, "conc_B_hi80": null, "conc_B_lo95": null, "conc_B_hi95": null, "conc_B_status": "unavailable", "conc_B_status_ru": "концентрация недоступна", "conc_B_reasons": "вне бассейна профиля: black_sea", "conc_B_model": "conc-B-c6bce5631d2b"}}, {"type": "Feature", "geometry": {"type": "Polygon", "coordinates": [[[131.7463885450196, 43.14284992990707], [131.7463845157988, 43.14275998488267], [131.74626168540797, 43.14276293528824], [131.74625765638544, 43.142672990252905], [131.74638048659662, 43.14267003985656], [131.74637645741296, 43.142580094828716], [131.7466221174204, 43.142574193659385], [131.74662614696334, 43.142664138668785], [131.74674897711884, 43.14266118787735], [131.74675300686005, 43.14275113287581], [131.74663017652486, 43.142754083676465], [131.74663420610491, 43.14284402868242], [131.7463885450196, 43.14284992990707]]]}, "properties": {"zone_id": "vladivostok-2025-11-19-164", "aoi": "vladivostok", "date": "2025-11-19", "scene_id": "S2B_MSIL2A_20251119T020859_R103_T52TGN_20251119T033950", "scene_datetime_utc": "2025-11-19T02:08:59.024000+00:00", "detection_status": "detected", "detection_status_ru": "обнаружено", "lon": 131.74651, "lat": 43.14271, "n_pixels": 2, "zone_area_km2": 0.0008, "cover_m2": 5.9, "p_mean": 0.851, "p_max": 0.894, "cover_m2_km2": 7375.0, "h3": "88316c42d1fffff", "valid_frac_scene": 1.0, "wind_ms": 2.2, "sea": "спокойное", "scene_reliable": true, "field_event_id": "S4:DOORS3:T23", "field_profile": "B", "field_date": "2024-06-10", "field_distance_km": 6971.5, "field_date_gap_days": 527, "field_conc_items_km2": 102.37, "conc_A_items_km2": null, "conc_A_lo80": null, "conc_A_hi80": null, "conc_A_lo95": null, "conc_A_hi95": null, "conc_A_status": "unavailable", "conc_A_status_ru": "концентрация недоступна", "conc_A_reasons": "вне бассейна профиля: nw_atlantic_subtropical", "conc_A_model": "conc-A-c6bce5631d2b", "conc_B_items_km2": null, "conc_B_lo80": null, "conc_B_hi80": null, "conc_B_lo95": null, "conc_B_hi95": null, "conc_B_status": "unavailable", "conc_B_status_ru": "концентрация недоступна", "conc_B_reasons": "вне бассейна профиля: black_sea", "conc_B_model": "conc-B-c6bce5631d2b"}}, {"type": "Feature", "geometry": {"type": "Polygon", "coordinates": [[[131.88108057510544, 43.13341227219889], [131.88107634983282, 43.13332233743713], [131.8809535525466, 43.133325431886334], [131.88094932747288, 43.133235497113155], [131.88107212457967, 43.13323240267363], [131.88106789934594, 43.13314246790835], [131.8813177187348, 43.13322621339972], [131.88132194434692, 43.133316148143884], [131.8811991470996, 43.13331924285632], [131.8812033725517, 43.1334091776084], [131.88108057510544, 43.13341227219889]]]}, "properties": {"zone_id": "vladivostok-2025-11-19-165", "aoi": "vladivostok", "date": "2025-11-19", "scene_id": "S2B_MSIL2A_20251119T020859_R103_T52TGN_20251119T033950", "scene_datetime_utc": "2025-11-19T02:08:59.024000+00:00", "detection_status": "detected", "detection_status_ru": "обнаружено", "lon": 131.88114, "lat": 43.13328, "n_pixels": 1, "zone_area_km2": 0.0005, "cover_m2": 4.3, "p_mean": 0.961, "p_max": 0.961, "cover_m2_km2": 8600.0, "h3": "88316c5499fffff", "valid_frac_scene": 1.0, "wind_ms": 2.2, "sea": "спокойное", "scene_reliable": true, "field_event_id": "S4:DOORS3:T23", "field_profile": "B", "field_date": "2024-06-10", "field_distance_km": 6981.2, "field_date_gap_days": 527, "field_conc_items_km2": 102.37, "conc_A_items_km2": null, "conc_A_lo80": null, "conc_A_hi80": null, "conc_A_lo95": null, "conc_A_hi95": null, "conc_A_status": "unavailable", "conc_A_status_ru": "концентрация недоступна", "conc_A_reasons": "вне бассейна профиля: nw_atlantic_subtropical", "conc_A_model": "conc-A-c6bce5631d2b", "conc_B_items_km2": null, "conc_B_lo80": null, "conc_B_hi80": null, "conc_B_lo95": null, "conc_B_hi95": null, "conc_B_status": "unavailable", "conc_B_status_ru": "концентрация недоступна", "conc_B_reasons": "вне бассейна профиля: black_sea", "conc_B_model": "conc-B-c6bce5631d2b"}}, {"type": "Feature", "geometry": {"type": "Polygon", "coordinates": [[[131.76652736977346, 43.00856121100537], [131.7665233300219, 43.008471265389055], [131.76640076962522, 43.00847423004254], [131.76639673007068, 43.008384284415214], [131.76651929028893, 43.00838131977102], [131.76651525057454, 43.00829137415125], [131.76676037059846, 43.008285444488145], [131.76676441066965, 43.00837539008936], [131.76688697083216, 43.008372425051924], [131.76689101110037, 43.00846237064215], [131.76676845075946, 43.00846533568886], [131.76677249086782, 43.00855528128665], [131.76652736977346, 43.00856121100537]]]}, "properties": {"zone_id": "vladivostok-2025-11-19-166", "aoi": "vladivostok", "date": "2025-11-19", "scene_id": "S2B_MSIL2A_20251119T020859_R103_T52TGN_20251119T033950", "scene_datetime_utc": "2025-11-19T02:08:59.024000+00:00", "detection_status": "detected", "detection_status_ru": "обнаружено", "lon": 131.76664, "lat": 43.00842, "n_pixels": 2, "zone_area_km2": 0.0008, "cover_m2": 11.0, "p_mean": 0.792, "p_max": 0.922, "cover_m2_km2": 13750.0, "h3": "88316c45c7fffff", "valid_frac_scene": 1.0, "wind_ms": 2.2, "sea": "спокойное", "scene_reliable": true, "field_event_id": "S4:DOORS3:T23", "field_profile": "B", "field_date": "2024-06-10", "field_distance_km": 6981.2, "field_date_gap_days": 527, "field_conc_items_km2": 102.37, "conc_A_items_km2": null, "conc_A_lo80": null, "conc_A_hi80": null, "conc_A_lo95": null, "conc_A_hi95": null, "conc_A_status": "unavailable", "conc_A_status_ru": "концентрация недоступна", "conc_A_reasons": "вне бассейна профиля: nw_atlantic_subtropical", "conc_A_model": "conc-A-c6bce5631d2b", "conc_B_items_km2": null, "conc_B_lo80": null, "conc_B_hi80": null, "conc_B_lo95": null, "conc_B_hi95": null, "conc_B_status": "unavailable", "conc_B_status_ru": "концентрация недоступна", "conc_B_reasons": "вне бассейна профиля: black_sea", "conc_B_model": "conc-B-c6bce5631d2b"}}, {"type": "Feature", "geometry": {"type": "Polygon", "coordinates": [[[131.73879721767662, 42.99473162036046], [131.73879322031812, 42.99464167242908], [131.73867068455053, 42.994644606636065], [131.73866668738876, 42.994554658693794], [131.73878922297803, 42.994551724496], [131.7387852256563, 42.99446177656119], [131.7390342941014, 42.99454585570734], [131.73903829179812, 42.99463580362208], [131.7389157560673, 42.99463873809109], [131.7389197536041, 42.9947286860133], [131.73879721767662, 42.99473162036046]]]}, "properties": {"zone_id": "vladivostok-2025-11-19-167", "aoi": "vladivostok", "date": "2025-11-19", "scene_id": "S2B_MSIL2A_20251119T020859_R103_T52TGN_20251119T033950", "scene_datetime_utc": "2025-11-19T02:08:59.024000+00:00", "detection_status": "detected", "detection_status_ru": "обнаружено", "lon": 131.73885, "lat": 42.9946, "n_pixels": 1, "zone_area_km2": 0.0005, "cover_m2": 4.3, "p_mean": 0.973, "p_max": 0.973, "cover_m2_km2": 8600.0, "h3": "88316c4edbfffff", "valid_frac_scene": 1.0, "wind_ms": 2.2, "sea": "спокойное", "scene_reliable": true, "field_event_id": "S4:DOORS3:T23", "field_profile": "B", "field_date": "2024-06-10", "field_distance_km": 6980.1, "field_date_gap_days": 527, "field_conc_items_km2": 102.37, "conc_A_items_km2": null, "conc_A_lo80": null, "conc_A_hi80": null, "conc_A_lo95": null, "conc_A_hi95": null, "conc_A_status": "unavailable", "conc_A_status_ru": "концентрация недоступна", "conc_A_reasons": "вне бассейна профиля: nw_atlantic_subtropical", "conc_A_model": "conc-A-c6bce5631d2b", "conc_B_items_km2": null, "conc_B_lo80": null, "conc_B_hi80": null, "conc_B_lo95": null, "conc_B_hi95": null, "conc_B_status": "unavailable", "conc_B_status_ru": "концентрация недоступна", "conc_B_reasons": "вне бассейна профиля: black_sea", "conc_B_model": "conc-B-c6bce5631d2b"}}, {"type": "Feature", "geometry": {"type": "Polygon", "coordinates": [[[131.93685396940793, 42.98342412644211], [131.93684968491556, 42.983334193773594], [131.936727192638, 42.98333733933487], [131.93671862406848, 42.983157473972874], [131.93695932328032, 42.983061250094785], [131.93696360789164, 42.98315118275875], [131.9370860997737, 42.98314803695535], [131.9370946694116, 42.98332790225835], [131.93685396940793, 42.98342412644211]]]}, "properties": {"zone_id": "vladivostok-2025-11-19-168", "aoi": "vladivostok", "date": "2025-11-19", "scene_id": "S2B_MSIL2A_20251119T020859_R103_T52TGN_20251119T033950", "scene_datetime_utc": "2025-11-19T02:08:59.024000+00:00", "detection_status": "detected", "detection_status_ru": "обнаружено", "lon": 131.93691, "lat": 42.98324, "n_pixels": 2, "zone_area_km2": 0.0008, "cover_m2": 7.1, "p_mean": 0.871, "p_max": 0.965, "cover_m2_km2": 8875.0, "h3": "88316c704dfffff", "valid_frac_scene": 1.0, "wind_ms": 2.2, "sea": "спокойное", "scene_reliable": true, "field_event_id": "S4:DOORS3:T23", "field_profile": "B", "field_date": "2024-06-10", "field_distance_km": 6994.2, "field_date_gap_days": 527, "field_conc_items_km2": 102.37, "conc_A_items_km2": null, "conc_A_lo80": null, "conc_A_hi80": null, "conc_A_lo95": null, "conc_A_hi95": null, "conc_A_status": "unavailable", "conc_A_status_ru": "концентрация недоступна", "conc_A_reasons": "вне бассейна профиля: nw_atlantic_subtropical", "conc_A_model": "conc-A-c6bce5631d2b", "conc_B_items_km2": null, "conc_B_lo80": null, "conc_B_hi80": null, "conc_B_lo95": null, "conc_B_hi95": null, "conc_B_status": "unavailable", "conc_B_status_ru": "концентрация недоступна", "conc_B_reasons": "вне бассейна профиля: black_sea", "conc_B_model": "conc-B-c6bce5631d2b"}}]}