event_id,profile,role,sample_id,source_id,source_event_id,sea_area,date_utc,t_start_utc,t_end_utc,time_known,lon,lat,position_role,geometry_type,footprint_radius_km,geometry_wkt,length_km,width_m,area_km2,n_items,conc_items_km2,conc_lo95,conc_hi95,conc_source,conc_published,conc_g_km2,target_scope,measurement_profile,material,size_class,sampling_method,litter_category,quality_flags,calculation_method,source_doi,source_license,provenance,ctx_seaweed_clumps_km2,value_type
S2:MSM41_litter-T1,A,train,MPL-0197,S2_SARGASSO_MSM41,MSM41_litter-T1,North Atlantic Ocean,2015-04-01,2015-04-01T16:17:00,2015-04-01T17:17:00,True,-64.714325,32.232809,transect_midpoint_arithmetic,strip,0.0,"LINESTRING (-64.635483 32.291067, -64.793167 32.17455)",19.68,10.0,0.1968,4.0,20.32520325203252,5.537933809076855,52.04059286282365,n_over_a,20.325203252,,total_plastic,S2_visual_GT2,plastic (all polymers),>2 cm (macro),"ship-based visual transect, 10 m strip, items >2 cm",total floating macroplastic (>2 cm),author_area_replaces_endpoint_distance,sum Float items for selected material(s) / author-published area; summary area for interrupted transects,10.1594/PANGAEA.931833,CC BY 4.0,https://doi.pangaea.de/10.1594/PANGAEA.931833;https://doi.pangaea.de/10.1594/PANGAEA.931834,0.0,measurement
S2:MSM41_litter-T10,A,train,MPL-0229,S2_SARGASSO_MSM41,MSM41_litter-T10,North Atlantic Ocean,2015-04-04,2015-04-04T16:08:00,2015-04-04T17:08:00,True,-69.835292,27.447242,transect_midpoint_arithmetic,strip,0.0,"LINESTRING (-69.794917 27.548567, -69.875667 27.345917)",23.885,10.0,0.23885,4.0,16.74691228804689,4.562969954474879,42.87874680931,n_over_a,16.746912288,,total_plastic,S2_visual_GT2,plastic (all polymers),>2 cm (macro),"ship-based visual transect, 10 m strip, items >2 cm",total floating macroplastic (>2 cm),author_area_replaces_endpoint_distance,sum Float items for selected material(s) / author-published area; summary area for interrupted transects,10.1594/PANGAEA.931833,CC BY 4.0,https://doi.pangaea.de/10.1594/PANGAEA.931833;https://doi.pangaea.de/10.1594/PANGAEA.931834,36185.890726397316,measurement
S2:MSM41_litter-T11,A,train,MPL-0235,S2_SARGASSO_MSM41,MSM41_litter-T11,North Atlantic Ocean,2015-04-05,2015-04-05T08:17:00,2015-04-05T08:44:00,True,-70.001758,26.059658,transect_midpoint_arithmetic,strip,0.0,"LINESTRING (-69.994383 26.105733, -70.009133 26.013583)",10.345,10.0,0.10345,2.0,19.33301111648139,2.341317337302707,69.83748349660667,n_over_a,19.3330111165,,total_plastic,S2_visual_GT2,plastic (all polymers),>2 cm (macro),"ship-based visual transect, 10 m strip, items >2 cm",total floating macroplastic (>2 cm),author_area_replaces_endpoint_distance,sum Float items for selected material(s) / author-published area; summary area for interrupted transects,10.1594/PANGAEA.931833,CC BY 4.0,https://doi.pangaea.de/10.1594/PANGAEA.931833;https://doi.pangaea.de/10.1594/PANGAEA.931834,6379.893668438859,measurement
S2:MSM41_litter-T12,A,train,MPL-0233,S2_SARGASSO_MSM41,MSM41_litter-T12,North Atlantic Ocean,2015-04-05,2015-04-05T14:27:00,2015-04-05T15:27:00,True,-69.949392,25.890125,transect_midpoint_arithmetic,strip,0.0,"LINESTRING (-69.943517 25.931, -69.955267 25.84925)",9.169,10.0,0.09169,2.0,21.81262951248773,2.641610628683227,78.7947177197509,n_over_a,21.8126295125,,total_plastic,S2_visual_GT2,plastic (all polymers),>2 cm (macro),"ship-based visual transect, 10 m strip, items >2 cm",total floating macroplastic (>2 cm),author_area_replaces_endpoint_distance,sum Float items for selected material(s) / author-published area; summary area for interrupted transects,10.1594/PANGAEA.931833,CC BY 4.0,https://doi.pangaea.de/10.1594/PANGAEA.931833;https://doi.pangaea.de/10.1594/PANGAEA.931834,25357.181808266985,measurement
S2:MSM41_litter-T13,A,train,MPL-0249,S2_SARGASSO_MSM41,MSM41_litter-T13,North Atlantic Ocean,2015-04-06,2015-04-06T08:16:00,2015-04-06T09:16:00,True,-69.977716,24.820067,transect_midpoint_arithmetic,strip,0.0,"LINESTRING (-69.96885 24.922433, -69.986583 24.7177)",22.82,10.0,0.2282,4.0,17.5284837861525,4.775921882674519,44.879880260314174,n_over_a,17.5284837862,,total_plastic,S2_visual_GT2,plastic (all polymers),>2 cm (macro),"ship-based visual transect, 10 m strip, items >2 cm",total floating macroplastic (>2 cm),author_area_replaces_endpoint_distance,sum Float items for selected material(s) / author-published area; summary area for interrupted transects,10.1594/PANGAEA.931833,CC BY 4.0,https://doi.pangaea.de/10.1594/PANGAEA.931833;https://doi.pangaea.de/10.1594/PANGAEA.931834,8965.819456617002,measurement
S2:MSM41_litter-T14,A,train,MPL-0246,S2_SARGASSO_MSM41,MSM41_litter-T14,North Atlantic Ocean,2015-04-06,2015-04-06T13:50:00,2015-04-06T14:50:00,True,-69.861,24.508533,transect_midpoint_arithmetic,strip,0.0,"LINESTRING (-69.927867 24.52885, -69.794133 24.488217)",14.255,10.0,0.14255,14.0,98.21115398105927,53.692951780432125,164.7816283538097,n_over_a,98.2111539811,,total_plastic,S2_visual_GT2,plastic (all polymers),>2 cm (macro),"ship-based visual transect, 10 m strip, items >2 cm",total floating macroplastic (>2 cm),author_area_replaces_endpoint_distance,sum Float items for selected material(s) / author-published area; summary area for interrupted transects,10.1594/PANGAEA.931833,CC BY 4.0,https://doi.pangaea.de/10.1594/PANGAEA.931833;https://doi.pangaea.de/10.1594/PANGAEA.931834,133721.5012276394,measurement
S2:MSM41_litter-T15,A,train,MPL-0241,S2_SARGASSO_MSM41,MSM41_litter-T15,North Atlantic Ocean,2015-04-06,2015-04-06T15:47:00,2015-04-06T16:47:00,True,-69.437308,24.381,transect_midpoint_arithmetic,strip,0.0,"LINESTRING (-69.545333 24.413433, -69.329283 24.348567)",23.024,10.0,0.23024,5.0,21.716469770674077,7.051278622821496,50.67899617495948,n_over_a,21.7164697707,,total_plastic,S2_visual_GT2,plastic (all polymers),>2 cm (macro),"ship-based visual transect, 10 m strip, items >2 cm",total floating macroplastic (>2 cm),author_area_replaces_endpoint_distance,sum Float items for selected material(s) / author-published area; summary area for interrupted transects,10.1594/PANGAEA.931833,CC BY 4.0,https://doi.pangaea.de/10.1594/PANGAEA.931833;https://doi.pangaea.de/10.1594/PANGAEA.931834,52045.6914523975,measurement
S2:MSM41_litter-T16,A,train,MPL-0237,S2_SARGASSO_MSM41,MSM41_litter-T16,North Atlantic Ocean,2015-04-06,2015-04-06T18:12:00,2015-04-06T19:12:00,True,-68.922984,24.22615,transect_midpoint_arithmetic,strip,0.0,"LINESTRING (-69.03145 24.258867, -68.814517 24.193433)",23.154,10.0,0.23154,2.0,8.637816360024186,1.0460796343783583,31.2027626661655,n_over_a,8.63781636002,,total_plastic,S2_visual_GT2,plastic (all polymers),>2 cm (macro),"ship-based visual transect, 10 m strip, items >2 cm",total floating macroplastic (>2 cm),author_area_replaces_endpoint_distance,sum Float items for selected material(s) / author-published area; summary area for interrupted transects,10.1594/PANGAEA.931833,CC BY 4.0,https://doi.pangaea.de/10.1594/PANGAEA.931833;https://doi.pangaea.de/10.1594/PANGAEA.931834,7981.342316662347,measurement
S2:MSM41_litter-T17,A,train,MPL-0254,S2_SARGASSO_MSM41,MSM41_litter-T17,North Atlantic Ocean,2015-04-07,2015-04-07T09:51:00,2015-04-07T10:51:00,True,-67.0049,23.631092,transect_midpoint_arithmetic,strip,0.0,"LINESTRING (-67.0049 23.5283, -67.0049 23.733883)",22.844,10.0,0.22844,7.0,30.642619506216075,12.31992230572521,63.135507624331886,n_over_a,30.6426195062,,total_plastic,S2_visual_GT2,plastic (all polymers),>2 cm (macro),"ship-based visual transect, 10 m strip, items >2 cm",total floating macroplastic (>2 cm),author_area_replaces_endpoint_distance,sum Float items for selected material(s) / author-published area; summary area for interrupted transects,10.1594/PANGAEA.931833,CC BY 4.0,https://doi.pangaea.de/10.1594/PANGAEA.931833;https://doi.pangaea.de/10.1594/PANGAEA.931834,10466.643319908948,measurement
S2:MSM41_litter-T18,A,train,MPL-0260,S2_SARGASSO_MSM41,MSM41_litter-T18,North Atlantic Ocean,2015-04-07,2015-04-07T16:12:00,2015-04-07T17:24:00,True,-66.964783,24.171909,transect_midpoint_arithmetic,segments,0.0,"MULTILINESTRING ((-66.954 24.085716666666666, -66.94935 24.127066666666668), (-66.96811666666666 24.108283333333333, -66.97556666666667 24.2581))",21.284,10.0,0.22,14.0,63.63636363636363,34.79059216500273,106.77100509925262,n_over_a,63.6363636364,,total_plastic,S2_visual_GT2,plastic (all polymers),>2 cm (macro),"ship-based visual transect, 10 m strip, items >2 cm",total floating macroplastic (>2 cm),author_area_replaces_endpoint_distance;interrupted_transect_summary_area;summary_area_rounded_differs_from_segment_sum,sum Float items for selected material(s) / author-published area; summary area for interrupted transects,10.1594/PANGAEA.931833,CC BY 4.0,https://doi.pangaea.de/10.1594/PANGAEA.931833;https://doi.pangaea.de/10.1594/PANGAEA.931834,,measurement
S2:MSM41_litter-T19,A,train,MPL-0264,S2_SARGASSO_MSM41,MSM41_litter-T19,North Atlantic Ocean,2015-04-08,2015-04-08T08:15:00,2015-04-08T09:15:00,True,-66.907584,25.320633,transect_midpoint_arithmetic,strip,0.0,"LINESTRING (-66.89295 25.216933, -66.922217 25.424333)",23.233,10.0,0.23233,3.0,12.91266732664744,2.6629024357405475,37.73629350381923,n_over_a,12.9126673266,,total_plastic,S2_visual_GT2,plastic (all polymers),>2 cm (macro),"ship-based visual transect, 10 m strip, items >2 cm",total floating macroplastic (>2 cm),author_area_replaces_endpoint_distance,sum Float items for selected material(s) / author-published area; summary area for interrupted transects,10.1594/PANGAEA.931833,CC BY 4.0,https://doi.pangaea.de/10.1594/PANGAEA.931833;https://doi.pangaea.de/10.1594/PANGAEA.931834,7076.141695002798,measurement
S2:MSM41_litter-T2,A,train,MPL-0214,S2_SARGASSO_MSM41,MSM41_litter-T2,North Atlantic Ocean,2015-04-02,2015-04-02T08:18:00,2015-04-02T09:18:00,True,-67.935275,30.827925,transect_midpoint_arithmetic,strip,0.0,"LINESTRING (-67.827 30.871283, -68.04355 30.784567)",22.799,10.0,0.22799,10.0,43.861572876003336,21.033329076417534,80.6629941752611,n_over_a,43.861572876,,total_plastic,S2_visual_GT2,plastic (all polymers),>2 cm (macro),"ship-based visual transect, 10 m strip, items >2 cm",total floating macroplastic (>2 cm),author_area_replaces_endpoint_distance,sum Float items for selected material(s) / author-published area; summary area for interrupted transects,10.1594/PANGAEA.931833,CC BY 4.0,https://doi.pangaea.de/10.1594/PANGAEA.931833;https://doi.pangaea.de/10.1594/PANGAEA.931834,8.772314575200667,measurement
S2:MSM41_litter-T20,A,train,MPL-0267,S2_SARGASSO_MSM41,MSM41_litter-T20,North Atlantic Ocean,2015-04-08,2015-04-08T10:11:00,2015-04-08T11:11:00,True,-66.96495,25.718666,transect_midpoint_arithmetic,strip,0.0,"LINESTRING (-66.950117 25.61695, -66.979783 25.820383)",22.78,10.0,0.2278,7.0,30.728709394205442,12.354534905706178,63.31288569667417,n_over_a,30.7287093942,,total_plastic,S2_visual_GT2,plastic (all polymers),>2 cm (macro),"ship-based visual transect, 10 m strip, items >2 cm",total floating macroplastic (>2 cm),author_area_replaces_endpoint_distance,sum Float items for selected material(s) / author-published area; summary area for interrupted transects,10.1594/PANGAEA.931833,CC BY 4.0,https://doi.pangaea.de/10.1594/PANGAEA.931833;https://doi.pangaea.de/10.1594/PANGAEA.931834,12208.077260755048,measurement
S2:MSM41_litter-T21,A,train,MPL-0271,S2_SARGASSO_MSM41,MSM41_litter-T21,North Atlantic Ocean,2015-04-08,2015-04-08T17:54:00,2015-04-08T18:54:00,True,-66.939225,26.122325,transect_midpoint_arithmetic,strip,0.0,"LINESTRING (-66.93115 26.013583, -66.9473 26.231067)",24.22,10.0,0.2422,8.0,33.03055326176713,14.260248458912066,65.0833576391136,n_over_a,33.0305532618,,total_plastic,S2_visual_GT2,plastic (all polymers),>2 cm (macro),"ship-based visual transect, 10 m strip, items >2 cm",total floating macroplastic (>2 cm),author_area_replaces_endpoint_distance,sum Float items for selected material(s) / author-published area; summary area for interrupted transects,10.1594/PANGAEA.931833,CC BY 4.0,https://doi.pangaea.de/10.1594/PANGAEA.931833;https://doi.pangaea.de/10.1594/PANGAEA.931834,2712.6341866226257,measurement
S2:MSM41_litter-T22,A,train,MPL-0277,S2_SARGASSO_MSM41,MSM41_litter-T22,North Atlantic Ocean,2015-04-09,2015-04-09T08:05:00,2015-04-09T09:11:00,True,-66.977675,27.715733,transect_midpoint_arithmetic,segments,0.0,"MULTILINESTRING ((-66.96646666666666 27.6019, -66.98 27.741683333333334), (-66.98178333333334 27.75735, -66.98888333333333 27.82956666666667))",23.645,10.0,0.24,10.0,41.66666666666667,19.98078623388514,76.62648350840742,n_over_a,41.6666666667,,total_plastic,S2_visual_GT2,plastic (all polymers),>2 cm (macro),"ship-based visual transect, 10 m strip, items >2 cm",total floating macroplastic (>2 cm),author_area_replaces_endpoint_distance;interrupted_transect_summary_area;summary_area_rounded_differs_from_segment_sum;companion_count_differs_sum_float_items,sum Float items for selected material(s) / author-published area; summary area for interrupted transects,10.1594/PANGAEA.931833,CC BY 4.0,https://doi.pangaea.de/10.1594/PANGAEA.931833;https://doi.pangaea.de/10.1594/PANGAEA.931834,,measurement
S2:MSM41_litter-T23,A,train,MPL-0283,S2_SARGASSO_MSM41,MSM41_litter-T23,North Atlantic Ocean,2015-04-09,2015-04-09T15:36:00,2015-04-09T16:36:00,True,-66.920958,28.200058,transect_midpoint_arithmetic,strip,0.0,"LINESTRING (-66.909533 28.090317, -66.932383 28.3098)",24.491,10.0,0.24491,18.0,73.4963864276673,43.5586165546508,116.15597675688205,n_over_a,73.4963864277,,total_plastic,S2_visual_GT2,plastic (all polymers),>2 cm (macro),"ship-based visual transect, 10 m strip, items >2 cm",total floating macroplastic (>2 cm),author_area_replaces_endpoint_distance;companion_count_differs_sum_float_items,sum Float items for selected material(s) / author-published area; summary area for interrupted transects,10.1594/PANGAEA.931833,CC BY 4.0,https://doi.pangaea.de/10.1594/PANGAEA.931833;https://doi.pangaea.de/10.1594/PANGAEA.931834,31480.952186517497,measurement
S2:MSM41_litter-T24,A,train,MPL-0289,S2_SARGASSO_MSM41,MSM41_litter-T24,North Atlantic Ocean,2015-04-09,2015-04-09T18:27:00,2015-04-09T19:27:00,True,-66.986041,28.813958,transect_midpoint_arithmetic,strip,0.0,"LINESTRING (-66.974933 28.708667, -66.99715 28.91925)",23.5,10.0,0.235,23.0,97.87234042553192,62.04266824274334,146.8565655099278,n_over_a,97.8723404255,,total_plastic,S2_visual_GT2,plastic (all polymers),>2 cm (macro),"ship-based visual transect, 10 m strip, items >2 cm",total floating macroplastic (>2 cm),author_area_replaces_endpoint_distance,sum Float items for selected material(s) / author-published area; summary area for interrupted transects,10.1594/PANGAEA.931833,CC BY 4.0,https://doi.pangaea.de/10.1594/PANGAEA.931833;https://doi.pangaea.de/10.1594/PANGAEA.931834,12468.085106382978,measurement
S2:MSM41_litter-T25,A,train,MPL-0297,S2_SARGASSO_MSM41,MSM41_litter-T25,North Atlantic Ocean,2015-04-10,2015-04-10T14:44:00,2015-04-10T15:44:00,True,-66.914183,30.345483,transect_midpoint_arithmetic,strip,0.0,"LINESTRING (-66.899883 30.238383, -66.928483 30.452583)",23.959,10.0,0.23959,22.0,91.82353186693936,57.54531855348558,139.0219307447107,n_over_a,91.8235318669,,total_plastic,S2_visual_GT2,plastic (all polymers),>2 cm (macro),"ship-based visual transect, 10 m strip, items >2 cm",total floating macroplastic (>2 cm),author_area_replaces_endpoint_distance;companion_count_differs_sum_float_items,sum Float items for selected material(s) / author-published area; summary area for interrupted transects,10.1594/PANGAEA.931833,CC BY 4.0,https://doi.pangaea.de/10.1594/PANGAEA.931833;https://doi.pangaea.de/10.1594/PANGAEA.931834,11323.51099795484,measurement
S2:MSM41_litter-T26,A,train,MPL-0302,S2_SARGASSO_MSM41,MSM41_litter-T26,North Atlantic Ocean,2015-04-10,2015-04-10T18:37:00,2015-04-10T19:05:00,True,-66.995858,30.926767,transect_midpoint_arithmetic,strip,0.0,"LINESTRING (-66.987617 30.872167, -67.0041 30.981367)",12.235,10.0,0.12235,4.0,32.693093583980385,8.907767663476298,83.70730425340167,n_over_a,32.693093584,,total_plastic,S2_visual_GT2,plastic (all polymers),>2 cm (macro),"ship-based visual transect, 10 m strip, items >2 cm",total floating macroplastic (>2 cm),author_area_replaces_endpoint_distance,sum Float items for selected material(s) / author-published area; summary area for interrupted transects,10.1594/PANGAEA.931833,CC BY 4.0,https://doi.pangaea.de/10.1594/PANGAEA.931833;https://doi.pangaea.de/10.1594/PANGAEA.931834,73.55946056395587,measurement
S2:MSM41_litter-T27,A,train,MPL-0309,S2_SARGASSO_MSM41,MSM41_litter-T27,North Atlantic Ocean,2015-04-11,2015-04-11T08:01:00,2015-04-11T09:02:00,True,-66.595009,30.997183,transect_midpoint_arithmetic,strip,0.0,"LINESTRING (-66.71535 30.997267, -66.474667 30.9971)",22.925,10.0,0.22925,14.0,61.06870229007633,33.386827813743075,102.46290565686184,n_over_a,61.0687022901,,total_plastic,S2_visual_GT2,plastic (all polymers),>2 cm (macro),"ship-based visual transect, 10 m strip, items >2 cm",total floating macroplastic (>2 cm),author_area_replaces_endpoint_distance,sum Float items for selected material(s) / author-published area; summary area for interrupted transects,10.1594/PANGAEA.931833,CC BY 4.0,https://doi.pangaea.de/10.1594/PANGAEA.931833;https://doi.pangaea.de/10.1594/PANGAEA.931834,305.34351145038164,measurement
S2:MSM41_litter-T28,A,train,MPL-0320,S2_SARGASSO_MSM41,MSM41_litter-T28,North Atlantic Ocean,2015-04-11,2015-04-11T10:35:00,2015-04-11T11:35:00,True,-65.979391,30.997284,transect_midpoint_arithmetic,strip,0.0,"LINESTRING (-66.104233 30.997317, -65.85455 30.99725)",23.783,10.0,0.23783,13.0,54.660892233948616,29.10462301225161,93.47179043080718,n_over_a,54.6608922339,,total_plastic,S2_visual_GT2,plastic (all polymers),>2 cm (macro),"ship-based visual transect, 10 m strip, items >2 cm",total floating macroplastic (>2 cm),author_area_replaces_endpoint_distance,sum Float items for selected material(s) / author-published area; summary area for interrupted transects,10.1594/PANGAEA.931833,CC BY 4.0,https://doi.pangaea.de/10.1594/PANGAEA.931833;https://doi.pangaea.de/10.1594/PANGAEA.931834,1623.0080309464745,measurement
S2:MSM41_litter-T29,A,train,MPL-0311,S2_SARGASSO_MSM41,MSM41_litter-T29,North Atlantic Ocean,2015-04-11,2015-04-11T15:03:00,2015-04-11T16:01:00,True,-64.883,30.997183,transect_midpoint_arithmetic,strip,0.0,"LINESTRING (-65.00505 30.997167, -64.76095 30.9972)",23.251,10.0,0.23251,14.0,60.21246398004387,32.918714361965506,101.02628326452874,n_over_a,60.21246398,,total_plastic,S2_visual_GT2,plastic (all polymers),>2 cm (macro),"ship-based visual transect, 10 m strip, items >2 cm",total floating macroplastic (>2 cm),author_area_replaces_endpoint_distance,sum Float items for selected material(s) / author-published area; summary area for interrupted transects,10.1594/PANGAEA.931833,CC BY 4.0,https://doi.pangaea.de/10.1594/PANGAEA.931833;https://doi.pangaea.de/10.1594/PANGAEA.931834,5866.414347769988,measurement
S2:MSM41_litter-T3,A,train,MPL-0209,S2_SARGASSO_MSM41,MSM41_litter-T3,North Atlantic Ocean,2015-04-02,2015-04-02T10:36:00,2015-04-02T11:26:00,True,-68.419933,30.634591,transect_midpoint_arithmetic,strip,0.0,"LINESTRING (-68.3287 30.671533, -68.511167 30.59765)",19.281,10.0,0.19281,4.0,20.74581193921477,5.6525355200784455,53.11751815467918,n_over_a,20.7458119392,,total_plastic,S2_visual_GT2,plastic (all polymers),>2 cm (macro),"ship-based visual transect, 10 m strip, items >2 cm",total floating macroplastic (>2 cm),author_area_replaces_endpoint_distance,sum Float items for selected material(s) / author-published area; summary area for interrupted transects,10.1594/PANGAEA.931833,CC BY 4.0,https://doi.pangaea.de/10.1594/PANGAEA.931833;https://doi.pangaea.de/10.1594/PANGAEA.931834,4989.367771381152,measurement
S2:MSM41_litter-T30,A,train,MPL-0342,S2_SARGASSO_MSM41,MSM41_litter-T30,North Atlantic Ocean,2015-04-12,2015-04-12T07:59:00,2015-04-12T08:59:00,True,-64.074683,30.562475,transect_midpoint_arithmetic,strip,0.0,"LINESTRING (-64.0867 30.660617, -64.062667 30.464333)",21.932,10.0,0.21932,5.0,22.797738464344338,7.402363624468453,53.20231661190348,n_over_a,22.7977384643,,total_plastic,S2_visual_GT2,plastic (all polymers),>2 cm (macro),"ship-based visual transect, 10 m strip, items >2 cm",total floating macroplastic (>2 cm),author_area_replaces_endpoint_distance,sum Float items for selected material(s) / author-published area; summary area for interrupted transects,10.1594/PANGAEA.931833,CC BY 4.0,https://doi.pangaea.de/10.1594/PANGAEA.931833;https://doi.pangaea.de/10.1594/PANGAEA.931834,6360.56903155207,measurement
S2:MSM41_litter-T31,A,train,MPL-0336,S2_SARGASSO_MSM41,MSM41_litter-T31,North Atlantic Ocean,2015-04-12,2015-04-12T09:58:00,2015-04-12T10:58:00,True,-64.0276,30.177558,transect_midpoint_arithmetic,strip,0.0,"LINESTRING (-64.0396 30.276233, -64.0156 30.078883)",22.05,10.0,0.2205,17.0,77.09750566893425,44.912138184160064,123.44057512882817,n_over_a,77.0975056689,,total_plastic,S2_visual_GT2,plastic (all polymers),>2 cm (macro),"ship-based visual transect, 10 m strip, items >2 cm",total floating macroplastic (>2 cm),author_area_replaces_endpoint_distance,sum Float items for selected material(s) / author-published area; summary area for interrupted transects,10.1594/PANGAEA.931833,CC BY 4.0,https://doi.pangaea.de/10.1594/PANGAEA.931833;https://doi.pangaea.de/10.1594/PANGAEA.931834,23968.25396825397,measurement
S2:MSM41_litter-T32,A,train,MPL-0329,S2_SARGASSO_MSM41,MSM41_litter-T32,North Atlantic Ocean,2015-04-12,2015-04-12T16:31:00,2015-04-12T17:31:00,True,-64.056933,29.8256,transect_midpoint_arithmetic,strip,0.0,"LINESTRING (-64.063783 29.92965, -64.050083 29.72155)",23.162,10.0,0.23162,16.0,69.0786633278646,39.484424719978975,112.17942145566418,n_over_a,69.0786633279,,total_plastic,S2_visual_GT2,plastic (all polymers),>2 cm (macro),"ship-based visual transect, 10 m strip, items >2 cm",total floating macroplastic (>2 cm),author_area_replaces_endpoint_distance,sum Float items for selected material(s) / author-published area; summary area for interrupted transects,10.1594/PANGAEA.931833,CC BY 4.0,https://doi.pangaea.de/10.1594/PANGAEA.931833;https://doi.pangaea.de/10.1594/PANGAEA.931834,13301.960107071927,measurement
S2:MSM41_litter-T33,A,train,MPL-0351,S2_SARGASSO_MSM41,MSM41_litter-T33,North Atlantic Ocean,2015-04-13,2015-04-13T14:19:00,2015-04-13T15:19:00,True,-63.923333,27.730984,transect_midpoint_arithmetic,strip,0.0,"LINESTRING (-63.912117 27.831067, -63.93455 27.6309)",22.352,10.0,0.22352,5.0,22.369362920544024,7.263271251424576,52.202630991958976,n_over_a,22.3693629205,,total_plastic,S2_visual_GT2,plastic (all polymers),>2 cm (macro),"ship-based visual transect, 10 m strip, items >2 cm",total floating macroplastic (>2 cm),author_area_replaces_endpoint_distance,sum Float items for selected material(s) / author-published area; summary area for interrupted transects,10.1594/PANGAEA.931833,CC BY 4.0,https://doi.pangaea.de/10.1594/PANGAEA.931833;https://doi.pangaea.de/10.1594/PANGAEA.931834,31196.313528990697,measurement
S2:MSM41_litter-T34,A,train,MPL-0346,S2_SARGASSO_MSM41,MSM41_litter-T34,North Atlantic Ocean,2015-04-13,2015-04-13T16:38:00,2015-04-13T17:38:00,True,-63.976334,27.259541,transect_midpoint_arithmetic,strip,0.0,"LINESTRING (-63.96475 27.362, -63.987917 27.157083)",22.885,10.0,0.22885,15.0,65.54511688879178,36.68510435998825,108.10670251905547,n_over_a,65.5451168888,,total_plastic,S2_visual_GT2,plastic (all polymers),>2 cm (macro),"ship-based visual transect, 10 m strip, items >2 cm",total floating macroplastic (>2 cm),author_area_replaces_endpoint_distance;companion_count_differs_sum_float_items,sum Float items for selected material(s) / author-published area; summary area for interrupted transects,10.1594/PANGAEA.931833,CC BY 4.0,https://doi.pangaea.de/10.1594/PANGAEA.931833;https://doi.pangaea.de/10.1594/PANGAEA.931834,8673.803801616777,measurement
S2:MSM41_litter-T35,A,train,MPL-0358,S2_SARGASSO_MSM41,MSM41_litter-T35,North Atlantic Ocean,2015-04-14,2015-04-14T12:11:00,2015-04-14T13:16:00,True,-63.881492,25.851208,transect_midpoint_arithmetic,segments,0.0,"MULTILINESTRING ((-63.871316666666665 25.93865, -63.88141666666667 25.852483333333332), (-63.882466666666666 25.839016666666666, -63.891666666666666 25.763766666666665))",18.04,10.0,0.18,9.0,50.0,22.86318387432408,94.91557473010648,n_over_a,50.0,,total_plastic,S2_visual_GT2,plastic (all polymers),>2 cm (macro),"ship-based visual transect, 10 m strip, items >2 cm",total floating macroplastic (>2 cm),author_area_replaces_endpoint_distance;interrupted_transect_summary_area;summary_area_rounded_differs_from_segment_sum,sum Float items for selected material(s) / author-published area; summary area for interrupted transects,10.1594/PANGAEA.931833,CC BY 4.0,https://doi.pangaea.de/10.1594/PANGAEA.931833;https://doi.pangaea.de/10.1594/PANGAEA.931834,,measurement
S2:MSM41_litter-T37,A,train,MPL-0354,S2_SARGASSO_MSM41,MSM41_litter-T37,North Atlantic Ocean,2015-04-14,2015-04-14T17:53:00,2015-04-14T18:53:00,True,-63.981233,25.165816,transect_midpoint_arithmetic,strip,0.0,"LINESTRING (-63.966383 25.268633, -63.996083 25.063)",23.044,10.0,0.23044,1.0,4.339524388127061,0.10986724520174404,24.178282376926305,n_over_a,4.33952438813,,total_plastic,S2_visual_GT2,plastic (all polymers),>2 cm (macro),"ship-based visual transect, 10 m strip, items >2 cm",total floating macroplastic (>2 cm),author_area_replaces_endpoint_distance,sum Float items for selected material(s) / author-published area; summary area for interrupted transects,10.1594/PANGAEA.931833,CC BY 4.0,https://doi.pangaea.de/10.1594/PANGAEA.931833;https://doi.pangaea.de/10.1594/PANGAEA.931834,8049.817739975699,measurement
S2:MSM41_litter-T38,A,train,MPL-0361,S2_SARGASSO_MSM41,MSM41_litter-T38,North Atlantic Ocean,2015-04-15,2015-04-15T13:34:00,2015-04-15T14:28:00,True,-63.959259,23.766883,transect_midpoint_arithmetic,strip,0.0,"LINESTRING (-63.94365 23.857333, -63.974867 23.676433)",20.351,10.0,0.20351,2.0,9.827526902854897,1.190159100505946,35.50040620964061,n_over_a,9.82752690285,,total_plastic,S2_visual_GT2,plastic (all polymers),>2 cm (macro),"ship-based visual transect, 10 m strip, items >2 cm",total floating macroplastic (>2 cm),author_area_replaces_endpoint_distance,sum Float items for selected material(s) / author-published area; summary area for interrupted transects,10.1594/PANGAEA.931833,CC BY 4.0,https://doi.pangaea.de/10.1594/PANGAEA.931833;https://doi.pangaea.de/10.1594/PANGAEA.931834,11940.4451869687,measurement
S2:MSM41_litter-T39,A,train,MPL-0367,S2_SARGASSO_MSM41,MSM41_litter-T39,North Atlantic Ocean,2015-04-16,2015-04-16T07:57:00,2015-04-16T08:28:00,True,-63.977467,22.9506,transect_midpoint_arithmetic,strip,0.0,"LINESTRING (-63.948717 22.905583, -64.006217 22.995617)",11.606,10.0,0.11606,2.0,17.23246596587972,2.0869315745645793,62.249592174082025,n_over_a,17.2324659659,,total_plastic,S2_visual_GT2,plastic (all polymers),>2 cm (macro),"ship-based visual transect, 10 m strip, items >2 cm",total floating macroplastic (>2 cm),author_area_replaces_endpoint_distance,sum Float items for selected material(s) / author-published area; summary area for interrupted transects,10.1594/PANGAEA.931833,CC BY 4.0,https://doi.pangaea.de/10.1594/PANGAEA.931833;https://doi.pangaea.de/10.1594/PANGAEA.931834,36265.72462519387,measurement
S2:MSM41_litter-T4,A,train,MPL-0203,S2_SARGASSO_MSM41,MSM41_litter-T4,North Atlantic Ocean,2015-04-02,2015-04-02T12:43:00,2015-04-02T13:43:00,True,-68.913542,30.436175,transect_midpoint_arithmetic,strip,0.0,"LINESTRING (-68.797783 30.482617, -69.0293 30.389733)",24.465,10.0,0.24465,7.0,28.61230329041488,11.503629885631993,58.95228024403178,n_over_a,28.6123032904,,total_plastic,S2_visual_GT2,plastic (all polymers),>2 cm (macro),"ship-based visual transect, 10 m strip, items >2 cm",total floating macroplastic (>2 cm),author_area_replaces_endpoint_distance,sum Float items for selected material(s) / author-published area; summary area for interrupted transects,10.1594/PANGAEA.931833,CC BY 4.0,https://doi.pangaea.de/10.1594/PANGAEA.931833;https://doi.pangaea.de/10.1594/PANGAEA.931834,980.9932556713673,measurement
S2:MSM41_litter-T40,A,train,MPL-0364,S2_SARGASSO_MSM41,MSM41_litter-T40,North Atlantic Ocean,2015-04-16,2015-04-16T11:56:00,2015-04-16T12:56:00,True,-63.919325,22.869767,transect_midpoint_arithmetic,strip,0.0,"LINESTRING (-63.8931 22.981933, -63.94555 22.7576)",25.5,10.0,0.255,3.0,11.76470588235294,2.4261651878258883,34.381463018597344,n_over_a,11.7647058824,,total_plastic,S2_visual_GT2,plastic (all polymers),>2 cm (macro),"ship-based visual transect, 10 m strip, items >2 cm",total floating macroplastic (>2 cm),author_area_replaces_endpoint_distance,sum Float items for selected material(s) / author-published area; summary area for interrupted transects,10.1594/PANGAEA.931833,CC BY 4.0,https://doi.pangaea.de/10.1594/PANGAEA.931833;https://doi.pangaea.de/10.1594/PANGAEA.931834,3878.4313725490197,measurement
S2:MSM41_litter-T41,A,train,MPL-0371,S2_SARGASSO_MSM41,MSM41_litter-T41,North Atlantic Ocean,2015-04-17,2015-04-17T13:45:00,2015-04-17T14:45:00,True,-60.9221,22.574592,transect_midpoint_arithmetic,strip,0.0,"LINESTRING (-60.910833 22.5161, -60.933367 22.633083)",13.203,10.0,0.13203,10.0,75.74036203893054,36.32044759624656,139.28922246472604,n_over_a,75.7403620389,,total_plastic,S2_visual_GT2,plastic (all polymers),>2 cm (macro),"ship-based visual transect, 10 m strip, items >2 cm",total floating macroplastic (>2 cm),author_area_replaces_endpoint_distance,sum Float items for selected material(s) / author-published area; summary area for interrupted transects,10.1594/PANGAEA.931833,CC BY 4.0,https://doi.pangaea.de/10.1594/PANGAEA.931833;https://doi.pangaea.de/10.1594/PANGAEA.931834,3135.6509884117245,measurement
S2:MSM41_litter-T42,A,train,MPL-0375,S2_SARGASSO_MSM41,MSM41_litter-T42,North Atlantic Ocean,2015-04-17,2015-04-17T15:45:00,2015-04-17T16:45:00,True,-60.966867,22.803591,transect_midpoint_arithmetic,strip,0.0,"LINESTRING (-60.955817 22.74525, -60.977917 22.861933)",13.162,10.0,0.13162,3.0,22.79288861875095,4.700441596228548,66.61049285627051,n_over_a,22.7928886188,,total_plastic,S2_visual_GT2,plastic (all polymers),>2 cm (macro),"ship-based visual transect, 10 m strip, items >2 cm",total floating macroplastic (>2 cm),author_area_replaces_endpoint_distance,sum Float items for selected material(s) / author-published area; summary area for interrupted transects,10.1594/PANGAEA.931833,CC BY 4.0,https://doi.pangaea.de/10.1594/PANGAEA.931833;https://doi.pangaea.de/10.1594/PANGAEA.931834,2894.69685458137,measurement
S2:MSM41_litter-T43,A,train,MPL-0378,S2_SARGASSO_MSM41,MSM41_litter-T43,North Atlantic Ocean,2015-04-18,2015-04-18T08:00:00,2015-04-18T09:00:00,True,-60.9819,23.794441,transect_midpoint_arithmetic,strip,0.0,"LINESTRING (-60.971 23.699783, -60.9928 23.8891)",21.153,10.0,0.21153,4.0,18.909847302983028,5.152296949020589,48.41671949796102,n_over_a,18.909847303,,total_plastic,S2_visual_GT2,plastic (all polymers),>2 cm (macro),"ship-based visual transect, 10 m strip, items >2 cm",total floating macroplastic (>2 cm),author_area_replaces_endpoint_distance,sum Float items for selected material(s) / author-published area; summary area for interrupted transects,10.1594/PANGAEA.931833,CC BY 4.0,https://doi.pangaea.de/10.1594/PANGAEA.931833;https://doi.pangaea.de/10.1594/PANGAEA.931834,6178.7926062497045,measurement
S2:MSM41_litter-T44,A,train,MPL-0382,S2_SARGASSO_MSM41,MSM41_litter-T44,North Atlantic Ocean,2015-04-18,2015-04-18T15:30:00,2015-04-18T16:30:00,True,-60.98995,24.233258,transect_midpoint_arithmetic,strip,0.0,"LINESTRING (-60.995633 24.13615, -60.984267 24.330367)",21.612,10.0,0.21612,6.0,27.7623542476402,10.188294713542714,60.426957350169744,n_over_a,27.7623542476,,total_plastic,S2_visual_GT2,plastic (all polymers),>2 cm (macro),"ship-based visual transect, 10 m strip, items >2 cm",total floating macroplastic (>2 cm),author_area_replaces_endpoint_distance,sum Float items for selected material(s) / author-published area; summary area for interrupted transects,10.1594/PANGAEA.931833,CC BY 4.0,https://doi.pangaea.de/10.1594/PANGAEA.931833;https://doi.pangaea.de/10.1594/PANGAEA.931834,5520.081436239127,measurement
S2:MSM41_litter-T45,A,train,MPL-0385,S2_SARGASSO_MSM41,MSM41_litter-T45,North Atlantic Ocean,2015-04-18,2015-04-18T17:55:00,2015-04-18T18:55:00,True,-60.984025,24.643975,transect_midpoint_arithmetic,strip,0.0,"LINESTRING (-60.981483 24.543717, -60.986567 24.744233)",22.287,10.0,0.22287,3.0,13.460761879122357,2.775932709182938,39.33805837368117,n_over_a,13.4607618791,,total_plastic,S2_visual_GT2,plastic (all polymers),>2 cm (macro),"ship-based visual transect, 10 m strip, items >2 cm",total floating macroplastic (>2 cm),author_area_replaces_endpoint_distance,sum Float items for selected material(s) / author-published area; summary area for interrupted transects,10.1594/PANGAEA.931833,CC BY 4.0,https://doi.pangaea.de/10.1594/PANGAEA.931833;https://doi.pangaea.de/10.1594/PANGAEA.931834,23188.40579710145,measurement
S2:MSM41_litter-T46,A,train,MPL-0389,S2_SARGASSO_MSM41,MSM41_litter-T46,North Atlantic Ocean,2015-04-19,2015-04-19T12:41:00,2015-04-19T13:41:00,True,-60.998959,26.212167,transect_midpoint_arithmetic,strip,0.0,"LINESTRING (-60.997917 26.110667, -61 26.313667)",22.558,10.0,0.22558,21.0,93.09335934036706,57.62625668976056,142.30308863792627,n_over_a,93.0933593404,,total_plastic,S2_visual_GT2,plastic (all polymers),>2 cm (macro),"ship-based visual transect, 10 m strip, items >2 cm",total floating macroplastic (>2 cm),author_area_replaces_endpoint_distance,sum Float items for selected material(s) / author-published area; summary area for interrupted transects,10.1594/PANGAEA.931833,CC BY 4.0,https://doi.pangaea.de/10.1594/PANGAEA.931833;https://doi.pangaea.de/10.1594/PANGAEA.931834,28841.209327068,measurement
S2:MSM41_litter-T47,A,train,MPL-0397,S2_SARGASSO_MSM41,MSM41_litter-T47,North Atlantic Ocean,2015-04-19,2015-04-19T14:37:00,2015-04-19T15:07:00,True,-61.001358,26.550025,transect_midpoint_arithmetic,strip,0.0,"LINESTRING (-61.001417 26.500933, -61.0013 26.599117)",10.91,10.0,0.1091,3.0,27.497708524289642,5.67068856916225,80.35997314154284,n_over_a,27.4977085243,,total_plastic,S2_visual_GT2,plastic (all polymers),>2 cm (macro),"ship-based visual transect, 10 m strip, items >2 cm",total floating macroplastic (>2 cm),author_area_replaces_endpoint_distance,sum Float items for selected material(s) / author-published area; summary area for interrupted transects,10.1594/PANGAEA.931833,CC BY 4.0,https://doi.pangaea.de/10.1594/PANGAEA.931833;https://doi.pangaea.de/10.1594/PANGAEA.931834,2942.254812098992,measurement
S2:MSM41_litter-T48,A,train,MPL-0401,S2_SARGASSO_MSM41,MSM41_litter-T48,North Atlantic Ocean,2015-04-20,2015-04-20T07:51:00,2015-04-20T08:36:00,True,-61.000667,27.904742,transect_midpoint_arithmetic,strip,0.0,"LINESTRING (-60.996767 27.828667, -61.004567 27.980817)",16.924,10.0,0.16924,21.0,124.08414086504372,76.81003890378271,189.675790208836,n_over_a,124.084140865,,total_plastic,S2_visual_GT2,plastic (all polymers),>2 cm (macro),"ship-based visual transect, 10 m strip, items >2 cm",total floating macroplastic (>2 cm),author_area_replaces_endpoint_distance,sum Float items for selected material(s) / author-published area; summary area for interrupted transects,10.1594/PANGAEA.931833,CC BY 4.0,https://doi.pangaea.de/10.1594/PANGAEA.931833;https://doi.pangaea.de/10.1594/PANGAEA.931834,6499.645473883243,measurement
S2:MSM41_litter-T49,A,train,MPL-0409,S2_SARGASSO_MSM41,MSM41_litter-T49,North Atlantic Ocean,2015-04-20,2015-04-20T14:42:00,2015-04-20T16:33:00,True,-60.865483,28.179233,transect_midpoint_arithmetic,segments,0.0,"MULTILINESTRING ((-60.860083333333336 28.073816666666666, -60.87008333333333 28.137066666666666), (-60.861866666666664 28.140233333333335, -60.87088333333333 28.28465))",23.168,10.0,0.23,16.0,69.56521739130434,39.76253240713708,112.96955477200407,n_over_a,69.5652173913,,total_plastic,S2_visual_GT2,plastic (all polymers),>2 cm (macro),"ship-based visual transect, 10 m strip, items >2 cm",total floating macroplastic (>2 cm),author_area_replaces_endpoint_distance;interrupted_transect_summary_area;summary_area_rounded_differs_from_segment_sum,sum Float items for selected material(s) / author-published area; summary area for interrupted transects,10.1594/PANGAEA.931833,CC BY 4.0,https://doi.pangaea.de/10.1594/PANGAEA.931833;https://doi.pangaea.de/10.1594/PANGAEA.931834,,measurement
S2:MSM41_litter-T5,A,train,MPL-0200,S2_SARGASSO_MSM41,MSM41_litter-T5,North Atlantic Ocean,2015-04-02,2015-04-02T16:56:00,2015-04-02T17:29:00,True,-69.829333,30.068492,transect_midpoint_arithmetic,strip,0.0,"LINESTRING (-69.768667 30.092967, -69.89 30.044017)",12.874,10.0,0.12874,2.0,15.53518719900575,1.8813832417583118,56.118437686219984,n_over_a,15.535187199,,total_plastic,S2_visual_GT2,plastic (all polymers),>2 cm (macro),"ship-based visual transect, 10 m strip, items >2 cm",total floating macroplastic (>2 cm),author_area_replaces_endpoint_distance,sum Float items for selected material(s) / author-published area; summary area for interrupted transects,10.1594/PANGAEA.931833,CC BY 4.0,https://doi.pangaea.de/10.1594/PANGAEA.931833;https://doi.pangaea.de/10.1594/PANGAEA.931834,621.4074879602298,measurement
S2:MSM41_litter-T50,A,train,MPL-0417,S2_SARGASSO_MSM41,MSM41_litter-T50,North Atlantic Ocean,2015-04-20,2015-04-20T17:56:00,2015-04-20T18:56:00,True,-60.945758,28.682917,transect_midpoint_arithmetic,strip,0.0,"LINESTRING (-60.925467 28.574317, -60.96605 28.791517)",24.457,10.0,0.24457,20.0,81.77617859917406,49.95101437381504,126.29667540039496,n_over_a,81.7761785992,,total_plastic,S2_visual_GT2,plastic (all polymers),>2 cm (macro),"ship-based visual transect, 10 m strip, items >2 cm",total floating macroplastic (>2 cm),author_area_replaces_endpoint_distance;companion_count_differs_sum_float_items,sum Float items for selected material(s) / author-published area; summary area for interrupted transects,10.1594/PANGAEA.931833,CC BY 4.0,https://doi.pangaea.de/10.1594/PANGAEA.931833;https://doi.pangaea.de/10.1594/PANGAEA.931834,20746.61651061046,measurement
S2:MSM41_litter-T51,A,train,MPL-0421,S2_SARGASSO_MSM41,MSM41_litter-T51,North Atlantic Ocean,2015-04-21,2015-04-21T12:47:00,2015-04-21T13:47:00,True,-60.941008,30.016675,transect_midpoint_arithmetic,strip,0.0,"LINESTRING (-60.93425 29.912267, -60.947767 30.121083)",23.24,10.0,0.2324,3.0,12.908777969018933,2.662100356693638,37.72492715035423,n_over_a,12.908777969,,total_plastic,S2_visual_GT2,plastic (all polymers),>2 cm (macro),"ship-based visual transect, 10 m strip, items >2 cm",total floating macroplastic (>2 cm),author_area_replaces_endpoint_distance,sum Float items for selected material(s) / author-published area; summary area for interrupted transects,10.1594/PANGAEA.931833,CC BY 4.0,https://doi.pangaea.de/10.1594/PANGAEA.931833;https://doi.pangaea.de/10.1594/PANGAEA.931834,499.1394148020654,measurement
S2:MSM41_litter-T52,A,train,MPL-0425,S2_SARGASSO_MSM41,MSM41_litter-T52,North Atlantic Ocean,2015-04-21,2015-04-21T15:06:00,2015-04-21T16:06:00,True,-60.972559,30.498241,transect_midpoint_arithmetic,strip,0.0,"LINESTRING (-60.965867 30.3961, -60.97925 30.600383)",22.736,10.0,0.22736,7.0,30.788177339901477,12.378444104151422,63.43541239313149,n_over_a,30.7881773399,,total_plastic,S2_visual_GT2,plastic (all polymers),>2 cm (macro),"ship-based visual transect, 10 m strip, items >2 cm",total floating macroplastic (>2 cm),author_area_replaces_endpoint_distance,sum Float items for selected material(s) / author-published area; summary area for interrupted transects,10.1594/PANGAEA.931833,CC BY 4.0,https://doi.pangaea.de/10.1594/PANGAEA.931833;https://doi.pangaea.de/10.1594/PANGAEA.931834,17.593244194229417,measurement
S2:MSM41_litter-T53,A,train,MPL-0430,S2_SARGASSO_MSM41,MSM41_litter-T53,North Atlantic Ocean,2015-04-22,2015-04-22T08:02:00,2015-04-22T09:02:00,True,-59.816992,30.908859,transect_midpoint_arithmetic,strip,0.0,"LINESTRING (-59.939533 30.9027, -59.69445 30.915017)",23.406,10.0,0.23406,30.0,128.1722635221738,86.47728796642278,182.97387590706512,n_over_a,128.172263522,,total_plastic,S2_visual_GT2,plastic (all polymers),>2 cm (macro),"ship-based visual transect, 10 m strip, items >2 cm",total floating macroplastic (>2 cm),author_area_replaces_endpoint_distance,sum Float items for selected material(s) / author-published area; summary area for interrupted transects,10.1594/PANGAEA.931833,CC BY 4.0,https://doi.pangaea.de/10.1594/PANGAEA.931833;https://doi.pangaea.de/10.1594/PANGAEA.931834,2554.9004528753308,measurement
S2:MSM41_litter-T54,A,train,MPL-0443,S2_SARGASSO_MSM41,MSM41_litter-T54,North Atlantic Ocean,2015-04-22,2015-04-22T10:02:00,2015-04-22T11:02:00,True,-59.3956,30.931417,transect_midpoint_arithmetic,strip,0.0,"LINESTRING (-59.491017 30.9251, -59.300183 30.937733)",18.244,10.0,0.18244,18.0,98.6625739969305,58.4736942578356,155.92940291343996,n_over_a,98.6625739969,,total_plastic,S2_visual_GT2,plastic (all polymers),>2 cm (macro),"ship-based visual transect, 10 m strip, items >2 cm",total floating macroplastic (>2 cm),author_area_replaces_endpoint_distance,sum Float items for selected material(s) / author-published area; summary area for interrupted transects,10.1594/PANGAEA.931833,CC BY 4.0,https://doi.pangaea.de/10.1594/PANGAEA.931833;https://doi.pangaea.de/10.1594/PANGAEA.931834,400.1315500986626,measurement
S2:MSM41_litter-T55,A,train,MPL-0455,S2_SARGASSO_MSM41,MSM41_litter-T55,North Atlantic Ocean,2015-04-22,2015-04-22T12:02:00,2015-04-22T12:56:00,True,-59.019942,30.948067,transect_midpoint_arithmetic,strip,0.0,"LINESTRING (-59.107067 30.943817, -58.932817 30.952317)",16.633,10.0,0.16633,27.0,162.3279023627728,106.97511051382658,236.17857539326718,n_over_a,162.327902363,,total_plastic,S2_visual_GT2,plastic (all polymers),>2 cm (macro),"ship-based visual transect, 10 m strip, items >2 cm",total floating macroplastic (>2 cm),author_area_replaces_endpoint_distance;companion_count_differs_sum_float_items,sum Float items for selected material(s) / author-published area; summary area for interrupted transects,10.1594/PANGAEA.931833,CC BY 4.0,https://doi.pangaea.de/10.1594/PANGAEA.931833;https://doi.pangaea.de/10.1594/PANGAEA.931834,1725.4854806709552,measurement
S2:MSM41_litter-T56,A,train,MPL-0460,S2_SARGASSO_MSM41,MSM41_litter-T56,North Atlantic Ocean,2015-04-22,2015-04-22T15:05:00,2015-04-22T15:37:00,True,-58.474867,30.974725,transect_midpoint_arithmetic,strip,0.0,"LINESTRING (-58.525483 30.972083, -58.42425 30.977367)",9.663,10.0,0.09663,12.0,124.18503570319777,64.16822010475235,216.9262656336227,n_over_a,124.185035703,,total_plastic,S2_visual_GT2,plastic (all polymers),>2 cm (macro),"ship-based visual transect, 10 m strip, items >2 cm",total floating macroplastic (>2 cm),author_area_replaces_endpoint_distance,sum Float items for selected material(s) / author-published area; summary area for interrupted transects,10.1594/PANGAEA.931833,CC BY 4.0,https://doi.pangaea.de/10.1594/PANGAEA.931833;https://doi.pangaea.de/10.1594/PANGAEA.931834,848.5977439718514,measurement
S2:MSM41_litter-T57,A,train,MPL-0484,S2_SARGASSO_MSM41,MSM41_litter-T57,North Atlantic Ocean,2015-04-23,2015-04-23T14:55:00,2015-04-23T15:56:00,True,-58.121583,29.777392,transect_midpoint_arithmetic,strip,0.0,"LINESTRING (-58.137733 29.88605, -58.105433 29.668733)",24.348,10.0,0.24348,33.0,135.53474618038442,93.2958829174053,190.34117491855304,n_over_a,135.53474618,,total_plastic,S2_visual_GT2,plastic (all polymers),>2 cm (macro),"ship-based visual transect, 10 m strip, items >2 cm",total floating macroplastic (>2 cm),author_area_replaces_endpoint_distance,sum Float items for selected material(s) / author-published area; summary area for interrupted transects,10.1594/PANGAEA.931833,CC BY 4.0,https://doi.pangaea.de/10.1594/PANGAEA.931833;https://doi.pangaea.de/10.1594/PANGAEA.931834,7035.485460818137,measurement
S2:MSM41_litter-T58,A,train,MPL-0472,S2_SARGASSO_MSM41,MSM41_litter-T58,North Atlantic Ocean,2015-04-23,2015-04-23T17:52:00,2015-04-23T18:52:00,True,-58.026608,29.141217,transect_midpoint_arithmetic,strip,0.0,"LINESTRING (-58.043017 29.251417, -58.0102 29.031017)",24.697,10.0,0.24697,55.0,222.69911325262177,167.7674493721443,289.87350680633017,n_over_a,222.699113253,,total_plastic,S2_visual_GT2,plastic (all polymers),>2 cm (macro),"ship-based visual transect, 10 m strip, items >2 cm",total floating macroplastic (>2 cm),author_area_replaces_endpoint_distance,sum Float items for selected material(s) / author-published area; summary area for interrupted transects,10.1594/PANGAEA.931833,CC BY 4.0,https://doi.pangaea.de/10.1594/PANGAEA.931833;https://doi.pangaea.de/10.1594/PANGAEA.931834,2291.7763291087986,measurement
S2:MSM41_litter-T59,A,train,MPL-0499,S2_SARGASSO_MSM41,MSM41_litter-T59,North Atlantic Ocean,2015-04-24,2015-04-24T11:58:00,2015-04-24T13:01:00,True,-58.141791,27.844375,transect_midpoint_arithmetic,strip,0.0,"LINESTRING (-58.159383 27.95355, -58.1242 27.7352)",24.508,10.0,0.24508,20.0,81.60600620205648,49.84706865270094,126.03385793485637,n_over_a,81.6060062021,,total_plastic,S2_visual_GT2,plastic (all polymers),>2 cm (macro),"ship-based visual transect, 10 m strip, items >2 cm",total floating macroplastic (>2 cm),author_area_replaces_endpoint_distance,sum Float items for selected material(s) / author-published area; summary area for interrupted transects,10.1594/PANGAEA.931833,CC BY 4.0,https://doi.pangaea.de/10.1594/PANGAEA.931833;https://doi.pangaea.de/10.1594/PANGAEA.931834,889.5054676024156,measurement
S2:MSM41_litter-T6,A,train,MPL-0226,S2_SARGASSO_MSM41,MSM41_litter-T6,North Atlantic Ocean,2015-04-03,2015-04-03T08:13:00,2015-04-03T09:13:00,True,-69.880942,29.847233,transect_midpoint_arithmetic,strip,0.0,"LINESTRING (-69.865083 29.954633, -69.8968 29.739833)",24.064,10.0,0.24064,8.0,33.24468085106383,14.35269355364238,65.50527435253206,n_over_a,33.2446808511,,total_plastic,S2_visual_GT2,plastic (all polymers),>2 cm (macro),"ship-based visual transect, 10 m strip, items >2 cm",total floating macroplastic (>2 cm),author_area_replaces_endpoint_distance,sum Float items for selected material(s) / author-published area; summary area for interrupted transects,10.1594/PANGAEA.931833,CC BY 4.0,https://doi.pangaea.de/10.1594/PANGAEA.931833;https://doi.pangaea.de/10.1594/PANGAEA.931834,257.6462765957447,measurement
S2:MSM41_litter-T60,A,train,MPL-0494,S2_SARGASSO_MSM41,MSM41_litter-T60,North Atlantic Ocean,2015-04-24,2015-04-24T15:33:00,2015-04-24T16:33:00,True,-58.072358,27.39835,transect_midpoint_arithmetic,strip,0.0,"LINESTRING (-58.089717 27.504483, -58.055 27.292217)",23.834,10.0,0.23834,24.0,100.69648401443317,64.518137344493,149.8283863126341,n_over_a,100.696484014,,total_plastic,S2_visual_GT2,plastic (all polymers),>2 cm (macro),"ship-based visual transect, 10 m strip, items >2 cm",total floating macroplastic (>2 cm),author_area_replaces_endpoint_distance;companion_count_differs_sum_float_items,sum Float items for selected material(s) / author-published area; summary area for interrupted transects,10.1594/PANGAEA.931833,CC BY 4.0,https://doi.pangaea.de/10.1594/PANGAEA.931833;https://doi.pangaea.de/10.1594/PANGAEA.931834,2576.1517160359153,measurement
S2:MSM41_litter-T61,A,train,MPL-0507,S2_SARGASSO_MSM41,MSM41_litter-T61,North Atlantic Ocean,2015-04-25,2015-04-25T10:16:00,2015-04-25T11:16:00,True,-58.078383,25.825333,transect_midpoint_arithmetic,strip,0.0,"LINESTRING (-58.087583 25.928833, -58.069183 25.721833)",23.075,10.0,0.23075,22.0,95.34127843986998,59.749871602295165,144.34784133098694,n_over_a,95.3412784399,,total_plastic,S2_visual_GT2,plastic (all polymers),>2 cm (macro),"ship-based visual transect, 10 m strip, items >2 cm",total floating macroplastic (>2 cm),author_area_replaces_endpoint_distance,sum Float items for selected material(s) / author-published area; summary area for interrupted transects,10.1594/PANGAEA.931833,CC BY 4.0,https://doi.pangaea.de/10.1594/PANGAEA.931833;https://doi.pangaea.de/10.1594/PANGAEA.931834,3254.6045503791984,measurement
S2:MSM41_litter-T62,A,train,MPL-0504,S2_SARGASSO_MSM41,MSM41_litter-T62,North Atlantic Ocean,2015-04-25,2015-04-25T12:14:00,2015-04-25T13:14:00,True,-58.039733,25.412333,transect_midpoint_arithmetic,strip,0.0,"LINESTRING (-58.047217 25.51935, -58.03225 25.305317)",23.831,10.0,0.23831,4.0,16.78486005622928,4.573309444111977,42.9759081675284,n_over_a,16.7848600562,,total_plastic,S2_visual_GT2,plastic (all polymers),>2 cm (macro),"ship-based visual transect, 10 m strip, items >2 cm",total floating macroplastic (>2 cm),author_area_replaces_endpoint_distance,sum Float items for selected material(s) / author-published area; summary area for interrupted transects,10.1594/PANGAEA.931833,CC BY 4.0,https://doi.pangaea.de/10.1594/PANGAEA.931833;https://doi.pangaea.de/10.1594/PANGAEA.931834,2631.02681381394,measurement
S2:MSM41_litter-T63,A,train,MPL-0523,S2_SARGASSO_MSM41,MSM41_litter-T63,North Atlantic Ocean,2015-04-26,2015-04-26T10:10:00,2015-04-26T11:10:00,True,-58.079925,23.77935,transect_midpoint_arithmetic,strip,0.0,"LINESTRING (-58.08705 23.853867, -58.0728 23.704833)",16.624,10.0,0.16624,6.0,36.092396535129936,13.245273420902619,78.55795249349546,n_over_a,36.0923965351,,total_plastic,S2_visual_GT2,plastic (all polymers),>2 cm (macro),"ship-based visual transect, 10 m strip, items >2 cm",total floating macroplastic (>2 cm),author_area_replaces_endpoint_distance,sum Float items for selected material(s) / author-published area; summary area for interrupted transects,10.1594/PANGAEA.931833,CC BY 4.0,https://doi.pangaea.de/10.1594/PANGAEA.931833;https://doi.pangaea.de/10.1594/PANGAEA.931834,14394.85081809432,measurement
S2:MSM41_litter-T64,A,train,MPL-0518,S2_SARGASSO_MSM41,MSM41_litter-T64,North Atlantic Ocean,2015-04-26,2015-04-26T12:43:00,2015-04-26T13:43:00,True,-58.043683,23.408234,transect_midpoint_arithmetic,strip,0.0,"LINESTRING (-58.050833 23.481, -58.036533 23.335467)",16.237,10.0,0.16237,10.0,61.58773172384062,29.533711252894214,113.26203142217022,n_over_a,61.5877317238,,total_plastic,S2_visual_GT2,plastic (all polymers),>2 cm (macro),"ship-based visual transect, 10 m strip, items >2 cm",total floating macroplastic (>2 cm),author_area_replaces_endpoint_distance,sum Float items for selected material(s) / author-published area; summary area for interrupted transects,10.1594/PANGAEA.931833,CC BY 4.0,https://doi.pangaea.de/10.1594/PANGAEA.931833;https://doi.pangaea.de/10.1594/PANGAEA.931834,7365.8927141713375,measurement
S2:MSM41_litter-T65,A,train,MPL-0513,S2_SARGASSO_MSM41,MSM41_litter-T65,North Atlantic Ocean,2015-04-26,2015-04-26T14:49:00,2015-04-26T15:49:00,True,-58.011775,23.101966,transect_midpoint_arithmetic,strip,0.0,"LINESTRING (-58.019367 23.175, -58.004183 23.028933)",16.305,10.0,0.16305,7.0,42.93161606869059,17.260736286537057,88.45553733028136,n_over_a,42.9316160687,,total_plastic,S2_visual_GT2,plastic (all polymers),>2 cm (macro),"ship-based visual transect, 10 m strip, items >2 cm",total floating macroplastic (>2 cm),author_area_replaces_endpoint_distance,sum Float items for selected material(s) / author-published area; summary area for interrupted transects,10.1594/PANGAEA.931833,CC BY 4.0,https://doi.pangaea.de/10.1594/PANGAEA.931833;https://doi.pangaea.de/10.1594/PANGAEA.931834,17559.03097209445,measurement
S2:MSM41_litter-T7,A,train,MPL-0220,S2_SARGASSO_MSM41,MSM41_litter-T7,North Atlantic Ocean,2015-04-03,2015-04-03T10:11:00,2015-04-03T11:12:00,True,-69.942583,29.4284,transect_midpoint_arithmetic,strip,0.0,"LINESTRING (-69.926933 29.534417, -69.958233 29.322383)",23.755,10.0,0.23755,9.0,37.88676068196169,17.32423951748404,71.9208732958079,n_over_a,37.886760682,,total_plastic,S2_visual_GT2,plastic (all polymers),>2 cm (macro),"ship-based visual transect, 10 m strip, items >2 cm",total floating macroplastic (>2 cm),author_area_replaces_endpoint_distance,sum Float items for selected material(s) / author-published area; summary area for interrupted transects,10.1594/PANGAEA.931833,CC BY 4.0,https://doi.pangaea.de/10.1594/PANGAEA.931833;https://doi.pangaea.de/10.1594/PANGAEA.931834,669.33277204799,measurement
S2:MSM41_litter-T8,A,train,MPL-0216,S2_SARGASSO_MSM41,MSM41_litter-T8,North Atlantic Ocean,2015-04-03,2015-04-03T11:51:00,2015-04-03T12:40:00,True,-69.993191,29.095284,transect_midpoint_arithmetic,strip,0.0,"LINESTRING (-69.978633 29.18215, -70.00775 29.008417)",19.511,10.0,0.19511,3.0,15.375941776433805,3.170888846781823,44.93502675281802,n_over_a,15.3759417764,,total_plastic,S2_visual_GT2,plastic (all polymers),>2 cm (macro),"ship-based visual transect, 10 m strip, items >2 cm",total floating macroplastic (>2 cm),author_area_replaces_endpoint_distance,sum Float items for selected material(s) / author-published area; summary area for interrupted transects,10.1594/PANGAEA.931833,CC BY 4.0,https://doi.pangaea.de/10.1594/PANGAEA.931833;https://doi.pangaea.de/10.1594/PANGAEA.931834,1865.6142688739685,measurement
S3:HE419_MarLitter_transect01,B,transfer_check,MPL-0001,S3_SE_NORTH_SEA,HE419_MarLitter_transect01,North Sea,2014-04-03,2014-04-03T14:39:00,2014-04-03T16:00:00,True,7.659,54.084,published_transect_center,strip,0.0,"LINESTRING (7.8357 54.1292, 7.4821 54.039)",25.143,10.0,0.251,4.0,15.936254980079681,4.342093122017231,40.803142133082446,n_over_a,15.9,,all_litter,S3_visual_GT2,mixed (predominantly plastic),>2 cm (macro),"ship-based visual transect (10 m strip), macrolitter >2 cm",total floating marine macrolitter (all materials),all_litter_not_plastic,"published concentration, source rounding retained",10.1594/PANGAEA.890782,CC BY 3.0,https://doi.pangaea.de/10.1594/PANGAEA.890782,,measurement
S3:HE419_MarLitter_transect02,B,transfer_check,MPL-0008,S3_SE_NORTH_SEA,HE419_MarLitter_transect02,North Sea,2014-04-05,2014-04-05T15:23:00,2014-04-05T16:09:00,True,6.887,54.897,published_transect_center,strip,0.0,"LINESTRING (6.761 54.8817, 7.0137 54.9118)",16.489,10.0,0.165,6.0,36.36363636363636,13.34481365752031,79.14832740920416,n_over_a,36.4,,all_litter,S3_visual_GT2,mixed (predominantly plastic),>2 cm (macro),"ship-based visual transect (10 m strip), macrolitter >2 cm",total floating marine macrolitter (all materials),all_litter_not_plastic,"published concentration, source rounding retained",10.1594/PANGAEA.890782,CC BY 3.0,https://doi.pangaea.de/10.1594/PANGAEA.890782,,measurement
S3:HE419_MarLitter_transect03,B,transfer_check,MPL-0018,S3_SE_NORTH_SEA,HE419_MarLitter_transect03,North Sea,2014-04-06,2014-04-06T07:47:00,2014-04-06T08:24:00,True,5.524,54.611,published_transect_center,strip,0.0,"LINESTRING (5.5885 54.6424, 5.4601 54.5789)",10.871,10.0,0.109,3.0,27.522935779816514,5.675891035739463,80.43369788754426,n_over_a,27.6,,all_litter,S3_visual_GT2,mixed (predominantly plastic),>2 cm (macro),"ship-based visual transect (10 m strip), macrolitter >2 cm",total floating marine macrolitter (all materials),all_litter_not_plastic,"published concentration, source rounding retained",10.1594/PANGAEA.890782,CC BY 3.0,https://doi.pangaea.de/10.1594/PANGAEA.890782,,measurement
S3:HE419_MarLitter_transect04,B,transfer_check,MPL-0020,S3_SE_NORTH_SEA,HE419_MarLitter_transect04,North Sea,2014-04-06,2014-04-06T09:37:00,2014-04-06T10:31:00,True,5.481,54.621,published_transect_center,strip,0.0,"LINESTRING (5.4267 54.5536, 5.5342 54.6887)",16.958,10.0,0.17,5.0,29.41176470588235,9.549919941873064,68.63724752542747,n_over_a,29.5,,all_litter,S3_visual_GT2,mixed (predominantly plastic),>2 cm (macro),"ship-based visual transect (10 m strip), macrolitter >2 cm",total floating marine macrolitter (all materials),all_litter_not_plastic,"published concentration, source rounding retained",10.1594/PANGAEA.890782,CC BY 3.0,https://doi.pangaea.de/10.1594/PANGAEA.890782,,measurement
S3:HE419_MarLitter_transect05,B,transfer_check,MPL-0027,S3_SE_NORTH_SEA,HE419_MarLitter_transect05,North Sea,2014-04-06,2014-04-06T12:23:00,2014-04-06T13:23:00,True,5.625,54.756,published_transect_center,strip,0.0,"LINESTRING (5.5331 54.6779, 5.7162 54.8349)",21.075,10.0,0.211,11.0,52.13270142180095,26.02445671676227,93.27980338057799,n_over_a,52.2,,all_litter,S3_visual_GT2,mixed (predominantly plastic),>2 cm (macro),"ship-based visual transect (10 m strip), macrolitter >2 cm",total floating marine macrolitter (all materials),all_litter_not_plastic,"published concentration, source rounding retained",10.1594/PANGAEA.890782,CC BY 3.0,https://doi.pangaea.de/10.1594/PANGAEA.890782,,measurement
S3:HE419_MarLitter_transect06,B,transfer_check,MPL-0035,S3_SE_NORTH_SEA,HE419_MarLitter_transect06,North Sea,2014-04-06,2014-04-06T14:39:00,2014-04-06T15:26:00,True,5.829,54.913,published_transect_center,strip,0.0,"LINESTRING (5.7489 54.8554, 5.9096 54.971)",16.525,10.0,0.165,5.0,30.3030303030303,9.839311455263157,70.71716411710709,n_over_a,30.3,,all_litter,S3_visual_GT2,mixed (predominantly plastic),>2 cm (macro),"ship-based visual transect (10 m strip), macrolitter >2 cm",total floating marine macrolitter (all materials),all_litter_not_plastic,"published concentration, source rounding retained",10.1594/PANGAEA.890782,CC BY 3.0,https://doi.pangaea.de/10.1594/PANGAEA.890782,,measurement
S3:HE419_MarLitter_transect07,B,transfer_check,MPL-0043,S3_SE_NORTH_SEA,HE419_MarLitter_transect07,North Sea,2014-04-06,2014-04-06T16:23:00,2014-04-06T17:08:00,True,5.823,54.993,published_transect_center,strip,0.0,"LINESTRING (5.925 54.984, 5.7218 55.0031)",13.13,10.0,0.131,4.0,30.534351145038165,8.319583004781107,78.18006622445567,n_over_a,30.5,,all_litter,S3_visual_GT2,mixed (predominantly plastic),>2 cm (macro),"ship-based visual transect (10 m strip), macrolitter >2 cm",total floating marine macrolitter (all materials),all_litter_not_plastic,"published concentration, source rounding retained",10.1594/PANGAEA.890782,CC BY 3.0,https://doi.pangaea.de/10.1594/PANGAEA.890782,,measurement
S3:HE419_MarLitter_transect08,B,transfer_check,MPL-0039,S3_SE_NORTH_SEA,HE419_MarLitter_transect08,North Sea,2014-04-06,2014-04-06T18:58:00,2014-04-06T19:41:00,True,5.616,54.954,published_transect_center,strip,0.0,"LINESTRING (5.6958 54.9746, 5.5365 54.9331)",11.462,10.0,0.115,3.0,26.08695652173913,5.379757590396534,76.23715712819411,n_over_a,26.2,,all_litter,S3_visual_GT2,mixed (predominantly plastic),>2 cm (macro),"ship-based visual transect (10 m strip), macrolitter >2 cm",total floating marine macrolitter (all materials),all_litter_not_plastic,"published concentration, source rounding retained",10.1594/PANGAEA.890782,CC BY 3.0,https://doi.pangaea.de/10.1594/PANGAEA.890782,,measurement
S3:HE419_MarLitter_transect09,B,transfer_check,MPL-0060,S3_SE_NORTH_SEA,HE419_MarLitter_transect09,North Sea,2014-04-07,2014-04-07T07:54:00,2014-04-07T08:40:00,True,5.413,55.019,published_transect_center,strip,0.0,"LINESTRING (5.3511 54.9608, 5.4744 55.0779)",15.205,10.0,0.152,7.0,46.05263157894737,18.515546391578074,94.88602211646301,n_over_a,46.0,,all_litter,S3_visual_GT2,mixed (predominantly plastic),>2 cm (macro),"ship-based visual transect (10 m strip), macrolitter >2 cm",total floating marine macrolitter (all materials),all_litter_not_plastic,"published concentration, source rounding retained",10.1594/PANGAEA.890782,CC BY 3.0,https://doi.pangaea.de/10.1594/PANGAEA.890782,,measurement
S3:HE419_MarLitter_transect10,B,transfer_check,MPL-0073,S3_SE_NORTH_SEA,HE419_MarLitter_transect10,North Sea,2014-04-07,2014-04-07T09:53:00,2014-04-07T10:43:00,True,5.584,55.104,published_transect_center,strip,0.0,"LINESTRING (5.4783 55.0765, 5.6894 55.1319)",14.98,10.0,0.15,5.0,33.333333333333336,10.823242600789474,77.78888052881781,n_over_a,33.4,,all_litter,S3_visual_GT2,mixed (predominantly plastic),>2 cm (macro),"ship-based visual transect (10 m strip), macrolitter >2 cm",total floating marine macrolitter (all materials),all_litter_not_plastic,"published concentration, source rounding retained",10.1594/PANGAEA.890782,CC BY 3.0,https://doi.pangaea.de/10.1594/PANGAEA.890782,,measurement
S3:HE419_MarLitter_transect11,B,transfer_check,MPL-0076,S3_SE_NORTH_SEA,HE419_MarLitter_transect11,North Sea,2014-04-07,2014-04-07T12:21:00,2014-04-07T13:14:00,True,5.545,55.111,published_transect_center,strip,0.0,"LINESTRING (5.6711 55.1139, 5.4181 55.1086)",16.095,10.0,0.161,5.0,31.055900621118013,10.083766398251063,72.47411229392964,n_over_a,31.1,,all_litter,S3_visual_GT2,mixed (predominantly plastic),>2 cm (macro),"ship-based visual transect (10 m strip), macrolitter >2 cm",total floating marine macrolitter (all materials),all_litter_not_plastic,"published concentration, source rounding retained",10.1594/PANGAEA.890782,CC BY 3.0,https://doi.pangaea.de/10.1594/PANGAEA.890782,,measurement
S3:HE419_MarLitter_transect12,B,transfer_check,MPL-0067,S3_SE_NORTH_SEA,HE419_MarLitter_transect12,North Sea,2014-04-07,2014-04-07T14:45:00,2014-04-07T15:28:00,True,5.283,55.053,published_transect_center,strip,0.0,"LINESTRING (5.3657 55.0833, 5.2009 55.0223)",12.491,10.0,0.125,6.0,48.0,17.61515402792681,104.47579218014948,n_over_a,48.0,,all_litter,S3_visual_GT2,mixed (predominantly plastic),>2 cm (macro),"ship-based visual transect (10 m strip), macrolitter >2 cm",total floating marine macrolitter (all materials),all_litter_not_plastic,"published concentration, source rounding retained",10.1594/PANGAEA.890782,CC BY 3.0,https://doi.pangaea.de/10.1594/PANGAEA.890782,,measurement
S3:HE419_MarLitter_transect13,B,transfer_check,MPL-0051,S3_SE_NORTH_SEA,HE419_MarLitter_transect13,North Sea,2014-04-07,2014-04-07T16:21:00,2014-04-07T16:58:00,True,5.131,54.971,published_transect_center,strip,0.0,"LINESTRING (5.1862 55.0054, 5.0767 54.9361)",10.401,10.0,0.104,8.0,76.92307692307692,33.20992477642791,151.5691271172434,n_over_a,76.9,,all_litter,S3_visual_GT2,mixed (predominantly plastic),>2 cm (macro),"ship-based visual transect (10 m strip), macrolitter >2 cm",total floating marine macrolitter (all materials),all_litter_not_plastic,"published concentration, source rounding retained",10.1594/PANGAEA.890782,CC BY 3.0,https://doi.pangaea.de/10.1594/PANGAEA.890782,,measurement
S3:HE419_MarLitter_transect14,B,transfer_check,MPL-0056,S3_SE_NORTH_SEA,HE419_MarLitter_transect14,North Sea,2014-04-07,2014-04-07T18:23:00,2014-04-07T19:27:00,True,5.002,55.005,published_transect_center,strip,0.0,"LINESTRING (5.0713 54.9245, 4.9323 55.085)",20.445,10.0,0.204,7.0,34.31372549019608,13.795897311371899,70.69938902795283,n_over_a,34.2,,all_litter,S3_visual_GT2,mixed (predominantly plastic),>2 cm (macro),"ship-based visual transect (10 m strip), macrolitter >2 cm",total floating marine macrolitter (all materials),all_litter_not_plastic,"published concentration, source rounding retained",10.1594/PANGAEA.890782,CC BY 3.0,https://doi.pangaea.de/10.1594/PANGAEA.890782,,measurement
S3:HE419_MarLitter_transect15,B,transfer_check,MPL-0087,S3_SE_NORTH_SEA,HE419_MarLitter_transect15,North Sea,2014-04-08,2014-04-08T08:50:00,2014-04-08T09:18:00,True,3.431,55.772,published_transect_center,strip,0.0,"LINESTRING (3.4593 55.7547, 3.4031 55.7888)",5.222,10.0,0.052,1.0,19.23076923076923,0.4868809227748057,107.1469882872865,n_over_a,19.1,,all_litter,S3_visual_GT2,mixed (predominantly plastic),>2 cm (macro),"ship-based visual transect (10 m strip), macrolitter >2 cm",total floating marine macrolitter (all materials),all_litter_not_plastic,"published concentration, source rounding retained",10.1594/PANGAEA.890782,CC BY 3.0,https://doi.pangaea.de/10.1594/PANGAEA.890782,,measurement
S3:HE419_MarLitter_transect16,B,transfer_check,MPL-0092,S3_SE_NORTH_SEA,HE419_MarLitter_transect16,North Sea,2014-04-08,2014-04-08T12:16:00,2014-04-08T12:44:00,True,3.419,55.878,published_transect_center,strip,0.0,"LINESTRING (3.4212 55.8511, 3.4177 55.9045)",5.943,10.0,0.059,1.0,16.949152542372882,0.42911538956423556,94.4346337447271,n_over_a,16.8,,all_litter,S3_visual_GT2,mixed (predominantly plastic),>2 cm (macro),"ship-based visual transect (10 m strip), macrolitter >2 cm",total floating marine macrolitter (all materials),all_litter_not_plastic,"published concentration, source rounding retained",10.1594/PANGAEA.890782,CC BY 3.0,https://doi.pangaea.de/10.1594/PANGAEA.890782,,measurement
S3:HE419_MarLitter_transect17,B,transfer_check,MPL-0094,S3_SE_NORTH_SEA,HE419_MarLitter_transect17,North Sea,2014-04-08,2014-04-08T13:36:00,2014-04-08T14:05:00,True,3.541,55.878,published_transect_center,strip,0.0,"LINESTRING (3.4487 55.8938, 3.6341 55.8614)",12.104,10.0,0.121,1.0,8.264462809917356,0.20923808251479253,46.04663959453635,n_over_a,8.3,,all_litter,S3_visual_GT2,mixed (predominantly plastic),>2 cm (macro),"ship-based visual transect (10 m strip), macrolitter >2 cm",total floating marine macrolitter (all materials),all_litter_not_plastic,"published concentration, source rounding retained",10.1594/PANGAEA.890782,CC BY 3.0,https://doi.pangaea.de/10.1594/PANGAEA.890782,,measurement
S3:HE419_MarLitter_transect18,B,transfer_check,MPL-0085,S3_SE_NORTH_SEA,HE419_MarLitter_transect18,North Sea,2014-04-08,2014-04-08T15:06:00,2014-04-08T15:52:00,True,3.719,55.767,published_transect_center,strip,0.0,"LINESTRING (3.6361 55.8023, 3.802 55.7312)",13.161,10.0,0.132,4.0,30.3030303030303,8.256555860805493,77.58779299548253,n_over_a,30.4,,all_litter,S3_visual_GT2,mixed (predominantly plastic),>2 cm (macro),"ship-based visual transect (10 m strip), macrolitter >2 cm",total floating marine macrolitter (all materials),all_litter_not_plastic,"published concentration, source rounding retained",10.1594/PANGAEA.890782,CC BY 3.0,https://doi.pangaea.de/10.1594/PANGAEA.890782,,measurement
S3:HE419_MarLitter_transect19,B,transfer_check,MPL-0101,S3_SE_NORTH_SEA,HE419_MarLitter_transect19,North Sea,2014-04-09,2014-04-09T08:47:00,2014-04-09T09:24:00,True,4.997,55.264,published_transect_center,strip,0.0,"LINESTRING (4.9008 55.2711, 5.094 55.2575)",12.323,10.0,0.123,1.0,8.130081300813009,0.20583583727064958,45.297913747470716,n_over_a,8.1,,all_litter,S3_visual_GT2,mixed (predominantly plastic),>2 cm (macro),"ship-based visual transect (10 m strip), macrolitter >2 cm",total floating marine macrolitter (all materials),all_litter_not_plastic,"published concentration, source rounding retained",10.1594/PANGAEA.890782,CC BY 3.0,https://doi.pangaea.de/10.1594/PANGAEA.890782,,measurement
S3:HE419_MarLitter_transect20,B,transfer_check,MPL-0096,S3_SE_NORTH_SEA,HE419_MarLitter_transect20,North Sea,2014-04-09,2014-04-09T13:01:00,2014-04-09T16:52:00,True,5.467,55.232,published_transect_center,strip,0.0,"LINESTRING (5.3346 55.2206, 5.5991 55.2433)",16.959,10.0,0.17,4.0,23.52941176470588,6.410972786037206,60.24463926708055,n_over_a,23.6,,all_litter,S3_visual_GT2,mixed (predominantly plastic),>2 cm (macro),"ship-based visual transect (10 m strip), macrolitter >2 cm",total floating marine macrolitter (all materials),all_litter_not_plastic,"published concentration, source rounding retained",10.1594/PANGAEA.890782,CC BY 3.0,https://doi.pangaea.de/10.1594/PANGAEA.890782,,measurement
S3:HE419_MarLitter_transect21,B,transfer_check,MPL-0107,S3_SE_NORTH_SEA,HE419_MarLitter_transect21,North Sea,2014-04-09,2014-04-09T15:03:00,2014-04-09T15:51:00,True,5.636,55.328,published_transect_center,strip,0.0,"LINESTRING (5.6354 55.2639, 5.6369 55.3926)",14.32,10.0,0.143,3.0,20.97902097902098,4.326378481787423,61.309601886309956,n_over_a,20.9,,all_litter,S3_visual_GT2,mixed (predominantly plastic),>2 cm (macro),"ship-based visual transect (10 m strip), macrolitter >2 cm",total floating marine macrolitter (all materials),all_litter_not_plastic,"published concentration, source rounding retained",10.1594/PANGAEA.890782,CC BY 3.0,https://doi.pangaea.de/10.1594/PANGAEA.890782,,measurement
S3:HE419_MarLitter_transect22,B,transfer_check,MPL-0109,S3_SE_NORTH_SEA,HE419_MarLitter_transect22,North Sea,2014-04-09,2014-04-09T17:06:00,2014-04-09T17:30:00,True,5.687,55.43,published_transect_center,strip,0.0,"LINESTRING (5.6466 55.4029, 5.7274 55.4572)",7.897,10.0,0.079,1.0,12.658227848101266,0.32047858207961893,70.52713153087213,n_over_a,12.7,,all_litter,S3_visual_GT2,mixed (predominantly plastic),>2 cm (macro),"ship-based visual transect (10 m strip), macrolitter >2 cm",total floating marine macrolitter (all materials),all_litter_not_plastic,"published concentration, source rounding retained",10.1594/PANGAEA.890782,CC BY 3.0,https://doi.pangaea.de/10.1594/PANGAEA.890782,,measurement
S3:HE419_MarLitter_transect23,B,transfer_check,MPL-0114,S3_SE_NORTH_SEA,HE419_MarLitter_transect23,North Sea,2014-04-10,2014-04-10T09:31:00,2014-04-10T09:54:00,True,6.403,55.11,published_transect_center,strip,0.0,"LINESTRING (6.4045 55.0765, 6.4012 55.1444)",7.549,10.0,0.075,11.0,146.66666666666669,73.21547156315786,262.4271801773594,n_over_a,145.7,,all_litter,S3_visual_GT2,mixed (predominantly plastic),>2 cm (macro),"ship-based visual transect (10 m strip), macrolitter >2 cm",total floating marine macrolitter (all materials),all_litter_not_plastic,"published concentration, source rounding retained",10.1594/PANGAEA.890782,CC BY 3.0,https://doi.pangaea.de/10.1594/PANGAEA.890782,,measurement
S3:HE419_MarLitter_transect24,B,transfer_check,MPL-0123,S3_SE_NORTH_SEA,HE419_MarLitter_transect24,North Sea,2014-04-10,2014-04-10T12:15:00,2014-04-10T12:53:00,True,6.318,55.179,published_transect_center,strip,0.0,"LINESTRING (6.3718 55.1489, 6.2648 55.209)",9.63,10.0,0.096,3.0,31.25,6.444501280162515,91.3257611431492,n_over_a,31.2,,all_litter,S3_visual_GT2,mixed (predominantly plastic),>2 cm (macro),"ship-based visual transect (10 m strip), macrolitter >2 cm",total floating marine macrolitter (all materials),all_litter_not_plastic,"published concentration, source rounding retained",10.1594/PANGAEA.890782,CC BY 3.0,https://doi.pangaea.de/10.1594/PANGAEA.890782,,measurement
S3:HE419_MarLitter_transect25,B,transfer_check,MPL-0132,S3_SE_NORTH_SEA,HE419_MarLitter_transect25,North Sea,2014-04-10,2014-04-10T14:27:00,2014-04-10T15:13:00,True,6.331,55.263,published_transect_center,strip,0.0,"LINESTRING (6.251 55.2325, 6.4115 55.2926)",12.288,10.0,0.123,8.0,65.04065040650407,28.079936396329288,128.15600992027083,n_over_a,65.1,,all_litter,S3_visual_GT2,mixed (predominantly plastic),>2 cm (macro),"ship-based visual transect (10 m strip), macrolitter >2 cm",total floating marine macrolitter (all materials),all_litter_not_plastic,"published concentration, source rounding retained",10.1594/PANGAEA.890782,CC BY 3.0,https://doi.pangaea.de/10.1594/PANGAEA.890782,,measurement
S3:HE419_MarLitter_transect26,B,transfer_check,MPL-0138,S3_SE_NORTH_SEA,HE419_MarLitter_transect26,North Sea,2014-04-10,2014-04-10T16:07:00,2014-04-10T16:50:00,True,6.388,55.325,published_transect_center,strip,0.0,"LINESTRING (6.3938 55.2819, 6.3814 55.3674)",9.549,10.0,0.095,3.0,31.57894736842105,6.512338135743173,92.28708494465603,n_over_a,31.4,,all_litter,S3_visual_GT2,mixed (predominantly plastic),>2 cm (macro),"ship-based visual transect (10 m strip), macrolitter >2 cm",total floating marine macrolitter (all materials),all_litter_not_plastic,"published concentration, source rounding retained",10.1594/PANGAEA.890782,CC BY 3.0,https://doi.pangaea.de/10.1594/PANGAEA.890782,,measurement
S3:HE419_MarLitter_transect27,B,transfer_check,MPL-0141,S3_SE_NORTH_SEA,HE419_MarLitter_transect27,North Sea,2014-04-10,2014-04-10T18:19:00,2014-04-10T19:20:00,True,6.483,55.349,published_transect_center,strip,0.0,"LINESTRING (6.3812 55.3679, 6.5845 55.3293)",14.376,10.0,0.144,2.0,13.88888888888889,1.6820088787775354,50.17144213697195,n_over_a,13.9,,all_litter,S3_visual_GT2,mixed (predominantly plastic),>2 cm (macro),"ship-based visual transect (10 m strip), macrolitter >2 cm",total floating marine macrolitter (all materials),all_litter_not_plastic,"published concentration, source rounding retained",10.1594/PANGAEA.890782,CC BY 3.0,https://doi.pangaea.de/10.1594/PANGAEA.890782,,measurement
S3:HE419_MarLitter_transect28,B,transfer_check,MPL-0171,S3_SE_NORTH_SEA,HE419_MarLitter_transect28,North Sea,2014-04-11,2014-04-11T08:31:00,2014-04-11T09:10:00,True,8.14,54.955,published_transect_center,strip,0.0,"LINESTRING (8.1349 55.0073, 8.1459 54.9031)",11.602,10.0,0.116,5.0,43.103448275862064,13.995572328607079,100.58906964933337,n_over_a,43.1,,all_litter,S3_visual_GT2,mixed (predominantly plastic),>2 cm (macro),"ship-based visual transect (10 m strip), macrolitter >2 cm",total floating marine macrolitter (all materials),all_litter_not_plastic,"published concentration, source rounding retained",10.1594/PANGAEA.890782,CC BY 3.0,https://doi.pangaea.de/10.1594/PANGAEA.890782,,measurement
S3:HE419_MarLitter_transect29,B,transfer_check,MPL-0166,S3_SE_NORTH_SEA,HE419_MarLitter_transect29,North Sea,2014-04-11,2014-04-11T10:06:00,2014-04-11T11:17:00,True,8.136,54.785,published_transect_center,strip,0.0,"LINESTRING (8.1453 54.8892, 8.1272 54.6818)",23.093,10.0,0.231,4.0,17.316017316017316,4.718031920460281,44.3358817117043,n_over_a,17.3,,all_litter,S3_visual_GT2,mixed (predominantly plastic),>2 cm (macro),"ship-based visual transect (10 m strip), macrolitter >2 cm",total floating marine macrolitter (all materials),all_litter_not_plastic,"published concentration, source rounding retained",10.1594/PANGAEA.890782,CC BY 3.0,https://doi.pangaea.de/10.1594/PANGAEA.890782,,measurement
S3:HE419_MarLitter_transect30,B,transfer_check,MPL-0158,S3_SE_NORTH_SEA,HE419_MarLitter_transect30,North Sea,2014-04-11,2014-04-11T12:45:00,2014-04-11T13:30:00,True,8.014,54.554,published_transect_center,strip,0.0,"LINESTRING (8.0914 54.6052, 7.9362 54.5023)",15.379,10.0,0.154,30.0,194.80519480519482,131.4342468923436,278.0965285377121,n_over_a,195.1,,all_litter,S3_visual_GT2,mixed (predominantly plastic),>2 cm (macro),"ship-based visual transect (10 m strip), macrolitter >2 cm",total floating marine macrolitter (all materials),all_litter_not_plastic,"published concentration, source rounding retained",10.1594/PANGAEA.890782,CC BY 3.0,https://doi.pangaea.de/10.1594/PANGAEA.890782,,measurement
S3:HE419_MarLitter_transect31,B,transfer_check,MPL-0148,S3_SE_NORTH_SEA,HE419_MarLitter_transect31,North Sea,2014-04-11,2014-04-11T14:26:00,2014-04-11T15:12:00,True,7.798,54.41,published_transect_center,strip,0.0,"LINESTRING (7.8791 54.4665, 7.7169 54.3535)",16.517,10.0,0.165,1.0,6.0606060606060606,0.15344126051084786,33.767535702659984,n_over_a,6.1,,all_litter,S3_visual_GT2,mixed (predominantly plastic),>2 cm (macro),"ship-based visual transect (10 m strip), macrolitter >2 cm",total floating marine macrolitter (all materials),all_litter_not_plastic,"published concentration, source rounding retained",10.1594/PANGAEA.890782,CC BY 3.0,https://doi.pangaea.de/10.1594/PANGAEA.890782,,measurement
S3:HE419_MarLitter_transect32,B,transfer_check,MPL-0146,S3_SE_NORTH_SEA,HE419_MarLitter_transect32,North Sea,2014-04-11,2014-04-11T18:12:00,2014-04-11T18:56:00,True,7.945,54.409,published_transect_center,strip,0.0,"LINESTRING (7.7125 54.4021, 8.1771 54.4156)",30.463,10.0,0.305,6.0,19.672131147540984,7.2193254212814795,42.81794761481536,n_over_a,19.7,,all_litter,S3_visual_GT2,mixed (predominantly plastic),>2 cm (macro),"ship-based visual transect (10 m strip), macrolitter >2 cm",total floating marine macrolitter (all materials),all_litter_not_plastic,"published concentration, source rounding retained",10.1594/PANGAEA.890782,CC BY 3.0,https://doi.pangaea.de/10.1594/PANGAEA.890782,,measurement
S3:HE419_MarLitter_transect33,B,transfer_check,MPL-0192,S3_SE_NORTH_SEA,HE419_MarLitter_transect33,North Sea,2014-04-12,2014-04-12T08:06:00,2014-04-12T08:46:00,True,7.448,53.864,published_transect_center,strip,0.0,"LINESTRING (7.5324 53.872, 7.364 53.8567)",11.172,10.0,0.112,2.0,17.857142857142858,2.162582844142545,64.5061398903925,n_over_a,17.9,,all_litter,S3_visual_GT2,mixed (predominantly plastic),>2 cm (macro),"ship-based visual transect (10 m strip), macrolitter >2 cm",total floating marine macrolitter (all materials),all_litter_not_plastic,"published concentration, source rounding retained",10.1594/PANGAEA.890782,CC BY 3.0,https://doi.pangaea.de/10.1594/PANGAEA.890782,,measurement
S3:HE419_MarLitter_transect34,B,transfer_check,MPL-0183,S3_SE_NORTH_SEA,HE419_MarLitter_transect34,North Sea,2014-04-12,2014-04-12T09:32:00,2014-04-12T10:28:00,True,7.219,53.84,published_transect_center,strip,0.0,"LINESTRING (7.3339 53.8582, 7.1042 53.8228)",15.602,10.0,0.156,1.0,6.410256410256411,0.16229364092493523,35.715662762428835,n_over_a,6.4,,all_litter,S3_visual_GT2,mixed (predominantly plastic),>2 cm (macro),"ship-based visual transect (10 m strip), macrolitter >2 cm",total floating marine macrolitter (all materials),all_litter_not_plastic,"published concentration, source rounding retained",10.1594/PANGAEA.890782,CC BY 3.0,https://doi.pangaea.de/10.1594/PANGAEA.890782,,measurement
S3:HE419_MarLitter_transect35,B,transfer_check,MPL-0185,S3_SE_NORTH_SEA,HE419_MarLitter_transect35,North Sea,2014-04-12,2014-04-12T12:00:00,2014-04-12T12:42:00,True,6.991,53.842,published_transect_center,strip,0.0,"LINESTRING (7.0701 53.8133, 6.911 53.8704)",12.309,10.0,0.123,2.0,16.260162601626018,1.9691811263736998,58.73729811157691,n_over_a,16.2,,all_litter,S3_visual_GT2,mixed (predominantly plastic),>2 cm (macro),"ship-based visual transect (10 m strip), macrolitter >2 cm",total floating marine macrolitter (all materials),all_litter_not_plastic,"published concentration, source rounding retained",10.1594/PANGAEA.890782,CC BY 3.0,https://doi.pangaea.de/10.1594/PANGAEA.890782,,measurement
S3:HE419_MarLitter_transect36,B,transfer_check,MPL-0188,S3_SE_NORTH_SEA,HE419_MarLitter_transect36,North Sea,2014-04-12,2014-04-12T13:42:00,2014-04-12T14:11:00,True,6.785,53.85,published_transect_center,strip,0.0,"LINESTRING (6.8613 53.8576, 6.7093 53.8433)",10.086,10.0,0.101,1.0,9.900990099009901,0.2506713661810881,55.16478604889998,n_over_a,9.9,,all_litter,S3_visual_GT2,mixed (predominantly plastic),>2 cm (macro),"ship-based visual transect (10 m strip), macrolitter >2 cm",total floating marine macrolitter (all materials),all_litter_not_plastic,"published concentration, source rounding retained",10.1594/PANGAEA.890782,CC BY 3.0,https://doi.pangaea.de/10.1594/PANGAEA.890782,,measurement
S3:HE419_MarLitter_transect37,B,transfer_check,MPL-0179,S3_SE_NORTH_SEA,HE419_MarLitter_transect37,North Sea,2014-04-12,2014-04-12T15:46:00,2014-04-12T16:31:00,True,6.539,53.77,published_transect_center,strip,0.0,"LINESTRING (6.5888 53.8101, 6.4895 53.7302)",11.037,10.0,0.11,1.0,9.090909090909092,0.2301618907662718,50.65130355398998,n_over_a,9.1,,all_litter,S3_visual_GT2,mixed (predominantly plastic),>2 cm (macro),"ship-based visual transect (10 m strip), macrolitter >2 cm",total floating marine macrolitter (all materials),all_litter_not_plastic,"published concentration, source rounding retained",10.1594/PANGAEA.890782,CC BY 3.0,https://doi.pangaea.de/10.1594/PANGAEA.890782,,measurement
S3:HE419_MarLitter_transect38,B,transfer_check,MPL-0176,S3_SE_NORTH_SEA,HE419_MarLitter_transect38,North Sea,2014-04-12,2014-04-12T17:21:00,2014-04-12T17:50:00,True,6.457,53.7,published_transect_center,strip,0.0,"LINESTRING (6.4934 53.7163, 6.4199 53.6839)",6.235,10.0,0.062,2.0,32.25806451612903,3.9066012668381465,116.52722044716064,n_over_a,32.1,,all_litter,S3_visual_GT2,mixed (predominantly plastic),>2 cm (macro),"ship-based visual transect (10 m strip), macrolitter >2 cm",total floating marine macrolitter (all materials),all_litter_not_plastic,"published concentration, source rounding retained",10.1594/PANGAEA.890782,CC BY 3.0,https://doi.pangaea.de/10.1594/PANGAEA.890782,,measurement
S3:HE460_MarLitter_transect01,B,transfer_check,MPL-0779,S3_SE_NORTH_SEA,HE460_MarLitter_transect01,North Sea,2016-04-08,2016-04-08T16:17:00,2016-04-08T17:00:00,True,7.92,54.238,published_transect_center,strip,0.0,"LINESTRING (7.9198 54.2381, 7.9198 54.2381)",15.102,10.0,0.151,3.0,19.867549668874172,4.097166376792063,58.06141105789618,n_over_a,19.9,,all_litter,S3_visual_GT2,mixed (predominantly plastic),>2 cm (macro),"ship-based visual transect (10 m strip), macrolitter >2 cm",total floating marine macrolitter (all materials),all_litter_not_plastic,"published concentration, source rounding retained",10.1594/PANGAEA.890782,CC BY 3.0,https://doi.pangaea.de/10.1594/PANGAEA.890782,,measurement
S3:HE460_MarLitter_transect02,B,transfer_check,MPL-0787,S3_SE_NORTH_SEA,HE460_MarLitter_transect02,North Sea,2016-04-09,2016-04-09T14:58:00,2016-04-09T15:58:00,True,7.354,54.417,published_transect_center,strip,0.0,"LINESTRING (7.5161 54.3924, 7.193 54.4415)",21.663,10.0,0.217,7.0,32.25806451612903,12.969414983962523,66.46394175899712,n_over_a,32.3,,all_litter,S3_visual_GT2,mixed (predominantly plastic),>2 cm (macro),"ship-based visual transect (10 m strip), macrolitter >2 cm",total floating marine macrolitter (all materials),all_litter_not_plastic,"published concentration, source rounding retained",10.1594/PANGAEA.890782,CC BY 3.0,https://doi.pangaea.de/10.1594/PANGAEA.890782,,measurement
S3:HE460_MarLitter_transect03,B,transfer_check,MPL-0798,S3_SE_NORTH_SEA,HE460_MarLitter_transect03,North Sea,2016-04-10,2016-04-10T16:15:00,2016-04-10T17:18:00,True,6.638,54.841,published_transect_center,strip,0.0,"LINESTRING (6.7159 54.7483, 6.56 54.9341)",22.93,10.0,0.229,12.0,52.40174672489083,27.076747199660346,91.53530588723564,n_over_a,52.3,,all_litter,S3_visual_GT2,mixed (predominantly plastic),>2 cm (macro),"ship-based visual transect (10 m strip), macrolitter >2 cm",total floating marine macrolitter (all materials),all_litter_not_plastic,"published concentration, source rounding retained",10.1594/PANGAEA.890782,CC BY 3.0,https://doi.pangaea.de/10.1594/PANGAEA.890782,,measurement
S4:DOORS3:T1,B,train,MPL-0904,S4_BLACK_SEA_DOORS3,T1,Black Sea,2024-06-02,2024-06-02T00:00:00,2024-06-03T00:00:00,False,29.6227,43.60877,reported_transect_center,point,3.0,POINT (29.6227 43.60877),,,,,192.54,,,published,192.54,,all_litter,S4_visual_GT2_5,mixed (predominantly plastic),>2.5 cm (macro),"ship-based visual transect, floating macro litter >2.5 cm",total floating macro litter (>2.5 cm),all_litter_not_plastic;numerator_area_unavailable;source_not_revalidated_in_repair,retained reported all-litter density; numerator/area not reconstructed,10.5281/zenodo.15129753,CC BY 4.0,https://zenodo.org/records/15129753,,measurement
S4:DOORS3:T10,B,train,MPL-0905,S4_BLACK_SEA_DOORS3,T10,Black Sea,2024-06-03,2024-06-03T00:00:00,2024-06-04T00:00:00,False,34.07009,42.88389,reported_transect_center,point,3.0,POINT (34.07009 42.88389),,,,,256.07,,,published,256.07,,all_litter,S4_visual_GT2_5,mixed (predominantly plastic),>2.5 cm (macro),"ship-based visual transect, floating macro litter >2.5 cm",total floating macro litter (>2.5 cm),all_litter_not_plastic;numerator_area_unavailable;source_not_revalidated_in_repair,retained reported all-litter density; numerator/area not reconstructed,10.5281/zenodo.15129753,CC BY 4.0,https://zenodo.org/records/15129753,,measurement
S4:DOORS3:T11,B,train,MPL-0919,S4_BLACK_SEA_DOORS3,T11,Black Sea,2024-06-04,2024-06-04T00:00:00,2024-06-05T00:00:00,False,36.67806,42.49278,reported_transect_center,point,3.0,POINT (36.67806 42.49278),,,,,62.52,,,published,62.52,,all_litter,S4_visual_GT2_5,mixed (predominantly plastic),>2.5 cm (macro),"ship-based visual transect, floating macro litter >2.5 cm",total floating macro litter (>2.5 cm),all_litter_not_plastic;numerator_area_unavailable;source_not_revalidated_in_repair,retained reported all-litter density; numerator/area not reconstructed,10.5281/zenodo.15129753,CC BY 4.0,https://zenodo.org/records/15129753,,measurement
S4:DOORS3:T12,B,train,MPL-0918,S4_BLACK_SEA_DOORS3,T12,Black Sea,2024-06-04,2024-06-04T00:00:00,2024-06-05T00:00:00,False,37.03694,42.43722,reported_transect_center,point,3.0,POINT (37.03694 42.43722),,,,,48.97,,,published,48.97,,all_litter,S4_visual_GT2_5,mixed (predominantly plastic),>2.5 cm (macro),"ship-based visual transect, floating macro litter >2.5 cm",total floating macro litter (>2.5 cm),all_litter_not_plastic;numerator_area_unavailable;source_not_revalidated_in_repair,retained reported all-litter density; numerator/area not reconstructed,10.5281/zenodo.15129753,CC BY 4.0,https://zenodo.org/records/15129753,,measurement
S4:DOORS3:T13,B,train,MPL-0917,S4_BLACK_SEA_DOORS3,T13,Black Sea,2024-06-04,2024-06-04T00:00:00,2024-06-05T00:00:00,False,37.32999,42.39014,reported_transect_center,point,3.0,POINT (37.32999 42.39014),,,,,263.57,,,published,263.57,,all_litter,S4_visual_GT2_5,mixed (predominantly plastic),>2.5 cm (macro),"ship-based visual transect, floating macro litter >2.5 cm",total floating macro litter (>2.5 cm),all_litter_not_plastic;numerator_area_unavailable;source_not_revalidated_in_repair,retained reported all-litter density; numerator/area not reconstructed,10.5281/zenodo.15129753,CC BY 4.0,https://zenodo.org/records/15129753,,measurement
S4:DOORS3:T14,B,train,MPL-0916,S4_BLACK_SEA_DOORS3,T14,Black Sea,2024-06-04,2024-06-04T00:00:00,2024-06-05T00:00:00,False,37.66594,42.33851,reported_transect_center,point,3.0,POINT (37.66594 42.33851),,,,,89.39,,,published,89.39,,all_litter,S4_visual_GT2_5,mixed (predominantly plastic),>2.5 cm (macro),"ship-based visual transect, floating macro litter >2.5 cm",total floating macro litter (>2.5 cm),all_litter_not_plastic;numerator_area_unavailable;source_not_revalidated_in_repair,retained reported all-litter density; numerator/area not reconstructed,10.5281/zenodo.15129753,CC BY 4.0,https://zenodo.org/records/15129753,,measurement
S4:DOORS3:T15,B,train,MPL-0915,S4_BLACK_SEA_DOORS3,T15,Black Sea,2024-06-04,2024-06-04T00:00:00,2024-06-05T00:00:00,False,37.87974,42.30189,reported_transect_center,point,3.0,POINT (37.87974 42.30189),,,,,127.14,,,published,127.14,,all_litter,S4_visual_GT2_5,mixed (predominantly plastic),>2.5 cm (macro),"ship-based visual transect, floating macro litter >2.5 cm",total floating macro litter (>2.5 cm),all_litter_not_plastic;numerator_area_unavailable;source_not_revalidated_in_repair,retained reported all-litter density; numerator/area not reconstructed,10.5281/zenodo.15129753,CC BY 4.0,https://zenodo.org/records/15129753,,measurement
S4:DOORS3:T16,B,train,MPL-0914,S4_BLACK_SEA_DOORS3,T16,Black Sea,2024-06-04,2024-06-04T00:00:00,2024-06-05T00:00:00,False,38.13714,42.26162,reported_transect_center,point,3.0,POINT (38.13714 42.26162),,,,,64.91,,,published,64.91,,all_litter,S4_visual_GT2_5,mixed (predominantly plastic),>2.5 cm (macro),"ship-based visual transect, floating macro litter >2.5 cm",total floating macro litter (>2.5 cm),all_litter_not_plastic;numerator_area_unavailable;source_not_revalidated_in_repair,retained reported all-litter density; numerator/area not reconstructed,10.5281/zenodo.15129753,CC BY 4.0,https://zenodo.org/records/15129753,,measurement
S4:DOORS3:T17,B,train,MPL-0913,S4_BLACK_SEA_DOORS3,T17,Black Sea,2024-06-04,2024-06-04T00:00:00,2024-06-05T00:00:00,False,38.41583,42.21806,reported_transect_center,point,3.0,POINT (38.41583 42.21806),,,,,89.61,,,published,89.61,,all_litter,S4_visual_GT2_5,mixed (predominantly plastic),>2.5 cm (macro),"ship-based visual transect, floating macro litter >2.5 cm",total floating macro litter (>2.5 cm),all_litter_not_plastic;numerator_area_unavailable;source_not_revalidated_in_repair,retained reported all-litter density; numerator/area not reconstructed,10.5281/zenodo.15129753,CC BY 4.0,https://zenodo.org/records/15129753,,measurement
S4:DOORS3:T18,B,train,MPL-0921,S4_BLACK_SEA_DOORS3,T18,Black Sea,2024-06-05,2024-06-05T00:00:00,2024-06-06T00:00:00,False,41.069,41.80211,reported_transect_center,point,3.0,POINT (41.069 41.80211),,,,,348.74,,,published,348.74,,all_litter,S4_visual_GT2_5,mixed (predominantly plastic),>2.5 cm (macro),"ship-based visual transect, floating macro litter >2.5 cm",total floating macro litter (>2.5 cm),all_litter_not_plastic;numerator_area_unavailable;source_not_revalidated_in_repair,retained reported all-litter density; numerator/area not reconstructed,10.5281/zenodo.15129753,CC BY 4.0,https://zenodo.org/records/15129753,,measurement
S4:DOORS3:T19,B,train,MPL-0920,S4_BLACK_SEA_DOORS3,T19,Black Sea,2024-06-05,2024-06-05T00:00:00,2024-06-06T00:00:00,False,41.24776,41.77479,reported_transect_center,point,3.0,POINT (41.24776 41.77479),,,,,544.69,,,published,544.69,,all_litter,S4_visual_GT2_5,mixed (predominantly plastic),>2.5 cm (macro),"ship-based visual transect, floating macro litter >2.5 cm",total floating macro litter (>2.5 cm),all_litter_not_plastic;numerator_area_unavailable;source_not_revalidated_in_repair,retained reported all-litter density; numerator/area not reconstructed,10.5281/zenodo.15129753,CC BY 4.0,https://zenodo.org/records/15129753,,measurement
S4:DOORS3:T2,B,train,MPL-0903,S4_BLACK_SEA_DOORS3,T2,Black Sea,2024-06-02,2024-06-02T00:00:00,2024-06-03T00:00:00,False,29.83056,43.55139,reported_transect_center,point,3.0,POINT (29.83056 43.55139),,,,,439.84,,,published,439.84,,all_litter,S4_visual_GT2_5,mixed (predominantly plastic),>2.5 cm (macro),"ship-based visual transect, floating macro litter >2.5 cm",total floating macro litter (>2.5 cm),all_litter_not_plastic;numerator_area_unavailable;source_not_revalidated_in_repair,retained reported all-litter density; numerator/area not reconstructed,10.5281/zenodo.15129753,CC BY 4.0,https://zenodo.org/records/15129753,,measurement
S4:DOORS3:T20,B,train,MPL-0923,S4_BLACK_SEA_DOORS3,T20,Black Sea,2024-06-07,2024-06-07T00:00:00,2024-06-08T00:00:00,False,41.63597,41.72292,reported_transect_center,point,3.0,POINT (41.63597 41.72292),,,,,224.92,,,published,224.92,,all_litter,S4_visual_GT2_5,mixed (predominantly plastic),>2.5 cm (macro),"ship-based visual transect, floating macro litter >2.5 cm",total floating macro litter (>2.5 cm),all_litter_not_plastic;numerator_area_unavailable;source_not_revalidated_in_repair,retained reported all-litter density; numerator/area not reconstructed,10.5281/zenodo.15129753,CC BY 4.0,https://zenodo.org/records/15129753,,measurement
S4:DOORS3:T21,B,train,MPL-0922,S4_BLACK_SEA_DOORS3,T21,Black Sea,2024-06-07,2024-06-07T00:00:00,2024-06-08T00:00:00,False,41.54911,41.5955,reported_transect_center,point,3.0,POINT (41.54911 41.5955),,,,,67.34,,,published,67.34,,all_litter,S4_visual_GT2_5,mixed (predominantly plastic),>2.5 cm (macro),"ship-based visual transect, floating macro litter >2.5 cm",total floating macro litter (>2.5 cm),all_litter_not_plastic;numerator_area_unavailable;source_not_revalidated_in_repair,retained reported all-litter density; numerator/area not reconstructed,10.5281/zenodo.15129753,CC BY 4.0,https://zenodo.org/records/15129753,,measurement
S4:DOORS3:T22,B,train,MPL-0924,S4_BLACK_SEA_DOORS3,T22,Black Sea,2024-06-09,2024-06-09T00:00:00,2024-06-10T00:00:00,False,41.57697,42.17581,reported_transect_center,point,3.0,POINT (41.57697 42.17581),,,,,814.08,,,published,814.08,,all_litter,S4_visual_GT2_5,mixed (predominantly plastic),>2.5 cm (macro),"ship-based visual transect, floating macro litter >2.5 cm",total floating macro litter (>2.5 cm),all_litter_not_plastic;numerator_area_unavailable;source_not_revalidated_in_repair,retained reported all-litter density; numerator/area not reconstructed,10.5281/zenodo.15129753,CC BY 4.0,https://zenodo.org/records/15129753,,measurement
S4:DOORS3:T23,B,train,MPL-0926,S4_BLACK_SEA_DOORS3,T23,Black Sea,2024-06-10,2024-06-10T00:00:00,2024-06-11T00:00:00,False,41.54807,42.34066,reported_transect_center,point,3.0,POINT (41.54807 42.34066),,,,,102.37,,,published,102.37,,all_litter,S4_visual_GT2_5,mixed (predominantly plastic),>2.5 cm (macro),"ship-based visual transect, floating macro litter >2.5 cm",total floating macro litter (>2.5 cm),all_litter_not_plastic;numerator_area_unavailable;source_not_revalidated_in_repair,retained reported all-litter density; numerator/area not reconstructed,10.5281/zenodo.15129753,CC BY 4.0,https://zenodo.org/records/15129753,,measurement
S4:DOORS3:T24,B,train,MPL-0925,S4_BLACK_SEA_DOORS3,T24,Black Sea,2024-06-10,2024-06-10T00:00:00,2024-06-11T00:00:00,False,41.57478,42.19727,reported_transect_center,point,3.0,POINT (41.57478 42.19727),,,,,600.49,,,published,600.49,,all_litter,S4_visual_GT2_5,mixed (predominantly plastic),>2.5 cm (macro),"ship-based visual transect, floating macro litter >2.5 cm",total floating macro litter (>2.5 cm),all_litter_not_plastic;numerator_area_unavailable;source_not_revalidated_in_repair,retained reported all-litter density; numerator/area not reconstructed,10.5281/zenodo.15129753,CC BY 4.0,https://zenodo.org/records/15129753,,measurement
S4:DOORS3:T25,B,train,MPL-0927,S4_BLACK_SEA_DOORS3,T25,Black Sea,2024-06-11,2024-06-11T00:00:00,2024-06-12T00:00:00,False,41.67792,42.037,reported_transect_center,point,3.0,POINT (41.67792 42.037),,,,,976.01,,,published,976.01,,all_litter,S4_visual_GT2_5,mixed (predominantly plastic),>2.5 cm (macro),"ship-based visual transect, floating macro litter >2.5 cm",total floating macro litter (>2.5 cm),all_litter_not_plastic;numerator_area_unavailable;source_not_revalidated_in_repair,retained reported all-litter density; numerator/area not reconstructed,10.5281/zenodo.15129753,CC BY 4.0,https://zenodo.org/records/15129753,,measurement
S4:DOORS3:T26,B,train,MPL-0928,S4_BLACK_SEA_DOORS3,T26,Black Sea,2024-06-14,2024-06-14T00:00:00,2024-06-15T00:00:00,False,41.01448,41.75572,reported_transect_center,point,3.0,POINT (41.01448 41.75572),,,,,85.69,,,published,85.69,,all_litter,S4_visual_GT2_5,mixed (predominantly plastic),>2.5 cm (macro),"ship-based visual transect, floating macro litter >2.5 cm",total floating macro litter (>2.5 cm),all_litter_not_plastic;numerator_area_unavailable;source_not_revalidated_in_repair,retained reported all-litter density; numerator/area not reconstructed,10.5281/zenodo.15129753,CC BY 4.0,https://zenodo.org/records/15129753,,measurement
S4:DOORS3:T27,B,train,MPL-0929,S4_BLACK_SEA_DOORS3,T27,Black Sea,2024-06-14,2024-06-14T00:00:00,2024-06-15T00:00:00,False,40.71548,41.78824,reported_transect_center,point,3.0,POINT (40.71548 41.78824),,,,,144.3,,,published,144.3,,all_litter,S4_visual_GT2_5,mixed (predominantly plastic),>2.5 cm (macro),"ship-based visual transect, floating macro litter >2.5 cm",total floating macro litter (>2.5 cm),all_litter_not_plastic;numerator_area_unavailable;source_not_revalidated_in_repair,retained reported all-litter density; numerator/area not reconstructed,10.5281/zenodo.15129753,CC BY 4.0,https://zenodo.org/records/15129753,,measurement
S4:DOORS3:T28,B,train,MPL-0930,S4_BLACK_SEA_DOORS3,T28,Black Sea,2024-06-14,2024-06-14T00:00:00,2024-06-15T00:00:00,False,40.38475,41.83251,reported_transect_center,point,3.0,POINT (40.38475 41.83251),,,,,356.56,,,published,356.56,,all_litter,S4_visual_GT2_5,mixed (predominantly plastic),>2.5 cm (macro),"ship-based visual transect, floating macro litter >2.5 cm",total floating macro litter (>2.5 cm),all_litter_not_plastic;numerator_area_unavailable;source_not_revalidated_in_repair,retained reported all-litter density; numerator/area not reconstructed,10.5281/zenodo.15129753,CC BY 4.0,https://zenodo.org/records/15129753,,measurement
S4:DOORS3:T29,B,train,MPL-0931,S4_BLACK_SEA_DOORS3,T29,Black Sea,2024-06-15,2024-06-15T00:00:00,2024-06-16T00:00:00,False,38.5873,42.0533,reported_transect_center,point,3.0,POINT (38.5873 42.0533),,,,,85.96,,,published,85.96,,all_litter,S4_visual_GT2_5,mixed (predominantly plastic),>2.5 cm (macro),"ship-based visual transect, floating macro litter >2.5 cm",total floating macro litter (>2.5 cm),all_litter_not_plastic;numerator_area_unavailable;source_not_revalidated_in_repair,retained reported all-litter density; numerator/area not reconstructed,10.5281/zenodo.15129753,CC BY 4.0,https://zenodo.org/records/15129753,,measurement
S4:DOORS3:T3,B,train,MPL-0912,S4_BLACK_SEA_DOORS3,T3,Black Sea,2024-06-03,2024-06-03T00:00:00,2024-06-04T00:00:00,False,32.45125,43.13,reported_transect_center,point,3.0,POINT (32.45125 43.13),,,,,686.06,,,published,686.06,,all_litter,S4_visual_GT2_5,mixed (predominantly plastic),>2.5 cm (macro),"ship-based visual transect, floating macro litter >2.5 cm",total floating macro litter (>2.5 cm),all_litter_not_plastic;numerator_area_unavailable;source_not_revalidated_in_repair,retained reported all-litter density; numerator/area not reconstructed,10.5281/zenodo.15129753,CC BY 4.0,https://zenodo.org/records/15129753,,measurement
S4:DOORS3:T30,B,train,MPL-0934,S4_BLACK_SEA_DOORS3,T30,Black Sea,2024-06-17,2024-06-17T00:00:00,2024-06-18T00:00:00,False,31.50876,42.51907,reported_transect_center,point,3.0,POINT (31.50876 42.51907),,,,,587.41,,,published,587.41,,all_litter,S4_visual_GT2_5,mixed (predominantly plastic),>2.5 cm (macro),"ship-based visual transect, floating macro litter >2.5 cm",total floating macro litter (>2.5 cm),all_litter_not_plastic;numerator_area_unavailable;source_not_revalidated_in_repair,retained reported all-litter density; numerator/area not reconstructed,10.5281/zenodo.15129753,CC BY 4.0,https://zenodo.org/records/15129753,,measurement
S4:DOORS3:T31,B,train,MPL-0933,S4_BLACK_SEA_DOORS3,T31,Black Sea,2024-06-17,2024-06-17T00:00:00,2024-06-18T00:00:00,False,31.26427,42.49174,reported_transect_center,point,3.0,POINT (31.26427 42.49174),,,,,345.29,,,published,345.29,,all_litter,S4_visual_GT2_5,mixed (predominantly plastic),>2.5 cm (macro),"ship-based visual transect, floating macro litter >2.5 cm",total floating macro litter (>2.5 cm),all_litter_not_plastic;numerator_area_unavailable;source_not_revalidated_in_repair,retained reported all-litter density; numerator/area not reconstructed,10.5281/zenodo.15129753,CC BY 4.0,https://zenodo.org/records/15129753,,measurement
S4:DOORS3:T32,B,train,MPL-0932,S4_BLACK_SEA_DOORS3,T32,Black Sea,2024-06-17,2024-06-17T00:00:00,2024-06-18T00:00:00,False,30.95665,42.46465,reported_transect_center,point,3.0,POINT (30.95665 42.46465),,,,,198.51,,,published,198.51,,all_litter,S4_visual_GT2_5,mixed (predominantly plastic),>2.5 cm (macro),"ship-based visual transect, floating macro litter >2.5 cm",total floating macro litter (>2.5 cm),all_litter_not_plastic;numerator_area_unavailable;source_not_revalidated_in_repair,retained reported all-litter density; numerator/area not reconstructed,10.5281/zenodo.15129753,CC BY 4.0,https://zenodo.org/records/15129753,,measurement
S4:DOORS3:T33,B,train,MPL-0935,S4_BLACK_SEA_DOORS3,T33,Black Sea,2024-06-18,2024-06-18T00:00:00,2024-06-19T00:00:00,False,29.21475,43.35643,reported_transect_center,point,3.0,POINT (29.21475 43.35643),,,,,340.86,,,published,340.86,,all_litter,S4_visual_GT2_5,mixed (predominantly plastic),>2.5 cm (macro),"ship-based visual transect, floating macro litter >2.5 cm",total floating macro litter (>2.5 cm),all_litter_not_plastic;numerator_area_unavailable;source_not_revalidated_in_repair,retained reported all-litter density; numerator/area not reconstructed,10.5281/zenodo.15129753,CC BY 4.0,https://zenodo.org/records/15129753,,measurement
S4:DOORS3:T4,B,train,MPL-0911,S4_BLACK_SEA_DOORS3,T4,Black Sea,2024-06-03,2024-06-03T00:00:00,2024-06-04T00:00:00,False,32.59565,43.11612,reported_transect_center,point,3.0,POINT (32.59565 43.11612),,,,,269.64,,,published,269.64,,all_litter,S4_visual_GT2_5,mixed (predominantly plastic),>2.5 cm (macro),"ship-based visual transect, floating macro litter >2.5 cm",total floating macro litter (>2.5 cm),all_litter_not_plastic;numerator_area_unavailable;source_not_revalidated_in_repair,retained reported all-litter density; numerator/area not reconstructed,10.5281/zenodo.15129753,CC BY 4.0,https://zenodo.org/records/15129753,,measurement
S4:DOORS3:T5,B,train,MPL-0910,S4_BLACK_SEA_DOORS3,T5,Black Sea,2024-06-03,2024-06-03T00:00:00,2024-06-04T00:00:00,False,32.83359,43.08425,reported_transect_center,point,3.0,POINT (32.83359 43.08425),,,,,389.72,,,published,389.72,,all_litter,S4_visual_GT2_5,mixed (predominantly plastic),>2.5 cm (macro),"ship-based visual transect, floating macro litter >2.5 cm",total floating macro litter (>2.5 cm),all_litter_not_plastic;numerator_area_unavailable;source_not_revalidated_in_repair,retained reported all-litter density; numerator/area not reconstructed,10.5281/zenodo.15129753,CC BY 4.0,https://zenodo.org/records/15129753,,measurement
S4:DOORS3:T6,B,train,MPL-0909,S4_BLACK_SEA_DOORS3,T6,Black Sea,2024-06-03,2024-06-03T00:00:00,2024-06-04T00:00:00,False,33.19144,43.02454,reported_transect_center,point,3.0,POINT (33.19144 43.02454),,,,,268.24,,,published,268.24,,all_litter,S4_visual_GT2_5,mixed (predominantly plastic),>2.5 cm (macro),"ship-based visual transect, floating macro litter >2.5 cm",total floating macro litter (>2.5 cm),all_litter_not_plastic;numerator_area_unavailable;source_not_revalidated_in_repair,retained reported all-litter density; numerator/area not reconstructed,10.5281/zenodo.15129753,CC BY 4.0,https://zenodo.org/records/15129753,,measurement
S4:DOORS3:T7,B,train,MPL-0908,S4_BLACK_SEA_DOORS3,T7,Black Sea,2024-06-03,2024-06-03T00:00:00,2024-06-04T00:00:00,False,33.42236,42.98847,reported_transect_center,point,3.0,POINT (33.42236 42.98847),,,,,131.17,,,published,131.17,,all_litter,S4_visual_GT2_5,mixed (predominantly plastic),>2.5 cm (macro),"ship-based visual transect, floating macro litter >2.5 cm",total floating macro litter (>2.5 cm),all_litter_not_plastic;numerator_area_unavailable;source_not_revalidated_in_repair,retained reported all-litter density; numerator/area not reconstructed,10.5281/zenodo.15129753,CC BY 4.0,https://zenodo.org/records/15129753,,measurement
S4:DOORS3:T8,B,train,MPL-0907,S4_BLACK_SEA_DOORS3,T8,Black Sea,2024-06-03,2024-06-03T00:00:00,2024-06-04T00:00:00,False,33.58861,42.97347,reported_transect_center,point,3.0,POINT (33.58861 42.97347),,,,,217.98,,,published,217.98,,all_litter,S4_visual_GT2_5,mixed (predominantly plastic),>2.5 cm (macro),"ship-based visual transect, floating macro litter >2.5 cm",total floating macro litter (>2.5 cm),all_litter_not_plastic;numerator_area_unavailable;source_not_revalidated_in_repair,retained reported all-litter density; numerator/area not reconstructed,10.5281/zenodo.15129753,CC BY 4.0,https://zenodo.org/records/15129753,,measurement
S4:DOORS3:T9,B,train,MPL-0906,S4_BLACK_SEA_DOORS3,T9,Black Sea,2024-06-03,2024-06-03T00:00:00,2024-06-04T00:00:00,False,33.84326,42.92725,reported_transect_center,point,3.0,POINT (33.84326 42.92725),,,,,164.29,,,published,164.29,,all_litter,S4_visual_GT2_5,mixed (predominantly plastic),>2.5 cm (macro),"ship-based visual transect, floating macro litter >2.5 cm",total floating macro litter (>2.5 cm),all_litter_not_plastic;numerator_area_unavailable;source_not_revalidated_in_repair,retained reported all-litter density; numerator/area not reconstructed,10.5281/zenodo.15129753,CC BY 4.0,https://zenodo.org/records/15129753,,measurement
S1:0.1,C,optional,MPL-0526,S1_GPGP2018,0.1,North Pacific Ocean,2015-07-25,2015-07-25T21:30:00,2015-07-25T23:03:00,True,-128.790017,33.1895665,transect_midpoint_arithmetic,strip,0.0,"LINESTRING (-128.754667 33.2135, -128.825367 33.165633)",9.156,6.0,0.054936,,91.014999,,,published,91.014999,225.797292,total_plastic,S1_trawl_5_to_50,plastic,5-50 cm (macroplastic),mega trawl net (6 m x 1.5 m),total macroplastic,,"published midpoint estimate, not forced to raw count/area",10.6084/m9.figshare.5873142,CC BY 4.0,https://ndownloader.figshare.com/files/10441962,,measurement
S1:1.3,C,optional,MPL-0531,S1_GPGP2018,1.3,North Pacific Ocean,2015-07-27,2015-07-27T15:34:00,2015-07-27T19:13:00,True,-134.05625,29.07234,transect_midpoint_arithmetic,strip,0.0,"LINESTRING (-133.9555 29.076, -134.157 29.06868)",19.6215722879,6.0,0.117729433728,,152.892947,,,published,152.892947,3766.96877,total_plastic,S1_trawl_5_to_50,plastic,5-50 cm (macroplastic),mega trawl net (6 m x 1.5 m),total macroplastic,,"published midpoint estimate, not forced to raw count/area",10.6084/m9.figshare.5873142,CC BY 4.0,https://ndownloader.figshare.com/files/10441962,,measurement
S1:10.4,C,optional,MPL-0554,S1_GPGP2018,10.4,North Pacific Ocean,2015-07-29,2015-07-29T20:40:00,2015-07-29T23:27:00,True,-139.1930835,29.000435,transect_midpoint_arithmetic,strip,0.0,"LINESTRING (-139.122167 29.0002, -139.264 29.00067)",13.8060141227,6.0,0.0828360847363,,422.521177,,,published,422.521177,15767.8843,total_plastic,S1_trawl_5_to_50,plastic,5-50 cm (macroplastic),mega trawl net (6 m x 1.5 m),total macroplastic,,"published midpoint estimate, not forced to raw count/area",10.6084/m9.figshare.5873142,CC BY 4.0,https://ndownloader.figshare.com/files/10441962,,measurement
S1:11.4,C,optional,MPL-0563,S1_GPGP2018,11.4,North Pacific Ocean,2015-07-29,2015-07-29T02:13:00,2015-07-29T05:26:00,True,-139.833862,29.0174845,transect_midpoint_arithmetic,strip,0.0,"LINESTRING (-139.745033 29.0059, -139.922691 29.029069)",17.6,6.0,0.1056,,66.287879,,,published,66.287879,2576.326704,total_plastic,S1_trawl_5_to_50,plastic,5-50 cm (macroplastic),mega trawl net (6 m x 1.5 m),total macroplastic,,"published midpoint estimate, not forced to raw count/area",10.6084/m9.figshare.5873142,CC BY 4.0,https://ndownloader.figshare.com/files/10441962,,measurement
S1:12.3,C,optional,MPL-0566,S1_GPGP2018,12.3,North Pacific Ocean,2015-07-30,2015-07-30T08:30:00,2015-07-30T11:39:00,True,-140.4820415,28.99819,transect_midpoint_arithmetic,strip,0.0,"LINESTRING (-140.393083 28.9948, -140.571 29.00158)",17.3375718802,6.0,0.104025431281,,86.517306,,,published,86.517306,1634.520501,total_plastic,S1_trawl_5_to_50,plastic,5-50 cm (macroplastic),mega trawl net (6 m x 1.5 m),total macroplastic,,"published midpoint estimate, not forced to raw count/area",10.6084/m9.figshare.5873142,CC BY 4.0,https://ndownloader.figshare.com/files/10441962,,measurement
S1:13.3,C,optional,MPL-0569,S1_GPGP2018,13.3,North Pacific Ocean,2015-07-30,2015-07-30T14:47:00,2015-07-30T17:47:00,True,-141.0904165,28.99935,transect_midpoint_arithmetic,strip,0.0,"LINESTRING (-141.002833 29.0058, -141.178 28.9929)",17.1183055228,6.0,0.102709833137,,58.416996,,,published,58.416996,677.637164,total_plastic,S1_trawl_5_to_50,plastic,5-50 cm (macroplastic),mega trawl net (6 m x 1.5 m),total macroplastic,,"published midpoint estimate, not forced to raw count/area",10.6084/m9.figshare.5873142,CC BY 4.0,https://ndownloader.figshare.com/files/10441962,,measurement
S1:14.3,C,optional,MPL-0570,S1_GPGP2018,14.3,North Pacific Ocean,2015-07-30,2015-07-30T20:32:00,2015-07-30T22:53:00,True,-141.6246665,29.00124,transect_midpoint_arithmetic,strip,0.0,"LINESTRING (-141.556333 28.9982, -141.693 29.00428)",13.3265653769,6.0,0.0799593922611,,225.114268,,,published,225.114268,2051.901538,total_plastic,S1_trawl_5_to_50,plastic,5-50 cm (macroplastic),mega trawl net (6 m x 1.5 m),total macroplastic,,"published midpoint estimate, not forced to raw count/area",10.6084/m9.figshare.5873142,CC BY 4.0,https://ndownloader.figshare.com/files/10441962,,measurement
S1:15.3,C,optional,MPL-0577,S1_GPGP2018,15.3,North Pacific Ocean,2015-07-31,2015-07-31T02:39:00,2015-07-31T05:38:00,True,-142.3245335,29.00566,transect_midpoint_arithmetic,strip,0.0,"LINESTRING (-142.246067 29.0062, -142.403 29.00512)",15.2757869767,6.0,0.0916547218599,,141.836664,,,published,141.836664,12001.018362,total_plastic,S1_trawl_5_to_50,plastic,5-50 cm (macroplastic),mega trawl net (6 m x 1.5 m),total macroplastic,,"published midpoint estimate, not forced to raw count/area",10.6084/m9.figshare.5873142,CC BY 4.0,https://ndownloader.figshare.com/files/10441962,,measurement
S1:16.3,C,optional,MPL-0581,S1_GPGP2018,16.3,North Pacific Ocean,2015-07-31,2015-07-31T08:46:00,2015-07-31T11:38:00,True,-142.9808085,29.00719,transect_midpoint_arithmetic,strip,0.0,"LINESTRING (-142.902617 29.0141, -143.059 29.00028)",15.3036880713,6.0,0.0918221284278,,315.828009,,,published,315.828009,8122.599778,total_plastic,S1_trawl_5_to_50,plastic,5-50 cm (macroplastic),mega trawl net (6 m x 1.5 m),total macroplastic,,"published midpoint estimate, not forced to raw count/area",10.6084/m9.figshare.5873142,CC BY 4.0,https://ndownloader.figshare.com/files/10441962,,measurement
S1:17.3,C,optional,MPL-0574,S1_GPGP2018,17.3,North Pacific Ocean,2015-07-31,2015-07-31T14:16:00,2015-07-31T17:20:00,True,-143.5482335,28.98866,transect_midpoint_arithmetic,strip,0.0,"LINESTRING (-143.463467 28.9957, -143.633 28.98162)",16.5791737196,6.0,0.0994750423174,,201.055457,,,published,201.055457,4504.361995,total_plastic,S1_trawl_5_to_50,plastic,5-50 cm (macroplastic),mega trawl net (6 m x 1.5 m),total macroplastic,,"published midpoint estimate, not forced to raw count/area",10.6084/m9.figshare.5873142,CC BY 4.0,https://ndownloader.figshare.com/files/10441962,,measurement
S1:17.4,C,optional,MPL-0573,S1_GPGP2018,17.4,North Pacific Ocean,2015-07-31,2015-07-31T14:41:00,2015-07-31T17:42:00,True,-143.5660835,28.987515,transect_midpoint_arithmetic,strip,0.0,"LINESTRING (-143.481167 28.9938, -143.651 28.98123)",16.5934897119,6.0,0.0995609382713,,150.661497,,,published,150.661497,1496.186182,total_plastic,S1_trawl_5_to_50,plastic,5-50 cm (macroplastic),mega trawl net (6 m x 1.5 m),total macroplastic,,"published midpoint estimate, not forced to raw count/area",10.6084/m9.figshare.5873142,CC BY 4.0,https://ndownloader.figshare.com/files/10441962,,measurement
S1:18.4,C,optional,MPL-0593,S1_GPGP2018,18.4,North Pacific Ocean,2015-08-01,2015-08-01T08:07:00,2015-08-01T11:02:00,True,-142.7086915,30.023565,transect_midpoint_arithmetic,strip,0.0,"LINESTRING (-142.797383 30.0005, -142.62 30.04663)",18.93,6.0,0.11358,,1162.176439,,,published,1162.176439,34194.006867,total_plastic,S1_trawl_5_to_50,plastic,5-50 cm (macroplastic),mega trawl net (6 m x 1.5 m),total macroplastic,,"published midpoint estimate, not forced to raw count/area",10.6084/m9.figshare.5873142,CC BY 4.0,https://ndownloader.figshare.com/files/10441962,,measurement
S1:19.4,C,optional,MPL-0590,S1_GPGP2018,19.4,North Pacific Ocean,2015-08-01,2015-08-01T14:08:00,2015-08-01T17:41:00,True,-142.26325,30.010985,transect_midpoint_arithmetic,strip,0.0,"LINESTRING (-142.3325 30.0123, -142.194 30.00967)",13.353818584,6.0,0.0801229115041,,2109.259348,,,published,2109.259348,53995.380581,total_plastic,S1_trawl_5_to_50,plastic,5-50 cm (macroplastic),mega trawl net (6 m x 1.5 m),total macroplastic,,"published midpoint estimate, not forced to raw count/area",10.6084/m9.figshare.5873142,CC BY 4.0,https://ndownloader.figshare.com/files/10441962,,measurement
S1:2.3,C,optional,MPL-0530,S1_GPGP2018,2.3,North Pacific Ocean,2015-07-27,2015-07-27T20:54:00,2015-07-28T00:28:00,True,-134.546025,29.054015,transect_midpoint_arithmetic,strip,0.0,"LINESTRING (-134.44605 29.0517, -134.646 29.05633)",19.4592678112,6.0,0.116755606867,,61.817996,,,published,61.817996,369.384441,total_plastic,S1_trawl_5_to_50,plastic,5-50 cm (macroplastic),mega trawl net (6 m x 1.5 m),total macroplastic,,"published midpoint estimate, not forced to raw count/area",10.6084/m9.figshare.5873142,CC BY 4.0,https://ndownloader.figshare.com/files/10441962,,measurement
S1:20.4,C,optional,MPL-0588,S1_GPGP2018,20.4,North Pacific Ocean,2015-08-01,2015-08-01T20:18:00,2015-08-02T00:19:00,True,-141.7679665,30.006425,transect_midpoint_arithmetic,strip,0.0,"LINESTRING (-141.841133 29.9933, -141.6948 30.01955)",14.4038852229,6.0,0.0864233113376,,659.544272,,,published,659.544272,16456.366668,total_plastic,S1_trawl_5_to_50,plastic,5-50 cm (macroplastic),mega trawl net (6 m x 1.5 m),total macroplastic,,"published midpoint estimate, not forced to raw count/area",10.6084/m9.figshare.5873142,CC BY 4.0,https://ndownloader.figshare.com/files/10441962,,measurement
S1:21.4,C,optional,MPL-0597,S1_GPGP2018,21.4,North Pacific Ocean,2015-08-02,2015-08-02T02:15:00,2015-08-02T06:06:00,True,-141.3439415,29.998635,transect_midpoint_arithmetic,strip,0.0,"LINESTRING (-141.426883 29.999, -141.261 29.99827)",15.9940795981,6.0,0.0959644775884,,844.062324,,,published,844.062324,19502.007899,total_plastic,S1_trawl_5_to_50,plastic,5-50 cm (macroplastic),mega trawl net (6 m x 1.5 m),total macroplastic,,"published midpoint estimate, not forced to raw count/area",10.6084/m9.figshare.5873142,CC BY 4.0,https://ndownloader.figshare.com/files/10441962,,measurement
S1:22.4,C,optional,MPL-0599,S1_GPGP2018,22.4,North Pacific Ocean,2015-08-02,2015-08-02T08:34:00,2015-08-02T12:08:00,True,-140.8015085,29.999935,transect_midpoint_arithmetic,strip,0.0,"LINESTRING (-140.885017 30.0002, -140.718 29.99967)",16.0998225624,6.0,0.0965989353742,,724.645668,,,published,724.645668,43887.574781,total_plastic,S1_trawl_5_to_50,plastic,5-50 cm (macroplastic),mega trawl net (6 m x 1.5 m),total macroplastic,,"published midpoint estimate, not forced to raw count/area",10.6084/m9.figshare.5873142,CC BY 4.0,https://ndownloader.figshare.com/files/10441962,,measurement
S1:24.4,C,optional,MPL-0596,S1_GPGP2018,24.4,North Pacific Ocean,2015-08-02,2015-08-02T20:18:00,2015-08-02T23:59:00,True,-139.8215915,29.9806,transect_midpoint_arithmetic,strip,0.0,"LINESTRING (-139.903183 29.9734, -139.74 29.9878)",15.8178865778,6.0,0.0949073194668,,495.219971,,,published,495.219971,33825.800982,total_plastic,S1_trawl_5_to_50,plastic,5-50 cm (macroplastic),mega trawl net (6 m x 1.5 m),total macroplastic,,"published midpoint estimate, not forced to raw count/area",10.6084/m9.figshare.5873142,CC BY 4.0,https://ndownloader.figshare.com/files/10441962,,measurement
S1:25.3,C,optional,MPL-0607,S1_GPGP2018,25.3,North Pacific Ocean,2015-08-03,2015-08-03T02:28:00,2015-08-03T05:42:00,True,-139.342975,30.00105,transect_midpoint_arithmetic,strip,0.0,"LINESTRING (-139.41495 30.0134, -139.271 29.9887)",14.1519249197,6.0,0.0849115495185,,1719.436293,,,published,1719.436293,21869.963633,total_plastic,S1_trawl_5_to_50,plastic,5-50 cm (macroplastic),mega trawl net (6 m x 1.5 m),total macroplastic,,"published midpoint estimate, not forced to raw count/area",10.6084/m9.figshare.5873142,CC BY 4.0,https://ndownloader.figshare.com/files/10441962,,measurement
S1:26.3,C,optional,MPL-0606,S1_GPGP2018,26.3,North Pacific Ocean,2015-08-03,2015-08-03T08:47:00,2015-08-03T11:43:00,True,-138.767875,30.00074,transect_midpoint_arithmetic,strip,0.0,"LINESTRING (-138.84775 30.0024, -138.688 29.99908)",15.4098616168,6.0,0.0924591697007,,529.96366,,,published,529.96366,2779.393334,total_plastic,S1_trawl_5_to_50,plastic,5-50 cm (macroplastic),mega trawl net (6 m x 1.5 m),total macroplastic,,"published midpoint estimate, not forced to raw count/area",10.6084/m9.figshare.5873142,CC BY 4.0,https://ndownloader.figshare.com/files/10441962,,measurement
S1:27.3,C,optional,MPL-0603,S1_GPGP2018,27.3,North Pacific Ocean,2015-08-03,2015-08-03T14:09:00,2015-08-03T18:08:00,True,-138.2296,29.985215,transect_midpoint_arithmetic,strip,0.0,"LINESTRING (-138.3272 30.0037, -138.132 29.96673)",19.26656875,6.0,0.1155994125,,423.877587,,,published,423.877587,12723.043035,total_plastic,S1_trawl_5_to_50,plastic,5-50 cm (macroplastic),mega trawl net (6 m x 1.5 m),total macroplastic,,"published midpoint estimate, not forced to raw count/area",10.6084/m9.figshare.5873142,CC BY 4.0,https://ndownloader.figshare.com/files/10441962,,measurement
S1:28.3,C,optional,MPL-0610,S1_GPGP2018,28.3,North Pacific Ocean,2015-08-03,2015-08-03T20:48:00,2015-08-03T23:46:00,True,-137.7446665,30.003565,transect_midpoint_arithmetic,strip,0.0,"LINESTRING (-137.813333 29.9969, -137.676 30.01023)",13.3185497659,6.0,0.0799112985952,,505.188842,,,published,505.188842,6451.259355,total_plastic,S1_trawl_5_to_50,plastic,5-50 cm (macroplastic),mega trawl net (6 m x 1.5 m),total macroplastic,,"published midpoint estimate, not forced to raw count/area",10.6084/m9.figshare.5873142,CC BY 4.0,https://ndownloader.figshare.com/files/10441962,,measurement
S1:29.3,C,optional,MPL-0622,S1_GPGP2018,29.3,North Pacific Ocean,2015-08-04,2015-08-04T02:21:00,2015-08-04T05:10:00,True,-137.2931585,30.002915,transect_midpoint_arithmetic,strip,0.0,"LINESTRING (-137.361317 30.0006, -137.225 30.00523)",13.1496600225,6.0,0.0788979601349,,646.404545,,,published,646.404545,8229.703263,total_plastic,S1_trawl_5_to_50,plastic,5-50 cm (macroplastic),mega trawl net (6 m x 1.5 m),total macroplastic,,"published midpoint estimate, not forced to raw count/area",10.6084/m9.figshare.5873142,CC BY 4.0,https://ndownloader.figshare.com/files/10441962,,measurement
S1:3.3,C,optional,MPL-0543,S1_GPGP2018,3.3,North Pacific Ocean,2015-07-28,2015-07-28T02:42:00,2015-07-28T06:21:00,True,-135.1118335,29.00679,transect_midpoint_arithmetic,strip,0.0,"LINESTRING (-135.012667 29.0139, -135.211 28.99968)",19.3702625132,6.0,0.116221575079,,177.80932,,,published,177.80932,2295.246664,total_plastic,S1_trawl_5_to_50,plastic,5-50 cm (macroplastic),mega trawl net (6 m x 1.5 m),total macroplastic,,"published midpoint estimate, not forced to raw count/area",10.6084/m9.figshare.5873142,CC BY 4.0,https://ndownloader.figshare.com/files/10441962,,measurement
S1:30.3,C,optional,MPL-0623,S1_GPGP2018,30.3,North Pacific Ocean,2015-08-04,2015-08-04T08:50:00,2015-08-04T11:39:00,True,-136.6517,30.00491,transect_midpoint_arithmetic,strip,0.0,"LINESTRING (-136.7254 30.011, -136.578 29.99882)",14.2742228856,6.0,0.0856453373134,,490.394472,,,published,490.394472,6676.37046,total_plastic,S1_trawl_5_to_50,plastic,5-50 cm (macroplastic),mega trawl net (6 m x 1.5 m),total macroplastic,,"published midpoint estimate, not forced to raw count/area",10.6084/m9.figshare.5873142,CC BY 4.0,https://ndownloader.figshare.com/files/10441962,,measurement
S1:30.4,C,optional,MPL-0621,S1_GPGP2018,30.4,North Pacific Ocean,2015-08-04,2015-08-04T08:34:00,2015-08-04T11:53:00,True,-136.6523,30.00139,transect_midpoint_arithmetic,strip,0.0,"LINESTRING (-136.7336 30.0071, -136.571 29.99568)",15.7265985914,6.0,0.0943595915487,,720.647461,,,published,720.647461,49942.988547,total_plastic,S1_trawl_5_to_50,plastic,5-50 cm (macroplastic),mega trawl net (6 m x 1.5 m),total macroplastic,,"published midpoint estimate, not forced to raw count/area",10.6084/m9.figshare.5873142,CC BY 4.0,https://ndownloader.figshare.com/files/10441962,,measurement
S1:31.4,C,optional,MPL-0618,S1_GPGP2018,31.4,North Pacific Ocean,2015-08-04,2015-08-04T14:38:00,2015-08-04T18:02:00,True,-136.0622665,29.996715,transect_midpoint_arithmetic,strip,0.0,"LINESTRING (-136.146533 29.9972, -135.978 29.99623)",16.2452480144,6.0,0.0974714880863,,246.22585,,,published,246.22585,7869.993729,total_plastic,S1_trawl_5_to_50,plastic,5-50 cm (macroplastic),mega trawl net (6 m x 1.5 m),total macroplastic,,"published midpoint estimate, not forced to raw count/area",10.6084/m9.figshare.5873142,CC BY 4.0,https://ndownloader.figshare.com/files/10441962,,measurement
S1:32.4,C,optional,MPL-0627,S1_GPGP2018,32.4,North Pacific Ocean,2015-08-04,2015-08-04T20:38:00,2015-08-05T00:04:00,True,-135.476125,30.015125,transect_midpoint_arithmetic,strip,0.0,"LINESTRING (-135.56125 30.0226, -135.391 30.00765)",16.4989347069,6.0,0.0989936082412,,949.556256,,,published,949.556256,23490.405504,total_plastic,S1_trawl_5_to_50,plastic,5-50 cm (macroplastic),mega trawl net (6 m x 1.5 m),total macroplastic,,"published midpoint estimate, not forced to raw count/area",10.6084/m9.figshare.5873142,CC BY 4.0,https://ndownloader.figshare.com/files/10441962,,measurement
S1:33.4,C,optional,MPL-0634,S1_GPGP2018,33.4,North Pacific Ocean,2015-08-05,2015-08-05T02:36:00,2015-08-05T06:03:00,True,-134.8896165,30.00406,transect_midpoint_arithmetic,strip,0.0,"LINESTRING (-134.975233 29.9974, -134.804 30.01072)",16.5702236476,6.0,0.0994213418858,,633.666764,,,published,633.666764,13298.567239,total_plastic,S1_trawl_5_to_50,plastic,5-50 cm (macroplastic),mega trawl net (6 m x 1.5 m),total macroplastic,,"published midpoint estimate, not forced to raw count/area",10.6084/m9.figshare.5873142,CC BY 4.0,https://ndownloader.figshare.com/files/10441962,,measurement
S1:34.4,C,optional,MPL-0631,S1_GPGP2018,34.4,North Pacific Ocean,2015-08-05,2015-08-05T08:35:00,2015-08-05T12:04:00,True,-134.268275,30.000825,transect_midpoint_arithmetic,strip,0.0,"LINESTRING (-134.35855 30.0026, -134.178 29.99905)",17.4150425359,6.0,0.104490255215,,373.240546,,,published,373.240546,13229.418353,total_plastic,S1_trawl_5_to_50,plastic,5-50 cm (macroplastic),mega trawl net (6 m x 1.5 m),total macroplastic,,"published midpoint estimate, not forced to raw count/area",10.6084/m9.figshare.5873142,CC BY 4.0,https://ndownloader.figshare.com/files/10441962,,measurement
S1:35.4,C,optional,MPL-0637,S1_GPGP2018,35.4,North Pacific Ocean,2015-08-05,2015-08-05T20:42:00,2015-08-06T00:05:00,True,-134.2625085,30.998235,transect_midpoint_arithmetic,strip,0.0,"LINESTRING (-134.175017 31.0003, -134.35 30.99617)",16.704940664,6.0,0.100229643984,,828.098322,,,published,828.098322,24034.805515,total_plastic,S1_trawl_5_to_50,plastic,5-50 cm (macroplastic),mega trawl net (6 m x 1.5 m),total macroplastic,,"published midpoint estimate, not forced to raw count/area",10.6084/m9.figshare.5873142,CC BY 4.0,https://ndownloader.figshare.com/files/10441962,,measurement
S1:36.3,C,optional,MPL-0647,S1_GPGP2018,36.3,North Pacific Ocean,2015-08-06,2015-08-06T02:47:00,2015-08-06T05:45:00,True,-134.8475585,30.997975,transect_midpoint_arithmetic,strip,0.0,"LINESTRING (-134.762117 30.9958, -134.933 31.00015)",16.3148746949,6.0,0.0978892481693,,347.331302,,,published,347.331302,7304.818592,total_plastic,S1_trawl_5_to_50,plastic,5-50 cm (macroplastic),mega trawl net (6 m x 1.5 m),total macroplastic,,"published midpoint estimate, not forced to raw count/area",10.6084/m9.figshare.5873142,CC BY 4.0,https://ndownloader.figshare.com/files/10441962,,measurement
S1:37.3,C,optional,MPL-0648,S1_GPGP2018,37.3,North Pacific Ocean,2015-08-06,2015-08-06T08:54:00,2015-08-06T11:47:00,True,-135.4216585,31.000565,transect_midpoint_arithmetic,strip,0.0,"LINESTRING (-135.344317 31.0045, -135.499 30.99663)",14.7874722902,6.0,0.0887248337411,,1104.538559,,,published,1104.538559,19742.871596,total_plastic,S1_trawl_5_to_50,plastic,5-50 cm (macroplastic),mega trawl net (6 m x 1.5 m),total macroplastic,,"published midpoint estimate, not forced to raw count/area",10.6084/m9.figshare.5873142,CC BY 4.0,https://ndownloader.figshare.com/files/10441962,,measurement
S1:38.3,C,optional,MPL-0642,S1_GPGP2018,38.3,North Pacific Ocean,2015-08-06,2015-08-06T14:52:00,2015-08-06T17:40:00,True,-135.9519665,30.991785,transect_midpoint_arithmetic,strip,0.0,"LINESTRING (-135.877933 30.9969, -136.026 30.98667)",14.1783703045,6.0,0.0850702218273,,846.359613,,,published,846.359613,21292.997256,total_plastic,S1_trawl_5_to_50,plastic,5-50 cm (macroplastic),mega trawl net (6 m x 1.5 m),total macroplastic,,"published midpoint estimate, not forced to raw count/area",10.6084/m9.figshare.5873142,CC BY 4.0,https://ndownloader.figshare.com/files/10441962,,measurement
S1:39.3,C,optional,MPL-0640,S1_GPGP2018,39.3,North Pacific Ocean,2015-08-06,2015-08-06T20:51:00,2015-08-06T23:48:00,True,-136.3260415,30.97964,transect_midpoint_arithmetic,strip,0.0,"LINESTRING (-136.256083 30.9851, -136.396 30.97418)",13.4070454715,6.0,0.0804422728289,,721.013939,,,published,721.013939,31672.400722,total_plastic,S1_trawl_5_to_50,plastic,5-50 cm (macroplastic),mega trawl net (6 m x 1.5 m),total macroplastic,,"published midpoint estimate, not forced to raw count/area",10.6084/m9.figshare.5873142,CC BY 4.0,https://ndownloader.figshare.com/files/10441962,,measurement
S1:4.3,C,optional,MPL-0535,S1_GPGP2018,4.3,North Pacific Ocean,2015-07-28,2015-07-28T09:12:00,2015-07-28T12:06:00,True,-135.6992415,28.988125,transect_midpoint_arithmetic,strip,0.0,"LINESTRING (-135.619483 28.9964, -135.779 28.97985)",15.6392881279,6.0,0.0938357287671,,255.766117,,,published,255.766117,10975.29708,total_plastic,S1_trawl_5_to_50,plastic,5-50 cm (macroplastic),mega trawl net (6 m x 1.5 m),total macroplastic,,"published midpoint estimate, not forced to raw count/area",10.6084/m9.figshare.5873142,CC BY 4.0,https://ndownloader.figshare.com/files/10441962,,measurement
S1:41.3,C,optional,MPL-0654,S1_GPGP2018,41.3,North Pacific Ocean,2015-08-07,2015-08-07T10:02:00,2015-08-07T11:40:00,True,-137.3956835,30.965825,transect_midpoint_arithmetic,strip,0.0,"LINESTRING (-137.355367 30.9666, -137.436 30.96505)",7.69537045851,6.0,0.0461722227511,,2209.120417,,,published,2209.120417,37011.43021,total_plastic,S1_trawl_5_to_50,plastic,5-50 cm (macroplastic),mega trawl net (6 m x 1.5 m),total macroplastic,,"published midpoint estimate, not forced to raw count/area",10.6084/m9.figshare.5873142,CC BY 4.0,https://ndownloader.figshare.com/files/10441962,,measurement
S1:42.3,C,optional,MPL-0656,S1_GPGP2018,42.3,North Pacific Ocean,2015-08-07,2015-08-07T15:15:00,2015-08-07T17:49:00,True,-137.914525,30.988835,transect_midpoint_arithmetic,strip,0.0,"LINESTRING (-137.84305 30.9974, -137.986 30.98027)",13.7692454614,6.0,0.0826154727685,,1706.702091,,,published,1706.702091,67179.909695,total_plastic,S1_trawl_5_to_50,plastic,5-50 cm (macroplastic),mega trawl net (6 m x 1.5 m),total macroplastic,,"published midpoint estimate, not forced to raw count/area",10.6084/m9.figshare.5873142,CC BY 4.0,https://ndownloader.figshare.com/files/10441962,,measurement
S1:42.4,C,optional,MPL-0658,S1_GPGP2018,42.4,North Pacific Ocean,2015-08-07,2015-08-07T14:58:00,2015-08-07T18:09:00,True,-137.91355,30.98994,transect_midpoint_arithmetic,strip,0.0,"LINESTRING (-137.8321 31.0041, -137.995 30.97578)",15.8614630461,6.0,0.0951687782769,,1197.871844,,,published,1197.871844,57903.165301,total_plastic,S1_trawl_5_to_50,plastic,5-50 cm (macroplastic),mega trawl net (6 m x 1.5 m),total macroplastic,,"published midpoint estimate, not forced to raw count/area",10.6084/m9.figshare.5873142,CC BY 4.0,https://ndownloader.figshare.com/files/10441962,,measurement
S1:43.4,C,optional,MPL-0660,S1_GPGP2018,43.4,North Pacific Ocean,2015-08-07,2015-08-07T20:37:00,2015-08-08T00:13:00,True,-138.493,31.001675,transect_midpoint_arithmetic,strip,0.0,"LINESTRING (-138.402 31.0122, -138.584 30.99115)",17.5226617789,6.0,0.105135970673,,351.925224,,,published,351.925224,9565.360871,total_plastic,S1_trawl_5_to_50,plastic,5-50 cm (macroplastic),mega trawl net (6 m x 1.5 m),total macroplastic,,"published midpoint estimate, not forced to raw count/area",10.6084/m9.figshare.5873142,CC BY 4.0,https://ndownloader.figshare.com/files/10441962,,measurement
S1:44.4,C,optional,MPL-0668,S1_GPGP2018,44.4,North Pacific Ocean,2015-08-08,2015-08-08T02:42:00,2015-08-08T06:01:00,True,-139.0254165,30.99416,transect_midpoint_arithmetic,strip,0.0,"LINESTRING (-138.955833 31.0045, -139.095 30.98382)",13.4815878731,6.0,0.0808895272387,,729.389849,,,published,729.389849,49893.578783,total_plastic,S1_trawl_5_to_50,plastic,5-50 cm (macroplastic),mega trawl net (6 m x 1.5 m),total macroplastic,,"published midpoint estimate, not forced to raw count/area",10.6084/m9.figshare.5873142,CC BY 4.0,https://ndownloader.figshare.com/files/10441962,,measurement
S1:45.4,C,optional,MPL-0666,S1_GPGP2018,45.4,North Pacific Ocean,2015-08-08,2015-08-08T08:36:00,2015-08-08T12:02:00,True,-139.5542835,30.987735,transect_midpoint_arithmetic,strip,0.0,"LINESTRING (-139.478567 30.9921, -139.63 30.98337)",14.480778146,6.0,0.0868846688758,,1035.855936,,,published,1035.855936,36942.075529,total_plastic,S1_trawl_5_to_50,plastic,5-50 cm (macroplastic),mega trawl net (6 m x 1.5 m),total macroplastic,,"published midpoint estimate, not forced to raw count/area",10.6084/m9.figshare.5873142,CC BY 4.0,https://ndownloader.figshare.com/files/10441962,,measurement
S1:46.4,C,optional,MPL-0671,S1_GPGP2018,46.4,North Pacific Ocean,2015-08-08,2015-08-08T14:40:00,2015-08-08T18:12:00,True,-140.084,30.999525,transect_midpoint_arithmetic,strip,0.0,"LINESTRING (-140.002 31.0104, -140.166 30.98865)",15.834205057,6.0,0.0950052303421,,747.327276,,,published,747.327276,16000.303294,total_plastic,S1_trawl_5_to_50,plastic,5-50 cm (macroplastic),mega trawl net (6 m x 1.5 m),total macroplastic,,"published midpoint estimate, not forced to raw count/area",10.6084/m9.figshare.5873142,CC BY 4.0,https://ndownloader.figshare.com/files/10441962,,measurement
S1:47.4,C,optional,MPL-0669,S1_GPGP2018,47.4,North Pacific Ocean,2015-08-08,2015-08-08T20:35:00,2015-08-08T23:55:00,True,-140.6223835,30.99445,transect_midpoint_arithmetic,strip,0.0,"LINESTRING (-140.539767 31.0046, -140.705 30.9843)",15.9253507474,6.0,0.0955521044845,,1077.945907,,,published,1077.945907,14757.39344,total_plastic,S1_trawl_5_to_50,plastic,5-50 cm (macroplastic),mega trawl net (6 m x 1.5 m),total macroplastic,,"published midpoint estimate, not forced to raw count/area",10.6084/m9.figshare.5873142,CC BY 4.0,https://ndownloader.figshare.com/files/10441962,,measurement
S1:48.4,C,optional,MPL-0677,S1_GPGP2018,48.4,North Pacific Ocean,2015-08-09,2015-08-09T02:42:00,2015-08-09T06:02:00,True,-141.2498415,30.97485,transect_midpoint_arithmetic,strip,0.0,"LINESTRING (-141.168683 30.9891, -141.331 30.9606)",15.8122041544,6.0,0.0948732249263,,1380.789998,,,published,1380.789998,27760.042963,total_plastic,S1_trawl_5_to_50,plastic,5-50 cm (macroplastic),mega trawl net (6 m x 1.5 m),total macroplastic,,"published midpoint estimate, not forced to raw count/area",10.6084/m9.figshare.5873142,CC BY 4.0,https://ndownloader.figshare.com/files/10441962,,measurement
S1:49.3,C,optional,MPL-0684,S1_GPGP2018,49.3,North Pacific Ocean,2015-08-09,2015-08-09T08:48:00,2015-08-09T11:46:00,True,-141.8085085,30.991625,transect_midpoint_arithmetic,strip,0.0,"LINESTRING (-141.738017 30.9898, -141.879 30.99345)",13.4616189592,6.0,0.080769713755,,1819.989117,,,published,1819.989117,25426.217383,total_plastic,S1_trawl_5_to_50,plastic,5-50 cm (macroplastic),mega trawl net (6 m x 1.5 m),total macroplastic,,"published midpoint estimate, not forced to raw count/area",10.6084/m9.figshare.5873142,CC BY 4.0,https://ndownloader.figshare.com/files/10441962,,measurement
S1:5.3,C,optional,MPL-0546,S1_GPGP2018,5.3,North Pacific Ocean,2015-07-28,2015-07-28T15:03:00,2015-07-28T17:58:00,True,-136.26805,29.00875,transect_midpoint_arithmetic,strip,0.0,"LINESTRING (-136.1891 29.0054, -136.347 29.0121)",15.3902748854,6.0,0.0923416493124,,346.539186,,,published,346.539186,2928.809503,total_plastic,S1_trawl_5_to_50,plastic,5-50 cm (macroplastic),mega trawl net (6 m x 1.5 m),total macroplastic,,"published midpoint estimate, not forced to raw count/area",10.6084/m9.figshare.5873142,CC BY 4.0,https://ndownloader.figshare.com/files/10441962,,measurement
S1:50.3,C,optional,MPL-0687,S1_GPGP2018,50.3,North Pacific Ocean,2015-08-09,2015-08-09T14:47:00,2015-08-09T17:41:00,True,-142.37745,30.996965,transect_midpoint_arithmetic,strip,0.0,"LINESTRING (-142.3029 30.9997, -142.452 30.99423)",14.2406582505,6.0,0.0854439495032,,280.885892,,,published,280.885892,2598.363035,total_plastic,S1_trawl_5_to_50,plastic,5-50 cm (macroplastic),mega trawl net (6 m x 1.5 m),total macroplastic,,"published midpoint estimate, not forced to raw count/area",10.6084/m9.figshare.5873142,CC BY 4.0,https://ndownloader.figshare.com/files/10441962,,measurement
S1:51.3,C,optional,MPL-0680,S1_GPGP2018,51.3,North Pacific Ocean,2015-08-09,2015-08-09T21:10:00,2015-08-09T23:46:00,True,-142.8742845,30.9897265,transect_midpoint_arithmetic,strip,0.0,"LINESTRING (-142.837 30.9905, -142.911569 30.988953)",9.79,6.0,0.05874,,680.966974,,,published,680.966974,14147.926455,total_plastic,S1_trawl_5_to_50,plastic,5-50 cm (macroplastic),mega trawl net (6 m x 1.5 m),total macroplastic,,"published midpoint estimate, not forced to raw count/area",10.6084/m9.figshare.5873142,CC BY 4.0,https://ndownloader.figshare.com/files/10441962,,measurement
S1:52.3,C,optional,MPL-0691,S1_GPGP2018,52.3,North Pacific Ocean,2015-08-10,2015-08-10T02:48:00,2015-08-10T05:46:00,True,-143.3006915,31.00401,transect_midpoint_arithmetic,strip,0.0,"LINESTRING (-143.224383 31.0087, -143.377 30.99932)",14.5979448099,6.0,0.0875876688592,,559.439481,,,published,559.439481,6166.177352,total_plastic,S1_trawl_5_to_50,plastic,5-50 cm (macroplastic),mega trawl net (6 m x 1.5 m),total macroplastic,,"published midpoint estimate, not forced to raw count/area",10.6084/m9.figshare.5873142,CC BY 4.0,https://ndownloader.figshare.com/files/10441962,,measurement
S1:53.3,C,optional,MPL-0694,S1_GPGP2018,53.3,North Pacific Ocean,2015-08-10,2015-08-10T08:51:00,2015-08-10T11:44:00,True,-143.842775,31.00916,transect_midpoint_arithmetic,strip,0.0,"LINESTRING (-143.76855 31.0105, -143.917 31.00782)",15.27,6.0,0.09162,,349.268718,,,published,349.268718,7009.099541,total_plastic,S1_trawl_5_to_50,plastic,5-50 cm (macroplastic),mega trawl net (6 m x 1.5 m),total macroplastic,,"published midpoint estimate, not forced to raw count/area",10.6084/m9.figshare.5873142,CC BY 4.0,https://ndownloader.figshare.com/files/10441962,,measurement
S1:54.3,C,optional,MPL-0701,S1_GPGP2018,54.3,North Pacific Ocean,2015-08-10,2015-08-10T20:54:00,2015-08-10T23:48:00,True,-143.6377665,32.028835,transect_midpoint_arithmetic,strip,0.0,"LINESTRING (-143.716533 32.0255, -143.559 32.03217)",14.882693478,6.0,0.0892961608682,,439.780685,,,published,439.780685,3877.265523,total_plastic,S1_trawl_5_to_50,plastic,5-50 cm (macroplastic),mega trawl net (6 m x 1.5 m),total macroplastic,,"published midpoint estimate, not forced to raw count/area",10.6084/m9.figshare.5873142,CC BY 4.0,https://ndownloader.figshare.com/files/10441962,,measurement
S1:54.4,C,optional,MPL-0699,S1_GPGP2018,54.4,North Pacific Ocean,2015-08-10,2015-08-10T20:36:00,2015-08-11T00:05:00,True,-143.6277915,32.023415,transect_midpoint_arithmetic,strip,0.0,"LINESTRING (-143.704583 32.0183, -143.551 32.02853)",14.5411940484,6.0,0.0872471642906,,741.629573,,,published,741.629573,28684.673001,total_plastic,S1_trawl_5_to_50,plastic,5-50 cm (macroplastic),mega trawl net (6 m x 1.5 m),total macroplastic,,"published midpoint estimate, not forced to raw count/area",10.6084/m9.figshare.5873142,CC BY 4.0,https://ndownloader.figshare.com/files/10441962,,measurement
S1:55.4,C,optional,MPL-0715,S1_GPGP2018,55.4,North Pacific Ocean,2015-08-11,2015-08-11T02:34:00,2015-08-11T06:00:00,True,-143.1047085,32.021825,transect_midpoint_arithmetic,strip,0.0,"LINESTRING (-143.173417 32.0192, -143.036 32.02445)",12.9814697689,6.0,0.0778888186137,,937.233371,,,published,937.233371,12242.78166,total_plastic,S1_trawl_5_to_50,plastic,5-50 cm (macroplastic),mega trawl net (6 m x 1.5 m),total macroplastic,,"published midpoint estimate, not forced to raw count/area",10.6084/m9.figshare.5873142,CC BY 4.0,https://ndownloader.figshare.com/files/10441962,,measurement
S1:56.4,C,optional,MPL-0711,S1_GPGP2018,56.4,North Pacific Ocean,2015-08-11,2015-08-11T08:35:00,2015-08-11T11:59:00,True,-142.5771415,32.01915,transect_midpoint_arithmetic,strip,0.0,"LINESTRING (-142.653283 32.0214, -142.501 32.0169)",14.383493171,6.0,0.0863009590258,,961.750609,,,published,961.750609,14339.69001,total_plastic,S1_trawl_5_to_50,plastic,5-50 cm (macroplastic),mega trawl net (6 m x 1.5 m),total macroplastic,,"published midpoint estimate, not forced to raw count/area",10.6084/m9.figshare.5873142,CC BY 4.0,https://ndownloader.figshare.com/files/10441962,,measurement
S1:57.4,C,optional,MPL-0705,S1_GPGP2018,57.4,North Pacific Ocean,2015-08-11,2015-08-11T14:36:00,2015-08-11T17:59:00,True,-142.0377085,32.003635,transect_midpoint_arithmetic,strip,0.0,"LINESTRING (-142.109417 32.0047, -141.966 32.00257)",13.5390525041,6.0,0.0812343150245,,1292.557215,,,published,1292.557215,25330.428396,total_plastic,S1_trawl_5_to_50,plastic,5-50 cm (macroplastic),mega trawl net (6 m x 1.5 m),total macroplastic,,"published midpoint estimate, not forced to raw count/area",10.6084/m9.figshare.5873142,CC BY 4.0,https://ndownloader.figshare.com/files/10441962,,measurement
S1:58.4,C,optional,MPL-0710,S1_GPGP2018,58.4,North Pacific Ocean,2015-08-11,2015-08-11T20:41:00,2015-08-11T23:58:00,True,-141.4973835,32.01739,transect_midpoint_arithmetic,strip,0.0,"LINESTRING (-141.567767 31.9785, -141.427 32.05628)",15.8625455651,6.0,0.0951752733908,,1849.2198,,,published,1849.2198,15474.607505,total_plastic,S1_trawl_5_to_50,plastic,5-50 cm (macroplastic),mega trawl net (6 m x 1.5 m),total macroplastic,,"published midpoint estimate, not forced to raw count/area",10.6084/m9.figshare.5873142,CC BY 4.0,https://ndownloader.figshare.com/files/10441962,,measurement
S1:6.3,C,optional,MPL-0545,S1_GPGP2018,6.3,North Pacific Ocean,2015-07-28,2015-07-28T21:00:00,2015-07-29T00:28:00,True,-136.8621665,29.00841,transect_midpoint_arithmetic,strip,0.0,"LINESTRING (-136.782333 28.9995, -136.942 29.01732)",15.6732406668,6.0,0.094039444001,,340.282743,,,published,340.282743,7309.031942,total_plastic,S1_trawl_5_to_50,plastic,5-50 cm (macroplastic),mega trawl net (6 m x 1.5 m),total macroplastic,,"published midpoint estimate, not forced to raw count/area",10.6084/m9.figshare.5873142,CC BY 4.0,https://ndownloader.figshare.com/files/10441962,,measurement
S1:6.4,C,optional,MPL-0544,S1_GPGP2018,6.4,North Pacific Ocean,2015-07-28,2015-07-28T20:44:00,2015-07-29T00:08:00,True,-136.8627915,29.0074,transect_midpoint_arithmetic,strip,0.0,"LINESTRING (-136.767583 28.9971, -136.958 29.0177)",18.6777458019,6.0,0.112066474811,,348.007734,,,published,348.007734,8663.793536,total_plastic,S1_trawl_5_to_50,plastic,5-50 cm (macroplastic),mega trawl net (6 m x 1.5 m),total macroplastic,,"published midpoint estimate, not forced to raw count/area",10.6084/m9.figshare.5873142,CC BY 4.0,https://ndownloader.figshare.com/files/10441962,,measurement
S1:60.4,C,optional,MPL-0721,S1_GPGP2018,60.4,North Pacific Ocean,2015-08-12,2015-08-12T08:37:00,2015-08-12T12:21:00,True,-140.3389585,32.00135,transect_midpoint_arithmetic,strip,0.0,"LINESTRING (-140.425917 32.0011, -140.252 32.0016)",16.4167555529,6.0,0.0985005333173,,1390.855413,,,published,1390.855413,44932.75164,total_plastic,S1_trawl_5_to_50,plastic,5-50 cm (macroplastic),mega trawl net (6 m x 1.5 m),total macroplastic,,"published midpoint estimate, not forced to raw count/area",10.6084/m9.figshare.5873142,CC BY 4.0,https://ndownloader.figshare.com/files/10441962,,measurement
S1:61.3,C,optional,MPL-0716,S1_GPGP2018,61.3,North Pacific Ocean,2015-08-12,2015-08-12T14:48:00,2015-08-12T17:44:00,True,-139.8349335,31.99739,transect_midpoint_arithmetic,strip,0.0,"LINESTRING (-139.900867 32.0045, -139.769 31.99028)",12.5522082755,6.0,0.0753132496527,,969.284957,,,published,969.284957,30493.970325,total_plastic,S1_trawl_5_to_50,plastic,5-50 cm (macroplastic),mega trawl net (6 m x 1.5 m),total macroplastic,,"published midpoint estimate, not forced to raw count/area",10.6084/m9.figshare.5873142,CC BY 4.0,https://ndownloader.figshare.com/files/10441962,,measurement
S1:62.3,C,optional,MPL-0724,S1_GPGP2018,62.3,North Pacific Ocean,2015-08-12,2015-08-12T20:52:00,2015-08-12T23:46:00,True,-139.3066335,32.007425,transect_midpoint_arithmetic,strip,0.0,"LINESTRING (-139.371267 32.0021, -139.242 32.01275)",12.2634632559,6.0,0.0735807795354,,883.382867,,,published,883.382867,22340.936185,total_plastic,S1_trawl_5_to_50,plastic,5-50 cm (macroplastic),mega trawl net (6 m x 1.5 m),total macroplastic,,"published midpoint estimate, not forced to raw count/area",10.6084/m9.figshare.5873142,CC BY 4.0,https://ndownloader.figshare.com/files/10441962,,measurement
S1:63.3,C,optional,MPL-0738,S1_GPGP2018,63.3,North Pacific Ocean,2015-08-13,2015-08-13T02:50:00,2015-08-13T05:58:00,True,-138.781625,32.0156,transect_midpoint_arithmetic,strip,0.0,"LINESTRING (-138.84825 32.0091, -138.715 32.0221)",12.6648995806,6.0,0.0759893974839,,473.750303,,,published,473.750303,32611.310026,total_plastic,S1_trawl_5_to_50,plastic,5-50 cm (macroplastic),mega trawl net (6 m x 1.5 m),total macroplastic,,"published midpoint estimate, not forced to raw count/area",10.6084/m9.figshare.5873142,CC BY 4.0,https://ndownloader.figshare.com/files/10441962,,measurement
S1:64.3,C,optional,MPL-0736,S1_GPGP2018,64.3,North Pacific Ocean,2015-08-13,2015-08-13T08:35:00,2015-08-13T11:50:00,True,-138.2743415,32.007085,transect_midpoint_arithmetic,strip,0.0,"LINESTRING (-138.348683 32.0065, -138.2 32.00767)",14.0374641756,6.0,0.0842247850538,,926.093191,,,published,926.093191,18247.454109,total_plastic,S1_trawl_5_to_50,plastic,5-50 cm (macroplastic),mega trawl net (6 m x 1.5 m),total macroplastic,,"published midpoint estimate, not forced to raw count/area",10.6084/m9.figshare.5873142,CC BY 4.0,https://ndownloader.figshare.com/files/10441962,,measurement
S1:65.3,C,optional,MPL-0726,S1_GPGP2018,65.3,North Pacific Ocean,2015-08-13,2015-08-13T14:45:00,2015-08-13T17:43:00,True,-137.7624415,31.9947,transect_midpoint_arithmetic,strip,0.0,"LINESTRING (-137.830883 32.0036, -137.694 31.9858)",13.0757011232,6.0,0.0784542067393,,254.925782,,,published,254.925782,4750.773929,total_plastic,S1_trawl_5_to_50,plastic,5-50 cm (macroplastic),mega trawl net (6 m x 1.5 m),total macroplastic,,"published midpoint estimate, not forced to raw count/area",10.6084/m9.figshare.5873142,CC BY 4.0,https://ndownloader.figshare.com/files/10441962,,measurement
S1:66.3,C,optional,MPL-0727,S1_GPGP2018,66.3,North Pacific Ocean,2015-08-13,2015-08-13T20:41:00,2015-08-13T23:42:00,True,-137.2263335,31.99716,transect_midpoint_arithmetic,strip,0.0,"LINESTRING (-137.291667 32.0016, -137.161 31.99272)",12.3787336412,6.0,0.0742724018474,,942.476591,,,published,942.476591,19241.332776,total_plastic,S1_trawl_5_to_50,plastic,5-50 cm (macroplastic),mega trawl net (6 m x 1.5 m),total macroplastic,,"published midpoint estimate, not forced to raw count/area",10.6084/m9.figshare.5873142,CC BY 4.0,https://ndownloader.figshare.com/files/10441962,,measurement
S1:66.4,C,optional,MPL-0725,S1_GPGP2018,66.4,North Pacific Ocean,2015-08-13,2015-08-13T20:33:00,2015-08-13T23:55:00,True,-137.2262165,31.994635,transect_midpoint_arithmetic,strip,0.0,"LINESTRING (-137.295433 31.9997, -137.157 31.98957)",13.114597699,6.0,0.0786875861942,,940.427881,,,published,940.427881,17889.734176,total_plastic,S1_trawl_5_to_50,plastic,5-50 cm (macroplastic),mega trawl net (6 m x 1.5 m),total macroplastic,,"published midpoint estimate, not forced to raw count/area",10.6084/m9.figshare.5873142,CC BY 4.0,https://ndownloader.figshare.com/files/10441962,,measurement
S1:67.4,C,optional,MPL-0751,S1_GPGP2018,67.4,North Pacific Ocean,2015-08-14,2015-08-14T02:31:00,2015-08-14T06:06:00,True,-136.6982335,32.01855,transect_midpoint_arithmetic,strip,0.0,"LINESTRING (-136.761467 32.0116, -136.635 32.0255)",12.0395714871,6.0,0.0722374289227,,1425.853627,,,published,1425.853627,30468.958168,total_plastic,S1_trawl_5_to_50,plastic,5-50 cm (macroplastic),mega trawl net (6 m x 1.5 m),total macroplastic,,"published midpoint estimate, not forced to raw count/area",10.6084/m9.figshare.5873142,CC BY 4.0,https://ndownloader.figshare.com/files/10441962,,measurement
S1:68.4,C,optional,MPL-0742,S1_GPGP2018,68.4,North Pacific Ocean,2015-08-14,2015-08-14T08:35:00,2015-08-14T12:07:00,True,-136.1661665,32.001165,transect_midpoint_arithmetic,strip,0.0,"LINESTRING (-136.254333 32.0009, -136.078 32.00143)",16.6433574395,6.0,0.0998601446371,,470.658241,,,published,470.658241,6028.431085,total_plastic,S1_trawl_5_to_50,plastic,5-50 cm (macroplastic),mega trawl net (6 m x 1.5 m),total macroplastic,,"published midpoint estimate, not forced to raw count/area",10.6084/m9.figshare.5873142,CC BY 4.0,https://ndownloader.figshare.com/files/10441962,,measurement
S1:69.4,C,optional,MPL-0739,S1_GPGP2018,69.4,North Pacific Ocean,2015-08-14,2015-08-14T14:35:00,2015-08-14T17:59:00,True,-135.6463915,31.99764,transect_midpoint_arithmetic,strip,0.0,"LINESTRING (-135.714783 32.0019, -135.578 31.99338)",12.9494521277,6.0,0.0776967127663,,1171.220722,,,published,1171.220722,53792.017078,total_plastic,S1_trawl_5_to_50,plastic,5-50 cm (macroplastic),mega trawl net (6 m x 1.5 m),total macroplastic,,"published midpoint estimate, not forced to raw count/area",10.6084/m9.figshare.5873142,CC BY 4.0,https://ndownloader.figshare.com/files/10441962,,measurement
S1:7.4,C,optional,MPL-0559,S1_GPGP2018,7.4,North Pacific Ocean,2015-07-29,2015-07-29T02:40:00,2015-07-29T06:21:00,True,-137.46765,29.007175,transect_midpoint_arithmetic,strip,0.0,"LINESTRING (-137.3713 29.0081, -137.564 29.00625)",18.7614608222,6.0,0.112568764933,,346.454898,,,published,346.454898,2593.101206,total_plastic,S1_trawl_5_to_50,plastic,5-50 cm (macroplastic),mega trawl net (6 m x 1.5 m),total macroplastic,,"published midpoint estimate, not forced to raw count/area",10.6084/m9.figshare.5873142,CC BY 4.0,https://ndownloader.figshare.com/files/10441962,,measurement
S1:70.4,C,optional,MPL-0747,S1_GPGP2018,70.4,North Pacific Ocean,2015-08-14,2015-08-14T20:35:00,2015-08-15T00:07:00,True,-135.113225,32.00864,transect_midpoint_arithmetic,strip,0.0,"LINESTRING (-135.18145 32.0031, -135.045 32.01418)",13.75,6.0,0.0825,,727.272727,,,published,727.272727,23576.969697,total_plastic,S1_trawl_5_to_50,plastic,5-50 cm (macroplastic),mega trawl net (6 m x 1.5 m),total macroplastic,,"published midpoint estimate, not forced to raw count/area",10.6084/m9.figshare.5873142,CC BY 4.0,https://ndownloader.figshare.com/files/10441962,,measurement
S1:71.4,C,optional,MPL-0753,S1_GPGP2018,71.4,North Pacific Ocean,2015-08-15,2015-08-15T02:33:00,2015-08-15T06:01:00,True,-134.5978585,32.008585,transect_midpoint_arithmetic,strip,0.0,"LINESTRING (-134.667717 32.008, -134.528 32.00917)",13.187716784,6.0,0.0791263007039,,290.674527,,,published,290.674527,27813.601552,total_plastic,S1_trawl_5_to_50,plastic,5-50 cm (macroplastic),mega trawl net (6 m x 1.5 m),total macroplastic,,"published midpoint estimate, not forced to raw count/area",10.6084/m9.figshare.5873142,CC BY 4.0,https://ndownloader.figshare.com/files/10441962,,measurement
S1:72.4,C,optional,MPL-0755,S1_GPGP2018,72.4,North Pacific Ocean,2015-08-15,2015-08-15T14:34:00,2015-08-15T18:04:00,True,-134.1399,32.996175,transect_midpoint_arithmetic,strip,0.0,"LINESTRING (-134.0508 33.0035, -134.229 32.98885)",16.7167290642,6.0,0.100300374385,,71.74788,,,published,71.74788,585.486138,total_plastic,S1_trawl_5_to_50,plastic,5-50 cm (macroplastic),mega trawl net (6 m x 1.5 m),total macroplastic,,"published midpoint estimate, not forced to raw count/area",10.6084/m9.figshare.5873142,CC BY 4.0,https://ndownloader.figshare.com/files/10441962,,measurement
S1:73.3,C,optional,MPL-0756,S1_GPGP2018,73.3,North Pacific Ocean,2015-08-15,2015-08-15T20:46:00,2015-08-15T23:45:00,True,-134.7286085,32.99759,transect_midpoint_arithmetic,strip,0.0,"LINESTRING (-134.658217 33.0043, -134.799 32.99088)",13.2298614156,6.0,0.0793791684937,,1417.506452,,,published,1417.506452,45788.240684,total_plastic,S1_trawl_5_to_50,plastic,5-50 cm (macroplastic),mega trawl net (6 m x 1.5 m),total macroplastic,,"published midpoint estimate, not forced to raw count/area",10.6084/m9.figshare.5873142,CC BY 4.0,https://ndownloader.figshare.com/files/10441962,,measurement
S1:74.3,C,optional,MPL-0762,S1_GPGP2018,74.3,North Pacific Ocean,2015-08-16,2015-08-16T02:59:00,2015-08-16T05:44:00,True,-135.2962085,32.987775,transect_midpoint_arithmetic,strip,0.0,"LINESTRING (-135.230417 32.9982, -135.362 32.97735)",12.504173625,6.0,0.0750250417502,,1026.323987,,,published,1026.323987,20179.92879,total_plastic,S1_trawl_5_to_50,plastic,5-50 cm (macroplastic),mega trawl net (6 m x 1.5 m),total macroplastic,,"published midpoint estimate, not forced to raw count/area",10.6084/m9.figshare.5873142,CC BY 4.0,https://ndownloader.figshare.com/files/10441962,,measurement
S1:75.3,C,optional,MPL-0763,S1_GPGP2018,75.3,North Pacific Ocean,2015-08-16,2015-08-16T14:45:00,2015-08-16T17:42:00,True,-136.8875415,32.996535,transect_midpoint_arithmetic,strip,0.0,"LINESTRING (-136.812083 33.0004, -136.963 32.99267)",14.1146820221,6.0,0.0846880921327,,1518.942464,,,published,1518.942464,27459.501454,total_plastic,S1_trawl_5_to_50,plastic,5-50 cm (macroplastic),mega trawl net (6 m x 1.5 m),total macroplastic,,"published midpoint estimate, not forced to raw count/area",10.6084/m9.figshare.5873142,CC BY 4.0,https://ndownloader.figshare.com/files/10441962,,measurement
S1:77.3,C,optional,MPL-0768,S1_GPGP2018,77.3,North Pacific Ocean,2015-08-17,2015-08-17T02:46:00,2015-08-17T05:43:00,True,-138.0048415,32.98329,transect_midpoint_arithmetic,strip,0.0,"LINESTRING (-137.937683 33.003, -138.072 32.96358)",13.2855299319,6.0,0.0797131795915,,376.349309,,,published,376.349309,18355.236957,total_plastic,S1_trawl_5_to_50,plastic,5-50 cm (macroplastic),mega trawl net (6 m x 1.5 m),total macroplastic,,"published midpoint estimate, not forced to raw count/area",10.6084/m9.figshare.5873142,CC BY 4.0,https://ndownloader.figshare.com/files/10441962,,measurement
S1:78.3,C,optional,MPL-0770,S1_GPGP2018,78.3,North Pacific Ocean,2015-08-17,2015-08-17T15:40:00,2015-08-17T18:12:00,True,-139.571725,32.9915,transect_midpoint_arithmetic,strip,0.0,"LINESTRING (-139.49845 32.9876, -139.645 32.9954)",13.7061432149,6.0,0.0822368592896,,748.005286,,,published,748.005286,22751.998156,total_plastic,S1_trawl_5_to_50,plastic,5-50 cm (macroplastic),mega trawl net (6 m x 1.5 m),total macroplastic,,"published midpoint estimate, not forced to raw count/area",10.6084/m9.figshare.5873142,CC BY 4.0,https://ndownloader.figshare.com/files/10441962,,measurement
S1:79.3,C,optional,MPL-0778,S1_GPGP2018,79.3,North Pacific Ocean,2015-08-18,2015-08-18T20:50:00,2015-08-18T23:48:00,True,-138.313375,33.7888,transect_midpoint_arithmetic,strip,0.0,"LINESTRING (-138.35775 33.747, -138.269 33.8306)",12.4137735339,6.0,0.0744826412031,,361.510331,,,published,361.510331,4964.872453,total_plastic,S1_trawl_5_to_50,plastic,5-50 cm (macroplastic),mega trawl net (6 m x 1.5 m),total macroplastic,,"published midpoint estimate, not forced to raw count/area",10.6084/m9.figshare.5873142,CC BY 4.0,https://ndownloader.figshare.com/files/10441962,,measurement
S1:79.4,C,optional,MPL-0777,S1_GPGP2018,79.4,North Pacific Ocean,2015-08-18,2015-08-18T20:39:00,2015-08-19T00:02:00,True,-138.3120665,33.786985,transect_midpoint_arithmetic,strip,0.0,"LINESTRING (-138.363133 33.7424, -138.261 33.83157)",13.7050725495,6.0,0.0822304352969,,552.015861,,,published,552.015861,6272.683266,total_plastic,S1_trawl_5_to_50,plastic,5-50 cm (macroplastic),mega trawl net (6 m x 1.5 m),total macroplastic,,"published midpoint estimate, not forced to raw count/area",10.6084/m9.figshare.5873142,CC BY 4.0,https://ndownloader.figshare.com/files/10441962,,measurement
S1:8.4,C,optional,MPL-0555,S1_GPGP2018,8.4,North Pacific Ocean,2015-07-29,2015-07-29T08:36:00,2015-07-29T12:09:00,True,-138.0501585,29.00169,transect_midpoint_arithmetic,strip,0.0,"LINESTRING (-137.950317 29.0017, -138.15 29.00168)",19.4429133225,6.0,0.116657479935,,257.163107,,,published,257.163107,4535.285695,total_plastic,S1_trawl_5_to_50,plastic,5-50 cm (macroplastic),mega trawl net (6 m x 1.5 m),total macroplastic,,"published midpoint estimate, not forced to raw count/area",10.6084/m9.figshare.5873142,CC BY 4.0,https://ndownloader.figshare.com/files/10441962,,measurement
S1:9.4,C,optional,MPL-0551,S1_GPGP2018,9.4,North Pacific Ocean,2015-07-29,2015-07-29T14:14:00,2015-07-29T17:32:00,True,-138.5806,28.999935,transect_midpoint_arithmetic,strip,0.0,"LINESTRING (-138.4982 28.9993, -138.663 29.00057)",16.0459529818,6.0,0.096275717891,,415.473402,,,published,415.473402,8234.750333,total_plastic,S1_trawl_5_to_50,plastic,5-50 cm (macroplastic),mega trawl net (6 m x 1.5 m),total macroplastic,,"published midpoint estimate, not forced to raw count/area",10.6084/m9.figshare.5873142,CC BY 4.0,https://ndownloader.figshare.com/files/10441962,,measurement
