{"type": "FeatureCollection", "features": [{"type": "Feature", "geometry": {"type": "Point", "coordinates": [7.666, 54.085]}, "properties": {"sample_id": "MPL-0003", "event_id": "S3:HE419_MarLitter_transect01", "source_id": "S3_SE_NORTH_SEA", "date_utc": "2014-04-03", "item_type": "plastic fragment", "category": "plastic", "material": "plastic", "position_role": "sighting_position", "value_type": "object_context"}}, {"type": "Feature", "geometry": {"type": "Point", "coordinates": [7.715, 54.099]}, "properties": {"sample_id": "MPL-0004", "event_id": "S3:HE419_MarLitter_transect01", "source_id": "S3_SE_NORTH_SEA", "date_utc": "2014-04-03", "item_type": "plastic bag", "category": "plastic", "material": "plastic", "position_role": "sighting_position", "value_type": "object_context"}}, {"type": "Feature", "geometry": {"type": "Point", "coordinates": [7.824, 54.126]}, "properties": {"sample_id": "MPL-0005", "event_id": "S3:HE419_MarLitter_transect01", "source_id": "S3_SE_NORTH_SEA", "date_utc": "2014-04-03", "item_type": "plastic bag", "category": "plastic", "material": "plastic", "position_role": "sighting_position", "value_type": "object_context"}}, {"type": "Feature", "geometry": {"type": "Point", "coordinates": [7.826, 54.127]}, "properties": {"sample_id": "MPL-0006", "event_id": "S3:HE419_MarLitter_transect01", "source_id": "S3_SE_NORTH_SEA", "date_utc": "2014-04-03", "item_type": "plastic bag", "category": "plastic", "material": "plastic", "position_role": "sighting_position", "value_type": "object_context"}}, {"type": "Feature", "geometry": {"type": "Point", "coordinates": [6.884, 54.895]}, "properties": {"sample_id": "MPL-0007", "event_id": "S3:HE419_MarLitter_transect02", "source_id": "S3_SE_NORTH_SEA", "date_utc": "2014-04-05", "item_type": "plastic fragment", "category": "plastic", "material": "plastic", "position_role": "sighting_position", "value_type": "object_context"}}, {"type": "Feature", "geometry": {"type": "Point", "coordinates": [6.898, 54.897]}, "properties": {"sample_id": "MPL-0010", "event_id": "S3:HE419_MarLitter_transect02", "source_id": "S3_SE_NORTH_SEA", "date_utc": "2014-04-05", "item_type": "plastic fragment", "category": "plastic", "material": "plastic", "position_role": "sighting_position", "value_type": "object_context"}}, {"type": "Feature", "geometry": {"type": "Point", "coordinates": [6.944, 54.903]}, "properties": {"sample_id": "MPL-0011", "event_id": "S3:HE419_MarLitter_transect02", "source_id": "S3_SE_NORTH_SEA", "date_utc": "2014-04-05", "item_type": "plastic fragment", "category": "plastic", "material": "plastic", "position_role": "sighting_position", "value_type": "object_context"}}, {"type": "Feature", "geometry": {"type": "Point", "coordinates": [6.956, 54.904]}, "properties": {"sample_id": "MPL-0012", "event_id": "S3:HE419_MarLitter_transect02", "source_id": "S3_SE_NORTH_SEA", "date_utc": "2014-04-05", "item_type": "plastic fragment", "category": "plastic", "material": "plastic", "position_role": "sighting_position", "value_type": "object_context"}}, {"type": "Feature", "geometry": {"type": "Point", "coordinates": [6.965, 54.906]}, "properties": {"sample_id": "MPL-0013", "event_id": "S3:HE419_MarLitter_transect02", "source_id": "S3_SE_NORTH_SEA", "date_utc": "2014-04-05", "item_type": "plastic bag", "category": "plastic", "material": "plastic", "position_role": "sighting_position", "value_type": "object_context"}}, {"type": "Feature", "geometry": {"type": "Point", "coordinates": [6.969, 54.906]}, "properties": {"sample_id": "MPL-0014", "event_id": "S3:HE419_MarLitter_transect02", "source_id": "S3_SE_NORTH_SEA", "date_utc": "2014-04-05", "item_type": "plastic fragment", "category": "plastic", "material": "plastic", "position_role": "sighting_position", "value_type": "object_context"}}, {"type": "Feature", "geometry": {"type": "Point", "coordinates": [5.426, 54.553]}, "properties": {"sample_id": "MPL-0015", "event_id": "S3:HE419_MarLitter_transect04", "source_id": "S3_SE_NORTH_SEA", "date_utc": "2014-04-06", "item_type": "plastic bottle", "category": "plastic", "material": "plastic", "position_role": "sighting_position", "value_type": "object_context"}}, {"type": "Feature", "geometry": {"type": "Point", "coordinates": [5.472, 54.579]}, "properties": {"sample_id": "MPL-0016", "event_id": "S3:HE419_MarLitter_transect04", "source_id": "S3_SE_NORTH_SEA", "date_utc": "2014-04-06", "item_type": "plastic bag", "category": "plastic", "material": "plastic", "position_role": "sighting_position", "value_type": "object_context"}}, {"type": "Feature", "geometry": {"type": "Point", "coordinates": [5.517, 54.607]}, "properties": {"sample_id": "MPL-0017", "event_id": "S3:HE419_MarLitter_transect03", "source_id": "S3_SE_NORTH_SEA", "date_utc": "2014-04-06", "item_type": "plastic fragment", "category": "plastic", "material": "plastic", "position_role": "sighting_position", "value_type": "object_context"}}, {"type": "Feature", "geometry": {"type": "Point", "coordinates": [5.509, 54.643]}, "properties": {"sample_id": "MPL-0022", "event_id": "S3:HE419_MarLitter_transect04", "source_id": "S3_SE_NORTH_SEA", "date_utc": "2014-04-06", "item_type": "plastic lid", "category": "plastic", "material": "plastic", "position_role": "sighting_position", "value_type": "object_context"}}, {"type": "Feature", "geometry": {"type": "Point", "coordinates": [5.511, 54.648]}, "properties": {"sample_id": "MPL-0023", "event_id": "S3:HE419_MarLitter_transect04", "source_id": "S3_SE_NORTH_SEA", "date_utc": "2014-04-06", "item_type": "lighter", "category": "plastic", "material": "plastic", "position_role": "sighting_position", "value_type": "object_context"}}, {"type": "Feature", "geometry": {"type": "Point", "coordinates": [5.549, 54.696]}, "properties": {"sample_id": "MPL-0024", "event_id": "S3:HE419_MarLitter_transect05", "source_id": "S3_SE_NORTH_SEA", "date_utc": "2014-04-06", "item_type": "plastic lid", "category": "plastic", "material": "plastic", "position_role": "sighting_position", "value_type": "object_context"}}, {"type": "Feature", "geometry": {"type": "Point", "coordinates": [5.604, 54.743]}, "properties": {"sample_id": "MPL-0025", "event_id": "S3:HE419_MarLitter_transect05", "source_id": "S3_SE_NORTH_SEA", "date_utc": "2014-04-06", "item_type": "packaging", "category": "plastic", "material": "plastic", "position_role": "sighting_position", "value_type": "object_context"}}, {"type": "Feature", "geometry": {"type": "Point", "coordinates": [5.612, 54.75]}, "properties": {"sample_id": "MPL-0026", "event_id": "S3:HE419_MarLitter_transect05", "source_id": "S3_SE_NORTH_SEA", "date_utc": "2014-04-06", "item_type": "thread from fishing net", "category": "plastic", "material": "plastic", "position_role": "sighting_position", "value_type": "object_context"}}, {"type": "Feature", "geometry": {"type": "Point", "coordinates": [5.65, 54.78]}, "properties": {"sample_id": "MPL-0029", "event_id": "S3:HE419_MarLitter_transect05", "source_id": "S3_SE_NORTH_SEA", "date_utc": "2014-04-06", "item_type": "plastic fragment", "category": "plastic", "material": "plastic", "position_role": "sighting_position", "value_type": "object_context"}}, {"type": "Feature", "geometry": {"type": "Point", "coordinates": [5.66, 54.789]}, "properties": {"sample_id": "MPL-0030", "event_id": "S3:HE419_MarLitter_transect05", "source_id": "S3_SE_NORTH_SEA", "date_utc": "2014-04-06", "item_type": "plastic fragment", "category": "plastic", "material": "plastic", "position_role": "sighting_position", "value_type": "object_context"}}, {"type": "Feature", "geometry": {"type": "Point", "coordinates": [5.704, 54.825]}, "properties": {"sample_id": "MPL-0031", "event_id": "S3:HE419_MarLitter_transect05", "source_id": "S3_SE_NORTH_SEA", "date_utc": "2014-04-06", "item_type": "plastic bag", "category": "plastic", "material": "plastic", "position_role": "sighting_position", "value_type": "object_context"}}, {"type": "Feature", "geometry": {"type": "Point", "coordinates": [5.706, 54.827]}, "properties": {"sample_id": "MPL-0032", "event_id": "S3:HE419_MarLitter_transect05", "source_id": "S3_SE_NORTH_SEA", "date_utc": "2014-04-06", "item_type": "plastic fragment", "category": "plastic", "material": "plastic", "position_role": "sighting_position", "value_type": "object_context"}}, {"type": "Feature", "geometry": {"type": "Point", "coordinates": [5.712, 54.832]}, "properties": {"sample_id": "MPL-0033", "event_id": "S3:HE419_MarLitter_transect05", "source_id": "S3_SE_NORTH_SEA", "date_utc": "2014-04-06", "item_type": "plastic fragment", "category": "plastic", "material": "plastic", "position_role": "sighting_position", "value_type": "object_context"}}, {"type": "Feature", "geometry": {"type": "Point", "coordinates": [5.776, 54.879]}, "properties": {"sample_id": "MPL-0034", "event_id": "S3:HE419_MarLitter_transect06", "source_id": "S3_SE_NORTH_SEA", "date_utc": "2014-04-06", "item_type": "plastics", "category": "plastic", "material": "plastic", "position_role": "sighting_position", "value_type": "object_context"}}, {"type": "Feature", "geometry": {"type": "Point", "coordinates": [5.84, 54.927]}, "properties": {"sample_id": "MPL-0037", "event_id": "S3:HE419_MarLitter_transect06", "source_id": "S3_SE_NORTH_SEA", "date_utc": "2014-04-06", "item_type": "plastic fragment", "category": "plastic", "material": "plastic", "position_role": "sighting_position", "value_type": "object_context"}}, {"type": "Feature", "geometry": {"type": "Point", "coordinates": [5.876, 54.947]}, "properties": {"sample_id": "MPL-0038", "event_id": "S3:HE419_MarLitter_transect06", "source_id": "S3_SE_NORTH_SEA", "date_utc": "2014-04-06", "item_type": "plastic beaker", "category": "plastic", "material": "plastic", "position_role": "sighting_position", "value_type": "object_context"}}, {"type": "Feature", "geometry": {"type": "Point", "coordinates": [5.686, 54.972]}, "properties": {"sample_id": "MPL-0041", "event_id": "S3:HE419_MarLitter_transect08", "source_id": "S3_SE_NORTH_SEA", "date_utc": "2014-04-06", "item_type": "plastic lid", "category": "plastic", "material": "plastic", "position_role": "sighting_position", "value_type": "object_context"}}, {"type": "Feature", "geometry": {"type": "Point", "coordinates": [5.908, 54.986]}, "properties": {"sample_id": "MPL-0042", "event_id": "S3:HE419_MarLitter_transect07", "source_id": "S3_SE_NORTH_SEA", "date_utc": "2014-04-06", "item_type": "plastic foil", "category": "plastic", "material": "plastic", "position_role": "sighting_position", "value_type": "object_context"}}, {"type": "Feature", "geometry": {"type": "Point", "coordinates": [5.798, 54.996]}, "properties": {"sample_id": "MPL-0045", "event_id": "S3:HE419_MarLitter_transect07", "source_id": "S3_SE_NORTH_SEA", "date_utc": "2014-04-06", "item_type": "plastic bag", "category": "plastic", "material": "plastic", "position_role": "sighting_position", "value_type": "object_context"}}, {"type": "Feature", "geometry": {"type": "Point", "coordinates": [5.065, 54.932]}, "properties": {"sample_id": "MPL-0046", "event_id": "S3:HE419_MarLitter_transect14", "source_id": "S3_SE_NORTH_SEA", "date_utc": "2014-04-07", "item_type": "plastic item", "category": "plastic", "material": "plastic", "position_role": "sighting_position", "value_type": "object_context"}}, {"type": "Feature", "geometry": {"type": "Point", "coordinates": [5.061, 54.938]}, "properties": {"sample_id": "MPL-0047", "event_id": "S3:HE419_MarLitter_transect14", "source_id": "S3_SE_NORTH_SEA", "date_utc": "2014-04-07", "item_type": "plastic item", "category": "plastic", "material": "plastic", "position_role": "sighting_position", "value_type": "object_context"}}, {"type": "Feature", "geometry": {"type": "Point", "coordinates": [5.086, 54.942]}, "properties": {"sample_id": "MPL-0048", "event_id": "S3:HE419_MarLitter_transect13", "source_id": "S3_SE_NORTH_SEA", "date_utc": "2014-04-07", "item_type": "filling foam glue", "category": "plastic", "material": "plastic", "position_role": "sighting_position", "value_type": "object_context"}}, {"type": "Feature", "geometry": {"type": "Point", "coordinates": [5.094, 54.947]}, "properties": {"sample_id": "MPL-0049", "event_id": "S3:HE419_MarLitter_transect13", "source_id": "S3_SE_NORTH_SEA", "date_utc": "2014-04-07", "item_type": "plastic bag", "category": "plastic", "material": "plastic", "position_role": "sighting_position", "value_type": "object_context"}}, {"type": "Feature", "geometry": {"type": "Point", "coordinates": [5.119, 54.962]}, "properties": {"sample_id": "MPL-0050", "event_id": "S3:HE419_MarLitter_transect13", "source_id": "S3_SE_NORTH_SEA", "date_utc": "2014-04-07", "item_type": "packaging bag", "category": "plastic", "material": "plastic", "position_role": "sighting_position", "value_type": "object_context"}}, {"type": "Feature", "geometry": {"type": "Point", "coordinates": [5.136, 54.974]}, "properties": {"sample_id": "MPL-0053", "event_id": "S3:HE419_MarLitter_transect13", "source_id": "S3_SE_NORTH_SEA", "date_utc": "2014-04-07", "item_type": "candy bag", "category": "plastic", "material": "plastic", "position_role": "sighting_position", "value_type": "object_context"}}, {"type": "Feature", "geometry": {"type": "Point", "coordinates": [5.385, 54.993]}, "properties": {"sample_id": "MPL-0054", "event_id": "S3:HE419_MarLitter_transect09", "source_id": "S3_SE_NORTH_SEA", "date_utc": "2014-04-07", "item_type": "plastic fragment", "category": "plastic", "material": "plastic", "position_role": "sighting_position", "value_type": "object_context"}}, {"type": "Feature", "geometry": {"type": "Point", "coordinates": [5.183, 55.003]}, "properties": {"sample_id": "MPL-0055", "event_id": "S3:HE419_MarLitter_transect13", "source_id": "S3_SE_NORTH_SEA", "date_utc": "2014-04-07", "item_type": "plastic fragment", "category": "plastic", "material": "plastic", "position_role": "sighting_position", "value_type": "object_context"}}, {"type": "Feature", "geometry": {"type": "Point", "coordinates": [5.007, 55.008]}, "properties": {"sample_id": "MPL-0058", "event_id": "S3:HE419_MarLitter_transect14", "source_id": "S3_SE_NORTH_SEA", "date_utc": "2014-04-07", "item_type": "balloon", "category": "plastic", "material": "plastic", "position_role": "sighting_position", "value_type": "object_context"}}, {"type": "Feature", "geometry": {"type": "Point", "coordinates": [5.0, 55.016]}, "properties": {"sample_id": "MPL-0059", "event_id": "S3:HE419_MarLitter_transect14", "source_id": "S3_SE_NORTH_SEA", "date_utc": "2014-04-07", "item_type": "plastic item", "category": "plastic", "material": "plastic", "position_role": "sighting_position", "value_type": "object_context"}}, {"type": "Feature", "geometry": {"type": "Point", "coordinates": [4.998, 55.036]}, "properties": {"sample_id": "MPL-0062", "event_id": "S3:HE419_MarLitter_transect14", "source_id": "S3_SE_NORTH_SEA", "date_utc": "2014-04-07", "item_type": "plastic bag", "category": "plastic", "material": "plastic", "position_role": "sighting_position", "value_type": "object_context"}}, {"type": "Feature", "geometry": {"type": "Point", "coordinates": [5.431, 55.037]}, "properties": {"sample_id": "MPL-0063", "event_id": "S3:HE419_MarLitter_transect09", "source_id": "S3_SE_NORTH_SEA", "date_utc": "2014-04-07", "item_type": "broken balloon", "category": "plastic", "material": "plastic", "position_role": "sighting_position", "value_type": "object_context"}}, {"type": "Feature", "geometry": {"type": "Point", "coordinates": [4.974, 55.044]}, "properties": {"sample_id": "MPL-0064", "event_id": "S3:HE419_MarLitter_transect14", "source_id": "S3_SE_NORTH_SEA", "date_utc": "2014-04-07", "item_type": "plastic item", "category": "plastic", "material": "plastic", "position_role": "sighting_position", "value_type": "object_context"}}, {"type": "Feature", "geometry": {"type": "Point", "coordinates": [5.441, 55.047]}, "properties": {"sample_id": "MPL-0065", "event_id": "S3:HE419_MarLitter_transect09", "source_id": "S3_SE_NORTH_SEA", "date_utc": "2014-04-07", "item_type": "fragment of plastic bag", "category": "plastic", "material": "plastic", "position_role": "sighting_position", "value_type": "object_context"}}, {"type": "Feature", "geometry": {"type": "Point", "coordinates": [5.446, 55.051]}, "properties": {"sample_id": "MPL-0066", "event_id": "S3:HE419_MarLitter_transect09", "source_id": "S3_SE_NORTH_SEA", "date_utc": "2014-04-07", "item_type": "foil fragment", "category": "plastic", "material": "plastic", "position_role": "sighting_position", "value_type": "object_context"}}, {"type": "Feature", "geometry": {"type": "Point", "coordinates": [5.292, 55.057]}, "properties": {"sample_id": "MPL-0069", "event_id": "S3:HE419_MarLitter_transect12", "source_id": "S3_SE_NORTH_SEA", "date_utc": "2014-04-07", "item_type": "plastic bottle", "category": "plastic", "material": "plastic", "position_role": "sighting_position", "value_type": "object_context"}}, {"type": "Feature", "geometry": {"type": "Point", "coordinates": [5.303, 55.061]}, "properties": {"sample_id": "MPL-0070", "event_id": "S3:HE419_MarLitter_transect12", "source_id": "S3_SE_NORTH_SEA", "date_utc": "2014-04-07", "item_type": "styrofoam chip", "category": "expanded polystyrene (EPS)", "material": "expanded polystyrene (EPS)", "position_role": "sighting_position", "value_type": "object_context"}}, {"type": "Feature", "geometry": {"type": "Point", "coordinates": [5.477, 55.076]}, "properties": {"sample_id": "MPL-0071", "event_id": "S3:HE419_MarLitter_transect10", "source_id": "S3_SE_NORTH_SEA", "date_utc": "2014-04-07", "item_type": "plastic fragment", "category": "plastic", "material": "plastic", "position_role": "sighting_position", "value_type": "object_context"}}, {"type": "Feature", "geometry": {"type": "Point", "coordinates": [5.523, 55.086]}, "properties": {"sample_id": "MPL-0072", "event_id": "S3:HE419_MarLitter_transect10", "source_id": "S3_SE_NORTH_SEA", "date_utc": "2014-04-07", "item_type": "filling foam glue", "category": "plastic", "material": "plastic", "position_role": "sighting_position", "value_type": "object_context"}}, {"type": "Feature", "geometry": {"type": "Point", "coordinates": [5.426, 55.109]}, "properties": {"sample_id": "MPL-0075", "event_id": "S3:HE419_MarLitter_transect11", "source_id": "S3_SE_NORTH_SEA", "date_utc": "2014-04-07", "item_type": "plastic object", "category": "plastic", "material": "plastic", "position_role": "sighting_position", "value_type": "object_context"}}, {"type": "Feature", "geometry": {"type": "Point", "coordinates": [5.604, 55.112]}, "properties": {"sample_id": "MPL-0078", "event_id": "S3:HE419_MarLitter_transect11", "source_id": "S3_SE_NORTH_SEA", "date_utc": "2014-04-07", "item_type": "plastic fragment", "category": "plastic", "material": "plastic", "position_role": "sighting_position", "value_type": "object_context"}}, {"type": "Feature", "geometry": {"type": "Point", "coordinates": [5.596, 55.112]}, "properties": {"sample_id": "MPL-0079", "event_id": "S3:HE419_MarLitter_transect11", "source_id": "S3_SE_NORTH_SEA", "date_utc": "2014-04-07", "item_type": "plastic item", "category": "plastic", "material": "plastic", "position_role": "sighting_position", "value_type": "object_context"}}, {"type": "Feature", "geometry": {"type": "Point", "coordinates": [5.592, 55.112]}, "properties": {"sample_id": "MPL-0080", "event_id": "S3:HE419_MarLitter_transect11", "source_id": "S3_SE_NORTH_SEA", "date_utc": "2014-04-07", "item_type": "plastic fragment", "category": "plastic", "material": "plastic", "position_role": "sighting_position", "value_type": "object_context"}}, {"type": "Feature", "geometry": {"type": "Point", "coordinates": [5.644, 55.121]}, "properties": {"sample_id": "MPL-0081", "event_id": "S3:HE419_MarLitter_transect10", "source_id": "S3_SE_NORTH_SEA", "date_utc": "2014-04-07", "item_type": "plastic fragment", "category": "plastic", "material": "plastic", "position_role": "sighting_position", "value_type": "object_context"}}, {"type": "Feature", "geometry": {"type": "Point", "coordinates": [3.782, 55.738]}, "properties": {"sample_id": "MPL-0082", "event_id": "S3:HE419_MarLitter_transect18", "source_id": "S3_SE_NORTH_SEA", "date_utc": "2014-04-08", "item_type": "plastic item", "category": "plastic", "material": "plastic", "position_role": "sighting_position", "value_type": "object_context"}}, {"type": "Feature", "geometry": {"type": "Point", "coordinates": [3.765, 55.743]}, "properties": {"sample_id": "MPL-0083", "event_id": "S3:HE419_MarLitter_transect18", "source_id": "S3_SE_NORTH_SEA", "date_utc": "2014-04-08", "item_type": "plastic bag", "category": "plastic", "material": "plastic", "position_role": "sighting_position", "value_type": "object_context"}}, {"type": "Feature", "geometry": {"type": "Point", "coordinates": [3.455, 55.761]}, "properties": {"sample_id": "MPL-0084", "event_id": "S3:HE419_MarLitter_transect15", "source_id": "S3_SE_NORTH_SEA", "date_utc": "2014-04-08", "item_type": "broken balloon with line", "category": "plastic", "material": "plastic", "position_role": "sighting_position", "value_type": "object_context"}}, {"type": "Feature", "geometry": {"type": "Point", "coordinates": [3.636, 55.802]}, "properties": {"sample_id": "MPL-0089", "event_id": "S3:HE419_MarLitter_transect18", "source_id": "S3_SE_NORTH_SEA", "date_utc": "2014-04-08", "item_type": "plastic rope", "category": "plastic", "material": "plastic", "position_role": "sighting_position", "value_type": "object_context"}}, {"type": "Feature", "geometry": {"type": "Point", "coordinates": [3.643, 55.802]}, "properties": {"sample_id": "MPL-0090", "event_id": "S3:HE419_MarLitter_transect18", "source_id": "S3_SE_NORTH_SEA", "date_utc": "2014-04-08", "item_type": "plastic item", "category": "plastic", "material": "plastic", "position_role": "sighting_position", "value_type": "object_context"}}, {"type": "Feature", "geometry": {"type": "Point", "coordinates": [3.422, 55.866]}, "properties": {"sample_id": "MPL-0091", "event_id": "S3:HE419_MarLitter_transect16", "source_id": "S3_SE_NORTH_SEA", "date_utc": "2014-04-08", "item_type": "plastic fragment", "category": "plastic", "material": "plastic", "position_role": "sighting_position", "value_type": "object_context"}}, {"type": "Feature", "geometry": {"type": "Point", "coordinates": [5.438, 55.232]}, "properties": {"sample_id": "MPL-0098", "event_id": "S3:HE419_MarLitter_transect20", "source_id": "S3_SE_NORTH_SEA", "date_utc": "2014-04-09", "item_type": "plastic fragment", "category": "plastic", "material": "plastic", "position_role": "sighting_position", "value_type": "object_context"}}, {"type": "Feature", "geometry": {"type": "Point", "coordinates": [5.438, 55.232]}, "properties": {"sample_id": "MPL-0099", "event_id": "S3:HE419_MarLitter_transect20", "source_id": "S3_SE_NORTH_SEA", "date_utc": "2014-04-09", "item_type": "plastic fragment", "category": "plastic", "material": "plastic", "position_role": "sighting_position", "value_type": "object_context"}}, {"type": "Feature", "geometry": {"type": "Point", "coordinates": [5.477, 55.234]}, "properties": {"sample_id": "MPL-0100", "event_id": "S3:HE419_MarLitter_transect20", "source_id": "S3_SE_NORTH_SEA", "date_utc": "2014-04-09", "item_type": "plastic fragment", "category": "plastic", "material": "plastic", "position_role": "sighting_position", "value_type": "object_context"}}, {"type": "Feature", "geometry": {"type": "Point", "coordinates": [4.975, 55.266]}, "properties": {"sample_id": "MPL-0103", "event_id": "S3:HE419_MarLitter_transect19", "source_id": "S3_SE_NORTH_SEA", "date_utc": "2014-04-09", "item_type": "plastic bag", "category": "plastic", "material": "plastic", "position_role": "sighting_position", "value_type": "object_context"}}, {"type": "Feature", "geometry": {"type": "Point", "coordinates": [5.639, 55.293]}, "properties": {"sample_id": "MPL-0104", "event_id": "S3:HE419_MarLitter_transect21", "source_id": "S3_SE_NORTH_SEA", "date_utc": "2014-04-09", "item_type": "balloon with line", "category": "plastic", "material": "plastic", "position_role": "sighting_position", "value_type": "object_context"}}, {"type": "Feature", "geometry": {"type": "Point", "coordinates": [5.64, 55.298]}, "properties": {"sample_id": "MPL-0105", "event_id": "S3:HE419_MarLitter_transect21", "source_id": "S3_SE_NORTH_SEA", "date_utc": "2014-04-09", "item_type": "plastic fragment", "category": "plastic", "material": "plastic", "position_role": "sighting_position", "value_type": "object_context"}}, {"type": "Feature", "geometry": {"type": "Point", "coordinates": [5.64, 55.311]}, "properties": {"sample_id": "MPL-0106", "event_id": "S3:HE419_MarLitter_transect21", "source_id": "S3_SE_NORTH_SEA", "date_utc": "2014-04-09", "item_type": "plastic fragment", "category": "plastic", "material": "plastic", "position_role": "sighting_position", "value_type": "object_context"}}, {"type": "Feature", "geometry": {"type": "Point", "coordinates": [6.404, 55.078]}, "properties": {"sample_id": "MPL-0111", "event_id": "S3:HE419_MarLitter_transect23", "source_id": "S3_SE_NORTH_SEA", "date_utc": "2014-04-10", "item_type": "net line", "category": "plastic", "material": "plastic", "position_role": "sighting_position", "value_type": "object_context"}}, {"type": "Feature", "geometry": {"type": "Point", "coordinates": [6.403, 55.087]}, "properties": {"sample_id": "MPL-0112", "event_id": "S3:HE419_MarLitter_transect23", "source_id": "S3_SE_NORTH_SEA", "date_utc": "2014-04-10", "item_type": "plastic bag", "category": "plastic", "material": "plastic", "position_role": "sighting_position", "value_type": "object_context"}}, {"type": "Feature", "geometry": {"type": "Point", "coordinates": [6.401, 55.107]}, "properties": {"sample_id": "MPL-0113", "event_id": "S3:HE419_MarLitter_transect23", "source_id": "S3_SE_NORTH_SEA", "date_utc": "2014-04-10", "item_type": "plastic fragment", "category": "plastic", "material": "plastic", "position_role": "sighting_position", "value_type": "object_context"}}, {"type": "Feature", "geometry": {"type": "Point", "coordinates": [6.401, 55.11]}, "properties": {"sample_id": "MPL-0116", "event_id": "S3:HE419_MarLitter_transect23", "source_id": "S3_SE_NORTH_SEA", "date_utc": "2014-04-10", "item_type": "plastic fragment", "category": "plastic", "material": "plastic", "position_role": "sighting_position", "value_type": "object_context"}}, {"type": "Feature", "geometry": {"type": "Point", "coordinates": [6.401, 55.113]}, "properties": {"sample_id": "MPL-0117", "event_id": "S3:HE419_MarLitter_transect23", "source_id": "S3_SE_NORTH_SEA", "date_utc": "2014-04-10", "item_type": "plastic fragment", "category": "plastic", "material": "plastic", "position_role": "sighting_position", "value_type": "object_context"}}, {"type": "Feature", "geometry": {"type": "Point", "coordinates": [6.401, 55.123]}, "properties": {"sample_id": "MPL-0118", "event_id": "S3:HE419_MarLitter_transect23", "source_id": "S3_SE_NORTH_SEA", "date_utc": "2014-04-10", "item_type": "plastic fragment", "category": "plastic", "material": "plastic", "position_role": "sighting_position", "value_type": "object_context"}}, {"type": "Feature", "geometry": {"type": "Point", "coordinates": [6.402, 55.135]}, "properties": {"sample_id": "MPL-0119", "event_id": "S3:HE419_MarLitter_transect23", "source_id": "S3_SE_NORTH_SEA", "date_utc": "2014-04-10", "item_type": "plastic fragment", "category": "plastic", "material": "plastic", "position_role": "sighting_position", "value_type": "object_context"}}, {"type": "Feature", "geometry": {"type": "Point", "coordinates": [6.401, 55.137]}, "properties": {"sample_id": "MPL-0120", "event_id": "S3:HE419_MarLitter_transect23", "source_id": "S3_SE_NORTH_SEA", "date_utc": "2014-04-10", "item_type": "plastic fragment", "category": "plastic", "material": "plastic", "position_role": "sighting_position", "value_type": "object_context"}}, {"type": "Feature", "geometry": {"type": "Point", "coordinates": [6.401, 55.138]}, "properties": {"sample_id": "MPL-0121", "event_id": "S3:HE419_MarLitter_transect23", "source_id": "S3_SE_NORTH_SEA", "date_utc": "2014-04-10", "item_type": "plastic fragment", "category": "plastic", "material": "plastic", "position_role": "sighting_position", "value_type": "object_context"}}, {"type": "Feature", "geometry": {"type": "Point", "coordinates": [6.321, 55.176]}, "properties": {"sample_id": "MPL-0122", "event_id": "S3:HE419_MarLitter_transect24", "source_id": "S3_SE_NORTH_SEA", "date_utc": "2014-04-10", "item_type": "plastic packaging", "category": "plastic", "material": "plastic", "position_role": "sighting_position", "value_type": "object_context"}}, {"type": "Feature", "geometry": {"type": "Point", "coordinates": [6.289, 55.196]}, "properties": {"sample_id": "MPL-0125", "event_id": "S3:HE419_MarLitter_transect24", "source_id": "S3_SE_NORTH_SEA", "date_utc": "2014-04-10", "item_type": "plastic bag", "category": "plastic", "material": "plastic", "position_role": "sighting_position", "value_type": "object_context"}}, {"type": "Feature", "geometry": {"type": "Point", "coordinates": [6.287, 55.197]}, "properties": {"sample_id": "MPL-0126", "event_id": "S3:HE419_MarLitter_transect24", "source_id": "S3_SE_NORTH_SEA", "date_utc": "2014-04-10", "item_type": "fragment of plastic bag", "category": "plastic", "material": "plastic", "position_role": "sighting_position", "value_type": "object_context"}}, {"type": "Feature", "geometry": {"type": "Point", "coordinates": [6.269, 55.238]}, "properties": {"sample_id": "MPL-0127", "event_id": "S3:HE419_MarLitter_transect25", "source_id": "S3_SE_NORTH_SEA", "date_utc": "2014-04-10", "item_type": "plastic bag", "category": "plastic", "material": "plastic", "position_role": "sighting_position", "value_type": "object_context"}}, {"type": "Feature", "geometry": {"type": "Point", "coordinates": [6.282, 55.241]}, "properties": {"sample_id": "MPL-0128", "event_id": "S3:HE419_MarLitter_transect25", "source_id": "S3_SE_NORTH_SEA", "date_utc": "2014-04-10", "item_type": "plastic fragment", "category": "plastic", "material": "plastic", "position_role": "sighting_position", "value_type": "object_context"}}, {"type": "Feature", "geometry": {"type": "Point", "coordinates": [6.295, 55.245]}, "properties": {"sample_id": "MPL-0129", "event_id": "S3:HE419_MarLitter_transect25", "source_id": "S3_SE_NORTH_SEA", "date_utc": "2014-04-10", "item_type": "plastic fragment", "category": "plastic", "material": "plastic", "position_role": "sighting_position", "value_type": "object_context"}}, {"type": "Feature", "geometry": {"type": "Point", "coordinates": [6.314, 55.249]}, "properties": {"sample_id": "MPL-0130", "event_id": "S3:HE419_MarLitter_transect25", "source_id": "S3_SE_NORTH_SEA", "date_utc": "2014-04-10", "item_type": "plastic fragment", "category": "plastic", "material": "plastic", "position_role": "sighting_position", "value_type": "object_context"}}, {"type": "Feature", "geometry": {"type": "Point", "coordinates": [6.338, 55.26]}, "properties": {"sample_id": "MPL-0131", "event_id": "S3:HE419_MarLitter_transect25", "source_id": "S3_SE_NORTH_SEA", "date_utc": "2014-04-10", "item_type": "plastic fragment", "category": "plastic", "material": "plastic", "position_role": "sighting_position", "value_type": "object_context"}}, {"type": "Feature", "geometry": {"type": "Point", "coordinates": [6.364, 55.273]}, "properties": {"sample_id": "MPL-0134", "event_id": "S3:HE419_MarLitter_transect25", "source_id": "S3_SE_NORTH_SEA", "date_utc": "2014-04-10", "item_type": "piece of potato chips packaging", "category": "plastic", "material": "plastic", "position_role": "sighting_position", "value_type": "object_context"}}, {"type": "Feature", "geometry": {"type": "Point", "coordinates": [6.388, 55.283]}, "properties": {"sample_id": "MPL-0135", "event_id": "S3:HE419_MarLitter_transect25", "source_id": "S3_SE_NORTH_SEA", "date_utc": "2014-04-10", "item_type": "foil fragment", "category": "plastic", "material": "plastic", "position_role": "sighting_position", "value_type": "object_context"}}, {"type": "Feature", "geometry": {"type": "Point", "coordinates": [6.392, 55.308]}, "properties": {"sample_id": "MPL-0136", "event_id": "S3:HE419_MarLitter_transect26", "source_id": "S3_SE_NORTH_SEA", "date_utc": "2014-04-10", "item_type": "plastic bag", "category": "plastic", "material": "plastic", "position_role": "sighting_position", "value_type": "object_context"}}, {"type": "Feature", "geometry": {"type": "Point", "coordinates": [6.393, 55.313]}, "properties": {"sample_id": "MPL-0137", "event_id": "S3:HE419_MarLitter_transect26", "source_id": "S3_SE_NORTH_SEA", "date_utc": "2014-04-10", "item_type": "plastic fragment", "category": "plastic", "material": "plastic", "position_role": "sighting_position", "value_type": "object_context"}}, {"type": "Feature", "geometry": {"type": "Point", "coordinates": [6.585, 55.329]}, "properties": {"sample_id": "MPL-0140", "event_id": "S3:HE419_MarLitter_transect27", "source_id": "S3_SE_NORTH_SEA", "date_utc": "2014-04-10", "item_type": "plastic item", "category": "plastic", "material": "plastic", "position_role": "sighting_position", "value_type": "object_context"}}, {"type": "Feature", "geometry": {"type": "Point", "coordinates": [7.985, 54.396]}, "properties": {"sample_id": "MPL-0143", "event_id": "S3:HE419_MarLitter_transect32", "source_id": "S3_SE_NORTH_SEA", "date_utc": "2014-04-11", "item_type": "plastic item", "category": "plastic", "material": "plastic", "position_role": "sighting_position", "value_type": "object_context"}}, {"type": "Feature", "geometry": {"type": "Point", "coordinates": [8.0, 54.4]}, "properties": {"sample_id": "MPL-0144", "event_id": "S3:HE419_MarLitter_transect32", "source_id": "S3_SE_NORTH_SEA", "date_utc": "2014-04-11", "item_type": "plastic foil", "category": "plastic", "material": "plastic", "position_role": "sighting_position", "value_type": "object_context"}}, {"type": "Feature", "geometry": {"type": "Point", "coordinates": [8.023, 54.407]}, "properties": {"sample_id": "MPL-0145", "event_id": "S3:HE419_MarLitter_transect32", "source_id": "S3_SE_NORTH_SEA", "date_utc": "2014-04-11", "item_type": "plastic item", "category": "plastic", "material": "plastic", "position_role": "sighting_position", "value_type": "object_context"}}, {"type": "Feature", "geometry": {"type": "Point", "coordinates": [8.072, 54.413]}, "properties": {"sample_id": "MPL-0150", "event_id": "S3:HE419_MarLitter_transect32", "source_id": "S3_SE_NORTH_SEA", "date_utc": "2014-04-11", "item_type": "plastic item", "category": "plastic", "material": "plastic", "position_role": "sighting_position", "value_type": "object_context"}}, {"type": "Feature", "geometry": {"type": "Point", "coordinates": [8.076, 54.413]}, "properties": {"sample_id": "MPL-0151", "event_id": "S3:HE419_MarLitter_transect32", "source_id": "S3_SE_NORTH_SEA", "date_utc": "2014-04-11", "item_type": "plastic bottle", "category": "plastic", "material": "plastic", "position_role": "sighting_position", "value_type": "object_context"}}, {"type": "Feature", "geometry": {"type": "Point", "coordinates": [7.833, 54.419]}, "properties": {"sample_id": "MPL-0152", "event_id": "S3:HE419_MarLitter_transect31", "source_id": "S3_SE_NORTH_SEA", "date_utc": "2014-04-11", "item_type": "plastic fragment", "category": "plastic", "material": "plastic", "position_role": "sighting_position", "value_type": "object_context"}}, {"type": "Feature", "geometry": {"type": "Point", "coordinates": [7.954, 54.512]}, "properties": {"sample_id": "MPL-0153", "event_id": "S3:HE419_MarLitter_transect30", "source_id": "S3_SE_NORTH_SEA", "date_utc": "2014-04-11", "item_type": "plastic bag", "category": "plastic", "material": "plastic", "position_role": "sighting_position", "value_type": "object_context"}}, {"type": "Feature", "geometry": {"type": "Point", "coordinates": [7.978, 54.523]}, "properties": {"sample_id": "MPL-0154", "event_id": "S3:HE419_MarLitter_transect30", "source_id": "S3_SE_NORTH_SEA", "date_utc": "2014-04-11", "item_type": "plastic fragment", "category": "plastic", "material": "plastic", "position_role": "sighting_position", "value_type": "object_context"}}, {"type": "Feature", "geometry": {"type": "Point", "coordinates": [7.988, 54.528]}, "properties": {"sample_id": "MPL-0155", "event_id": "S3:HE419_MarLitter_transect30", "source_id": "S3_SE_NORTH_SEA", "date_utc": "2014-04-11", "item_type": "plastic fragment", "category": "plastic", "material": "plastic", "position_role": "sighting_position", "value_type": "object_context"}}, {"type": "Feature", "geometry": {"type": "Point", "coordinates": [7.989, 54.529]}, "properties": {"sample_id": "MPL-0156", "event_id": "S3:HE419_MarLitter_transect30", "source_id": "S3_SE_NORTH_SEA", "date_utc": "2014-04-11", "item_type": "plastic beaker", "category": "plastic", "material": "plastic", "position_role": "sighting_position", "value_type": "object_context"}}, {"type": "Feature", "geometry": {"type": "Point", "coordinates": [8.014, 54.541]}, "properties": {"sample_id": "MPL-0157", "event_id": "S3:HE419_MarLitter_transect30", "source_id": "S3_SE_NORTH_SEA", "date_utc": "2014-04-11", "item_type": "plastic bottle", "category": "plastic", "material": "plastic", "position_role": "sighting_position", "value_type": "object_context"}}, {"type": "Feature", "geometry": {"type": "Point", "coordinates": [8.058, 54.571]}, "properties": {"sample_id": "MPL-0160", "event_id": "S3:HE419_MarLitter_transect30", "source_id": "S3_SE_NORTH_SEA", "date_utc": "2014-04-11", "item_type": "plastic belt", "category": "plastic", "material": "plastic", "position_role": "sighting_position", "value_type": "object_context"}}, {"type": "Feature", "geometry": {"type": "Point", "coordinates": [8.064, 54.577]}, "properties": {"sample_id": "MPL-0161", "event_id": "S3:HE419_MarLitter_transect30", "source_id": "S3_SE_NORTH_SEA", "date_utc": "2014-04-11", "item_type": "foil snippet", "category": "plastic", "material": "plastic", "position_role": "sighting_position", "value_type": "object_context"}}, {"type": "Feature", "geometry": {"type": "Point", "coordinates": [8.129, 54.687]}, "properties": {"sample_id": "MPL-0162", "event_id": "S3:HE419_MarLitter_transect29", "source_id": "S3_SE_NORTH_SEA", "date_utc": "2014-04-11", "item_type": "packaging foil", "category": "plastic", "material": "plastic", "position_role": "sighting_position", "value_type": "object_context"}}, {"type": "Feature", "geometry": {"type": "Point", "coordinates": [8.131, 54.698]}, "properties": {"sample_id": "MPL-0163", "event_id": "S3:HE419_MarLitter_transect29", "source_id": "S3_SE_NORTH_SEA", "date_utc": "2014-04-11", "item_type": "packaging", "category": "plastic", "material": "plastic", "position_role": "sighting_position", "value_type": "object_context"}}, {"type": "Feature", "geometry": {"type": "Point", "coordinates": [8.132, 54.703]}, "properties": {"sample_id": "MPL-0164", "event_id": "S3:HE419_MarLitter_transect29", "source_id": "S3_SE_NORTH_SEA", "date_utc": "2014-04-11", "item_type": "plastic plate", "category": "plastic", "material": "plastic", "position_role": "sighting_position", "value_type": "object_context"}}, {"type": "Feature", "geometry": {"type": "Point", "coordinates": [8.136, 54.717]}, "properties": {"sample_id": "MPL-0165", "event_id": "S3:HE419_MarLitter_transect29", "source_id": "S3_SE_NORTH_SEA", "date_utc": "2014-04-11", "item_type": "plastic bag", "category": "plastic", "material": "plastic", "position_role": "sighting_position", "value_type": "object_context"}}, {"type": "Feature", "geometry": {"type": "Point", "coordinates": [8.144, 54.907]}, "properties": {"sample_id": "MPL-0168", "event_id": "S3:HE419_MarLitter_transect28", "source_id": "S3_SE_NORTH_SEA", "date_utc": "2014-04-11", "item_type": "fragment of plastic bag", "category": "plastic", "material": "plastic", "position_role": "sighting_position", "value_type": "object_context"}}, {"type": "Feature", "geometry": {"type": "Point", "coordinates": [8.141, 54.95]}, "properties": {"sample_id": "MPL-0169", "event_id": "S3:HE419_MarLitter_transect28", "source_id": "S3_SE_NORTH_SEA", "date_utc": "2014-04-11", "item_type": "plastic fragment", "category": "plastic", "material": "plastic", "position_role": "sighting_position", "value_type": "object_context"}}, {"type": "Feature", "geometry": {"type": "Point", "coordinates": [8.141, 54.95]}, "properties": {"sample_id": "MPL-0170", "event_id": "S3:HE419_MarLitter_transect28", "source_id": "S3_SE_NORTH_SEA", "date_utc": "2014-04-11", "item_type": "plastic fragment", "category": "plastic", "material": "plastic", "position_role": "sighting_position", "value_type": "object_context"}}, {"type": "Feature", "geometry": {"type": "Point", "coordinates": [8.137, 54.985]}, "properties": {"sample_id": "MPL-0173", "event_id": "S3:HE419_MarLitter_transect28", "source_id": "S3_SE_NORTH_SEA", "date_utc": "2014-04-11", "item_type": "foil fragment", "category": "plastic", "material": "plastic", "position_role": "sighting_position", "value_type": "object_context"}}, {"type": "Feature", "geometry": {"type": "Point", "coordinates": [8.137, 54.988]}, "properties": {"sample_id": "MPL-0174", "event_id": "S3:HE419_MarLitter_transect28", "source_id": "S3_SE_NORTH_SEA", "date_utc": "2014-04-11", "item_type": "plastic fragment", "category": "plastic", "material": "plastic", "position_role": "sighting_position", "value_type": "object_context"}}, {"type": "Feature", "geometry": {"type": "Point", "coordinates": [6.446, 53.692]}, "properties": {"sample_id": "MPL-0175", "event_id": "S3:HE419_MarLitter_transect38", "source_id": "S3_SE_NORTH_SEA", "date_utc": "2014-04-12", "item_type": "plastic snippet", "category": "plastic", "material": "plastic", "position_role": "sighting_position", "value_type": "object_context"}}, {"type": "Feature", "geometry": {"type": "Point", "coordinates": [6.488, 53.716]}, "properties": {"sample_id": "MPL-0178", "event_id": "S3:HE419_MarLitter_transect38", "source_id": "S3_SE_NORTH_SEA", "date_utc": "2014-04-12", "item_type": "plastic bottle", "category": "plastic", "material": "plastic", "position_role": "sighting_position", "value_type": "object_context"}}, {"type": "Feature", "geometry": {"type": "Point", "coordinates": [6.545, 53.779]}, "properties": {"sample_id": "MPL-0181", "event_id": "S3:HE419_MarLitter_transect37", "source_id": "S3_SE_NORTH_SEA", "date_utc": "2014-04-12", "item_type": "plastic fragment", "category": "plastic", "material": "plastic", "position_role": "sighting_position", "value_type": "object_context"}}, {"type": "Feature", "geometry": {"type": "Point", "coordinates": [7.008, 53.836]}, "properties": {"sample_id": "MPL-0182", "event_id": "S3:HE419_MarLitter_transect35", "source_id": "S3_SE_NORTH_SEA", "date_utc": "2014-04-12", "item_type": "plastic foil", "category": "plastic", "material": "plastic", "position_role": "sighting_position", "value_type": "object_context"}}, {"type": "Feature", "geometry": {"type": "Point", "coordinates": [7.289, 53.848]}, "properties": {"sample_id": "MPL-0187", "event_id": "S3:HE419_MarLitter_transect34", "source_id": "S3_SE_NORTH_SEA", "date_utc": "2014-04-12", "item_type": "plastic fragment", "category": "plastic", "material": "plastic", "position_role": "sighting_position", "value_type": "object_context"}}, {"type": "Feature", "geometry": {"type": "Point", "coordinates": [6.848, 53.856]}, "properties": {"sample_id": "MPL-0190", "event_id": "S3:HE419_MarLitter_transect36", "source_id": "S3_SE_NORTH_SEA", "date_utc": "2014-04-12", "item_type": "plastic line", "category": "plastic", "material": "plastic", "position_role": "sighting_position", "value_type": "object_context"}}, {"type": "Feature", "geometry": {"type": "Point", "coordinates": [7.375, 53.858]}, "properties": {"sample_id": "MPL-0191", "event_id": "S3:HE419_MarLitter_transect33", "source_id": "S3_SE_NORTH_SEA", "date_utc": "2014-04-12", "item_type": "plastic fragment", "category": "plastic", "material": "plastic", "position_role": "sighting_position", "value_type": "object_context"}}, {"type": "Feature", "geometry": {"type": "Point", "coordinates": [7.453, 53.865]}, "properties": {"sample_id": "MPL-0194", "event_id": "S3:HE419_MarLitter_transect33", "source_id": "S3_SE_NORTH_SEA", "date_utc": "2014-04-12", "item_type": "plastic basket", "category": "plastic", "material": "plastic", "position_role": "sighting_position", "value_type": "object_context"}}, {"type": "Feature", "geometry": {"type": "Point", "coordinates": [6.921, 53.87]}, "properties": {"sample_id": "MPL-0195", "event_id": "S3:HE419_MarLitter_transect35", "source_id": "S3_SE_NORTH_SEA", "date_utc": "2014-04-12", "item_type": "plastic fragment", "category": "plastic", "material": "plastic", "position_role": "sighting_position", "value_type": "object_context"}}, {"type": "Feature", "geometry": {"type": "Point", "coordinates": [-64.776983, 32.18655]}, "properties": {"sample_id": "MPL-0196", "event_id": "S2:MSM41_litter-T1", "source_id": "S2_SARGASSO_MSM41", "date_utc": "2015-04-01", "item_type": "plastic fragment", "category": "plastic", "material": "plastic", "position_role": "observer_at_sighting", "value_type": "object_context"}}, {"type": "Feature", "geometry": {"type": "Point", "coordinates": [-64.711017, 32.235117]}, "properties": {"sample_id": "MPL-0199", "event_id": "S2:MSM41_litter-T1", "source_id": "S2_SARGASSO_MSM41", "date_utc": "2015-04-01", "item_type": "PET bottle", "category": "plastic", "material": "plastic", "position_role": "observer_at_sighting", "value_type": "object_context"}}, {"type": "Feature", "geometry": {"type": "Point", "coordinates": [-69.78735, 30.085333]}, "properties": {"sample_id": "MPL-0202", "event_id": "S2:MSM41_litter-T5", "source_id": "S2_SARGASSO_MSM41", "date_utc": "2015-04-02", "item_type": "plastic fragment", "category": "plastic", "material": "plastic", "position_role": "observer_at_sighting", "value_type": "object_context"}}, {"type": "Feature", "geometry": {"type": "Point", "coordinates": [-68.851583, 30.4612]}, "properties": {"sample_id": "MPL-0206", "event_id": "S2:MSM41_litter-T4", "source_id": "S2_SARGASSO_MSM41", "date_utc": "2015-04-02", "item_type": "piece of plastic", "category": "plastic", "material": "plastic", "position_role": "observer_at_sighting", "value_type": "object_context"}}, {"type": "Feature", "geometry": {"type": "Point", "coordinates": [-68.816867, 30.475333]}, "properties": {"sample_id": "MPL-0207", "event_id": "S2:MSM41_litter-T4", "source_id": "S2_SARGASSO_MSM41", "date_utc": "2015-04-02", "item_type": "styrofoam", "category": "expanded polystyrene (EPS)", "material": "expanded polystyrene (EPS)", "position_role": "observer_at_sighting", "value_type": "object_context"}}, {"type": "Feature", "geometry": {"type": "Point", "coordinates": [-68.430317, 30.629933]}, "properties": {"sample_id": "MPL-0208", "event_id": "S2:MSM41_litter-T3", "source_id": "S2_SARGASSO_MSM41", "date_utc": "2015-04-02", "item_type": "plastic fragment", "category": "plastic", "material": "plastic", "position_role": "observer_at_sighting", "value_type": "object_context"}}, {"type": "Feature", "geometry": {"type": "Point", "coordinates": [-68.016967, 30.795233]}, "properties": {"sample_id": "MPL-0211", "event_id": "S2:MSM41_litter-T2", "source_id": "S2_SARGASSO_MSM41", "date_utc": "2015-04-02", "item_type": "line", "category": "plastic", "material": "plastic", "position_role": "observer_at_sighting", "value_type": "object_context"}}, {"type": "Feature", "geometry": {"type": "Point", "coordinates": [-68.000583, 30.801783]}, "properties": {"sample_id": "MPL-0212", "event_id": "S2:MSM41_litter-T2", "source_id": "S2_SARGASSO_MSM41", "date_utc": "2015-04-02", "item_type": "plastic", "category": "plastic", "material": "plastic", "position_role": "observer_at_sighting", "value_type": "object_context"}}, {"type": "Feature", "geometry": {"type": "Point", "coordinates": [-67.947, 30.8226]}, "properties": {"sample_id": "MPL-0213", "event_id": "S2:MSM41_litter-T2", "source_id": "S2_SARGASSO_MSM41", "date_utc": "2015-04-02", "item_type": "plastic", "category": "plastic", "material": "plastic", "position_role": "observer_at_sighting", "value_type": "object_context"}}, {"type": "Feature", "geometry": {"type": "Point", "coordinates": [-69.983367, 29.152283]}, "properties": {"sample_id": "MPL-0218", "event_id": "S2:MSM41_litter-T8", "source_id": "S2_SARGASSO_MSM41", "date_utc": "2015-04-03", "item_type": "plastic fragment", "category": "plastic", "material": "plastic", "position_role": "observer_at_sighting", "value_type": "object_context"}}, {"type": "Feature", "geometry": {"type": "Point", "coordinates": [-69.950733, 29.3738]}, "properties": {"sample_id": "MPL-0219", "event_id": "S2:MSM41_litter-T7", "source_id": "S2_SARGASSO_MSM41", "date_utc": "2015-04-03", "item_type": "plastic fragment", "category": "plastic", "material": "plastic", "position_role": "observer_at_sighting", "value_type": "object_context"}}, {"type": "Feature", "geometry": {"type": "Point", "coordinates": [-69.93405, 29.486833]}, "properties": {"sample_id": "MPL-0222", "event_id": "S2:MSM41_litter-T7", "source_id": "S2_SARGASSO_MSM41", "date_utc": "2015-04-03", "item_type": "plastic", "category": "plastic", "material": "plastic", "position_role": "observer_at_sighting", "value_type": "object_context"}}, {"type": "Feature", "geometry": {"type": "Point", "coordinates": [-69.893183, 29.765283]}, "properties": {"sample_id": "MPL-0223", "event_id": "S2:MSM41_litter-T6", "source_id": "S2_SARGASSO_MSM41", "date_utc": "2015-04-03", "item_type": "plastic box", "category": "plastic", "material": "plastic", "position_role": "observer_at_sighting", "value_type": "object_context"}}, {"type": "Feature", "geometry": {"type": "Point", "coordinates": [-69.890333, 29.784067]}, "properties": {"sample_id": "MPL-0224", "event_id": "S2:MSM41_litter-T6", "source_id": "S2_SARGASSO_MSM41", "date_utc": "2015-04-03", "item_type": "plastic fragment", "category": "plastic", "material": "plastic", "position_role": "observer_at_sighting", "value_type": "object_context"}}, {"type": "Feature", "geometry": {"type": "Point", "coordinates": [-69.8835, 29.830917]}, "properties": {"sample_id": "MPL-0225", "event_id": "S2:MSM41_litter-T6", "source_id": "S2_SARGASSO_MSM41", "date_utc": "2015-04-03", "item_type": "pin-pong ball", "category": "plastic", "material": "plastic", "position_role": "observer_at_sighting", "value_type": "object_context"}}, {"type": "Feature", "geometry": {"type": "Point", "coordinates": [-69.867717, 27.366533]}, "properties": {"sample_id": "MPL-0228", "event_id": "S2:MSM41_litter-T10", "source_id": "S2_SARGASSO_MSM41", "date_utc": "2015-04-04", "item_type": "jerrycan", "category": "plastic", "material": "plastic", "position_role": "observer_at_sighting", "value_type": "object_context"}}, {"type": "Feature", "geometry": {"type": "Point", "coordinates": [-69.800483, 27.533783]}, "properties": {"sample_id": "MPL-0231", "event_id": "S2:MSM41_litter-T10", "source_id": "S2_SARGASSO_MSM41", "date_utc": "2015-04-04", "item_type": "plastic cup/bottle", "category": "plastic", "material": "plastic", "position_role": "observer_at_sighting", "value_type": "object_context"}}, {"type": "Feature", "geometry": {"type": "Point", "coordinates": [-69.953067, 25.865183]}, "properties": {"sample_id": "MPL-0232", "event_id": "S2:MSM41_litter-T12", "source_id": "S2_SARGASSO_MSM41", "date_utc": "2015-04-05", "item_type": "plastic spoon", "category": "plastic", "material": "plastic", "position_role": "observer_at_sighting", "value_type": "object_context"}}, {"type": "Feature", "geometry": {"type": "Point", "coordinates": [-69.925817, 24.226883]}, "properties": {"sample_id": "MPL-0239", "event_id": "S2:MSM41_litter-T16", "source_id": "S2_SARGASSO_MSM41", "date_utc": "2015-04-06", "item_type": "plastic fragment", "category": "plastic", "material": "plastic", "position_role": "observer_at_sighting", "value_type": "object_context"}}, {"type": "Feature", "geometry": {"type": "Point", "coordinates": [-69.393917, 24.367617]}, "properties": {"sample_id": "MPL-0240", "event_id": "S2:MSM41_litter-T15", "source_id": "S2_SARGASSO_MSM41", "date_utc": "2015-04-06", "item_type": "rope", "category": "plastic", "material": "plastic", "position_role": "observer_at_sighting", "value_type": "object_context"}}, {"type": "Feature", "geometry": {"type": "Point", "coordinates": [-69.73675, 24.470583]}, "properties": {"sample_id": "MPL-0243", "event_id": "S2:MSM41_litter-T14", "source_id": "S2_SARGASSO_MSM41", "date_utc": "2015-04-06", "item_type": "plastic fragment", "category": "plastic", "material": "plastic", "position_role": "observer_at_sighting", "value_type": "object_context"}}, {"type": "Feature", "geometry": {"type": "Point", "coordinates": [-69.7692, 24.480717]}, "properties": {"sample_id": "MPL-0244", "event_id": "S2:MSM41_litter-T14", "source_id": "S2_SARGASSO_MSM41", "date_utc": "2015-04-06", "item_type": "plastic fragment", "category": "plastic", "material": "plastic", "position_role": "observer_at_sighting", "value_type": "object_context"}}, {"type": "Feature", "geometry": {"type": "Point", "coordinates": [-69.857617, 24.507483]}, "properties": {"sample_id": "MPL-0245", "event_id": "S2:MSM41_litter-T14", "source_id": "S2_SARGASSO_MSM41", "date_utc": "2015-04-06", "item_type": "plastic fragment", "category": "plastic", "material": "plastic", "position_role": "observer_at_sighting", "value_type": "object_context"}}, {"type": "Feature", "geometry": {"type": "Point", "coordinates": [-69.9228, 24.527083]}, "properties": {"sample_id": "MPL-0248", "event_id": "S2:MSM41_litter-T14", "source_id": "S2_SARGASSO_MSM41", "date_utc": "2015-04-06", "item_type": "plastic fragment", "category": "plastic", "material": "plastic", "position_role": "observer_at_sighting", "value_type": "object_context"}}, {"type": "Feature", "geometry": {"type": "Point", "coordinates": [-69.971967, 24.889433]}, "properties": {"sample_id": "MPL-0252", "event_id": "S2:MSM41_litter-T13", "source_id": "S2_SARGASSO_MSM41", "date_utc": "2015-04-06", "item_type": "styrofoam", "category": "expanded polystyrene (EPS)", "material": "expanded polystyrene (EPS)", "position_role": "observer_at_sighting", "value_type": "object_context"}}, {"type": "Feature", "geometry": {"type": "Point", "coordinates": [-67.00475, 23.61815]}, "properties": {"sample_id": "MPL-0253", "event_id": "S2:MSM41_litter-T17", "source_id": "S2_SARGASSO_MSM41", "date_utc": "2015-04-07", "item_type": "plastic fragment", "category": "plastic", "material": "plastic", "position_role": "observer_at_sighting", "value_type": "object_context"}}, {"type": "Feature", "geometry": {"type": "Point", "coordinates": [-67.00485, 23.7069]}, "properties": {"sample_id": "MPL-0256", "event_id": "S2:MSM41_litter-T17", "source_id": "S2_SARGASSO_MSM41", "date_utc": "2015-04-07", "item_type": "plastic fragment", "category": "plastic", "material": "plastic", "position_role": "observer_at_sighting", "value_type": "object_context"}}, {"type": "Feature", "geometry": {"type": "Point", "coordinates": [-66.952183, 24.109433]}, "properties": {"sample_id": "MPL-0257", "event_id": "S2:MSM41_litter-T18", "source_id": "S2_SARGASSO_MSM41", "date_utc": "2015-04-07", "item_type": "piece of plastic foil", "category": "plastic", "material": "plastic", "position_role": "observer_at_sighting", "value_type": "object_context"}}, {"type": "Feature", "geometry": {"type": "Point", "coordinates": [-66.970833, 24.1372]}, "properties": {"sample_id": "MPL-0258", "event_id": "S2:MSM41_litter-T18", "source_id": "S2_SARGASSO_MSM41", "date_utc": "2015-04-07", "item_type": "plastic container", "category": "plastic", "material": "plastic", "position_role": "observer_at_sighting", "value_type": "object_context"}}, {"type": "Feature", "geometry": {"type": "Point", "coordinates": [-66.972017, 24.168817]}, "properties": {"sample_id": "MPL-0259", "event_id": "S2:MSM41_litter-T18", "source_id": "S2_SARGASSO_MSM41", "date_utc": "2015-04-07", "item_type": "plastic fragment", "category": "plastic", "material": "plastic", "position_role": "observer_at_sighting", "value_type": "object_context"}}, {"type": "Feature", "geometry": {"type": "Point", "coordinates": [-66.973133, 24.196383]}, "properties": {"sample_id": "MPL-0262", "event_id": "S2:MSM41_litter-T18", "source_id": "S2_SARGASSO_MSM41", "date_utc": "2015-04-07", "item_type": "plastic fragment", "category": "plastic", "material": "plastic", "position_role": "observer_at_sighting", "value_type": "object_context"}}, {"type": "Feature", "geometry": {"type": "Point", "coordinates": [-66.900483, 25.27395]}, "properties": {"sample_id": "MPL-0263", "event_id": "S2:MSM41_litter-T19", "source_id": "S2_SARGASSO_MSM41", "date_utc": "2015-04-08", "item_type": "plastic foil", "category": "plastic", "material": "plastic", "position_role": "observer_at_sighting", "value_type": "object_context"}}, {"type": "Feature", "geometry": {"type": "Point", "coordinates": [-66.954333, 25.646183]}, "properties": {"sample_id": "MPL-0266", "event_id": "S2:MSM41_litter-T20", "source_id": "S2_SARGASSO_MSM41", "date_utc": "2015-04-08", "item_type": "plastic lid", "category": "plastic", "material": "plastic", "position_role": "observer_at_sighting", "value_type": "object_context"}}, {"type": "Feature", "geometry": {"type": "Point", "coordinates": [-66.9659, 25.726617]}, "properties": {"sample_id": "MPL-0269", "event_id": "S2:MSM41_litter-T20", "source_id": "S2_SARGASSO_MSM41", "date_utc": "2015-04-08", "item_type": "plastic fragment", "category": "plastic", "material": "plastic", "position_role": "observer_at_sighting", "value_type": "object_context"}}, {"type": "Feature", "geometry": {"type": "Point", "coordinates": [-66.93525, 26.065183]}, "properties": {"sample_id": "MPL-0270", "event_id": "S2:MSM41_litter-T21", "source_id": "S2_SARGASSO_MSM41", "date_utc": "2015-04-08", "item_type": "bottom of fish box", "category": "plastic", "material": "plastic", "position_role": "observer_at_sighting", "value_type": "object_context"}}, {"type": "Feature", "geometry": {"type": "Point", "coordinates": [-66.944767, 26.199067]}, "properties": {"sample_id": "MPL-0273", "event_id": "S2:MSM41_litter-T21", "source_id": "S2_SARGASSO_MSM41", "date_utc": "2015-04-08", "item_type": "plastic fragment", "category": "plastic", "material": "plastic", "position_role": "observer_at_sighting", "value_type": "object_context"}}, {"type": "Feature", "geometry": {"type": "Point", "coordinates": [-66.9365, 26.221883]}, "properties": {"sample_id": "MPL-0274", "event_id": "S2:MSM41_litter-T21", "source_id": "S2_SARGASSO_MSM41", "date_utc": "2015-04-08", "item_type": "plastic fragment", "category": "plastic", "material": "plastic", "position_role": "observer_at_sighting", "value_type": "object_context"}}, {"type": "Feature", "geometry": {"type": "Point", "coordinates": [-66.969967, 27.63815]}, "properties": {"sample_id": "MPL-0275", "event_id": "S2:MSM41_litter-T22", "source_id": "S2_SARGASSO_MSM41", "date_utc": "2015-04-09", "item_type": "plastic fragment", "category": "plastic", "material": "plastic", "position_role": "observer_at_sighting", "value_type": "object_context"}}, {"type": "Feature", "geometry": {"type": "Point", "coordinates": [-66.976767, 27.70865]}, "properties": {"sample_id": "MPL-0276", "event_id": "S2:MSM41_litter-T22", "source_id": "S2_SARGASSO_MSM41", "date_utc": "2015-04-09", "item_type": "plastic fragment", "category": "plastic", "material": "plastic", "position_role": "observer_at_sighting", "value_type": "object_context"}}, {"type": "Feature", "geometry": {"type": "Point", "coordinates": [-66.979483, 27.735467]}, "properties": {"sample_id": "MPL-0279", "event_id": "S2:MSM41_litter-T22", "source_id": "S2_SARGASSO_MSM41", "date_utc": "2015-04-09", "item_type": "plastic object", "category": "plastic", "material": "plastic", "position_role": "observer_at_sighting", "value_type": "object_context"}}, {"type": "Feature", "geometry": {"type": "Point", "coordinates": [-66.913417, 28.128833]}, "properties": {"sample_id": "MPL-0280", "event_id": "S2:MSM41_litter-T23", "source_id": "S2_SARGASSO_MSM41", "date_utc": "2015-04-09", "item_type": "plastic fragment", "category": "plastic", "material": "plastic", "position_role": "observer_at_sighting", "value_type": "object_context"}}, {"type": "Feature", "geometry": {"type": "Point", "coordinates": [-66.91405, 28.136133]}, "properties": {"sample_id": "MPL-0281", "event_id": "S2:MSM41_litter-T23", "source_id": "S2_SARGASSO_MSM41", "date_utc": "2015-04-09", "item_type": "can", "category": "plastic", "material": "plastic", "position_role": "observer_at_sighting", "value_type": "object_context"}}, {"type": "Feature", "geometry": {"type": "Point", "coordinates": [-66.920067, 28.193067]}, "properties": {"sample_id": "MPL-0282", "event_id": "S2:MSM41_litter-T23", "source_id": "S2_SARGASSO_MSM41", "date_utc": "2015-04-09", "item_type": "plastic fragment", "category": "plastic", "material": "plastic", "position_role": "observer_at_sighting", "value_type": "object_context"}}, {"type": "Feature", "geometry": {"type": "Point", "coordinates": [-66.927883, 28.268817]}, "properties": {"sample_id": "MPL-0285", "event_id": "S2:MSM41_litter-T23", "source_id": "S2_SARGASSO_MSM41", "date_utc": "2015-04-09", "item_type": "plastic fragment", "category": "plastic", "material": "plastic", "position_role": "observer_at_sighting", "value_type": "object_context"}}, {"type": "Feature", "geometry": {"type": "Point", "coordinates": [-66.929183, 28.27935]}, "properties": {"sample_id": "MPL-0286", "event_id": "S2:MSM41_litter-T23", "source_id": "S2_SARGASSO_MSM41", "date_utc": "2015-04-09", "item_type": "plastic object", "category": "plastic", "material": "plastic", "position_role": "observer_at_sighting", "value_type": "object_context"}}, {"type": "Feature", "geometry": {"type": "Point", "coordinates": [-66.982717, 28.78705]}, "properties": {"sample_id": "MPL-0287", "event_id": "S2:MSM41_litter-T24", "source_id": "S2_SARGASSO_MSM41", "date_utc": "2015-04-09", "item_type": "plastic fragment", "category": "plastic", "material": "plastic", "position_role": "observer_at_sighting", "value_type": "object_context"}}, {"type": "Feature", "geometry": {"type": "Point", "coordinates": [-66.985667, 28.8132]}, "properties": {"sample_id": "MPL-0288", "event_id": "S2:MSM41_litter-T24", "source_id": "S2_SARGASSO_MSM41", "date_utc": "2015-04-09", "item_type": "plastic fragment", "category": "plastic", "material": "plastic", "position_role": "observer_at_sighting", "value_type": "object_context"}}, {"type": "Feature", "geometry": {"type": "Point", "coordinates": [-66.98865, 28.8403]}, "properties": {"sample_id": "MPL-0291", "event_id": "S2:MSM41_litter-T24", "source_id": "S2_SARGASSO_MSM41", "date_utc": "2015-04-09", "item_type": "plastic object", "category": "plastic", "material": "plastic", "position_role": "observer_at_sighting", "value_type": "object_context"}}, {"type": "Feature", "geometry": {"type": "Point", "coordinates": [-66.990333, 28.855883]}, "properties": {"sample_id": "MPL-0292", "event_id": "S2:MSM41_litter-T24", "source_id": "S2_SARGASSO_MSM41", "date_utc": "2015-04-09", "item_type": "plastic foil", "category": "plastic", "material": "plastic", "position_role": "observer_at_sighting", "value_type": "object_context"}}, {"type": "Feature", "geometry": {"type": "Point", "coordinates": [-66.99085, 28.861367]}, "properties": {"sample_id": "MPL-0293", "event_id": "S2:MSM41_litter-T24", "source_id": "S2_SARGASSO_MSM41", "date_utc": "2015-04-09", "item_type": "plastic foil", "category": "plastic", "material": "plastic", "position_role": "observer_at_sighting", "value_type": "object_context"}}, {"type": "Feature", "geometry": {"type": "Point", "coordinates": [-66.996, 28.9089]}, "properties": {"sample_id": "MPL-0294", "event_id": "S2:MSM41_litter-T24", "source_id": "S2_SARGASSO_MSM41", "date_utc": "2015-04-09", "item_type": "plastic fragment", "category": "plastic", "material": "plastic", "position_role": "observer_at_sighting", "value_type": "object_context"}}, {"type": "Feature", "geometry": {"type": "Point", "coordinates": [-66.90105, 30.246633]}, "properties": {"sample_id": "MPL-0295", "event_id": "S2:MSM41_litter-T25", "source_id": "S2_SARGASSO_MSM41", "date_utc": "2015-04-10", "item_type": "stick", "category": "plastic", "material": "plastic", "position_role": "observer_at_sighting", "value_type": "object_context"}}, {"type": "Feature", "geometry": {"type": "Point", "coordinates": [-66.914417, 30.34445]}, "properties": {"sample_id": "MPL-0296", "event_id": "S2:MSM41_litter-T25", "source_id": "S2_SARGASSO_MSM41", "date_utc": "2015-04-10", "item_type": "plastic fragment", "category": "plastic", "material": "plastic", "position_role": "observer_at_sighting", "value_type": "object_context"}}, {"type": "Feature", "geometry": {"type": "Point", "coordinates": [-66.918117, 30.373]}, "properties": {"sample_id": "MPL-0299", "event_id": "S2:MSM41_litter-T25", "source_id": "S2_SARGASSO_MSM41", "date_utc": "2015-04-10", "item_type": "plastic fragment", "category": "plastic", "material": "plastic", "position_role": "observer_at_sighting", "value_type": "object_context"}}, {"type": "Feature", "geometry": {"type": "Point", "coordinates": [-66.9201, 30.388217]}, "properties": {"sample_id": "MPL-0300", "event_id": "S2:MSM41_litter-T25", "source_id": "S2_SARGASSO_MSM41", "date_utc": "2015-04-10", "item_type": "rope", "category": "plastic", "material": "plastic", "position_role": "observer_at_sighting", "value_type": "object_context"}}, {"type": "Feature", "geometry": {"type": "Point", "coordinates": [-66.92725, 30.4436]}, "properties": {"sample_id": "MPL-0301", "event_id": "S2:MSM41_litter-T25", "source_id": "S2_SARGASSO_MSM41", "date_utc": "2015-04-10", "item_type": "plastic object", "category": "plastic", "material": "plastic", "position_role": "observer_at_sighting", "value_type": "object_context"}}, {"type": "Feature", "geometry": {"type": "Point", "coordinates": [-66.999767, 30.9567]}, "properties": {"sample_id": "MPL-0304", "event_id": "S2:MSM41_litter-T26", "source_id": "S2_SARGASSO_MSM41", "date_utc": "2015-04-10", "item_type": "plastic fragment", "category": "plastic", "material": "plastic", "position_role": "observer_at_sighting", "value_type": "object_context"}}, {"type": "Feature", "geometry": {"type": "Point", "coordinates": [-66.561567, 30.99705]}, "properties": {"sample_id": "MPL-0305", "event_id": "S2:MSM41_litter-T27", "source_id": "S2_SARGASSO_MSM41", "date_utc": "2015-04-11", "item_type": "stick", "category": "plastic", "material": "plastic", "position_role": "observer_at_sighting", "value_type": "object_context"}}, {"type": "Feature", "geometry": {"type": "Point", "coordinates": [-66.4958, 30.997117]}, "properties": {"sample_id": "MPL-0306", "event_id": "S2:MSM41_litter-T27", "source_id": "S2_SARGASSO_MSM41", "date_utc": "2015-04-11", "item_type": "lid", "category": "plastic", "material": "plastic", "position_role": "observer_at_sighting", "value_type": "object_context"}}, {"type": "Feature", "geometry": {"type": "Point", "coordinates": [-65.80935, 30.99715]}, "properties": {"sample_id": "MPL-0307", "event_id": "S2:MSM41_litter-T29", "source_id": "S2_SARGASSO_MSM41", "date_utc": "2015-04-11", "item_type": "plastic box", "category": "plastic", "material": "plastic", "position_role": "observer_at_sighting", "value_type": "object_context"}}, {"type": "Feature", "geometry": {"type": "Point", "coordinates": [-65.873717, 30.997167]}, "properties": {"sample_id": "MPL-0308", "event_id": "S2:MSM41_litter-T29", "source_id": "S2_SARGASSO_MSM41", "date_utc": "2015-04-11", "item_type": "plastic line", "category": "plastic", "material": "plastic", "position_role": "observer_at_sighting", "value_type": "object_context"}}, {"type": "Feature", "geometry": {"type": "Point", "coordinates": [-65.940717, 30.997183]}, "properties": {"sample_id": "MPL-0314", "event_id": "S2:MSM41_litter-T29", "source_id": "S2_SARGASSO_MSM41", "date_utc": "2015-04-11", "item_type": "styrofoam plate", "category": "expanded polystyrene (EPS)", "material": "expanded polystyrene (EPS)", "position_role": "observer_at_sighting", "value_type": "object_context"}}, {"type": "Feature", "geometry": {"type": "Point", "coordinates": [-66.485167, 30.9972]}, "properties": {"sample_id": "MPL-0315", "event_id": "S2:MSM41_litter-T27", "source_id": "S2_SARGASSO_MSM41", "date_utc": "2015-04-11", "item_type": "plastic fragment", "category": "plastic", "material": "plastic", "position_role": "observer_at_sighting", "value_type": "object_context"}}, {"type": "Feature", "geometry": {"type": "Point", "coordinates": [-65.947333, 30.997233]}, "properties": {"sample_id": "MPL-0316", "event_id": "S2:MSM41_litter-T29", "source_id": "S2_SARGASSO_MSM41", "date_utc": "2015-04-11", "item_type": "plastic fragment", "category": "plastic", "material": "plastic", "position_role": "observer_at_sighting", "value_type": "object_context"}}, {"type": "Feature", "geometry": {"type": "Point", "coordinates": [-65.997267, 30.997267]}, "properties": {"sample_id": "MPL-0317", "event_id": "S2:MSM41_litter-T28", "source_id": "S2_SARGASSO_MSM41", "date_utc": "2015-04-11", "item_type": "plastic foil", "category": "plastic", "material": "plastic", "position_role": "observer_at_sighting", "value_type": "object_context"}}, {"type": "Feature", "geometry": {"type": "Point", "coordinates": [-66.704, 30.997283]}, "properties": {"sample_id": "MPL-0318", "event_id": "S2:MSM41_litter-T27", "source_id": "S2_SARGASSO_MSM41", "date_utc": "2015-04-11", "item_type": "plastic fragment", "category": "plastic", "material": "plastic", "position_role": "observer_at_sighting", "value_type": "object_context"}}, {"type": "Feature", "geometry": {"type": "Point", "coordinates": [-66.035417, 30.997283]}, "properties": {"sample_id": "MPL-0319", "event_id": "S2:MSM41_litter-T28", "source_id": "S2_SARGASSO_MSM41", "date_utc": "2015-04-11", "item_type": "plastic fragment", "category": "plastic", "material": "plastic", "position_role": "observer_at_sighting", "value_type": "object_context"}}, {"type": "Feature", "geometry": {"type": "Point", "coordinates": [-65.870217, 30.9973]}, "properties": {"sample_id": "MPL-0323", "event_id": "S2:MSM41_litter-T28", "source_id": "S2_SARGASSO_MSM41", "date_utc": "2015-04-11", "item_type": "plastic object", "category": "plastic", "material": "plastic", "position_role": "observer_at_sighting", "value_type": "object_context"}}, {"type": "Feature", "geometry": {"type": "Point", "coordinates": [-65.93575, 30.997317]}, "properties": {"sample_id": "MPL-0324", "event_id": "S2:MSM41_litter-T28", "source_id": "S2_SARGASSO_MSM41", "date_utc": "2015-04-11", "item_type": "pipe", "category": "plastic", "material": "plastic", "position_role": "observer_at_sighting", "value_type": "object_context"}}, {"type": "Feature", "geometry": {"type": "Point", "coordinates": [-66.63565, 30.998883]}, "properties": {"sample_id": "MPL-0325", "event_id": "S2:MSM41_litter-T27", "source_id": "S2_SARGASSO_MSM41", "date_utc": "2015-04-11", "item_type": "barrel", "category": "plastic", "material": "plastic", "position_role": "observer_at_sighting", "value_type": "object_context"}}, {"type": "Feature", "geometry": {"type": "Point", "coordinates": [-64.058533, 29.758]}, "properties": {"sample_id": "MPL-0326", "event_id": "S2:MSM41_litter-T32", "source_id": "S2_SARGASSO_MSM41", "date_utc": "2015-04-12", "item_type": "plastic fragment", "category": "plastic", "material": "plastic", "position_role": "observer_at_sighting", "value_type": "object_context"}}, {"type": "Feature", "geometry": {"type": "Point", "coordinates": [-64.054267, 29.786833]}, "properties": {"sample_id": "MPL-0327", "event_id": "S2:MSM41_litter-T32", "source_id": "S2_SARGASSO_MSM41", "date_utc": "2015-04-12", "item_type": "plastic fragment", "category": "plastic", "material": "plastic", "position_role": "observer_at_sighting", "value_type": "object_context"}}, {"type": "Feature", "geometry": {"type": "Point", "coordinates": [-64.055417, 29.804283]}, "properties": {"sample_id": "MPL-0328", "event_id": "S2:MSM41_litter-T32", "source_id": "S2_SARGASSO_MSM41", "date_utc": "2015-04-12", "item_type": "block of styrofoam", "category": "expanded polystyrene (EPS)", "material": "expanded polystyrene (EPS)", "position_role": "observer_at_sighting", "value_type": "object_context"}}, {"type": "Feature", "geometry": {"type": "Point", "coordinates": [-64.062283, 29.906567]}, "properties": {"sample_id": "MPL-0332", "event_id": "S2:MSM41_litter-T32", "source_id": "S2_SARGASSO_MSM41", "date_utc": "2015-04-12", "item_type": "plastic object", "category": "plastic", "material": "plastic", "position_role": "observer_at_sighting", "value_type": "object_context"}}, {"type": "Feature", "geometry": {"type": "Point", "coordinates": [-64.063367, 29.9225]}, "properties": {"sample_id": "MPL-0333", "event_id": "S2:MSM41_litter-T32", "source_id": "S2_SARGASSO_MSM41", "date_utc": "2015-04-12", "item_type": "plastic fragment", "category": "plastic", "material": "plastic", "position_role": "observer_at_sighting", "value_type": "object_context"}}, {"type": "Feature", "geometry": {"type": "Point", "coordinates": [-64.017433, 30.09385]}, "properties": {"sample_id": "MPL-0334", "event_id": "S2:MSM41_litter-T31", "source_id": "S2_SARGASSO_MSM41", "date_utc": "2015-04-12", "item_type": "plastic fragment", "category": "plastic", "material": "plastic", "position_role": "observer_at_sighting", "value_type": "object_context"}}, {"type": "Feature", "geometry": {"type": "Point", "coordinates": [-64.025783, 30.164717]}, "properties": {"sample_id": "MPL-0335", "event_id": "S2:MSM41_litter-T31", "source_id": "S2_SARGASSO_MSM41", "date_utc": "2015-04-12", "item_type": "plastic fragment", "category": "plastic", "material": "plastic", "position_role": "observer_at_sighting", "value_type": "object_context"}}, {"type": "Feature", "geometry": {"type": "Point", "coordinates": [-64.030533, 30.202583]}, "properties": {"sample_id": "MPL-0338", "event_id": "S2:MSM41_litter-T31", "source_id": "S2_SARGASSO_MSM41", "date_utc": "2015-04-12", "item_type": "plastic fragment", "category": "plastic", "material": "plastic", "position_role": "observer_at_sighting", "value_type": "object_context"}}, {"type": "Feature", "geometry": {"type": "Point", "coordinates": [-64.03375, 30.228333]}, "properties": {"sample_id": "MPL-0339", "event_id": "S2:MSM41_litter-T31", "source_id": "S2_SARGASSO_MSM41", "date_utc": "2015-04-12", "item_type": "bucket", "category": "plastic", "material": "plastic", "position_role": "observer_at_sighting", "value_type": "object_context"}}, {"type": "Feature", "geometry": {"type": "Point", "coordinates": [-64.038033, 30.251433]}, "properties": {"sample_id": "MPL-0340", "event_id": "S2:MSM41_litter-T31", "source_id": "S2_SARGASSO_MSM41", "date_utc": "2015-04-12", "item_type": "plastic object", "category": "plastic", "material": "plastic", "position_role": "observer_at_sighting", "value_type": "object_context"}}, {"type": "Feature", "geometry": {"type": "Point", "coordinates": [-64.0712, 30.534983]}, "properties": {"sample_id": "MPL-0341", "event_id": "S2:MSM41_litter-T30", "source_id": "S2_SARGASSO_MSM41", "date_utc": "2015-04-12", "item_type": "piece of plastic", "category": "plastic", "material": "plastic", "position_role": "observer_at_sighting", "value_type": "object_context"}}, {"type": "Feature", "geometry": {"type": "Point", "coordinates": [-64.083483, 30.636233]}, "properties": {"sample_id": "MPL-0344", "event_id": "S2:MSM41_litter-T30", "source_id": "S2_SARGASSO_MSM41", "date_utc": "2015-04-12", "item_type": "piece of plastic foil", "category": "plastic", "material": "plastic", "position_role": "observer_at_sighting", "value_type": "object_context"}}, {"type": "Feature", "geometry": {"type": "Point", "coordinates": [-63.984733, 27.185617]}, "properties": {"sample_id": "MPL-0345", "event_id": "S2:MSM41_litter-T34", "source_id": "S2_SARGASSO_MSM41", "date_utc": "2015-04-13", "item_type": "jerrycan", "category": "plastic", "material": "plastic", "position_role": "observer_at_sighting", "value_type": "object_context"}}, {"type": "Feature", "geometry": {"type": "Point", "coordinates": [-63.967217, 27.338267]}, "properties": {"sample_id": "MPL-0348", "event_id": "S2:MSM41_litter-T34", "source_id": "S2_SARGASSO_MSM41", "date_utc": "2015-04-13", "item_type": "plastic fragment", "category": "plastic", "material": "plastic", "position_role": "observer_at_sighting", "value_type": "object_context"}}, {"type": "Feature", "geometry": {"type": "Point", "coordinates": [-63.9661, 27.3491]}, "properties": {"sample_id": "MPL-0349", "event_id": "S2:MSM41_litter-T34", "source_id": "S2_SARGASSO_MSM41", "date_utc": "2015-04-13", "item_type": "plastic fragment", "category": "plastic", "material": "plastic", "position_role": "observer_at_sighting", "value_type": "object_context"}}, {"type": "Feature", "geometry": {"type": "Point", "coordinates": [-63.931367, 27.659167]}, "properties": {"sample_id": "MPL-0350", "event_id": "S2:MSM41_litter-T33", "source_id": "S2_SARGASSO_MSM41", "date_utc": "2015-04-13", "item_type": "plastic object", "category": "plastic", "material": "plastic", "position_role": "observer_at_sighting", "value_type": "object_context"}}, {"type": "Feature", "geometry": {"type": "Point", "coordinates": [-63.912667, 27.826117]}, "properties": {"sample_id": "MPL-0353", "event_id": "S2:MSM41_litter-T33", "source_id": "S2_SARGASSO_MSM41", "date_utc": "2015-04-13", "item_type": "plastic cup", "category": "plastic", "material": "plastic", "position_role": "observer_at_sighting", "value_type": "object_context"}}, {"type": "Feature", "geometry": {"type": "Point", "coordinates": [-63.891517, 25.764833]}, "properties": {"sample_id": "MPL-0356", "event_id": "S2:MSM41_litter-T35", "source_id": "S2_SARGASSO_MSM41", "date_utc": "2015-04-14", "item_type": "plastic fragment", "category": "plastic", "material": "plastic", "position_role": "observer_at_sighting", "value_type": "object_context"}}, {"type": "Feature", "geometry": {"type": "Point", "coordinates": [-63.887967, 25.7955]}, "properties": {"sample_id": "MPL-0357", "event_id": "S2:MSM41_litter-T35", "source_id": "S2_SARGASSO_MSM41", "date_utc": "2015-04-14", "item_type": "plastic fragment", "category": "plastic", "material": "plastic", "position_role": "observer_at_sighting", "value_type": "object_context"}}, {"type": "Feature", "geometry": {"type": "Point", "coordinates": [-63.8766, 25.890383]}, "properties": {"sample_id": "MPL-0360", "event_id": "S2:MSM41_litter-T35", "source_id": "S2_SARGASSO_MSM41", "date_utc": "2015-04-14", "item_type": "plastic fragment", "category": "plastic", "material": "plastic", "position_role": "observer_at_sighting", "value_type": "object_context"}}, {"type": "Feature", "geometry": {"type": "Point", "coordinates": [-63.951583, 23.81195]}, "properties": {"sample_id": "MPL-0363", "event_id": "S2:MSM41_litter-T38", "source_id": "S2_SARGASSO_MSM41", "date_utc": "2015-04-15", "item_type": "plastic fragment", "category": "plastic", "material": "plastic", "position_role": "observer_at_sighting", "value_type": "object_context"}}, {"type": "Feature", "geometry": {"type": "Point", "coordinates": [-63.915333, 22.88675]}, "properties": {"sample_id": "MPL-0366", "event_id": "S2:MSM41_litter-T40", "source_id": "S2_SARGASSO_MSM41", "date_utc": "2015-04-16", "item_type": "plastic fragment", "category": "plastic", "material": "plastic", "position_role": "observer_at_sighting", "value_type": "object_context"}}, {"type": "Feature", "geometry": {"type": "Point", "coordinates": [-60.918283, 22.55555]}, "properties": {"sample_id": "MPL-0369", "event_id": "S2:MSM41_litter-T41", "source_id": "S2_SARGASSO_MSM41", "date_utc": "2015-04-17", "item_type": "plastic fragment", "category": "plastic", "material": "plastic", "position_role": "observer_at_sighting", "value_type": "object_context"}}, {"type": "Feature", "geometry": {"type": "Point", "coordinates": [-60.919517, 22.56175]}, "properties": {"sample_id": "MPL-0370", "event_id": "S2:MSM41_litter-T41", "source_id": "S2_SARGASSO_MSM41", "date_utc": "2015-04-17", "item_type": "piece of clothesline", "category": "plastic", "material": "plastic", "position_role": "observer_at_sighting", "value_type": "object_context"}}, {"type": "Feature", "geometry": {"type": "Point", "coordinates": [-60.929433, 22.612283]}, "properties": {"sample_id": "MPL-0373", "event_id": "S2:MSM41_litter-T41", "source_id": "S2_SARGASSO_MSM41", "date_utc": "2015-04-17", "item_type": "plastic fragment", "category": "plastic", "material": "plastic", "position_role": "observer_at_sighting", "value_type": "object_context"}}, {"type": "Feature", "geometry": {"type": "Point", "coordinates": [-60.945083, 22.778367]}, "properties": {"sample_id": "MPL-0374", "event_id": "S2:MSM41_litter-T42", "source_id": "S2_SARGASSO_MSM41", "date_utc": "2015-04-17", "item_type": "piece of plastic", "category": "plastic", "material": "plastic", "position_role": "observer_at_sighting", "value_type": "object_context"}}, {"type": "Feature", "geometry": {"type": "Point", "coordinates": [-60.976783, 23.747133]}, "properties": {"sample_id": "MPL-0377", "event_id": "S2:MSM41_litter-T43", "source_id": "S2_SARGASSO_MSM41", "date_utc": "2015-04-18", "item_type": "plastic fragment", "category": "plastic", "material": "plastic", "position_role": "observer_at_sighting", "value_type": "object_context"}}, {"type": "Feature", "geometry": {"type": "Point", "coordinates": [-60.984367, 23.81565]}, "properties": {"sample_id": "MPL-0380", "event_id": "S2:MSM41_litter-T43", "source_id": "S2_SARGASSO_MSM41", "date_utc": "2015-04-18", "item_type": "plastic fragment", "category": "plastic", "material": "plastic", "position_role": "observer_at_sighting", "value_type": "object_context"}}, {"type": "Feature", "geometry": {"type": "Point", "coordinates": [-60.995417, 24.205467]}, "properties": {"sample_id": "MPL-0381", "event_id": "S2:MSM41_litter-T44", "source_id": "S2_SARGASSO_MSM41", "date_utc": "2015-04-18", "item_type": "PE-foam", "category": "plastic", "material": "plastic", "position_role": "observer_at_sighting", "value_type": "object_context"}}, {"type": "Feature", "geometry": {"type": "Point", "coordinates": [-60.984317, 24.61515]}, "properties": {"sample_id": "MPL-0384", "event_id": "S2:MSM41_litter-T45", "source_id": "S2_SARGASSO_MSM41", "date_utc": "2015-04-18", "item_type": "plastic fragment", "category": "plastic", "material": "plastic", "position_role": "observer_at_sighting", "value_type": "object_context"}}, {"type": "Feature", "geometry": {"type": "Point", "coordinates": [-60.998917, 26.160283]}, "properties": {"sample_id": "MPL-0387", "event_id": "S2:MSM41_litter-T46", "source_id": "S2_SARGASSO_MSM41", "date_utc": "2015-04-19", "item_type": "plastic fragment", "category": "plastic", "material": "plastic", "position_role": "observer_at_sighting", "value_type": "object_context"}}, {"type": "Feature", "geometry": {"type": "Point", "coordinates": [-61.5992, 26.1995]}, "properties": {"sample_id": "MPL-0388", "event_id": "S2:MSM41_litter-T46", "source_id": "S2_SARGASSO_MSM41", "date_utc": "2015-04-19", "item_type": "plastic fragment", "category": "plastic", "material": "plastic", "position_role": "observer_at_sighting", "value_type": "object_context"}}, {"type": "Feature", "geometry": {"type": "Point", "coordinates": [-60.9994, 26.23025]}, "properties": {"sample_id": "MPL-0391", "event_id": "S2:MSM41_litter-T46", "source_id": "S2_SARGASSO_MSM41", "date_utc": "2015-04-19", "item_type": "half bucket", "category": "plastic", "material": "plastic", "position_role": "observer_at_sighting", "value_type": "object_context"}}, {"type": "Feature", "geometry": {"type": "Point", "coordinates": [-60.999433, 26.239617]}, "properties": {"sample_id": "MPL-0392", "event_id": "S2:MSM41_litter-T46", "source_id": "S2_SARGASSO_MSM41", "date_utc": "2015-04-19", "item_type": "plastic fragment", "category": "plastic", "material": "plastic", "position_role": "observer_at_sighting", "value_type": "object_context"}}, {"type": "Feature", "geometry": {"type": "Point", "coordinates": [-60.999433, 26.239617]}, "properties": {"sample_id": "MPL-0393", "event_id": "S2:MSM41_litter-T46", "source_id": "S2_SARGASSO_MSM41", "date_utc": "2015-04-19", "item_type": "plastic fragment", "category": "plastic", "material": "plastic", "position_role": "observer_at_sighting", "value_type": "object_context"}}, {"type": "Feature", "geometry": {"type": "Point", "coordinates": [-60.99955, 26.270767]}, "properties": {"sample_id": "MPL-0394", "event_id": "S2:MSM41_litter-T46", "source_id": "S2_SARGASSO_MSM41", "date_utc": "2015-04-19", "item_type": "plastic foil", "category": "plastic", "material": "plastic", "position_role": "observer_at_sighting", "value_type": "object_context"}}, {"type": "Feature", "geometry": {"type": "Point", "coordinates": [-60.999733, 26.285433]}, "properties": {"sample_id": "MPL-0395", "event_id": "S2:MSM41_litter-T46", "source_id": "S2_SARGASSO_MSM41", "date_utc": "2015-04-19", "item_type": "piece of plastic cup", "category": "plastic", "material": "plastic", "position_role": "observer_at_sighting", "value_type": "object_context"}}, {"type": "Feature", "geometry": {"type": "Point", "coordinates": [-61.001417, 26.533567]}, "properties": {"sample_id": "MPL-0396", "event_id": "S2:MSM41_litter-T47", "source_id": "S2_SARGASSO_MSM41", "date_utc": "2015-04-19", "item_type": "plastic fragment", "category": "plastic", "material": "plastic", "position_role": "observer_at_sighting", "value_type": "object_context"}}, {"type": "Feature", "geometry": {"type": "Point", "coordinates": [-60.997333, 27.8396]}, "properties": {"sample_id": "MPL-0399", "event_id": "S2:MSM41_litter-T48", "source_id": "S2_SARGASSO_MSM41", "date_utc": "2015-04-20", "item_type": "plastic fragment", "category": "plastic", "material": "plastic", "position_role": "observer_at_sighting", "value_type": "object_context"}}, {"type": "Feature", "geometry": {"type": "Point", "coordinates": [-61.000617, 27.903583]}, "properties": {"sample_id": "MPL-0400", "event_id": "S2:MSM41_litter-T48", "source_id": "S2_SARGASSO_MSM41", "date_utc": "2015-04-20", "item_type": "styrofoam", "category": "expanded polystyrene (EPS)", "material": "expanded polystyrene (EPS)", "position_role": "observer_at_sighting", "value_type": "object_context"}}, {"type": "Feature", "geometry": {"type": "Point", "coordinates": [-61.00165, 27.92625]}, "properties": {"sample_id": "MPL-0404", "event_id": "S2:MSM41_litter-T48", "source_id": "S2_SARGASSO_MSM41", "date_utc": "2015-04-20", "item_type": "piece of plastic foil", "category": "plastic", "material": "plastic", "position_role": "observer_at_sighting", "value_type": "object_context"}}, {"type": "Feature", "geometry": {"type": "Point", "coordinates": [-61.00245, 27.939733]}, "properties": {"sample_id": "MPL-0405", "event_id": "S2:MSM41_litter-T48", "source_id": "S2_SARGASSO_MSM41", "date_utc": "2015-04-20", "item_type": "plastic fragment", "category": "plastic", "material": "plastic", "position_role": "observer_at_sighting", "value_type": "object_context"}}, {"type": "Feature", "geometry": {"type": "Point", "coordinates": [-60.86255, 28.088467]}, "properties": {"sample_id": "MPL-0406", "event_id": "S2:MSM41_litter-T49", "source_id": "S2_SARGASSO_MSM41", "date_utc": "2015-04-20", "item_type": "plastic fragment", "category": "plastic", "material": "plastic", "position_role": "observer_at_sighting", "value_type": "object_context"}}, {"type": "Feature", "geometry": {"type": "Point", "coordinates": [-60.85185, 28.140817]}, "properties": {"sample_id": "MPL-0407", "event_id": "S2:MSM41_litter-T49", "source_id": "S2_SARGASSO_MSM41", "date_utc": "2015-04-20", "item_type": "plastic fragment", "category": "plastic", "material": "plastic", "position_role": "observer_at_sighting", "value_type": "object_context"}}, {"type": "Feature", "geometry": {"type": "Point", "coordinates": [-60.847617, 28.161817]}, "properties": {"sample_id": "MPL-0408", "event_id": "S2:MSM41_litter-T49", "source_id": "S2_SARGASSO_MSM41", "date_utc": "2015-04-20", "item_type": "piece of plastic", "category": "plastic", "material": "plastic", "position_role": "observer_at_sighting", "value_type": "object_context"}}, {"type": "Feature", "geometry": {"type": "Point", "coordinates": [-60.896583, 28.2441]}, "properties": {"sample_id": "MPL-0411", "event_id": "S2:MSM41_litter-T49", "source_id": "S2_SARGASSO_MSM41", "date_utc": "2015-04-20", "item_type": "plastic fragment", "category": "plastic", "material": "plastic", "position_role": "observer_at_sighting", "value_type": "object_context"}}, {"type": "Feature", "geometry": {"type": "Point", "coordinates": [-60.86885, 28.273667]}, "properties": {"sample_id": "MPL-0412", "event_id": "S2:MSM41_litter-T49", "source_id": "S2_SARGASSO_MSM41", "date_utc": "2015-04-20", "item_type": "piece of net line", "category": "plastic", "material": "plastic", "position_role": "observer_at_sighting", "value_type": "object_context"}}, {"type": "Feature", "geometry": {"type": "Point", "coordinates": [-60.9323, 28.612683]}, "properties": {"sample_id": "MPL-0413", "event_id": "S2:MSM41_litter-T50", "source_id": "S2_SARGASSO_MSM41", "date_utc": "2015-04-20", "item_type": "piece of plastic", "category": "plastic", "material": "plastic", "position_role": "observer_at_sighting", "value_type": "object_context"}}, {"type": "Feature", "geometry": {"type": "Point", "coordinates": [-60.9338, 28.620967]}, "properties": {"sample_id": "MPL-0414", "event_id": "S2:MSM41_litter-T50", "source_id": "S2_SARGASSO_MSM41", "date_utc": "2015-04-20", "item_type": "plastic fragment", "category": "plastic", "material": "plastic", "position_role": "observer_at_sighting", "value_type": "object_context"}}, {"type": "Feature", "geometry": {"type": "Point", "coordinates": [-60.9377, 28.641183]}, "properties": {"sample_id": "MPL-0415", "event_id": "S2:MSM41_litter-T50", "source_id": "S2_SARGASSO_MSM41", "date_utc": "2015-04-20", "item_type": "piece of plastic grid", "category": "plastic", "material": "plastic", "position_role": "observer_at_sighting", "value_type": "object_context"}}, {"type": "Feature", "geometry": {"type": "Point", "coordinates": [-60.943467, 28.671433]}, "properties": {"sample_id": "MPL-0416", "event_id": "S2:MSM41_litter-T50", "source_id": "S2_SARGASSO_MSM41", "date_utc": "2015-04-20", "item_type": "plastic fragment", "category": "plastic", "material": "plastic", "position_role": "observer_at_sighting", "value_type": "object_context"}}, {"type": "Feature", "geometry": {"type": "Point", "coordinates": [-60.955167, 28.733]}, "properties": {"sample_id": "MPL-0419", "event_id": "S2:MSM41_litter-T50", "source_id": "S2_SARGASSO_MSM41", "date_utc": "2015-04-20", "item_type": "plastic fragment", "category": "plastic", "material": "plastic", "position_role": "observer_at_sighting", "value_type": "object_context"}}, {"type": "Feature", "geometry": {"type": "Point", "coordinates": [-60.96605, 28.791517]}, "properties": {"sample_id": "MPL-0420", "event_id": "S2:MSM41_litter-T50", "source_id": "S2_SARGASSO_MSM41", "date_utc": "2015-04-20", "item_type": "plastic fragment", "category": "plastic", "material": "plastic", "position_role": "observer_at_sighting", "value_type": "object_context"}}, {"type": "Feature", "geometry": {"type": "Point", "coordinates": [-60.947767, 30.121083]}, "properties": {"sample_id": "MPL-0423", "event_id": "S2:MSM41_litter-T51", "source_id": "S2_SARGASSO_MSM41", "date_utc": "2015-04-21", "item_type": "plastic fragment", "category": "plastic", "material": "plastic", "position_role": "observer_at_sighting", "value_type": "object_context"}}, {"type": "Feature", "geometry": {"type": "Point", "coordinates": [-60.968083, 30.42735]}, "properties": {"sample_id": "MPL-0424", "event_id": "S2:MSM41_litter-T52", "source_id": "S2_SARGASSO_MSM41", "date_utc": "2015-04-21", "item_type": "piece of plastic", "category": "plastic", "material": "plastic", "position_role": "observer_at_sighting", "value_type": "object_context"}}, {"type": "Feature", "geometry": {"type": "Point", "coordinates": [-60.9782, 30.592383]}, "properties": {"sample_id": "MPL-0427", "event_id": "S2:MSM41_litter-T52", "source_id": "S2_SARGASSO_MSM41", "date_utc": "2015-04-21", "item_type": "plastic fragment", "category": "plastic", "material": "plastic", "position_role": "observer_at_sighting", "value_type": "object_context"}}, {"type": "Feature", "geometry": {"type": "Point", "coordinates": [-59.923033, 30.903833]}, "properties": {"sample_id": "MPL-0428", "event_id": "S2:MSM41_litter-T53", "source_id": "S2_SARGASSO_MSM41", "date_utc": "2015-04-22", "item_type": "piece of plastic box", "category": "plastic", "material": "plastic", "position_role": "observer_at_sighting", "value_type": "object_context"}}, {"type": "Feature", "geometry": {"type": "Point", "coordinates": [-59.8968, 30.905233]}, "properties": {"sample_id": "MPL-0429", "event_id": "S2:MSM41_litter-T53", "source_id": "S2_SARGASSO_MSM41", "date_utc": "2015-04-22", "item_type": "plastic fragment", "category": "plastic", "material": "plastic", "position_role": "observer_at_sighting", "value_type": "object_context"}}, {"type": "Feature", "geometry": {"type": "Point", "coordinates": [-59.820983, 30.908933]}, "properties": {"sample_id": "MPL-0433", "event_id": "S2:MSM41_litter-T53", "source_id": "S2_SARGASSO_MSM41", "date_utc": "2015-04-22", "item_type": "net line", "category": "plastic", "material": "plastic", "position_role": "observer_at_sighting", "value_type": "object_context"}}, {"type": "Feature", "geometry": {"type": "Point", "coordinates": [-59.81185, 30.9095]}, "properties": {"sample_id": "MPL-0434", "event_id": "S2:MSM41_litter-T53", "source_id": "S2_SARGASSO_MSM41", "date_utc": "2015-04-22", "item_type": "plastic fragment", "category": "plastic", "material": "plastic", "position_role": "observer_at_sighting", "value_type": "object_context"}}, {"type": "Feature", "geometry": {"type": "Point", "coordinates": [-59.77745, 30.91095]}, "properties": {"sample_id": "MPL-0435", "event_id": "S2:MSM41_litter-T53", "source_id": "S2_SARGASSO_MSM41", "date_utc": "2015-04-22", "item_type": "plastic fragment", "category": "plastic", "material": "plastic", "position_role": "observer_at_sighting", "value_type": "object_context"}}, {"type": "Feature", "geometry": {"type": "Point", "coordinates": [-59.761567, 30.9118]}, "properties": {"sample_id": "MPL-0436", "event_id": "S2:MSM41_litter-T53", "source_id": "S2_SARGASSO_MSM41", "date_utc": "2015-04-22", "item_type": "plastic fragment", "category": "plastic", "material": "plastic", "position_role": "observer_at_sighting", "value_type": "object_context"}}, {"type": "Feature", "geometry": {"type": "Point", "coordinates": [-59.722533, 30.9137]}, "properties": {"sample_id": "MPL-0437", "event_id": "S2:MSM41_litter-T53", "source_id": "S2_SARGASSO_MSM41", "date_utc": "2015-04-22", "item_type": "plastic stick", "category": "plastic", "material": "plastic", "position_role": "observer_at_sighting", "value_type": "object_context"}}, {"type": "Feature", "geometry": {"type": "Point", "coordinates": [-59.713483, 30.914133]}, "properties": {"sample_id": "MPL-0438", "event_id": "S2:MSM41_litter-T53", "source_id": "S2_SARGASSO_MSM41", "date_utc": "2015-04-22", "item_type": "plastic fragment", "category": "plastic", "material": "plastic", "position_role": "observer_at_sighting", "value_type": "object_context"}}, {"type": "Feature", "geometry": {"type": "Point", "coordinates": [-59.704867, 30.914567]}, "properties": {"sample_id": "MPL-0439", "event_id": "S2:MSM41_litter-T53", "source_id": "S2_SARGASSO_MSM41", "date_utc": "2015-04-22", "item_type": "styrofoam", "category": "expanded polystyrene (EPS)", "material": "expanded polystyrene (EPS)", "position_role": "observer_at_sighting", "value_type": "object_context"}}, {"type": "Feature", "geometry": {"type": "Point", "coordinates": [-59.476233, 30.925783]}, "properties": {"sample_id": "MPL-0440", "event_id": "S2:MSM41_litter-T54", "source_id": "S2_SARGASSO_MSM41", "date_utc": "2015-04-22", "item_type": "plastic fragment", "category": "plastic", "material": "plastic", "position_role": "observer_at_sighting", "value_type": "object_context"}}, {"type": "Feature", "geometry": {"type": "Point", "coordinates": [-59.418667, 30.9286]}, "properties": {"sample_id": "MPL-0441", "event_id": "S2:MSM41_litter-T54", "source_id": "S2_SARGASSO_MSM41", "date_utc": "2015-04-22", "item_type": "plastic fragment", "category": "plastic", "material": "plastic", "position_role": "observer_at_sighting", "value_type": "object_context"}}, {"type": "Feature", "geometry": {"type": "Point", "coordinates": [-59.386583, 30.930983]}, "properties": {"sample_id": "MPL-0442", "event_id": "S2:MSM41_litter-T54", "source_id": "S2_SARGASSO_MSM41", "date_utc": "2015-04-22", "item_type": "plastic object", "category": "plastic", "material": "plastic", "position_role": "observer_at_sighting", "value_type": "object_context"}}, {"type": "Feature", "geometry": {"type": "Point", "coordinates": [-59.33375, 30.932767]}, "properties": {"sample_id": "MPL-0445", "event_id": "S2:MSM41_litter-T54", "source_id": "S2_SARGASSO_MSM41", "date_utc": "2015-04-22", "item_type": "plastic fragment", "category": "plastic", "material": "plastic", "position_role": "observer_at_sighting", "value_type": "object_context"}}, {"type": "Feature", "geometry": {"type": "Point", "coordinates": [-59.30495, 30.933817]}, "properties": {"sample_id": "MPL-0446", "event_id": "S2:MSM41_litter-T54", "source_id": "S2_SARGASSO_MSM41", "date_utc": "2015-04-22", "item_type": "plastic ring", "category": "plastic", "material": "plastic", "position_role": "observer_at_sighting", "value_type": "object_context"}}, {"type": "Feature", "geometry": {"type": "Point", "coordinates": [-59.305867, 30.934167]}, "properties": {"sample_id": "MPL-0447", "event_id": "S2:MSM41_litter-T54", "source_id": "S2_SARGASSO_MSM41", "date_utc": "2015-04-22", "item_type": "plastic fragment", "category": "plastic", "material": "plastic", "position_role": "observer_at_sighting", "value_type": "object_context"}}, {"type": "Feature", "geometry": {"type": "Point", "coordinates": [-59.094183, 30.944317]}, "properties": {"sample_id": "MPL-0448", "event_id": "S2:MSM41_litter-T55", "source_id": "S2_SARGASSO_MSM41", "date_utc": "2015-04-22", "item_type": "plastic fragment", "category": "plastic", "material": "plastic", "position_role": "observer_at_sighting", "value_type": "object_context"}}, {"type": "Feature", "geometry": {"type": "Point", "coordinates": [-59.083067, 30.944933]}, "properties": {"sample_id": "MPL-0449", "event_id": "S2:MSM41_litter-T55", "source_id": "S2_SARGASSO_MSM41", "date_utc": "2015-04-22", "item_type": "plastic fragment", "category": "plastic", "material": "plastic", "position_role": "observer_at_sighting", "value_type": "object_context"}}, {"type": "Feature", "geometry": {"type": "Point", "coordinates": [-59.071417, 30.945533]}, "properties": {"sample_id": "MPL-0450", "event_id": "S2:MSM41_litter-T55", "source_id": "S2_SARGASSO_MSM41", "date_utc": "2015-04-22", "item_type": "plastic fragment", "category": "plastic", "material": "plastic", "position_role": "observer_at_sighting", "value_type": "object_context"}}, {"type": "Feature", "geometry": {"type": "Point", "coordinates": [-59.0615, 30.945917]}, "properties": {"sample_id": "MPL-0451", "event_id": "S2:MSM41_litter-T55", "source_id": "S2_SARGASSO_MSM41", "date_utc": "2015-04-22", "item_type": "plastic fragment", "category": "plastic", "material": "plastic", "position_role": "observer_at_sighting", "value_type": "object_context"}}, {"type": "Feature", "geometry": {"type": "Point", "coordinates": [-59.055867, 30.946267]}, "properties": {"sample_id": "MPL-0452", "event_id": "S2:MSM41_litter-T55", "source_id": "S2_SARGASSO_MSM41", "date_utc": "2015-04-22", "item_type": "plastic fragment", "category": "plastic", "material": "plastic", "position_role": "observer_at_sighting", "value_type": "object_context"}}, {"type": "Feature", "geometry": {"type": "Point", "coordinates": [-59.048733, 30.946533]}, "properties": {"sample_id": "MPL-0453", "event_id": "S2:MSM41_litter-T55", "source_id": "S2_SARGASSO_MSM41", "date_utc": "2015-04-22", "item_type": "plastic fragment", "category": "plastic", "material": "plastic", "position_role": "observer_at_sighting", "value_type": "object_context"}}, {"type": "Feature", "geometry": {"type": "Point", "coordinates": [-59.042467, 30.94685]}, "properties": {"sample_id": "MPL-0454", "event_id": "S2:MSM41_litter-T55", "source_id": "S2_SARGASSO_MSM41", "date_utc": "2015-04-22", "item_type": "plastic fragment", "category": "plastic", "material": "plastic", "position_role": "observer_at_sighting", "value_type": "object_context"}}, {"type": "Feature", "geometry": {"type": "Point", "coordinates": [-59.025817, 30.94825]}, "properties": {"sample_id": "MPL-0457", "event_id": "S2:MSM41_litter-T55", "source_id": "S2_SARGASSO_MSM41", "date_utc": "2015-04-22", "item_type": "plastic stick", "category": "plastic", "material": "plastic", "position_role": "observer_at_sighting", "value_type": "object_context"}}, {"type": "Feature", "geometry": {"type": "Point", "coordinates": [-58.525483, 30.972083]}, "properties": {"sample_id": "MPL-0458", "event_id": "S2:MSM41_litter-T56", "source_id": "S2_SARGASSO_MSM41", "date_utc": "2015-04-22", "item_type": "plastic fragment", "category": "plastic", "material": "plastic", "position_role": "observer_at_sighting", "value_type": "object_context"}}, {"type": "Feature", "geometry": {"type": "Point", "coordinates": [-58.49245, 30.973533]}, "properties": {"sample_id": "MPL-0459", "event_id": "S2:MSM41_litter-T56", "source_id": "S2_SARGASSO_MSM41", "date_utc": "2015-04-22", "item_type": "plastic object", "category": "plastic", "material": "plastic", "position_role": "observer_at_sighting", "value_type": "object_context"}}, {"type": "Feature", "geometry": {"type": "Point", "coordinates": [-58.469617, 30.97475]}, "properties": {"sample_id": "MPL-0462", "event_id": "S2:MSM41_litter-T56", "source_id": "S2_SARGASSO_MSM41", "date_utc": "2015-04-22", "item_type": "plastic fragment", "category": "plastic", "material": "plastic", "position_role": "observer_at_sighting", "value_type": "object_context"}}, {"type": "Feature", "geometry": {"type": "Point", "coordinates": [-58.428467, 30.976817]}, "properties": {"sample_id": "MPL-0463", "event_id": "S2:MSM41_litter-T56", "source_id": "S2_SARGASSO_MSM41", "date_utc": "2015-04-22", "item_type": "plastic fragment", "category": "plastic", "material": "plastic", "position_role": "observer_at_sighting", "value_type": "object_context"}}, {"type": "Feature", "geometry": {"type": "Point", "coordinates": [-58.01725, 29.078683]}, "properties": {"sample_id": "MPL-0464", "event_id": "S2:MSM41_litter-T58", "source_id": "S2_SARGASSO_MSM41", "date_utc": "2015-04-23", "item_type": "plastic fragment", "category": "plastic", "material": "plastic", "position_role": "observer_at_sighting", "value_type": "object_context"}}, {"type": "Feature", "geometry": {"type": "Point", "coordinates": [-58.019233, 29.091317]}, "properties": {"sample_id": "MPL-0465", "event_id": "S2:MSM41_litter-T58", "source_id": "S2_SARGASSO_MSM41", "date_utc": "2015-04-23", "item_type": "plastic fragment", "category": "plastic", "material": "plastic", "position_role": "observer_at_sighting", "value_type": "object_context"}}, {"type": "Feature", "geometry": {"type": "Point", "coordinates": [-58.020167, 29.097783]}, "properties": {"sample_id": "MPL-0466", "event_id": "S2:MSM41_litter-T58", "source_id": "S2_SARGASSO_MSM41", "date_utc": "2015-04-23", "item_type": "plastic fragment", "category": "plastic", "material": "plastic", "position_role": "observer_at_sighting", "value_type": "object_context"}}, {"type": "Feature", "geometry": {"type": "Point", "coordinates": [-58.02275, 29.115783]}, "properties": {"sample_id": "MPL-0467", "event_id": "S2:MSM41_litter-T58", "source_id": "S2_SARGASSO_MSM41", "date_utc": "2015-04-23", "item_type": "plastic fragment", "category": "plastic", "material": "plastic", "position_role": "observer_at_sighting", "value_type": "object_context"}}, {"type": "Feature", "geometry": {"type": "Point", "coordinates": [-58.02415, 29.124467]}, "properties": {"sample_id": "MPL-0468", "event_id": "S2:MSM41_litter-T58", "source_id": "S2_SARGASSO_MSM41", "date_utc": "2015-04-23", "item_type": "plastic fragment", "category": "plastic", "material": "plastic", "position_role": "observer_at_sighting", "value_type": "object_context"}}, {"type": "Feature", "geometry": {"type": "Point", "coordinates": [-58.024683, 29.128]}, "properties": {"sample_id": "MPL-0469", "event_id": "S2:MSM41_litter-T58", "source_id": "S2_SARGASSO_MSM41", "date_utc": "2015-04-23", "item_type": "plastic fragment", "category": "plastic", "material": "plastic", "position_role": "observer_at_sighting", "value_type": "object_context"}}, {"type": "Feature", "geometry": {"type": "Point", "coordinates": [-58.025333, 29.132583]}, "properties": {"sample_id": "MPL-0470", "event_id": "S2:MSM41_litter-T58", "source_id": "S2_SARGASSO_MSM41", "date_utc": "2015-04-23", "item_type": "plastic fragment", "category": "plastic", "material": "plastic", "position_role": "observer_at_sighting", "value_type": "object_context"}}, {"type": "Feature", "geometry": {"type": "Point", "coordinates": [-58.026083, 29.138067]}, "properties": {"sample_id": "MPL-0471", "event_id": "S2:MSM41_litter-T58", "source_id": "S2_SARGASSO_MSM41", "date_utc": "2015-04-23", "item_type": "plastic fragment", "category": "plastic", "material": "plastic", "position_role": "observer_at_sighting", "value_type": "object_context"}}, {"type": "Feature", "geometry": {"type": "Point", "coordinates": [-58.026583, 29.141567]}, "properties": {"sample_id": "MPL-0474", "event_id": "S2:MSM41_litter-T58", "source_id": "S2_SARGASSO_MSM41", "date_utc": "2015-04-23", "item_type": "plastic fragment", "category": "plastic", "material": "plastic", "position_role": "observer_at_sighting", "value_type": "object_context"}}, {"type": "Feature", "geometry": {"type": "Point", "coordinates": [-58.028367, 29.153467]}, "properties": {"sample_id": "MPL-0475", "event_id": "S2:MSM41_litter-T58", "source_id": "S2_SARGASSO_MSM41", "date_utc": "2015-04-23", "item_type": "plastic fragment", "category": "plastic", "material": "plastic", "position_role": "observer_at_sighting", "value_type": "object_context"}}, {"type": "Feature", "geometry": {"type": "Point", "coordinates": [-58.0303, 29.166883]}, "properties": {"sample_id": "MPL-0476", "event_id": "S2:MSM41_litter-T58", "source_id": "S2_SARGASSO_MSM41", "date_utc": "2015-04-23", "item_type": "plastic fragment", "category": "plastic", "material": "plastic", "position_role": "observer_at_sighting", "value_type": "object_context"}}, {"type": "Feature", "geometry": {"type": "Point", "coordinates": [-58.036017, 29.204667]}, "properties": {"sample_id": "MPL-0477", "event_id": "S2:MSM41_litter-T58", "source_id": "S2_SARGASSO_MSM41", "date_utc": "2015-04-23", "item_type": "plastic stick", "category": "plastic", "material": "plastic", "position_role": "observer_at_sighting", "value_type": "object_context"}}, {"type": "Feature", "geometry": {"type": "Point", "coordinates": [-58.0393, 29.226567]}, "properties": {"sample_id": "MPL-0478", "event_id": "S2:MSM41_litter-T58", "source_id": "S2_SARGASSO_MSM41", "date_utc": "2015-04-23", "item_type": "plastic fragment", "category": "plastic", "material": "plastic", "position_role": "observer_at_sighting", "value_type": "object_context"}}, {"type": "Feature", "geometry": {"type": "Point", "coordinates": [-58.105783, 29.672783]}, "properties": {"sample_id": "MPL-0479", "event_id": "S2:MSM41_litter-T57", "source_id": "S2_SARGASSO_MSM41", "date_utc": "2015-04-23", "item_type": "plastic ring", "category": "plastic", "material": "plastic", "position_role": "observer_at_sighting", "value_type": "object_context"}}, {"type": "Feature", "geometry": {"type": "Point", "coordinates": [-58.106867, 29.680083]}, "properties": {"sample_id": "MPL-0480", "event_id": "S2:MSM41_litter-T57", "source_id": "S2_SARGASSO_MSM41", "date_utc": "2015-04-23", "item_type": "plastic object", "category": "plastic", "material": "plastic", "position_role": "observer_at_sighting", "value_type": "object_context"}}, {"type": "Feature", "geometry": {"type": "Point", "coordinates": [-58.111367, 29.710633]}, "properties": {"sample_id": "MPL-0481", "event_id": "S2:MSM41_litter-T57", "source_id": "S2_SARGASSO_MSM41", "date_utc": "2015-04-23", "item_type": "bucket", "category": "plastic", "material": "plastic", "position_role": "observer_at_sighting", "value_type": "object_context"}}, {"type": "Feature", "geometry": {"type": "Point", "coordinates": [-58.116067, 29.741833]}, "properties": {"sample_id": "MPL-0482", "event_id": "S2:MSM41_litter-T57", "source_id": "S2_SARGASSO_MSM41", "date_utc": "2015-04-23", "item_type": "construction foam", "category": "plastic", "material": "plastic", "position_role": "observer_at_sighting", "value_type": "object_context"}}, {"type": "Feature", "geometry": {"type": "Point", "coordinates": [-58.118533, 29.7587]}, "properties": {"sample_id": "MPL-0483", "event_id": "S2:MSM41_litter-T57", "source_id": "S2_SARGASSO_MSM41", "date_utc": "2015-04-23", "item_type": "plastic fragment", "category": "plastic", "material": "plastic", "position_role": "observer_at_sighting", "value_type": "object_context"}}, {"type": "Feature", "geometry": {"type": "Point", "coordinates": [-58.12515, 29.802817]}, "properties": {"sample_id": "MPL-0486", "event_id": "S2:MSM41_litter-T57", "source_id": "S2_SARGASSO_MSM41", "date_utc": "2015-04-23", "item_type": "plastic fragment", "category": "plastic", "material": "plastic", "position_role": "observer_at_sighting", "value_type": "object_context"}}, {"type": "Feature", "geometry": {"type": "Point", "coordinates": [-58.128883, 29.8265]}, "properties": {"sample_id": "MPL-0487", "event_id": "S2:MSM41_litter-T57", "source_id": "S2_SARGASSO_MSM41", "date_utc": "2015-04-23", "item_type": "plastic lid", "category": "plastic", "material": "plastic", "position_role": "observer_at_sighting", "value_type": "object_context"}}, {"type": "Feature", "geometry": {"type": "Point", "coordinates": [-58.13225, 29.849383]}, "properties": {"sample_id": "MPL-0488", "event_id": "S2:MSM41_litter-T57", "source_id": "S2_SARGASSO_MSM41", "date_utc": "2015-04-23", "item_type": "plastic fragment", "category": "plastic", "material": "plastic", "position_role": "observer_at_sighting", "value_type": "object_context"}}, {"type": "Feature", "geometry": {"type": "Point", "coordinates": [-58.0561, 27.298917]}, "properties": {"sample_id": "MPL-0489", "event_id": "S2:MSM41_litter-T60", "source_id": "S2_SARGASSO_MSM41", "date_utc": "2015-04-24", "item_type": "plastic fragment", "category": "plastic", "material": "plastic", "position_role": "observer_at_sighting", "value_type": "object_context"}}, {"type": "Feature", "geometry": {"type": "Point", "coordinates": [-58.05805, 27.31215]}, "properties": {"sample_id": "MPL-0490", "event_id": "S2:MSM41_litter-T60", "source_id": "S2_SARGASSO_MSM41", "date_utc": "2015-04-24", "item_type": "plastic fragment", "category": "plastic", "material": "plastic", "position_role": "observer_at_sighting", "value_type": "object_context"}}, {"type": "Feature", "geometry": {"type": "Point", "coordinates": [-58.059283, 27.319867]}, "properties": {"sample_id": "MPL-0491", "event_id": "S2:MSM41_litter-T60", "source_id": "S2_SARGASSO_MSM41", "date_utc": "2015-04-24", "item_type": "plastic fragment", "category": "plastic", "material": "plastic", "position_role": "observer_at_sighting", "value_type": "object_context"}}, {"type": "Feature", "geometry": {"type": "Point", "coordinates": [-58.063867, 27.347883]}, "properties": {"sample_id": "MPL-0492", "event_id": "S2:MSM41_litter-T60", "source_id": "S2_SARGASSO_MSM41", "date_utc": "2015-04-24", "item_type": "plastic fragment", "category": "plastic", "material": "plastic", "position_role": "observer_at_sighting", "value_type": "object_context"}}, {"type": "Feature", "geometry": {"type": "Point", "coordinates": [-58.069667, 27.38275]}, "properties": {"sample_id": "MPL-0493", "event_id": "S2:MSM41_litter-T60", "source_id": "S2_SARGASSO_MSM41", "date_utc": "2015-04-24", "item_type": "plastic fragment", "category": "plastic", "material": "plastic", "position_role": "observer_at_sighting", "value_type": "object_context"}}, {"type": "Feature", "geometry": {"type": "Point", "coordinates": [-58.072267, 27.398817]}, "properties": {"sample_id": "MPL-0496", "event_id": "S2:MSM41_litter-T60", "source_id": "S2_SARGASSO_MSM41", "date_utc": "2015-04-24", "item_type": "Safety bag", "category": "plastic", "material": "plastic", "position_role": "observer_at_sighting", "value_type": "object_context"}}, {"type": "Feature", "geometry": {"type": "Point", "coordinates": [-58.0846, 27.472817]}, "properties": {"sample_id": "MPL-0497", "event_id": "S2:MSM41_litter-T60", "source_id": "S2_SARGASSO_MSM41", "date_utc": "2015-04-24", "item_type": "plastic fragment", "category": "plastic", "material": "plastic", "position_role": "observer_at_sighting", "value_type": "object_context"}}, {"type": "Feature", "geometry": {"type": "Point", "coordinates": [-58.141617, 27.843017]}, "properties": {"sample_id": "MPL-0498", "event_id": "S2:MSM41_litter-T59", "source_id": "S2_SARGASSO_MSM41", "date_utc": "2015-04-24", "item_type": "line", "category": "plastic", "material": "plastic", "position_role": "observer_at_sighting", "value_type": "object_context"}}, {"type": "Feature", "geometry": {"type": "Point", "coordinates": [-58.148383, 27.88505]}, "properties": {"sample_id": "MPL-0501", "event_id": "S2:MSM41_litter-T59", "source_id": "S2_SARGASSO_MSM41", "date_utc": "2015-04-24", "item_type": "plastic fragment", "category": "plastic", "material": "plastic", "position_role": "observer_at_sighting", "value_type": "object_context"}}, {"type": "Feature", "geometry": {"type": "Point", "coordinates": [-58.14905, 27.88915]}, "properties": {"sample_id": "MPL-0502", "event_id": "S2:MSM41_litter-T59", "source_id": "S2_SARGASSO_MSM41", "date_utc": "2015-04-24", "item_type": "plastic container", "category": "plastic", "material": "plastic", "position_role": "observer_at_sighting", "value_type": "object_context"}}, {"type": "Feature", "geometry": {"type": "Point", "coordinates": [-58.0403, 25.397817]}, "properties": {"sample_id": "MPL-0503", "event_id": "S2:MSM41_litter-T62", "source_id": "S2_SARGASSO_MSM41", "date_utc": "2015-04-25", "item_type": "plastic stick", "category": "plastic", "material": "plastic", "position_role": "observer_at_sighting", "value_type": "object_context"}}, {"type": "Feature", "geometry": {"type": "Point", "coordinates": [-58.07335, 25.7693]}, "properties": {"sample_id": "MPL-0506", "event_id": "S2:MSM41_litter-T61", "source_id": "S2_SARGASSO_MSM41", "date_utc": "2015-04-25", "item_type": "plastic fragment", "category": "plastic", "material": "plastic", "position_role": "observer_at_sighting", "value_type": "object_context"}}, {"type": "Feature", "geometry": {"type": "Point", "coordinates": [-58.080133, 25.84575]}, "properties": {"sample_id": "MPL-0509", "event_id": "S2:MSM41_litter-T61", "source_id": "S2_SARGASSO_MSM41", "date_utc": "2015-04-25", "item_type": "plastic fragment", "category": "plastic", "material": "plastic", "position_role": "observer_at_sighting", "value_type": "object_context"}}, {"type": "Feature", "geometry": {"type": "Point", "coordinates": [-58.082267, 25.8721]}, "properties": {"sample_id": "MPL-0510", "event_id": "S2:MSM41_litter-T61", "source_id": "S2_SARGASSO_MSM41", "date_utc": "2015-04-25", "item_type": "plastic object", "category": "plastic", "material": "plastic", "position_role": "observer_at_sighting", "value_type": "object_context"}}, {"type": "Feature", "geometry": {"type": "Point", "coordinates": [-58.084517, 25.89465]}, "properties": {"sample_id": "MPL-0511", "event_id": "S2:MSM41_litter-T61", "source_id": "S2_SARGASSO_MSM41", "date_utc": "2015-04-25", "item_type": "plastic fragment", "category": "plastic", "material": "plastic", "position_role": "observer_at_sighting", "value_type": "object_context"}}, {"type": "Feature", "geometry": {"type": "Point", "coordinates": [-58.085083, 25.9013]}, "properties": {"sample_id": "MPL-0512", "event_id": "S2:MSM41_litter-T61", "source_id": "S2_SARGASSO_MSM41", "date_utc": "2015-04-25", "item_type": "plastic fragment", "category": "plastic", "material": "plastic", "position_role": "observer_at_sighting", "value_type": "object_context"}}, {"type": "Feature", "geometry": {"type": "Point", "coordinates": [-58.013483, 23.1177]}, "properties": {"sample_id": "MPL-0515", "event_id": "S2:MSM41_litter-T65", "source_id": "S2_SARGASSO_MSM41", "date_utc": "2015-04-26", "item_type": "plastic fragment", "category": "plastic", "material": "plastic", "position_role": "observer_at_sighting", "value_type": "object_context"}}, {"type": "Feature", "geometry": {"type": "Point", "coordinates": [-58.019, 23.168633]}, "properties": {"sample_id": "MPL-0516", "event_id": "S2:MSM41_litter-T65", "source_id": "S2_SARGASSO_MSM41", "date_utc": "2015-04-26", "item_type": "plastic fragment", "category": "plastic", "material": "plastic", "position_role": "observer_at_sighting", "value_type": "object_context"}}, {"type": "Feature", "geometry": {"type": "Point", "coordinates": [-58.040133, 23.37165]}, "properties": {"sample_id": "MPL-0517", "event_id": "S2:MSM41_litter-T64", "source_id": "S2_SARGASSO_MSM41", "date_utc": "2015-04-26", "item_type": "plastic fragment", "category": "plastic", "material": "plastic", "position_role": "observer_at_sighting", "value_type": "object_context"}}, {"type": "Feature", "geometry": {"type": "Point", "coordinates": [-58.04745, 23.44585]}, "properties": {"sample_id": "MPL-0520", "event_id": "S2:MSM41_litter-T64", "source_id": "S2_SARGASSO_MSM41", "date_utc": "2015-04-26", "item_type": "plastic fragment", "category": "plastic", "material": "plastic", "position_role": "observer_at_sighting", "value_type": "object_context"}}, {"type": "Feature", "geometry": {"type": "Point", "coordinates": [-58.049433, 23.4648]}, "properties": {"sample_id": "MPL-0521", "event_id": "S2:MSM41_litter-T64", "source_id": "S2_SARGASSO_MSM41", "date_utc": "2015-04-26", "item_type": "rope", "category": "plastic", "material": "plastic", "position_role": "observer_at_sighting", "value_type": "object_context"}}, {"type": "Feature", "geometry": {"type": "Point", "coordinates": [-58.075533, 23.733167]}, "properties": {"sample_id": "MPL-0522", "event_id": "S2:MSM41_litter-T63", "source_id": "S2_SARGASSO_MSM41", "date_utc": "2015-04-26", "item_type": "plastic object", "category": "plastic", "material": "plastic", "position_role": "observer_at_sighting", "value_type": "object_context"}}, {"type": "Feature", "geometry": {"type": "Point", "coordinates": [-58.085583, 23.839117]}, "properties": {"sample_id": "MPL-0525", "event_id": "S2:MSM41_litter-T63", "source_id": "S2_SARGASSO_MSM41", "date_utc": "2015-04-26", "item_type": "plastic fragment", "category": "plastic", "material": "plastic", "position_role": "observer_at_sighting", "value_type": "object_context"}}, {"type": "Feature", "geometry": {"type": "Point", "coordinates": [7.833, 54.267]}, "properties": {"sample_id": "MPL-0781", "event_id": "S3:HE460_MarLitter_transect01", "source_id": "S3_SE_NORTH_SEA", "date_utc": "2016-04-08", "item_type": "plastic foil", "category": "plastic", "material": "plastic", "position_role": "sighting_position", "value_type": "object_context"}}, {"type": "Feature", "geometry": {"type": "Point", "coordinates": [7.804, 54.277]}, "properties": {"sample_id": "MPL-0782", "event_id": "S3:HE460_MarLitter_transect01", "source_id": "S3_SE_NORTH_SEA", "date_utc": "2016-04-08", "item_type": "plastic foil", "category": "plastic", "material": "plastic", "position_role": "sighting_position", "value_type": "object_context"}}, {"type": "Feature", "geometry": {"type": "Point", "coordinates": [7.73, 54.303]}, "properties": {"sample_id": "MPL-0783", "event_id": "S3:HE460_MarLitter_transect01", "source_id": "S3_SE_NORTH_SEA", "date_utc": "2016-04-08", "item_type": "plastic item", "category": "plastic", "material": "plastic", "position_role": "sighting_position", "value_type": "object_context"}}, {"type": "Feature", "geometry": {"type": "Point", "coordinates": [7.482, 54.398]}, "properties": {"sample_id": "MPL-0784", "event_id": "S3:HE460_MarLitter_transect02", "source_id": "S3_SE_NORTH_SEA", "date_utc": "2016-04-09", "item_type": "chewing gum packaging", "category": "plastic", "material": "plastic", "position_role": "sighting_position", "value_type": "object_context"}}, {"type": "Feature", "geometry": {"type": "Point", "coordinates": [7.465, 54.4]}, "properties": {"sample_id": "MPL-0785", "event_id": "S3:HE460_MarLitter_transect02", "source_id": "S3_SE_NORTH_SEA", "date_utc": "2016-04-09", "item_type": "plastic item", "category": "plastic", "material": "plastic", "position_role": "sighting_position", "value_type": "object_context"}}, {"type": "Feature", "geometry": {"type": "Point", "coordinates": [7.386, 54.412]}, "properties": {"sample_id": "MPL-0786", "event_id": "S3:HE460_MarLitter_transect02", "source_id": "S3_SE_NORTH_SEA", "date_utc": "2016-04-09", "item_type": "fragment", "category": "expanded polystyrene (EPS)", "material": "expanded polystyrene (EPS)", "position_role": "sighting_position", "value_type": "object_context"}}, {"type": "Feature", "geometry": {"type": "Point", "coordinates": [7.341, 54.418]}, "properties": {"sample_id": "MPL-0789", "event_id": "S3:HE460_MarLitter_transect02", "source_id": "S3_SE_NORTH_SEA", "date_utc": "2016-04-09", "item_type": "plastic bag", "category": "plastic", "material": "plastic", "position_role": "sighting_position", "value_type": "object_context"}}, {"type": "Feature", "geometry": {"type": "Point", "coordinates": [7.338, 54.418]}, "properties": {"sample_id": "MPL-0790", "event_id": "S3:HE460_MarLitter_transect02", "source_id": "S3_SE_NORTH_SEA", "date_utc": "2016-04-09", "item_type": "item", "category": "plastic", "material": "plastic", "position_role": "sighting_position", "value_type": "object_context"}}, {"type": "Feature", "geometry": {"type": "Point", "coordinates": [7.335, 54.419]}, "properties": {"sample_id": "MPL-0791", "event_id": "S3:HE460_MarLitter_transect02", "source_id": "S3_SE_NORTH_SEA", "date_utc": "2016-04-09", "item_type": "item", "category": "plastic", "material": "plastic", "position_role": "sighting_position", "value_type": "object_context"}}, {"type": "Feature", "geometry": {"type": "Point", "coordinates": [7.207, 54.439]}, "properties": {"sample_id": "MPL-0792", "event_id": "S3:HE460_MarLitter_transect02", "source_id": "S3_SE_NORTH_SEA", "date_utc": "2016-04-09", "item_type": "plastic item", "category": "plastic", "material": "plastic", "position_role": "sighting_position", "value_type": "object_context"}}, {"type": "Feature", "geometry": {"type": "Point", "coordinates": [6.715, 54.75]}, "properties": {"sample_id": "MPL-0793", "event_id": "S3:HE460_MarLitter_transect03", "source_id": "S3_SE_NORTH_SEA", "date_utc": "2016-04-10", "item_type": "beverage packaging", "category": "plastic", "material": "plastic", "position_role": "sighting_position", "value_type": "object_context"}}, {"type": "Feature", "geometry": {"type": "Point", "coordinates": [6.703, 54.764]}, "properties": {"sample_id": "MPL-0794", "event_id": "S3:HE460_MarLitter_transect03", "source_id": "S3_SE_NORTH_SEA", "date_utc": "2016-04-10", "item_type": "plastic pipe", "category": "plastic", "material": "plastic", "position_role": "sighting_position", "value_type": "object_context"}}, {"type": "Feature", "geometry": {"type": "Point", "coordinates": [6.675, 54.798]}, "properties": {"sample_id": "MPL-0795", "event_id": "S3:HE460_MarLitter_transect03", "source_id": "S3_SE_NORTH_SEA", "date_utc": "2016-04-10", "item_type": "plastic bag", "category": "plastic", "material": "plastic", "position_role": "sighting_position", "value_type": "object_context"}}, {"type": "Feature", "geometry": {"type": "Point", "coordinates": [6.669, 54.805]}, "properties": {"sample_id": "MPL-0796", "event_id": "S3:HE460_MarLitter_transect03", "source_id": "S3_SE_NORTH_SEA", "date_utc": "2016-04-10", "item_type": "plastic fragment", "category": "plastic", "material": "plastic", "position_role": "sighting_position", "value_type": "object_context"}}, {"type": "Feature", "geometry": {"type": "Point", "coordinates": [6.646, 54.833]}, "properties": {"sample_id": "MPL-0797", "event_id": "S3:HE460_MarLitter_transect03", "source_id": "S3_SE_NORTH_SEA", "date_utc": "2016-04-10", "item_type": "plastic fragment", "category": "plastic", "material": "plastic", "position_role": "sighting_position", "value_type": "object_context"}}, {"type": "Feature", "geometry": {"type": "Point", "coordinates": [6.634, 54.847]}, "properties": {"sample_id": "MPL-0800", "event_id": "S3:HE460_MarLitter_transect03", "source_id": "S3_SE_NORTH_SEA", "date_utc": "2016-04-10", "item_type": "ice packaging", "category": "plastic", "material": "plastic", "position_role": "sighting_position", "value_type": "object_context"}}, {"type": "Feature", "geometry": {"type": "Point", "coordinates": [6.626, 54.857]}, "properties": {"sample_id": "MPL-0801", "event_id": "S3:HE460_MarLitter_transect03", "source_id": "S3_SE_NORTH_SEA", "date_utc": "2016-04-10", "item_type": "plastic fragment", "category": "plastic", "material": "plastic", "position_role": "sighting_position", "value_type": "object_context"}}, {"type": "Feature", "geometry": {"type": "Point", "coordinates": [6.591, 54.899]}, "properties": {"sample_id": "MPL-0802", "event_id": "S3:HE460_MarLitter_transect03", "source_id": "S3_SE_NORTH_SEA", "date_utc": "2016-04-10", "item_type": "plastic fragment", "category": "plastic", "material": "plastic", "position_role": "sighting_position", "value_type": "object_context"}}, {"type": "Feature", "geometry": {"type": "Point", "coordinates": [6.585, 54.907]}, "properties": {"sample_id": "MPL-0803", "event_id": "S3:HE460_MarLitter_transect03", "source_id": "S3_SE_NORTH_SEA", "date_utc": "2016-04-10", "item_type": "float of fishing net", "category": "plastic", "material": "plastic", "position_role": "sighting_position", "value_type": "object_context"}}, {"type": "Feature", "geometry": {"type": "Point", "coordinates": [6.582, 54.909]}, "properties": {"sample_id": "MPL-0804", "event_id": "S3:HE460_MarLitter_transect03", "source_id": "S3_SE_NORTH_SEA", "date_utc": "2016-04-10", "item_type": "plastic fragment", "category": "plastic", "material": "plastic", "position_role": "sighting_position", "value_type": "object_context"}}, {"type": "Feature", "geometry": {"type": "Point", "coordinates": [6.564, 54.93]}, "properties": {"sample_id": "MPL-0805", "event_id": "S3:HE460_MarLitter_transect03", "source_id": "S3_SE_NORTH_SEA", "date_utc": "2016-04-10", "item_type": "plastic fragment", "category": "plastic", "material": "plastic", "position_role": "sighting_position", "value_type": "object_context"}}]}