{"type": "FeatureCollection", "features": [{"type": "Feature", "geometry": {"type": "Polygon", "coordinates": [[[49.348658807115534, 53.71428764094849], [49.34866232677788, 53.71419779482887], [49.348510869362876, 53.714195706838495], [49.34851438932863, 53.714105860724175], [49.34866584642117, 53.714107948707735], [49.34866936604541, 53.71401810258508], [49.34912373646998, 53.71402436536694], [49.3491202178131, 53.71411421151006], [49.349271674981836, 53.71411629872806], [49.349268156628376, 53.71420614487648], [49.349116699137184, 53.71420405765165], [49.34911318044222, 53.71429390379174], [49.348658807115534, 53.71428764094849]]]}, "properties": {"zone_id": "kuibyshev-2025-05-28-001", "aoi": "kuibyshev", "date": "2025-05-28", "scene_id": "S2B_MSIL2A_20250528T075609_R035_T39UUV_20250528T095708", "scene_datetime_utc": "2025-05-28T07:56:09.024000+00:00", "detection_status": "detected", "detection_status_ru": "обнаружено", "lon": 49.34889, "lat": 53.71416, "n_pixels": 3, "zone_area_km2": 0.0011, "cover_m2": 300.0, "p_mean": 0.884, "p_max": 0.929, "cover_m2_km2": 272727.3, "h3": "8810819a6bfffff", "valid_frac_scene": 1.0, "wind_ms": 2.1, "sea": "спокойное", "scene_reliable": true, "field_event_id": "S4:DOORS3:T23", "field_profile": "B", "field_date": "2024-06-10", "field_distance_km": 1389.4, "field_date_gap_days": 352, "field_conc_items_km2": 102.37, "conc_A_items_km2": null, "conc_A_lo80": null, "conc_A_hi80": null, "conc_A_lo95": null, "conc_A_hi95": null, "conc_A_status": "unavailable", "conc_A_status_ru": "концентрация недоступна", "conc_A_reasons": "вне бассейна профиля: nw_atlantic_subtropical", "conc_A_model": "conc-A-c6bce5631d2b", "conc_B_items_km2": null, "conc_B_lo80": null, "conc_B_hi80": null, "conc_B_lo95": null, "conc_B_hi95": null, "conc_B_status": "unavailable", "conc_B_status_ru": "концентрация недоступна", "conc_B_reasons": "вне бассейна профиля: black_sea", "conc_B_model": "conc-B-c6bce5631d2b"}}, {"type": "Feature", "geometry": {"type": "Polygon", "coordinates": [[[49.05622295566164, 53.680501968694514], [49.056227093291206, 53.68041213646761], [49.056075781371185, 53.680409679913595], [49.05607991929997, 53.680319847693134], [49.05638667978241, 53.68023492835597], [49.056382542519195, 53.68032476059406], [49.05653385416237, 53.680327216757895], [49.056529717198366, 53.68041704900242], [49.0563784052336, 53.68041459283056], [49.05637426792563, 53.68050442506548], [49.05622295566164, 53.680501968694514]]]}, "properties": {"zone_id": "kuibyshev-2025-05-28-002", "aoi": "kuibyshev", "date": "2025-05-28", "scene_id": "S2B_MSIL2A_20250528T075609_R035_T39UUV_20250528T095708", "scene_datetime_utc": "2025-05-28T07:56:09.024000+00:00", "detection_status": "detected", "detection_status_ru": "обнаружено", "lon": 49.0563, "lat": 53.68037, "n_pixels": 1, "zone_area_km2": 0.0005, "cover_m2": 5.1, "p_mean": 0.682, "p_max": 0.682, "cover_m2_km2": 10200.0, "h3": "88108562bbfffff", "valid_frac_scene": 1.0, "wind_ms": 2.1, "sea": "спокойное", "scene_reliable": true, "field_event_id": "S4:DOORS3:T23", "field_profile": "B", "field_date": "2024-06-10", "field_distance_km": 1377.3, "field_date_gap_days": 352, "field_conc_items_km2": 102.37, "conc_A_items_km2": null, "conc_A_lo80": null, "conc_A_hi80": null, "conc_A_lo95": null, "conc_A_hi95": null, "conc_A_status": "unavailable", "conc_A_status_ru": "концентрация недоступна", "conc_A_reasons": "вне бассейна профиля: nw_atlantic_subtropical", "conc_A_model": "conc-A-c6bce5631d2b", "conc_B_items_km2": null, "conc_B_lo80": null, "conc_B_hi80": null, "conc_B_lo95": null, "conc_B_hi95": null, "conc_B_status": "unavailable", "conc_B_status_ru": "концентрация недоступна", "conc_B_reasons": "вне бассейна профиля: black_sea", "conc_B_model": "conc-B-c6bce5631d2b"}}, {"type": "Feature", "geometry": {"type": "Polygon", "coordinates": [[[49.05774021372185, 53.68043669149878], [49.057744348113076, 53.68034685919012], [49.05759303629096, 53.68034440455484], [49.05760130564953, 53.68016473994882], [49.0579080620323, 53.680079816674834], [49.05790392802974, 53.68016964899623], [49.05805523925338, 53.680172103233346], [49.05804697182438, 53.680351767887444], [49.05774021372185, 53.68043669149878]]]}, "properties": {"zone_id": "kuibyshev-2025-05-28-003", "aoi": "kuibyshev", "date": "2025-05-28", "scene_id": "S2B_MSIL2A_20250528T075609_R035_T39UUV_20250528T095708", "scene_datetime_utc": "2025-05-28T07:56:09.024000+00:00", "detection_status": "detected", "detection_status_ru": "обнаружено", "lon": 49.05782, "lat": 53.68026, "n_pixels": 2, "zone_area_km2": 0.0008, "cover_m2": 7.8, "p_mean": 0.863, "p_max": 0.973, "cover_m2_km2": 9750.0, "h3": "88108562bbfffff", "valid_frac_scene": 1.0, "wind_ms": 2.1, "sea": "спокойное", "scene_reliable": true, "field_event_id": "S4:DOORS3:T23", "field_profile": "B", "field_date": "2024-06-10", "field_distance_km": 1377.3, "field_date_gap_days": 352, "field_conc_items_km2": 102.37, "conc_A_items_km2": null, "conc_A_lo80": null, "conc_A_hi80": null, "conc_A_lo95": null, "conc_A_hi95": null, "conc_A_status": "unavailable", "conc_A_status_ru": "концентрация недоступна", "conc_A_reasons": "вне бассейна профиля: nw_atlantic_subtropical", "conc_A_model": "conc-A-c6bce5631d2b", "conc_B_items_km2": null, "conc_B_lo80": null, "conc_B_hi80": null, "conc_B_lo95": null, "conc_B_hi95": null, "conc_B_status": "unavailable", "conc_B_status_ru": "концентрация недоступна", "conc_B_reasons": "вне бассейна профиля: black_sea", "conc_B_model": "conc-B-c6bce5631d2b"}}, {"type": "Feature", "geometry": {"type": "Polygon", "coordinates": [[[49.05888203790888, 53.6786572210575], [49.05888616960201, 53.67856738866124], [49.058734864055005, 53.67856493552368], [49.05874312801735, 53.67838527074247], [49.05904986915199, 53.678300344385505], [49.05904573784745, 53.67839017679451], [49.059197042796015, 53.678392629533924], [49.05918878076304, 53.67857229436319], [49.05888203790888, 53.6786572210575]]]}, "properties": {"zone_id": "kuibyshev-2025-05-28-004", "aoi": "kuibyshev", "date": "2025-05-28", "scene_id": "S2B_MSIL2A_20250528T075609_R035_T39UUV_20250528T095708", "scene_datetime_utc": "2025-05-28T07:56:09.024000+00:00", "detection_status": "detected", "detection_status_ru": "обнаружено", "lon": 49.05897, "lat": 53.67848, "n_pixels": 2, "zone_area_km2": 0.0008, "cover_m2": 6.3, "p_mean": 0.802, "p_max": 0.91, "cover_m2_km2": 7875.0, "h3": "88108562bbfffff", "valid_frac_scene": 1.0, "wind_ms": 2.1, "sea": "спокойное", "scene_reliable": true, "field_event_id": "S4:DOORS3:T23", "field_profile": "B", "field_date": "2024-06-10", "field_distance_km": 1377.1, "field_date_gap_days": 352, "field_conc_items_km2": 102.37, "conc_A_items_km2": null, "conc_A_lo80": null, "conc_A_hi80": null, "conc_A_lo95": null, "conc_A_hi95": null, "conc_A_status": "unavailable", "conc_A_status_ru": "концентрация недоступна", "conc_A_reasons": "вне бассейна профиля: nw_atlantic_subtropical", "conc_A_model": "conc-A-c6bce5631d2b", "conc_B_items_km2": null, "conc_B_lo80": null, "conc_B_hi80": null, "conc_B_lo95": null, "conc_B_hi95": null, "conc_B_status": "unavailable", "conc_B_status_ru": "концентрация недоступна", "conc_B_reasons": "вне бассейна профиля: black_sea", "conc_B_model": "conc-B-c6bce5631d2b"}}, {"type": "Feature", "geometry": {"type": "Polygon", "coordinates": [[[49.04902531356377, 53.498605627127674], [49.049029439042364, 53.4985157925376], [49.04887877613837, 53.498513332582675], [49.04888290191284, 53.498423497999056], [49.04903356449873, 53.49842595794597], [49.04903768993287, 53.49833612335275], [49.04918835222289, 53.49833858310184], [49.049192477316716, 53.49824874849902], [49.04964446336586, 53.4982561265834], [49.049640339226315, 53.49834596121026], [49.04979100160523, 53.498348420200124], [49.04978687776155, 53.49843825483341], [49.04948142788767, 53.49852317126355], [49.04947730336337, 53.498613005877665], [49.04902531356377, 53.498605627127674]]]}, "properties": {"zone_id": "kuibyshev-2025-05-28-005", "aoi": "kuibyshev", "date": "2025-05-28", "scene_id": "S2B_MSIL2A_20250528T075609_R035_T39UUV_20250528T095708", "scene_datetime_utc": "2025-05-28T07:56:09.024000+00:00", "detection_status": "detected", "detection_status_ru": "обнаружено", "lon": 49.04933, "lat": 53.49843, "n_pixels": 6, "zone_area_km2": 0.0016, "cover_m2": 30.6, "p_mean": 0.984, "p_max": 1.0, "cover_m2_km2": 19125.0, "h3": "8810856a33fffff", "valid_frac_scene": 1.0, "wind_ms": 2.1, "sea": "спокойное", "scene_reliable": true, "field_event_id": "S4:DOORS3:T23", "field_profile": "B", "field_date": "2024-06-10", "field_distance_km": 1359.0, "field_date_gap_days": 352, "field_conc_items_km2": 102.37, "conc_A_items_km2": null, "conc_A_lo80": null, "conc_A_hi80": null, "conc_A_lo95": null, "conc_A_hi95": null, "conc_A_status": "unavailable", "conc_A_status_ru": "концентрация недоступна", "conc_A_reasons": "вне бассейна профиля: nw_atlantic_subtropical", "conc_A_model": "conc-A-c6bce5631d2b", "conc_B_items_km2": null, "conc_B_lo80": null, "conc_B_hi80": null, "conc_B_lo95": null, "conc_B_hi95": null, "conc_B_status": "unavailable", "conc_B_status_ru": "концентрация недоступна", "conc_B_reasons": "вне бассейна профиля: black_sea", "conc_B_model": "conc-B-c6bce5631d2b"}}, {"type": "Feature", "geometry": {"type": "Polygon", "coordinates": [[[49.05328505752046, 53.49777608081267], [49.053289173870525, 53.49768624598261], [49.05313851352574, 53.497683791422396], [49.053142630171706, 53.49759395659877], [49.05344806623492, 53.497509030672155], [49.05344395024729, 53.497598865513375], [49.05359461031835, 53.497601319685955], [49.053590494626626, 53.4976911545336], [49.05343983423749, 53.497688700353], [49.053435718205506, 53.49777853519107], [49.05328505752046, 53.49777608081267]]]}, "properties": {"zone_id": "kuibyshev-2025-05-28-006", "aoi": "kuibyshev", "date": "2025-05-28", "scene_id": "S2B_MSIL2A_20250528T075609_R035_T39UUV_20250528T095708", "scene_datetime_utc": "2025-05-28T07:56:09.024000+00:00", "detection_status": "detected", "detection_status_ru": "обнаружено", "lon": 49.05337, "lat": 53.49764, "n_pixels": 1, "zone_area_km2": 0.0005, "cover_m2": 4.7, "p_mean": 0.729, "p_max": 0.729, "cover_m2_km2": 9400.0, "h3": "8810856ae5fffff", "valid_frac_scene": 1.0, "wind_ms": 2.1, "sea": "спокойное", "scene_reliable": true, "field_event_id": "S4:DOORS3:T23", "field_profile": "B", "field_date": "2024-06-10", "field_distance_km": 1359.1, "field_date_gap_days": 352, "field_conc_items_km2": 102.37, "conc_A_items_km2": null, "conc_A_lo80": null, "conc_A_hi80": null, "conc_A_lo95": null, "conc_A_hi95": null, "conc_A_status": "unavailable", "conc_A_status_ru": "концентрация недоступна", "conc_A_reasons": "вне бассейна профиля: nw_atlantic_subtropical", "conc_A_model": "conc-A-c6bce5631d2b", "conc_B_items_km2": null, "conc_B_lo80": null, "conc_B_hi80": null, "conc_B_lo95": null, "conc_B_hi95": null, "conc_B_status": "unavailable", "conc_B_status_ru": "концентрация недоступна", "conc_B_reasons": "вне бассейна профиля: black_sea", "conc_B_model": "conc-B-c6bce5631d2b"}}, {"type": "Feature", "geometry": {"type": "Polygon", "coordinates": [[[49.054852273670775, 53.489890233812254], [49.054856385526364, 53.48980039877941], [49.05470575298893, 53.489797946441016], [49.0547098651403, 53.4897081114146], [49.05455923294295, 53.489705658894444], [49.0545633453901, 53.48961582387443], [49.054266194758576, 53.489521083275235], [49.05427442081382, 53.4893414132593], [49.054579794957185, 53.4892564837786], [49.054575682598646, 53.48934631880492], [49.05487694447208, 53.48935122359154], [49.054872832727234, 53.48944105863226], [49.05502346401509, 53.48944351074895], [49.05501935256603, 53.4895333457961], [49.0553165050087, 53.48962808453771], [49.0553123941512, 53.48971791959769], [49.05516176186526, 53.48971546783654], [49.05515765066768, 53.48980530288693], [49.054852273670775, 53.489890233812254]]]}, "properties": {"zone_id": "kuibyshev-2025-05-28-007", "aoi": "kuibyshev", "date": "2025-05-28", "scene_id": "S2B_MSIL2A_20250528T075609_R035_T39UUV_20250528T095708", "scene_datetime_utc": "2025-05-28T07:56:09.024000+00:00", "detection_status": "detected", "detection_status_ru": "обнаружено", "lon": 49.05479, "lat": 53.48957, "n_pixels": 10, "zone_area_km2": 0.0024, "cover_m2": 85.5, "p_mean": 0.962, "p_max": 1.0, "cover_m2_km2": 35625.0, "h3": "8810856859fffff", "valid_frac_scene": 1.0, "wind_ms": 2.1, "sea": "спокойное", "scene_reliable": true, "field_event_id": "S4:DOORS3:T23", "field_profile": "B", "field_date": "2024-06-10", "field_distance_km": 1358.3, "field_date_gap_days": 352, "field_conc_items_km2": 102.37, "conc_A_items_km2": null, "conc_A_lo80": null, "conc_A_hi80": null, "conc_A_lo95": null, "conc_A_hi95": null, "conc_A_status": "unavailable", "conc_A_status_ru": "концентрация недоступна", "conc_A_reasons": "вне бассейна профиля: nw_atlantic_subtropical", "conc_A_model": "conc-A-c6bce5631d2b", "conc_B_items_km2": null, "conc_B_lo80": null, "conc_B_hi80": null, "conc_B_lo95": null, "conc_B_hi95": null, "conc_B_status": "unavailable", "conc_B_status_ru": "концентрация недоступна", "conc_B_reasons": "вне бассейна профиля: black_sea", "conc_B_model": "conc-B-c6bce5631d2b"}}, {"type": "Feature", "geometry": {"type": "Polygon", "coordinates": [[[49.05833325349376, 53.48958724453159], [49.05833735794839, 53.489497409308825], [49.05818672617368, 53.48949496136667], [49.058190830924126, 53.48940512615029], [49.0583414623809, 53.48940757408447], [49.05834556679131, 53.48931773885854], [49.058948091567814, 53.489327528665804], [49.0589521946844, 53.489237693406416], [49.05910282561587, 53.48924014037587], [49.0590987228172, 53.489329975643244], [49.059550616697955, 53.489337315437055], [49.05954651483097, 53.48942715072678], [49.05969714648668, 53.48942959695319], [49.05969304491553, 53.4895194322493], [49.059542412941894, 53.48951698601493], [49.05953831103072, 53.4896068213015], [49.05923704651387, 53.48960192824754], [49.0592411490609, 53.48951209297691], [49.05909051715356, 53.48950964617329], [49.059086414288586, 53.48959948143593], [49.05893578208541, 53.489597034434574], [49.058939885268316, 53.48950719917989], [49.05878925340517, 53.489504751996755], [49.05878514990434, 53.48959458724345], [49.05833325349376, 53.48958724453159]]]}, "properties": {"zone_id": "kuibyshev-2025-05-28-008", "aoi": "kuibyshev", "date": "2025-05-28", "scene_id": "S2B_MSIL2A_20250528T075609_R035_T39UUV_20250528T095708", "scene_datetime_utc": "2025-05-28T07:56:09.024000+00:00", "detection_status": "detected", "detection_status_ru": "обнаружено", "lon": 49.05893, "lat": 53.48945, "n_pixels": 7, "zone_area_km2": 0.0025, "cover_m2": 33.7, "p_mean": 0.768, "p_max": 0.957, "cover_m2_km2": 13480.0, "h3": "8810856859fffff", "valid_frac_scene": 1.0, "wind_ms": 2.1, "sea": "спокойное", "scene_reliable": true, "field_event_id": "S4:DOORS3:T23", "field_profile": "B", "field_date": "2024-06-10", "field_distance_km": 1358.4, "field_date_gap_days": 352, "field_conc_items_km2": 102.37, "conc_A_items_km2": null, "conc_A_lo80": null, "conc_A_hi80": null, "conc_A_lo95": null, "conc_A_hi95": null, "conc_A_status": "unavailable", "conc_A_status_ru": "концентрация недоступна", "conc_A_reasons": "вне бассейна профиля: nw_atlantic_subtropical", "conc_A_model": "conc-A-c6bce5631d2b", "conc_B_items_km2": null, "conc_B_lo80": null, "conc_B_hi80": null, "conc_B_lo95": null, "conc_B_hi95": null, "conc_B_status": "unavailable", "conc_B_status_ru": "концентрация недоступна", "conc_B_reasons": "вне бассейна профиля: black_sea", "conc_B_model": "conc-B-c6bce5631d2b"}}, {"type": "Feature", "geometry": {"type": "Polygon", "coordinates": [[[49.061195267452916, 53.48963371953089], [49.06119936586682, 53.48954388415667], [49.061048733672315, 53.489541439819824], [49.06105283238209, 53.48945160445201], [49.06120346425866, 53.489454048780885], [49.061207562628425, 53.48936421340351], [49.061358194209134, 53.48936665753468], [49.06136229223889, 53.48927682214777], [49.061663554830695, 53.48928170982491], [49.061659457436804, 53.489371545227755], [49.06181008908374, 53.48937398878967], [49.06181418615971, 53.48928415337887], [49.06226608027915, 53.4892914829022], [49.062270176379265, 53.48920164746595], [49.06257143860003, 53.489206532850154], [49.06256734313578, 53.48929636830234], [49.06271797459719, 53.48929881071778], [49.06272206974351, 53.48920897525763], [49.06287270090905, 53.48921141747536], [49.06287679571539, 53.48912158200569], [49.06317805747678, 53.489126465855975], [49.063190339855915, 53.48885695938975], [49.06334096981592, 53.48885940100641], [49.063345063580265, 53.48876956550657], [49.06364632293059, 53.48877444815469], [49.06364222980208, 53.48886428367046], [49.06379285982823, 53.48886672471786], [49.0637887669956, 53.48895656023999], [49.06363813665153, 53.48895411918464], [49.06363404347892, 53.48904395469724], [49.06348341283896, 53.48904151344417], [49.06347522579175, 53.489221184448745], [49.063625857067564, 53.48922362571772], [49.063621763828806, 53.4893134612256], [49.06347113223507, 53.48931101994867], [49.06346703865634, 53.48940085544701], [49.063165774899154, 53.489395972308], [49.0631616806625, 53.48948580778886], [49.062563247649464, 53.48938620375293], [49.062559152141084, 53.48947603920196], [49.06210725598166, 53.48946871076938], [49.062103159497426, 53.489558546192946], [49.061195267452916, 53.48963371953089]]]}, "properties": {"zone_id": "kuibyshev-2025-05-28-009", "aoi": "kuibyshev", "date": "2025-05-28", "scene_id": "S2B_MSIL2A_20250528T075609_R035_T39UUV_20250528T095708", "scene_datetime_utc": "2025-05-28T07:56:09.024000+00:00", "detection_status": "detected", "detection_status_ru": "обнаружено", "lon": 49.06251, "lat": 53.4893, "n_pixels": 18, "zone_area_km2": 0.0057, "cover_m2": 136.9, "p_mean": 0.927, "p_max": 1.0, "cover_m2_km2": 24017.5, "h3": "8810856859fffff", "valid_frac_scene": 1.0, "wind_ms": 2.1, "sea": "спокойное", "scene_reliable": true, "field_event_id": "S4:DOORS3:T23", "field_profile": "B", "field_date": "2024-06-10", "field_distance_km": 1358.5, "field_date_gap_days": 352, "field_conc_items_km2": 102.37, "conc_A_items_km2": null, "conc_A_lo80": null, "conc_A_hi80": null, "conc_A_lo95": null, "conc_A_hi95": null, "conc_A_status": "unavailable", "conc_A_status_ru": "концентрация недоступна", "conc_A_reasons": "вне бассейна профиля: nw_atlantic_subtropical", "conc_A_model": "conc-A-c6bce5631d2b", "conc_B_items_km2": null, "conc_B_lo80": null, "conc_B_hi80": null, "conc_B_lo95": null, "conc_B_hi95": null, "conc_B_status": "unavailable", "conc_B_status_ru": "концентрация недоступна", "conc_B_reasons": "вне бассейна профиля: black_sea", "conc_B_model": "conc-B-c6bce5631d2b"}}, {"type": "Feature", "geometry": {"type": "Polygon", "coordinates": [[[49.05337063599114, 53.48932669206844], [49.05337475089307, 53.48923685710606], [49.05307760561426, 53.4891421135925], [49.053081721107695, 53.489052278642966], [49.05338709546585, 53.48896735220951], [49.05339121027911, 53.48887751724083], [49.0536883544414, 53.48897225996814], [49.05368424024181, 53.489062094951244], [49.0539896135056, 53.48897716696781], [49.053985499941845, 53.489067001966895], [49.0541361298251, 53.4890694551901], [49.05412790326695, 53.489249125199514], [49.05397727274785, 53.48924667196032], [49.053973159117625, 53.48933650695467], [49.05382252830276, 53.48933405351774], [49.05382664225092, 53.489244218531375], [49.053525381323524, 53.48923931110426], [49.05352126673952, 53.48932914607461], [49.05337063599114, 53.48932669206844]]]}, "properties": {"zone_id": "kuibyshev-2025-05-28-010", "aoi": "kuibyshev", "date": "2025-05-28", "scene_id": "S2B_MSIL2A_20250528T075609_R035_T39UUV_20250528T095708", "scene_datetime_utc": "2025-05-28T07:56:09.024000+00:00", "detection_status": "detected", "detection_status_ru": "обнаружено", "lon": 49.05358, "lat": 53.48912, "n_pixels": 7, "zone_area_km2": 0.002, "cover_m2": 40.0, "p_mean": 0.877, "p_max": 1.0, "cover_m2_km2": 20000.0, "h3": "8810856859fffff", "valid_frac_scene": 1.0, "wind_ms": 2.1, "sea": "спокойное", "scene_reliable": true, "field_event_id": "S4:DOORS3:T23", "field_profile": "B", "field_date": "2024-06-10", "field_distance_km": 1358.2, "field_date_gap_days": 352, "field_conc_items_km2": 102.37, "conc_A_items_km2": null, "conc_A_lo80": null, "conc_A_hi80": null, "conc_A_lo95": null, "conc_A_hi95": null, "conc_A_status": "unavailable", "conc_A_status_ru": "концентрация недоступна", "conc_A_reasons": "вне бассейна профиля: nw_atlantic_subtropical", "conc_A_model": "conc-A-c6bce5631d2b", "conc_B_items_km2": null, "conc_B_lo80": null, "conc_B_hi80": null, "conc_B_lo95": null, "conc_B_hi95": null, "conc_B_status": "unavailable", "conc_B_status_ru": "концентрация недоступна", "conc_B_reasons": "вне бассейна профиля: black_sea", "conc_B_model": "conc-B-c6bce5631d2b"}}, {"type": "Feature", "geometry": {"type": "Polygon", "coordinates": [[[49.064232474336265, 53.489143553354815], [49.06423656625921, 53.48905371781196], [49.064085935531075, 53.48905127731791], [49.064090027749906, 53.48896144178144], [49.06424065816012, 53.48896388226755], [49.064248841895804, 53.488784211173986], [49.06455419270961, 53.488699255980094], [49.06455828388651, 53.48860942041347], [49.06486363283688, 53.48852446440972], [49.06486772333388, 53.48843462882405], [49.065164890720524, 53.488529343215184], [49.065160800837326, 53.488619178815185], [49.06501017156657, 53.48861673949937], [49.06499381054179, 53.48897608185181], [49.06484318002138, 53.48897364231446], [49.06483908939217, 53.48906347789068], [49.06453782778161, 53.48905859823083], [49.064533736494525, 53.48914843378957], [49.064232474336265, 53.489143553354815]]]}, "properties": {"zone_id": "kuibyshev-2025-05-28-011", "aoi": "kuibyshev", "date": "2025-05-28", "scene_id": "S2B_MSIL2A_20250528T075609_R035_T39UUV_20250528T095708", "scene_datetime_utc": "2025-05-28T07:56:09.024000+00:00", "detection_status": "detected", "detection_status_ru": "обнаружено", "lon": 49.06462, "lat": 53.48885, "n_pixels": 11, "zone_area_km2": 0.0028, "cover_m2": 118.8, "p_mean": 0.88, "p_max": 1.0, "cover_m2_km2": 42428.6, "h3": "8810856851fffff", "valid_frac_scene": 1.0, "wind_ms": 2.1, "sea": "спокойное", "scene_reliable": true, "field_event_id": "S4:DOORS3:T23", "field_profile": "B", "field_date": "2024-06-10", "field_distance_km": 1358.5, "field_date_gap_days": 352, "field_conc_items_km2": 102.37, "conc_A_items_km2": null, "conc_A_lo80": null, "conc_A_hi80": null, "conc_A_lo95": null, "conc_A_hi95": null, "conc_A_status": "unavailable", "conc_A_status_ru": "концентрация недоступна", "conc_A_reasons": "вне бассейна профиля: nw_atlantic_subtropical", "conc_A_model": "conc-A-c6bce5631d2b", "conc_B_items_km2": null, "conc_B_lo80": null, "conc_B_hi80": null, "conc_B_lo95": null, "conc_B_hi95": null, "conc_B_status": "unavailable", "conc_B_status_ru": "концентрация недоступна", "conc_B_reasons": "вне бассейна профиля: black_sea", "conc_B_model": "conc-B-c6bce5631d2b"}}, {"type": "Feature", "geometry": {"type": "Polygon", "coordinates": [[[49.0666670947563, 53.488643561537096], [49.066671181460315, 53.48855372585765], [49.06652055228724, 53.488551288447276], [49.06652463928716, 53.488461452774196], [49.06667526814231, 53.488463890176625], [49.0666793548023, 53.48837405449404], [49.06713124054608, 53.48838136553905], [49.06713532623031, 53.48829152983104], [49.067436582867046, 53.48829640289643], [49.06743249781865, 53.488386238620315], [49.06758312648794, 53.488388674876326], [49.06757904173545, 53.48847851060657], [49.06727369837271, 53.488563473601694], [49.06726961294038, 53.488653309312895], [49.0666670947563, 53.488643561537096]]]}, "properties": {"zone_id": "kuibyshev-2025-05-28-012", "aoi": "kuibyshev", "date": "2025-05-28", "scene_id": "S2B_MSIL2A_20250528T075609_R035_T39UUV_20250528T095708", "scene_datetime_utc": "2025-05-28T07:56:09.024000+00:00", "detection_status": "detected", "detection_status_ru": "обнаружено", "lon": 49.06708, "lat": 53.48849, "n_pixels": 6, "zone_area_km2": 0.0018, "cover_m2": 34.5, "p_mean": 0.917, "p_max": 0.984, "cover_m2_km2": 19166.7, "h3": "8810856851fffff", "valid_frac_scene": 1.0, "wind_ms": 2.1, "sea": "спокойное", "scene_reliable": true, "field_event_id": "S4:DOORS3:T23", "field_profile": "B", "field_date": "2024-06-10", "field_distance_km": 1358.6, "field_date_gap_days": 352, "field_conc_items_km2": 102.37, "conc_A_items_km2": null, "conc_A_lo80": null, "conc_A_hi80": null, "conc_A_lo95": null, "conc_A_hi95": null, "conc_A_status": "unavailable", "conc_A_status_ru": "концентрация недоступна", "conc_A_reasons": "вне бассейна профиля: nw_atlantic_subtropical", "conc_A_model": "conc-A-c6bce5631d2b", "conc_B_items_km2": null, "conc_B_lo80": null, "conc_B_hi80": null, "conc_B_lo95": null, "conc_B_hi95": null, "conc_B_status": "unavailable", "conc_B_status_ru": "концентрация недоступна", "conc_B_reasons": "вне бассейна профиля: black_sea", "conc_B_model": "conc-B-c6bce5631d2b"}}, {"type": "Feature", "geometry": {"type": "Polygon", "coordinates": [[[49.257657000803455, 53.48852458978793], [49.25766068390552, 53.48843474448925], [49.25751003902724, 53.48843254778136], [49.25751372242751, 53.48834270248829], [49.25766436698774, 53.48834489918901], [49.257668050050114, 53.48825505388726], [49.257818694312135, 53.48825725039102], [49.257822377036625, 53.48816740508056], [49.25812366498408, 53.488171797504364], [49.25811998289569, 53.48826164282914], [49.25827062721723, 53.488263838763494], [49.25826326361703, 53.48844352942274], [49.258112618659396, 53.48844133347406], [49.25810893651149, 53.48853117879422], [49.257657000803455, 53.48852458978793]]]}, "properties": {"zone_id": "kuibyshev-2025-05-28-013", "aoi": "kuibyshev", "date": "2025-05-28", "scene_id": "S2B_MSIL2A_20250528T075609_R035_T39UUV_20250528T095708", "scene_datetime_utc": "2025-05-28T07:56:09.024000+00:00", "detection_status": "detected", "detection_status_ru": "обнаружено", "lon": 49.25792, "lat": 53.48836, "n_pixels": 5, "zone_area_km2": 0.0014, "cover_m2": 24.3, "p_mean": 0.978, "p_max": 0.996, "cover_m2_km2": 17357.1, "h3": "8810856d2dfffff", "valid_frac_scene": 1.0, "wind_ms": 2.1, "sea": "спокойное", "scene_reliable": true, "field_event_id": "S4:DOORS3:T23", "field_profile": "B", "field_date": "2024-06-10", "field_distance_km": 1364.4, "field_date_gap_days": 352, "field_conc_items_km2": 102.37, "conc_A_items_km2": null, "conc_A_lo80": null, "conc_A_hi80": null, "conc_A_lo95": null, "conc_A_hi95": null, "conc_A_status": "unavailable", "conc_A_status_ru": "концентрация недоступна", "conc_A_reasons": "вне бассейна профиля: nw_atlantic_subtropical", "conc_A_model": "conc-A-c6bce5631d2b", "conc_B_items_km2": null, "conc_B_lo80": null, "conc_B_hi80": null, "conc_B_lo95": null, "conc_B_hi95": null, "conc_B_status": "unavailable", "conc_B_status_ru": "концентрация недоступна", "conc_B_reasons": "вне бассейна профиля: black_sea", "conc_B_model": "conc-B-c6bce5631d2b"}}, {"type": "Feature", "geometry": {"type": "Polygon", "coordinates": [[[49.065474327120924, 53.48835455002516], [49.065478416302206, 53.488264714404544], [49.065327788259054, 53.48826227550001], [49.06533596719135, 53.488082604269955], [49.06548659459868, 53.488085043158584], [49.06549068371388, 53.487995207533245], [49.065791937958814, 53.48800008472537], [49.06578784947943, 53.4880899203666], [49.06593847695284, 53.488092358685996], [49.06593030056383, 53.48827202997963], [49.06577967245459, 53.488269591644354], [49.065775583909144, 53.48835942728086], [49.065474327120924, 53.48835455002516]]]}, "properties": {"zone_id": "kuibyshev-2025-05-28-014", "aoi": "kuibyshev", "date": "2025-05-28", "scene_id": "S2B_MSIL2A_20250528T075609_R035_T39UUV_20250528T095708", "scene_datetime_utc": "2025-05-28T07:56:09.024000+00:00", "detection_status": "detected", "detection_status_ru": "обнаружено", "lon": 49.06563, "lat": 53.48818, "n_pixels": 4, "zone_area_km2": 0.0012, "cover_m2": 27.5, "p_mean": 0.901, "p_max": 0.996, "cover_m2_km2": 22916.7, "h3": "8810856851fffff", "valid_frac_scene": 1.0, "wind_ms": 2.1, "sea": "спокойное", "scene_reliable": true, "field_event_id": "S4:DOORS3:T23", "field_profile": "B", "field_date": "2024-06-10", "field_distance_km": 1358.5, "field_date_gap_days": 352, "field_conc_items_km2": 102.37, "conc_A_items_km2": null, "conc_A_lo80": null, "conc_A_hi80": null, "conc_A_lo95": null, "conc_A_hi95": null, "conc_A_status": "unavailable", "conc_A_status_ru": "концентрация недоступна", "conc_A_reasons": "вне бассейна профиля: nw_atlantic_subtropical", "conc_A_model": "conc-A-c6bce5631d2b", "conc_B_items_km2": null, "conc_B_lo80": null, "conc_B_hi80": null, "conc_B_lo95": null, "conc_B_hi95": null, "conc_B_status": "unavailable", "conc_B_status_ru": "концентрация недоступна", "conc_B_reasons": "вне бассейна профиля: black_sea", "conc_B_model": "conc-B-c6bce5631d2b"}}, {"type": "Feature", "geometry": {"type": "Polygon", "coordinates": [[[49.05793883098764, 53.48832220718469], [49.05794293608646, 53.48823237196377], [49.057645787306036, 53.48813763976809], [49.05764989299644, 53.48804780455996], [49.05780051959605, 53.48805025313347], [49.057804624946435, 53.487960417915794], [49.05810587757619, 53.487965314477606], [49.0581017728616, 53.488055149711215], [49.05825239952755, 53.48805759771548], [49.05824419066785, 53.488237268193956], [49.05793883098764, 53.48832220718469]]]}, "properties": {"zone_id": "kuibyshev-2025-05-28-015", "aoi": "kuibyshev", "date": "2025-05-28", "scene_id": "S2B_MSIL2A_20250528T075609_R035_T39UUV_20250528T095708", "scene_datetime_utc": "2025-05-28T07:56:09.024000+00:00", "detection_status": "detected", "detection_status_ru": "обнаружено", "lon": 49.05797, "lat": 53.48813, "n_pixels": 3, "zone_area_km2": 0.001, "cover_m2": 16.5, "p_mean": 0.852, "p_max": 0.937, "cover_m2_km2": 16500.0, "h3": "8810856859fffff", "valid_frac_scene": 1.0, "wind_ms": 2.1, "sea": "спокойное", "scene_reliable": true, "field_event_id": "S4:DOORS3:T23", "field_profile": "B", "field_date": "2024-06-10", "field_distance_km": 1358.2, "field_date_gap_days": 352, "field_conc_items_km2": 102.37, "conc_A_items_km2": null, "conc_A_lo80": null, "conc_A_hi80": null, "conc_A_lo95": null, "conc_A_hi95": null, "conc_A_status": "unavailable", "conc_A_status_ru": "концентрация недоступна", "conc_A_reasons": "вне бассейна профиля: nw_atlantic_subtropical", "conc_A_model": "conc-A-c6bce5631d2b", "conc_B_items_km2": null, "conc_B_lo80": null, "conc_B_hi80": null, "conc_B_lo95": null, "conc_B_hi95": null, "conc_B_status": "unavailable", "conc_B_status_ru": "концентрация недоступна", "conc_B_reasons": "вне бассейна профиля: black_sea", "conc_B_model": "conc-B-c6bce5631d2b"}}, {"type": "Feature", "geometry": {"type": "Polygon", "coordinates": [[[49.08402203314712, 53.48820390625114], [49.084026083114864, 53.48811406964985], [49.08387545396485, 53.488111654123884], [49.08387950422869, 53.48802181752888], [49.084030133060786, 53.488024233046986], [49.084034182984894, 53.48793439644256], [49.08433544007868, 53.487939226893786], [49.08433139079042, 53.48802906351395], [49.084482019687954, 53.488031478462815], [49.0844779706958, 53.48812131508928], [49.08432734148034, 53.48811890013255], [49.084323292148454, 53.48820873674958], [49.08402203314712, 53.48820390625114]]]}, "properties": {"zone_id": "kuibyshev-2025-05-28-016", "aoi": "kuibyshev", "date": "2025-05-28", "scene_id": "S2B_MSIL2A_20250528T075609_R035_T39UUV_20250528T095708", "scene_datetime_utc": "2025-05-28T07:56:09.024000+00:00", "detection_status": "detected", "detection_status_ru": "обнаружено", "lon": 49.08418, "lat": 53.48807, "n_pixels": 2, "zone_area_km2": 0.0008, "cover_m2": 7.8, "p_mean": 0.657, "p_max": 0.796, "cover_m2_km2": 9750.0, "h3": "8810856853fffff", "valid_frac_scene": 1.0, "wind_ms": 2.1, "sea": "спокойное", "scene_reliable": true, "field_event_id": "S4:DOORS3:T23", "field_profile": "B", "field_date": "2024-06-10", "field_distance_km": 1359.0, "field_date_gap_days": 352, "field_conc_items_km2": 102.37, "conc_A_items_km2": null, "conc_A_lo80": null, "conc_A_hi80": null, "conc_A_lo95": null, "conc_A_hi95": null, "conc_A_status": "unavailable", "conc_A_status_ru": "концентрация недоступна", "conc_A_reasons": "вне бассейна профиля: nw_atlantic_subtropical", "conc_A_model": "conc-A-c6bce5631d2b", "conc_B_items_km2": null, "conc_B_lo80": null, "conc_B_hi80": null, "conc_B_lo95": null, "conc_B_hi95": null, "conc_B_status": "unavailable", "conc_B_status_ru": "концентрация недоступна", "conc_B_reasons": "вне бассейна профиля: black_sea", "conc_B_model": "conc-B-c6bce5631d2b"}}, {"type": "Feature", "geometry": {"type": "Polygon", "coordinates": [[[49.06894694921801, 53.48823092103377], [49.068951031043284, 53.48814108522739], [49.06865385767735, 53.48804638019658], [49.068657940094454, 53.48795654440291], [49.06880856735016, 53.487958979101286], [49.06881264942738, 53.48786914329812], [49.06941515739844, 53.487878880162405], [49.06941107659286, 53.487968715997305], [49.06956170395849, 53.48797114974695], [49.06955762344884, 53.4880609855882], [49.069252286936276, 53.48814595370713], [49.06924820574683, 53.48823578952938], [49.06894694921801, 53.48823092103377]]]}, "properties": {"zone_id": "kuibyshev-2025-05-28-017", "aoi": "kuibyshev", "date": "2025-05-28", "scene_id": "S2B_MSIL2A_20250528T075609_R035_T39UUV_20250528T095708", "scene_datetime_utc": "2025-05-28T07:56:09.024000+00:00", "detection_status": "detected", "detection_status_ru": "обнаружено", "lon": 49.06911, "lat": 53.48804, "n_pixels": 6, "zone_area_km2": 0.0016, "cover_m2": 42.0, "p_mean": 0.896, "p_max": 0.996, "cover_m2_km2": 26250.0, "h3": "8810856851fffff", "valid_frac_scene": 1.0, "wind_ms": 2.1, "sea": "спокойное", "scene_reliable": true, "field_event_id": "S4:DOORS3:T23", "field_profile": "B", "field_date": "2024-06-10", "field_distance_km": 1358.6, "field_date_gap_days": 352, "field_conc_items_km2": 102.37, "conc_A_items_km2": null, "conc_A_lo80": null, "conc_A_hi80": null, "conc_A_lo95": null, "conc_A_hi95": null, "conc_A_status": "unavailable", "conc_A_status_ru": "концентрация недоступна", "conc_A_reasons": "вне бассейна профиля: nw_atlantic_subtropical", "conc_A_model": "conc-A-c6bce5631d2b", "conc_B_items_km2": null, "conc_B_lo80": null, "conc_B_hi80": null, "conc_B_lo95": null, "conc_B_hi95": null, "conc_B_status": "unavailable", "conc_B_status_ru": "концентрация недоступна", "conc_B_reasons": "вне бассейна профиля: black_sea", "conc_B_model": "conc-B-c6bce5631d2b"}}, {"type": "Feature", "geometry": {"type": "Polygon", "coordinates": [[[49.06367088123862, 53.488235435027086], [49.063674974212795, 53.48814559950029], [49.06337781290121, 53.4880508814511], [49.0633819064671, 53.48796104593707], [49.06353253327002, 53.48796348728441], [49.06353662649595, 53.48787365176086], [49.064139132656514, 53.48788341522099], [49.06414322458879, 53.48779357966405], [49.06429385086614, 53.48779602004677], [49.064289759251764, 53.487885855611665], [49.064440385869055, 53.487888295812596], [49.064436294550546, 53.48797813138387], [49.064586921507775, 53.48798057140301], [49.064582830485136, 53.488070406980654], [49.064432203209996, 53.48806796695357], [49.06442811184741, 53.48815780252169], [49.063825601695626, 53.48814804048407], [49.06382150903937, 53.48823787601881], [49.06367088123862, 53.488235435027086]]]}, "properties": {"zone_id": "kuibyshev-2025-05-28-018", "aoi": "kuibyshev", "date": "2025-05-28", "scene_id": "S2B_MSIL2A_20250528T075609_R035_T39UUV_20250528T095708", "scene_datetime_utc": "2025-05-28T07:56:09.024000+00:00", "detection_status": "detected", "detection_status_ru": "обнаружено", "lon": 49.06398, "lat": 53.48802, "n_pixels": 8, "zone_area_km2": 0.0022, "cover_m2": 63.5, "p_mean": 0.995, "p_max": 1.0, "cover_m2_km2": 28863.6, "h3": "8810856851fffff", "valid_frac_scene": 1.0, "wind_ms": 2.1, "sea": "спокойное", "scene_reliable": true, "field_event_id": "S4:DOORS3:T23", "field_profile": "B", "field_date": "2024-06-10", "field_distance_km": 1358.4, "field_date_gap_days": 352, "field_conc_items_km2": 102.37, "conc_A_items_km2": null, "conc_A_lo80": null, "conc_A_hi80": null, "conc_A_lo95": null, "conc_A_hi95": null, "conc_A_status": "unavailable", "conc_A_status_ru": "концентрация недоступна", "conc_A_reasons": "вне бассейна профиля: nw_atlantic_subtropical", "conc_A_model": "conc-A-c6bce5631d2b", "conc_B_items_km2": null, "conc_B_lo80": null, "conc_B_hi80": null, "conc_B_lo95": null, "conc_B_hi95": null, "conc_B_status": "unavailable", "conc_B_status_ru": "концентрация недоступна", "conc_B_reasons": "вне бассейна профиля: black_sea", "conc_B_model": "conc-B-c6bce5631d2b"}}, {"type": "Feature", "geometry": {"type": "Polygon", "coordinates": [[[49.049809095867914, 53.488099886858784], [49.04981321811125, 53.488010052068], [49.04966259236823, 53.488007593430275], [49.04967083742407, 53.487827923859975], [49.049821462531284, 53.4878303824817], [49.049825584708, 53.48774054768616], [49.05013095587202, 53.48765562953123], [49.05013919884289, 53.487475959900245], [49.050289822745164, 53.487478417920705], [49.05029394387941, 53.48738858309485], [49.050444567486004, 53.48739104091756], [49.05044868828018, 53.48730120608211], [49.05090055827948, 53.487308578387825], [49.05089643843896, 53.48739841324729], [49.05104706213433, 53.48740087031107], [49.05104294258951, 53.48749070517697], [49.0507375743824, 53.487575625691996], [49.050733454157424, 53.48766546053872], [49.05058282955277, 53.487663003071454], [49.05057870898771, 53.4877528379086], [49.05042808408737, 53.48775038024359], [49.050423963182226, 53.48784021507116], [49.05012271281235, 53.487835299155904], [49.05011446966388, 53.488014968774245], [49.049809095867914, 53.488099886858784]]]}, "properties": {"zone_id": "kuibyshev-2025-05-28-019", "aoi": "kuibyshev", "date": "2025-05-28", "scene_id": "S2B_MSIL2A_20250528T075609_R035_T39UUV_20250528T095708", "scene_datetime_utc": "2025-05-28T07:56:09.024000+00:00", "detection_status": "detected", "detection_status_ru": "обнаружено", "lon": 49.05038, "lat": 53.48762, "n_pixels": 12, "zone_area_km2": 0.0032, "cover_m2": 62.0, "p_mean": 0.934, "p_max": 1.0, "cover_m2_km2": 19375.0, "h3": "8810856859fffff", "valid_frac_scene": 1.0, "wind_ms": 2.1, "sea": "спокойное", "scene_reliable": true, "field_event_id": "S4:DOORS3:T23", "field_profile": "B", "field_date": "2024-06-10", "field_distance_km": 1358.0, "field_date_gap_days": 352, "field_conc_items_km2": 102.37, "conc_A_items_km2": null, "conc_A_lo80": null, "conc_A_hi80": null, "conc_A_lo95": null, "conc_A_hi95": null, "conc_A_status": "unavailable", "conc_A_status_ru": "концентрация недоступна", "conc_A_reasons": "вне бассейна профиля: nw_atlantic_subtropical", "conc_A_model": "conc-A-c6bce5631d2b", "conc_B_items_km2": null, "conc_B_lo80": null, "conc_B_hi80": null, "conc_B_lo95": null, "conc_B_hi95": null, "conc_B_status": "unavailable", "conc_B_status_ru": "концентрация недоступна", "conc_B_reasons": "вне бассейна профиля: black_sea", "conc_B_model": "conc-B-c6bce5631d2b"}}, {"type": "Feature", "geometry": {"type": "Polygon", "coordinates": [[[49.07125529855625, 53.48718938504294], [49.07125937534928, 53.48709954909875], [49.071108750920985, 53.487097117515546], [49.07111282800994, 53.4870072815777], [49.07126345212035, 53.487009713152986], [49.071267528869456, 53.48691987720565], [49.07141815268393, 53.48692230858327], [49.071422229093194, 53.48683247262644], [49.07171940037875, 53.48692717076931], [49.071715324583316, 53.487017006740416], [49.07156470040704, 53.48701457573434], [49.071560624271754, 53.48710441169596], [49.07125529855625, 53.48718938504294]]]}, "properties": {"zone_id": "kuibyshev-2025-05-28-020", "aoi": "kuibyshev", "date": "2025-05-28", "scene_id": "S2B_MSIL2A_20250528T075609_R035_T39UUV_20250528T095708", "scene_datetime_utc": "2025-05-28T07:56:09.024000+00:00", "detection_status": "detected", "detection_status_ru": "обнаружено", "lon": 49.07141, "lat": 53.48701, "n_pixels": 2, "zone_area_km2": 0.0008, "cover_m2": 5.9, "p_mean": 0.949, "p_max": 0.969, "cover_m2_km2": 7375.0, "h3": "8810856851fffff", "valid_frac_scene": 1.0, "wind_ms": 2.1, "sea": "спокойное", "scene_reliable": true, "field_event_id": "S4:DOORS3:T23", "field_profile": "B", "field_date": "2024-06-10", "field_distance_km": 1358.5, "field_date_gap_days": 352, "field_conc_items_km2": 102.37, "conc_A_items_km2": null, "conc_A_lo80": null, "conc_A_hi80": null, "conc_A_lo95": null, "conc_A_hi95": null, "conc_A_status": "unavailable", "conc_A_status_ru": "концентрация недоступна", "conc_A_reasons": "вне бассейна профиля: nw_atlantic_subtropical", "conc_A_model": "conc-A-c6bce5631d2b", "conc_B_items_km2": null, "conc_B_lo80": null, "conc_B_hi80": null, "conc_B_lo95": null, "conc_B_hi95": null, "conc_B_status": "unavailable", "conc_B_status_ru": "концентрация недоступна", "conc_B_reasons": "вне бассейна профиля: black_sea", "conc_B_model": "conc-B-c6bce5631d2b"}}, {"type": "Feature", "geometry": {"type": "Polygon", "coordinates": [[[49.060003609417706, 53.48601830026658], [49.06000770980943, 53.48592846490102], [49.05985709052959, 53.48592601917519], [49.05986529188252, 53.48574634845527], [49.06001591052664, 53.48574879416517], [49.06002001085211, 53.48565895879487], [49.06032124757088, 53.485663849629525], [49.06031714788113, 53.48575368501576], [49.0604677665915, 53.48575613015647], [49.06045956778147, 53.48593580094012], [49.06030894843538, 53.48593335578348], [49.06030484867937, 53.48602319116498], [49.060003609417706, 53.48601830026658]]]}, "properties": {"zone_id": "kuibyshev-2025-05-28-021", "aoi": "kuibyshev", "date": "2025-05-28", "scene_id": "S2B_MSIL2A_20250528T075609_R035_T39UUV_20250528T095708", "scene_datetime_utc": "2025-05-28T07:56:09.024000+00:00", "detection_status": "detected", "detection_status_ru": "обнаружено", "lon": 49.06016, "lat": 53.48584, "n_pixels": 4, "zone_area_km2": 0.0012, "cover_m2": 17.3, "p_mean": 0.989, "p_max": 0.996, "cover_m2_km2": 14416.7, "h3": "8810856859fffff", "valid_frac_scene": 1.0, "wind_ms": 2.1, "sea": "спокойное", "scene_reliable": true, "field_event_id": "S4:DOORS3:T23", "field_profile": "B", "field_date": "2024-06-10", "field_distance_km": 1358.1, "field_date_gap_days": 352, "field_conc_items_km2": 102.37, "conc_A_items_km2": null, "conc_A_lo80": null, "conc_A_hi80": null, "conc_A_lo95": null, "conc_A_hi95": null, "conc_A_status": "unavailable", "conc_A_status_ru": "концентрация недоступна", "conc_A_reasons": "вне бассейна профиля: nw_atlantic_subtropical", "conc_A_model": "conc-A-c6bce5631d2b", "conc_B_items_km2": null, "conc_B_lo80": null, "conc_B_hi80": null, "conc_B_lo95": null, "conc_B_hi95": null, "conc_B_status": "unavailable", "conc_B_status_ru": "концентрация недоступна", "conc_B_reasons": "вне бассейна профиля: black_sea", "conc_B_model": "conc-B-c6bce5631d2b"}}, {"type": "Feature", "geometry": {"type": "Polygon", "coordinates": [[[49.07931557669055, 53.48561109668292], [49.07931963621945, 53.485521260289815], [49.07916901666947, 53.48551883891279], [49.079173076494364, 53.48542900252599], [49.07932369572647, 53.48543142389512], [49.07932775521163, 53.48534158749886], [49.079628993105715, 53.485346429652154], [49.07962493425629, 53.485436266064184], [49.07977555355399, 53.48543868686412], [49.07977149500057, 53.485528523282476], [49.079620875385, 53.48552610247465], [49.07961681649185, 53.48561593888355], [49.07931557669055, 53.48561109668292]]]}, "properties": {"zone_id": "kuibyshev-2025-05-28-022", "aoi": "kuibyshev", "date": "2025-05-28", "scene_id": "S2B_MSIL2A_20250528T075609_R035_T39UUV_20250528T095708", "scene_datetime_utc": "2025-05-28T07:56:09.024000+00:00", "detection_status": "detected", "detection_status_ru": "обнаружено", "lon": 49.07947, "lat": 53.48548, "n_pixels": 2, "zone_area_km2": 0.0008, "cover_m2": 9.4, "p_mean": 0.814, "p_max": 0.973, "cover_m2_km2": 11750.0, "h3": "8810856853fffff", "valid_frac_scene": 1.0, "wind_ms": 2.1, "sea": "спокойное", "scene_reliable": true, "field_event_id": "S4:DOORS3:T23", "field_profile": "B", "field_date": "2024-06-10", "field_distance_km": 1358.6, "field_date_gap_days": 352, "field_conc_items_km2": 102.37, "conc_A_items_km2": null, "conc_A_lo80": null, "conc_A_hi80": null, "conc_A_lo95": null, "conc_A_hi95": null, "conc_A_status": "unavailable", "conc_A_status_ru": "концентрация недоступна", "conc_A_reasons": "вне бассейна профиля: nw_atlantic_subtropical", "conc_A_model": "conc-A-c6bce5631d2b", "conc_B_items_km2": null, "conc_B_lo80": null, "conc_B_hi80": null, "conc_B_lo95": null, "conc_B_hi95": null, "conc_B_status": "unavailable", "conc_B_status_ru": "концентрация недоступна", "conc_B_reasons": "вне бассейна профиля: black_sea", "conc_B_model": "conc-B-c6bce5631d2b"}}, {"type": "Feature", "geometry": {"type": "MultiPolygon", "coordinates": [[[[49.062751617188916, 53.485253771394376], [49.06290223434523, 53.4852562134517], [49.06291042263079, 53.485076542388036], [49.06261328435701, 53.484981822597234], [49.062609189611614, 53.4850716581155], [49.06245857313512, 53.485069215694644], [49.06245447804981, 53.48515905120339], [49.06230386127751, 53.48515660858486], [49.06229567040503, 53.48533627958169], [49.06259281040946, 53.48543100017286], [49.06259690524308, 53.48534116466089], [49.062747522695204, 53.48534360691588], [49.062751617188916, 53.485253771394376]]], [[[49.062584620676056, 53.48561067119208], [49.06288176324541, 53.48570539108327], [49.06288585750948, 53.48561555556011], [49.063191188037415, 53.485530603628575], [49.06319528162166, 53.48544076808635], [49.06304466378554, 53.48543832639256], [49.06304875766559, 53.48534849085671], [49.062747522695204, 53.48534360691588], [49.06274342817943, 53.48543344243582], [49.06259281040946, 53.48543100017286], [49.062584620676056, 53.48561067119208]]]]}, "properties": {"zone_id": "kuibyshev-2025-05-28-023", "aoi": "kuibyshev", "date": "2025-05-28", "scene_id": "S2B_MSIL2A_20250528T075609_R035_T39UUV_20250528T095708", "scene_datetime_utc": "2025-05-28T07:56:09.024000+00:00", "detection_status": "detected", "detection_status_ru": "обнаружено", "lon": 49.06272, "lat": 53.48534, "n_pixels": 7, "zone_area_km2": 0.0022, "cover_m2": 33.3, "p_mean": 0.858, "p_max": 1.0, "cover_m2_km2": 15136.4, "h3": "8810856851fffff", "valid_frac_scene": 1.0, "wind_ms": 2.1, "sea": "спокойное", "scene_reliable": true, "field_event_id": "S4:DOORS3:T23", "field_profile": "B", "field_date": "2024-06-10", "field_distance_km": 1358.1, "field_date_gap_days": 352, "field_conc_items_km2": 102.37, "conc_A_items_km2": null, "conc_A_lo80": null, "conc_A_hi80": null, "conc_A_lo95": null, "conc_A_hi95": null, "conc_A_status": "unavailable", "conc_A_status_ru": "концентрация недоступна", "conc_A_reasons": "вне бассейна профиля: nw_atlantic_subtropical", "conc_A_model": "conc-A-c6bce5631d2b", "conc_B_items_km2": null, "conc_B_lo80": null, "conc_B_hi80": null, "conc_B_lo95": null, "conc_B_hi95": null, "conc_B_status": "unavailable", "conc_B_status_ru": "концентрация недоступна", "conc_B_reasons": "вне бассейна профиля: black_sea", "conc_B_model": "conc-B-c6bce5631d2b"}}, {"type": "Feature", "geometry": {"type": "Polygon", "coordinates": [[[49.0604841639466, 53.485396788570235], [49.06048826323016, 53.48530695316973], [49.06033764610907, 53.485304508068864], [49.06034174568842, 53.48521467267475], [49.060647078238546, 53.48512972725922], [49.06064297931698, 53.48521956267084], [49.06079359616438, 53.485222007384294], [49.060789497538586, 53.485311842802304], [49.06063888037334, 53.48530939808089], [49.06063478140762, 53.48539923348934], [49.0604841639466, 53.485396788570235]]]}, "properties": {"zone_id": "kuibyshev-2025-05-28-024", "aoi": "kuibyshev", "date": "2025-05-28", "scene_id": "S2B_MSIL2A_20250528T075609_R035_T39UUV_20250528T095708", "scene_datetime_utc": "2025-05-28T07:56:09.024000+00:00", "detection_status": "detected", "detection_status_ru": "обнаружено", "lon": 49.06057, "lat": 53.48526, "n_pixels": 1, "zone_area_km2": 0.0005, "cover_m2": 2.7, "p_mean": 0.702, "p_max": 0.702, "cover_m2_km2": 5400.0, "h3": "8810856851fffff", "valid_frac_scene": 1.0, "wind_ms": 2.1, "sea": "спокойное", "scene_reliable": true, "field_event_id": "S4:DOORS3:T23", "field_profile": "B", "field_date": "2024-06-10", "field_distance_km": 1358.0, "field_date_gap_days": 352, "field_conc_items_km2": 102.37, "conc_A_items_km2": null, "conc_A_lo80": null, "conc_A_hi80": null, "conc_A_lo95": null, "conc_A_hi95": null, "conc_A_status": "unavailable", "conc_A_status_ru": "концентрация недоступна", "conc_A_reasons": "вне бассейна профиля: nw_atlantic_subtropical", "conc_A_model": "conc-A-c6bce5631d2b", "conc_B_items_km2": null, "conc_B_lo80": null, "conc_B_hi80": null, "conc_B_lo95": null, "conc_B_hi95": null, "conc_B_status": "unavailable", "conc_B_status_ru": "концентрация недоступна", "conc_B_reasons": "вне бассейна профиля: black_sea", "conc_B_model": "conc-B-c6bce5631d2b"}}, {"type": "Feature", "geometry": {"type": "Polygon", "coordinates": [[[49.06379775318664, 53.48545053296425], [49.06380184547742, 53.48536069738863], [49.06365122787096, 53.485358256461694], [49.06365532045755, 53.48526842089245], [49.06380593774616, 53.48527086181142], [49.06381002999285, 53.485181026232645], [49.06396064698565, 53.48518346695395], [49.063964738892444, 53.48509363136566], [49.06426597230845, 53.48509851222318], [49.06427006355751, 53.4850086766174], [49.0645672058126, 53.48510339232181], [49.06456311517721, 53.48519322794192], [49.06471373228018, 53.48519566771459], [49.06470964194061, 53.485285503341075], [49.064404316123664, 53.48537045919909], [49.064400225104315, 53.48546029480653], [49.06379775318664, 53.48545053296425]]]}, "properties": {"zone_id": "kuibyshev-2025-05-28-025", "aoi": "kuibyshev", "date": "2025-05-28", "scene_id": "S2B_MSIL2A_20250528T075609_R035_T39UUV_20250528T095708", "scene_datetime_utc": "2025-05-28T07:56:09.024000+00:00", "detection_status": "detected", "detection_status_ru": "обнаружено", "lon": 49.0642, "lat": 53.48526, "n_pixels": 9, "zone_area_km2": 0.0021, "cover_m2": 59.6, "p_mean": 0.973, "p_max": 1.0, "cover_m2_km2": 28381.0, "h3": "8810856851fffff", "valid_frac_scene": 1.0, "wind_ms": 2.1, "sea": "спокойное", "scene_reliable": true, "field_event_id": "S4:DOORS3:T23", "field_profile": "B", "field_date": "2024-06-10", "field_distance_km": 1358.2, "field_date_gap_days": 352, "field_conc_items_km2": 102.37, "conc_A_items_km2": null, "conc_A_lo80": null, "conc_A_hi80": null, "conc_A_lo95": null, "conc_A_hi95": null, "conc_A_status": "unavailable", "conc_A_status_ru": "концентрация недоступна", "conc_A_reasons": "вне бассейна профиля: nw_atlantic_subtropical", "conc_A_model": "conc-A-c6bce5631d2b", "conc_B_items_km2": null, "conc_B_lo80": null, "conc_B_hi80": null, "conc_B_lo95": null, "conc_B_hi95": null, "conc_B_status": "unavailable", "conc_B_status_ru": "концентрация недоступна", "conc_B_reasons": "вне бассейна профиля: black_sea", "conc_B_model": "conc-B-c6bce5631d2b"}}, {"type": "Feature", "geometry": {"type": "Polygon", "coordinates": [[[49.07828966989336, 53.4849652886061], [49.0782937314942, 53.48487545225722], [49.077996559387095, 53.48478077043308], [49.07800062157989, 53.484690934096854], [49.07815123809414, 53.48469335692065], [49.07815529994719, 53.484603520574964], [49.0784565324056, 53.48460836563762], [49.07845247118825, 53.4846982019991], [49.07860308776811, 53.48470062425374], [49.078594965903484, 53.48488029698779], [49.07828966989336, 53.4849652886061]]]}, "properties": {"zone_id": "kuibyshev-2025-05-28-026", "aoi": "kuibyshev", "date": "2025-05-28", "scene_id": "S2B_MSIL2A_20250528T075609_R035_T39UUV_20250528T095708", "scene_datetime_utc": "2025-05-28T07:56:09.024000+00:00", "detection_status": "detected", "detection_status_ru": "обнаружено", "lon": 49.07832, "lat": 53.48477, "n_pixels": 3, "zone_area_km2": 0.001, "cover_m2": 24.3, "p_mean": 0.98, "p_max": 0.996, "cover_m2_km2": 24300.0, "h3": "8810856853fffff", "valid_frac_scene": 1.0, "wind_ms": 2.1, "sea": "спокойное", "scene_reliable": true, "field_event_id": "S4:DOORS3:T23", "field_profile": "B", "field_date": "2024-06-10", "field_distance_km": 1358.5, "field_date_gap_days": 352, "field_conc_items_km2": 102.37, "conc_A_items_km2": null, "conc_A_lo80": null, "conc_A_hi80": null, "conc_A_lo95": null, "conc_A_hi95": null, "conc_A_status": "unavailable", "conc_A_status_ru": "концентрация недоступна", "conc_A_reasons": "вне бассейна профиля: nw_atlantic_subtropical", "conc_A_model": "conc-A-c6bce5631d2b", "conc_B_items_km2": null, "conc_B_lo80": null, "conc_B_hi80": null, "conc_B_lo95": null, "conc_B_hi95": null, "conc_B_status": "unavailable", "conc_B_status_ru": "концентрация недоступна", "conc_B_reasons": "вне бассейна профиля: black_sea", "conc_B_model": "conc-B-c6bce5631d2b"}}, {"type": "Feature", "geometry": {"type": "Polygon", "coordinates": [[[49.124514353355785, 53.46556197790076], [49.124518314493, 53.465472138853826], [49.124367761980935, 53.465469775040184], [49.12437172341434, 53.4653799359994], [49.12467678860179, 53.46529482436397], [49.12467282782475, 53.46538466342171], [49.12482338006195, 53.46538702684847], [49.1248194195811, 53.46547686591235], [49.12466886702639, 53.465474502477896], [49.1246649062067, 53.4655643415325], [49.124514353355785, 53.46556197790076]]]}, "properties": {"zone_id": "kuibyshev-2025-05-28-027", "aoi": "kuibyshev", "date": "2025-05-28", "scene_id": "S2B_MSIL2A_20250528T075609_R035_T39UUV_20250528T095708", "scene_datetime_utc": "2025-05-28T07:56:09.024000+00:00", "detection_status": "detected", "detection_status_ru": "обнаружено", "lon": 49.1246, "lat": 53.46543, "n_pixels": 1, "zone_area_km2": 0.0005, "cover_m2": 7.1, "p_mean": 0.725, "p_max": 0.725, "cover_m2_km2": 14200.0, "h3": "88108568edfffff", "valid_frac_scene": 1.0, "wind_ms": 2.1, "sea": "спокойное", "scene_reliable": true, "field_event_id": "S4:DOORS3:T23", "field_profile": "B", "field_date": "2024-06-10", "field_distance_km": 1358.0, "field_date_gap_days": 352, "field_conc_items_km2": 102.37, "conc_A_items_km2": null, "conc_A_lo80": null, "conc_A_hi80": null, "conc_A_lo95": null, "conc_A_hi95": null, "conc_A_status": "unavailable", "conc_A_status_ru": "концентрация недоступна", "conc_A_reasons": "вне бассейна профиля: nw_atlantic_subtropical", "conc_A_model": "conc-A-c6bce5631d2b", "conc_B_items_km2": null, "conc_B_lo80": null, "conc_B_hi80": null, "conc_B_lo95": null, "conc_B_hi95": null, "conc_B_status": "unavailable", "conc_B_status_ru": "концентрация недоступна", "conc_B_reasons": "вне бассейна профиля: black_sea", "conc_B_model": "conc-B-c6bce5631d2b"}}, {"type": "Feature", "geometry": {"type": "Polygon", "coordinates": [[[49.0710653778616, 53.464800744086716], [49.07106945173129, 53.464710907814], [49.07091890658102, 53.464708476686], [49.07092298074625, 53.46461864041964], [49.071073525579045, 53.46462107153972], [49.07107759940487, 53.46453123526386], [49.07167977768552, 53.46454095781667], [49.07167570512956, 53.4646307941242], [49.071826250072, 53.464633224296364], [49.071830322310504, 53.46454338798091], [49.07243250102967, 53.46455310674203], [49.07243657197638, 53.46446327039335], [49.07273766083255, 53.46446812862058], [49.07273359052076, 53.464557964985076], [49.072884135299184, 53.46456039382223], [49.07288006528295, 53.46465023019308], [49.07257490444001, 53.464735208666816], [49.07257083374501, 53.4648250450187], [49.07181810552923, 53.46481289692253], [49.071822177811576, 53.46472306061023], [49.07167163255166, 53.46472063043015], [49.07166755995185, 53.464810466734534], [49.0710653778616, 53.464800744086716]]]}, "properties": {"zone_id": "kuibyshev-2025-05-28-028", "aoi": "kuibyshev", "date": "2025-05-28", "scene_id": "S2B_MSIL2A_20250528T075609_R035_T39UUV_20250528T095708", "scene_datetime_utc": "2025-05-28T07:56:09.024000+00:00", "detection_status": "detected", "detection_status_ru": "обнаружено", "lon": 49.07197, "lat": 53.46466, "n_pixels": 11, "zone_area_km2": 0.0034, "cover_m2": 48.2, "p_mean": 0.927, "p_max": 1.0, "cover_m2_km2": 14176.5, "h3": "8810856801fffff", "valid_frac_scene": 1.0, "wind_ms": 2.1, "sea": "спокойное", "scene_reliable": true, "field_event_id": "S4:DOORS3:T23", "field_profile": "B", "field_date": "2024-06-10", "field_distance_km": 1356.4, "field_date_gap_days": 352, "field_conc_items_km2": 102.37, "conc_A_items_km2": null, "conc_A_lo80": null, "conc_A_hi80": null, "conc_A_lo95": null, "conc_A_hi95": null, "conc_A_status": "unavailable", "conc_A_status_ru": "концентрация недоступна", "conc_A_reasons": "вне бассейна профиля: nw_atlantic_subtropical", "conc_A_model": "conc-A-c6bce5631d2b", "conc_B_items_km2": null, "conc_B_lo80": null, "conc_B_hi80": null, "conc_B_lo95": null, "conc_B_hi95": null, "conc_B_status": "unavailable", "conc_B_status_ru": "концентрация недоступна", "conc_B_reasons": "вне бассейна профиля: black_sea", "conc_B_model": "conc-B-c6bce5631d2b"}}, {"type": "Feature", "geometry": {"type": "Polygon", "coordinates": [[[49.07332763161636, 53.46474735198376], [49.0733317007021, 53.46465751559075], [49.073181155540475, 53.46465508731445], [49.07318522492177, 53.464565250927784], [49.07333576976593, 53.464567679196165], [49.07333983880785, 53.464477842800015], [49.07364092792696, 53.464482698752235], [49.07364499631204, 53.46439286233869], [49.075003961080924, 53.46432486818178], [49.07499989557491, 53.46441470466806], [49.07515044004691, 53.46441713064562], [49.07514637483647, 53.46450696713823], [49.074995830047, 53.464504541152756], [49.07499176449721, 53.46459437763589], [49.074690674349, 53.46458952508039], [49.07468660814238, 53.464679361546146], [49.07378333631841, 53.46466479928216], [49.07377926818508, 53.46475463569888], [49.07332763161636, 53.46474735198376]]]}, "properties": {"zone_id": "kuibyshev-2025-05-28-029", "aoi": "kuibyshev", "date": "2025-05-28", "scene_id": "S2B_MSIL2A_20250528T075609_R035_T39UUV_20250528T095708", "scene_datetime_utc": "2025-05-28T07:56:09.024000+00:00", "detection_status": "detected", "detection_status_ru": "обнаружено", "lon": 49.07419, "lat": 53.46453, "n_pixels": 14, "zone_area_km2": 0.0038, "cover_m2": 62.7, "p_mean": 0.984, "p_max": 1.0, "cover_m2_km2": 16500.0, "h3": "8810856801fffff", "valid_frac_scene": 1.0, "wind_ms": 2.1, "sea": "спокойное", "scene_reliable": true, "field_event_id": "S4:DOORS3:T23", "field_profile": "B", "field_date": "2024-06-10", "field_distance_km": 1356.4, "field_date_gap_days": 352, "field_conc_items_km2": 102.37, "conc_A_items_km2": null, "conc_A_lo80": null, "conc_A_hi80": null, "conc_A_lo95": null, "conc_A_hi95": null, "conc_A_status": "unavailable", "conc_A_status_ru": "концентрация недоступна", "conc_A_reasons": "вне бассейна профиля: nw_atlantic_subtropical", "conc_A_model": "conc-A-c6bce5631d2b", "conc_B_items_km2": null, "conc_B_lo80": null, "conc_B_hi80": null, "conc_B_lo95": null, "conc_B_hi95": null, "conc_B_status": "unavailable", "conc_B_status_ru": "концентрация недоступна", "conc_B_reasons": "вне бассейна профиля: black_sea", "conc_B_model": "conc-B-c6bce5631d2b"}}, {"type": "Feature", "geometry": {"type": "Polygon", "coordinates": [[[49.0896956038786, 53.46258288462959], [49.08969963809029, 53.462493047343465], [49.089549099143916, 53.46249063975454], [49.089553133651314, 53.46240080247468], [49.08970367228025, 53.462403210055776], [49.08970770644849, 53.462313372766495], [49.090008783136646, 53.46231818734425], [49.09000474960327, 53.46240802464921], [49.09015528829736, 53.46241043166155], [49.090151255059716, 53.462500268972775], [49.09000071604819, 53.46249786195258], [49.08999668247139, 53.46258769925439], [49.0896956038786, 53.46258288462959]]]}, "properties": {"zone_id": "kuibyshev-2025-05-28-030", "aoi": "kuibyshev", "date": "2025-05-28", "scene_id": "S2B_MSIL2A_20250528T075609_R035_T39UUV_20250528T095708", "scene_datetime_utc": "2025-05-28T07:56:09.024000+00:00", "detection_status": "detected", "detection_status_ru": "обнаружено", "lon": 49.08985, "lat": 53.46245, "n_pixels": 2, "zone_area_km2": 0.0008, "cover_m2": 5.5, "p_mean": 0.633, "p_max": 0.655, "cover_m2_km2": 6875.0, "h3": "8810856803fffff", "valid_frac_scene": 1.0, "wind_ms": 2.1, "sea": "спокойное", "scene_reliable": true, "field_event_id": "S4:DOORS3:T23", "field_profile": "B", "field_date": "2024-06-10", "field_distance_km": 1356.7, "field_date_gap_days": 352, "field_conc_items_km2": 102.37, "conc_A_items_km2": null, "conc_A_lo80": null, "conc_A_hi80": null, "conc_A_lo95": null, "conc_A_hi95": null, "conc_A_status": "unavailable", "conc_A_status_ru": "концентрация недоступна", "conc_A_reasons": "вне бассейна профиля: nw_atlantic_subtropical", "conc_A_model": "conc-A-c6bce5631d2b", "conc_B_items_km2": null, "conc_B_lo80": null, "conc_B_hi80": null, "conc_B_lo95": null, "conc_B_hi95": null, "conc_B_status": "unavailable", "conc_B_status_ru": "концентрация недоступна", "conc_B_reasons": "вне бассейна профиля: black_sea", "conc_B_model": "conc-B-c6bce5631d2b"}}, {"type": "Feature", "geometry": {"type": "Polygon", "coordinates": [[[49.08804371087515, 53.46246655343867], [49.088047748556924, 53.46237671623729], [49.08775071009375, 53.46228205952764], [49.08775878661834, 53.46210238514841], [49.08790932403421, 53.46210479498083], [49.087913361946455, 53.46201495778102], [49.08821443620855, 53.46201977686145], [49.08821039893115, 53.462109614076965], [49.08836093641224, 53.46211202334068], [49.08834882540195, 53.462381535001356], [49.08804371087515, 53.46246655343867]]]}, "properties": {"zone_id": "kuibyshev-2025-05-28-031", "aoi": "kuibyshev", "date": "2025-05-28", "scene_id": "S2B_MSIL2A_20250528T075609_R035_T39UUV_20250528T095708", "scene_datetime_utc": "2025-05-28T07:56:09.024000+00:00", "detection_status": "detected", "detection_status_ru": "обнаружено", "lon": 49.08807, "lat": 53.46222, "n_pixels": 5, "zone_area_km2": 0.0014, "cover_m2": 25.1, "p_mean": 0.997, "p_max": 1.0, "cover_m2_km2": 17928.6, "h3": "8810856807fffff", "valid_frac_scene": 1.0, "wind_ms": 2.1, "sea": "спокойное", "scene_reliable": true, "field_event_id": "S4:DOORS3:T23", "field_profile": "B", "field_date": "2024-06-10", "field_distance_km": 1356.6, "field_date_gap_days": 352, "field_conc_items_km2": 102.37, "conc_A_items_km2": null, "conc_A_lo80": null, "conc_A_hi80": null, "conc_A_lo95": null, "conc_A_hi95": null, "conc_A_status": "unavailable", "conc_A_status_ru": "концентрация недоступна", "conc_A_reasons": "вне бассейна профиля: nw_atlantic_subtropical", "conc_A_model": "conc-A-c6bce5631d2b", "conc_B_items_km2": null, "conc_B_lo80": null, "conc_B_hi80": null, "conc_B_lo95": null, "conc_B_hi95": null, "conc_B_status": "unavailable", "conc_B_status_ru": "концентрация недоступна", "conc_B_reasons": "вне бассейна профиля: black_sea", "conc_B_model": "conc-B-c6bce5631d2b"}}, {"type": "Feature", "geometry": {"type": "Polygon", "coordinates": [[[49.087156637172285, 53.462092743922994], [49.08716067667168, 53.462002906762436], [49.08686364282651, 53.46190824788159], [49.08687172298625, 53.461728573584026], [49.08702225900195, 53.46173098452246], [49.08702629873178, 53.46164114736348], [49.08732737019356, 53.46164596865594], [49.08732333109858, 53.461735805830635], [49.08747386717951, 53.461738216200374], [49.08746982838021, 53.46182805338135], [49.08762036480031, 53.46183046356936], [49.08761632629668, 53.46192030075662], [49.08746578955916, 53.46191789056075], [49.087461750716365, 53.46200772773859], [49.087156637172285, 53.462092743922994]]]}, "properties": {"zone_id": "kuibyshev-2025-05-28-032", "aoi": "kuibyshev", "date": "2025-05-28", "scene_id": "S2B_MSIL2A_20250528T075609_R035_T39UUV_20250528T095708", "scene_datetime_utc": "2025-05-28T07:56:09.024000+00:00", "detection_status": "detected", "detection_status_ru": "обнаружено", "lon": 49.08722, "lat": 53.46185, "n_pixels": 6, "zone_area_km2": 0.0015, "cover_m2": 29.4, "p_mean": 0.93, "p_max": 1.0, "cover_m2_km2": 19600.0, "h3": "8810856807fffff", "valid_frac_scene": 1.0, "wind_ms": 2.1, "sea": "спокойное", "scene_reliable": true, "field_event_id": "S4:DOORS3:T23", "field_profile": "B", "field_date": "2024-06-10", "field_distance_km": 1356.5, "field_date_gap_days": 352, "field_conc_items_km2": 102.37, "conc_A_items_km2": null, "conc_A_lo80": null, "conc_A_hi80": null, "conc_A_lo95": null, "conc_A_hi95": null, "conc_A_status": "unavailable", "conc_A_status_ru": "концентрация недоступна", "conc_A_reasons": "вне бассейна профиля: nw_atlantic_subtropical", "conc_A_model": "conc-A-c6bce5631d2b", "conc_B_items_km2": null, "conc_B_lo80": null, "conc_B_hi80": null, "conc_B_lo95": null, "conc_B_hi95": null, "conc_B_status": "unavailable", "conc_B_status_ru": "концентрация недоступна", "conc_B_reasons": "вне бассейна профиля: black_sea", "conc_B_model": "conc-B-c6bce5631d2b"}}, {"type": "Feature", "geometry": {"type": "Polygon", "coordinates": [[[49.09362573605909, 53.462286065635325], [49.09362976193058, 53.46219622813922], [49.093479223689805, 53.46219382551059], [49.093495328228755, 53.46183447554176], [49.0936458651998, 53.461836878139074], [49.093649890962915, 53.46174704063512], [49.09395096433516, 53.46175184524539], [49.09396303958991, 53.46148233267715], [49.09411357535627, 53.46148473467446], [49.094117600080416, 53.46139489714075], [49.09426813555102, 53.46139729894066], [49.09427215993608, 53.46130746139756], [49.094569206557196, 53.46140210197177], [49.094557135176544, 53.461671614638604], [49.09425203779407, 53.46175664909738], [49.09424801330067, 53.46184648663264], [49.09409747624295, 53.46184408479361], [49.09408942655627, 53.46202375984377], [49.09393888888536, 53.462021357799514], [49.09393083847714, 53.46220103282775], [49.09362573605909, 53.462286065635325]]]}, "properties": {"zone_id": "kuibyshev-2025-05-28-033", "aoi": "kuibyshev", "date": "2025-05-28", "scene_id": "S2B_MSIL2A_20250528T075609_R035_T39UUV_20250528T095708", "scene_datetime_utc": "2025-05-28T07:56:09.024000+00:00", "detection_status": "detected", "detection_status_ru": "обнаружено", "lon": 49.09401, "lat": 53.46178, "n_pixels": 13, "zone_area_km2": 0.0034, "cover_m2": 135.3, "p_mean": 0.976, "p_max": 1.0, "cover_m2_km2": 39794.1, "h3": "8810856839fffff", "valid_frac_scene": 1.0, "wind_ms": 2.1, "sea": "спокойное", "scene_reliable": true, "field_event_id": "S4:DOORS3:T23", "field_profile": "B", "field_date": "2024-06-10", "field_distance_km": 1356.7, "field_date_gap_days": 352, "field_conc_items_km2": 102.37, "conc_A_items_km2": null, "conc_A_lo80": null, "conc_A_hi80": null, "conc_A_lo95": null, "conc_A_hi95": null, "conc_A_status": "unavailable", "conc_A_status_ru": "концентрация недоступна", "conc_A_reasons": "вне бассейна профиля: nw_atlantic_subtropical", "conc_A_model": "conc-A-c6bce5631d2b", "conc_B_items_km2": null, "conc_B_lo80": null, "conc_B_hi80": null, "conc_B_lo95": null, "conc_B_hi95": null, "conc_B_status": "unavailable", "conc_B_status_ru": "концентрация недоступна", "conc_B_reasons": "вне бассейна профиля: black_sea", "conc_B_model": "conc-B-c6bce5631d2b"}}, {"type": "Feature", "geometry": {"type": "Polygon", "coordinates": [[[49.098914672828585, 53.46192084961433], [49.09891868748161, 53.46183101183681], [49.09876815007043, 53.46182861588236], [49.09877216501927, 53.4617387781111], [49.09892270211301, 53.46174117405774], [49.0989267167228, 53.461651336277086], [49.099532877362655, 53.46157108032329], [49.099528864044196, 53.46166091813672], [49.099679400928565, 53.4616633131277], [49.099671374861686, 53.46184298876546], [49.09952083734245, 53.46184059375887], [49.09951682395917, 53.461930431567595], [49.098914672828585, 53.46192084961433]]]}, "properties": {"zone_id": "kuibyshev-2025-05-28-034", "aoi": "kuibyshev", "date": "2025-05-28", "scene_id": "S2B_MSIL2A_20250528T075609_R035_T39UUV_20250528T095708", "scene_datetime_utc": "2025-05-28T07:56:09.024000+00:00", "detection_status": "detected", "detection_status_ru": "обнаружено", "lon": 49.09927, "lat": 53.46176, "n_pixels": 6, "zone_area_km2": 0.0017, "cover_m2": 43.1, "p_mean": 0.932, "p_max": 1.0, "cover_m2_km2": 25352.9, "h3": "8810856839fffff", "valid_frac_scene": 1.0, "wind_ms": 2.1, "sea": "спокойное", "scene_reliable": true, "field_event_id": "S4:DOORS3:T23", "field_profile": "B", "field_date": "2024-06-10", "field_distance_km": 1356.9, "field_date_gap_days": 352, "field_conc_items_km2": 102.37, "conc_A_items_km2": null, "conc_A_lo80": null, "conc_A_hi80": null, "conc_A_lo95": null, "conc_A_hi95": null, "conc_A_status": "unavailable", "conc_A_status_ru": "концентрация недоступна", "conc_A_reasons": "вне бассейна профиля: nw_atlantic_subtropical", "conc_A_model": "conc-A-c6bce5631d2b", "conc_B_items_km2": null, "conc_B_lo80": null, "conc_B_hi80": null, "conc_B_lo95": null, "conc_B_hi95": null, "conc_B_status": "unavailable", "conc_B_status_ru": "концентрация недоступна", "conc_B_reasons": "вне бассейна профиля: black_sea", "conc_B_model": "conc-B-c6bce5631d2b"}}, {"type": "Feature", "geometry": {"type": "Polygon", "coordinates": [[[49.1085024472587, 53.459735617574765], [49.10850644135393, 53.459645779266054], [49.10835591083734, 53.459643395456794], [49.108363899598096, 53.459463718850195], [49.10866895309653, 53.45937864792692], [49.108672946788374, 53.45928880960418], [49.10882347607839, 53.45929119300325], [49.10882746943133, 53.45920135467118], [49.10912453472292, 53.45929595923275], [49.10911255643947, 53.45956547426616], [49.10880750245164, 53.459650546315885], [49.1088035089912, 53.459740384640135], [49.1085024472587, 53.459735617574765]]]}, "properties": {"zone_id": "kuibyshev-2025-05-28-035", "aoi": "kuibyshev", "date": "2025-05-28", "scene_id": "S2B_MSIL2A_20250528T075609_R035_T39UUV_20250528T095708", "scene_datetime_utc": "2025-05-28T07:56:09.024000+00:00", "detection_status": "detected", "detection_status_ru": "обнаружено", "lon": 49.10876, "lat": 53.45949, "n_pixels": 8, "zone_area_km2": 0.0019, "cover_m2": 67.1, "p_mean": 0.936, "p_max": 1.0, "cover_m2_km2": 35315.8, "h3": "8810856831fffff", "valid_frac_scene": 1.0, "wind_ms": 2.1, "sea": "спокойное", "scene_reliable": true, "field_event_id": "S4:DOORS3:T23", "field_profile": "B", "field_date": "2024-06-10", "field_distance_km": 1357.0, "field_date_gap_days": 352, "field_conc_items_km2": 102.37, "conc_A_items_km2": null, "conc_A_lo80": null, "conc_A_hi80": null, "conc_A_lo95": null, "conc_A_hi95": null, "conc_A_status": "unavailable", "conc_A_status_ru": "концентрация недоступна", "conc_A_reasons": "вне бассейна профиля: nw_atlantic_subtropical", "conc_A_model": "conc-A-c6bce5631d2b", "conc_B_items_km2": null, "conc_B_lo80": null, "conc_B_hi80": null, "conc_B_lo95": null, "conc_B_hi95": null, "conc_B_status": "unavailable", "conc_B_status_ru": "концентрация недоступна", "conc_B_reasons": "вне бассейна профиля: black_sea", "conc_B_model": "conc-B-c6bce5631d2b"}}, {"type": "Feature", "geometry": {"type": "Polygon", "coordinates": [[[49.45467800753083, 53.45914179006645], [49.45468127076612, 53.459051935449146], [49.454383423178705, 53.458958185348536], [49.454389950831896, 53.45877847613181], [49.45454050559045, 53.458780423954856], [49.45454376907308, 53.458690569337904], [49.454841615160284, 53.45878431903199], [49.454835089412775, 53.45896402828677], [49.45498564485927, 53.458965975553554], [49.45498238227678, 53.459055830185044], [49.45483182651267, 53.45905388291192], [49.454828563594994, 53.459143737535555], [49.45467800753083, 53.45914179006645]]]}, "properties": {"zone_id": "kuibyshev-2025-05-28-036", "aoi": "kuibyshev", "date": "2025-05-28", "scene_id": "S2B_MSIL2A_20250528T075609_R035_T39UUV_20250528T095708", "scene_datetime_utc": "2025-05-28T07:56:09.024000+00:00", "detection_status": "detected", "detection_status_ru": "обнаружено", "lon": 49.45466, "lat": 53.45892, "n_pixels": 3, "zone_area_km2": 0.0011, "cover_m2": 10.2, "p_mean": 0.918, "p_max": 0.973, "cover_m2_km2": 9272.7, "h3": "881081d097fffff", "valid_frac_scene": 1.0, "wind_ms": 2.1, "sea": "спокойное", "scene_reliable": true, "field_event_id": "S4:DOORS3:T23", "field_profile": "B", "field_date": "2024-06-10", "field_distance_km": 1367.6, "field_date_gap_days": 352, "field_conc_items_km2": 102.37, "conc_A_items_km2": null, "conc_A_lo80": null, "conc_A_hi80": null, "conc_A_lo95": null, "conc_A_hi95": null, "conc_A_status": "unavailable", "conc_A_status_ru": "концентрация недоступна", "conc_A_reasons": "вне бассейна профиля: nw_atlantic_subtropical", "conc_A_model": "conc-A-c6bce5631d2b", "conc_B_items_km2": null, "conc_B_lo80": null, "conc_B_hi80": null, "conc_B_lo95": null, "conc_B_hi95": null, "conc_B_status": "unavailable", "conc_B_status_ru": "концентрация недоступна", "conc_B_reasons": "вне бассейна профиля: black_sea", "conc_B_model": "conc-B-c6bce5631d2b"}}, {"type": "Feature", "geometry": {"type": "MultiPolygon", "coordinates": [[[[49.112317543501305, 53.458627250736], [49.112313557598625, 53.45871708925744], [49.11261859805557, 53.45863200812174], [49.11262656852704, 53.45845233104319], [49.11247604187395, 53.45844995246059], [49.11248002739488, 53.4583601139267], [49.11217498863213, 53.458445194726735], [49.112167016256365, 53.4586248717588], [49.112317543501305, 53.458627250736]]], [[[49.11201648903288, 53.458622492592035], [49.112020475548874, 53.458532654084536], [49.111869948664236, 53.45853027473598], [49.11186596183086, 53.45862011323571], [49.1117154346503, 53.458617733689856], [49.111711447478086, 53.45870757218029], [49.11156092000161, 53.45870519243711], [49.111548957404004, 53.458974707875754], [49.111846027342054, 53.459069305711], [49.11185001428274, 53.45897946721907], [49.11215505753178, 53.45889438729516], [49.112167016256365, 53.4586248717588], [49.11201648903288, 53.458622492592035]]]]}, "properties": {"zone_id": "kuibyshev-2025-05-28-037", "aoi": "kuibyshev", "date": "2025-05-28", "scene_id": "S2B_MSIL2A_20250528T075609_R035_T39UUV_20250528T095708", "scene_datetime_utc": "2025-05-28T07:56:09.024000+00:00", "detection_status": "detected", "detection_status_ru": "обнаружено", "lon": 49.11199, "lat": 53.45873, "n_pixels": 8, "zone_area_km2": 0.0024, "cover_m2": 60.0, "p_mean": 0.985, "p_max": 1.0, "cover_m2_km2": 25000.0, "h3": "8810856831fffff", "valid_frac_scene": 1.0, "wind_ms": 2.1, "sea": "спокойное", "scene_reliable": true, "field_event_id": "S4:DOORS3:T23", "field_profile": "B", "field_date": "2024-06-10", "field_distance_km": 1357.0, "field_date_gap_days": 352, "field_conc_items_km2": 102.37, "conc_A_items_km2": null, "conc_A_lo80": null, "conc_A_hi80": null, "conc_A_lo95": null, "conc_A_hi95": null, "conc_A_status": "unavailable", "conc_A_status_ru": "концентрация недоступна", "conc_A_reasons": "вне бассейна профиля: nw_atlantic_subtropical", "conc_A_model": "conc-A-c6bce5631d2b", "conc_B_items_km2": null, "conc_B_lo80": null, "conc_B_hi80": null, "conc_B_lo95": null, "conc_B_hi95": null, "conc_B_status": "unavailable", "conc_B_status_ru": "концентрация недоступна", "conc_B_reasons": "вне бассейна профиля: black_sea", "conc_B_model": "conc-B-c6bce5631d2b"}}, {"type": "Feature", "geometry": {"type": "Polygon", "coordinates": [[[49.45396440419404, 53.45805379475041], [49.45396766880648, 53.457963940146875], [49.453817116976666, 53.45796199162238], [49.45382691166131, 53.45769242782182], [49.45413127765748, 53.457606470027194], [49.45412801343294, 53.457696324643074], [49.454278564345124, 53.457698272769235], [49.4542753004206, 53.45778812738997], [49.45442585166795, 53.45779007533283], [49.45441932440137, 53.457969784582495], [49.45426877251884, 53.457967836626935], [49.45426550854159, 53.45805769124316], [49.45396440419404, 53.45805379475041]]]}, "properties": {"zone_id": "kuibyshev-2025-05-28-038", "aoi": "kuibyshev", "date": "2025-05-28", "scene_id": "S2B_MSIL2A_20250528T075609_R035_T39UUV_20250528T095708", "scene_datetime_utc": "2025-05-28T07:56:09.024000+00:00", "detection_status": "detected", "detection_status_ru": "обнаружено", "lon": 49.45411, "lat": 53.45785, "n_pixels": 5, "zone_area_km2": 0.0014, "cover_m2": 31.0, "p_mean": 0.936, "p_max": 1.0, "cover_m2_km2": 22142.9, "h3": "881081d097fffff", "valid_frac_scene": 1.0, "wind_ms": 2.1, "sea": "спокойное", "scene_reliable": true, "field_event_id": "S4:DOORS3:T23", "field_profile": "B", "field_date": "2024-06-10", "field_distance_km": 1367.5, "field_date_gap_days": 352, "field_conc_items_km2": 102.37, "conc_A_items_km2": null, "conc_A_lo80": null, "conc_A_hi80": null, "conc_A_lo95": null, "conc_A_hi95": null, "conc_A_status": "unavailable", "conc_A_status_ru": "концентрация недоступна", "conc_A_reasons": "вне бассейна профиля: nw_atlantic_subtropical", "conc_A_model": "conc-A-c6bce5631d2b", "conc_B_items_km2": null, "conc_B_lo80": null, "conc_B_hi80": null, "conc_B_lo95": null, "conc_B_hi95": null, "conc_B_status": "unavailable", "conc_B_status_ru": "концентрация недоступна", "conc_B_reasons": "вне бассейна профиля: black_sea", "conc_B_model": "conc-B-c6bce5631d2b"}}, {"type": "Feature", "geometry": {"type": "Polygon", "coordinates": [[[49.11196163990829, 53.45646398880977], [49.111965626226585, 53.45637415027246], [49.11181510698004, 53.45637177092037], [49.11182308018694, 53.45619209385656], [49.111973598798805, 53.45619447319315], [49.111977585052735, 53.45610463465113], [49.11227463608694, 53.45619923129772], [49.11227862170619, 53.456109392740196], [49.1124291400651, 53.45611177150041], [49.11243312534557, 53.456021932933595], [49.11273416149309, 53.45602668986993], [49.112730176847286, 53.45611652845225], [49.112880695270555, 53.45611890664385], [49.11287272654929, 53.45629858381928], [49.112722207491345, 53.45629620561218], [49.1127182227812, 53.456386044189806], [49.112417184094994, 53.45638128719148], [49.11242116943981, 53.45629144862936], [49.11227065044623, 53.456289069853646], [49.112266664784066, 53.45637890840803], [49.112116145494596, 53.45637652943501], [49.11211215949364, 53.45646636798008], [49.11196163990829, 53.45646398880977]]]}, "properties": {"zone_id": "kuibyshev-2025-05-28-039", "aoi": "kuibyshev", "date": "2025-05-28", "scene_id": "S2B_MSIL2A_20250528T075609_R035_T39UUV_20250528T095708", "scene_datetime_utc": "2025-05-28T07:56:09.024000+00:00", "detection_status": "detected", "detection_status_ru": "обнаружено", "lon": 49.1124, "lat": 53.45623, "n_pixels": 6, "zone_area_km2": 0.002, "cover_m2": 32.9, "p_mean": 0.979, "p_max": 0.996, "cover_m2_km2": 16450.0, "h3": "8810856831fffff", "valid_frac_scene": 1.0, "wind_ms": 2.1, "sea": "спокойное", "scene_reliable": true, "field_event_id": "S4:DOORS3:T23", "field_profile": "B", "field_date": "2024-06-10", "field_distance_km": 1356.7, "field_date_gap_days": 352, "field_conc_items_km2": 102.37, "conc_A_items_km2": null, "conc_A_lo80": null, "conc_A_hi80": null, "conc_A_lo95": null, "conc_A_hi95": null, "conc_A_status": "unavailable", "conc_A_status_ru": "концентрация недоступна", "conc_A_reasons": "вне бассейна профиля: nw_atlantic_subtropical", "conc_A_model": "conc-A-c6bce5631d2b", "conc_B_items_km2": null, "conc_B_lo80": null, "conc_B_hi80": null, "conc_B_lo95": null, "conc_B_hi95": null, "conc_B_status": "unavailable", "conc_B_status_ru": "концентрация недоступна", "conc_B_reasons": "вне бассейна профиля: black_sea", "conc_B_model": "conc-B-c6bce5631d2b"}}, {"type": "Feature", "geometry": {"type": "Polygon", "coordinates": [[[49.13763285157563, 53.4549790878648], [49.13763678349939, 53.45488924798605], [49.13748626729354, 53.45488690101721], [49.1374941317122, 53.454707221270326], [49.137644647283395, 53.45470956822386], [49.13764857914365, 53.45461972834044], [49.13810012503224, 53.45462676804093], [49.13809619412396, 53.454716607947304], [49.13824670977981, 53.454718954142706], [49.13823884853442, 53.454898633966025], [49.13808833224392, 53.45489628775534], [49.13808440127216, 53.45498612765702], [49.13763285157563, 53.4549790878648]]]}, "properties": {"zone_id": "kuibyshev-2025-05-28-040", "aoi": "kuibyshev", "date": "2025-05-28", "scene_id": "S2B_MSIL2A_20250528T075609_R035_T39UUV_20250528T095708", "scene_datetime_utc": "2025-05-28T07:56:09.024000+00:00", "detection_status": "detected", "detection_status_ru": "обнаружено", "lon": 49.13787, "lat": 53.4548, "n_pixels": 6, "zone_area_km2": 0.0016, "cover_m2": 58.4, "p_mean": 0.922, "p_max": 0.996, "cover_m2_km2": 36500.0, "h3": "88108569d9fffff", "valid_frac_scene": 1.0, "wind_ms": 2.1, "sea": "спокойное", "scene_reliable": true, "field_event_id": "S4:DOORS3:T23", "field_profile": "B", "field_date": "2024-06-10", "field_distance_km": 1357.4, "field_date_gap_days": 352, "field_conc_items_km2": 102.37, "conc_A_items_km2": null, "conc_A_lo80": null, "conc_A_hi80": null, "conc_A_lo95": null, "conc_A_hi95": null, "conc_A_status": "unavailable", "conc_A_status_ru": "концентрация недоступна", "conc_A_reasons": "вне бассейна профиля: nw_atlantic_subtropical", "conc_A_model": "conc-A-c6bce5631d2b", "conc_B_items_km2": null, "conc_B_lo80": null, "conc_B_hi80": null, "conc_B_lo95": null, "conc_B_hi95": null, "conc_B_status": "unavailable", "conc_B_status_ru": "концентрация недоступна", "conc_B_reasons": "вне бассейна профиля: black_sea", "conc_B_model": "conc-B-c6bce5631d2b"}}, {"type": "Feature", "geometry": {"type": "Polygon", "coordinates": [[[49.50468984131183, 53.454744067670866], [49.50469299845632, 53.45465421090361], [49.50454245479091, 53.45465232637201], [49.504548769664, 53.45447261284533], [49.5048530125175, 53.454386524916465], [49.50484985574157, 53.454476381694334], [49.505000398805855, 53.454478265834375], [49.504994085838135, 53.45465797939791], [49.50468984131183, 53.454744067670866]]]}, "properties": {"zone_id": "kuibyshev-2025-05-28-041", "aoi": "kuibyshev", "date": "2025-05-28", "scene_id": "S2B_MSIL2A_20250528T075609_R035_T39UUV_20250528T095708", "scene_datetime_utc": "2025-05-28T07:56:09.024000+00:00", "detection_status": "detected", "detection_status_ru": "обнаружено", "lon": 49.50477, "lat": 53.45457, "n_pixels": 2, "zone_area_km2": 0.0008, "cover_m2": 7.1, "p_mean": 0.992, "p_max": 0.996, "cover_m2_km2": 8875.0, "h3": "881081d529fffff", "valid_frac_scene": 1.0, "wind_ms": 2.1, "sea": "спокойное", "scene_reliable": true, "field_event_id": "S4:DOORS3:T23", "field_profile": "B", "field_date": "2024-06-10", "field_distance_km": 1368.8, "field_date_gap_days": 352, "field_conc_items_km2": 102.37, "conc_A_items_km2": null, "conc_A_lo80": null, "conc_A_hi80": null, "conc_A_lo95": null, "conc_A_hi95": null, "conc_A_status": "unavailable", "conc_A_status_ru": "концентрация недоступна", "conc_A_reasons": "вне бассейна профиля: nw_atlantic_subtropical", "conc_A_model": "conc-A-c6bce5631d2b", "conc_B_items_km2": null, "conc_B_lo80": null, "conc_B_hi80": null, "conc_B_lo95": null, "conc_B_hi95": null, "conc_B_status": "unavailable", "conc_B_status_ru": "концентрация недоступна", "conc_B_reasons": "вне бассейна профиля: black_sea", "conc_B_model": "conc-B-c6bce5631d2b"}}, {"type": "Feature", "geometry": {"type": "Polygon", "coordinates": [[[49.13209924654882, 53.45408356708772], [49.13210319002263, 53.45399372747823], [49.13195267745698, 53.45399137356556], [49.13196056497553, 53.453811694357206], [49.132111076906575, 53.453814048254536], [49.1321150203167, 53.453724208640345], [49.132416043607854, 53.453728915851094], [49.13241210083233, 53.45381875548061], [49.13256261282706, 53.453821108809365], [49.13255867034762, 53.453910948444985], [49.132408158035595, 53.45390859510858], [49.132404215217626, 53.45399843473498], [49.13209924654882, 53.45408356708772]]]}, "properties": {"zone_id": "kuibyshev-2025-05-28-042", "aoi": "kuibyshev", "date": "2025-05-28", "scene_id": "S2B_MSIL2A_20250528T075609_R035_T39UUV_20250528T095708", "scene_datetime_utc": "2025-05-28T07:56:09.024000+00:00", "detection_status": "detected", "detection_status_ru": "обнаружено", "lon": 49.13223, "lat": 53.45389, "n_pixels": 3, "zone_area_km2": 0.001, "cover_m2": 12.9, "p_mean": 0.893, "p_max": 1.0, "cover_m2_km2": 12900.0, "h3": "88108569d9fffff", "valid_frac_scene": 1.0, "wind_ms": 2.1, "sea": "спокойное", "scene_reliable": true, "field_event_id": "S4:DOORS3:T23", "field_profile": "B", "field_date": "2024-06-10", "field_distance_km": 1357.1, "field_date_gap_days": 352, "field_conc_items_km2": 102.37, "conc_A_items_km2": null, "conc_A_lo80": null, "conc_A_hi80": null, "conc_A_lo95": null, "conc_A_hi95": null, "conc_A_status": "unavailable", "conc_A_status_ru": "концентрация недоступна", "conc_A_reasons": "вне бассейна профиля: nw_atlantic_subtropical", "conc_A_model": "conc-A-c6bce5631d2b", "conc_B_items_km2": null, "conc_B_lo80": null, "conc_B_hi80": null, "conc_B_lo95": null, "conc_B_hi95": null, "conc_B_status": "unavailable", "conc_B_status_ru": "концентрация недоступна", "conc_B_reasons": "вне бассейна профиля: black_sea", "conc_B_model": "conc-B-c6bce5631d2b"}}, {"type": "Feature", "geometry": {"type": "Polygon", "coordinates": [[[49.13420642913849, 53.45411650207174], [49.13421036816996, 53.45402666235495], [49.134059855307264, 53.45402431109571], [49.1340677339412, 53.453844631672766], [49.1343726970691, 53.45375949424197], [49.134376635698445, 53.45366965451128], [49.13422612408378, 53.45366730347219], [49.13423400191348, 53.45348762402145], [49.13438451289353, 53.453489975045215], [49.13438845145928, 53.45340013530984], [49.13468553491726, 53.453494676524166], [49.13468159696492, 53.45358451627329], [49.13483210832588, 53.45358686673613], [49.13482817066965, 53.45367670649135], [49.135129194089764, 53.45368140686377], [49.135125257046944, 53.45377124663275], [49.1352757691061, 53.45377359654231], [49.1352678955915, 53.453953276090886], [49.135117382897725, 53.45395092616601], [49.135113445791326, 53.4540407659303], [49.13451533233459, 53.45394152457119], [49.134511393958945, 53.45403136430486], [49.134360881053844, 53.45402901342468], [49.1343569423397, 53.454118853149126], [49.13420642913849, 53.45411650207174]]]}, "properties": {"zone_id": "kuibyshev-2025-05-28-043", "aoi": "kuibyshev", "date": "2025-05-28", "scene_id": "S2B_MSIL2A_20250528T075609_R035_T39UUV_20250528T095708", "scene_datetime_utc": "2025-05-28T07:56:09.024000+00:00", "detection_status": "detected", "detection_status_ru": "обнаружено", "lon": 49.13466, "lat": 53.45379, "n_pixels": 13, "zone_area_km2": 0.0034, "cover_m2": 72.9, "p_mean": 0.991, "p_max": 1.0, "cover_m2_km2": 21441.2, "h3": "88108569d9fffff", "valid_frac_scene": 1.0, "wind_ms": 2.1, "sea": "спокойное", "scene_reliable": true, "field_event_id": "S4:DOORS3:T23", "field_profile": "B", "field_date": "2024-06-10", "field_distance_km": 1357.2, "field_date_gap_days": 352, "field_conc_items_km2": 102.37, "conc_A_items_km2": null, "conc_A_lo80": null, "conc_A_hi80": null, "conc_A_lo95": null, "conc_A_hi95": null, "conc_A_status": "unavailable", "conc_A_status_ru": "концентрация недоступна", "conc_A_reasons": "вне бассейна профиля: nw_atlantic_subtropical", "conc_A_model": "conc-A-c6bce5631d2b", "conc_B_items_km2": null, "conc_B_lo80": null, "conc_B_hi80": null, "conc_B_lo95": null, "conc_B_hi95": null, "conc_B_status": "unavailable", "conc_B_status_ru": "концентрация недоступна", "conc_B_reasons": "вне бассейна профиля: black_sea", "conc_B_model": "conc-B-c6bce5631d2b"}}, {"type": "Feature", "geometry": {"type": "MultiPolygon", "coordinates": [[[[49.13092276571954, 53.45343585354839], [49.13077225522758, 53.45343349816553], [49.13077620140847, 53.45334365861413], [49.130475181122875, 53.453338947295165], [49.13047123430739, 53.45342878683121], [49.130320723879166, 53.45342643087976], [49.130316776725145, 53.45351627040659], [49.130467287470665, 53.4535186263657], [49.13046334061269, 53.45360846589863], [49.13076436280207, 53.453613177263634], [49.13076830902545, 53.45352333771536], [49.130918819834704, 53.45352569310591], [49.13092276571954, 53.45343585354839]]], [[[49.130756470291594, 53.45379285635551], [49.13105354818266, 53.45388740655204], [49.131049602508924, 53.453977246109424], [49.131350627406675, 53.45398195601958], [49.13134668234631, 53.454071795590735], [49.131647707963616, 53.45407650475812], [49.13165165238936, 53.45398666517163], [49.13180216491255, 53.45398901946336], [49.13180610899975, 53.453899179867626], [49.13150902930979, 53.45380463152803], [49.13151297398913, 53.45371479194452], [49.131211950952746, 53.45371008245943], [49.131215896245465, 53.4536202428897], [49.131065385076425, 53.453617887870536], [49.131069330665206, 53.45352804830692], [49.13076436280207, 53.453613177263634], [49.130756470291594, 53.45379285635551]]]]}, "properties": {"zone_id": "kuibyshev-2025-05-28-044", "aoi": "kuibyshev", "date": "2025-05-28", "scene_id": "S2B_MSIL2A_20250528T075609_R035_T39UUV_20250528T095708", "scene_datetime_utc": "2025-05-28T07:56:09.024000+00:00", "detection_status": "detected", "detection_status_ru": "обнаружено", "lon": 49.13112, "lat": 53.45375, "n_pixels": 10, "zone_area_km2": 0.0029, "cover_m2": 66.3, "p_mean": 0.905, "p_max": 1.0, "cover_m2_km2": 22862.1, "h3": "88108569d9fffff", "valid_frac_scene": 1.0, "wind_ms": 2.1, "sea": "спокойное", "scene_reliable": true, "field_event_id": "S4:DOORS3:T23", "field_profile": "B", "field_date": "2024-06-10", "field_distance_km": 1357.1, "field_date_gap_days": 352, "field_conc_items_km2": 102.37, "conc_A_items_km2": null, "conc_A_lo80": null, "conc_A_hi80": null, "conc_A_lo95": null, "conc_A_hi95": null, "conc_A_status": "unavailable", "conc_A_status_ru": "концентрация недоступна", "conc_A_reasons": "вне бассейна профиля: nw_atlantic_subtropical", "conc_A_model": "conc-A-c6bce5631d2b", "conc_B_items_km2": null, "conc_B_lo80": null, "conc_B_hi80": null, "conc_B_lo95": null, "conc_B_hi95": null, "conc_B_status": "unavailable", "conc_B_status_ru": "концентрация недоступна", "conc_B_reasons": "вне бассейна профиля: black_sea", "conc_B_model": "conc-B-c6bce5631d2b"}}, {"type": "Feature", "geometry": {"type": "Polygon", "coordinates": [[[49.12999996393086, 53.45387091595001], [49.13000391180448, 53.453781076444805], [49.1298534001708, 53.45377871989407], [49.12985734834047, 53.45368888039497], [49.1301623185083, 53.45360375377552], [49.13015837099448, 53.45369359329154], [49.13030888235335, 53.453695949455536], [49.130304935135584, 53.45378578897766], [49.1301544234594, 53.453783432806006], [49.13015047590308, 53.453873272318894], [49.12999996393086, 53.45387091595001]]]}, "properties": {"zone_id": "kuibyshev-2025-05-28-045", "aoi": "kuibyshev", "date": "2025-05-28", "scene_id": "S2B_MSIL2A_20250528T075609_R035_T39UUV_20250528T095708", "scene_datetime_utc": "2025-05-28T07:56:09.024000+00:00", "detection_status": "detected", "detection_status_ru": "обнаружено", "lon": 49.13008, "lat": 53.45374, "n_pixels": 1, "zone_area_km2": 0.0005, "cover_m2": 6.3, "p_mean": 0.612, "p_max": 0.612, "cover_m2_km2": 12600.0, "h3": "8810856837fffff", "valid_frac_scene": 1.0, "wind_ms": 2.1, "sea": "спокойное", "scene_reliable": true, "field_event_id": "S4:DOORS3:T23", "field_profile": "B", "field_date": "2024-06-10", "field_distance_km": 1357.0, "field_date_gap_days": 352, "field_conc_items_km2": 102.37, "conc_A_items_km2": null, "conc_A_lo80": null, "conc_A_hi80": null, "conc_A_lo95": null, "conc_A_hi95": null, "conc_A_status": "unavailable", "conc_A_status_ru": "концентрация недоступна", "conc_A_reasons": "вне бассейна профиля: nw_atlantic_subtropical", "conc_A_model": "conc-A-c6bce5631d2b", "conc_B_items_km2": null, "conc_B_lo80": null, "conc_B_hi80": null, "conc_B_lo95": null, "conc_B_hi95": null, "conc_B_status": "unavailable", "conc_B_status_ru": "концентрация недоступна", "conc_B_reasons": "вне бассейна профиля: black_sea", "conc_B_model": "conc-B-c6bce5631d2b"}}, {"type": "Feature", "geometry": {"type": "Polygon", "coordinates": [[[49.45942891919937, 53.45273058168363], [49.45943217164495, 53.45264072676847], [49.45928163825392, 53.45263878526108], [49.45928489099949, 53.452548930350744], [49.45943542407302, 53.45255087185181], [49.45943867648358, 53.452461016933654], [49.45973974204818, 53.45246489935432], [49.45973649027261, 53.45255475428512], [49.459887023398664, 53.452556695217375], [49.45988377192309, 53.45264655015301], [49.45973323847953, 53.45264460921444], [49.45972998666895, 53.452734464142246], [49.45942891919937, 53.45273058168363]]]}, "properties": {"zone_id": "kuibyshev-2025-05-28-046", "aoi": "kuibyshev", "date": "2025-05-28", "scene_id": "S2B_MSIL2A_20250528T075609_R035_T39UUV_20250528T095708", "scene_datetime_utc": "2025-05-28T07:56:09.024000+00:00", "detection_status": "detected", "detection_status_ru": "обнаружено", "lon": 49.45958, "lat": 53.4526, "n_pixels": 2, "zone_area_km2": 0.0008, "cover_m2": 13.3, "p_mean": 0.892, "p_max": 0.961, "cover_m2_km2": 16625.0, "h3": "881081d0bbfffff", "valid_frac_scene": 1.0, "wind_ms": 2.1, "sea": "спокойное", "scene_reliable": true, "field_event_id": "S4:DOORS3:T23", "field_profile": "B", "field_date": "2024-06-10", "field_distance_km": 1367.2, "field_date_gap_days": 352, "field_conc_items_km2": 102.37, "conc_A_items_km2": null, "conc_A_lo80": null, "conc_A_hi80": null, "conc_A_lo95": null, "conc_A_hi95": null, "conc_A_status": "unavailable", "conc_A_status_ru": "концентрация недоступна", "conc_A_reasons": "вне бассейна профиля: nw_atlantic_subtropical", "conc_A_model": "conc-A-c6bce5631d2b", "conc_B_items_km2": null, "conc_B_lo80": null, "conc_B_hi80": null, "conc_B_lo95": null, "conc_B_hi95": null, "conc_B_status": "unavailable", "conc_B_status_ru": "концентрация недоступна", "conc_B_reasons": "вне бассейна профиля: black_sea", "conc_B_model": "conc-B-c6bce5631d2b"}}, {"type": "Feature", "geometry": {"type": "Polygon", "coordinates": [[[49.13185738020135, 53.452731264981104], [49.13186132399133, 53.45264142536352], [49.13171081622757, 53.45263907118682], [49.1317147603136, 53.45254923157536], [49.131865267760084, 53.45255158574439], [49.1318692115076, 53.45246174612368], [49.132320733022574, 53.45246880747064], [49.13232467579704, 53.45237896782537], [49.13247518269386, 53.452381321221], [49.13247912512981, 53.452291481566505], [49.13278013835258, 53.452296187773854], [49.13278408013276, 53.45220634810246], [49.132934586458695, 53.45220870091419], [49.132938527900386, 53.452118861233586], [49.13323953998135, 53.452123566273166], [49.13323559917421, 53.4522134059691], [49.133386105563794, 53.452215758212276], [49.133382165052716, 53.45230559791432], [49.13307721049337, 53.45239073290826], [49.13307326930532, 53.45248057259185], [49.13246729775829, 53.45256100052529], [49.132463355258665, 53.452650840175096], [49.13216233958255, 53.452646133148356], [49.132158396427144, 53.45273597278127], [49.13185738020135, 53.452731264981104]]]}, "properties": {"zone_id": "kuibyshev-2025-05-28-047", "aoi": "kuibyshev", "date": "2025-05-28", "scene_id": "S2B_MSIL2A_20250528T075609_R035_T39UUV_20250528T095708", "scene_datetime_utc": "2025-05-28T07:56:09.024000+00:00", "detection_status": "detected", "detection_status_ru": "обнаружено", "lon": 49.1326, "lat": 53.45243, "n_pixels": 8, "zone_area_km2": 0.0029, "cover_m2": 25.9, "p_mean": 0.913, "p_max": 0.996, "cover_m2_km2": 8931.0, "h3": "88108569d9fffff", "valid_frac_scene": 1.0, "wind_ms": 2.1, "sea": "спокойное", "scene_reliable": true, "field_event_id": "S4:DOORS3:T23", "field_profile": "B", "field_date": "2024-06-10", "field_distance_km": 1357.0, "field_date_gap_days": 352, "field_conc_items_km2": 102.37, "conc_A_items_km2": null, "conc_A_lo80": null, "conc_A_hi80": null, "conc_A_lo95": null, "conc_A_hi95": null, "conc_A_status": "unavailable", "conc_A_status_ru": "концентрация недоступна", "conc_A_reasons": "вне бассейна профиля: nw_atlantic_subtropical", "conc_A_model": "conc-A-c6bce5631d2b", "conc_B_items_km2": null, "conc_B_lo80": null, "conc_B_hi80": null, "conc_B_lo95": null, "conc_B_hi95": null, "conc_B_status": "unavailable", "conc_B_status_ru": "концентрация недоступна", "conc_B_reasons": "вне бассейна профиля: black_sea", "conc_B_model": "conc-B-c6bce5631d2b"}}, {"type": "Feature", "geometry": {"type": "Polygon", "coordinates": [[[49.4634433635482, 53.44999548633044], [49.46344660719736, 53.44990563120465], [49.463296083193356, 53.44990369482264], [49.46330257107418, 53.44972398457919], [49.463453094443295, 53.44972592094859], [49.46345633804006, 53.44963606581832], [49.46375738419579, 53.449639937975704], [49.463754141233906, 53.4497297931186], [49.463904664655395, 53.449731728919225], [49.46389817931416, 53.449911439213125], [49.46374765525776, 53.449909503399894], [49.46374441224351, 53.44999935853829], [49.4634433635482, 53.44999548633044]]]}, "properties": {"zone_id": "kuibyshev-2025-05-28-048", "aoi": "kuibyshev", "date": "2025-05-28", "scene_id": "S2B_MSIL2A_20250528T075609_R035_T39UUV_20250528T095708", "scene_datetime_utc": "2025-05-28T07:56:09.024000+00:00", "detection_status": "detected", "detection_status_ru": "обнаружено", "lon": 49.4636, "lat": 53.44982, "n_pixels": 4, "zone_area_km2": 0.0012, "cover_m2": 26.7, "p_mean": 0.818, "p_max": 0.988, "cover_m2_km2": 22250.0, "h3": "881081d0bbfffff", "valid_frac_scene": 1.0, "wind_ms": 2.1, "sea": "спокойное", "scene_reliable": true, "field_event_id": "S4:DOORS3:T23", "field_profile": "B", "field_date": "2024-06-10", "field_distance_km": 1367.0, "field_date_gap_days": 352, "field_conc_items_km2": 102.37, "conc_A_items_km2": null, "conc_A_lo80": null, "conc_A_hi80": null, "conc_A_lo95": null, "conc_A_hi95": null, "conc_A_status": "unavailable", "conc_A_status_ru": "концентрация недоступна", "conc_A_reasons": "вне бассейна профиля: nw_atlantic_subtropical", "conc_A_model": "conc-A-c6bce5631d2b", "conc_B_items_km2": null, "conc_B_lo80": null, "conc_B_hi80": null, "conc_B_lo95": null, "conc_B_hi95": null, "conc_B_status": "unavailable", "conc_B_status_ru": "концентрация недоступна", "conc_B_reasons": "вне бассейна профиля: black_sea", "conc_B_model": "conc-B-c6bce5631d2b"}}, {"type": "Feature", "geometry": {"type": "Polygon", "coordinates": [[[49.44733408289664, 53.44987707207077], [49.44733736052986, 53.449787217625], [49.447186838086736, 53.44978526095082], [49.44719011601975, 53.44969540650993], [49.447494437569254, 53.44960946520081], [49.44749771483211, 53.44951961074416], [49.44764823635822, 53.44952156702006], [49.447651513286, 53.449431712555544], [49.447949279463344, 53.44952547900308], [49.4479427268246, 53.44970518795311], [49.44779220462834, 53.449703232043646], [49.44778892796508, 53.44979308651002], [49.44748788299062, 53.44978917410959], [49.44748460567484, 53.44987902856174], [49.44733408289664, 53.44987707207077]]]}, "properties": {"zone_id": "kuibyshev-2025-05-28-049", "aoi": "kuibyshev", "date": "2025-05-28", "scene_id": "S2B_MSIL2A_20250528T075609_R035_T39UUV_20250528T095708", "scene_datetime_utc": "2025-05-28T07:56:09.024000+00:00", "detection_status": "detected", "detection_status_ru": "обнаружено", "lon": 49.44762, "lat": 53.44966, "n_pixels": 3, "zone_area_km2": 0.0013, "cover_m2": 9.8, "p_mean": 0.976, "p_max": 0.992, "cover_m2_km2": 7538.5, "h3": "881081d0b9fffff", "valid_frac_scene": 1.0, "wind_ms": 2.1, "sea": "спокойное", "scene_reliable": true, "field_event_id": "S4:DOORS3:T23", "field_profile": "B", "field_date": "2024-06-10", "field_distance_km": 1366.5, "field_date_gap_days": 352, "field_conc_items_km2": 102.37, "conc_A_items_km2": null, "conc_A_lo80": null, "conc_A_hi80": null, "conc_A_lo95": null, "conc_A_hi95": null, "conc_A_status": "unavailable", "conc_A_status_ru": "концентрация недоступна", "conc_A_reasons": "вне бассейна профиля: nw_atlantic_subtropical", "conc_A_model": "conc-A-c6bce5631d2b", "conc_B_items_km2": null, "conc_B_lo80": null, "conc_B_hi80": null, "conc_B_lo95": null, "conc_B_hi95": null, "conc_B_status": "unavailable", "conc_B_status_ru": "концентрация недоступна", "conc_B_reasons": "вне бассейна профиля: black_sea", "conc_B_model": "conc-B-c6bce5631d2b"}}, {"type": "Feature", "geometry": {"type": "MultiPolygon", "coordinates": [[[[49.17737674155825, 53.448400111621496], [49.177226244932015, 53.448397814904624], [49.17723009237015, 53.44830797292741], [49.1767786035674, 53.4483010816622], [49.176774755177554, 53.44839092361696], [49.17662425863417, 53.448388626142076], [49.17662040990638, 53.44847846808779], [49.1769175555343, 53.44857290482218], [49.17691370739956, 53.448662746779775], [49.17706420493608, 53.44866504389811], [49.17706805275359, 53.448575201933025], [49.17737289441663, 53.44848995360463], [49.17737674155825, 53.448400111621496]]], [[[49.177214702493316, 53.448667340826944], [49.177511850783425, 53.448761776102025], [49.17750800387622, 53.44885161808645], [49.177658502130065, 53.44885391446171], [49.17766234872003, 53.44876407246982], [49.17781284667734, 53.4487663686481], [49.17782053916068, 53.44858668464471], [49.17767004183785, 53.44858438848137], [49.1776738883657, 53.44849454648483], [49.17737289441663, 53.44848995360463], [49.17736904725431, 53.44857979558621], [49.1772185499936, 53.44857749885437], [49.177214702493316, 53.448667340826944]]]]}, "properties": {"zone_id": "kuibyshev-2025-05-28-050", "aoi": "kuibyshev", "date": "2025-05-28", "scene_id": "S2B_MSIL2A_20250528T075609_R035_T39UUV_20250528T095708", "scene_datetime_utc": "2025-05-28T07:56:09.024000+00:00", "detection_status": "detected", "detection_status_ru": "обнаружено", "lon": 49.17723, "lat": 53.44855, "n_pixels": 7, "zone_area_km2": 0.0022, "cover_m2": 36.9, "p_mean": 0.785, "p_max": 0.961, "cover_m2_km2": 16772.7, "h3": "8810856999fffff", "valid_frac_scene": 1.0, "wind_ms": 2.1, "sea": "спокойное", "scene_reliable": true, "field_event_id": "S4:DOORS3:T23", "field_profile": "B", "field_date": "2024-06-10", "field_distance_km": 1358.0, "field_date_gap_days": 352, "field_conc_items_km2": 102.37, "conc_A_items_km2": null, "conc_A_lo80": null, "conc_A_hi80": null, "conc_A_lo95": null, "conc_A_hi95": null, "conc_A_status": "unavailable", "conc_A_status_ru": "концентрация недоступна", "conc_A_reasons": "вне бассейна профиля: nw_atlantic_subtropical", "conc_A_model": "conc-A-c6bce5631d2b", "conc_B_items_km2": null, "conc_B_lo80": null, "conc_B_hi80": null, "conc_B_lo95": null, "conc_B_hi95": null, "conc_B_status": "unavailable", "conc_B_status_ru": "концентрация недоступна", "conc_B_reasons": "вне бассейна профиля: black_sea", "conc_B_model": "conc-B-c6bce5631d2b"}}, {"type": "Feature", "geometry": {"type": "Polygon", "coordinates": [[[49.17440534669237, 53.44745572285894], [49.17440919995052, 53.44736588100848], [49.17410821452668, 53.447361279969925], [49.17411206839851, 53.4472714381329], [49.17381493817758, 53.44717699452778], [49.17381879264234, 53.447087152702636], [49.17396928435076, 53.447089453673165], [49.17397313847757, 53.44699961183897], [49.174270267829854, 53.44709405504572], [49.17427412132225, 53.44700421319654], [49.17457510424989, 53.44700881379615], [49.17457125139191, 53.44709865566031], [49.174721743204046, 53.44710095568337], [49.17471018545731, 53.44737048128903], [49.17440534669237, 53.44745572285894]]]}, "properties": {"zone_id": "kuibyshev-2025-05-28-051", "aoi": "kuibyshev", "date": "2025-05-28", "scene_id": "S2B_MSIL2A_20250528T075609_R035_T39UUV_20250528T095708", "scene_datetime_utc": "2025-05-28T07:56:09.024000+00:00", "detection_status": "detected", "detection_status_ru": "обнаружено", "lon": 49.17434, "lat": 53.4472, "n_pixels": 7, "zone_area_km2": 0.0019, "cover_m2": 35.3, "p_mean": 0.84, "p_max": 0.996, "cover_m2_km2": 18578.9, "h3": "8810856999fffff", "valid_frac_scene": 1.0, "wind_ms": 2.1, "sea": "спокойное", "scene_reliable": true, "field_event_id": "S4:DOORS3:T23", "field_profile": "B", "field_date": "2024-06-10", "field_distance_km": 1357.8, "field_date_gap_days": 352, "field_conc_items_km2": 102.37, "conc_A_items_km2": null, "conc_A_lo80": null, "conc_A_hi80": null, "conc_A_lo95": null, "conc_A_hi95": null, "conc_A_status": "unavailable", "conc_A_status_ru": "концентрация недоступна", "conc_A_reasons": "вне бассейна профиля: nw_atlantic_subtropical", "conc_A_model": "conc-A-c6bce5631d2b", "conc_B_items_km2": null, "conc_B_lo80": null, "conc_B_hi80": null, "conc_B_lo95": null, "conc_B_hi95": null, "conc_B_status": "unavailable", "conc_B_status_ru": "концентрация недоступна", "conc_B_reasons": "вне бассейна профиля: black_sea", "conc_B_model": "conc-B-c6bce5631d2b"}}, {"type": "Feature", "geometry": {"type": "Polygon", "coordinates": [[[49.176438736843565, 53.445688771979675], [49.17644258556359, 53.44559893000083], [49.17614546162233, 53.44550449222318], [49.17614931093529, 53.4454146502562], [49.17629979692804, 53.44541694824207], [49.176303645903104, 53.44532710626605], [49.1766084656364, 53.44524185966186], [49.1766046173164, 53.445331701654396], [49.17675510305411, 53.44533399906434], [49.17674355892138, 53.44560352505511], [49.176438736843565, 53.445688771979675]]]}, "properties": {"zone_id": "kuibyshev-2025-05-28-052", "aoi": "kuibyshev", "date": "2025-05-28", "scene_id": "S2B_MSIL2A_20250528T075609_R035_T39UUV_20250528T095708", "scene_datetime_utc": "2025-05-28T07:56:09.024000+00:00", "detection_status": "detected", "detection_status_ru": "обнаружено", "lon": 49.17649, "lat": 53.44546, "n_pixels": 4, "zone_area_km2": 0.0012, "cover_m2": 23.5, "p_mean": 0.864, "p_max": 1.0, "cover_m2_km2": 19583.3, "h3": "8810856999fffff", "valid_frac_scene": 1.0, "wind_ms": 2.1, "sea": "спокойное", "scene_reliable": true, "field_event_id": "S4:DOORS3:T23", "field_profile": "B", "field_date": "2024-06-10", "field_distance_km": 1357.6, "field_date_gap_days": 352, "field_conc_items_km2": 102.37, "conc_A_items_km2": null, "conc_A_lo80": null, "conc_A_hi80": null, "conc_A_lo95": null, "conc_A_hi95": null, "conc_A_status": "unavailable", "conc_A_status_ru": "концентрация недоступна", "conc_A_reasons": "вне бассейна профиля: nw_atlantic_subtropical", "conc_A_model": "conc-A-c6bce5631d2b", "conc_B_items_km2": null, "conc_B_lo80": null, "conc_B_hi80": null, "conc_B_lo95": null, "conc_B_hi95": null, "conc_B_status": "unavailable", "conc_B_status_ru": "концентрация недоступна", "conc_B_reasons": "вне бассейна профиля: black_sea", "conc_B_model": "conc-B-c6bce5631d2b"}}, {"type": "Feature", "geometry": {"type": "Polygon", "coordinates": [[[49.46736824156245, 53.44555106842432], [49.467371476404495, 53.445461213066245], [49.46707369474212, 53.445367494874446], [49.467083401015714, 53.44509792882451], [49.46723390829842, 53.44509986031653], [49.46723714337076, 53.44501000495727], [49.46753492291608, 53.4451037227319], [49.46752521949875, 53.445373288838454], [49.46767572778578, 53.44537521978067], [49.467672493595884, 53.44546507515282], [49.467521984991485, 53.44546314420431], [49.4675187504668, 53.445552999568676], [49.46736824156245, 53.44555106842432]]]}, "properties": {"zone_id": "kuibyshev-2025-05-28-053", "aoi": "kuibyshev", "date": "2025-05-28", "scene_id": "S2B_MSIL2A_20250528T075609_R035_T39UUV_20250528T095708", "scene_datetime_utc": "2025-05-28T07:56:09.024000+00:00", "detection_status": "detected", "detection_status_ru": "обнаружено", "lon": 49.46734, "lat": 53.44528, "n_pixels": 4, "zone_area_km2": 0.0014, "cover_m2": 16.9, "p_mean": 0.94, "p_max": 1.0, "cover_m2_km2": 12071.4, "h3": "881081d0b3fffff", "valid_frac_scene": 1.0, "wind_ms": 2.1, "sea": "спокойное", "scene_reliable": true, "field_event_id": "S4:DOORS3:T23", "field_profile": "B", "field_date": "2024-06-10", "field_distance_km": 1366.7, "field_date_gap_days": 352, "field_conc_items_km2": 102.37, "conc_A_items_km2": null, "conc_A_lo80": null, "conc_A_hi80": null, "conc_A_lo95": null, "conc_A_hi95": null, "conc_A_status": "unavailable", "conc_A_status_ru": "концентрация недоступна", "conc_A_reasons": "вне бассейна профиля: nw_atlantic_subtropical", "conc_A_model": "conc-A-c6bce5631d2b", "conc_B_items_km2": null, "conc_B_lo80": null, "conc_B_hi80": null, "conc_B_lo95": null, "conc_B_hi95": null, "conc_B_status": "unavailable", "conc_B_status_ru": "концентрация недоступна", "conc_B_reasons": "вне бассейна профиля: black_sea", "conc_B_model": "conc-B-c6bce5631d2b"}}, {"type": "Feature", "geometry": {"type": "Polygon", "coordinates": [[[49.17631134379108, 53.44514742230937], [49.176315192703996, 53.445057580328694], [49.17616470797994, 53.44505528237275], [49.176172406377965, 53.44487559842172], [49.17647722311172, 53.44479035212136], [49.176473374578116, 53.44488019411418], [49.17662385870926, 53.44488249167618], [49.17661616221425, 53.44506217567212], [49.17631134379108, 53.44514742230937]]]}, "properties": {"zone_id": "kuibyshev-2025-05-28-054", "aoi": "kuibyshev", "date": "2025-05-28", "scene_id": "S2B_MSIL2A_20250528T075609_R035_T39UUV_20250528T095708", "scene_datetime_utc": "2025-05-28T07:56:09.024000+00:00", "detection_status": "detected", "detection_status_ru": "обнаружено", "lon": 49.17639, "lat": 53.44497, "n_pixels": 2, "zone_area_km2": 0.0008, "cover_m2": 12.2, "p_mean": 0.973, "p_max": 0.996, "cover_m2_km2": 15250.0, "h3": "881085699dfffff", "valid_frac_scene": 1.0, "wind_ms": 2.1, "sea": "спокойное", "scene_reliable": true, "field_event_id": "S4:DOORS3:T23", "field_profile": "B", "field_date": "2024-06-10", "field_distance_km": 1357.6, "field_date_gap_days": 352, "field_conc_items_km2": 102.37, "conc_A_items_km2": null, "conc_A_lo80": null, "conc_A_hi80": null, "conc_A_lo95": null, "conc_A_hi95": null, "conc_A_status": "unavailable", "conc_A_status_ru": "концентрация недоступна", "conc_A_reasons": "вне бассейна профиля: nw_atlantic_subtropical", "conc_A_model": "conc-A-c6bce5631d2b", "conc_B_items_km2": null, "conc_B_lo80": null, "conc_B_hi80": null, "conc_B_lo95": null, "conc_B_hi95": null, "conc_B_status": "unavailable", "conc_B_status_ru": "концентрация недоступна", "conc_B_reasons": "вне бассейна профиля: black_sea", "conc_B_model": "conc-B-c6bce5631d2b"}}, {"type": "Feature", "geometry": {"type": "Polygon", "coordinates": [[[49.1777080155977, 53.44417983284005], [49.17771186142838, 53.44408999077496], [49.177260417225526, 53.44408310170154], [49.177264263986956, 53.443993259657354], [49.17651185898205, 53.443981774116224], [49.17651570730853, 53.44389193210791], [49.1762185950259, 53.44379749458519], [49.17622244394524, 53.44370765258873], [49.176372923911934, 53.44370995043239], [49.17637677249342, 53.4436201084269], [49.177129171051845, 53.44363159476574], [49.17712532405608, 53.44372143680865], [49.17727580414704, 53.44372373351548], [49.17727195744771, 53.44381357556433], [49.178024359798705, 53.44382505629381], [49.178020514664425, 53.4439148983785], [49.178772919118536, 53.44392637440855], [49.17876907554931, 53.44401621652906], [49.178919556819345, 53.444018511174114], [49.178915713546594, 53.44410835330056], [49.1787652319594, 53.44410605864802], [49.1787613883488, 53.44419590076544], [49.178159460938296, 53.44418672023065], [49.17816330581751, 53.44409687814312], [49.17786234287073, 53.44409228675383], [49.17785849735721, 53.44418212882639], [49.1777080155977, 53.44417983284005]]]}, "properties": {"zone_id": "kuibyshev-2025-05-28-055", "aoi": "kuibyshev", "date": "2025-05-28", "scene_id": "S2B_MSIL2A_20250528T075609_R035_T39UUV_20250528T095708", "scene_datetime_utc": "2025-05-28T07:56:09.024000+00:00", "detection_status": "detected", "detection_status_ru": "обнаружено", "lon": 49.1774, "lat": 53.44391, "n_pixels": 20, "zone_area_km2": 0.0054, "cover_m2": 189.0, "p_mean": 0.956, "p_max": 1.0, "cover_m2_km2": 35000.0, "h3": "881085699dfffff", "valid_frac_scene": 1.0, "wind_ms": 2.1, "sea": "спокойное", "scene_reliable": true, "field_event_id": "S4:DOORS3:T23", "field_profile": "B", "field_date": "2024-06-10", "field_distance_km": 1357.5, "field_date_gap_days": 352, "field_conc_items_km2": 102.37, "conc_A_items_km2": null, "conc_A_lo80": null, "conc_A_hi80": null, "conc_A_lo95": null, "conc_A_hi95": null, "conc_A_status": "unavailable", "conc_A_status_ru": "концентрация недоступна", "conc_A_reasons": "вне бассейна профиля: nw_atlantic_subtropical", "conc_A_model": "conc-A-c6bce5631d2b", "conc_B_items_km2": null, "conc_B_lo80": null, "conc_B_hi80": null, "conc_B_lo95": null, "conc_B_hi95": null, "conc_B_status": "unavailable", "conc_B_status_ru": "концентрация недоступна", "conc_B_reasons": "вне бассейна профиля: black_sea", "conc_B_model": "conc-B-c6bce5631d2b"}}, {"type": "Feature", "geometry": {"type": "Polygon", "coordinates": [[[49.30692842878314, 53.43978860725525], [49.30693200141314, 53.43969875890038], [49.30678152508323, 53.43969662561933], [49.30678509801116, 53.43960677726988], [49.30693557402391, 53.43960891054398], [49.30693914661546, 53.439519062186065], [49.30708962233028, 53.43952119526374], [49.30709319458545, 53.439431346897344], [49.307394145438465, 53.439435612470355], [49.30739057381761, 53.43952546085064], [49.3075410495901, 53.439527593359884], [49.30753747826717, 53.43961744174559], [49.30723295413063, 53.43970302489404], [49.30722938213495, 53.439792873262796], [49.30692842878314, 53.43978860725525]]]}, "properties": {"zone_id": "kuibyshev-2025-05-28-056", "aoi": "kuibyshev", "date": "2025-05-28", "scene_id": "S2B_MSIL2A_20250528T075609_R035_T39UUV_20250528T095708", "scene_datetime_utc": "2025-05-28T07:56:09.024000+00:00", "detection_status": "detected", "detection_status_ru": "обнаружено", "lon": 49.30716, "lat": 53.43961, "n_pixels": 4, "zone_area_km2": 0.0012, "cover_m2": 20.4, "p_mean": 0.93, "p_max": 0.984, "cover_m2_km2": 17000.0, "h3": "881081d05dfffff", "valid_frac_scene": 1.0, "wind_ms": 2.1, "sea": "спокойное", "scene_reliable": true, "field_event_id": "S4:DOORS3:T23", "field_profile": "B", "field_date": "2024-06-10", "field_distance_km": 1361.1, "field_date_gap_days": 352, "field_conc_items_km2": 102.37, "conc_A_items_km2": null, "conc_A_lo80": null, "conc_A_hi80": null, "conc_A_lo95": null, "conc_A_hi95": null, "conc_A_status": "unavailable", "conc_A_status_ru": "концентрация недоступна", "conc_A_reasons": "вне бассейна профиля: nw_atlantic_subtropical", "conc_A_model": "conc-A-c6bce5631d2b", "conc_B_items_km2": null, "conc_B_lo80": null, "conc_B_hi80": null, "conc_B_lo95": null, "conc_B_hi95": null, "conc_B_status": "unavailable", "conc_B_status_ru": "концентрация недоступна", "conc_B_reasons": "вне бассейна профиля: black_sea", "conc_B_model": "conc-B-c6bce5631d2b"}}, {"type": "Feature", "geometry": {"type": "Polygon", "coordinates": [[[49.185326743125756, 53.438542194651156], [49.18533057209666, 53.43845235212118], [49.18518010995753, 53.438450065713845], [49.185183939224885, 53.43836022318977], [49.18533440104695, 53.43836250958966], [49.18533822997665, 53.43827266705657], [49.18563915304851, 53.43827723927315], [49.18563532475292, 53.43836708182112], [49.18578578663681, 53.43836936765269], [49.185781958637655, 53.43845921020656], [49.18563149643672, 53.43845692436753], [49.185627668099926, 53.438546766912395], [49.185326743125756, 53.438542194651156]]]}, "properties": {"zone_id": "kuibyshev-2025-05-28-057", "aoi": "kuibyshev", "date": "2025-05-28", "scene_id": "S2B_MSIL2A_20250528T075609_R035_T39UUV_20250528T095708", "scene_datetime_utc": "2025-05-28T07:56:09.024000+00:00", "detection_status": "detected", "detection_status_ru": "обнаружено", "lon": 49.18548, "lat": 53.43841, "n_pixels": 2, "zone_area_km2": 0.0008, "cover_m2": 12.2, "p_mean": 0.927, "p_max": 0.961, "cover_m2_km2": 15250.0, "h3": "8810856995fffff", "valid_frac_scene": 1.0, "wind_ms": 2.1, "sea": "спокойное", "scene_reliable": true, "field_event_id": "S4:DOORS3:T23", "field_profile": "B", "field_date": "2024-06-10", "field_distance_km": 1357.2, "field_date_gap_days": 352, "field_conc_items_km2": 102.37, "conc_A_items_km2": null, "conc_A_lo80": null, "conc_A_hi80": null, "conc_A_lo95": null, "conc_A_hi95": null, "conc_A_status": "unavailable", "conc_A_status_ru": "концентрация недоступна", "conc_A_reasons": "вне бассейна профиля: nw_atlantic_subtropical", "conc_A_model": "conc-A-c6bce5631d2b", "conc_B_items_km2": null, "conc_B_lo80": null, "conc_B_hi80": null, "conc_B_lo95": null, "conc_B_hi95": null, "conc_B_status": "unavailable", "conc_B_status_ru": "концентрация недоступна", "conc_B_reasons": "вне бассейна профиля: black_sea", "conc_B_model": "conc-B-c6bce5631d2b"}}, {"type": "Feature", "geometry": {"type": "Polygon", "coordinates": [[[49.18443929206699, 53.43816910337045], [49.18444312285774, 53.43807926087896], [49.18429266211047, 53.438076973364794], [49.1843003242642, 53.43789728839208], [49.18445078437739, 53.437899575891336], [49.1844546151063, 53.4378097333952], [49.18490599461842, 53.43781659473403], [49.18490216484063, 53.43790643725251], [49.18520308525251, 53.43791101054612], [49.1851992560882, 53.43800085307796], [49.18534971664209, 53.43800313944806], [49.18534588777421, 53.43809298198577], [49.18519542690328, 53.438090695608224], [49.18519159769775, 53.43818053813695], [49.18443929206699, 53.43816910337045]]]}, "properties": {"zone_id": "kuibyshev-2025-05-28-058", "aoi": "kuibyshev", "date": "2025-05-28", "scene_id": "S2B_MSIL2A_20250528T075609_R035_T39UUV_20250528T095708", "scene_datetime_utc": "2025-05-28T07:56:09.024000+00:00", "detection_status": "detected", "detection_status_ru": "обнаружено", "lon": 49.18477, "lat": 53.43801, "n_pixels": 8, "zone_area_km2": 0.0021, "cover_m2": 70.2, "p_mean": 0.977, "p_max": 1.0, "cover_m2_km2": 33428.6, "h3": "8810856995fffff", "valid_frac_scene": 1.0, "wind_ms": 2.1, "sea": "спокойное", "scene_reliable": true, "field_event_id": "S4:DOORS3:T23", "field_profile": "B", "field_date": "2024-06-10", "field_distance_km": 1357.2, "field_date_gap_days": 352, "field_conc_items_km2": 102.37, "conc_A_items_km2": null, "conc_A_lo80": null, "conc_A_hi80": null, "conc_A_lo95": null, "conc_A_hi95": null, "conc_A_status": "unavailable", "conc_A_status_ru": "концентрация недоступна", "conc_A_reasons": "вне бассейна профиля: nw_atlantic_subtropical", "conc_A_model": "conc-A-c6bce5631d2b", "conc_B_items_km2": null, "conc_B_lo80": null, "conc_B_hi80": null, "conc_B_lo95": null, "conc_B_hi95": null, "conc_B_status": "unavailable", "conc_B_status_ru": "концентрация недоступна", "conc_B_reasons": "вне бассейна профиля: black_sea", "conc_B_model": "conc-B-c6bce5631d2b"}}, {"type": "Feature", "geometry": {"type": "Polygon", "coordinates": [[[49.16171683442667, 53.43440525368699], [49.1617207126133, 53.434315412276], [49.161570267064896, 53.434313096254996], [49.16157414554761, 53.43422325485], [49.161878913859326, 53.434138045265826], [49.1618827916664, 53.434048203842615], [49.16203323630568, 53.43405051946217], [49.16203711377494, 53.43396067802987], [49.16233412564684, 53.43405515013308], [49.1623224950156, 53.43432467446592], [49.16217204938373, 53.434322359202554], [49.162168172147965, 53.43441220063617], [49.16171683442667, 53.43440525368699]]]}, "properties": {"zone_id": "kuibyshev-2025-05-28-059", "aoi": "kuibyshev", "date": "2025-05-28", "scene_id": "S2B_MSIL2A_20250528T075609_R035_T39UUV_20250528T095708", "scene_datetime_utc": "2025-05-28T07:56:09.024000+00:00", "detection_status": "detected", "detection_status_ru": "обнаружено", "lon": 49.162, "lat": 53.43421, "n_pixels": 6, "zone_area_km2": 0.0016, "cover_m2": 27.5, "p_mean": 0.988, "p_max": 1.0, "cover_m2_km2": 17187.5, "h3": "881085698bfffff", "valid_frac_scene": 1.0, "wind_ms": 2.1, "sea": "спокойное", "scene_reliable": true, "field_event_id": "S4:DOORS3:T23", "field_profile": "B", "field_date": "2024-06-10", "field_distance_km": 1356.1, "field_date_gap_days": 352, "field_conc_items_km2": 102.37, "conc_A_items_km2": null, "conc_A_lo80": null, "conc_A_hi80": null, "conc_A_lo95": null, "conc_A_hi95": null, "conc_A_status": "unavailable", "conc_A_status_ru": "концентрация недоступна", "conc_A_reasons": "вне бассейна профиля: nw_atlantic_subtropical", "conc_A_model": "conc-A-c6bce5631d2b", "conc_B_items_km2": null, "conc_B_lo80": null, "conc_B_hi80": null, "conc_B_lo95": null, "conc_B_hi95": null, "conc_B_status": "unavailable", "conc_B_status_ru": "концентрация недоступна", "conc_B_reasons": "вне бассейна профиля: black_sea", "conc_B_model": "conc-B-c6bce5631d2b"}}]}